query	edgeA	edgeB	edge_dist	lwrA	lwrB	loglA	loglB	pendA	pendB	nplA	nplB
001e13f4e70f899fabd28ea97ce16470	32429	32429	0	0.2828	0.2828	-817284.285	-817284.285	0.31506	0.31506	9	9
001f268fe6f63ad9c952ff957f12b4fe	53485	53485	0	1.0000	1.0000	-817293.682	-817293.682	0.28539	0.28539	1	1
0046e41f372123f46c9dec65c8499591	12446	18944	55	1.0000	0.8758	-618303.193	-814844.515	0.10536	0.25177	1	4
008280f3cd67579b71660051224621ff	31968	31968	0	0.9666	0.9666	-817270.175	-817270.175	0.10536	0.10536	3	3
00999d5496c0852dcc46bce48ca5a30d	18328	18328	0	0.9986	0.9986	-817251.419	-817251.419	0.10536	0.10536	1	1
00becc5cb06fbccb96790d088a237a13	3692	1977	52	0.9993	0.9898	-602828.297	-780246.397	19.28288	3.13642	1	2
00f45eb35cb61fcb26f7cac0e33ec752	31218	31218	0	0.8171	0.8171	-817246.996	-817246.996	0.16745	0.16745	3	3
01051ff0e4abb6d827249c700c377a2a	2431	2431	0	0.1637	0.1637	-817321.504	-817321.504	0.41220	0.41220	9	9
0109325778c740f7238ae2b986435898	31968	31968	0	0.3743	0.3743	-817250.245	-817250.245	0.14442	0.14442	5	5
01c67ee33c94fb67687bdee343a247d8	4525	4525	0	1.0000	1.0000	-817235.252	-817235.252	0.10536	0.10536	1	1
020fc1756889734436abb2ca4707283f	7103	7103	0	0.8636	0.8636	-817196.852	-817196.852	0.00010	0.00010	6	6
022bec5eccba40024275df5ae002f88a	31966	31966	0	0.2853	0.2853	-817266.727	-817266.727	0.19076	0.19076	5	5
027998e8c48bb40984f7daf07632b9d8	8393	8393	0	0.9796	0.9796	-817232.821	-817232.821	0.05214	0.05214	2	2
02e1aaff68d645352c39278547da16ed	32346	32346	0	0.5231	0.5231	-817270.896	-817270.896	0.27781	0.27781	10	10
032c552f457f10a202cfb6d565ad18fc	52685	52685	0	1.0000	1.0000	-618418.818	-813938.789	0.10536	0.10536	1	1
032d8be3300973ae2e252fbc0adbd588	29646	29646	0	0.7497	0.7497	-817251.276	-817251.276	0.11377	0.11377	5	5
033516089a4703a79d42ee823c1eb4e8	4543	4543	0	0.8677	0.8677	-817237.815	-817237.815	0.09505	0.09505	3	3
034fb12f8cc99e00c86a7cbc7c79f186	18881	18881	0	0.1899	0.1899	-817196.849	-817196.849	0.00010	0.00010	19	19
035fc9c1200569418a5a14609ed0ddb0	31950	31950	0	0.5934	0.5934	-817260.714	-817260.714	0.10536	0.10536	3	3
03a104de9f9de84dd13bee3d6a50718e	43054	1977	23	1.0000	0.9565	-730366.750	-796793.984	1.69145	4.64887	1	2
041c6f603856a513b38580db1c5e1fb7	1994	1994	0	0.9624	0.9624	-817256.040	-817256.040	0.10536	0.10536	2	2
043d03f903229b664331e0120e462a1a	52685	52685	0	1.0000	1.0000	-618354.900	-813907.565	0.00523	0.10536	1	1
0444add198ce4f2058226212bfa27a4e	2440	2440	0	0.9222	0.9222	-817270.147	-817270.147	0.22693	0.22693	4	4
04fdd083aa3938e56adb890749b3bdae	24695	24695	0	0.3322	0.3322	-817247.537	-817247.537	0.12959	0.12959	8	8
05567fe2d356a0678346984e0afe9910	28961	28961	0	0.3044	0.3044	-817244.568	-817244.568	0.13609	0.13609	7	7
057708326bd83f55e3768771a244092a	19208	19208	0	0.1716	0.1716	-817287.262	-817287.262	0.38313	0.38313	53	53
058205ca84c1de5fceac8e0301a9f3cf	53485	53485	0	0.7818	0.7818	-817296.199	-817296.199	0.10536	0.10536	3	3
05980094dfd967f16a613e0f0fc23612	6485	6485	0	0.8773	0.8773	-817247.381	-817247.381	0.12161	0.12161	9	9
05af7695559c8d654e00c48269d40a47	9127	9127	0	0.9897	0.9897	-817236.051	-817236.051	0.06492	0.06492	2	2
0685b67b1255bd7e910f537529263440	4671	4671	0	0.6822	0.6822	-817249.119	-817249.119	0.10536	0.10536	22	22
069e70f32fd69ae66fbefb4b824400c4	21303	21303	0	0.9976	0.9976	-817233.149	-817233.149	0.05330	0.05330	1	1
06ea537d56ef70d8f6a64d4d439107c2	4557	4557	0	0.3070	0.3070	-817222.558	-817222.558	0.03465	0.03465	6	6
073483bd975749de78116880c78df6c2	5354	5354	0	0.4416	0.4416	-817238.673	-817238.673	0.13181	0.13181	10	10
076c7176d1699f7e58989fd80c4bdbc1	24703	24703	0	0.3054	0.3054	-817243.815	-817243.815	0.10536	0.10536	23	23
07a3217e7b424435881cfe8888b1b072	31214	31214	0	0.9999	0.9999	-816305.880	-816305.880	0.02153	0.02153	1	1
07c751b40f6095726ec5899b0b6463e6	13115	13115	0	0.2225	0.2225	-817203.008	-817203.008	0.00010	0.00010	18	18
07d0543cdd77e97349c70a2de1a971e6	19443	19443	0	0.7589	0.7589	-817268.141	-817268.141	0.10536	0.10536	6	6
07ed5b34816c42ef0e2e28299bb55595	40695	40695	0	0.6336	0.6336	-817200.037	-817200.037	0.00010	0.00010	18	18
085b1c796ca347ae219c2c59333cab53	1994	1994	0	0.9906	0.9906	-817273.936	-817273.936	0.23026	0.23026	1	1
085f772f342daa6c3f9f502a2f4f5310	24453	24453	0	0.9996	0.9996	-817239.650	-817239.650	0.14116	0.14116	1	1
089d882b386b753483adbc5108f1a555	4504	4504	0	0.3505	0.3505	-817279.860	-817279.860	0.26219	0.26219	5	5
09ae30aedd9d174bd10783d076732420	8705	8705	0	0.1428	0.1428	-817272.120	-817272.120	0.27233	0.27233	31	31
09ecba7b212bb7f27108beea572f8bb8	29657	29657	0	0.7316	0.7316	-817344.515	-817344.515	0.80879	0.80879	3	3
0a26d610029dc171a5d54b59a4eefe77	20368	20368	0	0.6425	0.6425	-817246.193	-817246.193	0.15428	0.15428	51	51
0a44a86c82984fccb30f5ae0141cc890	52358	52356	2	1.0000	0.2342	-800586.788	-795499.655	1.61935	2.03484	1	7
0a469ba5997c16921c8fb855638d1434	21308	21308	0	0.6167	0.6167	-817223.018	-817223.018	0.10536	0.10536	3	3
0b63bc7e88553f1f951527055166a6fc	3360	3360	0	0.9999	0.9999	-817245.523	-817245.523	0.06996	0.06996	1	1
0b696d142d9ffad29bad32f4d4601975	4663	4663	0	0.3534	0.3534	-817264.052	-817264.052	0.22773	0.22773	5	5
0bc165a2e919329d4aa8072045d24e73	23029	23029	0	0.8483	0.8483	-817229.925	-817229.925	0.07969	0.07969	5	5
0bdb9b6addce7ed524973b75c1a37803	9309	9309	0	1.0000	1.0000	-817246.022	-817246.022	0.07733	0.07733	1	1
0c9a02fd2091b1766315a9e92bbfa658	557	557	0	0.3923	0.3923	-817216.125	-817216.125	0.00880	0.00880	4	4
0ca63f81f0eb3036bd1623299db893d5	32413	32413	0	0.9806	0.9806	-817233.621	-817233.621	0.09833	0.09833	2	2
0ce326ab6741ae7bb8a4ee640e18ca41	21296	21296	0	0.2886	0.2886	-817296.420	-817296.420	0.34999	0.34999	4	4
0d1be95262c48403c6c3dcba86dc61e5	9129	9129	0	0.9983	0.9983	-817211.081	-817211.081	0.01021	0.01021	1	1
0d3538ace41e61d3cff1fb2133f9cea1	24443	24443	0	1.0000	1.0000	-817387.321	-817387.321	0.10536	0.10536	1	1
0dac237cbb2efb18f1dbb513235b4f8c	31967	31967	0	0.3109	0.3109	-817282.662	-817282.662	0.33940	0.33940	7	7
0e0df015b1bf3864a4b8347fd90b6cfb	33374	33377	2	0.5062	0.5010	-617857.433	-813892.747	0.02620	0.10536	3	6
0e686c410dbb455668e8fb15072261ed	31973	31973	0	0.5949	0.5949	-817281.720	-817281.720	0.29820	0.29820	5	5
0edb29ba9a8bd4752162a0e621bbd3a6	32105	32107	1	0.9986	0.3678	-617678.429	-813901.570	0.01950	0.10536	1	12
0efdcdad3b42f822bbc447fc4aeb772c	6378	6378	0	0.4957	0.4957	-817234.325	-817234.325	0.07670	0.07670	3	3
0f1aa32029d51f10e31bf4311b9b812d	4561	4561	0	0.3049	0.3049	-817227.524	-817227.524	0.03529	0.03529	11	11
0f5f6e251f2dfefaad18527efdf64361	1457	1457	0	0.9981	0.9981	-817218.193	-817218.193	0.01557	0.01557	1	1
0f6597ba58e6294eb6586daddb2d1ecf	18349	18349	0	0.9912	0.9912	-817246.413	-817246.413	0.10536	0.10536	1	1
0f7986139d1b36be3937f7f6dd64a9a9	21295	21295	0	0.8376	0.8376	-817231.951	-817231.951	0.10536	0.10536	4	4
0fe20f86f9a2d8e8e555b94be86decaf	10177	10177	0	0.7254	0.7254	-817243.905	-817243.905	0.10536	0.10536	11	11
10907fda3f9df1f7a222038d8c291cec	19221	19221	0	0.1215	0.1215	-817276.043	-817276.043	0.25069	0.25069	24	24
10af044f077d356112f1a4adc7f166b8	47457	47457	0	0.8954	0.8954	-817377.880	-817377.880	1.37044	1.37044	2	2
1120217eec318250b7cac448d56a2bd7	5354	5354	0	0.5224	0.5224	-817232.632	-817232.632	0.10838	0.10838	10	10
1156b073dfd01576bed0b4c3de5ca062	32496	32496	0	1.0000	1.0000	-618164.626	-814772.821	0.00507	0.02094	1	1
118243d437ebb7e762ba9286597796bd	2012	2013	1	1.0000	0.8957	-617901.083	-813916.185	0.03087	0.15155	1	4
11c4ad84b3ab5e8e12557bf7ec505fd3	18389	18389	0	0.4044	0.4044	-817205.035	-817205.035	0.01034	0.01034	3	3
11d1acf9c15babd1e2aa89a67fbc1ccf	4527	4527	0	0.9999	0.9999	-817205.273	-817205.273	0.02019	0.02019	1	1
12043f7b971c2d33c39024d7e2877ce8	43054	1977	23	1.0000	0.4284	-730368.671	-796796.513	1.64291	5.35180	1	4
121315c06a067f6269edce1ae068f427	29353	29353	0	0.1379	0.1379	-817207.789	-817207.789	0.01107	0.01107	12	12
121a88b9a67dbb887888164c76fa8114	18896	18896	0	0.7839	0.7839	-817276.199	-817276.199	0.26795	0.26795	4	4
1289e49eaaca47e4311680ef68e29a0d	31217	31217	0	0.5522	0.5522	-817233.237	-817233.237	0.06339	0.06339	6	6
138691091135a418ee289018c2a7fa16	21581	21581	0	0.9967	0.9967	-817226.721	-817226.721	0.10536	0.10536	1	1
140161588c8cb82ed8de8f16e119c35a	21036	21036	0	0.2797	0.2797	-817211.039	-817211.039	0.02153	0.02153	82	82
1437da90a9dfe0c4fdeb8a181d5168b5	43703	43703	0	0.8156	0.8156	-817295.951	-817295.951	0.35034	0.35034	3	3
144ccb121f7913ccbf3aad803edb2675	12716	12716	0	0.7705	0.7705	-817201.590	-817201.590	0.00010	0.00010	7	7
145ddf932caf33ec3592a318a23243bf	21295	21295	0	1.0000	1.0000	-817228.365	-817228.365	0.04895	0.04895	1	1
148663c7ccc520faa6fe7d150ac389da	4527	4527	0	0.9080	0.9080	-817214.558	-817214.558	0.03003	0.03003	3	3
149d8c1779beb45c72cca0a3de56be4c	10835	10835	0	0.9939	0.9939	-817313.992	-817313.992	0.49730	0.49730	1	1
14a8085951dbdaf6f3ba262b6d655efa	2013	2013	0	0.6596	0.6596	-817286.548	-817286.548	0.30194	0.30194	3	3
14ce04ae839065886d4edfe67af23f2e	7323	7323	0	0.8774	0.8774	-817244.769	-817244.769	0.10536	0.10536	5	5
14d95c144fee5be9100d4230be034461	31957	31957	0	0.6196	0.6196	-817279.891	-817279.891	0.10536	0.10536	7	7
151925ed564300bafdec277f398dab18	32415	32415	0	0.6624	0.6624	-817231.985	-817231.985	0.10536	0.10536	10	10
157a14624ef0a9fa29e356208a93c4a0	19365	19365	0	0.9799	0.9799	-817222.480	-817222.480	0.05408	0.05408	6	6
157f1a7007538b712273db3466d5687c	7377	7377	0	0.1234	0.1234	-817247.641	-817247.641	0.11937	0.11937	11	11
161033e9e265ea3dde9785e77dd95772	2683	2683	0	0.1448	0.1448	-817196.848	-817196.848	0.00010	0.00010	9	9
16180d8916895b315f261d4a721dc59a	542	542	0	0.2902	0.2902	-817307.058	-817307.058	0.46236	0.46236	10	10
16463af817e4891e9f138aae029d38c7	2321	2321	0	1.0000	1.0000	-817202.252	-817202.252	0.00010	0.00010	1	1
16751fb5edef859a0d47cf0addfb03af	31968	31968	0	1.0000	1.0000	-817266.249	-817266.249	0.10536	0.10536	1	1
168b0142cdd4ee62cff88a9757b93a89	5361	5361	0	0.6899	0.6899	-817219.331	-817219.331	0.05076	0.05076	2	2
16ddd737db5d6d6515acfd72e2796972	18366	18366	0	0.8409	0.8409	-817255.997	-817255.997	0.10536	0.10536	6	6
1708759dc2e63b59d890d20d31c06608	13799	13799	0	0.4859	0.4859	-817196.872	-817196.872	0.00010	0.00010	3	3
1762a16f342308d114f261066df99637	18366	18366	0	0.3183	0.3183	-817262.638	-817262.638	0.10536	0.10536	15	15
17c6a0719043b88ed9c1c2d306a01c5a	32393	32393	0	0.5259	0.5259	-817278.034	-817278.034	0.26920	0.26920	5	5
183f98475003c3d9299ab61583bbbbed	4526	4526	0	0.8844	0.8844	-817237.523	-817237.523	0.10536	0.10536	3	3
18b8ace234548c8b902601cabdca5200	25111	25111	0	0.9928	0.9928	-817247.140	-817247.140	0.10536	0.10536	1	1
18c38bf49f0d2b692cfd40f24d5dac3b	279	279	0	1.0000	1.0000	-817391.878	-817391.878	1.43882	1.43882	1	1
196566c9be4e13f1cd237798b29bbe19	9118	9118	0	1.0000	0.5475	-617816.407	-814860.558	0.06771	0.40152	1	2
19780525598f9c4a7ec2a9c73256b040	1347	1347	0	1.0000	0.9862	-800624.534	-795511.548	5.86642	3.33076	1	2
197f4f395610a2d1e90afebc2e634820	4383	4383	0	0.8604	0.8604	-817407.450	-817407.450	2.41236	2.41236	2	2
19b926a035ab8529b94456d2c7c9d264	23084	23084	0	0.6122	0.6122	-817251.679	-817251.679	0.10536	0.10536	4	4
19f659a7aa2bff995f6a1455cef42b28	21602	21602	0	0.9998	0.9998	-817221.494	-817221.494	0.10536	0.10536	1	1
1a450841e7d5104611f1e18aa0ab0320	570	570	0	1.0000	1.0000	-618434.377	-814822.331	0.02561	0.10536	1	1
1a48b02d0e73cbb5a15770ad0cac4ae6	9127	9127	0	0.7845	0.7845	-817237.997	-817237.997	0.06926	0.06926	3	3
1a4d87a9e4056eca4aeabc19fa8ab418	4731	4731	0	0.7921	0.7921	-817228.415	-817228.415	0.10536	0.10536	4	4
1a76c3089e9d64870eab766c11ccd6aa	1446	1446	0	1.0000	1.0000	-817318.397	-817318.397	0.40632	0.40632	1	1
1a87329136b37dd66bf78f24eb6715c2	4692	4692	0	0.9997	0.9997	-817233.537	-817233.537	0.10536	0.10536	1	1
1a8a836063a7d62bb52a9cca65676dfe	1446	1446	0	1.0000	1.0000	-817320.533	-817320.533	0.51557	0.51557	1	1
1a96d9acc4bc9a75d1a29d9c7d7eaecd	11577	11577	0	0.9994	0.9994	-817263.251	-817263.251	0.22794	0.22794	1	1
1af50013762a0b88ea19f3245dea8081	21295	21295	0	1.0000	1.0000	-817207.398	-817207.398	0.01066	0.01066	1	1
1af8f455c2817f97211c44bacca72a90	24444	24444	0	0.9985	0.9985	-817220.881	-817220.881	0.06195	0.06195	1	1
1bb3eeb5446af918495f5052a0dfeb15	21303	21303	0	0.6620	0.6620	-817258.062	-817258.062	0.18029	0.18029	3	3
1c0f40b184cda94b5167ed963b5b0cb2	4691	4691	0	0.8702	0.8702	-817208.461	-817208.461	0.01977	0.01977	3	3
1c36aa80e5b8e1a40fcd5fe66b1fcaae	43054	32402	27	1.0000	0.5560	-730373.726	-796792.755	1.90006	7.44847	1	8
1c65c9145b408edca804916b9530c5fb	46208	46208	0	0.4876	0.4876	-817333.402	-817333.402	0.87436	0.87436	6	6
1cc113d880edb54e4b3435dd14975bce	1347	43892	29	0.8830	0.9995	-800630.991	-795496.343	20.08539	3.29994	3	1
1d0e0840e2ccc9e90a5559f6827c7da5	30977	30977	0	0.2814	0.2814	-817282.102	-817282.102	0.29817	0.29817	7	7
1d1b2b97180feee30f456ef849b5526d	18172	18172	0	0.2851	0.2851	-817233.593	-817233.593	0.06540	0.06540	15	15
1da3761a2b9774146182b9e10838b06b	31968	31968	0	0.3369	0.3369	-817245.436	-817245.436	0.11151	0.11151	5	5
1da3a186953eb7cc88e76e0e28ba7fae	43467	43457	5	1.0000	0.8649	-618227.826	-814788.739	0.02508	0.04854	1	3
1db9d1259c853edf490ad4467d0183f3	31968	31968	0	0.2927	0.2927	-817264.997	-817264.997	0.22524	0.22524	6	6
1dcb917ff4a5ccde47ad27267a6d7076	9280	9280	0	1.0000	1.0000	-817206.497	-817206.497	0.00553	0.00553	1	1
1de3d7721de28fe033350d5bc374b56b	53697	53697	0	0.9704	0.9704	-817210.616	-817210.616	0.02035	0.02035	3	3
1de828d3a439b30679d11d781f7515cc	7226	7226	0	0.4039	0.4039	-817211.249	-817211.249	0.00983	0.00983	18	18
1e566b682d5689fedc4b3ad7096f9180	5359	5359	0	0.4182	0.4182	-817242.373	-817242.373	0.11970	0.11970	5	5
1ebf7b11351b9ab22744ec692bba4986	21598	21598	0	0.3354	0.3354	-817231.882	-817231.882	0.10536	0.10536	25	25
1ecc1ac2c982184455eb317030a12185	8560	8560	0	1.0000	1.0000	-618534.765	-814015.284	0.10536	0.10536	1	1
1ef49376b6ae51c578a9a75b5c17bf43	32424	32424	0	0.5769	0.5769	-817239.439	-817239.439	0.10536	0.10536	9	9
1fb8e203cdacd5dac163e58c9ad4dc7e	31957	31957	0	0.9611	0.9611	-817273.534	-817273.534	0.10536	0.10536	2	2
1fd9c9a6d747ea9657cce3c1f524976b	18502	18502	0	1.0000	1.0000	-618345.327	-814859.906	0.10536	0.39635	1	1
1fda9a05dc1a56d6898f0e626fbb31b5	11419	11419	0	0.3794	0.3794	-817290.235	-817290.235	0.37548	0.37548	28	28
1fecbaee22a7579e429900600c300095	19622	19622	0	0.5334	0.5334	-817283.830	-817283.830	0.10536	0.10536	11	11
200ab34e05881ddbd37f4122efe09178	18414	18414	0	0.9964	0.9964	-817235.231	-817235.231	0.10536	0.10536	1	1
20519a9b22769bf058787937f12350d1	31960	31960	0	1.0000	1.0000	-817268.480	-817268.480	0.10536	0.10536	1	1
20fd36f7fe4bb45bdd08bcacadee8047	32433	32433	0	0.8183	0.8183	-817252.466	-817252.466	0.10536	0.10536	4	4
214c01e9224aa15fcbb1f66e137223a7	9128	9128	0	0.4795	0.4795	-817263.655	-817263.655	0.17268	0.17268	3	3
220aa8ca06ec762a3b7ec00850a9d741	33259	33259	0	1.0000	1.0000	-817239.123	-817239.123	0.10536	0.10536	1	1
2216e6561eef2d69bebc193cac69a303	9127	9127	0	0.9707	0.9707	-817235.150	-817235.150	0.06672	0.06672	3	3
221eb4cd5377428581c6735ab01e8732	1567	1567	0	1.0000	1.0000	-817219.984	-817219.984	0.03183	0.03183	1	1
22327d05cd2bbf273f2f253c91c381d6	9219	9219	0	1.0000	1.0000	-817309.985	-817309.985	0.54010	0.54010	1	1
224942c38246b39ec5f5769124e55b47	11577	11577	0	0.9823	0.9823	-817265.437	-817265.437	0.24345	0.24345	4	4
22796f78af5ec8a7041996307f59d37d	18488	18488	0	0.3183	0.3183	-817294.469	-817294.469	0.37837	0.37837	17	17
227bc959d80c2de1d256898d1df9bb25	19589	19589	0	0.3662	0.3662	-817280.160	-817280.160	0.26560	0.26560	15	15
2292c06a09b65477a88490405d2005e7	9127	9127	0	1.0000	1.0000	-817230.503	-817230.503	0.05726	0.05726	1	1
2294a627cdd6012729cc5f4a431340a5	31968	31968	0	0.3022	0.3022	-817290.974	-817290.974	0.35692	0.35692	5	5
22a0bd23d776d887f59bebe01cca467b	786	786	0	0.2289	0.2289	-817271.069	-817271.069	0.25375	0.25375	9	9
22dadc99d3bae81910dc3000bb845850	4741	4741	0	0.4181	0.4181	-817246.874	-817246.874	0.10068	0.10068	10	10
22e652ce3deb64e88f05a1e349bb4291	10152	10152	0	0.5908	0.5908	-817264.111	-817264.111	0.17411	0.17411	4	4
231a5d49a4f4050d7741fb3e2c60330c	32538	32538	0	0.5883	0.5883	-817263.488	-817263.488	0.11161	0.11161	13	13
23424860db662e57da5f98109cb5f2ae	9121	9121	0	0.7871	0.7871	-817210.671	-817210.671	0.01353	0.01353	3	3
235b4570620371bed7b9170d48ef9f17	9127	9127	0	0.9999	0.9999	-817235.043	-817235.043	0.06078	0.06078	1	1
236e37c2f3edfe2d3097f3bd16b0632e	19221	19221	0	0.1615	0.1615	-817271.845	-817271.845	0.21997	0.21997	22	22
238358bf3f397c5f4b9f64cd6fbb48ab	18329	18329	0	1.0000	1.0000	-817225.438	-817225.438	0.03297	0.03297	1	1
23a087c04c4dcdb2037712a2d8b270c2	1642	1642	0	0.8935	0.8935	-816307.324	-816307.324	0.01990	0.01990	3	3
23c0324128443549170afc380d2f34b9	5335	5335	0	0.7213	0.7213	-817206.931	-817206.931	0.00010	0.00010	3	3
2411b7ae3deecbbfe3ca3f295da1eb04	43607	51469	47	1.0000	0.9935	-730851.717	-796786.517	2.02488	5.19180	1	1
24423b27a16be57a01a26e36830dde95	18875	18875	0	0.0722	0.0722	-817197.067	-817197.067	0.00010	0.00010	20	20
2449b7741ed8401406a8f363666c535f	25094	25094	0	0.7975	0.7975	-817277.045	-817277.045	0.31846	0.31846	5	5
245ef71ac5963ac63ac2436f94ffe070	24471	24471	0	0.9991	0.9991	-817239.929	-817239.929	0.09809	0.09809	1	1
24c3cf9135bceb07162e71e44991fcfc	17374	17374	0	0.0456	0.0456	-817196.848	-817196.848	0.00010	0.00010	30	30
24f12ef0de7ba4c3a628916f03562f65	7819	7819	0	0.8769	0.8769	-817320.874	-817320.874	0.10536	0.10536	2	2
24f3783a2c879a595be037b5d51702e3	19094	19094	0	0.3365	0.3309	-618163.503	-814770.578	0.00508	0.02077	3	4
24f5451cf02a42104318c4f21df0d4be	5336	5336	0	0.9019	0.9019	-817227.103	-817227.103	0.10536	0.10536	7	7
250e1fbe47fa50442e6dddf644ff5df1	3321	3321	0	0.9999	0.9999	-817313.382	-817313.382	0.48652	0.48652	1	1
250f2e6e72c1bf7a01924e8cfac7e019	20197	20197	0	0.2780	0.2780	-817221.330	-817221.330	0.04470	0.04470	6	6
25253d9a0d5c629a7a3500b3c87a9689	32433	32433	0	0.4934	0.4934	-817241.756	-817241.756	0.10536	0.10536	7	7
25378e41f19be3a40f90da3cc055bc9f	20073	20073	0	0.0116	0.0116	-817207.773	-817207.773	0.01070	0.01070	100	100
2566efa41bf798631667b0d4692aae62	32337	32337	0	0.3408	0.3408	-817310.682	-817310.682	0.52400	0.52400	6	6
25e996cdb4eb0ed2702f55331881c373	8844	8844	0	0.2787	0.2787	-817272.318	-817272.318	0.10536	0.10536	18	18
261e867aba3db985e6eb295bf457a6d0	31951	31951	0	0.8920	0.8920	-817277.519	-817277.519	0.22382	0.22382	3	3
2632cadf45ac48eeb049b8c05cc59396	4700	4700	0	0.3210	0.3210	-817196.848	-817196.848	0.00010	0.00010	5	5
26570981221c47da2fd1c4a348011724	866	866	0	0.9985	0.5476	-617998.498	-814783.923	0.00349	0.02721	1	7
2659951975848a16964f13c61a7b5a4d	901	901	0	1.0000	1.0000	-618140.940	-814756.862	0.00010	0.00010	1	1
26702dc74bdda27df8abd5ed55462b8a	1456	1456	0	0.9902	0.9902	-817222.663	-817222.663	0.02279	0.02279	1	1
269eae8ac3127967a647cfbc2f6709fd	1304	1304	0	1.0000	1.0000	-817229.233	-817229.233	0.08692	0.08692	1	1
26df2af7394f44ce203607d48860e5fb	32429	32429	0	0.4558	0.4558	-817270.832	-817270.832	0.24151	0.24151	9	9
2799ea408d48bd60634af246dc47d72a	19889	19889	0	0.2705	0.2705	-817226.013	-817226.013	0.05467	0.05467	21	21
27aaaf005c8e397e4ee1058fa3c5d9de	36917	36917	0	0.7179	0.7179	-817203.117	-817203.117	0.01024	0.01024	3	3
27d258997625f4f6a8d25691ad1f4ef0	21303	21303	0	0.9739	0.9739	-817236.906	-817236.906	0.10536	0.10536	3	3
28272bb17555091039ee765017c50496	9219	9219	0	1.0000	0.9999	-618907.177	-814884.973	0.08543	0.71095	1	1
2840fdaf1fc1402b4118d328c00b31a4	5362	5362	0	0.2986	0.2986	-817225.812	-817225.812	0.05416	0.05416	12	12
28a02e78ffa77c654e382aa8a38f83c4	5356	5356	0	0.1824	0.1824	-817212.861	-817212.861	0.02334	0.02334	7	7
28a8ae8aa9edc609b079703d7002dad4	23817	23817	0	0.1863	0.1863	-817215.662	-817215.662	0.03112	0.03112	10	10
28b03d2777733945c837838bf044cc39	16692	16692	0	0.8756	0.8756	-817238.072	-817238.072	0.10536	0.10536	8	8
28b999b358bd0dd743ce350821524f66	570	570	0	1.0000	1.0000	-618471.158	-814840.489	0.04087	0.10536	1	1
28e0f832e626075bb3b06982c7315345	32370	32370	0	0.9482	0.9482	-817277.682	-817277.682	0.24830	0.24830	3	3
28fe23b1900e83441849e86d0648e679	1260	1260	0	0.5006	0.5006	-817306.555	-817306.555	0.32291	0.32291	2	2
299bd554b23819655fb112a70f5e06c9	6751	6751	0	0.1687	0.1687	-817211.556	-817211.556	0.01634	0.01634	10	10
29cd1c631c44e893b295562f25bf15e0	8023	8023	0	1.0000	0.8681	-730536.619	-795872.941	0.10536	4.31008	1	3
29d5edcf924296c3a8e730cb26aac75f	2338	2338	0	0.7514	0.7514	-817224.004	-817224.004	0.06183	0.06183	6	6
2ab395dca235eec82bc890d321591132	23106	23106	0	0.5908	0.5908	-817267.115	-817267.115	0.20498	0.20498	16	16
2ae1e056f8bf35ab229bc478e18db8f0	32124	32124	0	0.6370	0.6370	-817277.799	-817277.799	0.28011	0.28011	3	3
2b1fbfe6c27ee4b3a8e221658219737b	4677	4677	0	0.9993	0.9993	-817272.753	-817272.753	0.10536	0.10536	1	1
2b832cd3652155148fae4e3a1080b572	32429	32429	0	0.1682	0.1682	-817266.619	-817266.619	0.19461	0.19461	8	8
2b9019a24c5770406ed713460475c006	785	785	0	0.2869	0.2869	-817267.996	-817267.996	0.22193	0.22193	12	12
2be486aa6917a30f7462e3e08af9d636	9127	9127	0	0.9999	0.9999	-817227.388	-817227.388	0.03518	0.03518	1	1
2c6958ea9688265762ea968e4c38f508	18274	18274	0	0.4201	0.4201	-817255.957	-817255.957	0.10536	0.10536	7	7
2c6df72cda8c934d63d924d437cc5545	32433	32433	0	0.3886	0.3886	-817249.415	-817249.415	0.10536	0.10536	6	6
2c78aac79683c0e58a8d6e496eaabd11	10178	10178	0	1.0000	1.0000	-817371.318	-817371.318	0.10536	0.10536	1	1
2c8be6cea998f595e8afcefa4a20d7d8	18882	18882	0	0.5035	0.5035	-817214.020	-817214.020	0.00010	0.00010	2	2
2cc622d85e5860299e452fc8230d7070	1457	1457	0	0.9992	0.9992	-817229.303	-817229.303	0.07536	0.07536	1	1
2cdc420455df7d2824c7cfee81a35ce9	23693	23693	0	0.1535	0.1535	-817207.833	-817207.833	0.01085	0.01085	16	16
2ce0414182d2251c32dc3a62e703359c	7267	7267	0	0.1446	0.1446	-817203.158	-817203.158	0.00982	0.00982	8	8
2cea7ebfdd96a2914065f5e750fadf44	18330	18330	0	0.1609	0.1609	-817260.557	-817260.557	0.21430	0.21430	14	14
2cf905fe99e5a81d47d1c316c8eb4ae7	19400	19400	0	0.4947	0.4947	-817254.194	-817254.194	0.14408	0.14408	3	3
2cfb50f96759d19a842a0a7044b5c3e6	43361	43357	1	1.0000	0.4696	-618314.997	-814864.887	0.04396	0.46861	1	3
2d0db038bb87f645a81048b4a19035f6	11600	11600	0	0.4104	0.4104	-817301.877	-817301.877	0.48262	0.48262	39	39
2d35089ba0ef6befa3e323cecdb69d1d	24923	24923	0	0.3321	0.3321	-817270.457	-817270.457	0.19507	0.19507	28	28
2d456099df5e64e210c67c76bb5db8ef	18870	18870	0	0.1042	0.1042	-817200.286	-817200.286	0.00010	0.00010	19	19
2d49b59a9efdf1965537b2a1927994c7	33370	33370	0	1.0000	1.0000	-618007.237	-813884.155	0.01617	0.06976	1	1
2dc015be5351c04614692bc3ec671987	24883	24883	0	0.4091	0.4091	-817262.926	-817262.926	0.24141	0.24141	3	3
2defb542e2071571d29b60ad27103b7e	31973	31973	0	0.9928	0.9928	-817267.178	-817267.178	0.15976	0.15976	1	1
2e4861711b28cff24d754f03645295f9	18409	18409	0	0.3037	0.3037	-817228.372	-817228.372	0.10536	0.10536	7	7
2ef267f7efacbbc4a22a039addb633da	32433	32433	0	0.4735	0.4735	-817271.627	-817271.627	0.20541	0.20541	7	7
2ef7dea4f08b5e90f9b04d21c2268f9f	2745	2745	0	1.0000	0.9313	-603337.654	-779562.196	0.10536	3.08825	1	3
2efdf0425e6b98a2e0e403baf169b856	32020	32018	1	0.9993	0.9972	-618384.288	-814792.811	0.00932	0.10536	1	1
2f0e53915a6d39810c7ff94369501cc5	19403	19403	0	0.2787	0.2787	-817217.744	-817217.744	0.03503	0.03503	10	10
2f0e8228dc5347ee27ccd47ef14c30ac	24453	24453	0	1.0000	1.0000	-817224.630	-817224.630	0.07942	0.07942	1	1
2f387939de6f7e6dc65a774890c8ccc9	24703	24703	0	0.2524	0.2524	-817245.373	-817245.373	0.10536	0.10536	24	24
2f5895fc9eff4e3f55751ead9524c2eb	7426	7426	0	0.6964	0.6964	-817262.726	-817262.726	0.10536	0.10536	10	10
2f6b5837a66f9267dda2135ad18f6b63	13424	13424	0	0.1003	0.1003	-817196.848	-817196.848	0.00010	0.00010	11	11
2fe14f66ee1c8fde3ae5f491190f08c7	31213	31213	0	0.2944	0.2944	-816292.036	-816292.036	0.00010	0.00010	5	5
302dfbc259f356a5fba16b5e8d749748	5353	5353	0	0.1986	0.1986	-817204.536	-817204.536	0.00978	0.00978	7	7
304506938a80496beaa3719fe2824594	8843	8843	0	0.3646	0.3646	-817291.478	-817291.478	0.34310	0.34310	4	4
30635a3aa1f853811149bebf7555f2aa	18366	18366	0	0.6333	0.6333	-817256.690	-817256.690	0.10536	0.10536	14	14
309a65d6944582c52f8e9d5fbb470cb3	18274	18274	0	0.9939	0.9939	-817255.120	-817255.120	0.16863	0.16863	1	1
30baf5924c226b31f2ec62b70edf928a	31966	31966	0	1.0000	1.0000	-817279.339	-817279.339	0.23051	0.23051	1	1
30d47e1ed3f505bb215d1b9c9bed51a7	43687	43687	0	0.3161	0.3161	-817327.309	-817327.309	0.76719	0.76719	6	6
30d9218c0f8964422dd5adbdef3491b6	9127	9127	0	0.9660	0.9660	-817238.815	-817238.815	0.08030	0.08030	3	3
30fca720405cc18da98ea460c6589b9f	26435	26435	0	0.6065	0.6065	-817233.493	-817233.493	0.07600	0.07600	3	3
31100b1144990f436c57b2b5bed4b657	23811	23811	0	0.1994	0.1994	-817213.778	-817213.778	0.02773	0.02773	7	7
3111faa4f470179c208566476dd3085c	33458	33458	0	0.9968	0.9968	-816315.447	-816315.447	0.02879	0.02879	1	1
3166c8dc9d401f144aa48e64663c6a9e	43357	43357	0	1.0000	0.9878	-618443.877	-814850.207	0.10536	0.10536	1	2
31b162b4f467f986a8e38516766240a9	32126	32126	0	0.4886	0.4886	-817269.975	-817269.975	0.27711	0.27711	9	9
320506d28888eeab6c27cf8f20becd51	521	523	2	1.0000	0.3533	-618155.304	-814760.444	0.00010	0.00010	1	4
3236942e96e45744336bb6d262fccd07	12653	12653	0	0.2765	0.2765	-817207.272	-817207.272	0.00010	0.00010	5	5
323f2cd6a109e0903e1ff44c416c4921	43663	43663	0	0.7106	0.7106	-817328.589	-817328.589	0.60113	0.60113	2	2
324c019500236304a38fdff8c58a9d11	6891	6891	0	0.4154	0.4154	-817208.463	-817208.463	0.01943	0.01943	61	61
32a374f265d07ccca491a3a8f9afe992	18870	18870	0	0.1042	0.1042	-817218.686	-817218.686	0.03016	0.03016	21	21
32b4409d613a7d067f99ecb20eb3cc02	18274	18274	0	0.9959	0.9959	-817252.508	-817252.508	0.10536	0.10536	1	1
32bf0ca8e884c7eeb6db3f382186d9f8	1347	1347	0	1.0000	0.9378	-800609.780	-795521.113	4.62966	3.68243	1	2
32ca11f6348a7ca2628476ef7c9d3d51	18393	18393	0	0.9269	0.9269	-817237.680	-817237.680	0.10536	0.10536	2	2
3305d3d51437ae7131861b72562861a6	11692	11692	0	0.1580	0.1580	-817217.177	-817217.177	0.04174	0.04174	8	8
3333bacb3680bc4edec204d14a21f8e3	9127	9127	0	0.9965	0.9965	-817256.817	-817256.817	0.10536	0.10536	1	1
33ba7da39c2d0ffa1952414dfdcc5ebf	18399	18399	0	0.8182	0.8182	-817249.408	-817249.408	0.10536	0.10536	3	3
340e4b065bfe10b9a566357b4de90e4e	19415	19415	0	0.1299	0.1299	-817312.691	-817312.691	0.54578	0.54578	20	20
341c3a2a39ff228123778ae5d53dceba	31513	31513	0	0.7834	0.7834	-817229.028	-817229.028	0.10536	0.10536	11	11
344b5fc8a4e1c765926a69b0d62389ed	33328	33328	0	1.0000	0.4824	-617857.775	-813900.095	0.02839	0.14816	1	3
34867f0d4a84381d0b30abf4f950f1fb	21593	21593	0	0.1183	0.1183	-817234.254	-817234.254	0.10014	0.10014	24	24
34c344bd5f0c2e009e6d546a8607a752	19365	19365	0	0.9977	0.9977	-817206.622	-817206.622	0.01016	0.01016	1	1
34c47900eb91ff9cf0f8f78cf8852b79	3280	3280	0	0.9740	0.9740	-816313.380	-816313.380	0.03155	0.03155	6	6
34f621ea6754872dcfe6eb03f90aa70d	9170	9170	0	0.2866	0.2866	-817297.101	-817297.101	0.52353	0.52353	9	9
3530fc65ffdfd4f1ed2fdfe9f6265cd9	31966	31966	0	0.2995	0.2995	-817269.251	-817269.251	0.19212	0.19212	6	6
353b892aa5d5fc5a15654a8e5912455c	10835	10835	0	0.9990	0.9990	-817319.916	-817319.916	0.50040	0.50040	1	1
354a0b84112a660f3ade20ea6d2c669d	24923	24923	0	0.2948	0.2948	-817271.339	-817271.339	0.20679	0.20679	30	30
3561229780fa55cd2706d624192abbb7	19741	19741	0	0.5527	0.5527	-817234.218	-817234.218	0.08387	0.08387	6	6
35646ddade3e38888e43263cfe42dd67	21308	21308	0	0.9292	0.9292	-817234.520	-817234.520	0.10536	0.10536	6	6
35e6dc7c567bc7fdc86ee099c6c797af	18329	18329	0	1.0000	1.0000	-817231.167	-817231.167	0.10536	0.10536	1	1
3635bed5bdb384ef6a0f17ca7b5e6743	31218	31218	0	0.9578	0.9578	-817248.859	-817248.859	0.16458	0.16458	3	3
365808b634a2d3781ef73468f73a59fa	37033	37033	0	1.0000	0.6896	-618038.889	-800245.579	41.54899	9.87123	1	2
368c9eaf89cd2d6baf0f036bf9a91ba5	5343	5343	0	0.3275	0.3275	-817233.523	-817233.523	0.08928	0.08928	4	4
368fdb33cfa804180230d60a08b0abb2	29146	29146	0	0.2749	0.2749	-817207.070	-817207.070	0.01035	0.01035	6	6
36c29a846f34aba790142b270fd02b62	33333	33333	0	0.4504	0.3542	-617777.394	-813858.179	0.00254	0.01047	3	3
3721e4ac4c96e0b6c68b21f2aa3a5988	9129	9129	0	0.8185	0.8185	-817239.354	-817239.354	0.10536	0.10536	3	3
3723c53262fe95329b197aef3ab37735	2436	2436	0	0.9518	0.9518	-817269.602	-817269.602	0.10536	0.10536	4	4
373f1d800aa5f70ce21c741a23bb29eb	7424	7424	0	1.0000	1.0000	-817223.593	-817223.593	0.10536	0.10536	1	1
3760a6224aeadebebb7fa24f98765e07	40339	40339	0	0.4892	0.4892	-817218.725	-817218.725	0.04266	0.04266	4	4
376f513166f79a9c8e65c21a26419306	18887	18887	0	0.3561	0.3561	-817209.395	-817209.395	0.01995	0.01995	3	3
3810842fdcbff845709345724b71647c	2411	2411	0	0.6289	0.6289	-817241.658	-817241.658	0.10536	0.10536	6	6
381e74ae6d450bc4beacb8abc749e9d6	23094	23094	0	0.9804	0.9804	-817223.497	-817223.497	0.04526	0.04526	3	3
382a3057a7ddf922406cd2b98748293b	19972	19972	0	0.3592	0.3592	-817207.937	-817207.937	0.01096	0.01096	3	3
382fc51eefb5cc2b988dc68711fcdc71	3238	3238	0	1.0000	1.0000	-817293.910	-817293.910	0.10536	0.10536	1	1
389289f84dff2afce8e62d75353dbf8a	9485	9503	4	0.9740	0.6809	-617882.553	-813904.940	0.03279	0.10536	2	7
389ee70f0ae584cd0855532fbee71602	9127	9127	0	0.9613	0.9613	-817235.072	-817235.072	0.06527	0.06527	3	3
38c2a261f81a7ed09f39ac6f9fd0cf2e	28026	28026	0	0.1667	0.1667	-817204.823	-817204.823	0.01020	0.01020	6	6
38e4004abddc31cf9457c63e808d3421	35344	35344	0	0.8501	0.8501	-817204.100	-817204.100	0.00010	0.00010	2	2
390e780f267c24df1f8b738d7d62a75f	43687	43687	0	0.3166	0.3166	-817327.823	-817327.823	0.77555	0.77555	6	6
39aa14d7db1a584e873c7b2d1c5db506	24314	24314	0	0.1885	0.1885	-817275.120	-817275.120	0.28982	0.28982	11	11
39b4f2c29ad95a6f470e17bdc9b27542	21308	21308	0	0.9687	0.9687	-817233.596	-817233.596	0.10536	0.10536	2	2
3a02d75706ffe1d58665dca345409959	31217	31217	0	0.9897	0.9897	-817231.424	-817231.424	0.06092	0.06092	2	2
3a6a8b57c7a64a5c91396c81fb941a95	8017	8017	0	0.7125	0.7125	-817251.730	-817251.730	0.10536	0.10536	3	3
3aba2693c71fd08a7b73af36bc8e4672	24541	24541	0	0.2870	0.2870	-817242.414	-817242.414	0.10422	0.10422	33	33
3b8b18e4bdc9e11a22666d953c6f38fa	1567	1567	0	0.9992	0.9992	-817221.403	-817221.403	0.03190	0.03190	1	1
3bd78d46d5c1a6856b5f55f33508780e	21625	21625	0	0.0360	0.0360	-817241.651	-817241.651	0.12370	0.12370	39	39
3c07c5615be8ae3da67cd5fc30af3129	2322	2322	0	0.2782	0.2782	-817221.155	-817221.155	0.06074	0.06074	5	5
3c5243af4129c9cf9b20db9f7e546298	18328	18328	0	0.9507	0.9507	-817258.125	-817258.125	0.10536	0.10536	3	3
3c5e3170847c090d3485f18409bb7af5	18391	18391	0	1.0000	1.0000	-817216.273	-817216.273	0.10536	0.10536	1	1
3c89a0f75e247683b6073c078dbc89e4	9127	9127	0	0.7930	0.7930	-817234.520	-817234.520	0.05528	0.05528	3	3
3cf2f8c86f8622c4886cffccea06e34e	18896	18896	0	0.9992	0.9992	-817255.949	-817255.949	0.12237	0.12237	1	1
3d0817935f46ec61e5c33bf08e83eccf	1446	1446	0	1.0000	1.0000	-816438.571	-816438.571	0.70570	0.70570	1	1
3d25aa0f7fd595033af66fd28232066f	2436	2436	0	0.9249	0.9249	-817311.334	-817311.334	0.42738	0.42738	5	5
3d51a65dfb812438adf09c79b9ed6087	11609	11608	1	0.4993	0.3334	-618242.776	-814810.693	0.03642	0.16625	2	3
3d6d88a469b84c14da5cb0e02a14e63c	897	897	0	0.5106	0.5106	-817238.877	-817238.877	0.10536	0.10536	7	7
3d94f90d8a0b1603cac8cc8646b069c5	9130	9130	0	0.9764	0.9764	-817211.419	-817211.419	0.01176	0.01176	2	2
3e3787c28783dac926c4f00b87d815a2	32092	32092	0	0.3522	0.3522	-817285.736	-817285.736	0.35435	0.35435	14	14
3ef71a5f95a1a59c0df1d30a479abd7f	29655	29655	0	1.0000	1.0000	-817250.081	-817250.081	0.10536	0.10536	1	1
3f3fa462779e84749d486b6c8eb93372	29686	29686	0	0.2568	0.2568	-817299.822	-817299.822	0.46497	0.46497	7	7
3f465c3d8f73367a082299f90a05d21c	38169	52709	75	1.0000	0.2663	-618121.341	-813957.464	0.10536	0.43822	1	7
3f911c9c0e903b50dfa8ef301bbd8ed5	18389	18389	0	0.4322	0.4322	-817211.394	-817211.394	0.03135	0.03135	3	3
3f919ec692876459b1905a0a890d98ee	18349	18349	0	0.9911	0.9911	-817250.110	-817250.110	0.10536	0.10536	1	1
4017605593a9d75a38365c6136f56758	30978	30978	0	0.2465	0.2465	-817277.104	-817277.104	0.25084	0.25084	18	18
402d8223729e14342ca74439baef3e4b	24424	24424	0	0.5307	0.5307	-817263.940	-817263.940	0.20321	0.20321	19	19
4061882717c9a0dc3a2dd485e52c10f0	13805	13805	0	0.2874	0.2874	-817214.529	-817214.529	0.01634	0.01634	11	11
4070f9593dae3a39f34050ea61478852	32990	32990	0	0.2768	0.2768	-817342.881	-817342.881	0.68837	0.68837	4	4
40a55ffe7f20cababc1f9bf82b69e973	1977	1977	0	1.0000	0.4997	-730442.820	-796794.270	1.38693	4.45020	1	2
40cb92a91bf9c4d6df789d5d5e5c071b	18385	18385	0	0.6832	0.6832	-817265.500	-817265.500	0.10536	0.10536	10	10
419aa3bb3e75f22b8fa83c3d69c7ac9c	24805	24805	0	0.4336	0.4336	-817232.033	-817232.033	0.08367	0.08367	3	3
41d3198eaae41ff96833818cd82f6f62	4399	4399	0	0.4375	0.4375	-817224.728	-817224.728	0.04506	0.04506	3	3
424240ef3fb8c8480944269c5f2f3d28	785	785	0	0.2744	0.2744	-817265.753	-817265.753	0.20519	0.20519	12	12
424a892392ff0ccb589e2a2c999a7939	1347	52444	39	1.0000	0.7239	-718084.377	-785617.594	0.94434	2.24820	1	7
424c03bee359e6c3be8073893f1867a3	9127	9127	0	1.0000	0.9682	-618219.377	-814803.649	0.01786	0.10536	1	3
424e875deb48e50cf2f93a393d70cea1	9127	9127	0	0.9128	0.9128	-817233.463	-817233.463	0.05429	0.05429	3	3
427a43893f06bc3d499b4157d3885d6c	32370	32370	0	0.4926	0.4926	-817306.073	-817306.073	0.40268	0.40268	5	5
42a32787b7046092dbe64db503f32bf1	13096	13096	0	0.4639	0.4639	-817205.410	-817205.410	0.01061	0.01061	9	9
42c70a2f593e2cbb7ce0d96baac29c6d	33392	33386	4	0.9999	0.1898	-617854.750	-813903.018	0.02347	0.12560	1	10
42f3f6682b4bbf45facd966d2df1dcce	1456	1456	0	0.8375	0.8375	-817231.898	-817231.898	0.04705	0.04705	3	3
4364e886a1816dc1d3256068b2156199	4731	4731	0	1.0000	1.0000	-817197.154	-817197.154	0.00010	0.00010	1	1
442218e131dc33d8d99104d9a1882970	7323	7323	0	0.8636	0.8636	-817240.440	-817240.440	0.10536	0.10536	5	5
444665aed038d624e19d12bb5980dcf9	18570	18570	0	0.3602	0.3602	-817224.754	-817224.754	0.04082	0.04082	12	12
445b2b8cf4bd22ccb09cda6e7c35f659	32346	32346	0	0.2207	0.2207	-817280.228	-817280.228	0.29024	0.29024	10	10
450cb3d2e04b4c92164fd19f0cf76c72	32409	32409	0	0.1562	0.1562	-817262.140	-817262.140	0.18672	0.18672	13	13
456218b827edc94569d9614573df0b1f	5341	5341	0	0.2342	0.2342	-816401.046	-816401.046	0.43352	0.43352	19	19
4580d3cae324b84e5484cad52fb5cad2	2321	2321	0	1.0000	1.0000	-817203.176	-817203.176	0.01045	0.01045	1	1
45c3d9833253c909761631e379025c5e	43054	43893	14	1.0000	0.2996	-730359.858	-796793.066	1.43311	5.29486	1	13
45ddcb2cbe0e75c5c37a368e952f5ca1	31950	31950	0	0.7488	0.7488	-817281.262	-817281.262	0.26285	0.26285	3	3
46130cc5c63c37cf208464214c1957bd	23789	23789	0	1.0000	1.0000	-817213.532	-817213.532	0.01082	0.01082	1	1
465cf9db89bd8bfdb92d5b27ff283808	18370	18370	0	0.6479	0.6479	-817242.651	-817242.651	0.10536	0.10536	3	3
4685cbce4ae68262030b7407aad5b267	21296	21296	0	0.2852	0.2852	-817292.477	-817292.477	0.31083	0.31083	4	4
46a99ca817c5648b88cfab67ac204fba	23811	23811	0	0.2193	0.2193	-817209.253	-817209.253	0.01582	0.01582	7	7
46ae4a64c95539e628988ff4fb591f0c	530	532	2	0.8844	0.3932	-618160.498	-814768.160	0.00484	0.01842	2	6
46cc491fbc508ebcb8357f8e440081dc	43685	43685	0	0.4929	0.4929	-817216.989	-817216.989	0.03159	0.03159	3	3
4730d29ad0022f895e53db98cf4aeba1	11610	11610	0	0.9861	0.6013	-618222.708	-814801.634	0.01994	0.10795	2	5
475ab87a8228863c20dfe21e90d21d0c	10178	10178	0	1.0000	1.0000	-817356.657	-817356.657	0.10536	0.10536	1	1
476893cbcd32ac27ed5eea7fbc24b639	9219	9219	0	1.0000	1.0000	-817310.872	-817310.872	0.57203	0.57203	1	1
47782479300f63787f0b6c275126b465	19596	19596	0	0.3462	0.3462	-817275.988	-817275.988	0.22967	0.22967	9	9
4810aca6a4407339b9326f2e8e9d45e5	53485	53485	0	1.0000	1.0000	-817265.987	-817265.987	0.15129	0.15129	1	1
4875db43eb5160a513f9b29e8e5c5f80	21602	21602	0	0.9999	0.9999	-817222.071	-817222.071	0.10536	0.10536	1	1
48801280a1883896dbc11e2f9b1573b7	26435	26435	0	0.6771	0.6771	-817233.341	-817233.341	0.07567	0.07567	3	3
488b3aaa3d142e242c464ff17777a66c	31968	31968	0	0.3259	0.3259	-817253.450	-817253.450	0.14742	0.14742	7	7
4990aee681e2515ce88b962085802a69	30977	30977	0	0.5800	0.5800	-817304.478	-817304.478	0.51919	0.51919	4	4
4994fd37558aeba8228e74043c9ad877	9127	9127	0	0.9685	0.9685	-817256.081	-817256.081	0.10536	0.10536	3	3
49970c28b4abdfad3cf7ce307c3c5211	473	473	0	1.0000	1.0000	-817203.447	-817203.447	0.00010	0.00010	1	1
49afe6c37cc461e974bcc27921effd33	9149	9149	0	0.9969	0.9969	-817295.506	-817295.506	0.10536	0.10536	1	1
4a377fe05f4e7ab548d8145994b083b7	21580	21580	0	0.5274	0.5274	-817252.890	-817252.890	0.16237	0.16237	28	28
4a8565812940b031c200043231376427	18349	18349	0	0.8386	0.8386	-817247.031	-817247.031	0.10536	0.10536	10	10
4af2044421a88a4e12e9a42b896f851d	1260	1260	0	0.9578	0.9578	-817278.406	-817278.406	0.10536	0.10536	2	2
4af2859d561386e99b5bd269cfe07e71	8577	8577	0	1.0000	1.0000	-817209.710	-817209.710	0.00010	0.00010	1	1
4b85e7fa78870681912a7d9102574989	10433	10433	0	0.3848	0.3848	-817247.579	-817247.579	0.10536	0.10536	8	8
4b8da07c6219af4cfbe66864aa0d0f30	18532	18532	0	0.5008	0.5008	-817201.716	-817201.716	0.00814	0.00814	3	3
4bfe89587b28ddda26cdb38b7d95c20d	786	786	0	0.2409	0.2409	-817267.059	-817267.059	0.23056	0.23056	8	8
4c4266ebf5308ce3588e982c54f45132	43054	32402	27	1.0000	0.5567	-730373.532	-796792.363	1.90353	7.45928	1	8
4c5f78eeb142aa1abe9d6ad2be30f1ae	17244	17244	0	0.4832	0.4832	-817196.849	-817196.849	0.00010	0.00010	5	5
4cac06f6e1d30c6e89310f5dccce64bb	21293	21293	0	0.6967	0.6967	-817234.443	-817234.443	0.06546	0.06546	4	4
4cc2c92b481f96339ff369e7e5973981	8749	8749	0	0.2345	0.2345	-817254.857	-817254.857	0.18091	0.18091	20	20
4d0b0f92ad102fe34c9519de131cf706	31076	31076	0	1.0000	0.9364	-617015.441	-799322.556	0.10536	5.17475	1	2
4d2043e2976d7c6a783fe28caf6c72d9	36937	36937	0	0.2948	0.2948	-817247.107	-817247.107	0.11671	0.11671	14	14
4d37284c6d87996c8ec6c625d742721a	12914	12914	0	0.9713	0.9713	-817208.045	-817208.045	0.01063	0.01063	4	4
4d5e07c28d2c2b0d97bc06a1a7e84f37	24944	24944	0	0.9999	0.9999	-817357.987	-817357.987	0.84091	0.84091	1	1
4d7df417656eade5fbd76144d50f323d	51469	51469	0	1.0000	1.0000	-730977.918	-796788.858	1.74300	4.98930	1	1
4daa1d044626c6adc7d0e62c69b4501e	18362	18362	0	0.4848	0.4848	-817240.258	-817240.258	0.11424	0.11424	4	4
4db23ff88128d25cd13a5083ce6424a9	20441	20441	0	0.2564	0.2564	-817196.848	-817196.848	0.00010	0.00010	5	5
4de03c4080956db6550e45cad16dd303	5356	5356	0	0.2609	0.2609	-817200.242	-817200.242	0.00010	0.00010	7	7
4de2c6e7f2c1d4c32d0f17d40dba22ce	11785	11785	0	0.8969	0.8969	-817225.451	-817225.451	0.05354	0.05354	6	6
4e11a0019cc770db1c54336c72b084fd	37033	1977	46	1.0000	0.4953	-618037.694	-800237.626	39.92496	5.51907	1	9
4e2e8293530f4a19cdf435cafa90e756	8796	8796	0	0.6883	0.6883	-817246.770	-817246.770	0.10536	0.10536	12	12
4e3f75ef1bd041e618601ca0b6cff52a	7269	7269	0	0.6098	0.6098	-817202.102	-817202.102	0.00010	0.00010	2	2
4e64b9711007a46077ae5db43861e992	19414	19414	0	0.2162	0.2162	-817265.465	-817265.465	0.10536	0.10536	33	33
4eb2e46543445e35588dac877e8900f6	18389	18389	0	0.5615	0.5615	-817231.650	-817231.650	0.09422	0.09422	3	3
4f1cbd7f9953230a534351cde3f39676	10466	10466	0	0.6484	0.6484	-817222.040	-817222.040	0.06128	0.06128	11	11
4f1d0cc5472170e45c6820ed4256d6c7	32124	32124	0	0.5821	0.5821	-817261.430	-817261.430	0.22048	0.22048	5	5
4fc413fae8ae6247f89669cbf63b3ef1	906	902	2	1.0000	0.8583	-618057.858	-814800.667	0.02492	0.10536	1	4
4fd69fbfba2dcf565a73d86f0ac5ada2	31208	31208	0	0.8477	0.8477	-817239.750	-817239.750	0.10536	0.10536	4	4
4fded9f6205bc07576558113dba9c078	47	47	0	1.0000	0.9988	-618481.617	-814840.903	0.10536	0.30689	1	1
4fe891df32b2aec03f486f50d5509916	18187	18187	0	0.3459	0.3459	-817236.289	-817236.289	0.08457	0.08457	7	7
502a373442ecf1003bc1ee1d3753ad73	12596	12596	0	0.1878	0.1878	-817197.217	-817197.217	0.00010	0.00010	27	27
505177d575a210d748d6f421521f61f8	848	847	1	0.9468	0.6923	-618208.919	-814797.151	0.01510	0.10536	2	4
50989ed21c297fb77057f3bf5bc3c58a	31217	31217	0	0.7122	0.7122	-817237.511	-817237.511	0.10536	0.10536	7	7
50f6e9402b1207b7c690ecef432278c5	3445	3445	0	1.0000	1.0000	-817210.448	-817210.448	0.00010	0.00010	1	1
511b4d3b906198e510c58d310e3463dd	1567	1567	0	1.0000	1.0000	-817201.762	-817201.762	0.01023	0.01023	1	1
512ad0b8c88c92de7edc45518f81e423	19394	19394	0	0.9750	0.9750	-817217.429	-817217.429	0.02513	0.02513	3	3
5145210c80da339c603737e58cb30b0f	13117	13117	0	0.9860	0.9860	-817205.583	-817205.583	0.00010	0.00010	3	3
5169db6386f3461501487fa57275ee09	31952	31952	0	0.3163	0.3163	-817280.562	-817280.562	0.27672	0.27672	13	13
51a22628dba6dc7c8727e4862ff8e3a5	2014	2014	0	0.9967	0.9967	-817384.675	-817384.675	1.27398	1.27398	1	1
51b347fe2b422666d2c25c773e050e47	3642	3642	0	1.0000	1.0000	-618025.365	-814013.563	0.10536	0.10536	1	1
51b5ed1e52061ce1d16ea9f266a6a1db	9309	9309	0	1.0000	1.0000	-817246.757	-817246.757	0.11955	0.11955	1	1
51f104dfc19fd700f25f7fa8ce16dd28	32427	32427	0	0.1953	0.1953	-817254.119	-817254.119	0.19265	0.19265	9	9
52003fb7b144e3bd88c4bb1a95def8b4	19457	19457	0	1.0000	1.0000	-817249.544	-817249.544	0.10536	0.10536	1	1
52006baf405936d89aeb66b71e4d4128	9298	9298	0	0.9966	0.9966	-817247.517	-817247.517	0.08240	0.08240	1	1
520b62a1f9e0af2a8f5ca6c771df7ca5	24646	24646	0	0.2033	0.2033	-817285.495	-817285.495	0.33982	0.33982	42	42
520ee23809f9658a420a22975ba45aa4	21032	21032	0	0.0168	0.0168	-817206.610	-817206.610	0.01057	0.01057	76	76
5249945dae38fe26628969c0da4b620c	53485	53485	0	0.7290	0.7290	-817282.724	-817282.724	0.10536	0.10536	4	4
524c834386d0c34b7d6e3c72db7e3ad6	52685	52685	0	1.0000	1.0000	-618422.616	-813939.827	0.10536	0.10536	1	1
526b2b886adaffe2c5ab24cfe8fa7a52	21537	21537	0	0.3312	0.3312	-817219.572	-817219.572	0.01794	0.01794	9	9
52d986f4a49227f17766c3b663cde627	32433	32433	0	0.4715	0.4715	-817271.841	-817271.841	0.20422	0.20422	7	7
53123854f2e8df9c0dd6f4b5cc3462c7	37033	37033	0	1.0000	1.0000	-787992.094	-783239.887	30.40833	5.71324	1	1
533b69c3e951dec1a007aa60b72a6922	2739	2739	0	0.1384	0.1384	-817296.978	-817296.978	0.31932	0.31932	12	12
536ba918e115cb438e224e9d98190e7f	53124	1347	44	0.9999	0.9925	-730339.821	-795863.508	1.62728	3.61991	1	1
5382a47f301303b62ad43d6283282bca	33458	33458	0	0.9998	0.9998	-816316.495	-816316.495	0.02764	0.02764	1	1
53aa204f53c34ffef0ba38fe733aeb29	2692	2692	0	0.2235	0.2235	-817296.469	-817296.469	0.32871	0.32871	17	17
53c247ec65351affdd7465881798be8e	19192	19192	0	0.3628	0.3628	-817207.292	-817207.292	0.01041	0.01041	8	8
53ecb8e4f32682665369599df7f6a76f	32370	32370	0	0.5892	0.5892	-817302.859	-817302.859	0.34112	0.34112	4	4
5407241db8df8c17c743c861e03b3a54	1457	1457	0	1.0000	1.0000	-817215.832	-817215.832	0.02972	0.02972	1	1
5414819187d3eaf62ef36805ee6bc548	24384	24384	0	0.4267	0.4267	-817269.208	-817269.208	0.10536	0.10536	14	14
545a132599d8139b8781726b56bd128d	21589	21589	0	0.3836	0.3836	-817237.161	-817237.161	0.10848	0.10848	34	34
54791e1ef22eb9300b62aab809583480	18412	18412	0	0.7446	0.7446	-817196.852	-817196.852	0.00010	0.00010	4	4
549b7ff7b3321df2081e07b6a297484e	19909	19909	0	0.3132	0.3132	-817217.931	-817217.931	0.04508	0.04508	22	22
54c68e128e7a657645af7f4e268e1d6e	7226	7226	0	0.9997	0.9997	-817200.029	-817200.029	0.00010	0.00010	1	1
54d287ffe73ce77a297022033ca188e2	18366	18366	0	0.5095	0.5095	-817253.934	-817253.934	0.10536	0.10536	15	15
54dc2ca47bfbab13c76077d83f9d593b	2013	2013	0	0.8120	0.8120	-817270.028	-817270.028	0.15417	0.15417	3	3
558419359f23ef332ffaaf75d352a65e	19074	19074	0	1.0000	1.0000	-817237.976	-817237.976	0.07399	0.07399	1	1
559e598adc9bbb9aeb543ec0969ac451	37033	53626	40	1.0000	0.4414	-618037.157	-800242.677	38.24523	6.73055	1	7
55e0773284bdd9dd5a5951282cefca3e	9175	9219	5	1.0000	0.9971	-618548.508	-814884.516	0.10536	0.71517	1	1
5628c4ba8b708207a5bfd9ea65138b08	43686	43686	0	0.5509	0.5509	-817210.537	-817210.537	0.01259	0.01259	3	3
5638171bdaafa1dcb6f609a0ddd318d4	18173	18173	0	0.2492	0.2492	-817266.599	-817266.599	0.20144	0.20144	10	10
563a820870ff4ee11912f841f4369ddb	19309	19309	0	0.6170	0.6170	-817278.903	-817278.903	0.25770	0.25770	8	8
56aa0e46219c7e497b5956c8160c9b03	3322	3322	0	0.9473	0.9473	-817381.983	-817381.983	1.84990	1.84990	2	2
56b202ab16f0c307fdb9ee406c9f2d17	11601	11601	0	0.1433	0.1433	-817276.490	-817276.490	0.25128	0.25128	23	23
56f07ed5d25dbbd5ef072aefb99d9809	4663	4663	0	0.4142	0.4142	-817266.195	-817266.195	0.24375	0.24375	5	5
57140257e63886380c3076eb4a4fde3a	527	527	0	1.0000	1.0000	-618140.935	-814756.858	0.00010	0.00010	1	1
572bf487bdd61820e70759a548b1d359	3642	53482	45	1.0000	0.5085	-602656.891	-780236.827	1.43496	2.56461	1	3
5740f0b28f4aacc2474ac81c1ac689c4	10152	10152	0	0.6658	0.6658	-817277.453	-817277.453	0.25856	0.25856	3	3
5745222893d39385a62b7707b4752387	18329	18329	0	0.2676	0.2676	-817273.474	-817273.474	0.26695	0.26695	13	13
5754d7df868c7e3e361f47c8b40b85f9	43680	43680	0	0.8657	0.8657	-817211.277	-817211.277	0.03177	0.03177	3	3
576515123be07f43e3ba4aa21e64f39f	53626	53626	0	1.0000	0.8869	-800795.437	-795498.484	4.12251	2.95973	1	2
57f78437d5098a86d6c82d4523957f7b	6374	6374	0	1.0000	1.0000	-817207.447	-817207.447	0.02010	0.02010	1	1
584c5a498bc17f2378fee05c9a252148	19364	19364	0	0.0632	0.0632	-817206.573	-817206.573	0.01018	0.01018	19	19
58511c0c55cb0c7f5657d93d132d8f3c	19412	19412	0	0.4995	0.4995	-817268.354	-817268.354	0.16966	0.16966	5	5
586b1a58697763fdfff36afadb36d598	32427	32427	0	0.1532	0.1532	-817272.810	-817272.810	0.27038	0.27038	13	13
58d9969052beb331c5defdf5bc8deae7	12911	12911	0	0.9246	0.9246	-817196.850	-817196.850	0.00010	0.00010	5	5
5914fe58a4b41c2c30e0d8f29c0cdcc9	19590	19590	0	0.5920	0.5920	-817271.388	-817271.388	0.21066	0.21066	11	11
59387bd87a24a39af928cccfd450aed2	33507	33507	0	0.8840	0.8840	-816357.869	-816357.869	0.10536	0.10536	5	5
59d3a3bbb877496ba00acc8fee6b6bf8	1446	1446	0	1.0000	1.0000	-817322.930	-817322.930	0.50715	0.50715	1	1
59f30c2b05f62e00a228298cb7b2712a	32370	32370	0	0.8654	0.8654	-817260.729	-817260.729	0.15618	0.15618	5	5
59f37d3b18dbf3944b027e9f20968db3	847	847	0	1.0000	1.0000	-618140.935	-814756.861	0.00010	0.00010	1	1
59fe7b380fc9602d8a11d2c64f97e64a	43528	43528	0	0.2705	0.2705	-817332.029	-817332.029	0.72865	0.72865	6	6
5a044862112e9a4c8ea2983c65f26b80	6397	6397	0	1.0000	1.0000	-817196.851	-817196.851	0.00010	0.00010	1	1
5a0e8aca4b0b48d5c75536866d007b3c	9136	9136	0	0.7019	0.7019	-817221.107	-817221.107	0.04324	0.04324	3	3
5a56a9a6ef82d171b256f3901c290e43	2122	2122	0	0.4025	0.4025	-817269.783	-817269.783	0.23084	0.23084	6	6
5a8a455f58dd0a85487024cb3f70c4aa	29686	29686	0	0.2702	0.2702	-817298.274	-817298.274	0.45477	0.45477	7	7
5a959ca075a0da2249d7175d6ed29d00	18415	18415	0	0.2958	0.2958	-817262.445	-817262.445	0.10536	0.10536	9	9
5ae15f6288d2df59dcc4061eb9454da0	3322	3322	0	0.9553	0.9553	-817370.636	-817370.636	0.10536	0.10536	2	2
5b36dbfe0f56b47024c5e1955b60693f	32363	32363	0	0.4863	0.4863	-817283.056	-817283.056	0.35231	0.35231	3	3
5b3eda6facd8528e2fa5104ff7cd8085	18877	18877	0	0.1207	0.1207	-817196.848	-817196.848	0.00010	0.00010	18	18
5b8e078e1be08433ec6f717f61485023	3642	3642	0	1.0000	1.0000	-618043.733	-814034.800	0.10536	0.10536	1	1
5bc30dee05e42a2e6d2f8467cc3722ba	32115	32115	0	1.0000	1.0000	-817274.117	-817274.117	0.21777	0.21777	1	1
5bf6a7b5816fa2ba19058a5935700d78	32368	32368	0	0.4976	0.4976	-817297.189	-817297.189	0.33746	0.33746	3	3
5ce7752188f6b713d41f9297efb8f47e	23029	23029	0	0.9988	0.9988	-817207.886	-817207.886	0.01095	0.01095	1	1
5d04d9a06bbda6211f2b4a188e95c7d3	53485	53485	0	0.6869	0.6869	-817295.730	-817295.730	0.10536	0.10536	2	2
5dafaf5607559810bf36d361e13a58e3	19635	19635	0	0.4786	0.4786	-817242.860	-817242.860	0.10536	0.10536	5	5
5dc126475f7ae514b93bbf53505fceee	24541	24541	0	0.1882	0.1882	-817250.507	-817250.507	0.12913	0.12913	39	39
5edf38c25be373edeec8a4e77d541c6f	13051	13051	0	0.3472	0.3472	-817204.547	-817204.547	0.01027	0.01027	19	19
5f7e85d470cee486926fc92a46244f31	18389	18389	0	0.5940	0.5940	-817226.339	-817226.339	0.08113	0.08113	3	3
5fad79ab2c0d603dd74438dfec17f803	31960	31960	0	1.0000	1.0000	-817275.937	-817275.937	0.10536	0.10536	1	1
60334489ccc490ba607258f17dbbd188	31032	31032	0	0.5392	0.5392	-817295.164	-817295.164	0.38559	0.38559	6	6
60545d39a33bd3e5149f60af80218305	29671	29671	0	0.6855	0.6855	-817306.904	-817306.904	0.54957	0.54957	20	20
60599769a359431bd2e1a8fd3eeb36ff	31032	31032	0	1.0000	0.9997	-618178.501	-814860.399	0.08831	0.47436	1	1
608bbf6f332e95cbc362f9d77e78ae50	19657	19657	0	0.2066	0.2066	-817249.839	-817249.839	0.16349	0.16349	13	13
60bc584236085a919aded81fda5295f4	18274	18274	0	0.9932	0.9932	-817253.598	-817253.598	0.10536	0.10536	1	1
60bf24db70d3a85fc812980f949d932b	43665	43665	0	1.0000	1.0000	-817205.506	-817205.506	0.00010	0.00010	1	1
60ecc1bf4f1df35f83a51eda0e9e45c5	31218	31218	0	0.8083	0.8083	-817250.383	-817250.383	0.19550	0.19550	3	3
60f33fd6fa8ddad23ef155329fd4e889	24390	24390	0	1.0000	1.0000	-817229.731	-817229.731	0.07831	0.07831	1	1
60f637afcb941e2a203295cba20bd4d9	24459	24459	0	0.9751	0.9751	-817239.764	-817239.764	0.08182	0.08182	5	5
610a8ea964ccd9a6c6eeabb23fa2c350	817	817	0	0.6553	0.6553	-817244.637	-817244.637	0.10536	0.10536	3	3
612a414b72ba6f57953dcf993d920d91	18365	18365	0	0.4848	0.4848	-817238.353	-817238.353	0.10371	0.10371	3	3
6178f8398e011a3c6917a15d4ecfaed1	773	773	0	0.1683	0.1683	-817269.988	-817269.988	0.24817	0.24817	10	10
6185a14ca6077ae4a3df4ba537930735	8010	8010	0	0.9924	0.9924	-817216.105	-817216.105	0.03025	0.03025	1	1
61df8b55ce1b914c8b014dc471a1751e	18389	18389	0	0.5931	0.5931	-817227.244	-817227.244	0.08145	0.08145	3	3
61fe7e44efa161827f89353d2afb75e3	25094	25094	0	0.8428	0.8428	-817272.430	-817272.430	0.29487	0.29487	5	5
62d17978379dd81f656f7a15d8bf1b0f	9127	9127	0	0.9997	0.9997	-817235.483	-817235.483	0.05391	0.05391	1	1
62da84d170c647428641f19a5f5ead68	18349	18349	0	0.9999	0.9999	-817241.423	-817241.423	0.10536	0.10536	1	1
635b98438315f4efd1d833aca565eb55	37033	18404	55	1.0000	0.3016	-618038.840	-800242.594	42.20606	8.24820	1	7
63b00220d1589264c58a47b626c4a802	3692	53482	50	0.9992	0.5255	-602827.067	-780236.428	19.39951	2.56399	1	2
63bbee07a2e6a2e32d747bc52be43fa5	18398	18398	0	0.5001	0.5001	-817201.714	-817201.714	0.01007	0.01007	2	2
63e218b24edde39b294bace2c9b78ff3	29606	29606	0	0.9957	0.9957	-817258.800	-817258.800	0.10536	0.10536	1	1
644130cd78d52981cffaa492ce372c8e	32759	32759	0	0.4993	0.4993	-817344.535	-817344.535	0.70920	0.70920	2	2
648903b7bd2f062e23c46cbc5f6b32c8	19972	19972	0	0.3559	0.3559	-817212.753	-817212.753	0.02196	0.02196	3	3
65107c0ea7870f0703ac47b441116d9d	33247	33247	0	0.9911	0.9911	-817220.382	-817220.382	0.03115	0.03115	1	1
65824139cca6796a14e50506c5350efe	18393	18393	0	1.0000	1.0000	-817225.930	-817225.930	0.04518	0.04518	1	1
660f8ebca60a7a8a6928e6f260279bad	32762	32762	0	0.9694	0.9694	-816461.345	-816461.345	1.19729	1.19729	2	2
66169569daad5d8c05c7705a9fb630ee	18275	18275	0	0.2132	0.2132	-817244.595	-817244.595	0.14419	0.14419	20	20
667852b74355cf59cc940880c21e4b7d	24473	24473	0	0.9201	0.9201	-817233.859	-817233.859	0.06048	0.06048	15	15
668718f5fb65007c3c2586921ca5e8ad	1541	1541	0	0.9555	0.9555	-816362.610	-816362.610	0.10536	0.10536	2	2
668e7cc7dfc45d2a80f44d354a62e93e	10183	10183	0	0.5347	0.5347	-817210.418	-817210.418	0.00010	0.00010	6	6
66b7482450f94135bb7523d545254aac	32316	32316	0	0.9552	0.9552	-817250.610	-817250.610	0.10536	0.10536	3	3
6714a477209a04d2847b2c704a7a8bb8	20859	20859	0	0.0899	0.0899	-817207.006	-817207.006	0.01244	0.01244	15	15
6766147bc7fad9e5d32fc4ea2ef725bf	8560	25089	57	1.0000	0.8346	-788300.334	-784132.065	26.72470	2.07532	1	2
677929eac52be081cdae08a0b9c70eb2	30285	30285	0	0.0059	0.0059	-817205.713	-817205.713	0.01085	0.01085	100	100
67831d2cc040b8f7a249ccd1ca853ac9	4733	4733	0	1.0000	1.0000	-817212.852	-817212.852	0.03029	0.03029	1	1
67894b7ac05220c3fd891095764ac429	911	911	0	0.4391	0.4391	-817257.048	-817257.048	0.10536	0.10536	14	14
67ba82f0a8c3ae4f2e01cf8659c8b700	18393	18393	0	1.0000	1.0000	-817204.235	-817204.235	0.01022	0.01022	1	1
6803ef09adc040dbe35c61dd7928d764	23024	23024	0	0.9963	0.9963	-817211.467	-817211.467	0.01188	0.01188	1	1
68064dc373d19be4aa57c4ce7241bb06	19638	19638	0	0.8936	0.8936	-817241.565	-817241.565	0.10536	0.10536	8	8
68327bed033973f866ea4b72fc9aaf57	23104	23104	0	0.3380	0.3380	-817275.622	-817275.622	0.26617	0.26617	4	4
683cdc3b4cf360bc114fd86222344b27	9141	9141	0	0.9999	0.9999	-817207.496	-817207.496	0.00980	0.00980	1	1
686df3095cf5fa505e5c54fbd4b6b45e	53485	53485	0	1.0000	1.0000	-817294.191	-817294.191	0.10536	0.10536	1	1
68a166ab0ed0ebc6346e7729535532df	32372	32372	0	0.7640	0.7640	-817288.159	-817288.159	0.29842	0.29842	2	2
68fe3f640da5f288dc3a0b716a5b8642	18852	18852	0	0.0910	0.0910	-817212.630	-817212.630	0.01968	0.01968	11	11
6940d5e9ea22770eaa71276f3ac4102a	2436	2436	0	0.9721	0.9721	-817270.490	-817270.490	0.15865	0.15865	3	3
6985b65dbb8489c56207baeef4962c11	11424	11424	0	0.6414	0.6414	-817288.931	-817288.931	0.37805	0.37805	13	13
69bcd22775dd33999837642c5fbf1a77	19396	19396	0	0.3018	0.3018	-817203.549	-817203.549	0.00989	0.00989	8	8
6a02b4015bce73d6aa6d2b6f64a326e7	20302	20302	0	0.2197	0.2197	-817205.213	-817205.213	0.00010	0.00010	12	12
6a1364e6cbd3362e807010fa68d0e8db	9127	9127	0	1.0000	1.0000	-817226.429	-817226.429	0.03525	0.03525	1	1
6a31d091c67ac20474720e43cde36c52	8023	8023	0	0.9442	0.9442	-817326.452	-817326.452	0.10536	0.10536	2	2
6a39c06ba65d445cc02f6000f9b130fe	20434	20434	0	0.4517	0.4517	-817229.497	-817229.497	0.06193	0.06193	40	40
6a415dee3c199e6491caf7d48a428d93	20875	20875	0	1.0000	1.0000	-817207.254	-817207.254	0.01316	0.01316	1	1
6ac4306f77d2984e7069084dd80ac2d2	4504	4504	0	0.3180	0.3180	-817281.710	-817281.710	0.26160	0.26160	6	6
6ac5ba5e6035991879abf7f9955efbdb	24542	24542	0	1.0000	1.0000	-817206.060	-817206.060	0.00010	0.00010	1	1
6aef7f53e0fd0953676dbac1ae090195	8622	8622	0	0.2860	0.2860	-817281.092	-817281.092	0.24476	0.24476	6	6
6afddeca73e19a08552d8f07518b2b33	18349	18349	0	0.9883	0.9883	-817255.756	-817255.756	0.10536	0.10536	2	2
6b0696f73d0a412cc4356d5be3db3316	53485	53485	0	1.0000	1.0000	-817268.647	-817268.647	0.10536	0.10536	1	1
6b2dc2f980d69a0292f2aa0f069425d7	18889	18889	0	0.4707	0.4707	-817222.868	-817222.868	0.05253	0.05253	3	3
6b59da0fa214769904074560dbe813a1	18185	18185	0	1.0000	1.0000	-817256.813	-817256.813	0.10536	0.10536	1	1
6b69484a390403e9cd0cdd9967124e9a	20415	20415	0	0.9405	0.9405	-817216.157	-817216.157	0.02421	0.02421	2	2
6b6b3bf7c334b5f0b18d1294c4331a57	527	527	0	1.0000	1.0000	-618145.265	-814760.127	0.00010	0.00010	1	1
6b80f77a7c5097de346cb9c968e5ebda	5361	5361	0	0.7461	0.7461	-817221.590	-817221.590	0.10536	0.10536	5	5
6ba5877b31f630b23222bd8f9115e49b	6374	6374	0	0.9791	0.9791	-817241.402	-817241.402	0.10536	0.10536	2	2
6bdd246b9f698e4015d7f9d2edcb1a27	12619	12619	0	0.8523	0.8523	-817199.305	-817199.305	0.00010	0.00010	3	3
6cb76abeffd1c7aa43d147d544a53d1a	32124	32124	0	0.6474	0.6474	-817243.424	-817243.424	0.10536	0.10536	4	4
6cfc0e7743f13bf0bd4c07c368040383	906	904	1	0.7354	0.4290	-617994.986	-814781.146	0.00010	0.01583	2	3
6dfc4b9869ecc4b2d3fb1fda69a8372c	45989	45989	0	0.4293	0.4293	-817203.045	-817203.045	0.00010	0.00010	6	6
6e3fa54bbf12ce99a100d6d40a83279d	32020	32018	1	0.9837	0.9773	-618380.433	-814790.140	0.01018	0.10536	2	2
6e51262be5c5b2f88e1fcb8cdec36efc	24543	24543	0	0.2582	0.2582	-817289.029	-817289.029	0.37303	0.37303	38	38
6ea2930b7b2f19bd3dcfb8f0ad040180	32370	32370	0	0.5946	0.5946	-817291.771	-817291.771	0.31759	0.31759	2	2
6ec04333882908e85236bd7caa0a8335	4489	4489	0	0.9998	0.9998	-817232.311	-817232.311	0.06819	0.06819	1	1
6ec8901d95034633e8c362767ad60d2a	9127	9127	0	1.0000	0.9807	-618206.077	-814798.221	0.00660	0.10536	1	2
6f1eb00376749775da4102c9e46f0536	18400	18400	0	0.4282	0.4282	-817269.840	-817269.840	0.23444	0.23444	3	3
6f6bf7223ed05be504a2e0386419367d	9121	9121	0	0.8578	0.8578	-817208.535	-817208.535	0.01926	0.01926	2	2
6f855a7b1f476f54b4b4d872b48bd311	866	865	1	0.9782	0.9853	-617989.397	-814767.539	0.00270	0.00924	2	2
701b23f7233d2efcf0741fbdcdc1d8b9	18531	18531	0	0.5371	0.5371	-817196.848	-817196.848	0.00010	0.00010	2	2
704f7168880595dcfa23a4e7c0a1a5d3	4684	4684	0	0.9999	0.9999	-817243.135	-817243.135	0.10536	0.10536	1	1
705c6bd88960eaa1a0a40cf121f4adc1	18328	18328	0	0.7513	0.7513	-817262.003	-817262.003	0.10536	0.10536	8	8
7087b3d968fd95938996eec88a91f71b	21602	21602	0	0.3898	0.3898	-817224.424	-817224.424	0.10536	0.10536	4	4
70a544cad37287c13d6a49e23a0b4d29	21293	21293	0	0.9552	0.9552	-816341.445	-816341.445	0.10536	0.10536	4	4
70c46b6fb0d9c281600f0eb0eba4b8e9	31968	31968	0	1.0000	1.0000	-817234.536	-817234.536	0.07250	0.07250	1	1
70d0b0856d20f28b0e9fe024454e79d0	31208	31208	0	1.0000	1.0000	-817224.031	-817224.031	0.03871	0.03871	1	1
718e5d5652f57885de2c0aac6b49c8ad	36926	36926	0	0.6704	0.6704	-817255.222	-817255.222	0.10536	0.10536	11	11
722d2ceffb3b0c2554c7394ccbfaa5e4	23104	23104	0	0.3282	0.3282	-817279.247	-817279.247	0.29728	0.29728	6	6
7265c8c73cf789db4412db9f38c41203	848	848	0	0.5718	0.2622	-618142.086	-814758.810	0.00010	0.00010	2	5
72937d3c0f4f311e587634a981bb3ea5	18327	18327	0	0.9999	0.9999	-817260.004	-817260.004	0.18657	0.18657	1	1
72ca0a2e401dc67417c4b43638390ebc	1446	1446	0	1.0000	1.0000	-817319.012	-817319.012	0.39964	0.39964	1	1
72e1dc32787857c41e3cdd02b90a1c75	32762	32762	0	0.9846	0.9846	-817387.805	-817387.805	1.37347	1.37347	2	2
73461ccec0f5a75cca1818d30f166fbd	31960	31960	0	0.5636	0.5636	-817285.968	-817285.968	0.10536	0.10536	10	10
73839a19409b82f97db23b1bc16bf8ef	32429	32429	0	0.2505	0.2505	-817219.347	-817219.347	0.03801	0.03801	6	6
7393a378a017ea7ff698bb03ccdeb8c7	23032	23032	0	0.2756	0.2756	-817245.284	-817245.284	0.12147	0.12147	13	13
73b7939a8ef4c10ae96eadb31fd7d3ff	32364	32364	0	1.0000	1.0000	-817207.135	-817207.135	0.01158	0.01158	1	1
740b6a959d132a660ce6c23062e742dd	7324	7324	0	0.6418	0.6418	-817261.477	-817261.477	0.16347	0.16347	19	19
741f1be526940e783d53faf003c3672a	21630	21630	0	0.1521	0.1521	-817207.116	-817207.116	0.01065	0.01065	7	7
7430836377dc7a3cd8296fbb430504d2	29606	29606	0	0.9362	0.9362	-817260.765	-817260.765	0.10536	0.10536	11	11
749ff49ee3bea8d5c6bf11fac2b9fbdc	20518	20518	0	0.2409	0.2409	-817199.459	-817199.459	0.00010	0.00010	41	41
74bf86bede186b17fc68bfeb9fa98def	32370	32370	0	0.6886	0.6886	-817300.039	-817300.039	0.33911	0.33911	5	5
74e68de5903c75b11dfa0ce9ccd07678	514	514	0	1.0000	1.0000	-817295.489	-817295.489	0.38732	0.38732	1	1
7536dc1fa8037c85eff0301a91f7ddb2	9143	9143	0	0.2539	0.2539	-817221.678	-817221.678	0.06542	0.06542	8	8
754fb1a9bca7e02482581bb4f41e8382	53252	53252	0	0.0449	0.0449	-817208.144	-817208.144	0.01038	0.01038	24	24
75513302cc58b4afd8441cbd9649d895	31411	52356	29	1.0000	0.9950	-718104.401	-785607.541	1.21249	2.27902	1	1
75631dc9f3cdfd4736731116bb1416ee	4527	4527	0	0.9964	0.9964	-817242.124	-817242.124	0.12154	0.12154	1	1
75aa46dda404171aff71fa4f8e26df90	23559	23559	0	0.4785	0.4785	-817207.875	-817207.875	0.01128	0.01128	11	11
760507c9c84c4e00f26d113d277ec175	10178	10178	0	1.0000	1.0000	-816396.942	-816396.942	0.10536	0.10536	1	1
761a2c5e3136417c8dacb580c98ab85e	24511	24511	0	0.5653	0.5653	-817271.514	-817271.514	0.30308	0.30308	5	5
76420168fe2533e4eef6943e5ce0d48d	32460	32460	0	0.3226	0.3226	-817277.285	-817277.285	0.19076	0.19076	5	5
76521535b04aa16ca64313738471b2f0	18327	18327	0	0.2707	0.2707	-817255.112	-817255.112	0.15166	0.15166	16	16
76984ca0c64a2f75efc8f7c912f07123	24959	24959	0	0.8467	0.8467	-817242.842	-817242.842	0.10536	0.10536	5	5
76b6b8ff082e7f1df9c921103d11c072	19410	19410	0	0.4592	0.4592	-817285.273	-817285.273	0.31027	0.31027	4	4
76d9f67fea5cf3b4e49e716c7e58882f	5343	5343	0	0.4065	0.4065	-817230.474	-817230.474	0.07159	0.07159	10	10
76de3766597942db6c78170307180b12	4531	4531	0	0.3346	0.3346	-817217.762	-817217.762	0.05489	0.05489	3	3
7712a5be8bcaa2b232c0b7bc47657029	9127	9127	0	0.9803	0.9803	-817257.209	-817257.209	0.10536	0.10536	2	2
772feeb076ad971cfdf8e4279c591fb1	32433	32433	0	0.8126	0.8126	-817258.641	-817258.641	0.10536	0.10536	8	8
7745b574635a7f49fd59b89c29f81d4b	18349	18349	0	0.9999	0.9999	-817246.118	-817246.118	0.10536	0.10536	1	1
78230cb731a42eb7534f8aa2aa9383f3	555	555	0	0.2538	0.2538	-817235.055	-817235.055	0.06235	0.06235	6	6
78323a8c0225ee68f40dce658e144ba1	4733	4733	0	1.0000	1.0000	-817217.278	-817217.278	0.02953	0.02953	1	1
7834c0d4f34febac586dbb2ab6d8c572	31214	31214	0	0.3518	0.3518	-816304.679	-816304.679	0.01376	0.01376	5	5
789f2df07988333d2215ae613ec8c41e	16678	16678	0	0.9980	0.9980	-817227.813	-817227.813	0.10536	0.10536	1	1
78b4dd2cdfad3339431922175855ea9e	18217	18217	0	0.9662	0.9662	-817243.360	-817243.360	0.10495	0.10495	3	3
78bcacd802c8956a7959ff89cb49ae61	16528	16528	0	1.0000	1.0000	-817259.145	-817259.145	0.10536	0.10536	1	1
78ee2d0a3599458fa0329c10cd4cbd7e	18393	18393	0	1.0000	1.0000	-817209.522	-817209.522	0.02057	0.02057	1	1
78f40315a52c687cf3f10c376ed6eb9d	32317	32317	0	0.4411	0.4411	-817267.637	-817267.637	0.23453	0.23453	3	3
790d2345aa735e1697cdfecf64f011b1	12927	12927	0	0.4424	0.4424	-817200.440	-817200.440	0.00010	0.00010	6	6
790e26d643c139adf0fe544217949fc1	21580	21580	0	0.2572	0.2572	-817234.359	-817234.359	0.10548	0.10548	28	28
792e2d9f7e596674d38ba0218f72290d	20882	20882	0	0.8120	0.8120	-817220.161	-817220.161	0.03858	0.03858	8	8
79615fc9765a8cd4ba4d526a10c90d9d	43054	53626	17	1.0000	0.4515	-730374.483	-796793.820	1.94986	6.08473	1	7
79a452e06754f517de9543f191685b05	9117	9117	0	0.5010	0.5010	-817293.943	-817293.943	0.30751	0.30751	2	2
7aa4f62956a166e230689c1ea0b62d38	24388	24388	0	0.6595	0.6595	-817244.769	-817244.769	0.10536	0.10536	3	3
7aaf252ce812ce30b1e377d936a3ec06	21057	21057	0	0.2270	0.2270	-817211.499	-817211.499	0.02162	0.02162	56	56
7ab5ac851cb41be30e5d77a9f2d2731b	52358	53482	8	1.0000	0.8578	-730161.048	-795887.665	1.23791	4.50960	1	6
7b24071c73e38b7d3a235d995a0adec2	3642	3642	0	1.0000	1.0000	-618029.801	-814016.120	0.10536	0.10536	1	1
7b4beda01d4af5cbc6365fcd3559b5b5	4397	4397	0	0.9985	0.9985	-817218.379	-817218.379	0.03425	0.03425	1	1
7b54e2b3a282524bce8647ead9469267	4696	4696	0	0.8132	0.8132	-817264.391	-817264.391	0.10536	0.10536	9	9
7bfaa7f90dff6c876675062e176f2b47	20900	20900	0	0.0861	0.0861	-817206.222	-817206.222	0.01115	0.01115	17	17
7c0a21c695e94abbb2e67c7ab521d748	9127	9127	0	0.9507	0.9507	-817233.160	-817233.160	0.06174	0.06174	3	3
7c5412a955714947c579cac4078ce2ec	25037	25037	0	0.2729	0.2729	-817275.998	-817275.998	0.35815	0.35815	29	29
7c78db0dce1adf1464ebd9889e5ae578	19365	19365	0	0.9954	0.9954	-817212.890	-817212.890	0.02045	0.02045	1	1
7cc74da2808c9d3514cc0780756a78dd	511	511	0	0.3985	0.3985	-817269.153	-817269.153	0.10536	0.10536	5	5
7cf52d9b125748eec7b1714ab344774a	32311	32311	0	0.4905	0.4905	-817269.563	-817269.563	0.28612	0.28612	7	7
7d07badbd445be31b023432c1f6629f0	53485	53485	0	1.0000	1.0000	-817295.451	-817295.451	0.28717	0.28717	1	1
7d1483a26d9dff3e4ea77666ed5094b9	37033	43759	39	1.0000	0.8462	-618039.547	-800237.501	45.23087	6.86082	1	5
7d35230f458698a7849af9ad37fe8ed4	9127	9127	0	0.5089	0.5089	-817234.595	-817234.595	0.05739	0.05739	3	3
7d659af0fa9a765ff538498caaed5ed1	18366	18366	0	0.9807	0.9807	-817243.056	-817243.056	0.10536	0.10536	3	3
7d8d5a6b6c6d9ab49cf378fe31e4aa4b	1456	1456	0	0.3315	0.3315	-817280.824	-817280.824	0.33657	0.33657	3	3
7da5849ca05b026171a1a326053193c6	521	525	1	1.0000	0.5126	-618322.835	-814843.257	0.10536	0.32055	1	4
7dcf7b76c7be10a4b719cc62fb83fbfb	19248	19248	0	0.1141	0.1141	-817289.576	-817289.576	0.37142	0.37142	15	15
7de7552214b5bf9b675252b96487f733	53484	53484	0	0.4730	0.4730	-817297.082	-817297.082	0.33593	0.33593	3	3
7e0006be50f7201de9a32cddc2e98abc	4683	4683	0	0.4682	0.4682	-817267.320	-817267.320	0.15377	0.15377	4	4
7e8bacd87d3589ad6a0033c6ad01e356	31750	31750	0	0.9517	0.9517	-817310.737	-817310.737	0.57432	0.57432	3	3
7e93d04c5046bdf44881bb8f70cc81ab	9127	9127	0	0.9726	0.9726	-817259.490	-817259.490	0.10536	0.10536	3	3
7ea654f2f75d87236d02b7f36a6d6f5a	29152	29152	0	0.1315	0.1315	-817207.053	-817207.053	0.01050	0.01050	9	9
7ec51554f68cf7100596b6455c6bd2d1	2435	2435	0	0.4327	0.4327	-817260.950	-817260.950	0.14301	0.14301	10	10
7f426331c52848693c2d84985a921e1a	7267	7267	0	0.1448	0.1448	-817196.848	-817196.848	0.00010	0.00010	8	8
7f5795d9e354399ec1a24ee64da44358	19047	19047	0	0.5960	0.5960	-817356.382	-817356.382	0.88020	0.88020	5	5
7f79d9508383a084e8d54ebb07920ccd	29731	29731	0	0.2825	0.2825	-817261.767	-817261.767	0.24144	0.24144	43	43
7f8fd00c48d4a9951932bdea8b02cf12	9117	9117	0	1.0000	1.0000	-817291.759	-817291.759	0.10536	0.10536	1	1
80109c0ad0f7121173c8265c5bf6a38a	8008	8008	0	1.0000	1.0000	-817208.048	-817208.048	0.02016	0.02016	1	1
8012f7939543af6cfb8201a0b68f036a	4573	4573	0	1.0000	1.0000	-817203.421	-817203.421	0.00010	0.00010	1	1
8020ee9705e12b689320d4017c9725ce	10932	10932	0	0.4461	0.4461	-817258.019	-817258.019	0.17156	0.17156	4	4
802dbf8a35ed41e9f77bc983397363c1	36927	36927	0	0.9996	0.9996	-817231.155	-817231.155	0.10536	0.10536	1	1
811cfb2af5ae02cf1f5f8c19e648e4a1	32120	32120	0	0.7285	0.7285	-817283.120	-817283.120	0.10536	0.10536	4	4
8142c00fae3be7f944f940e1414cbf7d	13146	13146	0	0.7182	0.7182	-817213.937	-817213.937	0.02298	0.02298	22	22
8147858354da9d65e5324ee7d530fb49	2014	2014	0	0.9996	0.9996	-817271.615	-817271.615	0.10536	0.10536	1	1
814c5ac22a8c2ec1ef6c1e5aa8d10d3c	18279	18279	0	0.1091	0.1091	-817277.489	-817277.489	0.28333	0.28333	24	24
81563f5fe712021e7cecf951dd1c8874	29686	29686	0	0.3035	0.3035	-817303.726	-817303.726	0.49433	0.49433	8	8
81c3b4d159825b9300e8ddb1ef5b3388	32405	32405	0	0.6652	0.6652	-817244.314	-817244.314	0.09078	0.09078	4	4
81f8ebd5e1d9321fe4c1ffe79d935121	19879	19879	0	0.2743	0.2743	-817231.073	-817231.073	0.06072	0.06072	12	12
821dc10a5bcc90332a43509a7f8d76f6	18280	18280	0	0.3540	0.3540	-817273.514	-817273.514	0.10536	0.10536	9	9
823cfb1d83961d4ea23962801a68a853	996	996	0	0.2747	0.1468	-618140.929	-814756.855	0.00010	0.00010	4	8
825bfc6690a173045a7f228f649afeba	5358	5358	0	0.9927	0.9927	-817201.745	-817201.745	0.00978	0.00978	1	1
82b1079e1ab6d061c05e33d736200a48	16602	16602	0	0.2381	0.2381	-817293.887	-817293.887	0.38419	0.38419	30	30
8320ac45e179e9c87381c237d2fb7f4d	781	781	0	0.3497	0.3497	-817266.951	-817266.951	0.23125	0.23125	9	9
8342b0f93b2fae884ea5f60571c7573a	34127	34127	0	0.5631	0.5631	-817209.314	-817209.314	0.02094	0.02094	7	7
83489688d349c8a4ee1c66db2dcc50bc	24947	24947	0	0.6767	0.6767	-817229.912	-817229.912	0.04245	0.04245	3	3
83d8a56c975eb8cdf94baa8fc5264f2f	565	565	0	0.9489	0.9489	-817260.032	-817260.032	0.10536	0.10536	4	4
840210c279b29a55a12b614e7730c371	6907	6907	0	0.1830	0.1830	-817242.508	-817242.508	0.12083	0.12083	80	80
84027843081d9fdbebde22723bd82d09	8627	8627	0	1.0000	1.0000	-817244.745	-817244.745	0.10536	0.10536	1	1
84168aaca0038fa687ab5afa0e32f2f1	5343	5343	0	0.4106	0.4106	-817219.550	-817219.550	0.02535	0.02535	3	3
8427cdcf676ca6bb2e3471503c37007c	33370	33370	0	0.9999	1.0000	-618008.758	-813890.685	0.01772	0.08655	1	1
847296b095b9ff8b60b9daf49daa3579	37033	43759	39	1.0000	0.8918	-618040.012	-800236.513	42.52738	6.69736	1	3
8483b2934a10483cfee7d3f25b791766	51469	53081	52	0.8530	0.7411	-615573.403	-786966.603	29.48538	3.73325	2	6
84b95bbd74737c2490582430c54d5b33	18274	18274	0	0.6712	0.6712	-817251.881	-817251.881	0.10536	0.10536	4	4
854f9313368ac7ccb6fb24ec4d092437	31217	31217	0	0.9023	0.9023	-817233.914	-817233.914	0.06413	0.06413	6	6
8560b9c3d106294ae9835b5737bc2a52	43911	10028	15	1.0000	0.4660	-618423.271	-814929.782	0.14813	1.14754	1	4
857920e1f6fc67ecfe454c8909d058b0	9127	9127	0	1.0000	1.0000	-817227.563	-817227.563	0.06460	0.06460	1	1
8599f77a8770bd9b981ff34218d3a538	31966	31966	0	0.8905	0.8905	-817272.858	-817272.858	0.10536	0.10536	3	3
85d106aeb2f6956d0d1ec8001d232f0d	6374	6374	0	0.3349	0.3349	-817214.937	-817214.937	0.01758	0.01758	3	3
85db6085e446ce25ec1ed841c34fdfcd	4692	4692	0	1.0000	1.0000	-817218.524	-817218.524	0.03962	0.03962	1	1
85fc7e8e0b53c3e47e13d13f16b78607	32427	32427	0	0.2029	0.2029	-817249.274	-817249.274	0.13307	0.13307	6	6
8617e996e9cd42429860827450b2d157	13414	13414	0	0.9191	0.9191	-817217.805	-817217.805	0.04223	0.04223	8	8
8663af29a59e1fb40d26f526e647f54a	31217	31217	0	0.5671	0.5671	-816304.892	-816304.892	0.00010	0.00010	5	5
8665809143df8a9a30c741123719ddf6	2435	2435	0	0.2981	0.2981	-817239.183	-817239.183	0.05767	0.05767	9	9
867644f96ebaf0708fbe699d40b237be	51404	51404	0	0.3824	0.3824	-817269.297	-817269.297	0.10536	0.10536	12	12
86b1453ea8848aa97daf8cf4d5a2adc5	32429	32429	0	0.2157	0.2157	-817254.897	-817254.897	0.15716	0.15716	7	7
86cbff709d9c27c084c9ecee2e5a4594	4696	4696	0	0.5497	0.5497	-817242.241	-817242.241	0.07189	0.07189	3	3
8747682df80164ff0fa4bf6ef8d928ea	32433	32433	0	0.4813	0.4813	-817273.120	-817273.120	0.20832	0.20832	5	5
8752de5c0df22b36629d7a225dc38d71	2158	2158	0	1.0000	1.0000	-817276.916	-817276.916	0.22601	0.22601	1	1
875eca54bfbdde9ed072fb0d495424b7	24324	24324	0	0.1314	0.1314	-817207.999	-817207.999	0.01098	0.01098	9	9
87842da07ae6708a38e9041688590540	3445	3445	0	1.0000	1.0000	-817206.258	-817206.258	0.00010	0.00010	1	1
878ad0dad2b3303950761160a449e1dd	19243	19243	0	0.9986	0.9986	-817212.754	-817212.754	0.02130	0.02130	1	1
879d9f96486ac030827155f2e19010fd	9127	9127	0	0.9752	0.9752	-817255.470	-817255.470	0.10536	0.10536	2	2
8850fd2313553573b1fdc3742acc7ecf	18852	18852	0	0.0910	0.0910	-817196.848	-817196.848	0.00010	0.00010	11	11
885bc1b09608b147f7ad2797385f311b	9308	9308	0	0.8981	0.8981	-817241.318	-817241.318	0.07586	0.07586	8	8
88b1423a7a50e9ee4fb3e9f3f7541a0e	18328	18328	0	0.8510	0.8510	-817257.570	-817257.570	0.10536	0.10536	3	3
88cab936e1d3e57fbd557c7910b032d1	31218	31218	0	0.9437	0.9437	-817243.867	-817243.867	0.10536	0.10536	3	3
892db371bf1b69dd871aa28c03457dfe	24453	24453	0	0.9996	0.9996	-817235.930	-817235.930	0.10999	0.10999	1	1
894903b6665d19da7c8b6f8c89ceca30	11577	11577	0	0.9989	0.9989	-817265.811	-817265.811	0.24291	0.24291	1	1
895f741e06043bef1d68e35c4cb1b9e2	31217	31217	0	0.4294	0.4294	-816302.525	-816302.525	0.00010	0.00010	5	5
8985b0057a763899634ec78bfb19c931	1987	1987	0	1.0000	1.0000	-816305.463	-816305.463	0.01987	0.01987	1	1
8a559dbdbcb2f00dc9caa9e164b7b790	21602	21602	0	0.9997	0.9997	-817219.155	-817219.155	0.10536	0.10536	1	1
8a6573812dd4ae9295de90e024f1f266	2322	2322	0	0.2787	0.2787	-817222.919	-817222.919	0.07140	0.07140	5	5
8a989d0af2b716cd4cbef79e3492efbd	6657	6657	0	1.0000	1.0000	-817211.829	-817211.829	0.00010	0.00010	1	1
8b3ba0a264a2857dd127e3bfd15ba69a	19395	19395	0	0.3154	0.3154	-817196.848	-817196.848	0.00010	0.00010	7	7
8b7878cfdb016853cf141ec71398e311	25094	25094	0	0.8933	0.8933	-817276.086	-817276.086	0.31228	0.31228	5	5
8bb5c63a8fbd380df728dc80d5cdc92e	43689	43689	0	0.3174	0.3174	-817327.673	-817327.673	0.76064	0.76064	6	6
8c02358f7eb35f94dc5259b94f890bd7	18886	18886	0	0.6074	0.6074	-817203.530	-817203.530	0.00010	0.00010	3	3
8c067ae6d8bae5c7dea0f9d9971059af	787	781	7	1.0000	0.5612	-618113.945	-814846.808	0.10536	0.36584	1	10
8c08a3fb5dada92b7cc612b659faa98f	18366	18366	0	0.7669	0.7669	-817247.211	-817247.211	0.10536	0.10536	9	9
8c1c92a2933f4f26dfb3303d467913af	6373	6373	0	1.0000	1.0000	-817196.855	-817196.855	0.00010	0.00010	1	1
8c32858a3f2b9da64a71cca18a3ef7cd	29686	29686	0	0.3327	0.3327	-817301.072	-817301.072	0.49536	0.49536	7	7
8c39aaa6e125eae6d0cf80c6befc8fef	18274	18274	0	0.9977	0.9977	-817249.584	-817249.584	0.10536	0.10536	1	1
8c75d69fc30d0a8991ae2f76f1c29edb	866	866	0	1.0000	0.7037	-618007.750	-814780.056	0.00594	0.03260	1	2
8d33f7e20665ea4691aaf308dfa9eb17	28971	28971	0	0.5670	0.5670	-817261.252	-817261.252	0.15586	0.15586	17	17
8d8cbb049aacff107cff4da761b86ac9	18405	18405	0	1.0000	1.0000	-817196.868	-817196.868	0.00010	0.00010	1	1
8d8ea959e75726b5635c2e334719080a	18327	18327	0	0.2626	0.2626	-817266.000	-817266.000	0.24610	0.24610	15	15
8dc6b6de9cc6af2fc557fac7381d382a	36917	36917	0	0.7231	0.7231	-817196.849	-817196.849	0.00010	0.00010	3	3
8e4f2445190489a75d16ac738fcf95dd	9485	9503	4	0.9874	0.7177	-617871.344	-813899.128	0.02689	0.10536	2	7
8e66dfb382fd20d6fd5b1a9dad202758	13581	13581	0	0.2909	0.2909	-817200.651	-817200.651	0.00010	0.00010	27	27
8e90ac3aff93b4e4b9b2eca34a8d77d6	528	528	0	0.9975	0.8261	-618178.716	-814777.315	0.01167	0.06179	1	4
8ef2f4860693924c0623b69e2c57bf5b	9127	9127	0	0.4711	0.4711	-817243.251	-817243.251	0.10536	0.10536	3	3
8f08668d725ae818ecab694518ef2c8f	9219	9219	0	1.0000	1.0000	-618489.365	-813972.071	0.06778	0.10536	1	1
8f83792a364f9007ec6588dbb895d0e5	18329	18329	0	1.0000	1.0000	-817228.650	-817228.650	0.10536	0.10536	1	1
8fb89661800388f35fa7679b4329d6ac	9132	9132	0	1.0000	1.0000	-618281.115	-814844.485	0.04313	0.10536	1	1
900604ae49ce82ca38f6f9e168f107b3	2747	2747	0	0.7545	0.7545	-816410.280	-816410.280	0.48032	0.48032	11	11
905d105eaa24266c4c1d9240c6f6e13d	6374	6374	0	0.9360	0.9360	-817243.294	-817243.294	0.10536	0.10536	3	3
9137891381f9ab95d217c6174504ca31	10932	10932	0	0.4597	0.4597	-817262.140	-817262.140	0.22296	0.22296	3	3
91d0f625bb402d991cecb581809c1cac	1304	1304	0	1.0000	1.0000	-817209.443	-817209.443	0.02059	0.02059	1	1
91e2a4299350986e816d2d0b49566af8	21368	21368	0	0.4918	0.4918	-817229.862	-817229.862	0.06854	0.06854	3	3
91f9569e6386a818608bf46a80092acc	12834	12834	0	0.9657	0.9657	-817206.136	-817206.136	0.00010	0.00010	5	5
9208222256f49f34fed50eb1667eab23	4525	4525	0	0.9210	0.9210	-817223.014	-817223.014	0.10536	0.10536	3	3
920def9f98813ed23be8e94a9e5ace40	31973	31973	0	0.7378	0.7378	-817298.605	-817298.605	0.42537	0.42537	4	4
92325a750f6299fa904805e745f3ad3a	10189	10189	0	0.6379	0.6379	-817216.611	-817216.611	0.02887	0.02887	14	14
9234fdaa2b07ddbb9f071972e68fc5b1	13736	13736	0	0.7054	0.7054	-817200.607	-817200.607	0.00010	0.00010	7	7
92e9e1360e0a870b189f17701d7c08a6	777	777	0	0.8854	0.8854	-817245.273	-817245.273	0.10536	0.10536	9	9
9363dcd525e5aad1cf64df835968e8b8	4573	4573	0	0.9995	0.9995	-817237.159	-817237.159	0.10536	0.10536	1	1
939d0490bb8073c3779a9a53af9a3295	8623	8623	0	0.4491	0.4491	-817291.100	-817291.100	0.10536	0.10536	4	4
93a64498a34187d2b32748eae902738e	16673	16673	0	0.7572	0.7572	-817196.849	-817196.849	0.00010	0.00010	3	3
93a7962ae432209abddad518dc561565	526	526	0	0.9879	0.9879	-817295.119	-817295.119	0.33447	0.33447	2	2
9420a22a51b4557738317d314f039368	2749	2749	0	0.3527	0.3527	-817272.870	-817272.870	0.10536	0.10536	6	6
9440d90deecee324ffcd27a6bbd79297	4928	4928	0	0.1152	0.1152	-817309.403	-817309.403	0.46646	0.46646	78	78
94600c13a21054769c5c539ba06d1fd6	9298	9298	0	0.9605	0.9605	-817265.937	-817265.937	0.18727	0.18727	3	3
949c8bb0118d8ec84dc51a7abd18bc82	37620	37620	0	0.2625	0.2625	-817254.670	-817254.670	0.13093	0.13093	7	7
94d6877b0ec461fe72e2d6639a29f736	18329	18329	0	1.0000	1.0000	-817239.242	-817239.242	0.10536	0.10536	1	1
9539118712100b8aa19388184f872575	28973	28973	0	0.9530	0.9530	-817257.263	-817257.263	0.14422	0.14422	20	20
956aedf997334b53dbe48619ca6d788f	20446	20446	0	1.0000	1.0000	-817204.361	-817204.361	0.01041	0.01041	1	1
957dc0e30ece2af3867ce39eb2e7217f	47457	47457	0	1.0000	1.0000	-817390.849	-817390.849	1.56599	1.56599	1	1
95c3b7f302e85ceb09d233ff544c44bc	18389	18389	0	0.4046	0.4046	-817211.210	-817211.210	0.02091	0.02091	3	3
961ef36095f7615cc8115b2a316b52a7	5339	5339	0	0.3539	0.3539	-817196.849	-817196.849	0.00010	0.00010	3	3
966cc57af650b72cb33a3de1663ee40c	21303	21303	0	0.8948	0.8948	-817257.310	-817257.310	0.18019	0.18019	2	2
969ffa09c2d331f6ae53764e39f2b088	9127	9127	0	0.7195	0.7195	-817237.118	-817237.118	0.06802	0.06802	3	3
96c74d89e655dd6d8b60bc59528ea14d	18571	18571	0	0.9947	0.9947	-817280.576	-817280.576	0.20657	0.20657	1	1
973e1182a5561a06c4cf2b5dad6602d8	4708	4708	0	0.9216	0.9216	-817230.509	-817230.509	0.03181	0.03181	4	4
97571a9a7f1b16f1f5f803af78875360	16528	16528	0	1.0000	1.0000	-817254.429	-817254.429	0.10536	0.10536	1	1
9770d95043b18854563ece92c980c8f0	19439	19439	0	0.3050	0.3050	-817281.802	-817281.802	0.38607	0.38607	14	14
979649b0750d7e4e418e22b75f0fe3fe	32370	32370	0	0.9263	0.9263	-817294.363	-817294.363	0.37309	0.37309	3	3
981e19a22cbf337571905e36046d9d54	24885	24885	0	0.1954	0.1954	-817240.483	-817240.483	0.10536	0.10536	14	14
9839db597940d290f02fdd707ecf6f6b	4527	4527	0	1.0000	1.0000	-817196.854	-817196.854	0.00010	0.00010	1	1
98569af6b7b220133f2a869c351d7da4	4663	4663	0	0.9864	0.9864	-817249.862	-817249.862	0.10536	0.10536	2	2
98a3819503b21bc6c94e05f2fe382502	4699	4699	0	0.9942	0.9942	-817196.849	-817196.849	0.00010	0.00010	1	1
992c5fc2a63b062f832bd73e327f2ad6	9139	9139	0	1.0000	1.0000	-817322.805	-817322.805	0.10536	0.10536	1	1
993018e749f43bdc3593414e0fee0818	24926	9742	35	1.0000	0.3445	-602177.749	-779323.335	0.62463	1.67288	1	4
9976d23b5342daa758788a20e7ed6cd7	1567	1567	0	1.0000	1.0000	-817204.585	-817204.585	0.00864	0.00864	1	1
99831eff8ee0fa2726174b091c7911fa	32433	32433	0	0.6369	0.6369	-817255.812	-817255.812	0.10536	0.10536	11	11
9a70633c118ef72af5f88fbb288f24b2	18361	18361	0	1.0000	1.0000	-817233.469	-817233.469	0.10536	0.10536	1	1
9a809080c2d171526cd6e404fcc51071	32370	32370	0	0.8930	0.8930	-817283.939	-817283.939	0.25783	0.25783	2	2
9ace77f1ab489980518f70c5b939845d	32424	32424	0	0.3844	0.3844	-817247.562	-817247.562	0.10536	0.10536	12	12
9b2811e5cd977714f7b86b6af4c3df48	32370	32370	0	0.9212	0.9212	-817309.975	-817309.975	0.45199	0.45199	4	4
9b6f8e04cf223dc00ef79398a46c9aa1	32433	32433	0	0.2399	0.2399	-817243.070	-817243.070	0.10536	0.10536	9	9
9bb6c3acd1ccc7c6ca8457981825b24a	2510	2510	0	0.5405	0.5405	-817252.736	-817252.736	0.10536	0.10536	12	12
9bcab3512c58fde4dcd2db87110b5812	866	865	1	0.9756	1.0000	-617995.088	-814764.099	0.00289	0.01034	2	1
9bde44d7f9efc3174ec322e7a751d2c5	24805	24805	0	0.4670	0.4670	-817257.732	-817257.732	0.17254	0.17254	20	20
9bfb5c95d205f0e815d5fdbfb8962af0	16528	16528	0	0.9881	0.9881	-817256.624	-817256.624	0.10536	0.10536	2	2
9c4d7a23882826bb873303ae3786bc22	21303	21303	0	0.2915	0.2915	-817239.217	-817239.217	0.10536	0.10536	7	7
9dc57272662be5bdd6c31533b1eed4ea	4731	4731	0	0.7495	0.7495	-817225.419	-817225.419	0.10536	0.10536	4	4
9dcd49028537ab499a502aa1e52b48d6	31076	8023	35	0.9848	0.2986	-618107.633	-800247.810	43.20319	9.88141	2	7
9decfa80ef9550b7223479173cc00a4d	51404	51404	0	0.4389	0.4389	-817316.827	-817316.827	0.10536	0.10536	3	3
9e40cecc03b8de4ef7a12653f64ada80	23811	23811	0	0.2021	0.2021	-817214.184	-817214.184	0.02765	0.02765	7	7
9e4bef959c9854fa63a2f41d22dc5b90	45878	45878	0	0.4222	0.4222	-817321.497	-817321.497	0.59002	0.59002	5	5
9e9f7307d2364d1edcee0d9b557e624c	53483	53483	0	0.9971	0.9279	-730442.781	-796793.328	1.19711	4.61079	1	3
9f1906bc549a5bc555809eb747f2cfaf	31968	31968	0	1.0000	1.0000	-817258.343	-817258.343	0.10536	0.10536	1	1
9f6b8023d799ee9ce5f3729e92fd96dd	32337	32337	0	0.8102	0.8102	-817307.034	-817307.034	0.48450	0.48450	3	3
9f7c6e2d70bebcea14b26f84d0a5b3eb	33484	33484	0	0.4122	0.4122	-816391.598	-816391.598	0.44517	0.44517	5	5
9fa6538c479c1c2f1bb96e722d402d62	1541	1541	0	0.9882	0.9882	-816356.867	-816356.867	0.10536	0.10536	2	2
9fa838e9c4bb3bfda242627153fae513	33370	33370	0	1.0000	1.0000	-617997.177	-813879.535	0.01306	0.05485	1	1
a01e57c155184f992220db391ed82d35	19590	19590	0	0.7623	0.7623	-817273.513	-817273.513	0.21455	0.21455	27	27
a0849f6f3bc3cab3e5d8d040ece1f7fb	31218	31218	0	0.9405	0.9405	-817244.779	-817244.779	0.14281	0.14281	3	3
a095e8e05b49e110415d1eb04b3be4a1	33247	33247	0	0.9914	0.9914	-817216.066	-817216.066	0.01962	0.01962	1	1
a0e18296ce4c40da6d57b8cffb307d8b	9219	9219	0	1.0000	1.0000	-817312.998	-817312.998	0.58751	0.58751	1	1
a1037647d40072f39534b47dc5bff6ac	44017	44017	0	0.3758	0.3758	-817358.413	-817358.413	0.75469	0.75469	21	21
a12417dff00c659896baaa89f8c4284c	1977	32402	25	1.0000	0.7243	-730456.815	-796796.666	1.87846	7.57752	1	6
a12cc41a4d49a8c42f67ea17e36d89e2	9126	9126	0	0.9751	0.9751	-817253.681	-817253.681	0.10802	0.10802	3	3
a1958d1f6daa7e2db69ed630ea184a6b	33376	33376	0	0.9238	0.9799	-617989.774	-813879.649	0.00905	0.10536	2	2
a19d51fff322b71b4c0b67f5e1040705	8105	7819	24	1.0000	0.8197	-602129.149	-779362.508	34.83381	5.99073	1	2
a1b046d43a8f76648a252bbb67151f99	32017	32017	0	0.3334	0.3334	-817268.362	-817268.362	0.25513	0.25513	3	3
a1ba9dcd5f3d14ae8e8d1c88447ecae1	43054	1977	23	1.0000	0.9092	-730361.892	-796795.573	1.45894	5.17686	1	2
a204a4408201266f59b51251eb2945be	24582	24582	0	0.2893	0.2893	-817291.281	-817291.281	0.41402	0.41402	44	44
a21559047b7ec389e332546350352731	3642	43606	61	1.0000	1.0000	-618050.789	-814040.911	0.10536	1.69840	1	1
a2405a335caa276c5e5a99d75f0b60de	787	781	7	1.0000	0.5517	-618120.612	-814848.485	0.10536	0.38509	1	10
a24d5224aa271c8f88cc12f84f7a1269	18393	18393	0	1.0000	1.0000	-817221.418	-817221.418	0.03362	0.03362	1	1
a2c4ead6b27d5d1767bddf56ab967478	18274	18274	0	0.8543	0.8543	-817246.005	-817246.005	0.10536	0.10536	3	3
a2db9db8538e0513525d91ace65268a8	21501	21501	0	0.8682	0.8682	-817245.066	-817245.066	0.13194	0.13194	3	3
a2fde72b80049fadeab06a7d275b5e85	8811	8811	0	0.9937	0.9937	-817247.452	-817247.452	0.11871	0.11871	1	1
a35e4899b12d81046ff1f0e972deaeea	19167	19167	0	1.0000	1.0000	-817296.301	-817296.301	0.10536	0.10536	1	1
a365e6634d189cec5ec5a5fc433803c3	11477	11477	0	0.2500	0.2500	-817203.154	-817203.154	0.01048	0.01048	4	4
a38379535e6696b78a80adf98c3500f3	19412	19412	0	0.4970	0.4970	-817271.191	-817271.191	0.18540	0.18540	5	5
a3bbd161ae0fea06c83185c7a0a4cd80	33177	33177	0	0.9397	0.9397	-817224.333	-817224.333	0.10536	0.10536	3	3
a3c796c034164751a1707987e7939edd	488	514	5	1.0000	0.3072	-618112.513	-814838.667	0.04768	0.29896	1	9
a3ca6dd8bfeac9dc7ab27d234db4000d	25984	25984	0	0.2367	0.2367	-817283.444	-817283.444	0.34163	0.34163	27	27
a3db81f2cb2a1cb433d7d95c40bd7d19	18329	18329	0	0.9974	0.9974	-817255.418	-817255.418	0.10536	0.10536	1	1
a458a874fc9831d6ee5b8eec31847a8d	32370	32370	0	0.8658	0.8658	-817260.125	-817260.125	0.14622	0.14622	4	4
a46d5f32686c29882c416c54b30ab9c0	20045	20045	0	0.1884	0.1884	-817238.171	-817238.171	0.11223	0.11223	100	100
a49efcec56d5541fdc37d63f6b990260	21496	21496	0	0.2884	0.2884	-817207.319	-817207.319	0.01077	0.01077	9	9
a53f7e8bb5abec05bb008a8757a52ae1	4573	4573	0	1.0000	1.0000	-817221.200	-817221.200	0.00267	0.00267	1	1
a55e28d33bbdcb48057c52a9d9746085	32370	32370	0	0.8382	0.8382	-817292.924	-817292.924	0.38976	0.38976	3	3
a5c572c84e50194453f17944f30a1d3c	777	777	0	0.5455	0.5455	-817251.774	-817251.774	0.10536	0.10536	10	10
a5e18e1c6b2e0ad104db1caa2d188c5a	18365	18365	0	0.4835	0.4835	-817239.905	-817239.905	0.11177	0.11177	3	3
a5f464d177ba5da1d6c2a72b3cb0efa8	44914	44914	0	0.4834	0.4834	-817212.869	-817212.869	0.00010	0.00010	3	3
a6078458197bcaba05712ff95f90831d	4690	4690	0	1.0000	1.0000	-817220.410	-817220.410	0.04084	0.04084	1	1
a6588b8da8478f9ee50c91557abbdb32	37033	43759	39	1.0000	0.9963	-618039.634	-800238.262	43.37068	6.90633	1	1
a66bd5d64a429bdcfab07dec8623c370	490	514	4	1.0000	0.6876	-618066.646	-814810.881	0.02636	0.10536	1	10
a68786ce656e4ce16db1f01c940f38e3	24388	24388	0	0.6468	0.6468	-817242.479	-817242.479	0.10536	0.10536	3	3
a6a3c4b468394733fb8b63d936fe5979	8013	8013	0	0.5786	0.5786	-817244.796	-817244.796	0.10536	0.10536	4	4
a6c937523f61ea40cbbbf0330d384438	18922	18922	0	0.7584	0.7584	-817312.138	-817312.138	0.47344	0.47344	3	3
a791c3fded9303ae5f1ebea96ab7b022	21614	21614	0	0.7867	0.7867	-817231.729	-817231.729	0.10536	0.10536	3	3
a7936d08841382c9ea49bc33dc265322	37033	43759	39	1.0000	0.4556	-618039.122	-800236.046	42.18611	6.21171	1	6
a7d7ee703820ed8ad72810735be07b3b	9121	9121	0	0.9758	0.9758	-817203.584	-817203.584	0.00955	0.00955	2	2
a7dcfdff02f2a61136833efd987fcf83	21296	21296	0	0.2876	0.2876	-817294.605	-817294.605	0.33114	0.33114	4	4
a8d9506c4c6cc1259d4689354fa2a5d9	18896	18896	0	0.8570	0.8570	-817275.912	-817275.912	0.26547	0.26547	3	3
a902e3f3d835e397ff3f0ed17506d205	36937	36937	0	0.5299	0.5299	-817249.383	-817249.383	0.11796	0.11796	16	16
a963639426f1c1bc27463fb1b7b67190	11790	11790	0	0.7079	0.7079	-817219.646	-817219.646	0.05695	0.05695	4	4
a9cd0c6aaf40c5b5c62a1682bf96a181	11424	11424	0	0.5229	0.5229	-817291.359	-817291.359	0.39554	0.39554	25	25
a9d889b35566068125b29c56a917d9c6	4549	4549	0	0.5244	0.5244	-817258.273	-817258.273	0.10536	0.10536	8	8
a9e0760d957cde241e105e06564fe040	9219	9219	0	1.0000	0.9999	-618903.626	-814885.410	0.08045	0.70090	1	1
aa32739db0eda02027921f09d7369685	4733	4733	0	1.0000	1.0000	-817204.574	-817204.574	0.01003	0.01003	1	1
aa381b4d79913daa16f73fd24fad3310	33442	33442	0	1.0000	1.0000	-617802.274	-813873.561	0.00323	0.02264	1	1
aa5f8e658a75e27c070435e4a4076a3a	7424	7424	0	1.0000	1.0000	-817215.160	-817215.160	0.00010	0.00010	1	1
ab0740b7509ade12987ed27696e8822d	787	830	7	1.0000	0.7807	-618145.183	-814857.401	0.10536	0.44557	1	6
ab85c3020de6388f99861c0c816dae54	31076	31076	0	1.0000	1.0000	-800254.438	-795317.862	25.76072	4.50571	1	1
abb31f99d3dea317c0c50217d44f0e94	4682	4682	0	0.6199	0.6199	-817292.835	-817292.835	0.32804	0.32804	10	10
abd5601f89453d7254d2addc1a46684f	32433	32433	0	0.9662	0.9662	-817249.177	-817249.177	0.10536	0.10536	4	4
abf17e7ff9a6999ab4ca3c88dc8ba8b8	23082	23082	0	0.3400	0.3400	-817267.795	-817267.795	0.21633	0.21633	9	9
abfb2ef990907ba8501b03806a6553a9	2431	2431	0	0.8567	0.8567	-817300.479	-817300.479	0.30190	0.30190	3	3
ac38688584c98e1da7e672913d7fd8fe	19539	19539	0	0.5053	0.5053	-817243.793	-817243.793	0.10536	0.10536	15	15
ac4553046e8da104c560ddc09bf5529b	32020	32018	1	0.9987	0.8952	-618390.028	-814802.739	0.01434	0.10536	1	4
ac7a6bd129382fe903e84ebce3bb5da6	2014	2014	0	1.0000	1.0000	-817290.231	-817290.231	0.29904	0.29904	1	1
ad39e60dd027742b943e042c2ed9319c	2013	2013	0	0.7984	0.7984	-817291.751	-817291.751	0.34707	0.34707	4	4
ad54ba322a9d370eb0240804b85232b0	7999	7998	1	0.9273	0.3656	-618449.532	-814832.453	0.04717	0.27636	2	5
ad791c7cba0a6616bd426a03e0b9dd57	19432	19432	0	0.3322	0.3322	-817281.002	-817281.002	0.33187	0.33187	12	12
ada2234ac58fde303d646240f96066de	906	884	5	0.7869	0.9718	-618106.456	-814827.665	0.04363	0.17348	2	2
adbd621f4fcf45ea5d14ec362685778c	43677	43677	0	0.9808	0.9808	-817196.851	-817196.851	0.00010	0.00010	2	2
ae12274bd1c1c0a71a73d5761aa9bc4e	32412	32412	0	0.2412	0.2412	-817254.484	-817254.484	0.16694	0.16694	11	11
ae455077b4185c8f11378a4fd8c56eb3	24543	24543	0	0.2574	0.2574	-817288.847	-817288.847	0.37354	0.37354	49	49
af049d00d10d8221868425afff22bf47	19403	19403	0	0.4878	0.4878	-817206.645	-817206.645	0.01009	0.01009	9	9
af39edf7846b7c19cee621f2da58970d	2431	2431	0	0.1450	0.1450	-817301.495	-817301.495	0.33717	0.33717	16	16
af55d75cc47f8d8bd388bdddc1e2c119	4533	4533	0	0.6298	0.6298	-817257.260	-817257.260	0.15152	0.15152	5	5
af5e07bea6319d7351933bb37e092a67	7269	7269	0	0.9721	0.9721	-817230.926	-817230.926	0.10536	0.10536	5	5
afbd7682cc37d32c7638e2d589dcbd91	32368	32368	0	0.4467	0.4467	-817296.040	-817296.040	0.32486	0.32486	3	3
afdc4251d48ead463273e2e954863736	21357	21357	0	0.1209	0.1209	-817226.991	-817226.991	0.07085	0.07085	15	15
afe7196ae0e6605a445288d5b7826d5d	29606	29606	0	1.0000	1.0000	-817225.702	-817225.702	0.10536	0.10536	1	1
b04e241362f4555f2dc7cf3538e92e0f	514	514	0	1.0000	1.0000	-817270.247	-817270.247	0.10536	0.10536	1	1
b060451e77e159ae6d51cd33dd6a5171	24668	24668	0	0.3328	0.3328	-817238.094	-817238.094	0.10536	0.10536	23	23
b07abb782cb8dbaab31b2510e026f2c9	7269	7269	0	0.5793	0.5793	-817209.686	-817209.686	0.01016	0.01016	7	7
b08414e6f6a5bf6b0d32048eda75023a	25027	25027	0	0.5255	0.5255	-817247.029	-817247.029	0.12097	0.12097	8	8
b085e79bfcb4b67abd23ed4c8d7197c2	4533	4533	0	0.9194	0.9194	-817260.367	-817260.367	0.10536	0.10536	2	2
b0a17084d9d1a6a5d7a89e61183a7f50	10178	10178	0	1.0000	1.0000	-618612.782	-814969.558	0.10536	2.83032	1	1
b0a819e99aee1ef83601f784821817b0	24447	24447	0	0.9478	0.9478	-817242.859	-817242.859	0.10536	0.10536	3	3
b1253e32e08a308ea6579b82b74e0e44	5341	5341	0	0.7176	0.7176	-817220.055	-817220.055	0.10536	0.10536	3	3
b15215355845cdc46232287e349531eb	53626	53626	0	0.6958	0.7472	-730320.618	-795855.434	0.82891	2.97637	2	2
b1bea4bcfb495a29e8321139d3a6cc75	37033	43759	39	1.0000	0.8921	-618039.615	-800236.115	42.52738	6.69736	1	3
b29191f8ff3d0fc3ea4142e739a5b501	18571	18571	0	0.9944	0.9944	-817292.390	-817292.390	0.32668	0.32668	1	1
b2e157d9503dc939792af17ce592d8b1	53605	53605	0	1.0000	1.0000	-817279.526	-817279.526	0.10536	0.10536	1	1
b2ff4ea0d673db4f06d2d40e987350e3	996	996	0	0.4975	0.1464	-620914.196	-814684.102	0.01157	0.03074	2	8
b32fc657a158abf94c6678d5215bfa5e	7424	7424	0	1.0000	1.0000	-817221.716	-817221.716	0.10536	0.10536	1	1
b3373e32df3caff0a6d72fd9847ed0a9	18366	18366	0	0.7268	0.7268	-817250.052	-817250.052	0.10536	0.10536	4	4
b34f3dde211d4835d2c13c7ff331f44a	21587	21587	0	0.0801	0.0801	-817233.247	-817233.247	0.10536	0.10536	31	31
b3829b6c4717e020592c78f53448e84c	5335	5335	0	0.9961	0.9961	-817211.944	-817211.944	0.01046	0.01046	1	1
b3ad13f8248786b0d504bb69491f996f	31968	31968	0	0.3060	0.3060	-817286.489	-817286.489	0.34914	0.34914	7	7
b3ee7879ca8d1f1acc38a471f277a332	21295	21295	0	1.0000	1.0000	-817210.496	-817210.496	0.01164	0.01164	1	1
b3fe0eb33b865e76f5d045562ff8160c	5047	5047	0	0.1056	0.1056	-817201.607	-817201.607	0.00010	0.00010	51	51
b4034dfe6cb36ee29234861e685cc1e0	905	905	0	1.0000	1.0000	-618140.944	-814756.870	0.00010	0.00010	1	1
b44def23c8795b83b6bd76265158f471	1308	1308	0	0.4318	0.4318	-817228.985	-817228.985	0.07964	0.07964	5	5
b50bf33d57fe7dec5a0d38e0cf8e0c41	7258	7258	0	0.5493	0.5493	-817196.850	-817196.850	0.00010	0.00010	3	3
b5869b29c32ca7a1c05f9fa3dee00b8c	21294	21294	0	0.2881	0.2881	-817314.543	-817314.543	0.52082	0.52082	4	4
b5bf356050f89ef3a7ffcc5bd21c680c	20281	20281	0	0.3255	0.3255	-817205.960	-817205.960	0.01089	0.01089	6	6
b5f48ede36f65ceef4aedcefd40d3104	20452	20452	0	0.9980	0.9980	-817204.339	-817204.339	0.01034	0.01034	1	1
b651d6caf8be258c84d66f144712cce9	21598	21598	0	0.1047	0.1047	-817234.801	-817234.801	0.10536	0.10536	34	34
b65b0dd18f61f5648a02a7f095b8a424	33422	33377	6	0.9986	0.2956	-617678.388	-813903.446	0.02459	0.10536	1	18
b69be67f8a5ffdd99074e20702ef8bfc	4696	4696	0	0.9146	0.9146	-817237.638	-817237.638	0.04516	0.04516	4	4
b7311162b8b533f2fc59ca4fbdf869b4	18560	18560	0	0.1186	0.1186	-817196.848	-817196.848	0.00010	0.00010	11	11
b75a2e7939d6897eabe312dfa51648e5	43457	43457	0	0.7505	0.7505	-817232.736	-817232.736	0.10536	0.10536	3	3
b7734037397df784b0df716a38faefa1	33484	33484	0	0.4131	0.4131	-816393.526	-816393.526	0.46366	0.46366	5	5
b7c7d01a4321cc38f25d461f7d0b6404	32412	32412	0	0.9894	0.9894	-817224.121	-817224.121	0.06499	0.06499	2	2
b7f7a188b8ba96ecaba0b2471d062d26	21499	21499	0	0.6894	0.6894	-817229.512	-817229.512	0.10536	0.10536	5	5
b7f9dcb4db7ba68a7b68db71c5dacb19	7324	7324	0	0.7674	0.7674	-817259.964	-817259.964	0.15619	0.15619	6	6
b83a3450ac7891aef6824966d6aff934	20208	20208	0	0.2744	0.2744	-817275.403	-817275.403	0.10536	0.10536	100	100
b863aa7081538e40d527e0e868025fe1	19961	19961	0	0.1741	0.1741	-817234.863	-817234.863	0.10536	0.10536	7	7
b8acaa0a8aa71f3313c01432f0455a5e	4695	4695	0	0.3304	0.3304	-817234.169	-817234.169	0.07170	0.07170	4	4
b99c618e07194f262c026c45531f0407	10181	10181	0	0.3933	0.3933	-817214.626	-817214.626	0.02078	0.02078	3	3
b9aa8465ad32ffca2382e4635b165244	12597	12597	0	0.1406	0.1406	-817220.570	-817220.570	0.05278	0.05278	100	100
ba2c429e135cbec247ad731cce1e916a	16678	16678	0	0.8781	0.8781	-817235.763	-817235.763	0.10536	0.10536	2	2
ba6ec65536eae40c9993e3fd9a08e1ff	787	830	7	1.0000	0.4706	-618150.784	-814857.159	0.10536	0.42200	1	6
ba866354264b8b815d3060d0bd66ab10	20196	20196	0	1.0000	1.0000	-817211.214	-817211.214	0.01277	0.01277	1	1
bac46bd2590ac2496509903f23c57023	24703	24703	0	0.2965	0.2965	-817242.376	-817242.376	0.10536	0.10536	23	23
bace1424bc6010fa50b4ba18d43d2069	11667	11667	0	0.7107	0.7107	-817290.507	-817290.507	0.36078	0.36078	17	17
bb3609175382b4293c04137d3cdb64c6	31968	31968	0	1.0000	1.0000	-817256.644	-817256.644	0.10536	0.10536	1	1
bc49a5467ccafde05bc1f83af558f613	31207	31207	0	0.4983	0.4983	-817277.823	-817277.823	0.25239	0.25239	2	2
bc5c2a00bc208d90095d6af405f54718	20296	20296	0	0.9666	0.9666	-817206.016	-817206.016	0.01095	0.01095	3	3
bc62fcda4dfb3e8f50f367b57f74e9a2	21329	21329	0	0.9857	0.9857	-817247.509	-817247.509	0.12790	0.12790	2	2
bc66455efff25b6b254822e852e6b274	4724	4724	0	0.8361	0.8361	-817268.837	-817268.837	0.20180	0.20180	8	8
bcbc6d37ddb07ab4b6beaaf3510cf647	46175	46175	0	0.5576	0.5576	-817332.489	-817332.489	0.84381	0.84381	6	6
bd070e1fd2644d6064cb1f41871d3f13	52512	52512	0	0.3983	0.3983	-817301.123	-817301.123	0.42092	0.42092	3	3
bd190f3388f5bf1108f9feb3abba9a39	473	473	0	1.0000	1.0000	-817218.218	-817218.218	0.04827	0.04827	1	1
be5c51e0ca3c46435108cd3e0e01440d	18415	18415	0	0.3557	0.3557	-817260.957	-817260.957	0.10536	0.10536	7	7
be6be0015abee43bc5fbb72b32d1f410	26435	26435	0	0.3858	0.3858	-817232.247	-817232.247	0.07406	0.07406	3	3
beaf9fdcbcaa1bacf21dfb0f2415c4e8	19453	19453	0	0.7859	0.7859	-817237.231	-817237.231	0.06930	0.06930	2	2
bee62d46a91c285f6e8a3bcc5cf7eee3	32370	32370	0	0.7446	0.7446	-817289.644	-817289.644	0.27357	0.27357	3	3
bef408ad5aba9ead6eab88ab358467ba	21599	21599	0	0.9886	0.9886	-817214.432	-817214.432	0.02620	0.02620	2	2
bf032aeaee76297fe7ce7e96c79902b6	32409	32409	0	0.2197	0.2197	-817259.598	-817259.598	0.19797	0.19797	10	10
bf341c5fb5aa2e2bb819f6e6af8a82b9	18357	18357	0	0.2360	0.2360	-817266.921	-817266.921	0.22533	0.22533	14	14
bf6320be584a4be31e5a171c2bb177fb	1456	1456	0	0.3318	0.3318	-817279.070	-817279.070	0.31780	0.31780	3	3
bf96b6b8499402dee2571b2018b566b4	18857	18857	0	0.9551	0.9551	-817196.849	-817196.849	0.00010	0.00010	2	2
bf9c6b910f9b08bd0a261db46e491d13	24646	24646	0	0.1979	0.1979	-817287.066	-817287.066	0.35698	0.35698	33	33
bfb88559944dfcea9bd499d61a95da17	43457	43457	0	0.7653	0.7653	-817232.801	-817232.801	0.10536	0.10536	3	3
c08e27570802cc22060faee6a87faf57	19972	19972	0	0.3474	0.3474	-817222.555	-817222.555	0.05711	0.05711	4	4
c0a1adea9815cc7772cc04083519468b	1446	1446	0	0.5828	0.5828	-817399.756	-817399.756	1.47050	1.47050	3	3
c0a33a9dce7cb42b1419a44040844f56	40362	40362	0	0.3929	0.3929	-817201.684	-817201.684	0.01041	0.01041	7	7
c13bf670f70e8730f726a0cdfd1574eb	12651	12651	0	0.6042	0.6042	-817221.847	-817221.847	0.10536	0.10536	45	45
c145db50596e0ad205402373da34dd28	20045	20045	0	0.3555	0.3555	-817211.335	-817211.335	0.02184	0.02184	4	4
c1e096fd4536184f75d659ef8b9aae4f	29606	29606	0	1.0000	1.0000	-817226.290	-817226.290	0.10536	0.10536	1	1
c1e4a34a87b492abfa93ca104144f755	10928	10928	0	0.1948	0.1948	-817260.763	-817260.763	0.22609	0.22609	7	7
c1e62cbe2f6e72367d7ca1a0a14853ff	43689	43689	0	0.3180	0.3180	-817327.233	-817327.233	0.74355	0.74355	6	6
c1fde99d567668a34628fa424d9540d8	7475	7475	0	0.9830	0.9830	-817204.110	-817204.110	0.01011	0.01011	2	2
c2009ca15b0f1926e457d57ff236e964	8796	8796	0	0.6877	0.6877	-817249.546	-817249.546	0.10536	0.10536	14	14
c246fec7e53ecb38b3371abf23b783d8	25971	25971	0	0.4290	0.4290	-817217.770	-817217.770	0.01530	0.01530	3	3
c3e7a50b9f9779694e5cec85c03e0166	33370	33370	0	1.0000	1.0000	-618007.307	-813889.692	0.01772	0.08945	1	1
c4498aab331f83dc98851e2cfaf1fd22	554	554	0	0.3349	0.3349	-817196.848	-817196.848	0.00010	0.00010	3	3
c46b0035cb7488b5bfc4de7401bba5ef	4692	4692	0	0.9943	0.9943	-817223.130	-817223.130	0.10536	0.10536	1	1
c49d00bbf79de75086c960a02c44b018	20121	20121	0	0.1556	0.1556	-817207.048	-817207.048	0.01054	0.01054	100	100
c51c5866040cb822f1c779cdc6a80238	7311	7311	0	0.3269	0.3269	-817222.774	-817222.774	0.05226	0.05226	4	4
c55c8530f3e439a29e37bc036b53e1f5	43054	33006	17	1.0000	0.8260	-730374.867	-796798.694	1.94973	7.84005	1	9
c57c594f31ea0e6590e2317d9fbbd25f	20161	20161	0	0.3851	0.3851	-817236.920	-817236.920	0.10536	0.10536	54	54
c58c63227a2d982f65267fa716598ef6	4691	4691	0	0.8661	0.8661	-817214.157	-817214.157	0.02994	0.02994	3	3
c5a5cb28b0321652ebebab58a4dcc848	43689	43689	0	1.0000	1.0000	-817196.878	-817196.878	0.00010	0.00010	1	1
c5b30cc941dd6bed15ac180626a945f8	2420	2420	0	0.5297	0.5297	-817232.368	-817232.368	0.07220	0.07220	8	8
c5c54bac840e795e20cbf65d255127f9	5361	5361	0	0.5007	0.5007	-817196.858	-817196.858	0.00010	0.00010	2	2
c5f26f57f0873cec0181beac8773366b	5360	5360	0	0.6212	0.6212	-817234.509	-817234.509	0.07162	0.07162	5	5
c62e5250076990a324aa4c179afb1907	843	843	0	0.9963	0.8830	-618209.252	-814791.820	0.01601	0.10536	1	2
c63af7734981bef0b67db5a311e5ffa6	2431	2431	0	0.9702	0.9702	-817300.351	-817300.351	0.27682	0.27682	3	3
c6bb2830cecc037be909e3ac0716f63f	510	511	1	0.9999	0.7991	-618261.784	-814823.149	0.02487	0.10536	1	5
c6fa4021fa9402058b1e146b7032ff63	1977	1977	0	1.0000	0.9092	-730449.786	-796794.417	1.60893	4.75630	1	2
c7294eb95a101c03d131f22c18252631	31795	31795	0	0.2607	0.2607	-817293.948	-817293.948	0.38682	0.38682	22	22
c829fd8a2566dc0388d806387109c579	18366	18366	0	0.8968	0.8968	-817248.052	-817248.052	0.10536	0.10536	8	8
c878bf3285d8080ba45bc4741c71c7bd	33328	33328	0	1.0000	0.4812	-617857.271	-813899.635	0.02839	0.14753	1	3
c89400be789fbb43ff716a7c24f26df8	31959	31959	0	1.0000	1.0000	-817252.882	-817252.882	0.10536	0.10536	1	1
c8bc777be6e3bbe2f9ce57e843e76d69	31960	31960	0	0.3339	0.3339	-817275.823	-817275.823	0.23294	0.23294	3	3
c8d56169b0ab88c600ecd9d4ca9b3c70	47889	47889	0	0.6195	0.6195	-817210.101	-817210.101	0.02081	0.02081	5	5
c938057e50024b5bd73c3e2905cbe702	21300	21300	0	0.9903	0.9903	-817242.739	-817242.739	0.10536	0.10536	1	1
ca2ffacf27799c97635af313ced56fbe	2431	2431	0	0.5712	0.5712	-817307.748	-817307.748	0.39514	0.39514	8	8
ca50ec24cba8c1c94cb489dd513dad4a	6684	6684	0	0.7735	0.7735	-817250.621	-817250.621	0.13563	0.13563	4	4
cad3392b22eb5ceef06768969df33aba	9143	9143	0	0.9393	0.9393	-817215.996	-817215.996	0.04226	0.04226	4	4
cadd11eaa115a9673fd9d9989feb7164	19410	19410	0	0.9101	0.9101	-817264.279	-817264.279	0.10536	0.10536	3	3
cae556f45385df07211a123a3a288271	43663	43663	0	0.7047	0.7047	-817329.038	-817329.038	0.60381	0.60381	2	2
cb21463f0d6207a710ac42dccec994a8	7324	7324	0	0.8260	0.8260	-817265.719	-817265.719	0.18060	0.18060	17	17
cb811866360fcef87065bc73cce6f08a	1458	1458	0	0.4838	0.4838	-817275.927	-817275.927	0.23933	0.23933	7	7
cb8598ce4a10634a19c09f6857fb26b2	4741	4741	0	0.2274	0.2274	-817240.855	-817240.855	0.10886	0.10886	10	10
cbbc5fad7f2dbc2c01ebcf97090f1e1b	18414	18414	0	0.9920	0.9920	-817239.569	-817239.569	0.10536	0.10536	1	1
cbc6854983bbd6bed86d9b6f2fba685b	32419	32419	0	0.7691	0.7691	-817243.671	-817243.671	0.10536	0.10536	5	5
cbe7f62d6306f75c9baf00ef655bbf86	31957	31957	0	0.2088	0.2088	-817273.269	-817273.269	0.10536	0.10536	22	22
cc42fa5e5c99ba120c3037b203e8e52c	6907	6907	0	0.1698	0.1698	-817242.274	-817242.274	0.12072	0.12072	82	82
cc5da34ef1c9d72c8f72dc2f3dcfb6a1	25027	25027	0	0.3272	0.3272	-817265.674	-817265.674	0.21150	0.21150	14	14
cc72dcd90512c4a3c98e1da553c6e9a5	12879	12879	0	0.6838	0.6838	-817208.948	-817208.948	0.01733	0.01733	21	21
ccb3da76c2ec4b1733fb43620d5a36bf	23789	23789	0	1.0000	1.0000	-817220.994	-817220.994	0.01461	0.01461	1	1
ccdd4092f1b129740bd0530a8ce4d55a	46158	46158	0	0.7564	0.7564	-817325.487	-817325.487	0.78002	0.78002	5	5
cd3b083a120071c0bed46c8a1e169207	4733	4733	0	1.0000	1.0000	-817216.007	-817216.007	0.02854	0.02854	1	1
cd64aefdfd317b5f68211d217191327f	18385	18385	0	1.0000	1.0000	-817230.837	-817230.837	0.10536	0.10536	1	1
cd7e14c4b24c471fca0acfb555ea6293	29606	29606	0	1.0000	1.0000	-817209.491	-817209.491	0.01313	0.01313	1	1
cd90ba065a08f34a33acad2c1ea34397	8849	8849	0	0.4101	0.4101	-817268.337	-817268.337	0.20625	0.20625	12	12
cdd3bcf3016aaa6449a600dae2b2c246	21293	21293	0	0.9864	0.9864	-817223.099	-817223.099	0.03416	0.03416	2	2
cde1cb94a3dc8922d48f7f11f05039b7	32370	32370	0	0.7409	0.7409	-817285.159	-817285.159	0.33169	0.33169	3	3
cf016ae304ff151bc5ad58026fbdff9c	25028	25028	0	0.9916	0.9916	-817237.701	-817237.701	0.08057	0.08057	1	1
cf1d445d78365fbe4a15e8492f959142	31973	31973	0	0.4050	0.4050	-817310.821	-817310.821	0.46258	0.46258	6	6
cf2eb7663c9c32ab5f9e2373b05f33b7	24953	24953	0	0.7625	0.7625	-817243.873	-817243.873	0.10536	0.10536	3	3
cf8057e8d8d020c77202af09bd6625f0	53485	53485	0	1.0000	1.0000	-817293.550	-817293.550	0.29050	0.29050	1	1
cf85e869f22a3c1e1a1545014c16849d	787	781	7	0.9924	0.6780	-618100.462	-814831.071	0.02868	0.25508	1	9
cfd21e388bcfdc88e452adc6a6f56506	21303	21303	0	0.9436	0.9436	-817255.247	-817255.247	0.16575	0.16575	2	2
cff9c29222c845b89b40c1122ec8aa27	23082	23082	0	0.2331	0.2331	-817271.357	-817271.357	0.23245	0.23245	17	17
d0490f0b44531284c27cbdec6e814a0a	31959	31959	0	0.9294	0.9294	-817268.599	-817268.599	0.10536	0.10536	2	2
d04ea652b8246cc818655f76a8dcdf19	24390	24390	0	0.9973	0.9973	-817242.271	-817242.271	0.12861	0.12861	1	1
d086b73c27b2d41aa52206cfde60eb54	32420	32420	0	0.9648	0.9648	-817251.375	-817251.375	0.10536	0.10536	2	2
d09a1faa0680cb6ba092e5e0a9ce453a	16528	16528	0	0.9750	0.9750	-817259.547	-817259.547	0.10536	0.10536	2	2
d09f5657899eaa9483bfdd0cbc7e38fe	19884	19884	0	0.7472	0.7472	-817205.756	-817205.756	0.01068	0.01068	5	5
d26cf7d1093438a24e3b7d179805e864	32341	32341	0	1.0000	1.0000	-817220.459	-817220.459	0.02277	0.02277	1	1
d295cf35f1e5d842b7fa99d242756bf5	52356	52356	0	1.0000	0.5001	-598284.197	-779134.909	0.50202	1.79051	1	2
d29c0201c62323b93553ff5961dcf0ee	1977	1977	0	1.0000	0.9971	-730449.348	-796794.348	1.58205	4.65957	1	1
d2acff26ea7e2d7e9297eb63cadc13f7	31955	31955	0	0.3831	0.3831	-817259.629	-817259.629	0.15083	0.15083	4	4
d35626a1fed5758190184f42d44ba05f	21294	21294	0	0.2954	0.2954	-817230.094	-817230.094	0.05952	0.05952	5	5
d366a5a24ef4e0d561e7c2f82c1eed39	9298	9298	0	0.8278	0.8278	-817256.908	-817256.908	0.13316	0.13316	3	3
d372a8b77bb30bd6d1e458320b06a8eb	4683	4683	0	0.4204	0.4204	-817271.089	-817271.089	0.16996	0.16996	4	4
d383cc087c0ab4ed918fdc9bca29124d	32405	32405	0	0.8405	0.8405	-817258.872	-817258.872	0.15059	0.15059	4	4
d3d9d0840341b1be6ed971c430d32dc4	31990	31990	0	0.9787	0.9787	-817264.784	-817264.784	0.16314	0.16314	2	2
d4110087b3af1fe5deb0aedee4557237	29646	29646	0	0.3490	0.3490	-817258.527	-817258.527	0.16772	0.16772	6	6
d52eba282347defcb2841376fc2a3268	866	866	0	1.0000	0.5756	-618008.521	-814785.039	0.00367	0.03417	1	3
d5383f2754c838836ea640717b06c74c	32433	32433	0	0.6982	0.6982	-817265.557	-817265.557	0.10536	0.10536	6	6
d548d996072d64998130e1649903ffd6	43689	43689	0	0.2987	0.2987	-817329.219	-817329.219	0.79566	0.79566	6	6
d609064868cc80d29042810f22a7e2ab	21293	21293	0	0.3049	0.3049	-817303.564	-817303.564	0.42134	0.42134	4	4
d61e7cfc7c2910edc3365b960a6e8192	43054	1977	23	1.0000	0.4004	-730370.244	-796796.011	1.60217	4.56832	1	6
d6c9308dda01641be1ee80d0a3ab8020	9117	9117	0	0.5012	0.5012	-817284.310	-817284.310	0.24564	0.24564	2	2
d6f91ba0670d7a172d025753f13e09cf	13617	13617	0	0.1485	0.1485	-817208.356	-817208.356	0.01046	0.01046	45	45
d726eee24158d9db89f6070a31c07f02	18888	18888	0	0.9951	0.9951	-817196.853	-817196.853	0.00010	0.00010	1	1
d75f5c50f4ecf61f192b7c7fcbaa25b5	21293	21293	0	0.3279	0.3279	-817307.371	-817307.371	0.42599	0.42599	20	20
d7b88a222bcc58bb3c1c00a4a904e1f2	21294	21294	0	0.3286	0.3286	-817283.153	-817283.153	0.27402	0.27402	4	4
d7ba8b200546ded3cee9bfe7df6e03a9	14851	14851	0	1.0000	1.0000	-817299.558	-817299.558	0.10536	0.10536	1	1
d7f674be54552f713f776b0e07778d4e	866	866	0	1.0000	0.5580	-618009.306	-814786.814	0.00622	0.03801	1	3
d807a846385897d59375c0d618cad04b	29606	29606	0	0.9910	0.9910	-817261.745	-817261.745	0.10536	0.10536	1	1
d84e5827e43b6e739bea264ac48bbb1a	8861	8861	0	0.5976	0.5976	-817248.344	-817248.344	0.10536	0.10536	8	8
d85d1f863c925284a5a1da8b581c8832	9127	9127	0	0.7745	0.7745	-817236.493	-817236.493	0.06905	0.06905	3	3
d85e155677df083baa52bb2249c6762e	29686	29686	0	0.3811	0.3811	-817300.335	-817300.335	0.45324	0.45324	5	5
d8651152fa73456560b198780e1b99ae	570	570	0	1.0000	1.0000	-618527.716	-814877.180	0.10536	0.57733	1	1
d8cbffb809c20430f64bd3eaee78a9ac	19167	19167	0	1.0000	1.0000	-817291.648	-817291.648	0.10536	0.10536	1	1
d8cda527e29f11e9e7dc3ba848c7a41a	13709	13709	0	0.1100	0.1100	-817196.848	-817196.848	0.00010	0.00010	17	17
d8d94dea8c39c1d70d265cb56f9b65d2	21324	21324	0	0.3150	0.3150	-817269.953	-817269.953	0.22983	0.22983	18	18
d91d435c52b21dbdbaed11798d318389	9076	9076	0	0.7271	0.7271	-817267.264	-817267.264	0.22743	0.22743	2	2
d95975409607137307d469f54e4ae18e	18551	18551	0	1.0000	1.0000	-817294.860	-817294.860	0.33066	0.33066	1	1
d95cd48203595cd026bcb4a5505d1a43	32413	32413	0	0.4461	0.4461	-817236.260	-817236.260	0.08015	0.08015	6	6
d9725265b3798e80b953a576abc6be76	43054	1977	23	1.0000	0.9024	-730364.918	-796795.927	1.62485	5.19360	1	3
d97ecaa6c3caca234c7935c3da8d6d96	23104	23104	0	0.3281	0.3281	-817279.484	-817279.484	0.29738	0.29738	6	6
d9e05966183c97d6875ef00f360311e1	3571	3571	0	0.3463	0.3463	-817196.848	-817196.848	0.00010	0.00010	3	3
da0650ed4323c6b2e765813f085a2109	33484	33484	0	0.4133	0.4133	-816394.859	-816394.859	0.46461	0.46461	5	5
da4127ee3cf93ce91b3ceb8cd62dbcf0	7022	7022	0	0.2855	0.2855	-817213.360	-817213.360	0.02013	0.02013	29	29
da649069ea0f9833574f65e79213cbd5	4694	4694	0	0.9999	0.9999	-817196.856	-817196.856	0.00010	0.00010	1	1
dabe110d0d0bc30ee96193fcf319dad8	2136	2136	0	0.2377	0.2377	-817304.736	-817304.736	0.48515	0.48515	7	7
db674a6d7a98e99aa21b37ada014d62b	18400	18400	0	0.4302	0.4302	-817266.849	-817266.849	0.21524	0.21524	3	3
db6f1db2d42293e667585fb67d7f2ad9	1457	1457	0	1.0000	1.0000	-817203.004	-817203.004	0.00010	0.00010	1	1
db82cca4c7605b47e0a14c32c861eb8a	31960	31960	0	1.0000	1.0000	-817266.976	-817266.976	0.10536	0.10536	1	1
db8ebc032fad31c69a6108e03530f54b	32905	32905	0	1.0000	1.0000	-817231.341	-817231.341	0.05192	0.05192	1	1
dbaebf26acbb80a66dde611b3f20fa1e	20880	20880	0	0.5986	0.5986	-817222.708	-817222.708	0.10536	0.10536	10	10
dc2195a898918a1c662787116241b4d9	17112	17112	0	0.8763	0.8763	-817198.355	-817198.355	0.00010	0.00010	5	5
dc8b1eeb4f12a962d2f0ab62d7820b56	29606	29606	0	0.9990	0.9990	-817256.932	-817256.932	0.10536	0.10536	1	1
dca986e48b7cdb69b51e6cfffda4b988	1255	1255	0	0.3454	0.3454	-817196.848	-817196.848	0.00010	0.00010	3	3
dcbcf80a70b47ee63fb2b0b4557bc105	43639	43639	0	1.0000	1.0000	-817217.318	-817217.318	0.03756	0.03756	1	1
dce651789471074295835bc29439f809	451	451	0	1.0000	1.0000	-817318.959	-817318.959	0.10536	0.10536	1	1
ddab69eeb004ae3a71dc9e9b325cfd03	18349	18349	0	0.9380	0.9380	-817257.589	-817257.589	0.10536	0.10536	2	2
de0f7803a1bc19c6ef17880aedeabf7f	31960	31960	0	0.9891	0.9891	-817276.266	-817276.266	0.10536	0.10536	2	2
de225f265192c679f86afc2ad2f2940b	1541	1541	0	0.9669	0.9669	-816361.127	-816361.127	0.10536	0.10536	2	2
de28f3effd8f3c237f8d90a438cc1f47	31960	31960	0	1.0000	1.0000	-817276.242	-817276.242	0.10536	0.10536	1	1
de7694bd297f1778b6f104ef97ecca40	4556	4556	0	0.8490	0.8490	-817244.300	-817244.300	0.10536	0.10536	7	7
de780ac69e1fde15d4337c6e19804935	21562	21562	0	0.1664	0.1664	-817231.998	-817231.998	0.09582	0.09582	22	22
de9d938764fba45edf89dd5d9ec946cd	18328	18328	0	0.9987	0.9987	-817248.525	-817248.525	0.10536	0.10536	1	1
df79215e4f11aa8e427609419eff0dde	25028	25028	0	0.9921	0.9921	-817228.915	-817228.915	0.06575	0.06575	1	1
dff77e7c67d98b74aa0fd40898914d0b	27978	27978	0	0.3442	0.3442	-817207.130	-817207.130	0.01112	0.01112	3	3
e009fe37176c1e829c585c0247580b37	37033	43759	39	1.0000	0.8346	-618039.781	-800238.616	45.23087	7.35354	1	5
e0321b3f2f4d5a5df5139647a1bc1d44	13559	13559	0	0.9579	0.9579	-817212.957	-817212.957	0.02132	0.02132	4	4
e0a417405824801625bc3df5b1682463	4733	4733	0	1.0000	1.0000	-817233.397	-817233.397	0.10536	0.10536	1	1
e0b582e8bfcf4d87c218e396e10d918f	53124	1347	44	1.0000	0.9972	-730336.510	-795877.871	1.60967	4.16427	1	1
e2589a55a695be9a230cf49736f09a41	21295	21295	0	1.0000	1.0000	-817230.132	-817230.132	0.06462	0.06462	1	1
e27a5d8d7c640ae0c43e579990385bb7	7022	7022	0	0.2727	0.2727	-817217.755	-817217.755	0.03240	0.03240	44	44
e2a315c8ac1ab97ea70adedf2beaad9d	7396	7396	0	0.6007	0.6007	-817238.297	-817238.297	0.10536	0.10536	3	3
e2bbcb09c1ab19ddb3be9d57624fa1f1	32429	32429	0	0.2049	0.2049	-817248.259	-817248.259	0.12679	0.12679	9	9
e2c9c53ec8fc50bbd6a896a8d5d098df	18375	18375	0	0.9997	0.9997	-817228.084	-817228.084	0.04660	0.04660	1	1
e39e099d53ae4eef6cdff8529636d295	32406	32406	0	0.4996	0.4996	-817241.912	-817241.912	0.10291	0.10291	2	2
e3d4297ccc6920eccb7caf93078f85da	1456	1456	0	0.3330	0.3330	-817275.655	-817275.655	0.30069	0.30069	3	3
e43f6cf99c5004141fb2d768ce2de24c	7281	7281	0	0.8159	0.8159	-817220.390	-817220.390	0.04509	0.04509	2	2
e459cc80d431b0f8e091a0ea4f2ab833	2510	2510	0	0.6067	0.6067	-817249.043	-817249.043	0.10536	0.10536	11	11
e4b27b225537af683826f5a407b49bb0	9488	9503	4	0.9987	0.8804	-617854.490	-813895.768	0.02103	0.10536	1	5
e58f2243cd57f48f170b915f9b191617	16678	16678	0	0.9532	0.9532	-817233.587	-817233.587	0.10536	0.10536	2	2
e5be7666e8f6f8edd8e0d63825357da5	2321	2321	0	1.0000	1.0000	-817196.867	-817196.867	0.00010	0.00010	1	1
e5c32e343f2c52e378fea1289171841f	6742	6742	0	0.4516	0.4516	-817208.117	-817208.117	0.01034	0.01034	10	10
e5c6015cf27e4afde47fc5a1874c66d1	904	904	0	0.5539	0.7369	-618008.626	-814786.575	0.00564	0.10536	2	3
e5ca6a62526eb945ca77ff63ce275428	31217	31217	0	0.9018	0.9018	-817233.914	-817233.914	0.06413	0.06413	6	6
e5ddc28e08dca4c8305fc0005a7e40b2	9127	9127	0	0.9912	0.9912	-817254.404	-817254.404	0.10536	0.10536	1	1
e6f06a1b12623ace2ce550836e19606e	37033	53037	56	1.0000	0.9575	-784376.408	-779601.821	49.06767	1.59270	1	4
e7297c91f607efc76ab9c677108bc0ad	32429	32429	0	0.2119	0.2119	-817267.939	-817267.939	0.21161	0.21161	7	7
e7a77832749871bd123d66396abcb7d8	21507	21507	0	0.9991	0.9991	-817244.158	-817244.158	0.07455	0.07455	1	1
e7cd87ff1ed5a0b7de2375801b369fed	786	786	0	0.2289	0.2289	-817271.019	-817271.019	0.25454	0.25454	9	9
e7db5a247057fa5ceb46f32b3d92c10d	514	514	0	1.0000	1.0000	-618282.053	-814829.546	0.02771	0.10536	1	1
e7de06e22d2393f39d227e0c04363749	31968	31968	0	1.0000	1.0000	-817241.636	-817241.636	0.10536	0.10536	1	1
e7f683915eb6003a80a959365cd9a95f	21563	21563	0	0.4344	0.4344	-817232.035	-817232.035	0.09549	0.09549	24	24
e87f0719d88ca8ea5cec1d0c3f341013	17247	17247	0	1.0000	1.0000	-817196.930	-817196.930	0.00010	0.00010	1	1
e8834a5d43886b06bc6312977c7eba10	21416	21416	0	0.3587	0.3587	-817232.684	-817232.684	0.07260	0.07260	10	10
e8c7cac9c91658168167dbafc03ee97a	4664	4664	0	0.5244	0.5244	-817224.301	-817224.301	0.03165	0.03165	3	3
e8ec035c84100528c1c4023050ff65d5	4663	4663	0	0.9874	0.9874	-817249.254	-817249.254	0.10536	0.10536	2	2
e8fdf38d223475663bfb88272f7a4157	21294	21294	0	0.3285	0.3285	-817279.360	-817279.360	0.25773	0.25773	4	4
e915770a58c0161640ef5414cb5149be	21303	21303	0	1.0000	1.0000	-817222.142	-817222.142	0.02161	0.02161	1	1
e96343b366b3c110e5b9b79c474289c8	31218	31218	0	0.7909	0.7909	-817247.484	-817247.484	0.15438	0.15438	3	3
e9764ed491f922a162f5ac952e1a200c	31076	52356	26	0.9513	0.9996	-800634.445	-795510.022	28.69940	3.15790	2	1
ea6d6873929f4e505e0d9724ea44e391	1309	1309	0	0.9996	0.9996	-817244.782	-817244.782	0.07404	0.07404	1	1
ea9105010ac5717ad9a8858c9a268171	10178	10178	0	1.0000	1.0000	-817377.234	-817377.234	0.10536	0.10536	1	1
ea99cba01844b969454c934b4da3203c	33334	33334	0	0.9475	0.4199	-617795.927	-813872.460	0.00766	0.03586	2	3
ea9f12e5c66a88499f0ac3c7c7eeaac6	7223	7223	0	0.3725	0.3725	-817218.688	-817218.688	0.03157	0.03157	27	27
eabd3311c3de211a655b065f43d296ae	1458	1458	0	0.5192	0.5192	-817275.931	-817275.931	0.24603	0.24603	5	5
ead73e91d97683ae03d37fb592e43675	8010	8010	0	0.9935	0.9935	-817210.419	-817210.419	0.01996	0.01996	1	1
eb780fa62535e3c8186bb8f4cfcd7714	29673	24879	15	0.7507	0.8437	-618284.489	-814829.020	0.05133	0.20154	12	13
eb89b9e9e9e8f5b2c3827b9d3ee5b151	4557	4557	0	0.1806	0.1806	-817234.886	-817234.886	0.08608	0.08608	10	10
ec201533d0fd91ada33759513872d4ce	32433	32433	0	0.9821	0.9821	-817247.561	-817247.561	0.10536	0.10536	2	2
ec54040d3d8939bcb15e42f43c81202e	25991	25991	0	0.1709	0.1709	-817287.006	-817287.006	0.34296	0.34296	20	20
ec7e67c280808546048806b4e1caffb8	7222	7222	0	0.4725	0.4725	-817257.958	-817257.958	0.16170	0.16170	25	25
ec8f34624bdc4aae241250536b5c8439	9219	9219	0	1.0000	0.9999	-618892.940	-814883.117	0.07686	0.71869	1	1
ecac7e847bafd72429e38c5b42cad22a	10932	10932	0	0.4564	0.4564	-817261.732	-817261.732	0.22290	0.22290	3	3
ece0bb4294e3c3174c77f2e8ab609bca	4690	4690	0	1.0000	1.0000	-817217.820	-817217.820	0.03019	0.03019	1	1
ecfa63cf1508820d25aa58e11050966e	8605	8605	0	0.3106	0.3106	-817253.233	-817253.233	0.15019	0.15019	5	5
ed31c4594c03123c0e04ee9a1a3c3711	29646	29646	0	0.6007	0.6007	-817256.957	-817256.957	0.14062	0.14062	5	5
ed704e12425cabfcc98617042fd39bf0	31960	31960	0	0.6991	0.6991	-817274.043	-817274.043	0.10536	0.10536	9	9
ed96629027a161ae657a16543ee8366c	32011	32011	0	0.5840	0.5840	-817279.855	-817279.855	0.33581	0.33581	7	7
eddc80834a0982c6105d0e5342c7b68c	18393	18393	0	1.0000	1.0000	-817214.858	-817214.858	0.03121	0.03121	1	1
ee1788ab6ff771125ce5f333be3d5aca	1644	1644	0	0.3353	0.3353	-816292.035	-816292.035	0.00010	0.00010	3	3
ee6b7a936e524630b3fd6634e42132b7	1977	1977	0	1.0000	1.0000	-730349.023	-795889.571	1.30270	4.56931	1	1
ee848d6fba4a3c29b805cef87f936d23	526	526	0	0.9821	0.9821	-817303.777	-817303.777	0.42657	0.42657	2	2
ee93889d3d7a4dbdae676b7ae4f0d2af	32433	32433	0	0.8212	0.8212	-817262.687	-817262.687	0.10536	0.10536	5	5
eebc9d4e20ef6623a456b9b05959c14f	33386	33386	0	1.0000	1.0000	-816303.055	-816303.055	0.02089	0.02089	1	1
ef01cbdca9a390aa5337de76b09e174c	32035	32040	7	0.9924	0.2530	-618279.187	-814828.577	0.04501	0.30935	1	18
ef34044dcf6d5b3686de5ef2988b0667	24314	24314	0	0.2727	0.2727	-817251.840	-817251.840	0.10536	0.10536	47	47
ef41fb62979ab23647568f043b407151	31968	31968	0	0.4082	0.4082	-817260.929	-817260.929	0.19909	0.19909	7	7
ef528090b9bf75c3b4c4dc55c0919f18	20875	20875	0	1.0000	1.0000	-817211.916	-817211.916	0.02524	0.02524	1	1
efa4868a5dd6cf46418d72dbe03035df	32054	32073	8	0.7311	0.1545	-617925.141	-813935.096	0.06095	0.35933	4	21
f008090342f92aa467ce47decab46e78	23057	23057	0	0.9725	0.9725	-817217.246	-817217.246	0.04403	0.04403	2	2
f0164941b03c861e9b6313292155c943	4738	4738	0	0.9797	0.9797	-817196.849	-817196.849	0.00010	0.00010	2	2
f02ba379a84799e0e5cdd8167c68fd63	53485	53485	0	1.0000	1.0000	-817292.714	-817292.714	0.10536	0.10536	1	1
f0970d2ce771eea5b045f2a53f0633b5	488	501	7	1.0000	0.1624	-618124.507	-814846.432	0.05537	0.32598	1	9
f0ef28be275a0167ab4c9b2c79240827	8629	8629	0	0.4285	0.4285	-817278.402	-817278.402	0.24058	0.24058	3	3
f17d0dd17f3c9133c927bf4d58faaf28	12724	12724	0	0.9201	0.9201	-817215.729	-817215.729	0.02425	0.02425	4	4
f190e0a677e067171f4ff5b10036fcd9	32433	32433	0	0.7196	0.7196	-817228.139	-817228.139	0.10536	0.10536	7	7
f196281148293ea7aaed7e11b56e0ed2	21295	21295	0	0.9784	0.9784	-817247.872	-817247.872	0.10536	0.10536	3	3
f1a993e167d74d8ed73d49464978935c	18398	18398	0	0.5001	0.5001	-817196.848	-817196.848	0.00010	0.00010	2	2
f1c95640b63dc5ec700b36de212e64db	31218	31218	0	0.7297	0.7297	-817245.011	-817245.011	0.10536	0.10536	6	6
f1ffb3a02b81ffd0752d4b649969975c	32409	32409	0	0.2975	0.2975	-817268.636	-817268.636	0.26155	0.26155	12	12
f2212f0f5fe278dc076f251254b1d871	23587	23587	0	0.3826	0.3826	-817278.030	-817278.030	0.27815	0.27815	13	13
f22bdaf33f29e0060ae834b3b61e84e3	18393	18393	0	1.0000	1.0000	-817215.200	-817215.200	0.03116	0.03116	1	1
f2ebdae2b2455effbdf6c42f70fd8d0e	25028	25028	0	0.9916	0.9916	-817242.470	-817242.470	0.10183	0.10183	1	1
f2f4175663a6427234bcb8e8a5f5e790	18551	18551	0	1.0000	1.0000	-817276.459	-817276.459	0.15386	0.15386	1	1
f2f70cd478641764a3d8da87788ee950	18349	18349	0	0.6598	0.6598	-817260.705	-817260.705	0.10536	0.10536	7	7
f2fdd571374ba38a3c99dfd9f1a830ab	1258	1258	0	0.9451	0.9451	-817196.850	-817196.850	0.00010	0.00010	2	2
f3b5d2663727fd29fea53561d01c41b0	845	845	0	1.0000	1.0000	-618229.930	-814805.064	0.02845	0.13925	1	1
f465086a2c9fc9d2da3185a5865e9783	18349	18349	0	1.0000	1.0000	-817235.628	-817235.628	0.10536	0.10536	1	1
f479ad8249a4a4d1710d8f71d8d8cdea	18551	18551	0	1.0000	1.0000	-817278.304	-817278.304	0.20349	0.20349	1	1
f4ad80b37c4f28a429c9f2a500685d0d	52685	52685	0	1.0000	1.0000	-816386.830	-816386.830	0.10536	0.10536	1	1
f4bd6dec9a722054f01b07a6c524a169	24390	24390	0	0.9974	0.9974	-817242.477	-817242.477	0.12916	0.12916	1	1
f5211803d8f0bca8277e989170d15b84	6891	6891	0	0.2551	0.2551	-817212.666	-817212.666	0.02695	0.02695	65	65
f5751ab2c39032be446982d818072c8c	31952	31952	0	0.2963	0.2963	-817282.452	-817282.452	0.29787	0.29787	17	17
f5d1d2f8c44cd90b3f21e98ac9d0a8b0	2431	2431	0	0.4423	0.4423	-817326.447	-817326.447	0.44652	0.44652	8	8
f640d120d83e7f728a645dfec855f20f	1641	1641	0	0.4788	0.4788	-816335.154	-816335.154	0.09618	0.09618	3	3
f66170d5b8905c4eeed54f3a15b2e8ce	13750	13750	0	0.1962	0.1962	-817202.992	-817202.992	0.00010	0.00010	37	37
f68de1dd48aed2cda7e561eee7404318	33535	33535	0	0.9987	0.9987	-817210.362	-817210.362	0.02072	0.02072	1	1
f6edcfe3d564a2a6275752d32c32898c	21295	21295	0	1.0000	1.0000	-817229.763	-817229.763	0.03982	0.03982	1	1
f721da32a5e7d26fa3748e46f36f1284	5335	5335	0	0.9993	0.9993	-817205.864	-817205.864	0.00010	0.00010	1	1
f7fdb2b8e3251079a4d5d85a3e8c59f6	18398	18398	0	0.5001	0.5001	-817203.143	-817203.143	0.00999	0.00999	2	2
f80a08f408d91e9bc0179d819ead13ec	996	997	1	0.2606	0.7345	-618170.915	-814773.123	0.00761	0.01840	5	11
f8221a6e5264210528d65a0e8252d586	17466	17466	0	0.9967	0.9967	-817213.289	-817213.289	0.03081	0.03081	1	1
f8c123e44c8cf26ffaf1ada807683b10	528	531	2	0.8177	0.4917	-618169.779	-814771.130	0.00656	0.01142	3	4
f962721046a056da8160fbcda9c88d68	5332	5332	0	0.2522	0.2522	-817249.210	-817249.210	0.10536	0.10536	9	9
f97cb34ad398d706962eaee2af48de1e	8743	8743	0	0.4906	0.4906	-817238.041	-817238.041	0.08518	0.08518	5	5
f99a2751238b76290034d0eed64f14a1	4664	4664	0	0.7112	0.7112	-817231.728	-817231.728	0.10536	0.10536	3	3
f9a5e11344f10869ae79bd5d5f48bffd	31895	31895	0	0.1683	0.1683	-817272.165	-817272.165	0.26007	0.26007	39	39
f9ba8ffe34d8c3a004237e4a3a68aadd	12724	12724	0	0.9599	0.9599	-817203.284	-817203.284	0.00010	0.00010	2	2
fa1d8034f6b8cb67b74ee066592ecac0	24476	24476	0	0.5735	0.5735	-817247.829	-817247.829	0.10536	0.10536	9	9
fa271dc590a06f31687bf2c397888e8d	19411	19411	0	0.4593	0.4593	-817259.678	-817259.678	0.19615	0.19615	3	3
fa29c3376f5f6ea892d49f32294058b2	2454	2454	0	0.2822	0.2822	-817262.229	-817262.229	0.26379	0.26379	13	13
fa8cbdc75b15eba8243c3f42966d411a	4700	4700	0	0.3188	0.3188	-817203.183	-817203.183	0.01018	0.01018	5	5
fa969bc7808a3e6e8970db0ef3c67334	5349	5349	0	0.9988	0.9988	-817208.640	-817208.640	0.01213	0.01213	1	1
fb1ab8e72e7f7e25e46961b3ea6a2a28	17440	17440	0	0.1288	0.1288	-817196.848	-817196.848	0.00010	0.00010	21	21
fb9e13706d4aa7f1515c146f0777f521	9219	9219	0	1.0000	1.0000	-817314.614	-817314.614	0.62760	0.62760	1	1
fc3edfa0f4d56b2c4f13c5a050e23206	906	1023	6	1.0000	0.4535	-618070.577	-814805.529	0.02626	0.10536	1	5
fca3fce491a4ef04bc3012e9d784d1ad	12901	12901	0	0.1191	0.1191	-817196.848	-817196.848	0.00010	0.00010	9	9
fcb6176f94f2cd57984d9acbd1703a49	1457	1457	0	1.0000	1.0000	-817196.853	-817196.853	0.00010	0.00010	1	1
fce1867d7592c972ce4361db2b771c47	43054	1977	23	1.0000	0.4868	-730360.861	-796793.598	1.45804	4.16437	1	4
fd3f3e241a4f2b5e1e07dae992a5caa2	16676	16676	0	0.9999	0.9999	-817303.190	-817303.190	0.10536	0.10536	1	1
fdbc738a11df66ff7316ce1c8fa189c8	18551	18551	0	1.0000	1.0000	-817275.699	-817275.699	0.18377	0.18377	1	1
fdbd90c4142efa77088dcc9d0c2cc2e8	7026	7026	0	1.0000	1.0000	-817209.472	-817209.472	0.01058	0.01058	1	1
fde330879ddef9e7e46576499906aa9d	24353	24363	10	0.3889	0.3089	-618254.926	-814822.348	0.04058	0.16857	3	21
fdfb502895094e3a0c4da5f6773cd1dc	18390	18390	0	0.8051	0.8051	-817261.260	-817261.260	0.10536	0.10536	5	5
fe29396e220f8ce7cb56c1586d4e9e09	1347	1347	0	1.0000	0.7607	-800608.738	-795510.209	5.57355	3.38919	1	3
fe4e14ad7d22e910ab63d8c914a7f0d0	21295	21295	0	0.9999	0.9999	-817223.805	-817223.805	0.02426	0.02426	1	1
fe74b457f9344842a9fb0d3f82662f82	32419	32419	0	0.6161	0.6161	-817248.736	-817248.736	0.10536	0.10536	5	5
fe7554948c5738a2ee1deaadd68bc6a6	18330	18330	0	0.3037	0.3037	-817269.908	-817269.908	0.28355	0.28355	13	13
febd535a7bee9d67e6701186e8682052	40450	40450	0	0.9989	0.9989	-817196.869	-817196.869	0.00010	0.00010	1	1
feeaada50f8e1408d658b2722587bd82	787	777	5	1.0000	0.9727	-618045.612	-814796.261	0.00010	0.10536	1	6
fefdff899da45c03693793f4a889d18d	10143	10143	0	0.6051	0.6051	-817257.198	-817257.198	0.10536	0.10536	7	7
ff245268d170d1f5cbc24d2bd5c510ed	23740	23740	0	0.0762	0.0762	-817207.006	-817207.006	0.01056	0.01056	15	15
ff76487855a5e48c30cd3c4c9fc3bdc0	33328	33328	0	1.0000	0.9640	-617796.611	-813872.573	0.00509	0.02227	1	3
ff86225e569e9c9fa68bb475409be613	4533	4533	0	0.4573	0.4573	-817254.616	-817254.616	0.13800	0.13800	6	6
ff91407c1d15f406892b0dcdfe824556	45878	45878	0	0.2077	0.2077	-817321.881	-817321.881	0.58633	0.58633	6	6
ffc8c09fafc5f9f183894dc35f099186	31220	31220	0	0.4451	0.4451	-817229.097	-817229.097	0.10536	0.10536	6	6
