set,group,method,SP,TC,SPFN,SPFP,wall,cpu
BB11001,RV11-BB,clustalo,0.956140350877193,0.9122807017543859,0.09259259259259256,0.09259259259259256,0.0,0.0
BB11001,RV11-BB,fm,1.0,1.0,0.053497942386831254,0.0456431535269709,0.05,0.04
BB11001,RV11-BB,fm_aa,1.0,1.0,0.012345679012345734,0.012345679012345734,0.05,0.04
BB11001,RV11-BB,fm_true,1.0,1.0,0.012345679012345734,0.012345679012345734,0.05,0.03
BB11001,RV11-BB,linsi,0.9912280701754386,0.9824561403508771,0.13168724279835387,0.12083333333333335,0.34,0.16999999999999998
BB11001,RV11-BB,linsi3di,1.0,1.0,0.008230452674897082,0.008230452674897082,0.16,0.15
BB11001,RV11-BB,linsi3di_true,0.9736842105263158,0.9473684210526315,0.043209876543209846,0.043209876543209846,0.33,0.18
BB11001,RV11-BB,mafft,0.8918128654970761,0.8245614035087719,0.28395061728395066,0.2214765100671141,0.24,0.17
BB11001,RV11-BB,mc2,1.0,1.0,0.02263374485596703,0.02263374485596703,0.1,0.05
BB11001,RV11-BB,mc3di,1.0,1.0,0.05144032921810704,0.0475206611570248,0.1,0.04
BB11001,RV11-BB,mcaa,1.0,1.0,0.11934156378600824,0.10272536687631029,0.07,0.04
BB11002,RV11-BB,clustalo,0.5357142857142857,0.0,0.5444382336500839,0.4555778223112893,0.01,0.0
BB11002,RV11-BB,fm,0.4096638655462185,0.0,0.6472889882615986,0.45130434782608697,0.05,0.04
BB11002,RV11-BB,fm_aa,0.40336134453781514,0.0,0.6634991615427613,0.5910326086956521,0.04,0.04
BB11002,RV11-BB,fm_true,0.592436974789916,0.0,0.5215204024594746,0.3937677053824362,0.06,0.05
BB11002,RV11-BB,linsi,0.6113445378151261,0.0,0.528787031861375,0.4973166368515206,0.18,0.17
BB11002,RV11-BB,linsi3di,0.6113445378151261,0.0,0.39463387367244274,0.3818493150684932,0.22,0.21
BB11002,RV11-BB,linsi3di_true,0.8382352941176471,0.35294117647058826,0.16489659027389603,0.16255605381165916,0.3,0.19
BB11002,RV11-BB,mafft,0.5861344537815126,0.0,0.6338736724427054,0.5979128299570289,0.17,0.16
BB11002,RV11-BB,mc2,0.6113445378151261,0.0,0.44661822247065397,0.41901408450704225,0.1,0.06
BB11002,RV11-BB,mc3di,0.6113445378151261,0.0,0.44941307993292345,0.4157769869513642,0.14,0.05
BB11002,RV11-BB,mcaa,0.5861344537815126,0.0,0.5371716042481833,0.5050806933652122,0.12,0.05
BB11003,RV11-BB,clustalo,0.6531713900134952,0.4898785425101215,0.4098228663446055,0.3949649195212547,0.05,0.05
BB11003,RV11-BB,fm,0.7530364372469636,0.5951417004048583,0.31119162640901776,0.3075677863213274,0.07,0.07
BB11003,RV11-BB,fm_aa,0.20310391363022942,0.0,0.8184380032206119,0.8247863247863247,0.07,0.06
BB11003,RV11-BB,fm_true,0.7800269905533064,0.6477732793522267,0.32004830917874394,0.3181267662494953,0.13,0.08
BB11003,RV11-BB,linsi,0.7611336032388664,0.611336032388664,0.3405797101449275,0.330335241210139,0.35,0.27
BB11003,RV11-BB,linsi3di,0.7483130904183536,0.5870445344129555,0.32407407407407407,0.3281312525010004,0.21,0.2
BB11003,RV11-BB,linsi3di_true,0.7705802968960864,0.6153846153846154,0.3196457326892109,0.3245403677058354,0.4,0.21000000000000002
BB11003,RV11-BB,mafft,0.5236167341430499,0.3522267206477733,0.5140901771336555,0.4837467921300257,0.22,0.17
BB11003,RV11-BB,mc2,0.7854251012145749,0.6234817813765182,0.3035426731078905,0.3038229376257545,0.06,0.05
BB11003,RV11-BB,mc3di,0.7732793522267206,0.6234817813765182,0.29589371980676327,0.29674306393244876,0.14,0.07
BB11003,RV11-BB,mcaa,0.6740890688259109,0.4574898785425101,0.38325281803542677,0.37647537647537643,0.12,0.06
BB11004,RV11-BB,clustalo,0.5561594202898551,0.4076086956521739,0.49360865290068834,0.44742489270386265,0.05,0.03
BB11004,RV11-BB,fm,0.7817028985507246,0.6413043478260869,0.32448377581120946,0.32114624505928857,0.07,0.06
BB11004,RV11-BB,fm_aa,0.223731884057971,0.0,0.8008849557522124,0.8193577163247101,0.06,0.05
BB11004,RV11-BB,fm_true,0.8206521739130435,0.7119565217391305,0.28957718780727626,0.28287841191067,0.07,0.06
BB11004,RV11-BB,linsi,0.7219202898550725,0.5706521739130435,0.3913470993117011,0.3975669099756691,0.44,0.27
BB11004,RV11-BB,linsi3di,0.7146739130434783,0.5652173913043478,0.3603736479842674,0.36721789883268485,0.19,0.18
BB11004,RV11-BB,linsi3di_true,0.6838768115942029,0.4673913043478261,0.3633235004916421,0.3713592233009708,0.18,0.18
BB11004,RV11-BB,mafft,0.5208333333333334,0.358695652173913,0.5698131760078663,0.5556119857795836,0.32,0.19
BB11004,RV11-BB,mc2,0.730072463768116,0.5760869565217391,0.3746312684365781,0.3804188991719435,0.12,0.04
BB11004,RV11-BB,mc3di,0.8070652173913043,0.6956521739130435,0.32104228121927236,0.3153197818542389,0.09,0.060000000000000005
BB11004,RV11-BB,mcaa,0.657608695652174,0.5163043478260869,0.42723697148475914,0.44311663479923513,0.1,0.06
BB11005,RV11-BB,clustalo,0.44155844155844154,0.20454545454545456,0.6190126218245726,0.5917759441229842,0.27,0.26
BB11005,RV11-BB,fm,0.6458541458541458,0.32954545454545453,0.5263780156574533,0.4880315015025388,0.19,0.19
BB11005,RV11-BB,fm_aa,0.2804695304695305,0.0,0.7823933535708579,0.7668127653746062,0.21,0.16
BB11005,RV11-BB,fm_true,0.5735514485514486,0.2840909090909091,0.5702188848058796,0.5407832291986753,0.21,0.19
BB11005,RV11-BB,linsi,0.6113886113886113,0.14772727272727273,0.5278478990254034,0.509054058544041,1.3,0.97
BB11005,RV11-BB,linsi3di,0.7117882117882118,0.36363636363636365,0.4272887042658572,0.43225949507428174,0.68,0.54
BB11005,RV11-BB,linsi3di_true,0.6338661338661339,0.2840909090909091,0.46844543856846144,0.4809996256083864,0.78,0.63
BB11005,RV11-BB,mafft,0.42744755244755245,0.10227272727272728,0.6804601374021408,0.6216850149434419,0.45,0.26
BB11005,RV11-BB,mc2,0.618006993006993,0.18181818181818182,0.5001118389519092,0.4852931499638087,0.19,0.13
BB11005,RV11-BB,mc3di,0.6770729270729271,0.3522727272727273,0.48694679661287743,0.45652100328334966,0.34,0.2
BB11005,RV11-BB,mcaa,0.5741758241758241,0.19318181818181818,0.558939127656175,0.5268894601542417,0.3,0.21000000000000002
BB11006,RV11-BB,clustalo,0.5349702380952381,0.4375,0.6651920014156787,0.5997461392003385,0.06,0.04
BB11006,RV11-BB,fm,0.40922619047619047,0.0,0.69704477083702,0.6925839468486263,0.08,0.06
BB11006,RV11-BB,fm_aa,0.17857142857142858,0.0,0.8237480092019112,0.8162022513378853,0.06,0.05
BB11006,RV11-BB,fm_true,0.5877976190476191,0.375,0.5659175367191647,0.5170309115967711,0.07,0.07
BB11006,RV11-BB,linsi,0.5342261904761905,0.4166666666666667,0.670323836489117,0.6229508196721312,0.54,0.3
BB11006,RV11-BB,linsi3di,0.4010416666666667,0.0,0.7021766059104584,0.7032792665726375,0.4,0.22
BB11006,RV11-BB,linsi3di_true,0.7068452380952381,0.4791666666666667,0.5052203149884976,0.505307855626327,0.22,0.21
BB11006,RV11-BB,mafft,0.4337797619047619,0.20833333333333334,0.7582728720580428,0.6896159963644626,0.31,0.18000000000000002
BB11006,RV11-BB,mc2,0.5453869047619048,0.4375,0.6531587329676163,0.5947063688999172,0.1,0.06
BB11006,RV11-BB,mc3di,0.5297619047619048,0.3125,0.6395328260484869,0.5951907790143085,0.14,0.07
BB11006,RV11-BB,mcaa,0.5215773809523809,0.2708333333333333,0.6726243142806583,0.6055437100213219,0.2,0.1
BB11007,RV11-BB,clustalo,0.770735524256651,0.5352112676056338,0.4046872773899416,0.3585354620816702,0.16,0.11
BB11007,RV11-BB,fm,0.884585289514867,0.7253521126760564,0.3098019660920359,0.2827213503109268,0.13,0.13
BB11007,RV11-BB,fm_aa,0.47320031298904536,0.0,0.6377689129505628,0.6217643558464743,0.12,0.11000000000000001
BB11007,RV11-BB,fm_true,0.8133802816901409,0.6126760563380281,0.31713919361732446,0.29767748553007545,0.14,0.14
BB11007,RV11-BB,linsi,0.8139671361502347,0.6126760563380281,0.3214133067388517,0.29074529074529076,0.74,0.5
BB11007,RV11-BB,linsi3di,0.8935837245696401,0.6971830985915493,0.2336515173101581,0.23211991434689505,0.28,0.28
BB11007,RV11-BB,linsi3di_true,0.8247261345852895,0.5140845070422535,0.30923208434249894,0.30636623748211733,0.34,0.32999999999999996
BB11007,RV11-BB,mafft,0.6836854460093896,0.4507042253521127,0.46017951275110414,0.37737244269164405,0.43,0.21000000000000002
BB11007,RV11-BB,mc2,0.8525039123630673,0.6971830985915493,0.2742555919646673,0.25515426231905247,0.15,0.08
BB11007,RV11-BB,mc3di,0.9021909233176839,0.7323943661971831,0.24049009830460177,0.22716729486807774,0.11,0.1
BB11007,RV11-BB,mcaa,0.7926447574334898,0.5915492957746479,0.34862516027924206,0.3101471142964919,0.11,0.1
BB11008,RV11-BB,clustalo,0.5204081632653061,0.32653061224489793,0.7736842105263158,0.7409638554216867,0.04,0.02
BB11008,RV11-BB,fm,0.6870748299319728,0.5510204081632653,0.6494736842105263,0.6304106548279689,0.06,0.05
BB11008,RV11-BB,fm_aa,0.5510204081632653,0.42857142857142855,0.7094736842105263,0.7223340040241448,0.11,0.04
BB11008,RV11-BB,fm_true,0.6598639455782312,0.5102040816326531,0.6694736842105263,0.6564551422319476,0.06,0.05
BB11008,RV11-BB,linsi,0.6768707482993197,0.5510204081632653,0.7357894736842105,0.7283549783549783,0.29,0.23
BB11008,RV11-BB,linsi3di,0.6972789115646258,0.6122448979591837,0.6526315789473685,0.6493092454835281,0.32,0.18
BB11008,RV11-BB,linsi3di_true,0.5952380952380952,0.3877551020408163,0.7042105263157894,0.7109053497942387,0.2,0.19
BB11008,RV11-BB,mafft,0.608843537414966,0.40816326530612246,0.7421052631578947,0.72,0.35,0.19
BB11008,RV11-BB,mc2,0.7142857142857143,0.6530612244897959,0.716842105263158,0.7060109289617487,0.07,0.04
BB11008,RV11-BB,mc3di,0.7312925170068028,0.6326530612244898,0.6589473684210526,0.6447368421052632,0.11,0.05
BB11008,RV11-BB,mcaa,0.6462585034013606,0.4897959183673469,0.7336842105263157,0.7255965292841648,0.07,0.05
BB11009,RV11-BB,clustalo,0.3611111111111111,0.0,0.6848030018761726,0.6818181818181819,0.02,0.01
BB11009,RV11-BB,fm,0.41944444444444445,0.0,0.574108818011257,0.5659655831739963,0.04,0.04
BB11009,RV11-BB,fm_aa,0.41388888888888886,0.0,0.575984990619137,0.7237163814180929,0.04,0.04
BB11009,RV11-BB,fm_true,0.43333333333333335,0.0,0.5666041275797373,0.5514563106796116,0.05,0.05
BB11009,RV11-BB,linsi,0.3388888888888889,0.0,0.726078799249531,0.7355072463768115,0.27,0.18
BB11009,RV11-BB,linsi3di,0.8861111111111111,0.8333333333333334,0.14258911819887432,0.17359855334538876,0.17,0.16
BB11009,RV11-BB,linsi3di_true,0.8916666666666667,0.8333333333333334,0.11819887429643527,0.15162454873646214,0.17,0.17
BB11009,RV11-BB,mafft,0.7694444444444445,0.7166666666666667,0.3827392120075047,0.381578947368421,0.32,0.17
BB11009,RV11-BB,mc2,0.24722222222222223,0.0,0.7673545966228893,0.706855791962175,0.11,0.04
BB11009,RV11-BB,mc3di,0.2972222222222222,0.0,0.7073170731707317,0.6204379562043796,0.05,0.04
BB11009,RV11-BB,mcaa,0.25555555555555554,0.0,0.776735459662289,0.7276887871853547,0.05,0.04
BB11010,RV11-BB,clustalo,0.7670940170940171,0.6794871794871795,0.7128944292948968,0.6931723563696919,0.05,0.04
BB11010,RV11-BB,fm,0.8717948717948718,0.8205128205128205,0.638098948188547,0.6333859510655091,0.11,0.09
BB11010,RV11-BB,fm_aa,0.41239316239316237,0.0,0.781846513439813,0.7928994082840237,0.06,0.05
BB11010,RV11-BB,fm_true,0.8653846153846154,0.8076923076923077,0.6194000779119595,0.6192517537022604,0.09,0.09
BB11010,RV11-BB,linsi,0.6602564102564102,0.48717948717948717,0.7062719127386055,0.7033831628638867,0.31,0.28
BB11010,RV11-BB,linsi3di,0.9188034188034188,0.8846153846153846,0.6361511492014025,0.6377036462373933,0.19,0.19
BB11010,RV11-BB,linsi3di_true,0.9423076923076923,0.8846153846153846,0.6123880015582392,0.6197936568589988,0.22,0.18
BB11010,RV11-BB,mafft,0.7094017094017094,0.5897435897435898,0.7631476431632256,0.7392795883361921,0.19,0.18000000000000002
BB11010,RV11-BB,mc2,0.7649572649572649,0.6538461538461539,0.6809505259057265,0.6785714285714286,0.12,0.06
BB11010,RV11-BB,mc3di,0.7649572649572649,0.6538461538461539,0.6856252434748734,0.6831566548881036,0.09,0.07
BB11010,RV11-BB,mcaa,0.7115384615384616,0.5512820512820513,0.7171795870666147,0.7031888798037613,0.09,0.08
BB11011,RV11-BB,clustalo,0.48043478260869565,0.2391304347826087,0.8013571869216534,0.7519260400616332,0.01,0.01
BB11011,RV11-BB,fm,0.5847826086956521,0.2826086956521739,0.6280074028377545,0.6193181818181819,0.05,0.04
BB11011,RV11-BB,fm_aa,0.33043478260869563,0.0,0.81122763726095,0.8217821782178218,0.05,0.04
BB11011,RV11-BB,fm_true,0.7369565217391304,0.5869565217391305,0.6286243059839605,0.6306748466257669,0.06,0.05
BB11011,RV11-BB,linsi,0.5260869565217391,0.391304347826087,0.7458359037631093,0.714087439278279,0.2,0.17
BB11011,RV11-BB,linsi3di,0.5847826086956521,0.391304347826087,0.6095003084515731,0.613317043372022,0.17,0.16
BB11011,RV11-BB,linsi3di_true,0.7978260869565217,0.717391304347826,0.5848241826033314,0.591378263509411,0.21,0.2
BB11011,RV11-BB,mafft,0.48478260869565215,0.30434782608695654,0.7902529302899445,0.7458893871449925,0.15,0.13999999999999999
BB11011,RV11-BB,mc2,0.5260869565217391,0.391304347826087,0.716224552745219,0.6939454424484365,0.08,0.04
BB11011,RV11-BB,mc3di,0.5891304347826087,0.391304347826087,0.6909315237507712,0.6794625719769674,0.05,0.05
BB11011,RV11-BB,mcaa,0.5239130434782608,0.3695652173913043,0.7421344848858729,0.7158395649218219,0.06,0.05
BB11012,RV11-BB,clustalo,0.8911022576361222,0.8087649402390438,0.1562656015976036,0.13731495661051552,0.03,0.02
BB11012,RV11-BB,fm,0.9189907038512616,0.8605577689243028,0.11632551173240135,0.11010558069381604,0.08,0.05
BB11012,RV11-BB,fm_aa,0.6195219123505976,0.30677290836653387,0.419370943584623,0.42168075584286424,0.07,0.05
BB11012,RV11-BB,fm_true,0.9169986719787516,0.8406374501992032,0.11382925611582628,0.1098294884653962,0.07,0.05
BB11012,RV11-BB,linsi,0.9269588313413014,0.8804780876494024,0.13979031452820767,0.13893053473263373,0.35,0.19
BB11012,RV11-BB,linsi3di,0.9243027888446215,0.8884462151394422,0.10983524712930604,0.11994076999012837,0.28,0.18000000000000002
BB11012,RV11-BB,linsi3di_true,0.9229747675962815,0.852589641434263,0.10933599600599098,0.1198815984213123,0.39,0.21000000000000002
BB11012,RV11-BB,mafft,0.9077025232403718,0.8446215139442231,0.16025961058412386,0.16401590457256465,0.33,0.17
BB11012,RV11-BB,mc2,0.9422310756972112,0.9083665338645418,0.11233150274588122,0.12023750618505691,0.12,0.04
BB11012,RV11-BB,mc3di,0.9588313413014609,0.9243027888446215,0.08736894658012984,0.09504950495049502,0.05,0.05
BB11012,RV11-BB,mcaa,0.9409030544488712,0.9043824701195219,0.11632551173240135,0.12506178942165103,0.12,0.05
BB11013,RV11-BB,clustalo,0.07931034482758621,0.0,0.9516129032258065,0.9360189573459716,0.0,0.0
BB11013,RV11-BB,fm,0.22758620689655173,0.0,0.8172043010752688,0.7892561983471075,0.03,0.03
BB11013,RV11-BB,fm_aa,0.1413793103448276,0.0,0.8853046594982079,0.8848920863309353,0.03,0.03
BB11013,RV11-BB,fm_true,0.2517241379310345,0.13793103448275862,0.8440860215053764,0.8141025641025641,0.03,0.03
BB11013,RV11-BB,linsi,0.13448275862068965,0.0,0.910394265232975,0.8903508771929824,0.18,0.15
BB11013,RV11-BB,linsi3di,0.44482758620689655,0.3448275862068966,0.7043010752688172,0.6933085501858736,0.15,0.14
BB11013,RV11-BB,linsi3di_true,0.2896551724137931,0.0,0.6648745519713262,0.6678507992895204,0.15,0.14
BB11013,RV11-BB,mafft,0.3310344827586207,0.0,0.7365591397849462,0.7312614259597806,0.26,0.17
BB11013,RV11-BB,mc2,0.1482758620689655,0.0,0.8942652329749103,0.8720173535791758,0.09,0.03
BB11013,RV11-BB,mc3di,0.1413793103448276,0.0,0.8870967741935484,0.8396946564885497,0.04,0.03
BB11013,RV11-BB,mcaa,0.16896551724137931,0.0,0.8655913978494624,0.847870182555781,0.04,0.04
BB11014,RV11-BB,clustalo,0.8594464500601685,0.7617328519855595,0.25862533692722367,0.24767505470459517,0.13,0.12
BB11014,RV11-BB,fm,0.8683513838748496,0.7833935018050542,0.23814016172506736,0.2219928433801266,0.18,0.15
BB11014,RV11-BB,fm_aa,0.7966305655836342,0.6534296028880866,0.30849056603773584,0.30774419859686997,0.1,0.09
BB11014,RV11-BB,fm_true,0.8693140794223827,0.7472924187725631,0.23746630727762807,0.22248179194723106,0.24,0.16
BB11014,RV11-BB,linsi,0.8697954271961492,0.7725631768953068,0.2470350404312669,0.24099986414889285,0.55,0.37
BB11014,RV11-BB,linsi3di,0.8974729241877256,0.8014440433212996,0.20013477088948783,0.19959541469993258,0.23,0.22
BB11014,RV11-BB,linsi3di_true,0.9001203369434416,0.8086642599277978,0.1960916442048517,0.19846815372211768,0.32,0.25
BB11014,RV11-BB,mafft,0.7607701564380265,0.6137184115523465,0.3638814016172507,0.32887814588369113,0.32,0.21
BB11014,RV11-BB,mc2,0.8702767749699157,0.776173285198556,0.24016172506738542,0.2330295197932254,0.12,0.06999999999999999
BB11014,RV11-BB,mc3di,0.8977135980746089,0.7906137184115524,0.2045822102425876,0.19095270733379022,0.1,0.08
BB11014,RV11-BB,mcaa,0.8351383874849578,0.6895306859205776,0.27264150943396226,0.26189824945295404,0.13,0.09000000000000001
BB11015,RV11-BB,clustalo,0.7861952861952862,0.6666666666666666,0.2933104631217839,0.27251324308416713,0.03,0.02
BB11015,RV11-BB,fm,0.7887205387205387,0.6464646464646465,0.2555746140651801,0.24956772334293953,0.08,0.06
BB11015,RV11-BB,fm_aa,0.35858585858585856,0.045454545454545456,0.6272155517438536,0.6339135317237508,0.05,0.04
BB11015,RV11-BB,fm_true,0.8973063973063973,0.8434343434343434,0.16180674671240713,0.16084716657126508,0.05,0.05
BB11015,RV11-BB,linsi,0.7331649831649831,0.5757575757575758,0.32189822755860487,0.3092603377984857,0.28,0.21000000000000002
BB11015,RV11-BB,linsi3di,0.8846801346801347,0.8131313131313131,0.16409376786735275,0.16789982925441094,0.16,0.15
BB11015,RV11-BB,linsi3di_true,0.8762626262626263,0.7828282828282829,0.17724413950829043,0.1828506530380466,0.17,0.16
BB11015,RV11-BB,mafft,0.7087542087542088,0.6414141414141414,0.36535162950257294,0.32358318098720296,0.34,0.22
BB11015,RV11-BB,mc2,0.7920875420875421,0.6565656565656566,0.2710120068610634,0.26555299539170507,0.13,0.05
BB11015,RV11-BB,mc3di,0.8686868686868687,0.7828282828282829,0.19153802172670098,0.18595279217040872,0.05,0.04
BB11015,RV11-BB,mcaa,0.7643097643097643,0.6616161616161617,0.30646083476272157,0.2868900646678424,0.05,0.04
BB11016,RV11-BB,clustalo,0.8097402597402598,0.5545454545454546,0.4914468260511129,0.462593923554394,0.14,0.14
BB11016,RV11-BB,fm,0.8295454545454546,0.5909090909090909,0.40993404781533394,0.3915630644989906,0.15,0.15
BB11016,RV11-BB,fm_aa,0.3918831168831169,0.0,0.6906430338004946,0.7033010476378732,0.12,0.12
BB11016,RV11-BB,fm_true,0.8162337662337662,0.5727272727272728,0.4379637262984336,0.4116504854368932,0.17,0.16
BB11016,RV11-BB,linsi,0.8142857142857143,0.5363636363636364,0.46063478977741135,0.4456682906163948,0.8,0.79
BB11016,RV11-BB,linsi3di,0.8724025974025974,0.7181818181818181,0.3532563891178895,0.3586101175268268,0.29,0.27999999999999997
BB11016,RV11-BB,linsi3di_true,0.8448051948051948,0.6090909090909091,0.37664880461665295,0.3786337955829481,0.5,0.4
BB11016,RV11-BB,mafft,0.4262987012987013,0.0,0.715684253915911,0.6943613603633544,0.2,0.19
BB11016,RV11-BB,mc2,0.8467532467532467,0.6363636363636364,0.42776174773289366,0.414425814615628,0.11,0.08
BB11016,RV11-BB,mc3di,0.8545454545454545,0.6272727272727273,0.4070486397361912,0.3976761226839737,0.1,0.1
BB11016,RV11-BB,mcaa,0.6425324675324675,0.16363636363636364,0.589035449299258,0.555506018724922,0.2,0.1
BB11017,RV11-BB,clustalo,0.8852097130242825,0.8211920529801324,0.25186289120715355,0.24737631184407793,0.02,0.01
BB11017,RV11-BB,fm,0.32339955849889623,0.0728476821192053,0.7101341281669151,0.7023718439173681,0.04,0.04
BB11017,RV11-BB,fm_aa,0.39072847682119205,0.2582781456953642,0.6892697466467959,0.7178619756427604,0.04,0.04
BB11017,RV11-BB,fm_true,0.9337748344370861,0.8807947019867549,0.25782414307004475,0.24085365853658536,0.05,0.05
BB11017,RV11-BB,linsi,0.8863134657836644,0.8211920529801324,0.2719821162444114,0.2821454812637766,0.34,0.18
BB11017,RV11-BB,linsi3di,0.15121412803532008,0.0,0.8591654247391952,0.862144420131291,0.17,0.16
BB11017,RV11-BB,linsi3di_true,0.9050772626931567,0.8344370860927153,0.29508196721311475,0.3134978229317852,0.16,0.16
BB11017,RV11-BB,mafft,0.8388520971302428,0.7218543046357616,0.3219076005961252,0.306930693069307,0.34,0.16
BB11017,RV11-BB,mc2,0.8863134657836644,0.8410596026490066,0.27943368107302535,0.2972383720930233,0.06,0.04
BB11017,RV11-BB,mc3di,0.608167770419426,0.32450331125827814,0.496274217585693,0.4847560975609756,0.05,0.04
BB11017,RV11-BB,mcaa,0.8841059602649006,0.8211920529801324,0.2883755588673621,0.29363905325443784,0.07,0.04
BB11018,RV11-BB,clustalo,0.7282123816777282,0.5346534653465347,0.5846673171760859,0.5259466618505809,0.76,0.71
BB11018,RV11-BB,fm,0.8287455119138287,0.6633663366336634,0.4864316042089718,0.4489686200164116,0.39,0.38999999999999996
BB11018,RV11-BB,fm_aa,0.48863018169948863,0.0,0.7054774651230253,0.6947883359296001,0.34,0.33
BB11018,RV11-BB,fm_true,0.8100315526058101,0.44554455445544555,0.4943959492602653,0.4558356039963669,0.52,0.5
BB11018,RV11-BB,linsi,0.8674790555978675,0.6138613861386139,0.47166328225955323,0.437721021611002,3.29,3.1399999999999997
BB11018,RV11-BB,linsi3di,0.9064302034599064,0.693069306930693,0.3630633719243651,0.3756107649750523,1.02,0.9400000000000001
BB11018,RV11-BB,linsi3di_true,0.8818409313458818,0.5445544554455446,0.38144465835069485,0.3960033991708083,1.35,1.3
BB11018,RV11-BB,mafft,0.6921988902186922,0.37623762376237624,0.629130515045228,0.5542630744849446,0.36,0.33999999999999997
BB11018,RV11-BB,mc2,0.8791208791208791,0.6534653465346535,0.42187293968722805,0.3993808049535603,0.18,0.16
BB11018,RV11-BB,mc3di,0.9102382765749102,0.7821782178217822,0.3902265355099027,0.37211133740665314,0.3,0.22
BB11018,RV11-BB,mcaa,0.763899466869764,0.504950495049505,0.5205306047100398,0.478022451264678,0.36,0.26
BB11019,RV11-BB,clustalo,0.6375715922107674,0.2268041237113402,0.44422296575781306,0.41786593095220337,0.15,0.15
BB11019,RV11-BB,fm,0.8089347079037801,0.4536082474226804,0.354096960205026,0.3322784810126582,0.13,0.12
BB11019,RV11-BB,fm_aa,0.36105383734249713,0.0,0.6957357442870364,0.6895023610606611,0.1,0.1
BB11019,RV11-BB,fm_true,0.7550973654066437,0.36082474226804123,0.33530291165373394,0.29876079609463013,0.14,0.12
BB11019,RV11-BB,linsi,0.7621993127147766,0.36082474226804123,0.34669324410906244,0.3340348330914369,0.54,0.52
BB11019,RV11-BB,linsi3di,0.8382588774341352,0.4020618556701031,0.24603118103509647,0.2504069643994621,0.3,0.27
BB11019,RV11-BB,linsi3di_true,0.7878579610538373,0.41237113402061853,0.29913860610806575,0.3048789098354868,0.54,0.32
BB11019,RV11-BB,mafft,0.6041237113402061,0.17525773195876287,0.5384779668256567,0.47658646859357334,0.34,0.22999999999999998
BB11019,RV11-BB,mc2,0.8148911798396334,0.36082474226804123,0.2956503167936214,0.28506394970734883,0.15,0.09000000000000001
BB11019,RV11-BB,mc3di,0.8490263459335624,0.5051546391752577,0.2688118459457536,0.25723170378941274,0.23,0.13
BB11019,RV11-BB,mcaa,0.7198167239404353,0.25773195876288657,0.38050829358581906,0.3370914908204464,0.21,0.13
BB11020,RV11-BB,clustalo,0.674074074074074,0.3333333333333333,0.44205948372615034,0.41488892158305135,0.04,0.04
BB11020,RV11-BB,fm,0.8666666666666667,0.6133333333333333,0.31032547699214363,0.26495215311004783,0.06,0.06
BB11020,RV11-BB,fm_aa,0.41814814814814816,0.0,0.6632996632996633,0.6561604584527221,0.06,0.05
BB11020,RV11-BB,fm_true,0.91,0.68,0.27721661054994384,0.2547374511789382,0.07,0.06
BB11020,RV11-BB,linsi,0.8666666666666667,0.64,0.3484848484848485,0.3289986996098829,0.49,0.31
BB11020,RV11-BB,linsi3di,0.9133333333333333,0.68,0.21436588103254772,0.2128197919595164,0.21,0.2
BB11020,RV11-BB,linsi3di_true,0.9881481481481481,0.9466666666666667,0.20650953984287312,0.20861900097943198,0.21,0.2
BB11020,RV11-BB,mafft,0.6662962962962963,0.18666666666666668,0.5136083052749719,0.4528956919678081,0.31,0.19
BB11020,RV11-BB,mc2,0.8666666666666667,0.7066666666666667,0.33571829405162734,0.31673881673881676,0.12,0.060000000000000005
BB11020,RV11-BB,mc3di,0.9211111111111111,0.72,0.25589225589225584,0.23836875358989085,0.09,0.08
BB11020,RV11-BB,mcaa,0.7496296296296296,0.4,0.4131593714927049,0.3870164126611958,0.09,0.08
BB11021,RV11-BB,clustalo,0.6020408163265306,0.4897959183673469,0.54,0.494,0.01,0.0
BB11021,RV11-BB,fm,0.7210884353741497,0.5102040816326531,0.38363636363636366,0.35673624288425043,0.04,0.03
BB11021,RV11-BB,fm_aa,0.20408163265306123,0.0,0.8436363636363636,0.8496503496503497,0.04,0.03
BB11021,RV11-BB,fm_true,0.7653061224489796,0.5918367346938775,0.3745454545454545,0.3472485768500949,0.06,0.05
BB11021,RV11-BB,linsi,0.782312925170068,0.673469387755102,0.3909090909090909,0.3691148775894538,0.34,0.19
BB11021,RV11-BB,linsi3di,0.7312925170068028,0.5306122448979592,0.3727272727272727,0.375,0.15,0.19
BB11021,RV11-BB,linsi3di_true,0.7789115646258503,0.6326530612244898,0.39636363636363636,0.3941605839416058,0.35,0.18
BB11021,RV11-BB,mafft,0.7040816326530612,0.5918367346938775,0.4636363636363636,0.4380952380952381,0.2,0.17
BB11021,RV11-BB,mc2,0.8027210884353742,0.7142857142857143,0.3672727272727273,0.3371428571428572,0.08,0.03
BB11021,RV11-BB,mc3di,0.7517006802721088,0.6122448979591837,0.3163636363636364,0.3024118738404453,0.12,0.05
BB11021,RV11-BB,mcaa,0.7244897959183674,0.5918367346938775,0.45272727272727276,0.44972577696526506,0.13,0.05
BB11022,RV11-BB,clustalo,0.17676767676767677,0.0,0.8623376623376624,0.8571428571428572,0.0,0.0
BB11022,RV11-BB,fm,0.13636363636363635,0.0,0.8831168831168831,0.8886138613861386,0.06,0.04
BB11022,RV11-BB,fm_aa,0.13636363636363635,0.0,0.8779220779220779,0.8912037037037037,0.06,0.03
BB11022,RV11-BB,fm_true,0.4292929292929293,0.0,0.6415584415584416,0.6415584415584416,0.04,0.03
BB11022,RV11-BB,linsi,0.10101010101010101,0.0,0.9142857142857143,0.9108108108108108,0.29,0.19
BB11022,RV11-BB,linsi3di,0.3888888888888889,0.0,0.6597402597402597,0.7158351409978307,0.36,0.19
BB11022,RV11-BB,linsi3di_true,0.3888888888888889,0.0,0.6597402597402597,0.7170626349892009,0.18,0.16999999999999998
BB11022,RV11-BB,mafft,0.07575757575757576,0.0,0.9272727272727272,0.9228650137741047,0.33,0.18
BB11022,RV11-BB,mc2,0.25757575757575757,0.0,0.7792207792207793,0.7885572139303483,0.09,0.03
BB11022,RV11-BB,mc3di,0.30808080808080807,0.0,0.7324675324675325,0.7604651162790698,0.06,0.04
BB11022,RV11-BB,mcaa,0.10101010101010101,0.0,0.9064935064935065,0.8985915492957747,0.05,0.04
BB11023,RV11-BB,clustalo,0.6806039488966318,0.3780487804878049,0.5246620387285349,0.49690641918020106,0.05,0.04
BB11023,RV11-BB,fm,0.6782810685249709,0.4634146341463415,0.4974424552429667,0.4827975183305132,0.08,0.07
BB11023,RV11-BB,fm_aa,0.3704994192799071,0.13414634146341464,0.7069784435513335,0.699569207716801,0.06,0.05
BB11023,RV11-BB,fm_true,0.610917537746806,0.2804878048780488,0.571245889660212,0.5584195672624648,0.1,0.07
BB11023,RV11-BB,linsi,0.7200929152148664,0.4878048780487805,0.5487760321519912,0.5116646896006327,0.4,0.32
BB11023,RV11-BB,linsi3di,0.710801393728223,0.4878048780487805,0.4789915966386554,0.48145454545454547,0.21,0.2
BB11023,RV11-BB,linsi3di_true,0.5360046457607434,0.21951219512195122,0.5895140664961637,0.5965164302388221,0.47,0.26
BB11023,RV11-BB,mafft,0.6974448315911731,0.43902439024390244,0.5708805261234928,0.5280289330922242,0.17,0.16
BB11023,RV11-BB,mc2,0.7468060394889663,0.5121951219512195,0.5078553160394592,0.4807247494217425,0.14,0.06
BB11023,RV11-BB,mc3di,0.7375145180023229,0.5,0.4757033248081841,0.46594715295868994,0.18,0.09
BB11023,RV11-BB,mcaa,0.7543554006968641,0.5,0.5100474972597735,0.4716312056737588,0.16,0.08
BB11024,RV11-BB,clustalo,0.2783171521035599,0.009708737864077669,0.6926091825307951,0.6330213903743316,0.05,0.04
BB11024,RV11-BB,fm,0.8543689320388349,0.7281553398058253,0.23236282194848823,0.2188034188034188,0.07,0.06
BB11024,RV11-BB,fm_aa,0.34627831715210355,0.14563106796116504,0.6567749160134378,0.6869254341164454,0.06,0.05
BB11024,RV11-BB,fm_true,0.7313915857605178,0.5145631067961165,0.30403135498320266,0.28727064220183485,0.09,0.08
BB11024,RV11-BB,linsi,0.3656957928802589,0.038834951456310676,0.6131019036954087,0.5925707547169812,0.44,0.25
BB11024,RV11-BB,linsi3di,0.7297734627831716,0.5048543689320388,0.26259798432250836,0.2638345444382336,0.19,0.18
BB11024,RV11-BB,linsi3di_true,0.6666666666666666,0.47572815533980584,0.30459126539753645,0.3107658157602664,0.22,0.21
BB11024,RV11-BB,mafft,0.13754045307443366,0.0,0.8387458006718925,0.8325581395348838,0.26,0.2
BB11024,RV11-BB,mc2,0.5145631067961165,0.1941747572815534,0.46808510638297873,0.4599204093234792,0.1,0.04
BB11024,RV11-BB,mc3di,0.7815533980582524,0.5825242718446602,0.29955207166853304,0.2818599311136625,0.07,0.06
BB11024,RV11-BB,mcaa,0.26537216828478966,0.0,0.7161254199328108,0.6747915330339962,0.06,0.05
BB11025,RV11-BB,clustalo,0.14035087719298245,0.0,0.91005291005291,0.9020172910662825,0.0,0.0
BB11025,RV11-BB,fm,0.30701754385964913,0.0,0.7275132275132274,0.6970588235294117,0.05,0.03
BB11025,RV11-BB,fm_aa,0.11403508771929824,0.0,0.828042328042328,0.8459715639810427,0.05,0.03
BB11025,RV11-BB,fm_true,0.4649122807017544,0.2631578947368421,0.7248677248677249,0.7111111111111111,0.05,0.03
BB11025,RV11-BB,linsi,0.11403508771929824,0.0,0.9074074074074074,0.904891304347826,0.17,0.15
BB11025,RV11-BB,linsi3di,0.11403508771929824,0.0,0.9074074074074074,0.8888888888888888,0.35,0.16
BB11025,RV11-BB,linsi3di_true,0.34210526315789475,0.0,0.7751322751322751,0.7763157894736842,0.15,0.15
BB11025,RV11-BB,mafft,0.15789473684210525,0.0,0.8306878306878307,0.8095238095238095,0.18,0.16999999999999998
BB11025,RV11-BB,mc2,0.07017543859649122,0.0,0.9206349206349207,0.9182561307901907,0.1,0.04
BB11025,RV11-BB,mc3di,0.11403508771929824,0.0,0.9126984126984127,0.9017857142857143,0.09,0.04
BB11025,RV11-BB,mcaa,0.15789473684210525,0.0,0.8624338624338624,0.8456973293768546,0.1,0.04
BB11026,RV11-BB,clustalo,0.1282051282051282,0.0,0.8628571428571429,0.8454935622317596,0.06,0.05
BB11026,RV11-BB,fm,0.6410256410256411,0.0,0.5485714285714286,0.5479974570883661,0.08,0.07
BB11026,RV11-BB,fm_aa,0.19413919413919414,0.0,0.8038095238095238,0.7563091482649842,0.07,0.07
BB11026,RV11-BB,fm_true,0.42857142857142855,0.0,0.5485714285714286,0.5415860735009671,0.08,0.07
BB11026,RV11-BB,linsi,0.23809523809523808,0.0,0.7980952380952381,0.8126104890984089,0.53,0.36000000000000004
BB11026,RV11-BB,linsi3di,0.6410256410256411,0.0,0.5282539682539682,0.5466748017083587,0.27,0.26
BB11026,RV11-BB,linsi3di_true,0.5531135531135531,0.0,0.5257142857142857,0.5397412199630314,0.37,0.37
BB11026,RV11-BB,mafft,0.1575091575091575,0.0,0.8253968253968254,0.8268261964735516,0.21,0.17
BB11026,RV11-BB,mc2,0.23809523809523808,0.0,0.7923809523809524,0.8076470588235294,0.12,0.06
BB11026,RV11-BB,mc3di,0.358974358974359,0.0,0.7568253968253968,0.7436412315930387,0.11,0.08
BB11026,RV11-BB,mcaa,0.18681318681318682,0.0,0.8285714285714285,0.8355663824604141,0.08,0.07
BB11027,RV11-BB,clustalo,0.507482993197279,0.2857142857142857,0.6622222222222223,0.6367980884109916,0.03,0.03
BB11027,RV11-BB,fm,0.5401360544217687,0.37142857142857144,0.6236111111111111,0.5908816425120773,0.06,0.05
BB11027,RV11-BB,fm_aa,0.42585034013605444,0.32857142857142857,0.721111111111111,0.7265795206971677,0.06,0.05
BB11027,RV11-BB,fm_true,0.5598639455782313,0.2714285714285714,0.6077777777777778,0.6063562865904656,0.07,0.07
BB11027,RV11-BB,linsi,0.6258503401360545,0.32857142857142857,0.5936111111111111,0.5901960784313726,0.39,0.28
BB11027,RV11-BB,linsi3di,0.5612244897959183,0.32857142857142857,0.5633333333333334,0.5689607896901563,0.21,0.2
BB11027,RV11-BB,linsi3di_true,0.6006802721088436,0.32857142857142857,0.5688888888888889,0.5676880222841225,0.43,0.27
BB11027,RV11-BB,mafft,0.45170068027210886,0.21428571428571427,0.7133333333333334,0.6961130742049471,0.17,0.16
BB11027,RV11-BB,mc2,0.6299319727891156,0.32857142857142857,0.5738888888888889,0.5633361799032166,0.12,0.06
BB11027,RV11-BB,mc3di,0.5986394557823129,0.32857142857142857,0.596111111111111,0.593854748603352,0.07,0.060000000000000005
BB11027,RV11-BB,mcaa,0.545578231292517,0.3,0.6408333333333334,0.6327747798920761,0.07,0.07
BB11028,RV11-BB,clustalo,0.7377777777777778,0.0,0.5491636066911465,0.5776801070131856,0.03,0.03
BB11028,RV11-BB,fm,0.6666666666666666,0.0,0.5426356589147288,0.5674319891954467,0.07,0.06
BB11028,RV11-BB,fm_aa,0.31,0.0,0.770093839249286,0.7750499001996007,0.05,0.05
BB11028,RV11-BB,fm_true,0.4222222222222222,0.0,0.7509179926560587,0.7625437572928822,0.06,0.05
BB11028,RV11-BB,linsi,0.7844444444444445,0.0,0.5089759281925745,0.5455918444402492,0.36,0.27
BB11028,RV11-BB,linsi3di,0.7555555555555555,0.0,0.4851081191350469,0.5331977066765304,0.19,0.18000000000000002
BB11028,RV11-BB,linsi3di_true,0.42777777777777776,0.0,0.6842105263157895,0.6687352878236679,0.19,0.18
BB11028,RV11-BB,mafft,0.5211111111111111,0.0,0.7160342717258261,0.7015437392795884,0.16,0.16
BB11028,RV11-BB,mc2,0.8,0.0,0.5057119543043656,0.5385640830318035,0.1,0.05
BB11028,RV11-BB,mc3di,0.7477777777777778,0.0,0.5050999592003265,0.5370229007633588,0.07,0.07
BB11028,RV11-BB,mcaa,0.7211111111111111,0.0,0.6050591595267238,0.6158730158730159,0.07,0.06
BB11029,RV11-BB,clustalo,0.45751633986928103,0.37254901960784315,0.5490196078431373,0.5632911392405063,0.0,0.0
BB11029,RV11-BB,fm,0.5130718954248366,0.45098039215686275,0.5337690631808278,0.5614754098360656,0.06,0.04
BB11029,RV11-BB,fm_aa,0.23202614379084968,0.0,0.7952069716775599,0.8093306288032455,0.04,0.03
BB11029,RV11-BB,fm_true,0.45098039215686275,0.21568627450980393,0.5620915032679739,0.5493273542600896,0.04,0.04
BB11029,RV11-BB,linsi,0.4084967320261438,0.29411764705882354,0.6034858387799564,0.6168421052631579,0.29,0.15
BB11029,RV11-BB,linsi3di,0.40522875816993464,0.21568627450980393,0.5642701525054465,0.5934959349593496,0.16,0.16
BB11029,RV11-BB,linsi3di_true,0.3137254901960784,0.21568627450980393,0.6775599128540305,0.6973415132924335,0.17,0.16
BB11029,RV11-BB,mafft,0.30718954248366015,0.23529411764705882,0.7080610021786493,0.6861826697892272,0.31,0.16
BB11029,RV11-BB,mc2,0.4117647058823529,0.27450980392156865,0.5904139433551199,0.6042105263157895,0.06,0.04
BB11029,RV11-BB,mc3di,0.5,0.45098039215686275,0.5337690631808278,0.5596707818930041,0.04,0.04
BB11029,RV11-BB,mcaa,0.35947712418300654,0.29411764705882354,0.6405228758169934,0.6428571428571428,0.04,0.03
BB11030,RV11-BB,clustalo,0.767797419971333,0.37681159420289856,0.48354666046078665,0.4340508007752729,0.15,0.14
BB11030,RV11-BB,fm,0.8383500557413601,0.5942028985507246,0.3860367698394228,0.3660915949829401,0.12,0.12
BB11030,RV11-BB,fm_aa,0.3787227265488135,0.0,0.7478706074005119,0.7438891778166516,0.11,0.11
BB11030,RV11-BB,fm_true,0.7636566332218506,0.3188405797101449,0.46516174074936,0.43773547976708915,0.15,0.12
BB11030,RV11-BB,linsi,0.8426501035196687,0.42028985507246375,0.4282988131254364,0.4102933410149311,0.82,0.68
BB11030,RV11-BB,linsi3di,0.8974358974358975,0.7391304347826086,0.3034675354898767,0.31390977443609025,0.45,0.37
BB11030,RV11-BB,linsi3di_true,0.8886765408504539,0.7101449275362319,0.3243658366302071,0.33901006329402117,0.62,0.5
BB11030,RV11-BB,mafft,0.6620480968307055,0.2463768115942029,0.618803816616244,0.5657015590200445,0.18,0.18
BB11030,RV11-BB,mc2,0.8686096512183469,0.5362318840579711,0.40237374912729806,0.3831964259979824,0.16,0.1
BB11030,RV11-BB,mc3di,0.8684503901895206,0.5362318840579711,0.37295787758901555,0.3410613842015162,0.22,0.13
BB11030,RV11-BB,mcaa,0.8122312470138557,0.37681159420289856,0.48377938096346285,0.4398484848484848,0.24,0.13999999999999999
BB11031,RV11-BB,clustalo,0.5979416809605489,0.24528301886792453,0.588646967340591,0.5375537262329715,0.27,0.23
BB11031,RV11-BB,fm,0.7356775300171526,0.39622641509433965,0.5131544841886988,0.48484640702139326,0.18,0.17
BB11031,RV11-BB,fm_aa,0.24339622641509434,0.0,0.8052099533437014,0.7980381617844665,0.15,0.14
BB11031,RV11-BB,fm_true,0.6353344768439108,0.25471698113207547,0.5612363919129082,0.5315807679003806,0.17,0.17
BB11031,RV11-BB,linsi,0.5946826758147513,0.18867924528301888,0.5719932607568688,0.5389823410344106,1.53,1.33
BB11031,RV11-BB,linsi3di,0.81852487135506,0.5094339622641509,0.3658631415241057,0.3805937084625609,0.6,0.5900000000000001
BB11031,RV11-BB,linsi3di_true,0.7967409948542024,0.4339622641509434,0.39942975635044065,0.41966186599874766,0.78,0.68
BB11031,RV11-BB,mafft,0.4933104631217839,0.0,0.6931700362882323,0.6587387387387387,0.27,0.25
BB11031,RV11-BB,mc2,0.6087478559176672,0.18867924528301888,0.5489891135303266,0.5226010014404281,0.1,0.1
BB11031,RV11-BB,mc3di,0.734819897084048,0.4056603773584906,0.4575557283566615,0.4332430602572782,0.14,0.14
BB11031,RV11-BB,mcaa,0.5360205831903945,0.0,0.6255184033177812,0.5663364850667867,0.19,0.17
BB11032,RV11-BB,clustalo,0.8021616541353384,0.5921052631578947,0.4309375,0.4062601891098794,0.07,0.06
BB11032,RV11-BB,fm,0.9473684210526315,0.8157894736842105,0.34421875,0.3074257425742575,0.12,0.11000000000000001
BB11032,RV11-BB,fm_aa,0.7424812030075187,0.3815789473684211,0.5128125,0.5025526483726867,0.09,0.09
BB11032,RV11-BB,fm_true,0.881578947368421,0.6447368421052632,0.380625,0.343925852366766,0.09,0.08
BB11032,RV11-BB,linsi,0.8801691729323309,0.6973684210526315,0.385,0.37622820919175914,0.61,0.46
BB11032,RV11-BB,linsi3di,0.9671052631578947,0.868421052631579,0.24312500000000004,0.2444236468569646,0.25,0.23
BB11032,RV11-BB,linsi3di_true,0.8327067669172933,0.3684210526315789,0.31765625,0.3243075970911341,0.26,0.26
BB11032,RV11-BB,mafft,0.5953947368421053,0.25,0.62546875,0.554046511627907,0.19,0.19
BB11032,RV11-BB,mc2,0.9149436090225563,0.7105263157894737,0.31281250000000005,0.3024583663758922,0.1,0.060000000000000005
BB11032,RV11-BB,mc3di,0.956296992481203,0.8552631578947368,0.31171875000000004,0.2875626718421478,0.09,0.08
BB11032,RV11-BB,mcaa,0.7443609022556391,0.34210526315789475,0.47328125,0.41587246577716164,0.09,0.08
BB11033,RV11-BB,clustalo,0.2383838383838384,0.0,0.8168107100491442,0.7854733081960706,0.05,0.03
BB11033,RV11-BB,fm,0.494949494949495,0.0,0.6207422470767667,0.6092877094972067,0.08,0.07
BB11033,RV11-BB,fm_aa,0.2737373737373737,0.0,0.7302152177597017,0.7258008956252153,0.07,0.07
BB11033,RV11-BB,linsi,0.6070707070707071,0.2777777777777778,0.6505677003897645,0.6223443223443224,0.53,0.30000000000000004
BB11033,RV11-BB,linsi3di,0.5252525252525253,0.0,0.5175394001016778,0.5293436931724251,0.2,0.19
BB11033,RV11-BB,mafft,0.4313131313131313,0.0,0.7593628198610405,0.7197552792579436,0.32,0.18
BB11033,RV11-BB,mc2,0.6494949494949495,0.2777777777777778,0.5899000169462802,0.5676255136680364,0.14,0.07
BB11033,RV11-BB,mc3di,0.5,0.0,0.5982036942891036,0.5810213818695883,0.08,0.07
BB11033,RV11-BB,mcaa,0.5222222222222223,0.2777777777777778,0.6844602609727165,0.6517022072577627,0.08,0.07
BB11034,RV11-BB,clustalo,0.7842857142857143,0.46,0.5093972149186874,0.4833880229696472,0.16,0.15
BB11034,RV11-BB,fm,0.8678571428571429,0.61,0.430032135553608,0.4198632173654475,0.16,0.16
BB11034,RV11-BB,fm_aa,0.3432142857142857,0.0,0.7228551952478333,0.7371386348942459,0.14,0.13
BB11034,RV11-BB,fm_true,0.8432142857142857,0.6,0.45009251144220475,0.4404478795085216,0.18,0.17
BB11034,RV11-BB,linsi,0.8614285714285714,0.63,0.4431784983932223,0.4312145628170695,0.74,0.66
BB11034,RV11-BB,linsi3di,0.8275,0.5,0.4005258545135846,0.4147732674208575,0.35,0.33999999999999997
BB11034,RV11-BB,linsi3di_true,0.815,0.46,0.42000194760930953,0.4348073638261529,0.43,0.38
BB11034,RV11-BB,mafft,0.49714285714285716,0.0,0.6786444639205376,0.6685415829650462,0.21,0.2
BB11034,RV11-BB,mc2,0.8664285714285714,0.63,0.42896095043334304,0.4215821661077136,0.16,0.08
BB11034,RV11-BB,mc3di,0.9078571428571428,0.72,0.3726750413866978,0.3761983150963494,0.11,0.11
BB11034,RV11-BB,mcaa,0.6775,0.28,0.5676307332749051,0.5456406058125256,0.11,0.11
BB11035,RV11-BB,clustalo,0.5459459459459459,0.1891891891891892,0.5867014341590613,0.5451936872309899,0.0,0.0
BB11035,RV11-BB,fm,0.5918918918918918,0.35135135135135137,0.5488917861799218,0.5569782330345711,0.06,0.03
BB11035,RV11-BB,fm_aa,0.3081081081081081,0.0,0.7183833116036507,0.714663143989432,0.04,0.03
BB11035,RV11-BB,fm_true,0.7054054054054054,0.6216216216216216,0.470664928292047,0.43999999999999995,0.1,0.09999999999999999
BB11035,RV11-BB,linsi,0.6459459459459459,0.5405405405405406,0.5280312907431551,0.5335051546391752,0.34,0.19
BB11035,RV11-BB,linsi3di,0.4918918918918919,0.35135135135135137,0.5880052151238592,0.5786666666666667,0.32,0.16
BB11035,RV11-BB,linsi3di_true,0.5135135135135135,0.35135135135135137,0.5606258148631029,0.562905317769131,0.15,0.14
BB11035,RV11-BB,mafft,0.46216216216216216,0.16216216216216217,0.6623207301173403,0.6162962962962963,0.32,0.17
BB11035,RV11-BB,mc2,0.6135135135135135,0.4594594594594595,0.5436766623207301,0.5483870967741935,0.13,0.05
BB11035,RV11-BB,mc3di,0.5675675675675675,0.35135135135135137,0.5606258148631029,0.5707006369426751,0.11,0.04
BB11035,RV11-BB,mcaa,0.4972972972972973,0.1891891891891892,0.634941329856584,0.6286472148541113,0.1,0.04
BB11036,RV11-BB,clustalo,0.6451863354037267,0.391304347826087,0.480649188514357,0.45698350539931176,0.12,0.12
BB11036,RV11-BB,fm,0.7511645962732919,0.4782608695652174,0.4153898535921008,0.39091876551968785,0.11,0.11
BB11036,RV11-BB,fm_aa,0.41032608695652173,0.0,0.6588355464759958,0.6632687352974124,0.09,0.08
BB11036,RV11-BB,fm_true,0.7243788819875776,0.43478260869565216,0.4391102031551469,0.4320193081255028,0.11,0.11
BB11036,RV11-BB,linsi,0.6739130434782609,0.31521739130434784,0.4804221995233231,0.4535036409215709,0.55,0.43
BB11036,RV11-BB,linsi3di,0.8171583850931677,0.5,0.3629553966632618,0.37066935755129504,0.25,0.24
BB11036,RV11-BB,linsi3di_true,0.7927018633540373,0.532608695652174,0.3879241856769947,0.4028346805447902,0.34,0.32999999999999996
BB11036,RV11-BB,mafft,0.5799689440993789,0.31521739130434784,0.6150266712064465,0.5727421589620859,0.22,0.22000000000000003
BB11036,RV11-BB,mc2,0.7220496894409938,0.31521739130434784,0.44251503802065595,0.41959116152664544,0.15,0.09
BB11036,RV11-BB,mc3di,0.7484472049689441,0.31521739130434784,0.4068777664283282,0.390625,0.1,0.08
BB11036,RV11-BB,mcaa,0.6711956521739131,0.3695652173913043,0.5027806151401657,0.47814175104228707,0.11,0.09000000000000001
BB11037,RV11-BB,clustalo,0.5679802955665024,0.35467980295566504,0.5472636815920398,0.5030716723549489,0.14,0.12000000000000001
BB11037,RV11-BB,fm,0.6472906403940887,0.4729064039408867,0.42972636815920395,0.4314941103533788,0.12,0.09
BB11037,RV11-BB,fm_aa,0.2354679802955665,0.0,0.8106343283582089,0.7948113207547169,0.1,0.08
BB11037,RV11-BB,linsi,0.516256157635468,0.30049261083743845,0.6215796019900497,0.6162093976663513,0.48,0.38
BB11037,RV11-BB,linsi3di,0.6610837438423646,0.47783251231527096,0.4129353233830846,0.42561606327958623,0.44,0.26
BB11037,RV11-BB,mafft,0.3980295566502463,0.2561576354679803,0.726679104477612,0.6840402588066139,0.32,0.22
BB11037,RV11-BB,mc2,0.5305418719211823,0.31527093596059114,0.6085199004975124,0.6072988147223954,0.15,0.08
BB11037,RV11-BB,mc3di,0.6615763546798029,0.46798029556650245,0.42630597014925375,0.4236176194939082,0.09,0.06999999999999999
BB11037,RV11-BB,mcaa,0.5394088669950738,0.3842364532019704,0.6075870646766169,0.5584324702589223,0.07,0.06
BB11038,RV11-BB,clustalo,0.8380952380952381,0.674074074074074,0.32744405182567726,0.31029392027915714,0.12,0.11
BB11038,RV11-BB,fm,0.7997354497354497,0.6296296296296297,0.3477293547964926,0.3317243228747654,0.13,0.11
BB11038,RV11-BB,fm_aa,0.37063492063492065,0.0,0.703441957858919,0.7077637348465309,0.09,0.08
BB11038,RV11-BB,fm_true,0.8084656084656084,0.6444444444444445,0.3455045151158226,0.32042397064818584,0.12,0.11
BB11038,RV11-BB,linsi,0.8026455026455026,0.5777777777777777,0.3727260829734328,0.3515963203463204,0.75,0.64
BB11038,RV11-BB,linsi3di,0.7923280423280423,0.6296296296296297,0.29354796492605684,0.30714927480426135,0.45,0.32
BB11038,RV11-BB,linsi3di_true,0.7981481481481482,0.6592592592592592,0.27522575579112685,0.2901820046142015,0.29,0.29000000000000004
BB11038,RV11-BB,mafft,0.7862433862433862,0.562962962962963,0.4098939929328622,0.3740108288213244,0.38,0.21000000000000002
BB11038,RV11-BB,mc2,0.8031746031746032,0.6,0.3245648475330454,0.31515392781316354,0.13,0.07
BB11038,RV11-BB,mc3di,0.7875661375661376,0.6518518518518519,0.3267896872137155,0.3188559322033898,0.17,0.09000000000000001
BB11038,RV11-BB,mcaa,0.830952380952381,0.6074074074074074,0.3434105483575448,0.3164850136239782,0.14,0.09000000000000001
BB12001,RV12-BB,clustalo,0.910655737704918,0.819672131147541,0.1926040744021258,0.18253968253968256,0.23,0.21000000000000002
BB12001,RV12-BB,fm,0.8770491803278688,0.7254098360655737,0.2563773250664305,0.24067290733957403,0.18,0.16
BB12001,RV12-BB,fm_aa,0.5467213114754098,0.0,0.5512843224092117,0.5197876676619745,0.16,0.16
BB12001,RV12-BB,linsi,0.9351713859910581,0.8278688524590164,0.17759078830823738,0.1722016671867338,0.83,0.63
BB12001,RV12-BB,linsi3di,0.9225782414307004,0.8073770491803278,0.17714791851195744,0.1839782159954324,0.55,0.34
BB12001,RV12-BB,mafft,0.8810730253353204,0.680327868852459,0.23693534100974312,0.20897989165365893,0.23,0.26
BB12001,RV12-BB,mc2,0.922876304023845,0.8114754098360656,0.19357838795394156,0.18814927103303758,0.17,0.11
BB12001,RV12-BB,mc3di,0.9125186289120716,0.8032786885245902,0.19309123117803362,0.17418302134795816,0.24,0.15
BB12001,RV12-BB,mcaa,0.9035767511177347,0.7704918032786885,0.20017714791851193,0.19176549563660772,0.25,0.14
BB12002,RV12-BB,clustalo,0.9031630170316302,0.7737226277372263,0.09538674991328477,0.0897033158813264,0.02,0.0
BB12002,RV12-BB,fm,0.921654501216545,0.7956204379562044,0.07075962539021852,0.06589958158995812,0.05,0.05
BB12002,RV12-BB,fm_aa,0.8968369829683698,0.7299270072992701,0.09712105445716268,0.09805959805959807,0.05,0.04
BB12002,RV12-BB,linsi,0.9021897810218978,0.7153284671532847,0.11168921262573706,0.10983663538408062,0.37,0.19
BB12002,RV12-BB,linsi3di,0.8958637469586375,0.7226277372262774,0.0915712799167534,0.09030913511635985,0.31,0.17
BB12002,RV12-BB,mafft,0.9250608272506082,0.7956204379562044,0.09053069719042661,0.0886339937434828,0.32,0.16999999999999998
BB12002,RV12-BB,mc2,0.902676399026764,0.7226277372262774,0.10267082899757196,0.09703315881326358,0.09,0.04
BB12002,RV12-BB,mc3di,0.9396593673965937,0.8540145985401459,0.054110301768990676,0.051808066759388094,0.09,0.05
BB12002,RV12-BB,mcaa,0.8992700729927007,0.7299270072992701,0.10822060353798124,0.10386894388288603,0.14,0.06
BB12003,RV12-BB,clustalo,0.9276061776061776,0.8108108108108109,0.15819861431870674,0.1523255813953488,0.0,0.0
BB12003,RV12-BB,fm,0.9073359073359073,0.8108108108108109,0.14030023094688227,0.12308598351001176,0.06,0.04
BB12003,RV12-BB,fm_aa,0.7673745173745173,0.40540540540540543,0.2650115473441108,0.2654356607039815,0.06,0.03
BB12003,RV12-BB,linsi,0.9662162162162162,0.918918918918919,0.09295612009237875,0.08927536231884059,0.3,0.17
BB12003,RV12-BB,linsi3di,0.888996138996139,0.7297297297297297,0.16339491916859128,0.1667625071880391,0.35,0.18
BB12003,RV12-BB,mafft,0.9671814671814671,0.918918918918919,0.10277136258660513,0.09913043478260875,0.16,0.15
BB12003,RV12-BB,mc2,0.9835907335907336,0.972972972972973,0.07563510392609696,0.07829591249280365,0.07,0.05
BB12003,RV12-BB,mc3di,0.9362934362934363,0.8648648648648649,0.10681293302540418,0.09795918367346934,0.08,0.05
BB12003,RV12-BB,mcaa,0.9700772200772201,0.918918918918919,0.11836027713625863,0.10701754385964912,0.13,0.05
BB12004,RV12-BB,clustalo,0.9269423558897243,0.6381578947368421,0.10330276718331577,0.09455916093084238,0.1,0.09
BB12004,RV12-BB,fm,0.9239348370927318,0.7039473684210527,0.12521301631096327,0.10824337179964427,0.09,0.08
BB12004,RV12-BB,fm_aa,0.8184210526315789,0.14473684210526316,0.21788525521382784,0.21296749959170347,0.1,0.08
BB12004,RV12-BB,linsi,0.9787593984962406,0.8947368421052632,0.056601476913089366,0.053952882776579725,0.53,0.34
BB12004,RV12-BB,linsi3di,0.950250626566416,0.8157894736842105,0.08987259595877628,0.08990952245709416,0.46,0.25
BB12004,RV12-BB,mafft,0.9490601503759398,0.7763157894736842,0.10058427331007058,0.08529338945283482,0.35,0.2
BB12004,RV12-BB,mc2,0.9761904761904762,0.881578947368421,0.0551407936379128,0.0535278816452609,0.19,0.09000000000000001
BB12004,RV12-BB,mc3di,0.9719298245614035,0.8618421052631579,0.08054045281181532,0.07686980609418281,0.22,0.12
BB12004,RV12-BB,mcaa,0.9660401002506266,0.7960526315789473,0.06540615109956993,0.06236261499633644,0.21,0.12
BB12005,RV12-BB,clustalo,0.9223438767234388,0.7664233576642335,0.13209964412811392,0.13296359499431176,0.04,0.03
BB12005,RV12-BB,fm,0.9063260340632603,0.7591240875912408,0.1756583629893238,0.15950653120464442,0.16,0.15
BB12005,RV12-BB,fm_aa,0.6926196269261963,0.1897810218978102,0.33637010676156587,0.3337144490495927,0.05,0.04
BB12005,RV12-BB,linsi,0.9316707218167072,0.7591240875912408,0.14590747330960852,0.13916786226685796,0.41,0.23
BB12005,RV12-BB,linsi3di,0.9416058394160584,0.8321167883211679,0.12797153024911034,0.12970592413695126,0.36,0.21
BB12005,RV12-BB,mafft,0.9063260340632603,0.708029197080292,0.18320284697508893,0.14752637052443918,0.34,0.18000000000000002
BB12005,RV12-BB,mc2,0.9332927818329279,0.781021897810219,0.13978647686832735,0.14003130781272233,0.1,0.08
BB12005,RV12-BB,mc3di,0.9330900243309003,0.7956204379562044,0.13807829181494657,0.1374643874643875,0.16,0.08
BB12005,RV12-BB,mcaa,0.9288321167883211,0.7956204379562044,0.14220640569395016,0.13456843314663225,0.12,0.08
BB12006,RV12-BB,clustalo,0.9578313253012049,0.9337349397590361,0.10432190760059612,0.10298507462686568,0.01,0.0
BB12006,RV12-BB,fm,0.9588353413654619,0.9397590361445783,0.0901639344262295,0.08880597014925373,0.05,0.03
BB12006,RV12-BB,fm_aa,0.9728915662650602,0.9457831325301205,0.09538002980625937,0.09672619047619047,0.04,0.04
BB12006,RV12-BB,fm_true,0.9688755020080321,0.9457831325301205,0.08494783904619974,0.08014981273408239,0.05,0.03
BB12006,RV12-BB,linsi,0.9487951807228916,0.9156626506024096,0.13189269746646792,0.12734082397003743,0.36,0.18
BB12006,RV12-BB,linsi3di,0.8544176706827309,0.7771084337349398,0.21684053651266766,0.2174236783320923,0.33,0.18
BB12006,RV12-BB,linsi3di_true,0.9819277108433735,0.963855421686747,0.06706408345752612,0.06983655274888556,0.35,0.18000000000000002
BB12006,RV12-BB,mafft,0.9367469879518072,0.9036144578313253,0.12891207153502238,0.09938366718027736,0.31,0.17
BB12006,RV12-BB,mc2,0.9407630522088354,0.9036144578313253,0.1251862891207154,0.1225710014947683,0.08,0.03
BB12006,RV12-BB,mc3di,0.9327309236947792,0.9036144578313253,0.1214605067064084,0.1227678571428571,0.1,0.05
BB12006,RV12-BB,mcaa,0.9497991967871486,0.9216867469879518,0.11698956780923997,0.11501120238984319,0.12,0.04
BB12007,RV12-BB,clustalo,0.8884885606197082,0.7540983606557377,0.17138034508627153,0.1643908159019556,0.67,0.6599999999999999
BB12007,RV12-BB,fm,0.8753377769771212,0.7288776796973518,0.1858964741185296,0.16785522582624035,0.55,0.49
BB12007,RV12-BB,fm_aa,0.7129346063772293,0.39974779319041615,0.3478994748687172,0.3332438444427399,0.38,0.37
BB12007,RV12-BB,linsi,0.9053774094757702,0.7818411097099621,0.1612153038259565,0.1543319593087017,0.83,0.76
BB12007,RV12-BB,linsi3di,0.8945235092776076,0.7566204287515763,0.1627531882970743,0.16284739151633354,0.74,0.52
BB12007,RV12-BB,mafft,0.8534498288596649,0.6860025220680959,0.21069017254313582,0.18314506424440047,0.52,0.36000000000000004
BB12007,RV12-BB,mc2,0.899522608539002,0.7818411097099621,0.1644036009002251,0.15897765025672006,0.19,0.12000000000000001
BB12007,RV12-BB,mc3di,0.8945685462078905,0.7667087011349306,0.1679294823705927,0.15849171124008954,0.23,0.16
BB12007,RV12-BB,mcaa,0.882903981264637,0.7440100882723834,0.17891972993248317,0.16726899227755165,0.23,0.14
BB12008,RV12-BB,clustalo,0.9539691550761662,0.8450184501845018,0.10762466273608473,0.10314351712363157,0.24,0.23
BB12008,RV12-BB,fm,0.9339104929510833,0.7749077490774908,0.14003530861730118,0.11812126387702815,0.22,0.18000000000000002
BB12008,RV12-BB,fm_aa,0.9050525120635822,0.6383763837638377,0.16778255221345062,0.15089722675367045,0.17,0.15
BB12008,RV12-BB,linsi,0.9548680102185637,0.8523985239852399,0.10842410312781048,0.1015708915145005,1.05,0.7000000000000001
BB12008,RV12-BB,linsi3di,0.9578484246380925,0.8376383763837638,0.08857133339995338,0.08990520538832525,0.41,0.38
BB12008,RV12-BB,mafft,0.9161699309300785,0.7527675276752768,0.15922187801872023,0.13935488270594654,0.28,0.23
BB12008,RV12-BB,mc2,0.9575172674803671,0.8634686346863468,0.09709869757836176,0.09559240599245933,0.11,0.1
BB12008,RV12-BB,mc3di,0.9525972182798751,0.8118081180811808,0.10495986143033209,0.09427983955236463,0.16,0.13
BB12008,RV12-BB,mcaa,0.949711420191125,0.8413284132841329,0.11728456746943805,0.10348793937548628,0.23,0.14
BB12009,RV12-BB,clustalo,0.91875,0.796875,0.11173184357541899,0.11297071129707115,0.01,0.0
BB12009,RV12-BB,fm,0.803125,0.546875,0.2178770949720671,0.19885550786838335,0.06,0.04
BB12009,RV12-BB,fm_aa,0.54375,0.0,0.4916201117318436,0.5127175368139223,0.06,0.04
BB12009,RV12-BB,linsi,0.834375,0.59375,0.2094972067039106,0.19830028328611893,0.34,0.18
BB12009,RV12-BB,linsi3di,0.81875,0.546875,0.2011173184357542,0.19322990126939354,0.35,0.16999999999999998
BB12009,RV12-BB,mafft,0.8859375,0.78125,0.16899441340782118,0.15482954545454541,0.32,0.16
BB12009,RV12-BB,mc2,0.83125,0.578125,0.19692737430167595,0.18439716312056742,0.09,0.03
BB12009,RV12-BB,mc3di,0.8171875,0.5625,0.2094972067039106,0.19830028328611893,0.11,0.04
BB12009,RV12-BB,mcaa,0.8625,0.65625,0.18016759776536317,0.16737588652482271,0.09,0.04
BB12010,RV12-BB,clustalo,0.9466019417475728,0.8737864077669902,0.10456331217890602,0.10198514926504021,0.06,0.05
BB12010,RV12-BB,fm,0.9308830328247804,0.8543689320388349,0.14309459051072837,0.13657125456760044,0.1,0.1
BB12010,RV12-BB,fm_aa,0.7380952380952381,0.2524271844660194,0.30054397098821395,0.29937944604207656,0.08,0.07
BB12010,RV12-BB,linsi,0.9625520110957004,0.8786407766990292,0.12088244182532493,0.11674510399271287,0.52,0.29000000000000004
BB12010,RV12-BB,linsi3di,0.949375866851595,0.883495145631068,0.11453611362949534,0.11760277066706826,0.34,0.23
BB12010,RV12-BB,mafft,0.925335182616736,0.7864077669902912,0.15805379268661224,0.14814248585843148,0.2,0.2
BB12010,RV12-BB,mc2,0.9729542302357836,0.912621359223301,0.10244786944696282,0.1032608695652174,0.12,0.060000000000000005
BB12010,RV12-BB,mc3di,0.9498381877022654,0.883495145631068,0.12118464792988815,0.12145015105740187,0.13,0.08
BB12010,RV12-BB,mcaa,0.9782709200184928,0.9271844660194175,0.09942580840132975,0.09928970832703643,0.13,0.06999999999999999
BB12011,RV12-BB,clustalo,0.7754820936639119,0.5227272727272727,0.30271144388817506,0.280246038460659,1.01,0.97
BB12011,RV12-BB,fm,0.7255509641873278,0.4715909090909091,0.3965929732843029,0.3763679655661889,0.64,0.5900000000000001
BB12011,RV12-BB,fm_aa,0.6534951790633609,0.3806818181818182,0.43939125426432146,0.4351620391036515,0.54,0.5
BB12011,RV12-BB,linsi,0.8326876721763086,0.5625,0.2695272695051172,0.2607165276656802,2.07,1.9100000000000001
BB12011,RV12-BB,linsi3di,0.6745437327823691,0.26988636363636365,0.42678658455540297,0.4225009485125092,1.53,1.29
BB12011,RV12-BB,mafft,0.7385072314049587,0.4034090909090909,0.363940454565593,0.30557705330366647,0.61,0.44
BB12011,RV12-BB,mc2,0.824853650137741,0.5454545454545454,0.2795622701696867,0.2699560025141421,0.21,0.2
BB12011,RV12-BB,mc3di,0.7734590220385675,0.4914772727272727,0.33450002215231933,0.31568756975923096,0.38,0.27999999999999997
BB12011,RV12-BB,mcaa,0.8025998622589532,0.5539772727272727,0.2913251517433876,0.27486003128045877,0.35,0.25
BB12012,RV12-BB,clustalo,0.7703252032520326,0.6280487804878049,0.44170017231476166,0.4183123877917415,0.04,0.03
BB12012,RV12-BB,fm,0.8465447154471545,0.6951219512195121,0.38196438828259616,0.36481700118063753,0.07,0.06
BB12012,RV12-BB,fm_aa,0.6148373983739838,0.2621951219512195,0.5807007466973004,0.5957918050941307,0.06,0.05
BB12012,RV12-BB,linsi,0.8028455284552846,0.6707317073170732,0.4382538770821367,0.4182034503271862,0.42,0.23
BB12012,RV12-BB,linsi3di,0.8495934959349594,0.7012195121951219,0.3555427914991385,0.35331412103746396,0.36,0.18
BB12012,RV12-BB,mafft,0.7621951219512195,0.6463414634146342,0.48420448018380247,0.4547662416514876,0.32,0.18000000000000002
BB12012,RV12-BB,mc2,0.823170731707317,0.6646341463414634,0.42044801838024126,0.3932651834034877,0.12,0.05
BB12012,RV12-BB,mc3di,0.8597560975609756,0.7195121951219512,0.35898908673176333,0.3515398024404416,0.12,0.05
BB12012,RV12-BB,mcaa,0.7936991869918699,0.6585365853658537,0.45089029293509475,0.4302741358760429,0.1,0.05
BB12013,RV12-BB,clustalo,0.9620674356699201,0.8902691511387164,0.08465047204837173,0.07711229946524067,0.29,0.28
BB12013,RV12-BB,fm,0.9607364685004437,0.8778467908902692,0.09859976662777126,0.08555286521388217,0.28,0.24
BB12013,RV12-BB,fm_aa,0.9232475598935226,0.7846790890269151,0.1482444043704254,0.1349851871801777,0.2,0.18
BB12013,RV12-BB,linsi,0.9720496894409938,0.9213250517598344,0.07223931261270822,0.06689427077776589,0.72,0.5
BB12013,RV12-BB,linsi3di,0.9758947057083703,0.9316770186335404,0.06757186803861248,0.06776964683423481,0.55,0.35000000000000003
BB12013,RV12-BB,mafft,0.9205116829340432,0.7619047619047619,0.1438951946536544,0.11802633735861423,0.43,0.26
BB12013,RV12-BB,mc2,0.975377107364685,0.9296066252587992,0.0655033414660019,0.06296867521140248,0.18,0.09
BB12013,RV12-BB,mc3di,0.9767080745341615,0.927536231884058,0.06895088575368624,0.06413605587247428,0.21,0.13
BB12013,RV12-BB,mcaa,0.9538598047914818,0.855072463768116,0.09032566033732892,0.08204881181759793,0.21,0.11
BB12014,RV12-BB,clustalo,0.9948320413436692,0.9767441860465116,0.09590792838874684,0.09513651877133111,0.02,0.01
BB12014,RV12-BB,fm,0.9948320413436692,0.9767441860465116,0.08013640238704178,0.08013640238704178,0.05,0.04
BB12014,RV12-BB,fm_aa,0.9832041343669251,0.9534883720930233,0.07289002557544755,0.06812339331619532,0.05,0.03
BB12014,RV12-BB,linsi,1.0,1.0,0.14919011082693945,0.1359307359307359,0.35,0.17
BB12014,RV12-BB,linsi3di,0.9741602067183462,0.8837209302325582,0.11125319693094626,0.11011523687580027,0.34,0.16
BB12014,RV12-BB,mafft,1.0,1.0,0.17263427109974427,0.14943032427695002,0.29,0.16
BB12014,RV12-BB,mc2,0.9896640826873385,0.9534883720930233,0.12617220801364026,0.11790017211703963,0.12,0.04
BB12014,RV12-BB,mc3di,0.9896640826873385,0.9534883720930233,0.10400682011935214,0.10209312259718073,0.12,0.05
BB12014,RV12-BB,mcaa,1.0,1.0,0.13043478260869568,0.11726525313717007,0.11,0.05
BB12015,RV12-BB,clustalo,0.9467171717171717,0.9,0.14773319437206878,0.12668535576024564,0.05,0.04
BB12015,RV12-BB,fm,0.9686868686868687,0.9166666666666666,0.15594059405940597,0.13728362183754994,0.09,0.05
BB12015,RV12-BB,fm_aa,0.8830808080808081,0.5333333333333333,0.22694111516414794,0.2266388635475043,0.06,0.06
BB12015,RV12-BB,linsi,0.9919191919191919,0.9833333333333333,0.15177175612298077,0.14283833596629802,0.57,0.36000000000000004
BB12015,RV12-BB,linsi3di,0.9873737373737373,0.9666666666666667,0.10317873892652418,0.10352910535225945,0.34,0.22
BB12015,RV12-BB,mafft,0.966919191919192,0.8833333333333333,0.22941636268890042,0.19829222011385195,0.34,0.16999999999999998
BB12015,RV12-BB,mc2,0.9883838383838384,0.9666666666666667,0.12741010943199582,0.121343303161485,0.15,0.07
BB12015,RV12-BB,mc3di,0.9911616161616161,0.9833333333333333,0.12285044293903069,0.11021540901281879,0.14,0.08
BB12015,RV12-BB,mcaa,0.9904040404040404,0.9666666666666667,0.17821782178217827,0.15578158458244107,0.16,0.08
BB12016,RV12-BB,clustalo,0.8534246575342466,0.7671232876712328,0.1971754481260185,0.19013698630136988,0.16,0.12
BB12016,RV12-BB,fm,0.8054794520547945,0.6027397260273972,0.22976643128734386,0.21396895787139691,0.11,0.11000000000000001
BB12016,RV12-BB,fm_aa,0.5013698630136987,0.0,0.596958174904943,0.6202661207778914,0.13,0.08
BB12016,RV12-BB,linsi,0.9082191780821918,0.7808219178082192,0.20260727865290606,0.18850193477059152,0.55,0.35
BB12016,RV12-BB,linsi3di,0.873972602739726,0.684931506849315,0.20912547528517111,0.20869565217391306,0.47,0.27
BB12016,RV12-BB,mafft,0.8835616438356164,0.7671232876712328,0.22813688212927752,0.1921546333143832,0.36,0.23
BB12016,RV12-BB,mc2,0.9287671232876712,0.821917808219178,0.17164584464964694,0.16803055100927444,0.12,0.05
BB12016,RV12-BB,mc3di,0.8821917808219178,0.726027397260274,0.1830526887561108,0.1772428884026258,0.13,0.060000000000000005
BB12016,RV12-BB,mcaa,0.9082191780821918,0.821917808219178,0.17055947854426945,0.16739367502726277,0.12,0.06
BB12017,RV12-BB,clustalo,0.9733475479744137,0.917910447761194,0.11443489611661051,0.11143855053481777,0.11,0.09999999999999999
BB12017,RV12-BB,fm,0.9601990049751243,0.9029850746268657,0.15707603611443488,0.14489075259324657,0.13,0.12
BB12017,RV12-BB,fm_aa,0.7316986496090974,0.1828358208955224,0.36690960513434134,0.36766623207301175,0.11,0.1
BB12017,RV12-BB,linsi,0.9772565742714996,0.9291044776119403,0.11889481126944412,0.1071428571428571,0.54,0.34
BB12017,RV12-BB,linsi3di,0.9468727789623312,0.832089552238806,0.12966387468726204,0.13483996539792387,0.43,0.25
BB12017,RV12-BB,mafft,0.9591329068941009,0.8955223880597015,0.1684977700424236,0.147350808700502,0.31,0.21000000000000002
BB12017,RV12-BB,mc2,0.9724591329068941,0.917910447761194,0.10475361688241058,0.10543478260869565,0.13,0.07
BB12017,RV12-BB,mc3di,0.9696162046908315,0.914179104477612,0.11519634504514309,0.11490750816104467,0.12,0.08
BB12017,RV12-BB,mcaa,0.9703269367448472,0.9067164179104478,0.11835091917763518,0.11488478759419019,0.15,0.08
BB12018,RV12-BB,clustalo,0.9490049751243781,0.9164179104477612,0.08624052004333693,0.08126361655773418,0.19,0.13
BB12018,RV12-BB,fm,0.9407960199004975,0.8940298507462686,0.09664138678223189,0.09644560034677074,0.16,0.13
BB12018,RV12-BB,fm_aa,0.9393034825870646,0.8925373134328358,0.09685807150595882,0.09705372616984398,0.11,0.1
BB12018,RV12-BB,linsi,0.9614427860696517,0.9283582089552239,0.08840736728060672,0.08364190808102812,0.45,0.26
BB12018,RV12-BB,linsi3di,0.9412935323383085,0.891044776119403,0.09664138678223189,0.0995680345572354,0.46,0.25
BB12018,RV12-BB,mafft,0.9388059701492537,0.9134328358208955,0.1068255687973998,0.09724047306176087,0.36,0.21000000000000002
BB12018,RV12-BB,mc2,0.9691542288557214,0.9432835820895522,0.06955579631635966,0.07277045994385667,0.11,0.06
BB12018,RV12-BB,mc3di,0.9432835820895522,0.8955223880597015,0.0916576381365114,0.0928370482579528,0.12,0.07
BB12018,RV12-BB,mcaa,0.9522388059701492,0.9223880597014925,0.0877573131094258,0.08795493934142118,0.12,0.06
BB12019,RV12-BB,clustalo,0.9155172413793103,0.8374384236453202,0.3220830788026878,0.30608097545724555,0.18,0.17
BB12019,RV12-BB,fm,0.9049261083743843,0.812807881773399,0.32956627978008557,0.312451057165231,0.21,0.19
BB12019,RV12-BB,fm_aa,0.858128078817734,0.7241379310344828,0.3477397678680513,0.33741855414210364,0.15,0.15
BB12019,RV12-BB,linsi,0.920935960591133,0.8448275862068966,0.31169822846670736,0.3017815646785438,0.56,0.32999999999999996
BB12019,RV12-BB,linsi3di,0.9201970443349754,0.8448275862068966,0.3016188149053146,0.29166666666666663,0.48,0.28
BB12019,RV12-BB,mafft,0.8967980295566502,0.8054187192118226,0.33353695784972515,0.31459085911732365,0.39,0.24
BB12019,RV12-BB,mc2,0.9167487684729064,0.8448275862068966,0.3037568723274282,0.2956897883516144,0.09,0.09
BB12019,RV12-BB,mc3di,0.9192118226600985,0.8399014778325123,0.3074221136224802,0.2988559059987631,0.18,0.09000000000000001
BB12019,RV12-BB,mcaa,0.9288177339901478,0.8571428571428571,0.30207697006719614,0.29180226251355956,0.16,0.08
BB12020,RV12-BB,clustalo,0.3285024154589372,0.0,0.691114245416079,0.5465838509316769,0.0,0.0
BB12020,RV12-BB,fm,0.9251207729468599,0.8840579710144928,0.19464033850493656,0.18311874105865522,0.07,0.05
BB12020,RV12-BB,fm_aa,0.7560386473429952,0.5507246376811594,0.31593794076163606,0.30911680911680917,0.05,0.04
BB12020,RV12-BB,fm_true,0.9202898550724637,0.8405797101449275,0.19181946403385053,0.1790830945558739,0.04,0.03
BB12020,RV12-BB,linsi,0.966183574879227,0.9420289855072463,0.1636107193229901,0.1552706552706553,0.35,0.16
BB12020,RV12-BB,linsi3di,0.8285024154589372,0.782608695652174,0.2425952045133991,0.2350427350427351,0.34,0.17
BB12020,RV12-BB,linsi3di_true,0.8019323671497585,0.7246376811594203,0.2947813822284908,0.2917847025495751,0.32,0.17
BB12020,RV12-BB,mafft,0.9371980676328503,0.8985507246376812,0.19464033850493656,0.15281899109792285,0.3,0.16
BB12020,RV12-BB,mc2,0.9082125603864735,0.8405797101449275,0.17489421720733422,0.1713881019830028,0.1,0.03
BB12020,RV12-BB,mc3di,0.9420289855072463,0.8985507246376812,0.155148095909732,0.155148095909732,0.08,0.04
BB12020,RV12-BB,mcaa,0.9710144927536232,0.9565217391304348,0.15655853314527501,0.14571428571428569,0.11,0.05
BB12021,RV12-BB,clustalo,0.9401709401709402,0.8205128205128205,0.13623462630085148,0.13541666666666663,0.0,0.0
BB12021,RV12-BB,fm,0.8632478632478633,0.7692307692307693,0.20813623462630082,0.20738636363636365,0.05,0.03
BB12021,RV12-BB,fm_aa,0.705982905982906,0.28205128205128205,0.3292336802270577,0.3208812260536399,0.07,0.03
BB12021,RV12-BB,linsi,0.9384615384615385,0.8974358974358975,0.18070009460737935,0.15347018572825022,0.35,0.17
BB12021,RV12-BB,linsi3di,0.9299145299145299,0.8717948717948718,0.1513718070009461,0.14895635673624286,0.35,0.2
BB12021,RV12-BB,mafft,0.8786324786324786,0.7435897435897436,0.26584673604541154,0.23697148475909535,0.32,0.18000000000000002
BB12021,RV12-BB,mc2,0.9606837606837607,0.9230769230769231,0.12866603595080417,0.12618595825426948,0.04,0.04
BB12021,RV12-BB,mc3di,0.9230769230769231,0.8717948717948718,0.16272469252601707,0.15874524714828897,0.11,0.04
BB12021,RV12-BB,mcaa,0.9572649572649573,0.8717948717948718,0.16650898770104072,0.15206929740134745,0.11,0.04
BB12022,RV12-BB,clustalo,0.9921568627450981,0.9803921568627451,0.2278576835730507,0.2129629629629629,0.03,0.01
BB12022,RV12-BB,fm,0.9803921568627451,0.9607843137254902,0.28766086298258897,0.2755966127790608,0.06,0.05
BB12022,RV12-BB,fm_aa,0.9803921568627451,0.9607843137254902,0.24602573807721428,0.24085365853658536,0.06,0.04
BB12022,RV12-BB,linsi,1.0,1.0,0.2906888720666162,0.26567398119122254,0.37,0.19
BB12022,RV12-BB,linsi3di,0.9529411764705882,0.9215686274509803,0.31264193792581374,0.30634071810542396,0.37,0.2
BB12022,RV12-BB,mafft,0.9882352941176471,0.9803921568627451,0.28993186979560936,0.251993620414673,0.31,0.17
BB12022,RV12-BB,mc2,0.9882352941176471,0.9803921568627451,0.26116578349735053,0.2445820433436533,0.08,0.05
BB12022,RV12-BB,mc3di,1.0,1.0,0.2763058289174868,0.2657450076804916,0.1,0.05
BB12022,RV12-BB,mcaa,0.9882352941176471,0.9803921568627451,0.23467070401211199,0.21809744779582363,0.14,0.05
BB12023,RV12-BB,clustalo,0.9300403225806452,0.8588709677419355,0.14089081348592636,0.13728839881969246,0.17,0.15
BB12023,RV12-BB,fm,0.8336693548387096,0.7258064516129032,0.22656974945870711,0.22248134328358204,0.18,0.15
BB12023,RV12-BB,fm_aa,0.761491935483871,0.5443548387096774,0.29013300340241266,0.2889233152594888,0.13,0.11000000000000001
BB12023,RV12-BB,linsi,0.9320564516129032,0.8669354838709677,0.14676770801113515,0.13715983734751325,0.47,0.32
BB12023,RV12-BB,linsi3di,0.8493951612903226,0.7479838709677419,0.22285802660068044,0.22976701410177802,0.36,0.26
BB12023,RV12-BB,mafft,0.8887096774193548,0.8004032258064516,0.18883390040210335,0.17048869207654593,0.34,0.2
BB12023,RV12-BB,mc2,0.9179435483870968,0.8467741935483871,0.1592947726569749,0.15981452859350853,0.16,0.09
BB12023,RV12-BB,mc3di,0.8951612903225806,0.8064516129032258,0.17893597278069906,0.1756211180124223,0.15,0.08
BB12023,RV12-BB,mcaa,0.925,0.8467741935483871,0.1453758119393752,0.13858144972720188,0.14,0.08
BB12024,RV12-BB,clustalo,0.996031746031746,0.9940476190476191,0.07206537890044573,0.07275426874536006,0.01,0.01
BB12024,RV12-BB,fm,0.9771825396825397,0.9583333333333334,0.0898959881129272,0.08239700374531833,0.05,0.04
BB12024,RV12-BB,fm_aa,0.5496031746031746,0.24404761904761904,0.4531946508172363,0.4655047204066812,0.05,0.04
BB12024,RV12-BB,linsi,0.9692460317460317,0.9404761904761905,0.09955423476968794,0.09754281459419212,0.24,0.18
BB12024,RV12-BB,linsi3di,0.9801587301587301,0.9642857142857143,0.08692421991084698,0.08895478131949597,0.39,0.21
BB12024,RV12-BB,mafft,0.9533730158730159,0.9107142857142857,0.12258543833580982,0.11535580524344569,0.33,0.19
BB12024,RV12-BB,mc2,0.9841269841269841,0.9761904761904762,0.07949479940564641,0.08154188287620456,0.11,0.05
BB12024,RV12-BB,mc3di,0.9890873015873016,0.9821428571428571,0.07652303120356607,0.0772086117297699,0.12,0.06
BB12024,RV12-BB,mcaa,0.9930555555555556,0.9880952380952381,0.07875185735512635,0.07738095238095233,0.12,0.05
BB12025,RV12-BB,clustalo,0.9557291666666666,0.921875,0.3517316017316018,0.3262092238470191,0.01,0.0
BB12025,RV12-BB,fm,0.9140625,0.828125,0.275974025974026,0.26077348066298345,0.05,0.04
BB12025,RV12-BB,fm_aa,0.4453125,0.0,0.6244588744588744,0.6887892376681615,0.06,0.04
BB12025,RV12-BB,linsi,0.9296875,0.859375,0.3084415584415584,0.303921568627451,0.35,0.19
BB12025,RV12-BB,linsi3di,0.9114583333333334,0.875,0.24783549783549785,0.250269687162891,0.29,0.19
BB12025,RV12-BB,mafft,0.9036458333333334,0.828125,0.3971861471861472,0.3605051664753157,0.32,0.16999999999999998
BB12025,RV12-BB,mc2,0.9192708333333334,0.890625,0.31060606060606055,0.3120950323974082,0.12,0.05
BB12025,RV12-BB,mc3di,0.9114583333333334,0.875,0.316017316017316,0.3145336225596529,0.12,0.05
BB12025,RV12-BB,mcaa,0.9557291666666666,0.921875,0.33766233766233766,0.3304157549234136,0.13,0.06
BB12026,RV12-BB,clustalo,0.9288539194871155,0.732484076433121,0.14243874375670096,0.12812059660223862,0.14,0.13
BB12026,RV12-BB,fm,0.8952166854002748,0.6878980891719745,0.180643811615805,0.16636513595487679,0.12,0.11000000000000001
BB12026,RV12-BB,fm_aa,0.8108321885017277,0.15286624203821655,0.252791506498261,0.24745851988411904,0.09,0.09
BB12026,RV12-BB,linsi,0.9517921818408892,0.7643312101910829,0.11945294317617217,0.11176470588235299,0.72,0.54
BB12026,RV12-BB,linsi3di,0.9111610673993589,0.7070063694267515,0.1552522162077351,0.15690573128719076,0.62,0.38
BB12026,RV12-BB,mafft,0.9052912035302444,0.7579617834394905,0.19084228968907713,0.1576697971961345,0.38,0.21
BB12026,RV12-BB,mc2,0.9274801215603014,0.7579617834394905,0.13783635365183966,0.12922906267332224,0.19,0.11
BB12026,RV12-BB,mc3di,0.9193205944798302,0.7070063694267515,0.15140817447242494,0.14354711005542364,0.26,0.16
BB12026,RV12-BB,mcaa,0.9395945214603888,0.7707006369426752,0.14055594780471226,0.1078960940256779,0.27,0.16
BB12027,RV12-BB,clustalo,0.9662288930581614,0.8861788617886179,0.1058394160583942,0.10356589147286821,0.3,0.26
BB12027,RV12-BB,fm,0.9540337711069419,0.8536585365853658,0.1325003092911048,0.12100034473032684,0.23,0.23
BB12027,RV12-BB,fm_aa,0.8712737127371274,0.4146341463414634,0.19819373994803913,0.18952041518164198,0.18,0.18
BB12027,RV12-BB,linsi,0.9731081926203877,0.8943089430894309,0.0971483360138562,0.09776225505347103,0.93,0.7
BB12027,RV12-BB,linsi3di,0.9808213466750052,0.9024390243902439,0.10166398614375849,0.10102448234238137,0.66,0.43
BB12027,RV12-BB,mafft,0.9366270585782781,0.7154471544715447,0.12448966967710007,0.10745703925587258,0.36,0.25
BB12027,RV12-BB,mc2,0.9745674379820721,0.9024390243902439,0.09544723493752316,0.09241559086395235,0.19,0.11
BB12027,RV12-BB,mc3di,0.9654992703773192,0.8617886178861789,0.11579858963256218,0.1116497312078556,0.27,0.15000000000000002
BB12027,RV12-BB,mcaa,0.9688346883468835,0.8861788617886179,0.0998082395150316,0.09989175815679607,0.24,0.14
BB12028,RV12-BB,clustalo,0.9392281105990783,0.8387096774193549,0.265188193034515,0.2551844229855944,0.08,0.06
BB12028,RV12-BB,fm,0.915610599078341,0.8064516129032258,0.2639387786974855,0.24832535885167462,0.09,0.09
BB12028,RV12-BB,fm_aa,0.7108294930875576,0.1532258064516129,0.44073090738716225,0.4298678554370323,0.08,0.07
BB12028,RV12-BB,linsi,0.9539170506912442,0.8790322580645161,0.24629080118694358,0.2386811799968449,0.49,0.35000000000000003
BB12028,RV12-BB,linsi3di,0.9380760368663594,0.8548387096774194,0.21458691238481964,0.21483216237314595,0.39,0.25
BB12028,RV12-BB,mafft,0.902073732718894,0.7741935483870968,0.30813681086990474,0.28835341365461853,0.35,0.22
BB12028,RV12-BB,mc2,0.9622695852534562,0.9112903225806451,0.2278619397157582,0.22276371639679293,0.15,0.08
BB12028,RV12-BB,mc3di,0.9493087557603687,0.8709677419354839,0.21692956426674992,0.21324337046916675,0.18,0.09
BB12028,RV12-BB,mcaa,0.925979262672811,0.8064516129032258,0.26081524285491176,0.25791784258388206,0.16,0.08
BB12029,RV12-BB,clustalo,0.9815073815073815,0.9435897435897436,0.20739380202430735,0.1988149318585819,0.21,0.19
BB12029,RV12-BB,fm,0.9686868686868687,0.9384615384615385,0.22748055805228806,0.21729490022172948,0.21,0.17
BB12029,RV12-BB,fm_aa,0.7878787878787878,0.0,0.3347141349798741,0.33184190902311705,0.16,0.15
BB12029,RV12-BB,linsi,0.9895104895104895,0.9743589743589743,0.19977334010707726,0.19911608260325409,0.75,0.65
BB12029,RV12-BB,linsi3di,0.9912975912975913,0.9743589743589743,0.19652975888076907,0.20288450354747412,0.55,0.35000000000000003
BB12029,RV12-BB,mafft,0.9822066822066822,0.9487179487179487,0.239634217827973,0.2183118396207464,0.35,0.25
BB12029,RV12-BB,mc2,0.9896658896658896,0.9743589743589743,0.19719410684278404,0.18821623330435466,0.17,0.1
BB12029,RV12-BB,mc3di,0.9846930846930847,0.958974358974359,0.2039939036304662,0.2046776775604232,0.24,0.16
BB12029,RV12-BB,mcaa,0.9883449883449883,0.9794871794871794,0.19957794364766113,0.19014669249930805,0.28,0.14
BB12030,RV12-BB,clustalo,0.9792843691148776,0.9491525423728814,0.26274602798197766,0.2574635777406258,0.33,0.28
BB12030,RV12-BB,fm,0.9645951035781545,0.9152542372881356,0.2689115484941902,0.26612711259224,0.26,0.25
BB12030,RV12-BB,fm_aa,0.9574387947269303,0.8813559322033898,0.33364951387242114,0.3352259285545304,0.2,0.18
BB12030,RV12-BB,linsi,0.9634651600753296,0.9152542372881356,0.25373488261797483,0.2514272121788773,0.91,0.66
BB12030,RV12-BB,linsi3di,0.9811676082862524,0.943502824858757,0.265828788238084,0.26817161092069497,0.61,0.38
BB12030,RV12-BB,mafft,0.9694915254237289,0.9378531073446328,0.297130661607778,0.27183392703599063,0.37,0.26
BB12030,RV12-BB,mc2,0.975894538606403,0.9322033898305084,0.2475693621057624,0.24434389140271495,0.19,0.09
BB12030,RV12-BB,mc3di,0.9747645951035782,0.9322033898305084,0.24496087265828792,0.24406457739791076,0.16,0.09000000000000001
BB12030,RV12-BB,mcaa,0.9811676082862524,0.9548022598870056,0.25658050746976524,0.24720854844519147,0.15,0.09
BB12031,RV12-BB,clustalo,0.8714687862228846,0.7436661698956781,0.21983642736596132,0.20606653103284278,0.72,0.71
BB12031,RV12-BB,fm,0.8514323563503892,0.7049180327868853,0.23746592236790864,0.22556232365582896,0.49,0.45999999999999996
BB12031,RV12-BB,fm_aa,0.7451233647954959,0.46497764530551416,0.34254186680514087,0.3332982280613991,0.42,0.38
BB12031,RV12-BB,linsi,0.8736876966385163,0.7526080476900149,0.21651304686485784,0.20837377685668568,1.4,1.1300000000000001
BB12031,RV12-BB,linsi3di,0.8749461831429044,0.7481371087928465,0.2106192392574322,0.2169220862846104,0.87,0.72
BB12031,RV12-BB,mafft,0.8401722139427057,0.7302533532041728,0.2666233934830585,0.2339029020884188,0.54,0.38
BB12031,RV12-BB,mc2,0.875906607054148,0.7555886736214605,0.21280020771128128,0.2101753197697137,0.26,0.16
BB12031,RV12-BB,mc3di,0.8723960920682232,0.7466467958271237,0.21394261975853568,0.21117769671704012,0.26,0.18000000000000002
BB12031,RV12-BB,mcaa,0.8706739526411658,0.7421758569299552,0.2207711281318967,0.20571655418816992,0.28,0.18
BB12032,RV12-BB,clustalo,0.8220164609053497,0.6296296296296297,0.23227034745359354,0.23117254528122022,0.0,0.0
BB12032,RV12-BB,fm,0.911522633744856,0.7037037037037037,0.19752498810090435,0.1886429258902791,0.04,0.03
BB12032,RV12-BB,fm_aa,0.6275720164609053,0.2222222222222222,0.36839600190385535,0.36446360153256707,0.05,0.03
BB12032,RV12-BB,linsi,0.9516460905349794,0.8518518518518519,0.12898619704902425,0.13516068052930053,0.2,0.15
BB12032,RV12-BB,linsi3di,0.7777777777777778,0.3333333333333333,0.30556877677296523,0.3147017379051198,0.36,0.17
BB12032,RV12-BB,mafft,0.9547325102880658,0.8518518518518519,0.15897191813422185,0.1517042726836294,0.32,0.16
BB12032,RV12-BB,mc2,0.9670781893004116,0.8518518518518519,0.12898619704902425,0.12440191387559807,0.11,0.05
BB12032,RV12-BB,mc3di,0.9074074074074074,0.6666666666666666,0.17467872441694432,0.17389232968080037,0.1,0.05
BB12032,RV12-BB,mcaa,0.948559670781893,0.8518518518518519,0.13041408852927172,0.13453339649455232,0.12,0.05
BB12033,RV12-BB,clustalo,0.8189884649511979,0.7329192546583851,0.36597272074659004,0.36524363949978444,0.13,0.12000000000000001
BB12033,RV12-BB,fm,0.8627624963028689,0.7515527950310559,0.3277817659727208,0.3045157456922163,0.14,0.13
BB12033,RV12-BB,fm_aa,0.6223010943507838,0.13664596273291926,0.5178750897343862,0.5274415986490291,0.14,0.12
BB12033,RV12-BB,linsi,0.8896776101745045,0.7950310559006211,0.34572864321608043,0.340139009556907,0.65,0.55
BB12033,RV12-BB,linsi3di,0.8893818396923987,0.8012422360248447,0.3094041636755205,0.3157894736842105,0.47,0.33
BB12033,RV12-BB,mafft,0.8541851523217983,0.7080745341614907,0.38377602297200286,0.3570037453183521,0.42,0.23
BB12033,RV12-BB,mc2,0.9074238391008578,0.8322981366459627,0.3138549892318736,0.31699299699871375,0.15,0.08
BB12033,RV12-BB,mc3di,0.878142561372375,0.7577639751552795,0.30739411342426415,0.3068965517241379,0.13,0.08
BB12033,RV12-BB,mcaa,0.888494528246081,0.7701863354037267,0.3302225412778177,0.3224400871459695,0.16,0.08
BB12034,RV12-BB,clustalo,0.9278033794162827,0.8663594470046083,0.10127388535031845,0.10298792116973932,0.02,0.01
BB12034,RV12-BB,fm,0.8963133640552995,0.815668202764977,0.12866242038216558,0.12307692307692308,0.05,0.04
BB12034,RV12-BB,fm_aa,0.793394777265745,0.6359447004608295,0.21401273885350314,0.20998719590268888,0.07,0.05
BB12034,RV12-BB,linsi,0.9208909370199693,0.8525345622119815,0.12101910828025475,0.12045889101338436,0.34,0.19
BB12034,RV12-BB,linsi3di,0.9139784946236559,0.8341013824884793,0.11910828025477704,0.12190476190476196,0.35,0.17
BB12034,RV12-BB,mafft,0.9262672811059908,0.8663594470046083,0.11528662420382163,0.11246006389776353,0.32,0.17
BB12034,RV12-BB,mc2,0.9377880184331797,0.8847926267281107,0.09936305732484074,0.09878903760356916,0.07,0.04
BB12034,RV12-BB,mc3di,0.9316436251920123,0.8709677419354839,0.09936305732484074,0.10108073744437385,0.11,0.05
BB12034,RV12-BB,mcaa,0.9301075268817204,0.8709677419354839,0.10636942675159233,0.10750636132315516,0.1,0.05
BB12035,RV12-BB,clustalo,0.9762141390048367,0.8255813953488372,0.1496470181674565,0.1289853606735607,0.24,0.18
BB12035,RV12-BB,fm,0.9344398065328298,0.7558139534883721,0.17310920221169035,0.1403900436233,0.23,0.16
BB12035,RV12-BB,fm_aa,0.7846352613794474,0.0,0.2959246642969984,0.271523432511812,0.14,0.13
BB12035,RV12-BB,linsi,0.9913867355727821,0.8837209302325582,0.11564474723538709,0.11398258977149078,1.09,0.89
BB12035,RV12-BB,linsi3di,0.9776386404293381,0.8604651162790697,0.12344490521327012,0.127268705685742,0.72,0.59
BB12035,RV12-BB,mafft,0.9743258464188697,0.8372093023255814,0.16344539889415477,0.14104497471835353,0.26,0.21
BB12035,RV12-BB,mc2,0.9859537533956139,0.872093023255814,0.12411137440758291,0.11856323123928758,0.31,0.18000000000000002
BB12035,RV12-BB,mc3di,0.9778374080699662,0.8488372093023255,0.11786631121642965,0.10895853591642357,0.39,0.25
BB12035,RV12-BB,mcaa,0.9922811899556085,0.9069767441860465,0.12762885071090047,0.11340374291305,0.36,0.24
BB12036,RV12-BB,clustalo,0.9832451499118166,0.9567901234567902,0.04224664224664221,0.03966699314397648,0.02,0.01
BB12036,RV12-BB,fm,0.9509112286890065,0.9074074074074074,0.0647130647130647,0.05943025540275049,0.05,0.05
BB12036,RV12-BB,fm_aa,0.9453262786596119,0.8950617283950617,0.07106227106227103,0.0639763779527559,0.06,0.04
BB12036,RV12-BB,fm_true,0.958259847148736,0.9074074074074074,0.059584859584859595,0.052178193453113475,0.05,0.04
BB12036,RV12-BB,linsi,0.9776601998824221,0.9567901234567902,0.04908424908424913,0.04908424908424913,0.32,0.19
BB12036,RV12-BB,linsi3di,0.9353321575543798,0.8271604938271605,0.08229548229548234,0.08162267839687198,0.34,0.18
BB12036,RV12-BB,linsi3di_true,0.9412110523221634,0.8395061728395061,0.07716727716727712,0.07761776909934093,0.29,0.16
BB12036,RV12-BB,mafft,0.929159318048207,0.8271604938271605,0.11330891330891335,0.10742379547689285,0.31,0.16
BB12036,RV12-BB,mc2,0.958259847148736,0.8827160493827161,0.07301587301587298,0.0732421875,0.12,0.04
BB12036,RV12-BB,mc3di,0.9670781893004116,0.9320987654320988,0.053724053724053755,0.051871788597993684,0.13,0.06
BB12036,RV12-BB,mcaa,0.9691358024691358,0.9320987654320988,0.06666666666666665,0.06093366093366093,0.11,0.05
BB12037,RV12-BB,clustalo,0.9285128205128205,0.776,0.19600274271783025,0.18227606157660914,1.04,1.01
BB12037,RV12-BB,fm,0.911025641025641,0.784,0.25161896538588513,0.22645422091558165,0.7,0.6900000000000001
BB12037,RV12-BB,fm_aa,0.5262564102564102,0.0,0.5767072148716256,0.5027001223259838,0.6,0.5900000000000001
BB12037,RV12-BB,linsi,0.9282051282051282,0.732,0.2179952764304035,0.19939160730071237,4.05,3.9
BB12037,RV12-BB,linsi3di,0.9342564102564103,0.784,0.19193945704345172,0.19628694114675427,1.68,1.47
BB12037,RV12-BB,mafft,0.8211794871794872,0.468,0.36998755618762225,0.29484665018049516,0.77,0.62
BB12037,RV12-BB,mc2,0.928974358974359,0.752,0.19861848287071138,0.1941159945858978,0.2,0.16
BB12037,RV12-BB,mc3di,0.9288717948717948,0.752,0.19544404093760315,0.18903906210003585,0.32,0.24
BB12037,RV12-BB,mcaa,0.8870769230769231,0.62,0.2472509332859283,0.22646728776846992,0.33,0.26
BB12038,RV12-BB,clustalo,0.9529411764705882,0.8991596638655462,0.18448713301920983,0.1795806745670009,0.22,0.22
BB12038,RV12-BB,fm,0.9484593837535014,0.8319327731092437,0.22589706415367883,0.19693551419439748,0.26,0.22000000000000003
BB12038,RV12-BB,fm_aa,0.4020541549953315,0.0,0.6556723450525552,0.4523706585963395,0.18,0.17
BB12038,RV12-BB,linsi,0.9521942110177404,0.8907563025210085,0.17297934034070317,0.1667123162603853,1.2,0.98
BB12038,RV12-BB,linsi3di,0.9564892623716154,0.8571428571428571,0.19934758970641542,0.19475075184543877,0.8,0.61
BB12038,RV12-BB,mafft,0.9389355742296919,0.8151260504201681,0.24519753533889088,0.21333459250165265,0.45,0.31
BB12038,RV12-BB,mc2,0.9570494864612512,0.8907563025210085,0.18068140630663287,0.17897030781803325,0.12,0.09000000000000001
BB12038,RV12-BB,mc3di,0.9592903828197946,0.865546218487395,0.18774918448713307,0.17519322782480673,0.18,0.12000000000000001
BB12038,RV12-BB,mcaa,0.9445378151260504,0.8487394957983193,0.2100398695179413,0.19128014842300556,0.19,0.12
BB12039,RV12-BB,clustalo,0.8846753246753247,0.7142857142857143,0.18738845925044612,0.1711165048543689,0.02,0.01
BB12039,RV12-BB,fm,0.7651948051948052,0.45714285714285713,0.3337299226650803,0.29136349256564376,0.07,0.04
BB12039,RV12-BB,fm_aa,0.691948051948052,0.0,0.42444973230220107,0.30194805194805197,0.06,0.04
BB12039,RV12-BB,linsi,0.9792207792207792,0.8857142857142857,0.11719214753123142,0.10440555220277614,0.41,0.23
BB12039,RV12-BB,linsi3di,0.8862337662337663,0.6857142857142857,0.201368233194527,0.20468009478672988,0.32,0.18
BB12039,RV12-BB,mafft,0.9246753246753247,0.8857142857142857,0.17638310529446755,0.1503528689782142,0.33,0.16
BB12039,RV12-BB,mc2,0.922077922077922,0.8285714285714286,0.17400356930398575,0.16203983101991548,0.12,0.07
BB12039,RV12-BB,mc3di,0.8987012987012987,0.6857142857142857,0.18828078524687686,0.17702050663449942,0.14,0.06
BB12039,RV12-BB,mcaa,0.9168831168831169,0.8,0.14991076740035691,0.12331288343558278,0.16,0.07
BB12040,RV12-BB,clustalo,0.9791666666666666,0.9479166666666666,0.06678082191780821,0.06034482758620685,0.01,0.0
BB12040,RV12-BB,fm,0.9208333333333333,0.8958333333333334,0.1481164383561644,0.14665523156089189,0.06,0.04
BB12040,RV12-BB,fm_aa,0.9052083333333333,0.7708333333333334,0.148972602739726,0.1511528608027327,0.04,0.03
BB12040,RV12-BB,linsi,0.9791666666666666,0.96875,0.10445205479452058,0.09905254091300608,0.24,0.16
BB12040,RV12-BB,linsi3di,0.965625,0.9270833333333334,0.05136986301369861,0.05136986301369861,0.34,0.16999999999999998
BB12040,RV12-BB,mafft,0.8635416666666667,0.7708333333333334,0.226027397260274,0.20632133450395085,0.27,0.16999999999999998
BB12040,RV12-BB,mc2,0.9885416666666667,0.9791666666666666,0.05993150684931503,0.059125964010282805,0.11,0.05
BB12040,RV12-BB,mc3di,0.9791666666666666,0.9583333333333334,0.06335616438356162,0.0625535561268209,0.08,0.04
BB12040,RV12-BB,mcaa,0.9916666666666667,0.9791666666666666,0.11643835616438358,0.10957722174288176,0.12,0.05
BB12041,RV12-BB,clustalo,0.8115942028985508,0.391304347826087,0.39402560455192037,0.3808139534883721,0.01,0.01
BB12041,RV12-BB,fm,0.8571428571428571,0.6086956521739131,0.3655761024182077,0.3469985358711567,0.05,0.03
BB12041,RV12-BB,fm_aa,0.782608695652174,0.43478260869565216,0.3418681839734471,0.34404536862003776,0.04,0.04
BB12041,RV12-BB,linsi,0.8488612836438924,0.5869565217391305,0.34755808440018965,0.3403643336529243,0.35,0.19
BB12041,RV12-BB,linsi3di,0.7122153209109731,0.32608695652173914,0.4518729255571361,0.4539442607463392,0.35,0.18
BB12041,RV12-BB,mafft,0.8633540372670807,0.6521739130434783,0.38217164532954007,0.3348647269014804,0.33,0.18000000000000002
BB12041,RV12-BB,mc2,0.8540372670807453,0.6086956521739131,0.34898055950687534,0.33958633958633955,0.08,0.05
BB12041,RV12-BB,mc3di,0.8488612836438924,0.5869565217391305,0.35704125177809387,0.34587554269175114,0.09,0.04
BB12041,RV12-BB,mcaa,0.8623188405797102,0.6086956521739131,0.3504030346135609,0.3287604115629593,0.14,0.07
BB12042,RV12-BB,clustalo,0.6781609195402298,0.5482758620689655,0.3897247706422018,0.36623475609756095,0.06,0.05
BB12042,RV12-BB,fm,0.7166666666666667,0.5793103448275863,0.34311926605504584,0.33233867959716523,0.1,0.08
BB12042,RV12-BB,fm_aa,0.3063218390804598,0.0,0.7214678899082569,0.7224862888482633,0.1,0.07
BB12042,RV12-BB,linsi,0.7977011494252874,0.6827586206896552,0.2851376146788991,0.27367636092468306,0.48,0.27
BB12042,RV12-BB,linsi3di,0.7551724137931034,0.6310344827586207,0.3177981651376147,0.3165441176470588,0.39,0.21000000000000002
BB12042,RV12-BB,mafft,0.7448275862068966,0.6310344827586207,0.36073394495412847,0.33739064282997333,0.34,0.18
BB12042,RV12-BB,mc2,0.7988505747126436,0.6931034482758621,0.27889908256880735,0.2640449438202247,0.06,0.05
BB12042,RV12-BB,mc3di,0.7862068965517242,0.6931034482758621,0.2877064220183486,0.2724887556221889,0.12,0.06
BB12042,RV12-BB,mcaa,0.7632183908045977,0.6620689655172414,0.32073394495412844,0.30124575311438273,0.13,0.06
BB12043,RV12-BB,clustalo,0.9726508785332315,0.8,0.16315328639015814,0.14679979595511017,0.67,0.6100000000000001
BB12043,RV12-BB,fm,0.8967405143875732,0.7571428571428571,0.21231117880346406,0.17618450315123624,0.4,0.38999999999999996
BB12043,RV12-BB,fm_aa,0.6991851285968933,0.0,0.4014671581720122,0.3801453891522014,0.37,0.31999999999999995
BB12043,RV12-BB,linsi,0.9869111280875986,0.8571428571428571,0.1402188228888448,0.13042313473931744,3.43,3.16
BB12043,RV12-BB,linsi3di,0.9829131652661064,0.9,0.11979339116614796,0.12514260640631858,1.98,1.75
BB12043,RV12-BB,mafft,0.9439775910364145,0.6428571428571429,0.22493727420553455,0.1887966485437491,0.54,0.39
BB12043,RV12-BB,mc2,0.9899668958492488,0.8571428571428571,0.13624557608399734,0.11663606537639593,0.44,0.32
BB12043,RV12-BB,mc3di,0.9667939903234021,0.8,0.1577526138813471,0.13564594927246232,0.64,0.45
BB12043,RV12-BB,mcaa,0.9671250318309141,0.7571428571428571,0.1945272204195454,0.15677378604880454,0.49,0.45999999999999996
BB12044,RV12-BB,clustalo,0.920555108608206,0.7986725663716814,0.12993526959704482,0.12444580860787124,0.37,0.33999999999999997
BB12044,RV12-BB,fm,0.8620273531777957,0.6747787610619469,0.20615447182024604,0.18686430381504493,0.27,0.23
BB12044,RV12-BB,fm_aa,0.7141995172968625,0.2743362831858407,0.327684956112109,0.32015078821110354,0.19,0.18000000000000002
BB12044,RV12-BB,linsi,0.9033789219629927,0.7566371681415929,0.16131765343816717,0.15524833589349718,1.12,0.85
BB12044,RV12-BB,linsi3di,0.9100965406275141,0.7300884955752213,0.14471142440776763,0.14995452861329117,0.64,0.42
BB12044,RV12-BB,mafft,0.8769911504424779,0.6548672566371682,0.18893821804995425,0.169143174559089,0.26,0.24000000000000002
BB12044,RV12-BB,mc2,0.9160901045856799,0.7654867256637168,0.14220354492154408,0.14223261488409922,0.22,0.12
BB12044,RV12-BB,mc3di,0.8965004022526146,0.7146017699115044,0.16467278950757447,0.1608334468201008,0.19,0.15
BB12044,RV12-BB,mcaa,0.9137972646822204,0.7765486725663717,0.14596536415087946,0.14031317163033463,0.25,0.14
BBS11001,RV11-BBS,clustalo,0.9122807017543859,0.8245614035087719,0.09868421052631582,0.08053691275167785,0.0,0.0
BBS11001,RV11-BBS,fm,1.0,1.0,0.013157894736842146,0.013157894736842146,0.04,0.03
BBS11001,RV11-BBS,fm_aa,1.0,1.0,0.013157894736842146,0.013157894736842146,0.04,0.03
BBS11001,RV11-BBS,fm_true,0.8157894736842105,0.631578947368421,0.17105263157894735,0.17105263157894735,0.04,0.03
BBS11001,RV11-BBS,linsi,0.9415204678362573,0.9122807017543859,0.17105263157894735,0.1209302325581395,0.16,0.13
BBS11001,RV11-BBS,linsi3di,1.0,1.0,0.006578947368421018,0.006578947368421018,0.16,0.16
BBS11001,RV11-BBS,linsi3di_true,0.8157894736842105,0.631578947368421,0.17105263157894735,0.17105263157894735,0.15,0.15
BBS11001,RV11-BBS,mafft,0.8976608187134503,0.8245614035087719,0.2192982456140351,0.15439429928741089,0.17,0.14
BBS11001,RV11-BBS,mc2,1.0,1.0,0.019736842105263164,0.019736842105263164,0.08,0.04
BBS11001,RV11-BBS,mc3di,1.0,1.0,0.019736842105263164,0.019736842105263164,0.04,0.04
BBS11001,RV11-BBS,mcaa,1.0,1.0,0.013157894736842146,0.013157894736842146,0.04,0.04
BBS11002,RV11-BBS,clustalo,0.8382352941176471,0.35294117647058826,0.21648136036625243,0.17719780219780223,0.0,0.0
BBS11002,RV11-BBS,fm,0.8256302521008403,0.35294117647058826,0.2688031393067364,0.21378340365682136,0.06,0.03
BBS11002,RV11-BBS,fm_aa,0.5798319327731093,0.0,0.5009810333551341,0.47703906785469496,0.05,0.03
BBS11002,RV11-BBS,fm_true,0.8130252100840336,0.35294117647058826,0.22563767168083715,0.20908483633934538,0.03,0.03
BBS11002,RV11-BBS,linsi,0.8382352941176471,0.35294117647058826,0.28776978417266186,0.2720588235294118,0.19,0.18
BBS11002,RV11-BBS,linsi3di,0.8382352941176471,0.35294117647058826,0.18312622629169395,0.18366013071895426,0.32,0.16
BBS11002,RV11-BBS,linsi3di_true,0.8382352941176471,0.35294117647058826,0.15434924787442772,0.15434924787442772,0.14,0.14
BBS11002,RV11-BBS,mafft,0.8382352941176471,0.35294117647058826,0.3623283191628516,0.32291666666666663,0.25,0.16
BBS11002,RV11-BBS,mc2,0.8382352941176471,0.35294117647058826,0.22236756049705686,0.20944148936170215,0.11,0.05
BBS11002,RV11-BBS,mc3di,0.8382352941176471,0.35294117647058826,0.23283191628515365,0.1785714285714286,0.05,0.04
BBS11002,RV11-BBS,mcaa,0.8382352941176471,0.35294117647058826,0.27338129496402874,0.24626865671641796,0.04,0.04
BBS11003,RV11-BBS,clustalo,0.6437246963562753,0.4898785425101215,0.40164609053497946,0.39086719731881026,0.04,0.04
BBS11003,RV11-BBS,fm,0.7624831309041835,0.5951417004048583,0.3012345679012346,0.29279466888796335,0.07,0.06
BBS11003,RV11-BBS,fm_aa,0.6410256410256411,0.4534412955465587,0.411522633744856,0.4170403587443946,0.06,0.06
BBS11003,RV11-BBS,fm_true,0.7672064777327935,0.6194331983805668,0.3242798353909465,0.3217678645187939,0.07,0.07
BBS11003,RV11-BBS,linsi,0.7658569500674763,0.611336032388664,0.31522633744855966,0.31011608623548925,0.2,0.19
BBS11003,RV11-BBS,linsi3di,0.7968960863697706,0.6518218623481782,0.2716049382716049,0.2760736196319018,0.21,0.17
BBS11003,RV11-BBS,linsi3di_true,0.7732793522267206,0.6153846153846154,0.311522633744856,0.31490581490581493,0.18,0.17
BBS11003,RV11-BBS,mafft,0.6950067476383266,0.5506072874493927,0.3905349794238683,0.3546840958605665,0.18,0.16999999999999998
BBS11003,RV11-BBS,mc2,0.7935222672064778,0.6396761133603239,0.2781893004115227,0.2802626179729175,0.11,0.05
BBS11003,RV11-BBS,mc3di,0.8097165991902834,0.6761133603238867,0.257201646090535,0.26085176085176087,0.06,0.06
BBS11003,RV11-BBS,mcaa,0.7604588394062078,0.6072874493927125,0.30205761316872426,0.29888383629599,0.06,0.05
BBS11004,RV11-BBS,clustalo,0.40398550724637683,0.21739130434782608,0.6211812627291242,0.568445475638051,0.03,0.03
BBS11004,RV11-BBS,fm,0.8414855072463768,0.7336956521739131,0.2566191446028513,0.2450879007238883,0.06,0.06
BBS11004,RV11-BBS,fm_aa,0.4438405797101449,0.1793478260869565,0.5824847250509164,0.605009633911368,0.05,0.05
BBS11004,RV11-BBS,fm_true,0.8288043478260869,0.7119565217391305,0.2657841140529531,0.25784868759650026,0.06,0.06
BBS11004,RV11-BBS,linsi,0.6168478260869565,0.45108695652173914,0.4516293279022403,0.43345607574960543,0.15,0.19
BBS11004,RV11-BBS,linsi3di,0.6920289855072463,0.5108695652173914,0.3584521384928717,0.362670713201821,0.14,0.18000000000000002
BBS11004,RV11-BBS,linsi3di_true,0.6947463768115942,0.4673913043478261,0.3365580448065173,0.34125379170879677,0.15,0.19
BBS11004,RV11-BBS,mafft,0.6793478260869565,0.5217391304347826,0.4012219959266803,0.3694369973190349,0.13,0.17
BBS11004,RV11-BBS,mc2,0.6557971014492754,0.47282608695652173,0.41242362525458254,0.4036175710594315,0.11,0.05
BBS11004,RV11-BBS,mc3di,0.7182971014492754,0.5597826086956522,0.35692464358452136,0.3536335721596725,0.06,0.05
BBS11004,RV11-BBS,mcaa,0.6521739130434783,0.532608695652174,0.4134419551934827,0.4006243496357961,0.08,0.06
BBS11005,RV11-BBS,clustalo,0.46528471528471527,0.20454545454545456,0.6050819370281716,0.5835824952432727,0.21,0.19
BBS11005,RV11-BBS,fm,0.6532217782217782,0.3181818181818182,0.4962621984901492,0.47001162340178226,0.15,0.14
BBS11005,RV11-BBS,fm_aa,0.35676823176823175,0.0,0.7159270852513349,0.7086417887898474,0.12,0.11
BBS11005,RV11-BBS,fm_true,0.6053946053946054,0.2840909090909091,0.5236604676855091,0.4979818365287588,0.15,0.13
BBS11005,RV11-BBS,linsi,0.5801698301698301,0.26136363636363635,0.492395507273062,0.478135766478628,0.89,0.7
BBS11005,RV11-BBS,linsi3di,0.6855644355644356,0.36363636363636365,0.41016387405634325,0.414155084125823,0.57,0.4
BBS11005,RV11-BBS,linsi3di_true,0.6301198801198801,0.2840909090909091,0.4485361811821027,0.45691593530137087,0.51,0.5
BBS11005,RV11-BBS,mafft,0.4868881118881119,0.13636363636363635,0.6363100718099797,0.5705153294194389,0.25,0.23
BBS11005,RV11-BBS,mc2,0.6153846153846154,0.29545454545454547,0.46731725280795433,0.45185493955814926,0.11,0.11
BBS11005,RV11-BBS,mc3di,0.6689560439560439,0.3522727272727273,0.4544282820843307,0.43291866028708137,0.14,0.13
BBS11005,RV11-BBS,mcaa,0.6013986013986014,0.2727272727272727,0.5283004971460137,0.4963035784506489,0.16,0.15
BBS11006,RV11-BBS,clustalo,0.4650297619047619,0.2916666666666667,0.6848398865018241,0.5847797062750334,0.04,0.02
BBS11006,RV11-BBS,fm,0.30357142857142855,0.0,0.7239562221321443,0.6940013480116828,0.07,0.05
BBS11006,RV11-BBS,fm_aa,0.23735119047619047,0.0,0.77888123226591,0.7726609710356325,0.05,0.04
BBS11006,RV11-BBS,fm_true,0.6450892857142857,0.4583333333333333,0.4957438184029185,0.4501657458563536,0.06,0.05
BBS11006,RV11-BBS,linsi,0.5550595238095238,0.4166666666666667,0.5737738143494122,0.4909222948438635,0.45,0.28
BBS11006,RV11-BBS,linsi3di,0.43080357142857145,0.0,0.6238346169436563,0.6115529510255338,0.3,0.19999999999999998
BBS11006,RV11-BBS,linsi3di_true,0.6949404761904762,0.4791666666666667,0.4418321848398865,0.4443099273607748,0.18,0.17
BBS11006,RV11-BBS,mafft,0.40401785714285715,0.125,0.7178759627077422,0.6513899323816679,0.32,0.18
BBS11006,RV11-BBS,mc2,0.6383928571428571,0.4166666666666667,0.4979732468585326,0.4448677722994173,0.1,0.06
BBS11006,RV11-BBS,mc3di,0.5096726190476191,0.25,0.580867450344548,0.53,0.18,0.08
BBS11006,RV11-BBS,mcaa,0.5386904761904762,0.25,0.6092419943250912,0.5305575846116386,0.13,0.08
BBS11007,RV11-BBS,clustalo,0.7439358372456965,0.5774647887323944,0.39128155194367464,0.33166118421052626,0.18,0.14
BBS11007,RV11-BBS,fm,0.8716744913928013,0.7183098591549296,0.30896562055276755,0.28751254923160086,0.14,0.11
BBS11007,RV11-BBS,fm_aa,0.687793427230047,0.2605633802816901,0.46266197288592614,0.45635040921491365,0.1,0.09
BBS11007,RV11-BBS,fm_true,0.8264866979655712,0.6126760563380281,0.31383416972511424,0.2923136346079568,0.12,0.12
BBS11007,RV11-BBS,linsi,0.8178794992175273,0.647887323943662,0.30919032282226055,0.2793405219565557,0.72,0.64
BBS11007,RV11-BBS,linsi3di,0.8834115805946792,0.7253521126760564,0.2442513669388061,0.2444211472218062,0.37,0.36
BBS11007,RV11-BBS,linsi3di_true,0.8247261345852895,0.5140845070422535,0.29421017152273243,0.2931513014777586,0.36,0.28
BBS11007,RV11-BBS,mafft,0.6715571205007824,0.4647887323943662,0.4481312261253839,0.37922318645210207,0.36,0.22999999999999998
BBS11007,RV11-BBS,mc2,0.8538732394366197,0.7253521126760564,0.25810800689086955,0.2485395645246946,0.16,0.09
BBS11007,RV11-BBS,mc3di,0.8779342723004695,0.7323943661971831,0.27001722717399446,0.25682476742412685,0.12,0.11
BBS11007,RV11-BBS,mcaa,0.7791471048513302,0.5352112676056338,0.3454422889671186,0.30609814197236784,0.13,0.12
BBS11008,RV11-BBS,clustalo,0.7278911564625851,0.673469387755102,0.44082332761578047,0.43205574912891986,0.0,0.0
BBS11008,RV11-BBS,fm,0.6802721088435374,0.5306122448979592,0.4493996569468267,0.40665434380776344,0.05,0.03
BBS11008,RV11-BBS,fm_aa,0.5408163265306123,0.40816326530612246,0.614065180102916,0.628099173553719,0.04,0.04
BBS11008,RV11-BBS,fm_true,0.6326530612244898,0.46938775510204084,0.47684391080617494,0.4553571428571429,0.07,0.03
BBS11008,RV11-BBS,linsi,0.782312925170068,0.673469387755102,0.40823327615780447,0.39367311072056244,0.34,0.19
BBS11008,RV11-BBS,linsi3di,0.6836734693877551,0.5918367346938775,0.5214408233276158,0.515625,0.32,0.16
BBS11008,RV11-BBS,linsi3di_true,0.6666666666666666,0.5306122448979592,0.4974271012006861,0.5042301184433164,0.21,0.15
BBS11008,RV11-BBS,mafft,0.6802721088435374,0.5918367346938775,0.5368782161234991,0.48571428571428577,0.33,0.18000000000000002
BBS11008,RV11-BBS,mc2,0.7721088435374149,0.673469387755102,0.41337907375643224,0.4113597246127366,0.1,0.04
BBS11008,RV11-BBS,mc3di,0.7380952380952381,0.6122448979591837,0.4493996569468267,0.4455958549222798,0.12,0.05
BBS11008,RV11-BBS,mcaa,0.6904761904761905,0.5918367346938775,0.4648370497427101,0.45833333333333337,0.1,0.04
BBS11009,RV11-BBS,clustalo,0.7583333333333333,0.6166666666666667,0.32534930139720564,0.33855185909980434,0.0,0.0
BBS11009,RV11-BBS,fm,0.875,0.8166666666666667,0.1576846307385229,0.1900191938579654,0.05,0.03
BBS11009,RV11-BBS,fm_aa,0.6416666666666667,0.5333333333333333,0.37125748502994016,0.38596491228070173,0.05,0.03
BBS11009,RV11-BBS,fm_true,0.8111111111111111,0.7,0.2295409181636726,0.24609375,0.04,0.03
BBS11009,RV11-BBS,linsi,0.8472222222222222,0.8,0.219560878243513,0.2437137330754352,0.35,0.16
BBS11009,RV11-BBS,linsi3di,0.8944444444444445,0.85,0.12774451097804396,0.1612284069097889,0.29,0.18000000000000002
BBS11009,RV11-BBS,linsi3di_true,0.8333333333333334,0.7166666666666667,0.1716566866267465,0.1988416988416989,0.31,0.16
BBS11009,RV11-BBS,mafft,0.7638888888888888,0.6333333333333333,0.29740518962075846,0.3151750972762646,0.35,0.18000000000000002
BBS11009,RV11-BBS,mc2,0.8444444444444444,0.8,0.21357285429141715,0.23196881091617938,0.11,0.04
BBS11009,RV11-BBS,mc3di,0.8638888888888889,0.8166666666666667,0.19960079840319356,0.22736030828516374,0.09,0.04
BBS11009,RV11-BBS,mcaa,0.7944444444444444,0.7,0.2694610778443114,0.28515625,0.12,0.04
BBS11010,RV11-BBS,clustalo,0.7628205128205128,0.6410256410256411,0.42051860202931224,0.39671361502347413,0.01,0.01
BBS11010,RV11-BBS,fm,0.8034188034188035,0.7307692307692307,0.3314543404735062,0.3366890380313199,0.04,0.04
BBS11010,RV11-BBS,fm_aa,0.30128205128205127,0.0,0.7576099210822999,0.7700534759358288,0.04,0.03
BBS11010,RV11-BBS,fm_true,0.8547008547008547,0.7948717948717948,0.3134160090191658,0.3087400681044268,0.05,0.04
BBS11010,RV11-BBS,linsi,0.6752136752136753,0.47435897435897434,0.46335963923337087,0.45970488081725314,0.27,0.18
BBS11010,RV11-BBS,linsi3di,0.8632478632478633,0.8333333333333334,0.2626832018038332,0.2749445676274944,0.19,0.16
BBS11010,RV11-BBS,linsi3di_true,0.9423076923076923,0.8846153846153846,0.16009019165727167,0.1703786191536748,0.35,0.18
BBS11010,RV11-BBS,mafft,0.6282051282051282,0.44871794871794873,0.5772266065388951,0.5300751879699248,0.32,0.16
BBS11010,RV11-BBS,mc2,0.8525641025641025,0.7948717948717948,0.2931228861330327,0.29232505643340856,0.07,0.04
BBS11010,RV11-BBS,mc3di,0.844017094017094,0.782051282051282,0.2750845546786922,0.27914798206278024,0.11,0.05
BBS11010,RV11-BBS,mcaa,0.7735042735042735,0.6666666666666666,0.406989853438557,0.3693045563549161,0.12,0.04
BBS11011,RV11-BBS,clustalo,0.32608695652173914,0.2391304347826087,0.8391655450874832,0.8086469175340272,0.01,0.01
BBS11011,RV11-BBS,fm,0.5739130434782609,0.2826086956521739,0.6379542395693136,0.6253481894150418,0.06,0.05
BBS11011,RV11-BBS,fm_aa,0.24565217391304348,0.0,0.8405114401076716,0.8508495909376966,0.04,0.03
BBS11011,RV11-BBS,fm_true,0.7347826086956522,0.5869565217391305,0.6096904441453567,0.6011004126547455,0.05,0.04
BBS11011,RV11-BBS,linsi,0.6652173913043479,0.391304347826087,0.6440107671601616,0.6121700879765396,0.31,0.19
BBS11011,RV11-BBS,linsi3di,0.5847826086956521,0.391304347826087,0.594885598923284,0.6034255599472991,0.18,0.17
BBS11011,RV11-BBS,linsi3di_true,0.7673913043478261,0.6956521739130435,0.5706594885598923,0.5715245130960376,0.18,0.16
BBS11011,RV11-BBS,mafft,0.5543478260869565,0.2826086956521739,0.7442799461641991,0.6875,0.15,0.15
BBS11011,RV11-BBS,mc2,0.6652173913043479,0.391304347826087,0.642664872139973,0.6098457016899339,0.05,0.04
BBS11011,RV11-BBS,mc3di,0.6521739130434783,0.3695652173913043,0.6514131897711979,0.6193975018368847,0.06,0.05
BBS11011,RV11-BBS,mcaa,0.6260869565217392,0.3695652173913043,0.6756393001345895,0.654232424677188,0.11,0.06
BBS11012,RV11-BBS,clustalo,0.9422310756972112,0.9123505976095617,0.10939989378651094,0.10939989378651094,0.03,0.01
BBS11012,RV11-BBS,fm,0.9362549800796812,0.8924302788844621,0.10302708443972386,0.09871931696905012,0.07,0.06
BBS11012,RV11-BBS,fm_aa,0.5823373173970784,0.3107569721115538,0.4418481147105683,0.44567510548523204,0.05,0.04
BBS11012,RV11-BBS,fm_true,0.9156706507304117,0.8406374501992032,0.12055231014338819,0.11538461538461542,0.06,0.05
BBS11012,RV11-BBS,linsi,0.9349269588313412,0.896414342629482,0.11311736590546995,0.11593435680254105,0.35,0.19
BBS11012,RV11-BBS,linsi3di,0.9634794156706508,0.9362549800796812,0.06903876792352626,0.07297726070861976,0.32,0.17
BBS11012,RV11-BBS,linsi3di_true,0.950863213811421,0.9083665338645418,0.08125331917153478,0.08562367864693443,0.35,0.18
BBS11012,RV11-BBS,mafft,0.9096945551128818,0.8725099601593626,0.1481678173127987,0.1431623931623932,0.33,0.17
BBS11012,RV11-BBS,mc2,0.949535192563081,0.9243027888446215,0.09134360063728098,0.09182590233545651,0.06,0.04
BBS11012,RV11-BBS,mc3di,0.950199203187251,0.9123505976095617,0.08762612851832186,0.08811040339702758,0.12,0.05
BBS11012,RV11-BBS,mcaa,0.9262948207171314,0.8844621513944223,0.12161444503451935,0.11974454497072906,0.13,0.05
BBS11013,RV11-BBS,clustalo,0.034482758620689655,0.0,0.9583333333333334,0.9441489361702128,0.0,0.0
BBS11013,RV11-BBS,fm,0.3689655172413793,0.034482758620689655,0.6746031746031746,0.652542372881356,0.07,0.03
BBS11013,RV11-BBS,fm_aa,0.20344827586206896,0.0,0.8035714285714286,0.7995951417004048,0.05,0.03
BBS11013,RV11-BBS,fm_true,0.3793103448275862,0.0,0.621031746031746,0.59958071278826,0.04,0.04
BBS11013,RV11-BBS,linsi,0.10344827586206896,0.0,0.8849206349206349,0.8461538461538461,0.32,0.16
BBS11013,RV11-BBS,linsi3di,0.5206896551724138,0.06896551724137931,0.5178571428571428,0.5080971659919029,0.35,0.17
BBS11013,RV11-BBS,linsi3di_true,0.296551724137931,0.0,0.6587301587301587,0.6386554621848739,0.29,0.16999999999999998
BBS11013,RV11-BBS,mafft,0.1103448275862069,0.0,0.9206349206349207,0.8927613941018767,0.33,0.16
BBS11013,RV11-BBS,mc2,0.13793103448275862,0.0,0.8095238095238095,0.7467018469656992,0.07,0.05
BBS11013,RV11-BBS,mc3di,0.3620689655172414,0.13793103448275862,0.6329365079365079,0.6030042918454936,0.09,0.05
BBS11013,RV11-BBS,mcaa,0.1,0.0,0.9265873015873016,0.900804289544236,0.11,0.04
BBS11014,RV11-BBS,clustalo,0.8527075812274368,0.7617328519855595,0.24865163877748586,0.24194223524487235,0.11,0.1
BBS11014,RV11-BBS,fm,0.8832731648616126,0.8014440433212996,0.21006776379477254,0.20178870877585242,0.13,0.12000000000000001
BBS11014,RV11-BBS,fm_aa,0.7566787003610108,0.5956678700361011,0.3359148112294289,0.3360066371681416,0.09,0.09
BBS11014,RV11-BBS,fm_true,0.8642599277978339,0.7581227436823105,0.23025860876780524,0.2177090653548841,0.15,0.14
BBS11014,RV11-BBS,linsi,0.8695547533092659,0.7725631768953068,0.2273544461346978,0.22435096487574624,0.42,0.33
BBS11014,RV11-BBS,linsi3di,0.9044524669073406,0.8122743682310469,0.18337712626192781,0.18876219260887483,0.27,0.25
BBS11014,RV11-BBS,linsi3di_true,0.8967509025270758,0.7942238267148014,0.18489835430784118,0.1891594442151603,0.23,0.22
BBS11014,RV11-BBS,mafft,0.8178098676293623,0.6498194945848376,0.3104688148250587,0.2845458458889367,0.38,0.22999999999999998
BBS11014,RV11-BBS,mc2,0.8717208182912154,0.7581227436823105,0.22030147974000824,0.21954595791805098,0.07,0.06
BBS11014,RV11-BBS,mc3di,0.9008423586040915,0.8158844765342961,0.18420688701424426,0.18555847024713512,0.09,0.08
BBS11014,RV11-BBS,mcaa,0.8765342960288809,0.776173285198556,0.2190568386115337,0.21634748820427419,0.12,0.08
BBS11015,RV11-BBS,clustalo,0.8063973063973064,0.7070707070707071,0.2772963604852686,0.26713532513181015,0.02,0.02
BBS11015,RV11-BBS,fm,0.803030303030303,0.6767676767676768,0.24321201617562105,0.23615160349854225,0.05,0.05
BBS11015,RV11-BBS,fm_aa,0.6195286195286195,0.30303030303030304,0.4084344309647603,0.4138523182598741,0.05,0.04
BBS11015,RV11-BBS,fm_true,0.8939393939393939,0.8383838383838383,0.16580011554015017,0.16386797915460338,0.06,0.05
BBS11015,RV11-BBS,linsi,0.7996632996632996,0.6767676767676768,0.25996533795493937,0.2556653108657757,0.22,0.18
BBS11015,RV11-BBS,linsi3di,0.8939393939393939,0.8282828282828283,0.1571346042749856,0.1600460564191134,0.17,0.16
BBS11015,RV11-BBS,linsi3di_true,0.8964646464646465,0.8232323232323232,0.16002310803004038,0.1648477886272257,0.2,0.18000000000000002
BBS11015,RV11-BBS,mafft,0.7011784511784511,0.6363636363636364,0.36626227614095896,0.31990080595164294,0.19,0.17
BBS11015,RV11-BBS,mc2,0.8367003367003367,0.7373737373737373,0.21028307336799534,0.20569436374201044,0.04,0.04
BBS11015,RV11-BBS,mc3di,0.8872053872053872,0.8181818181818182,0.17331022530329288,0.16947185142193844,0.06,0.04
BBS11015,RV11-BBS,mcaa,0.8308080808080808,0.7575757575757576,0.23974581166955522,0.23488372093023258,0.06,0.05
BBS11016,RV11-BBS,clustalo,0.8467532467532467,0.6454545454545455,0.40728395061728395,0.36936818599763566,0.07,0.07
BBS11016,RV11-BBS,fm,0.8285714285714286,0.6909090909090909,0.3844444444444445,0.36264860028122203,0.09,0.08
BBS11016,RV11-BBS,fm_aa,0.44512987012987015,0.0,0.6525925925925926,0.6513875123885035,0.07,0.07
BBS11016,RV11-BBS,fm_true,0.8211038961038961,0.5727272727272728,0.39827160493827163,0.37640736949846465,0.09,0.09
BBS11016,RV11-BBS,linsi,0.8324675324675325,0.5636363636363636,0.3853086419753087,0.36142105938181357,0.35,0.33999999999999997
BBS11016,RV11-BBS,linsi3di,0.8896103896103896,0.7545454545454545,0.3204938271604938,0.31999011613540895,0.25,0.24
BBS11016,RV11-BBS,linsi3di_true,0.8538961038961039,0.6454545454545455,0.3565432098765432,0.35686080947680154,0.25,0.24
BBS11016,RV11-BBS,mafft,0.5568181818181818,0.13636363636363635,0.6387654320987655,0.5803212851405622,0.22,0.21
BBS11016,RV11-BBS,mc2,0.8545454545454545,0.6090909090909091,0.3555555555555555,0.3491271820448878,0.07,0.06
BBS11016,RV11-BBS,mc3di,0.8522727272727273,0.6818181818181818,0.35197530864197535,0.3405778894472362,0.09,0.09
BBS11016,RV11-BBS,mcaa,0.7275974025974026,0.39090909090909093,0.47086419753086417,0.4327686606670196,0.1,0.09
BBS11017,RV11-BBS,clustalo,0.891832229580574,0.8211920529801324,0.23923076923076925,0.23747108712413256,0.01,0.01
BBS11017,RV11-BBS,fm,0.6401766004415012,0.3708609271523179,0.46923076923076923,0.4651162790697675,0.04,0.04
BBS11017,RV11-BBS,fm_aa,0.5540838852097131,0.2185430463576159,0.5161538461538462,0.5312965722801788,0.04,0.04
BBS11017,RV11-BBS,fm_true,0.9249448123620309,0.8874172185430463,0.2484615384615385,0.23850350740452064,0.05,0.04
BBS11017,RV11-BBS,linsi,0.8752759381898455,0.8145695364238411,0.25923076923076926,0.25808936825885975,0.36,0.19999999999999998
BBS11017,RV11-BBS,linsi3di,0.24613686534216336,0.052980132450331126,0.7653846153846153,0.7466777408637874,0.16,0.15
BBS11017,RV11-BBS,linsi3di_true,0.9050772626931567,0.8344370860927153,0.2715384615384615,0.27265745007680486,0.35,0.19
BBS11017,RV11-BBS,mafft,0.8388520971302428,0.7218543046357616,0.30000000000000004,0.26136363636363635,0.31,0.19999999999999998
BBS11017,RV11-BBS,mc2,0.8774834437086093,0.8079470198675497,0.25769230769230766,0.2689393939393939,0.1,0.05
BBS11017,RV11-BBS,mc3di,0.82560706401766,0.7152317880794702,0.28692307692307695,0.29719484457922674,0.1,0.05
BBS11017,RV11-BBS,mcaa,0.8752759381898455,0.7880794701986755,0.26692307692307693,0.2730739893211289,0.12,0.05
BBS11018,RV11-BBS,clustalo,0.7356109237297356,0.45544554455445546,0.5379087753486389,0.48547211391761314,0.43,0.42
BBS11018,RV11-BBS,fm,0.851049940158851,0.6336633663366337,0.4578283904756105,0.41104091555584954,0.24,0.22999999999999998
BBS11018,RV11-BBS,fm_aa,0.4885213796104885,0.0,0.6798307045855916,0.6632182435462174,0.2,0.2
BBS11018,RV11-BBS,fm_true,0.8180829071918181,0.5346534653465347,0.4739053650812983,0.43747354712681097,0.31,0.30000000000000004
BBS11018,RV11-BBS,linsi,0.8743335872048743,0.6138613861386139,0.42220327629255217,0.4014068956815242,1.15,1.1300000000000001
BBS11018,RV11-BBS,linsi3di,0.8755304101838756,0.693069306930693,0.35752999208330793,0.37693784142920417,0.62,0.6
BBS11018,RV11-BBS,linsi3di_true,0.9041453595909041,0.6435643564356436,0.3397478838073199,0.360825350036846,0.75,0.73
BBS11018,RV11-BBS,mafft,0.7044935262757045,0.4158415841584158,0.5824249436696913,0.5109827414063615,0.4,0.29000000000000004
BBS11018,RV11-BBS,mc2,0.8773800456968773,0.6237623762376238,0.4022288532976067,0.39338133053178015,0.22,0.15
BBS11018,RV11-BBS,mc3di,0.8866282232618866,0.6831683168316832,0.37059253395042935,0.35425322545375026,0.22,0.21000000000000002
BBS11018,RV11-BBS,mcaa,0.8302687411598303,0.5544554455445545,0.4820351988307655,0.4353007568715974,0.24,0.22999999999999998
BBS11019,RV11-BBS,clustalo,0.6297823596792669,0.2268041237113402,0.49285918309054555,0.4477019986002022,0.13,0.12
BBS11019,RV11-BBS,fm,0.7970217640320734,0.4536082474226804,0.3300485575549843,0.2965961913330334,0.12,0.11
BBS11019,RV11-BBS,fm_aa,0.4036655211912944,0.0,0.6436018280491288,0.6314157004652536,0.11,0.09
BBS11019,RV11-BBS,fm_true,0.8,0.36082474226804123,0.32533561839474434,0.2910100555305418,0.13,0.12
BBS11019,RV11-BBS,linsi,0.7823596792668958,0.4020618556701031,0.3419023136246787,0.32818195072167955,0.84,0.63
BBS11019,RV11-BBS,linsi3di,0.8412371134020619,0.4536082474226804,0.24250214224507283,0.24707218397331254,0.46,0.29000000000000004
BBS11019,RV11-BBS,linsi3di_true,0.8105383734249714,0.41237113402061853,0.28848900314195947,0.29433427762039666,0.5,0.30000000000000004
BBS11019,RV11-BBS,mafft,0.5168384879725086,0.05154639175257732,0.571479577263639,0.5028580896363184,0.37,0.21
BBS11019,RV11-BBS,mc2,0.8093928980526919,0.4020618556701031,0.29777206512425025,0.2905273789769858,0.16,0.09
BBS11019,RV11-BBS,mc3di,0.8485681557846506,0.5567010309278351,0.2495715509854327,0.23698540622957964,0.19,0.1
BBS11019,RV11-BBS,mcaa,0.7447880870561283,0.31958762886597936,0.3755355612682091,0.35073130893162074,0.16,0.11
BBS11020,RV11-BBS,clustalo,0.7129629629629629,0.3333333333333333,0.4231837450665108,0.3971891231286282,0.03,0.03
BBS11020,RV11-BBS,fm,0.8811111111111111,0.6266666666666667,0.27992983481947087,0.24747937671860676,0.08,0.05
BBS11020,RV11-BBS,fm_aa,0.4825925925925926,0.0,0.6022511328753106,0.5900873757155769,0.07,0.05
BBS11020,RV11-BBS,fm_true,0.8977777777777778,0.64,0.30317205086975585,0.27586206896551724,0.07,0.06
BBS11020,RV11-BBS,linsi,0.8740740740740741,0.64,0.29045461189884525,0.27832292595896524,0.27,0.24
BBS11020,RV11-BBS,linsi3di,0.8962962962962963,0.5333333333333333,0.22993714369244267,0.22982456140350882,0.39,0.22
BBS11020,RV11-BBS,linsi3di_true,0.9881481481481481,0.9466666666666667,0.20450226575062125,0.2053154205607477,0.34,0.32
BBS11020,RV11-BBS,mafft,0.705925925925926,0.26666666666666666,0.4804853091653267,0.4407553107789143,0.27,0.16
BBS11020,RV11-BBS,mc2,0.9074074074074074,0.6933333333333334,0.2372460166642304,0.22844891320419936,0.06,0.06
BBS11020,RV11-BBS,mc3di,0.8962962962962963,0.68,0.22365151293670515,0.2079045488441461,0.14,0.06999999999999999
BBS11020,RV11-BBS,mcaa,0.7825925925925926,0.4666666666666667,0.3730448764800468,0.3323474470734745,0.15,0.07
BBS11021,RV11-BBS,clustalo,0.6020408163265306,0.4897959183673469,0.5264150943396226,0.4748953974895398,0.0,0.0
BBS11021,RV11-BBS,fm,0.8537414965986394,0.7346938775510204,0.26792452830188684,0.22709163346613548,0.04,0.03
BBS11021,RV11-BBS,fm_aa,0.41836734693877553,0.08163265306122448,0.5830188679245283,0.5861423220973783,0.03,0.03
BBS11021,RV11-BBS,fm_true,0.7653061224489796,0.5918367346938775,0.36037735849056607,0.3326771653543307,0.06,0.03
BBS11021,RV11-BBS,linsi,0.8707482993197279,0.7551020408163265,0.31698113207547174,0.28740157480314965,0.14,0.13
BBS11021,RV11-BBS,linsi3di,0.7959183673469388,0.6326530612244898,0.29622641509433967,0.300187617260788,0.15,0.13
BBS11021,RV11-BBS,linsi3di_true,0.7857142857142857,0.6326530612244898,0.3679245283018868,0.35946462715105165,0.35,0.17
BBS11021,RV11-BBS,mafft,0.7448979591836735,0.5918367346938775,0.4075471698113208,0.3694779116465864,0.15,0.14
BBS11021,RV11-BBS,mc2,0.8877551020408163,0.7755102040816326,0.26603773584905666,0.2475822050290135,0.11,0.05
BBS11021,RV11-BBS,mc3di,0.8571428571428571,0.7142857142857143,0.2415094339622641,0.216374269005848,0.06,0.04
BBS11021,RV11-BBS,mcaa,0.7789115646258503,0.6122448979591837,0.3735849056603774,0.35029354207436403,0.1,0.04
BBS11022,RV11-BBS,clustalo,0.2828282828282828,0.0,0.7378917378917379,0.6912751677852349,0.0,0.0
BBS11022,RV11-BBS,fm,0.7424242424242424,0.48484848484848486,0.33618233618233617,0.33618233618233617,0.05,0.04
BBS11022,RV11-BBS,fm_aa,0.7272727272727273,0.45454545454545453,0.3447293447293447,0.34097421203438394,0.04,0.03
BBS11022,RV11-BBS,fm_true,0.7272727272727273,0.45454545454545453,0.3561253561253561,0.34682080924855496,0.04,0.03
BBS11022,RV11-BBS,linsi,0.4797979797979798,0.30303030303030304,0.49572649572649574,0.37234042553191493,0.37,0.18
BBS11022,RV11-BBS,linsi3di,0.7121212121212122,0.48484848484848486,0.3931623931623932,0.3861671469740634,0.15,0.15
BBS11022,RV11-BBS,linsi3di_true,0.7424242424242424,0.48484848484848486,0.33618233618233617,0.33045977011494254,0.19,0.18000000000000002
BBS11022,RV11-BBS,mafft,0.4393939393939394,0.0,0.5726495726495726,0.5,0.3,0.18000000000000002
BBS11022,RV11-BBS,mc2,0.7727272727272727,0.6666666666666666,0.3589743589743589,0.3303571428571429,0.04,0.03
BBS11022,RV11-BBS,mc3di,0.803030303030303,0.7272727272727273,0.27920227920227925,0.2536873156342183,0.05,0.04
BBS11022,RV11-BBS,mcaa,0.5808080808080808,0.30303030303030304,0.4045584045584045,0.3427672955974843,0.04,0.04
BBS11023,RV11-BBS,clustalo,0.6428571428571429,0.4268292682926829,0.5551772481474064,0.5301459699598055,0.04,0.04
BBS11023,RV11-BBS,fm,0.6846689895470384,0.4878048780487805,0.500500700981374,0.48257261410788377,0.11,0.07
BBS11023,RV11-BBS,fm_aa,0.2584204413472706,0.0,0.7758862407370318,0.7723296032553408,0.1,0.07
BBS11023,RV11-BBS,fm_true,0.6033681765389083,0.3170731707317073,0.5197276186661326,0.494199535962877,0.08,0.06
BBS11023,RV11-BBS,linsi,0.7305458768873403,0.5365853658536586,0.4718606048467855,0.4268637252771137,0.32,0.23
BBS11023,RV11-BBS,linsi3di,0.7096399535423926,0.45121951219512196,0.4414179851792509,0.44464356829948226,0.38,0.22999999999999998
BBS11023,RV11-BBS,linsi3di_true,0.5952380952380952,0.3170731707317073,0.533947526537152,0.5378351539225422,0.39,0.23
BBS11023,RV11-BBS,mafft,0.5847851335656213,0.24390243902439024,0.6238734227919087,0.5780723432936419,0.35,0.2
BBS11023,RV11-BBS,mc2,0.7717770034843205,0.5487804878048781,0.4127778890446625,0.40077661966073985,0.13,0.06
BBS11023,RV11-BBS,mc3di,0.7200929152148664,0.524390243902439,0.4314039655517725,0.4148804616652927,0.13,0.09
BBS11023,RV11-BBS,mcaa,0.7735191637630662,0.6097560975609756,0.463248547967154,0.445822994210091,0.14,0.08
BBS11024,RV11-BBS,clustalo,0.3818770226537217,0.08737864077669903,0.6513285806869734,0.5806703039750585,0.04,0.01
BBS11024,RV11-BBS,fm,0.8171521035598706,0.6990291262135923,0.2935839274141283,0.27910052910052907,0.08,0.04
BBS11024,RV11-BBS,fm_aa,0.33980582524271846,0.0,0.6325340246273493,0.6544789762340036,0.06,0.04
BBS11024,RV11-BBS,fm_true,0.7750809061488673,0.5825242718446602,0.29099157485418015,0.25476839237057225,0.05,0.05
BBS11024,RV11-BBS,linsi,0.3786407766990291,0.13592233009708737,0.6396629941672067,0.6081747709654686,0.36,0.2
BBS11024,RV11-BBS,linsi3di,0.7313915857605178,0.5339805825242718,0.29488010369410245,0.29670329670329665,0.32,0.18
BBS11024,RV11-BBS,linsi3di_true,0.686084142394822,0.47572815533980584,0.3272845106934543,0.33333333333333337,0.32,0.16999999999999998
BBS11024,RV11-BBS,mafft,0.3074433656957929,0.1262135922330097,0.7090084251458199,0.6551459293394777,0.27,0.18000000000000002
BBS11024,RV11-BBS,mc2,0.38349514563106796,0.13592233009708737,0.6059624108878807,0.5748251748251748,0.12,0.05
BBS11024,RV11-BBS,mc3di,0.4886731391585761,0.1650485436893204,0.5152300712896953,0.49081007488087136,0.06,0.04
BBS11024,RV11-BBS,mcaa,0.4320388349514563,0.22330097087378642,0.6046662346079067,0.5692090395480226,0.12,0.05
BBS11025,RV11-BBS,clustalo,0.16666666666666666,0.0,0.7713414634146342,0.7474747474747474,0.0,0.0
BBS11025,RV11-BBS,fm,0.23684210526315788,0.0,0.7987804878048781,0.7215189873417722,0.04,0.04
BBS11025,RV11-BBS,fm_aa,0.2719298245614035,0.0,0.7804878048780488,0.7863501483679525,0.05,0.04
BBS11025,RV11-BBS,fm_true,0.40350877192982454,0.0,0.7408536585365854,0.7275641025641026,0.04,0.03
BBS11025,RV11-BBS,linsi,0.17543859649122806,0.0,0.7804878048780488,0.7446808510638299,0.33,0.17
BBS11025,RV11-BBS,linsi3di,0.21929824561403508,0.0,0.8170731707317074,0.7674418604651163,0.33,0.16
BBS11025,RV11-BBS,linsi3di_true,0.5263157894736842,0.3684210526315789,0.5396341463414633,0.5519287833827893,0.33,0.17
BBS11025,RV11-BBS,mafft,0.30701754385964913,0.0,0.7591463414634146,0.7188612099644128,0.32,0.16
BBS11025,RV11-BBS,mc2,0.17543859649122806,0.0,0.7957317073170732,0.7759197324414716,0.04,0.03
BBS11025,RV11-BBS,mc3di,0.17543859649122806,0.0,0.7713414634146342,0.75,0.11,0.04
BBS11025,RV11-BBS,mcaa,0.22807017543859648,0.0,0.7530487804878049,0.7460815047021944,0.09,0.04
BBS11026,RV11-BBS,clustalo,0.4065934065934066,0.0,0.6728599867285998,0.6706746826987309,0.0,0.0
BBS11026,RV11-BBS,fm,0.6043956043956044,0.0,0.5315195753151958,0.5397653194263363,0.05,0.03
BBS11026,RV11-BBS,fm_aa,0.37362637362637363,0.0,0.6921035169210352,0.6890080428954424,0.05,0.03
BBS11026,RV11-BBS,fm_true,0.5091575091575091,0.0,0.5301924353019243,0.5257870060281313,0.05,0.03
BBS11026,RV11-BBS,linsi,0.21978021978021978,0.0,0.701393497013935,0.6686303387334316,0.14,0.17
BBS11026,RV11-BBS,linsi3di,0.7289377289377289,0.3076923076923077,0.48971466489714666,0.5163522012578616,0.28,0.16999999999999998
BBS11026,RV11-BBS,linsi3di_true,0.6410256410256411,0.0,0.4797611147976112,0.48724656638325703,0.35,0.19999999999999998
BBS11026,RV11-BBS,mafft,0.45054945054945056,0.0,0.6237558062375581,0.6129692832764505,0.16,0.14
BBS11026,RV11-BBS,mc2,0.4175824175824176,0.0,0.6098208360982084,0.6024340770791075,0.12,0.05
BBS11026,RV11-BBS,mc3di,0.5860805860805861,0.0,0.5295288652952886,0.5350819672131147,0.12,0.06
BBS11026,RV11-BBS,mcaa,0.32234432234432236,0.0,0.6655607166556072,0.64,0.12,0.06
BBS11027,RV11-BBS,clustalo,0.5639455782312925,0.32857142857142857,0.5956546275395034,0.5843967517401392,0.02,0.01
BBS11027,RV11-BBS,fm,0.5625850340136055,0.32857142857142857,0.6060948081264108,0.5915740198946753,0.06,0.04
BBS11027,RV11-BBS,fm_aa,0.34625850340136055,0.0,0.7626975169300225,0.770594653573377,0.05,0.04
BBS11027,RV11-BBS,fm_true,0.5959183673469388,0.32857142857142857,0.5626410835214447,0.5698029419927838,0.06,0.05
BBS11027,RV11-BBS,linsi,0.6489795918367347,0.44285714285714284,0.5592550790067721,0.5497261458633612,0.25,0.18000000000000002
BBS11027,RV11-BBS,linsi3di,0.5897959183673469,0.32857142857142857,0.5558690744920993,0.5604579726333426,0.36,0.18000000000000002
BBS11027,RV11-BBS,linsi3di_true,0.5836734693877551,0.32857142857142857,0.5829571106094809,0.5811844715216775,0.38,0.2
BBS11027,RV11-BBS,mafft,0.5401360544217687,0.21428571428571427,0.6399548532731377,0.5978569177434605,0.26,0.16999999999999998
BBS11027,RV11-BBS,mc2,0.6564625850340136,0.45714285714285713,0.5488148984198646,0.5365217391304348,0.12,0.06
BBS11027,RV11-BBS,mc3di,0.5945578231292517,0.32857142857142857,0.5696952595936795,0.5642857142857143,0.1,0.06
BBS11027,RV11-BBS,mcaa,0.5857142857142857,0.32857142857142857,0.5928329571106095,0.5810104529616724,0.14,0.07
BBS11028,RV11-BBS,clustalo,0.9033333333333333,0.6,0.3263271355429803,0.30594114380899495,0.02,0.01
BBS11028,RV11-BBS,fm,0.9177777777777778,0.75,0.2527620587442738,0.24708118381754007,0.06,0.04
BBS11028,RV11-BBS,fm_aa,0.4888888888888889,0.0,0.659121530584748,0.6421499292786421,0.05,0.03
BBS11028,RV11-BBS,fm_true,0.88,0.4,0.29668552950687144,0.27900552486187846,0.05,0.04
BBS11028,RV11-BBS,linsi,0.9733333333333334,0.95,0.3047696038803557,0.28472414749098973,0.34,0.2
BBS11028,RV11-BBS,linsi3di,0.95,0.75,0.2239288601455134,0.22932833823922938,0.38,0.2
BBS11028,RV11-BBS,linsi3di_true,1.0,1.0,0.20749124225276205,0.2153148345784418,0.34,0.17
BBS11028,RV11-BBS,mafft,0.9122222222222223,0.65,0.3123147399622743,0.27828054298642535,0.32,0.16
BBS11028,RV11-BBS,mc2,1.0,1.0,0.24575586095392077,0.23167718912983803,0.11,0.05
BBS11028,RV11-BBS,mc3di,0.95,0.75,0.2403664780382646,0.22851669403393537,0.13,0.06
BBS11028,RV11-BBS,mcaa,0.9622222222222222,0.9,0.26407976286715173,0.2332959011791128,0.13,0.06
BBS11029,RV11-BBS,clustalo,0.45751633986928103,0.37254901960784315,0.5426008968609866,0.5622317596566524,0.0,0.0
BBS11029,RV11-BBS,fm,0.4477124183006536,0.3137254901960784,0.5896860986547086,0.622680412371134,0.04,0.03
BBS11029,RV11-BBS,fm_aa,0.30718954248366015,0.1568627450980392,0.7062780269058295,0.7293388429752066,0.05,0.03
BBS11029,RV11-BBS,fm_true,0.3366013071895425,0.21568627450980393,0.6569506726457399,0.6365795724465558,0.04,0.04
BBS11029,RV11-BBS,linsi,0.43137254901960786,0.29411764705882354,0.553811659192825,0.5756929637526653,0.33,0.17
BBS11029,RV11-BBS,linsi3di,0.477124183006536,0.3333333333333333,0.5269058295964126,0.5667351129363449,0.33,0.16
BBS11029,RV11-BBS,linsi3di_true,0.3202614379084967,0.21568627450980393,0.6816143497757847,0.7016806722689075,0.34,0.18000000000000002
BBS11029,RV11-BBS,mafft,0.4803921568627451,0.29411764705882354,0.5067264573991032,0.5011337868480725,0.15,0.13999999999999999
BBS11029,RV11-BBS,mc2,0.49019607843137253,0.35294117647058826,0.5179372197309418,0.5376344086021505,0.09,0.04
BBS11029,RV11-BBS,mc3di,0.5163398692810458,0.45098039215686275,0.49551569506726456,0.5398773006134969,0.08,0.04
BBS11029,RV11-BBS,mcaa,0.5098039215686274,0.43137254901960786,0.4977578475336323,0.5193133047210301,0.09,0.04
BBS11030,RV11-BBS,clustalo,0.6593406593406593,0.13043478260869565,0.44333556597454793,0.3951677461611236,0.06,0.06
BBS11030,RV11-BBS,fm,0.7558528428093646,0.30434782608695654,0.3516409912926992,0.3183098591549296,0.08,0.07
BBS11030,RV11-BBS,fm_aa,0.45309762701067047,0.0,0.6174815807099798,0.5871466782332104,0.06,0.06
BBS11030,RV11-BBS,fm_true,0.7585602802994107,0.21739130434782608,0.35706630944407236,0.30793078586878153,0.09,0.07
BBS11030,RV11-BBS,linsi,0.8364389233954451,0.5217391304347826,0.2699933020763563,0.26293365794278756,0.62,0.4
BBS11030,RV11-BBS,linsi3di,0.8869246695333652,0.6521739130434783,0.19799062290689884,0.20061419320381868,0.28,0.26
BBS11030,RV11-BBS,linsi3di_true,0.8902691511387164,0.7101449275362319,0.20354989953114533,0.20816408070853032,0.49,0.30000000000000004
BBS11030,RV11-BBS,mafft,0.6513776078993471,0.057971014492753624,0.4466845277963831,0.39386602098466506,0.36,0.24000000000000002
BBS11030,RV11-BBS,mc2,0.8840579710144928,0.7391304347826086,0.218821165438714,0.2032381472878808,0.16,0.09
BBS11030,RV11-BBS,mc3di,0.8608058608058609,0.7391304347826086,0.22846617548559944,0.21676752566804924,0.18,0.12
BBS11030,RV11-BBS,mcaa,0.7604714126453257,0.2028985507246377,0.33127930341594103,0.3095913145702234,0.23,0.13
BBS11031,RV11-BBS,clustalo,0.6003430531732419,0.07547169811320754,0.5499609956740656,0.5068003419600529,0.13,0.11
BBS11031,RV11-BBS,fm,0.7240137221269297,0.3867924528301887,0.4692574994681228,0.4339736802299198,0.16,0.12
BBS11031,RV11-BBS,fm_aa,0.32915951972555746,0.0,0.7228565349975179,0.7034901365705615,0.1,0.09
BBS11031,RV11-BBS,fm_true,0.6667238421955403,0.2830188679245283,0.5165591092830295,0.46541718946047683,0.12,0.11
BBS11031,RV11-BBS,linsi,0.7428816466552316,0.3584905660377358,0.4547904403942983,0.4248092174173276,0.81,0.66
BBS11031,RV11-BBS,linsi3di,0.8265866209262436,0.5660377358490566,0.3158641231118361,0.3355603002961637,0.55,0.4
BBS11031,RV11-BBS,linsi3di_true,0.8327615780445969,0.49056603773584906,0.3141621161619743,0.33123573750086444,0.57,0.36000000000000004
BBS11031,RV11-BBS,mafft,0.5324185248713551,0.1792452830188679,0.638252606198142,0.5637560933892072,0.37,0.21000000000000002
BBS11031,RV11-BBS,mc2,0.7691252144082332,0.42452830188679247,0.41557336359123465,0.3996503241786261,0.13,0.09000000000000001
BBS11031,RV11-BBS,mc3di,0.8032590051457976,0.4811320754716981,0.3745124459258209,0.35643925574607804,0.24,0.14
BBS11031,RV11-BBS,mcaa,0.7524871355060034,0.32075471698113206,0.4511027586695979,0.3982741195677525,0.24,0.14
BBS11032,RV11-BBS,clustalo,0.8171992481203008,0.4868421052631579,0.3528810092055915,0.326592158949796,0.05,0.04
BBS11032,RV11-BBS,fm,0.9149436090225563,0.7236842105263158,0.29901125127855444,0.2600323915781897,0.07,0.06
BBS11032,RV11-BBS,fm_aa,0.41024436090225563,0.0,0.6542788953290146,0.6561546286876907,0.06,0.05
BBS11032,RV11-BBS,fm_true,0.8768796992481203,0.5657894736842105,0.38169110126150696,0.3616684266103485,0.06,0.06
BBS11032,RV11-BBS,linsi,0.9356203007518797,0.8552631578947368,0.3121377429253325,0.31143344709897613,0.45,0.24000000000000002
BBS11032,RV11-BBS,linsi3di,0.9703947368421053,0.881578947368421,0.1846232526423457,0.1936952124072825,0.34,0.19
BBS11032,RV11-BBS,linsi3di_true,0.8547932330827067,0.4342105263157895,0.26866689396522336,0.27971793149764945,0.41,0.21
BBS11032,RV11-BBS,mafft,0.769266917293233,0.39473684210526316,0.5151721786566655,0.4503285659064553,0.27,0.16
BBS11032,RV11-BBS,mc2,0.956296992481203,0.868421052631579,0.2637231503579952,0.2534140017286085,0.11,0.07
BBS11032,RV11-BBS,mc3di,0.9671052631578947,0.868421052631579,0.21752471871803614,0.20146137787056373,0.14,0.08
BBS11032,RV11-BBS,mcaa,0.8980263157894737,0.7631578947368421,0.35015342652574155,0.33519358214161143,0.14,0.07
BBS11033,RV11-BBS,clustalo,0.501010101010101,0.0,0.537877094972067,0.5052631578947369,0.01,0.0
BBS11033,RV11-BBS,fm,0.6121212121212121,0.2777777777777778,0.44201117318435756,0.4186263096623981,0.07,0.03
BBS11033,RV11-BBS,fm_aa,0.501010101010101,0.2777777777777778,0.5848044692737431,0.5799231290978973,0.06,0.04
BBS11033,RV11-BBS,fm_true,0.5797979797979798,0.0,0.4958659217877095,0.4744933612858141,0.07,0.05
BBS11033,RV11-BBS,linsi,0.6909090909090909,0.2777777777777778,0.43441340782122906,0.4206912336919203,0.37,0.19999999999999998
BBS11033,RV11-BBS,linsi3di,0.6181818181818182,0.2777777777777778,0.4301675977653632,0.43646408839779005,0.37,0.17
BBS11033,RV11-BBS,linsi3di_true,0.6050505050505051,0.2777777777777778,0.4520670391061452,0.45871964679911703,0.31,0.19
BBS11033,RV11-BBS,mafft,0.5969696969696969,0.0,0.5229050279329609,0.4679790680289061,0.25,0.15
BBS11033,RV11-BBS,mc2,0.696969696969697,0.2777777777777778,0.3953072625698324,0.3828962371721779,0.12,0.06
BBS11033,RV11-BBS,mc3di,0.697979797979798,0.2777777777777778,0.3939664804469274,0.3766950126407722,0.15,0.08
BBS11033,RV11-BBS,mcaa,0.6444444444444445,0.2777777777777778,0.4674860335195531,0.43929411764705883,0.15,0.07
BBS11034,RV11-BBS,clustalo,0.74,0.35,0.484794061302682,0.46843730697961705,0.08,0.07
BBS11034,RV11-BBS,fm,0.8367857142857142,0.57,0.40828544061302685,0.3913043478260869,0.12,0.12000000000000001
BBS11034,RV11-BBS,fm_aa,0.4710714285714286,0.0,0.6623563218390804,0.6534349268772275,0.07,0.07
BBS11034,RV11-BBS,fm_true,0.8710714285714286,0.63,0.4098419540229885,0.39439734611131594,0.15,0.1
BBS11034,RV11-BBS,linsi,0.8585714285714285,0.63,0.3975095785440613,0.38340889596863126,0.55,0.35000000000000003
BBS11034,RV11-BBS,linsi3di,0.9132142857142858,0.72,0.33057950191570884,0.33630104463437793,0.23,0.22999999999999998
BBS11034,RV11-BBS,linsi3di_true,0.8510714285714286,0.53,0.3718869731800766,0.3803449090479565,0.44,0.24
BBS11034,RV11-BBS,mafft,0.6739285714285714,0.22,0.5549568965517242,0.5029419630917358,0.37,0.19
BBS11034,RV11-BBS,mc2,0.87,0.62,0.3700909961685823,0.3600535214694076,0.14,0.06999999999999999
BBS11034,RV11-BBS,mc3di,0.9096428571428572,0.71,0.3354885057471264,0.32768019382192615,0.16,0.09000000000000001
BBS11034,RV11-BBS,mcaa,0.7978571428571428,0.52,0.4647988505747126,0.43503538928210317,0.15,0.09000000000000001
BBS11035,RV11-BBS,clustalo,0.5540540540540541,0.1891891891891892,0.5066666666666666,0.4817927170868347,0.0,0.0
BBS11035,RV11-BBS,fm,0.6405405405405405,0.4864864864864865,0.516,0.5254901960784314,0.06,0.04
BBS11035,RV11-BBS,fm_aa,0.372972972972973,0.0,0.6826666666666666,0.6775067750677507,0.04,0.03
BBS11035,RV11-BBS,fm_true,0.47297297297297297,0.35135135135135137,0.5773333333333333,0.550354609929078,0.04,0.03
BBS11035,RV11-BBS,linsi,0.7405405405405405,0.6756756756756757,0.45466666666666666,0.4604221635883905,0.34,0.16
BBS11035,RV11-BBS,linsi3di,0.5837837837837838,0.3783783783783784,0.54,0.5424403183023873,0.35,0.17
BBS11035,RV11-BBS,linsi3di_true,0.5972972972972973,0.35135135135135137,0.5013333333333334,0.5006675567423231,0.32,0.17
BBS11035,RV11-BBS,mafft,0.4486486486486487,0.1891891891891892,0.6813333333333333,0.6510948905109489,0.31,0.16
BBS11035,RV11-BBS,mc2,0.7405405405405405,0.6756756756756757,0.45999999999999996,0.464993394980185,0.1,0.03
BBS11035,RV11-BBS,mc3di,0.6405405405405405,0.4864864864864865,0.5093333333333334,0.518954248366013,0.1,0.05
BBS11035,RV11-BBS,mcaa,0.572972972972973,0.1891891891891892,0.5453333333333333,0.5224089635854341,0.12,0.04
BBS11036,RV11-BBS,clustalo,0.6020962732919255,0.391304347826087,0.4720938943688351,0.4557157569515963,0.09,0.08
BBS11036,RV11-BBS,fm,0.7857142857142857,0.532608695652174,0.3841927831189912,0.3759331899278755,0.13,0.12
BBS11036,RV11-BBS,fm_aa,0.4440993788819876,0.0,0.6178049694094144,0.617375,0.09,0.08
BBS11036,RV11-BBS,fm_true,0.7154503105590062,0.40217391304347827,0.445748532900487,0.4332950338312268,0.1,0.09
BBS11036,RV11-BBS,linsi,0.7472826086956522,0.43478260869565216,0.38793856910975155,0.3737064009198927,0.62,0.41
BBS11036,RV11-BBS,linsi3di,0.8020186335403726,0.532608695652174,0.3476089399425646,0.3599951004409603,0.45,0.28
BBS11036,RV11-BBS,linsi3di_true,0.827251552795031,0.5978260869565217,0.3467349232113872,0.35866633978916396,0.39,0.27
BBS11036,RV11-BBS,mafft,0.5034937888198758,0.11956521739130435,0.6180546884754651,0.5641208321459106,0.35,0.2
BBS11036,RV11-BBS,mc2,0.7845496894409938,0.44565217391304346,0.37957298039705334,0.3669257230220411,0.1,0.07
BBS11036,RV11-BBS,mc3di,0.8315217391304348,0.532608695652174,0.3315020601822949,0.3291567472747776,0.2,0.1
BBS11036,RV11-BBS,mcaa,0.6583850931677019,0.3695652173913043,0.4789611686852291,0.4590355198340679,0.11,0.09000000000000001
BBS11037,RV11-BBS,clustalo,0.5911330049261084,0.3645320197044335,0.5251865671641791,0.4774127310061602,0.05,0.04
BBS11037,RV11-BBS,fm,0.6403940886699507,0.46798029556650245,0.4340796019900498,0.4360086767895879,0.13,0.09
BBS11037,RV11-BBS,fm_aa,0.3216748768472906,0.1625615763546798,0.7518656716417911,0.7617199163929531,0.08,0.06
BBS11037,RV11-BBS,linsi,0.551231527093596,0.30049261083743845,0.5848880597014925,0.5662768031189084,0.45,0.29
BBS11037,RV11-BBS,linsi3di,0.6822660098522167,0.5024630541871922,0.38277363184079605,0.40048323769254,0.4,0.23
BBS11037,RV11-BBS,mafft,0.3108374384236453,0.10344827586206896,0.7761194029850746,0.7306397306397306,0.33,0.19
BBS11037,RV11-BBS,mc2,0.6118226600985222,0.39408866995073893,0.5161691542288558,0.5103838892385149,0.11,0.05
BBS11037,RV11-BBS,mc3di,0.6566502463054187,0.4630541871921182,0.4259950248756219,0.42635177128651336,0.11,0.07
BBS11037,RV11-BBS,mcaa,0.529064039408867,0.2955665024630542,0.5901741293532339,0.5629973474801061,0.15,0.07
BBS11038,RV11-BBS,clustalo,0.8084656084656084,0.6592592592592592,0.27393225331369664,0.25584905660377355,0.05,0.05
BBS11038,RV11-BBS,fm,0.8007936507936508,0.6296296296296297,0.29749631811487487,0.27803844407446643,0.09,0.06
BBS11038,RV11-BBS,fm_aa,0.562962962962963,0.11851851851851852,0.5095729013254786,0.4913700931724454,0.09,0.06
BBS11038,RV11-BBS,fm_true,0.7925925925925926,0.6222222222222222,0.28232695139911634,0.2700718993409227,0.09,0.08
BBS11038,RV11-BBS,linsi,0.8211640211640212,0.5851851851851851,0.25949926362297493,0.2491039426523297,0.47,0.26
BBS11038,RV11-BBS,linsi3di,0.8052910052910053,0.6296296296296297,0.23946980854197353,0.25375722543352597,0.43,0.22
BBS11038,RV11-BBS,linsi3di_true,0.8158730158730159,0.6666666666666666,0.23298969072164943,0.2465277777777778,0.42,0.24000000000000002
BBS11038,RV11-BBS,mafft,0.741005291005291,0.4888888888888889,0.3888070692194403,0.35418611889200124,0.29,0.18
BBS11038,RV11-BBS,mc2,0.8216931216931217,0.6296296296296297,0.23254786450662734,0.23232174425456686,0.13,0.06
BBS11038,RV11-BBS,mc3di,0.8119047619047619,0.6444444444444445,0.2459499263622975,0.23967923967923965,0.09,0.07
BBS11038,RV11-BBS,mcaa,0.7817460317460317,0.6074074074074074,0.29145802650957287,0.28140403286034354,0.16,0.08
