height,rate,pattern,ngenes,rep,method,genetrees,FN,FP,same_as_published
10M,1E-7,full-0,50,1,astral,true,0.0,0.0,
10M,1E-7,full-0,50,1,astral,raxml,0.043478260869565216,0.043478260869565216,
10M,1E-7,full-0,50,1,astrid,true,0.0,0.0,
10M,1E-7,full-0,50,1,astrid,raxml,0.0,0.0,
10M,1E-7,full-0,50,1,mpest,true,0.0,0.0,
10M,1E-7,full-0,50,1,mpest,raxml,0.043478260869565216,0.043478260869565216,
10M,1E-7,full-0,50,1,svdquartets,true,0.08695652173913043,0.08695652173913043,
10M,1E-7,full-0,50,1,astrid-ours,true,0.0,0.0,True
10M,1E-7,full-0,50,1,astrid-ours,raxml,0.043478260869565216,0.043478260869565216,False
10M,1E-7,full-0,50,2,astral,true,0.0,0.0,
10M,1E-7,full-0,50,2,astral,raxml,0.21739130434782608,0.21739130434782608,
10M,1E-7,full-0,50,2,astrid,true,0.0,0.0,
10M,1E-7,full-0,50,2,astrid,raxml,0.2608695652173913,0.2608695652173913,
10M,1E-7,full-0,50,2,mpest,true,0.0,0.0,
10M,1E-7,full-0,50,2,mpest,raxml,0.34782608695652173,0.34782608695652173,
10M,1E-7,full-0,50,2,svdquartets,true,0.30434782608695654,0.30434782608695654,
10M,1E-7,full-0,50,2,astrid-ours,true,0.0,0.0,True
10M,1E-7,full-0,50,2,astrid-ours,raxml,0.2608695652173913,0.2608695652173913,True
10M,1E-7,full-0,50,3,astral,true,0.0,0.0,
10M,1E-7,full-0,50,3,astral,raxml,0.0,0.0,
10M,1E-7,full-0,50,3,astrid,true,0.0,0.0,
10M,1E-7,full-0,50,3,astrid,raxml,0.0,0.0,
10M,1E-7,full-0,50,3,mpest,true,0.0,0.0,
10M,1E-7,full-0,50,3,mpest,raxml,0.08695652173913043,0.08695652173913043,
10M,1E-7,full-0,50,3,svdquartets,true,0.17391304347826086,0.17391304347826086,
10M,1E-7,full-0,50,3,astrid-ours,true,0.0,0.0,True
10M,1E-7,full-0,50,3,astrid-ours,raxml,0.0,0.0,True
10M,1E-7,full-0,50,4,astral,true,0.0,0.0,
10M,1E-7,full-0,50,4,astral,raxml,0.043478260869565216,0.043478260869565216,
10M,1E-7,full-0,50,4,astrid,true,0.0,0.0,
10M,1E-7,full-0,50,4,astrid,raxml,0.043478260869565216,0.043478260869565216,
10M,1E-7,full-0,50,4,mpest,true,0.0,0.0,
10M,1E-7,full-0,50,4,mpest,raxml,0.043478260869565216,0.043478260869565216,
10M,1E-7,full-0,50,4,svdquartets,true,0.08695652173913043,0.08695652173913043,
10M,1E-7,full-0,50,4,astrid-ours,true,0.0,0.0,True
10M,1E-7,full-0,50,4,astrid-ours,raxml,0.043478260869565216,0.043478260869565216,True
10M,1E-7,full-0,50,5,astral,true,0.0,0.0,
10M,1E-7,full-0,50,5,astral,raxml,0.08695652173913043,0.08695652173913043,
10M,1E-7,full-0,50,5,astrid,true,0.0,0.0,
10M,1E-7,full-0,50,5,astrid,raxml,0.0,0.0,
10M,1E-7,full-0,50,5,mpest,true,0.0,0.0,
10M,1E-7,full-0,50,5,mpest,raxml,0.08695652173913043,0.08695652173913043,
10M,1E-7,full-0,50,5,svdquartets,true,0.34782608695652173,0.34782608695652173,
10M,1E-7,full-0,50,5,astrid-ours,true,0.0,0.0,True
10M,1E-7,full-0,50,5,astrid-ours,raxml,0.0,0.0,True
10M,1E-7,full-0,50,6,astral,true,0.043478260869565216,0.043478260869565216,
10M,1E-7,full-0,50,6,astral,raxml,0.043478260869565216,0.043478260869565216,
10M,1E-7,full-0,50,6,astrid,true,0.043478260869565216,0.043478260869565216,
10M,1E-7,full-0,50,6,astrid,raxml,0.043478260869565216,0.043478260869565216,
10M,1E-7,full-0,50,6,mpest,true,0.043478260869565216,0.043478260869565216,
10M,1E-7,full-0,50,6,mpest,raxml,0.08695652173913043,0.08695652173913043,
10M,1E-7,full-0,50,6,svdquartets,true,0.34782608695652173,0.34782608695652173,
10M,1E-7,full-0,50,6,astrid-ours,true,0.043478260869565216,0.043478260869565216,True
10M,1E-7,full-0,50,6,astrid-ours,raxml,0.043478260869565216,0.043478260869565216,True
10M,1E-7,full-0,50,7,astral,true,0.08695652173913043,0.08695652173913043,
10M,1E-7,full-0,50,7,astral,raxml,0.21739130434782608,0.21739130434782608,
10M,1E-7,full-0,50,7,astrid,true,0.08695652173913043,0.08695652173913043,
10M,1E-7,full-0,50,7,astrid,raxml,0.17391304347826086,0.17391304347826086,
10M,1E-7,full-0,50,7,mpest,true,0.08695652173913043,0.08695652173913043,
10M,1E-7,full-0,50,7,mpest,raxml,0.21739130434782608,0.21739130434782608,
10M,1E-7,full-0,50,7,svdquartets,true,0.34782608695652173,0.34782608695652173,
10M,1E-7,full-0,50,7,astrid-ours,true,0.08695652173913043,0.08695652173913043,True
10M,1E-7,full-0,50,7,astrid-ours,raxml,0.17391304347826086,0.17391304347826086,True
10M,1E-7,full-0,50,8,astral,true,0.043478260869565216,0.043478260869565216,
10M,1E-7,full-0,50,8,astral,raxml,0.043478260869565216,0.043478260869565216,
10M,1E-7,full-0,50,8,astrid,true,0.043478260869565216,0.043478260869565216,
10M,1E-7,full-0,50,8,astrid,raxml,0.043478260869565216,0.043478260869565216,
10M,1E-7,full-0,50,8,mpest,true,0.043478260869565216,0.043478260869565216,
10M,1E-7,full-0,50,8,mpest,raxml,0.2608695652173913,0.2608695652173913,
10M,1E-7,full-0,50,8,svdquartets,true,0.21739130434782608,0.21739130434782608,
10M,1E-7,full-0,50,8,astrid-ours,true,0.043478260869565216,0.043478260869565216,True
10M,1E-7,full-0,50,8,astrid-ours,raxml,0.043478260869565216,0.043478260869565216,True
10M,1E-7,full-0,50,9,astral,true,0.043478260869565216,0.043478260869565216,
10M,1E-7,full-0,50,9,astral,raxml,0.21739130434782608,0.21739130434782608,
10M,1E-7,full-0,50,9,astrid,true,0.043478260869565216,0.043478260869565216,
10M,1E-7,full-0,50,9,astrid,raxml,0.2608695652173913,0.2608695652173913,
10M,1E-7,full-0,50,9,mpest,true,0.043478260869565216,0.043478260869565216,
10M,1E-7,full-0,50,9,mpest,raxml,0.30434782608695654,0.30434782608695654,
10M,1E-7,full-0,50,9,svdquartets,true,0.5652173913043478,0.5652173913043478,
10M,1E-7,full-0,50,9,astrid-ours,true,0.043478260869565216,0.043478260869565216,True
10M,1E-7,full-0,50,9,astrid-ours,raxml,0.2608695652173913,0.2608695652173913,True
10M,1E-7,full-0,50,10,astral,true,0.0,0.0,
10M,1E-7,full-0,50,10,astral,raxml,0.0,0.0,
10M,1E-7,full-0,50,10,astrid,true,0.0,0.0,
10M,1E-7,full-0,50,10,astrid,raxml,0.0,0.0,
10M,1E-7,full-0,50,10,mpest,true,0.0,0.0,
10M,1E-7,full-0,50,10,mpest,raxml,0.0,0.0,
10M,1E-7,full-0,50,10,svdquartets,true,0.0,0.0,
10M,1E-7,full-0,50,10,astrid-ours,true,0.0,0.0,True
10M,1E-7,full-0,50,10,astrid-ours,raxml,0.0,0.0,True
10M,1E-7,full-0,50,11,astral,true,0.0,0.0,
10M,1E-7,full-0,50,11,astral,raxml,0.08695652173913043,0.08695652173913043,
10M,1E-7,full-0,50,11,astrid,true,0.0,0.0,
10M,1E-7,full-0,50,11,astrid,raxml,0.08695652173913043,0.08695652173913043,
10M,1E-7,full-0,50,11,mpest,true,0.0,0.0,
10M,1E-7,full-0,50,11,mpest,raxml,0.08695652173913043,0.08695652173913043,
10M,1E-7,full-0,50,11,svdquartets,true,0.08695652173913043,0.08695652173913043,
10M,1E-7,full-0,50,11,astrid-ours,true,0.0,0.0,True
10M,1E-7,full-0,50,11,astrid-ours,raxml,0.08695652173913043,0.08695652173913043,True
10M,1E-7,full-0,50,12,astral,true,0.043478260869565216,0.043478260869565216,
10M,1E-7,full-0,50,12,astral,raxml,0.043478260869565216,0.043478260869565216,
10M,1E-7,full-0,50,12,astrid,true,0.043478260869565216,0.043478260869565216,
10M,1E-7,full-0,50,12,astrid,raxml,0.0,0.0,
10M,1E-7,full-0,50,12,mpest,true,0.043478260869565216,0.043478260869565216,
10M,1E-7,full-0,50,12,mpest,raxml,0.0,0.0,
10M,1E-7,full-0,50,12,svdquartets,true,0.13043478260869565,0.13043478260869565,
10M,1E-7,full-0,50,12,astrid-ours,true,0.043478260869565216,0.043478260869565216,True
10M,1E-7,full-0,50,12,astrid-ours,raxml,0.0,0.0,True
10M,1E-7,full-0,50,13,astral,true,0.043478260869565216,0.043478260869565216,
10M,1E-7,full-0,50,13,astral,raxml,0.13043478260869565,0.13043478260869565,
10M,1E-7,full-0,50,13,astrid,true,0.043478260869565216,0.043478260869565216,
10M,1E-7,full-0,50,13,astrid,raxml,0.13043478260869565,0.13043478260869565,
10M,1E-7,full-0,50,13,mpest,true,0.043478260869565216,0.043478260869565216,
10M,1E-7,full-0,50,13,mpest,raxml,0.13043478260869565,0.13043478260869565,
10M,1E-7,full-0,50,13,svdquartets,true,0.21739130434782608,0.21739130434782608,
10M,1E-7,full-0,50,13,astrid-ours,true,0.043478260869565216,0.043478260869565216,True
10M,1E-7,full-0,50,13,astrid-ours,raxml,0.13043478260869565,0.13043478260869565,True
10M,1E-7,full-0,50,14,astral,true,0.043478260869565216,0.043478260869565216,
10M,1E-7,full-0,50,14,astral,raxml,0.17391304347826086,0.17391304347826086,
10M,1E-7,full-0,50,14,astrid,true,0.043478260869565216,0.043478260869565216,
10M,1E-7,full-0,50,14,astrid,raxml,0.13043478260869565,0.13043478260869565,
10M,1E-7,full-0,50,14,mpest,true,0.043478260869565216,0.043478260869565216,
10M,1E-7,full-0,50,14,mpest,raxml,0.17391304347826086,0.17391304347826086,
10M,1E-7,full-0,50,14,svdquartets,true,0.08695652173913043,0.08695652173913043,
10M,1E-7,full-0,50,14,astrid-ours,true,0.043478260869565216,0.043478260869565216,True
10M,1E-7,full-0,50,14,astrid-ours,raxml,0.13043478260869565,0.13043478260869565,True
10M,1E-7,full-0,50,15,astral,true,0.043478260869565216,0.043478260869565216,
10M,1E-7,full-0,50,15,astral,raxml,0.17391304347826086,0.17391304347826086,
10M,1E-7,full-0,50,15,astrid,true,0.043478260869565216,0.043478260869565216,
10M,1E-7,full-0,50,15,astrid,raxml,0.21739130434782608,0.21739130434782608,
10M,1E-7,full-0,50,15,mpest,true,0.043478260869565216,0.043478260869565216,
10M,1E-7,full-0,50,15,mpest,raxml,0.21739130434782608,0.21739130434782608,
10M,1E-7,full-0,50,15,svdquartets,true,0.391304347826087,0.391304347826087,
10M,1E-7,full-0,50,15,astrid-ours,true,0.043478260869565216,0.043478260869565216,True
10M,1E-7,full-0,50,15,astrid-ours,raxml,0.21739130434782608,0.21739130434782608,True
10M,1E-7,full-0,50,16,astral,true,0.0,0.0,
10M,1E-7,full-0,50,16,astral,raxml,0.0,0.0,
10M,1E-7,full-0,50,16,astrid,true,0.0,0.0,
10M,1E-7,full-0,50,16,astrid,raxml,0.0,0.0,
10M,1E-7,full-0,50,16,mpest,true,0.0,0.0,
10M,1E-7,full-0,50,16,mpest,raxml,0.0,0.0,
10M,1E-7,full-0,50,16,svdquartets,true,0.08695652173913043,0.08695652173913043,
10M,1E-7,full-0,50,16,astrid-ours,true,0.0,0.0,True
10M,1E-7,full-0,50,16,astrid-ours,raxml,0.0,0.0,True
10M,1E-7,full-0,50,17,astral,true,0.0,0.0,
10M,1E-7,full-0,50,17,astral,raxml,0.17391304347826086,0.17391304347826086,
10M,1E-7,full-0,50,17,astrid,true,0.0,0.0,
10M,1E-7,full-0,50,17,astrid,raxml,0.21739130434782608,0.21739130434782608,
10M,1E-7,full-0,50,17,mpest,true,0.0,0.0,
10M,1E-7,full-0,50,17,mpest,raxml,0.21739130434782608,0.21739130434782608,
10M,1E-7,full-0,50,17,svdquartets,true,0.34782608695652173,0.34782608695652173,
10M,1E-7,full-0,50,17,astrid-ours,true,0.0,0.0,True
10M,1E-7,full-0,50,17,astrid-ours,raxml,0.21739130434782608,0.21739130434782608,True
10M,1E-7,full-0,50,18,astral,true,0.0,0.0,
10M,1E-7,full-0,50,18,astral,raxml,0.043478260869565216,0.043478260869565216,
10M,1E-7,full-0,50,18,astrid,true,0.043478260869565216,0.043478260869565216,
10M,1E-7,full-0,50,18,astrid,raxml,0.08695652173913043,0.08695652173913043,
10M,1E-7,full-0,50,18,mpest,true,0.043478260869565216,0.043478260869565216,
10M,1E-7,full-0,50,18,mpest,raxml,0.043478260869565216,0.043478260869565216,
10M,1E-7,full-0,50,18,svdquartets,true,0.08695652173913043,0.08695652173913043,
10M,1E-7,full-0,50,18,astrid-ours,true,0.043478260869565216,0.043478260869565216,True
10M,1E-7,full-0,50,18,astrid-ours,raxml,0.08695652173913043,0.08695652173913043,True
10M,1E-7,full-0,50,19,astral,true,0.043478260869565216,0.043478260869565216,
10M,1E-7,full-0,50,19,astral,raxml,0.17391304347826086,0.17391304347826086,
10M,1E-7,full-0,50,19,astrid,true,0.0,0.0,
10M,1E-7,full-0,50,19,astrid,raxml,0.17391304347826086,0.17391304347826086,
10M,1E-7,full-0,50,19,mpest,true,0.0,0.0,
10M,1E-7,full-0,50,19,mpest,raxml,0.13043478260869565,0.13043478260869565,
10M,1E-7,full-0,50,19,svdquartets,true,0.34782608695652173,0.34782608695652173,
10M,1E-7,full-0,50,19,astrid-ours,true,0.0,0.0,True
10M,1E-7,full-0,50,19,astrid-ours,raxml,0.08695652173913043,0.08695652173913043,False
10M,1E-7,full-0,50,20,astral,true,0.0,0.0,
10M,1E-7,full-0,50,20,astral,raxml,0.08695652173913043,0.08695652173913043,
10M,1E-7,full-0,50,20,astrid,true,0.0,0.0,
10M,1E-7,full-0,50,20,astrid,raxml,0.08695652173913043,0.08695652173913043,
10M,1E-7,full-0,50,20,mpest,true,0.0,0.0,
10M,1E-7,full-0,50,20,mpest,raxml,0.30434782608695654,0.30434782608695654,
10M,1E-7,full-0,50,20,svdquartets,true,0.2608695652173913,0.2608695652173913,
10M,1E-7,full-0,50,20,astrid-ours,true,0.0,0.0,True
10M,1E-7,full-0,50,20,astrid-ours,raxml,0.08695652173913043,0.08695652173913043,True
10M,1E-7,full-0,200,1,astral,true,0.0,0.0,
10M,1E-7,full-0,200,1,astral,raxml,0.0,0.0,
10M,1E-7,full-0,200,1,astrid,true,0.0,0.0,
10M,1E-7,full-0,200,1,astrid,raxml,0.0,0.0,
10M,1E-7,full-0,200,1,mpest,true,0.0,0.0,
10M,1E-7,full-0,200,1,mpest,raxml,0.0,0.0,
10M,1E-7,full-0,200,1,svdquartets,true,0.13043478260869565,0.13043478260869565,
10M,1E-7,full-0,200,1,astrid-ours,true,0.0,0.0,True
10M,1E-7,full-0,200,1,astrid-ours,raxml,0.0,0.0,True
10M,1E-7,full-0,200,2,astral,true,0.0,0.0,
10M,1E-7,full-0,200,2,astral,raxml,0.21739130434782608,0.21739130434782608,
10M,1E-7,full-0,200,2,astrid,true,0.0,0.0,
10M,1E-7,full-0,200,2,astrid,raxml,0.21739130434782608,0.21739130434782608,
10M,1E-7,full-0,200,2,mpest,true,0.0,0.0,
10M,1E-7,full-0,200,2,mpest,raxml,0.2608695652173913,0.2608695652173913,
10M,1E-7,full-0,200,2,svdquartets,true,0.30434782608695654,0.30434782608695654,
10M,1E-7,full-0,200,2,astrid-ours,true,0.0,0.0,True
10M,1E-7,full-0,200,2,astrid-ours,raxml,0.21739130434782608,0.21739130434782608,True
10M,1E-7,full-0,200,3,astral,true,0.0,0.0,
10M,1E-7,full-0,200,3,astral,raxml,0.043478260869565216,0.043478260869565216,
10M,1E-7,full-0,200,3,astrid,true,0.0,0.0,
10M,1E-7,full-0,200,3,astrid,raxml,0.08695652173913043,0.08695652173913043,
10M,1E-7,full-0,200,3,mpest,true,0.0,0.0,
10M,1E-7,full-0,200,3,mpest,raxml,0.08695652173913043,0.08695652173913043,
10M,1E-7,full-0,200,3,svdquartets,true,0.0,0.0,
10M,1E-7,full-0,200,3,astrid-ours,true,0.0,0.0,True
10M,1E-7,full-0,200,3,astrid-ours,raxml,0.08695652173913043,0.08695652173913043,True
10M,1E-7,full-0,200,4,astral,true,0.0,0.0,
10M,1E-7,full-0,200,4,astral,raxml,0.043478260869565216,0.043478260869565216,
10M,1E-7,full-0,200,4,astrid,true,0.0,0.0,
10M,1E-7,full-0,200,4,astrid,raxml,0.0,0.0,
10M,1E-7,full-0,200,4,mpest,true,0.0,0.0,
10M,1E-7,full-0,200,4,mpest,raxml,0.0,0.0,
10M,1E-7,full-0,200,4,svdquartets,true,0.043478260869565216,0.043478260869565216,
10M,1E-7,full-0,200,4,astrid-ours,true,0.0,0.0,True
10M,1E-7,full-0,200,4,astrid-ours,raxml,0.0,0.0,True
10M,1E-7,full-0,200,5,astral,true,0.0,0.0,
10M,1E-7,full-0,200,5,astral,raxml,0.0,0.0,
10M,1E-7,full-0,200,5,astrid,true,0.0,0.0,
10M,1E-7,full-0,200,5,astrid,raxml,0.0,0.0,
10M,1E-7,full-0,200,5,mpest,true,0.0,0.0,
10M,1E-7,full-0,200,5,mpest,raxml,0.08695652173913043,0.08695652173913043,
10M,1E-7,full-0,200,5,svdquartets,true,0.17391304347826086,0.17391304347826086,
10M,1E-7,full-0,200,5,astrid-ours,true,0.0,0.0,True
10M,1E-7,full-0,200,5,astrid-ours,raxml,0.0,0.0,True
10M,1E-7,full-0,200,6,astral,true,0.0,0.0,
10M,1E-7,full-0,200,6,astral,raxml,0.0,0.0,
10M,1E-7,full-0,200,6,astrid,true,0.0,0.0,
10M,1E-7,full-0,200,6,astrid,raxml,0.0,0.0,
10M,1E-7,full-0,200,6,mpest,true,0.0,0.0,
10M,1E-7,full-0,200,6,mpest,raxml,0.08695652173913043,0.08695652173913043,
10M,1E-7,full-0,200,6,svdquartets,true,0.30434782608695654,0.30434782608695654,
10M,1E-7,full-0,200,6,astrid-ours,true,0.0,0.0,True
10M,1E-7,full-0,200,6,astrid-ours,raxml,0.0,0.0,True
10M,1E-7,full-0,200,7,astral,true,0.043478260869565216,0.043478260869565216,
10M,1E-7,full-0,200,7,astral,raxml,0.17391304347826086,0.17391304347826086,
10M,1E-7,full-0,200,7,astrid,true,0.043478260869565216,0.043478260869565216,
10M,1E-7,full-0,200,7,astrid,raxml,0.13043478260869565,0.13043478260869565,
10M,1E-7,full-0,200,7,mpest,true,0.08695652173913043,0.08695652173913043,
10M,1E-7,full-0,200,7,mpest,raxml,0.21739130434782608,0.21739130434782608,
10M,1E-7,full-0,200,7,svdquartets,true,0.30434782608695654,0.30434782608695654,
10M,1E-7,full-0,200,7,astrid-ours,true,0.043478260869565216,0.043478260869565216,True
10M,1E-7,full-0,200,7,astrid-ours,raxml,0.13043478260869565,0.13043478260869565,True
10M,1E-7,full-0,200,8,astral,true,0.043478260869565216,0.043478260869565216,
10M,1E-7,full-0,200,8,astral,raxml,0.08695652173913043,0.08695652173913043,
10M,1E-7,full-0,200,8,astrid,true,0.043478260869565216,0.043478260869565216,
10M,1E-7,full-0,200,8,astrid,raxml,0.043478260869565216,0.043478260869565216,
10M,1E-7,full-0,200,8,mpest,true,0.043478260869565216,0.043478260869565216,
10M,1E-7,full-0,200,8,mpest,raxml,0.13043478260869565,0.13043478260869565,
10M,1E-7,full-0,200,8,svdquartets,true,0.043478260869565216,0.043478260869565216,
10M,1E-7,full-0,200,8,astrid-ours,true,0.043478260869565216,0.043478260869565216,True
10M,1E-7,full-0,200,8,astrid-ours,raxml,0.043478260869565216,0.043478260869565216,True
10M,1E-7,full-0,200,9,astral,true,0.0,0.0,
10M,1E-7,full-0,200,9,astral,raxml,0.21739130434782608,0.21739130434782608,
10M,1E-7,full-0,200,9,astrid,true,0.0,0.0,
10M,1E-7,full-0,200,9,astrid,raxml,0.21739130434782608,0.21739130434782608,
10M,1E-7,full-0,200,9,mpest,true,0.0,0.0,
10M,1E-7,full-0,200,9,mpest,raxml,0.17391304347826086,0.17391304347826086,
10M,1E-7,full-0,200,9,svdquartets,true,0.391304347826087,0.391304347826087,
10M,1E-7,full-0,200,9,astrid-ours,true,0.0,0.0,True
10M,1E-7,full-0,200,9,astrid-ours,raxml,0.21739130434782608,0.21739130434782608,True
10M,1E-7,full-0,200,10,astral,true,0.0,0.0,
10M,1E-7,full-0,200,10,astral,raxml,0.0,0.0,
10M,1E-7,full-0,200,10,astrid,true,0.0,0.0,
10M,1E-7,full-0,200,10,astrid,raxml,0.0,0.0,
10M,1E-7,full-0,200,10,mpest,true,0.0,0.0,
10M,1E-7,full-0,200,10,mpest,raxml,0.0,0.0,
10M,1E-7,full-0,200,10,svdquartets,true,0.043478260869565216,0.043478260869565216,
10M,1E-7,full-0,200,10,astrid-ours,true,0.0,0.0,True
10M,1E-7,full-0,200,10,astrid-ours,raxml,0.0,0.0,True
10M,1E-7,full-0,200,11,astral,true,0.0,0.0,
10M,1E-7,full-0,200,11,astral,raxml,0.043478260869565216,0.043478260869565216,
10M,1E-7,full-0,200,11,astrid,true,0.0,0.0,
10M,1E-7,full-0,200,11,astrid,raxml,0.08695652173913043,0.08695652173913043,
10M,1E-7,full-0,200,11,mpest,true,0.0,0.0,
10M,1E-7,full-0,200,11,mpest,raxml,0.08695652173913043,0.08695652173913043,
10M,1E-7,full-0,200,11,svdquartets,true,0.0,0.0,
10M,1E-7,full-0,200,11,astrid-ours,true,0.0,0.0,True
10M,1E-7,full-0,200,11,astrid-ours,raxml,0.08695652173913043,0.08695652173913043,True
10M,1E-7,full-0,200,12,astral,true,0.043478260869565216,0.043478260869565216,
10M,1E-7,full-0,200,12,astral,raxml,0.0,0.0,
10M,1E-7,full-0,200,12,astrid,true,0.043478260869565216,0.043478260869565216,
10M,1E-7,full-0,200,12,astrid,raxml,0.0,0.0,
10M,1E-7,full-0,200,12,mpest,true,0.043478260869565216,0.043478260869565216,
10M,1E-7,full-0,200,12,mpest,raxml,0.0,0.0,
10M,1E-7,full-0,200,12,svdquartets,true,0.08695652173913043,0.08695652173913043,
10M,1E-7,full-0,200,12,astrid-ours,true,0.043478260869565216,0.043478260869565216,True
10M,1E-7,full-0,200,12,astrid-ours,raxml,0.0,0.0,True
10M,1E-7,full-0,200,13,astral,true,0.0,0.0,
10M,1E-7,full-0,200,13,astral,raxml,0.043478260869565216,0.043478260869565216,
10M,1E-7,full-0,200,13,astrid,true,0.0,0.0,
10M,1E-7,full-0,200,13,astrid,raxml,0.08695652173913043,0.08695652173913043,
10M,1E-7,full-0,200,13,mpest,true,0.0,0.0,
10M,1E-7,full-0,200,13,mpest,raxml,0.043478260869565216,0.043478260869565216,
10M,1E-7,full-0,200,13,svdquartets,true,0.17391304347826086,0.17391304347826086,
10M,1E-7,full-0,200,13,astrid-ours,true,0.0,0.0,True
10M,1E-7,full-0,200,13,astrid-ours,raxml,0.08695652173913043,0.08695652173913043,True
10M,1E-7,full-0,200,14,astral,true,0.043478260869565216,0.043478260869565216,
10M,1E-7,full-0,200,14,astral,raxml,0.13043478260869565,0.13043478260869565,
10M,1E-7,full-0,200,14,astrid,true,0.043478260869565216,0.043478260869565216,
10M,1E-7,full-0,200,14,astrid,raxml,0.08695652173913043,0.08695652173913043,
10M,1E-7,full-0,200,14,mpest,true,0.043478260869565216,0.043478260869565216,
10M,1E-7,full-0,200,14,mpest,raxml,0.08695652173913043,0.08695652173913043,
10M,1E-7,full-0,200,14,svdquartets,true,0.043478260869565216,0.043478260869565216,
10M,1E-7,full-0,200,14,astrid-ours,true,0.043478260869565216,0.043478260869565216,True
10M,1E-7,full-0,200,14,astrid-ours,raxml,0.08695652173913043,0.08695652173913043,True
10M,1E-7,full-0,200,15,astral,true,0.0,0.0,
10M,1E-7,full-0,200,15,astral,raxml,0.17391304347826086,0.17391304347826086,
10M,1E-7,full-0,200,15,astrid,true,0.0,0.0,
10M,1E-7,full-0,200,15,astrid,raxml,0.21739130434782608,0.21739130434782608,
10M,1E-7,full-0,200,15,mpest,true,0.0,0.0,
10M,1E-7,full-0,200,15,mpest,raxml,0.17391304347826086,0.17391304347826086,
10M,1E-7,full-0,200,15,svdquartets,true,0.34782608695652173,0.34782608695652173,
10M,1E-7,full-0,200,15,astrid-ours,true,0.0,0.0,True
10M,1E-7,full-0,200,15,astrid-ours,raxml,0.21739130434782608,0.21739130434782608,True
10M,1E-7,full-0,200,16,astral,true,0.0,0.0,
10M,1E-7,full-0,200,16,astral,raxml,0.0,0.0,
10M,1E-7,full-0,200,16,astrid,true,0.0,0.0,
10M,1E-7,full-0,200,16,astrid,raxml,0.0,0.0,
10M,1E-7,full-0,200,16,mpest,true,0.0,0.0,
10M,1E-7,full-0,200,16,mpest,raxml,0.0,0.0,
10M,1E-7,full-0,200,16,svdquartets,true,0.08695652173913043,0.08695652173913043,
10M,1E-7,full-0,200,16,astrid-ours,true,0.0,0.0,True
10M,1E-7,full-0,200,16,astrid-ours,raxml,0.0,0.0,True
10M,1E-7,full-0,200,17,astral,true,0.0,0.0,
10M,1E-7,full-0,200,17,astral,raxml,0.13043478260869565,0.13043478260869565,
10M,1E-7,full-0,200,17,astrid,true,0.0,0.0,
10M,1E-7,full-0,200,17,astrid,raxml,0.17391304347826086,0.17391304347826086,
10M,1E-7,full-0,200,17,mpest,true,0.0,0.0,
10M,1E-7,full-0,200,17,mpest,raxml,0.17391304347826086,0.17391304347826086,
10M,1E-7,full-0,200,17,svdquartets,true,0.17391304347826086,0.17391304347826086,
10M,1E-7,full-0,200,17,astrid-ours,true,0.0,0.0,True
10M,1E-7,full-0,200,17,astrid-ours,raxml,0.17391304347826086,0.17391304347826086,False
10M,1E-7,full-0,200,18,astral,true,0.0,0.0,
10M,1E-7,full-0,200,18,astral,raxml,0.043478260869565216,0.043478260869565216,
10M,1E-7,full-0,200,18,astrid,true,0.043478260869565216,0.043478260869565216,
10M,1E-7,full-0,200,18,astrid,raxml,0.0,0.0,
10M,1E-7,full-0,200,18,mpest,true,0.043478260869565216,0.043478260869565216,
10M,1E-7,full-0,200,18,mpest,raxml,0.0,0.0,
10M,1E-7,full-0,200,18,svdquartets,true,0.0,0.0,
10M,1E-7,full-0,200,18,astrid-ours,true,0.043478260869565216,0.043478260869565216,True
10M,1E-7,full-0,200,18,astrid-ours,raxml,0.0,0.0,True
10M,1E-7,full-0,200,19,astral,true,0.043478260869565216,0.043478260869565216,
10M,1E-7,full-0,200,19,astral,raxml,0.13043478260869565,0.13043478260869565,
10M,1E-7,full-0,200,19,astrid,true,0.0,0.0,
10M,1E-7,full-0,200,19,astrid,raxml,0.13043478260869565,0.13043478260869565,
10M,1E-7,full-0,200,19,mpest,true,0.043478260869565216,0.043478260869565216,
10M,1E-7,full-0,200,19,mpest,raxml,0.13043478260869565,0.13043478260869565,
10M,1E-7,full-0,200,19,svdquartets,true,0.21739130434782608,0.21739130434782608,
10M,1E-7,full-0,200,19,astrid-ours,true,0.0,0.0,True
10M,1E-7,full-0,200,19,astrid-ours,raxml,0.13043478260869565,0.13043478260869565,True
10M,1E-7,full-0,200,20,astral,true,0.0,0.0,
10M,1E-7,full-0,200,20,astral,raxml,0.043478260869565216,0.043478260869565216,
10M,1E-7,full-0,200,20,astrid,true,0.0,0.0,
10M,1E-7,full-0,200,20,astrid,raxml,0.043478260869565216,0.043478260869565216,
10M,1E-7,full-0,200,20,mpest,true,0.0,0.0,
10M,1E-7,full-0,200,20,mpest,raxml,0.08695652173913043,0.08695652173913043,
10M,1E-7,full-0,200,20,svdquartets,true,0.08695652173913043,0.08695652173913043,
10M,1E-7,full-0,200,20,astrid-ours,true,0.0,0.0,True
10M,1E-7,full-0,200,20,astrid-ours,raxml,0.043478260869565216,0.043478260869565216,True
10M,1E-7,full-0,1000,1,astral,true,0.0,0.0,
10M,1E-7,full-0,1000,1,astral,raxml,0.0,0.0,
10M,1E-7,full-0,1000,1,astrid,true,0.0,0.0,
10M,1E-7,full-0,1000,1,astrid,raxml,0.0,0.0,
10M,1E-7,full-0,1000,1,mpest,true,0.0,0.0,
10M,1E-7,full-0,1000,1,mpest,raxml,0.0,0.0,
10M,1E-7,full-0,1000,1,svdquartets,true,0.043478260869565216,0.043478260869565216,
10M,1E-7,full-0,1000,1,astrid-ours,true,0.0,0.0,True
10M,1E-7,full-0,1000,1,astrid-ours,raxml,0.0,0.0,True
10M,1E-7,full-0,1000,2,astral,true,0.0,0.0,
10M,1E-7,full-0,1000,2,astral,raxml,0.21739130434782608,0.21739130434782608,
10M,1E-7,full-0,1000,2,astrid,true,0.0,0.0,
10M,1E-7,full-0,1000,2,astrid,raxml,0.17391304347826086,0.17391304347826086,
10M,1E-7,full-0,1000,2,mpest,true,0.0,0.0,
10M,1E-7,full-0,1000,2,mpest,raxml,0.08695652173913043,0.08695652173913043,
10M,1E-7,full-0,1000,2,svdquartets,true,0.043478260869565216,0.043478260869565216,
10M,1E-7,full-0,1000,2,astrid-ours,true,0.0,0.0,True
10M,1E-7,full-0,1000,2,astrid-ours,raxml,0.17391304347826086,0.17391304347826086,True
10M,1E-7,full-0,1000,3,astral,true,0.0,0.0,
10M,1E-7,full-0,1000,3,astral,raxml,0.08695652173913043,0.08695652173913043,
10M,1E-7,full-0,1000,3,astrid,true,0.0,0.0,
10M,1E-7,full-0,1000,3,astrid,raxml,0.08695652173913043,0.08695652173913043,
10M,1E-7,full-0,1000,3,mpest,true,0.0,0.0,
10M,1E-7,full-0,1000,3,mpest,raxml,0.08695652173913043,0.08695652173913043,
10M,1E-7,full-0,1000,3,svdquartets,true,0.08695652173913043,0.08695652173913043,
10M,1E-7,full-0,1000,3,astrid-ours,true,0.0,0.0,True
10M,1E-7,full-0,1000,3,astrid-ours,raxml,0.08695652173913043,0.08695652173913043,True
10M,1E-7,full-0,1000,4,astral,true,0.0,0.0,
10M,1E-7,full-0,1000,4,astral,raxml,0.043478260869565216,0.043478260869565216,
10M,1E-7,full-0,1000,4,astrid,true,0.0,0.0,
10M,1E-7,full-0,1000,4,astrid,raxml,0.0,0.0,
10M,1E-7,full-0,1000,4,mpest,true,0.0,0.0,
10M,1E-7,full-0,1000,4,mpest,raxml,0.0,0.0,
10M,1E-7,full-0,1000,4,svdquartets,true,0.043478260869565216,0.043478260869565216,
10M,1E-7,full-0,1000,4,astrid-ours,true,0.0,0.0,True
10M,1E-7,full-0,1000,4,astrid-ours,raxml,0.0,0.0,True
10M,1E-7,full-0,1000,5,astral,true,0.0,0.0,
10M,1E-7,full-0,1000,5,astral,raxml,0.0,0.0,
10M,1E-7,full-0,1000,5,astrid,true,0.0,0.0,
10M,1E-7,full-0,1000,5,astrid,raxml,0.0,0.0,
10M,1E-7,full-0,1000,5,mpest,true,0.0,0.0,
10M,1E-7,full-0,1000,5,mpest,raxml,0.043478260869565216,0.043478260869565216,
10M,1E-7,full-0,1000,5,svdquartets,true,0.0,0.0,
10M,1E-7,full-0,1000,5,astrid-ours,true,0.0,0.0,True
10M,1E-7,full-0,1000,5,astrid-ours,raxml,0.0,0.0,True
10M,1E-7,full-0,1000,6,astral,true,0.0,0.0,
10M,1E-7,full-0,1000,6,astral,raxml,0.0,0.0,
10M,1E-7,full-0,1000,6,astrid,true,0.0,0.0,
10M,1E-7,full-0,1000,6,astrid,raxml,0.0,0.0,
10M,1E-7,full-0,1000,6,mpest,true,0.0,0.0,
10M,1E-7,full-0,1000,6,mpest,raxml,0.0,0.0,
10M,1E-7,full-0,1000,6,svdquartets,true,0.17391304347826086,0.17391304347826086,
10M,1E-7,full-0,1000,6,astrid-ours,true,0.0,0.0,True
10M,1E-7,full-0,1000,6,astrid-ours,raxml,0.0,0.0,True
10M,1E-7,full-0,1000,7,astral,true,0.0,0.0,
10M,1E-7,full-0,1000,7,astral,raxml,0.08695652173913043,0.08695652173913043,
10M,1E-7,full-0,1000,7,astrid,true,0.0,0.0,
10M,1E-7,full-0,1000,7,astrid,raxml,0.08695652173913043,0.08695652173913043,
10M,1E-7,full-0,1000,7,mpest,true,0.0,0.0,
10M,1E-7,full-0,1000,7,mpest,raxml,0.08695652173913043,0.08695652173913043,
10M,1E-7,full-0,1000,7,svdquartets,true,0.2608695652173913,0.2608695652173913,
10M,1E-7,full-0,1000,7,astrid-ours,true,0.0,0.0,True
10M,1E-7,full-0,1000,7,astrid-ours,raxml,0.08695652173913043,0.08695652173913043,True
10M,1E-7,full-0,1000,8,astral,true,0.0,0.0,
10M,1E-7,full-0,1000,8,astral,raxml,0.043478260869565216,0.043478260869565216,
10M,1E-7,full-0,1000,8,astrid,true,0.0,0.0,
10M,1E-7,full-0,1000,8,astrid,raxml,0.043478260869565216,0.043478260869565216,
10M,1E-7,full-0,1000,8,mpest,true,0.043478260869565216,0.043478260869565216,
10M,1E-7,full-0,1000,8,mpest,raxml,0.043478260869565216,0.043478260869565216,
10M,1E-7,full-0,1000,8,svdquartets,true,0.0,0.0,
10M,1E-7,full-0,1000,8,astrid-ours,true,0.0,0.0,True
10M,1E-7,full-0,1000,8,astrid-ours,raxml,0.043478260869565216,0.043478260869565216,True
10M,1E-7,full-0,1000,9,astral,true,0.0,0.0,
10M,1E-7,full-0,1000,9,astral,raxml,0.17391304347826086,0.17391304347826086,
10M,1E-7,full-0,1000,9,astrid,true,0.0,0.0,
10M,1E-7,full-0,1000,9,astrid,raxml,0.17391304347826086,0.17391304347826086,
10M,1E-7,full-0,1000,9,mpest,true,0.0,0.0,
10M,1E-7,full-0,1000,9,mpest,raxml,0.13043478260869565,0.13043478260869565,
10M,1E-7,full-0,1000,9,svdquartets,true,0.2608695652173913,0.2608695652173913,
10M,1E-7,full-0,1000,9,astrid-ours,true,0.0,0.0,True
10M,1E-7,full-0,1000,9,astrid-ours,raxml,0.17391304347826086,0.17391304347826086,True
10M,1E-7,full-0,1000,10,astral,true,0.0,0.0,
10M,1E-7,full-0,1000,10,astral,raxml,0.0,0.0,
10M,1E-7,full-0,1000,10,astrid,true,0.0,0.0,
10M,1E-7,full-0,1000,10,astrid,raxml,0.0,0.0,
10M,1E-7,full-0,1000,10,mpest,true,0.0,0.0,
10M,1E-7,full-0,1000,10,mpest,raxml,0.0,0.0,
10M,1E-7,full-0,1000,10,svdquartets,true,0.043478260869565216,0.043478260869565216,
10M,1E-7,full-0,1000,10,astrid-ours,true,0.0,0.0,True
10M,1E-7,full-0,1000,10,astrid-ours,raxml,0.0,0.0,True
10M,1E-7,full-0,1000,11,astral,true,0.0,0.0,
10M,1E-7,full-0,1000,11,astral,raxml,0.043478260869565216,0.043478260869565216,
10M,1E-7,full-0,1000,11,astrid,true,0.0,0.0,
10M,1E-7,full-0,1000,11,astrid,raxml,0.043478260869565216,0.043478260869565216,
10M,1E-7,full-0,1000,11,mpest,true,0.0,0.0,
10M,1E-7,full-0,1000,11,mpest,raxml,0.043478260869565216,0.043478260869565216,
10M,1E-7,full-0,1000,11,svdquartets,true,0.0,0.0,
10M,1E-7,full-0,1000,11,astrid-ours,true,0.0,0.0,True
10M,1E-7,full-0,1000,11,astrid-ours,raxml,0.043478260869565216,0.043478260869565216,True
10M,1E-7,full-0,1000,12,astral,true,0.043478260869565216,0.043478260869565216,
10M,1E-7,full-0,1000,12,astral,raxml,0.0,0.0,
10M,1E-7,full-0,1000,12,astrid,true,0.043478260869565216,0.043478260869565216,
10M,1E-7,full-0,1000,12,astrid,raxml,0.0,0.0,
10M,1E-7,full-0,1000,12,mpest,true,0.043478260869565216,0.043478260869565216,
10M,1E-7,full-0,1000,12,mpest,raxml,0.0,0.0,
10M,1E-7,full-0,1000,12,svdquartets,true,0.043478260869565216,0.043478260869565216,
10M,1E-7,full-0,1000,12,astrid-ours,true,0.043478260869565216,0.043478260869565216,True
10M,1E-7,full-0,1000,12,astrid-ours,raxml,0.0,0.0,True
10M,1E-7,full-0,1000,13,astral,true,0.0,0.0,
10M,1E-7,full-0,1000,13,astral,raxml,0.043478260869565216,0.043478260869565216,
10M,1E-7,full-0,1000,13,astrid,true,0.0,0.0,
10M,1E-7,full-0,1000,13,astrid,raxml,0.0,0.0,
10M,1E-7,full-0,1000,13,mpest,true,0.0,0.0,
10M,1E-7,full-0,1000,13,mpest,raxml,0.043478260869565216,0.043478260869565216,
10M,1E-7,full-0,1000,13,svdquartets,true,0.17391304347826086,0.17391304347826086,
10M,1E-7,full-0,1000,13,astrid-ours,true,0.0,0.0,True
10M,1E-7,full-0,1000,13,astrid-ours,raxml,0.0,0.0,True
10M,1E-7,full-0,1000,14,astral,true,0.0,0.0,
10M,1E-7,full-0,1000,14,astral,raxml,0.0,0.0,
10M,1E-7,full-0,1000,14,astrid,true,0.0,0.0,
10M,1E-7,full-0,1000,14,astrid,raxml,0.0,0.0,
10M,1E-7,full-0,1000,14,mpest,true,0.0,0.0,
10M,1E-7,full-0,1000,14,mpest,raxml,0.0,0.0,
10M,1E-7,full-0,1000,14,svdquartets,true,0.0,0.0,
10M,1E-7,full-0,1000,14,astrid-ours,true,0.0,0.0,True
10M,1E-7,full-0,1000,14,astrid-ours,raxml,0.0,0.0,True
10M,1E-7,full-0,1000,15,astral,true,0.0,0.0,
10M,1E-7,full-0,1000,15,astral,raxml,0.17391304347826086,0.17391304347826086,
10M,1E-7,full-0,1000,15,astrid,true,0.0,0.0,
10M,1E-7,full-0,1000,15,astrid,raxml,0.13043478260869565,0.13043478260869565,
10M,1E-7,full-0,1000,15,mpest,true,0.0,0.0,
10M,1E-7,full-0,1000,15,mpest,raxml,0.13043478260869565,0.13043478260869565,
10M,1E-7,full-0,1000,15,svdquartets,true,0.08695652173913043,0.08695652173913043,
10M,1E-7,full-0,1000,15,astrid-ours,true,0.0,0.0,True
10M,1E-7,full-0,1000,15,astrid-ours,raxml,0.13043478260869565,0.13043478260869565,True
10M,1E-7,full-0,1000,16,astral,true,0.0,0.0,
10M,1E-7,full-0,1000,16,astral,raxml,0.0,0.0,
10M,1E-7,full-0,1000,16,astrid,true,0.0,0.0,
10M,1E-7,full-0,1000,16,astrid,raxml,0.0,0.0,
10M,1E-7,full-0,1000,16,mpest,true,0.0,0.0,
10M,1E-7,full-0,1000,16,mpest,raxml,0.0,0.0,
10M,1E-7,full-0,1000,16,svdquartets,true,0.043478260869565216,0.043478260869565216,
10M,1E-7,full-0,1000,16,astrid-ours,true,0.0,0.0,True
10M,1E-7,full-0,1000,16,astrid-ours,raxml,0.0,0.0,True
10M,1E-7,full-0,1000,17,astral,true,0.0,0.0,
10M,1E-7,full-0,1000,17,astral,raxml,0.08695652173913043,0.08695652173913043,
10M,1E-7,full-0,1000,17,astrid,true,0.0,0.0,
10M,1E-7,full-0,1000,17,astrid,raxml,0.13043478260869565,0.13043478260869565,
10M,1E-7,full-0,1000,17,mpest,true,0.0,0.0,
10M,1E-7,full-0,1000,17,mpest,raxml,0.13043478260869565,0.13043478260869565,
10M,1E-7,full-0,1000,17,svdquartets,true,0.21739130434782608,0.21739130434782608,
10M,1E-7,full-0,1000,17,astrid-ours,true,0.0,0.0,True
10M,1E-7,full-0,1000,17,astrid-ours,raxml,0.13043478260869565,0.13043478260869565,True
10M,1E-7,full-0,1000,18,astral,true,0.043478260869565216,0.043478260869565216,
10M,1E-7,full-0,1000,18,astral,raxml,0.043478260869565216,0.043478260869565216,
10M,1E-7,full-0,1000,18,astrid,true,0.043478260869565216,0.043478260869565216,
10M,1E-7,full-0,1000,18,astrid,raxml,0.043478260869565216,0.043478260869565216,
10M,1E-7,full-0,1000,18,mpest,true,0.043478260869565216,0.043478260869565216,
10M,1E-7,full-0,1000,18,mpest,raxml,0.043478260869565216,0.043478260869565216,
10M,1E-7,full-0,1000,18,svdquartets,true,0.043478260869565216,0.043478260869565216,
10M,1E-7,full-0,1000,18,astrid-ours,true,0.043478260869565216,0.043478260869565216,True
10M,1E-7,full-0,1000,18,astrid-ours,raxml,0.043478260869565216,0.043478260869565216,True
10M,1E-7,full-0,1000,19,astral,true,0.0,0.0,
10M,1E-7,full-0,1000,19,astral,raxml,0.13043478260869565,0.13043478260869565,
10M,1E-7,full-0,1000,19,astrid,true,0.0,0.0,
10M,1E-7,full-0,1000,19,astrid,raxml,0.13043478260869565,0.13043478260869565,
10M,1E-7,full-0,1000,19,mpest,true,0.0,0.0,
10M,1E-7,full-0,1000,19,mpest,raxml,0.13043478260869565,0.13043478260869565,
10M,1E-7,full-0,1000,19,svdquartets,true,0.21739130434782608,0.21739130434782608,
10M,1E-7,full-0,1000,19,astrid-ours,true,0.0,0.0,True
10M,1E-7,full-0,1000,19,astrid-ours,raxml,0.13043478260869565,0.13043478260869565,True
10M,1E-7,full-0,1000,20,astral,true,0.0,0.0,
10M,1E-7,full-0,1000,20,astral,raxml,0.08695652173913043,0.08695652173913043,
10M,1E-7,full-0,1000,20,astrid,true,0.0,0.0,
10M,1E-7,full-0,1000,20,astrid,raxml,0.08695652173913043,0.08695652173913043,
10M,1E-7,full-0,1000,20,mpest,true,0.0,0.0,
10M,1E-7,full-0,1000,20,mpest,raxml,0.13043478260869565,0.13043478260869565,
10M,1E-7,full-0,1000,20,svdquartets,true,0.17391304347826086,0.17391304347826086,
10M,1E-7,full-0,1000,20,astrid-ours,true,0.0,0.0,True
10M,1E-7,full-0,1000,20,astrid-ours,raxml,0.08695652173913043,0.08695652173913043,True
10M,1E-7,rand-30,50,1,astral,true,0.043478260869565216,0.043478260869565216,
10M,1E-7,rand-30,50,1,astral,raxml,0.13043478260869565,0.13043478260869565,
10M,1E-7,rand-30,50,1,astrid,true,0.0,0.0,
10M,1E-7,rand-30,50,1,astrid,raxml,0.043478260869565216,0.043478260869565216,
10M,1E-7,rand-30,50,1,mpest,true,0.0,0.0,
10M,1E-7,rand-30,50,1,mpest,raxml,0.13043478260869565,0.13043478260869565,
10M,1E-7,rand-30,50,1,svdquartets,true,0.30434782608695654,0.30434782608695654,
10M,1E-7,rand-30,50,1,astrid-ours,true,0.0,0.0,True
10M,1E-7,rand-30,50,1,astrid-ours,raxml,0.043478260869565216,0.043478260869565216,True
10M,1E-7,rand-30,50,2,astral,true,0.0,0.0,
10M,1E-7,rand-30,50,2,astral,raxml,0.5217391304347826,0.5217391304347826,
10M,1E-7,rand-30,50,2,astrid,true,0.0,0.0,
10M,1E-7,rand-30,50,2,astrid,raxml,0.4782608695652174,0.4782608695652174,
10M,1E-7,rand-30,50,2,mpest,true,0.0,0.0,
10M,1E-7,rand-30,50,2,mpest,raxml,0.4782608695652174,0.4782608695652174,
10M,1E-7,rand-30,50,2,svdquartets,true,0.43478260869565216,0.43478260869565216,
10M,1E-7,rand-30,50,2,astrid-ours,true,0.0,0.0,True
10M,1E-7,rand-30,50,2,astrid-ours,raxml,0.5217391304347826,0.5217391304347826,False
10M,1E-7,rand-30,50,3,astral,true,0.0,0.0,
10M,1E-7,rand-30,50,3,astral,raxml,0.13043478260869565,0.13043478260869565,
10M,1E-7,rand-30,50,3,astrid,true,0.0,0.0,
10M,1E-7,rand-30,50,3,astrid,raxml,0.17391304347826086,0.17391304347826086,
10M,1E-7,rand-30,50,3,mpest,true,0.0,0.0,
10M,1E-7,rand-30,50,3,mpest,raxml,0.17391304347826086,0.17391304347826086,
10M,1E-7,rand-30,50,3,svdquartets,true,0.2608695652173913,0.2608695652173913,
10M,1E-7,rand-30,50,3,astrid-ours,true,0.0,0.0,True
10M,1E-7,rand-30,50,3,astrid-ours,raxml,0.17391304347826086,0.17391304347826086,True
10M,1E-7,rand-30,50,4,astral,true,0.0,0.0,
10M,1E-7,rand-30,50,4,astral,raxml,0.0,0.0,
10M,1E-7,rand-30,50,4,astrid,true,0.0,0.0,
10M,1E-7,rand-30,50,4,astrid,raxml,0.08695652173913043,0.08695652173913043,
10M,1E-7,rand-30,50,4,mpest,true,0.0,0.0,
10M,1E-7,rand-30,50,4,mpest,raxml,0.21739130434782608,0.21739130434782608,
10M,1E-7,rand-30,50,4,svdquartets,true,0.0,0.0,
10M,1E-7,rand-30,50,4,astrid-ours,true,0.0,0.0,True
10M,1E-7,rand-30,50,4,astrid-ours,raxml,0.08695652173913043,0.08695652173913043,True
10M,1E-7,rand-30,50,5,astral,true,0.0,0.0,
10M,1E-7,rand-30,50,5,astral,raxml,0.13043478260869565,0.13043478260869565,
10M,1E-7,rand-30,50,5,astrid,true,0.0,0.0,
10M,1E-7,rand-30,50,5,astrid,raxml,0.17391304347826086,0.17391304347826086,
10M,1E-7,rand-30,50,5,mpest,true,0.0,0.0,
10M,1E-7,rand-30,50,5,mpest,raxml,0.391304347826087,0.391304347826087,
10M,1E-7,rand-30,50,5,svdquartets,true,0.43478260869565216,0.43478260869565216,
10M,1E-7,rand-30,50,5,astrid-ours,true,0.0,0.0,True
10M,1E-7,rand-30,50,5,astrid-ours,raxml,0.17391304347826086,0.17391304347826086,True
10M,1E-7,rand-30,50,6,astral,true,0.043478260869565216,0.043478260869565216,
10M,1E-7,rand-30,50,6,astral,raxml,0.13043478260869565,0.13043478260869565,
10M,1E-7,rand-30,50,6,astrid,true,0.043478260869565216,0.043478260869565216,
10M,1E-7,rand-30,50,6,astrid,raxml,0.08695652173913043,0.08695652173913043,
10M,1E-7,rand-30,50,6,mpest,true,0.043478260869565216,0.043478260869565216,
10M,1E-7,rand-30,50,6,mpest,raxml,0.2608695652173913,0.2608695652173913,
10M,1E-7,rand-30,50,6,svdquartets,true,0.5652173913043478,0.5652173913043478,
10M,1E-7,rand-30,50,6,astrid-ours,true,0.043478260869565216,0.043478260869565216,True
10M,1E-7,rand-30,50,6,astrid-ours,raxml,0.08695652173913043,0.08695652173913043,True
10M,1E-7,rand-30,50,7,astral,true,0.08695652173913043,0.08695652173913043,
10M,1E-7,rand-30,50,7,astral,raxml,0.21739130434782608,0.21739130434782608,
10M,1E-7,rand-30,50,7,astrid,true,0.08695652173913043,0.08695652173913043,
10M,1E-7,rand-30,50,7,astrid,raxml,0.21739130434782608,0.21739130434782608,
10M,1E-7,rand-30,50,7,mpest,true,0.08695652173913043,0.08695652173913043,
10M,1E-7,rand-30,50,7,mpest,raxml,0.30434782608695654,0.30434782608695654,
10M,1E-7,rand-30,50,7,svdquartets,true,0.391304347826087,0.391304347826087,
10M,1E-7,rand-30,50,7,astrid-ours,true,0.08695652173913043,0.08695652173913043,True
10M,1E-7,rand-30,50,7,astrid-ours,raxml,0.21739130434782608,0.21739130434782608,True
10M,1E-7,rand-30,50,8,astral,true,0.0,0.0,
10M,1E-7,rand-30,50,8,astral,raxml,0.08695652173913043,0.08695652173913043,
10M,1E-7,rand-30,50,8,astrid,true,0.0,0.0,
10M,1E-7,rand-30,50,8,astrid,raxml,0.08695652173913043,0.08695652173913043,
10M,1E-7,rand-30,50,8,mpest,true,0.0,0.0,
10M,1E-7,rand-30,50,8,mpest,raxml,0.17391304347826086,0.17391304347826086,
10M,1E-7,rand-30,50,8,svdquartets,true,0.17391304347826086,0.17391304347826086,
10M,1E-7,rand-30,50,8,astrid-ours,true,0.0,0.0,True
10M,1E-7,rand-30,50,8,astrid-ours,raxml,0.08695652173913043,0.08695652173913043,True
10M,1E-7,rand-30,50,9,astral,true,0.043478260869565216,0.043478260869565216,
10M,1E-7,rand-30,50,9,astral,raxml,0.17391304347826086,0.17391304347826086,
10M,1E-7,rand-30,50,9,astrid,true,0.043478260869565216,0.043478260869565216,
10M,1E-7,rand-30,50,9,astrid,raxml,0.30434782608695654,0.30434782608695654,
10M,1E-7,rand-30,50,9,mpest,true,0.043478260869565216,0.043478260869565216,
10M,1E-7,rand-30,50,9,mpest,raxml,0.30434782608695654,0.30434782608695654,
10M,1E-7,rand-30,50,9,svdquartets,true,0.6521739130434783,0.6521739130434783,
10M,1E-7,rand-30,50,9,astrid-ours,true,0.043478260869565216,0.043478260869565216,True
10M,1E-7,rand-30,50,9,astrid-ours,raxml,0.30434782608695654,0.30434782608695654,True
10M,1E-7,rand-30,50,10,astral,true,0.0,0.0,
10M,1E-7,rand-30,50,10,astral,raxml,0.0,0.0,
10M,1E-7,rand-30,50,10,astrid,true,0.0,0.0,
10M,1E-7,rand-30,50,10,astrid,raxml,0.043478260869565216,0.043478260869565216,
10M,1E-7,rand-30,50,10,mpest,true,0.0,0.0,
10M,1E-7,rand-30,50,10,mpest,raxml,0.17391304347826086,0.17391304347826086,
10M,1E-7,rand-30,50,10,svdquartets,true,0.08695652173913043,0.08695652173913043,
10M,1E-7,rand-30,50,10,astrid-ours,true,0.0,0.0,True
10M,1E-7,rand-30,50,10,astrid-ours,raxml,0.043478260869565216,0.043478260869565216,True
10M,1E-7,rand-30,50,11,astral,true,0.0,0.0,
10M,1E-7,rand-30,50,11,astral,raxml,0.0,0.0,
10M,1E-7,rand-30,50,11,astrid,true,0.0,0.0,
10M,1E-7,rand-30,50,11,astrid,raxml,0.043478260869565216,0.043478260869565216,
10M,1E-7,rand-30,50,11,mpest,true,0.043478260869565216,0.043478260869565216,
10M,1E-7,rand-30,50,11,mpest,raxml,0.17391304347826086,0.17391304347826086,
10M,1E-7,rand-30,50,11,svdquartets,true,0.13043478260869565,0.13043478260869565,
10M,1E-7,rand-30,50,11,astrid-ours,true,0.0,0.0,True
10M,1E-7,rand-30,50,11,astrid-ours,raxml,0.043478260869565216,0.043478260869565216,True
10M,1E-7,rand-30,50,12,astral,true,0.08695652173913043,0.08695652173913043,
10M,1E-7,rand-30,50,12,astral,raxml,0.043478260869565216,0.043478260869565216,
10M,1E-7,rand-30,50,12,astrid,true,0.08695652173913043,0.08695652173913043,
10M,1E-7,rand-30,50,12,astrid,raxml,0.08695652173913043,0.08695652173913043,
10M,1E-7,rand-30,50,12,mpest,true,0.043478260869565216,0.043478260869565216,
10M,1E-7,rand-30,50,12,mpest,raxml,0.13043478260869565,0.13043478260869565,
10M,1E-7,rand-30,50,12,svdquartets,true,0.21739130434782608,0.21739130434782608,
10M,1E-7,rand-30,50,12,astrid-ours,true,0.08695652173913043,0.08695652173913043,True
10M,1E-7,rand-30,50,12,astrid-ours,raxml,0.08695652173913043,0.08695652173913043,True
10M,1E-7,rand-30,50,13,astral,true,0.043478260869565216,0.043478260869565216,
10M,1E-7,rand-30,50,13,astral,raxml,0.13043478260869565,0.13043478260869565,
10M,1E-7,rand-30,50,13,astrid,true,0.043478260869565216,0.043478260869565216,
10M,1E-7,rand-30,50,13,astrid,raxml,0.21739130434782608,0.21739130434782608,
10M,1E-7,rand-30,50,13,mpest,true,0.043478260869565216,0.043478260869565216,
10M,1E-7,rand-30,50,13,mpest,raxml,0.2608695652173913,0.2608695652173913,
10M,1E-7,rand-30,50,13,svdquartets,true,0.21739130434782608,0.21739130434782608,
10M,1E-7,rand-30,50,13,astrid-ours,true,0.043478260869565216,0.043478260869565216,True
10M,1E-7,rand-30,50,13,astrid-ours,raxml,0.21739130434782608,0.21739130434782608,True
10M,1E-7,rand-30,50,14,astral,true,0.0,0.0,
10M,1E-7,rand-30,50,14,astral,raxml,0.08695652173913043,0.08695652173913043,
10M,1E-7,rand-30,50,14,astrid,true,0.0,0.0,
10M,1E-7,rand-30,50,14,astrid,raxml,0.17391304347826086,0.17391304347826086,
10M,1E-7,rand-30,50,14,mpest,true,0.0,0.0,
10M,1E-7,rand-30,50,14,mpest,raxml,0.17391304347826086,0.17391304347826086,
10M,1E-7,rand-30,50,14,svdquartets,true,0.08695652173913043,0.08695652173913043,
10M,1E-7,rand-30,50,14,astrid-ours,true,0.0,0.0,True
10M,1E-7,rand-30,50,14,astrid-ours,raxml,0.17391304347826086,0.17391304347826086,True
10M,1E-7,rand-30,50,15,astral,true,0.043478260869565216,0.043478260869565216,
10M,1E-7,rand-30,50,15,astral,raxml,0.21739130434782608,0.21739130434782608,
10M,1E-7,rand-30,50,15,astrid,true,0.043478260869565216,0.043478260869565216,
10M,1E-7,rand-30,50,15,astrid,raxml,0.2608695652173913,0.2608695652173913,
10M,1E-7,rand-30,50,15,mpest,true,0.043478260869565216,0.043478260869565216,
10M,1E-7,rand-30,50,15,mpest,raxml,0.30434782608695654,0.30434782608695654,
10M,1E-7,rand-30,50,15,svdquartets,true,0.5217391304347826,0.5217391304347826,
10M,1E-7,rand-30,50,15,astrid-ours,true,0.043478260869565216,0.043478260869565216,True
10M,1E-7,rand-30,50,15,astrid-ours,raxml,0.2608695652173913,0.2608695652173913,True
10M,1E-7,rand-30,50,16,astral,true,0.043478260869565216,0.043478260869565216,
10M,1E-7,rand-30,50,16,astral,raxml,0.0,0.0,
10M,1E-7,rand-30,50,16,astrid,true,0.043478260869565216,0.043478260869565216,
10M,1E-7,rand-30,50,16,astrid,raxml,0.043478260869565216,0.043478260869565216,
10M,1E-7,rand-30,50,16,mpest,true,0.043478260869565216,0.043478260869565216,
10M,1E-7,rand-30,50,16,mpest,raxml,0.08695652173913043,0.08695652173913043,
10M,1E-7,rand-30,50,16,svdquartets,true,0.13043478260869565,0.13043478260869565,
10M,1E-7,rand-30,50,16,astrid-ours,true,0.043478260869565216,0.043478260869565216,True
10M,1E-7,rand-30,50,16,astrid-ours,raxml,0.043478260869565216,0.043478260869565216,True
10M,1E-7,rand-30,50,17,astral,true,0.043478260869565216,0.043478260869565216,
10M,1E-7,rand-30,50,17,astral,raxml,0.30434782608695654,0.30434782608695654,
10M,1E-7,rand-30,50,17,astrid,true,0.0,0.0,
10M,1E-7,rand-30,50,17,astrid,raxml,0.2608695652173913,0.2608695652173913,
10M,1E-7,rand-30,50,17,mpest,true,0.043478260869565216,0.043478260869565216,
10M,1E-7,rand-30,50,17,mpest,raxml,0.30434782608695654,0.30434782608695654,
10M,1E-7,rand-30,50,17,svdquartets,true,0.43478260869565216,0.43478260869565216,
10M,1E-7,rand-30,50,17,astrid-ours,true,0.0,0.0,True
10M,1E-7,rand-30,50,17,astrid-ours,raxml,0.2608695652173913,0.2608695652173913,True
10M,1E-7,rand-30,50,18,astral,true,0.043478260869565216,0.043478260869565216,
10M,1E-7,rand-30,50,18,astral,raxml,0.13043478260869565,0.13043478260869565,
10M,1E-7,rand-30,50,18,astrid,true,0.0,0.0,
10M,1E-7,rand-30,50,18,astrid,raxml,0.13043478260869565,0.13043478260869565,
10M,1E-7,rand-30,50,18,mpest,true,0.0,0.0,
10M,1E-7,rand-30,50,18,mpest,raxml,0.08695652173913043,0.08695652173913043,
10M,1E-7,rand-30,50,18,svdquartets,true,0.2608695652173913,0.2608695652173913,
10M,1E-7,rand-30,50,18,astrid-ours,true,0.0,0.0,True
10M,1E-7,rand-30,50,18,astrid-ours,raxml,0.043478260869565216,0.043478260869565216,False
10M,1E-7,rand-30,50,19,astral,true,0.0,0.0,
10M,1E-7,rand-30,50,19,astral,raxml,0.21739130434782608,0.21739130434782608,
10M,1E-7,rand-30,50,19,astrid,true,0.0,0.0,
10M,1E-7,rand-30,50,19,astrid,raxml,0.13043478260869565,0.13043478260869565,
10M,1E-7,rand-30,50,19,mpest,true,0.043478260869565216,0.043478260869565216,
10M,1E-7,rand-30,50,19,mpest,raxml,0.17391304347826086,0.17391304347826086,
10M,1E-7,rand-30,50,19,svdquartets,true,0.5217391304347826,0.5217391304347826,
10M,1E-7,rand-30,50,19,astrid-ours,true,0.0,0.0,True
10M,1E-7,rand-30,50,19,astrid-ours,raxml,0.13043478260869565,0.13043478260869565,True
10M,1E-7,rand-30,50,20,astral,true,0.043478260869565216,0.043478260869565216,
10M,1E-7,rand-30,50,20,astral,raxml,0.08695652173913043,0.08695652173913043,
10M,1E-7,rand-30,50,20,astrid,true,0.043478260869565216,0.043478260869565216,
10M,1E-7,rand-30,50,20,astrid,raxml,0.13043478260869565,0.13043478260869565,
10M,1E-7,rand-30,50,20,mpest,true,0.043478260869565216,0.043478260869565216,
10M,1E-7,rand-30,50,20,mpest,raxml,0.2608695652173913,0.2608695652173913,
10M,1E-7,rand-30,50,20,svdquartets,true,0.17391304347826086,0.17391304347826086,
10M,1E-7,rand-30,50,20,astrid-ours,true,0.043478260869565216,0.043478260869565216,True
10M,1E-7,rand-30,50,20,astrid-ours,raxml,0.13043478260869565,0.13043478260869565,True
10M,1E-7,rand-30,200,1,astral,true,0.0,0.0,
10M,1E-7,rand-30,200,1,astral,raxml,0.08695652173913043,0.08695652173913043,
10M,1E-7,rand-30,200,1,astrid,true,0.0,0.0,
10M,1E-7,rand-30,200,1,astrid,raxml,0.08695652173913043,0.08695652173913043,
10M,1E-7,rand-30,200,1,mpest,true,0.0,0.0,
10M,1E-7,rand-30,200,1,mpest,raxml,0.0,0.0,
10M,1E-7,rand-30,200,1,svdquartets,true,0.13043478260869565,0.13043478260869565,
10M,1E-7,rand-30,200,1,astrid-ours,true,0.0,0.0,True
10M,1E-7,rand-30,200,1,astrid-ours,raxml,0.08695652173913043,0.08695652173913043,True
10M,1E-7,rand-30,200,2,astral,true,0.0,0.0,
10M,1E-7,rand-30,200,2,astral,raxml,0.34782608695652173,0.34782608695652173,
10M,1E-7,rand-30,200,2,astrid,true,0.0,0.0,
10M,1E-7,rand-30,200,2,astrid,raxml,0.2608695652173913,0.2608695652173913,
10M,1E-7,rand-30,200,2,mpest,true,0.0,0.0,
10M,1E-7,rand-30,200,2,mpest,raxml,0.34782608695652173,0.34782608695652173,
10M,1E-7,rand-30,200,2,svdquartets,true,0.21739130434782608,0.21739130434782608,
10M,1E-7,rand-30,200,2,astrid-ours,true,0.0,0.0,True
10M,1E-7,rand-30,200,2,astrid-ours,raxml,0.2608695652173913,0.2608695652173913,True
10M,1E-7,rand-30,200,3,astral,true,0.0,0.0,
10M,1E-7,rand-30,200,3,astral,raxml,0.08695652173913043,0.08695652173913043,
10M,1E-7,rand-30,200,3,astrid,true,0.0,0.0,
10M,1E-7,rand-30,200,3,astrid,raxml,0.08695652173913043,0.08695652173913043,
10M,1E-7,rand-30,200,3,mpest,true,0.0,0.0,
10M,1E-7,rand-30,200,3,mpest,raxml,0.043478260869565216,0.043478260869565216,
10M,1E-7,rand-30,200,3,svdquartets,true,0.13043478260869565,0.13043478260869565,
10M,1E-7,rand-30,200,3,astrid-ours,true,0.0,0.0,True
10M,1E-7,rand-30,200,3,astrid-ours,raxml,0.08695652173913043,0.08695652173913043,True
10M,1E-7,rand-30,200,4,astral,true,0.0,0.0,
10M,1E-7,rand-30,200,4,astral,raxml,0.043478260869565216,0.043478260869565216,
10M,1E-7,rand-30,200,4,astrid,true,0.043478260869565216,0.043478260869565216,
10M,1E-7,rand-30,200,4,astrid,raxml,0.0,0.0,
10M,1E-7,rand-30,200,4,mpest,true,0.0,0.0,
10M,1E-7,rand-30,200,4,mpest,raxml,0.043478260869565216,0.043478260869565216,
10M,1E-7,rand-30,200,4,svdquartets,true,0.08695652173913043,0.08695652173913043,
10M,1E-7,rand-30,200,4,astrid-ours,true,0.043478260869565216,0.043478260869565216,True
10M,1E-7,rand-30,200,4,astrid-ours,raxml,0.0,0.0,True
10M,1E-7,rand-30,200,5,astral,true,0.0,0.0,
10M,1E-7,rand-30,200,5,astral,raxml,0.13043478260869565,0.13043478260869565,
10M,1E-7,rand-30,200,5,astrid,true,0.0,0.0,
10M,1E-7,rand-30,200,5,astrid,raxml,0.043478260869565216,0.043478260869565216,
10M,1E-7,rand-30,200,5,mpest,true,0.0,0.0,
10M,1E-7,rand-30,200,5,mpest,raxml,0.043478260869565216,0.043478260869565216,
10M,1E-7,rand-30,200,5,svdquartets,true,0.2608695652173913,0.2608695652173913,
10M,1E-7,rand-30,200,5,astrid-ours,true,0.0,0.0,True
10M,1E-7,rand-30,200,5,astrid-ours,raxml,0.043478260869565216,0.043478260869565216,True
10M,1E-7,rand-30,200,6,astral,true,0.0,0.0,
10M,1E-7,rand-30,200,6,astral,raxml,0.0,0.0,
10M,1E-7,rand-30,200,6,astrid,true,0.0,0.0,
10M,1E-7,rand-30,200,6,astrid,raxml,0.0,0.0,
10M,1E-7,rand-30,200,6,mpest,true,0.0,0.0,
10M,1E-7,rand-30,200,6,mpest,raxml,0.043478260869565216,0.043478260869565216,
10M,1E-7,rand-30,200,6,svdquartets,true,0.43478260869565216,0.43478260869565216,
10M,1E-7,rand-30,200,6,astrid-ours,true,0.0,0.0,True
10M,1E-7,rand-30,200,6,astrid-ours,raxml,0.0,0.0,True
10M,1E-7,rand-30,200,7,astral,true,0.08695652173913043,0.08695652173913043,
10M,1E-7,rand-30,200,7,astral,raxml,0.17391304347826086,0.17391304347826086,
10M,1E-7,rand-30,200,7,astrid,true,0.08695652173913043,0.08695652173913043,
10M,1E-7,rand-30,200,7,astrid,raxml,0.13043478260869565,0.13043478260869565,
10M,1E-7,rand-30,200,7,mpest,true,0.08695652173913043,0.08695652173913043,
10M,1E-7,rand-30,200,7,mpest,raxml,0.21739130434782608,0.21739130434782608,
10M,1E-7,rand-30,200,7,svdquartets,true,0.30434782608695654,0.30434782608695654,
10M,1E-7,rand-30,200,7,astrid-ours,true,0.08695652173913043,0.08695652173913043,True
10M,1E-7,rand-30,200,7,astrid-ours,raxml,0.13043478260869565,0.13043478260869565,True
10M,1E-7,rand-30,200,8,astral,true,0.043478260869565216,0.043478260869565216,
10M,1E-7,rand-30,200,8,astral,raxml,0.0,0.0,
10M,1E-7,rand-30,200,8,astrid,true,0.043478260869565216,0.043478260869565216,
10M,1E-7,rand-30,200,8,astrid,raxml,0.043478260869565216,0.043478260869565216,
10M,1E-7,rand-30,200,8,mpest,true,0.043478260869565216,0.043478260869565216,
10M,1E-7,rand-30,200,8,mpest,raxml,0.08695652173913043,0.08695652173913043,
10M,1E-7,rand-30,200,8,svdquartets,true,0.08695652173913043,0.08695652173913043,
10M,1E-7,rand-30,200,8,astrid-ours,true,0.043478260869565216,0.043478260869565216,True
10M,1E-7,rand-30,200,8,astrid-ours,raxml,0.043478260869565216,0.043478260869565216,True
10M,1E-7,rand-30,200,9,astral,true,0.0,0.0,
10M,1E-7,rand-30,200,9,astral,raxml,0.17391304347826086,0.17391304347826086,
10M,1E-7,rand-30,200,9,astrid,true,0.0,0.0,
10M,1E-7,rand-30,200,9,astrid,raxml,0.13043478260869565,0.13043478260869565,
10M,1E-7,rand-30,200,9,mpest,true,0.0,0.0,
10M,1E-7,rand-30,200,9,mpest,raxml,0.391304347826087,0.391304347826087,
10M,1E-7,rand-30,200,9,svdquartets,true,0.6086956521739131,0.6086956521739131,
10M,1E-7,rand-30,200,9,astrid-ours,true,0.0,0.0,True
10M,1E-7,rand-30,200,9,astrid-ours,raxml,0.13043478260869565,0.13043478260869565,True
10M,1E-7,rand-30,200,10,astral,true,0.0,0.0,
10M,1E-7,rand-30,200,10,astral,raxml,0.0,0.0,
10M,1E-7,rand-30,200,10,astrid,true,0.0,0.0,
10M,1E-7,rand-30,200,10,astrid,raxml,0.0,0.0,
10M,1E-7,rand-30,200,10,mpest,true,0.0,0.0,
10M,1E-7,rand-30,200,10,mpest,raxml,0.08695652173913043,0.08695652173913043,
10M,1E-7,rand-30,200,10,svdquartets,true,0.043478260869565216,0.043478260869565216,
10M,1E-7,rand-30,200,10,astrid-ours,true,0.0,0.0,True
10M,1E-7,rand-30,200,10,astrid-ours,raxml,0.0,0.0,True
10M,1E-7,rand-30,200,11,astral,true,0.0,0.0,
10M,1E-7,rand-30,200,11,astral,raxml,0.0,0.0,
10M,1E-7,rand-30,200,11,astrid,true,0.0,0.0,
10M,1E-7,rand-30,200,11,astrid,raxml,0.043478260869565216,0.043478260869565216,
10M,1E-7,rand-30,200,11,mpest,true,0.0,0.0,
10M,1E-7,rand-30,200,11,mpest,raxml,0.043478260869565216,0.043478260869565216,
10M,1E-7,rand-30,200,11,svdquartets,true,0.043478260869565216,0.043478260869565216,
10M,1E-7,rand-30,200,11,astrid-ours,true,0.0,0.0,True
10M,1E-7,rand-30,200,11,astrid-ours,raxml,0.043478260869565216,0.043478260869565216,True
10M,1E-7,rand-30,200,12,astral,true,0.0,0.0,
10M,1E-7,rand-30,200,12,astral,raxml,0.08695652173913043,0.08695652173913043,
10M,1E-7,rand-30,200,12,astrid,true,0.0,0.0,
10M,1E-7,rand-30,200,12,astrid,raxml,0.0,0.0,
10M,1E-7,rand-30,200,12,mpest,true,0.0,0.0,
10M,1E-7,rand-30,200,12,mpest,raxml,0.08695652173913043,0.08695652173913043,
10M,1E-7,rand-30,200,12,svdquartets,true,0.17391304347826086,0.17391304347826086,
10M,1E-7,rand-30,200,12,astrid-ours,true,0.0,0.0,True
10M,1E-7,rand-30,200,12,astrid-ours,raxml,0.0,0.0,True
10M,1E-7,rand-30,200,13,astral,true,0.0,0.0,
10M,1E-7,rand-30,200,13,astral,raxml,0.08695652173913043,0.08695652173913043,
10M,1E-7,rand-30,200,13,astrid,true,0.0,0.0,
10M,1E-7,rand-30,200,13,astrid,raxml,0.13043478260869565,0.13043478260869565,
10M,1E-7,rand-30,200,13,mpest,true,0.0,0.0,
10M,1E-7,rand-30,200,13,mpest,raxml,0.13043478260869565,0.13043478260869565,
10M,1E-7,rand-30,200,13,svdquartets,true,0.21739130434782608,0.21739130434782608,
10M,1E-7,rand-30,200,13,astrid-ours,true,0.0,0.0,True
10M,1E-7,rand-30,200,13,astrid-ours,raxml,0.13043478260869565,0.13043478260869565,True
10M,1E-7,rand-30,200,14,astral,true,0.043478260869565216,0.043478260869565216,
10M,1E-7,rand-30,200,14,astral,raxml,0.043478260869565216,0.043478260869565216,
10M,1E-7,rand-30,200,14,astrid,true,0.043478260869565216,0.043478260869565216,
10M,1E-7,rand-30,200,14,astrid,raxml,0.13043478260869565,0.13043478260869565,
10M,1E-7,rand-30,200,14,mpest,true,0.043478260869565216,0.043478260869565216,
10M,1E-7,rand-30,200,14,mpest,raxml,0.08695652173913043,0.08695652173913043,
10M,1E-7,rand-30,200,14,svdquartets,true,0.13043478260869565,0.13043478260869565,
10M,1E-7,rand-30,200,14,astrid-ours,true,0.043478260869565216,0.043478260869565216,True
10M,1E-7,rand-30,200,14,astrid-ours,raxml,0.13043478260869565,0.13043478260869565,True
10M,1E-7,rand-30,200,15,astral,true,0.0,0.0,
10M,1E-7,rand-30,200,15,astral,raxml,0.13043478260869565,0.13043478260869565,
10M,1E-7,rand-30,200,15,astrid,true,0.0,0.0,
10M,1E-7,rand-30,200,15,astrid,raxml,0.13043478260869565,0.13043478260869565,
10M,1E-7,rand-30,200,15,mpest,true,0.0,0.0,
10M,1E-7,rand-30,200,15,mpest,raxml,0.17391304347826086,0.17391304347826086,
10M,1E-7,rand-30,200,15,svdquartets,true,0.34782608695652173,0.34782608695652173,
10M,1E-7,rand-30,200,15,astrid-ours,true,0.0,0.0,True
10M,1E-7,rand-30,200,15,astrid-ours,raxml,0.13043478260869565,0.13043478260869565,True
10M,1E-7,rand-30,200,16,astral,true,0.0,0.0,
10M,1E-7,rand-30,200,16,astral,raxml,0.0,0.0,
10M,1E-7,rand-30,200,16,astrid,true,0.0,0.0,
10M,1E-7,rand-30,200,16,astrid,raxml,0.043478260869565216,0.043478260869565216,
10M,1E-7,rand-30,200,16,mpest,true,0.0,0.0,
10M,1E-7,rand-30,200,16,mpest,raxml,0.08695652173913043,0.08695652173913043,
10M,1E-7,rand-30,200,16,svdquartets,true,0.043478260869565216,0.043478260869565216,
10M,1E-7,rand-30,200,16,astrid-ours,true,0.0,0.0,True
10M,1E-7,rand-30,200,16,astrid-ours,raxml,0.043478260869565216,0.043478260869565216,True
10M,1E-7,rand-30,200,17,astral,true,0.043478260869565216,0.043478260869565216,
10M,1E-7,rand-30,200,17,astral,raxml,0.13043478260869565,0.13043478260869565,
10M,1E-7,rand-30,200,17,astrid,true,0.0,0.0,
10M,1E-7,rand-30,200,17,astrid,raxml,0.13043478260869565,0.13043478260869565,
10M,1E-7,rand-30,200,17,mpest,true,0.043478260869565216,0.043478260869565216,
10M,1E-7,rand-30,200,17,mpest,raxml,0.21739130434782608,0.21739130434782608,
10M,1E-7,rand-30,200,17,svdquartets,true,0.2608695652173913,0.2608695652173913,
10M,1E-7,rand-30,200,17,astrid-ours,true,0.0,0.0,True
10M,1E-7,rand-30,200,17,astrid-ours,raxml,0.13043478260869565,0.13043478260869565,True
10M,1E-7,rand-30,200,18,astral,true,0.0,0.0,
10M,1E-7,rand-30,200,18,astral,raxml,0.0,0.0,
10M,1E-7,rand-30,200,18,astrid,true,0.0,0.0,
10M,1E-7,rand-30,200,18,astrid,raxml,0.043478260869565216,0.043478260869565216,
10M,1E-7,rand-30,200,18,mpest,true,0.0,0.0,
10M,1E-7,rand-30,200,18,mpest,raxml,0.0,0.0,
10M,1E-7,rand-30,200,18,svdquartets,true,0.13043478260869565,0.13043478260869565,
10M,1E-7,rand-30,200,18,astrid-ours,true,0.0,0.0,True
10M,1E-7,rand-30,200,18,astrid-ours,raxml,0.043478260869565216,0.043478260869565216,True
10M,1E-7,rand-30,200,19,astral,true,0.0,0.0,
10M,1E-7,rand-30,200,19,astral,raxml,0.17391304347826086,0.17391304347826086,
10M,1E-7,rand-30,200,19,astrid,true,0.043478260869565216,0.043478260869565216,
10M,1E-7,rand-30,200,19,astrid,raxml,0.17391304347826086,0.17391304347826086,
10M,1E-7,rand-30,200,19,mpest,true,0.043478260869565216,0.043478260869565216,
10M,1E-7,rand-30,200,19,mpest,raxml,0.13043478260869565,0.13043478260869565,
10M,1E-7,rand-30,200,19,svdquartets,true,0.30434782608695654,0.30434782608695654,
10M,1E-7,rand-30,200,19,astrid-ours,true,0.043478260869565216,0.043478260869565216,True
10M,1E-7,rand-30,200,19,astrid-ours,raxml,0.17391304347826086,0.17391304347826086,True
10M,1E-7,rand-30,200,20,astral,true,0.0,0.0,
10M,1E-7,rand-30,200,20,astral,raxml,0.043478260869565216,0.043478260869565216,
10M,1E-7,rand-30,200,20,astrid,true,0.0,0.0,
10M,1E-7,rand-30,200,20,astrid,raxml,0.0,0.0,
10M,1E-7,rand-30,200,20,mpest,true,0.0,0.0,
10M,1E-7,rand-30,200,20,mpest,raxml,0.21739130434782608,0.21739130434782608,
10M,1E-7,rand-30,200,20,svdquartets,true,0.2608695652173913,0.2608695652173913,
10M,1E-7,rand-30,200,20,astrid-ours,true,0.0,0.0,True
10M,1E-7,rand-30,200,20,astrid-ours,raxml,0.0,0.0,True
10M,1E-7,rand-30,1000,1,astral,true,0.0,0.0,
10M,1E-7,rand-30,1000,1,astral,raxml,0.043478260869565216,0.043478260869565216,
10M,1E-7,rand-30,1000,1,astrid,true,0.0,0.0,
10M,1E-7,rand-30,1000,1,astrid,raxml,0.0,0.0,
10M,1E-7,rand-30,1000,1,mpest,true,0.0,0.0,
10M,1E-7,rand-30,1000,1,mpest,raxml,0.0,0.0,
10M,1E-7,rand-30,1000,1,svdquartets,true,0.043478260869565216,0.043478260869565216,
10M,1E-7,rand-30,1000,1,astrid-ours,true,0.0,0.0,True
10M,1E-7,rand-30,1000,1,astrid-ours,raxml,0.0,0.0,True
10M,1E-7,rand-30,1000,2,astral,true,0.0,0.0,
10M,1E-7,rand-30,1000,2,astral,raxml,0.13043478260869565,0.13043478260869565,
10M,1E-7,rand-30,1000,2,astrid,true,0.0,0.0,
10M,1E-7,rand-30,1000,2,astrid,raxml,0.21739130434782608,0.21739130434782608,
10M,1E-7,rand-30,1000,2,mpest,true,0.0,0.0,
10M,1E-7,rand-30,1000,2,mpest,raxml,0.34782608695652173,0.34782608695652173,
10M,1E-7,rand-30,1000,2,svdquartets,true,0.17391304347826086,0.17391304347826086,
10M,1E-7,rand-30,1000,2,astrid-ours,true,0.0,0.0,True
10M,1E-7,rand-30,1000,2,astrid-ours,raxml,0.17391304347826086,0.17391304347826086,False
10M,1E-7,rand-30,1000,3,astral,true,0.0,0.0,
10M,1E-7,rand-30,1000,3,astral,raxml,0.043478260869565216,0.043478260869565216,
10M,1E-7,rand-30,1000,3,astrid,true,0.0,0.0,
10M,1E-7,rand-30,1000,3,astrid,raxml,0.043478260869565216,0.043478260869565216,
10M,1E-7,rand-30,1000,3,mpest,true,0.0,0.0,
10M,1E-7,rand-30,1000,3,mpest,raxml,0.043478260869565216,0.043478260869565216,
10M,1E-7,rand-30,1000,3,svdquartets,true,0.13043478260869565,0.13043478260869565,
10M,1E-7,rand-30,1000,3,astrid-ours,true,0.0,0.0,True
10M,1E-7,rand-30,1000,3,astrid-ours,raxml,0.043478260869565216,0.043478260869565216,True
10M,1E-7,rand-30,1000,4,astral,true,0.0,0.0,
10M,1E-7,rand-30,1000,4,astral,raxml,0.0,0.0,
10M,1E-7,rand-30,1000,4,astrid,true,0.0,0.0,
10M,1E-7,rand-30,1000,4,astrid,raxml,0.0,0.0,
10M,1E-7,rand-30,1000,4,mpest,true,0.0,0.0,
10M,1E-7,rand-30,1000,4,mpest,raxml,0.043478260869565216,0.043478260869565216,
10M,1E-7,rand-30,1000,4,svdquartets,true,0.0,0.0,
10M,1E-7,rand-30,1000,4,astrid-ours,true,0.0,0.0,True
10M,1E-7,rand-30,1000,4,astrid-ours,raxml,0.0,0.0,True
10M,1E-7,rand-30,1000,5,astral,true,0.0,0.0,
10M,1E-7,rand-30,1000,5,astral,raxml,0.0,0.0,
10M,1E-7,rand-30,1000,5,astrid,true,0.0,0.0,
10M,1E-7,rand-30,1000,5,astrid,raxml,0.043478260869565216,0.043478260869565216,
10M,1E-7,rand-30,1000,5,mpest,true,0.0,0.0,
10M,1E-7,rand-30,1000,5,mpest,raxml,0.043478260869565216,0.043478260869565216,
10M,1E-7,rand-30,1000,5,svdquartets,true,0.08695652173913043,0.08695652173913043,
10M,1E-7,rand-30,1000,5,astrid-ours,true,0.0,0.0,True
10M,1E-7,rand-30,1000,5,astrid-ours,raxml,0.043478260869565216,0.043478260869565216,True
10M,1E-7,rand-30,1000,6,astral,true,0.0,0.0,
10M,1E-7,rand-30,1000,6,astral,raxml,0.0,0.0,
10M,1E-7,rand-30,1000,6,astrid,true,0.0,0.0,
10M,1E-7,rand-30,1000,6,astrid,raxml,0.0,0.0,
10M,1E-7,rand-30,1000,6,mpest,true,0.0,0.0,
10M,1E-7,rand-30,1000,6,mpest,raxml,0.0,0.0,
10M,1E-7,rand-30,1000,6,svdquartets,true,0.30434782608695654,0.30434782608695654,
10M,1E-7,rand-30,1000,6,astrid-ours,true,0.0,0.0,True
10M,1E-7,rand-30,1000,6,astrid-ours,raxml,0.0,0.0,True
10M,1E-7,rand-30,1000,7,astral,true,0.0,0.0,
10M,1E-7,rand-30,1000,7,astral,raxml,0.08695652173913043,0.08695652173913043,
10M,1E-7,rand-30,1000,7,astrid,true,0.0,0.0,
10M,1E-7,rand-30,1000,7,astrid,raxml,0.043478260869565216,0.043478260869565216,
10M,1E-7,rand-30,1000,7,mpest,true,0.0,0.0,
10M,1E-7,rand-30,1000,7,mpest,raxml,0.17391304347826086,0.17391304347826086,
10M,1E-7,rand-30,1000,7,svdquartets,true,0.2608695652173913,0.2608695652173913,
10M,1E-7,rand-30,1000,7,astrid-ours,true,0.0,0.0,True
10M,1E-7,rand-30,1000,7,astrid-ours,raxml,0.043478260869565216,0.043478260869565216,True
10M,1E-7,rand-30,1000,8,astral,true,0.0,0.0,
10M,1E-7,rand-30,1000,8,astral,raxml,0.043478260869565216,0.043478260869565216,
10M,1E-7,rand-30,1000,8,astrid,true,0.0,0.0,
10M,1E-7,rand-30,1000,8,astrid,raxml,0.043478260869565216,0.043478260869565216,
10M,1E-7,rand-30,1000,8,mpest,true,0.0,0.0,
10M,1E-7,rand-30,1000,8,mpest,raxml,0.043478260869565216,0.043478260869565216,
10M,1E-7,rand-30,1000,8,svdquartets,true,0.0,0.0,
10M,1E-7,rand-30,1000,8,astrid-ours,true,0.0,0.0,True
10M,1E-7,rand-30,1000,8,astrid-ours,raxml,0.043478260869565216,0.043478260869565216,True
10M,1E-7,rand-30,1000,9,astral,true,0.0,0.0,
10M,1E-7,rand-30,1000,9,astral,raxml,0.13043478260869565,0.13043478260869565,
10M,1E-7,rand-30,1000,9,astrid,true,0.0,0.0,
10M,1E-7,rand-30,1000,9,astrid,raxml,0.17391304347826086,0.17391304347826086,
10M,1E-7,rand-30,1000,9,mpest,true,0.0,0.0,
10M,1E-7,rand-30,1000,9,mpest,raxml,0.21739130434782608,0.21739130434782608,
10M,1E-7,rand-30,1000,9,svdquartets,true,0.391304347826087,0.391304347826087,
10M,1E-7,rand-30,1000,9,astrid-ours,true,0.0,0.0,True
10M,1E-7,rand-30,1000,9,astrid-ours,raxml,0.17391304347826086,0.17391304347826086,True
10M,1E-7,rand-30,1000,10,astral,true,0.0,0.0,
10M,1E-7,rand-30,1000,10,astral,raxml,0.0,0.0,
10M,1E-7,rand-30,1000,10,astrid,true,0.0,0.0,
10M,1E-7,rand-30,1000,10,astrid,raxml,0.0,0.0,
10M,1E-7,rand-30,1000,10,mpest,true,0.0,0.0,
10M,1E-7,rand-30,1000,10,mpest,raxml,0.043478260869565216,0.043478260869565216,
10M,1E-7,rand-30,1000,10,svdquartets,true,0.08695652173913043,0.08695652173913043,
10M,1E-7,rand-30,1000,10,astrid-ours,true,0.0,0.0,True
10M,1E-7,rand-30,1000,10,astrid-ours,raxml,0.0,0.0,True
10M,1E-7,rand-30,1000,11,astral,true,0.0,0.0,
10M,1E-7,rand-30,1000,11,astral,raxml,0.0,0.0,
10M,1E-7,rand-30,1000,11,astrid,true,0.0,0.0,
10M,1E-7,rand-30,1000,11,astrid,raxml,0.043478260869565216,0.043478260869565216,
10M,1E-7,rand-30,1000,11,mpest,true,0.0,0.0,
10M,1E-7,rand-30,1000,11,mpest,raxml,0.043478260869565216,0.043478260869565216,
10M,1E-7,rand-30,1000,11,svdquartets,true,0.043478260869565216,0.043478260869565216,
10M,1E-7,rand-30,1000,11,astrid-ours,true,0.0,0.0,True
10M,1E-7,rand-30,1000,11,astrid-ours,raxml,0.043478260869565216,0.043478260869565216,True
10M,1E-7,rand-30,1000,12,astral,true,0.043478260869565216,0.043478260869565216,
10M,1E-7,rand-30,1000,12,astral,raxml,0.043478260869565216,0.043478260869565216,
10M,1E-7,rand-30,1000,12,astrid,true,0.043478260869565216,0.043478260869565216,
10M,1E-7,rand-30,1000,12,astrid,raxml,0.0,0.0,
10M,1E-7,rand-30,1000,12,mpest,true,0.0,0.0,
10M,1E-7,rand-30,1000,12,mpest,raxml,0.08695652173913043,0.08695652173913043,
10M,1E-7,rand-30,1000,12,svdquartets,true,0.13043478260869565,0.13043478260869565,
10M,1E-7,rand-30,1000,12,astrid-ours,true,0.043478260869565216,0.043478260869565216,True
10M,1E-7,rand-30,1000,12,astrid-ours,raxml,0.0,0.0,True
10M,1E-7,rand-30,1000,13,astral,true,0.0,0.0,
10M,1E-7,rand-30,1000,13,astral,raxml,0.043478260869565216,0.043478260869565216,
10M,1E-7,rand-30,1000,13,astrid,true,0.0,0.0,
10M,1E-7,rand-30,1000,13,astrid,raxml,0.043478260869565216,0.043478260869565216,
10M,1E-7,rand-30,1000,13,mpest,true,0.0,0.0,
10M,1E-7,rand-30,1000,13,mpest,raxml,0.08695652173913043,0.08695652173913043,
10M,1E-7,rand-30,1000,13,svdquartets,true,0.13043478260869565,0.13043478260869565,
10M,1E-7,rand-30,1000,13,astrid-ours,true,0.0,0.0,True
10M,1E-7,rand-30,1000,13,astrid-ours,raxml,0.043478260869565216,0.043478260869565216,True
10M,1E-7,rand-30,1000,14,astral,true,0.0,0.0,
10M,1E-7,rand-30,1000,14,astral,raxml,0.043478260869565216,0.043478260869565216,
10M,1E-7,rand-30,1000,14,astrid,true,0.0,0.0,
10M,1E-7,rand-30,1000,14,astrid,raxml,0.043478260869565216,0.043478260869565216,
10M,1E-7,rand-30,1000,14,mpest,true,0.0,0.0,
10M,1E-7,rand-30,1000,14,mpest,raxml,0.17391304347826086,0.17391304347826086,
10M,1E-7,rand-30,1000,14,svdquartets,true,0.0,0.0,
10M,1E-7,rand-30,1000,14,astrid-ours,true,0.0,0.0,True
10M,1E-7,rand-30,1000,14,astrid-ours,raxml,0.043478260869565216,0.043478260869565216,True
10M,1E-7,rand-30,1000,15,astral,true,0.0,0.0,
10M,1E-7,rand-30,1000,15,astral,raxml,0.13043478260869565,0.13043478260869565,
10M,1E-7,rand-30,1000,15,astrid,true,0.0,0.0,
10M,1E-7,rand-30,1000,15,astrid,raxml,0.043478260869565216,0.043478260869565216,
10M,1E-7,rand-30,1000,15,mpest,true,0.0,0.0,
10M,1E-7,rand-30,1000,15,mpest,raxml,0.17391304347826086,0.17391304347826086,
10M,1E-7,rand-30,1000,15,svdquartets,true,0.17391304347826086,0.17391304347826086,
10M,1E-7,rand-30,1000,15,astrid-ours,true,0.0,0.0,True
10M,1E-7,rand-30,1000,15,astrid-ours,raxml,0.08695652173913043,0.08695652173913043,False
10M,1E-7,rand-30,1000,16,astral,true,0.0,0.0,
10M,1E-7,rand-30,1000,16,astral,raxml,0.0,0.0,
10M,1E-7,rand-30,1000,16,astrid,true,0.0,0.0,
10M,1E-7,rand-30,1000,16,astrid,raxml,0.0,0.0,
10M,1E-7,rand-30,1000,16,mpest,true,0.0,0.0,
10M,1E-7,rand-30,1000,16,mpest,raxml,0.0,0.0,
10M,1E-7,rand-30,1000,16,svdquartets,true,0.08695652173913043,0.08695652173913043,
10M,1E-7,rand-30,1000,16,astrid-ours,true,0.0,0.0,True
10M,1E-7,rand-30,1000,16,astrid-ours,raxml,0.0,0.0,True
10M,1E-7,rand-30,1000,17,astral,true,0.0,0.0,
10M,1E-7,rand-30,1000,17,astral,raxml,0.17391304347826086,0.17391304347826086,
10M,1E-7,rand-30,1000,17,astrid,true,0.0,0.0,
10M,1E-7,rand-30,1000,17,astrid,raxml,0.13043478260869565,0.13043478260869565,
10M,1E-7,rand-30,1000,17,mpest,true,0.0,0.0,
10M,1E-7,rand-30,1000,17,mpest,raxml,0.17391304347826086,0.17391304347826086,
10M,1E-7,rand-30,1000,17,svdquartets,true,0.21739130434782608,0.21739130434782608,
10M,1E-7,rand-30,1000,17,astrid-ours,true,0.0,0.0,True
10M,1E-7,rand-30,1000,17,astrid-ours,raxml,0.13043478260869565,0.13043478260869565,True
10M,1E-7,rand-30,1000,18,astral,true,0.043478260869565216,0.043478260869565216,
10M,1E-7,rand-30,1000,18,astral,raxml,0.043478260869565216,0.043478260869565216,
10M,1E-7,rand-30,1000,18,astrid,true,0.043478260869565216,0.043478260869565216,
10M,1E-7,rand-30,1000,18,astrid,raxml,0.043478260869565216,0.043478260869565216,
10M,1E-7,rand-30,1000,18,mpest,true,0.043478260869565216,0.043478260869565216,
10M,1E-7,rand-30,1000,18,mpest,raxml,0.043478260869565216,0.043478260869565216,
10M,1E-7,rand-30,1000,18,svdquartets,true,0.043478260869565216,0.043478260869565216,
10M,1E-7,rand-30,1000,18,astrid-ours,true,0.043478260869565216,0.043478260869565216,True
10M,1E-7,rand-30,1000,18,astrid-ours,raxml,0.043478260869565216,0.043478260869565216,True
10M,1E-7,rand-30,1000,19,astral,true,0.0,0.0,
10M,1E-7,rand-30,1000,19,astral,raxml,0.08695652173913043,0.08695652173913043,
10M,1E-7,rand-30,1000,19,astrid,true,0.0,0.0,
10M,1E-7,rand-30,1000,19,astrid,raxml,0.08695652173913043,0.08695652173913043,
10M,1E-7,rand-30,1000,19,mpest,true,0.0,0.0,
10M,1E-7,rand-30,1000,19,mpest,raxml,0.13043478260869565,0.13043478260869565,
10M,1E-7,rand-30,1000,19,svdquartets,true,0.17391304347826086,0.17391304347826086,
10M,1E-7,rand-30,1000,19,astrid-ours,true,0.0,0.0,True
10M,1E-7,rand-30,1000,19,astrid-ours,raxml,0.08695652173913043,0.08695652173913043,True
10M,1E-7,rand-30,1000,20,astral,true,0.0,0.0,
10M,1E-7,rand-30,1000,20,astral,raxml,0.043478260869565216,0.043478260869565216,
10M,1E-7,rand-30,1000,20,astrid,true,0.0,0.0,
10M,1E-7,rand-30,1000,20,astrid,raxml,0.08695652173913043,0.08695652173913043,
10M,1E-7,rand-30,1000,20,mpest,true,0.0,0.0,
10M,1E-7,rand-30,1000,20,mpest,raxml,0.17391304347826086,0.17391304347826086,
10M,1E-7,rand-30,1000,20,svdquartets,true,0.08695652173913043,0.08695652173913043,
10M,1E-7,rand-30,1000,20,astrid-ours,true,0.0,0.0,True
10M,1E-7,rand-30,1000,20,astrid-ours,raxml,0.08695652173913043,0.08695652173913043,True
10M,1E-7,rand-60,50,1,astral,true,0.13043478260869565,0.13043478260869565,
10M,1E-7,rand-60,50,1,astral,raxml,0.2608695652173913,0.2608695652173913,
10M,1E-7,rand-60,50,1,astrid,true,0.08695652173913043,0.08695652173913043,
10M,1E-7,rand-60,50,1,astrid,raxml,0.2608695652173913,0.2608695652173913,
10M,1E-7,rand-60,50,1,mpest,true,0.13043478260869565,0.13043478260869565,
10M,1E-7,rand-60,50,1,mpest,raxml,0.17391304347826086,0.17391304347826086,
10M,1E-7,rand-60,50,1,svdquartets,true,0.30434782608695654,0.30434782608695654,
10M,1E-7,rand-60,50,1,astrid-ours,true,0.08695652173913043,0.08695652173913043,True
10M,1E-7,rand-60,50,1,astrid-ours,raxml,0.2608695652173913,0.2608695652173913,True
10M,1E-7,rand-60,50,2,astral,true,0.043478260869565216,0.043478260869565216,
10M,1E-7,rand-60,50,2,astral,raxml,0.391304347826087,0.391304347826087,
10M,1E-7,rand-60,50,2,astrid,true,0.043478260869565216,0.043478260869565216,
10M,1E-7,rand-60,50,2,astrid,raxml,0.5652173913043478,0.5652173913043478,
10M,1E-7,rand-60,50,2,mpest,true,0.0,0.0,
10M,1E-7,rand-60,50,2,mpest,raxml,0.6521739130434783,0.6521739130434783,
10M,1E-7,rand-60,50,2,svdquartets,true,0.782608695652174,0.4782608695652174,
10M,1E-7,rand-60,50,2,astrid-ours,true,0.043478260869565216,0.043478260869565216,True
10M,1E-7,rand-60,50,2,astrid-ours,raxml,0.5652173913043478,0.5652173913043478,True
10M,1E-7,rand-60,50,3,astral,true,0.08695652173913043,0.08695652173913043,
10M,1E-7,rand-60,50,3,astral,raxml,0.17391304347826086,0.17391304347826086,
10M,1E-7,rand-60,50,3,astrid,true,0.08695652173913043,0.08695652173913043,
10M,1E-7,rand-60,50,3,astrid,raxml,0.21739130434782608,0.21739130434782608,
10M,1E-7,rand-60,50,3,mpest,true,0.08695652173913043,0.08695652173913043,
10M,1E-7,rand-60,50,3,mpest,raxml,0.30434782608695654,0.30434782608695654,
10M,1E-7,rand-60,50,3,svdquartets,true,0.5652173913043478,0.5652173913043478,
10M,1E-7,rand-60,50,3,astrid-ours,true,0.08695652173913043,0.08695652173913043,True
10M,1E-7,rand-60,50,3,astrid-ours,raxml,0.21739130434782608,0.21739130434782608,True
10M,1E-7,rand-60,50,4,astral,true,0.08695652173913043,0.08695652173913043,
10M,1E-7,rand-60,50,4,astral,raxml,0.391304347826087,0.391304347826087,
10M,1E-7,rand-60,50,4,astrid,true,0.08695652173913043,0.08695652173913043,
10M,1E-7,rand-60,50,4,astrid,raxml,0.34782608695652173,0.34782608695652173,
10M,1E-7,rand-60,50,4,mpest,true,0.08695652173913043,0.08695652173913043,
10M,1E-7,rand-60,50,4,mpest,raxml,0.4782608695652174,0.4782608695652174,
10M,1E-7,rand-60,50,4,svdquartets,true,0.391304347826087,0.34782608695652173,
10M,1E-7,rand-60,50,4,astrid-ours,true,0.08695652173913043,0.08695652173913043,True
10M,1E-7,rand-60,50,4,astrid-ours,raxml,0.34782608695652173,0.34782608695652173,True
10M,1E-7,rand-60,50,5,astral,true,0.13043478260869565,0.13043478260869565,
10M,1E-7,rand-60,50,5,astral,raxml,0.43478260869565216,0.43478260869565216,
10M,1E-7,rand-60,50,5,astrid,true,0.0,0.0,
10M,1E-7,rand-60,50,5,astrid,raxml,0.6086956521739131,0.6086956521739131,
10M,1E-7,rand-60,50,5,mpest,true,0.08695652173913043,0.08695652173913043,
10M,1E-7,rand-60,50,5,mpest,raxml,0.5652173913043478,0.5652173913043478,
10M,1E-7,rand-60,50,5,svdquartets,true,0.6956521739130435,0.6956521739130435,
10M,1E-7,rand-60,50,5,astrid-ours,true,0.0,0.0,True
10M,1E-7,rand-60,50,5,astrid-ours,raxml,0.6086956521739131,0.6086956521739131,True
10M,1E-7,rand-60,50,6,astral,true,0.043478260869565216,0.043478260869565216,
10M,1E-7,rand-60,50,6,astral,raxml,0.5217391304347826,0.5217391304347826,
10M,1E-7,rand-60,50,6,astrid,true,0.43478260869565216,0.43478260869565216,
10M,1E-7,rand-60,50,6,astrid,raxml,0.5652173913043478,0.5652173913043478,
10M,1E-7,rand-60,50,6,mpest,true,0.043478260869565216,0.043478260869565216,
10M,1E-7,rand-60,50,6,mpest,raxml,0.5652173913043478,0.5652173913043478,
10M,1E-7,rand-60,50,6,svdquartets,true,0.6956521739130435,0.6956521739130435,
10M,1E-7,rand-60,50,6,astrid-ours,true,0.08695652173913043,0.08695652173913043,False
10M,1E-7,rand-60,50,6,astrid-ours,raxml,0.5217391304347826,0.5217391304347826,False
10M,1E-7,rand-60,50,7,astral,true,0.08695652173913043,0.08695652173913043,
10M,1E-7,rand-60,50,7,astral,raxml,0.34782608695652173,0.34782608695652173,
10M,1E-7,rand-60,50,7,astrid,true,0.13043478260869565,0.13043478260869565,
10M,1E-7,rand-60,50,7,astrid,raxml,0.34782608695652173,0.34782608695652173,
10M,1E-7,rand-60,50,7,mpest,true,0.08695652173913043,0.08695652173913043,
10M,1E-7,rand-60,50,7,mpest,raxml,0.30434782608695654,0.30434782608695654,
10M,1E-7,rand-60,50,7,svdquartets,true,0.34782608695652173,0.34782608695652173,
10M,1E-7,rand-60,50,7,astrid-ours,true,0.13043478260869565,0.13043478260869565,True
10M,1E-7,rand-60,50,7,astrid-ours,raxml,0.34782608695652173,0.34782608695652173,False
10M,1E-7,rand-60,50,8,astral,true,0.043478260869565216,0.043478260869565216,
10M,1E-7,rand-60,50,8,astral,raxml,0.30434782608695654,0.30434782608695654,
10M,1E-7,rand-60,50,8,astrid,true,0.08695652173913043,0.08695652173913043,
10M,1E-7,rand-60,50,8,astrid,raxml,0.30434782608695654,0.30434782608695654,
10M,1E-7,rand-60,50,8,mpest,true,0.08695652173913043,0.08695652173913043,
10M,1E-7,rand-60,50,8,mpest,raxml,0.2608695652173913,0.2608695652173913,
10M,1E-7,rand-60,50,8,svdquartets,true,0.5652173913043478,0.5652173913043478,
10M,1E-7,rand-60,50,8,astrid-ours,true,0.08695652173913043,0.08695652173913043,True
10M,1E-7,rand-60,50,8,astrid-ours,raxml,0.34782608695652173,0.34782608695652173,False
10M,1E-7,rand-60,50,9,astral,true,0.17391304347826086,0.17391304347826086,
10M,1E-7,rand-60,50,9,astral,raxml,0.43478260869565216,0.43478260869565216,
10M,1E-7,rand-60,50,9,astrid,true,0.17391304347826086,0.17391304347826086,
10M,1E-7,rand-60,50,9,astrid,raxml,0.5217391304347826,0.5217391304347826,
10M,1E-7,rand-60,50,9,mpest,true,0.17391304347826086,0.17391304347826086,
10M,1E-7,rand-60,50,9,mpest,raxml,0.6521739130434783,0.6521739130434783,
10M,1E-7,rand-60,50,9,svdquartets,true,0.7391304347826086,0.6956521739130435,
10M,1E-7,rand-60,50,9,astrid-ours,true,0.17391304347826086,0.17391304347826086,True
10M,1E-7,rand-60,50,9,astrid-ours,raxml,0.5217391304347826,0.5217391304347826,True
10M,1E-7,rand-60,50,10,astral,true,0.0,0.0,
10M,1E-7,rand-60,50,10,astral,raxml,0.13043478260869565,0.13043478260869565,
10M,1E-7,rand-60,50,10,astrid,true,0.0,0.0,
10M,1E-7,rand-60,50,10,astrid,raxml,0.13043478260869565,0.13043478260869565,
10M,1E-7,rand-60,50,10,mpest,true,0.0,0.0,
10M,1E-7,rand-60,50,10,mpest,raxml,0.2608695652173913,0.2608695652173913,
10M,1E-7,rand-60,50,10,svdquartets,true,0.43478260869565216,0.43478260869565216,
10M,1E-7,rand-60,50,10,astrid-ours,true,0.0,0.0,True
10M,1E-7,rand-60,50,10,astrid-ours,raxml,0.13043478260869565,0.13043478260869565,True
10M,1E-7,rand-60,50,11,astral,true,0.043478260869565216,0.043478260869565216,
10M,1E-7,rand-60,50,11,astral,raxml,0.21739130434782608,0.21739130434782608,
10M,1E-7,rand-60,50,11,astrid,true,0.043478260869565216,0.043478260869565216,
10M,1E-7,rand-60,50,11,astrid,raxml,0.30434782608695654,0.30434782608695654,
10M,1E-7,rand-60,50,11,mpest,true,0.043478260869565216,0.043478260869565216,
10M,1E-7,rand-60,50,11,mpest,raxml,0.43478260869565216,0.43478260869565216,
10M,1E-7,rand-60,50,11,svdquartets,true,0.2608695652173913,0.2608695652173913,
10M,1E-7,rand-60,50,11,astrid-ours,true,0.043478260869565216,0.043478260869565216,True
10M,1E-7,rand-60,50,11,astrid-ours,raxml,0.30434782608695654,0.30434782608695654,True
10M,1E-7,rand-60,50,12,astral,true,0.043478260869565216,0.043478260869565216,
10M,1E-7,rand-60,50,12,astral,raxml,0.30434782608695654,0.30434782608695654,
10M,1E-7,rand-60,50,12,astrid,true,0.043478260869565216,0.043478260869565216,
10M,1E-7,rand-60,50,12,astrid,raxml,0.2608695652173913,0.2608695652173913,
10M,1E-7,rand-60,50,12,mpest,true,0.043478260869565216,0.043478260869565216,
10M,1E-7,rand-60,50,12,mpest,raxml,0.13043478260869565,0.13043478260869565,
10M,1E-7,rand-60,50,12,svdquartets,true,0.34782608695652173,0.34782608695652173,
10M,1E-7,rand-60,50,12,astrid-ours,true,0.043478260869565216,0.043478260869565216,True
10M,1E-7,rand-60,50,12,astrid-ours,raxml,0.2608695652173913,0.2608695652173913,True
10M,1E-7,rand-60,50,13,astral,true,0.08695652173913043,0.08695652173913043,
10M,1E-7,rand-60,50,13,astral,raxml,0.30434782608695654,0.30434782608695654,
10M,1E-7,rand-60,50,13,astrid,true,0.043478260869565216,0.043478260869565216,
10M,1E-7,rand-60,50,13,astrid,raxml,0.2608695652173913,0.2608695652173913,
10M,1E-7,rand-60,50,13,mpest,true,0.17391304347826086,0.17391304347826086,
10M,1E-7,rand-60,50,13,mpest,raxml,0.30434782608695654,0.30434782608695654,
10M,1E-7,rand-60,50,13,svdquartets,true,0.391304347826087,0.391304347826087,
10M,1E-7,rand-60,50,13,astrid-ours,true,0.043478260869565216,0.043478260869565216,True
10M,1E-7,rand-60,50,13,astrid-ours,raxml,0.2608695652173913,0.2608695652173913,True
10M,1E-7,rand-60,50,14,astral,true,0.08695652173913043,0.08695652173913043,
10M,1E-7,rand-60,50,14,astral,raxml,0.34782608695652173,0.34782608695652173,
10M,1E-7,rand-60,50,14,astrid,true,0.17391304347826086,0.17391304347826086,
10M,1E-7,rand-60,50,14,astrid,raxml,0.34782608695652173,0.34782608695652173,
10M,1E-7,rand-60,50,14,mpest,true,0.13043478260869565,0.13043478260869565,
10M,1E-7,rand-60,50,14,mpest,raxml,0.6086956521739131,0.6086956521739131,
10M,1E-7,rand-60,50,14,svdquartets,true,0.6956521739130435,0.391304347826087,
10M,1E-7,rand-60,50,14,astrid-ours,true,0.17391304347826086,0.17391304347826086,True
10M,1E-7,rand-60,50,14,astrid-ours,raxml,0.34782608695652173,0.34782608695652173,False
10M,1E-7,rand-60,50,15,astral,true,0.043478260869565216,0.043478260869565216,
10M,1E-7,rand-60,50,15,astral,raxml,0.6086956521739131,0.6086956521739131,
10M,1E-7,rand-60,50,15,astrid,true,0.08695652173913043,0.08695652173913043,
10M,1E-7,rand-60,50,15,astrid,raxml,0.5217391304347826,0.5217391304347826,
10M,1E-7,rand-60,50,15,mpest,true,0.0,0.0,
10M,1E-7,rand-60,50,15,mpest,raxml,0.34782608695652173,0.34782608695652173,
10M,1E-7,rand-60,50,15,svdquartets,true,0.6086956521739131,0.5652173913043478,
10M,1E-7,rand-60,50,15,astrid-ours,true,0.08695652173913043,0.08695652173913043,True
10M,1E-7,rand-60,50,15,astrid-ours,raxml,0.5217391304347826,0.5217391304347826,True
10M,1E-7,rand-60,50,16,astral,true,0.0,0.0,
10M,1E-7,rand-60,50,16,astral,raxml,0.17391304347826086,0.17391304347826086,
10M,1E-7,rand-60,50,16,astrid,true,0.043478260869565216,0.043478260869565216,
10M,1E-7,rand-60,50,16,astrid,raxml,0.08695652173913043,0.08695652173913043,
10M,1E-7,rand-60,50,16,mpest,true,0.0,0.0,
10M,1E-7,rand-60,50,16,mpest,raxml,0.17391304347826086,0.17391304347826086,
10M,1E-7,rand-60,50,16,svdquartets,true,0.13043478260869565,0.13043478260869565,
10M,1E-7,rand-60,50,16,astrid-ours,true,0.043478260869565216,0.043478260869565216,True
10M,1E-7,rand-60,50,16,astrid-ours,raxml,0.17391304347826086,0.17391304347826086,False
10M,1E-7,rand-60,50,17,astral,true,0.043478260869565216,0.043478260869565216,
10M,1E-7,rand-60,50,17,astral,raxml,0.34782608695652173,0.34782608695652173,
10M,1E-7,rand-60,50,17,astrid,true,0.043478260869565216,0.043478260869565216,
10M,1E-7,rand-60,50,17,astrid,raxml,0.391304347826087,0.391304347826087,
10M,1E-7,rand-60,50,17,mpest,true,0.043478260869565216,0.043478260869565216,
10M,1E-7,rand-60,50,17,mpest,raxml,0.5217391304347826,0.5217391304347826,
10M,1E-7,rand-60,50,17,svdquartets,true,0.43478260869565216,0.43478260869565216,
10M,1E-7,rand-60,50,17,astrid-ours,true,0.043478260869565216,0.043478260869565216,True
10M,1E-7,rand-60,50,17,astrid-ours,raxml,0.30434782608695654,0.30434782608695654,False
10M,1E-7,rand-60,50,18,astral,true,0.043478260869565216,0.043478260869565216,
10M,1E-7,rand-60,50,18,astral,raxml,0.17391304347826086,0.17391304347826086,
10M,1E-7,rand-60,50,18,astrid,true,0.08695652173913043,0.08695652173913043,
10M,1E-7,rand-60,50,18,astrid,raxml,0.30434782608695654,0.30434782608695654,
10M,1E-7,rand-60,50,18,mpest,true,0.043478260869565216,0.043478260869565216,
10M,1E-7,rand-60,50,18,mpest,raxml,0.17391304347826086,0.17391304347826086,
10M,1E-7,rand-60,50,18,svdquartets,true,0.2608695652173913,0.2608695652173913,
10M,1E-7,rand-60,50,18,astrid-ours,true,0.08695652173913043,0.08695652173913043,True
10M,1E-7,rand-60,50,18,astrid-ours,raxml,0.30434782608695654,0.30434782608695654,True
10M,1E-7,rand-60,50,19,astral,true,0.13043478260869565,0.13043478260869565,
10M,1E-7,rand-60,50,19,astral,raxml,0.21739130434782608,0.21739130434782608,
10M,1E-7,rand-60,50,19,astrid,true,0.08695652173913043,0.08695652173913043,
10M,1E-7,rand-60,50,19,astrid,raxml,0.2608695652173913,0.2608695652173913,
10M,1E-7,rand-60,50,19,mpest,true,0.043478260869565216,0.043478260869565216,
10M,1E-7,rand-60,50,19,mpest,raxml,0.391304347826087,0.391304347826087,
10M,1E-7,rand-60,50,19,svdquartets,true,0.5217391304347826,0.5217391304347826,
10M,1E-7,rand-60,50,19,astrid-ours,true,0.08695652173913043,0.08695652173913043,True
10M,1E-7,rand-60,50,19,astrid-ours,raxml,0.2608695652173913,0.2608695652173913,True
10M,1E-7,rand-60,50,20,astral,true,0.0,0.0,
10M,1E-7,rand-60,50,20,astral,raxml,0.5652173913043478,0.5652173913043478,
10M,1E-7,rand-60,50,20,astrid,true,0.043478260869565216,0.043478260869565216,
10M,1E-7,rand-60,50,20,astrid,raxml,0.34782608695652173,0.34782608695652173,
10M,1E-7,rand-60,50,20,mpest,true,0.0,0.0,
10M,1E-7,rand-60,50,20,mpest,raxml,0.5217391304347826,0.5217391304347826,
10M,1E-7,rand-60,50,20,svdquartets,true,0.5652173913043478,0.5652173913043478,
10M,1E-7,rand-60,50,20,astrid-ours,true,0.043478260869565216,0.043478260869565216,True
10M,1E-7,rand-60,50,20,astrid-ours,raxml,0.34782608695652173,0.34782608695652173,False
10M,1E-7,rand-60,200,1,astral,true,0.043478260869565216,0.043478260869565216,
10M,1E-7,rand-60,200,1,astral,raxml,0.08695652173913043,0.08695652173913043,
10M,1E-7,rand-60,200,1,astrid,true,0.043478260869565216,0.043478260869565216,
10M,1E-7,rand-60,200,1,astrid,raxml,0.13043478260869565,0.13043478260869565,
10M,1E-7,rand-60,200,1,mpest,true,0.043478260869565216,0.043478260869565216,
10M,1E-7,rand-60,200,1,mpest,raxml,0.13043478260869565,0.13043478260869565,
10M,1E-7,rand-60,200,1,svdquartets,true,0.30434782608695654,0.30434782608695654,
10M,1E-7,rand-60,200,1,astrid-ours,true,0.043478260869565216,0.043478260869565216,True
10M,1E-7,rand-60,200,1,astrid-ours,raxml,0.13043478260869565,0.13043478260869565,True
10M,1E-7,rand-60,200,2,astral,true,0.0,0.0,
10M,1E-7,rand-60,200,2,astral,raxml,0.391304347826087,0.391304347826087,
10M,1E-7,rand-60,200,2,astrid,true,0.0,0.0,
10M,1E-7,rand-60,200,2,astrid,raxml,0.43478260869565216,0.43478260869565216,
10M,1E-7,rand-60,200,2,mpest,true,0.0,0.0,
10M,1E-7,rand-60,200,2,mpest,raxml,0.34782608695652173,0.34782608695652173,
10M,1E-7,rand-60,200,2,svdquartets,true,0.43478260869565216,0.43478260869565216,
10M,1E-7,rand-60,200,2,astrid-ours,true,0.0,0.0,True
10M,1E-7,rand-60,200,2,astrid-ours,raxml,0.30434782608695654,0.30434782608695654,False
10M,1E-7,rand-60,200,3,astral,true,0.08695652173913043,0.08695652173913043,
10M,1E-7,rand-60,200,3,astral,raxml,0.17391304347826086,0.17391304347826086,
10M,1E-7,rand-60,200,3,astrid,true,0.08695652173913043,0.08695652173913043,
10M,1E-7,rand-60,200,3,astrid,raxml,0.17391304347826086,0.17391304347826086,
10M,1E-7,rand-60,200,3,mpest,true,0.08695652173913043,0.08695652173913043,
10M,1E-7,rand-60,200,3,mpest,raxml,0.21739130434782608,0.21739130434782608,
10M,1E-7,rand-60,200,3,svdquartets,true,0.43478260869565216,0.43478260869565216,
10M,1E-7,rand-60,200,3,astrid-ours,true,0.08695652173913043,0.08695652173913043,True
10M,1E-7,rand-60,200,3,astrid-ours,raxml,0.17391304347826086,0.17391304347826086,True
10M,1E-7,rand-60,200,4,astral,true,0.043478260869565216,0.043478260869565216,
10M,1E-7,rand-60,200,4,astral,raxml,0.08695652173913043,0.08695652173913043,
10M,1E-7,rand-60,200,4,astrid,true,0.0,0.0,
10M,1E-7,rand-60,200,4,astrid,raxml,0.0,0.0,
10M,1E-7,rand-60,200,4,mpest,true,0.0,0.0,
10M,1E-7,rand-60,200,4,mpest,raxml,0.13043478260869565,0.13043478260869565,
10M,1E-7,rand-60,200,4,svdquartets,true,0.13043478260869565,0.13043478260869565,
10M,1E-7,rand-60,200,4,astrid-ours,true,0.0,0.0,True
10M,1E-7,rand-60,200,4,astrid-ours,raxml,0.0,0.0,True
10M,1E-7,rand-60,200,5,astral,true,0.0,0.0,
10M,1E-7,rand-60,200,5,astral,raxml,0.21739130434782608,0.21739130434782608,
10M,1E-7,rand-60,200,5,astrid,true,0.0,0.0,
10M,1E-7,rand-60,200,5,astrid,raxml,0.2608695652173913,0.2608695652173913,
10M,1E-7,rand-60,200,5,mpest,true,0.0,0.0,
10M,1E-7,rand-60,200,5,mpest,raxml,0.34782608695652173,0.34782608695652173,
10M,1E-7,rand-60,200,5,svdquartets,true,0.391304347826087,0.391304347826087,
10M,1E-7,rand-60,200,5,astrid-ours,true,0.0,0.0,True
10M,1E-7,rand-60,200,5,astrid-ours,raxml,0.2608695652173913,0.2608695652173913,True
10M,1E-7,rand-60,200,6,astral,true,0.0,0.0,
10M,1E-7,rand-60,200,6,astral,raxml,0.17391304347826086,0.17391304347826086,
10M,1E-7,rand-60,200,6,astrid,true,0.0,0.0,
10M,1E-7,rand-60,200,6,astrid,raxml,0.2608695652173913,0.2608695652173913,
10M,1E-7,rand-60,200,6,mpest,true,0.0,0.0,
10M,1E-7,rand-60,200,6,mpest,raxml,0.34782608695652173,0.34782608695652173,
10M,1E-7,rand-60,200,6,svdquartets,true,0.6956521739130435,0.6956521739130435,
10M,1E-7,rand-60,200,6,astrid-ours,true,0.0,0.0,True
10M,1E-7,rand-60,200,6,astrid-ours,raxml,0.2608695652173913,0.2608695652173913,True
10M,1E-7,rand-60,200,7,astral,true,0.043478260869565216,0.043478260869565216,
10M,1E-7,rand-60,200,7,astral,raxml,0.30434782608695654,0.30434782608695654,
10M,1E-7,rand-60,200,7,astrid,true,0.043478260869565216,0.043478260869565216,
10M,1E-7,rand-60,200,7,astrid,raxml,0.2608695652173913,0.2608695652173913,
10M,1E-7,rand-60,200,7,mpest,true,0.08695652173913043,0.08695652173913043,
10M,1E-7,rand-60,200,7,mpest,raxml,0.30434782608695654,0.30434782608695654,
10M,1E-7,rand-60,200,7,svdquartets,true,0.34782608695652173,0.34782608695652173,
10M,1E-7,rand-60,200,7,astrid-ours,true,0.043478260869565216,0.043478260869565216,True
10M,1E-7,rand-60,200,7,astrid-ours,raxml,0.2608695652173913,0.2608695652173913,True
10M,1E-7,rand-60,200,8,astral,true,0.0,0.0,
10M,1E-7,rand-60,200,8,astral,raxml,0.21739130434782608,0.21739130434782608,
10M,1E-7,rand-60,200,8,astrid,true,0.043478260869565216,0.043478260869565216,
10M,1E-7,rand-60,200,8,astrid,raxml,0.2608695652173913,0.2608695652173913,
10M,1E-7,rand-60,200,8,mpest,true,0.043478260869565216,0.043478260869565216,
10M,1E-7,rand-60,200,8,mpest,raxml,0.21739130434782608,0.21739130434782608,
10M,1E-7,rand-60,200,8,svdquartets,true,0.391304347826087,0.391304347826087,
10M,1E-7,rand-60,200,8,astrid-ours,true,0.043478260869565216,0.043478260869565216,True
10M,1E-7,rand-60,200,8,astrid-ours,raxml,0.2608695652173913,0.2608695652173913,True
10M,1E-7,rand-60,200,9,astral,true,0.0,0.0,
10M,1E-7,rand-60,200,9,astral,raxml,0.2608695652173913,0.2608695652173913,
10M,1E-7,rand-60,200,9,astrid,true,0.08695652173913043,0.08695652173913043,
10M,1E-7,rand-60,200,9,astrid,raxml,0.34782608695652173,0.34782608695652173,
10M,1E-7,rand-60,200,9,mpest,true,0.043478260869565216,0.043478260869565216,
10M,1E-7,rand-60,200,9,mpest,raxml,0.5652173913043478,0.5652173913043478,
10M,1E-7,rand-60,200,9,svdquartets,true,0.6956521739130435,0.6956521739130435,
10M,1E-7,rand-60,200,9,astrid-ours,true,0.08695652173913043,0.08695652173913043,True
10M,1E-7,rand-60,200,9,astrid-ours,raxml,0.34782608695652173,0.34782608695652173,False
10M,1E-7,rand-60,200,10,astral,true,0.0,0.0,
10M,1E-7,rand-60,200,10,astral,raxml,0.0,0.0,
10M,1E-7,rand-60,200,10,astrid,true,0.0,0.0,
10M,1E-7,rand-60,200,10,astrid,raxml,0.0,0.0,
10M,1E-7,rand-60,200,10,mpest,true,0.0,0.0,
10M,1E-7,rand-60,200,10,mpest,raxml,0.08695652173913043,0.08695652173913043,
10M,1E-7,rand-60,200,10,svdquartets,true,0.21739130434782608,0.21739130434782608,
10M,1E-7,rand-60,200,10,astrid-ours,true,0.0,0.0,True
10M,1E-7,rand-60,200,10,astrid-ours,raxml,0.0,0.0,True
10M,1E-7,rand-60,200,11,astral,true,0.0,0.0,
10M,1E-7,rand-60,200,11,astral,raxml,0.08695652173913043,0.08695652173913043,
10M,1E-7,rand-60,200,11,astrid,true,0.08695652173913043,0.08695652173913043,
10M,1E-7,rand-60,200,11,astrid,raxml,0.08695652173913043,0.08695652173913043,
10M,1E-7,rand-60,200,11,mpest,true,0.0,0.0,
10M,1E-7,rand-60,200,11,mpest,raxml,0.17391304347826086,0.17391304347826086,
10M,1E-7,rand-60,200,11,svdquartets,true,0.13043478260869565,0.13043478260869565,
10M,1E-7,rand-60,200,11,astrid-ours,true,0.08695652173913043,0.08695652173913043,True
10M,1E-7,rand-60,200,11,astrid-ours,raxml,0.08695652173913043,0.08695652173913043,True
10M,1E-7,rand-60,200,12,astral,true,0.043478260869565216,0.043478260869565216,
10M,1E-7,rand-60,200,12,astral,raxml,0.17391304347826086,0.17391304347826086,
10M,1E-7,rand-60,200,12,astrid,true,0.08695652173913043,0.08695652173913043,
10M,1E-7,rand-60,200,12,astrid,raxml,0.13043478260869565,0.13043478260869565,
10M,1E-7,rand-60,200,12,mpest,true,0.043478260869565216,0.043478260869565216,
10M,1E-7,rand-60,200,12,mpest,raxml,0.13043478260869565,0.13043478260869565,
10M,1E-7,rand-60,200,12,svdquartets,true,0.34782608695652173,0.34782608695652173,
10M,1E-7,rand-60,200,12,astrid-ours,true,0.08695652173913043,0.08695652173913043,True
10M,1E-7,rand-60,200,12,astrid-ours,raxml,0.13043478260869565,0.13043478260869565,True
10M,1E-7,rand-60,200,13,astral,true,0.0,0.0,
10M,1E-7,rand-60,200,13,astral,raxml,0.13043478260869565,0.13043478260869565,
10M,1E-7,rand-60,200,13,astrid,true,0.0,0.0,
10M,1E-7,rand-60,200,13,astrid,raxml,0.13043478260869565,0.13043478260869565,
10M,1E-7,rand-60,200,13,mpest,true,0.0,0.0,
10M,1E-7,rand-60,200,13,mpest,raxml,0.13043478260869565,0.13043478260869565,
10M,1E-7,rand-60,200,13,svdquartets,true,0.21739130434782608,0.21739130434782608,
10M,1E-7,rand-60,200,13,astrid-ours,true,0.0,0.0,True
10M,1E-7,rand-60,200,13,astrid-ours,raxml,0.13043478260869565,0.13043478260869565,True
10M,1E-7,rand-60,200,14,astral,true,0.08695652173913043,0.08695652173913043,
10M,1E-7,rand-60,200,14,astral,raxml,0.13043478260869565,0.13043478260869565,
10M,1E-7,rand-60,200,14,astrid,true,0.08695652173913043,0.08695652173913043,
10M,1E-7,rand-60,200,14,astrid,raxml,0.17391304347826086,0.17391304347826086,
10M,1E-7,rand-60,200,14,mpest,true,0.08695652173913043,0.08695652173913043,
10M,1E-7,rand-60,200,14,mpest,raxml,0.391304347826087,0.391304347826087,
10M,1E-7,rand-60,200,14,svdquartets,true,0.17391304347826086,0.17391304347826086,
10M,1E-7,rand-60,200,14,astrid-ours,true,0.08695652173913043,0.08695652173913043,True
10M,1E-7,rand-60,200,14,astrid-ours,raxml,0.17391304347826086,0.17391304347826086,True
10M,1E-7,rand-60,200,15,astral,true,0.043478260869565216,0.043478260869565216,
10M,1E-7,rand-60,200,15,astral,raxml,0.2608695652173913,0.2608695652173913,
10M,1E-7,rand-60,200,15,astrid,true,0.043478260869565216,0.043478260869565216,
10M,1E-7,rand-60,200,15,astrid,raxml,0.21739130434782608,0.21739130434782608,
10M,1E-7,rand-60,200,15,mpest,true,0.0,0.0,
10M,1E-7,rand-60,200,15,mpest,raxml,0.21739130434782608,0.21739130434782608,
10M,1E-7,rand-60,200,15,svdquartets,true,0.6086956521739131,0.6086956521739131,
10M,1E-7,rand-60,200,15,astrid-ours,true,0.043478260869565216,0.043478260869565216,True
10M,1E-7,rand-60,200,15,astrid-ours,raxml,0.21739130434782608,0.21739130434782608,True
10M,1E-7,rand-60,200,16,astral,true,0.0,0.0,
10M,1E-7,rand-60,200,16,astral,raxml,0.0,0.0,
10M,1E-7,rand-60,200,16,astrid,true,0.0,0.0,
10M,1E-7,rand-60,200,16,astrid,raxml,0.08695652173913043,0.08695652173913043,
10M,1E-7,rand-60,200,16,mpest,true,0.0,0.0,
10M,1E-7,rand-60,200,16,mpest,raxml,0.13043478260869565,0.13043478260869565,
10M,1E-7,rand-60,200,16,svdquartets,true,0.17391304347826086,0.17391304347826086,
10M,1E-7,rand-60,200,16,astrid-ours,true,0.0,0.0,True
10M,1E-7,rand-60,200,16,astrid-ours,raxml,0.08695652173913043,0.08695652173913043,True
10M,1E-7,rand-60,200,17,astral,true,0.043478260869565216,0.043478260869565216,
10M,1E-7,rand-60,200,17,astral,raxml,0.13043478260869565,0.13043478260869565,
10M,1E-7,rand-60,200,17,astrid,true,0.0,0.0,
10M,1E-7,rand-60,200,17,astrid,raxml,0.13043478260869565,0.13043478260869565,
10M,1E-7,rand-60,200,17,mpest,true,0.043478260869565216,0.043478260869565216,
10M,1E-7,rand-60,200,17,mpest,raxml,0.34782608695652173,0.34782608695652173,
10M,1E-7,rand-60,200,17,svdquartets,true,0.4782608695652174,0.4782608695652174,
10M,1E-7,rand-60,200,17,astrid-ours,true,0.0,0.0,True
10M,1E-7,rand-60,200,17,astrid-ours,raxml,0.13043478260869565,0.13043478260869565,True
10M,1E-7,rand-60,200,18,astral,true,0.0,0.0,
10M,1E-7,rand-60,200,18,astral,raxml,0.043478260869565216,0.043478260869565216,
10M,1E-7,rand-60,200,18,astrid,true,0.043478260869565216,0.043478260869565216,
10M,1E-7,rand-60,200,18,astrid,raxml,0.17391304347826086,0.17391304347826086,
10M,1E-7,rand-60,200,18,mpest,true,0.043478260869565216,0.043478260869565216,
10M,1E-7,rand-60,200,18,mpest,raxml,0.13043478260869565,0.13043478260869565,
10M,1E-7,rand-60,200,18,svdquartets,true,0.2608695652173913,0.2608695652173913,
10M,1E-7,rand-60,200,18,astrid-ours,true,0.043478260869565216,0.043478260869565216,True
10M,1E-7,rand-60,200,18,astrid-ours,raxml,0.17391304347826086,0.17391304347826086,True
10M,1E-7,rand-60,200,19,astral,true,0.043478260869565216,0.043478260869565216,
10M,1E-7,rand-60,200,19,astral,raxml,0.13043478260869565,0.13043478260869565,
10M,1E-7,rand-60,200,19,astrid,true,0.0,0.0,
10M,1E-7,rand-60,200,19,astrid,raxml,0.17391304347826086,0.17391304347826086,
10M,1E-7,rand-60,200,19,mpest,true,0.0,0.0,
10M,1E-7,rand-60,200,19,mpest,raxml,0.2608695652173913,0.2608695652173913,
10M,1E-7,rand-60,200,19,svdquartets,true,0.5217391304347826,0.5217391304347826,
10M,1E-7,rand-60,200,19,astrid-ours,true,0.0,0.0,True
10M,1E-7,rand-60,200,19,astrid-ours,raxml,0.17391304347826086,0.17391304347826086,True
10M,1E-7,rand-60,200,20,astral,true,0.0,0.0,
10M,1E-7,rand-60,200,20,astral,raxml,0.17391304347826086,0.17391304347826086,
10M,1E-7,rand-60,200,20,astrid,true,0.043478260869565216,0.043478260869565216,
10M,1E-7,rand-60,200,20,astrid,raxml,0.13043478260869565,0.13043478260869565,
10M,1E-7,rand-60,200,20,mpest,true,0.0,0.0,
10M,1E-7,rand-60,200,20,mpest,raxml,0.17391304347826086,0.17391304347826086,
10M,1E-7,rand-60,200,20,svdquartets,true,0.2608695652173913,0.2608695652173913,
10M,1E-7,rand-60,200,20,astrid-ours,true,0.043478260869565216,0.043478260869565216,True
10M,1E-7,rand-60,200,20,astrid-ours,raxml,0.13043478260869565,0.13043478260869565,True
10M,1E-7,rand-60,1000,1,astral,true,0.0,0.0,
10M,1E-7,rand-60,1000,1,astral,raxml,0.08695652173913043,0.08695652173913043,
10M,1E-7,rand-60,1000,1,astrid,true,0.0,0.0,
10M,1E-7,rand-60,1000,1,astrid,raxml,0.08695652173913043,0.08695652173913043,
10M,1E-7,rand-60,1000,1,mpest,true,0.0,0.0,
10M,1E-7,rand-60,1000,1,mpest,raxml,0.17391304347826086,0.17391304347826086,
10M,1E-7,rand-60,1000,1,svdquartets,true,0.17391304347826086,0.17391304347826086,
10M,1E-7,rand-60,1000,1,astrid-ours,true,0.0,0.0,True
10M,1E-7,rand-60,1000,1,astrid-ours,raxml,0.08695652173913043,0.08695652173913043,True
10M,1E-7,rand-60,1000,2,astral,true,0.0,0.0,
10M,1E-7,rand-60,1000,2,astral,raxml,0.34782608695652173,0.34782608695652173,
10M,1E-7,rand-60,1000,2,astrid,true,0.0,0.0,
10M,1E-7,rand-60,1000,2,astrid,raxml,0.2608695652173913,0.2608695652173913,
10M,1E-7,rand-60,1000,2,mpest,true,0.0,0.0,
10M,1E-7,rand-60,1000,2,mpest,raxml,0.391304347826087,0.391304347826087,
10M,1E-7,rand-60,1000,2,svdquartets,true,0.391304347826087,0.391304347826087,
10M,1E-7,rand-60,1000,2,astrid-ours,true,0.0,0.0,True
10M,1E-7,rand-60,1000,2,astrid-ours,raxml,0.2608695652173913,0.2608695652173913,True
10M,1E-7,rand-60,1000,3,astral,true,0.0,0.0,
10M,1E-7,rand-60,1000,3,astral,raxml,0.08695652173913043,0.08695652173913043,
10M,1E-7,rand-60,1000,3,astrid,true,0.0,0.0,
10M,1E-7,rand-60,1000,3,astrid,raxml,0.08695652173913043,0.08695652173913043,
10M,1E-7,rand-60,1000,3,mpest,true,0.0,0.0,
10M,1E-7,rand-60,1000,3,mpest,raxml,0.13043478260869565,0.13043478260869565,
10M,1E-7,rand-60,1000,3,svdquartets,true,0.30434782608695654,0.30434782608695654,
10M,1E-7,rand-60,1000,3,astrid-ours,true,0.0,0.0,True
10M,1E-7,rand-60,1000,3,astrid-ours,raxml,0.08695652173913043,0.08695652173913043,True
10M,1E-7,rand-60,1000,4,astral,true,0.0,0.0,
10M,1E-7,rand-60,1000,4,astral,raxml,0.043478260869565216,0.043478260869565216,
10M,1E-7,rand-60,1000,4,astrid,true,0.0,0.0,
10M,1E-7,rand-60,1000,4,astrid,raxml,0.043478260869565216,0.043478260869565216,
10M,1E-7,rand-60,1000,4,mpest,true,0.0,0.0,
10M,1E-7,rand-60,1000,4,mpest,raxml,0.08695652173913043,0.08695652173913043,
10M,1E-7,rand-60,1000,4,svdquartets,true,0.043478260869565216,0.043478260869565216,
10M,1E-7,rand-60,1000,4,astrid-ours,true,0.0,0.0,True
10M,1E-7,rand-60,1000,4,astrid-ours,raxml,0.043478260869565216,0.043478260869565216,True
10M,1E-7,rand-60,1000,5,astral,true,0.0,0.0,
10M,1E-7,rand-60,1000,5,astral,raxml,0.0,0.0,
10M,1E-7,rand-60,1000,5,astrid,true,0.0,0.0,
10M,1E-7,rand-60,1000,5,astrid,raxml,0.08695652173913043,0.08695652173913043,
10M,1E-7,rand-60,1000,5,mpest,true,0.0,0.0,
10M,1E-7,rand-60,1000,5,mpest,raxml,0.21739130434782608,0.21739130434782608,
10M,1E-7,rand-60,1000,5,svdquartets,true,0.30434782608695654,0.30434782608695654,
10M,1E-7,rand-60,1000,5,astrid-ours,true,0.0,0.0,True
10M,1E-7,rand-60,1000,5,astrid-ours,raxml,0.08695652173913043,0.08695652173913043,True
10M,1E-7,rand-60,1000,6,astral,true,0.0,0.0,
10M,1E-7,rand-60,1000,6,astral,raxml,0.043478260869565216,0.043478260869565216,
10M,1E-7,rand-60,1000,6,astrid,true,0.0,0.0,
10M,1E-7,rand-60,1000,6,astrid,raxml,0.043478260869565216,0.043478260869565216,
10M,1E-7,rand-60,1000,6,mpest,true,0.0,0.0,
10M,1E-7,rand-60,1000,6,mpest,raxml,0.21739130434782608,0.21739130434782608,
10M,1E-7,rand-60,1000,6,svdquartets,true,0.5217391304347826,0.5217391304347826,
10M,1E-7,rand-60,1000,6,astrid-ours,true,0.0,0.0,True
10M,1E-7,rand-60,1000,6,astrid-ours,raxml,0.043478260869565216,0.043478260869565216,True
10M,1E-7,rand-60,1000,7,astral,true,0.0,0.0,
10M,1E-7,rand-60,1000,7,astral,raxml,0.17391304347826086,0.17391304347826086,
10M,1E-7,rand-60,1000,7,astrid,true,0.0,0.0,
10M,1E-7,rand-60,1000,7,astrid,raxml,0.2608695652173913,0.2608695652173913,
10M,1E-7,rand-60,1000,7,mpest,true,0.0,0.0,
10M,1E-7,rand-60,1000,7,mpest,raxml,0.2608695652173913,0.2608695652173913,
10M,1E-7,rand-60,1000,7,svdquartets,true,0.30434782608695654,0.30434782608695654,
10M,1E-7,rand-60,1000,7,astrid-ours,true,0.0,0.0,True
10M,1E-7,rand-60,1000,7,astrid-ours,raxml,0.2608695652173913,0.2608695652173913,True
10M,1E-7,rand-60,1000,8,astral,true,0.0,0.0,
10M,1E-7,rand-60,1000,8,astral,raxml,0.13043478260869565,0.13043478260869565,
10M,1E-7,rand-60,1000,8,astrid,true,0.0,0.0,
10M,1E-7,rand-60,1000,8,astrid,raxml,0.043478260869565216,0.043478260869565216,
10M,1E-7,rand-60,1000,8,mpest,true,0.0,0.0,
10M,1E-7,rand-60,1000,8,mpest,raxml,0.043478260869565216,0.043478260869565216,
10M,1E-7,rand-60,1000,8,svdquartets,true,0.21739130434782608,0.21739130434782608,
10M,1E-7,rand-60,1000,8,astrid-ours,true,0.0,0.0,True
10M,1E-7,rand-60,1000,8,astrid-ours,raxml,0.043478260869565216,0.043478260869565216,True
10M,1E-7,rand-60,1000,9,astral,true,0.0,0.0,
10M,1E-7,rand-60,1000,9,astral,raxml,0.30434782608695654,0.30434782608695654,
10M,1E-7,rand-60,1000,9,astrid,true,0.0,0.0,
10M,1E-7,rand-60,1000,9,astrid,raxml,0.30434782608695654,0.30434782608695654,
10M,1E-7,rand-60,1000,9,mpest,true,0.0,0.0,
10M,1E-7,rand-60,1000,9,mpest,raxml,0.4782608695652174,0.4782608695652174,
10M,1E-7,rand-60,1000,9,svdquartets,true,0.6086956521739131,0.6086956521739131,
10M,1E-7,rand-60,1000,9,astrid-ours,true,0.0,0.0,True
10M,1E-7,rand-60,1000,9,astrid-ours,raxml,0.30434782608695654,0.30434782608695654,True
10M,1E-7,rand-60,1000,10,astral,true,0.0,0.0,
10M,1E-7,rand-60,1000,10,astral,raxml,0.0,0.0,
10M,1E-7,rand-60,1000,10,astrid,true,0.0,0.0,
10M,1E-7,rand-60,1000,10,astrid,raxml,0.0,0.0,
10M,1E-7,rand-60,1000,10,mpest,true,0.0,0.0,
10M,1E-7,rand-60,1000,10,mpest,raxml,0.08695652173913043,0.08695652173913043,
10M,1E-7,rand-60,1000,10,svdquartets,true,0.13043478260869565,0.13043478260869565,
10M,1E-7,rand-60,1000,10,astrid-ours,true,0.0,0.0,True
10M,1E-7,rand-60,1000,10,astrid-ours,raxml,0.0,0.0,True
10M,1E-7,rand-60,1000,11,astral,true,0.0,0.0,
10M,1E-7,rand-60,1000,11,astral,raxml,0.0,0.0,
10M,1E-7,rand-60,1000,11,astrid,true,0.0,0.0,
10M,1E-7,rand-60,1000,11,astrid,raxml,0.043478260869565216,0.043478260869565216,
10M,1E-7,rand-60,1000,11,mpest,true,0.0,0.0,
10M,1E-7,rand-60,1000,11,mpest,raxml,0.043478260869565216,0.043478260869565216,
10M,1E-7,rand-60,1000,11,svdquartets,true,0.08695652173913043,0.08695652173913043,
10M,1E-7,rand-60,1000,11,astrid-ours,true,0.0,0.0,True
10M,1E-7,rand-60,1000,11,astrid-ours,raxml,0.043478260869565216,0.043478260869565216,True
10M,1E-7,rand-60,1000,12,astral,true,0.0,0.0,
10M,1E-7,rand-60,1000,12,astral,raxml,0.0,0.0,
10M,1E-7,rand-60,1000,12,astrid,true,0.0,0.0,
10M,1E-7,rand-60,1000,12,astrid,raxml,0.043478260869565216,0.043478260869565216,
10M,1E-7,rand-60,1000,12,mpest,true,0.0,0.0,
10M,1E-7,rand-60,1000,12,mpest,raxml,0.08695652173913043,0.08695652173913043,
10M,1E-7,rand-60,1000,12,svdquartets,true,0.17391304347826086,0.17391304347826086,
10M,1E-7,rand-60,1000,12,astrid-ours,true,0.0,0.0,True
10M,1E-7,rand-60,1000,12,astrid-ours,raxml,0.043478260869565216,0.043478260869565216,True
10M,1E-7,rand-60,1000,13,astral,true,0.0,0.0,
10M,1E-7,rand-60,1000,13,astral,raxml,0.08695652173913043,0.08695652173913043,
10M,1E-7,rand-60,1000,13,astrid,true,0.0,0.0,
10M,1E-7,rand-60,1000,13,astrid,raxml,0.043478260869565216,0.043478260869565216,
10M,1E-7,rand-60,1000,13,mpest,true,0.0,0.0,
10M,1E-7,rand-60,1000,13,mpest,raxml,0.13043478260869565,0.13043478260869565,
10M,1E-7,rand-60,1000,13,svdquartets,true,0.17391304347826086,0.17391304347826086,
10M,1E-7,rand-60,1000,13,astrid-ours,true,0.0,0.0,True
10M,1E-7,rand-60,1000,13,astrid-ours,raxml,0.043478260869565216,0.043478260869565216,True
10M,1E-7,rand-60,1000,14,astral,true,0.0,0.0,
10M,1E-7,rand-60,1000,14,astral,raxml,0.043478260869565216,0.043478260869565216,
10M,1E-7,rand-60,1000,14,astrid,true,0.043478260869565216,0.043478260869565216,
10M,1E-7,rand-60,1000,14,astrid,raxml,0.043478260869565216,0.043478260869565216,
10M,1E-7,rand-60,1000,14,mpest,true,0.043478260869565216,0.043478260869565216,
10M,1E-7,rand-60,1000,14,mpest,raxml,0.30434782608695654,0.30434782608695654,
10M,1E-7,rand-60,1000,14,svdquartets,true,0.08695652173913043,0.08695652173913043,
10M,1E-7,rand-60,1000,14,astrid-ours,true,0.043478260869565216,0.043478260869565216,True
10M,1E-7,rand-60,1000,14,astrid-ours,raxml,0.043478260869565216,0.043478260869565216,True
10M,1E-7,rand-60,1000,15,astral,true,0.0,0.0,
10M,1E-7,rand-60,1000,15,astral,raxml,0.13043478260869565,0.13043478260869565,
10M,1E-7,rand-60,1000,15,astrid,true,0.0,0.0,
10M,1E-7,rand-60,1000,15,astrid,raxml,0.13043478260869565,0.13043478260869565,
10M,1E-7,rand-60,1000,15,mpest,true,0.0,0.0,
10M,1E-7,rand-60,1000,15,mpest,raxml,0.17391304347826086,0.17391304347826086,
10M,1E-7,rand-60,1000,15,svdquartets,true,0.391304347826087,0.391304347826087,
10M,1E-7,rand-60,1000,15,astrid-ours,true,0.0,0.0,True
10M,1E-7,rand-60,1000,15,astrid-ours,raxml,0.13043478260869565,0.13043478260869565,False
10M,1E-7,rand-60,1000,16,astral,true,0.0,0.0,
10M,1E-7,rand-60,1000,16,astral,raxml,0.043478260869565216,0.043478260869565216,
10M,1E-7,rand-60,1000,16,astrid,true,0.0,0.0,
10M,1E-7,rand-60,1000,16,astrid,raxml,0.08695652173913043,0.08695652173913043,
10M,1E-7,rand-60,1000,16,mpest,true,0.0,0.0,
10M,1E-7,rand-60,1000,16,mpest,raxml,0.13043478260869565,0.13043478260869565,
10M,1E-7,rand-60,1000,16,svdquartets,true,0.13043478260869565,0.13043478260869565,
10M,1E-7,rand-60,1000,16,astrid-ours,true,0.0,0.0,True
10M,1E-7,rand-60,1000,16,astrid-ours,raxml,0.08695652173913043,0.08695652173913043,True
10M,1E-7,rand-60,1000,17,astral,true,0.043478260869565216,0.043478260869565216,
10M,1E-7,rand-60,1000,17,astral,raxml,0.21739130434782608,0.21739130434782608,
10M,1E-7,rand-60,1000,17,astrid,true,0.043478260869565216,0.043478260869565216,
10M,1E-7,rand-60,1000,17,astrid,raxml,0.17391304347826086,0.17391304347826086,
10M,1E-7,rand-60,1000,17,mpest,true,0.043478260869565216,0.043478260869565216,
10M,1E-7,rand-60,1000,17,mpest,raxml,0.2608695652173913,0.2608695652173913,
10M,1E-7,rand-60,1000,17,svdquartets,true,0.2608695652173913,0.2608695652173913,
10M,1E-7,rand-60,1000,17,astrid-ours,true,0.043478260869565216,0.043478260869565216,True
10M,1E-7,rand-60,1000,17,astrid-ours,raxml,0.17391304347826086,0.17391304347826086,True
10M,1E-7,rand-60,1000,18,astral,true,0.043478260869565216,0.043478260869565216,
10M,1E-7,rand-60,1000,18,astral,raxml,0.043478260869565216,0.043478260869565216,
10M,1E-7,rand-60,1000,18,astrid,true,0.043478260869565216,0.043478260869565216,
10M,1E-7,rand-60,1000,18,astrid,raxml,0.08695652173913043,0.08695652173913043,
10M,1E-7,rand-60,1000,18,mpest,true,0.043478260869565216,0.043478260869565216,
10M,1E-7,rand-60,1000,18,mpest,raxml,0.0,0.0,
10M,1E-7,rand-60,1000,18,svdquartets,true,0.17391304347826086,0.17391304347826086,
10M,1E-7,rand-60,1000,18,astrid-ours,true,0.043478260869565216,0.043478260869565216,True
10M,1E-7,rand-60,1000,18,astrid-ours,raxml,0.08695652173913043,0.08695652173913043,True
10M,1E-7,rand-60,1000,19,astral,true,0.0,0.0,
10M,1E-7,rand-60,1000,19,astral,raxml,0.08695652173913043,0.08695652173913043,
10M,1E-7,rand-60,1000,19,astrid,true,0.0,0.0,
10M,1E-7,rand-60,1000,19,astrid,raxml,0.13043478260869565,0.13043478260869565,
10M,1E-7,rand-60,1000,19,mpest,true,0.0,0.0,
10M,1E-7,rand-60,1000,19,mpest,raxml,0.21739130434782608,0.21739130434782608,
10M,1E-7,rand-60,1000,19,svdquartets,true,0.30434782608695654,0.30434782608695654,
10M,1E-7,rand-60,1000,19,astrid-ours,true,0.0,0.0,True
10M,1E-7,rand-60,1000,19,astrid-ours,raxml,0.13043478260869565,0.13043478260869565,True
10M,1E-7,rand-60,1000,20,astral,true,0.0,0.0,
10M,1E-7,rand-60,1000,20,astral,raxml,0.043478260869565216,0.043478260869565216,
10M,1E-7,rand-60,1000,20,astrid,true,0.0,0.0,
10M,1E-7,rand-60,1000,20,astrid,raxml,0.08695652173913043,0.08695652173913043,
10M,1E-7,rand-60,1000,20,mpest,true,0.0,0.0,
10M,1E-7,rand-60,1000,20,mpest,raxml,0.17391304347826086,0.17391304347826086,
10M,1E-7,rand-60,1000,20,svdquartets,true,0.17391304347826086,0.17391304347826086,
10M,1E-7,rand-60,1000,20,astrid-ours,true,0.0,0.0,True
10M,1E-7,rand-60,1000,20,astrid-ours,raxml,0.08695652173913043,0.08695652173913043,True
10M,1E-6,full-0,50,1,astral,true,0.0,0.0,
10M,1E-6,full-0,50,1,astral,raxml,0.0,0.0,
10M,1E-6,full-0,50,1,astrid,true,0.0,0.0,
10M,1E-6,full-0,50,1,astrid,raxml,0.0,0.0,
10M,1E-6,full-0,50,1,mpest,true,0.0,0.0,
10M,1E-6,full-0,50,1,mpest,raxml,0.0,0.0,
10M,1E-6,full-0,50,1,svdquartets,true,0.0,0.0,
10M,1E-6,full-0,50,1,astrid-ours,true,0.0,0.0,True
10M,1E-6,full-0,50,1,astrid-ours,raxml,0.0,0.0,True
10M,1E-6,full-0,50,2,astral,true,0.043478260869565216,0.043478260869565216,
10M,1E-6,full-0,50,2,astral,raxml,0.0,0.0,
10M,1E-6,full-0,50,2,astrid,true,0.043478260869565216,0.043478260869565216,
10M,1E-6,full-0,50,2,astrid,raxml,0.0,0.0,
10M,1E-6,full-0,50,2,mpest,true,0.0,0.0,
10M,1E-6,full-0,50,2,mpest,raxml,0.0,0.0,
10M,1E-6,full-0,50,2,svdquartets,true,0.08695652173913043,0.08695652173913043,
10M,1E-6,full-0,50,2,astrid-ours,true,0.0,0.0,False
10M,1E-6,full-0,50,2,astrid-ours,raxml,0.0,0.0,True
10M,1E-6,full-0,50,3,astral,true,0.0,0.0,
10M,1E-6,full-0,50,3,astral,raxml,0.08695652173913043,0.08695652173913043,
10M,1E-6,full-0,50,3,astrid,true,0.0,0.0,
10M,1E-6,full-0,50,3,astrid,raxml,0.13043478260869565,0.13043478260869565,
10M,1E-6,full-0,50,3,mpest,true,0.0,0.0,
10M,1E-6,full-0,50,3,mpest,raxml,0.2608695652173913,0.2608695652173913,
10M,1E-6,full-0,50,3,svdquartets,true,0.43478260869565216,0.43478260869565216,
10M,1E-6,full-0,50,3,astrid-ours,true,0.0,0.0,True
10M,1E-6,full-0,50,3,astrid-ours,raxml,0.13043478260869565,0.13043478260869565,True
10M,1E-6,full-0,50,4,astral,true,0.0,0.0,
10M,1E-6,full-0,50,4,astral,raxml,0.0,0.0,
10M,1E-6,full-0,50,4,astrid,true,0.0,0.0,
10M,1E-6,full-0,50,4,astrid,raxml,0.043478260869565216,0.043478260869565216,
10M,1E-6,full-0,50,4,mpest,true,0.0,0.0,
10M,1E-6,full-0,50,4,mpest,raxml,0.0,0.0,
10M,1E-6,full-0,50,4,svdquartets,true,0.13043478260869565,0.13043478260869565,
10M,1E-6,full-0,50,4,astrid-ours,true,0.0,0.0,True
10M,1E-6,full-0,50,4,astrid-ours,raxml,0.043478260869565216,0.043478260869565216,True
10M,1E-6,full-0,50,5,astral,true,0.0,0.0,
10M,1E-6,full-0,50,5,astral,raxml,0.13043478260869565,0.13043478260869565,
10M,1E-6,full-0,50,5,astrid,true,0.0,0.0,
10M,1E-6,full-0,50,5,astrid,raxml,0.13043478260869565,0.13043478260869565,
10M,1E-6,full-0,50,5,mpest,true,0.0,0.0,
10M,1E-6,full-0,50,5,mpest,raxml,0.08695652173913043,0.08695652173913043,
10M,1E-6,full-0,50,5,svdquartets,true,0.043478260869565216,0.043478260869565216,
10M,1E-6,full-0,50,5,astrid-ours,true,0.0,0.0,True
10M,1E-6,full-0,50,5,astrid-ours,raxml,0.13043478260869565,0.13043478260869565,True
10M,1E-6,full-0,50,6,astral,true,0.0,0.0,
10M,1E-6,full-0,50,6,astral,raxml,0.043478260869565216,0.043478260869565216,
10M,1E-6,full-0,50,6,astrid,true,0.0,0.0,
10M,1E-6,full-0,50,6,astrid,raxml,0.0,0.0,
10M,1E-6,full-0,50,6,mpest,true,0.043478260869565216,0.043478260869565216,
10M,1E-6,full-0,50,6,mpest,raxml,0.043478260869565216,0.043478260869565216,
10M,1E-6,full-0,50,6,svdquartets,true,0.043478260869565216,0.043478260869565216,
10M,1E-6,full-0,50,6,astrid-ours,true,0.0,0.0,True
10M,1E-6,full-0,50,6,astrid-ours,raxml,0.0,0.0,True
10M,1E-6,full-0,50,7,astral,true,0.0,0.0,
10M,1E-6,full-0,50,7,astral,raxml,0.0,0.0,
10M,1E-6,full-0,50,7,astrid,true,0.0,0.0,
10M,1E-6,full-0,50,7,astrid,raxml,0.0,0.0,
10M,1E-6,full-0,50,7,mpest,true,0.0,0.0,
10M,1E-6,full-0,50,7,mpest,raxml,0.0,0.0,
10M,1E-6,full-0,50,7,svdquartets,true,0.08695652173913043,0.08695652173913043,
10M,1E-6,full-0,50,7,astrid-ours,true,0.0,0.0,True
10M,1E-6,full-0,50,7,astrid-ours,raxml,0.0,0.0,True
10M,1E-6,full-0,50,8,astral,true,0.0,0.0,
10M,1E-6,full-0,50,8,astral,raxml,0.08695652173913043,0.08695652173913043,
10M,1E-6,full-0,50,8,astrid,true,0.0,0.0,
10M,1E-6,full-0,50,8,astrid,raxml,0.08695652173913043,0.08695652173913043,
10M,1E-6,full-0,50,8,mpest,true,0.0,0.0,
10M,1E-6,full-0,50,8,mpest,raxml,0.08695652173913043,0.08695652173913043,
10M,1E-6,full-0,50,8,svdquartets,true,0.043478260869565216,0.043478260869565216,
10M,1E-6,full-0,50,8,astrid-ours,true,0.0,0.0,True
10M,1E-6,full-0,50,8,astrid-ours,raxml,0.08695652173913043,0.08695652173913043,True
10M,1E-6,full-0,50,9,astral,true,0.0,0.0,
10M,1E-6,full-0,50,9,astral,raxml,0.043478260869565216,0.043478260869565216,
10M,1E-6,full-0,50,9,astrid,true,0.0,0.0,
10M,1E-6,full-0,50,9,astrid,raxml,0.043478260869565216,0.043478260869565216,
10M,1E-6,full-0,50,9,mpest,true,0.0,0.0,
10M,1E-6,full-0,50,9,mpest,raxml,0.043478260869565216,0.043478260869565216,
10M,1E-6,full-0,50,9,svdquartets,true,0.0,0.0,
10M,1E-6,full-0,50,9,astrid-ours,true,0.0,0.0,True
10M,1E-6,full-0,50,9,astrid-ours,raxml,0.043478260869565216,0.043478260869565216,True
10M,1E-6,full-0,50,10,astral,true,0.043478260869565216,0.043478260869565216,
10M,1E-6,full-0,50,10,astral,raxml,0.043478260869565216,0.043478260869565216,
10M,1E-6,full-0,50,10,astrid,true,0.043478260869565216,0.043478260869565216,
10M,1E-6,full-0,50,10,astrid,raxml,0.08695652173913043,0.08695652173913043,
10M,1E-6,full-0,50,10,mpest,true,0.043478260869565216,0.043478260869565216,
10M,1E-6,full-0,50,10,mpest,raxml,0.08695652173913043,0.08695652173913043,
10M,1E-6,full-0,50,10,svdquartets,true,0.08695652173913043,0.08695652173913043,
10M,1E-6,full-0,50,10,astrid-ours,true,0.043478260869565216,0.043478260869565216,True
10M,1E-6,full-0,50,10,astrid-ours,raxml,0.08695652173913043,0.08695652173913043,True
10M,1E-6,full-0,50,11,astral,true,0.0,0.0,
10M,1E-6,full-0,50,11,astral,raxml,0.043478260869565216,0.043478260869565216,
10M,1E-6,full-0,50,11,astrid,true,0.0,0.0,
10M,1E-6,full-0,50,11,astrid,raxml,0.0,0.0,
10M,1E-6,full-0,50,11,mpest,true,0.0,0.0,
10M,1E-6,full-0,50,11,mpest,raxml,0.0,0.0,
10M,1E-6,full-0,50,11,svdquartets,true,0.0,0.0,
10M,1E-6,full-0,50,11,astrid-ours,true,0.0,0.0,True
10M,1E-6,full-0,50,11,astrid-ours,raxml,0.0,0.0,True
10M,1E-6,full-0,50,12,astral,true,0.0,0.0,
10M,1E-6,full-0,50,12,astral,raxml,0.043478260869565216,0.043478260869565216,
10M,1E-6,full-0,50,12,astrid,true,0.0,0.0,
10M,1E-6,full-0,50,12,astrid,raxml,0.043478260869565216,0.043478260869565216,
10M,1E-6,full-0,50,12,mpest,true,0.0,0.0,
10M,1E-6,full-0,50,12,mpest,raxml,0.0,0.0,
10M,1E-6,full-0,50,12,svdquartets,true,0.08695652173913043,0.08695652173913043,
10M,1E-6,full-0,50,12,astrid-ours,true,0.0,0.0,True
10M,1E-6,full-0,50,12,astrid-ours,raxml,0.043478260869565216,0.043478260869565216,True
10M,1E-6,full-0,50,13,astral,true,0.0,0.0,
10M,1E-6,full-0,50,13,astral,raxml,0.043478260869565216,0.043478260869565216,
10M,1E-6,full-0,50,13,astrid,true,0.0,0.0,
10M,1E-6,full-0,50,13,astrid,raxml,0.08695652173913043,0.08695652173913043,
10M,1E-6,full-0,50,13,mpest,true,0.0,0.0,
10M,1E-6,full-0,50,13,mpest,raxml,0.043478260869565216,0.043478260869565216,
10M,1E-6,full-0,50,13,svdquartets,true,0.13043478260869565,0.13043478260869565,
10M,1E-6,full-0,50,13,astrid-ours,true,0.0,0.0,True
10M,1E-6,full-0,50,13,astrid-ours,raxml,0.08695652173913043,0.08695652173913043,True
10M,1E-6,full-0,50,14,astral,true,0.0,0.0,
10M,1E-6,full-0,50,14,astral,raxml,0.043478260869565216,0.043478260869565216,
10M,1E-6,full-0,50,14,astrid,true,0.0,0.0,
10M,1E-6,full-0,50,14,astrid,raxml,0.043478260869565216,0.043478260869565216,
10M,1E-6,full-0,50,14,mpest,true,0.0,0.0,
10M,1E-6,full-0,50,14,mpest,raxml,0.043478260869565216,0.043478260869565216,
10M,1E-6,full-0,50,14,svdquartets,true,0.08695652173913043,0.08695652173913043,
10M,1E-6,full-0,50,14,astrid-ours,true,0.0,0.0,True
10M,1E-6,full-0,50,14,astrid-ours,raxml,0.043478260869565216,0.043478260869565216,True
10M,1E-6,full-0,50,15,astral,true,0.0,0.0,
10M,1E-6,full-0,50,15,astral,raxml,0.0,0.0,
10M,1E-6,full-0,50,15,astrid,true,0.0,0.0,
10M,1E-6,full-0,50,15,astrid,raxml,0.043478260869565216,0.043478260869565216,
10M,1E-6,full-0,50,15,mpest,true,0.0,0.0,
10M,1E-6,full-0,50,15,mpest,raxml,0.043478260869565216,0.043478260869565216,
10M,1E-6,full-0,50,15,svdquartets,true,0.043478260869565216,0.043478260869565216,
10M,1E-6,full-0,50,15,astrid-ours,true,0.0,0.0,True
10M,1E-6,full-0,50,15,astrid-ours,raxml,0.043478260869565216,0.043478260869565216,True
10M,1E-6,full-0,50,16,astral,true,0.0,0.0,
10M,1E-6,full-0,50,16,astral,raxml,0.0,0.0,
10M,1E-6,full-0,50,16,astrid,true,0.0,0.0,
10M,1E-6,full-0,50,16,astrid,raxml,0.043478260869565216,0.043478260869565216,
10M,1E-6,full-0,50,16,mpest,true,0.0,0.0,
10M,1E-6,full-0,50,16,mpest,raxml,0.0,0.0,
10M,1E-6,full-0,50,16,svdquartets,true,0.08695652173913043,0.08695652173913043,
10M,1E-6,full-0,50,16,astrid-ours,true,0.0,0.0,True
10M,1E-6,full-0,50,16,astrid-ours,raxml,0.043478260869565216,0.043478260869565216,True
10M,1E-6,full-0,50,17,astral,true,0.0,0.0,
10M,1E-6,full-0,50,17,astral,raxml,0.043478260869565216,0.043478260869565216,
10M,1E-6,full-0,50,17,astrid,true,0.0,0.0,
10M,1E-6,full-0,50,17,astrid,raxml,0.043478260869565216,0.043478260869565216,
10M,1E-6,full-0,50,17,mpest,true,0.0,0.0,
10M,1E-6,full-0,50,17,mpest,raxml,0.043478260869565216,0.043478260869565216,
10M,1E-6,full-0,50,17,svdquartets,true,0.043478260869565216,0.043478260869565216,
10M,1E-6,full-0,50,17,astrid-ours,true,0.0,0.0,True
10M,1E-6,full-0,50,17,astrid-ours,raxml,0.043478260869565216,0.043478260869565216,True
10M,1E-6,full-0,50,18,astral,true,0.0,0.0,
10M,1E-6,full-0,50,18,astral,raxml,0.043478260869565216,0.043478260869565216,
10M,1E-6,full-0,50,18,astrid,true,0.0,0.0,
10M,1E-6,full-0,50,18,astrid,raxml,0.0,0.0,
10M,1E-6,full-0,50,18,mpest,true,0.0,0.0,
10M,1E-6,full-0,50,18,mpest,raxml,0.0,0.0,
10M,1E-6,full-0,50,18,svdquartets,true,0.13043478260869565,0.13043478260869565,
10M,1E-6,full-0,50,18,astrid-ours,true,0.0,0.0,True
10M,1E-6,full-0,50,18,astrid-ours,raxml,0.0,0.0,True
10M,1E-6,full-0,50,19,astral,true,0.0,0.0,
10M,1E-6,full-0,50,19,astral,raxml,0.0,0.0,
10M,1E-6,full-0,50,19,astrid,true,0.0,0.0,
10M,1E-6,full-0,50,19,astrid,raxml,0.043478260869565216,0.043478260869565216,
10M,1E-6,full-0,50,19,mpest,true,0.0,0.0,
10M,1E-6,full-0,50,19,mpest,raxml,0.043478260869565216,0.043478260869565216,
10M,1E-6,full-0,50,19,svdquartets,true,0.043478260869565216,0.043478260869565216,
10M,1E-6,full-0,50,19,astrid-ours,true,0.0,0.0,True
10M,1E-6,full-0,50,19,astrid-ours,raxml,0.043478260869565216,0.043478260869565216,True
10M,1E-6,full-0,50,20,astral,true,0.0,0.0,
10M,1E-6,full-0,50,20,astral,raxml,0.0,0.0,
10M,1E-6,full-0,50,20,astrid,true,0.0,0.0,
10M,1E-6,full-0,50,20,astrid,raxml,0.0,0.0,
10M,1E-6,full-0,50,20,mpest,true,0.0,0.0,
10M,1E-6,full-0,50,20,mpest,raxml,0.043478260869565216,0.043478260869565216,
10M,1E-6,full-0,50,20,svdquartets,true,0.08695652173913043,0.08695652173913043,
10M,1E-6,full-0,50,20,astrid-ours,true,0.0,0.0,True
10M,1E-6,full-0,50,20,astrid-ours,raxml,0.0,0.0,True
10M,1E-6,full-0,200,1,astral,true,0.0,0.0,
10M,1E-6,full-0,200,1,astral,raxml,0.0,0.0,
10M,1E-6,full-0,200,1,astrid,true,0.0,0.0,
10M,1E-6,full-0,200,1,astrid,raxml,0.0,0.0,
10M,1E-6,full-0,200,1,mpest,true,0.0,0.0,
10M,1E-6,full-0,200,1,mpest,raxml,0.0,0.0,
10M,1E-6,full-0,200,1,svdquartets,true,0.043478260869565216,0.043478260869565216,
10M,1E-6,full-0,200,1,astrid-ours,true,0.0,0.0,True
10M,1E-6,full-0,200,1,astrid-ours,raxml,0.0,0.0,True
10M,1E-6,full-0,200,2,astral,true,0.043478260869565216,0.043478260869565216,
10M,1E-6,full-0,200,2,astral,raxml,0.043478260869565216,0.043478260869565216,
10M,1E-6,full-0,200,2,astrid,true,0.043478260869565216,0.043478260869565216,
10M,1E-6,full-0,200,2,astrid,raxml,0.043478260869565216,0.043478260869565216,
10M,1E-6,full-0,200,2,mpest,true,0.043478260869565216,0.043478260869565216,
10M,1E-6,full-0,200,2,mpest,raxml,0.043478260869565216,0.043478260869565216,
10M,1E-6,full-0,200,2,svdquartets,true,0.043478260869565216,0.043478260869565216,
10M,1E-6,full-0,200,2,astrid-ours,true,0.043478260869565216,0.043478260869565216,True
10M,1E-6,full-0,200,2,astrid-ours,raxml,0.043478260869565216,0.043478260869565216,True
10M,1E-6,full-0,200,3,astral,true,0.0,0.0,
10M,1E-6,full-0,200,3,astral,raxml,0.0,0.0,
10M,1E-6,full-0,200,3,astrid,true,0.0,0.0,
10M,1E-6,full-0,200,3,astrid,raxml,0.08695652173913043,0.08695652173913043,
10M,1E-6,full-0,200,3,mpest,true,0.0,0.0,
10M,1E-6,full-0,200,3,mpest,raxml,0.08695652173913043,0.08695652173913043,
10M,1E-6,full-0,200,3,svdquartets,true,0.2608695652173913,0.2608695652173913,
10M,1E-6,full-0,200,3,astrid-ours,true,0.0,0.0,True
10M,1E-6,full-0,200,3,astrid-ours,raxml,0.08695652173913043,0.08695652173913043,True
10M,1E-6,full-0,200,4,astral,true,0.0,0.0,
10M,1E-6,full-0,200,4,astral,raxml,0.0,0.0,
10M,1E-6,full-0,200,4,astrid,true,0.0,0.0,
10M,1E-6,full-0,200,4,astrid,raxml,0.0,0.0,
10M,1E-6,full-0,200,4,mpest,true,0.0,0.0,
10M,1E-6,full-0,200,4,mpest,raxml,0.0,0.0,
10M,1E-6,full-0,200,4,svdquartets,true,0.08695652173913043,0.08695652173913043,
10M,1E-6,full-0,200,4,astrid-ours,true,0.0,0.0,True
10M,1E-6,full-0,200,4,astrid-ours,raxml,0.0,0.0,True
10M,1E-6,full-0,200,5,astral,true,0.0,0.0,
10M,1E-6,full-0,200,5,astral,raxml,0.0,0.0,
10M,1E-6,full-0,200,5,astrid,true,0.0,0.0,
10M,1E-6,full-0,200,5,astrid,raxml,0.043478260869565216,0.043478260869565216,
10M,1E-6,full-0,200,5,mpest,true,0.0,0.0,
10M,1E-6,full-0,200,5,mpest,raxml,0.08695652173913043,0.08695652173913043,
10M,1E-6,full-0,200,5,svdquartets,true,0.043478260869565216,0.043478260869565216,
10M,1E-6,full-0,200,5,astrid-ours,true,0.0,0.0,True
10M,1E-6,full-0,200,5,astrid-ours,raxml,0.043478260869565216,0.043478260869565216,True
10M,1E-6,full-0,200,6,astral,true,0.0,0.0,
10M,1E-6,full-0,200,6,astral,raxml,0.0,0.0,
10M,1E-6,full-0,200,6,astrid,true,0.0,0.0,
10M,1E-6,full-0,200,6,astrid,raxml,0.0,0.0,
10M,1E-6,full-0,200,6,mpest,true,0.0,0.0,
10M,1E-6,full-0,200,6,mpest,raxml,0.0,0.0,
10M,1E-6,full-0,200,6,svdquartets,true,0.043478260869565216,0.043478260869565216,
10M,1E-6,full-0,200,6,astrid-ours,true,0.0,0.0,True
10M,1E-6,full-0,200,6,astrid-ours,raxml,0.0,0.0,True
10M,1E-6,full-0,200,7,astral,true,0.0,0.0,
10M,1E-6,full-0,200,7,astral,raxml,0.0,0.0,
10M,1E-6,full-0,200,7,astrid,true,0.0,0.0,
10M,1E-6,full-0,200,7,astrid,raxml,0.0,0.0,
10M,1E-6,full-0,200,7,mpest,true,0.0,0.0,
10M,1E-6,full-0,200,7,mpest,raxml,0.0,0.0,
10M,1E-6,full-0,200,7,svdquartets,true,0.043478260869565216,0.043478260869565216,
10M,1E-6,full-0,200,7,astrid-ours,true,0.0,0.0,True
10M,1E-6,full-0,200,7,astrid-ours,raxml,0.0,0.0,True
10M,1E-6,full-0,200,8,astral,true,0.0,0.0,
10M,1E-6,full-0,200,8,astral,raxml,0.043478260869565216,0.043478260869565216,
10M,1E-6,full-0,200,8,astrid,true,0.0,0.0,
10M,1E-6,full-0,200,8,astrid,raxml,0.043478260869565216,0.043478260869565216,
10M,1E-6,full-0,200,8,mpest,true,0.0,0.0,
10M,1E-6,full-0,200,8,mpest,raxml,0.043478260869565216,0.043478260869565216,
10M,1E-6,full-0,200,8,svdquartets,true,0.043478260869565216,0.043478260869565216,
10M,1E-6,full-0,200,8,astrid-ours,true,0.0,0.0,True
10M,1E-6,full-0,200,8,astrid-ours,raxml,0.043478260869565216,0.043478260869565216,True
10M,1E-6,full-0,200,9,astral,true,0.0,0.0,
10M,1E-6,full-0,200,9,astral,raxml,0.0,0.0,
10M,1E-6,full-0,200,9,astrid,true,0.0,0.0,
10M,1E-6,full-0,200,9,astrid,raxml,0.0,0.0,
10M,1E-6,full-0,200,9,mpest,true,0.0,0.0,
10M,1E-6,full-0,200,9,mpest,raxml,0.0,0.0,
10M,1E-6,full-0,200,9,svdquartets,true,0.0,0.0,
10M,1E-6,full-0,200,9,astrid-ours,true,0.0,0.0,True
10M,1E-6,full-0,200,9,astrid-ours,raxml,0.0,0.0,True
10M,1E-6,full-0,200,10,astral,true,0.0,0.0,
10M,1E-6,full-0,200,10,astral,raxml,0.0,0.0,
10M,1E-6,full-0,200,10,astrid,true,0.0,0.0,
10M,1E-6,full-0,200,10,astrid,raxml,0.0,0.0,
10M,1E-6,full-0,200,10,mpest,true,0.0,0.0,
10M,1E-6,full-0,200,10,mpest,raxml,0.043478260869565216,0.043478260869565216,
10M,1E-6,full-0,200,10,svdquartets,true,0.08695652173913043,0.08695652173913043,
10M,1E-6,full-0,200,10,astrid-ours,true,0.0,0.0,True
10M,1E-6,full-0,200,10,astrid-ours,raxml,0.0,0.0,True
10M,1E-6,full-0,200,11,astral,true,0.0,0.0,
10M,1E-6,full-0,200,11,astral,raxml,0.0,0.0,
10M,1E-6,full-0,200,11,astrid,true,0.0,0.0,
10M,1E-6,full-0,200,11,astrid,raxml,0.043478260869565216,0.043478260869565216,
10M,1E-6,full-0,200,11,mpest,true,0.0,0.0,
10M,1E-6,full-0,200,11,mpest,raxml,0.0,0.0,
10M,1E-6,full-0,200,11,svdquartets,true,0.0,0.0,
10M,1E-6,full-0,200,11,astrid-ours,true,0.0,0.0,True
10M,1E-6,full-0,200,11,astrid-ours,raxml,0.043478260869565216,0.043478260869565216,True
10M,1E-6,full-0,200,12,astral,true,0.0,0.0,
10M,1E-6,full-0,200,12,astral,raxml,0.08695652173913043,0.08695652173913043,
10M,1E-6,full-0,200,12,astrid,true,0.0,0.0,
10M,1E-6,full-0,200,12,astrid,raxml,0.043478260869565216,0.043478260869565216,
10M,1E-6,full-0,200,12,mpest,true,0.0,0.0,
10M,1E-6,full-0,200,12,mpest,raxml,0.043478260869565216,0.043478260869565216,
10M,1E-6,full-0,200,12,svdquartets,true,0.13043478260869565,0.13043478260869565,
10M,1E-6,full-0,200,12,astrid-ours,true,0.0,0.0,True
10M,1E-6,full-0,200,12,astrid-ours,raxml,0.043478260869565216,0.043478260869565216,True
10M,1E-6,full-0,200,13,astral,true,0.0,0.0,
10M,1E-6,full-0,200,13,astral,raxml,0.0,0.0,
10M,1E-6,full-0,200,13,astrid,true,0.0,0.0,
10M,1E-6,full-0,200,13,astrid,raxml,0.0,0.0,
10M,1E-6,full-0,200,13,mpest,true,0.0,0.0,
10M,1E-6,full-0,200,13,mpest,raxml,0.0,0.0,
10M,1E-6,full-0,200,13,svdquartets,true,0.043478260869565216,0.043478260869565216,
10M,1E-6,full-0,200,13,astrid-ours,true,0.0,0.0,True
10M,1E-6,full-0,200,13,astrid-ours,raxml,0.0,0.0,True
10M,1E-6,full-0,200,14,astral,true,0.0,0.0,
10M,1E-6,full-0,200,14,astral,raxml,0.0,0.0,
10M,1E-6,full-0,200,14,astrid,true,0.0,0.0,
10M,1E-6,full-0,200,14,astrid,raxml,0.0,0.0,
10M,1E-6,full-0,200,14,mpest,true,0.0,0.0,
10M,1E-6,full-0,200,14,mpest,raxml,0.0,0.0,
10M,1E-6,full-0,200,14,svdquartets,true,0.043478260869565216,0.043478260869565216,
10M,1E-6,full-0,200,14,astrid-ours,true,0.0,0.0,True
10M,1E-6,full-0,200,14,astrid-ours,raxml,0.0,0.0,True
10M,1E-6,full-0,200,15,astral,true,0.0,0.0,
10M,1E-6,full-0,200,15,astral,raxml,0.0,0.0,
10M,1E-6,full-0,200,15,astrid,true,0.0,0.0,
10M,1E-6,full-0,200,15,astrid,raxml,0.0,0.0,
10M,1E-6,full-0,200,15,mpest,true,0.0,0.0,
10M,1E-6,full-0,200,15,mpest,raxml,0.0,0.0,
10M,1E-6,full-0,200,15,svdquartets,true,0.043478260869565216,0.043478260869565216,
10M,1E-6,full-0,200,15,astrid-ours,true,0.0,0.0,True
10M,1E-6,full-0,200,15,astrid-ours,raxml,0.0,0.0,True
10M,1E-6,full-0,200,16,astral,true,0.0,0.0,
10M,1E-6,full-0,200,16,astral,raxml,0.0,0.0,
10M,1E-6,full-0,200,16,astrid,true,0.0,0.0,
10M,1E-6,full-0,200,16,astrid,raxml,0.0,0.0,
10M,1E-6,full-0,200,16,mpest,true,0.0,0.0,
10M,1E-6,full-0,200,16,mpest,raxml,0.0,0.0,
10M,1E-6,full-0,200,16,svdquartets,true,0.043478260869565216,0.043478260869565216,
10M,1E-6,full-0,200,16,astrid-ours,true,0.0,0.0,True
10M,1E-6,full-0,200,16,astrid-ours,raxml,0.0,0.0,True
10M,1E-6,full-0,200,17,astral,true,0.0,0.0,
10M,1E-6,full-0,200,17,astral,raxml,0.0,0.0,
10M,1E-6,full-0,200,17,astrid,true,0.0,0.0,
10M,1E-6,full-0,200,17,astrid,raxml,0.0,0.0,
10M,1E-6,full-0,200,17,mpest,true,0.0,0.0,
10M,1E-6,full-0,200,17,mpest,raxml,0.0,0.0,
10M,1E-6,full-0,200,17,svdquartets,true,0.08695652173913043,0.08695652173913043,
10M,1E-6,full-0,200,17,astrid-ours,true,0.0,0.0,True
10M,1E-6,full-0,200,17,astrid-ours,raxml,0.0,0.0,True
10M,1E-6,full-0,200,18,astral,true,0.043478260869565216,0.043478260869565216,
10M,1E-6,full-0,200,18,astral,raxml,0.043478260869565216,0.043478260869565216,
10M,1E-6,full-0,200,18,astrid,true,0.0,0.0,
10M,1E-6,full-0,200,18,astrid,raxml,0.043478260869565216,0.043478260869565216,
10M,1E-6,full-0,200,18,mpest,true,0.0,0.0,
10M,1E-6,full-0,200,18,mpest,raxml,0.043478260869565216,0.043478260869565216,
10M,1E-6,full-0,200,18,svdquartets,true,0.13043478260869565,0.13043478260869565,
10M,1E-6,full-0,200,18,astrid-ours,true,0.0,0.0,True
10M,1E-6,full-0,200,18,astrid-ours,raxml,0.043478260869565216,0.043478260869565216,True
10M,1E-6,full-0,200,19,astral,true,0.0,0.0,
10M,1E-6,full-0,200,19,astral,raxml,0.0,0.0,
10M,1E-6,full-0,200,19,astrid,true,0.0,0.0,
10M,1E-6,full-0,200,19,astrid,raxml,0.0,0.0,
10M,1E-6,full-0,200,19,mpest,true,0.0,0.0,
10M,1E-6,full-0,200,19,mpest,raxml,0.0,0.0,
10M,1E-6,full-0,200,19,svdquartets,true,0.0,0.0,
10M,1E-6,full-0,200,19,astrid-ours,true,0.0,0.0,True
10M,1E-6,full-0,200,19,astrid-ours,raxml,0.0,0.0,True
10M,1E-6,full-0,200,20,astral,true,0.0,0.0,
10M,1E-6,full-0,200,20,astral,raxml,0.0,0.0,
10M,1E-6,full-0,200,20,astrid,true,0.0,0.0,
10M,1E-6,full-0,200,20,astrid,raxml,0.0,0.0,
10M,1E-6,full-0,200,20,mpest,true,0.0,0.0,
10M,1E-6,full-0,200,20,mpest,raxml,0.0,0.0,
10M,1E-6,full-0,200,20,svdquartets,true,0.08695652173913043,0.08695652173913043,
10M,1E-6,full-0,200,20,astrid-ours,true,0.0,0.0,True
10M,1E-6,full-0,200,20,astrid-ours,raxml,0.0,0.0,True
10M,1E-6,full-0,1000,1,astral,true,0.0,0.0,
10M,1E-6,full-0,1000,1,astral,raxml,0.043478260869565216,0.043478260869565216,
10M,1E-6,full-0,1000,1,astrid,true,0.0,0.0,
10M,1E-6,full-0,1000,1,astrid,raxml,0.0,0.0,
10M,1E-6,full-0,1000,1,mpest,true,0.0,0.0,
10M,1E-6,full-0,1000,1,mpest,raxml,0.0,0.0,
10M,1E-6,full-0,1000,1,svdquartets,true,0.043478260869565216,0.043478260869565216,
10M,1E-6,full-0,1000,1,astrid-ours,true,0.0,0.0,True
10M,1E-6,full-0,1000,1,astrid-ours,raxml,0.0,0.0,True
10M,1E-6,full-0,1000,2,astral,true,0.0,0.0,
10M,1E-6,full-0,1000,2,astral,raxml,0.0,0.0,
10M,1E-6,full-0,1000,2,astrid,true,0.0,0.0,
10M,1E-6,full-0,1000,2,astrid,raxml,0.0,0.0,
10M,1E-6,full-0,1000,2,mpest,true,0.0,0.0,
10M,1E-6,full-0,1000,2,mpest,raxml,0.043478260869565216,0.043478260869565216,
10M,1E-6,full-0,1000,2,svdquartets,true,0.0,0.0,
10M,1E-6,full-0,1000,2,astrid-ours,true,0.0,0.0,True
10M,1E-6,full-0,1000,2,astrid-ours,raxml,0.0,0.0,True
10M,1E-6,full-0,1000,3,astral,true,0.0,0.0,
10M,1E-6,full-0,1000,3,astral,raxml,0.043478260869565216,0.043478260869565216,
10M,1E-6,full-0,1000,3,astrid,true,0.0,0.0,
10M,1E-6,full-0,1000,3,astrid,raxml,0.043478260869565216,0.043478260869565216,
10M,1E-6,full-0,1000,3,mpest,true,0.0,0.0,
10M,1E-6,full-0,1000,3,mpest,raxml,0.08695652173913043,0.08695652173913043,
10M,1E-6,full-0,1000,3,svdquartets,true,0.13043478260869565,0.13043478260869565,
10M,1E-6,full-0,1000,3,astrid-ours,true,0.0,0.0,True
10M,1E-6,full-0,1000,3,astrid-ours,raxml,0.043478260869565216,0.043478260869565216,True
10M,1E-6,full-0,1000,4,astral,true,0.0,0.0,
10M,1E-6,full-0,1000,4,astral,raxml,0.0,0.0,
10M,1E-6,full-0,1000,4,astrid,true,0.0,0.0,
10M,1E-6,full-0,1000,4,astrid,raxml,0.0,0.0,
10M,1E-6,full-0,1000,4,mpest,true,0.0,0.0,
10M,1E-6,full-0,1000,4,mpest,raxml,0.0,0.0,
10M,1E-6,full-0,1000,4,svdquartets,true,0.043478260869565216,0.043478260869565216,
10M,1E-6,full-0,1000,4,astrid-ours,true,0.0,0.0,True
10M,1E-6,full-0,1000,4,astrid-ours,raxml,0.0,0.0,True
10M,1E-6,full-0,1000,5,astral,true,0.0,0.0,
10M,1E-6,full-0,1000,5,astral,raxml,0.0,0.0,
10M,1E-6,full-0,1000,5,astrid,true,0.0,0.0,
10M,1E-6,full-0,1000,5,astrid,raxml,0.0,0.0,
10M,1E-6,full-0,1000,5,mpest,true,0.0,0.0,
10M,1E-6,full-0,1000,5,mpest,raxml,0.043478260869565216,0.043478260869565216,
10M,1E-6,full-0,1000,5,svdquartets,true,0.0,0.0,
10M,1E-6,full-0,1000,5,astrid-ours,true,0.0,0.0,True
10M,1E-6,full-0,1000,5,astrid-ours,raxml,0.0,0.0,True
10M,1E-6,full-0,1000,6,astral,true,0.0,0.0,
10M,1E-6,full-0,1000,6,astral,raxml,0.0,0.0,
10M,1E-6,full-0,1000,6,astrid,true,0.0,0.0,
10M,1E-6,full-0,1000,6,astrid,raxml,0.0,0.0,
10M,1E-6,full-0,1000,6,mpest,true,0.0,0.0,
10M,1E-6,full-0,1000,6,mpest,raxml,0.0,0.0,
10M,1E-6,full-0,1000,6,svdquartets,true,0.08695652173913043,0.08695652173913043,
10M,1E-6,full-0,1000,6,astrid-ours,true,0.0,0.0,True
10M,1E-6,full-0,1000,6,astrid-ours,raxml,0.0,0.0,True
10M,1E-6,full-0,1000,7,astral,true,0.0,0.0,
10M,1E-6,full-0,1000,7,astral,raxml,0.0,0.0,
10M,1E-6,full-0,1000,7,astrid,true,0.0,0.0,
10M,1E-6,full-0,1000,7,astrid,raxml,0.0,0.0,
10M,1E-6,full-0,1000,7,mpest,true,0.0,0.0,
10M,1E-6,full-0,1000,7,mpest,raxml,0.0,0.0,
10M,1E-6,full-0,1000,7,svdquartets,true,0.043478260869565216,0.043478260869565216,
10M,1E-6,full-0,1000,7,astrid-ours,true,0.0,0.0,True
10M,1E-6,full-0,1000,7,astrid-ours,raxml,0.0,0.0,True
10M,1E-6,full-0,1000,8,astral,true,0.0,0.0,
10M,1E-6,full-0,1000,8,astral,raxml,0.0,0.0,
10M,1E-6,full-0,1000,8,astrid,true,0.0,0.0,
10M,1E-6,full-0,1000,8,astrid,raxml,0.0,0.0,
10M,1E-6,full-0,1000,8,mpest,true,0.0,0.0,
10M,1E-6,full-0,1000,8,mpest,raxml,0.0,0.0,
10M,1E-6,full-0,1000,8,svdquartets,true,0.0,0.0,
10M,1E-6,full-0,1000,8,astrid-ours,true,0.0,0.0,True
10M,1E-6,full-0,1000,8,astrid-ours,raxml,0.0,0.0,True
10M,1E-6,full-0,1000,9,astral,true,0.0,0.0,
10M,1E-6,full-0,1000,9,astral,raxml,0.0,0.0,
10M,1E-6,full-0,1000,9,astrid,true,0.0,0.0,
10M,1E-6,full-0,1000,9,astrid,raxml,0.0,0.0,
10M,1E-6,full-0,1000,9,mpest,true,0.0,0.0,
10M,1E-6,full-0,1000,9,mpest,raxml,0.0,0.0,
10M,1E-6,full-0,1000,9,svdquartets,true,0.0,0.0,
10M,1E-6,full-0,1000,9,astrid-ours,true,0.0,0.0,True
10M,1E-6,full-0,1000,9,astrid-ours,raxml,0.0,0.0,True
10M,1E-6,full-0,1000,10,astral,true,0.0,0.0,
10M,1E-6,full-0,1000,10,astral,raxml,0.0,0.0,
10M,1E-6,full-0,1000,10,astrid,true,0.0,0.0,
10M,1E-6,full-0,1000,10,astrid,raxml,0.0,0.0,
10M,1E-6,full-0,1000,10,mpest,true,0.0,0.0,
10M,1E-6,full-0,1000,10,mpest,raxml,0.0,0.0,
10M,1E-6,full-0,1000,10,svdquartets,true,0.043478260869565216,0.043478260869565216,
10M,1E-6,full-0,1000,10,astrid-ours,true,0.0,0.0,True
10M,1E-6,full-0,1000,10,astrid-ours,raxml,0.0,0.0,True
10M,1E-6,full-0,1000,11,astral,true,0.0,0.0,
10M,1E-6,full-0,1000,11,astral,raxml,0.0,0.0,
10M,1E-6,full-0,1000,11,astrid,true,0.0,0.0,
10M,1E-6,full-0,1000,11,astrid,raxml,0.0,0.0,
10M,1E-6,full-0,1000,11,mpest,true,0.0,0.0,
10M,1E-6,full-0,1000,11,mpest,raxml,0.0,0.0,
10M,1E-6,full-0,1000,11,svdquartets,true,0.0,0.0,
10M,1E-6,full-0,1000,11,astrid-ours,true,0.0,0.0,True
10M,1E-6,full-0,1000,11,astrid-ours,raxml,0.0,0.0,True
10M,1E-6,full-0,1000,12,astral,true,0.0,0.0,
10M,1E-6,full-0,1000,12,astral,raxml,0.08695652173913043,0.08695652173913043,
10M,1E-6,full-0,1000,12,astrid,true,0.0,0.0,
10M,1E-6,full-0,1000,12,astrid,raxml,0.08695652173913043,0.08695652173913043,
10M,1E-6,full-0,1000,12,mpest,true,0.0,0.0,
10M,1E-6,full-0,1000,12,mpest,raxml,0.043478260869565216,0.043478260869565216,
10M,1E-6,full-0,1000,12,svdquartets,true,0.043478260869565216,0.043478260869565216,
10M,1E-6,full-0,1000,12,astrid-ours,true,0.0,0.0,True
10M,1E-6,full-0,1000,12,astrid-ours,raxml,0.08695652173913043,0.08695652173913043,True
10M,1E-6,full-0,1000,13,astral,true,0.0,0.0,
10M,1E-6,full-0,1000,13,astral,raxml,0.0,0.0,
10M,1E-6,full-0,1000,13,astrid,true,0.0,0.0,
10M,1E-6,full-0,1000,13,astrid,raxml,0.0,0.0,
10M,1E-6,full-0,1000,13,mpest,true,0.0,0.0,
10M,1E-6,full-0,1000,13,mpest,raxml,0.0,0.0,
10M,1E-6,full-0,1000,13,svdquartets,true,0.0,0.0,
10M,1E-6,full-0,1000,13,astrid-ours,true,0.0,0.0,True
10M,1E-6,full-0,1000,13,astrid-ours,raxml,0.0,0.0,True
10M,1E-6,full-0,1000,14,astral,true,0.0,0.0,
10M,1E-6,full-0,1000,14,astral,raxml,0.0,0.0,
10M,1E-6,full-0,1000,14,astrid,true,0.0,0.0,
10M,1E-6,full-0,1000,14,astrid,raxml,0.0,0.0,
10M,1E-6,full-0,1000,14,mpest,true,0.0,0.0,
10M,1E-6,full-0,1000,14,mpest,raxml,0.0,0.0,
10M,1E-6,full-0,1000,14,svdquartets,true,0.0,0.0,
10M,1E-6,full-0,1000,14,astrid-ours,true,0.0,0.0,True
10M,1E-6,full-0,1000,14,astrid-ours,raxml,0.0,0.0,True
10M,1E-6,full-0,1000,15,astral,true,0.0,0.0,
10M,1E-6,full-0,1000,15,astral,raxml,0.0,0.0,
10M,1E-6,full-0,1000,15,astrid,true,0.0,0.0,
10M,1E-6,full-0,1000,15,astrid,raxml,0.043478260869565216,0.043478260869565216,
10M,1E-6,full-0,1000,15,mpest,true,0.0,0.0,
10M,1E-6,full-0,1000,15,mpest,raxml,0.043478260869565216,0.043478260869565216,
10M,1E-6,full-0,1000,15,svdquartets,true,0.043478260869565216,0.043478260869565216,
10M,1E-6,full-0,1000,15,astrid-ours,true,0.0,0.0,True
10M,1E-6,full-0,1000,15,astrid-ours,raxml,0.043478260869565216,0.043478260869565216,True
10M,1E-6,full-0,1000,16,astral,true,0.0,0.0,
10M,1E-6,full-0,1000,16,astral,raxml,0.0,0.0,
10M,1E-6,full-0,1000,16,astrid,true,0.0,0.0,
10M,1E-6,full-0,1000,16,astrid,raxml,0.0,0.0,
10M,1E-6,full-0,1000,16,mpest,true,0.0,0.0,
10M,1E-6,full-0,1000,16,mpest,raxml,0.0,0.0,
10M,1E-6,full-0,1000,16,svdquartets,true,0.043478260869565216,0.043478260869565216,
10M,1E-6,full-0,1000,16,astrid-ours,true,0.0,0.0,True
10M,1E-6,full-0,1000,16,astrid-ours,raxml,0.0,0.0,True
10M,1E-6,full-0,1000,17,astral,true,0.0,0.0,
10M,1E-6,full-0,1000,17,astral,raxml,0.0,0.0,
10M,1E-6,full-0,1000,17,astrid,true,0.0,0.0,
10M,1E-6,full-0,1000,17,astrid,raxml,0.0,0.0,
10M,1E-6,full-0,1000,17,mpest,true,0.0,0.0,
10M,1E-6,full-0,1000,17,mpest,raxml,0.0,0.0,
10M,1E-6,full-0,1000,17,svdquartets,true,0.08695652173913043,0.08695652173913043,
10M,1E-6,full-0,1000,17,astrid-ours,true,0.0,0.0,True
10M,1E-6,full-0,1000,17,astrid-ours,raxml,0.0,0.0,True
10M,1E-6,full-0,1000,18,astral,true,0.0,0.0,
10M,1E-6,full-0,1000,18,astral,raxml,0.043478260869565216,0.043478260869565216,
10M,1E-6,full-0,1000,18,astrid,true,0.0,0.0,
10M,1E-6,full-0,1000,18,astrid,raxml,0.043478260869565216,0.043478260869565216,
10M,1E-6,full-0,1000,18,mpest,true,0.0,0.0,
10M,1E-6,full-0,1000,18,mpest,raxml,0.043478260869565216,0.043478260869565216,
10M,1E-6,full-0,1000,18,svdquartets,true,0.13043478260869565,0.13043478260869565,
10M,1E-6,full-0,1000,18,astrid-ours,true,0.0,0.0,True
10M,1E-6,full-0,1000,18,astrid-ours,raxml,0.043478260869565216,0.043478260869565216,True
10M,1E-6,full-0,1000,19,astral,true,0.0,0.0,
10M,1E-6,full-0,1000,19,astral,raxml,0.0,0.0,
10M,1E-6,full-0,1000,19,astrid,true,0.0,0.0,
10M,1E-6,full-0,1000,19,astrid,raxml,0.0,0.0,
10M,1E-6,full-0,1000,19,mpest,true,0.0,0.0,
10M,1E-6,full-0,1000,19,mpest,raxml,0.0,0.0,
10M,1E-6,full-0,1000,19,svdquartets,true,0.0,0.0,
10M,1E-6,full-0,1000,19,astrid-ours,true,0.0,0.0,True
10M,1E-6,full-0,1000,19,astrid-ours,raxml,0.0,0.0,True
10M,1E-6,full-0,1000,20,astral,true,0.0,0.0,
10M,1E-6,full-0,1000,20,astral,raxml,0.0,0.0,
10M,1E-6,full-0,1000,20,astrid,true,0.0,0.0,
10M,1E-6,full-0,1000,20,astrid,raxml,0.0,0.0,
10M,1E-6,full-0,1000,20,mpest,true,0.0,0.0,
10M,1E-6,full-0,1000,20,mpest,raxml,0.0,0.0,
10M,1E-6,full-0,1000,20,svdquartets,true,0.043478260869565216,0.043478260869565216,
10M,1E-6,full-0,1000,20,astrid-ours,true,0.0,0.0,True
10M,1E-6,full-0,1000,20,astrid-ours,raxml,0.0,0.0,True
10M,1E-6,rand-30,50,1,astral,true,0.0,0.0,
10M,1E-6,rand-30,50,1,astral,raxml,0.08695652173913043,0.08695652173913043,
10M,1E-6,rand-30,50,1,astrid,true,0.0,0.0,
10M,1E-6,rand-30,50,1,astrid,raxml,0.043478260869565216,0.043478260869565216,
10M,1E-6,rand-30,50,1,mpest,true,0.0,0.0,
10M,1E-6,rand-30,50,1,mpest,raxml,0.08695652173913043,0.08695652173913043,
10M,1E-6,rand-30,50,1,svdquartets,true,0.13043478260869565,0.13043478260869565,
10M,1E-6,rand-30,50,1,astrid-ours,true,0.0,0.0,True
10M,1E-6,rand-30,50,1,astrid-ours,raxml,0.043478260869565216,0.043478260869565216,True
10M,1E-6,rand-30,50,2,astral,true,0.0,0.0,
10M,1E-6,rand-30,50,2,astral,raxml,0.08695652173913043,0.08695652173913043,
10M,1E-6,rand-30,50,2,astrid,true,0.0,0.0,
10M,1E-6,rand-30,50,2,astrid,raxml,0.043478260869565216,0.043478260869565216,
10M,1E-6,rand-30,50,2,mpest,true,0.0,0.0,
10M,1E-6,rand-30,50,2,mpest,raxml,0.043478260869565216,0.043478260869565216,
10M,1E-6,rand-30,50,2,svdquartets,true,0.08695652173913043,0.08695652173913043,
10M,1E-6,rand-30,50,2,astrid-ours,true,0.0,0.0,True
10M,1E-6,rand-30,50,2,astrid-ours,raxml,0.043478260869565216,0.043478260869565216,True
10M,1E-6,rand-30,50,3,astral,true,0.0,0.0,
10M,1E-6,rand-30,50,3,astral,raxml,0.21739130434782608,0.21739130434782608,
10M,1E-6,rand-30,50,3,astrid,true,0.0,0.0,
10M,1E-6,rand-30,50,3,astrid,raxml,0.17391304347826086,0.17391304347826086,
10M,1E-6,rand-30,50,3,mpest,true,0.0,0.0,
10M,1E-6,rand-30,50,3,mpest,raxml,0.17391304347826086,0.17391304347826086,
10M,1E-6,rand-30,50,3,svdquartets,true,0.5217391304347826,0.5217391304347826,
10M,1E-6,rand-30,50,3,astrid-ours,true,0.0,0.0,True
10M,1E-6,rand-30,50,3,astrid-ours,raxml,0.17391304347826086,0.17391304347826086,True
10M,1E-6,rand-30,50,4,astral,true,0.0,0.0,
10M,1E-6,rand-30,50,4,astral,raxml,0.0,0.0,
10M,1E-6,rand-30,50,4,astrid,true,0.0,0.0,
10M,1E-6,rand-30,50,4,astrid,raxml,0.08695652173913043,0.08695652173913043,
10M,1E-6,rand-30,50,4,mpest,true,0.0,0.0,
10M,1E-6,rand-30,50,4,mpest,raxml,0.043478260869565216,0.043478260869565216,
10M,1E-6,rand-30,50,4,svdquartets,true,0.21739130434782608,0.21739130434782608,
10M,1E-6,rand-30,50,4,astrid-ours,true,0.0,0.0,True
10M,1E-6,rand-30,50,4,astrid-ours,raxml,0.08695652173913043,0.08695652173913043,True
10M,1E-6,rand-30,50,5,astral,true,0.13043478260869565,0.13043478260869565,
10M,1E-6,rand-30,50,5,astral,raxml,0.13043478260869565,0.13043478260869565,
10M,1E-6,rand-30,50,5,astrid,true,0.13043478260869565,0.13043478260869565,
10M,1E-6,rand-30,50,5,astrid,raxml,0.13043478260869565,0.13043478260869565,
10M,1E-6,rand-30,50,5,mpest,true,0.08695652173913043,0.08695652173913043,
10M,1E-6,rand-30,50,5,mpest,raxml,0.13043478260869565,0.13043478260869565,
10M,1E-6,rand-30,50,5,svdquartets,true,0.043478260869565216,0.043478260869565216,
10M,1E-6,rand-30,50,5,astrid-ours,true,0.13043478260869565,0.13043478260869565,True
10M,1E-6,rand-30,50,5,astrid-ours,raxml,0.13043478260869565,0.13043478260869565,True
10M,1E-6,rand-30,50,6,astral,true,0.08695652173913043,0.08695652173913043,
10M,1E-6,rand-30,50,6,astral,raxml,0.043478260869565216,0.043478260869565216,
10M,1E-6,rand-30,50,6,astrid,true,0.08695652173913043,0.08695652173913043,
10M,1E-6,rand-30,50,6,astrid,raxml,0.08695652173913043,0.08695652173913043,
10M,1E-6,rand-30,50,6,mpest,true,0.08695652173913043,0.08695652173913043,
10M,1E-6,rand-30,50,6,mpest,raxml,0.043478260869565216,0.043478260869565216,
10M,1E-6,rand-30,50,6,svdquartets,true,0.08695652173913043,0.08695652173913043,
10M,1E-6,rand-30,50,6,astrid-ours,true,0.08695652173913043,0.08695652173913043,True
10M,1E-6,rand-30,50,6,astrid-ours,raxml,0.08695652173913043,0.08695652173913043,True
10M,1E-6,rand-30,50,7,astral,true,0.0,0.0,
10M,1E-6,rand-30,50,7,astral,raxml,0.0,0.0,
10M,1E-6,rand-30,50,7,astrid,true,0.0,0.0,
10M,1E-6,rand-30,50,7,astrid,raxml,0.043478260869565216,0.043478260869565216,
10M,1E-6,rand-30,50,7,mpest,true,0.0,0.0,
10M,1E-6,rand-30,50,7,mpest,raxml,0.0,0.0,
10M,1E-6,rand-30,50,7,svdquartets,true,0.08695652173913043,0.08695652173913043,
10M,1E-6,rand-30,50,7,astrid-ours,true,0.0,0.0,True
10M,1E-6,rand-30,50,7,astrid-ours,raxml,0.043478260869565216,0.043478260869565216,True
10M,1E-6,rand-30,50,8,astral,true,0.043478260869565216,0.043478260869565216,
10M,1E-6,rand-30,50,8,astral,raxml,0.08695652173913043,0.08695652173913043,
10M,1E-6,rand-30,50,8,astrid,true,0.08695652173913043,0.08695652173913043,
10M,1E-6,rand-30,50,8,astrid,raxml,0.08695652173913043,0.08695652173913043,
10M,1E-6,rand-30,50,8,mpest,true,0.043478260869565216,0.043478260869565216,
10M,1E-6,rand-30,50,8,mpest,raxml,0.08695652173913043,0.08695652173913043,
10M,1E-6,rand-30,50,8,svdquartets,true,0.08695652173913043,0.08695652173913043,
10M,1E-6,rand-30,50,8,astrid-ours,true,0.08695652173913043,0.08695652173913043,True
10M,1E-6,rand-30,50,8,astrid-ours,raxml,0.08695652173913043,0.08695652173913043,True
10M,1E-6,rand-30,50,9,astral,true,0.0,0.0,
10M,1E-6,rand-30,50,9,astral,raxml,0.0,0.0,
10M,1E-6,rand-30,50,9,astrid,true,0.043478260869565216,0.043478260869565216,
10M,1E-6,rand-30,50,9,astrid,raxml,0.043478260869565216,0.043478260869565216,
10M,1E-6,rand-30,50,9,mpest,true,0.0,0.0,
10M,1E-6,rand-30,50,9,mpest,raxml,0.0,0.0,
10M,1E-6,rand-30,50,9,svdquartets,true,0.043478260869565216,0.043478260869565216,
10M,1E-6,rand-30,50,9,astrid-ours,true,0.043478260869565216,0.043478260869565216,True
10M,1E-6,rand-30,50,9,astrid-ours,raxml,0.043478260869565216,0.043478260869565216,True
10M,1E-6,rand-30,50,10,astral,true,0.043478260869565216,0.043478260869565216,
10M,1E-6,rand-30,50,10,astral,raxml,0.043478260869565216,0.043478260869565216,
10M,1E-6,rand-30,50,10,astrid,true,0.043478260869565216,0.043478260869565216,
10M,1E-6,rand-30,50,10,astrid,raxml,0.043478260869565216,0.043478260869565216,
10M,1E-6,rand-30,50,10,mpest,true,0.043478260869565216,0.043478260869565216,
10M,1E-6,rand-30,50,10,mpest,raxml,0.08695652173913043,0.08695652173913043,
10M,1E-6,rand-30,50,10,svdquartets,true,0.08695652173913043,0.08695652173913043,
10M,1E-6,rand-30,50,10,astrid-ours,true,0.043478260869565216,0.043478260869565216,True
10M,1E-6,rand-30,50,10,astrid-ours,raxml,0.043478260869565216,0.043478260869565216,True
10M,1E-6,rand-30,50,11,astral,true,0.0,0.0,
10M,1E-6,rand-30,50,11,astral,raxml,0.08695652173913043,0.08695652173913043,
10M,1E-6,rand-30,50,11,astrid,true,0.0,0.0,
10M,1E-6,rand-30,50,11,astrid,raxml,0.0,0.0,
10M,1E-6,rand-30,50,11,mpest,true,0.0,0.0,
10M,1E-6,rand-30,50,11,mpest,raxml,0.043478260869565216,0.043478260869565216,
10M,1E-6,rand-30,50,11,svdquartets,true,0.0,0.0,
10M,1E-6,rand-30,50,11,astrid-ours,true,0.0,0.0,True
10M,1E-6,rand-30,50,11,astrid-ours,raxml,0.0,0.0,True
10M,1E-6,rand-30,50,12,astral,true,0.043478260869565216,0.043478260869565216,
10M,1E-6,rand-30,50,12,astral,raxml,0.043478260869565216,0.043478260869565216,
10M,1E-6,rand-30,50,12,astrid,true,0.043478260869565216,0.043478260869565216,
10M,1E-6,rand-30,50,12,astrid,raxml,0.043478260869565216,0.043478260869565216,
10M,1E-6,rand-30,50,12,mpest,true,0.043478260869565216,0.043478260869565216,
10M,1E-6,rand-30,50,12,mpest,raxml,0.08695652173913043,0.08695652173913043,
10M,1E-6,rand-30,50,12,svdquartets,true,0.043478260869565216,0.043478260869565216,
10M,1E-6,rand-30,50,12,astrid-ours,true,0.043478260869565216,0.043478260869565216,True
10M,1E-6,rand-30,50,12,astrid-ours,raxml,0.043478260869565216,0.043478260869565216,True
10M,1E-6,rand-30,50,13,astral,true,0.0,0.0,
10M,1E-6,rand-30,50,13,astral,raxml,0.043478260869565216,0.043478260869565216,
10M,1E-6,rand-30,50,13,astrid,true,0.0,0.0,
10M,1E-6,rand-30,50,13,astrid,raxml,0.08695652173913043,0.08695652173913043,
10M,1E-6,rand-30,50,13,mpest,true,0.0,0.0,
10M,1E-6,rand-30,50,13,mpest,raxml,0.08695652173913043,0.08695652173913043,
10M,1E-6,rand-30,50,13,svdquartets,true,0.08695652173913043,0.08695652173913043,
10M,1E-6,rand-30,50,13,astrid-ours,true,0.0,0.0,True
10M,1E-6,rand-30,50,13,astrid-ours,raxml,0.08695652173913043,0.08695652173913043,True
10M,1E-6,rand-30,50,14,astral,true,0.043478260869565216,0.043478260869565216,
10M,1E-6,rand-30,50,14,astral,raxml,0.043478260869565216,0.043478260869565216,
10M,1E-6,rand-30,50,14,astrid,true,0.043478260869565216,0.043478260869565216,
10M,1E-6,rand-30,50,14,astrid,raxml,0.043478260869565216,0.043478260869565216,
10M,1E-6,rand-30,50,14,mpest,true,0.043478260869565216,0.043478260869565216,
10M,1E-6,rand-30,50,14,mpest,raxml,0.043478260869565216,0.043478260869565216,
10M,1E-6,rand-30,50,14,svdquartets,true,0.08695652173913043,0.08695652173913043,
10M,1E-6,rand-30,50,14,astrid-ours,true,0.043478260869565216,0.043478260869565216,True
10M,1E-6,rand-30,50,14,astrid-ours,raxml,0.043478260869565216,0.043478260869565216,True
10M,1E-6,rand-30,50,15,astral,true,0.0,0.0,
10M,1E-6,rand-30,50,15,astral,raxml,0.08695652173913043,0.08695652173913043,
10M,1E-6,rand-30,50,15,astrid,true,0.0,0.0,
10M,1E-6,rand-30,50,15,astrid,raxml,0.08695652173913043,0.08695652173913043,
10M,1E-6,rand-30,50,15,mpest,true,0.043478260869565216,0.043478260869565216,
10M,1E-6,rand-30,50,15,mpest,raxml,0.043478260869565216,0.043478260869565216,
10M,1E-6,rand-30,50,15,svdquartets,true,0.13043478260869565,0.13043478260869565,
10M,1E-6,rand-30,50,15,astrid-ours,true,0.0,0.0,True
10M,1E-6,rand-30,50,15,astrid-ours,raxml,0.08695652173913043,0.08695652173913043,True
10M,1E-6,rand-30,50,16,astral,true,0.0,0.0,
10M,1E-6,rand-30,50,16,astral,raxml,0.043478260869565216,0.043478260869565216,
10M,1E-6,rand-30,50,16,astrid,true,0.043478260869565216,0.043478260869565216,
10M,1E-6,rand-30,50,16,astrid,raxml,0.08695652173913043,0.08695652173913043,
10M,1E-6,rand-30,50,16,mpest,true,0.0,0.0,
10M,1E-6,rand-30,50,16,mpest,raxml,0.13043478260869565,0.13043478260869565,
10M,1E-6,rand-30,50,16,svdquartets,true,0.17391304347826086,0.17391304347826086,
10M,1E-6,rand-30,50,16,astrid-ours,true,0.043478260869565216,0.043478260869565216,True
10M,1E-6,rand-30,50,16,astrid-ours,raxml,0.08695652173913043,0.08695652173913043,True
10M,1E-6,rand-30,50,17,astral,true,0.0,0.0,
10M,1E-6,rand-30,50,17,astral,raxml,0.043478260869565216,0.043478260869565216,
10M,1E-6,rand-30,50,17,astrid,true,0.043478260869565216,0.043478260869565216,
10M,1E-6,rand-30,50,17,astrid,raxml,0.043478260869565216,0.043478260869565216,
10M,1E-6,rand-30,50,17,mpest,true,0.0,0.0,
10M,1E-6,rand-30,50,17,mpest,raxml,0.043478260869565216,0.043478260869565216,
10M,1E-6,rand-30,50,17,svdquartets,true,0.17391304347826086,0.17391304347826086,
10M,1E-6,rand-30,50,17,astrid-ours,true,0.043478260869565216,0.043478260869565216,True
10M,1E-6,rand-30,50,17,astrid-ours,raxml,0.043478260869565216,0.043478260869565216,True
10M,1E-6,rand-30,50,18,astral,true,0.0,0.0,
10M,1E-6,rand-30,50,18,astral,raxml,0.08695652173913043,0.08695652173913043,
10M,1E-6,rand-30,50,18,astrid,true,0.0,0.0,
10M,1E-6,rand-30,50,18,astrid,raxml,0.043478260869565216,0.043478260869565216,
10M,1E-6,rand-30,50,18,mpest,true,0.0,0.0,
10M,1E-6,rand-30,50,18,mpest,raxml,0.043478260869565216,0.043478260869565216,
10M,1E-6,rand-30,50,18,svdquartets,true,0.13043478260869565,0.13043478260869565,
10M,1E-6,rand-30,50,18,astrid-ours,true,0.0,0.0,True
10M,1E-6,rand-30,50,18,astrid-ours,raxml,0.043478260869565216,0.043478260869565216,True
10M,1E-6,rand-30,50,19,astral,true,0.0,0.0,
10M,1E-6,rand-30,50,19,astral,raxml,0.043478260869565216,0.043478260869565216,
10M,1E-6,rand-30,50,19,astrid,true,0.0,0.0,
10M,1E-6,rand-30,50,19,astrid,raxml,0.043478260869565216,0.043478260869565216,
10M,1E-6,rand-30,50,19,mpest,true,0.0,0.0,
10M,1E-6,rand-30,50,19,mpest,raxml,0.08695652173913043,0.08695652173913043,
10M,1E-6,rand-30,50,19,svdquartets,true,0.043478260869565216,0.043478260869565216,
10M,1E-6,rand-30,50,19,astrid-ours,true,0.0,0.0,True
10M,1E-6,rand-30,50,19,astrid-ours,raxml,0.043478260869565216,0.043478260869565216,True
10M,1E-6,rand-30,50,20,astral,true,0.0,0.0,
10M,1E-6,rand-30,50,20,astral,raxml,0.0,0.0,
10M,1E-6,rand-30,50,20,astrid,true,0.0,0.0,
10M,1E-6,rand-30,50,20,astrid,raxml,0.0,0.0,
10M,1E-6,rand-30,50,20,mpest,true,0.0,0.0,
10M,1E-6,rand-30,50,20,mpest,raxml,0.0,0.0,
10M,1E-6,rand-30,50,20,svdquartets,true,0.08695652173913043,0.08695652173913043,
10M,1E-6,rand-30,50,20,astrid-ours,true,0.0,0.0,True
10M,1E-6,rand-30,50,20,astrid-ours,raxml,0.0,0.0,True
10M,1E-6,rand-30,200,1,astral,true,0.0,0.0,
10M,1E-6,rand-30,200,1,astral,raxml,0.0,0.0,
10M,1E-6,rand-30,200,1,astrid,true,0.0,0.0,
10M,1E-6,rand-30,200,1,astrid,raxml,0.043478260869565216,0.043478260869565216,
10M,1E-6,rand-30,200,1,mpest,true,0.0,0.0,
10M,1E-6,rand-30,200,1,mpest,raxml,0.043478260869565216,0.043478260869565216,
10M,1E-6,rand-30,200,1,svdquartets,true,0.0,0.0,
10M,1E-6,rand-30,200,1,astrid-ours,true,0.0,0.0,True
10M,1E-6,rand-30,200,1,astrid-ours,raxml,0.043478260869565216,0.043478260869565216,True
10M,1E-6,rand-30,200,2,astral,true,0.0,0.0,
10M,1E-6,rand-30,200,2,astral,raxml,0.043478260869565216,0.043478260869565216,
10M,1E-6,rand-30,200,2,astrid,true,0.0,0.0,
10M,1E-6,rand-30,200,2,astrid,raxml,0.043478260869565216,0.043478260869565216,
10M,1E-6,rand-30,200,2,mpest,true,0.0,0.0,
10M,1E-6,rand-30,200,2,mpest,raxml,0.043478260869565216,0.043478260869565216,
10M,1E-6,rand-30,200,2,svdquartets,true,0.043478260869565216,0.043478260869565216,
10M,1E-6,rand-30,200,2,astrid-ours,true,0.0,0.0,True
10M,1E-6,rand-30,200,2,astrid-ours,raxml,0.043478260869565216,0.043478260869565216,True
10M,1E-6,rand-30,200,3,astral,true,0.0,0.0,
10M,1E-6,rand-30,200,3,astral,raxml,0.17391304347826086,0.17391304347826086,
10M,1E-6,rand-30,200,3,astrid,true,0.0,0.0,
10M,1E-6,rand-30,200,3,astrid,raxml,0.13043478260869565,0.13043478260869565,
10M,1E-6,rand-30,200,3,mpest,true,0.0,0.0,
10M,1E-6,rand-30,200,3,mpest,raxml,0.13043478260869565,0.13043478260869565,
10M,1E-6,rand-30,200,3,svdquartets,true,0.43478260869565216,0.43478260869565216,
10M,1E-6,rand-30,200,3,astrid-ours,true,0.0,0.0,True
10M,1E-6,rand-30,200,3,astrid-ours,raxml,0.13043478260869565,0.13043478260869565,True
10M,1E-6,rand-30,200,4,astral,true,0.0,0.0,
10M,1E-6,rand-30,200,4,astral,raxml,0.0,0.0,
10M,1E-6,rand-30,200,4,astrid,true,0.0,0.0,
10M,1E-6,rand-30,200,4,astrid,raxml,0.0,0.0,
10M,1E-6,rand-30,200,4,mpest,true,0.0,0.0,
10M,1E-6,rand-30,200,4,mpest,raxml,0.043478260869565216,0.043478260869565216,
10M,1E-6,rand-30,200,4,svdquartets,true,0.043478260869565216,0.043478260869565216,
10M,1E-6,rand-30,200,4,astrid-ours,true,0.0,0.0,True
10M,1E-6,rand-30,200,4,astrid-ours,raxml,0.0,0.0,True
10M,1E-6,rand-30,200,5,astral,true,0.0,0.0,
10M,1E-6,rand-30,200,5,astral,raxml,0.13043478260869565,0.13043478260869565,
10M,1E-6,rand-30,200,5,astrid,true,0.043478260869565216,0.043478260869565216,
10M,1E-6,rand-30,200,5,astrid,raxml,0.043478260869565216,0.043478260869565216,
10M,1E-6,rand-30,200,5,mpest,true,0.0,0.0,
10M,1E-6,rand-30,200,5,mpest,raxml,0.043478260869565216,0.043478260869565216,
10M,1E-6,rand-30,200,5,svdquartets,true,0.08695652173913043,0.08695652173913043,
10M,1E-6,rand-30,200,5,astrid-ours,true,0.043478260869565216,0.043478260869565216,True
10M,1E-6,rand-30,200,5,astrid-ours,raxml,0.08695652173913043,0.08695652173913043,False
10M,1E-6,rand-30,200,6,astral,true,0.043478260869565216,0.043478260869565216,
10M,1E-6,rand-30,200,6,astral,raxml,0.0,0.0,
10M,1E-6,rand-30,200,6,astrid,true,0.043478260869565216,0.043478260869565216,
10M,1E-6,rand-30,200,6,astrid,raxml,0.0,0.0,
10M,1E-6,rand-30,200,6,mpest,true,0.043478260869565216,0.043478260869565216,
10M,1E-6,rand-30,200,6,mpest,raxml,0.043478260869565216,0.043478260869565216,
10M,1E-6,rand-30,200,6,svdquartets,true,0.08695652173913043,0.08695652173913043,
10M,1E-6,rand-30,200,6,astrid-ours,true,0.043478260869565216,0.043478260869565216,True
10M,1E-6,rand-30,200,6,astrid-ours,raxml,0.0,0.0,True
10M,1E-6,rand-30,200,7,astral,true,0.0,0.0,
10M,1E-6,rand-30,200,7,astral,raxml,0.0,0.0,
10M,1E-6,rand-30,200,7,astrid,true,0.0,0.0,
10M,1E-6,rand-30,200,7,astrid,raxml,0.0,0.0,
10M,1E-6,rand-30,200,7,mpest,true,0.0,0.0,
10M,1E-6,rand-30,200,7,mpest,raxml,0.0,0.0,
10M,1E-6,rand-30,200,7,svdquartets,true,0.043478260869565216,0.043478260869565216,
10M,1E-6,rand-30,200,7,astrid-ours,true,0.0,0.0,True
10M,1E-6,rand-30,200,7,astrid-ours,raxml,0.0,0.0,True
10M,1E-6,rand-30,200,8,astral,true,0.0,0.0,
10M,1E-6,rand-30,200,8,astral,raxml,0.043478260869565216,0.043478260869565216,
10M,1E-6,rand-30,200,8,astrid,true,0.0,0.0,
10M,1E-6,rand-30,200,8,astrid,raxml,0.043478260869565216,0.043478260869565216,
10M,1E-6,rand-30,200,8,mpest,true,0.0,0.0,
10M,1E-6,rand-30,200,8,mpest,raxml,0.0,0.0,
10M,1E-6,rand-30,200,8,svdquartets,true,0.13043478260869565,0.13043478260869565,
10M,1E-6,rand-30,200,8,astrid-ours,true,0.0,0.0,True
10M,1E-6,rand-30,200,8,astrid-ours,raxml,0.043478260869565216,0.043478260869565216,True
10M,1E-6,rand-30,200,9,astral,true,0.0,0.0,
10M,1E-6,rand-30,200,9,astral,raxml,0.0,0.0,
10M,1E-6,rand-30,200,9,astrid,true,0.0,0.0,
10M,1E-6,rand-30,200,9,astrid,raxml,0.0,0.0,
10M,1E-6,rand-30,200,9,mpest,true,0.0,0.0,
10M,1E-6,rand-30,200,9,mpest,raxml,0.0,0.0,
10M,1E-6,rand-30,200,9,svdquartets,true,0.043478260869565216,0.043478260869565216,
10M,1E-6,rand-30,200,9,astrid-ours,true,0.0,0.0,True
10M,1E-6,rand-30,200,9,astrid-ours,raxml,0.0,0.0,True
10M,1E-6,rand-30,200,10,astral,true,0.0,0.0,
10M,1E-6,rand-30,200,10,astral,raxml,0.043478260869565216,0.043478260869565216,
10M,1E-6,rand-30,200,10,astrid,true,0.0,0.0,
10M,1E-6,rand-30,200,10,astrid,raxml,0.043478260869565216,0.043478260869565216,
10M,1E-6,rand-30,200,10,mpest,true,0.0,0.0,
10M,1E-6,rand-30,200,10,mpest,raxml,0.043478260869565216,0.043478260869565216,
10M,1E-6,rand-30,200,10,svdquartets,true,0.13043478260869565,0.13043478260869565,
10M,1E-6,rand-30,200,10,astrid-ours,true,0.0,0.0,True
10M,1E-6,rand-30,200,10,astrid-ours,raxml,0.043478260869565216,0.043478260869565216,True
10M,1E-6,rand-30,200,11,astral,true,0.0,0.0,
10M,1E-6,rand-30,200,11,astral,raxml,0.0,0.0,
10M,1E-6,rand-30,200,11,astrid,true,0.0,0.0,
10M,1E-6,rand-30,200,11,astrid,raxml,0.0,0.0,
10M,1E-6,rand-30,200,11,mpest,true,0.0,0.0,
10M,1E-6,rand-30,200,11,mpest,raxml,0.043478260869565216,0.043478260869565216,
10M,1E-6,rand-30,200,11,svdquartets,true,0.043478260869565216,0.043478260869565216,
10M,1E-6,rand-30,200,11,astrid-ours,true,0.0,0.0,True
10M,1E-6,rand-30,200,11,astrid-ours,raxml,0.0,0.0,True
10M,1E-6,rand-30,200,12,astral,true,0.0,0.0,
10M,1E-6,rand-30,200,12,astral,raxml,0.0,0.0,
10M,1E-6,rand-30,200,12,astrid,true,0.0,0.0,
10M,1E-6,rand-30,200,12,astrid,raxml,0.043478260869565216,0.043478260869565216,
10M,1E-6,rand-30,200,12,mpest,true,0.0,0.0,
10M,1E-6,rand-30,200,12,mpest,raxml,0.043478260869565216,0.043478260869565216,
10M,1E-6,rand-30,200,12,svdquartets,true,0.043478260869565216,0.043478260869565216,
10M,1E-6,rand-30,200,12,astrid-ours,true,0.0,0.0,True
10M,1E-6,rand-30,200,12,astrid-ours,raxml,0.043478260869565216,0.043478260869565216,True
10M,1E-6,rand-30,200,13,astral,true,0.0,0.0,
10M,1E-6,rand-30,200,13,astral,raxml,0.08695652173913043,0.08695652173913043,
10M,1E-6,rand-30,200,13,astrid,true,0.0,0.0,
10M,1E-6,rand-30,200,13,astrid,raxml,0.043478260869565216,0.043478260869565216,
10M,1E-6,rand-30,200,13,mpest,true,0.0,0.0,
10M,1E-6,rand-30,200,13,mpest,raxml,0.043478260869565216,0.043478260869565216,
10M,1E-6,rand-30,200,13,svdquartets,true,0.13043478260869565,0.13043478260869565,
10M,1E-6,rand-30,200,13,astrid-ours,true,0.0,0.0,True
10M,1E-6,rand-30,200,13,astrid-ours,raxml,0.043478260869565216,0.043478260869565216,True
10M,1E-6,rand-30,200,14,astral,true,0.0,0.0,
10M,1E-6,rand-30,200,14,astral,raxml,0.0,0.0,
10M,1E-6,rand-30,200,14,astrid,true,0.0,0.0,
10M,1E-6,rand-30,200,14,astrid,raxml,0.0,0.0,
10M,1E-6,rand-30,200,14,mpest,true,0.0,0.0,
10M,1E-6,rand-30,200,14,mpest,raxml,0.0,0.0,
10M,1E-6,rand-30,200,14,svdquartets,true,0.0,0.0,
10M,1E-6,rand-30,200,14,astrid-ours,true,0.0,0.0,True
10M,1E-6,rand-30,200,14,astrid-ours,raxml,0.0,0.0,True
10M,1E-6,rand-30,200,15,astral,true,0.0,0.0,
10M,1E-6,rand-30,200,15,astral,raxml,0.043478260869565216,0.043478260869565216,
10M,1E-6,rand-30,200,15,astrid,true,0.0,0.0,
10M,1E-6,rand-30,200,15,astrid,raxml,0.043478260869565216,0.043478260869565216,
10M,1E-6,rand-30,200,15,mpest,true,0.0,0.0,
10M,1E-6,rand-30,200,15,mpest,raxml,0.08695652173913043,0.08695652173913043,
10M,1E-6,rand-30,200,15,svdquartets,true,0.043478260869565216,0.043478260869565216,
10M,1E-6,rand-30,200,15,astrid-ours,true,0.0,0.0,True
10M,1E-6,rand-30,200,15,astrid-ours,raxml,0.043478260869565216,0.043478260869565216,True
10M,1E-6,rand-30,200,16,astral,true,0.0,0.0,
10M,1E-6,rand-30,200,16,astral,raxml,0.0,0.0,
10M,1E-6,rand-30,200,16,astrid,true,0.0,0.0,
10M,1E-6,rand-30,200,16,astrid,raxml,0.0,0.0,
10M,1E-6,rand-30,200,16,mpest,true,0.0,0.0,
10M,1E-6,rand-30,200,16,mpest,raxml,0.043478260869565216,0.043478260869565216,
10M,1E-6,rand-30,200,16,svdquartets,true,0.043478260869565216,0.043478260869565216,
10M,1E-6,rand-30,200,16,astrid-ours,true,0.0,0.0,True
10M,1E-6,rand-30,200,16,astrid-ours,raxml,0.0,0.0,True
10M,1E-6,rand-30,200,17,astral,true,0.0,0.0,
10M,1E-6,rand-30,200,17,astral,raxml,0.0,0.0,
10M,1E-6,rand-30,200,17,astrid,true,0.0,0.0,
10M,1E-6,rand-30,200,17,astrid,raxml,0.0,0.0,
10M,1E-6,rand-30,200,17,mpest,true,0.0,0.0,
10M,1E-6,rand-30,200,17,mpest,raxml,0.0,0.0,
10M,1E-6,rand-30,200,17,svdquartets,true,0.08695652173913043,0.08695652173913043,
10M,1E-6,rand-30,200,17,astrid-ours,true,0.0,0.0,True
10M,1E-6,rand-30,200,17,astrid-ours,raxml,0.0,0.0,True
10M,1E-6,rand-30,200,18,astral,true,0.043478260869565216,0.043478260869565216,
10M,1E-6,rand-30,200,18,astral,raxml,0.08695652173913043,0.08695652173913043,
10M,1E-6,rand-30,200,18,astrid,true,0.0,0.0,
10M,1E-6,rand-30,200,18,astrid,raxml,0.08695652173913043,0.08695652173913043,
10M,1E-6,rand-30,200,18,mpest,true,0.0,0.0,
10M,1E-6,rand-30,200,18,mpest,raxml,0.08695652173913043,0.08695652173913043,
10M,1E-6,rand-30,200,18,svdquartets,true,0.08695652173913043,0.08695652173913043,
10M,1E-6,rand-30,200,18,astrid-ours,true,0.0,0.0,True
10M,1E-6,rand-30,200,18,astrid-ours,raxml,0.08695652173913043,0.08695652173913043,True
10M,1E-6,rand-30,200,19,astral,true,0.0,0.0,
10M,1E-6,rand-30,200,19,astral,raxml,0.0,0.0,
10M,1E-6,rand-30,200,19,astrid,true,0.0,0.0,
10M,1E-6,rand-30,200,19,astrid,raxml,0.0,0.0,
10M,1E-6,rand-30,200,19,mpest,true,0.0,0.0,
10M,1E-6,rand-30,200,19,mpest,raxml,0.0,0.0,
10M,1E-6,rand-30,200,19,svdquartets,true,0.043478260869565216,0.043478260869565216,
10M,1E-6,rand-30,200,19,astrid-ours,true,0.0,0.0,True
10M,1E-6,rand-30,200,19,astrid-ours,raxml,0.0,0.0,True
10M,1E-6,rand-30,200,20,astral,true,0.0,0.0,
10M,1E-6,rand-30,200,20,astral,raxml,0.043478260869565216,0.043478260869565216,
10M,1E-6,rand-30,200,20,astrid,true,0.0,0.0,
10M,1E-6,rand-30,200,20,astrid,raxml,0.0,0.0,
10M,1E-6,rand-30,200,20,mpest,true,0.0,0.0,
10M,1E-6,rand-30,200,20,mpest,raxml,0.0,0.0,
10M,1E-6,rand-30,200,20,svdquartets,true,0.08695652173913043,0.08695652173913043,
10M,1E-6,rand-30,200,20,astrid-ours,true,0.0,0.0,True
10M,1E-6,rand-30,200,20,astrid-ours,raxml,0.0,0.0,True
10M,1E-6,rand-30,1000,1,astral,true,0.0,0.0,
10M,1E-6,rand-30,1000,1,astral,raxml,0.043478260869565216,0.043478260869565216,
10M,1E-6,rand-30,1000,1,astrid,true,0.0,0.0,
10M,1E-6,rand-30,1000,1,astrid,raxml,0.0,0.0,
10M,1E-6,rand-30,1000,1,mpest,true,0.0,0.0,
10M,1E-6,rand-30,1000,1,mpest,raxml,0.0,0.0,
10M,1E-6,rand-30,1000,1,svdquartets,true,0.0,0.0,
10M,1E-6,rand-30,1000,1,astrid-ours,true,0.0,0.0,True
10M,1E-6,rand-30,1000,1,astrid-ours,raxml,0.0,0.0,True
10M,1E-6,rand-30,1000,2,astral,true,0.0,0.0,
10M,1E-6,rand-30,1000,2,astral,raxml,0.0,0.0,
10M,1E-6,rand-30,1000,2,astrid,true,0.0,0.0,
10M,1E-6,rand-30,1000,2,astrid,raxml,0.0,0.0,
10M,1E-6,rand-30,1000,2,mpest,true,0.0,0.0,
10M,1E-6,rand-30,1000,2,mpest,raxml,0.0,0.0,
10M,1E-6,rand-30,1000,2,svdquartets,true,0.043478260869565216,0.043478260869565216,
10M,1E-6,rand-30,1000,2,astrid-ours,true,0.0,0.0,True
10M,1E-6,rand-30,1000,2,astrid-ours,raxml,0.0,0.0,True
10M,1E-6,rand-30,1000,3,astral,true,0.0,0.0,
10M,1E-6,rand-30,1000,3,astral,raxml,0.08695652173913043,0.08695652173913043,
10M,1E-6,rand-30,1000,3,astrid,true,0.0,0.0,
10M,1E-6,rand-30,1000,3,astrid,raxml,0.043478260869565216,0.043478260869565216,
10M,1E-6,rand-30,1000,3,mpest,true,0.0,0.0,
10M,1E-6,rand-30,1000,3,mpest,raxml,0.08695652173913043,0.08695652173913043,
10M,1E-6,rand-30,1000,3,svdquartets,true,0.13043478260869565,0.13043478260869565,
10M,1E-6,rand-30,1000,3,astrid-ours,true,0.0,0.0,True
10M,1E-6,rand-30,1000,3,astrid-ours,raxml,0.043478260869565216,0.043478260869565216,True
10M,1E-6,rand-30,1000,4,astral,true,0.0,0.0,
10M,1E-6,rand-30,1000,4,astral,raxml,0.0,0.0,
10M,1E-6,rand-30,1000,4,astrid,true,0.0,0.0,
10M,1E-6,rand-30,1000,4,astrid,raxml,0.0,0.0,
10M,1E-6,rand-30,1000,4,mpest,true,0.0,0.0,
10M,1E-6,rand-30,1000,4,mpest,raxml,0.0,0.0,
10M,1E-6,rand-30,1000,4,svdquartets,true,0.08695652173913043,0.08695652173913043,
10M,1E-6,rand-30,1000,4,astrid-ours,true,0.0,0.0,True
10M,1E-6,rand-30,1000,4,astrid-ours,raxml,0.0,0.0,True
10M,1E-6,rand-30,1000,5,astral,true,0.0,0.0,
10M,1E-6,rand-30,1000,5,astral,raxml,0.08695652173913043,0.08695652173913043,
10M,1E-6,rand-30,1000,5,astrid,true,0.0,0.0,
10M,1E-6,rand-30,1000,5,astrid,raxml,0.043478260869565216,0.043478260869565216,
10M,1E-6,rand-30,1000,5,mpest,true,0.0,0.0,
10M,1E-6,rand-30,1000,5,mpest,raxml,0.043478260869565216,0.043478260869565216,
10M,1E-6,rand-30,1000,5,svdquartets,true,0.0,0.0,
10M,1E-6,rand-30,1000,5,astrid-ours,true,0.0,0.0,True
10M,1E-6,rand-30,1000,5,astrid-ours,raxml,0.043478260869565216,0.043478260869565216,True
10M,1E-6,rand-30,1000,6,astral,true,0.0,0.0,
10M,1E-6,rand-30,1000,6,astral,raxml,0.0,0.0,
10M,1E-6,rand-30,1000,6,astrid,true,0.0,0.0,
10M,1E-6,rand-30,1000,6,astrid,raxml,0.0,0.0,
10M,1E-6,rand-30,1000,6,mpest,true,0.0,0.0,
10M,1E-6,rand-30,1000,6,mpest,raxml,0.0,0.0,
10M,1E-6,rand-30,1000,6,svdquartets,true,0.043478260869565216,0.043478260869565216,
10M,1E-6,rand-30,1000,6,astrid-ours,true,0.0,0.0,True
10M,1E-6,rand-30,1000,6,astrid-ours,raxml,0.0,0.0,True
10M,1E-6,rand-30,1000,7,astral,true,0.0,0.0,
10M,1E-6,rand-30,1000,7,astral,raxml,0.0,0.0,
10M,1E-6,rand-30,1000,7,astrid,true,0.0,0.0,
10M,1E-6,rand-30,1000,7,astrid,raxml,0.0,0.0,
10M,1E-6,rand-30,1000,7,mpest,true,0.0,0.0,
10M,1E-6,rand-30,1000,7,mpest,raxml,0.0,0.0,
10M,1E-6,rand-30,1000,7,svdquartets,true,0.08695652173913043,0.08695652173913043,
10M,1E-6,rand-30,1000,7,astrid-ours,true,0.0,0.0,True
10M,1E-6,rand-30,1000,7,astrid-ours,raxml,0.0,0.0,True
10M,1E-6,rand-30,1000,8,astral,true,0.0,0.0,
10M,1E-6,rand-30,1000,8,astral,raxml,0.0,0.0,
10M,1E-6,rand-30,1000,8,astrid,true,0.0,0.0,
10M,1E-6,rand-30,1000,8,astrid,raxml,0.0,0.0,
10M,1E-6,rand-30,1000,8,mpest,true,0.0,0.0,
10M,1E-6,rand-30,1000,8,mpest,raxml,0.0,0.0,
10M,1E-6,rand-30,1000,8,svdquartets,true,0.08695652173913043,0.08695652173913043,
10M,1E-6,rand-30,1000,8,astrid-ours,true,0.0,0.0,True
10M,1E-6,rand-30,1000,8,astrid-ours,raxml,0.0,0.0,True
10M,1E-6,rand-30,1000,9,astral,true,0.0,0.0,
10M,1E-6,rand-30,1000,9,astral,raxml,0.0,0.0,
10M,1E-6,rand-30,1000,9,astrid,true,0.0,0.0,
10M,1E-6,rand-30,1000,9,astrid,raxml,0.0,0.0,
10M,1E-6,rand-30,1000,9,mpest,true,0.0,0.0,
10M,1E-6,rand-30,1000,9,mpest,raxml,0.0,0.0,
10M,1E-6,rand-30,1000,9,svdquartets,true,0.0,0.0,
10M,1E-6,rand-30,1000,9,astrid-ours,true,0.0,0.0,True
10M,1E-6,rand-30,1000,9,astrid-ours,raxml,0.0,0.0,True
10M,1E-6,rand-30,1000,10,astral,true,0.0,0.0,
10M,1E-6,rand-30,1000,10,astral,raxml,0.0,0.0,
10M,1E-6,rand-30,1000,10,astrid,true,0.0,0.0,
10M,1E-6,rand-30,1000,10,astrid,raxml,0.0,0.0,
10M,1E-6,rand-30,1000,10,mpest,true,0.0,0.0,
10M,1E-6,rand-30,1000,10,mpest,raxml,0.0,0.0,
10M,1E-6,rand-30,1000,10,svdquartets,true,0.043478260869565216,0.043478260869565216,
10M,1E-6,rand-30,1000,10,astrid-ours,true,0.0,0.0,True
10M,1E-6,rand-30,1000,10,astrid-ours,raxml,0.0,0.0,True
10M,1E-6,rand-30,1000,11,astral,true,0.0,0.0,
10M,1E-6,rand-30,1000,11,astral,raxml,0.0,0.0,
10M,1E-6,rand-30,1000,11,astrid,true,0.0,0.0,
10M,1E-6,rand-30,1000,11,astrid,raxml,0.0,0.0,
10M,1E-6,rand-30,1000,11,mpest,true,0.0,0.0,
10M,1E-6,rand-30,1000,11,mpest,raxml,0.0,0.0,
10M,1E-6,rand-30,1000,11,svdquartets,true,0.0,0.0,
10M,1E-6,rand-30,1000,11,astrid-ours,true,0.0,0.0,True
10M,1E-6,rand-30,1000,11,astrid-ours,raxml,0.0,0.0,True
10M,1E-6,rand-30,1000,12,astral,true,0.0,0.0,
10M,1E-6,rand-30,1000,12,astral,raxml,0.0,0.0,
10M,1E-6,rand-30,1000,12,astrid,true,0.0,0.0,
10M,1E-6,rand-30,1000,12,astrid,raxml,0.0,0.0,
10M,1E-6,rand-30,1000,12,mpest,true,0.0,0.0,
10M,1E-6,rand-30,1000,12,mpest,raxml,0.0,0.0,
10M,1E-6,rand-30,1000,12,svdquartets,true,0.043478260869565216,0.043478260869565216,
10M,1E-6,rand-30,1000,12,astrid-ours,true,0.0,0.0,True
10M,1E-6,rand-30,1000,12,astrid-ours,raxml,0.0,0.0,True
10M,1E-6,rand-30,1000,13,astral,true,0.0,0.0,
10M,1E-6,rand-30,1000,13,astral,raxml,0.0,0.0,
10M,1E-6,rand-30,1000,13,astrid,true,0.0,0.0,
10M,1E-6,rand-30,1000,13,astrid,raxml,0.0,0.0,
10M,1E-6,rand-30,1000,13,mpest,true,0.0,0.0,
10M,1E-6,rand-30,1000,13,mpest,raxml,0.0,0.0,
10M,1E-6,rand-30,1000,13,svdquartets,true,0.0,0.0,
10M,1E-6,rand-30,1000,13,astrid-ours,true,0.0,0.0,True
10M,1E-6,rand-30,1000,13,astrid-ours,raxml,0.0,0.0,True
10M,1E-6,rand-30,1000,14,astral,true,0.0,0.0,
10M,1E-6,rand-30,1000,14,astral,raxml,0.0,0.0,
10M,1E-6,rand-30,1000,14,astrid,true,0.0,0.0,
10M,1E-6,rand-30,1000,14,astrid,raxml,0.0,0.0,
10M,1E-6,rand-30,1000,14,mpest,true,0.0,0.0,
10M,1E-6,rand-30,1000,14,mpest,raxml,0.0,0.0,
10M,1E-6,rand-30,1000,14,svdquartets,true,0.0,0.0,
10M,1E-6,rand-30,1000,14,astrid-ours,true,0.0,0.0,True
10M,1E-6,rand-30,1000,14,astrid-ours,raxml,0.0,0.0,True
10M,1E-6,rand-30,1000,15,astral,true,0.0,0.0,
10M,1E-6,rand-30,1000,15,astral,raxml,0.0,0.0,
10M,1E-6,rand-30,1000,15,astrid,true,0.0,0.0,
10M,1E-6,rand-30,1000,15,astrid,raxml,0.043478260869565216,0.043478260869565216,
10M,1E-6,rand-30,1000,15,mpest,true,0.0,0.0,
10M,1E-6,rand-30,1000,15,mpest,raxml,0.043478260869565216,0.043478260869565216,
10M,1E-6,rand-30,1000,15,svdquartets,true,0.043478260869565216,0.043478260869565216,
10M,1E-6,rand-30,1000,15,astrid-ours,true,0.0,0.0,True
10M,1E-6,rand-30,1000,15,astrid-ours,raxml,0.043478260869565216,0.043478260869565216,True
10M,1E-6,rand-30,1000,16,astral,true,0.0,0.0,
10M,1E-6,rand-30,1000,16,astral,raxml,0.0,0.0,
10M,1E-6,rand-30,1000,16,astrid,true,0.0,0.0,
10M,1E-6,rand-30,1000,16,astrid,raxml,0.08695652173913043,0.08695652173913043,
10M,1E-6,rand-30,1000,16,mpest,true,0.0,0.0,
10M,1E-6,rand-30,1000,16,mpest,raxml,0.0,0.0,
10M,1E-6,rand-30,1000,16,svdquartets,true,0.08695652173913043,0.08695652173913043,
10M,1E-6,rand-30,1000,16,astrid-ours,true,0.0,0.0,True
10M,1E-6,rand-30,1000,16,astrid-ours,raxml,0.08695652173913043,0.08695652173913043,True
10M,1E-6,rand-30,1000,17,astral,true,0.0,0.0,
10M,1E-6,rand-30,1000,17,astral,raxml,0.0,0.0,
10M,1E-6,rand-30,1000,17,astrid,true,0.0,0.0,
10M,1E-6,rand-30,1000,17,astrid,raxml,0.0,0.0,
10M,1E-6,rand-30,1000,17,mpest,true,0.0,0.0,
10M,1E-6,rand-30,1000,17,mpest,raxml,0.0,0.0,
10M,1E-6,rand-30,1000,17,svdquartets,true,0.08695652173913043,0.08695652173913043,
10M,1E-6,rand-30,1000,17,astrid-ours,true,0.0,0.0,True
10M,1E-6,rand-30,1000,17,astrid-ours,raxml,0.0,0.0,True
10M,1E-6,rand-30,1000,18,astral,true,0.0,0.0,
10M,1E-6,rand-30,1000,18,astral,raxml,0.08695652173913043,0.08695652173913043,
10M,1E-6,rand-30,1000,18,astrid,true,0.0,0.0,
10M,1E-6,rand-30,1000,18,astrid,raxml,0.08695652173913043,0.08695652173913043,
10M,1E-6,rand-30,1000,18,mpest,true,0.0,0.0,
10M,1E-6,rand-30,1000,18,mpest,raxml,0.043478260869565216,0.043478260869565216,
10M,1E-6,rand-30,1000,18,svdquartets,true,0.08695652173913043,0.08695652173913043,
10M,1E-6,rand-30,1000,18,astrid-ours,true,0.0,0.0,True
10M,1E-6,rand-30,1000,18,astrid-ours,raxml,0.08695652173913043,0.08695652173913043,True
10M,1E-6,rand-30,1000,19,astral,true,0.0,0.0,
10M,1E-6,rand-30,1000,19,astral,raxml,0.0,0.0,
10M,1E-6,rand-30,1000,19,astrid,true,0.0,0.0,
10M,1E-6,rand-30,1000,19,astrid,raxml,0.0,0.0,
10M,1E-6,rand-30,1000,19,mpest,true,0.0,0.0,
10M,1E-6,rand-30,1000,19,mpest,raxml,0.0,0.0,
10M,1E-6,rand-30,1000,19,svdquartets,true,0.043478260869565216,0.043478260869565216,
10M,1E-6,rand-30,1000,19,astrid-ours,true,0.0,0.0,True
10M,1E-6,rand-30,1000,19,astrid-ours,raxml,0.0,0.0,True
10M,1E-6,rand-30,1000,20,astral,true,0.0,0.0,
10M,1E-6,rand-30,1000,20,astral,raxml,0.0,0.0,
10M,1E-6,rand-30,1000,20,astrid,true,0.0,0.0,
10M,1E-6,rand-30,1000,20,astrid,raxml,0.0,0.0,
10M,1E-6,rand-30,1000,20,mpest,true,0.0,0.0,
10M,1E-6,rand-30,1000,20,mpest,raxml,0.0,0.0,
10M,1E-6,rand-30,1000,20,svdquartets,true,0.0,0.0,
10M,1E-6,rand-30,1000,20,astrid-ours,true,0.0,0.0,True
10M,1E-6,rand-30,1000,20,astrid-ours,raxml,0.0,0.0,True
10M,1E-6,rand-60,50,1,astral,true,0.13043478260869565,0.13043478260869565,
10M,1E-6,rand-60,50,1,astral,raxml,0.17391304347826086,0.17391304347826086,
10M,1E-6,rand-60,50,1,astrid,true,0.08695652173913043,0.08695652173913043,
10M,1E-6,rand-60,50,1,astrid,raxml,0.17391304347826086,0.17391304347826086,
10M,1E-6,rand-60,50,1,mpest,true,0.17391304347826086,0.17391304347826086,
10M,1E-6,rand-60,50,1,mpest,raxml,0.17391304347826086,0.17391304347826086,
10M,1E-6,rand-60,50,1,svdquartets,true,0.21739130434782608,0.21739130434782608,
10M,1E-6,rand-60,50,1,astrid-ours,true,0.08695652173913043,0.08695652173913043,True
10M,1E-6,rand-60,50,1,astrid-ours,raxml,0.17391304347826086,0.17391304347826086,True
10M,1E-6,rand-60,50,2,astral,true,0.0,0.0,
10M,1E-6,rand-60,50,2,astral,raxml,0.13043478260869565,0.13043478260869565,
10M,1E-6,rand-60,50,2,astrid,true,0.08695652173913043,0.08695652173913043,
10M,1E-6,rand-60,50,2,astrid,raxml,0.13043478260869565,0.13043478260869565,
10M,1E-6,rand-60,50,2,mpest,true,0.043478260869565216,0.043478260869565216,
10M,1E-6,rand-60,50,2,mpest,raxml,0.17391304347826086,0.17391304347826086,
10M,1E-6,rand-60,50,2,svdquartets,true,0.08695652173913043,0.08695652173913043,
10M,1E-6,rand-60,50,2,astrid-ours,true,0.08695652173913043,0.08695652173913043,True
10M,1E-6,rand-60,50,2,astrid-ours,raxml,0.13043478260869565,0.13043478260869565,True
10M,1E-6,rand-60,50,3,astral,true,0.043478260869565216,0.043478260869565216,
10M,1E-6,rand-60,50,3,astral,raxml,0.4782608695652174,0.4782608695652174,
10M,1E-6,rand-60,50,3,astrid,true,0.13043478260869565,0.13043478260869565,
10M,1E-6,rand-60,50,3,astrid,raxml,0.43478260869565216,0.43478260869565216,
10M,1E-6,rand-60,50,3,mpest,true,0.08695652173913043,0.08695652173913043,
10M,1E-6,rand-60,50,3,mpest,raxml,0.5652173913043478,0.5652173913043478,
10M,1E-6,rand-60,50,3,svdquartets,true,0.6521739130434783,0.6521739130434783,
10M,1E-6,rand-60,50,3,astrid-ours,true,0.13043478260869565,0.13043478260869565,True
10M,1E-6,rand-60,50,3,astrid-ours,raxml,0.43478260869565216,0.43478260869565216,True
10M,1E-6,rand-60,50,4,astral,true,0.0,0.0,
10M,1E-6,rand-60,50,4,astral,raxml,0.0,0.0,
10M,1E-6,rand-60,50,4,astrid,true,0.0,0.0,
10M,1E-6,rand-60,50,4,astrid,raxml,0.13043478260869565,0.13043478260869565,
10M,1E-6,rand-60,50,4,mpest,true,0.0,0.0,
10M,1E-6,rand-60,50,4,mpest,raxml,0.21739130434782608,0.21739130434782608,
10M,1E-6,rand-60,50,4,svdquartets,true,0.2608695652173913,0.2608695652173913,
10M,1E-6,rand-60,50,4,astrid-ours,true,0.0,0.0,True
10M,1E-6,rand-60,50,4,astrid-ours,raxml,0.13043478260869565,0.13043478260869565,True
10M,1E-6,rand-60,50,5,astral,true,0.043478260869565216,0.043478260869565216,
10M,1E-6,rand-60,50,5,astral,raxml,0.043478260869565216,0.043478260869565216,
10M,1E-6,rand-60,50,5,astrid,true,0.043478260869565216,0.043478260869565216,
10M,1E-6,rand-60,50,5,astrid,raxml,0.043478260869565216,0.043478260869565216,
10M,1E-6,rand-60,50,5,mpest,true,0.043478260869565216,0.043478260869565216,
10M,1E-6,rand-60,50,5,mpest,raxml,0.043478260869565216,0.043478260869565216,
10M,1E-6,rand-60,50,5,svdquartets,true,0.08695652173913043,0.08695652173913043,
10M,1E-6,rand-60,50,5,astrid-ours,true,0.043478260869565216,0.043478260869565216,True
10M,1E-6,rand-60,50,5,astrid-ours,raxml,0.043478260869565216,0.043478260869565216,True
10M,1E-6,rand-60,50,6,astral,true,0.08695652173913043,0.08695652173913043,
10M,1E-6,rand-60,50,6,astral,raxml,0.13043478260869565,0.13043478260869565,
10M,1E-6,rand-60,50,6,astrid,true,0.08695652173913043,0.08695652173913043,
10M,1E-6,rand-60,50,6,astrid,raxml,0.13043478260869565,0.13043478260869565,
10M,1E-6,rand-60,50,6,mpest,true,0.043478260869565216,0.043478260869565216,
10M,1E-6,rand-60,50,6,mpest,raxml,0.08695652173913043,0.08695652173913043,
10M,1E-6,rand-60,50,6,svdquartets,true,0.17391304347826086,0.17391304347826086,
10M,1E-6,rand-60,50,6,astrid-ours,true,0.08695652173913043,0.08695652173913043,True
10M,1E-6,rand-60,50,6,astrid-ours,raxml,0.13043478260869565,0.13043478260869565,True
10M,1E-6,rand-60,50,7,astral,true,0.08695652173913043,0.08695652173913043,
10M,1E-6,rand-60,50,7,astral,raxml,0.13043478260869565,0.13043478260869565,
10M,1E-6,rand-60,50,7,astrid,true,0.08695652173913043,0.08695652173913043,
10M,1E-6,rand-60,50,7,astrid,raxml,0.08695652173913043,0.08695652173913043,
10M,1E-6,rand-60,50,7,mpest,true,0.13043478260869565,0.13043478260869565,
10M,1E-6,rand-60,50,7,mpest,raxml,0.08695652173913043,0.08695652173913043,
10M,1E-6,rand-60,50,7,svdquartets,true,0.17391304347826086,0.17391304347826086,
10M,1E-6,rand-60,50,7,astrid-ours,true,0.08695652173913043,0.08695652173913043,True
10M,1E-6,rand-60,50,7,astrid-ours,raxml,0.08695652173913043,0.08695652173913043,True
10M,1E-6,rand-60,50,8,astral,true,0.17391304347826086,0.17391304347826086,
10M,1E-6,rand-60,50,8,astral,raxml,0.13043478260869565,0.13043478260869565,
10M,1E-6,rand-60,50,8,astrid,true,0.13043478260869565,0.13043478260869565,
10M,1E-6,rand-60,50,8,astrid,raxml,0.17391304347826086,0.17391304347826086,
10M,1E-6,rand-60,50,8,mpest,true,0.13043478260869565,0.13043478260869565,
10M,1E-6,rand-60,50,8,mpest,raxml,0.2608695652173913,0.2608695652173913,
10M,1E-6,rand-60,50,8,svdquartets,true,0.17391304347826086,0.17391304347826086,
10M,1E-6,rand-60,50,8,astrid-ours,true,0.13043478260869565,0.13043478260869565,True
10M,1E-6,rand-60,50,8,astrid-ours,raxml,0.17391304347826086,0.17391304347826086,True
10M,1E-6,rand-60,50,9,astral,true,0.0,0.0,
10M,1E-6,rand-60,50,9,astral,raxml,0.043478260869565216,0.043478260869565216,
10M,1E-6,rand-60,50,9,astrid,true,0.08695652173913043,0.08695652173913043,
10M,1E-6,rand-60,50,9,astrid,raxml,0.13043478260869565,0.13043478260869565,
10M,1E-6,rand-60,50,9,mpest,true,0.0,0.0,
10M,1E-6,rand-60,50,9,mpest,raxml,0.08695652173913043,0.08695652173913043,
10M,1E-6,rand-60,50,9,svdquartets,true,0.17391304347826086,0.17391304347826086,
10M,1E-6,rand-60,50,9,astrid-ours,true,0.08695652173913043,0.08695652173913043,True
10M,1E-6,rand-60,50,9,astrid-ours,raxml,0.13043478260869565,0.13043478260869565,True
10M,1E-6,rand-60,50,10,astral,true,0.08695652173913043,0.08695652173913043,
10M,1E-6,rand-60,50,10,astral,raxml,0.17391304347826086,0.17391304347826086,
10M,1E-6,rand-60,50,10,astrid,true,0.21739130434782608,0.21739130434782608,
10M,1E-6,rand-60,50,10,astrid,raxml,0.13043478260869565,0.13043478260869565,
10M,1E-6,rand-60,50,10,mpest,true,0.13043478260869565,0.13043478260869565,
10M,1E-6,rand-60,50,10,mpest,raxml,0.13043478260869565,0.13043478260869565,
10M,1E-6,rand-60,50,10,svdquartets,true,0.13043478260869565,0.13043478260869565,
10M,1E-6,rand-60,50,10,astrid-ours,true,0.13043478260869565,0.13043478260869565,False
10M,1E-6,rand-60,50,10,astrid-ours,raxml,0.13043478260869565,0.13043478260869565,True
10M,1E-6,rand-60,50,11,astral,true,0.043478260869565216,0.043478260869565216,
10M,1E-6,rand-60,50,11,astral,raxml,0.13043478260869565,0.13043478260869565,
10M,1E-6,rand-60,50,11,astrid,true,0.0,0.0,
10M,1E-6,rand-60,50,11,astrid,raxml,0.08695652173913043,0.08695652173913043,
10M,1E-6,rand-60,50,11,mpest,true,0.0,0.0,
10M,1E-6,rand-60,50,11,mpest,raxml,0.13043478260869565,0.13043478260869565,
10M,1E-6,rand-60,50,11,svdquartets,true,0.2608695652173913,0.21739130434782608,
10M,1E-6,rand-60,50,11,astrid-ours,true,0.0,0.0,True
10M,1E-6,rand-60,50,11,astrid-ours,raxml,0.08695652173913043,0.08695652173913043,True
10M,1E-6,rand-60,50,12,astral,true,0.043478260869565216,0.043478260869565216,
10M,1E-6,rand-60,50,12,astral,raxml,0.13043478260869565,0.13043478260869565,
10M,1E-6,rand-60,50,12,astrid,true,0.08695652173913043,0.08695652173913043,
10M,1E-6,rand-60,50,12,astrid,raxml,0.13043478260869565,0.13043478260869565,
10M,1E-6,rand-60,50,12,mpest,true,0.043478260869565216,0.043478260869565216,
10M,1E-6,rand-60,50,12,mpest,raxml,0.13043478260869565,0.13043478260869565,
10M,1E-6,rand-60,50,12,svdquartets,true,0.17391304347826086,0.13043478260869565,
10M,1E-6,rand-60,50,12,astrid-ours,true,0.08695652173913043,0.08695652173913043,True
10M,1E-6,rand-60,50,12,astrid-ours,raxml,0.13043478260869565,0.13043478260869565,True
10M,1E-6,rand-60,50,13,astral,true,0.0,0.0,
10M,1E-6,rand-60,50,13,astral,raxml,0.17391304347826086,0.17391304347826086,
10M,1E-6,rand-60,50,13,astrid,true,0.0,0.0,
10M,1E-6,rand-60,50,13,astrid,raxml,0.2608695652173913,0.2608695652173913,
10M,1E-6,rand-60,50,13,mpest,true,0.0,0.0,
10M,1E-6,rand-60,50,13,mpest,raxml,0.30434782608695654,0.30434782608695654,
10M,1E-6,rand-60,50,13,svdquartets,true,0.30434782608695654,0.30434782608695654,
10M,1E-6,rand-60,50,13,astrid-ours,true,0.0,0.0,True
10M,1E-6,rand-60,50,13,astrid-ours,raxml,0.21739130434782608,0.21739130434782608,False
10M,1E-6,rand-60,50,14,astral,true,0.0,0.0,
10M,1E-6,rand-60,50,14,astral,raxml,0.13043478260869565,0.13043478260869565,
10M,1E-6,rand-60,50,14,astrid,true,0.08695652173913043,0.08695652173913043,
10M,1E-6,rand-60,50,14,astrid,raxml,0.13043478260869565,0.13043478260869565,
10M,1E-6,rand-60,50,14,mpest,true,0.0,0.0,
10M,1E-6,rand-60,50,14,mpest,raxml,0.08695652173913043,0.08695652173913043,
10M,1E-6,rand-60,50,14,svdquartets,true,0.08695652173913043,0.08695652173913043,
10M,1E-6,rand-60,50,14,astrid-ours,true,0.08695652173913043,0.08695652173913043,True
10M,1E-6,rand-60,50,14,astrid-ours,raxml,0.13043478260869565,0.13043478260869565,True
10M,1E-6,rand-60,50,15,astral,true,0.043478260869565216,0.043478260869565216,
10M,1E-6,rand-60,50,15,astral,raxml,0.08695652173913043,0.08695652173913043,
10M,1E-6,rand-60,50,15,astrid,true,0.043478260869565216,0.043478260869565216,
10M,1E-6,rand-60,50,15,astrid,raxml,0.08695652173913043,0.08695652173913043,
10M,1E-6,rand-60,50,15,mpest,true,0.043478260869565216,0.043478260869565216,
10M,1E-6,rand-60,50,15,mpest,raxml,0.08695652173913043,0.08695652173913043,
10M,1E-6,rand-60,50,15,svdquartets,true,0.13043478260869565,0.13043478260869565,
10M,1E-6,rand-60,50,15,astrid-ours,true,0.043478260869565216,0.043478260869565216,True
10M,1E-6,rand-60,50,15,astrid-ours,raxml,0.08695652173913043,0.08695652173913043,True
10M,1E-6,rand-60,50,16,astral,true,0.13043478260869565,0.13043478260869565,
10M,1E-6,rand-60,50,16,astral,raxml,0.13043478260869565,0.13043478260869565,
10M,1E-6,rand-60,50,16,astrid,true,0.08695652173913043,0.08695652173913043,
10M,1E-6,rand-60,50,16,astrid,raxml,0.08695652173913043,0.08695652173913043,
10M,1E-6,rand-60,50,16,mpest,true,0.08695652173913043,0.08695652173913043,
10M,1E-6,rand-60,50,16,mpest,raxml,0.13043478260869565,0.13043478260869565,
10M,1E-6,rand-60,50,16,svdquartets,true,0.2608695652173913,0.21739130434782608,
10M,1E-6,rand-60,50,16,astrid-ours,true,0.08695652173913043,0.08695652173913043,True
10M,1E-6,rand-60,50,16,astrid-ours,raxml,0.08695652173913043,0.08695652173913043,True
10M,1E-6,rand-60,50,17,astral,true,0.08695652173913043,0.08695652173913043,
10M,1E-6,rand-60,50,17,astral,raxml,0.08695652173913043,0.08695652173913043,
10M,1E-6,rand-60,50,17,astrid,true,0.043478260869565216,0.043478260869565216,
10M,1E-6,rand-60,50,17,astrid,raxml,0.08695652173913043,0.08695652173913043,
10M,1E-6,rand-60,50,17,mpest,true,0.08695652173913043,0.08695652173913043,
10M,1E-6,rand-60,50,17,mpest,raxml,0.13043478260869565,0.13043478260869565,
10M,1E-6,rand-60,50,17,svdquartets,true,0.13043478260869565,0.08695652173913043,
10M,1E-6,rand-60,50,17,astrid-ours,true,0.043478260869565216,0.043478260869565216,True
10M,1E-6,rand-60,50,17,astrid-ours,raxml,0.08695652173913043,0.08695652173913043,True
10M,1E-6,rand-60,50,18,astral,true,0.043478260869565216,0.043478260869565216,
10M,1E-6,rand-60,50,18,astral,raxml,0.043478260869565216,0.043478260869565216,
10M,1E-6,rand-60,50,18,astrid,true,0.0,0.0,
10M,1E-6,rand-60,50,18,astrid,raxml,0.0,0.0,
10M,1E-6,rand-60,50,18,mpest,true,0.0,0.0,
10M,1E-6,rand-60,50,18,mpest,raxml,0.043478260869565216,0.043478260869565216,
10M,1E-6,rand-60,50,18,svdquartets,true,0.13043478260869565,0.13043478260869565,
10M,1E-6,rand-60,50,18,astrid-ours,true,0.0,0.0,True
10M,1E-6,rand-60,50,18,astrid-ours,raxml,0.0,0.0,True
10M,1E-6,rand-60,50,19,astral,true,0.0,0.0,
10M,1E-6,rand-60,50,19,astral,raxml,0.17391304347826086,0.17391304347826086,
10M,1E-6,rand-60,50,19,astrid,true,0.0,0.0,
10M,1E-6,rand-60,50,19,astrid,raxml,0.08695652173913043,0.08695652173913043,
10M,1E-6,rand-60,50,19,mpest,true,0.0,0.0,
10M,1E-6,rand-60,50,19,mpest,raxml,0.13043478260869565,0.13043478260869565,
10M,1E-6,rand-60,50,19,svdquartets,true,0.08695652173913043,0.08695652173913043,
10M,1E-6,rand-60,50,19,astrid-ours,true,0.0,0.0,True
10M,1E-6,rand-60,50,19,astrid-ours,raxml,0.08695652173913043,0.08695652173913043,True
10M,1E-6,rand-60,50,20,astral,true,0.08695652173913043,0.08695652173913043,
10M,1E-6,rand-60,50,20,astral,raxml,0.08695652173913043,0.08695652173913043,
10M,1E-6,rand-60,50,20,astrid,true,0.08695652173913043,0.08695652173913043,
10M,1E-6,rand-60,50,20,astrid,raxml,0.08695652173913043,0.08695652173913043,
10M,1E-6,rand-60,50,20,mpest,true,0.08695652173913043,0.08695652173913043,
10M,1E-6,rand-60,50,20,mpest,raxml,0.08695652173913043,0.08695652173913043,
10M,1E-6,rand-60,50,20,svdquartets,true,0.08695652173913043,0.08695652173913043,
10M,1E-6,rand-60,50,20,astrid-ours,true,0.08695652173913043,0.08695652173913043,True
10M,1E-6,rand-60,50,20,astrid-ours,raxml,0.08695652173913043,0.08695652173913043,True
10M,1E-6,rand-60,200,1,astral,true,0.0,0.0,
10M,1E-6,rand-60,200,1,astral,raxml,0.0,0.0,
10M,1E-6,rand-60,200,1,astrid,true,0.043478260869565216,0.043478260869565216,
10M,1E-6,rand-60,200,1,astrid,raxml,0.08695652173913043,0.08695652173913043,
10M,1E-6,rand-60,200,1,mpest,true,0.0,0.0,
10M,1E-6,rand-60,200,1,mpest,raxml,0.13043478260869565,0.13043478260869565,
10M,1E-6,rand-60,200,1,svdquartets,true,0.08695652173913043,0.08695652173913043,
10M,1E-6,rand-60,200,1,astrid-ours,true,0.043478260869565216,0.043478260869565216,True
10M,1E-6,rand-60,200,1,astrid-ours,raxml,0.08695652173913043,0.08695652173913043,True
10M,1E-6,rand-60,200,2,astral,true,0.043478260869565216,0.043478260869565216,
10M,1E-6,rand-60,200,2,astral,raxml,0.043478260869565216,0.043478260869565216,
10M,1E-6,rand-60,200,2,astrid,true,0.043478260869565216,0.043478260869565216,
10M,1E-6,rand-60,200,2,astrid,raxml,0.043478260869565216,0.043478260869565216,
10M,1E-6,rand-60,200,2,mpest,true,0.043478260869565216,0.043478260869565216,
10M,1E-6,rand-60,200,2,mpest,raxml,0.043478260869565216,0.043478260869565216,
10M,1E-6,rand-60,200,2,svdquartets,true,0.08695652173913043,0.08695652173913043,
10M,1E-6,rand-60,200,2,astrid-ours,true,0.043478260869565216,0.043478260869565216,True
10M,1E-6,rand-60,200,2,astrid-ours,raxml,0.043478260869565216,0.043478260869565216,True
10M,1E-6,rand-60,200,3,astral,true,0.0,0.0,
10M,1E-6,rand-60,200,3,astral,raxml,0.043478260869565216,0.043478260869565216,
10M,1E-6,rand-60,200,3,astrid,true,0.0,0.0,
10M,1E-6,rand-60,200,3,astrid,raxml,0.13043478260869565,0.13043478260869565,
10M,1E-6,rand-60,200,3,mpest,true,0.0,0.0,
10M,1E-6,rand-60,200,3,mpest,raxml,0.30434782608695654,0.30434782608695654,
10M,1E-6,rand-60,200,3,svdquartets,true,0.5217391304347826,0.5217391304347826,
10M,1E-6,rand-60,200,3,astrid-ours,true,0.0,0.0,True
10M,1E-6,rand-60,200,3,astrid-ours,raxml,0.13043478260869565,0.13043478260869565,True
10M,1E-6,rand-60,200,4,astral,true,0.0,0.0,
10M,1E-6,rand-60,200,4,astral,raxml,0.0,0.0,
10M,1E-6,rand-60,200,4,astrid,true,0.0,0.0,
10M,1E-6,rand-60,200,4,astrid,raxml,0.08695652173913043,0.08695652173913043,
10M,1E-6,rand-60,200,4,mpest,true,0.0,0.0,
10M,1E-6,rand-60,200,4,mpest,raxml,0.08695652173913043,0.08695652173913043,
10M,1E-6,rand-60,200,4,svdquartets,true,0.2608695652173913,0.2608695652173913,
10M,1E-6,rand-60,200,4,astrid-ours,true,0.0,0.0,True
10M,1E-6,rand-60,200,4,astrid-ours,raxml,0.08695652173913043,0.08695652173913043,True
10M,1E-6,rand-60,200,5,astral,true,0.0,0.0,
10M,1E-6,rand-60,200,5,astral,raxml,0.0,0.0,
10M,1E-6,rand-60,200,5,astrid,true,0.043478260869565216,0.043478260869565216,
10M,1E-6,rand-60,200,5,astrid,raxml,0.043478260869565216,0.043478260869565216,
10M,1E-6,rand-60,200,5,mpest,true,0.0,0.0,
10M,1E-6,rand-60,200,5,mpest,raxml,0.043478260869565216,0.043478260869565216,
10M,1E-6,rand-60,200,5,svdquartets,true,0.043478260869565216,0.043478260869565216,
10M,1E-6,rand-60,200,5,astrid-ours,true,0.043478260869565216,0.043478260869565216,True
10M,1E-6,rand-60,200,5,astrid-ours,raxml,0.043478260869565216,0.043478260869565216,True
10M,1E-6,rand-60,200,6,astral,true,0.043478260869565216,0.043478260869565216,
10M,1E-6,rand-60,200,6,astral,raxml,0.043478260869565216,0.043478260869565216,
10M,1E-6,rand-60,200,6,astrid,true,0.043478260869565216,0.043478260869565216,
10M,1E-6,rand-60,200,6,astrid,raxml,0.043478260869565216,0.043478260869565216,
10M,1E-6,rand-60,200,6,mpest,true,0.043478260869565216,0.043478260869565216,
10M,1E-6,rand-60,200,6,mpest,raxml,0.043478260869565216,0.043478260869565216,
10M,1E-6,rand-60,200,6,svdquartets,true,0.08695652173913043,0.08695652173913043,
10M,1E-6,rand-60,200,6,astrid-ours,true,0.043478260869565216,0.043478260869565216,True
10M,1E-6,rand-60,200,6,astrid-ours,raxml,0.043478260869565216,0.043478260869565216,True
10M,1E-6,rand-60,200,7,astral,true,0.0,0.0,
10M,1E-6,rand-60,200,7,astral,raxml,0.0,0.0,
10M,1E-6,rand-60,200,7,astrid,true,0.0,0.0,
10M,1E-6,rand-60,200,7,astrid,raxml,0.08695652173913043,0.08695652173913043,
10M,1E-6,rand-60,200,7,mpest,true,0.0,0.0,
10M,1E-6,rand-60,200,7,mpest,raxml,0.08695652173913043,0.08695652173913043,
10M,1E-6,rand-60,200,7,svdquartets,true,0.17391304347826086,0.17391304347826086,
10M,1E-6,rand-60,200,7,astrid-ours,true,0.0,0.0,True
10M,1E-6,rand-60,200,7,astrid-ours,raxml,0.08695652173913043,0.08695652173913043,True
10M,1E-6,rand-60,200,8,astral,true,0.043478260869565216,0.043478260869565216,
10M,1E-6,rand-60,200,8,astral,raxml,0.08695652173913043,0.08695652173913043,
10M,1E-6,rand-60,200,8,astrid,true,0.08695652173913043,0.08695652173913043,
10M,1E-6,rand-60,200,8,astrid,raxml,0.08695652173913043,0.08695652173913043,
10M,1E-6,rand-60,200,8,mpest,true,0.043478260869565216,0.043478260869565216,
10M,1E-6,rand-60,200,8,mpest,raxml,0.043478260869565216,0.043478260869565216,
10M,1E-6,rand-60,200,8,svdquartets,true,0.17391304347826086,0.17391304347826086,
10M,1E-6,rand-60,200,8,astrid-ours,true,0.08695652173913043,0.08695652173913043,True
10M,1E-6,rand-60,200,8,astrid-ours,raxml,0.08695652173913043,0.08695652173913043,True
10M,1E-6,rand-60,200,9,astral,true,0.0,0.0,
10M,1E-6,rand-60,200,9,astral,raxml,0.0,0.0,
10M,1E-6,rand-60,200,9,astrid,true,0.043478260869565216,0.043478260869565216,
10M,1E-6,rand-60,200,9,astrid,raxml,0.043478260869565216,0.043478260869565216,
10M,1E-6,rand-60,200,9,mpest,true,0.0,0.0,
10M,1E-6,rand-60,200,9,mpest,raxml,0.043478260869565216,0.043478260869565216,
10M,1E-6,rand-60,200,9,svdquartets,true,0.043478260869565216,0.043478260869565216,
10M,1E-6,rand-60,200,9,astrid-ours,true,0.043478260869565216,0.043478260869565216,True
10M,1E-6,rand-60,200,9,astrid-ours,raxml,0.043478260869565216,0.043478260869565216,True
10M,1E-6,rand-60,200,10,astral,true,0.0,0.0,
10M,1E-6,rand-60,200,10,astral,raxml,0.08695652173913043,0.08695652173913043,
10M,1E-6,rand-60,200,10,astrid,true,0.08695652173913043,0.08695652173913043,
10M,1E-6,rand-60,200,10,astrid,raxml,0.08695652173913043,0.08695652173913043,
10M,1E-6,rand-60,200,10,mpest,true,0.0,0.0,
10M,1E-6,rand-60,200,10,mpest,raxml,0.13043478260869565,0.13043478260869565,
10M,1E-6,rand-60,200,10,svdquartets,true,0.13043478260869565,0.13043478260869565,
10M,1E-6,rand-60,200,10,astrid-ours,true,0.08695652173913043,0.08695652173913043,True
10M,1E-6,rand-60,200,10,astrid-ours,raxml,0.08695652173913043,0.08695652173913043,True
10M,1E-6,rand-60,200,11,astral,true,0.0,0.0,
10M,1E-6,rand-60,200,11,astral,raxml,0.0,0.0,
10M,1E-6,rand-60,200,11,astrid,true,0.0,0.0,
10M,1E-6,rand-60,200,11,astrid,raxml,0.043478260869565216,0.043478260869565216,
10M,1E-6,rand-60,200,11,mpest,true,0.0,0.0,
10M,1E-6,rand-60,200,11,mpest,raxml,0.043478260869565216,0.043478260869565216,
10M,1E-6,rand-60,200,11,svdquartets,true,0.08695652173913043,0.08695652173913043,
10M,1E-6,rand-60,200,11,astrid-ours,true,0.0,0.0,True
10M,1E-6,rand-60,200,11,astrid-ours,raxml,0.043478260869565216,0.043478260869565216,True
10M,1E-6,rand-60,200,12,astral,true,0.043478260869565216,0.043478260869565216,
10M,1E-6,rand-60,200,12,astral,raxml,0.08695652173913043,0.08695652173913043,
10M,1E-6,rand-60,200,12,astrid,true,0.0,0.0,
10M,1E-6,rand-60,200,12,astrid,raxml,0.08695652173913043,0.08695652173913043,
10M,1E-6,rand-60,200,12,mpest,true,0.043478260869565216,0.043478260869565216,
10M,1E-6,rand-60,200,12,mpest,raxml,0.043478260869565216,0.043478260869565216,
10M,1E-6,rand-60,200,12,svdquartets,true,0.08695652173913043,0.08695652173913043,
10M,1E-6,rand-60,200,12,astrid-ours,true,0.0,0.0,True
10M,1E-6,rand-60,200,12,astrid-ours,raxml,0.08695652173913043,0.08695652173913043,True
10M,1E-6,rand-60,200,13,astral,true,0.0,0.0,
10M,1E-6,rand-60,200,13,astral,raxml,0.17391304347826086,0.17391304347826086,
10M,1E-6,rand-60,200,13,astrid,true,0.0,0.0,
10M,1E-6,rand-60,200,13,astrid,raxml,0.08695652173913043,0.08695652173913043,
10M,1E-6,rand-60,200,13,mpest,true,0.0,0.0,
10M,1E-6,rand-60,200,13,mpest,raxml,0.08695652173913043,0.08695652173913043,
10M,1E-6,rand-60,200,13,svdquartets,true,0.2608695652173913,0.2608695652173913,
10M,1E-6,rand-60,200,13,astrid-ours,true,0.0,0.0,True
10M,1E-6,rand-60,200,13,astrid-ours,raxml,0.08695652173913043,0.08695652173913043,True
10M,1E-6,rand-60,200,14,astral,true,0.043478260869565216,0.043478260869565216,
10M,1E-6,rand-60,200,14,astral,raxml,0.043478260869565216,0.043478260869565216,
10M,1E-6,rand-60,200,14,astrid,true,0.0,0.0,
10M,1E-6,rand-60,200,14,astrid,raxml,0.043478260869565216,0.043478260869565216,
10M,1E-6,rand-60,200,14,mpest,true,0.0,0.0,
10M,1E-6,rand-60,200,14,mpest,raxml,0.043478260869565216,0.043478260869565216,
10M,1E-6,rand-60,200,14,svdquartets,true,0.08695652173913043,0.08695652173913043,
10M,1E-6,rand-60,200,14,astrid-ours,true,0.0,0.0,True
10M,1E-6,rand-60,200,14,astrid-ours,raxml,0.043478260869565216,0.043478260869565216,True
10M,1E-6,rand-60,200,15,astral,true,0.0,0.0,
10M,1E-6,rand-60,200,15,astral,raxml,0.0,0.0,
10M,1E-6,rand-60,200,15,astrid,true,0.0,0.0,
10M,1E-6,rand-60,200,15,astrid,raxml,0.08695652173913043,0.08695652173913043,
10M,1E-6,rand-60,200,15,mpest,true,0.0,0.0,
10M,1E-6,rand-60,200,15,mpest,raxml,0.0,0.0,
10M,1E-6,rand-60,200,15,svdquartets,true,0.13043478260869565,0.13043478260869565,
10M,1E-6,rand-60,200,15,astrid-ours,true,0.0,0.0,True
10M,1E-6,rand-60,200,15,astrid-ours,raxml,0.08695652173913043,0.08695652173913043,True
10M,1E-6,rand-60,200,16,astral,true,0.043478260869565216,0.043478260869565216,
10M,1E-6,rand-60,200,16,astral,raxml,0.043478260869565216,0.043478260869565216,
10M,1E-6,rand-60,200,16,astrid,true,0.043478260869565216,0.043478260869565216,
10M,1E-6,rand-60,200,16,astrid,raxml,0.08695652173913043,0.08695652173913043,
10M,1E-6,rand-60,200,16,mpest,true,0.043478260869565216,0.043478260869565216,
10M,1E-6,rand-60,200,16,mpest,raxml,0.043478260869565216,0.043478260869565216,
10M,1E-6,rand-60,200,16,svdquartets,true,0.17391304347826086,0.17391304347826086,
10M,1E-6,rand-60,200,16,astrid-ours,true,0.043478260869565216,0.043478260869565216,True
10M,1E-6,rand-60,200,16,astrid-ours,raxml,0.08695652173913043,0.08695652173913043,True
10M,1E-6,rand-60,200,17,astral,true,0.0,0.0,
10M,1E-6,rand-60,200,17,astral,raxml,0.043478260869565216,0.043478260869565216,
10M,1E-6,rand-60,200,17,astrid,true,0.0,0.0,
10M,1E-6,rand-60,200,17,astrid,raxml,0.0,0.0,
10M,1E-6,rand-60,200,17,mpest,true,0.0,0.0,
10M,1E-6,rand-60,200,17,mpest,raxml,0.08695652173913043,0.08695652173913043,
10M,1E-6,rand-60,200,17,svdquartets,true,0.13043478260869565,0.13043478260869565,
10M,1E-6,rand-60,200,17,astrid-ours,true,0.0,0.0,True
10M,1E-6,rand-60,200,17,astrid-ours,raxml,0.0,0.0,True
10M,1E-6,rand-60,200,18,astral,true,0.0,0.0,
10M,1E-6,rand-60,200,18,astral,raxml,0.0,0.0,
10M,1E-6,rand-60,200,18,astrid,true,0.0,0.0,
10M,1E-6,rand-60,200,18,astrid,raxml,0.08695652173913043,0.08695652173913043,
10M,1E-6,rand-60,200,18,mpest,true,0.0,0.0,
10M,1E-6,rand-60,200,18,mpest,raxml,0.0,0.0,
10M,1E-6,rand-60,200,18,svdquartets,true,0.17391304347826086,0.17391304347826086,
10M,1E-6,rand-60,200,18,astrid-ours,true,0.0,0.0,True
10M,1E-6,rand-60,200,18,astrid-ours,raxml,0.08695652173913043,0.08695652173913043,True
10M,1E-6,rand-60,200,19,astral,true,0.0,0.0,
10M,1E-6,rand-60,200,19,astral,raxml,0.0,0.0,
10M,1E-6,rand-60,200,19,astrid,true,0.0,0.0,
10M,1E-6,rand-60,200,19,astrid,raxml,0.043478260869565216,0.043478260869565216,
10M,1E-6,rand-60,200,19,mpest,true,0.0,0.0,
10M,1E-6,rand-60,200,19,mpest,raxml,0.043478260869565216,0.043478260869565216,
10M,1E-6,rand-60,200,19,svdquartets,true,0.043478260869565216,0.043478260869565216,
10M,1E-6,rand-60,200,19,astrid-ours,true,0.0,0.0,True
10M,1E-6,rand-60,200,19,astrid-ours,raxml,0.043478260869565216,0.043478260869565216,True
10M,1E-6,rand-60,200,20,astral,true,0.043478260869565216,0.043478260869565216,
10M,1E-6,rand-60,200,20,astral,raxml,0.08695652173913043,0.08695652173913043,
10M,1E-6,rand-60,200,20,astrid,true,0.043478260869565216,0.043478260869565216,
10M,1E-6,rand-60,200,20,astrid,raxml,0.043478260869565216,0.043478260869565216,
10M,1E-6,rand-60,200,20,mpest,true,0.043478260869565216,0.043478260869565216,
10M,1E-6,rand-60,200,20,mpest,raxml,0.043478260869565216,0.043478260869565216,
10M,1E-6,rand-60,200,20,svdquartets,true,0.13043478260869565,0.13043478260869565,
10M,1E-6,rand-60,200,20,astrid-ours,true,0.043478260869565216,0.043478260869565216,True
10M,1E-6,rand-60,200,20,astrid-ours,raxml,0.043478260869565216,0.043478260869565216,True
10M,1E-6,rand-60,1000,1,astral,true,0.0,0.0,
10M,1E-6,rand-60,1000,1,astral,raxml,0.0,0.0,
10M,1E-6,rand-60,1000,1,astrid,true,0.0,0.0,
10M,1E-6,rand-60,1000,1,astrid,raxml,0.0,0.0,
10M,1E-6,rand-60,1000,1,mpest,true,0.0,0.0,
10M,1E-6,rand-60,1000,1,mpest,raxml,0.0,0.0,
10M,1E-6,rand-60,1000,1,svdquartets,true,0.043478260869565216,0.043478260869565216,
10M,1E-6,rand-60,1000,1,astrid-ours,true,0.0,0.0,True
10M,1E-6,rand-60,1000,1,astrid-ours,raxml,0.0,0.0,True
10M,1E-6,rand-60,1000,2,astral,true,0.043478260869565216,0.043478260869565216,
10M,1E-6,rand-60,1000,2,astral,raxml,0.0,0.0,
10M,1E-6,rand-60,1000,2,astrid,true,0.043478260869565216,0.043478260869565216,
10M,1E-6,rand-60,1000,2,astrid,raxml,0.0,0.0,
10M,1E-6,rand-60,1000,2,mpest,true,0.043478260869565216,0.043478260869565216,
10M,1E-6,rand-60,1000,2,mpest,raxml,0.0,0.0,
10M,1E-6,rand-60,1000,2,svdquartets,true,0.0,0.0,
10M,1E-6,rand-60,1000,2,astrid-ours,true,0.043478260869565216,0.043478260869565216,True
10M,1E-6,rand-60,1000,2,astrid-ours,raxml,0.0,0.0,True
10M,1E-6,rand-60,1000,3,astral,true,0.0,0.0,
10M,1E-6,rand-60,1000,3,astral,raxml,0.08695652173913043,0.08695652173913043,
10M,1E-6,rand-60,1000,3,astrid,true,0.0,0.0,
10M,1E-6,rand-60,1000,3,astrid,raxml,0.13043478260869565,0.13043478260869565,
10M,1E-6,rand-60,1000,3,mpest,true,0.0,0.0,
10M,1E-6,rand-60,1000,3,mpest,raxml,0.34782608695652173,0.34782608695652173,
10M,1E-6,rand-60,1000,3,svdquartets,true,0.43478260869565216,0.43478260869565216,
10M,1E-6,rand-60,1000,3,astrid-ours,true,0.0,0.0,True
10M,1E-6,rand-60,1000,3,astrid-ours,raxml,0.13043478260869565,0.13043478260869565,True
10M,1E-6,rand-60,1000,4,astral,true,0.0,0.0,
10M,1E-6,rand-60,1000,4,astral,raxml,0.0,0.0,
10M,1E-6,rand-60,1000,4,astrid,true,0.0,0.0,
10M,1E-6,rand-60,1000,4,astrid,raxml,0.043478260869565216,0.043478260869565216,
10M,1E-6,rand-60,1000,4,mpest,true,0.0,0.0,
10M,1E-6,rand-60,1000,4,mpest,raxml,0.0,0.0,
10M,1E-6,rand-60,1000,4,svdquartets,true,0.13043478260869565,0.13043478260869565,
10M,1E-6,rand-60,1000,4,astrid-ours,true,0.0,0.0,True
10M,1E-6,rand-60,1000,4,astrid-ours,raxml,0.043478260869565216,0.043478260869565216,True
10M,1E-6,rand-60,1000,5,astral,true,0.0,0.0,
10M,1E-6,rand-60,1000,5,astral,raxml,0.0,0.0,
10M,1E-6,rand-60,1000,5,astrid,true,0.0,0.0,
10M,1E-6,rand-60,1000,5,astrid,raxml,0.08695652173913043,0.08695652173913043,
10M,1E-6,rand-60,1000,5,mpest,true,0.0,0.0,
10M,1E-6,rand-60,1000,5,mpest,raxml,0.08695652173913043,0.08695652173913043,
10M,1E-6,rand-60,1000,5,svdquartets,true,0.08695652173913043,0.08695652173913043,
10M,1E-6,rand-60,1000,5,astrid-ours,true,0.0,0.0,True
10M,1E-6,rand-60,1000,5,astrid-ours,raxml,0.08695652173913043,0.08695652173913043,True
10M,1E-6,rand-60,1000,6,astral,true,0.0,0.0,
10M,1E-6,rand-60,1000,6,astral,raxml,0.0,0.0,
10M,1E-6,rand-60,1000,6,astrid,true,0.0,0.0,
10M,1E-6,rand-60,1000,6,astrid,raxml,0.0,0.0,
10M,1E-6,rand-60,1000,6,mpest,true,0.0,0.0,
10M,1E-6,rand-60,1000,6,mpest,raxml,0.0,0.0,
10M,1E-6,rand-60,1000,6,svdquartets,true,0.043478260869565216,0.043478260869565216,
10M,1E-6,rand-60,1000,6,astrid-ours,true,0.0,0.0,True
10M,1E-6,rand-60,1000,6,astrid-ours,raxml,0.0,0.0,True
10M,1E-6,rand-60,1000,7,astral,true,0.0,0.0,
10M,1E-6,rand-60,1000,7,astral,raxml,0.043478260869565216,0.043478260869565216,
10M,1E-6,rand-60,1000,7,astrid,true,0.0,0.0,
10M,1E-6,rand-60,1000,7,astrid,raxml,0.043478260869565216,0.043478260869565216,
10M,1E-6,rand-60,1000,7,mpest,true,0.0,0.0,
10M,1E-6,rand-60,1000,7,mpest,raxml,0.08695652173913043,0.08695652173913043,
10M,1E-6,rand-60,1000,7,svdquartets,true,0.13043478260869565,0.13043478260869565,
10M,1E-6,rand-60,1000,7,astrid-ours,true,0.0,0.0,True
10M,1E-6,rand-60,1000,7,astrid-ours,raxml,0.043478260869565216,0.043478260869565216,True
10M,1E-6,rand-60,1000,8,astral,true,0.0,0.0,
10M,1E-6,rand-60,1000,8,astral,raxml,0.0,0.0,
10M,1E-6,rand-60,1000,8,astrid,true,0.0,0.0,
10M,1E-6,rand-60,1000,8,astrid,raxml,0.0,0.0,
10M,1E-6,rand-60,1000,8,mpest,true,0.0,0.0,
10M,1E-6,rand-60,1000,8,mpest,raxml,0.0,0.0,
10M,1E-6,rand-60,1000,8,svdquartets,true,0.0,0.0,
10M,1E-6,rand-60,1000,8,astrid-ours,true,0.0,0.0,True
10M,1E-6,rand-60,1000,8,astrid-ours,raxml,0.0,0.0,True
10M,1E-6,rand-60,1000,9,astral,true,0.0,0.0,
10M,1E-6,rand-60,1000,9,astral,raxml,0.043478260869565216,0.043478260869565216,
10M,1E-6,rand-60,1000,9,astrid,true,0.0,0.0,
10M,1E-6,rand-60,1000,9,astrid,raxml,0.043478260869565216,0.043478260869565216,
10M,1E-6,rand-60,1000,9,mpest,true,0.0,0.0,
10M,1E-6,rand-60,1000,9,mpest,raxml,0.043478260869565216,0.043478260869565216,
10M,1E-6,rand-60,1000,9,svdquartets,true,0.043478260869565216,0.043478260869565216,
10M,1E-6,rand-60,1000,9,astrid-ours,true,0.0,0.0,True
10M,1E-6,rand-60,1000,9,astrid-ours,raxml,0.043478260869565216,0.043478260869565216,True
10M,1E-6,rand-60,1000,10,astral,true,0.0,0.0,
10M,1E-6,rand-60,1000,10,astral,raxml,0.043478260869565216,0.043478260869565216,
10M,1E-6,rand-60,1000,10,astrid,true,0.043478260869565216,0.043478260869565216,
10M,1E-6,rand-60,1000,10,astrid,raxml,0.08695652173913043,0.08695652173913043,
10M,1E-6,rand-60,1000,10,mpest,true,0.0,0.0,
10M,1E-6,rand-60,1000,10,mpest,raxml,0.08695652173913043,0.08695652173913043,
10M,1E-6,rand-60,1000,10,svdquartets,true,0.08695652173913043,0.08695652173913043,
10M,1E-6,rand-60,1000,10,astrid-ours,true,0.043478260869565216,0.043478260869565216,True
10M,1E-6,rand-60,1000,10,astrid-ours,raxml,0.08695652173913043,0.08695652173913043,True
10M,1E-6,rand-60,1000,11,astral,true,0.0,0.0,
10M,1E-6,rand-60,1000,11,astral,raxml,0.043478260869565216,0.043478260869565216,
10M,1E-6,rand-60,1000,11,astrid,true,0.0,0.0,
10M,1E-6,rand-60,1000,11,astrid,raxml,0.08695652173913043,0.08695652173913043,
10M,1E-6,rand-60,1000,11,mpest,true,0.0,0.0,
10M,1E-6,rand-60,1000,11,mpest,raxml,0.08695652173913043,0.08695652173913043,
10M,1E-6,rand-60,1000,11,svdquartets,true,0.0,0.0,
10M,1E-6,rand-60,1000,11,astrid-ours,true,0.0,0.0,True
10M,1E-6,rand-60,1000,11,astrid-ours,raxml,0.08695652173913043,0.08695652173913043,True
10M,1E-6,rand-60,1000,12,astral,true,0.0,0.0,
10M,1E-6,rand-60,1000,12,astral,raxml,0.043478260869565216,0.043478260869565216,
10M,1E-6,rand-60,1000,12,astrid,true,0.0,0.0,
10M,1E-6,rand-60,1000,12,astrid,raxml,0.0,0.0,
10M,1E-6,rand-60,1000,12,mpest,true,0.0,0.0,
10M,1E-6,rand-60,1000,12,mpest,raxml,0.0,0.0,
10M,1E-6,rand-60,1000,12,svdquartets,true,0.08695652173913043,0.08695652173913043,
10M,1E-6,rand-60,1000,12,astrid-ours,true,0.0,0.0,True
10M,1E-6,rand-60,1000,12,astrid-ours,raxml,0.0,0.0,True
10M,1E-6,rand-60,1000,13,astral,true,0.0,0.0,
10M,1E-6,rand-60,1000,13,astral,raxml,0.0,0.0,
10M,1E-6,rand-60,1000,13,astrid,true,0.0,0.0,
10M,1E-6,rand-60,1000,13,astrid,raxml,0.0,0.0,
10M,1E-6,rand-60,1000,13,mpest,true,0.0,0.0,
10M,1E-6,rand-60,1000,13,mpest,raxml,0.0,0.0,
10M,1E-6,rand-60,1000,13,svdquartets,true,0.17391304347826086,0.17391304347826086,
10M,1E-6,rand-60,1000,13,astrid-ours,true,0.0,0.0,True
10M,1E-6,rand-60,1000,13,astrid-ours,raxml,0.0,0.0,True
10M,1E-6,rand-60,1000,14,astral,true,0.0,0.0,
10M,1E-6,rand-60,1000,14,astral,raxml,0.0,0.0,
10M,1E-6,rand-60,1000,14,astrid,true,0.0,0.0,
10M,1E-6,rand-60,1000,14,astrid,raxml,0.0,0.0,
10M,1E-6,rand-60,1000,14,mpest,true,0.0,0.0,
10M,1E-6,rand-60,1000,14,mpest,raxml,0.0,0.0,
10M,1E-6,rand-60,1000,14,svdquartets,true,0.043478260869565216,0.043478260869565216,
10M,1E-6,rand-60,1000,14,astrid-ours,true,0.0,0.0,True
10M,1E-6,rand-60,1000,14,astrid-ours,raxml,0.0,0.0,True
10M,1E-6,rand-60,1000,15,astral,true,0.0,0.0,
10M,1E-6,rand-60,1000,15,astral,raxml,0.043478260869565216,0.043478260869565216,
10M,1E-6,rand-60,1000,15,astrid,true,0.0,0.0,
10M,1E-6,rand-60,1000,15,astrid,raxml,0.043478260869565216,0.043478260869565216,
10M,1E-6,rand-60,1000,15,mpest,true,0.0,0.0,
10M,1E-6,rand-60,1000,15,mpest,raxml,0.0,0.0,
10M,1E-6,rand-60,1000,15,svdquartets,true,0.08695652173913043,0.08695652173913043,
10M,1E-6,rand-60,1000,15,astrid-ours,true,0.0,0.0,True
10M,1E-6,rand-60,1000,15,astrid-ours,raxml,0.043478260869565216,0.043478260869565216,True
10M,1E-6,rand-60,1000,16,astral,true,0.0,0.0,
10M,1E-6,rand-60,1000,16,astral,raxml,0.043478260869565216,0.043478260869565216,
10M,1E-6,rand-60,1000,16,astrid,true,0.0,0.0,
10M,1E-6,rand-60,1000,16,astrid,raxml,0.08695652173913043,0.08695652173913043,
10M,1E-6,rand-60,1000,16,mpest,true,0.0,0.0,
10M,1E-6,rand-60,1000,16,mpest,raxml,0.043478260869565216,0.043478260869565216,
10M,1E-6,rand-60,1000,16,svdquartets,true,0.17391304347826086,0.17391304347826086,
10M,1E-6,rand-60,1000,16,astrid-ours,true,0.0,0.0,True
10M,1E-6,rand-60,1000,16,astrid-ours,raxml,0.08695652173913043,0.08695652173913043,True
10M,1E-6,rand-60,1000,17,astral,true,0.0,0.0,
10M,1E-6,rand-60,1000,17,astral,raxml,0.0,0.0,
10M,1E-6,rand-60,1000,17,astrid,true,0.0,0.0,
10M,1E-6,rand-60,1000,17,astrid,raxml,0.0,0.0,
10M,1E-6,rand-60,1000,17,mpest,true,0.0,0.0,
10M,1E-6,rand-60,1000,17,mpest,raxml,0.0,0.0,
10M,1E-6,rand-60,1000,17,svdquartets,true,0.08695652173913043,0.08695652173913043,
10M,1E-6,rand-60,1000,17,astrid-ours,true,0.0,0.0,True
10M,1E-6,rand-60,1000,17,astrid-ours,raxml,0.0,0.0,True
10M,1E-6,rand-60,1000,18,astral,true,0.0,0.0,
10M,1E-6,rand-60,1000,18,astral,raxml,0.043478260869565216,0.043478260869565216,
10M,1E-6,rand-60,1000,18,astrid,true,0.0,0.0,
10M,1E-6,rand-60,1000,18,astrid,raxml,0.0,0.0,
10M,1E-6,rand-60,1000,18,mpest,true,0.0,0.0,
10M,1E-6,rand-60,1000,18,mpest,raxml,0.043478260869565216,0.043478260869565216,
10M,1E-6,rand-60,1000,18,svdquartets,true,0.08695652173913043,0.08695652173913043,
10M,1E-6,rand-60,1000,18,astrid-ours,true,0.0,0.0,True
10M,1E-6,rand-60,1000,18,astrid-ours,raxml,0.0,0.0,True
10M,1E-6,rand-60,1000,19,astral,true,0.0,0.0,
10M,1E-6,rand-60,1000,19,astral,raxml,0.0,0.0,
10M,1E-6,rand-60,1000,19,astrid,true,0.0,0.0,
10M,1E-6,rand-60,1000,19,astrid,raxml,0.0,0.0,
10M,1E-6,rand-60,1000,19,mpest,true,0.0,0.0,
10M,1E-6,rand-60,1000,19,mpest,raxml,0.0,0.0,
10M,1E-6,rand-60,1000,19,svdquartets,true,0.043478260869565216,0.043478260869565216,
10M,1E-6,rand-60,1000,19,astrid-ours,true,0.0,0.0,True
10M,1E-6,rand-60,1000,19,astrid-ours,raxml,0.0,0.0,True
10M,1E-6,rand-60,1000,20,astral,true,0.0,0.0,
10M,1E-6,rand-60,1000,20,astral,raxml,0.0,0.0,
10M,1E-6,rand-60,1000,20,astrid,true,0.0,0.0,
10M,1E-6,rand-60,1000,20,astrid,raxml,0.043478260869565216,0.043478260869565216,
10M,1E-6,rand-60,1000,20,mpest,true,0.0,0.0,
10M,1E-6,rand-60,1000,20,mpest,raxml,0.0,0.0,
10M,1E-6,rand-60,1000,20,svdquartets,true,0.08695652173913043,0.08695652173913043,
10M,1E-6,rand-60,1000,20,astrid-ours,true,0.0,0.0,True
10M,1E-6,rand-60,1000,20,astrid-ours,raxml,0.043478260869565216,0.043478260869565216,True
2M,1E-7,full-0,50,1,astral,true,0.17391304347826086,0.17391304347826086,
2M,1E-7,full-0,50,1,astral,raxml,0.17391304347826086,0.17391304347826086,
2M,1E-7,full-0,50,1,astrid,true,0.08695652173913043,0.08695652173913043,
2M,1E-7,full-0,50,1,astrid,raxml,0.13043478260869565,0.13043478260869565,
2M,1E-7,full-0,50,1,mpest,true,0.17391304347826086,0.17391304347826086,
2M,1E-7,full-0,50,1,mpest,raxml,0.21739130434782608,0.21739130434782608,
2M,1E-7,full-0,50,1,svdquartets,true,0.2608695652173913,0.2608695652173913,
2M,1E-7,full-0,50,1,astrid-ours,true,0.08695652173913043,0.08695652173913043,True
2M,1E-7,full-0,50,1,astrid-ours,raxml,0.13043478260869565,0.13043478260869565,True
2M,1E-7,full-0,50,2,astral,true,0.043478260869565216,0.043478260869565216,
2M,1E-7,full-0,50,2,astral,raxml,0.0,0.0,
2M,1E-7,full-0,50,2,astrid,true,0.043478260869565216,0.043478260869565216,
2M,1E-7,full-0,50,2,astrid,raxml,0.043478260869565216,0.043478260869565216,
2M,1E-7,full-0,50,2,mpest,true,0.08695652173913043,0.08695652173913043,
2M,1E-7,full-0,50,2,mpest,raxml,0.2608695652173913,0.2608695652173913,
2M,1E-7,full-0,50,2,svdquartets,true,0.13043478260869565,0.13043478260869565,
2M,1E-7,full-0,50,2,astrid-ours,true,0.043478260869565216,0.043478260869565216,True
2M,1E-7,full-0,50,2,astrid-ours,raxml,0.043478260869565216,0.043478260869565216,True
2M,1E-7,full-0,50,3,astral,true,0.043478260869565216,0.043478260869565216,
2M,1E-7,full-0,50,3,astral,raxml,0.0,0.0,
2M,1E-7,full-0,50,3,astrid,true,0.0,0.0,
2M,1E-7,full-0,50,3,astrid,raxml,0.043478260869565216,0.043478260869565216,
2M,1E-7,full-0,50,3,mpest,true,0.043478260869565216,0.043478260869565216,
2M,1E-7,full-0,50,3,mpest,raxml,0.0,0.0,
2M,1E-7,full-0,50,3,svdquartets,true,0.08695652173913043,0.08695652173913043,
2M,1E-7,full-0,50,3,astrid-ours,true,0.0,0.0,True
2M,1E-7,full-0,50,3,astrid-ours,raxml,0.043478260869565216,0.043478260869565216,True
2M,1E-7,full-0,50,4,astral,true,0.0,0.0,
2M,1E-7,full-0,50,4,astral,raxml,0.0,0.0,
2M,1E-7,full-0,50,4,astrid,true,0.0,0.0,
2M,1E-7,full-0,50,4,astrid,raxml,0.043478260869565216,0.043478260869565216,
2M,1E-7,full-0,50,4,mpest,true,0.08695652173913043,0.08695652173913043,
2M,1E-7,full-0,50,4,mpest,raxml,0.043478260869565216,0.043478260869565216,
2M,1E-7,full-0,50,4,svdquartets,true,0.13043478260869565,0.13043478260869565,
2M,1E-7,full-0,50,4,astrid-ours,true,0.0,0.0,True
2M,1E-7,full-0,50,4,astrid-ours,raxml,0.043478260869565216,0.043478260869565216,True
2M,1E-7,full-0,50,5,astral,true,0.08695652173913043,0.08695652173913043,
2M,1E-7,full-0,50,5,astral,raxml,0.17391304347826086,0.17391304347826086,
2M,1E-7,full-0,50,5,astrid,true,0.08695652173913043,0.08695652173913043,
2M,1E-7,full-0,50,5,astrid,raxml,0.17391304347826086,0.17391304347826086,
2M,1E-7,full-0,50,5,mpest,true,0.08695652173913043,0.08695652173913043,
2M,1E-7,full-0,50,5,mpest,raxml,0.17391304347826086,0.17391304347826086,
2M,1E-7,full-0,50,5,svdquartets,true,0.08695652173913043,0.08695652173913043,
2M,1E-7,full-0,50,5,astrid-ours,true,0.08695652173913043,0.08695652173913043,True
2M,1E-7,full-0,50,5,astrid-ours,raxml,0.17391304347826086,0.17391304347826086,True
2M,1E-7,full-0,50,6,astral,true,0.17391304347826086,0.17391304347826086,
2M,1E-7,full-0,50,6,astral,raxml,0.2608695652173913,0.2608695652173913,
2M,1E-7,full-0,50,6,astrid,true,0.17391304347826086,0.17391304347826086,
2M,1E-7,full-0,50,6,astrid,raxml,0.2608695652173913,0.2608695652173913,
2M,1E-7,full-0,50,6,mpest,true,0.17391304347826086,0.17391304347826086,
2M,1E-7,full-0,50,6,mpest,raxml,0.34782608695652173,0.34782608695652173,
2M,1E-7,full-0,50,6,svdquartets,true,0.17391304347826086,0.17391304347826086,
2M,1E-7,full-0,50,6,astrid-ours,true,0.17391304347826086,0.17391304347826086,True
2M,1E-7,full-0,50,6,astrid-ours,raxml,0.2608695652173913,0.2608695652173913,True
2M,1E-7,full-0,50,7,astral,true,0.08695652173913043,0.08695652173913043,
2M,1E-7,full-0,50,7,astral,raxml,0.17391304347826086,0.17391304347826086,
2M,1E-7,full-0,50,7,astrid,true,0.043478260869565216,0.043478260869565216,
2M,1E-7,full-0,50,7,astrid,raxml,0.043478260869565216,0.043478260869565216,
2M,1E-7,full-0,50,7,mpest,true,0.13043478260869565,0.13043478260869565,
2M,1E-7,full-0,50,7,mpest,raxml,0.13043478260869565,0.13043478260869565,
2M,1E-7,full-0,50,7,svdquartets,true,0.21739130434782608,0.21739130434782608,
2M,1E-7,full-0,50,7,astrid-ours,true,0.043478260869565216,0.043478260869565216,True
2M,1E-7,full-0,50,7,astrid-ours,raxml,0.043478260869565216,0.043478260869565216,True
2M,1E-7,full-0,50,8,astral,true,0.08695652173913043,0.08695652173913043,
2M,1E-7,full-0,50,8,astral,raxml,0.21739130434782608,0.21739130434782608,
2M,1E-7,full-0,50,8,astrid,true,0.08695652173913043,0.08695652173913043,
2M,1E-7,full-0,50,8,astrid,raxml,0.13043478260869565,0.13043478260869565,
2M,1E-7,full-0,50,8,mpest,true,0.13043478260869565,0.13043478260869565,
2M,1E-7,full-0,50,8,mpest,raxml,0.21739130434782608,0.21739130434782608,
2M,1E-7,full-0,50,8,svdquartets,true,0.13043478260869565,0.13043478260869565,
2M,1E-7,full-0,50,8,astrid-ours,true,0.08695652173913043,0.08695652173913043,True
2M,1E-7,full-0,50,8,astrid-ours,raxml,0.13043478260869565,0.13043478260869565,True
2M,1E-7,full-0,50,9,astral,true,0.08695652173913043,0.08695652173913043,
2M,1E-7,full-0,50,9,astral,raxml,0.17391304347826086,0.17391304347826086,
2M,1E-7,full-0,50,9,astrid,true,0.08695652173913043,0.08695652173913043,
2M,1E-7,full-0,50,9,astrid,raxml,0.17391304347826086,0.17391304347826086,
2M,1E-7,full-0,50,9,mpest,true,0.08695652173913043,0.08695652173913043,
2M,1E-7,full-0,50,9,mpest,raxml,0.17391304347826086,0.17391304347826086,
2M,1E-7,full-0,50,9,svdquartets,true,0.30434782608695654,0.30434782608695654,
2M,1E-7,full-0,50,9,astrid-ours,true,0.08695652173913043,0.08695652173913043,True
2M,1E-7,full-0,50,9,astrid-ours,raxml,0.08695652173913043,0.08695652173913043,False
2M,1E-7,full-0,50,10,astral,true,0.17391304347826086,0.17391304347826086,
2M,1E-7,full-0,50,10,astral,raxml,0.17391304347826086,0.17391304347826086,
2M,1E-7,full-0,50,10,astrid,true,0.08695652173913043,0.08695652173913043,
2M,1E-7,full-0,50,10,astrid,raxml,0.08695652173913043,0.08695652173913043,
2M,1E-7,full-0,50,10,mpest,true,0.2608695652173913,0.2608695652173913,
2M,1E-7,full-0,50,10,mpest,raxml,0.2608695652173913,0.2608695652173913,
2M,1E-7,full-0,50,10,svdquartets,true,0.21739130434782608,0.21739130434782608,
2M,1E-7,full-0,50,10,astrid-ours,true,0.08695652173913043,0.08695652173913043,True
2M,1E-7,full-0,50,10,astrid-ours,raxml,0.08695652173913043,0.08695652173913043,True
2M,1E-7,full-0,50,11,astral,true,0.08695652173913043,0.08695652173913043,
2M,1E-7,full-0,50,11,astral,raxml,0.13043478260869565,0.13043478260869565,
2M,1E-7,full-0,50,11,astrid,true,0.043478260869565216,0.043478260869565216,
2M,1E-7,full-0,50,11,astrid,raxml,0.08695652173913043,0.08695652173913043,
2M,1E-7,full-0,50,11,mpest,true,0.08695652173913043,0.08695652173913043,
2M,1E-7,full-0,50,11,mpest,raxml,0.08695652173913043,0.08695652173913043,
2M,1E-7,full-0,50,11,svdquartets,true,0.2608695652173913,0.2608695652173913,
2M,1E-7,full-0,50,11,astrid-ours,true,0.043478260869565216,0.043478260869565216,True
2M,1E-7,full-0,50,11,astrid-ours,raxml,0.08695652173913043,0.08695652173913043,True
2M,1E-7,full-0,50,12,astral,true,0.08695652173913043,0.08695652173913043,
2M,1E-7,full-0,50,12,astral,raxml,0.17391304347826086,0.17391304347826086,
2M,1E-7,full-0,50,12,astrid,true,0.08695652173913043,0.08695652173913043,
2M,1E-7,full-0,50,12,astrid,raxml,0.08695652173913043,0.08695652173913043,
2M,1E-7,full-0,50,12,mpest,true,0.13043478260869565,0.13043478260869565,
2M,1E-7,full-0,50,12,mpest,raxml,0.17391304347826086,0.17391304347826086,
2M,1E-7,full-0,50,12,svdquartets,true,0.13043478260869565,0.13043478260869565,
2M,1E-7,full-0,50,12,astrid-ours,true,0.08695652173913043,0.08695652173913043,True
2M,1E-7,full-0,50,12,astrid-ours,raxml,0.08695652173913043,0.08695652173913043,True
2M,1E-7,full-0,50,13,astral,true,0.21739130434782608,0.21739130434782608,
2M,1E-7,full-0,50,13,astral,raxml,0.17391304347826086,0.17391304347826086,
2M,1E-7,full-0,50,13,astrid,true,0.21739130434782608,0.21739130434782608,
2M,1E-7,full-0,50,13,astrid,raxml,0.17391304347826086,0.17391304347826086,
2M,1E-7,full-0,50,13,mpest,true,0.30434782608695654,0.30434782608695654,
2M,1E-7,full-0,50,13,mpest,raxml,0.2608695652173913,0.2608695652173913,
2M,1E-7,full-0,50,13,svdquartets,true,0.34782608695652173,0.34782608695652173,
2M,1E-7,full-0,50,13,astrid-ours,true,0.21739130434782608,0.21739130434782608,True
2M,1E-7,full-0,50,13,astrid-ours,raxml,0.13043478260869565,0.13043478260869565,False
2M,1E-7,full-0,50,14,astral,true,0.17391304347826086,0.17391304347826086,
2M,1E-7,full-0,50,14,astral,raxml,0.2608695652173913,0.2608695652173913,
2M,1E-7,full-0,50,14,astrid,true,0.21739130434782608,0.21739130434782608,
2M,1E-7,full-0,50,14,astrid,raxml,0.21739130434782608,0.21739130434782608,
2M,1E-7,full-0,50,14,mpest,true,0.17391304347826086,0.17391304347826086,
2M,1E-7,full-0,50,14,mpest,raxml,0.17391304347826086,0.17391304347826086,
2M,1E-7,full-0,50,14,svdquartets,true,0.34782608695652173,0.34782608695652173,
2M,1E-7,full-0,50,14,astrid-ours,true,0.21739130434782608,0.21739130434782608,True
2M,1E-7,full-0,50,14,astrid-ours,raxml,0.21739130434782608,0.21739130434782608,True
2M,1E-7,full-0,50,15,astral,true,0.13043478260869565,0.13043478260869565,
2M,1E-7,full-0,50,15,astral,raxml,0.08695652173913043,0.08695652173913043,
2M,1E-7,full-0,50,15,astrid,true,0.17391304347826086,0.17391304347826086,
2M,1E-7,full-0,50,15,astrid,raxml,0.21739130434782608,0.21739130434782608,
2M,1E-7,full-0,50,15,mpest,true,0.21739130434782608,0.21739130434782608,
2M,1E-7,full-0,50,15,mpest,raxml,0.391304347826087,0.391304347826087,
2M,1E-7,full-0,50,15,svdquartets,true,0.34782608695652173,0.34782608695652173,
2M,1E-7,full-0,50,15,astrid-ours,true,0.17391304347826086,0.17391304347826086,True
2M,1E-7,full-0,50,15,astrid-ours,raxml,0.21739130434782608,0.21739130434782608,True
2M,1E-7,full-0,50,16,astral,true,0.0,0.0,
2M,1E-7,full-0,50,16,astral,raxml,0.13043478260869565,0.13043478260869565,
2M,1E-7,full-0,50,16,astrid,true,0.0,0.0,
2M,1E-7,full-0,50,16,astrid,raxml,0.17391304347826086,0.17391304347826086,
2M,1E-7,full-0,50,16,mpest,true,0.21739130434782608,0.21739130434782608,
2M,1E-7,full-0,50,16,mpest,raxml,0.21739130434782608,0.21739130434782608,
2M,1E-7,full-0,50,16,svdquartets,true,0.30434782608695654,0.30434782608695654,
2M,1E-7,full-0,50,16,astrid-ours,true,0.0,0.0,True
2M,1E-7,full-0,50,16,astrid-ours,raxml,0.17391304347826086,0.17391304347826086,True
2M,1E-7,full-0,50,17,astral,true,0.043478260869565216,0.043478260869565216,
2M,1E-7,full-0,50,17,astral,raxml,0.08695652173913043,0.08695652173913043,
2M,1E-7,full-0,50,17,astrid,true,0.0,0.0,
2M,1E-7,full-0,50,17,astrid,raxml,0.08695652173913043,0.08695652173913043,
2M,1E-7,full-0,50,17,mpest,true,0.0,0.0,
2M,1E-7,full-0,50,17,mpest,raxml,0.08695652173913043,0.08695652173913043,
2M,1E-7,full-0,50,17,svdquartets,true,0.21739130434782608,0.21739130434782608,
2M,1E-7,full-0,50,17,astrid-ours,true,0.0,0.0,True
2M,1E-7,full-0,50,17,astrid-ours,raxml,0.0,0.0,False
2M,1E-7,full-0,50,18,astral,true,0.043478260869565216,0.043478260869565216,
2M,1E-7,full-0,50,18,astral,raxml,0.08695652173913043,0.08695652173913043,
2M,1E-7,full-0,50,18,astrid,true,0.13043478260869565,0.13043478260869565,
2M,1E-7,full-0,50,18,astrid,raxml,0.08695652173913043,0.08695652173913043,
2M,1E-7,full-0,50,18,mpest,true,0.13043478260869565,0.13043478260869565,
2M,1E-7,full-0,50,18,mpest,raxml,0.17391304347826086,0.17391304347826086,
2M,1E-7,full-0,50,18,svdquartets,true,0.30434782608695654,0.30434782608695654,
2M,1E-7,full-0,50,18,astrid-ours,true,0.13043478260869565,0.13043478260869565,True
2M,1E-7,full-0,50,18,astrid-ours,raxml,0.08695652173913043,0.08695652173913043,True
2M,1E-7,full-0,50,19,astral,true,0.043478260869565216,0.043478260869565216,
2M,1E-7,full-0,50,19,astral,raxml,0.21739130434782608,0.21739130434782608,
2M,1E-7,full-0,50,19,astrid,true,0.043478260869565216,0.043478260869565216,
2M,1E-7,full-0,50,19,astrid,raxml,0.17391304347826086,0.17391304347826086,
2M,1E-7,full-0,50,19,mpest,true,0.08695652173913043,0.08695652173913043,
2M,1E-7,full-0,50,19,mpest,raxml,0.17391304347826086,0.17391304347826086,
2M,1E-7,full-0,50,19,svdquartets,true,0.17391304347826086,0.17391304347826086,
2M,1E-7,full-0,50,19,astrid-ours,true,0.043478260869565216,0.043478260869565216,True
2M,1E-7,full-0,50,19,astrid-ours,raxml,0.17391304347826086,0.17391304347826086,True
2M,1E-7,full-0,50,20,astral,true,0.043478260869565216,0.043478260869565216,
2M,1E-7,full-0,50,20,astral,raxml,0.21739130434782608,0.21739130434782608,
2M,1E-7,full-0,50,20,astrid,true,0.0,0.0,
2M,1E-7,full-0,50,20,astrid,raxml,0.08695652173913043,0.08695652173913043,
2M,1E-7,full-0,50,20,mpest,true,0.0,0.0,
2M,1E-7,full-0,50,20,mpest,raxml,0.17391304347826086,0.17391304347826086,
2M,1E-7,full-0,50,20,svdquartets,true,0.21739130434782608,0.21739130434782608,
2M,1E-7,full-0,50,20,astrid-ours,true,0.0,0.0,True
2M,1E-7,full-0,50,20,astrid-ours,raxml,0.08695652173913043,0.08695652173913043,True
2M,1E-7,full-0,200,1,astral,true,0.043478260869565216,0.043478260869565216,
2M,1E-7,full-0,200,1,astral,raxml,0.08695652173913043,0.08695652173913043,
2M,1E-7,full-0,200,1,astrid,true,0.0,0.0,
2M,1E-7,full-0,200,1,astrid,raxml,0.08695652173913043,0.08695652173913043,
2M,1E-7,full-0,200,1,mpest,true,0.043478260869565216,0.043478260869565216,
2M,1E-7,full-0,200,1,mpest,raxml,0.17391304347826086,0.17391304347826086,
2M,1E-7,full-0,200,1,svdquartets,true,0.08695652173913043,0.08695652173913043,
2M,1E-7,full-0,200,1,astrid-ours,true,0.0,0.0,True
2M,1E-7,full-0,200,1,astrid-ours,raxml,0.08695652173913043,0.08695652173913043,True
2M,1E-7,full-0,200,2,astral,true,0.0,0.0,
2M,1E-7,full-0,200,2,astral,raxml,0.0,0.0,
2M,1E-7,full-0,200,2,astrid,true,0.0,0.0,
2M,1E-7,full-0,200,2,astrid,raxml,0.0,0.0,
2M,1E-7,full-0,200,2,mpest,true,0.0,0.0,
2M,1E-7,full-0,200,2,mpest,raxml,0.0,0.0,
2M,1E-7,full-0,200,2,svdquartets,true,0.08695652173913043,0.08695652173913043,
2M,1E-7,full-0,200,2,astrid-ours,true,0.0,0.0,True
2M,1E-7,full-0,200,2,astrid-ours,raxml,0.0,0.0,True
2M,1E-7,full-0,200,3,astral,true,0.0,0.0,
2M,1E-7,full-0,200,3,astral,raxml,0.0,0.0,
2M,1E-7,full-0,200,3,astrid,true,0.043478260869565216,0.043478260869565216,
2M,1E-7,full-0,200,3,astrid,raxml,0.0,0.0,
2M,1E-7,full-0,200,3,mpest,true,0.043478260869565216,0.043478260869565216,
2M,1E-7,full-0,200,3,mpest,raxml,0.0,0.0,
2M,1E-7,full-0,200,3,svdquartets,true,0.13043478260869565,0.13043478260869565,
2M,1E-7,full-0,200,3,astrid-ours,true,0.043478260869565216,0.043478260869565216,True
2M,1E-7,full-0,200,3,astrid-ours,raxml,0.0,0.0,True
2M,1E-7,full-0,200,4,astral,true,0.0,0.0,
2M,1E-7,full-0,200,4,astral,raxml,0.0,0.0,
2M,1E-7,full-0,200,4,astrid,true,0.0,0.0,
2M,1E-7,full-0,200,4,astrid,raxml,0.0,0.0,
2M,1E-7,full-0,200,4,mpest,true,0.043478260869565216,0.043478260869565216,
2M,1E-7,full-0,200,4,mpest,raxml,0.0,0.0,
2M,1E-7,full-0,200,4,svdquartets,true,0.043478260869565216,0.043478260869565216,
2M,1E-7,full-0,200,4,astrid-ours,true,0.0,0.0,True
2M,1E-7,full-0,200,4,astrid-ours,raxml,0.0,0.0,True
2M,1E-7,full-0,200,5,astral,true,0.0,0.0,
2M,1E-7,full-0,200,5,astral,raxml,0.08695652173913043,0.08695652173913043,
2M,1E-7,full-0,200,5,astrid,true,0.043478260869565216,0.043478260869565216,
2M,1E-7,full-0,200,5,astrid,raxml,0.043478260869565216,0.043478260869565216,
2M,1E-7,full-0,200,5,mpest,true,0.0,0.0,
2M,1E-7,full-0,200,5,mpest,raxml,0.13043478260869565,0.13043478260869565,
2M,1E-7,full-0,200,5,svdquartets,true,0.08695652173913043,0.08695652173913043,
2M,1E-7,full-0,200,5,astrid-ours,true,0.043478260869565216,0.043478260869565216,True
2M,1E-7,full-0,200,5,astrid-ours,raxml,0.043478260869565216,0.043478260869565216,True
2M,1E-7,full-0,200,6,astral,true,0.13043478260869565,0.13043478260869565,
2M,1E-7,full-0,200,6,astral,raxml,0.17391304347826086,0.17391304347826086,
2M,1E-7,full-0,200,6,astrid,true,0.17391304347826086,0.17391304347826086,
2M,1E-7,full-0,200,6,astrid,raxml,0.17391304347826086,0.17391304347826086,
2M,1E-7,full-0,200,6,mpest,true,0.08695652173913043,0.08695652173913043,
2M,1E-7,full-0,200,6,mpest,raxml,0.21739130434782608,0.21739130434782608,
2M,1E-7,full-0,200,6,svdquartets,true,0.21739130434782608,0.21739130434782608,
2M,1E-7,full-0,200,6,astrid-ours,true,0.17391304347826086,0.17391304347826086,True
2M,1E-7,full-0,200,6,astrid-ours,raxml,0.17391304347826086,0.17391304347826086,True
2M,1E-7,full-0,200,7,astral,true,0.08695652173913043,0.08695652173913043,
2M,1E-7,full-0,200,7,astral,raxml,0.08695652173913043,0.08695652173913043,
2M,1E-7,full-0,200,7,astrid,true,0.043478260869565216,0.043478260869565216,
2M,1E-7,full-0,200,7,astrid,raxml,0.0,0.0,
2M,1E-7,full-0,200,7,mpest,true,0.043478260869565216,0.043478260869565216,
2M,1E-7,full-0,200,7,mpest,raxml,0.043478260869565216,0.043478260869565216,
2M,1E-7,full-0,200,7,svdquartets,true,0.13043478260869565,0.13043478260869565,
2M,1E-7,full-0,200,7,astrid-ours,true,0.043478260869565216,0.043478260869565216,True
2M,1E-7,full-0,200,7,astrid-ours,raxml,0.0,0.0,True
2M,1E-7,full-0,200,8,astral,true,0.0,0.0,
2M,1E-7,full-0,200,8,astral,raxml,0.13043478260869565,0.13043478260869565,
2M,1E-7,full-0,200,8,astrid,true,0.0,0.0,
2M,1E-7,full-0,200,8,astrid,raxml,0.13043478260869565,0.13043478260869565,
2M,1E-7,full-0,200,8,mpest,true,0.08695652173913043,0.08695652173913043,
2M,1E-7,full-0,200,8,mpest,raxml,0.21739130434782608,0.21739130434782608,
2M,1E-7,full-0,200,8,svdquartets,true,0.08695652173913043,0.08695652173913043,
2M,1E-7,full-0,200,8,astrid-ours,true,0.0,0.0,True
2M,1E-7,full-0,200,8,astrid-ours,raxml,0.13043478260869565,0.13043478260869565,True
2M,1E-7,full-0,200,9,astral,true,0.043478260869565216,0.043478260869565216,
2M,1E-7,full-0,200,9,astral,raxml,0.043478260869565216,0.043478260869565216,
2M,1E-7,full-0,200,9,astrid,true,0.043478260869565216,0.043478260869565216,
2M,1E-7,full-0,200,9,astrid,raxml,0.043478260869565216,0.043478260869565216,
2M,1E-7,full-0,200,9,mpest,true,0.043478260869565216,0.043478260869565216,
2M,1E-7,full-0,200,9,mpest,raxml,0.08695652173913043,0.08695652173913043,
2M,1E-7,full-0,200,9,svdquartets,true,0.2608695652173913,0.2608695652173913,
2M,1E-7,full-0,200,9,astrid-ours,true,0.043478260869565216,0.043478260869565216,True
2M,1E-7,full-0,200,9,astrid-ours,raxml,0.043478260869565216,0.043478260869565216,True
2M,1E-7,full-0,200,10,astral,true,0.08695652173913043,0.08695652173913043,
2M,1E-7,full-0,200,10,astral,raxml,0.08695652173913043,0.08695652173913043,
2M,1E-7,full-0,200,10,astrid,true,0.0,0.0,
2M,1E-7,full-0,200,10,astrid,raxml,0.043478260869565216,0.043478260869565216,
2M,1E-7,full-0,200,10,mpest,true,0.08695652173913043,0.08695652173913043,
2M,1E-7,full-0,200,10,mpest,raxml,0.043478260869565216,0.043478260869565216,
2M,1E-7,full-0,200,10,svdquartets,true,0.0,0.0,
2M,1E-7,full-0,200,10,astrid-ours,true,0.08695652173913043,0.08695652173913043,False
2M,1E-7,full-0,200,10,astrid-ours,raxml,0.043478260869565216,0.043478260869565216,True
2M,1E-7,full-0,200,11,astral,true,0.0,0.0,
2M,1E-7,full-0,200,11,astral,raxml,0.0,0.0,
2M,1E-7,full-0,200,11,astrid,true,0.043478260869565216,0.043478260869565216,
2M,1E-7,full-0,200,11,astrid,raxml,0.043478260869565216,0.043478260869565216,
2M,1E-7,full-0,200,11,mpest,true,0.0,0.0,
2M,1E-7,full-0,200,11,mpest,raxml,0.0,0.0,
2M,1E-7,full-0,200,11,svdquartets,true,0.13043478260869565,0.13043478260869565,
2M,1E-7,full-0,200,11,astrid-ours,true,0.043478260869565216,0.043478260869565216,True
2M,1E-7,full-0,200,11,astrid-ours,raxml,0.043478260869565216,0.043478260869565216,True
2M,1E-7,full-0,200,12,astral,true,0.08695652173913043,0.08695652173913043,
2M,1E-7,full-0,200,12,astral,raxml,0.08695652173913043,0.08695652173913043,
2M,1E-7,full-0,200,12,astrid,true,0.08695652173913043,0.08695652173913043,
2M,1E-7,full-0,200,12,astrid,raxml,0.043478260869565216,0.043478260869565216,
2M,1E-7,full-0,200,12,mpest,true,0.08695652173913043,0.08695652173913043,
2M,1E-7,full-0,200,12,mpest,raxml,0.08695652173913043,0.08695652173913043,
2M,1E-7,full-0,200,12,svdquartets,true,0.08695652173913043,0.08695652173913043,
2M,1E-7,full-0,200,12,astrid-ours,true,0.08695652173913043,0.08695652173913043,True
2M,1E-7,full-0,200,12,astrid-ours,raxml,0.043478260869565216,0.043478260869565216,True
2M,1E-7,full-0,200,13,astral,true,0.0,0.0,
2M,1E-7,full-0,200,13,astral,raxml,0.08695652173913043,0.08695652173913043,
2M,1E-7,full-0,200,13,astrid,true,0.0,0.0,
2M,1E-7,full-0,200,13,astrid,raxml,0.08695652173913043,0.08695652173913043,
2M,1E-7,full-0,200,13,mpest,true,0.0,0.0,
2M,1E-7,full-0,200,13,mpest,raxml,0.17391304347826086,0.17391304347826086,
2M,1E-7,full-0,200,13,svdquartets,true,0.2608695652173913,0.2608695652173913,
2M,1E-7,full-0,200,13,astrid-ours,true,0.0,0.0,True
2M,1E-7,full-0,200,13,astrid-ours,raxml,0.08695652173913043,0.08695652173913043,True
2M,1E-7,full-0,200,14,astral,true,0.08695652173913043,0.08695652173913043,
2M,1E-7,full-0,200,14,astral,raxml,0.043478260869565216,0.043478260869565216,
2M,1E-7,full-0,200,14,astrid,true,0.08695652173913043,0.08695652173913043,
2M,1E-7,full-0,200,14,astrid,raxml,0.043478260869565216,0.043478260869565216,
2M,1E-7,full-0,200,14,mpest,true,0.08695652173913043,0.08695652173913043,
2M,1E-7,full-0,200,14,mpest,raxml,0.08695652173913043,0.08695652173913043,
2M,1E-7,full-0,200,14,svdquartets,true,0.043478260869565216,0.043478260869565216,
2M,1E-7,full-0,200,14,astrid-ours,true,0.08695652173913043,0.08695652173913043,True
2M,1E-7,full-0,200,14,astrid-ours,raxml,0.043478260869565216,0.043478260869565216,True
2M,1E-7,full-0,200,15,astral,true,0.0,0.0,
2M,1E-7,full-0,200,15,astral,raxml,0.0,0.0,
2M,1E-7,full-0,200,15,astrid,true,0.0,0.0,
2M,1E-7,full-0,200,15,astrid,raxml,0.0,0.0,
2M,1E-7,full-0,200,15,mpest,true,0.0,0.0,
2M,1E-7,full-0,200,15,mpest,raxml,0.0,0.0,
2M,1E-7,full-0,200,15,svdquartets,true,0.08695652173913043,0.08695652173913043,
2M,1E-7,full-0,200,15,astrid-ours,true,0.0,0.0,True
2M,1E-7,full-0,200,15,astrid-ours,raxml,0.0,0.0,True
2M,1E-7,full-0,200,16,astral,true,0.13043478260869565,0.13043478260869565,
2M,1E-7,full-0,200,16,astral,raxml,0.17391304347826086,0.17391304347826086,
2M,1E-7,full-0,200,16,astrid,true,0.13043478260869565,0.13043478260869565,
2M,1E-7,full-0,200,16,astrid,raxml,0.2608695652173913,0.2608695652173913,
2M,1E-7,full-0,200,16,mpest,true,0.08695652173913043,0.08695652173913043,
2M,1E-7,full-0,200,16,mpest,raxml,0.17391304347826086,0.17391304347826086,
2M,1E-7,full-0,200,16,svdquartets,true,0.30434782608695654,0.30434782608695654,
2M,1E-7,full-0,200,16,astrid-ours,true,0.13043478260869565,0.13043478260869565,True
2M,1E-7,full-0,200,16,astrid-ours,raxml,0.17391304347826086,0.17391304347826086,False
2M,1E-7,full-0,200,17,astral,true,0.0,0.0,
2M,1E-7,full-0,200,17,astral,raxml,0.043478260869565216,0.043478260869565216,
2M,1E-7,full-0,200,17,astrid,true,0.0,0.0,
2M,1E-7,full-0,200,17,astrid,raxml,0.0,0.0,
2M,1E-7,full-0,200,17,mpest,true,0.0,0.0,
2M,1E-7,full-0,200,17,mpest,raxml,0.0,0.0,
2M,1E-7,full-0,200,17,svdquartets,true,0.043478260869565216,0.043478260869565216,
2M,1E-7,full-0,200,17,astrid-ours,true,0.0,0.0,True
2M,1E-7,full-0,200,17,astrid-ours,raxml,0.0,0.0,True
2M,1E-7,full-0,200,18,astral,true,0.13043478260869565,0.13043478260869565,
2M,1E-7,full-0,200,18,astral,raxml,0.043478260869565216,0.043478260869565216,
2M,1E-7,full-0,200,18,astrid,true,0.08695652173913043,0.08695652173913043,
2M,1E-7,full-0,200,18,astrid,raxml,0.043478260869565216,0.043478260869565216,
2M,1E-7,full-0,200,18,mpest,true,0.13043478260869565,0.13043478260869565,
2M,1E-7,full-0,200,18,mpest,raxml,0.08695652173913043,0.08695652173913043,
2M,1E-7,full-0,200,18,svdquartets,true,0.21739130434782608,0.21739130434782608,
2M,1E-7,full-0,200,18,astrid-ours,true,0.08695652173913043,0.08695652173913043,True
2M,1E-7,full-0,200,18,astrid-ours,raxml,0.043478260869565216,0.043478260869565216,True
2M,1E-7,full-0,200,19,astral,true,0.0,0.0,
2M,1E-7,full-0,200,19,astral,raxml,0.043478260869565216,0.043478260869565216,
2M,1E-7,full-0,200,19,astrid,true,0.0,0.0,
2M,1E-7,full-0,200,19,astrid,raxml,0.08695652173913043,0.08695652173913043,
2M,1E-7,full-0,200,19,mpest,true,0.08695652173913043,0.08695652173913043,
2M,1E-7,full-0,200,19,mpest,raxml,0.08695652173913043,0.08695652173913043,
2M,1E-7,full-0,200,19,svdquartets,true,0.13043478260869565,0.13043478260869565,
2M,1E-7,full-0,200,19,astrid-ours,true,0.0,0.0,True
2M,1E-7,full-0,200,19,astrid-ours,raxml,0.08695652173913043,0.08695652173913043,True
2M,1E-7,full-0,200,20,astral,true,0.0,0.0,
2M,1E-7,full-0,200,20,astral,raxml,0.0,0.0,
2M,1E-7,full-0,200,20,astrid,true,0.0,0.0,
2M,1E-7,full-0,200,20,astrid,raxml,0.0,0.0,
2M,1E-7,full-0,200,20,mpest,true,0.0,0.0,
2M,1E-7,full-0,200,20,mpest,raxml,0.0,0.0,
2M,1E-7,full-0,200,20,svdquartets,true,0.0,0.0,
2M,1E-7,full-0,200,20,astrid-ours,true,0.0,0.0,True
2M,1E-7,full-0,200,20,astrid-ours,raxml,0.0,0.0,True
2M,1E-7,full-0,1000,1,astral,true,0.043478260869565216,0.043478260869565216,
2M,1E-7,full-0,1000,1,astral,raxml,0.043478260869565216,0.043478260869565216,
2M,1E-7,full-0,1000,1,astrid,true,0.0,0.0,
2M,1E-7,full-0,1000,1,astrid,raxml,0.0,0.0,
2M,1E-7,full-0,1000,1,mpest,true,0.043478260869565216,0.043478260869565216,
2M,1E-7,full-0,1000,1,mpest,raxml,0.043478260869565216,0.043478260869565216,
2M,1E-7,full-0,1000,1,svdquartets,true,0.08695652173913043,0.08695652173913043,
2M,1E-7,full-0,1000,1,astrid-ours,true,0.0,0.0,True
2M,1E-7,full-0,1000,1,astrid-ours,raxml,0.0,0.0,True
2M,1E-7,full-0,1000,2,astral,true,0.0,0.0,
2M,1E-7,full-0,1000,2,astral,raxml,0.0,0.0,
2M,1E-7,full-0,1000,2,astrid,true,0.0,0.0,
2M,1E-7,full-0,1000,2,astrid,raxml,0.0,0.0,
2M,1E-7,full-0,1000,2,mpest,true,0.0,0.0,
2M,1E-7,full-0,1000,2,mpest,raxml,0.0,0.0,
2M,1E-7,full-0,1000,2,svdquartets,true,0.13043478260869565,0.13043478260869565,
2M,1E-7,full-0,1000,2,astrid-ours,true,0.0,0.0,True
2M,1E-7,full-0,1000,2,astrid-ours,raxml,0.0,0.0,True
2M,1E-7,full-0,1000,3,astral,true,0.0,0.0,
2M,1E-7,full-0,1000,3,astral,raxml,0.0,0.0,
2M,1E-7,full-0,1000,3,astrid,true,0.0,0.0,
2M,1E-7,full-0,1000,3,astrid,raxml,0.0,0.0,
2M,1E-7,full-0,1000,3,mpest,true,0.0,0.0,
2M,1E-7,full-0,1000,3,mpest,raxml,0.0,0.0,
2M,1E-7,full-0,1000,3,svdquartets,true,0.17391304347826086,0.17391304347826086,
2M,1E-7,full-0,1000,3,astrid-ours,true,0.0,0.0,True
2M,1E-7,full-0,1000,3,astrid-ours,raxml,0.0,0.0,True
2M,1E-7,full-0,1000,4,astral,true,0.0,0.0,
2M,1E-7,full-0,1000,4,astral,raxml,0.0,0.0,
2M,1E-7,full-0,1000,4,astrid,true,0.0,0.0,
2M,1E-7,full-0,1000,4,astrid,raxml,0.0,0.0,
2M,1E-7,full-0,1000,4,mpest,true,0.0,0.0,
2M,1E-7,full-0,1000,4,mpest,raxml,0.0,0.0,
2M,1E-7,full-0,1000,4,svdquartets,true,0.0,0.0,
2M,1E-7,full-0,1000,4,astrid-ours,true,0.0,0.0,True
2M,1E-7,full-0,1000,4,astrid-ours,raxml,0.0,0.0,True
2M,1E-7,full-0,1000,5,astral,true,0.043478260869565216,0.043478260869565216,
2M,1E-7,full-0,1000,5,astral,raxml,0.0,0.0,
2M,1E-7,full-0,1000,5,astrid,true,0.043478260869565216,0.043478260869565216,
2M,1E-7,full-0,1000,5,astrid,raxml,0.08695652173913043,0.08695652173913043,
2M,1E-7,full-0,1000,5,mpest,true,0.043478260869565216,0.043478260869565216,
2M,1E-7,full-0,1000,5,mpest,raxml,0.13043478260869565,0.13043478260869565,
2M,1E-7,full-0,1000,5,svdquartets,true,0.0,0.0,
2M,1E-7,full-0,1000,5,astrid-ours,true,0.043478260869565216,0.043478260869565216,True
2M,1E-7,full-0,1000,5,astrid-ours,raxml,0.08695652173913043,0.08695652173913043,True
2M,1E-7,full-0,1000,6,astral,true,0.043478260869565216,0.043478260869565216,
2M,1E-7,full-0,1000,6,astral,raxml,0.043478260869565216,0.043478260869565216,
2M,1E-7,full-0,1000,6,astrid,true,0.043478260869565216,0.043478260869565216,
2M,1E-7,full-0,1000,6,astrid,raxml,0.043478260869565216,0.043478260869565216,
2M,1E-7,full-0,1000,6,mpest,true,0.043478260869565216,0.043478260869565216,
2M,1E-7,full-0,1000,6,mpest,raxml,0.13043478260869565,0.13043478260869565,
2M,1E-7,full-0,1000,6,svdquartets,true,0.2608695652173913,0.2608695652173913,
2M,1E-7,full-0,1000,6,astrid-ours,true,0.043478260869565216,0.043478260869565216,True
2M,1E-7,full-0,1000,6,astrid-ours,raxml,0.043478260869565216,0.043478260869565216,True
2M,1E-7,full-0,1000,7,astral,true,0.0,0.0,
2M,1E-7,full-0,1000,7,astral,raxml,0.0,0.0,
2M,1E-7,full-0,1000,7,astrid,true,0.0,0.0,
2M,1E-7,full-0,1000,7,astrid,raxml,0.043478260869565216,0.043478260869565216,
2M,1E-7,full-0,1000,7,mpest,true,0.0,0.0,
2M,1E-7,full-0,1000,7,mpest,raxml,0.0,0.0,
2M,1E-7,full-0,1000,7,svdquartets,true,0.08695652173913043,0.08695652173913043,
2M,1E-7,full-0,1000,7,astrid-ours,true,0.0,0.0,True
2M,1E-7,full-0,1000,7,astrid-ours,raxml,0.043478260869565216,0.043478260869565216,True
2M,1E-7,full-0,1000,8,astral,true,0.0,0.0,
2M,1E-7,full-0,1000,8,astral,raxml,0.0,0.0,
2M,1E-7,full-0,1000,8,astrid,true,0.0,0.0,
2M,1E-7,full-0,1000,8,astrid,raxml,0.0,0.0,
2M,1E-7,full-0,1000,8,mpest,true,0.0,0.0,
2M,1E-7,full-0,1000,8,mpest,raxml,0.0,0.0,
2M,1E-7,full-0,1000,8,svdquartets,true,0.043478260869565216,0.043478260869565216,
2M,1E-7,full-0,1000,8,astrid-ours,true,0.0,0.0,True
2M,1E-7,full-0,1000,8,astrid-ours,raxml,0.0,0.0,True
2M,1E-7,full-0,1000,9,astral,true,0.043478260869565216,0.043478260869565216,
2M,1E-7,full-0,1000,9,astral,raxml,0.0,0.0,
2M,1E-7,full-0,1000,9,astrid,true,0.043478260869565216,0.043478260869565216,
2M,1E-7,full-0,1000,9,astrid,raxml,0.0,0.0,
2M,1E-7,full-0,1000,9,mpest,true,0.043478260869565216,0.043478260869565216,
2M,1E-7,full-0,1000,9,mpest,raxml,0.0,0.0,
2M,1E-7,full-0,1000,9,svdquartets,true,0.17391304347826086,0.17391304347826086,
2M,1E-7,full-0,1000,9,astrid-ours,true,0.043478260869565216,0.043478260869565216,True
2M,1E-7,full-0,1000,9,astrid-ours,raxml,0.0,0.0,True
2M,1E-7,full-0,1000,10,astral,true,0.043478260869565216,0.043478260869565216,
2M,1E-7,full-0,1000,10,astral,raxml,0.08695652173913043,0.08695652173913043,
2M,1E-7,full-0,1000,10,astrid,true,0.043478260869565216,0.043478260869565216,
2M,1E-7,full-0,1000,10,astrid,raxml,0.08695652173913043,0.08695652173913043,
2M,1E-7,full-0,1000,10,mpest,true,0.043478260869565216,0.043478260869565216,
2M,1E-7,full-0,1000,10,mpest,raxml,0.08695652173913043,0.08695652173913043,
2M,1E-7,full-0,1000,10,svdquartets,true,0.043478260869565216,0.043478260869565216,
2M,1E-7,full-0,1000,10,astrid-ours,true,0.043478260869565216,0.043478260869565216,True
2M,1E-7,full-0,1000,10,astrid-ours,raxml,0.08695652173913043,0.08695652173913043,True
2M,1E-7,full-0,1000,11,astral,true,0.0,0.0,
2M,1E-7,full-0,1000,11,astral,raxml,0.0,0.0,
2M,1E-7,full-0,1000,11,astrid,true,0.0,0.0,
2M,1E-7,full-0,1000,11,astrid,raxml,0.0,0.0,
2M,1E-7,full-0,1000,11,mpest,true,0.0,0.0,
2M,1E-7,full-0,1000,11,mpest,raxml,0.0,0.0,
2M,1E-7,full-0,1000,11,svdquartets,true,0.043478260869565216,0.043478260869565216,
2M,1E-7,full-0,1000,11,astrid-ours,true,0.0,0.0,True
2M,1E-7,full-0,1000,11,astrid-ours,raxml,0.0,0.0,True
2M,1E-7,full-0,1000,12,astral,true,0.043478260869565216,0.043478260869565216,
2M,1E-7,full-0,1000,12,astral,raxml,0.0,0.0,
2M,1E-7,full-0,1000,12,astrid,true,0.0,0.0,
2M,1E-7,full-0,1000,12,astrid,raxml,0.043478260869565216,0.043478260869565216,
2M,1E-7,full-0,1000,12,mpest,true,0.043478260869565216,0.043478260869565216,
2M,1E-7,full-0,1000,12,mpest,raxml,0.043478260869565216,0.043478260869565216,
2M,1E-7,full-0,1000,12,svdquartets,true,0.043478260869565216,0.043478260869565216,
2M,1E-7,full-0,1000,12,astrid-ours,true,0.0,0.0,True
2M,1E-7,full-0,1000,12,astrid-ours,raxml,0.043478260869565216,0.043478260869565216,True
2M,1E-7,full-0,1000,13,astral,true,0.043478260869565216,0.043478260869565216,
2M,1E-7,full-0,1000,13,astral,raxml,0.043478260869565216,0.043478260869565216,
2M,1E-7,full-0,1000,13,astrid,true,0.043478260869565216,0.043478260869565216,
2M,1E-7,full-0,1000,13,astrid,raxml,0.0,0.0,
2M,1E-7,full-0,1000,13,mpest,true,0.043478260869565216,0.043478260869565216,
2M,1E-7,full-0,1000,13,mpest,raxml,0.0,0.0,
2M,1E-7,full-0,1000,13,svdquartets,true,0.2608695652173913,0.2608695652173913,
2M,1E-7,full-0,1000,13,astrid-ours,true,0.043478260869565216,0.043478260869565216,True
2M,1E-7,full-0,1000,13,astrid-ours,raxml,0.0,0.0,True
2M,1E-7,full-0,1000,14,astral,true,0.043478260869565216,0.043478260869565216,
2M,1E-7,full-0,1000,14,astral,raxml,0.08695652173913043,0.08695652173913043,
2M,1E-7,full-0,1000,14,astrid,true,0.043478260869565216,0.043478260869565216,
2M,1E-7,full-0,1000,14,astrid,raxml,0.08695652173913043,0.08695652173913043,
2M,1E-7,full-0,1000,14,mpest,true,0.043478260869565216,0.043478260869565216,
2M,1E-7,full-0,1000,14,mpest,raxml,0.08695652173913043,0.08695652173913043,
2M,1E-7,full-0,1000,14,svdquartets,true,0.08695652173913043,0.08695652173913043,
2M,1E-7,full-0,1000,14,astrid-ours,true,0.043478260869565216,0.043478260869565216,True
2M,1E-7,full-0,1000,14,astrid-ours,raxml,0.08695652173913043,0.08695652173913043,True
2M,1E-7,full-0,1000,15,astral,true,0.0,0.0,
2M,1E-7,full-0,1000,15,astral,raxml,0.0,0.0,
2M,1E-7,full-0,1000,15,astrid,true,0.0,0.0,
2M,1E-7,full-0,1000,15,astrid,raxml,0.043478260869565216,0.043478260869565216,
2M,1E-7,full-0,1000,15,mpest,true,0.0,0.0,
2M,1E-7,full-0,1000,15,mpest,raxml,0.043478260869565216,0.043478260869565216,
2M,1E-7,full-0,1000,15,svdquartets,true,0.08695652173913043,0.08695652173913043,
2M,1E-7,full-0,1000,15,astrid-ours,true,0.0,0.0,True
2M,1E-7,full-0,1000,15,astrid-ours,raxml,0.043478260869565216,0.043478260869565216,True
2M,1E-7,full-0,1000,16,astral,true,0.13043478260869565,0.13043478260869565,
2M,1E-7,full-0,1000,16,astral,raxml,0.17391304347826086,0.17391304347826086,
2M,1E-7,full-0,1000,16,astrid,true,0.13043478260869565,0.13043478260869565,
2M,1E-7,full-0,1000,16,astrid,raxml,0.13043478260869565,0.13043478260869565,
2M,1E-7,full-0,1000,16,mpest,true,0.13043478260869565,0.13043478260869565,
2M,1E-7,full-0,1000,16,mpest,raxml,0.13043478260869565,0.13043478260869565,
2M,1E-7,full-0,1000,16,svdquartets,true,0.21739130434782608,0.21739130434782608,
2M,1E-7,full-0,1000,16,astrid-ours,true,0.13043478260869565,0.13043478260869565,True
2M,1E-7,full-0,1000,16,astrid-ours,raxml,0.13043478260869565,0.13043478260869565,True
2M,1E-7,full-0,1000,17,astral,true,0.0,0.0,
2M,1E-7,full-0,1000,17,astral,raxml,0.0,0.0,
2M,1E-7,full-0,1000,17,astrid,true,0.0,0.0,
2M,1E-7,full-0,1000,17,astrid,raxml,0.0,0.0,
2M,1E-7,full-0,1000,17,mpest,true,0.0,0.0,
2M,1E-7,full-0,1000,17,mpest,raxml,0.0,0.0,
2M,1E-7,full-0,1000,17,svdquartets,true,0.0,0.0,
2M,1E-7,full-0,1000,17,astrid-ours,true,0.0,0.0,True
2M,1E-7,full-0,1000,17,astrid-ours,raxml,0.0,0.0,True
2M,1E-7,full-0,1000,18,astral,true,0.0,0.0,
2M,1E-7,full-0,1000,18,astral,raxml,0.0,0.0,
2M,1E-7,full-0,1000,18,astrid,true,0.043478260869565216,0.043478260869565216,
2M,1E-7,full-0,1000,18,astrid,raxml,0.0,0.0,
2M,1E-7,full-0,1000,18,mpest,true,0.0,0.0,
2M,1E-7,full-0,1000,18,mpest,raxml,0.043478260869565216,0.043478260869565216,
2M,1E-7,full-0,1000,18,svdquartets,true,0.21739130434782608,0.21739130434782608,
2M,1E-7,full-0,1000,18,astrid-ours,true,0.043478260869565216,0.043478260869565216,True
2M,1E-7,full-0,1000,18,astrid-ours,raxml,0.0,0.0,True
2M,1E-7,full-0,1000,19,astral,true,0.0,0.0,
2M,1E-7,full-0,1000,19,astral,raxml,0.08695652173913043,0.08695652173913043,
2M,1E-7,full-0,1000,19,astrid,true,0.0,0.0,
2M,1E-7,full-0,1000,19,astrid,raxml,0.043478260869565216,0.043478260869565216,
2M,1E-7,full-0,1000,19,mpest,true,0.0,0.0,
2M,1E-7,full-0,1000,19,mpest,raxml,0.043478260869565216,0.043478260869565216,
2M,1E-7,full-0,1000,19,svdquartets,true,0.13043478260869565,0.13043478260869565,
2M,1E-7,full-0,1000,19,astrid-ours,true,0.0,0.0,True
2M,1E-7,full-0,1000,19,astrid-ours,raxml,0.043478260869565216,0.043478260869565216,True
2M,1E-7,full-0,1000,20,astral,true,0.0,0.0,
2M,1E-7,full-0,1000,20,astral,raxml,0.043478260869565216,0.043478260869565216,
2M,1E-7,full-0,1000,20,astrid,true,0.0,0.0,
2M,1E-7,full-0,1000,20,astrid,raxml,0.0,0.0,
2M,1E-7,full-0,1000,20,mpest,true,0.043478260869565216,0.043478260869565216,
2M,1E-7,full-0,1000,20,mpest,raxml,0.043478260869565216,0.043478260869565216,
2M,1E-7,full-0,1000,20,svdquartets,true,0.08695652173913043,0.08695652173913043,
2M,1E-7,full-0,1000,20,astrid-ours,true,0.0,0.0,True
2M,1E-7,full-0,1000,20,astrid-ours,raxml,0.0,0.0,True
2M,1E-7,rand-30,50,1,astral,true,0.17391304347826086,0.17391304347826086,
2M,1E-7,rand-30,50,1,astral,raxml,0.2608695652173913,0.2608695652173913,
2M,1E-7,rand-30,50,1,astrid,true,0.17391304347826086,0.17391304347826086,
2M,1E-7,rand-30,50,1,astrid,raxml,0.2608695652173913,0.2608695652173913,
2M,1E-7,rand-30,50,1,mpest,true,0.21739130434782608,0.21739130434782608,
2M,1E-7,rand-30,50,1,mpest,raxml,0.30434782608695654,0.30434782608695654,
2M,1E-7,rand-30,50,1,svdquartets,true,0.21739130434782608,0.21739130434782608,
2M,1E-7,rand-30,50,1,astrid-ours,true,0.17391304347826086,0.17391304347826086,True
2M,1E-7,rand-30,50,1,astrid-ours,raxml,0.2608695652173913,0.2608695652173913,True
2M,1E-7,rand-30,50,2,astral,true,0.13043478260869565,0.13043478260869565,
2M,1E-7,rand-30,50,2,astral,raxml,0.17391304347826086,0.17391304347826086,
2M,1E-7,rand-30,50,2,astrid,true,0.13043478260869565,0.13043478260869565,
2M,1E-7,rand-30,50,2,astrid,raxml,0.17391304347826086,0.17391304347826086,
2M,1E-7,rand-30,50,2,mpest,true,0.30434782608695654,0.30434782608695654,
2M,1E-7,rand-30,50,2,mpest,raxml,0.21739130434782608,0.21739130434782608,
2M,1E-7,rand-30,50,2,svdquartets,true,0.391304347826087,0.391304347826087,
2M,1E-7,rand-30,50,2,astrid-ours,true,0.13043478260869565,0.13043478260869565,True
2M,1E-7,rand-30,50,2,astrid-ours,raxml,0.17391304347826086,0.17391304347826086,True
2M,1E-7,rand-30,50,3,astral,true,0.08695652173913043,0.08695652173913043,
2M,1E-7,rand-30,50,3,astral,raxml,0.08695652173913043,0.08695652173913043,
2M,1E-7,rand-30,50,3,astrid,true,0.13043478260869565,0.13043478260869565,
2M,1E-7,rand-30,50,3,astrid,raxml,0.08695652173913043,0.08695652173913043,
2M,1E-7,rand-30,50,3,mpest,true,0.08695652173913043,0.08695652173913043,
2M,1E-7,rand-30,50,3,mpest,raxml,0.043478260869565216,0.043478260869565216,
2M,1E-7,rand-30,50,3,svdquartets,true,0.34782608695652173,0.34782608695652173,
2M,1E-7,rand-30,50,3,astrid-ours,true,0.13043478260869565,0.13043478260869565,True
2M,1E-7,rand-30,50,3,astrid-ours,raxml,0.08695652173913043,0.08695652173913043,True
2M,1E-7,rand-30,50,4,astral,true,0.08695652173913043,0.08695652173913043,
2M,1E-7,rand-30,50,4,astral,raxml,0.08695652173913043,0.08695652173913043,
2M,1E-7,rand-30,50,4,astrid,true,0.17391304347826086,0.17391304347826086,
2M,1E-7,rand-30,50,4,astrid,raxml,0.13043478260869565,0.13043478260869565,
2M,1E-7,rand-30,50,4,mpest,true,0.17391304347826086,0.17391304347826086,
2M,1E-7,rand-30,50,4,mpest,raxml,0.30434782608695654,0.30434782608695654,
2M,1E-7,rand-30,50,4,svdquartets,true,0.2608695652173913,0.2608695652173913,
2M,1E-7,rand-30,50,4,astrid-ours,true,0.17391304347826086,0.17391304347826086,False
2M,1E-7,rand-30,50,4,astrid-ours,raxml,0.13043478260869565,0.13043478260869565,True
2M,1E-7,rand-30,50,5,astral,true,0.13043478260869565,0.13043478260869565,
2M,1E-7,rand-30,50,5,astral,raxml,0.2608695652173913,0.2608695652173913,
2M,1E-7,rand-30,50,5,astrid,true,0.17391304347826086,0.17391304347826086,
2M,1E-7,rand-30,50,5,astrid,raxml,0.2608695652173913,0.2608695652173913,
2M,1E-7,rand-30,50,5,mpest,true,0.13043478260869565,0.13043478260869565,
2M,1E-7,rand-30,50,5,mpest,raxml,0.2608695652173913,0.2608695652173913,
2M,1E-7,rand-30,50,5,svdquartets,true,0.30434782608695654,0.30434782608695654,
2M,1E-7,rand-30,50,5,astrid-ours,true,0.13043478260869565,0.13043478260869565,False
2M,1E-7,rand-30,50,5,astrid-ours,raxml,0.2608695652173913,0.2608695652173913,True
2M,1E-7,rand-30,50,6,astral,true,0.21739130434782608,0.21739130434782608,
2M,1E-7,rand-30,50,6,astral,raxml,0.30434782608695654,0.30434782608695654,
2M,1E-7,rand-30,50,6,astrid,true,0.13043478260869565,0.13043478260869565,
2M,1E-7,rand-30,50,6,astrid,raxml,0.2608695652173913,0.2608695652173913,
2M,1E-7,rand-30,50,6,mpest,true,0.21739130434782608,0.21739130434782608,
2M,1E-7,rand-30,50,6,mpest,raxml,0.34782608695652173,0.34782608695652173,
2M,1E-7,rand-30,50,6,svdquartets,true,0.34782608695652173,0.34782608695652173,
2M,1E-7,rand-30,50,6,astrid-ours,true,0.13043478260869565,0.13043478260869565,True
2M,1E-7,rand-30,50,6,astrid-ours,raxml,0.2608695652173913,0.2608695652173913,True
2M,1E-7,rand-30,50,7,astral,true,0.13043478260869565,0.13043478260869565,
2M,1E-7,rand-30,50,7,astral,raxml,0.13043478260869565,0.13043478260869565,
2M,1E-7,rand-30,50,7,astrid,true,0.08695652173913043,0.08695652173913043,
2M,1E-7,rand-30,50,7,astrid,raxml,0.13043478260869565,0.13043478260869565,
2M,1E-7,rand-30,50,7,mpest,true,0.17391304347826086,0.17391304347826086,
2M,1E-7,rand-30,50,7,mpest,raxml,0.30434782608695654,0.30434782608695654,
2M,1E-7,rand-30,50,7,svdquartets,true,0.21739130434782608,0.21739130434782608,
2M,1E-7,rand-30,50,7,astrid-ours,true,0.08695652173913043,0.08695652173913043,True
2M,1E-7,rand-30,50,7,astrid-ours,raxml,0.17391304347826086,0.17391304347826086,False
2M,1E-7,rand-30,50,8,astral,true,0.2608695652173913,0.2608695652173913,
2M,1E-7,rand-30,50,8,astral,raxml,0.17391304347826086,0.17391304347826086,
2M,1E-7,rand-30,50,8,astrid,true,0.30434782608695654,0.30434782608695654,
2M,1E-7,rand-30,50,8,astrid,raxml,0.08695652173913043,0.08695652173913043,
2M,1E-7,rand-30,50,8,mpest,true,0.30434782608695654,0.30434782608695654,
2M,1E-7,rand-30,50,8,mpest,raxml,0.2608695652173913,0.2608695652173913,
2M,1E-7,rand-30,50,8,svdquartets,true,0.21739130434782608,0.21739130434782608,
2M,1E-7,rand-30,50,8,astrid-ours,true,0.30434782608695654,0.30434782608695654,True
2M,1E-7,rand-30,50,8,astrid-ours,raxml,0.08695652173913043,0.08695652173913043,True
2M,1E-7,rand-30,50,9,astral,true,0.08695652173913043,0.08695652173913043,
2M,1E-7,rand-30,50,9,astral,raxml,0.2608695652173913,0.2608695652173913,
2M,1E-7,rand-30,50,9,astrid,true,0.17391304347826086,0.17391304347826086,
2M,1E-7,rand-30,50,9,astrid,raxml,0.2608695652173913,0.2608695652173913,
2M,1E-7,rand-30,50,9,mpest,true,0.08695652173913043,0.08695652173913043,
2M,1E-7,rand-30,50,9,mpest,raxml,0.30434782608695654,0.30434782608695654,
2M,1E-7,rand-30,50,9,svdquartets,true,0.391304347826087,0.391304347826087,
2M,1E-7,rand-30,50,9,astrid-ours,true,0.17391304347826086,0.17391304347826086,True
2M,1E-7,rand-30,50,9,astrid-ours,raxml,0.2608695652173913,0.2608695652173913,True
2M,1E-7,rand-30,50,10,astral,true,0.17391304347826086,0.17391304347826086,
2M,1E-7,rand-30,50,10,astral,raxml,0.17391304347826086,0.17391304347826086,
2M,1E-7,rand-30,50,10,astrid,true,0.13043478260869565,0.13043478260869565,
2M,1E-7,rand-30,50,10,astrid,raxml,0.21739130434782608,0.21739130434782608,
2M,1E-7,rand-30,50,10,mpest,true,0.2608695652173913,0.2608695652173913,
2M,1E-7,rand-30,50,10,mpest,raxml,0.2608695652173913,0.2608695652173913,
2M,1E-7,rand-30,50,10,svdquartets,true,0.21739130434782608,0.21739130434782608,
2M,1E-7,rand-30,50,10,astrid-ours,true,0.13043478260869565,0.13043478260869565,True
2M,1E-7,rand-30,50,10,astrid-ours,raxml,0.21739130434782608,0.21739130434782608,False
2M,1E-7,rand-30,50,11,astral,true,0.043478260869565216,0.043478260869565216,
2M,1E-7,rand-30,50,11,astral,raxml,0.17391304347826086,0.17391304347826086,
2M,1E-7,rand-30,50,11,astrid,true,0.08695652173913043,0.08695652173913043,
2M,1E-7,rand-30,50,11,astrid,raxml,0.13043478260869565,0.13043478260869565,
2M,1E-7,rand-30,50,11,mpest,true,0.043478260869565216,0.043478260869565216,
2M,1E-7,rand-30,50,11,mpest,raxml,0.2608695652173913,0.2608695652173913,
2M,1E-7,rand-30,50,11,svdquartets,true,0.2608695652173913,0.2608695652173913,
2M,1E-7,rand-30,50,11,astrid-ours,true,0.08695652173913043,0.08695652173913043,True
2M,1E-7,rand-30,50,11,astrid-ours,raxml,0.13043478260869565,0.13043478260869565,True
2M,1E-7,rand-30,50,12,astral,true,0.043478260869565216,0.043478260869565216,
2M,1E-7,rand-30,50,12,astral,raxml,0.2608695652173913,0.2608695652173913,
2M,1E-7,rand-30,50,12,astrid,true,0.13043478260869565,0.13043478260869565,
2M,1E-7,rand-30,50,12,astrid,raxml,0.21739130434782608,0.21739130434782608,
2M,1E-7,rand-30,50,12,mpest,true,0.13043478260869565,0.13043478260869565,
2M,1E-7,rand-30,50,12,mpest,raxml,0.30434782608695654,0.30434782608695654,
2M,1E-7,rand-30,50,12,svdquartets,true,0.30434782608695654,0.30434782608695654,
2M,1E-7,rand-30,50,12,astrid-ours,true,0.13043478260869565,0.13043478260869565,True
2M,1E-7,rand-30,50,12,astrid-ours,raxml,0.21739130434782608,0.21739130434782608,True
2M,1E-7,rand-30,50,13,astral,true,0.21739130434782608,0.21739130434782608,
2M,1E-7,rand-30,50,13,astral,raxml,0.21739130434782608,0.21739130434782608,
2M,1E-7,rand-30,50,13,astrid,true,0.21739130434782608,0.21739130434782608,
2M,1E-7,rand-30,50,13,astrid,raxml,0.21739130434782608,0.21739130434782608,
2M,1E-7,rand-30,50,13,mpest,true,0.2608695652173913,0.2608695652173913,
2M,1E-7,rand-30,50,13,mpest,raxml,0.34782608695652173,0.34782608695652173,
2M,1E-7,rand-30,50,13,svdquartets,true,0.30434782608695654,0.30434782608695654,
2M,1E-7,rand-30,50,13,astrid-ours,true,0.21739130434782608,0.21739130434782608,True
2M,1E-7,rand-30,50,13,astrid-ours,raxml,0.21739130434782608,0.21739130434782608,False
2M,1E-7,rand-30,50,14,astral,true,0.13043478260869565,0.13043478260869565,
2M,1E-7,rand-30,50,14,astral,raxml,0.17391304347826086,0.17391304347826086,
2M,1E-7,rand-30,50,14,astrid,true,0.21739130434782608,0.21739130434782608,
2M,1E-7,rand-30,50,14,astrid,raxml,0.30434782608695654,0.30434782608695654,
2M,1E-7,rand-30,50,14,mpest,true,0.17391304347826086,0.17391304347826086,
2M,1E-7,rand-30,50,14,mpest,raxml,0.30434782608695654,0.30434782608695654,
2M,1E-7,rand-30,50,14,svdquartets,true,0.2608695652173913,0.2608695652173913,
2M,1E-7,rand-30,50,14,astrid-ours,true,0.21739130434782608,0.21739130434782608,True
2M,1E-7,rand-30,50,14,astrid-ours,raxml,0.30434782608695654,0.30434782608695654,True
2M,1E-7,rand-30,50,15,astral,true,0.17391304347826086,0.17391304347826086,
2M,1E-7,rand-30,50,15,astral,raxml,0.2608695652173913,0.2608695652173913,
2M,1E-7,rand-30,50,15,astrid,true,0.13043478260869565,0.13043478260869565,
2M,1E-7,rand-30,50,15,astrid,raxml,0.17391304347826086,0.17391304347826086,
2M,1E-7,rand-30,50,15,mpest,true,0.21739130434782608,0.21739130434782608,
2M,1E-7,rand-30,50,15,mpest,raxml,0.21739130434782608,0.21739130434782608,
2M,1E-7,rand-30,50,15,svdquartets,true,0.2608695652173913,0.2608695652173913,
2M,1E-7,rand-30,50,15,astrid-ours,true,0.13043478260869565,0.13043478260869565,True
2M,1E-7,rand-30,50,15,astrid-ours,raxml,0.17391304347826086,0.17391304347826086,True
2M,1E-7,rand-30,50,16,astral,true,0.043478260869565216,0.043478260869565216,
2M,1E-7,rand-30,50,16,astral,raxml,0.21739130434782608,0.21739130434782608,
2M,1E-7,rand-30,50,16,astrid,true,0.0,0.0,
2M,1E-7,rand-30,50,16,astrid,raxml,0.17391304347826086,0.17391304347826086,
2M,1E-7,rand-30,50,16,mpest,true,0.13043478260869565,0.13043478260869565,
2M,1E-7,rand-30,50,16,mpest,raxml,0.34782608695652173,0.34782608695652173,
2M,1E-7,rand-30,50,16,svdquartets,true,0.30434782608695654,0.30434782608695654,
2M,1E-7,rand-30,50,16,astrid-ours,true,0.0,0.0,True
2M,1E-7,rand-30,50,16,astrid-ours,raxml,0.17391304347826086,0.17391304347826086,True
2M,1E-7,rand-30,50,17,astral,true,0.08695652173913043,0.08695652173913043,
2M,1E-7,rand-30,50,17,astral,raxml,0.17391304347826086,0.17391304347826086,
2M,1E-7,rand-30,50,17,astrid,true,0.043478260869565216,0.043478260869565216,
2M,1E-7,rand-30,50,17,astrid,raxml,0.08695652173913043,0.08695652173913043,
2M,1E-7,rand-30,50,17,mpest,true,0.08695652173913043,0.08695652173913043,
2M,1E-7,rand-30,50,17,mpest,raxml,0.21739130434782608,0.21739130434782608,
2M,1E-7,rand-30,50,17,svdquartets,true,0.34782608695652173,0.34782608695652173,
2M,1E-7,rand-30,50,17,astrid-ours,true,0.043478260869565216,0.043478260869565216,True
2M,1E-7,rand-30,50,17,astrid-ours,raxml,0.08695652173913043,0.08695652173913043,True
2M,1E-7,rand-30,50,18,astral,true,0.17391304347826086,0.17391304347826086,
2M,1E-7,rand-30,50,18,astral,raxml,0.13043478260869565,0.13043478260869565,
2M,1E-7,rand-30,50,18,astrid,true,0.08695652173913043,0.08695652173913043,
2M,1E-7,rand-30,50,18,astrid,raxml,0.34782608695652173,0.34782608695652173,
2M,1E-7,rand-30,50,18,mpest,true,0.2608695652173913,0.2608695652173913,
2M,1E-7,rand-30,50,18,mpest,raxml,0.2608695652173913,0.2608695652173913,
2M,1E-7,rand-30,50,18,svdquartets,true,0.30434782608695654,0.30434782608695654,
2M,1E-7,rand-30,50,18,astrid-ours,true,0.08695652173913043,0.08695652173913043,True
2M,1E-7,rand-30,50,18,astrid-ours,raxml,0.34782608695652173,0.34782608695652173,True
2M,1E-7,rand-30,50,19,astral,true,0.13043478260869565,0.13043478260869565,
2M,1E-7,rand-30,50,19,astral,raxml,0.17391304347826086,0.17391304347826086,
2M,1E-7,rand-30,50,19,astrid,true,0.13043478260869565,0.13043478260869565,
2M,1E-7,rand-30,50,19,astrid,raxml,0.30434782608695654,0.30434782608695654,
2M,1E-7,rand-30,50,19,mpest,true,0.21739130434782608,0.21739130434782608,
2M,1E-7,rand-30,50,19,mpest,raxml,0.391304347826087,0.391304347826087,
2M,1E-7,rand-30,50,19,svdquartets,true,0.21739130434782608,0.21739130434782608,
2M,1E-7,rand-30,50,19,astrid-ours,true,0.13043478260869565,0.13043478260869565,True
2M,1E-7,rand-30,50,19,astrid-ours,raxml,0.30434782608695654,0.30434782608695654,True
2M,1E-7,rand-30,50,20,astral,true,0.17391304347826086,0.17391304347826086,
2M,1E-7,rand-30,50,20,astral,raxml,0.34782608695652173,0.34782608695652173,
2M,1E-7,rand-30,50,20,astrid,true,0.043478260869565216,0.043478260869565216,
2M,1E-7,rand-30,50,20,astrid,raxml,0.17391304347826086,0.17391304347826086,
2M,1E-7,rand-30,50,20,mpest,true,0.13043478260869565,0.13043478260869565,
2M,1E-7,rand-30,50,20,mpest,raxml,0.43478260869565216,0.43478260869565216,
2M,1E-7,rand-30,50,20,svdquartets,true,0.34782608695652173,0.34782608695652173,
2M,1E-7,rand-30,50,20,astrid-ours,true,0.043478260869565216,0.043478260869565216,True
2M,1E-7,rand-30,50,20,astrid-ours,raxml,0.17391304347826086,0.17391304347826086,True
2M,1E-7,rand-30,200,1,astral,true,0.043478260869565216,0.043478260869565216,
2M,1E-7,rand-30,200,1,astral,raxml,0.13043478260869565,0.13043478260869565,
2M,1E-7,rand-30,200,1,astrid,true,0.0,0.0,
2M,1E-7,rand-30,200,1,astrid,raxml,0.13043478260869565,0.13043478260869565,
2M,1E-7,rand-30,200,1,mpest,true,0.13043478260869565,0.13043478260869565,
2M,1E-7,rand-30,200,1,mpest,raxml,0.21739130434782608,0.21739130434782608,
2M,1E-7,rand-30,200,1,svdquartets,true,0.21739130434782608,0.21739130434782608,
2M,1E-7,rand-30,200,1,astrid-ours,true,0.0,0.0,True
2M,1E-7,rand-30,200,1,astrid-ours,raxml,0.13043478260869565,0.13043478260869565,True
2M,1E-7,rand-30,200,2,astral,true,0.043478260869565216,0.043478260869565216,
2M,1E-7,rand-30,200,2,astral,raxml,0.08695652173913043,0.08695652173913043,
2M,1E-7,rand-30,200,2,astrid,true,0.043478260869565216,0.043478260869565216,
2M,1E-7,rand-30,200,2,astrid,raxml,0.043478260869565216,0.043478260869565216,
2M,1E-7,rand-30,200,2,mpest,true,0.043478260869565216,0.043478260869565216,
2M,1E-7,rand-30,200,2,mpest,raxml,0.043478260869565216,0.043478260869565216,
2M,1E-7,rand-30,200,2,svdquartets,true,0.17391304347826086,0.17391304347826086,
2M,1E-7,rand-30,200,2,astrid-ours,true,0.043478260869565216,0.043478260869565216,True
2M,1E-7,rand-30,200,2,astrid-ours,raxml,0.043478260869565216,0.043478260869565216,True
2M,1E-7,rand-30,200,3,astral,true,0.0,0.0,
2M,1E-7,rand-30,200,3,astral,raxml,0.0,0.0,
2M,1E-7,rand-30,200,3,astrid,true,0.043478260869565216,0.043478260869565216,
2M,1E-7,rand-30,200,3,astrid,raxml,0.043478260869565216,0.043478260869565216,
2M,1E-7,rand-30,200,3,mpest,true,0.0,0.0,
2M,1E-7,rand-30,200,3,mpest,raxml,0.13043478260869565,0.13043478260869565,
2M,1E-7,rand-30,200,3,svdquartets,true,0.21739130434782608,0.21739130434782608,
2M,1E-7,rand-30,200,3,astrid-ours,true,0.043478260869565216,0.043478260869565216,True
2M,1E-7,rand-30,200,3,astrid-ours,raxml,0.043478260869565216,0.043478260869565216,True
2M,1E-7,rand-30,200,4,astral,true,0.0,0.0,
2M,1E-7,rand-30,200,4,astral,raxml,0.0,0.0,
2M,1E-7,rand-30,200,4,astrid,true,0.0,0.0,
2M,1E-7,rand-30,200,4,astrid,raxml,0.0,0.0,
2M,1E-7,rand-30,200,4,mpest,true,0.043478260869565216,0.043478260869565216,
2M,1E-7,rand-30,200,4,mpest,raxml,0.0,0.0,
2M,1E-7,rand-30,200,4,svdquartets,true,0.043478260869565216,0.043478260869565216,
2M,1E-7,rand-30,200,4,astrid-ours,true,0.0,0.0,True
2M,1E-7,rand-30,200,4,astrid-ours,raxml,0.0,0.0,True
2M,1E-7,rand-30,200,5,astral,true,0.043478260869565216,0.043478260869565216,
2M,1E-7,rand-30,200,5,astral,raxml,0.21739130434782608,0.21739130434782608,
2M,1E-7,rand-30,200,5,astrid,true,0.043478260869565216,0.043478260869565216,
2M,1E-7,rand-30,200,5,astrid,raxml,0.17391304347826086,0.17391304347826086,
2M,1E-7,rand-30,200,5,mpest,true,0.043478260869565216,0.043478260869565216,
2M,1E-7,rand-30,200,5,mpest,raxml,0.2608695652173913,0.2608695652173913,
2M,1E-7,rand-30,200,5,svdquartets,true,0.13043478260869565,0.13043478260869565,
2M,1E-7,rand-30,200,5,astrid-ours,true,0.043478260869565216,0.043478260869565216,True
2M,1E-7,rand-30,200,5,astrid-ours,raxml,0.21739130434782608,0.21739130434782608,False
2M,1E-7,rand-30,200,6,astral,true,0.17391304347826086,0.17391304347826086,
2M,1E-7,rand-30,200,6,astral,raxml,0.17391304347826086,0.17391304347826086,
2M,1E-7,rand-30,200,6,astrid,true,0.13043478260869565,0.13043478260869565,
2M,1E-7,rand-30,200,6,astrid,raxml,0.17391304347826086,0.17391304347826086,
2M,1E-7,rand-30,200,6,mpest,true,0.17391304347826086,0.17391304347826086,
2M,1E-7,rand-30,200,6,mpest,raxml,0.2608695652173913,0.2608695652173913,
2M,1E-7,rand-30,200,6,svdquartets,true,0.21739130434782608,0.21739130434782608,
2M,1E-7,rand-30,200,6,astrid-ours,true,0.13043478260869565,0.13043478260869565,True
2M,1E-7,rand-30,200,6,astrid-ours,raxml,0.17391304347826086,0.17391304347826086,True
2M,1E-7,rand-30,200,7,astral,true,0.13043478260869565,0.13043478260869565,
2M,1E-7,rand-30,200,7,astral,raxml,0.08695652173913043,0.08695652173913043,
2M,1E-7,rand-30,200,7,astrid,true,0.13043478260869565,0.13043478260869565,
2M,1E-7,rand-30,200,7,astrid,raxml,0.08695652173913043,0.08695652173913043,
2M,1E-7,rand-30,200,7,mpest,true,0.08695652173913043,0.08695652173913043,
2M,1E-7,rand-30,200,7,mpest,raxml,0.08695652173913043,0.08695652173913043,
2M,1E-7,rand-30,200,7,svdquartets,true,0.043478260869565216,0.043478260869565216,
2M,1E-7,rand-30,200,7,astrid-ours,true,0.13043478260869565,0.13043478260869565,True
2M,1E-7,rand-30,200,7,astrid-ours,raxml,0.08695652173913043,0.08695652173913043,True
2M,1E-7,rand-30,200,8,astral,true,0.0,0.0,
2M,1E-7,rand-30,200,8,astral,raxml,0.13043478260869565,0.13043478260869565,
2M,1E-7,rand-30,200,8,astrid,true,0.043478260869565216,0.043478260869565216,
2M,1E-7,rand-30,200,8,astrid,raxml,0.13043478260869565,0.13043478260869565,
2M,1E-7,rand-30,200,8,mpest,true,0.08695652173913043,0.08695652173913043,
2M,1E-7,rand-30,200,8,mpest,raxml,0.17391304347826086,0.17391304347826086,
2M,1E-7,rand-30,200,8,svdquartets,true,0.13043478260869565,0.13043478260869565,
2M,1E-7,rand-30,200,8,astrid-ours,true,0.043478260869565216,0.043478260869565216,True
2M,1E-7,rand-30,200,8,astrid-ours,raxml,0.13043478260869565,0.13043478260869565,True
2M,1E-7,rand-30,200,9,astral,true,0.043478260869565216,0.043478260869565216,
2M,1E-7,rand-30,200,9,astral,raxml,0.13043478260869565,0.13043478260869565,
2M,1E-7,rand-30,200,9,astrid,true,0.043478260869565216,0.043478260869565216,
2M,1E-7,rand-30,200,9,astrid,raxml,0.13043478260869565,0.13043478260869565,
2M,1E-7,rand-30,200,9,mpest,true,0.043478260869565216,0.043478260869565216,
2M,1E-7,rand-30,200,9,mpest,raxml,0.21739130434782608,0.21739130434782608,
2M,1E-7,rand-30,200,9,svdquartets,true,0.2608695652173913,0.2608695652173913,
2M,1E-7,rand-30,200,9,astrid-ours,true,0.043478260869565216,0.043478260869565216,True
2M,1E-7,rand-30,200,9,astrid-ours,raxml,0.13043478260869565,0.13043478260869565,True
2M,1E-7,rand-30,200,10,astral,true,0.0,0.0,
2M,1E-7,rand-30,200,10,astral,raxml,0.17391304347826086,0.17391304347826086,
2M,1E-7,rand-30,200,10,astrid,true,0.0,0.0,
2M,1E-7,rand-30,200,10,astrid,raxml,0.08695652173913043,0.08695652173913043,
2M,1E-7,rand-30,200,10,mpest,true,0.08695652173913043,0.08695652173913043,
2M,1E-7,rand-30,200,10,mpest,raxml,0.17391304347826086,0.17391304347826086,
2M,1E-7,rand-30,200,10,svdquartets,true,0.13043478260869565,0.13043478260869565,
2M,1E-7,rand-30,200,10,astrid-ours,true,0.0,0.0,True
2M,1E-7,rand-30,200,10,astrid-ours,raxml,0.08695652173913043,0.08695652173913043,True
2M,1E-7,rand-30,200,11,astral,true,0.0,0.0,
2M,1E-7,rand-30,200,11,astral,raxml,0.0,0.0,
2M,1E-7,rand-30,200,11,astrid,true,0.0,0.0,
2M,1E-7,rand-30,200,11,astrid,raxml,0.043478260869565216,0.043478260869565216,
2M,1E-7,rand-30,200,11,mpest,true,0.0,0.0,
2M,1E-7,rand-30,200,11,mpest,raxml,0.043478260869565216,0.043478260869565216,
2M,1E-7,rand-30,200,11,svdquartets,true,0.043478260869565216,0.043478260869565216,
2M,1E-7,rand-30,200,11,astrid-ours,true,0.0,0.0,True
2M,1E-7,rand-30,200,11,astrid-ours,raxml,0.043478260869565216,0.043478260869565216,True
2M,1E-7,rand-30,200,12,astral,true,0.043478260869565216,0.043478260869565216,
2M,1E-7,rand-30,200,12,astral,raxml,0.043478260869565216,0.043478260869565216,
2M,1E-7,rand-30,200,12,astrid,true,0.043478260869565216,0.043478260869565216,
2M,1E-7,rand-30,200,12,astrid,raxml,0.17391304347826086,0.17391304347826086,
2M,1E-7,rand-30,200,12,mpest,true,0.08695652173913043,0.08695652173913043,
2M,1E-7,rand-30,200,12,mpest,raxml,0.17391304347826086,0.17391304347826086,
2M,1E-7,rand-30,200,12,svdquartets,true,0.2608695652173913,0.2608695652173913,
2M,1E-7,rand-30,200,12,astrid-ours,true,0.043478260869565216,0.043478260869565216,True
2M,1E-7,rand-30,200,12,astrid-ours,raxml,0.17391304347826086,0.17391304347826086,True
2M,1E-7,rand-30,200,13,astral,true,0.13043478260869565,0.13043478260869565,
2M,1E-7,rand-30,200,13,astral,raxml,0.17391304347826086,0.17391304347826086,
2M,1E-7,rand-30,200,13,astrid,true,0.08695652173913043,0.08695652173913043,
2M,1E-7,rand-30,200,13,astrid,raxml,0.2608695652173913,0.2608695652173913,
2M,1E-7,rand-30,200,13,mpest,true,0.17391304347826086,0.17391304347826086,
2M,1E-7,rand-30,200,13,mpest,raxml,0.2608695652173913,0.2608695652173913,
2M,1E-7,rand-30,200,13,svdquartets,true,0.2608695652173913,0.2608695652173913,
2M,1E-7,rand-30,200,13,astrid-ours,true,0.08695652173913043,0.08695652173913043,True
2M,1E-7,rand-30,200,13,astrid-ours,raxml,0.2608695652173913,0.2608695652173913,True
2M,1E-7,rand-30,200,14,astral,true,0.13043478260869565,0.13043478260869565,
2M,1E-7,rand-30,200,14,astral,raxml,0.21739130434782608,0.21739130434782608,
2M,1E-7,rand-30,200,14,astrid,true,0.08695652173913043,0.08695652173913043,
2M,1E-7,rand-30,200,14,astrid,raxml,0.08695652173913043,0.08695652173913043,
2M,1E-7,rand-30,200,14,mpest,true,0.08695652173913043,0.08695652173913043,
2M,1E-7,rand-30,200,14,mpest,raxml,0.17391304347826086,0.17391304347826086,
2M,1E-7,rand-30,200,14,svdquartets,true,0.17391304347826086,0.17391304347826086,
2M,1E-7,rand-30,200,14,astrid-ours,true,0.08695652173913043,0.08695652173913043,True
2M,1E-7,rand-30,200,14,astrid-ours,raxml,0.08695652173913043,0.08695652173913043,True
2M,1E-7,rand-30,200,15,astral,true,0.0,0.0,
2M,1E-7,rand-30,200,15,astral,raxml,0.0,0.0,
2M,1E-7,rand-30,200,15,astrid,true,0.0,0.0,
2M,1E-7,rand-30,200,15,astrid,raxml,0.0,0.0,
2M,1E-7,rand-30,200,15,mpest,true,0.0,0.0,
2M,1E-7,rand-30,200,15,mpest,raxml,0.0,0.0,
2M,1E-7,rand-30,200,15,svdquartets,true,0.17391304347826086,0.17391304347826086,
2M,1E-7,rand-30,200,15,astrid-ours,true,0.0,0.0,True
2M,1E-7,rand-30,200,15,astrid-ours,raxml,0.0,0.0,True
2M,1E-7,rand-30,200,16,astral,true,0.043478260869565216,0.043478260869565216,
2M,1E-7,rand-30,200,16,astral,raxml,0.34782608695652173,0.34782608695652173,
2M,1E-7,rand-30,200,16,astrid,true,0.13043478260869565,0.13043478260869565,
2M,1E-7,rand-30,200,16,astrid,raxml,0.34782608695652173,0.34782608695652173,
2M,1E-7,rand-30,200,16,mpest,true,0.17391304347826086,0.17391304347826086,
2M,1E-7,rand-30,200,16,mpest,raxml,0.30434782608695654,0.30434782608695654,
2M,1E-7,rand-30,200,16,svdquartets,true,0.30434782608695654,0.30434782608695654,
2M,1E-7,rand-30,200,16,astrid-ours,true,0.13043478260869565,0.13043478260869565,True
2M,1E-7,rand-30,200,16,astrid-ours,raxml,0.30434782608695654,0.30434782608695654,False
2M,1E-7,rand-30,200,17,astral,true,0.043478260869565216,0.043478260869565216,
2M,1E-7,rand-30,200,17,astral,raxml,0.0,0.0,
2M,1E-7,rand-30,200,17,astrid,true,0.0,0.0,
2M,1E-7,rand-30,200,17,astrid,raxml,0.0,0.0,
2M,1E-7,rand-30,200,17,mpest,true,0.043478260869565216,0.043478260869565216,
2M,1E-7,rand-30,200,17,mpest,raxml,0.043478260869565216,0.043478260869565216,
2M,1E-7,rand-30,200,17,svdquartets,true,0.17391304347826086,0.17391304347826086,
2M,1E-7,rand-30,200,17,astrid-ours,true,0.0,0.0,True
2M,1E-7,rand-30,200,17,astrid-ours,raxml,0.0,0.0,True
2M,1E-7,rand-30,200,18,astral,true,0.17391304347826086,0.17391304347826086,
2M,1E-7,rand-30,200,18,astral,raxml,0.17391304347826086,0.17391304347826086,
2M,1E-7,rand-30,200,18,astrid,true,0.17391304347826086,0.17391304347826086,
2M,1E-7,rand-30,200,18,astrid,raxml,0.17391304347826086,0.17391304347826086,
2M,1E-7,rand-30,200,18,mpest,true,0.21739130434782608,0.21739130434782608,
2M,1E-7,rand-30,200,18,mpest,raxml,0.13043478260869565,0.13043478260869565,
2M,1E-7,rand-30,200,18,svdquartets,true,0.17391304347826086,0.17391304347826086,
2M,1E-7,rand-30,200,18,astrid-ours,true,0.17391304347826086,0.17391304347826086,True
2M,1E-7,rand-30,200,18,astrid-ours,raxml,0.17391304347826086,0.17391304347826086,True
2M,1E-7,rand-30,200,19,astral,true,0.043478260869565216,0.043478260869565216,
2M,1E-7,rand-30,200,19,astral,raxml,0.13043478260869565,0.13043478260869565,
2M,1E-7,rand-30,200,19,astrid,true,0.08695652173913043,0.08695652173913043,
2M,1E-7,rand-30,200,19,astrid,raxml,0.13043478260869565,0.13043478260869565,
2M,1E-7,rand-30,200,19,mpest,true,0.08695652173913043,0.08695652173913043,
2M,1E-7,rand-30,200,19,mpest,raxml,0.17391304347826086,0.17391304347826086,
2M,1E-7,rand-30,200,19,svdquartets,true,0.17391304347826086,0.17391304347826086,
2M,1E-7,rand-30,200,19,astrid-ours,true,0.08695652173913043,0.08695652173913043,True
2M,1E-7,rand-30,200,19,astrid-ours,raxml,0.13043478260869565,0.13043478260869565,False
2M,1E-7,rand-30,200,20,astral,true,0.0,0.0,
2M,1E-7,rand-30,200,20,astral,raxml,0.08695652173913043,0.08695652173913043,
2M,1E-7,rand-30,200,20,astrid,true,0.0,0.0,
2M,1E-7,rand-30,200,20,astrid,raxml,0.08695652173913043,0.08695652173913043,
2M,1E-7,rand-30,200,20,mpest,true,0.043478260869565216,0.043478260869565216,
2M,1E-7,rand-30,200,20,mpest,raxml,0.2608695652173913,0.2608695652173913,
2M,1E-7,rand-30,200,20,svdquartets,true,0.0,0.0,
2M,1E-7,rand-30,200,20,astrid-ours,true,0.0,0.0,True
2M,1E-7,rand-30,200,20,astrid-ours,raxml,0.08695652173913043,0.08695652173913043,True
2M,1E-7,rand-30,1000,1,astral,true,0.043478260869565216,0.043478260869565216,
2M,1E-7,rand-30,1000,1,astral,raxml,0.08695652173913043,0.08695652173913043,
2M,1E-7,rand-30,1000,1,astrid,true,0.043478260869565216,0.043478260869565216,
2M,1E-7,rand-30,1000,1,astrid,raxml,0.08695652173913043,0.08695652173913043,
2M,1E-7,rand-30,1000,1,mpest,true,0.043478260869565216,0.043478260869565216,
2M,1E-7,rand-30,1000,1,mpest,raxml,0.13043478260869565,0.13043478260869565,
2M,1E-7,rand-30,1000,1,svdquartets,true,0.17391304347826086,0.17391304347826086,
2M,1E-7,rand-30,1000,1,astrid-ours,true,0.043478260869565216,0.043478260869565216,True
2M,1E-7,rand-30,1000,1,astrid-ours,raxml,0.08695652173913043,0.08695652173913043,True
2M,1E-7,rand-30,1000,2,astral,true,0.0,0.0,
2M,1E-7,rand-30,1000,2,astral,raxml,0.043478260869565216,0.043478260869565216,
2M,1E-7,rand-30,1000,2,astrid,true,0.0,0.0,
2M,1E-7,rand-30,1000,2,astrid,raxml,0.0,0.0,
2M,1E-7,rand-30,1000,2,mpest,true,0.0,0.0,
2M,1E-7,rand-30,1000,2,mpest,raxml,0.043478260869565216,0.043478260869565216,
2M,1E-7,rand-30,1000,2,svdquartets,true,0.13043478260869565,0.13043478260869565,
2M,1E-7,rand-30,1000,2,astrid-ours,true,0.0,0.0,True
2M,1E-7,rand-30,1000,2,astrid-ours,raxml,0.0,0.0,True
2M,1E-7,rand-30,1000,3,astral,true,0.0,0.0,
2M,1E-7,rand-30,1000,3,astral,raxml,0.0,0.0,
2M,1E-7,rand-30,1000,3,astrid,true,0.0,0.0,
2M,1E-7,rand-30,1000,3,astrid,raxml,0.0,0.0,
2M,1E-7,rand-30,1000,3,mpest,true,0.0,0.0,
2M,1E-7,rand-30,1000,3,mpest,raxml,0.0,0.0,
2M,1E-7,rand-30,1000,3,svdquartets,true,0.13043478260869565,0.13043478260869565,
2M,1E-7,rand-30,1000,3,astrid-ours,true,0.0,0.0,True
2M,1E-7,rand-30,1000,3,astrid-ours,raxml,0.0,0.0,True
2M,1E-7,rand-30,1000,4,astral,true,0.0,0.0,
2M,1E-7,rand-30,1000,4,astral,raxml,0.0,0.0,
2M,1E-7,rand-30,1000,4,astrid,true,0.0,0.0,
2M,1E-7,rand-30,1000,4,astrid,raxml,0.0,0.0,
2M,1E-7,rand-30,1000,4,mpest,true,0.0,0.0,
2M,1E-7,rand-30,1000,4,mpest,raxml,0.0,0.0,
2M,1E-7,rand-30,1000,4,svdquartets,true,0.0,0.0,
2M,1E-7,rand-30,1000,4,astrid-ours,true,0.0,0.0,True
2M,1E-7,rand-30,1000,4,astrid-ours,raxml,0.0,0.0,True
2M,1E-7,rand-30,1000,5,astral,true,0.043478260869565216,0.043478260869565216,
2M,1E-7,rand-30,1000,5,astral,raxml,0.08695652173913043,0.08695652173913043,
2M,1E-7,rand-30,1000,5,astrid,true,0.043478260869565216,0.043478260869565216,
2M,1E-7,rand-30,1000,5,astrid,raxml,0.043478260869565216,0.043478260869565216,
2M,1E-7,rand-30,1000,5,mpest,true,0.0,0.0,
2M,1E-7,rand-30,1000,5,mpest,raxml,0.08695652173913043,0.08695652173913043,
2M,1E-7,rand-30,1000,5,svdquartets,true,0.0,0.0,
2M,1E-7,rand-30,1000,5,astrid-ours,true,0.043478260869565216,0.043478260869565216,True
2M,1E-7,rand-30,1000,5,astrid-ours,raxml,0.043478260869565216,0.043478260869565216,True
2M,1E-7,rand-30,1000,6,astral,true,0.043478260869565216,0.043478260869565216,
2M,1E-7,rand-30,1000,6,astral,raxml,0.13043478260869565,0.13043478260869565,
2M,1E-7,rand-30,1000,6,astrid,true,0.0,0.0,
2M,1E-7,rand-30,1000,6,astrid,raxml,0.08695652173913043,0.08695652173913043,
2M,1E-7,rand-30,1000,6,mpest,true,0.043478260869565216,0.043478260869565216,
2M,1E-7,rand-30,1000,6,mpest,raxml,0.21739130434782608,0.21739130434782608,
2M,1E-7,rand-30,1000,6,svdquartets,true,0.2608695652173913,0.2608695652173913,
2M,1E-7,rand-30,1000,6,astrid-ours,true,0.0,0.0,True
2M,1E-7,rand-30,1000,6,astrid-ours,raxml,0.08695652173913043,0.08695652173913043,True
2M,1E-7,rand-30,1000,7,astral,true,0.0,0.0,
2M,1E-7,rand-30,1000,7,astral,raxml,0.0,0.0,
2M,1E-7,rand-30,1000,7,astrid,true,0.0,0.0,
2M,1E-7,rand-30,1000,7,astrid,raxml,0.0,0.0,
2M,1E-7,rand-30,1000,7,mpest,true,0.0,0.0,
2M,1E-7,rand-30,1000,7,mpest,raxml,0.0,0.0,
2M,1E-7,rand-30,1000,7,svdquartets,true,0.0,0.0,
2M,1E-7,rand-30,1000,7,astrid-ours,true,0.0,0.0,True
2M,1E-7,rand-30,1000,7,astrid-ours,raxml,0.0,0.0,True
2M,1E-7,rand-30,1000,8,astral,true,0.0,0.0,
2M,1E-7,rand-30,1000,8,astral,raxml,0.043478260869565216,0.043478260869565216,
2M,1E-7,rand-30,1000,8,astrid,true,0.043478260869565216,0.043478260869565216,
2M,1E-7,rand-30,1000,8,astrid,raxml,0.08695652173913043,0.08695652173913043,
2M,1E-7,rand-30,1000,8,mpest,true,0.0,0.0,
2M,1E-7,rand-30,1000,8,mpest,raxml,0.13043478260869565,0.13043478260869565,
2M,1E-7,rand-30,1000,8,svdquartets,true,0.08695652173913043,0.08695652173913043,
2M,1E-7,rand-30,1000,8,astrid-ours,true,0.043478260869565216,0.043478260869565216,True
2M,1E-7,rand-30,1000,8,astrid-ours,raxml,0.08695652173913043,0.08695652173913043,True
2M,1E-7,rand-30,1000,9,astral,true,0.043478260869565216,0.043478260869565216,
2M,1E-7,rand-30,1000,9,astral,raxml,0.043478260869565216,0.043478260869565216,
2M,1E-7,rand-30,1000,9,astrid,true,0.043478260869565216,0.043478260869565216,
2M,1E-7,rand-30,1000,9,astrid,raxml,0.08695652173913043,0.08695652173913043,
2M,1E-7,rand-30,1000,9,mpest,true,0.043478260869565216,0.043478260869565216,
2M,1E-7,rand-30,1000,9,mpest,raxml,0.21739130434782608,0.21739130434782608,
2M,1E-7,rand-30,1000,9,svdquartets,true,0.17391304347826086,0.17391304347826086,
2M,1E-7,rand-30,1000,9,astrid-ours,true,0.043478260869565216,0.043478260869565216,True
2M,1E-7,rand-30,1000,9,astrid-ours,raxml,0.08695652173913043,0.08695652173913043,True
2M,1E-7,rand-30,1000,10,astral,true,0.043478260869565216,0.043478260869565216,
2M,1E-7,rand-30,1000,10,astral,raxml,0.08695652173913043,0.08695652173913043,
2M,1E-7,rand-30,1000,10,astrid,true,0.043478260869565216,0.043478260869565216,
2M,1E-7,rand-30,1000,10,astrid,raxml,0.08695652173913043,0.08695652173913043,
2M,1E-7,rand-30,1000,10,mpest,true,0.043478260869565216,0.043478260869565216,
2M,1E-7,rand-30,1000,10,mpest,raxml,0.0,0.0,
2M,1E-7,rand-30,1000,10,svdquartets,true,0.08695652173913043,0.08695652173913043,
2M,1E-7,rand-30,1000,10,astrid-ours,true,0.043478260869565216,0.043478260869565216,True
2M,1E-7,rand-30,1000,10,astrid-ours,raxml,0.08695652173913043,0.08695652173913043,True
2M,1E-7,rand-30,1000,11,astral,true,0.0,0.0,
2M,1E-7,rand-30,1000,11,astral,raxml,0.0,0.0,
2M,1E-7,rand-30,1000,11,astrid,true,0.0,0.0,
2M,1E-7,rand-30,1000,11,astrid,raxml,0.0,0.0,
2M,1E-7,rand-30,1000,11,mpest,true,0.0,0.0,
2M,1E-7,rand-30,1000,11,mpest,raxml,0.0,0.0,
2M,1E-7,rand-30,1000,11,svdquartets,true,0.043478260869565216,0.043478260869565216,
2M,1E-7,rand-30,1000,11,astrid-ours,true,0.0,0.0,True
2M,1E-7,rand-30,1000,11,astrid-ours,raxml,0.0,0.0,True
2M,1E-7,rand-30,1000,12,astral,true,0.043478260869565216,0.043478260869565216,
2M,1E-7,rand-30,1000,12,astral,raxml,0.08695652173913043,0.08695652173913043,
2M,1E-7,rand-30,1000,12,astrid,true,0.043478260869565216,0.043478260869565216,
2M,1E-7,rand-30,1000,12,astrid,raxml,0.08695652173913043,0.08695652173913043,
2M,1E-7,rand-30,1000,12,mpest,true,0.0,0.0,
2M,1E-7,rand-30,1000,12,mpest,raxml,0.13043478260869565,0.13043478260869565,
2M,1E-7,rand-30,1000,12,svdquartets,true,0.08695652173913043,0.08695652173913043,
2M,1E-7,rand-30,1000,12,astrid-ours,true,0.043478260869565216,0.043478260869565216,True
2M,1E-7,rand-30,1000,12,astrid-ours,raxml,0.08695652173913043,0.08695652173913043,True
2M,1E-7,rand-30,1000,13,astral,true,0.0,0.0,
2M,1E-7,rand-30,1000,13,astral,raxml,0.043478260869565216,0.043478260869565216,
2M,1E-7,rand-30,1000,13,astrid,true,0.0,0.0,
2M,1E-7,rand-30,1000,13,astrid,raxml,0.0,0.0,
2M,1E-7,rand-30,1000,13,mpest,true,0.0,0.0,
2M,1E-7,rand-30,1000,13,mpest,raxml,0.17391304347826086,0.17391304347826086,
2M,1E-7,rand-30,1000,13,svdquartets,true,0.13043478260869565,0.13043478260869565,
2M,1E-7,rand-30,1000,13,astrid-ours,true,0.0,0.0,True
2M,1E-7,rand-30,1000,13,astrid-ours,raxml,0.0,0.0,True
2M,1E-7,rand-30,1000,14,astral,true,0.043478260869565216,0.043478260869565216,
2M,1E-7,rand-30,1000,14,astral,raxml,0.08695652173913043,0.08695652173913043,
2M,1E-7,rand-30,1000,14,astrid,true,0.043478260869565216,0.043478260869565216,
2M,1E-7,rand-30,1000,14,astrid,raxml,0.043478260869565216,0.043478260869565216,
2M,1E-7,rand-30,1000,14,mpest,true,0.043478260869565216,0.043478260869565216,
2M,1E-7,rand-30,1000,14,mpest,raxml,0.043478260869565216,0.043478260869565216,
2M,1E-7,rand-30,1000,14,svdquartets,true,0.13043478260869565,0.13043478260869565,
2M,1E-7,rand-30,1000,14,astrid-ours,true,0.043478260869565216,0.043478260869565216,True
2M,1E-7,rand-30,1000,14,astrid-ours,raxml,0.043478260869565216,0.043478260869565216,True
2M,1E-7,rand-30,1000,15,astral,true,0.0,0.0,
2M,1E-7,rand-30,1000,15,astral,raxml,0.0,0.0,
2M,1E-7,rand-30,1000,15,astrid,true,0.0,0.0,
2M,1E-7,rand-30,1000,15,astrid,raxml,0.0,0.0,
2M,1E-7,rand-30,1000,15,mpest,true,0.0,0.0,
2M,1E-7,rand-30,1000,15,mpest,raxml,0.043478260869565216,0.043478260869565216,
2M,1E-7,rand-30,1000,15,svdquartets,true,0.08695652173913043,0.08695652173913043,
2M,1E-7,rand-30,1000,15,astrid-ours,true,0.0,0.0,True
2M,1E-7,rand-30,1000,15,astrid-ours,raxml,0.0,0.0,True
2M,1E-7,rand-30,1000,16,astral,true,0.08695652173913043,0.08695652173913043,
2M,1E-7,rand-30,1000,16,astral,raxml,0.17391304347826086,0.17391304347826086,
2M,1E-7,rand-30,1000,16,astrid,true,0.13043478260869565,0.13043478260869565,
2M,1E-7,rand-30,1000,16,astrid,raxml,0.13043478260869565,0.13043478260869565,
2M,1E-7,rand-30,1000,16,mpest,true,0.17391304347826086,0.17391304347826086,
2M,1E-7,rand-30,1000,16,mpest,raxml,0.13043478260869565,0.13043478260869565,
2M,1E-7,rand-30,1000,16,svdquartets,true,0.2608695652173913,0.2608695652173913,
2M,1E-7,rand-30,1000,16,astrid-ours,true,0.13043478260869565,0.13043478260869565,True
2M,1E-7,rand-30,1000,16,astrid-ours,raxml,0.13043478260869565,0.13043478260869565,True
2M,1E-7,rand-30,1000,17,astral,true,0.0,0.0,
2M,1E-7,rand-30,1000,17,astral,raxml,0.0,0.0,
2M,1E-7,rand-30,1000,17,astrid,true,0.0,0.0,
2M,1E-7,rand-30,1000,17,astrid,raxml,0.0,0.0,
2M,1E-7,rand-30,1000,17,mpest,true,0.0,0.0,
2M,1E-7,rand-30,1000,17,mpest,raxml,0.0,0.0,
2M,1E-7,rand-30,1000,17,svdquartets,true,0.0,0.0,
2M,1E-7,rand-30,1000,17,astrid-ours,true,0.0,0.0,True
2M,1E-7,rand-30,1000,17,astrid-ours,raxml,0.0,0.0,True
2M,1E-7,rand-30,1000,18,astral,true,0.043478260869565216,0.043478260869565216,
2M,1E-7,rand-30,1000,18,astral,raxml,0.043478260869565216,0.043478260869565216,
2M,1E-7,rand-30,1000,18,astrid,true,0.0,0.0,
2M,1E-7,rand-30,1000,18,astrid,raxml,0.043478260869565216,0.043478260869565216,
2M,1E-7,rand-30,1000,18,mpest,true,0.0,0.0,
2M,1E-7,rand-30,1000,18,mpest,raxml,0.13043478260869565,0.13043478260869565,
2M,1E-7,rand-30,1000,18,svdquartets,true,0.13043478260869565,0.13043478260869565,
2M,1E-7,rand-30,1000,18,astrid-ours,true,0.0,0.0,True
2M,1E-7,rand-30,1000,18,astrid-ours,raxml,0.043478260869565216,0.043478260869565216,True
2M,1E-7,rand-30,1000,19,astral,true,0.043478260869565216,0.043478260869565216,
2M,1E-7,rand-30,1000,19,astral,raxml,0.08695652173913043,0.08695652173913043,
2M,1E-7,rand-30,1000,19,astrid,true,0.043478260869565216,0.043478260869565216,
2M,1E-7,rand-30,1000,19,astrid,raxml,0.13043478260869565,0.13043478260869565,
2M,1E-7,rand-30,1000,19,mpest,true,0.043478260869565216,0.043478260869565216,
2M,1E-7,rand-30,1000,19,mpest,raxml,0.13043478260869565,0.13043478260869565,
2M,1E-7,rand-30,1000,19,svdquartets,true,0.17391304347826086,0.17391304347826086,
2M,1E-7,rand-30,1000,19,astrid-ours,true,0.043478260869565216,0.043478260869565216,True
2M,1E-7,rand-30,1000,19,astrid-ours,raxml,0.13043478260869565,0.13043478260869565,True
2M,1E-7,rand-30,1000,20,astral,true,0.0,0.0,
2M,1E-7,rand-30,1000,20,astral,raxml,0.043478260869565216,0.043478260869565216,
2M,1E-7,rand-30,1000,20,astrid,true,0.0,0.0,
2M,1E-7,rand-30,1000,20,astrid,raxml,0.043478260869565216,0.043478260869565216,
2M,1E-7,rand-30,1000,20,mpest,true,0.0,0.0,
2M,1E-7,rand-30,1000,20,mpest,raxml,0.08695652173913043,0.08695652173913043,
2M,1E-7,rand-30,1000,20,svdquartets,true,0.08695652173913043,0.08695652173913043,
2M,1E-7,rand-30,1000,20,astrid-ours,true,0.0,0.0,True
2M,1E-7,rand-30,1000,20,astrid-ours,raxml,0.043478260869565216,0.043478260869565216,True
2M,1E-7,rand-60,50,1,astral,true,0.21739130434782608,0.21739130434782608,
2M,1E-7,rand-60,50,1,astral,raxml,0.30434782608695654,0.30434782608695654,
2M,1E-7,rand-60,50,1,astrid,true,0.17391304347826086,0.17391304347826086,
2M,1E-7,rand-60,50,1,astrid,raxml,0.391304347826087,0.391304347826087,
2M,1E-7,rand-60,50,1,mpest,true,0.21739130434782608,0.21739130434782608,
2M,1E-7,rand-60,50,1,mpest,raxml,0.391304347826087,0.391304347826087,
2M,1E-7,rand-60,50,1,svdquartets,true,0.43478260869565216,0.43478260869565216,
2M,1E-7,rand-60,50,1,astrid-ours,true,0.21739130434782608,0.21739130434782608,False
2M,1E-7,rand-60,50,1,astrid-ours,raxml,0.391304347826087,0.391304347826087,False
2M,1E-7,rand-60,50,2,astral,true,0.21739130434782608,0.21739130434782608,
2M,1E-7,rand-60,50,2,astral,raxml,0.21739130434782608,0.21739130434782608,
2M,1E-7,rand-60,50,2,astrid,true,0.13043478260869565,0.13043478260869565,
2M,1E-7,rand-60,50,2,astrid,raxml,0.17391304347826086,0.17391304347826086,
2M,1E-7,rand-60,50,2,mpest,true,0.391304347826087,0.391304347826087,
2M,1E-7,rand-60,50,2,mpest,raxml,0.391304347826087,0.391304347826087,
2M,1E-7,rand-60,50,2,svdquartets,true,0.34782608695652173,0.34782608695652173,
2M,1E-7,rand-60,50,2,astrid-ours,true,0.08695652173913043,0.08695652173913043,False
2M,1E-7,rand-60,50,2,astrid-ours,raxml,0.13043478260869565,0.13043478260869565,False
2M,1E-7,rand-60,50,3,astral,true,0.13043478260869565,0.13043478260869565,
2M,1E-7,rand-60,50,3,astral,raxml,0.17391304347826086,0.17391304347826086,
2M,1E-7,rand-60,50,3,astrid,true,0.17391304347826086,0.17391304347826086,
2M,1E-7,rand-60,50,3,astrid,raxml,0.2608695652173913,0.2608695652173913,
2M,1E-7,rand-60,50,3,mpest,true,0.21739130434782608,0.21739130434782608,
2M,1E-7,rand-60,50,3,mpest,raxml,0.43478260869565216,0.43478260869565216,
2M,1E-7,rand-60,50,3,svdquartets,true,0.5652173913043478,0.5652173913043478,
2M,1E-7,rand-60,50,3,astrid-ours,true,0.17391304347826086,0.17391304347826086,True
2M,1E-7,rand-60,50,3,astrid-ours,raxml,0.2608695652173913,0.2608695652173913,True
2M,1E-7,rand-60,50,4,astral,true,0.21739130434782608,0.21739130434782608,
2M,1E-7,rand-60,50,4,astral,raxml,0.30434782608695654,0.30434782608695654,
2M,1E-7,rand-60,50,4,astrid,true,0.21739130434782608,0.21739130434782608,
2M,1E-7,rand-60,50,4,astrid,raxml,0.4782608695652174,0.4782608695652174,
2M,1E-7,rand-60,50,4,mpest,true,0.30434782608695654,0.30434782608695654,
2M,1E-7,rand-60,50,4,mpest,raxml,0.34782608695652173,0.34782608695652173,
2M,1E-7,rand-60,50,4,svdquartets,true,0.4782608695652174,0.4782608695652174,
2M,1E-7,rand-60,50,4,astrid-ours,true,0.21739130434782608,0.21739130434782608,True
2M,1E-7,rand-60,50,4,astrid-ours,raxml,0.43478260869565216,0.43478260869565216,False
2M,1E-7,rand-60,50,5,astral,true,0.13043478260869565,0.13043478260869565,
2M,1E-7,rand-60,50,5,astral,raxml,0.391304347826087,0.391304347826087,
2M,1E-7,rand-60,50,5,astrid,true,0.30434782608695654,0.30434782608695654,
2M,1E-7,rand-60,50,5,astrid,raxml,0.43478260869565216,0.43478260869565216,
2M,1E-7,rand-60,50,5,mpest,true,0.17391304347826086,0.17391304347826086,
2M,1E-7,rand-60,50,5,mpest,raxml,0.4782608695652174,0.4782608695652174,
2M,1E-7,rand-60,50,5,svdquartets,true,0.5652173913043478,0.5652173913043478,
2M,1E-7,rand-60,50,5,astrid-ours,true,0.17391304347826086,0.17391304347826086,False
2M,1E-7,rand-60,50,5,astrid-ours,raxml,0.391304347826087,0.391304347826087,False
2M,1E-7,rand-60,50,6,astral,true,0.21739130434782608,0.21739130434782608,
2M,1E-7,rand-60,50,6,astral,raxml,0.21739130434782608,0.21739130434782608,
2M,1E-7,rand-60,50,6,astrid,true,0.30434782608695654,0.30434782608695654,
2M,1E-7,rand-60,50,6,astrid,raxml,0.2608695652173913,0.2608695652173913,
2M,1E-7,rand-60,50,6,mpest,true,0.2608695652173913,0.2608695652173913,
2M,1E-7,rand-60,50,6,mpest,raxml,0.34782608695652173,0.34782608695652173,
2M,1E-7,rand-60,50,6,svdquartets,true,0.5217391304347826,0.5217391304347826,
2M,1E-7,rand-60,50,6,astrid-ours,true,0.34782608695652173,0.34782608695652173,False
2M,1E-7,rand-60,50,6,astrid-ours,raxml,0.2608695652173913,0.2608695652173913,True
2M,1E-7,rand-60,50,7,astral,true,0.13043478260869565,0.13043478260869565,
2M,1E-7,rand-60,50,7,astral,raxml,0.34782608695652173,0.34782608695652173,
2M,1E-7,rand-60,50,7,astrid,true,0.2608695652173913,0.2608695652173913,
2M,1E-7,rand-60,50,7,astrid,raxml,0.21739130434782608,0.21739130434782608,
2M,1E-7,rand-60,50,7,mpest,true,0.2608695652173913,0.2608695652173913,
2M,1E-7,rand-60,50,7,mpest,raxml,0.391304347826087,0.391304347826087,
2M,1E-7,rand-60,50,7,svdquartets,true,0.5217391304347826,0.5217391304347826,
2M,1E-7,rand-60,50,7,astrid-ours,true,0.2608695652173913,0.2608695652173913,True
2M,1E-7,rand-60,50,7,astrid-ours,raxml,0.21739130434782608,0.21739130434782608,True
2M,1E-7,rand-60,50,8,astral,true,0.34782608695652173,0.34782608695652173,
2M,1E-7,rand-60,50,8,astral,raxml,0.34782608695652173,0.34782608695652173,
2M,1E-7,rand-60,50,8,astrid,true,0.2608695652173913,0.2608695652173913,
2M,1E-7,rand-60,50,8,astrid,raxml,0.34782608695652173,0.34782608695652173,
2M,1E-7,rand-60,50,8,mpest,true,0.30434782608695654,0.30434782608695654,
2M,1E-7,rand-60,50,8,mpest,raxml,0.34782608695652173,0.34782608695652173,
2M,1E-7,rand-60,50,8,svdquartets,true,0.43478260869565216,0.391304347826087,
2M,1E-7,rand-60,50,8,astrid-ours,true,0.2608695652173913,0.2608695652173913,True
2M,1E-7,rand-60,50,8,astrid-ours,raxml,0.34782608695652173,0.34782608695652173,False
2M,1E-7,rand-60,50,9,astral,true,0.21739130434782608,0.21739130434782608,
2M,1E-7,rand-60,50,9,astral,raxml,0.4782608695652174,0.4782608695652174,
2M,1E-7,rand-60,50,9,astrid,true,0.34782608695652173,0.34782608695652173,
2M,1E-7,rand-60,50,9,astrid,raxml,0.4782608695652174,0.4782608695652174,
2M,1E-7,rand-60,50,9,mpest,true,0.43478260869565216,0.43478260869565216,
2M,1E-7,rand-60,50,9,mpest,raxml,0.5217391304347826,0.5217391304347826,
2M,1E-7,rand-60,50,9,svdquartets,true,0.4782608695652174,0.4782608695652174,
2M,1E-7,rand-60,50,9,astrid-ours,true,0.34782608695652173,0.34782608695652173,True
2M,1E-7,rand-60,50,9,astrid-ours,raxml,0.4782608695652174,0.4782608695652174,True
2M,1E-7,rand-60,50,10,astral,true,0.391304347826087,0.391304347826087,
2M,1E-7,rand-60,50,10,astral,raxml,0.391304347826087,0.391304347826087,
2M,1E-7,rand-60,50,10,astrid,true,0.21739130434782608,0.21739130434782608,
2M,1E-7,rand-60,50,10,astrid,raxml,0.30434782608695654,0.30434782608695654,
2M,1E-7,rand-60,50,10,mpest,true,0.30434782608695654,0.30434782608695654,
2M,1E-7,rand-60,50,10,mpest,raxml,0.30434782608695654,0.30434782608695654,
2M,1E-7,rand-60,50,10,svdquartets,true,0.43478260869565216,0.43478260869565216,
2M,1E-7,rand-60,50,10,astrid-ours,true,0.21739130434782608,0.21739130434782608,True
2M,1E-7,rand-60,50,10,astrid-ours,raxml,0.30434782608695654,0.30434782608695654,True
2M,1E-7,rand-60,50,11,astral,true,0.391304347826087,0.391304347826087,
2M,1E-7,rand-60,50,11,astral,raxml,0.391304347826087,0.391304347826087,
2M,1E-7,rand-60,50,11,astrid,true,0.34782608695652173,0.34782608695652173,
2M,1E-7,rand-60,50,11,astrid,raxml,0.391304347826087,0.391304347826087,
2M,1E-7,rand-60,50,11,mpest,true,0.30434782608695654,0.30434782608695654,
2M,1E-7,rand-60,50,11,mpest,raxml,0.391304347826087,0.391304347826087,
2M,1E-7,rand-60,50,11,svdquartets,true,0.5652173913043478,0.5217391304347826,
2M,1E-7,rand-60,50,11,astrid-ours,true,0.30434782608695654,0.30434782608695654,False
2M,1E-7,rand-60,50,11,astrid-ours,raxml,0.391304347826087,0.391304347826087,False
2M,1E-7,rand-60,50,12,astral,true,0.2608695652173913,0.2608695652173913,
2M,1E-7,rand-60,50,12,astral,raxml,0.391304347826087,0.391304347826087,
2M,1E-7,rand-60,50,12,astrid,true,0.30434782608695654,0.30434782608695654,
2M,1E-7,rand-60,50,12,astrid,raxml,0.4782608695652174,0.4782608695652174,
2M,1E-7,rand-60,50,12,mpest,true,0.2608695652173913,0.2608695652173913,
2M,1E-7,rand-60,50,12,mpest,raxml,0.6086956521739131,0.6086956521739131,
2M,1E-7,rand-60,50,12,svdquartets,true,0.5652173913043478,0.5652173913043478,
2M,1E-7,rand-60,50,12,astrid-ours,true,0.30434782608695654,0.30434782608695654,True
2M,1E-7,rand-60,50,12,astrid-ours,raxml,0.4782608695652174,0.4782608695652174,True
2M,1E-7,rand-60,50,13,astral,true,0.2608695652173913,0.2608695652173913,
2M,1E-7,rand-60,50,13,astral,raxml,0.34782608695652173,0.34782608695652173,
2M,1E-7,rand-60,50,13,astrid,true,0.34782608695652173,0.34782608695652173,
2M,1E-7,rand-60,50,13,astrid,raxml,0.391304347826087,0.391304347826087,
2M,1E-7,rand-60,50,13,mpest,true,0.4782608695652174,0.4782608695652174,
2M,1E-7,rand-60,50,13,mpest,raxml,0.34782608695652173,0.34782608695652173,
2M,1E-7,rand-60,50,13,svdquartets,true,0.391304347826087,0.391304347826087,
2M,1E-7,rand-60,50,13,astrid-ours,true,0.34782608695652173,0.34782608695652173,True
2M,1E-7,rand-60,50,13,astrid-ours,raxml,0.30434782608695654,0.30434782608695654,False
2M,1E-7,rand-60,50,14,astral,true,0.391304347826087,0.391304347826087,
2M,1E-7,rand-60,50,14,astral,raxml,0.4782608695652174,0.4782608695652174,
2M,1E-7,rand-60,50,14,astrid,true,0.391304347826087,0.391304347826087,
2M,1E-7,rand-60,50,14,astrid,raxml,0.30434782608695654,0.30434782608695654,
2M,1E-7,rand-60,50,14,mpest,true,0.30434782608695654,0.30434782608695654,
2M,1E-7,rand-60,50,14,mpest,raxml,0.43478260869565216,0.43478260869565216,
2M,1E-7,rand-60,50,14,svdquartets,true,0.5217391304347826,0.5217391304347826,
2M,1E-7,rand-60,50,14,astrid-ours,true,0.391304347826087,0.391304347826087,False
2M,1E-7,rand-60,50,14,astrid-ours,raxml,0.30434782608695654,0.30434782608695654,True
2M,1E-7,rand-60,50,15,astral,true,0.391304347826087,0.391304347826087,
2M,1E-7,rand-60,50,15,astral,raxml,0.391304347826087,0.391304347826087,
2M,1E-7,rand-60,50,15,astrid,true,0.391304347826087,0.391304347826087,
2M,1E-7,rand-60,50,15,astrid,raxml,0.391304347826087,0.391304347826087,
2M,1E-7,rand-60,50,15,mpest,true,0.34782608695652173,0.34782608695652173,
2M,1E-7,rand-60,50,15,mpest,raxml,0.43478260869565216,0.43478260869565216,
2M,1E-7,rand-60,50,15,svdquartets,true,0.5217391304347826,0.5217391304347826,
2M,1E-7,rand-60,50,15,astrid-ours,true,0.21739130434782608,0.21739130434782608,False
2M,1E-7,rand-60,50,15,astrid-ours,raxml,0.391304347826087,0.391304347826087,False
2M,1E-7,rand-60,50,16,astral,true,0.2608695652173913,0.2608695652173913,
2M,1E-7,rand-60,50,16,astral,raxml,0.43478260869565216,0.43478260869565216,
2M,1E-7,rand-60,50,16,astrid,true,0.30434782608695654,0.30434782608695654,
2M,1E-7,rand-60,50,16,astrid,raxml,0.5217391304347826,0.5217391304347826,
2M,1E-7,rand-60,50,16,mpest,true,0.30434782608695654,0.30434782608695654,
2M,1E-7,rand-60,50,16,mpest,raxml,0.6086956521739131,0.6086956521739131,
2M,1E-7,rand-60,50,16,svdquartets,true,0.6956521739130435,0.6521739130434783,
2M,1E-7,rand-60,50,16,astrid-ours,true,0.30434782608695654,0.30434782608695654,True
2M,1E-7,rand-60,50,16,astrid-ours,raxml,0.4782608695652174,0.4782608695652174,False
2M,1E-7,rand-60,50,17,astral,true,0.21739130434782608,0.21739130434782608,
2M,1E-7,rand-60,50,17,astral,raxml,0.43478260869565216,0.43478260869565216,
2M,1E-7,rand-60,50,17,astrid,true,0.4782608695652174,0.4782608695652174,
2M,1E-7,rand-60,50,17,astrid,raxml,0.4782608695652174,0.4782608695652174,
2M,1E-7,rand-60,50,17,mpest,true,0.17391304347826086,0.17391304347826086,
2M,1E-7,rand-60,50,17,mpest,raxml,0.5217391304347826,0.5217391304347826,
2M,1E-7,rand-60,50,17,svdquartets,true,0.4782608695652174,0.4782608695652174,
2M,1E-7,rand-60,50,17,astrid-ours,true,0.391304347826087,0.391304347826087,False
2M,1E-7,rand-60,50,17,astrid-ours,raxml,0.5217391304347826,0.5217391304347826,False
2M,1E-7,rand-60,50,18,astral,true,0.2608695652173913,0.2608695652173913,
2M,1E-7,rand-60,50,18,astral,raxml,0.43478260869565216,0.43478260869565216,
2M,1E-7,rand-60,50,18,astrid,true,0.08695652173913043,0.08695652173913043,
2M,1E-7,rand-60,50,18,astrid,raxml,0.21739130434782608,0.21739130434782608,
2M,1E-7,rand-60,50,18,mpest,true,0.17391304347826086,0.17391304347826086,
2M,1E-7,rand-60,50,18,mpest,raxml,0.391304347826087,0.391304347826087,
2M,1E-7,rand-60,50,18,svdquartets,true,0.6956521739130435,0.6956521739130435,
2M,1E-7,rand-60,50,18,astrid-ours,true,0.08695652173913043,0.08695652173913043,True
2M,1E-7,rand-60,50,18,astrid-ours,raxml,0.21739130434782608,0.21739130434782608,True
2M,1E-7,rand-60,50,19,astral,true,0.08695652173913043,0.08695652173913043,
2M,1E-7,rand-60,50,19,astral,raxml,0.34782608695652173,0.34782608695652173,
2M,1E-7,rand-60,50,19,astrid,true,0.2608695652173913,0.2608695652173913,
2M,1E-7,rand-60,50,19,astrid,raxml,0.391304347826087,0.391304347826087,
2M,1E-7,rand-60,50,19,mpest,true,0.21739130434782608,0.21739130434782608,
2M,1E-7,rand-60,50,19,mpest,raxml,0.6086956521739131,0.6086956521739131,
2M,1E-7,rand-60,50,19,svdquartets,true,0.5652173913043478,0.5652173913043478,
2M,1E-7,rand-60,50,19,astrid-ours,true,0.21739130434782608,0.21739130434782608,False
2M,1E-7,rand-60,50,19,astrid-ours,raxml,0.43478260869565216,0.43478260869565216,False
2M,1E-7,rand-60,50,20,astral,true,0.21739130434782608,0.21739130434782608,
2M,1E-7,rand-60,50,20,astral,raxml,0.5217391304347826,0.5217391304347826,
2M,1E-7,rand-60,50,20,astrid,true,0.21739130434782608,0.21739130434782608,
2M,1E-7,rand-60,50,20,astrid,raxml,0.5217391304347826,0.5217391304347826,
2M,1E-7,rand-60,50,20,mpest,true,0.30434782608695654,0.30434782608695654,
2M,1E-7,rand-60,50,20,mpest,raxml,0.6956521739130435,0.6956521739130435,
2M,1E-7,rand-60,50,20,svdquartets,true,0.6086956521739131,0.6086956521739131,
2M,1E-7,rand-60,50,20,astrid-ours,true,0.21739130434782608,0.21739130434782608,True
2M,1E-7,rand-60,50,20,astrid-ours,raxml,0.6086956521739131,0.6086956521739131,False
2M,1E-7,rand-60,200,1,astral,true,0.21739130434782608,0.21739130434782608,
2M,1E-7,rand-60,200,1,astral,raxml,0.2608695652173913,0.2608695652173913,
2M,1E-7,rand-60,200,1,astrid,true,0.13043478260869565,0.13043478260869565,
2M,1E-7,rand-60,200,1,astrid,raxml,0.30434782608695654,0.30434782608695654,
2M,1E-7,rand-60,200,1,mpest,true,0.13043478260869565,0.13043478260869565,
2M,1E-7,rand-60,200,1,mpest,raxml,0.21739130434782608,0.21739130434782608,
2M,1E-7,rand-60,200,1,svdquartets,true,0.30434782608695654,0.30434782608695654,
2M,1E-7,rand-60,200,1,astrid-ours,true,0.13043478260869565,0.13043478260869565,True
2M,1E-7,rand-60,200,1,astrid-ours,raxml,0.30434782608695654,0.30434782608695654,False
2M,1E-7,rand-60,200,2,astral,true,0.0,0.0,
2M,1E-7,rand-60,200,2,astral,raxml,0.21739130434782608,0.21739130434782608,
2M,1E-7,rand-60,200,2,astrid,true,0.13043478260869565,0.13043478260869565,
2M,1E-7,rand-60,200,2,astrid,raxml,0.21739130434782608,0.21739130434782608,
2M,1E-7,rand-60,200,2,mpest,true,0.13043478260869565,0.13043478260869565,
2M,1E-7,rand-60,200,2,mpest,raxml,0.2608695652173913,0.2608695652173913,
2M,1E-7,rand-60,200,2,svdquartets,true,0.21739130434782608,0.21739130434782608,
2M,1E-7,rand-60,200,2,astrid-ours,true,0.13043478260869565,0.13043478260869565,True
2M,1E-7,rand-60,200,2,astrid-ours,raxml,0.21739130434782608,0.21739130434782608,False
2M,1E-7,rand-60,200,3,astral,true,0.08695652173913043,0.08695652173913043,
2M,1E-7,rand-60,200,3,astral,raxml,0.13043478260869565,0.13043478260869565,
2M,1E-7,rand-60,200,3,astrid,true,0.13043478260869565,0.13043478260869565,
2M,1E-7,rand-60,200,3,astrid,raxml,0.21739130434782608,0.21739130434782608,
2M,1E-7,rand-60,200,3,mpest,true,0.13043478260869565,0.13043478260869565,
2M,1E-7,rand-60,200,3,mpest,raxml,0.30434782608695654,0.30434782608695654,
2M,1E-7,rand-60,200,3,svdquartets,true,0.43478260869565216,0.43478260869565216,
2M,1E-7,rand-60,200,3,astrid-ours,true,0.13043478260869565,0.13043478260869565,True
2M,1E-7,rand-60,200,3,astrid-ours,raxml,0.21739130434782608,0.21739130434782608,True
2M,1E-7,rand-60,200,4,astral,true,0.0,0.0,
2M,1E-7,rand-60,200,4,astral,raxml,0.13043478260869565,0.13043478260869565,
2M,1E-7,rand-60,200,4,astrid,true,0.08695652173913043,0.08695652173913043,
2M,1E-7,rand-60,200,4,astrid,raxml,0.13043478260869565,0.13043478260869565,
2M,1E-7,rand-60,200,4,mpest,true,0.08695652173913043,0.08695652173913043,
2M,1E-7,rand-60,200,4,mpest,raxml,0.17391304347826086,0.17391304347826086,
2M,1E-7,rand-60,200,4,svdquartets,true,0.34782608695652173,0.34782608695652173,
2M,1E-7,rand-60,200,4,astrid-ours,true,0.08695652173913043,0.08695652173913043,True
2M,1E-7,rand-60,200,4,astrid-ours,raxml,0.08695652173913043,0.08695652173913043,False
2M,1E-7,rand-60,200,5,astral,true,0.17391304347826086,0.17391304347826086,
2M,1E-7,rand-60,200,5,astral,raxml,0.34782608695652173,0.34782608695652173,
2M,1E-7,rand-60,200,5,astrid,true,0.13043478260869565,0.13043478260869565,
2M,1E-7,rand-60,200,5,astrid,raxml,0.2608695652173913,0.2608695652173913,
2M,1E-7,rand-60,200,5,mpest,true,0.17391304347826086,0.17391304347826086,
2M,1E-7,rand-60,200,5,mpest,raxml,0.4782608695652174,0.4782608695652174,
2M,1E-7,rand-60,200,5,svdquartets,true,0.30434782608695654,0.30434782608695654,
2M,1E-7,rand-60,200,5,astrid-ours,true,0.13043478260869565,0.13043478260869565,True
2M,1E-7,rand-60,200,5,astrid-ours,raxml,0.2608695652173913,0.2608695652173913,True
2M,1E-7,rand-60,200,6,astral,true,0.17391304347826086,0.17391304347826086,
2M,1E-7,rand-60,200,6,astral,raxml,0.2608695652173913,0.2608695652173913,
2M,1E-7,rand-60,200,6,astrid,true,0.21739130434782608,0.21739130434782608,
2M,1E-7,rand-60,200,6,astrid,raxml,0.30434782608695654,0.30434782608695654,
2M,1E-7,rand-60,200,6,mpest,true,0.17391304347826086,0.17391304347826086,
2M,1E-7,rand-60,200,6,mpest,raxml,0.391304347826087,0.391304347826087,
2M,1E-7,rand-60,200,6,svdquartets,true,0.43478260869565216,0.43478260869565216,
2M,1E-7,rand-60,200,6,astrid-ours,true,0.21739130434782608,0.21739130434782608,True
2M,1E-7,rand-60,200,6,astrid-ours,raxml,0.21739130434782608,0.21739130434782608,False
2M,1E-7,rand-60,200,7,astral,true,0.30434782608695654,0.30434782608695654,
2M,1E-7,rand-60,200,7,astral,raxml,0.21739130434782608,0.21739130434782608,
2M,1E-7,rand-60,200,7,astrid,true,0.17391304347826086,0.17391304347826086,
2M,1E-7,rand-60,200,7,astrid,raxml,0.21739130434782608,0.21739130434782608,
2M,1E-7,rand-60,200,7,mpest,true,0.17391304347826086,0.17391304347826086,
2M,1E-7,rand-60,200,7,mpest,raxml,0.34782608695652173,0.34782608695652173,
2M,1E-7,rand-60,200,7,svdquartets,true,0.43478260869565216,0.43478260869565216,
2M,1E-7,rand-60,200,7,astrid-ours,true,0.17391304347826086,0.17391304347826086,True
2M,1E-7,rand-60,200,7,astrid-ours,raxml,0.21739130434782608,0.21739130434782608,True
2M,1E-7,rand-60,200,8,astral,true,0.17391304347826086,0.17391304347826086,
2M,1E-7,rand-60,200,8,astral,raxml,0.21739130434782608,0.21739130434782608,
2M,1E-7,rand-60,200,8,astrid,true,0.13043478260869565,0.13043478260869565,
2M,1E-7,rand-60,200,8,astrid,raxml,0.21739130434782608,0.21739130434782608,
2M,1E-7,rand-60,200,8,mpest,true,0.08695652173913043,0.08695652173913043,
2M,1E-7,rand-60,200,8,mpest,raxml,0.17391304347826086,0.17391304347826086,
2M,1E-7,rand-60,200,8,svdquartets,true,0.30434782608695654,0.30434782608695654,
2M,1E-7,rand-60,200,8,astrid-ours,true,0.13043478260869565,0.13043478260869565,True
2M,1E-7,rand-60,200,8,astrid-ours,raxml,0.21739130434782608,0.21739130434782608,True
2M,1E-7,rand-60,200,9,astral,true,0.08695652173913043,0.08695652173913043,
2M,1E-7,rand-60,200,9,astral,raxml,0.21739130434782608,0.21739130434782608,
2M,1E-7,rand-60,200,9,astrid,true,0.17391304347826086,0.17391304347826086,
2M,1E-7,rand-60,200,9,astrid,raxml,0.17391304347826086,0.17391304347826086,
2M,1E-7,rand-60,200,9,mpest,true,0.21739130434782608,0.21739130434782608,
2M,1E-7,rand-60,200,9,mpest,raxml,0.34782608695652173,0.34782608695652173,
2M,1E-7,rand-60,200,9,svdquartets,true,0.34782608695652173,0.34782608695652173,
2M,1E-7,rand-60,200,9,astrid-ours,true,0.17391304347826086,0.17391304347826086,True
2M,1E-7,rand-60,200,9,astrid-ours,raxml,0.17391304347826086,0.17391304347826086,True
2M,1E-7,rand-60,200,10,astral,true,0.17391304347826086,0.17391304347826086,
2M,1E-7,rand-60,200,10,astral,raxml,0.17391304347826086,0.17391304347826086,
2M,1E-7,rand-60,200,10,astrid,true,0.08695652173913043,0.08695652173913043,
2M,1E-7,rand-60,200,10,astrid,raxml,0.13043478260869565,0.13043478260869565,
2M,1E-7,rand-60,200,10,mpest,true,0.08695652173913043,0.08695652173913043,
2M,1E-7,rand-60,200,10,mpest,raxml,0.30434782608695654,0.30434782608695654,
2M,1E-7,rand-60,200,10,svdquartets,true,0.17391304347826086,0.17391304347826086,
2M,1E-7,rand-60,200,10,astrid-ours,true,0.08695652173913043,0.08695652173913043,True
2M,1E-7,rand-60,200,10,astrid-ours,raxml,0.13043478260869565,0.13043478260869565,True
2M,1E-7,rand-60,200,11,astral,true,0.17391304347826086,0.17391304347826086,
2M,1E-7,rand-60,200,11,astral,raxml,0.2608695652173913,0.2608695652173913,
2M,1E-7,rand-60,200,11,astrid,true,0.08695652173913043,0.08695652173913043,
2M,1E-7,rand-60,200,11,astrid,raxml,0.17391304347826086,0.17391304347826086,
2M,1E-7,rand-60,200,11,mpest,true,0.17391304347826086,0.17391304347826086,
2M,1E-7,rand-60,200,11,mpest,raxml,0.2608695652173913,0.2608695652173913,
2M,1E-7,rand-60,200,11,svdquartets,true,0.2608695652173913,0.2608695652173913,
2M,1E-7,rand-60,200,11,astrid-ours,true,0.08695652173913043,0.08695652173913043,True
2M,1E-7,rand-60,200,11,astrid-ours,raxml,0.21739130434782608,0.21739130434782608,False
2M,1E-7,rand-60,200,12,astral,true,0.08695652173913043,0.08695652173913043,
2M,1E-7,rand-60,200,12,astral,raxml,0.21739130434782608,0.21739130434782608,
2M,1E-7,rand-60,200,12,astrid,true,0.043478260869565216,0.043478260869565216,
2M,1E-7,rand-60,200,12,astrid,raxml,0.2608695652173913,0.2608695652173913,
2M,1E-7,rand-60,200,12,mpest,true,0.08695652173913043,0.08695652173913043,
2M,1E-7,rand-60,200,12,mpest,raxml,0.43478260869565216,0.43478260869565216,
2M,1E-7,rand-60,200,12,svdquartets,true,0.6086956521739131,0.6086956521739131,
2M,1E-7,rand-60,200,12,astrid-ours,true,0.043478260869565216,0.043478260869565216,True
2M,1E-7,rand-60,200,12,astrid-ours,raxml,0.30434782608695654,0.30434782608695654,False
2M,1E-7,rand-60,200,13,astral,true,0.13043478260869565,0.13043478260869565,
2M,1E-7,rand-60,200,13,astral,raxml,0.2608695652173913,0.2608695652173913,
2M,1E-7,rand-60,200,13,astrid,true,0.13043478260869565,0.13043478260869565,
2M,1E-7,rand-60,200,13,astrid,raxml,0.17391304347826086,0.17391304347826086,
2M,1E-7,rand-60,200,13,mpest,true,0.13043478260869565,0.13043478260869565,
2M,1E-7,rand-60,200,13,mpest,raxml,0.30434782608695654,0.30434782608695654,
2M,1E-7,rand-60,200,13,svdquartets,true,0.34782608695652173,0.34782608695652173,
2M,1E-7,rand-60,200,13,astrid-ours,true,0.13043478260869565,0.13043478260869565,True
2M,1E-7,rand-60,200,13,astrid-ours,raxml,0.17391304347826086,0.17391304347826086,True
2M,1E-7,rand-60,200,14,astral,true,0.08695652173913043,0.08695652173913043,
2M,1E-7,rand-60,200,14,astral,raxml,0.34782608695652173,0.34782608695652173,
2M,1E-7,rand-60,200,14,astrid,true,0.08695652173913043,0.08695652173913043,
2M,1E-7,rand-60,200,14,astrid,raxml,0.2608695652173913,0.2608695652173913,
2M,1E-7,rand-60,200,14,mpest,true,0.08695652173913043,0.08695652173913043,
2M,1E-7,rand-60,200,14,mpest,raxml,0.34782608695652173,0.34782608695652173,
2M,1E-7,rand-60,200,14,svdquartets,true,0.34782608695652173,0.34782608695652173,
2M,1E-7,rand-60,200,14,astrid-ours,true,0.08695652173913043,0.08695652173913043,True
2M,1E-7,rand-60,200,14,astrid-ours,raxml,0.2608695652173913,0.2608695652173913,True
2M,1E-7,rand-60,200,15,astral,true,0.13043478260869565,0.13043478260869565,
2M,1E-7,rand-60,200,15,astral,raxml,0.21739130434782608,0.21739130434782608,
2M,1E-7,rand-60,200,15,astrid,true,0.21739130434782608,0.21739130434782608,
2M,1E-7,rand-60,200,15,astrid,raxml,0.21739130434782608,0.21739130434782608,
2M,1E-7,rand-60,200,15,mpest,true,0.17391304347826086,0.17391304347826086,
2M,1E-7,rand-60,200,15,mpest,raxml,0.2608695652173913,0.2608695652173913,
2M,1E-7,rand-60,200,15,svdquartets,true,0.43478260869565216,0.43478260869565216,
2M,1E-7,rand-60,200,15,astrid-ours,true,0.21739130434782608,0.21739130434782608,True
2M,1E-7,rand-60,200,15,astrid-ours,raxml,0.21739130434782608,0.21739130434782608,True
2M,1E-7,rand-60,200,16,astral,true,0.08695652173913043,0.08695652173913043,
2M,1E-7,rand-60,200,16,astral,raxml,0.30434782608695654,0.30434782608695654,
2M,1E-7,rand-60,200,16,astrid,true,0.043478260869565216,0.043478260869565216,
2M,1E-7,rand-60,200,16,astrid,raxml,0.2608695652173913,0.2608695652173913,
2M,1E-7,rand-60,200,16,mpest,true,0.08695652173913043,0.08695652173913043,
2M,1E-7,rand-60,200,16,mpest,raxml,0.34782608695652173,0.34782608695652173,
2M,1E-7,rand-60,200,16,svdquartets,true,0.43478260869565216,0.43478260869565216,
2M,1E-7,rand-60,200,16,astrid-ours,true,0.043478260869565216,0.043478260869565216,True
2M,1E-7,rand-60,200,16,astrid-ours,raxml,0.34782608695652173,0.34782608695652173,False
2M,1E-7,rand-60,200,17,astral,true,0.08695652173913043,0.08695652173913043,
2M,1E-7,rand-60,200,17,astral,raxml,0.0,0.0,
2M,1E-7,rand-60,200,17,astrid,true,0.0,0.0,
2M,1E-7,rand-60,200,17,astrid,raxml,0.043478260869565216,0.043478260869565216,
2M,1E-7,rand-60,200,17,mpest,true,0.08695652173913043,0.08695652173913043,
2M,1E-7,rand-60,200,17,mpest,raxml,0.21739130434782608,0.21739130434782608,
2M,1E-7,rand-60,200,17,svdquartets,true,0.17391304347826086,0.17391304347826086,
2M,1E-7,rand-60,200,17,astrid-ours,true,0.0,0.0,True
2M,1E-7,rand-60,200,17,astrid-ours,raxml,0.043478260869565216,0.043478260869565216,True
2M,1E-7,rand-60,200,18,astral,true,0.17391304347826086,0.17391304347826086,
2M,1E-7,rand-60,200,18,astral,raxml,0.0,0.0,
2M,1E-7,rand-60,200,18,astrid,true,0.08695652173913043,0.08695652173913043,
2M,1E-7,rand-60,200,18,astrid,raxml,0.08695652173913043,0.08695652173913043,
2M,1E-7,rand-60,200,18,mpest,true,0.08695652173913043,0.08695652173913043,
2M,1E-7,rand-60,200,18,mpest,raxml,0.34782608695652173,0.34782608695652173,
2M,1E-7,rand-60,200,18,svdquartets,true,0.30434782608695654,0.30434782608695654,
2M,1E-7,rand-60,200,18,astrid-ours,true,0.08695652173913043,0.08695652173913043,True
2M,1E-7,rand-60,200,18,astrid-ours,raxml,0.08695652173913043,0.08695652173913043,True
2M,1E-7,rand-60,200,19,astral,true,0.08695652173913043,0.08695652173913043,
2M,1E-7,rand-60,200,19,astral,raxml,0.21739130434782608,0.21739130434782608,
2M,1E-7,rand-60,200,19,astrid,true,0.08695652173913043,0.08695652173913043,
2M,1E-7,rand-60,200,19,astrid,raxml,0.17391304347826086,0.17391304347826086,
2M,1E-7,rand-60,200,19,mpest,true,0.17391304347826086,0.17391304347826086,
2M,1E-7,rand-60,200,19,mpest,raxml,0.391304347826087,0.391304347826087,
2M,1E-7,rand-60,200,19,svdquartets,true,0.4782608695652174,0.4782608695652174,
2M,1E-7,rand-60,200,19,astrid-ours,true,0.08695652173913043,0.08695652173913043,True
2M,1E-7,rand-60,200,19,astrid-ours,raxml,0.17391304347826086,0.17391304347826086,True
2M,1E-7,rand-60,200,20,astral,true,0.043478260869565216,0.043478260869565216,
2M,1E-7,rand-60,200,20,astral,raxml,0.13043478260869565,0.13043478260869565,
2M,1E-7,rand-60,200,20,astrid,true,0.043478260869565216,0.043478260869565216,
2M,1E-7,rand-60,200,20,astrid,raxml,0.2608695652173913,0.2608695652173913,
2M,1E-7,rand-60,200,20,mpest,true,0.08695652173913043,0.08695652173913043,
2M,1E-7,rand-60,200,20,mpest,raxml,0.30434782608695654,0.30434782608695654,
2M,1E-7,rand-60,200,20,svdquartets,true,0.391304347826087,0.391304347826087,
2M,1E-7,rand-60,200,20,astrid-ours,true,0.043478260869565216,0.043478260869565216,True
2M,1E-7,rand-60,200,20,astrid-ours,raxml,0.2608695652173913,0.2608695652173913,True
2M,1E-7,rand-60,1000,1,astral,true,0.043478260869565216,0.043478260869565216,
2M,1E-7,rand-60,1000,1,astral,raxml,0.21739130434782608,0.21739130434782608,
2M,1E-7,rand-60,1000,1,astrid,true,0.043478260869565216,0.043478260869565216,
2M,1E-7,rand-60,1000,1,astrid,raxml,0.08695652173913043,0.08695652173913043,
2M,1E-7,rand-60,1000,1,mpest,true,0.043478260869565216,0.043478260869565216,
2M,1E-7,rand-60,1000,1,mpest,raxml,0.21739130434782608,0.21739130434782608,
2M,1E-7,rand-60,1000,1,svdquartets,true,0.17391304347826086,0.17391304347826086,
2M,1E-7,rand-60,1000,1,astrid-ours,true,0.043478260869565216,0.043478260869565216,True
2M,1E-7,rand-60,1000,1,astrid-ours,raxml,0.08695652173913043,0.08695652173913043,True
2M,1E-7,rand-60,1000,2,astral,true,0.043478260869565216,0.043478260869565216,
2M,1E-7,rand-60,1000,2,astral,raxml,0.043478260869565216,0.043478260869565216,
2M,1E-7,rand-60,1000,2,astrid,true,0.0,0.0,
2M,1E-7,rand-60,1000,2,astrid,raxml,0.0,0.0,
2M,1E-7,rand-60,1000,2,mpest,true,0.0,0.0,
2M,1E-7,rand-60,1000,2,mpest,raxml,0.30434782608695654,0.30434782608695654,
2M,1E-7,rand-60,1000,2,svdquartets,true,0.13043478260869565,0.13043478260869565,
2M,1E-7,rand-60,1000,2,astrid-ours,true,0.0,0.0,True
2M,1E-7,rand-60,1000,2,astrid-ours,raxml,0.0,0.0,True
2M,1E-7,rand-60,1000,3,astral,true,0.0,0.0,
2M,1E-7,rand-60,1000,3,astral,raxml,0.0,0.0,
2M,1E-7,rand-60,1000,3,astrid,true,0.043478260869565216,0.043478260869565216,
2M,1E-7,rand-60,1000,3,astrid,raxml,0.043478260869565216,0.043478260869565216,
2M,1E-7,rand-60,1000,3,mpest,true,0.043478260869565216,0.043478260869565216,
2M,1E-7,rand-60,1000,3,mpest,raxml,0.391304347826087,0.391304347826087,
2M,1E-7,rand-60,1000,3,svdquartets,true,0.17391304347826086,0.17391304347826086,
2M,1E-7,rand-60,1000,3,astrid-ours,true,0.043478260869565216,0.043478260869565216,True
2M,1E-7,rand-60,1000,3,astrid-ours,raxml,0.043478260869565216,0.043478260869565216,True
2M,1E-7,rand-60,1000,4,astral,true,0.0,0.0,
2M,1E-7,rand-60,1000,4,astral,raxml,0.0,0.0,
2M,1E-7,rand-60,1000,4,astrid,true,0.0,0.0,
2M,1E-7,rand-60,1000,4,astrid,raxml,0.0,0.0,
2M,1E-7,rand-60,1000,4,mpest,true,0.0,0.0,
2M,1E-7,rand-60,1000,4,mpest,raxml,0.08695652173913043,0.08695652173913043,
2M,1E-7,rand-60,1000,4,svdquartets,true,0.0,0.0,
2M,1E-7,rand-60,1000,4,astrid-ours,true,0.0,0.0,True
2M,1E-7,rand-60,1000,4,astrid-ours,raxml,0.0,0.0,True
2M,1E-7,rand-60,1000,5,astral,true,0.043478260869565216,0.043478260869565216,
2M,1E-7,rand-60,1000,5,astral,raxml,0.13043478260869565,0.13043478260869565,
2M,1E-7,rand-60,1000,5,astrid,true,0.043478260869565216,0.043478260869565216,
2M,1E-7,rand-60,1000,5,astrid,raxml,0.17391304347826086,0.17391304347826086,
2M,1E-7,rand-60,1000,5,mpest,true,0.0,0.0,
2M,1E-7,rand-60,1000,5,mpest,raxml,0.13043478260869565,0.13043478260869565,
2M,1E-7,rand-60,1000,5,svdquartets,true,0.17391304347826086,0.17391304347826086,
2M,1E-7,rand-60,1000,5,astrid-ours,true,0.043478260869565216,0.043478260869565216,True
2M,1E-7,rand-60,1000,5,astrid-ours,raxml,0.17391304347826086,0.17391304347826086,True
2M,1E-7,rand-60,1000,6,astral,true,0.13043478260869565,0.13043478260869565,
2M,1E-7,rand-60,1000,6,astral,raxml,0.08695652173913043,0.08695652173913043,
2M,1E-7,rand-60,1000,6,astrid,true,0.13043478260869565,0.13043478260869565,
2M,1E-7,rand-60,1000,6,astrid,raxml,0.21739130434782608,0.21739130434782608,
2M,1E-7,rand-60,1000,6,mpest,true,0.13043478260869565,0.13043478260869565,
2M,1E-7,rand-60,1000,6,mpest,raxml,0.34782608695652173,0.34782608695652173,
2M,1E-7,rand-60,1000,6,svdquartets,true,0.21739130434782608,0.21739130434782608,
2M,1E-7,rand-60,1000,6,astrid-ours,true,0.13043478260869565,0.13043478260869565,True
2M,1E-7,rand-60,1000,6,astrid-ours,raxml,0.21739130434782608,0.21739130434782608,True
2M,1E-7,rand-60,1000,7,astral,true,0.043478260869565216,0.043478260869565216,
2M,1E-7,rand-60,1000,7,astral,raxml,0.08695652173913043,0.08695652173913043,
2M,1E-7,rand-60,1000,7,astrid,true,0.043478260869565216,0.043478260869565216,
2M,1E-7,rand-60,1000,7,astrid,raxml,0.13043478260869565,0.13043478260869565,
2M,1E-7,rand-60,1000,7,mpest,true,0.08695652173913043,0.08695652173913043,
2M,1E-7,rand-60,1000,7,mpest,raxml,0.21739130434782608,0.21739130434782608,
2M,1E-7,rand-60,1000,7,svdquartets,true,0.13043478260869565,0.13043478260869565,
2M,1E-7,rand-60,1000,7,astrid-ours,true,0.043478260869565216,0.043478260869565216,True
2M,1E-7,rand-60,1000,7,astrid-ours,raxml,0.13043478260869565,0.13043478260869565,True
2M,1E-7,rand-60,1000,8,astral,true,0.0,0.0,
2M,1E-7,rand-60,1000,8,astral,raxml,0.08695652173913043,0.08695652173913043,
2M,1E-7,rand-60,1000,8,astrid,true,0.0,0.0,
2M,1E-7,rand-60,1000,8,astrid,raxml,0.17391304347826086,0.17391304347826086,
2M,1E-7,rand-60,1000,8,mpest,true,0.0,0.0,
2M,1E-7,rand-60,1000,8,mpest,raxml,0.21739130434782608,0.21739130434782608,
2M,1E-7,rand-60,1000,8,svdquartets,true,0.13043478260869565,0.13043478260869565,
2M,1E-7,rand-60,1000,8,astrid-ours,true,0.0,0.0,True
2M,1E-7,rand-60,1000,8,astrid-ours,raxml,0.17391304347826086,0.17391304347826086,True
2M,1E-7,rand-60,1000,9,astral,true,0.0,0.0,
2M,1E-7,rand-60,1000,9,astral,raxml,0.043478260869565216,0.043478260869565216,
2M,1E-7,rand-60,1000,9,astrid,true,0.043478260869565216,0.043478260869565216,
2M,1E-7,rand-60,1000,9,astrid,raxml,0.043478260869565216,0.043478260869565216,
2M,1E-7,rand-60,1000,9,mpest,true,0.0,0.0,
2M,1E-7,rand-60,1000,9,mpest,raxml,0.21739130434782608,0.21739130434782608,
2M,1E-7,rand-60,1000,9,svdquartets,true,0.30434782608695654,0.30434782608695654,
2M,1E-7,rand-60,1000,9,astrid-ours,true,0.043478260869565216,0.043478260869565216,True
2M,1E-7,rand-60,1000,9,astrid-ours,raxml,0.043478260869565216,0.043478260869565216,True
2M,1E-7,rand-60,1000,10,astral,true,0.08695652173913043,0.08695652173913043,
2M,1E-7,rand-60,1000,10,astral,raxml,0.13043478260869565,0.13043478260869565,
2M,1E-7,rand-60,1000,10,astrid,true,0.08695652173913043,0.08695652173913043,
2M,1E-7,rand-60,1000,10,astrid,raxml,0.08695652173913043,0.08695652173913043,
2M,1E-7,rand-60,1000,10,mpest,true,0.043478260869565216,0.043478260869565216,
2M,1E-7,rand-60,1000,10,mpest,raxml,0.13043478260869565,0.13043478260869565,
2M,1E-7,rand-60,1000,10,svdquartets,true,0.17391304347826086,0.17391304347826086,
2M,1E-7,rand-60,1000,10,astrid-ours,true,0.08695652173913043,0.08695652173913043,True
2M,1E-7,rand-60,1000,10,astrid-ours,raxml,0.08695652173913043,0.08695652173913043,True
2M,1E-7,rand-60,1000,11,astral,true,0.043478260869565216,0.043478260869565216,
2M,1E-7,rand-60,1000,11,astral,raxml,0.08695652173913043,0.08695652173913043,
2M,1E-7,rand-60,1000,11,astrid,true,0.043478260869565216,0.043478260869565216,
2M,1E-7,rand-60,1000,11,astrid,raxml,0.0,0.0,
2M,1E-7,rand-60,1000,11,mpest,true,0.0,0.0,
2M,1E-7,rand-60,1000,11,mpest,raxml,0.17391304347826086,0.17391304347826086,
2M,1E-7,rand-60,1000,11,svdquartets,true,0.17391304347826086,0.17391304347826086,
2M,1E-7,rand-60,1000,11,astrid-ours,true,0.043478260869565216,0.043478260869565216,True
2M,1E-7,rand-60,1000,11,astrid-ours,raxml,0.0,0.0,True
2M,1E-7,rand-60,1000,12,astral,true,0.08695652173913043,0.08695652173913043,
2M,1E-7,rand-60,1000,12,astral,raxml,0.08695652173913043,0.08695652173913043,
2M,1E-7,rand-60,1000,12,astrid,true,0.0,0.0,
2M,1E-7,rand-60,1000,12,astrid,raxml,0.17391304347826086,0.17391304347826086,
2M,1E-7,rand-60,1000,12,mpest,true,0.043478260869565216,0.043478260869565216,
2M,1E-7,rand-60,1000,12,mpest,raxml,0.21739130434782608,0.21739130434782608,
2M,1E-7,rand-60,1000,12,svdquartets,true,0.17391304347826086,0.17391304347826086,
2M,1E-7,rand-60,1000,12,astrid-ours,true,0.0,0.0,True
2M,1E-7,rand-60,1000,12,astrid-ours,raxml,0.13043478260869565,0.13043478260869565,False
2M,1E-7,rand-60,1000,13,astral,true,0.08695652173913043,0.08695652173913043,
2M,1E-7,rand-60,1000,13,astral,raxml,0.08695652173913043,0.08695652173913043,
2M,1E-7,rand-60,1000,13,astrid,true,0.08695652173913043,0.08695652173913043,
2M,1E-7,rand-60,1000,13,astrid,raxml,0.13043478260869565,0.13043478260869565,
2M,1E-7,rand-60,1000,13,mpest,true,0.13043478260869565,0.13043478260869565,
2M,1E-7,rand-60,1000,13,mpest,raxml,0.2608695652173913,0.2608695652173913,
2M,1E-7,rand-60,1000,13,svdquartets,true,0.30434782608695654,0.30434782608695654,
2M,1E-7,rand-60,1000,13,astrid-ours,true,0.08695652173913043,0.08695652173913043,True
2M,1E-7,rand-60,1000,13,astrid-ours,raxml,0.13043478260869565,0.13043478260869565,False
2M,1E-7,rand-60,1000,14,astral,true,0.043478260869565216,0.043478260869565216,
2M,1E-7,rand-60,1000,14,astral,raxml,0.17391304347826086,0.17391304347826086,
2M,1E-7,rand-60,1000,14,astrid,true,0.08695652173913043,0.08695652173913043,
2M,1E-7,rand-60,1000,14,astrid,raxml,0.08695652173913043,0.08695652173913043,
2M,1E-7,rand-60,1000,14,mpest,true,0.043478260869565216,0.043478260869565216,
2M,1E-7,rand-60,1000,14,mpest,raxml,0.2608695652173913,0.2608695652173913,
2M,1E-7,rand-60,1000,14,svdquartets,true,0.2608695652173913,0.2608695652173913,
2M,1E-7,rand-60,1000,14,astrid-ours,true,0.08695652173913043,0.08695652173913043,True
2M,1E-7,rand-60,1000,14,astrid-ours,raxml,0.08695652173913043,0.08695652173913043,True
2M,1E-7,rand-60,1000,15,astral,true,0.043478260869565216,0.043478260869565216,
2M,1E-7,rand-60,1000,15,astral,raxml,0.043478260869565216,0.043478260869565216,
2M,1E-7,rand-60,1000,15,astrid,true,0.043478260869565216,0.043478260869565216,
2M,1E-7,rand-60,1000,15,astrid,raxml,0.08695652173913043,0.08695652173913043,
2M,1E-7,rand-60,1000,15,mpest,true,0.0,0.0,
2M,1E-7,rand-60,1000,15,mpest,raxml,0.21739130434782608,0.21739130434782608,
2M,1E-7,rand-60,1000,15,svdquartets,true,0.17391304347826086,0.17391304347826086,
2M,1E-7,rand-60,1000,15,astrid-ours,true,0.043478260869565216,0.043478260869565216,True
2M,1E-7,rand-60,1000,15,astrid-ours,raxml,0.08695652173913043,0.08695652173913043,True
2M,1E-7,rand-60,1000,16,astral,true,0.13043478260869565,0.13043478260869565,
2M,1E-7,rand-60,1000,16,astral,raxml,0.13043478260869565,0.13043478260869565,
2M,1E-7,rand-60,1000,16,astrid,true,0.13043478260869565,0.13043478260869565,
2M,1E-7,rand-60,1000,16,astrid,raxml,0.2608695652173913,0.2608695652173913,
2M,1E-7,rand-60,1000,16,mpest,true,0.17391304347826086,0.17391304347826086,
2M,1E-7,rand-60,1000,16,mpest,raxml,0.2608695652173913,0.2608695652173913,
2M,1E-7,rand-60,1000,16,svdquartets,true,0.2608695652173913,0.2608695652173913,
2M,1E-7,rand-60,1000,16,astrid-ours,true,0.13043478260869565,0.13043478260869565,True
2M,1E-7,rand-60,1000,16,astrid-ours,raxml,0.2608695652173913,0.2608695652173913,True
2M,1E-7,rand-60,1000,17,astral,true,0.0,0.0,
2M,1E-7,rand-60,1000,17,astral,raxml,0.0,0.0,
2M,1E-7,rand-60,1000,17,astrid,true,0.0,0.0,
2M,1E-7,rand-60,1000,17,astrid,raxml,0.0,0.0,
2M,1E-7,rand-60,1000,17,mpest,true,0.0,0.0,
2M,1E-7,rand-60,1000,17,mpest,raxml,0.08695652173913043,0.08695652173913043,
2M,1E-7,rand-60,1000,17,svdquartets,true,0.08695652173913043,0.08695652173913043,
2M,1E-7,rand-60,1000,17,astrid-ours,true,0.0,0.0,True
2M,1E-7,rand-60,1000,17,astrid-ours,raxml,0.0,0.0,True
2M,1E-7,rand-60,1000,18,astral,true,0.13043478260869565,0.13043478260869565,
2M,1E-7,rand-60,1000,18,astral,raxml,0.13043478260869565,0.13043478260869565,
2M,1E-7,rand-60,1000,18,astrid,true,0.043478260869565216,0.043478260869565216,
2M,1E-7,rand-60,1000,18,astrid,raxml,0.043478260869565216,0.043478260869565216,
2M,1E-7,rand-60,1000,18,mpest,true,0.043478260869565216,0.043478260869565216,
2M,1E-7,rand-60,1000,18,mpest,raxml,0.2608695652173913,0.2608695652173913,
2M,1E-7,rand-60,1000,18,svdquartets,true,0.13043478260869565,0.13043478260869565,
2M,1E-7,rand-60,1000,18,astrid-ours,true,0.043478260869565216,0.043478260869565216,True
2M,1E-7,rand-60,1000,18,astrid-ours,raxml,0.043478260869565216,0.043478260869565216,True
2M,1E-7,rand-60,1000,19,astral,true,0.043478260869565216,0.043478260869565216,
2M,1E-7,rand-60,1000,19,astral,raxml,0.08695652173913043,0.08695652173913043,
2M,1E-7,rand-60,1000,19,astrid,true,0.0,0.0,
2M,1E-7,rand-60,1000,19,astrid,raxml,0.08695652173913043,0.08695652173913043,
2M,1E-7,rand-60,1000,19,mpest,true,0.0,0.0,
2M,1E-7,rand-60,1000,19,mpest,raxml,0.21739130434782608,0.21739130434782608,
2M,1E-7,rand-60,1000,19,svdquartets,true,0.2608695652173913,0.2608695652173913,
2M,1E-7,rand-60,1000,19,astrid-ours,true,0.0,0.0,True
2M,1E-7,rand-60,1000,19,astrid-ours,raxml,0.08695652173913043,0.08695652173913043,True
2M,1E-7,rand-60,1000,20,astral,true,0.0,0.0,
2M,1E-7,rand-60,1000,20,astral,raxml,0.043478260869565216,0.043478260869565216,
2M,1E-7,rand-60,1000,20,astrid,true,0.0,0.0,
2M,1E-7,rand-60,1000,20,astrid,raxml,0.043478260869565216,0.043478260869565216,
2M,1E-7,rand-60,1000,20,mpest,true,0.043478260869565216,0.043478260869565216,
2M,1E-7,rand-60,1000,20,mpest,raxml,0.21739130434782608,0.21739130434782608,
2M,1E-7,rand-60,1000,20,svdquartets,true,0.13043478260869565,0.13043478260869565,
2M,1E-7,rand-60,1000,20,astrid-ours,true,0.0,0.0,True
2M,1E-7,rand-60,1000,20,astrid-ours,raxml,0.043478260869565216,0.043478260869565216,True
2M,1E-6,full-0,50,1,astral,true,0.043478260869565216,0.043478260869565216,
2M,1E-6,full-0,50,1,astral,raxml,0.17391304347826086,0.17391304347826086,
2M,1E-6,full-0,50,1,astrid,true,0.043478260869565216,0.043478260869565216,
2M,1E-6,full-0,50,1,astrid,raxml,0.17391304347826086,0.17391304347826086,
2M,1E-6,full-0,50,1,mpest,true,0.043478260869565216,0.043478260869565216,
2M,1E-6,full-0,50,1,mpest,raxml,0.17391304347826086,0.17391304347826086,
2M,1E-6,full-0,50,1,svdquartets,true,0.13043478260869565,0.13043478260869565,
2M,1E-6,full-0,50,1,astrid-ours,true,0.08695652173913043,0.08695652173913043,False
2M,1E-6,full-0,50,1,astrid-ours,raxml,0.17391304347826086,0.17391304347826086,True
2M,1E-6,full-0,50,2,astral,true,0.08695652173913043,0.08695652173913043,
2M,1E-6,full-0,50,2,astral,raxml,0.17391304347826086,0.17391304347826086,
2M,1E-6,full-0,50,2,astrid,true,0.043478260869565216,0.043478260869565216,
2M,1E-6,full-0,50,2,astrid,raxml,0.13043478260869565,0.13043478260869565,
2M,1E-6,full-0,50,2,mpest,true,0.13043478260869565,0.13043478260869565,
2M,1E-6,full-0,50,2,mpest,raxml,0.21739130434782608,0.21739130434782608,
2M,1E-6,full-0,50,2,svdquartets,true,0.13043478260869565,0.13043478260869565,
2M,1E-6,full-0,50,2,astrid-ours,true,0.043478260869565216,0.043478260869565216,True
2M,1E-6,full-0,50,2,astrid-ours,raxml,0.13043478260869565,0.13043478260869565,True
2M,1E-6,full-0,50,3,astral,true,0.043478260869565216,0.043478260869565216,
2M,1E-6,full-0,50,3,astral,raxml,0.08695652173913043,0.08695652173913043,
2M,1E-6,full-0,50,3,astrid,true,0.043478260869565216,0.043478260869565216,
2M,1E-6,full-0,50,3,astrid,raxml,0.08695652173913043,0.08695652173913043,
2M,1E-6,full-0,50,3,mpest,true,0.0,0.0,
2M,1E-6,full-0,50,3,mpest,raxml,0.08695652173913043,0.08695652173913043,
2M,1E-6,full-0,50,3,svdquartets,true,0.13043478260869565,0.13043478260869565,
2M,1E-6,full-0,50,3,astrid-ours,true,0.043478260869565216,0.043478260869565216,True
2M,1E-6,full-0,50,3,astrid-ours,raxml,0.08695652173913043,0.08695652173913043,True
2M,1E-6,full-0,50,4,astral,true,0.13043478260869565,0.13043478260869565,
2M,1E-6,full-0,50,4,astral,raxml,0.13043478260869565,0.13043478260869565,
2M,1E-6,full-0,50,4,astrid,true,0.08695652173913043,0.08695652173913043,
2M,1E-6,full-0,50,4,astrid,raxml,0.17391304347826086,0.17391304347826086,
2M,1E-6,full-0,50,4,mpest,true,0.08695652173913043,0.08695652173913043,
2M,1E-6,full-0,50,4,mpest,raxml,0.13043478260869565,0.13043478260869565,
2M,1E-6,full-0,50,4,svdquartets,true,0.043478260869565216,0.043478260869565216,
2M,1E-6,full-0,50,4,astrid-ours,true,0.08695652173913043,0.08695652173913043,True
2M,1E-6,full-0,50,4,astrid-ours,raxml,0.17391304347826086,0.17391304347826086,True
2M,1E-6,full-0,50,5,astral,true,0.043478260869565216,0.043478260869565216,
2M,1E-6,full-0,50,5,astral,raxml,0.08695652173913043,0.08695652173913043,
2M,1E-6,full-0,50,5,astrid,true,0.13043478260869565,0.13043478260869565,
2M,1E-6,full-0,50,5,astrid,raxml,0.08695652173913043,0.08695652173913043,
2M,1E-6,full-0,50,5,mpest,true,0.17391304347826086,0.17391304347826086,
2M,1E-6,full-0,50,5,mpest,raxml,0.13043478260869565,0.13043478260869565,
2M,1E-6,full-0,50,5,svdquartets,true,0.21739130434782608,0.21739130434782608,
2M,1E-6,full-0,50,5,astrid-ours,true,0.13043478260869565,0.13043478260869565,True
2M,1E-6,full-0,50,5,astrid-ours,raxml,0.08695652173913043,0.08695652173913043,True
2M,1E-6,full-0,50,6,astral,true,0.043478260869565216,0.043478260869565216,
2M,1E-6,full-0,50,6,astral,raxml,0.043478260869565216,0.043478260869565216,
2M,1E-6,full-0,50,6,astrid,true,0.043478260869565216,0.043478260869565216,
2M,1E-6,full-0,50,6,astrid,raxml,0.043478260869565216,0.043478260869565216,
2M,1E-6,full-0,50,6,mpest,true,0.043478260869565216,0.043478260869565216,
2M,1E-6,full-0,50,6,mpest,raxml,0.08695652173913043,0.08695652173913043,
2M,1E-6,full-0,50,6,svdquartets,true,0.08695652173913043,0.08695652173913043,
2M,1E-6,full-0,50,6,astrid-ours,true,0.043478260869565216,0.043478260869565216,True
2M,1E-6,full-0,50,6,astrid-ours,raxml,0.043478260869565216,0.043478260869565216,True
2M,1E-6,full-0,50,7,astral,true,0.0,0.0,
2M,1E-6,full-0,50,7,astral,raxml,0.0,0.0,
2M,1E-6,full-0,50,7,astrid,true,0.0,0.0,
2M,1E-6,full-0,50,7,astrid,raxml,0.08695652173913043,0.08695652173913043,
2M,1E-6,full-0,50,7,mpest,true,0.0,0.0,
2M,1E-6,full-0,50,7,mpest,raxml,0.17391304347826086,0.17391304347826086,
2M,1E-6,full-0,50,7,svdquartets,true,0.13043478260869565,0.13043478260869565,
2M,1E-6,full-0,50,7,astrid-ours,true,0.0,0.0,True
2M,1E-6,full-0,50,7,astrid-ours,raxml,0.08695652173913043,0.08695652173913043,True
2M,1E-6,full-0,50,8,astral,true,0.08695652173913043,0.08695652173913043,
2M,1E-6,full-0,50,8,astral,raxml,0.17391304347826086,0.17391304347826086,
2M,1E-6,full-0,50,8,astrid,true,0.043478260869565216,0.043478260869565216,
2M,1E-6,full-0,50,8,astrid,raxml,0.13043478260869565,0.13043478260869565,
2M,1E-6,full-0,50,8,mpest,true,0.13043478260869565,0.13043478260869565,
2M,1E-6,full-0,50,8,mpest,raxml,0.13043478260869565,0.13043478260869565,
2M,1E-6,full-0,50,8,svdquartets,true,0.08695652173913043,0.08695652173913043,
2M,1E-6,full-0,50,8,astrid-ours,true,0.043478260869565216,0.043478260869565216,True
2M,1E-6,full-0,50,8,astrid-ours,raxml,0.13043478260869565,0.13043478260869565,True
2M,1E-6,full-0,50,9,astral,true,0.0,0.0,
2M,1E-6,full-0,50,9,astral,raxml,0.043478260869565216,0.043478260869565216,
2M,1E-6,full-0,50,9,astrid,true,0.0,0.0,
2M,1E-6,full-0,50,9,astrid,raxml,0.043478260869565216,0.043478260869565216,
2M,1E-6,full-0,50,9,mpest,true,0.0,0.0,
2M,1E-6,full-0,50,9,mpest,raxml,0.13043478260869565,0.13043478260869565,
2M,1E-6,full-0,50,9,svdquartets,true,0.30434782608695654,0.30434782608695654,
2M,1E-6,full-0,50,9,astrid-ours,true,0.0,0.0,True
2M,1E-6,full-0,50,9,astrid-ours,raxml,0.043478260869565216,0.043478260869565216,True
2M,1E-6,full-0,50,10,astral,true,0.0,0.0,
2M,1E-6,full-0,50,10,astral,raxml,0.0,0.0,
2M,1E-6,full-0,50,10,astrid,true,0.0,0.0,
2M,1E-6,full-0,50,10,astrid,raxml,0.0,0.0,
2M,1E-6,full-0,50,10,mpest,true,0.0,0.0,
2M,1E-6,full-0,50,10,mpest,raxml,0.0,0.0,
2M,1E-6,full-0,50,10,svdquartets,true,0.043478260869565216,0.043478260869565216,
2M,1E-6,full-0,50,10,astrid-ours,true,0.0,0.0,True
2M,1E-6,full-0,50,10,astrid-ours,raxml,0.0,0.0,True
2M,1E-6,full-0,50,11,astral,true,0.043478260869565216,0.043478260869565216,
2M,1E-6,full-0,50,11,astral,raxml,0.17391304347826086,0.17391304347826086,
2M,1E-6,full-0,50,11,astrid,true,0.043478260869565216,0.043478260869565216,
2M,1E-6,full-0,50,11,astrid,raxml,0.08695652173913043,0.08695652173913043,
2M,1E-6,full-0,50,11,mpest,true,0.08695652173913043,0.08695652173913043,
2M,1E-6,full-0,50,11,mpest,raxml,0.13043478260869565,0.13043478260869565,
2M,1E-6,full-0,50,11,svdquartets,true,0.17391304347826086,0.17391304347826086,
2M,1E-6,full-0,50,11,astrid-ours,true,0.043478260869565216,0.043478260869565216,True
2M,1E-6,full-0,50,11,astrid-ours,raxml,0.08695652173913043,0.08695652173913043,True
2M,1E-6,full-0,50,12,astral,true,0.043478260869565216,0.043478260869565216,
2M,1E-6,full-0,50,12,astral,raxml,0.13043478260869565,0.13043478260869565,
2M,1E-6,full-0,50,12,astrid,true,0.043478260869565216,0.043478260869565216,
2M,1E-6,full-0,50,12,astrid,raxml,0.08695652173913043,0.08695652173913043,
2M,1E-6,full-0,50,12,mpest,true,0.043478260869565216,0.043478260869565216,
2M,1E-6,full-0,50,12,mpest,raxml,0.08695652173913043,0.08695652173913043,
2M,1E-6,full-0,50,12,svdquartets,true,0.13043478260869565,0.13043478260869565,
2M,1E-6,full-0,50,12,astrid-ours,true,0.043478260869565216,0.043478260869565216,True
2M,1E-6,full-0,50,12,astrid-ours,raxml,0.08695652173913043,0.08695652173913043,True
2M,1E-6,full-0,50,13,astral,true,0.08695652173913043,0.08695652173913043,
2M,1E-6,full-0,50,13,astral,raxml,0.13043478260869565,0.13043478260869565,
2M,1E-6,full-0,50,13,astrid,true,0.043478260869565216,0.043478260869565216,
2M,1E-6,full-0,50,13,astrid,raxml,0.17391304347826086,0.17391304347826086,
2M,1E-6,full-0,50,13,mpest,true,0.043478260869565216,0.043478260869565216,
2M,1E-6,full-0,50,13,mpest,raxml,0.21739130434782608,0.21739130434782608,
2M,1E-6,full-0,50,13,svdquartets,true,0.13043478260869565,0.13043478260869565,
2M,1E-6,full-0,50,13,astrid-ours,true,0.043478260869565216,0.043478260869565216,True
2M,1E-6,full-0,50,13,astrid-ours,raxml,0.17391304347826086,0.17391304347826086,True
2M,1E-6,full-0,50,14,astral,true,0.0,0.0,
2M,1E-6,full-0,50,14,astral,raxml,0.0,0.0,
2M,1E-6,full-0,50,14,astrid,true,0.08695652173913043,0.08695652173913043,
2M,1E-6,full-0,50,14,astrid,raxml,0.08695652173913043,0.08695652173913043,
2M,1E-6,full-0,50,14,mpest,true,0.043478260869565216,0.043478260869565216,
2M,1E-6,full-0,50,14,mpest,raxml,0.08695652173913043,0.08695652173913043,
2M,1E-6,full-0,50,14,svdquartets,true,0.08695652173913043,0.08695652173913043,
2M,1E-6,full-0,50,14,astrid-ours,true,0.08695652173913043,0.08695652173913043,True
2M,1E-6,full-0,50,14,astrid-ours,raxml,0.08695652173913043,0.08695652173913043,True
2M,1E-6,full-0,50,15,astral,true,0.08695652173913043,0.08695652173913043,
2M,1E-6,full-0,50,15,astral,raxml,0.13043478260869565,0.13043478260869565,
2M,1E-6,full-0,50,15,astrid,true,0.08695652173913043,0.08695652173913043,
2M,1E-6,full-0,50,15,astrid,raxml,0.08695652173913043,0.08695652173913043,
2M,1E-6,full-0,50,15,mpest,true,0.08695652173913043,0.08695652173913043,
2M,1E-6,full-0,50,15,mpest,raxml,0.08695652173913043,0.08695652173913043,
2M,1E-6,full-0,50,15,svdquartets,true,0.17391304347826086,0.17391304347826086,
2M,1E-6,full-0,50,15,astrid-ours,true,0.08695652173913043,0.08695652173913043,True
2M,1E-6,full-0,50,15,astrid-ours,raxml,0.08695652173913043,0.08695652173913043,True
2M,1E-6,full-0,50,16,astral,true,0.043478260869565216,0.043478260869565216,
2M,1E-6,full-0,50,16,astral,raxml,0.0,0.0,
2M,1E-6,full-0,50,16,astrid,true,0.043478260869565216,0.043478260869565216,
2M,1E-6,full-0,50,16,astrid,raxml,0.043478260869565216,0.043478260869565216,
2M,1E-6,full-0,50,16,mpest,true,0.043478260869565216,0.043478260869565216,
2M,1E-6,full-0,50,16,mpest,raxml,0.043478260869565216,0.043478260869565216,
2M,1E-6,full-0,50,16,svdquartets,true,0.17391304347826086,0.17391304347826086,
2M,1E-6,full-0,50,16,astrid-ours,true,0.043478260869565216,0.043478260869565216,True
2M,1E-6,full-0,50,16,astrid-ours,raxml,0.043478260869565216,0.043478260869565216,True
2M,1E-6,full-0,50,17,astral,true,0.08695652173913043,0.08695652173913043,
2M,1E-6,full-0,50,17,astral,raxml,0.13043478260869565,0.13043478260869565,
2M,1E-6,full-0,50,17,astrid,true,0.043478260869565216,0.043478260869565216,
2M,1E-6,full-0,50,17,astrid,raxml,0.13043478260869565,0.13043478260869565,
2M,1E-6,full-0,50,17,mpest,true,0.0,0.0,
2M,1E-6,full-0,50,17,mpest,raxml,0.13043478260869565,0.13043478260869565,
2M,1E-6,full-0,50,17,svdquartets,true,0.13043478260869565,0.13043478260869565,
2M,1E-6,full-0,50,17,astrid-ours,true,0.043478260869565216,0.043478260869565216,True
2M,1E-6,full-0,50,17,astrid-ours,raxml,0.13043478260869565,0.13043478260869565,True
2M,1E-6,full-0,50,18,astral,true,0.043478260869565216,0.043478260869565216,
2M,1E-6,full-0,50,18,astral,raxml,0.17391304347826086,0.17391304347826086,
2M,1E-6,full-0,50,18,astrid,true,0.043478260869565216,0.043478260869565216,
2M,1E-6,full-0,50,18,astrid,raxml,0.08695652173913043,0.08695652173913043,
2M,1E-6,full-0,50,18,mpest,true,0.043478260869565216,0.043478260869565216,
2M,1E-6,full-0,50,18,mpest,raxml,0.08695652173913043,0.08695652173913043,
2M,1E-6,full-0,50,18,svdquartets,true,0.2608695652173913,0.2608695652173913,
2M,1E-6,full-0,50,18,astrid-ours,true,0.043478260869565216,0.043478260869565216,True
2M,1E-6,full-0,50,18,astrid-ours,raxml,0.08695652173913043,0.08695652173913043,True
2M,1E-6,full-0,50,19,astral,true,0.0,0.0,
2M,1E-6,full-0,50,19,astral,raxml,0.043478260869565216,0.043478260869565216,
2M,1E-6,full-0,50,19,astrid,true,0.08695652173913043,0.08695652173913043,
2M,1E-6,full-0,50,19,astrid,raxml,0.08695652173913043,0.08695652173913043,
2M,1E-6,full-0,50,19,mpest,true,0.08695652173913043,0.08695652173913043,
2M,1E-6,full-0,50,19,mpest,raxml,0.08695652173913043,0.08695652173913043,
2M,1E-6,full-0,50,19,svdquartets,true,0.08695652173913043,0.08695652173913043,
2M,1E-6,full-0,50,19,astrid-ours,true,0.08695652173913043,0.08695652173913043,True
2M,1E-6,full-0,50,19,astrid-ours,raxml,0.08695652173913043,0.08695652173913043,True
2M,1E-6,full-0,50,20,astral,true,0.08695652173913043,0.08695652173913043,
2M,1E-6,full-0,50,20,astral,raxml,0.17391304347826086,0.17391304347826086,
2M,1E-6,full-0,50,20,astrid,true,0.043478260869565216,0.043478260869565216,
2M,1E-6,full-0,50,20,astrid,raxml,0.13043478260869565,0.13043478260869565,
2M,1E-6,full-0,50,20,mpest,true,0.13043478260869565,0.13043478260869565,
2M,1E-6,full-0,50,20,mpest,raxml,0.13043478260869565,0.13043478260869565,
2M,1E-6,full-0,50,20,svdquartets,true,0.21739130434782608,0.21739130434782608,
2M,1E-6,full-0,50,20,astrid-ours,true,0.043478260869565216,0.043478260869565216,True
2M,1E-6,full-0,50,20,astrid-ours,raxml,0.13043478260869565,0.13043478260869565,True
2M,1E-6,full-0,200,1,astral,true,0.043478260869565216,0.043478260869565216,
2M,1E-6,full-0,200,1,astral,raxml,0.0,0.0,
2M,1E-6,full-0,200,1,astrid,true,0.0,0.0,
2M,1E-6,full-0,200,1,astrid,raxml,0.08695652173913043,0.08695652173913043,
2M,1E-6,full-0,200,1,mpest,true,0.0,0.0,
2M,1E-6,full-0,200,1,mpest,raxml,0.08695652173913043,0.08695652173913043,
2M,1E-6,full-0,200,1,svdquartets,true,0.13043478260869565,0.13043478260869565,
2M,1E-6,full-0,200,1,astrid-ours,true,0.0,0.0,True
2M,1E-6,full-0,200,1,astrid-ours,raxml,0.08695652173913043,0.08695652173913043,True
2M,1E-6,full-0,200,2,astral,true,0.043478260869565216,0.043478260869565216,
2M,1E-6,full-0,200,2,astral,raxml,0.08695652173913043,0.08695652173913043,
2M,1E-6,full-0,200,2,astrid,true,0.043478260869565216,0.043478260869565216,
2M,1E-6,full-0,200,2,astrid,raxml,0.0,0.0,
2M,1E-6,full-0,200,2,mpest,true,0.043478260869565216,0.043478260869565216,
2M,1E-6,full-0,200,2,mpest,raxml,0.13043478260869565,0.13043478260869565,
2M,1E-6,full-0,200,2,svdquartets,true,0.08695652173913043,0.08695652173913043,
2M,1E-6,full-0,200,2,astrid-ours,true,0.043478260869565216,0.043478260869565216,True
2M,1E-6,full-0,200,2,astrid-ours,raxml,0.0,0.0,True
2M,1E-6,full-0,200,3,astral,true,0.043478260869565216,0.043478260869565216,
2M,1E-6,full-0,200,3,astral,raxml,0.043478260869565216,0.043478260869565216,
2M,1E-6,full-0,200,3,astrid,true,0.043478260869565216,0.043478260869565216,
2M,1E-6,full-0,200,3,astrid,raxml,0.0,0.0,
2M,1E-6,full-0,200,3,mpest,true,0.043478260869565216,0.043478260869565216,
2M,1E-6,full-0,200,3,mpest,raxml,0.08695652173913043,0.08695652173913043,
2M,1E-6,full-0,200,3,svdquartets,true,0.08695652173913043,0.08695652173913043,
2M,1E-6,full-0,200,3,astrid-ours,true,0.043478260869565216,0.043478260869565216,True
2M,1E-6,full-0,200,3,astrid-ours,raxml,0.0,0.0,True
2M,1E-6,full-0,200,4,astral,true,0.043478260869565216,0.043478260869565216,
2M,1E-6,full-0,200,4,astral,raxml,0.08695652173913043,0.08695652173913043,
2M,1E-6,full-0,200,4,astrid,true,0.043478260869565216,0.043478260869565216,
2M,1E-6,full-0,200,4,astrid,raxml,0.13043478260869565,0.13043478260869565,
2M,1E-6,full-0,200,4,mpest,true,0.043478260869565216,0.043478260869565216,
2M,1E-6,full-0,200,4,mpest,raxml,0.08695652173913043,0.08695652173913043,
2M,1E-6,full-0,200,4,svdquartets,true,0.08695652173913043,0.08695652173913043,
2M,1E-6,full-0,200,4,astrid-ours,true,0.043478260869565216,0.043478260869565216,True
2M,1E-6,full-0,200,4,astrid-ours,raxml,0.13043478260869565,0.13043478260869565,True
2M,1E-6,full-0,200,5,astral,true,0.0,0.0,
2M,1E-6,full-0,200,5,astral,raxml,0.043478260869565216,0.043478260869565216,
2M,1E-6,full-0,200,5,astrid,true,0.043478260869565216,0.043478260869565216,
2M,1E-6,full-0,200,5,astrid,raxml,0.08695652173913043,0.08695652173913043,
2M,1E-6,full-0,200,5,mpest,true,0.043478260869565216,0.043478260869565216,
2M,1E-6,full-0,200,5,mpest,raxml,0.08695652173913043,0.08695652173913043,
2M,1E-6,full-0,200,5,svdquartets,true,0.13043478260869565,0.13043478260869565,
2M,1E-6,full-0,200,5,astrid-ours,true,0.043478260869565216,0.043478260869565216,True
2M,1E-6,full-0,200,5,astrid-ours,raxml,0.08695652173913043,0.08695652173913043,True
2M,1E-6,full-0,200,6,astral,true,0.0,0.0,
2M,1E-6,full-0,200,6,astral,raxml,0.0,0.0,
2M,1E-6,full-0,200,6,astrid,true,0.0,0.0,
2M,1E-6,full-0,200,6,astrid,raxml,0.043478260869565216,0.043478260869565216,
2M,1E-6,full-0,200,6,mpest,true,0.043478260869565216,0.043478260869565216,
2M,1E-6,full-0,200,6,mpest,raxml,0.043478260869565216,0.043478260869565216,
2M,1E-6,full-0,200,6,svdquartets,true,0.043478260869565216,0.043478260869565216,
2M,1E-6,full-0,200,6,astrid-ours,true,0.0,0.0,True
2M,1E-6,full-0,200,6,astrid-ours,raxml,0.043478260869565216,0.043478260869565216,True
2M,1E-6,full-0,200,7,astral,true,0.0,0.0,
2M,1E-6,full-0,200,7,astral,raxml,0.0,0.0,
2M,1E-6,full-0,200,7,astrid,true,0.0,0.0,
2M,1E-6,full-0,200,7,astrid,raxml,0.0,0.0,
2M,1E-6,full-0,200,7,mpest,true,0.0,0.0,
2M,1E-6,full-0,200,7,mpest,raxml,0.0,0.0,
2M,1E-6,full-0,200,7,svdquartets,true,0.043478260869565216,0.043478260869565216,
2M,1E-6,full-0,200,7,astrid-ours,true,0.0,0.0,True
2M,1E-6,full-0,200,7,astrid-ours,raxml,0.0,0.0,True
2M,1E-6,full-0,200,8,astral,true,0.08695652173913043,0.08695652173913043,
2M,1E-6,full-0,200,8,astral,raxml,0.08695652173913043,0.08695652173913043,
2M,1E-6,full-0,200,8,astrid,true,0.08695652173913043,0.08695652173913043,
2M,1E-6,full-0,200,8,astrid,raxml,0.08695652173913043,0.08695652173913043,
2M,1E-6,full-0,200,8,mpest,true,0.13043478260869565,0.13043478260869565,
2M,1E-6,full-0,200,8,mpest,raxml,0.08695652173913043,0.08695652173913043,
2M,1E-6,full-0,200,8,svdquartets,true,0.13043478260869565,0.13043478260869565,
2M,1E-6,full-0,200,8,astrid-ours,true,0.08695652173913043,0.08695652173913043,True
2M,1E-6,full-0,200,8,astrid-ours,raxml,0.08695652173913043,0.08695652173913043,True
2M,1E-6,full-0,200,9,astral,true,0.043478260869565216,0.043478260869565216,
2M,1E-6,full-0,200,9,astral,raxml,0.043478260869565216,0.043478260869565216,
2M,1E-6,full-0,200,9,astrid,true,0.0,0.0,
2M,1E-6,full-0,200,9,astrid,raxml,0.043478260869565216,0.043478260869565216,
2M,1E-6,full-0,200,9,mpest,true,0.0,0.0,
2M,1E-6,full-0,200,9,mpest,raxml,0.08695652173913043,0.08695652173913043,
2M,1E-6,full-0,200,9,svdquartets,true,0.21739130434782608,0.21739130434782608,
2M,1E-6,full-0,200,9,astrid-ours,true,0.0,0.0,True
2M,1E-6,full-0,200,9,astrid-ours,raxml,0.043478260869565216,0.043478260869565216,True
2M,1E-6,full-0,200,10,astral,true,0.0,0.0,
2M,1E-6,full-0,200,10,astral,raxml,0.0,0.0,
2M,1E-6,full-0,200,10,astrid,true,0.0,0.0,
2M,1E-6,full-0,200,10,astrid,raxml,0.0,0.0,
2M,1E-6,full-0,200,10,mpest,true,0.043478260869565216,0.043478260869565216,
2M,1E-6,full-0,200,10,mpest,raxml,0.0,0.0,
2M,1E-6,full-0,200,10,svdquartets,true,0.0,0.0,
2M,1E-6,full-0,200,10,astrid-ours,true,0.0,0.0,True
2M,1E-6,full-0,200,10,astrid-ours,raxml,0.0,0.0,True
2M,1E-6,full-0,200,11,astral,true,0.043478260869565216,0.043478260869565216,
2M,1E-6,full-0,200,11,astral,raxml,0.17391304347826086,0.17391304347826086,
2M,1E-6,full-0,200,11,astrid,true,0.043478260869565216,0.043478260869565216,
2M,1E-6,full-0,200,11,astrid,raxml,0.13043478260869565,0.13043478260869565,
2M,1E-6,full-0,200,11,mpest,true,0.08695652173913043,0.08695652173913043,
2M,1E-6,full-0,200,11,mpest,raxml,0.13043478260869565,0.13043478260869565,
2M,1E-6,full-0,200,11,svdquartets,true,0.043478260869565216,0.043478260869565216,
2M,1E-6,full-0,200,11,astrid-ours,true,0.043478260869565216,0.043478260869565216,True
2M,1E-6,full-0,200,11,astrid-ours,raxml,0.13043478260869565,0.13043478260869565,True
2M,1E-6,full-0,200,12,astral,true,0.043478260869565216,0.043478260869565216,
2M,1E-6,full-0,200,12,astral,raxml,0.043478260869565216,0.043478260869565216,
2M,1E-6,full-0,200,12,astrid,true,0.0,0.0,
2M,1E-6,full-0,200,12,astrid,raxml,0.043478260869565216,0.043478260869565216,
2M,1E-6,full-0,200,12,mpest,true,0.0,0.0,
2M,1E-6,full-0,200,12,mpest,raxml,0.043478260869565216,0.043478260869565216,
2M,1E-6,full-0,200,12,svdquartets,true,0.0,0.0,
2M,1E-6,full-0,200,12,astrid-ours,true,0.0,0.0,True
2M,1E-6,full-0,200,12,astrid-ours,raxml,0.043478260869565216,0.043478260869565216,True
2M,1E-6,full-0,200,13,astral,true,0.0,0.0,
2M,1E-6,full-0,200,13,astral,raxml,0.043478260869565216,0.043478260869565216,
2M,1E-6,full-0,200,13,astrid,true,0.0,0.0,
2M,1E-6,full-0,200,13,astrid,raxml,0.043478260869565216,0.043478260869565216,
2M,1E-6,full-0,200,13,mpest,true,0.0,0.0,
2M,1E-6,full-0,200,13,mpest,raxml,0.043478260869565216,0.043478260869565216,
2M,1E-6,full-0,200,13,svdquartets,true,0.21739130434782608,0.21739130434782608,
2M,1E-6,full-0,200,13,astrid-ours,true,0.0,0.0,True
2M,1E-6,full-0,200,13,astrid-ours,raxml,0.13043478260869565,0.13043478260869565,False
2M,1E-6,full-0,200,14,astral,true,0.0,0.0,
2M,1E-6,full-0,200,14,astral,raxml,0.043478260869565216,0.043478260869565216,
2M,1E-6,full-0,200,14,astrid,true,0.043478260869565216,0.043478260869565216,
2M,1E-6,full-0,200,14,astrid,raxml,0.043478260869565216,0.043478260869565216,
2M,1E-6,full-0,200,14,mpest,true,0.0,0.0,
2M,1E-6,full-0,200,14,mpest,raxml,0.043478260869565216,0.043478260869565216,
2M,1E-6,full-0,200,14,svdquartets,true,0.0,0.0,
2M,1E-6,full-0,200,14,astrid-ours,true,0.043478260869565216,0.043478260869565216,True
2M,1E-6,full-0,200,14,astrid-ours,raxml,0.043478260869565216,0.043478260869565216,True
2M,1E-6,full-0,200,15,astral,true,0.043478260869565216,0.043478260869565216,
2M,1E-6,full-0,200,15,astral,raxml,0.08695652173913043,0.08695652173913043,
2M,1E-6,full-0,200,15,astrid,true,0.043478260869565216,0.043478260869565216,
2M,1E-6,full-0,200,15,astrid,raxml,0.043478260869565216,0.043478260869565216,
2M,1E-6,full-0,200,15,mpest,true,0.08695652173913043,0.08695652173913043,
2M,1E-6,full-0,200,15,mpest,raxml,0.08695652173913043,0.08695652173913043,
2M,1E-6,full-0,200,15,svdquartets,true,0.13043478260869565,0.13043478260869565,
2M,1E-6,full-0,200,15,astrid-ours,true,0.043478260869565216,0.043478260869565216,True
2M,1E-6,full-0,200,15,astrid-ours,raxml,0.043478260869565216,0.043478260869565216,True
2M,1E-6,full-0,200,16,astral,true,0.043478260869565216,0.043478260869565216,
2M,1E-6,full-0,200,16,astral,raxml,0.043478260869565216,0.043478260869565216,
2M,1E-6,full-0,200,16,astrid,true,0.043478260869565216,0.043478260869565216,
2M,1E-6,full-0,200,16,astrid,raxml,0.043478260869565216,0.043478260869565216,
2M,1E-6,full-0,200,16,mpest,true,0.043478260869565216,0.043478260869565216,
2M,1E-6,full-0,200,16,mpest,raxml,0.043478260869565216,0.043478260869565216,
2M,1E-6,full-0,200,16,svdquartets,true,0.13043478260869565,0.13043478260869565,
2M,1E-6,full-0,200,16,astrid-ours,true,0.043478260869565216,0.043478260869565216,True
2M,1E-6,full-0,200,16,astrid-ours,raxml,0.043478260869565216,0.043478260869565216,True
2M,1E-6,full-0,200,17,astral,true,0.0,0.0,
2M,1E-6,full-0,200,17,astral,raxml,0.0,0.0,
2M,1E-6,full-0,200,17,astrid,true,0.0,0.0,
2M,1E-6,full-0,200,17,astrid,raxml,0.0,0.0,
2M,1E-6,full-0,200,17,mpest,true,0.0,0.0,
2M,1E-6,full-0,200,17,mpest,raxml,0.043478260869565216,0.043478260869565216,
2M,1E-6,full-0,200,17,svdquartets,true,0.043478260869565216,0.043478260869565216,
2M,1E-6,full-0,200,17,astrid-ours,true,0.0,0.0,True
2M,1E-6,full-0,200,17,astrid-ours,raxml,0.0,0.0,True
2M,1E-6,full-0,200,18,astral,true,0.043478260869565216,0.043478260869565216,
2M,1E-6,full-0,200,18,astral,raxml,0.0,0.0,
2M,1E-6,full-0,200,18,astrid,true,0.043478260869565216,0.043478260869565216,
2M,1E-6,full-0,200,18,astrid,raxml,0.0,0.0,
2M,1E-6,full-0,200,18,mpest,true,0.043478260869565216,0.043478260869565216,
2M,1E-6,full-0,200,18,mpest,raxml,0.0,0.0,
2M,1E-6,full-0,200,18,svdquartets,true,0.08695652173913043,0.08695652173913043,
2M,1E-6,full-0,200,18,astrid-ours,true,0.043478260869565216,0.043478260869565216,True
2M,1E-6,full-0,200,18,astrid-ours,raxml,0.0,0.0,True
2M,1E-6,full-0,200,19,astral,true,0.043478260869565216,0.043478260869565216,
2M,1E-6,full-0,200,19,astral,raxml,0.043478260869565216,0.043478260869565216,
2M,1E-6,full-0,200,19,astrid,true,0.043478260869565216,0.043478260869565216,
2M,1E-6,full-0,200,19,astrid,raxml,0.043478260869565216,0.043478260869565216,
2M,1E-6,full-0,200,19,mpest,true,0.08695652173913043,0.08695652173913043,
2M,1E-6,full-0,200,19,mpest,raxml,0.043478260869565216,0.043478260869565216,
2M,1E-6,full-0,200,19,svdquartets,true,0.043478260869565216,0.043478260869565216,
2M,1E-6,full-0,200,19,astrid-ours,true,0.043478260869565216,0.043478260869565216,True
2M,1E-6,full-0,200,19,astrid-ours,raxml,0.043478260869565216,0.043478260869565216,True
2M,1E-6,full-0,200,20,astral,true,0.043478260869565216,0.043478260869565216,
2M,1E-6,full-0,200,20,astral,raxml,0.043478260869565216,0.043478260869565216,
2M,1E-6,full-0,200,20,astrid,true,0.043478260869565216,0.043478260869565216,
2M,1E-6,full-0,200,20,astrid,raxml,0.043478260869565216,0.043478260869565216,
2M,1E-6,full-0,200,20,mpest,true,0.043478260869565216,0.043478260869565216,
2M,1E-6,full-0,200,20,mpest,raxml,0.08695652173913043,0.08695652173913043,
2M,1E-6,full-0,200,20,svdquartets,true,0.17391304347826086,0.17391304347826086,
2M,1E-6,full-0,200,20,astrid-ours,true,0.043478260869565216,0.043478260869565216,True
2M,1E-6,full-0,200,20,astrid-ours,raxml,0.043478260869565216,0.043478260869565216,True
2M,1E-6,full-0,1000,1,astral,true,0.043478260869565216,0.043478260869565216,
2M,1E-6,full-0,1000,1,astral,raxml,0.0,0.0,
2M,1E-6,full-0,1000,1,astrid,true,0.0,0.0,
2M,1E-6,full-0,1000,1,astrid,raxml,0.043478260869565216,0.043478260869565216,
2M,1E-6,full-0,1000,1,mpest,true,0.043478260869565216,0.043478260869565216,
2M,1E-6,full-0,1000,1,mpest,raxml,0.0,0.0,
2M,1E-6,full-0,1000,1,svdquartets,true,0.17391304347826086,0.17391304347826086,
2M,1E-6,full-0,1000,1,astrid-ours,true,0.0,0.0,True
2M,1E-6,full-0,1000,1,astrid-ours,raxml,0.043478260869565216,0.043478260869565216,True
2M,1E-6,full-0,1000,2,astral,true,0.043478260869565216,0.043478260869565216,
2M,1E-6,full-0,1000,2,astral,raxml,0.08695652173913043,0.08695652173913043,
2M,1E-6,full-0,1000,2,astrid,true,0.043478260869565216,0.043478260869565216,
2M,1E-6,full-0,1000,2,astrid,raxml,0.043478260869565216,0.043478260869565216,
2M,1E-6,full-0,1000,2,mpest,true,0.043478260869565216,0.043478260869565216,
2M,1E-6,full-0,1000,2,mpest,raxml,0.08695652173913043,0.08695652173913043,
2M,1E-6,full-0,1000,2,svdquartets,true,0.043478260869565216,0.043478260869565216,
2M,1E-6,full-0,1000,2,astrid-ours,true,0.043478260869565216,0.043478260869565216,True
2M,1E-6,full-0,1000,2,astrid-ours,raxml,0.043478260869565216,0.043478260869565216,True
2M,1E-6,full-0,1000,3,astral,true,0.043478260869565216,0.043478260869565216,
2M,1E-6,full-0,1000,3,astral,raxml,0.043478260869565216,0.043478260869565216,
2M,1E-6,full-0,1000,3,astrid,true,0.0,0.0,
2M,1E-6,full-0,1000,3,astrid,raxml,0.043478260869565216,0.043478260869565216,
2M,1E-6,full-0,1000,3,mpest,true,0.08695652173913043,0.08695652173913043,
2M,1E-6,full-0,1000,3,mpest,raxml,0.043478260869565216,0.043478260869565216,
2M,1E-6,full-0,1000,3,svdquartets,true,0.043478260869565216,0.043478260869565216,
2M,1E-6,full-0,1000,3,astrid-ours,true,0.0,0.0,True
2M,1E-6,full-0,1000,3,astrid-ours,raxml,0.043478260869565216,0.043478260869565216,True
2M,1E-6,full-0,1000,4,astral,true,0.0,0.0,
2M,1E-6,full-0,1000,4,astral,raxml,0.08695652173913043,0.08695652173913043,
2M,1E-6,full-0,1000,4,astrid,true,0.043478260869565216,0.043478260869565216,
2M,1E-6,full-0,1000,4,astrid,raxml,0.08695652173913043,0.08695652173913043,
2M,1E-6,full-0,1000,4,mpest,true,0.043478260869565216,0.043478260869565216,
2M,1E-6,full-0,1000,4,mpest,raxml,0.08695652173913043,0.08695652173913043,
2M,1E-6,full-0,1000,4,svdquartets,true,0.043478260869565216,0.043478260869565216,
2M,1E-6,full-0,1000,4,astrid-ours,true,0.043478260869565216,0.043478260869565216,True
2M,1E-6,full-0,1000,4,astrid-ours,raxml,0.08695652173913043,0.08695652173913043,True
2M,1E-6,full-0,1000,5,astral,true,0.043478260869565216,0.043478260869565216,
2M,1E-6,full-0,1000,5,astral,raxml,0.043478260869565216,0.043478260869565216,
2M,1E-6,full-0,1000,5,astrid,true,0.043478260869565216,0.043478260869565216,
2M,1E-6,full-0,1000,5,astrid,raxml,0.043478260869565216,0.043478260869565216,
2M,1E-6,full-0,1000,5,mpest,true,0.043478260869565216,0.043478260869565216,
2M,1E-6,full-0,1000,5,mpest,raxml,0.043478260869565216,0.043478260869565216,
2M,1E-6,full-0,1000,5,svdquartets,true,0.08695652173913043,0.08695652173913043,
2M,1E-6,full-0,1000,5,astrid-ours,true,0.043478260869565216,0.043478260869565216,True
2M,1E-6,full-0,1000,5,astrid-ours,raxml,0.043478260869565216,0.043478260869565216,True
2M,1E-6,full-0,1000,6,astral,true,0.0,0.0,
2M,1E-6,full-0,1000,6,astral,raxml,0.0,0.0,
2M,1E-6,full-0,1000,6,astrid,true,0.0,0.0,
2M,1E-6,full-0,1000,6,astrid,raxml,0.0,0.0,
2M,1E-6,full-0,1000,6,mpest,true,0.0,0.0,
2M,1E-6,full-0,1000,6,mpest,raxml,0.043478260869565216,0.043478260869565216,
2M,1E-6,full-0,1000,6,svdquartets,true,0.043478260869565216,0.043478260869565216,
2M,1E-6,full-0,1000,6,astrid-ours,true,0.0,0.0,True
2M,1E-6,full-0,1000,6,astrid-ours,raxml,0.0,0.0,True
2M,1E-6,full-0,1000,7,astral,true,0.0,0.0,
2M,1E-6,full-0,1000,7,astral,raxml,0.0,0.0,
2M,1E-6,full-0,1000,7,astrid,true,0.0,0.0,
2M,1E-6,full-0,1000,7,astrid,raxml,0.0,0.0,
2M,1E-6,full-0,1000,7,mpest,true,0.0,0.0,
2M,1E-6,full-0,1000,7,mpest,raxml,0.0,0.0,
2M,1E-6,full-0,1000,7,svdquartets,true,0.13043478260869565,0.13043478260869565,
2M,1E-6,full-0,1000,7,astrid-ours,true,0.0,0.0,True
2M,1E-6,full-0,1000,7,astrid-ours,raxml,0.0,0.0,True
2M,1E-6,full-0,1000,8,astral,true,0.043478260869565216,0.043478260869565216,
2M,1E-6,full-0,1000,8,astral,raxml,0.043478260869565216,0.043478260869565216,
2M,1E-6,full-0,1000,8,astrid,true,0.043478260869565216,0.043478260869565216,
2M,1E-6,full-0,1000,8,astrid,raxml,0.0,0.0,
2M,1E-6,full-0,1000,8,mpest,true,0.043478260869565216,0.043478260869565216,
2M,1E-6,full-0,1000,8,mpest,raxml,0.0,0.0,
2M,1E-6,full-0,1000,8,svdquartets,true,0.08695652173913043,0.08695652173913043,
2M,1E-6,full-0,1000,8,astrid-ours,true,0.043478260869565216,0.043478260869565216,True
2M,1E-6,full-0,1000,8,astrid-ours,raxml,0.0,0.0,True
2M,1E-6,full-0,1000,9,astral,true,0.0,0.0,
2M,1E-6,full-0,1000,9,astral,raxml,0.0,0.0,
2M,1E-6,full-0,1000,9,astrid,true,0.0,0.0,
2M,1E-6,full-0,1000,9,astrid,raxml,0.0,0.0,
2M,1E-6,full-0,1000,9,mpest,true,0.0,0.0,
2M,1E-6,full-0,1000,9,mpest,raxml,0.043478260869565216,0.043478260869565216,
2M,1E-6,full-0,1000,9,svdquartets,true,0.17391304347826086,0.17391304347826086,
2M,1E-6,full-0,1000,9,astrid-ours,true,0.0,0.0,True
2M,1E-6,full-0,1000,9,astrid-ours,raxml,0.0,0.0,True
2M,1E-6,full-0,1000,10,astral,true,0.0,0.0,
2M,1E-6,full-0,1000,10,astral,raxml,0.0,0.0,
2M,1E-6,full-0,1000,10,astrid,true,0.0,0.0,
2M,1E-6,full-0,1000,10,astrid,raxml,0.0,0.0,
2M,1E-6,full-0,1000,10,mpest,true,0.0,0.0,
2M,1E-6,full-0,1000,10,mpest,raxml,0.043478260869565216,0.043478260869565216,
2M,1E-6,full-0,1000,10,svdquartets,true,0.043478260869565216,0.043478260869565216,
2M,1E-6,full-0,1000,10,astrid-ours,true,0.0,0.0,True
2M,1E-6,full-0,1000,10,astrid-ours,raxml,0.0,0.0,True
2M,1E-6,full-0,1000,11,astral,true,0.0,0.0,
2M,1E-6,full-0,1000,11,astral,raxml,0.13043478260869565,0.13043478260869565,
2M,1E-6,full-0,1000,11,astrid,true,0.0,0.0,
2M,1E-6,full-0,1000,11,astrid,raxml,0.13043478260869565,0.13043478260869565,
2M,1E-6,full-0,1000,11,mpest,true,0.0,0.0,
2M,1E-6,full-0,1000,11,mpest,raxml,0.13043478260869565,0.13043478260869565,
2M,1E-6,full-0,1000,11,svdquartets,true,0.08695652173913043,0.08695652173913043,
2M,1E-6,full-0,1000,11,astrid-ours,true,0.0,0.0,True
2M,1E-6,full-0,1000,11,astrid-ours,raxml,0.13043478260869565,0.13043478260869565,True
2M,1E-6,full-0,1000,12,astral,true,0.0,0.0,
2M,1E-6,full-0,1000,12,astral,raxml,0.043478260869565216,0.043478260869565216,
2M,1E-6,full-0,1000,12,astrid,true,0.0,0.0,
2M,1E-6,full-0,1000,12,astrid,raxml,0.043478260869565216,0.043478260869565216,
2M,1E-6,full-0,1000,12,mpest,true,0.0,0.0,
2M,1E-6,full-0,1000,12,mpest,raxml,0.043478260869565216,0.043478260869565216,
2M,1E-6,full-0,1000,12,svdquartets,true,0.13043478260869565,0.13043478260869565,
2M,1E-6,full-0,1000,12,astrid-ours,true,0.0,0.0,True
2M,1E-6,full-0,1000,12,astrid-ours,raxml,0.043478260869565216,0.043478260869565216,True
2M,1E-6,full-0,1000,13,astral,true,0.0,0.0,
2M,1E-6,full-0,1000,13,astral,raxml,0.043478260869565216,0.043478260869565216,
2M,1E-6,full-0,1000,13,astrid,true,0.0,0.0,
2M,1E-6,full-0,1000,13,astrid,raxml,0.0,0.0,
2M,1E-6,full-0,1000,13,mpest,true,0.0,0.0,
2M,1E-6,full-0,1000,13,mpest,raxml,0.0,0.0,
2M,1E-6,full-0,1000,13,svdquartets,true,0.043478260869565216,0.043478260869565216,
2M,1E-6,full-0,1000,13,astrid-ours,true,0.0,0.0,True
2M,1E-6,full-0,1000,13,astrid-ours,raxml,0.0,0.0,True
2M,1E-6,full-0,1000,14,astral,true,0.0,0.0,
2M,1E-6,full-0,1000,14,astral,raxml,0.0,0.0,
2M,1E-6,full-0,1000,14,astrid,true,0.043478260869565216,0.043478260869565216,
2M,1E-6,full-0,1000,14,astrid,raxml,0.0,0.0,
2M,1E-6,full-0,1000,14,mpest,true,0.0,0.0,
2M,1E-6,full-0,1000,14,mpest,raxml,0.0,0.0,
2M,1E-6,full-0,1000,14,svdquartets,true,0.043478260869565216,0.043478260869565216,
2M,1E-6,full-0,1000,14,astrid-ours,true,0.043478260869565216,0.043478260869565216,True
2M,1E-6,full-0,1000,14,astrid-ours,raxml,0.0,0.0,True
2M,1E-6,full-0,1000,15,astral,true,0.0,0.0,
2M,1E-6,full-0,1000,15,astral,raxml,0.0,0.0,
2M,1E-6,full-0,1000,15,astrid,true,0.0,0.0,
2M,1E-6,full-0,1000,15,astrid,raxml,0.0,0.0,
2M,1E-6,full-0,1000,15,mpest,true,0.0,0.0,
2M,1E-6,full-0,1000,15,mpest,raxml,0.0,0.0,
2M,1E-6,full-0,1000,15,svdquartets,true,0.043478260869565216,0.043478260869565216,
2M,1E-6,full-0,1000,15,astrid-ours,true,0.0,0.0,True
2M,1E-6,full-0,1000,15,astrid-ours,raxml,0.0,0.0,True
2M,1E-6,full-0,1000,16,astral,true,0.043478260869565216,0.043478260869565216,
2M,1E-6,full-0,1000,16,astral,raxml,0.0,0.0,
2M,1E-6,full-0,1000,16,astrid,true,0.043478260869565216,0.043478260869565216,
2M,1E-6,full-0,1000,16,astrid,raxml,0.0,0.0,
2M,1E-6,full-0,1000,16,mpest,true,0.043478260869565216,0.043478260869565216,
2M,1E-6,full-0,1000,16,mpest,raxml,0.043478260869565216,0.043478260869565216,
2M,1E-6,full-0,1000,16,svdquartets,true,0.08695652173913043,0.08695652173913043,
2M,1E-6,full-0,1000,16,astrid-ours,true,0.043478260869565216,0.043478260869565216,True
2M,1E-6,full-0,1000,16,astrid-ours,raxml,0.0,0.0,True
2M,1E-6,full-0,1000,17,astral,true,0.0,0.0,
2M,1E-6,full-0,1000,17,astral,raxml,0.0,0.0,
2M,1E-6,full-0,1000,17,astrid,true,0.0,0.0,
2M,1E-6,full-0,1000,17,astrid,raxml,0.0,0.0,
2M,1E-6,full-0,1000,17,mpest,true,0.0,0.0,
2M,1E-6,full-0,1000,17,mpest,raxml,0.0,0.0,
2M,1E-6,full-0,1000,17,svdquartets,true,0.0,0.0,
2M,1E-6,full-0,1000,17,astrid-ours,true,0.0,0.0,True
2M,1E-6,full-0,1000,17,astrid-ours,raxml,0.0,0.0,True
2M,1E-6,full-0,1000,18,astral,true,0.0,0.0,
2M,1E-6,full-0,1000,18,astral,raxml,0.043478260869565216,0.043478260869565216,
2M,1E-6,full-0,1000,18,astrid,true,0.043478260869565216,0.043478260869565216,
2M,1E-6,full-0,1000,18,astrid,raxml,0.0,0.0,
2M,1E-6,full-0,1000,18,mpest,true,0.0,0.0,
2M,1E-6,full-0,1000,18,mpest,raxml,0.0,0.0,
2M,1E-6,full-0,1000,18,svdquartets,true,0.0,0.0,
2M,1E-6,full-0,1000,18,astrid-ours,true,0.043478260869565216,0.043478260869565216,True
2M,1E-6,full-0,1000,18,astrid-ours,raxml,0.0,0.0,True
2M,1E-6,full-0,1000,19,astral,true,0.0,0.0,
2M,1E-6,full-0,1000,19,astral,raxml,0.0,0.0,
2M,1E-6,full-0,1000,19,astrid,true,0.0,0.0,
2M,1E-6,full-0,1000,19,astrid,raxml,0.0,0.0,
2M,1E-6,full-0,1000,19,mpest,true,0.0,0.0,
2M,1E-6,full-0,1000,19,mpest,raxml,0.0,0.0,
2M,1E-6,full-0,1000,19,svdquartets,true,0.043478260869565216,0.043478260869565216,
2M,1E-6,full-0,1000,19,astrid-ours,true,0.0,0.0,True
2M,1E-6,full-0,1000,19,astrid-ours,raxml,0.0,0.0,True
2M,1E-6,full-0,1000,20,astral,true,0.0,0.0,
2M,1E-6,full-0,1000,20,astral,raxml,0.0,0.0,
2M,1E-6,full-0,1000,20,astrid,true,0.0,0.0,
2M,1E-6,full-0,1000,20,astrid,raxml,0.0,0.0,
2M,1E-6,full-0,1000,20,mpest,true,0.043478260869565216,0.043478260869565216,
2M,1E-6,full-0,1000,20,mpest,raxml,0.043478260869565216,0.043478260869565216,
2M,1E-6,full-0,1000,20,svdquartets,true,0.08695652173913043,0.08695652173913043,
2M,1E-6,full-0,1000,20,astrid-ours,true,0.0,0.0,True
2M,1E-6,full-0,1000,20,astrid-ours,raxml,0.0,0.0,True
2M,1E-6,rand-30,50,1,astral,true,0.043478260869565216,0.043478260869565216,
2M,1E-6,rand-30,50,1,astral,raxml,0.13043478260869565,0.13043478260869565,
2M,1E-6,rand-30,50,1,astrid,true,0.13043478260869565,0.13043478260869565,
2M,1E-6,rand-30,50,1,astrid,raxml,0.17391304347826086,0.17391304347826086,
2M,1E-6,rand-30,50,1,mpest,true,0.043478260869565216,0.043478260869565216,
2M,1E-6,rand-30,50,1,mpest,raxml,0.17391304347826086,0.17391304347826086,
2M,1E-6,rand-30,50,1,svdquartets,true,0.34782608695652173,0.34782608695652173,
2M,1E-6,rand-30,50,1,astrid-ours,true,0.13043478260869565,0.13043478260869565,True
2M,1E-6,rand-30,50,1,astrid-ours,raxml,0.17391304347826086,0.17391304347826086,True
2M,1E-6,rand-30,50,2,astral,true,0.13043478260869565,0.13043478260869565,
2M,1E-6,rand-30,50,2,astral,raxml,0.08695652173913043,0.08695652173913043,
2M,1E-6,rand-30,50,2,astrid,true,0.13043478260869565,0.13043478260869565,
2M,1E-6,rand-30,50,2,astrid,raxml,0.21739130434782608,0.21739130434782608,
2M,1E-6,rand-30,50,2,mpest,true,0.21739130434782608,0.21739130434782608,
2M,1E-6,rand-30,50,2,mpest,raxml,0.30434782608695654,0.30434782608695654,
2M,1E-6,rand-30,50,2,svdquartets,true,0.21739130434782608,0.21739130434782608,
2M,1E-6,rand-30,50,2,astrid-ours,true,0.13043478260869565,0.13043478260869565,True
2M,1E-6,rand-30,50,2,astrid-ours,raxml,0.2608695652173913,0.2608695652173913,False
2M,1E-6,rand-30,50,3,astral,true,0.08695652173913043,0.08695652173913043,
2M,1E-6,rand-30,50,3,astral,raxml,0.21739130434782608,0.21739130434782608,
2M,1E-6,rand-30,50,3,astrid,true,0.043478260869565216,0.043478260869565216,
2M,1E-6,rand-30,50,3,astrid,raxml,0.13043478260869565,0.13043478260869565,
2M,1E-6,rand-30,50,3,mpest,true,0.08695652173913043,0.08695652173913043,
2M,1E-6,rand-30,50,3,mpest,raxml,0.30434782608695654,0.30434782608695654,
2M,1E-6,rand-30,50,3,svdquartets,true,0.21739130434782608,0.21739130434782608,
2M,1E-6,rand-30,50,3,astrid-ours,true,0.043478260869565216,0.043478260869565216,True
2M,1E-6,rand-30,50,3,astrid-ours,raxml,0.13043478260869565,0.13043478260869565,True
2M,1E-6,rand-30,50,4,astral,true,0.13043478260869565,0.13043478260869565,
2M,1E-6,rand-30,50,4,astral,raxml,0.13043478260869565,0.13043478260869565,
2M,1E-6,rand-30,50,4,astrid,true,0.08695652173913043,0.08695652173913043,
2M,1E-6,rand-30,50,4,astrid,raxml,0.08695652173913043,0.08695652173913043,
2M,1E-6,rand-30,50,4,mpest,true,0.08695652173913043,0.08695652173913043,
2M,1E-6,rand-30,50,4,mpest,raxml,0.13043478260869565,0.13043478260869565,
2M,1E-6,rand-30,50,4,svdquartets,true,0.043478260869565216,0.043478260869565216,
2M,1E-6,rand-30,50,4,astrid-ours,true,0.08695652173913043,0.08695652173913043,True
2M,1E-6,rand-30,50,4,astrid-ours,raxml,0.08695652173913043,0.08695652173913043,True
2M,1E-6,rand-30,50,5,astral,true,0.08695652173913043,0.08695652173913043,
2M,1E-6,rand-30,50,5,astral,raxml,0.17391304347826086,0.17391304347826086,
2M,1E-6,rand-30,50,5,astrid,true,0.17391304347826086,0.17391304347826086,
2M,1E-6,rand-30,50,5,astrid,raxml,0.21739130434782608,0.21739130434782608,
2M,1E-6,rand-30,50,5,mpest,true,0.13043478260869565,0.13043478260869565,
2M,1E-6,rand-30,50,5,mpest,raxml,0.17391304347826086,0.17391304347826086,
2M,1E-6,rand-30,50,5,svdquartets,true,0.17391304347826086,0.17391304347826086,
2M,1E-6,rand-30,50,5,astrid-ours,true,0.13043478260869565,0.13043478260869565,False
2M,1E-6,rand-30,50,5,astrid-ours,raxml,0.17391304347826086,0.17391304347826086,False
2M,1E-6,rand-30,50,6,astral,true,0.08695652173913043,0.08695652173913043,
2M,1E-6,rand-30,50,6,astral,raxml,0.08695652173913043,0.08695652173913043,
2M,1E-6,rand-30,50,6,astrid,true,0.08695652173913043,0.08695652173913043,
2M,1E-6,rand-30,50,6,astrid,raxml,0.13043478260869565,0.13043478260869565,
2M,1E-6,rand-30,50,6,mpest,true,0.13043478260869565,0.13043478260869565,
2M,1E-6,rand-30,50,6,mpest,raxml,0.08695652173913043,0.08695652173913043,
2M,1E-6,rand-30,50,6,svdquartets,true,0.08695652173913043,0.08695652173913043,
2M,1E-6,rand-30,50,6,astrid-ours,true,0.08695652173913043,0.08695652173913043,True
2M,1E-6,rand-30,50,6,astrid-ours,raxml,0.13043478260869565,0.13043478260869565,True
2M,1E-6,rand-30,50,7,astral,true,0.043478260869565216,0.043478260869565216,
2M,1E-6,rand-30,50,7,astral,raxml,0.21739130434782608,0.21739130434782608,
2M,1E-6,rand-30,50,7,astrid,true,0.043478260869565216,0.043478260869565216,
2M,1E-6,rand-30,50,7,astrid,raxml,0.17391304347826086,0.17391304347826086,
2M,1E-6,rand-30,50,7,mpest,true,0.043478260869565216,0.043478260869565216,
2M,1E-6,rand-30,50,7,mpest,raxml,0.2608695652173913,0.2608695652173913,
2M,1E-6,rand-30,50,7,svdquartets,true,0.21739130434782608,0.21739130434782608,
2M,1E-6,rand-30,50,7,astrid-ours,true,0.043478260869565216,0.043478260869565216,True
2M,1E-6,rand-30,50,7,astrid-ours,raxml,0.17391304347826086,0.17391304347826086,True
2M,1E-6,rand-30,50,8,astral,true,0.043478260869565216,0.043478260869565216,
2M,1E-6,rand-30,50,8,astral,raxml,0.17391304347826086,0.17391304347826086,
2M,1E-6,rand-30,50,8,astrid,true,0.08695652173913043,0.08695652173913043,
2M,1E-6,rand-30,50,8,astrid,raxml,0.17391304347826086,0.17391304347826086,
2M,1E-6,rand-30,50,8,mpest,true,0.13043478260869565,0.13043478260869565,
2M,1E-6,rand-30,50,8,mpest,raxml,0.17391304347826086,0.17391304347826086,
2M,1E-6,rand-30,50,8,svdquartets,true,0.17391304347826086,0.17391304347826086,
2M,1E-6,rand-30,50,8,astrid-ours,true,0.08695652173913043,0.08695652173913043,True
2M,1E-6,rand-30,50,8,astrid-ours,raxml,0.17391304347826086,0.17391304347826086,True
2M,1E-6,rand-30,50,9,astral,true,0.08695652173913043,0.08695652173913043,
2M,1E-6,rand-30,50,9,astral,raxml,0.17391304347826086,0.17391304347826086,
2M,1E-6,rand-30,50,9,astrid,true,0.0,0.0,
2M,1E-6,rand-30,50,9,astrid,raxml,0.21739130434782608,0.21739130434782608,
2M,1E-6,rand-30,50,9,mpest,true,0.08695652173913043,0.08695652173913043,
2M,1E-6,rand-30,50,9,mpest,raxml,0.2608695652173913,0.2608695652173913,
2M,1E-6,rand-30,50,9,svdquartets,true,0.34782608695652173,0.34782608695652173,
2M,1E-6,rand-30,50,9,astrid-ours,true,0.0,0.0,True
2M,1E-6,rand-30,50,9,astrid-ours,raxml,0.21739130434782608,0.21739130434782608,True
2M,1E-6,rand-30,50,10,astral,true,0.043478260869565216,0.043478260869565216,
2M,1E-6,rand-30,50,10,astral,raxml,0.043478260869565216,0.043478260869565216,
2M,1E-6,rand-30,50,10,astrid,true,0.043478260869565216,0.043478260869565216,
2M,1E-6,rand-30,50,10,astrid,raxml,0.08695652173913043,0.08695652173913043,
2M,1E-6,rand-30,50,10,mpest,true,0.043478260869565216,0.043478260869565216,
2M,1E-6,rand-30,50,10,mpest,raxml,0.13043478260869565,0.13043478260869565,
2M,1E-6,rand-30,50,10,svdquartets,true,0.2608695652173913,0.2608695652173913,
2M,1E-6,rand-30,50,10,astrid-ours,true,0.043478260869565216,0.043478260869565216,True
2M,1E-6,rand-30,50,10,astrid-ours,raxml,0.08695652173913043,0.08695652173913043,True
2M,1E-6,rand-30,50,11,astral,true,0.08695652173913043,0.08695652173913043,
2M,1E-6,rand-30,50,11,astral,raxml,0.21739130434782608,0.21739130434782608,
2M,1E-6,rand-30,50,11,astrid,true,0.13043478260869565,0.13043478260869565,
2M,1E-6,rand-30,50,11,astrid,raxml,0.13043478260869565,0.13043478260869565,
2M,1E-6,rand-30,50,11,mpest,true,0.08695652173913043,0.08695652173913043,
2M,1E-6,rand-30,50,11,mpest,raxml,0.30434782608695654,0.30434782608695654,
2M,1E-6,rand-30,50,11,svdquartets,true,0.21739130434782608,0.21739130434782608,
2M,1E-6,rand-30,50,11,astrid-ours,true,0.13043478260869565,0.13043478260869565,True
2M,1E-6,rand-30,50,11,astrid-ours,raxml,0.21739130434782608,0.21739130434782608,False
2M,1E-6,rand-30,50,12,astral,true,0.043478260869565216,0.043478260869565216,
2M,1E-6,rand-30,50,12,astral,raxml,0.13043478260869565,0.13043478260869565,
2M,1E-6,rand-30,50,12,astrid,true,0.043478260869565216,0.043478260869565216,
2M,1E-6,rand-30,50,12,astrid,raxml,0.17391304347826086,0.17391304347826086,
2M,1E-6,rand-30,50,12,mpest,true,0.043478260869565216,0.043478260869565216,
2M,1E-6,rand-30,50,12,mpest,raxml,0.13043478260869565,0.13043478260869565,
2M,1E-6,rand-30,50,12,svdquartets,true,0.13043478260869565,0.13043478260869565,
2M,1E-6,rand-30,50,12,astrid-ours,true,0.043478260869565216,0.043478260869565216,True
2M,1E-6,rand-30,50,12,astrid-ours,raxml,0.17391304347826086,0.17391304347826086,True
2M,1E-6,rand-30,50,13,astral,true,0.17391304347826086,0.17391304347826086,
2M,1E-6,rand-30,50,13,astral,raxml,0.043478260869565216,0.043478260869565216,
2M,1E-6,rand-30,50,13,astrid,true,0.17391304347826086,0.17391304347826086,
2M,1E-6,rand-30,50,13,astrid,raxml,0.13043478260869565,0.13043478260869565,
2M,1E-6,rand-30,50,13,mpest,true,0.13043478260869565,0.13043478260869565,
2M,1E-6,rand-30,50,13,mpest,raxml,0.17391304347826086,0.17391304347826086,
2M,1E-6,rand-30,50,13,svdquartets,true,0.08695652173913043,0.08695652173913043,
2M,1E-6,rand-30,50,13,astrid-ours,true,0.17391304347826086,0.17391304347826086,True
2M,1E-6,rand-30,50,13,astrid-ours,raxml,0.13043478260869565,0.13043478260869565,True
2M,1E-6,rand-30,50,14,astral,true,0.043478260869565216,0.043478260869565216,
2M,1E-6,rand-30,50,14,astral,raxml,0.043478260869565216,0.043478260869565216,
2M,1E-6,rand-30,50,14,astrid,true,0.08695652173913043,0.08695652173913043,
2M,1E-6,rand-30,50,14,astrid,raxml,0.043478260869565216,0.043478260869565216,
2M,1E-6,rand-30,50,14,mpest,true,0.13043478260869565,0.13043478260869565,
2M,1E-6,rand-30,50,14,mpest,raxml,0.13043478260869565,0.13043478260869565,
2M,1E-6,rand-30,50,14,svdquartets,true,0.13043478260869565,0.13043478260869565,
2M,1E-6,rand-30,50,14,astrid-ours,true,0.08695652173913043,0.08695652173913043,True
2M,1E-6,rand-30,50,14,astrid-ours,raxml,0.043478260869565216,0.043478260869565216,True
2M,1E-6,rand-30,50,15,astral,true,0.08695652173913043,0.08695652173913043,
2M,1E-6,rand-30,50,15,astral,raxml,0.13043478260869565,0.13043478260869565,
2M,1E-6,rand-30,50,15,astrid,true,0.08695652173913043,0.08695652173913043,
2M,1E-6,rand-30,50,15,astrid,raxml,0.13043478260869565,0.13043478260869565,
2M,1E-6,rand-30,50,15,mpest,true,0.08695652173913043,0.08695652173913043,
2M,1E-6,rand-30,50,15,mpest,raxml,0.17391304347826086,0.17391304347826086,
2M,1E-6,rand-30,50,15,svdquartets,true,0.17391304347826086,0.17391304347826086,
2M,1E-6,rand-30,50,15,astrid-ours,true,0.08695652173913043,0.08695652173913043,True
2M,1E-6,rand-30,50,15,astrid-ours,raxml,0.13043478260869565,0.13043478260869565,True
2M,1E-6,rand-30,50,16,astral,true,0.08695652173913043,0.08695652173913043,
2M,1E-6,rand-30,50,16,astral,raxml,0.0,0.0,
2M,1E-6,rand-30,50,16,astrid,true,0.13043478260869565,0.13043478260869565,
2M,1E-6,rand-30,50,16,astrid,raxml,0.043478260869565216,0.043478260869565216,
2M,1E-6,rand-30,50,16,mpest,true,0.13043478260869565,0.13043478260869565,
2M,1E-6,rand-30,50,16,mpest,raxml,0.21739130434782608,0.21739130434782608,
2M,1E-6,rand-30,50,16,svdquartets,true,0.17391304347826086,0.17391304347826086,
2M,1E-6,rand-30,50,16,astrid-ours,true,0.13043478260869565,0.13043478260869565,True
2M,1E-6,rand-30,50,16,astrid-ours,raxml,0.043478260869565216,0.043478260869565216,True
2M,1E-6,rand-30,50,17,astral,true,0.08695652173913043,0.08695652173913043,
2M,1E-6,rand-30,50,17,astral,raxml,0.17391304347826086,0.17391304347826086,
2M,1E-6,rand-30,50,17,astrid,true,0.043478260869565216,0.043478260869565216,
2M,1E-6,rand-30,50,17,astrid,raxml,0.13043478260869565,0.13043478260869565,
2M,1E-6,rand-30,50,17,mpest,true,0.13043478260869565,0.13043478260869565,
2M,1E-6,rand-30,50,17,mpest,raxml,0.08695652173913043,0.08695652173913043,
2M,1E-6,rand-30,50,17,svdquartets,true,0.17391304347826086,0.17391304347826086,
2M,1E-6,rand-30,50,17,astrid-ours,true,0.043478260869565216,0.043478260869565216,True
2M,1E-6,rand-30,50,17,astrid-ours,raxml,0.13043478260869565,0.13043478260869565,True
2M,1E-6,rand-30,50,18,astral,true,0.08695652173913043,0.08695652173913043,
2M,1E-6,rand-30,50,18,astral,raxml,0.13043478260869565,0.13043478260869565,
2M,1E-6,rand-30,50,18,astrid,true,0.043478260869565216,0.043478260869565216,
2M,1E-6,rand-30,50,18,astrid,raxml,0.13043478260869565,0.13043478260869565,
2M,1E-6,rand-30,50,18,mpest,true,0.08695652173913043,0.08695652173913043,
2M,1E-6,rand-30,50,18,mpest,raxml,0.2608695652173913,0.2608695652173913,
2M,1E-6,rand-30,50,18,svdquartets,true,0.17391304347826086,0.17391304347826086,
2M,1E-6,rand-30,50,18,astrid-ours,true,0.043478260869565216,0.043478260869565216,True
2M,1E-6,rand-30,50,18,astrid-ours,raxml,0.043478260869565216,0.043478260869565216,False
2M,1E-6,rand-30,50,19,astral,true,0.043478260869565216,0.043478260869565216,
2M,1E-6,rand-30,50,19,astral,raxml,0.08695652173913043,0.08695652173913043,
2M,1E-6,rand-30,50,19,astrid,true,0.13043478260869565,0.13043478260869565,
2M,1E-6,rand-30,50,19,astrid,raxml,0.08695652173913043,0.08695652173913043,
2M,1E-6,rand-30,50,19,mpest,true,0.13043478260869565,0.13043478260869565,
2M,1E-6,rand-30,50,19,mpest,raxml,0.08695652173913043,0.08695652173913043,
2M,1E-6,rand-30,50,19,svdquartets,true,0.17391304347826086,0.17391304347826086,
2M,1E-6,rand-30,50,19,astrid-ours,true,0.13043478260869565,0.13043478260869565,False
2M,1E-6,rand-30,50,19,astrid-ours,raxml,0.08695652173913043,0.08695652173913043,True
2M,1E-6,rand-30,50,20,astral,true,0.08695652173913043,0.08695652173913043,
2M,1E-6,rand-30,50,20,astral,raxml,0.08695652173913043,0.08695652173913043,
2M,1E-6,rand-30,50,20,astrid,true,0.08695652173913043,0.08695652173913043,
2M,1E-6,rand-30,50,20,astrid,raxml,0.08695652173913043,0.08695652173913043,
2M,1E-6,rand-30,50,20,mpest,true,0.13043478260869565,0.13043478260869565,
2M,1E-6,rand-30,50,20,mpest,raxml,0.21739130434782608,0.21739130434782608,
2M,1E-6,rand-30,50,20,svdquartets,true,0.17391304347826086,0.17391304347826086,
2M,1E-6,rand-30,50,20,astrid-ours,true,0.08695652173913043,0.08695652173913043,True
2M,1E-6,rand-30,50,20,astrid-ours,raxml,0.08695652173913043,0.08695652173913043,True
2M,1E-6,rand-30,200,1,astral,true,0.043478260869565216,0.043478260869565216,
2M,1E-6,rand-30,200,1,astral,raxml,0.08695652173913043,0.08695652173913043,
2M,1E-6,rand-30,200,1,astrid,true,0.043478260869565216,0.043478260869565216,
2M,1E-6,rand-30,200,1,astrid,raxml,0.08695652173913043,0.08695652173913043,
2M,1E-6,rand-30,200,1,mpest,true,0.043478260869565216,0.043478260869565216,
2M,1E-6,rand-30,200,1,mpest,raxml,0.08695652173913043,0.08695652173913043,
2M,1E-6,rand-30,200,1,svdquartets,true,0.17391304347826086,0.17391304347826086,
2M,1E-6,rand-30,200,1,astrid-ours,true,0.043478260869565216,0.043478260869565216,True
2M,1E-6,rand-30,200,1,astrid-ours,raxml,0.08695652173913043,0.08695652173913043,True
2M,1E-6,rand-30,200,2,astral,true,0.043478260869565216,0.043478260869565216,
2M,1E-6,rand-30,200,2,astral,raxml,0.21739130434782608,0.21739130434782608,
2M,1E-6,rand-30,200,2,astrid,true,0.043478260869565216,0.043478260869565216,
2M,1E-6,rand-30,200,2,astrid,raxml,0.17391304347826086,0.17391304347826086,
2M,1E-6,rand-30,200,2,mpest,true,0.043478260869565216,0.043478260869565216,
2M,1E-6,rand-30,200,2,mpest,raxml,0.21739130434782608,0.21739130434782608,
2M,1E-6,rand-30,200,2,svdquartets,true,0.30434782608695654,0.30434782608695654,
2M,1E-6,rand-30,200,2,astrid-ours,true,0.043478260869565216,0.043478260869565216,True
2M,1E-6,rand-30,200,2,astrid-ours,raxml,0.21739130434782608,0.21739130434782608,False
2M,1E-6,rand-30,200,3,astral,true,0.043478260869565216,0.043478260869565216,
2M,1E-6,rand-30,200,3,astral,raxml,0.08695652173913043,0.08695652173913043,
2M,1E-6,rand-30,200,3,astrid,true,0.043478260869565216,0.043478260869565216,
2M,1E-6,rand-30,200,3,astrid,raxml,0.13043478260869565,0.13043478260869565,
2M,1E-6,rand-30,200,3,mpest,true,0.043478260869565216,0.043478260869565216,
2M,1E-6,rand-30,200,3,mpest,raxml,0.17391304347826086,0.17391304347826086,
2M,1E-6,rand-30,200,3,svdquartets,true,0.13043478260869565,0.13043478260869565,
2M,1E-6,rand-30,200,3,astrid-ours,true,0.043478260869565216,0.043478260869565216,True
2M,1E-6,rand-30,200,3,astrid-ours,raxml,0.13043478260869565,0.13043478260869565,True
2M,1E-6,rand-30,200,4,astral,true,0.043478260869565216,0.043478260869565216,
2M,1E-6,rand-30,200,4,astral,raxml,0.043478260869565216,0.043478260869565216,
2M,1E-6,rand-30,200,4,astrid,true,0.043478260869565216,0.043478260869565216,
2M,1E-6,rand-30,200,4,astrid,raxml,0.08695652173913043,0.08695652173913043,
2M,1E-6,rand-30,200,4,mpest,true,0.043478260869565216,0.043478260869565216,
2M,1E-6,rand-30,200,4,mpest,raxml,0.08695652173913043,0.08695652173913043,
2M,1E-6,rand-30,200,4,svdquartets,true,0.13043478260869565,0.13043478260869565,
2M,1E-6,rand-30,200,4,astrid-ours,true,0.043478260869565216,0.043478260869565216,True
2M,1E-6,rand-30,200,4,astrid-ours,raxml,0.08695652173913043,0.08695652173913043,True
2M,1E-6,rand-30,200,5,astral,true,0.08695652173913043,0.08695652173913043,
2M,1E-6,rand-30,200,5,astral,raxml,0.08695652173913043,0.08695652173913043,
2M,1E-6,rand-30,200,5,astrid,true,0.08695652173913043,0.08695652173913043,
2M,1E-6,rand-30,200,5,astrid,raxml,0.13043478260869565,0.13043478260869565,
2M,1E-6,rand-30,200,5,mpest,true,0.13043478260869565,0.13043478260869565,
2M,1E-6,rand-30,200,5,mpest,raxml,0.13043478260869565,0.13043478260869565,
2M,1E-6,rand-30,200,5,svdquartets,true,0.21739130434782608,0.21739130434782608,
2M,1E-6,rand-30,200,5,astrid-ours,true,0.08695652173913043,0.08695652173913043,True
2M,1E-6,rand-30,200,5,astrid-ours,raxml,0.13043478260869565,0.13043478260869565,True
2M,1E-6,rand-30,200,6,astral,true,0.0,0.0,
2M,1E-6,rand-30,200,6,astral,raxml,0.043478260869565216,0.043478260869565216,
2M,1E-6,rand-30,200,6,astrid,true,0.0,0.0,
2M,1E-6,rand-30,200,6,astrid,raxml,0.13043478260869565,0.13043478260869565,
2M,1E-6,rand-30,200,6,mpest,true,0.0,0.0,
2M,1E-6,rand-30,200,6,mpest,raxml,0.13043478260869565,0.13043478260869565,
2M,1E-6,rand-30,200,6,svdquartets,true,0.0,0.0,
2M,1E-6,rand-30,200,6,astrid-ours,true,0.0,0.0,True
2M,1E-6,rand-30,200,6,astrid-ours,raxml,0.13043478260869565,0.13043478260869565,True
2M,1E-6,rand-30,200,7,astral,true,0.0,0.0,
2M,1E-6,rand-30,200,7,astral,raxml,0.08695652173913043,0.08695652173913043,
2M,1E-6,rand-30,200,7,astrid,true,0.0,0.0,
2M,1E-6,rand-30,200,7,astrid,raxml,0.08695652173913043,0.08695652173913043,
2M,1E-6,rand-30,200,7,mpest,true,0.0,0.0,
2M,1E-6,rand-30,200,7,mpest,raxml,0.17391304347826086,0.17391304347826086,
2M,1E-6,rand-30,200,7,svdquartets,true,0.17391304347826086,0.17391304347826086,
2M,1E-6,rand-30,200,7,astrid-ours,true,0.0,0.0,True
2M,1E-6,rand-30,200,7,astrid-ours,raxml,0.08695652173913043,0.08695652173913043,True
2M,1E-6,rand-30,200,8,astral,true,0.08695652173913043,0.08695652173913043,
2M,1E-6,rand-30,200,8,astral,raxml,0.13043478260869565,0.13043478260869565,
2M,1E-6,rand-30,200,8,astrid,true,0.13043478260869565,0.13043478260869565,
2M,1E-6,rand-30,200,8,astrid,raxml,0.17391304347826086,0.17391304347826086,
2M,1E-6,rand-30,200,8,mpest,true,0.17391304347826086,0.17391304347826086,
2M,1E-6,rand-30,200,8,mpest,raxml,0.17391304347826086,0.17391304347826086,
2M,1E-6,rand-30,200,8,svdquartets,true,0.13043478260869565,0.13043478260869565,
2M,1E-6,rand-30,200,8,astrid-ours,true,0.13043478260869565,0.13043478260869565,True
2M,1E-6,rand-30,200,8,astrid-ours,raxml,0.17391304347826086,0.17391304347826086,True
2M,1E-6,rand-30,200,9,astral,true,0.043478260869565216,0.043478260869565216,
2M,1E-6,rand-30,200,9,astral,raxml,0.13043478260869565,0.13043478260869565,
2M,1E-6,rand-30,200,9,astrid,true,0.043478260869565216,0.043478260869565216,
2M,1E-6,rand-30,200,9,astrid,raxml,0.043478260869565216,0.043478260869565216,
2M,1E-6,rand-30,200,9,mpest,true,0.043478260869565216,0.043478260869565216,
2M,1E-6,rand-30,200,9,mpest,raxml,0.2608695652173913,0.2608695652173913,
2M,1E-6,rand-30,200,9,svdquartets,true,0.17391304347826086,0.17391304347826086,
2M,1E-6,rand-30,200,9,astrid-ours,true,0.043478260869565216,0.043478260869565216,True
2M,1E-6,rand-30,200,9,astrid-ours,raxml,0.043478260869565216,0.043478260869565216,True
2M,1E-6,rand-30,200,10,astral,true,0.043478260869565216,0.043478260869565216,
2M,1E-6,rand-30,200,10,astral,raxml,0.0,0.0,
2M,1E-6,rand-30,200,10,astrid,true,0.043478260869565216,0.043478260869565216,
2M,1E-6,rand-30,200,10,astrid,raxml,0.043478260869565216,0.043478260869565216,
2M,1E-6,rand-30,200,10,mpest,true,0.043478260869565216,0.043478260869565216,
2M,1E-6,rand-30,200,10,mpest,raxml,0.043478260869565216,0.043478260869565216,
2M,1E-6,rand-30,200,10,svdquartets,true,0.08695652173913043,0.08695652173913043,
2M,1E-6,rand-30,200,10,astrid-ours,true,0.043478260869565216,0.043478260869565216,True
2M,1E-6,rand-30,200,10,astrid-ours,raxml,0.043478260869565216,0.043478260869565216,True
2M,1E-6,rand-30,200,11,astral,true,0.043478260869565216,0.043478260869565216,
2M,1E-6,rand-30,200,11,astral,raxml,0.17391304347826086,0.17391304347826086,
2M,1E-6,rand-30,200,11,astrid,true,0.08695652173913043,0.08695652173913043,
2M,1E-6,rand-30,200,11,astrid,raxml,0.13043478260869565,0.13043478260869565,
2M,1E-6,rand-30,200,11,mpest,true,0.08695652173913043,0.08695652173913043,
2M,1E-6,rand-30,200,11,mpest,raxml,0.21739130434782608,0.21739130434782608,
2M,1E-6,rand-30,200,11,svdquartets,true,0.13043478260869565,0.13043478260869565,
2M,1E-6,rand-30,200,11,astrid-ours,true,0.08695652173913043,0.08695652173913043,True
2M,1E-6,rand-30,200,11,astrid-ours,raxml,0.13043478260869565,0.13043478260869565,True
2M,1E-6,rand-30,200,12,astral,true,0.043478260869565216,0.043478260869565216,
2M,1E-6,rand-30,200,12,astral,raxml,0.13043478260869565,0.13043478260869565,
2M,1E-6,rand-30,200,12,astrid,true,0.043478260869565216,0.043478260869565216,
2M,1E-6,rand-30,200,12,astrid,raxml,0.13043478260869565,0.13043478260869565,
2M,1E-6,rand-30,200,12,mpest,true,0.043478260869565216,0.043478260869565216,
2M,1E-6,rand-30,200,12,mpest,raxml,0.08695652173913043,0.08695652173913043,
2M,1E-6,rand-30,200,12,svdquartets,true,0.08695652173913043,0.08695652173913043,
2M,1E-6,rand-30,200,12,astrid-ours,true,0.043478260869565216,0.043478260869565216,True
2M,1E-6,rand-30,200,12,astrid-ours,raxml,0.13043478260869565,0.13043478260869565,True
2M,1E-6,rand-30,200,13,astral,true,0.043478260869565216,0.043478260869565216,
2M,1E-6,rand-30,200,13,astral,raxml,0.13043478260869565,0.13043478260869565,
2M,1E-6,rand-30,200,13,astrid,true,0.0,0.0,
2M,1E-6,rand-30,200,13,astrid,raxml,0.13043478260869565,0.13043478260869565,
2M,1E-6,rand-30,200,13,mpest,true,0.043478260869565216,0.043478260869565216,
2M,1E-6,rand-30,200,13,mpest,raxml,0.17391304347826086,0.17391304347826086,
2M,1E-6,rand-30,200,13,svdquartets,true,0.17391304347826086,0.17391304347826086,
2M,1E-6,rand-30,200,13,astrid-ours,true,0.0,0.0,True
2M,1E-6,rand-30,200,13,astrid-ours,raxml,0.13043478260869565,0.13043478260869565,True
2M,1E-6,rand-30,200,14,astral,true,0.043478260869565216,0.043478260869565216,
2M,1E-6,rand-30,200,14,astral,raxml,0.043478260869565216,0.043478260869565216,
2M,1E-6,rand-30,200,14,astrid,true,0.043478260869565216,0.043478260869565216,
2M,1E-6,rand-30,200,14,astrid,raxml,0.043478260869565216,0.043478260869565216,
2M,1E-6,rand-30,200,14,mpest,true,0.0,0.0,
2M,1E-6,rand-30,200,14,mpest,raxml,0.0,0.0,
2M,1E-6,rand-30,200,14,svdquartets,true,0.0,0.0,
2M,1E-6,rand-30,200,14,astrid-ours,true,0.043478260869565216,0.043478260869565216,True
2M,1E-6,rand-30,200,14,astrid-ours,raxml,0.043478260869565216,0.043478260869565216,True
2M,1E-6,rand-30,200,15,astral,true,0.08695652173913043,0.08695652173913043,
2M,1E-6,rand-30,200,15,astral,raxml,0.08695652173913043,0.08695652173913043,
2M,1E-6,rand-30,200,15,astrid,true,0.043478260869565216,0.043478260869565216,
2M,1E-6,rand-30,200,15,astrid,raxml,0.08695652173913043,0.08695652173913043,
2M,1E-6,rand-30,200,15,mpest,true,0.08695652173913043,0.08695652173913043,
2M,1E-6,rand-30,200,15,mpest,raxml,0.17391304347826086,0.17391304347826086,
2M,1E-6,rand-30,200,15,svdquartets,true,0.17391304347826086,0.17391304347826086,
2M,1E-6,rand-30,200,15,astrid-ours,true,0.043478260869565216,0.043478260869565216,True
2M,1E-6,rand-30,200,15,astrid-ours,raxml,0.08695652173913043,0.08695652173913043,True
2M,1E-6,rand-30,200,16,astral,true,0.043478260869565216,0.043478260869565216,
2M,1E-6,rand-30,200,16,astral,raxml,0.043478260869565216,0.043478260869565216,
2M,1E-6,rand-30,200,16,astrid,true,0.0,0.0,
2M,1E-6,rand-30,200,16,astrid,raxml,0.0,0.0,
2M,1E-6,rand-30,200,16,mpest,true,0.0,0.0,
2M,1E-6,rand-30,200,16,mpest,raxml,0.13043478260869565,0.13043478260869565,
2M,1E-6,rand-30,200,16,svdquartets,true,0.08695652173913043,0.08695652173913043,
2M,1E-6,rand-30,200,16,astrid-ours,true,0.0,0.0,True
2M,1E-6,rand-30,200,16,astrid-ours,raxml,0.0,0.0,True
2M,1E-6,rand-30,200,17,astral,true,0.043478260869565216,0.043478260869565216,
2M,1E-6,rand-30,200,17,astral,raxml,0.17391304347826086,0.17391304347826086,
2M,1E-6,rand-30,200,17,astrid,true,0.0,0.0,
2M,1E-6,rand-30,200,17,astrid,raxml,0.13043478260869565,0.13043478260869565,
2M,1E-6,rand-30,200,17,mpest,true,0.08695652173913043,0.08695652173913043,
2M,1E-6,rand-30,200,17,mpest,raxml,0.08695652173913043,0.08695652173913043,
2M,1E-6,rand-30,200,17,svdquartets,true,0.08695652173913043,0.08695652173913043,
2M,1E-6,rand-30,200,17,astrid-ours,true,0.0,0.0,True
2M,1E-6,rand-30,200,17,astrid-ours,raxml,0.13043478260869565,0.13043478260869565,True
2M,1E-6,rand-30,200,18,astral,true,0.043478260869565216,0.043478260869565216,
2M,1E-6,rand-30,200,18,astral,raxml,0.043478260869565216,0.043478260869565216,
2M,1E-6,rand-30,200,18,astrid,true,0.043478260869565216,0.043478260869565216,
2M,1E-6,rand-30,200,18,astrid,raxml,0.0,0.0,
2M,1E-6,rand-30,200,18,mpest,true,0.043478260869565216,0.043478260869565216,
2M,1E-6,rand-30,200,18,mpest,raxml,0.0,0.0,
2M,1E-6,rand-30,200,18,svdquartets,true,0.043478260869565216,0.043478260869565216,
2M,1E-6,rand-30,200,18,astrid-ours,true,0.043478260869565216,0.043478260869565216,True
2M,1E-6,rand-30,200,18,astrid-ours,raxml,0.0,0.0,True
2M,1E-6,rand-30,200,19,astral,true,0.043478260869565216,0.043478260869565216,
2M,1E-6,rand-30,200,19,astral,raxml,0.043478260869565216,0.043478260869565216,
2M,1E-6,rand-30,200,19,astrid,true,0.0,0.0,
2M,1E-6,rand-30,200,19,astrid,raxml,0.08695652173913043,0.08695652173913043,
2M,1E-6,rand-30,200,19,mpest,true,0.043478260869565216,0.043478260869565216,
2M,1E-6,rand-30,200,19,mpest,raxml,0.043478260869565216,0.043478260869565216,
2M,1E-6,rand-30,200,19,svdquartets,true,0.043478260869565216,0.043478260869565216,
2M,1E-6,rand-30,200,19,astrid-ours,true,0.0,0.0,True
2M,1E-6,rand-30,200,19,astrid-ours,raxml,0.08695652173913043,0.08695652173913043,True
2M,1E-6,rand-30,200,20,astral,true,0.043478260869565216,0.043478260869565216,
2M,1E-6,rand-30,200,20,astral,raxml,0.08695652173913043,0.08695652173913043,
2M,1E-6,rand-30,200,20,astrid,true,0.043478260869565216,0.043478260869565216,
2M,1E-6,rand-30,200,20,astrid,raxml,0.08695652173913043,0.08695652173913043,
2M,1E-6,rand-30,200,20,mpest,true,0.043478260869565216,0.043478260869565216,
2M,1E-6,rand-30,200,20,mpest,raxml,0.17391304347826086,0.17391304347826086,
2M,1E-6,rand-30,200,20,svdquartets,true,0.08695652173913043,0.08695652173913043,
2M,1E-6,rand-30,200,20,astrid-ours,true,0.043478260869565216,0.043478260869565216,True
2M,1E-6,rand-30,200,20,astrid-ours,raxml,0.08695652173913043,0.08695652173913043,True
2M,1E-6,rand-30,1000,1,astral,true,0.043478260869565216,0.043478260869565216,
2M,1E-6,rand-30,1000,1,astral,raxml,0.08695652173913043,0.08695652173913043,
2M,1E-6,rand-30,1000,1,astrid,true,0.043478260869565216,0.043478260869565216,
2M,1E-6,rand-30,1000,1,astrid,raxml,0.043478260869565216,0.043478260869565216,
2M,1E-6,rand-30,1000,1,mpest,true,0.043478260869565216,0.043478260869565216,
2M,1E-6,rand-30,1000,1,mpest,raxml,0.08695652173913043,0.08695652173913043,
2M,1E-6,rand-30,1000,1,svdquartets,true,0.08695652173913043,0.08695652173913043,
2M,1E-6,rand-30,1000,1,astrid-ours,true,0.043478260869565216,0.043478260869565216,True
2M,1E-6,rand-30,1000,1,astrid-ours,raxml,0.043478260869565216,0.043478260869565216,True
2M,1E-6,rand-30,1000,2,astral,true,0.0,0.0,
2M,1E-6,rand-30,1000,2,astral,raxml,0.043478260869565216,0.043478260869565216,
2M,1E-6,rand-30,1000,2,astrid,true,0.043478260869565216,0.043478260869565216,
2M,1E-6,rand-30,1000,2,astrid,raxml,0.0,0.0,
2M,1E-6,rand-30,1000,2,mpest,true,0.0,0.0,
2M,1E-6,rand-30,1000,2,mpest,raxml,0.043478260869565216,0.043478260869565216,
2M,1E-6,rand-30,1000,2,svdquartets,true,0.043478260869565216,0.043478260869565216,
2M,1E-6,rand-30,1000,2,astrid-ours,true,0.043478260869565216,0.043478260869565216,True
2M,1E-6,rand-30,1000,2,astrid-ours,raxml,0.0,0.0,True
2M,1E-6,rand-30,1000,3,astral,true,0.043478260869565216,0.043478260869565216,
2M,1E-6,rand-30,1000,3,astral,raxml,0.08695652173913043,0.08695652173913043,
2M,1E-6,rand-30,1000,3,astrid,true,0.043478260869565216,0.043478260869565216,
2M,1E-6,rand-30,1000,3,astrid,raxml,0.08695652173913043,0.08695652173913043,
2M,1E-6,rand-30,1000,3,mpest,true,0.043478260869565216,0.043478260869565216,
2M,1E-6,rand-30,1000,3,mpest,raxml,0.08695652173913043,0.08695652173913043,
2M,1E-6,rand-30,1000,3,svdquartets,true,0.0,0.0,
2M,1E-6,rand-30,1000,3,astrid-ours,true,0.043478260869565216,0.043478260869565216,True
2M,1E-6,rand-30,1000,3,astrid-ours,raxml,0.08695652173913043,0.08695652173913043,True
2M,1E-6,rand-30,1000,4,astral,true,0.043478260869565216,0.043478260869565216,
2M,1E-6,rand-30,1000,4,astral,raxml,0.08695652173913043,0.08695652173913043,
2M,1E-6,rand-30,1000,4,astrid,true,0.043478260869565216,0.043478260869565216,
2M,1E-6,rand-30,1000,4,astrid,raxml,0.08695652173913043,0.08695652173913043,
2M,1E-6,rand-30,1000,4,mpest,true,0.08695652173913043,0.08695652173913043,
2M,1E-6,rand-30,1000,4,mpest,raxml,0.043478260869565216,0.043478260869565216,
2M,1E-6,rand-30,1000,4,svdquartets,true,0.08695652173913043,0.08695652173913043,
2M,1E-6,rand-30,1000,4,astrid-ours,true,0.043478260869565216,0.043478260869565216,True
2M,1E-6,rand-30,1000,4,astrid-ours,raxml,0.08695652173913043,0.08695652173913043,True
2M,1E-6,rand-30,1000,5,astral,true,0.043478260869565216,0.043478260869565216,
2M,1E-6,rand-30,1000,5,astral,raxml,0.08695652173913043,0.08695652173913043,
2M,1E-6,rand-30,1000,5,astrid,true,0.043478260869565216,0.043478260869565216,
2M,1E-6,rand-30,1000,5,astrid,raxml,0.08695652173913043,0.08695652173913043,
2M,1E-6,rand-30,1000,5,mpest,true,0.043478260869565216,0.043478260869565216,
2M,1E-6,rand-30,1000,5,mpest,raxml,0.08695652173913043,0.08695652173913043,
2M,1E-6,rand-30,1000,5,svdquartets,true,0.17391304347826086,0.17391304347826086,
2M,1E-6,rand-30,1000,5,astrid-ours,true,0.043478260869565216,0.043478260869565216,True
2M,1E-6,rand-30,1000,5,astrid-ours,raxml,0.08695652173913043,0.08695652173913043,True
2M,1E-6,rand-30,1000,6,astral,true,0.0,0.0,
2M,1E-6,rand-30,1000,6,astral,raxml,0.0,0.0,
2M,1E-6,rand-30,1000,6,astrid,true,0.0,0.0,
2M,1E-6,rand-30,1000,6,astrid,raxml,0.0,0.0,
2M,1E-6,rand-30,1000,6,mpest,true,0.0,0.0,
2M,1E-6,rand-30,1000,6,mpest,raxml,0.043478260869565216,0.043478260869565216,
2M,1E-6,rand-30,1000,6,svdquartets,true,0.043478260869565216,0.043478260869565216,
2M,1E-6,rand-30,1000,6,astrid-ours,true,0.0,0.0,True
2M,1E-6,rand-30,1000,6,astrid-ours,raxml,0.0,0.0,True
2M,1E-6,rand-30,1000,7,astral,true,0.0,0.0,
2M,1E-6,rand-30,1000,7,astral,raxml,0.043478260869565216,0.043478260869565216,
2M,1E-6,rand-30,1000,7,astrid,true,0.043478260869565216,0.043478260869565216,
2M,1E-6,rand-30,1000,7,astrid,raxml,0.043478260869565216,0.043478260869565216,
2M,1E-6,rand-30,1000,7,mpest,true,0.0,0.0,
2M,1E-6,rand-30,1000,7,mpest,raxml,0.08695652173913043,0.08695652173913043,
2M,1E-6,rand-30,1000,7,svdquartets,true,0.13043478260869565,0.13043478260869565,
2M,1E-6,rand-30,1000,7,astrid-ours,true,0.043478260869565216,0.043478260869565216,True
2M,1E-6,rand-30,1000,7,astrid-ours,raxml,0.043478260869565216,0.043478260869565216,True
2M,1E-6,rand-30,1000,8,astral,true,0.08695652173913043,0.08695652173913043,
2M,1E-6,rand-30,1000,8,astral,raxml,0.08695652173913043,0.08695652173913043,
2M,1E-6,rand-30,1000,8,astrid,true,0.08695652173913043,0.08695652173913043,
2M,1E-6,rand-30,1000,8,astrid,raxml,0.043478260869565216,0.043478260869565216,
2M,1E-6,rand-30,1000,8,mpest,true,0.08695652173913043,0.08695652173913043,
2M,1E-6,rand-30,1000,8,mpest,raxml,0.08695652173913043,0.08695652173913043,
2M,1E-6,rand-30,1000,8,svdquartets,true,0.043478260869565216,0.043478260869565216,
2M,1E-6,rand-30,1000,8,astrid-ours,true,0.08695652173913043,0.08695652173913043,True
2M,1E-6,rand-30,1000,8,astrid-ours,raxml,0.043478260869565216,0.043478260869565216,True
2M,1E-6,rand-30,1000,9,astral,true,0.0,0.0,
2M,1E-6,rand-30,1000,9,astral,raxml,0.0,0.0,
2M,1E-6,rand-30,1000,9,astrid,true,0.0,0.0,
2M,1E-6,rand-30,1000,9,astrid,raxml,0.0,0.0,
2M,1E-6,rand-30,1000,9,mpest,true,0.0,0.0,
2M,1E-6,rand-30,1000,9,mpest,raxml,0.21739130434782608,0.21739130434782608,
2M,1E-6,rand-30,1000,9,svdquartets,true,0.17391304347826086,0.17391304347826086,
2M,1E-6,rand-30,1000,9,astrid-ours,true,0.0,0.0,True
2M,1E-6,rand-30,1000,9,astrid-ours,raxml,0.0,0.0,True
2M,1E-6,rand-30,1000,10,astral,true,0.043478260869565216,0.043478260869565216,
2M,1E-6,rand-30,1000,10,astral,raxml,0.0,0.0,
2M,1E-6,rand-30,1000,10,astrid,true,0.043478260869565216,0.043478260869565216,
2M,1E-6,rand-30,1000,10,astrid,raxml,0.0,0.0,
2M,1E-6,rand-30,1000,10,mpest,true,0.043478260869565216,0.043478260869565216,
2M,1E-6,rand-30,1000,10,mpest,raxml,0.0,0.0,
2M,1E-6,rand-30,1000,10,svdquartets,true,0.043478260869565216,0.043478260869565216,
2M,1E-6,rand-30,1000,10,astrid-ours,true,0.043478260869565216,0.043478260869565216,True
2M,1E-6,rand-30,1000,10,astrid-ours,raxml,0.0,0.0,True
2M,1E-6,rand-30,1000,11,astral,true,0.0,0.0,
2M,1E-6,rand-30,1000,11,astral,raxml,0.043478260869565216,0.043478260869565216,
2M,1E-6,rand-30,1000,11,astrid,true,0.0,0.0,
2M,1E-6,rand-30,1000,11,astrid,raxml,0.043478260869565216,0.043478260869565216,
2M,1E-6,rand-30,1000,11,mpest,true,0.043478260869565216,0.043478260869565216,
2M,1E-6,rand-30,1000,11,mpest,raxml,0.08695652173913043,0.08695652173913043,
2M,1E-6,rand-30,1000,11,svdquartets,true,0.13043478260869565,0.13043478260869565,
2M,1E-6,rand-30,1000,11,astrid-ours,true,0.0,0.0,True
2M,1E-6,rand-30,1000,11,astrid-ours,raxml,0.043478260869565216,0.043478260869565216,True
2M,1E-6,rand-30,1000,12,astral,true,0.0,0.0,
2M,1E-6,rand-30,1000,12,astral,raxml,0.043478260869565216,0.043478260869565216,
2M,1E-6,rand-30,1000,12,astrid,true,0.0,0.0,
2M,1E-6,rand-30,1000,12,astrid,raxml,0.043478260869565216,0.043478260869565216,
2M,1E-6,rand-30,1000,12,mpest,true,0.0,0.0,
2M,1E-6,rand-30,1000,12,mpest,raxml,0.043478260869565216,0.043478260869565216,
2M,1E-6,rand-30,1000,12,svdquartets,true,0.0,0.0,
2M,1E-6,rand-30,1000,12,astrid-ours,true,0.0,0.0,True
2M,1E-6,rand-30,1000,12,astrid-ours,raxml,0.043478260869565216,0.043478260869565216,True
2M,1E-6,rand-30,1000,13,astral,true,0.0,0.0,
2M,1E-6,rand-30,1000,13,astral,raxml,0.0,0.0,
2M,1E-6,rand-30,1000,13,astrid,true,0.0,0.0,
2M,1E-6,rand-30,1000,13,astrid,raxml,0.0,0.0,
2M,1E-6,rand-30,1000,13,mpest,true,0.0,0.0,
2M,1E-6,rand-30,1000,13,mpest,raxml,0.043478260869565216,0.043478260869565216,
2M,1E-6,rand-30,1000,13,svdquartets,true,0.043478260869565216,0.043478260869565216,
2M,1E-6,rand-30,1000,13,astrid-ours,true,0.0,0.0,True
2M,1E-6,rand-30,1000,13,astrid-ours,raxml,0.0,0.0,True
2M,1E-6,rand-30,1000,14,astral,true,0.043478260869565216,0.043478260869565216,
2M,1E-6,rand-30,1000,14,astral,raxml,0.043478260869565216,0.043478260869565216,
2M,1E-6,rand-30,1000,14,astrid,true,0.043478260869565216,0.043478260869565216,
2M,1E-6,rand-30,1000,14,astrid,raxml,0.0,0.0,
2M,1E-6,rand-30,1000,14,mpest,true,0.0,0.0,
2M,1E-6,rand-30,1000,14,mpest,raxml,0.043478260869565216,0.043478260869565216,
2M,1E-6,rand-30,1000,14,svdquartets,true,0.0,0.0,
2M,1E-6,rand-30,1000,14,astrid-ours,true,0.043478260869565216,0.043478260869565216,True
2M,1E-6,rand-30,1000,14,astrid-ours,raxml,0.0,0.0,True
2M,1E-6,rand-30,1000,15,astral,true,0.0,0.0,
2M,1E-6,rand-30,1000,15,astral,raxml,0.0,0.0,
2M,1E-6,rand-30,1000,15,astrid,true,0.0,0.0,
2M,1E-6,rand-30,1000,15,astrid,raxml,0.0,0.0,
2M,1E-6,rand-30,1000,15,mpest,true,0.0,0.0,
2M,1E-6,rand-30,1000,15,mpest,raxml,0.08695652173913043,0.08695652173913043,
2M,1E-6,rand-30,1000,15,svdquartets,true,0.08695652173913043,0.08695652173913043,
2M,1E-6,rand-30,1000,15,astrid-ours,true,0.0,0.0,True
2M,1E-6,rand-30,1000,15,astrid-ours,raxml,0.0,0.0,True
2M,1E-6,rand-30,1000,16,astral,true,0.043478260869565216,0.043478260869565216,
2M,1E-6,rand-30,1000,16,astral,raxml,0.043478260869565216,0.043478260869565216,
2M,1E-6,rand-30,1000,16,astrid,true,0.043478260869565216,0.043478260869565216,
2M,1E-6,rand-30,1000,16,astrid,raxml,0.043478260869565216,0.043478260869565216,
2M,1E-6,rand-30,1000,16,mpest,true,0.043478260869565216,0.043478260869565216,
2M,1E-6,rand-30,1000,16,mpest,raxml,0.13043478260869565,0.13043478260869565,
2M,1E-6,rand-30,1000,16,svdquartets,true,0.08695652173913043,0.08695652173913043,
2M,1E-6,rand-30,1000,16,astrid-ours,true,0.043478260869565216,0.043478260869565216,True
2M,1E-6,rand-30,1000,16,astrid-ours,raxml,0.043478260869565216,0.043478260869565216,True
2M,1E-6,rand-30,1000,17,astral,true,0.0,0.0,
2M,1E-6,rand-30,1000,17,astral,raxml,0.0,0.0,
2M,1E-6,rand-30,1000,17,astrid,true,0.0,0.0,
2M,1E-6,rand-30,1000,17,astrid,raxml,0.0,0.0,
2M,1E-6,rand-30,1000,17,mpest,true,0.0,0.0,
2M,1E-6,rand-30,1000,17,mpest,raxml,0.0,0.0,
2M,1E-6,rand-30,1000,17,svdquartets,true,0.0,0.0,
2M,1E-6,rand-30,1000,17,astrid-ours,true,0.0,0.0,True
2M,1E-6,rand-30,1000,17,astrid-ours,raxml,0.0,0.0,True
2M,1E-6,rand-30,1000,18,astral,true,0.043478260869565216,0.043478260869565216,
2M,1E-6,rand-30,1000,18,astral,raxml,0.0,0.0,
2M,1E-6,rand-30,1000,18,astrid,true,0.0,0.0,
2M,1E-6,rand-30,1000,18,astrid,raxml,0.0,0.0,
2M,1E-6,rand-30,1000,18,mpest,true,0.043478260869565216,0.043478260869565216,
2M,1E-6,rand-30,1000,18,mpest,raxml,0.0,0.0,
2M,1E-6,rand-30,1000,18,svdquartets,true,0.0,0.0,
2M,1E-6,rand-30,1000,18,astrid-ours,true,0.0,0.0,True
2M,1E-6,rand-30,1000,18,astrid-ours,raxml,0.0,0.0,True
2M,1E-6,rand-30,1000,19,astral,true,0.0,0.0,
2M,1E-6,rand-30,1000,19,astral,raxml,0.0,0.0,
2M,1E-6,rand-30,1000,19,astrid,true,0.0,0.0,
2M,1E-6,rand-30,1000,19,astrid,raxml,0.0,0.0,
2M,1E-6,rand-30,1000,19,mpest,true,0.0,0.0,
2M,1E-6,rand-30,1000,19,mpest,raxml,0.043478260869565216,0.043478260869565216,
2M,1E-6,rand-30,1000,19,svdquartets,true,0.043478260869565216,0.043478260869565216,
2M,1E-6,rand-30,1000,19,astrid-ours,true,0.0,0.0,True
2M,1E-6,rand-30,1000,19,astrid-ours,raxml,0.0,0.0,True
2M,1E-6,rand-30,1000,20,astral,true,0.043478260869565216,0.043478260869565216,
2M,1E-6,rand-30,1000,20,astral,raxml,0.043478260869565216,0.043478260869565216,
2M,1E-6,rand-30,1000,20,astrid,true,0.043478260869565216,0.043478260869565216,
2M,1E-6,rand-30,1000,20,astrid,raxml,0.043478260869565216,0.043478260869565216,
2M,1E-6,rand-30,1000,20,mpest,true,0.043478260869565216,0.043478260869565216,
2M,1E-6,rand-30,1000,20,mpest,raxml,0.13043478260869565,0.13043478260869565,
2M,1E-6,rand-30,1000,20,svdquartets,true,0.0,0.0,
2M,1E-6,rand-30,1000,20,astrid-ours,true,0.043478260869565216,0.043478260869565216,True
2M,1E-6,rand-30,1000,20,astrid-ours,raxml,0.043478260869565216,0.043478260869565216,True
2M,1E-6,rand-60,50,1,astral,true,0.08695652173913043,0.08695652173913043,
2M,1E-6,rand-60,50,1,astral,raxml,0.30434782608695654,0.30434782608695654,
2M,1E-6,rand-60,50,1,astrid,true,0.17391304347826086,0.17391304347826086,
2M,1E-6,rand-60,50,1,astrid,raxml,0.2608695652173913,0.2608695652173913,
2M,1E-6,rand-60,50,1,mpest,true,0.13043478260869565,0.13043478260869565,
2M,1E-6,rand-60,50,1,mpest,raxml,0.43478260869565216,0.43478260869565216,
2M,1E-6,rand-60,50,1,svdquartets,true,0.2608695652173913,0.2608695652173913,
2M,1E-6,rand-60,50,1,astrid-ours,true,0.21739130434782608,0.21739130434782608,False
2M,1E-6,rand-60,50,1,astrid-ours,raxml,0.2608695652173913,0.2608695652173913,True
2M,1E-6,rand-60,50,2,astral,true,0.34782608695652173,0.34782608695652173,
2M,1E-6,rand-60,50,2,astral,raxml,0.2608695652173913,0.2608695652173913,
2M,1E-6,rand-60,50,2,astrid,true,0.21739130434782608,0.21739130434782608,
2M,1E-6,rand-60,50,2,astrid,raxml,0.34782608695652173,0.34782608695652173,
2M,1E-6,rand-60,50,2,mpest,true,0.30434782608695654,0.30434782608695654,
2M,1E-6,rand-60,50,2,mpest,raxml,0.30434782608695654,0.30434782608695654,
2M,1E-6,rand-60,50,2,svdquartets,true,0.5652173913043478,0.4782608695652174,
2M,1E-6,rand-60,50,2,astrid-ours,true,0.21739130434782608,0.21739130434782608,True
2M,1E-6,rand-60,50,2,astrid-ours,raxml,0.34782608695652173,0.34782608695652173,True
2M,1E-6,rand-60,50,3,astral,true,0.17391304347826086,0.17391304347826086,
2M,1E-6,rand-60,50,3,astral,raxml,0.391304347826087,0.391304347826087,
2M,1E-6,rand-60,50,3,astrid,true,0.13043478260869565,0.13043478260869565,
2M,1E-6,rand-60,50,3,astrid,raxml,0.34782608695652173,0.34782608695652173,
2M,1E-6,rand-60,50,3,mpest,true,0.08695652173913043,0.08695652173913043,
2M,1E-6,rand-60,50,3,mpest,raxml,0.391304347826087,0.391304347826087,
2M,1E-6,rand-60,50,3,svdquartets,true,0.34782608695652173,0.34782608695652173,
2M,1E-6,rand-60,50,3,astrid-ours,true,0.13043478260869565,0.13043478260869565,True
2M,1E-6,rand-60,50,3,astrid-ours,raxml,0.34782608695652173,0.34782608695652173,True
2M,1E-6,rand-60,50,4,astral,true,0.08695652173913043,0.08695652173913043,
2M,1E-6,rand-60,50,4,astral,raxml,0.34782608695652173,0.34782608695652173,
2M,1E-6,rand-60,50,4,astrid,true,0.13043478260869565,0.13043478260869565,
2M,1E-6,rand-60,50,4,astrid,raxml,0.30434782608695654,0.30434782608695654,
2M,1E-6,rand-60,50,4,mpest,true,0.08695652173913043,0.08695652173913043,
2M,1E-6,rand-60,50,4,mpest,raxml,0.34782608695652173,0.34782608695652173,
2M,1E-6,rand-60,50,4,svdquartets,true,0.43478260869565216,0.43478260869565216,
2M,1E-6,rand-60,50,4,astrid-ours,true,0.13043478260869565,0.13043478260869565,True
2M,1E-6,rand-60,50,4,astrid-ours,raxml,0.21739130434782608,0.21739130434782608,False
2M,1E-6,rand-60,50,5,astral,true,0.21739130434782608,0.21739130434782608,
2M,1E-6,rand-60,50,5,astral,raxml,0.30434782608695654,0.30434782608695654,
2M,1E-6,rand-60,50,5,astrid,true,0.30434782608695654,0.30434782608695654,
2M,1E-6,rand-60,50,5,astrid,raxml,0.2608695652173913,0.2608695652173913,
2M,1E-6,rand-60,50,5,mpest,true,0.17391304347826086,0.17391304347826086,
2M,1E-6,rand-60,50,5,mpest,raxml,0.391304347826087,0.391304347826087,
2M,1E-6,rand-60,50,5,svdquartets,true,0.43478260869565216,0.43478260869565216,
2M,1E-6,rand-60,50,5,astrid-ours,true,0.30434782608695654,0.30434782608695654,True
2M,1E-6,rand-60,50,5,astrid-ours,raxml,0.30434782608695654,0.30434782608695654,False
2M,1E-6,rand-60,50,6,astral,true,0.13043478260869565,0.13043478260869565,
2M,1E-6,rand-60,50,6,astral,raxml,0.30434782608695654,0.30434782608695654,
2M,1E-6,rand-60,50,6,astrid,true,0.08695652173913043,0.08695652173913043,
2M,1E-6,rand-60,50,6,astrid,raxml,0.2608695652173913,0.2608695652173913,
2M,1E-6,rand-60,50,6,mpest,true,0.08695652173913043,0.08695652173913043,
2M,1E-6,rand-60,50,6,mpest,raxml,0.43478260869565216,0.43478260869565216,
2M,1E-6,rand-60,50,6,svdquartets,true,0.43478260869565216,0.43478260869565216,
2M,1E-6,rand-60,50,6,astrid-ours,true,0.08695652173913043,0.08695652173913043,True
2M,1E-6,rand-60,50,6,astrid-ours,raxml,0.2608695652173913,0.2608695652173913,True
2M,1E-6,rand-60,50,7,astral,true,0.13043478260869565,0.13043478260869565,
2M,1E-6,rand-60,50,7,astral,raxml,0.21739130434782608,0.21739130434782608,
2M,1E-6,rand-60,50,7,astrid,true,0.43478260869565216,0.43478260869565216,
2M,1E-6,rand-60,50,7,astrid,raxml,0.5217391304347826,0.5217391304347826,
2M,1E-6,rand-60,50,7,mpest,true,0.21739130434782608,0.21739130434782608,
2M,1E-6,rand-60,50,7,mpest,raxml,0.391304347826087,0.391304347826087,
2M,1E-6,rand-60,50,7,svdquartets,true,0.43478260869565216,0.391304347826087,
2M,1E-6,rand-60,50,7,astrid-ours,true,0.2608695652173913,0.2608695652173913,False
2M,1E-6,rand-60,50,7,astrid-ours,raxml,0.34782608695652173,0.34782608695652173,False
2M,1E-6,rand-60,50,8,astral,true,0.08695652173913043,0.08695652173913043,
2M,1E-6,rand-60,50,8,astral,raxml,0.17391304347826086,0.17391304347826086,
2M,1E-6,rand-60,50,8,astrid,true,0.13043478260869565,0.13043478260869565,
2M,1E-6,rand-60,50,8,astrid,raxml,0.17391304347826086,0.17391304347826086,
2M,1E-6,rand-60,50,8,mpest,true,0.21739130434782608,0.21739130434782608,
2M,1E-6,rand-60,50,8,mpest,raxml,0.17391304347826086,0.17391304347826086,
2M,1E-6,rand-60,50,8,svdquartets,true,0.34782608695652173,0.34782608695652173,
2M,1E-6,rand-60,50,8,astrid-ours,true,0.13043478260869565,0.13043478260869565,True
2M,1E-6,rand-60,50,8,astrid-ours,raxml,0.17391304347826086,0.17391304347826086,True
2M,1E-6,rand-60,50,9,astral,true,0.13043478260869565,0.13043478260869565,
2M,1E-6,rand-60,50,9,astral,raxml,0.30434782608695654,0.30434782608695654,
2M,1E-6,rand-60,50,9,astrid,true,0.34782608695652173,0.34782608695652173,
2M,1E-6,rand-60,50,9,astrid,raxml,0.391304347826087,0.391304347826087,
2M,1E-6,rand-60,50,9,mpest,true,0.13043478260869565,0.13043478260869565,
2M,1E-6,rand-60,50,9,mpest,raxml,0.391304347826087,0.391304347826087,
2M,1E-6,rand-60,50,9,svdquartets,true,0.5652173913043478,0.5652173913043478,
2M,1E-6,rand-60,50,9,astrid-ours,true,0.043478260869565216,0.043478260869565216,False
2M,1E-6,rand-60,50,9,astrid-ours,raxml,0.2608695652173913,0.2608695652173913,False
2M,1E-6,rand-60,50,10,astral,true,0.2608695652173913,0.2608695652173913,
2M,1E-6,rand-60,50,10,astral,raxml,0.21739130434782608,0.21739130434782608,
2M,1E-6,rand-60,50,10,astrid,true,0.21739130434782608,0.21739130434782608,
2M,1E-6,rand-60,50,10,astrid,raxml,0.43478260869565216,0.43478260869565216,
2M,1E-6,rand-60,50,10,mpest,true,0.17391304347826086,0.17391304347826086,
2M,1E-6,rand-60,50,10,mpest,raxml,0.2608695652173913,0.2608695652173913,
2M,1E-6,rand-60,50,10,svdquartets,true,0.13043478260869565,0.13043478260869565,
2M,1E-6,rand-60,50,10,astrid-ours,true,0.30434782608695654,0.30434782608695654,False
2M,1E-6,rand-60,50,10,astrid-ours,raxml,0.43478260869565216,0.43478260869565216,False
2M,1E-6,rand-60,50,11,astral,true,0.08695652173913043,0.08695652173913043,
2M,1E-6,rand-60,50,11,astral,raxml,0.34782608695652173,0.34782608695652173,
2M,1E-6,rand-60,50,11,astrid,true,0.13043478260869565,0.13043478260869565,
2M,1E-6,rand-60,50,11,astrid,raxml,0.30434782608695654,0.30434782608695654,
2M,1E-6,rand-60,50,11,mpest,true,0.043478260869565216,0.043478260869565216,
2M,1E-6,rand-60,50,11,mpest,raxml,0.6086956521739131,0.6086956521739131,
2M,1E-6,rand-60,50,11,svdquartets,true,0.7391304347826086,0.6086956521739131,
2M,1E-6,rand-60,50,11,astrid-ours,true,0.13043478260869565,0.13043478260869565,True
2M,1E-6,rand-60,50,11,astrid-ours,raxml,0.34782608695652173,0.34782608695652173,False
2M,1E-6,rand-60,50,12,astral,true,0.08695652173913043,0.08695652173913043,
2M,1E-6,rand-60,50,12,astral,raxml,0.21739130434782608,0.21739130434782608,
2M,1E-6,rand-60,50,12,astrid,true,0.13043478260869565,0.13043478260869565,
2M,1E-6,rand-60,50,12,astrid,raxml,0.2608695652173913,0.2608695652173913,
2M,1E-6,rand-60,50,12,mpest,true,0.08695652173913043,0.08695652173913043,
2M,1E-6,rand-60,50,12,mpest,raxml,0.30434782608695654,0.30434782608695654,
2M,1E-6,rand-60,50,12,svdquartets,true,0.391304347826087,0.391304347826087,
2M,1E-6,rand-60,50,12,astrid-ours,true,0.13043478260869565,0.13043478260869565,True
2M,1E-6,rand-60,50,12,astrid-ours,raxml,0.30434782608695654,0.30434782608695654,False
2M,1E-6,rand-60,50,13,astral,true,0.13043478260869565,0.13043478260869565,
2M,1E-6,rand-60,50,13,astral,raxml,0.21739130434782608,0.21739130434782608,
2M,1E-6,rand-60,50,13,astrid,true,0.30434782608695654,0.30434782608695654,
2M,1E-6,rand-60,50,13,astrid,raxml,0.34782608695652173,0.34782608695652173,
2M,1E-6,rand-60,50,13,mpest,true,0.21739130434782608,0.21739130434782608,
2M,1E-6,rand-60,50,13,mpest,raxml,0.4782608695652174,0.4782608695652174,
2M,1E-6,rand-60,50,13,svdquartets,true,0.34782608695652173,0.30434782608695654,
2M,1E-6,rand-60,50,13,astrid-ours,true,0.30434782608695654,0.30434782608695654,True
2M,1E-6,rand-60,50,13,astrid-ours,raxml,0.34782608695652173,0.34782608695652173,True
2M,1E-6,rand-60,50,14,astral,true,0.043478260869565216,0.043478260869565216,
2M,1E-6,rand-60,50,14,astral,raxml,0.13043478260869565,0.13043478260869565,
2M,1E-6,rand-60,50,14,astrid,true,0.17391304347826086,0.17391304347826086,
2M,1E-6,rand-60,50,14,astrid,raxml,0.08695652173913043,0.08695652173913043,
2M,1E-6,rand-60,50,14,mpest,true,0.13043478260869565,0.13043478260869565,
2M,1E-6,rand-60,50,14,mpest,raxml,0.13043478260869565,0.13043478260869565,
2M,1E-6,rand-60,50,14,svdquartets,true,0.043478260869565216,0.043478260869565216,
2M,1E-6,rand-60,50,14,astrid-ours,true,0.17391304347826086,0.17391304347826086,True
2M,1E-6,rand-60,50,14,astrid-ours,raxml,0.08695652173913043,0.08695652173913043,True
2M,1E-6,rand-60,50,15,astral,true,0.17391304347826086,0.17391304347826086,
2M,1E-6,rand-60,50,15,astral,raxml,0.2608695652173913,0.2608695652173913,
2M,1E-6,rand-60,50,15,astrid,true,0.17391304347826086,0.17391304347826086,
2M,1E-6,rand-60,50,15,astrid,raxml,0.2608695652173913,0.2608695652173913,
2M,1E-6,rand-60,50,15,mpest,true,0.17391304347826086,0.17391304347826086,
2M,1E-6,rand-60,50,15,mpest,raxml,0.2608695652173913,0.2608695652173913,
2M,1E-6,rand-60,50,15,svdquartets,true,0.34782608695652173,0.34782608695652173,
2M,1E-6,rand-60,50,15,astrid-ours,true,0.17391304347826086,0.17391304347826086,True
2M,1E-6,rand-60,50,15,astrid-ours,raxml,0.2608695652173913,0.2608695652173913,True
2M,1E-6,rand-60,50,16,astral,true,0.08695652173913043,0.08695652173913043,
2M,1E-6,rand-60,50,16,astral,raxml,0.13043478260869565,0.13043478260869565,
2M,1E-6,rand-60,50,16,astrid,true,0.043478260869565216,0.043478260869565216,
2M,1E-6,rand-60,50,16,astrid,raxml,0.08695652173913043,0.08695652173913043,
2M,1E-6,rand-60,50,16,mpest,true,0.043478260869565216,0.043478260869565216,
2M,1E-6,rand-60,50,16,mpest,raxml,0.2608695652173913,0.2608695652173913,
2M,1E-6,rand-60,50,16,svdquartets,true,0.34782608695652173,0.34782608695652173,
2M,1E-6,rand-60,50,16,astrid-ours,true,0.043478260869565216,0.043478260869565216,True
2M,1E-6,rand-60,50,16,astrid-ours,raxml,0.08695652173913043,0.08695652173913043,True
2M,1E-6,rand-60,50,17,astral,true,0.17391304347826086,0.17391304347826086,
2M,1E-6,rand-60,50,17,astral,raxml,0.34782608695652173,0.34782608695652173,
2M,1E-6,rand-60,50,17,astrid,true,0.17391304347826086,0.17391304347826086,
2M,1E-6,rand-60,50,17,astrid,raxml,0.2608695652173913,0.2608695652173913,
2M,1E-6,rand-60,50,17,mpest,true,0.17391304347826086,0.17391304347826086,
2M,1E-6,rand-60,50,17,mpest,raxml,0.2608695652173913,0.2608695652173913,
2M,1E-6,rand-60,50,17,svdquartets,true,0.2608695652173913,0.2608695652173913,
2M,1E-6,rand-60,50,17,astrid-ours,true,0.21739130434782608,0.21739130434782608,False
2M,1E-6,rand-60,50,17,astrid-ours,raxml,0.30434782608695654,0.30434782608695654,False
2M,1E-6,rand-60,50,18,astral,true,0.21739130434782608,0.21739130434782608,
2M,1E-6,rand-60,50,18,astral,raxml,0.17391304347826086,0.17391304347826086,
2M,1E-6,rand-60,50,18,astrid,true,0.13043478260869565,0.13043478260869565,
2M,1E-6,rand-60,50,18,astrid,raxml,0.30434782608695654,0.30434782608695654,
2M,1E-6,rand-60,50,18,mpest,true,0.13043478260869565,0.13043478260869565,
2M,1E-6,rand-60,50,18,mpest,raxml,0.30434782608695654,0.30434782608695654,
2M,1E-6,rand-60,50,18,svdquartets,true,0.17391304347826086,0.17391304347826086,
2M,1E-6,rand-60,50,18,astrid-ours,true,0.13043478260869565,0.13043478260869565,True
2M,1E-6,rand-60,50,18,astrid-ours,raxml,0.30434782608695654,0.30434782608695654,True
2M,1E-6,rand-60,50,19,astral,true,0.17391304347826086,0.17391304347826086,
2M,1E-6,rand-60,50,19,astral,raxml,0.30434782608695654,0.30434782608695654,
2M,1E-6,rand-60,50,19,astrid,true,0.17391304347826086,0.17391304347826086,
2M,1E-6,rand-60,50,19,astrid,raxml,0.34782608695652173,0.34782608695652173,
2M,1E-6,rand-60,50,19,mpest,true,0.2608695652173913,0.2608695652173913,
2M,1E-6,rand-60,50,19,mpest,raxml,0.391304347826087,0.391304347826087,
2M,1E-6,rand-60,50,19,svdquartets,true,0.34782608695652173,0.34782608695652173,
2M,1E-6,rand-60,50,19,astrid-ours,true,0.17391304347826086,0.17391304347826086,True
2M,1E-6,rand-60,50,19,astrid-ours,raxml,0.34782608695652173,0.34782608695652173,False
2M,1E-6,rand-60,50,20,astral,true,0.30434782608695654,0.30434782608695654,
2M,1E-6,rand-60,50,20,astral,raxml,0.34782608695652173,0.34782608695652173,
2M,1E-6,rand-60,50,20,astrid,true,0.30434782608695654,0.30434782608695654,
2M,1E-6,rand-60,50,20,astrid,raxml,0.2608695652173913,0.2608695652173913,
2M,1E-6,rand-60,50,20,mpest,true,0.30434782608695654,0.30434782608695654,
2M,1E-6,rand-60,50,20,mpest,raxml,0.43478260869565216,0.43478260869565216,
2M,1E-6,rand-60,50,20,svdquartets,true,0.43478260869565216,0.43478260869565216,
2M,1E-6,rand-60,50,20,astrid-ours,true,0.30434782608695654,0.30434782608695654,True
2M,1E-6,rand-60,50,20,astrid-ours,raxml,0.2608695652173913,0.2608695652173913,True
2M,1E-6,rand-60,200,1,astral,true,0.043478260869565216,0.043478260869565216,
2M,1E-6,rand-60,200,1,astral,raxml,0.08695652173913043,0.08695652173913043,
2M,1E-6,rand-60,200,1,astrid,true,0.08695652173913043,0.08695652173913043,
2M,1E-6,rand-60,200,1,astrid,raxml,0.17391304347826086,0.17391304347826086,
2M,1E-6,rand-60,200,1,mpest,true,0.043478260869565216,0.043478260869565216,
2M,1E-6,rand-60,200,1,mpest,raxml,0.17391304347826086,0.17391304347826086,
2M,1E-6,rand-60,200,1,svdquartets,true,0.17391304347826086,0.17391304347826086,
2M,1E-6,rand-60,200,1,astrid-ours,true,0.08695652173913043,0.08695652173913043,True
2M,1E-6,rand-60,200,1,astrid-ours,raxml,0.17391304347826086,0.17391304347826086,True
2M,1E-6,rand-60,200,2,astral,true,0.08695652173913043,0.08695652173913043,
2M,1E-6,rand-60,200,2,astral,raxml,0.30434782608695654,0.30434782608695654,
2M,1E-6,rand-60,200,2,astrid,true,0.13043478260869565,0.13043478260869565,
2M,1E-6,rand-60,200,2,astrid,raxml,0.21739130434782608,0.21739130434782608,
2M,1E-6,rand-60,200,2,mpest,true,0.17391304347826086,0.17391304347826086,
2M,1E-6,rand-60,200,2,mpest,raxml,0.21739130434782608,0.21739130434782608,
2M,1E-6,rand-60,200,2,svdquartets,true,0.391304347826087,0.391304347826087,
2M,1E-6,rand-60,200,2,astrid-ours,true,0.13043478260869565,0.13043478260869565,True
2M,1E-6,rand-60,200,2,astrid-ours,raxml,0.21739130434782608,0.21739130434782608,True
2M,1E-6,rand-60,200,3,astral,true,0.08695652173913043,0.08695652173913043,
2M,1E-6,rand-60,200,3,astral,raxml,0.13043478260869565,0.13043478260869565,
2M,1E-6,rand-60,200,3,astrid,true,0.13043478260869565,0.13043478260869565,
2M,1E-6,rand-60,200,3,astrid,raxml,0.17391304347826086,0.17391304347826086,
2M,1E-6,rand-60,200,3,mpest,true,0.13043478260869565,0.13043478260869565,
2M,1E-6,rand-60,200,3,mpest,raxml,0.21739130434782608,0.21739130434782608,
2M,1E-6,rand-60,200,3,svdquartets,true,0.34782608695652173,0.34782608695652173,
2M,1E-6,rand-60,200,3,astrid-ours,true,0.13043478260869565,0.13043478260869565,True
2M,1E-6,rand-60,200,3,astrid-ours,raxml,0.17391304347826086,0.17391304347826086,True
2M,1E-6,rand-60,200,4,astral,true,0.08695652173913043,0.08695652173913043,
2M,1E-6,rand-60,200,4,astral,raxml,0.13043478260869565,0.13043478260869565,
2M,1E-6,rand-60,200,4,astrid,true,0.08695652173913043,0.08695652173913043,
2M,1E-6,rand-60,200,4,astrid,raxml,0.08695652173913043,0.08695652173913043,
2M,1E-6,rand-60,200,4,mpest,true,0.08695652173913043,0.08695652173913043,
2M,1E-6,rand-60,200,4,mpest,raxml,0.13043478260869565,0.13043478260869565,
2M,1E-6,rand-60,200,4,svdquartets,true,0.08695652173913043,0.08695652173913043,
2M,1E-6,rand-60,200,4,astrid-ours,true,0.08695652173913043,0.08695652173913043,True
2M,1E-6,rand-60,200,4,astrid-ours,raxml,0.08695652173913043,0.08695652173913043,True
2M,1E-6,rand-60,200,5,astral,true,0.17391304347826086,0.17391304347826086,
2M,1E-6,rand-60,200,5,astral,raxml,0.17391304347826086,0.17391304347826086,
2M,1E-6,rand-60,200,5,astrid,true,0.17391304347826086,0.17391304347826086,
2M,1E-6,rand-60,200,5,astrid,raxml,0.13043478260869565,0.13043478260869565,
2M,1E-6,rand-60,200,5,mpest,true,0.21739130434782608,0.21739130434782608,
2M,1E-6,rand-60,200,5,mpest,raxml,0.13043478260869565,0.13043478260869565,
2M,1E-6,rand-60,200,5,svdquartets,true,0.13043478260869565,0.13043478260869565,
2M,1E-6,rand-60,200,5,astrid-ours,true,0.17391304347826086,0.17391304347826086,True
2M,1E-6,rand-60,200,5,astrid-ours,raxml,0.13043478260869565,0.13043478260869565,True
2M,1E-6,rand-60,200,6,astral,true,0.043478260869565216,0.043478260869565216,
2M,1E-6,rand-60,200,6,astral,raxml,0.043478260869565216,0.043478260869565216,
2M,1E-6,rand-60,200,6,astrid,true,0.0,0.0,
2M,1E-6,rand-60,200,6,astrid,raxml,0.0,0.0,
2M,1E-6,rand-60,200,6,mpest,true,0.043478260869565216,0.043478260869565216,
2M,1E-6,rand-60,200,6,mpest,raxml,0.08695652173913043,0.08695652173913043,
2M,1E-6,rand-60,200,6,svdquartets,true,0.17391304347826086,0.17391304347826086,
2M,1E-6,rand-60,200,6,astrid-ours,true,0.0,0.0,True
2M,1E-6,rand-60,200,6,astrid-ours,raxml,0.0,0.0,True
2M,1E-6,rand-60,200,7,astral,true,0.0,0.0,
2M,1E-6,rand-60,200,7,astral,raxml,0.043478260869565216,0.043478260869565216,
2M,1E-6,rand-60,200,7,astrid,true,0.08695652173913043,0.08695652173913043,
2M,1E-6,rand-60,200,7,astrid,raxml,0.13043478260869565,0.13043478260869565,
2M,1E-6,rand-60,200,7,mpest,true,0.08695652173913043,0.08695652173913043,
2M,1E-6,rand-60,200,7,mpest,raxml,0.17391304347826086,0.17391304347826086,
2M,1E-6,rand-60,200,7,svdquartets,true,0.17391304347826086,0.17391304347826086,
2M,1E-6,rand-60,200,7,astrid-ours,true,0.08695652173913043,0.08695652173913043,True
2M,1E-6,rand-60,200,7,astrid-ours,raxml,0.13043478260869565,0.13043478260869565,True
2M,1E-6,rand-60,200,8,astral,true,0.17391304347826086,0.17391304347826086,
2M,1E-6,rand-60,200,8,astral,raxml,0.13043478260869565,0.13043478260869565,
2M,1E-6,rand-60,200,8,astrid,true,0.08695652173913043,0.08695652173913043,
2M,1E-6,rand-60,200,8,astrid,raxml,0.17391304347826086,0.17391304347826086,
2M,1E-6,rand-60,200,8,mpest,true,0.13043478260869565,0.13043478260869565,
2M,1E-6,rand-60,200,8,mpest,raxml,0.13043478260869565,0.13043478260869565,
2M,1E-6,rand-60,200,8,svdquartets,true,0.17391304347826086,0.17391304347826086,
2M,1E-6,rand-60,200,8,astrid-ours,true,0.08695652173913043,0.08695652173913043,True
2M,1E-6,rand-60,200,8,astrid-ours,raxml,0.17391304347826086,0.17391304347826086,True
2M,1E-6,rand-60,200,9,astral,true,0.043478260869565216,0.043478260869565216,
2M,1E-6,rand-60,200,9,astral,raxml,0.13043478260869565,0.13043478260869565,
2M,1E-6,rand-60,200,9,astrid,true,0.08695652173913043,0.08695652173913043,
2M,1E-6,rand-60,200,9,astrid,raxml,0.17391304347826086,0.17391304347826086,
2M,1E-6,rand-60,200,9,mpest,true,0.043478260869565216,0.043478260869565216,
2M,1E-6,rand-60,200,9,mpest,raxml,0.2608695652173913,0.2608695652173913,
2M,1E-6,rand-60,200,9,svdquartets,true,0.43478260869565216,0.43478260869565216,
2M,1E-6,rand-60,200,9,astrid-ours,true,0.08695652173913043,0.08695652173913043,True
2M,1E-6,rand-60,200,9,astrid-ours,raxml,0.17391304347826086,0.17391304347826086,True
2M,1E-6,rand-60,200,10,astral,true,0.043478260869565216,0.043478260869565216,
2M,1E-6,rand-60,200,10,astral,raxml,0.08695652173913043,0.08695652173913043,
2M,1E-6,rand-60,200,10,astrid,true,0.13043478260869565,0.13043478260869565,
2M,1E-6,rand-60,200,10,astrid,raxml,0.13043478260869565,0.13043478260869565,
2M,1E-6,rand-60,200,10,mpest,true,0.043478260869565216,0.043478260869565216,
2M,1E-6,rand-60,200,10,mpest,raxml,0.13043478260869565,0.13043478260869565,
2M,1E-6,rand-60,200,10,svdquartets,true,0.13043478260869565,0.13043478260869565,
2M,1E-6,rand-60,200,10,astrid-ours,true,0.13043478260869565,0.13043478260869565,True
2M,1E-6,rand-60,200,10,astrid-ours,raxml,0.13043478260869565,0.13043478260869565,True
2M,1E-6,rand-60,200,11,astral,true,0.08695652173913043,0.08695652173913043,
2M,1E-6,rand-60,200,11,astral,raxml,0.13043478260869565,0.13043478260869565,
2M,1E-6,rand-60,200,11,astrid,true,0.08695652173913043,0.08695652173913043,
2M,1E-6,rand-60,200,11,astrid,raxml,0.2608695652173913,0.2608695652173913,
2M,1E-6,rand-60,200,11,mpest,true,0.08695652173913043,0.08695652173913043,
2M,1E-6,rand-60,200,11,mpest,raxml,0.21739130434782608,0.21739130434782608,
2M,1E-6,rand-60,200,11,svdquartets,true,0.2608695652173913,0.2608695652173913,
2M,1E-6,rand-60,200,11,astrid-ours,true,0.08695652173913043,0.08695652173913043,True
2M,1E-6,rand-60,200,11,astrid-ours,raxml,0.2608695652173913,0.2608695652173913,True
2M,1E-6,rand-60,200,12,astral,true,0.043478260869565216,0.043478260869565216,
2M,1E-6,rand-60,200,12,astral,raxml,0.08695652173913043,0.08695652173913043,
2M,1E-6,rand-60,200,12,astrid,true,0.043478260869565216,0.043478260869565216,
2M,1E-6,rand-60,200,12,astrid,raxml,0.17391304347826086,0.17391304347826086,
2M,1E-6,rand-60,200,12,mpest,true,0.043478260869565216,0.043478260869565216,
2M,1E-6,rand-60,200,12,mpest,raxml,0.08695652173913043,0.08695652173913043,
2M,1E-6,rand-60,200,12,svdquartets,true,0.08695652173913043,0.08695652173913043,
2M,1E-6,rand-60,200,12,astrid-ours,true,0.043478260869565216,0.043478260869565216,True
2M,1E-6,rand-60,200,12,astrid-ours,raxml,0.17391304347826086,0.17391304347826086,True
2M,1E-6,rand-60,200,13,astral,true,0.0,0.0,
2M,1E-6,rand-60,200,13,astral,raxml,0.17391304347826086,0.17391304347826086,
2M,1E-6,rand-60,200,13,astrid,true,0.0,0.0,
2M,1E-6,rand-60,200,13,astrid,raxml,0.08695652173913043,0.08695652173913043,
2M,1E-6,rand-60,200,13,mpest,true,0.043478260869565216,0.043478260869565216,
2M,1E-6,rand-60,200,13,mpest,raxml,0.17391304347826086,0.17391304347826086,
2M,1E-6,rand-60,200,13,svdquartets,true,0.2608695652173913,0.2608695652173913,
2M,1E-6,rand-60,200,13,astrid-ours,true,0.0,0.0,True
2M,1E-6,rand-60,200,13,astrid-ours,raxml,0.08695652173913043,0.08695652173913043,True
2M,1E-6,rand-60,200,14,astral,true,0.043478260869565216,0.043478260869565216,
2M,1E-6,rand-60,200,14,astral,raxml,0.043478260869565216,0.043478260869565216,
2M,1E-6,rand-60,200,14,astrid,true,0.08695652173913043,0.08695652173913043,
2M,1E-6,rand-60,200,14,astrid,raxml,0.043478260869565216,0.043478260869565216,
2M,1E-6,rand-60,200,14,mpest,true,0.043478260869565216,0.043478260869565216,
2M,1E-6,rand-60,200,14,mpest,raxml,0.043478260869565216,0.043478260869565216,
2M,1E-6,rand-60,200,14,svdquartets,true,0.08695652173913043,0.08695652173913043,
2M,1E-6,rand-60,200,14,astrid-ours,true,0.08695652173913043,0.08695652173913043,True
2M,1E-6,rand-60,200,14,astrid-ours,raxml,0.043478260869565216,0.043478260869565216,True
2M,1E-6,rand-60,200,15,astral,true,0.17391304347826086,0.17391304347826086,
2M,1E-6,rand-60,200,15,astral,raxml,0.13043478260869565,0.13043478260869565,
2M,1E-6,rand-60,200,15,astrid,true,0.043478260869565216,0.043478260869565216,
2M,1E-6,rand-60,200,15,astrid,raxml,0.08695652173913043,0.08695652173913043,
2M,1E-6,rand-60,200,15,mpest,true,0.08695652173913043,0.08695652173913043,
2M,1E-6,rand-60,200,15,mpest,raxml,0.17391304347826086,0.17391304347826086,
2M,1E-6,rand-60,200,15,svdquartets,true,0.2608695652173913,0.2608695652173913,
2M,1E-6,rand-60,200,15,astrid-ours,true,0.043478260869565216,0.043478260869565216,True
2M,1E-6,rand-60,200,15,astrid-ours,raxml,0.08695652173913043,0.08695652173913043,True
2M,1E-6,rand-60,200,16,astral,true,0.0,0.0,
2M,1E-6,rand-60,200,16,astral,raxml,0.043478260869565216,0.043478260869565216,
2M,1E-6,rand-60,200,16,astrid,true,0.0,0.0,
2M,1E-6,rand-60,200,16,astrid,raxml,0.08695652173913043,0.08695652173913043,
2M,1E-6,rand-60,200,16,mpest,true,0.0,0.0,
2M,1E-6,rand-60,200,16,mpest,raxml,0.17391304347826086,0.17391304347826086,
2M,1E-6,rand-60,200,16,svdquartets,true,0.21739130434782608,0.21739130434782608,
2M,1E-6,rand-60,200,16,astrid-ours,true,0.0,0.0,True
2M,1E-6,rand-60,200,16,astrid-ours,raxml,0.08695652173913043,0.08695652173913043,True
2M,1E-6,rand-60,200,17,astral,true,0.043478260869565216,0.043478260869565216,
2M,1E-6,rand-60,200,17,astral,raxml,0.08695652173913043,0.08695652173913043,
2M,1E-6,rand-60,200,17,astrid,true,0.08695652173913043,0.08695652173913043,
2M,1E-6,rand-60,200,17,astrid,raxml,0.08695652173913043,0.08695652173913043,
2M,1E-6,rand-60,200,17,mpest,true,0.043478260869565216,0.043478260869565216,
2M,1E-6,rand-60,200,17,mpest,raxml,0.13043478260869565,0.13043478260869565,
2M,1E-6,rand-60,200,17,svdquartets,true,0.2608695652173913,0.2608695652173913,
2M,1E-6,rand-60,200,17,astrid-ours,true,0.08695652173913043,0.08695652173913043,True
2M,1E-6,rand-60,200,17,astrid-ours,raxml,0.08695652173913043,0.08695652173913043,True
2M,1E-6,rand-60,200,18,astral,true,0.0,0.0,
2M,1E-6,rand-60,200,18,astral,raxml,0.043478260869565216,0.043478260869565216,
2M,1E-6,rand-60,200,18,astrid,true,0.08695652173913043,0.08695652173913043,
2M,1E-6,rand-60,200,18,astrid,raxml,0.043478260869565216,0.043478260869565216,
2M,1E-6,rand-60,200,18,mpest,true,0.043478260869565216,0.043478260869565216,
2M,1E-6,rand-60,200,18,mpest,raxml,0.08695652173913043,0.08695652173913043,
2M,1E-6,rand-60,200,18,svdquartets,true,0.17391304347826086,0.17391304347826086,
2M,1E-6,rand-60,200,18,astrid-ours,true,0.08695652173913043,0.08695652173913043,True
2M,1E-6,rand-60,200,18,astrid-ours,raxml,0.043478260869565216,0.043478260869565216,True
2M,1E-6,rand-60,200,19,astral,true,0.08695652173913043,0.08695652173913043,
2M,1E-6,rand-60,200,19,astral,raxml,0.13043478260869565,0.13043478260869565,
2M,1E-6,rand-60,200,19,astrid,true,0.13043478260869565,0.13043478260869565,
2M,1E-6,rand-60,200,19,astrid,raxml,0.08695652173913043,0.08695652173913043,
2M,1E-6,rand-60,200,19,mpest,true,0.13043478260869565,0.13043478260869565,
2M,1E-6,rand-60,200,19,mpest,raxml,0.2608695652173913,0.2608695652173913,
2M,1E-6,rand-60,200,19,svdquartets,true,0.17391304347826086,0.17391304347826086,
2M,1E-6,rand-60,200,19,astrid-ours,true,0.13043478260869565,0.13043478260869565,True
2M,1E-6,rand-60,200,19,astrid-ours,raxml,0.08695652173913043,0.08695652173913043,True
2M,1E-6,rand-60,200,20,astral,true,0.17391304347826086,0.17391304347826086,
2M,1E-6,rand-60,200,20,astral,raxml,0.21739130434782608,0.21739130434782608,
2M,1E-6,rand-60,200,20,astrid,true,0.08695652173913043,0.08695652173913043,
2M,1E-6,rand-60,200,20,astrid,raxml,0.08695652173913043,0.08695652173913043,
2M,1E-6,rand-60,200,20,mpest,true,0.21739130434782608,0.21739130434782608,
2M,1E-6,rand-60,200,20,mpest,raxml,0.21739130434782608,0.21739130434782608,
2M,1E-6,rand-60,200,20,svdquartets,true,0.34782608695652173,0.34782608695652173,
2M,1E-6,rand-60,200,20,astrid-ours,true,0.08695652173913043,0.08695652173913043,True
2M,1E-6,rand-60,200,20,astrid-ours,raxml,0.08695652173913043,0.08695652173913043,True
2M,1E-6,rand-60,1000,1,astral,true,0.043478260869565216,0.043478260869565216,
2M,1E-6,rand-60,1000,1,astral,raxml,0.08695652173913043,0.08695652173913043,
2M,1E-6,rand-60,1000,1,astrid,true,0.0,0.0,
2M,1E-6,rand-60,1000,1,astrid,raxml,0.13043478260869565,0.13043478260869565,
2M,1E-6,rand-60,1000,1,mpest,true,0.043478260869565216,0.043478260869565216,
2M,1E-6,rand-60,1000,1,mpest,raxml,0.13043478260869565,0.13043478260869565,
2M,1E-6,rand-60,1000,1,svdquartets,true,0.13043478260869565,0.13043478260869565,
2M,1E-6,rand-60,1000,1,astrid-ours,true,0.0,0.0,True
2M,1E-6,rand-60,1000,1,astrid-ours,raxml,0.13043478260869565,0.13043478260869565,False
2M,1E-6,rand-60,1000,2,astral,true,0.08695652173913043,0.08695652173913043,
2M,1E-6,rand-60,1000,2,astral,raxml,0.13043478260869565,0.13043478260869565,
2M,1E-6,rand-60,1000,2,astrid,true,0.043478260869565216,0.043478260869565216,
2M,1E-6,rand-60,1000,2,astrid,raxml,0.21739130434782608,0.21739130434782608,
2M,1E-6,rand-60,1000,2,mpest,true,0.08695652173913043,0.08695652173913043,
2M,1E-6,rand-60,1000,2,mpest,raxml,0.17391304347826086,0.17391304347826086,
2M,1E-6,rand-60,1000,2,svdquartets,true,0.08695652173913043,0.08695652173913043,
2M,1E-6,rand-60,1000,2,astrid-ours,true,0.043478260869565216,0.043478260869565216,True
2M,1E-6,rand-60,1000,2,astrid-ours,raxml,0.21739130434782608,0.21739130434782608,True
2M,1E-6,rand-60,1000,3,astral,true,0.08695652173913043,0.08695652173913043,
2M,1E-6,rand-60,1000,3,astral,raxml,0.043478260869565216,0.043478260869565216,
2M,1E-6,rand-60,1000,3,astrid,true,0.043478260869565216,0.043478260869565216,
2M,1E-6,rand-60,1000,3,astrid,raxml,0.08695652173913043,0.08695652173913043,
2M,1E-6,rand-60,1000,3,mpest,true,0.08695652173913043,0.08695652173913043,
2M,1E-6,rand-60,1000,3,mpest,raxml,0.21739130434782608,0.21739130434782608,
2M,1E-6,rand-60,1000,3,svdquartets,true,0.08695652173913043,0.08695652173913043,
2M,1E-6,rand-60,1000,3,astrid-ours,true,0.043478260869565216,0.043478260869565216,True
2M,1E-6,rand-60,1000,3,astrid-ours,raxml,0.08695652173913043,0.08695652173913043,True
2M,1E-6,rand-60,1000,4,astral,true,0.043478260869565216,0.043478260869565216,
2M,1E-6,rand-60,1000,4,astral,raxml,0.08695652173913043,0.08695652173913043,
2M,1E-6,rand-60,1000,4,astrid,true,0.043478260869565216,0.043478260869565216,
2M,1E-6,rand-60,1000,4,astrid,raxml,0.08695652173913043,0.08695652173913043,
2M,1E-6,rand-60,1000,4,mpest,true,0.0,0.0,
2M,1E-6,rand-60,1000,4,mpest,raxml,0.13043478260869565,0.13043478260869565,
2M,1E-6,rand-60,1000,4,svdquartets,true,0.08695652173913043,0.08695652173913043,
2M,1E-6,rand-60,1000,4,astrid-ours,true,0.043478260869565216,0.043478260869565216,True
2M,1E-6,rand-60,1000,4,astrid-ours,raxml,0.08695652173913043,0.08695652173913043,True
2M,1E-6,rand-60,1000,5,astral,true,0.08695652173913043,0.08695652173913043,
2M,1E-6,rand-60,1000,5,astral,raxml,0.08695652173913043,0.08695652173913043,
2M,1E-6,rand-60,1000,5,astrid,true,0.13043478260869565,0.13043478260869565,
2M,1E-6,rand-60,1000,5,astrid,raxml,0.17391304347826086,0.17391304347826086,
2M,1E-6,rand-60,1000,5,mpest,true,0.13043478260869565,0.13043478260869565,
2M,1E-6,rand-60,1000,5,mpest,raxml,0.13043478260869565,0.13043478260869565,
2M,1E-6,rand-60,1000,5,svdquartets,true,0.13043478260869565,0.13043478260869565,
2M,1E-6,rand-60,1000,5,astrid-ours,true,0.13043478260869565,0.13043478260869565,True
2M,1E-6,rand-60,1000,5,astrid-ours,raxml,0.17391304347826086,0.17391304347826086,True
2M,1E-6,rand-60,1000,6,astral,true,0.0,0.0,
2M,1E-6,rand-60,1000,6,astral,raxml,0.0,0.0,
2M,1E-6,rand-60,1000,6,astrid,true,0.0,0.0,
2M,1E-6,rand-60,1000,6,astrid,raxml,0.043478260869565216,0.043478260869565216,
2M,1E-6,rand-60,1000,6,mpest,true,0.0,0.0,
2M,1E-6,rand-60,1000,6,mpest,raxml,0.13043478260869565,0.13043478260869565,
2M,1E-6,rand-60,1000,6,svdquartets,true,0.08695652173913043,0.08695652173913043,
2M,1E-6,rand-60,1000,6,astrid-ours,true,0.0,0.0,True
2M,1E-6,rand-60,1000,6,astrid-ours,raxml,0.043478260869565216,0.043478260869565216,True
2M,1E-6,rand-60,1000,7,astral,true,0.0,0.0,
2M,1E-6,rand-60,1000,7,astral,raxml,0.043478260869565216,0.043478260869565216,
2M,1E-6,rand-60,1000,7,astrid,true,0.0,0.0,
2M,1E-6,rand-60,1000,7,astrid,raxml,0.13043478260869565,0.13043478260869565,
2M,1E-6,rand-60,1000,7,mpest,true,0.0,0.0,
2M,1E-6,rand-60,1000,7,mpest,raxml,0.21739130434782608,0.21739130434782608,
2M,1E-6,rand-60,1000,7,svdquartets,true,0.08695652173913043,0.08695652173913043,
2M,1E-6,rand-60,1000,7,astrid-ours,true,0.0,0.0,True
2M,1E-6,rand-60,1000,7,astrid-ours,raxml,0.13043478260869565,0.13043478260869565,True
2M,1E-6,rand-60,1000,8,astral,true,0.043478260869565216,0.043478260869565216,
2M,1E-6,rand-60,1000,8,astral,raxml,0.08695652173913043,0.08695652173913043,
2M,1E-6,rand-60,1000,8,astrid,true,0.08695652173913043,0.08695652173913043,
2M,1E-6,rand-60,1000,8,astrid,raxml,0.08695652173913043,0.08695652173913043,
2M,1E-6,rand-60,1000,8,mpest,true,0.043478260869565216,0.043478260869565216,
2M,1E-6,rand-60,1000,8,mpest,raxml,0.13043478260869565,0.13043478260869565,
2M,1E-6,rand-60,1000,8,svdquartets,true,0.043478260869565216,0.043478260869565216,
2M,1E-6,rand-60,1000,8,astrid-ours,true,0.08695652173913043,0.08695652173913043,True
2M,1E-6,rand-60,1000,8,astrid-ours,raxml,0.08695652173913043,0.08695652173913043,True
2M,1E-6,rand-60,1000,9,astral,true,0.0,0.0,
2M,1E-6,rand-60,1000,9,astral,raxml,0.08695652173913043,0.08695652173913043,
2M,1E-6,rand-60,1000,9,astrid,true,0.043478260869565216,0.043478260869565216,
2M,1E-6,rand-60,1000,9,astrid,raxml,0.08695652173913043,0.08695652173913043,
2M,1E-6,rand-60,1000,9,mpest,true,0.043478260869565216,0.043478260869565216,
2M,1E-6,rand-60,1000,9,mpest,raxml,0.21739130434782608,0.21739130434782608,
2M,1E-6,rand-60,1000,9,svdquartets,true,0.34782608695652173,0.34782608695652173,
2M,1E-6,rand-60,1000,9,astrid-ours,true,0.043478260869565216,0.043478260869565216,True
2M,1E-6,rand-60,1000,9,astrid-ours,raxml,0.08695652173913043,0.08695652173913043,True
2M,1E-6,rand-60,1000,10,astral,true,0.043478260869565216,0.043478260869565216,
2M,1E-6,rand-60,1000,10,astral,raxml,0.043478260869565216,0.043478260869565216,
2M,1E-6,rand-60,1000,10,astrid,true,0.0,0.0,
2M,1E-6,rand-60,1000,10,astrid,raxml,0.0,0.0,
2M,1E-6,rand-60,1000,10,mpest,true,0.043478260869565216,0.043478260869565216,
2M,1E-6,rand-60,1000,10,mpest,raxml,0.043478260869565216,0.043478260869565216,
2M,1E-6,rand-60,1000,10,svdquartets,true,0.043478260869565216,0.043478260869565216,
2M,1E-6,rand-60,1000,10,astrid-ours,true,0.0,0.0,True
2M,1E-6,rand-60,1000,10,astrid-ours,raxml,0.0,0.0,True
2M,1E-6,rand-60,1000,11,astral,true,0.043478260869565216,0.043478260869565216,
2M,1E-6,rand-60,1000,11,astral,raxml,0.13043478260869565,0.13043478260869565,
2M,1E-6,rand-60,1000,11,astrid,true,0.043478260869565216,0.043478260869565216,
2M,1E-6,rand-60,1000,11,astrid,raxml,0.13043478260869565,0.13043478260869565,
2M,1E-6,rand-60,1000,11,mpest,true,0.043478260869565216,0.043478260869565216,
2M,1E-6,rand-60,1000,11,mpest,raxml,0.17391304347826086,0.17391304347826086,
2M,1E-6,rand-60,1000,11,svdquartets,true,0.17391304347826086,0.17391304347826086,
2M,1E-6,rand-60,1000,11,astrid-ours,true,0.043478260869565216,0.043478260869565216,True
2M,1E-6,rand-60,1000,11,astrid-ours,raxml,0.17391304347826086,0.17391304347826086,False
2M,1E-6,rand-60,1000,12,astral,true,0.0,0.0,
2M,1E-6,rand-60,1000,12,astral,raxml,0.0,0.0,
2M,1E-6,rand-60,1000,12,astrid,true,0.043478260869565216,0.043478260869565216,
2M,1E-6,rand-60,1000,12,astrid,raxml,0.08695652173913043,0.08695652173913043,
2M,1E-6,rand-60,1000,12,mpest,true,0.043478260869565216,0.043478260869565216,
2M,1E-6,rand-60,1000,12,mpest,raxml,0.08695652173913043,0.08695652173913043,
2M,1E-6,rand-60,1000,12,svdquartets,true,0.13043478260869565,0.13043478260869565,
2M,1E-6,rand-60,1000,12,astrid-ours,true,0.043478260869565216,0.043478260869565216,True
2M,1E-6,rand-60,1000,12,astrid-ours,raxml,0.08695652173913043,0.08695652173913043,True
2M,1E-6,rand-60,1000,13,astral,true,0.043478260869565216,0.043478260869565216,
2M,1E-6,rand-60,1000,13,astral,raxml,0.08695652173913043,0.08695652173913043,
2M,1E-6,rand-60,1000,13,astrid,true,0.043478260869565216,0.043478260869565216,
2M,1E-6,rand-60,1000,13,astrid,raxml,0.13043478260869565,0.13043478260869565,
2M,1E-6,rand-60,1000,13,mpest,true,0.043478260869565216,0.043478260869565216,
2M,1E-6,rand-60,1000,13,mpest,raxml,0.13043478260869565,0.13043478260869565,
2M,1E-6,rand-60,1000,13,svdquartets,true,0.08695652173913043,0.08695652173913043,
2M,1E-6,rand-60,1000,13,astrid-ours,true,0.043478260869565216,0.043478260869565216,True
2M,1E-6,rand-60,1000,13,astrid-ours,raxml,0.13043478260869565,0.13043478260869565,True
2M,1E-6,rand-60,1000,14,astral,true,0.0,0.0,
2M,1E-6,rand-60,1000,14,astral,raxml,0.043478260869565216,0.043478260869565216,
2M,1E-6,rand-60,1000,14,astrid,true,0.0,0.0,
2M,1E-6,rand-60,1000,14,astrid,raxml,0.0,0.0,
2M,1E-6,rand-60,1000,14,mpest,true,0.0,0.0,
2M,1E-6,rand-60,1000,14,mpest,raxml,0.043478260869565216,0.043478260869565216,
2M,1E-6,rand-60,1000,14,svdquartets,true,0.043478260869565216,0.043478260869565216,
2M,1E-6,rand-60,1000,14,astrid-ours,true,0.0,0.0,True
2M,1E-6,rand-60,1000,14,astrid-ours,raxml,0.0,0.0,True
2M,1E-6,rand-60,1000,15,astral,true,0.0,0.0,
2M,1E-6,rand-60,1000,15,astral,raxml,0.043478260869565216,0.043478260869565216,
2M,1E-6,rand-60,1000,15,astrid,true,0.0,0.0,
2M,1E-6,rand-60,1000,15,astrid,raxml,0.043478260869565216,0.043478260869565216,
2M,1E-6,rand-60,1000,15,mpest,true,0.0,0.0,
2M,1E-6,rand-60,1000,15,mpest,raxml,0.21739130434782608,0.21739130434782608,
2M,1E-6,rand-60,1000,15,svdquartets,true,0.17391304347826086,0.17391304347826086,
2M,1E-6,rand-60,1000,15,astrid-ours,true,0.0,0.0,True
2M,1E-6,rand-60,1000,15,astrid-ours,raxml,0.043478260869565216,0.043478260869565216,True
2M,1E-6,rand-60,1000,16,astral,true,0.0,0.0,
2M,1E-6,rand-60,1000,16,astral,raxml,0.0,0.0,
2M,1E-6,rand-60,1000,16,astrid,true,0.0,0.0,
2M,1E-6,rand-60,1000,16,astrid,raxml,0.043478260869565216,0.043478260869565216,
2M,1E-6,rand-60,1000,16,mpest,true,0.043478260869565216,0.043478260869565216,
2M,1E-6,rand-60,1000,16,mpest,raxml,0.13043478260869565,0.13043478260869565,
2M,1E-6,rand-60,1000,16,svdquartets,true,0.08695652173913043,0.08695652173913043,
2M,1E-6,rand-60,1000,16,astrid-ours,true,0.0,0.0,True
2M,1E-6,rand-60,1000,16,astrid-ours,raxml,0.043478260869565216,0.043478260869565216,True
2M,1E-6,rand-60,1000,17,astral,true,0.0,0.0,
2M,1E-6,rand-60,1000,17,astral,raxml,0.043478260869565216,0.043478260869565216,
2M,1E-6,rand-60,1000,17,astrid,true,0.0,0.0,
2M,1E-6,rand-60,1000,17,astrid,raxml,0.0,0.0,
2M,1E-6,rand-60,1000,17,mpest,true,0.0,0.0,
2M,1E-6,rand-60,1000,17,mpest,raxml,0.17391304347826086,0.17391304347826086,
2M,1E-6,rand-60,1000,17,svdquartets,true,0.08695652173913043,0.08695652173913043,
2M,1E-6,rand-60,1000,17,astrid-ours,true,0.0,0.0,True
2M,1E-6,rand-60,1000,17,astrid-ours,raxml,0.0,0.0,True
2M,1E-6,rand-60,1000,18,astral,true,0.0,0.0,
2M,1E-6,rand-60,1000,18,astral,raxml,0.0,0.0,
2M,1E-6,rand-60,1000,18,astrid,true,0.043478260869565216,0.043478260869565216,
2M,1E-6,rand-60,1000,18,astrid,raxml,0.043478260869565216,0.043478260869565216,
2M,1E-6,rand-60,1000,18,mpest,true,0.0,0.0,
2M,1E-6,rand-60,1000,18,mpest,raxml,0.043478260869565216,0.043478260869565216,
2M,1E-6,rand-60,1000,18,svdquartets,true,0.08695652173913043,0.08695652173913043,
2M,1E-6,rand-60,1000,18,astrid-ours,true,0.043478260869565216,0.043478260869565216,True
2M,1E-6,rand-60,1000,18,astrid-ours,raxml,0.043478260869565216,0.043478260869565216,True
2M,1E-6,rand-60,1000,19,astral,true,0.08695652173913043,0.08695652173913043,
2M,1E-6,rand-60,1000,19,astral,raxml,0.08695652173913043,0.08695652173913043,
2M,1E-6,rand-60,1000,19,astrid,true,0.043478260869565216,0.043478260869565216,
2M,1E-6,rand-60,1000,19,astrid,raxml,0.08695652173913043,0.08695652173913043,
2M,1E-6,rand-60,1000,19,mpest,true,0.0,0.0,
2M,1E-6,rand-60,1000,19,mpest,raxml,0.08695652173913043,0.08695652173913043,
2M,1E-6,rand-60,1000,19,svdquartets,true,0.0,0.0,
2M,1E-6,rand-60,1000,19,astrid-ours,true,0.043478260869565216,0.043478260869565216,True
2M,1E-6,rand-60,1000,19,astrid-ours,raxml,0.08695652173913043,0.08695652173913043,True
2M,1E-6,rand-60,1000,20,astral,true,0.0,0.0,
2M,1E-6,rand-60,1000,20,astral,raxml,0.043478260869565216,0.043478260869565216,
2M,1E-6,rand-60,1000,20,astrid,true,0.043478260869565216,0.043478260869565216,
2M,1E-6,rand-60,1000,20,astrid,raxml,0.043478260869565216,0.043478260869565216,
2M,1E-6,rand-60,1000,20,mpest,true,0.0,0.0,
2M,1E-6,rand-60,1000,20,mpest,raxml,0.08695652173913043,0.08695652173913043,
2M,1E-6,rand-60,1000,20,svdquartets,true,0.17391304347826086,0.17391304347826086,
2M,1E-6,rand-60,1000,20,astrid-ours,true,0.043478260869565216,0.043478260869565216,True
2M,1E-6,rand-60,1000,20,astrid-ours,raxml,0.043478260869565216,0.043478260869565216,True
500K,1E-7,full-0,50,1,astral,true,0.391304347826087,0.391304347826087,
500K,1E-7,full-0,50,1,astral,raxml,0.4782608695652174,0.4782608695652174,
500K,1E-7,full-0,50,1,astrid,true,0.30434782608695654,0.30434782608695654,
500K,1E-7,full-0,50,1,astrid,raxml,0.5217391304347826,0.5217391304347826,
500K,1E-7,full-0,50,1,mpest,true,0.43478260869565216,0.43478260869565216,
500K,1E-7,full-0,50,1,mpest,raxml,0.5652173913043478,0.5652173913043478,
500K,1E-7,full-0,50,1,svdquartets,true,0.5217391304347826,0.5217391304347826,
500K,1E-7,full-0,50,1,astrid-ours,true,0.30434782608695654,0.30434782608695654,True
500K,1E-7,full-0,50,1,astrid-ours,raxml,0.43478260869565216,0.43478260869565216,False
500K,1E-7,full-0,50,2,astral,true,0.2608695652173913,0.2608695652173913,
500K,1E-7,full-0,50,2,astral,raxml,0.2608695652173913,0.2608695652173913,
500K,1E-7,full-0,50,2,astrid,true,0.2608695652173913,0.2608695652173913,
500K,1E-7,full-0,50,2,astrid,raxml,0.30434782608695654,0.30434782608695654,
500K,1E-7,full-0,50,2,mpest,true,0.34782608695652173,0.34782608695652173,
500K,1E-7,full-0,50,2,mpest,raxml,0.4782608695652174,0.4782608695652174,
500K,1E-7,full-0,50,2,svdquartets,true,0.391304347826087,0.391304347826087,
500K,1E-7,full-0,50,2,astrid-ours,true,0.2608695652173913,0.2608695652173913,True
500K,1E-7,full-0,50,2,astrid-ours,raxml,0.34782608695652173,0.34782608695652173,False
500K,1E-7,full-0,50,3,astral,true,0.17391304347826086,0.17391304347826086,
500K,1E-7,full-0,50,3,astral,raxml,0.391304347826087,0.391304347826087,
500K,1E-7,full-0,50,3,astrid,true,0.21739130434782608,0.21739130434782608,
500K,1E-7,full-0,50,3,astrid,raxml,0.30434782608695654,0.30434782608695654,
500K,1E-7,full-0,50,3,mpest,true,0.30434782608695654,0.30434782608695654,
500K,1E-7,full-0,50,3,mpest,raxml,0.43478260869565216,0.43478260869565216,
500K,1E-7,full-0,50,3,svdquartets,true,0.6086956521739131,0.6086956521739131,
500K,1E-7,full-0,50,3,astrid-ours,true,0.21739130434782608,0.21739130434782608,False
500K,1E-7,full-0,50,3,astrid-ours,raxml,0.4782608695652174,0.4782608695652174,False
500K,1E-7,full-0,50,4,astral,true,0.30434782608695654,0.30434782608695654,
500K,1E-7,full-0,50,4,astral,raxml,0.43478260869565216,0.43478260869565216,
500K,1E-7,full-0,50,4,astrid,true,0.21739130434782608,0.21739130434782608,
500K,1E-7,full-0,50,4,astrid,raxml,0.6086956521739131,0.6086956521739131,
500K,1E-7,full-0,50,4,mpest,true,0.391304347826087,0.391304347826087,
500K,1E-7,full-0,50,4,mpest,raxml,0.7391304347826086,0.7391304347826086,
500K,1E-7,full-0,50,4,svdquartets,true,0.5652173913043478,0.5652173913043478,
500K,1E-7,full-0,50,4,astrid-ours,true,0.21739130434782608,0.21739130434782608,True
500K,1E-7,full-0,50,4,astrid-ours,raxml,0.6521739130434783,0.6521739130434783,False
500K,1E-7,full-0,50,5,astral,true,0.2608695652173913,0.2608695652173913,
500K,1E-7,full-0,50,5,astral,raxml,0.5652173913043478,0.5652173913043478,
500K,1E-7,full-0,50,5,astrid,true,0.2608695652173913,0.2608695652173913,
500K,1E-7,full-0,50,5,astrid,raxml,0.5652173913043478,0.5652173913043478,
500K,1E-7,full-0,50,5,mpest,true,0.30434782608695654,0.30434782608695654,
500K,1E-7,full-0,50,5,mpest,raxml,0.6521739130434783,0.6521739130434783,
500K,1E-7,full-0,50,5,svdquartets,true,0.5652173913043478,0.5652173913043478,
500K,1E-7,full-0,50,5,astrid-ours,true,0.2608695652173913,0.2608695652173913,True
500K,1E-7,full-0,50,5,astrid-ours,raxml,0.5652173913043478,0.5652173913043478,True
500K,1E-7,full-0,50,6,astral,true,0.2608695652173913,0.2608695652173913,
500K,1E-7,full-0,50,6,astral,raxml,0.34782608695652173,0.34782608695652173,
500K,1E-7,full-0,50,6,astrid,true,0.2608695652173913,0.2608695652173913,
500K,1E-7,full-0,50,6,astrid,raxml,0.34782608695652173,0.34782608695652173,
500K,1E-7,full-0,50,6,mpest,true,0.391304347826087,0.391304347826087,
500K,1E-7,full-0,50,6,mpest,raxml,0.43478260869565216,0.43478260869565216,
500K,1E-7,full-0,50,6,svdquartets,true,0.5217391304347826,0.5217391304347826,
500K,1E-7,full-0,50,6,astrid-ours,true,0.2608695652173913,0.2608695652173913,True
500K,1E-7,full-0,50,6,astrid-ours,raxml,0.34782608695652173,0.34782608695652173,True
500K,1E-7,full-0,50,7,astral,true,0.17391304347826086,0.17391304347826086,
500K,1E-7,full-0,50,7,astral,raxml,0.2608695652173913,0.2608695652173913,
500K,1E-7,full-0,50,7,astrid,true,0.043478260869565216,0.043478260869565216,
500K,1E-7,full-0,50,7,astrid,raxml,0.21739130434782608,0.21739130434782608,
500K,1E-7,full-0,50,7,mpest,true,0.13043478260869565,0.13043478260869565,
500K,1E-7,full-0,50,7,mpest,raxml,0.2608695652173913,0.2608695652173913,
500K,1E-7,full-0,50,7,svdquartets,true,0.30434782608695654,0.30434782608695654,
500K,1E-7,full-0,50,7,astrid-ours,true,0.043478260869565216,0.043478260869565216,True
500K,1E-7,full-0,50,7,astrid-ours,raxml,0.21739130434782608,0.21739130434782608,True
500K,1E-7,full-0,50,8,astral,true,0.30434782608695654,0.30434782608695654,
500K,1E-7,full-0,50,8,astral,raxml,0.30434782608695654,0.30434782608695654,
500K,1E-7,full-0,50,8,astrid,true,0.2608695652173913,0.2608695652173913,
500K,1E-7,full-0,50,8,astrid,raxml,0.34782608695652173,0.34782608695652173,
500K,1E-7,full-0,50,8,mpest,true,0.34782608695652173,0.34782608695652173,
500K,1E-7,full-0,50,8,mpest,raxml,0.391304347826087,0.391304347826087,
500K,1E-7,full-0,50,8,svdquartets,true,0.5217391304347826,0.5217391304347826,
500K,1E-7,full-0,50,8,astrid-ours,true,0.30434782608695654,0.30434782608695654,False
500K,1E-7,full-0,50,8,astrid-ours,raxml,0.391304347826087,0.391304347826087,False
500K,1E-7,full-0,50,9,astral,true,0.391304347826087,0.391304347826087,
500K,1E-7,full-0,50,9,astral,raxml,0.30434782608695654,0.30434782608695654,
500K,1E-7,full-0,50,9,astrid,true,0.4782608695652174,0.4782608695652174,
500K,1E-7,full-0,50,9,astrid,raxml,0.391304347826087,0.391304347826087,
500K,1E-7,full-0,50,9,mpest,true,0.43478260869565216,0.43478260869565216,
500K,1E-7,full-0,50,9,mpest,raxml,0.43478260869565216,0.43478260869565216,
500K,1E-7,full-0,50,9,svdquartets,true,0.4782608695652174,0.4782608695652174,
500K,1E-7,full-0,50,9,astrid-ours,true,0.4782608695652174,0.4782608695652174,True
500K,1E-7,full-0,50,9,astrid-ours,raxml,0.4782608695652174,0.4782608695652174,False
500K,1E-7,full-0,50,10,astral,true,0.13043478260869565,0.13043478260869565,
500K,1E-7,full-0,50,10,astral,raxml,0.21739130434782608,0.21739130434782608,
500K,1E-7,full-0,50,10,astrid,true,0.08695652173913043,0.08695652173913043,
500K,1E-7,full-0,50,10,astrid,raxml,0.391304347826087,0.391304347826087,
500K,1E-7,full-0,50,10,mpest,true,0.17391304347826086,0.17391304347826086,
500K,1E-7,full-0,50,10,mpest,raxml,0.30434782608695654,0.30434782608695654,
500K,1E-7,full-0,50,10,svdquartets,true,0.34782608695652173,0.34782608695652173,
500K,1E-7,full-0,50,10,astrid-ours,true,0.08695652173913043,0.08695652173913043,True
500K,1E-7,full-0,50,10,astrid-ours,raxml,0.21739130434782608,0.21739130434782608,False
500K,1E-7,full-0,50,11,astral,true,0.30434782608695654,0.30434782608695654,
500K,1E-7,full-0,50,11,astral,raxml,0.4782608695652174,0.4782608695652174,
500K,1E-7,full-0,50,11,astrid,true,0.2608695652173913,0.2608695652173913,
500K,1E-7,full-0,50,11,astrid,raxml,0.43478260869565216,0.43478260869565216,
500K,1E-7,full-0,50,11,mpest,true,0.5652173913043478,0.5652173913043478,
500K,1E-7,full-0,50,11,mpest,raxml,0.5652173913043478,0.5652173913043478,
500K,1E-7,full-0,50,11,svdquartets,true,0.6956521739130435,0.6956521739130435,
500K,1E-7,full-0,50,11,astrid-ours,true,0.2608695652173913,0.2608695652173913,True
500K,1E-7,full-0,50,11,astrid-ours,raxml,0.34782608695652173,0.34782608695652173,False
500K,1E-7,full-0,50,12,astral,true,0.21739130434782608,0.21739130434782608,
500K,1E-7,full-0,50,12,astral,raxml,0.43478260869565216,0.43478260869565216,
500K,1E-7,full-0,50,12,astrid,true,0.2608695652173913,0.2608695652173913,
500K,1E-7,full-0,50,12,astrid,raxml,0.5217391304347826,0.5217391304347826,
500K,1E-7,full-0,50,12,mpest,true,0.30434782608695654,0.30434782608695654,
500K,1E-7,full-0,50,12,mpest,raxml,0.6086956521739131,0.6086956521739131,
500K,1E-7,full-0,50,12,svdquartets,true,0.6521739130434783,0.6521739130434783,
500K,1E-7,full-0,50,12,astrid-ours,true,0.2608695652173913,0.2608695652173913,True
500K,1E-7,full-0,50,12,astrid-ours,raxml,0.4782608695652174,0.4782608695652174,False
500K,1E-7,full-0,50,13,astral,true,0.21739130434782608,0.21739130434782608,
500K,1E-7,full-0,50,13,astral,raxml,0.21739130434782608,0.21739130434782608,
500K,1E-7,full-0,50,13,astrid,true,0.21739130434782608,0.21739130434782608,
500K,1E-7,full-0,50,13,astrid,raxml,0.2608695652173913,0.2608695652173913,
500K,1E-7,full-0,50,13,mpest,true,0.30434782608695654,0.30434782608695654,
500K,1E-7,full-0,50,13,mpest,raxml,0.43478260869565216,0.43478260869565216,
500K,1E-7,full-0,50,13,svdquartets,true,0.6086956521739131,0.6086956521739131,
500K,1E-7,full-0,50,13,astrid-ours,true,0.13043478260869565,0.13043478260869565,False
500K,1E-7,full-0,50,13,astrid-ours,raxml,0.2608695652173913,0.2608695652173913,True
500K,1E-7,full-0,50,14,astral,true,0.2608695652173913,0.2608695652173913,
500K,1E-7,full-0,50,14,astral,raxml,0.21739130434782608,0.21739130434782608,
500K,1E-7,full-0,50,14,astrid,true,0.21739130434782608,0.21739130434782608,
500K,1E-7,full-0,50,14,astrid,raxml,0.2608695652173913,0.2608695652173913,
500K,1E-7,full-0,50,14,mpest,true,0.21739130434782608,0.21739130434782608,
500K,1E-7,full-0,50,14,mpest,raxml,0.391304347826087,0.391304347826087,
500K,1E-7,full-0,50,14,svdquartets,true,0.34782608695652173,0.34782608695652173,
500K,1E-7,full-0,50,14,astrid-ours,true,0.21739130434782608,0.21739130434782608,True
500K,1E-7,full-0,50,14,astrid-ours,raxml,0.2608695652173913,0.2608695652173913,True
500K,1E-7,full-0,50,15,astral,true,0.2608695652173913,0.2608695652173913,
500K,1E-7,full-0,50,15,astral,raxml,0.2608695652173913,0.2608695652173913,
500K,1E-7,full-0,50,15,astrid,true,0.34782608695652173,0.34782608695652173,
500K,1E-7,full-0,50,15,astrid,raxml,0.34782608695652173,0.34782608695652173,
500K,1E-7,full-0,50,15,mpest,true,0.34782608695652173,0.34782608695652173,
500K,1E-7,full-0,50,15,mpest,raxml,0.34782608695652173,0.34782608695652173,
500K,1E-7,full-0,50,15,svdquartets,true,0.6086956521739131,0.6086956521739131,
500K,1E-7,full-0,50,15,astrid-ours,true,0.34782608695652173,0.34782608695652173,True
500K,1E-7,full-0,50,15,astrid-ours,raxml,0.34782608695652173,0.34782608695652173,False
500K,1E-7,full-0,50,16,astral,true,0.391304347826087,0.391304347826087,
500K,1E-7,full-0,50,16,astral,raxml,0.391304347826087,0.391304347826087,
500K,1E-7,full-0,50,16,astrid,true,0.34782608695652173,0.34782608695652173,
500K,1E-7,full-0,50,16,astrid,raxml,0.34782608695652173,0.34782608695652173,
500K,1E-7,full-0,50,16,mpest,true,0.391304347826087,0.391304347826087,
500K,1E-7,full-0,50,16,mpest,raxml,0.391304347826087,0.391304347826087,
500K,1E-7,full-0,50,16,svdquartets,true,0.4782608695652174,0.4782608695652174,
500K,1E-7,full-0,50,16,astrid-ours,true,0.391304347826087,0.391304347826087,False
500K,1E-7,full-0,50,16,astrid-ours,raxml,0.34782608695652173,0.34782608695652173,True
500K,1E-7,full-0,50,17,astral,true,0.13043478260869565,0.13043478260869565,
500K,1E-7,full-0,50,17,astral,raxml,0.2608695652173913,0.2608695652173913,
500K,1E-7,full-0,50,17,astrid,true,0.13043478260869565,0.13043478260869565,
500K,1E-7,full-0,50,17,astrid,raxml,0.4782608695652174,0.4782608695652174,
500K,1E-7,full-0,50,17,mpest,true,0.391304347826087,0.391304347826087,
500K,1E-7,full-0,50,17,mpest,raxml,0.34782608695652173,0.34782608695652173,
500K,1E-7,full-0,50,17,svdquartets,true,0.5217391304347826,0.5217391304347826,
500K,1E-7,full-0,50,17,astrid-ours,true,0.13043478260869565,0.13043478260869565,True
500K,1E-7,full-0,50,17,astrid-ours,raxml,0.30434782608695654,0.30434782608695654,False
500K,1E-7,full-0,50,18,astral,true,0.30434782608695654,0.30434782608695654,
500K,1E-7,full-0,50,18,astral,raxml,0.391304347826087,0.391304347826087,
500K,1E-7,full-0,50,18,astrid,true,0.34782608695652173,0.34782608695652173,
500K,1E-7,full-0,50,18,astrid,raxml,0.391304347826087,0.391304347826087,
500K,1E-7,full-0,50,18,mpest,true,0.391304347826087,0.391304347826087,
500K,1E-7,full-0,50,18,mpest,raxml,0.391304347826087,0.391304347826087,
500K,1E-7,full-0,50,18,svdquartets,true,0.43478260869565216,0.43478260869565216,
500K,1E-7,full-0,50,18,astrid-ours,true,0.30434782608695654,0.30434782608695654,False
500K,1E-7,full-0,50,18,astrid-ours,raxml,0.34782608695652173,0.34782608695652173,False
500K,1E-7,full-0,50,19,astral,true,0.2608695652173913,0.2608695652173913,
500K,1E-7,full-0,50,19,astral,raxml,0.30434782608695654,0.30434782608695654,
500K,1E-7,full-0,50,19,astrid,true,0.17391304347826086,0.17391304347826086,
500K,1E-7,full-0,50,19,astrid,raxml,0.30434782608695654,0.30434782608695654,
500K,1E-7,full-0,50,19,mpest,true,0.391304347826087,0.391304347826087,
500K,1E-7,full-0,50,19,mpest,raxml,0.391304347826087,0.391304347826087,
500K,1E-7,full-0,50,19,svdquartets,true,0.2608695652173913,0.2608695652173913,
500K,1E-7,full-0,50,19,astrid-ours,true,0.17391304347826086,0.17391304347826086,True
500K,1E-7,full-0,50,19,astrid-ours,raxml,0.2608695652173913,0.2608695652173913,False
500K,1E-7,full-0,50,20,astral,true,0.17391304347826086,0.17391304347826086,
500K,1E-7,full-0,50,20,astral,raxml,0.391304347826087,0.391304347826087,
500K,1E-7,full-0,50,20,astrid,true,0.34782608695652173,0.34782608695652173,
500K,1E-7,full-0,50,20,astrid,raxml,0.391304347826087,0.391304347826087,
500K,1E-7,full-0,50,20,mpest,true,0.34782608695652173,0.34782608695652173,
500K,1E-7,full-0,50,20,mpest,raxml,0.5217391304347826,0.5217391304347826,
500K,1E-7,full-0,50,20,svdquartets,true,0.5652173913043478,0.5652173913043478,
500K,1E-7,full-0,50,20,astrid-ours,true,0.34782608695652173,0.34782608695652173,True
500K,1E-7,full-0,50,20,astrid-ours,raxml,0.34782608695652173,0.34782608695652173,False
500K,1E-7,full-0,200,1,astral,true,0.21739130434782608,0.21739130434782608,
500K,1E-7,full-0,200,1,astral,raxml,0.21739130434782608,0.21739130434782608,
500K,1E-7,full-0,200,1,astrid,true,0.17391304347826086,0.17391304347826086,
500K,1E-7,full-0,200,1,astrid,raxml,0.21739130434782608,0.21739130434782608,
500K,1E-7,full-0,200,1,mpest,true,0.30434782608695654,0.30434782608695654,
500K,1E-7,full-0,200,1,mpest,raxml,0.391304347826087,0.391304347826087,
500K,1E-7,full-0,200,1,svdquartets,true,0.34782608695652173,0.34782608695652173,
500K,1E-7,full-0,200,1,astrid-ours,true,0.17391304347826086,0.17391304347826086,True
500K,1E-7,full-0,200,1,astrid-ours,raxml,0.2608695652173913,0.2608695652173913,False
500K,1E-7,full-0,200,2,astral,true,0.13043478260869565,0.13043478260869565,
500K,1E-7,full-0,200,2,astral,raxml,0.08695652173913043,0.08695652173913043,
500K,1E-7,full-0,200,2,astrid,true,0.08695652173913043,0.08695652173913043,
500K,1E-7,full-0,200,2,astrid,raxml,0.13043478260869565,0.13043478260869565,
500K,1E-7,full-0,200,2,mpest,true,0.08695652173913043,0.08695652173913043,
500K,1E-7,full-0,200,2,mpest,raxml,0.21739130434782608,0.21739130434782608,
500K,1E-7,full-0,200,2,svdquartets,true,0.2608695652173913,0.2608695652173913,
500K,1E-7,full-0,200,2,astrid-ours,true,0.08695652173913043,0.08695652173913043,True
500K,1E-7,full-0,200,2,astrid-ours,raxml,0.13043478260869565,0.13043478260869565,True
500K,1E-7,full-0,200,3,astral,true,0.08695652173913043,0.08695652173913043,
500K,1E-7,full-0,200,3,astral,raxml,0.21739130434782608,0.21739130434782608,
500K,1E-7,full-0,200,3,astrid,true,0.08695652173913043,0.08695652173913043,
500K,1E-7,full-0,200,3,astrid,raxml,0.17391304347826086,0.17391304347826086,
500K,1E-7,full-0,200,3,mpest,true,0.13043478260869565,0.13043478260869565,
500K,1E-7,full-0,200,3,mpest,raxml,0.21739130434782608,0.21739130434782608,
500K,1E-7,full-0,200,3,svdquartets,true,0.34782608695652173,0.34782608695652173,
500K,1E-7,full-0,200,3,astrid-ours,true,0.08695652173913043,0.08695652173913043,True
500K,1E-7,full-0,200,3,astrid-ours,raxml,0.17391304347826086,0.17391304347826086,True
500K,1E-7,full-0,200,4,astral,true,0.08695652173913043,0.08695652173913043,
500K,1E-7,full-0,200,4,astral,raxml,0.391304347826087,0.391304347826087,
500K,1E-7,full-0,200,4,astrid,true,0.043478260869565216,0.043478260869565216,
500K,1E-7,full-0,200,4,astrid,raxml,0.391304347826087,0.391304347826087,
500K,1E-7,full-0,200,4,mpest,true,0.08695652173913043,0.08695652173913043,
500K,1E-7,full-0,200,4,mpest,raxml,0.6086956521739131,0.6086956521739131,
500K,1E-7,full-0,200,4,svdquartets,true,0.5652173913043478,0.5652173913043478,
500K,1E-7,full-0,200,4,astrid-ours,true,0.043478260869565216,0.043478260869565216,True
500K,1E-7,full-0,200,4,astrid-ours,raxml,0.43478260869565216,0.43478260869565216,False
500K,1E-7,full-0,200,5,astral,true,0.13043478260869565,0.13043478260869565,
500K,1E-7,full-0,200,5,astral,raxml,0.17391304347826086,0.17391304347826086,
500K,1E-7,full-0,200,5,astrid,true,0.08695652173913043,0.08695652173913043,
500K,1E-7,full-0,200,5,astrid,raxml,0.13043478260869565,0.13043478260869565,
500K,1E-7,full-0,200,5,mpest,true,0.21739130434782608,0.21739130434782608,
500K,1E-7,full-0,200,5,mpest,raxml,0.30434782608695654,0.30434782608695654,
500K,1E-7,full-0,200,5,svdquartets,true,0.34782608695652173,0.34782608695652173,
500K,1E-7,full-0,200,5,astrid-ours,true,0.08695652173913043,0.08695652173913043,True
500K,1E-7,full-0,200,5,astrid-ours,raxml,0.17391304347826086,0.17391304347826086,False
500K,1E-7,full-0,200,6,astral,true,0.21739130434782608,0.21739130434782608,
500K,1E-7,full-0,200,6,astral,raxml,0.21739130434782608,0.21739130434782608,
500K,1E-7,full-0,200,6,astrid,true,0.13043478260869565,0.13043478260869565,
500K,1E-7,full-0,200,6,astrid,raxml,0.21739130434782608,0.21739130434782608,
500K,1E-7,full-0,200,6,mpest,true,0.21739130434782608,0.21739130434782608,
500K,1E-7,full-0,200,6,mpest,raxml,0.21739130434782608,0.21739130434782608,
500K,1E-7,full-0,200,6,svdquartets,true,0.34782608695652173,0.34782608695652173,
500K,1E-7,full-0,200,6,astrid-ours,true,0.13043478260869565,0.13043478260869565,True
500K,1E-7,full-0,200,6,astrid-ours,raxml,0.21739130434782608,0.21739130434782608,True
500K,1E-7,full-0,200,7,astral,true,0.08695652173913043,0.08695652173913043,
500K,1E-7,full-0,200,7,astral,raxml,0.08695652173913043,0.08695652173913043,
500K,1E-7,full-0,200,7,astrid,true,0.043478260869565216,0.043478260869565216,
500K,1E-7,full-0,200,7,astrid,raxml,0.13043478260869565,0.13043478260869565,
500K,1E-7,full-0,200,7,mpest,true,0.043478260869565216,0.043478260869565216,
500K,1E-7,full-0,200,7,mpest,raxml,0.043478260869565216,0.043478260869565216,
500K,1E-7,full-0,200,7,svdquartets,true,0.21739130434782608,0.21739130434782608,
500K,1E-7,full-0,200,7,astrid-ours,true,0.043478260869565216,0.043478260869565216,True
500K,1E-7,full-0,200,7,astrid-ours,raxml,0.043478260869565216,0.043478260869565216,False
500K,1E-7,full-0,200,8,astral,true,0.13043478260869565,0.13043478260869565,
500K,1E-7,full-0,200,8,astral,raxml,0.17391304347826086,0.17391304347826086,
500K,1E-7,full-0,200,8,astrid,true,0.13043478260869565,0.13043478260869565,
500K,1E-7,full-0,200,8,astrid,raxml,0.17391304347826086,0.17391304347826086,
500K,1E-7,full-0,200,8,mpest,true,0.17391304347826086,0.17391304347826086,
500K,1E-7,full-0,200,8,mpest,raxml,0.21739130434782608,0.21739130434782608,
500K,1E-7,full-0,200,8,svdquartets,true,0.30434782608695654,0.30434782608695654,
500K,1E-7,full-0,200,8,astrid-ours,true,0.13043478260869565,0.13043478260869565,True
500K,1E-7,full-0,200,8,astrid-ours,raxml,0.17391304347826086,0.17391304347826086,True
500K,1E-7,full-0,200,9,astral,true,0.30434782608695654,0.30434782608695654,
500K,1E-7,full-0,200,9,astral,raxml,0.34782608695652173,0.34782608695652173,
500K,1E-7,full-0,200,9,astrid,true,0.34782608695652173,0.34782608695652173,
500K,1E-7,full-0,200,9,astrid,raxml,0.34782608695652173,0.34782608695652173,
500K,1E-7,full-0,200,9,mpest,true,0.34782608695652173,0.34782608695652173,
500K,1E-7,full-0,200,9,mpest,raxml,0.43478260869565216,0.43478260869565216,
500K,1E-7,full-0,200,9,svdquartets,true,0.391304347826087,0.391304347826087,
500K,1E-7,full-0,200,9,astrid-ours,true,0.34782608695652173,0.34782608695652173,True
500K,1E-7,full-0,200,9,astrid-ours,raxml,0.17391304347826086,0.17391304347826086,False
500K,1E-7,full-0,200,10,astral,true,0.08695652173913043,0.08695652173913043,
500K,1E-7,full-0,200,10,astral,raxml,0.08695652173913043,0.08695652173913043,
500K,1E-7,full-0,200,10,astrid,true,0.08695652173913043,0.08695652173913043,
500K,1E-7,full-0,200,10,astrid,raxml,0.08695652173913043,0.08695652173913043,
500K,1E-7,full-0,200,10,mpest,true,0.08695652173913043,0.08695652173913043,
500K,1E-7,full-0,200,10,mpest,raxml,0.21739130434782608,0.21739130434782608,
500K,1E-7,full-0,200,10,svdquartets,true,0.13043478260869565,0.13043478260869565,
500K,1E-7,full-0,200,10,astrid-ours,true,0.08695652173913043,0.08695652173913043,True
500K,1E-7,full-0,200,10,astrid-ours,raxml,0.08695652173913043,0.08695652173913043,True
500K,1E-7,full-0,200,11,astral,true,0.17391304347826086,0.17391304347826086,
500K,1E-7,full-0,200,11,astral,raxml,0.17391304347826086,0.17391304347826086,
500K,1E-7,full-0,200,11,astrid,true,0.17391304347826086,0.17391304347826086,
500K,1E-7,full-0,200,11,astrid,raxml,0.2608695652173913,0.2608695652173913,
500K,1E-7,full-0,200,11,mpest,true,0.2608695652173913,0.2608695652173913,
500K,1E-7,full-0,200,11,mpest,raxml,0.21739130434782608,0.21739130434782608,
500K,1E-7,full-0,200,11,svdquartets,true,0.2608695652173913,0.2608695652173913,
500K,1E-7,full-0,200,11,astrid-ours,true,0.17391304347826086,0.17391304347826086,True
500K,1E-7,full-0,200,11,astrid-ours,raxml,0.2608695652173913,0.2608695652173913,True
500K,1E-7,full-0,200,12,astral,true,0.08695652173913043,0.08695652173913043,
500K,1E-7,full-0,200,12,astral,raxml,0.2608695652173913,0.2608695652173913,
500K,1E-7,full-0,200,12,astrid,true,0.08695652173913043,0.08695652173913043,
500K,1E-7,full-0,200,12,astrid,raxml,0.21739130434782608,0.21739130434782608,
500K,1E-7,full-0,200,12,mpest,true,0.13043478260869565,0.13043478260869565,
500K,1E-7,full-0,200,12,mpest,raxml,0.34782608695652173,0.34782608695652173,
500K,1E-7,full-0,200,12,svdquartets,true,0.6086956521739131,0.6086956521739131,
500K,1E-7,full-0,200,12,astrid-ours,true,0.08695652173913043,0.08695652173913043,True
500K,1E-7,full-0,200,12,astrid-ours,raxml,0.30434782608695654,0.30434782608695654,False
500K,1E-7,full-0,200,13,astral,true,0.17391304347826086,0.17391304347826086,
500K,1E-7,full-0,200,13,astral,raxml,0.17391304347826086,0.17391304347826086,
500K,1E-7,full-0,200,13,astrid,true,0.13043478260869565,0.13043478260869565,
500K,1E-7,full-0,200,13,astrid,raxml,0.17391304347826086,0.17391304347826086,
500K,1E-7,full-0,200,13,mpest,true,0.17391304347826086,0.17391304347826086,
500K,1E-7,full-0,200,13,mpest,raxml,0.21739130434782608,0.21739130434782608,
500K,1E-7,full-0,200,13,svdquartets,true,0.21739130434782608,0.21739130434782608,
500K,1E-7,full-0,200,13,astrid-ours,true,0.13043478260869565,0.13043478260869565,True
500K,1E-7,full-0,200,13,astrid-ours,raxml,0.17391304347826086,0.17391304347826086,True
500K,1E-7,full-0,200,14,astral,true,0.2608695652173913,0.2608695652173913,
500K,1E-7,full-0,200,14,astral,raxml,0.2608695652173913,0.2608695652173913,
500K,1E-7,full-0,200,14,astrid,true,0.21739130434782608,0.21739130434782608,
500K,1E-7,full-0,200,14,astrid,raxml,0.21739130434782608,0.21739130434782608,
500K,1E-7,full-0,200,14,mpest,true,0.30434782608695654,0.30434782608695654,
500K,1E-7,full-0,200,14,mpest,raxml,0.30434782608695654,0.30434782608695654,
500K,1E-7,full-0,200,14,svdquartets,true,0.30434782608695654,0.30434782608695654,
500K,1E-7,full-0,200,14,astrid-ours,true,0.21739130434782608,0.21739130434782608,True
500K,1E-7,full-0,200,14,astrid-ours,raxml,0.21739130434782608,0.21739130434782608,True
500K,1E-7,full-0,200,15,astral,true,0.21739130434782608,0.21739130434782608,
500K,1E-7,full-0,200,15,astral,raxml,0.2608695652173913,0.2608695652173913,
500K,1E-7,full-0,200,15,astrid,true,0.21739130434782608,0.21739130434782608,
500K,1E-7,full-0,200,15,astrid,raxml,0.21739130434782608,0.21739130434782608,
500K,1E-7,full-0,200,15,mpest,true,0.21739130434782608,0.21739130434782608,
500K,1E-7,full-0,200,15,mpest,raxml,0.30434782608695654,0.30434782608695654,
500K,1E-7,full-0,200,15,svdquartets,true,0.34782608695652173,0.34782608695652173,
500K,1E-7,full-0,200,15,astrid-ours,true,0.21739130434782608,0.21739130434782608,True
500K,1E-7,full-0,200,15,astrid-ours,raxml,0.2608695652173913,0.2608695652173913,False
500K,1E-7,full-0,200,16,astral,true,0.13043478260869565,0.13043478260869565,
500K,1E-7,full-0,200,16,astral,raxml,0.13043478260869565,0.13043478260869565,
500K,1E-7,full-0,200,16,astrid,true,0.13043478260869565,0.13043478260869565,
500K,1E-7,full-0,200,16,astrid,raxml,0.13043478260869565,0.13043478260869565,
500K,1E-7,full-0,200,16,mpest,true,0.17391304347826086,0.17391304347826086,
500K,1E-7,full-0,200,16,mpest,raxml,0.13043478260869565,0.13043478260869565,
500K,1E-7,full-0,200,16,svdquartets,true,0.34782608695652173,0.34782608695652173,
500K,1E-7,full-0,200,16,astrid-ours,true,0.13043478260869565,0.13043478260869565,True
500K,1E-7,full-0,200,16,astrid-ours,raxml,0.13043478260869565,0.13043478260869565,True
500K,1E-7,full-0,200,17,astral,true,0.0,0.0,
500K,1E-7,full-0,200,17,astral,raxml,0.043478260869565216,0.043478260869565216,
500K,1E-7,full-0,200,17,astrid,true,0.0,0.0,
500K,1E-7,full-0,200,17,astrid,raxml,0.13043478260869565,0.13043478260869565,
500K,1E-7,full-0,200,17,mpest,true,0.13043478260869565,0.13043478260869565,
500K,1E-7,full-0,200,17,mpest,raxml,0.17391304347826086,0.17391304347826086,
500K,1E-7,full-0,200,17,svdquartets,true,0.2608695652173913,0.2608695652173913,
500K,1E-7,full-0,200,17,astrid-ours,true,0.0,0.0,True
500K,1E-7,full-0,200,17,astrid-ours,raxml,0.13043478260869565,0.13043478260869565,True
500K,1E-7,full-0,200,18,astral,true,0.2608695652173913,0.2608695652173913,
500K,1E-7,full-0,200,18,astral,raxml,0.2608695652173913,0.2608695652173913,
500K,1E-7,full-0,200,18,astrid,true,0.13043478260869565,0.13043478260869565,
500K,1E-7,full-0,200,18,astrid,raxml,0.21739130434782608,0.21739130434782608,
500K,1E-7,full-0,200,18,mpest,true,0.30434782608695654,0.30434782608695654,
500K,1E-7,full-0,200,18,mpest,raxml,0.34782608695652173,0.34782608695652173,
500K,1E-7,full-0,200,18,svdquartets,true,0.391304347826087,0.391304347826087,
500K,1E-7,full-0,200,18,astrid-ours,true,0.17391304347826086,0.17391304347826086,False
500K,1E-7,full-0,200,18,astrid-ours,raxml,0.21739130434782608,0.21739130434782608,True
500K,1E-7,full-0,200,19,astral,true,0.13043478260869565,0.13043478260869565,
500K,1E-7,full-0,200,19,astral,raxml,0.21739130434782608,0.21739130434782608,
500K,1E-7,full-0,200,19,astrid,true,0.08695652173913043,0.08695652173913043,
500K,1E-7,full-0,200,19,astrid,raxml,0.17391304347826086,0.17391304347826086,
500K,1E-7,full-0,200,19,mpest,true,0.21739130434782608,0.21739130434782608,
500K,1E-7,full-0,200,19,mpest,raxml,0.21739130434782608,0.21739130434782608,
500K,1E-7,full-0,200,19,svdquartets,true,0.30434782608695654,0.30434782608695654,
500K,1E-7,full-0,200,19,astrid-ours,true,0.08695652173913043,0.08695652173913043,True
500K,1E-7,full-0,200,19,astrid-ours,raxml,0.17391304347826086,0.17391304347826086,False
500K,1E-7,full-0,200,20,astral,true,0.13043478260869565,0.13043478260869565,
500K,1E-7,full-0,200,20,astral,raxml,0.17391304347826086,0.17391304347826086,
500K,1E-7,full-0,200,20,astrid,true,0.08695652173913043,0.08695652173913043,
500K,1E-7,full-0,200,20,astrid,raxml,0.21739130434782608,0.21739130434782608,
500K,1E-7,full-0,200,20,mpest,true,0.30434782608695654,0.30434782608695654,
500K,1E-7,full-0,200,20,mpest,raxml,0.13043478260869565,0.13043478260869565,
500K,1E-7,full-0,200,20,svdquartets,true,0.43478260869565216,0.43478260869565216,
500K,1E-7,full-0,200,20,astrid-ours,true,0.08695652173913043,0.08695652173913043,True
500K,1E-7,full-0,200,20,astrid-ours,raxml,0.17391304347826086,0.17391304347826086,False
500K,1E-7,full-0,1000,1,astral,true,0.17391304347826086,0.17391304347826086,
500K,1E-7,full-0,1000,1,astral,raxml,0.2608695652173913,0.2608695652173913,
500K,1E-7,full-0,1000,1,astrid,true,0.08695652173913043,0.08695652173913043,
500K,1E-7,full-0,1000,1,astrid,raxml,0.21739130434782608,0.21739130434782608,
500K,1E-7,full-0,1000,1,mpest,true,0.17391304347826086,0.17391304347826086,
500K,1E-7,full-0,1000,1,mpest,raxml,0.17391304347826086,0.17391304347826086,
500K,1E-7,full-0,1000,1,svdquartets,true,0.30434782608695654,0.30434782608695654,
500K,1E-7,full-0,1000,1,astrid-ours,true,0.08695652173913043,0.08695652173913043,True
500K,1E-7,full-0,1000,1,astrid-ours,raxml,0.21739130434782608,0.21739130434782608,False
500K,1E-7,full-0,1000,2,astral,true,0.0,0.0,
500K,1E-7,full-0,1000,2,astral,raxml,0.043478260869565216,0.043478260869565216,
500K,1E-7,full-0,1000,2,astrid,true,0.0,0.0,
500K,1E-7,full-0,1000,2,astrid,raxml,0.08695652173913043,0.08695652173913043,
500K,1E-7,full-0,1000,2,mpest,true,0.0,0.0,
500K,1E-7,full-0,1000,2,mpest,raxml,0.0,0.0,
500K,1E-7,full-0,1000,2,svdquartets,true,0.13043478260869565,0.13043478260869565,
500K,1E-7,full-0,1000,2,astrid-ours,true,0.0,0.0,True
500K,1E-7,full-0,1000,2,astrid-ours,raxml,0.043478260869565216,0.043478260869565216,False
500K,1E-7,full-0,1000,3,astral,true,0.08695652173913043,0.08695652173913043,
500K,1E-7,full-0,1000,3,astral,raxml,0.17391304347826086,0.17391304347826086,
500K,1E-7,full-0,1000,3,astrid,true,0.043478260869565216,0.043478260869565216,
500K,1E-7,full-0,1000,3,astrid,raxml,0.13043478260869565,0.13043478260869565,
500K,1E-7,full-0,1000,3,mpest,true,0.08695652173913043,0.08695652173913043,
500K,1E-7,full-0,1000,3,mpest,raxml,0.17391304347826086,0.17391304347826086,
500K,1E-7,full-0,1000,3,svdquartets,true,0.21739130434782608,0.21739130434782608,
500K,1E-7,full-0,1000,3,astrid-ours,true,0.043478260869565216,0.043478260869565216,True
500K,1E-7,full-0,1000,3,astrid-ours,raxml,0.13043478260869565,0.13043478260869565,True
500K,1E-7,full-0,1000,4,astral,true,0.0,0.0,
500K,1E-7,full-0,1000,4,astral,raxml,0.21739130434782608,0.21739130434782608,
500K,1E-7,full-0,1000,4,astrid,true,0.043478260869565216,0.043478260869565216,
500K,1E-7,full-0,1000,4,astrid,raxml,0.2608695652173913,0.2608695652173913,
500K,1E-7,full-0,1000,4,mpest,true,0.043478260869565216,0.043478260869565216,
500K,1E-7,full-0,1000,4,mpest,raxml,0.21739130434782608,0.21739130434782608,
500K,1E-7,full-0,1000,4,svdquartets,true,0.2608695652173913,0.2608695652173913,
500K,1E-7,full-0,1000,4,astrid-ours,true,0.043478260869565216,0.043478260869565216,True
500K,1E-7,full-0,1000,4,astrid-ours,raxml,0.2608695652173913,0.2608695652173913,True
500K,1E-7,full-0,1000,5,astral,true,0.043478260869565216,0.043478260869565216,
500K,1E-7,full-0,1000,5,astral,raxml,0.13043478260869565,0.13043478260869565,
500K,1E-7,full-0,1000,5,astrid,true,0.0,0.0,
500K,1E-7,full-0,1000,5,astrid,raxml,0.08695652173913043,0.08695652173913043,
500K,1E-7,full-0,1000,5,mpest,true,0.0,0.0,
500K,1E-7,full-0,1000,5,mpest,raxml,0.34782608695652173,0.34782608695652173,
500K,1E-7,full-0,1000,5,svdquartets,true,0.21739130434782608,0.21739130434782608,
500K,1E-7,full-0,1000,5,astrid-ours,true,0.0,0.0,True
500K,1E-7,full-0,1000,5,astrid-ours,raxml,0.08695652173913043,0.08695652173913043,True
500K,1E-7,full-0,1000,6,astral,true,0.13043478260869565,0.13043478260869565,
500K,1E-7,full-0,1000,6,astral,raxml,0.043478260869565216,0.043478260869565216,
500K,1E-7,full-0,1000,6,astrid,true,0.08695652173913043,0.08695652173913043,
500K,1E-7,full-0,1000,6,astrid,raxml,0.13043478260869565,0.13043478260869565,
500K,1E-7,full-0,1000,6,mpest,true,0.17391304347826086,0.17391304347826086,
500K,1E-7,full-0,1000,6,mpest,raxml,0.17391304347826086,0.17391304347826086,
500K,1E-7,full-0,1000,6,svdquartets,true,0.2608695652173913,0.2608695652173913,
500K,1E-7,full-0,1000,6,astrid-ours,true,0.08695652173913043,0.08695652173913043,False
500K,1E-7,full-0,1000,6,astrid-ours,raxml,0.13043478260869565,0.13043478260869565,True
500K,1E-7,full-0,1000,7,astral,true,0.0,0.0,
500K,1E-7,full-0,1000,7,astral,raxml,0.0,0.0,
500K,1E-7,full-0,1000,7,astrid,true,0.0,0.0,
500K,1E-7,full-0,1000,7,astrid,raxml,0.0,0.0,
500K,1E-7,full-0,1000,7,mpest,true,0.0,0.0,
500K,1E-7,full-0,1000,7,mpest,raxml,0.0,0.0,
500K,1E-7,full-0,1000,7,svdquartets,true,0.08695652173913043,0.08695652173913043,
500K,1E-7,full-0,1000,7,astrid-ours,true,0.0,0.0,True
500K,1E-7,full-0,1000,7,astrid-ours,raxml,0.0,0.0,True
500K,1E-7,full-0,1000,8,astral,true,0.0,0.0,
500K,1E-7,full-0,1000,8,astral,raxml,0.043478260869565216,0.043478260869565216,
500K,1E-7,full-0,1000,8,astrid,true,0.043478260869565216,0.043478260869565216,
500K,1E-7,full-0,1000,8,astrid,raxml,0.13043478260869565,0.13043478260869565,
500K,1E-7,full-0,1000,8,mpest,true,0.13043478260869565,0.13043478260869565,
500K,1E-7,full-0,1000,8,mpest,raxml,0.13043478260869565,0.13043478260869565,
500K,1E-7,full-0,1000,8,svdquartets,true,0.2608695652173913,0.2608695652173913,
500K,1E-7,full-0,1000,8,astrid-ours,true,0.043478260869565216,0.043478260869565216,True
500K,1E-7,full-0,1000,8,astrid-ours,raxml,0.13043478260869565,0.13043478260869565,False
500K,1E-7,full-0,1000,9,astral,true,0.08695652173913043,0.08695652173913043,
500K,1E-7,full-0,1000,9,astral,raxml,0.08695652173913043,0.08695652173913043,
500K,1E-7,full-0,1000,9,astrid,true,0.08695652173913043,0.08695652173913043,
500K,1E-7,full-0,1000,9,astrid,raxml,0.13043478260869565,0.13043478260869565,
500K,1E-7,full-0,1000,9,mpest,true,0.17391304347826086,0.17391304347826086,
500K,1E-7,full-0,1000,9,mpest,raxml,0.17391304347826086,0.17391304347826086,
500K,1E-7,full-0,1000,9,svdquartets,true,0.2608695652173913,0.2608695652173913,
500K,1E-7,full-0,1000,9,astrid-ours,true,0.08695652173913043,0.08695652173913043,True
500K,1E-7,full-0,1000,9,astrid-ours,raxml,0.13043478260869565,0.13043478260869565,True
500K,1E-7,full-0,1000,10,astral,true,0.0,0.0,
500K,1E-7,full-0,1000,10,astral,raxml,0.043478260869565216,0.043478260869565216,
500K,1E-7,full-0,1000,10,astrid,true,0.0,0.0,
500K,1E-7,full-0,1000,10,astrid,raxml,0.0,0.0,
500K,1E-7,full-0,1000,10,mpest,true,0.043478260869565216,0.043478260869565216,
500K,1E-7,full-0,1000,10,mpest,raxml,0.08695652173913043,0.08695652173913043,
500K,1E-7,full-0,1000,10,svdquartets,true,0.13043478260869565,0.13043478260869565,
500K,1E-7,full-0,1000,10,astrid-ours,true,0.0,0.0,True
500K,1E-7,full-0,1000,10,astrid-ours,raxml,0.0,0.0,True
500K,1E-7,full-0,1000,11,astral,true,0.08695652173913043,0.08695652173913043,
500K,1E-7,full-0,1000,11,astral,raxml,0.08695652173913043,0.08695652173913043,
500K,1E-7,full-0,1000,11,astrid,true,0.08695652173913043,0.08695652173913043,
500K,1E-7,full-0,1000,11,astrid,raxml,0.08695652173913043,0.08695652173913043,
500K,1E-7,full-0,1000,11,mpest,true,0.13043478260869565,0.13043478260869565,
500K,1E-7,full-0,1000,11,mpest,raxml,0.13043478260869565,0.13043478260869565,
500K,1E-7,full-0,1000,11,svdquartets,true,0.13043478260869565,0.13043478260869565,
500K,1E-7,full-0,1000,11,astrid-ours,true,0.08695652173913043,0.08695652173913043,True
500K,1E-7,full-0,1000,11,astrid-ours,raxml,0.08695652173913043,0.08695652173913043,True
500K,1E-7,full-0,1000,12,astral,true,0.0,0.0,
500K,1E-7,full-0,1000,12,astral,raxml,0.2608695652173913,0.2608695652173913,
500K,1E-7,full-0,1000,12,astrid,true,0.0,0.0,
500K,1E-7,full-0,1000,12,astrid,raxml,0.2608695652173913,0.2608695652173913,
500K,1E-7,full-0,1000,12,mpest,true,0.08695652173913043,0.08695652173913043,
500K,1E-7,full-0,1000,12,mpest,raxml,0.30434782608695654,0.30434782608695654,
500K,1E-7,full-0,1000,12,svdquartets,true,0.21739130434782608,0.21739130434782608,
500K,1E-7,full-0,1000,12,astrid-ours,true,0.0,0.0,True
500K,1E-7,full-0,1000,12,astrid-ours,raxml,0.2608695652173913,0.2608695652173913,True
500K,1E-7,full-0,1000,13,astral,true,0.08695652173913043,0.08695652173913043,
500K,1E-7,full-0,1000,13,astral,raxml,0.043478260869565216,0.043478260869565216,
500K,1E-7,full-0,1000,13,astrid,true,0.08695652173913043,0.08695652173913043,
500K,1E-7,full-0,1000,13,astrid,raxml,0.08695652173913043,0.08695652173913043,
500K,1E-7,full-0,1000,13,mpest,true,0.043478260869565216,0.043478260869565216,
500K,1E-7,full-0,1000,13,mpest,raxml,0.08695652173913043,0.08695652173913043,
500K,1E-7,full-0,1000,13,svdquartets,true,0.17391304347826086,0.17391304347826086,
500K,1E-7,full-0,1000,13,astrid-ours,true,0.08695652173913043,0.08695652173913043,True
500K,1E-7,full-0,1000,13,astrid-ours,raxml,0.08695652173913043,0.08695652173913043,True
500K,1E-7,full-0,1000,14,astral,true,0.08695652173913043,0.08695652173913043,
500K,1E-7,full-0,1000,14,astral,raxml,0.08695652173913043,0.08695652173913043,
500K,1E-7,full-0,1000,14,astrid,true,0.08695652173913043,0.08695652173913043,
500K,1E-7,full-0,1000,14,astrid,raxml,0.08695652173913043,0.08695652173913043,
500K,1E-7,full-0,1000,14,mpest,true,0.17391304347826086,0.17391304347826086,
500K,1E-7,full-0,1000,14,mpest,raxml,0.13043478260869565,0.13043478260869565,
500K,1E-7,full-0,1000,14,svdquartets,true,0.21739130434782608,0.21739130434782608,
500K,1E-7,full-0,1000,14,astrid-ours,true,0.08695652173913043,0.08695652173913043,True
500K,1E-7,full-0,1000,14,astrid-ours,raxml,0.08695652173913043,0.08695652173913043,True
500K,1E-7,full-0,1000,15,astral,true,0.08695652173913043,0.08695652173913043,
500K,1E-7,full-0,1000,15,astral,raxml,0.08695652173913043,0.08695652173913043,
500K,1E-7,full-0,1000,15,astrid,true,0.13043478260869565,0.13043478260869565,
500K,1E-7,full-0,1000,15,astrid,raxml,0.08695652173913043,0.08695652173913043,
500K,1E-7,full-0,1000,15,mpest,true,0.13043478260869565,0.13043478260869565,
500K,1E-7,full-0,1000,15,mpest,raxml,0.08695652173913043,0.08695652173913043,
500K,1E-7,full-0,1000,15,svdquartets,true,0.21739130434782608,0.21739130434782608,
500K,1E-7,full-0,1000,15,astrid-ours,true,0.13043478260869565,0.13043478260869565,True
500K,1E-7,full-0,1000,15,astrid-ours,raxml,0.08695652173913043,0.08695652173913043,True
500K,1E-7,full-0,1000,16,astral,true,0.08695652173913043,0.08695652173913043,
500K,1E-7,full-0,1000,16,astral,raxml,0.08695652173913043,0.08695652173913043,
500K,1E-7,full-0,1000,16,astrid,true,0.08695652173913043,0.08695652173913043,
500K,1E-7,full-0,1000,16,astrid,raxml,0.13043478260869565,0.13043478260869565,
500K,1E-7,full-0,1000,16,mpest,true,0.08695652173913043,0.08695652173913043,
500K,1E-7,full-0,1000,16,mpest,raxml,0.13043478260869565,0.13043478260869565,
500K,1E-7,full-0,1000,16,svdquartets,true,0.043478260869565216,0.043478260869565216,
500K,1E-7,full-0,1000,16,astrid-ours,true,0.08695652173913043,0.08695652173913043,True
500K,1E-7,full-0,1000,16,astrid-ours,raxml,0.13043478260869565,0.13043478260869565,True
500K,1E-7,full-0,1000,17,astral,true,0.0,0.0,
500K,1E-7,full-0,1000,17,astral,raxml,0.08695652173913043,0.08695652173913043,
500K,1E-7,full-0,1000,17,astrid,true,0.0,0.0,
500K,1E-7,full-0,1000,17,astrid,raxml,0.043478260869565216,0.043478260869565216,
500K,1E-7,full-0,1000,17,mpest,true,0.0,0.0,
500K,1E-7,full-0,1000,17,mpest,raxml,0.21739130434782608,0.21739130434782608,
500K,1E-7,full-0,1000,17,svdquartets,true,0.13043478260869565,0.13043478260869565,
500K,1E-7,full-0,1000,17,astrid-ours,true,0.0,0.0,True
500K,1E-7,full-0,1000,17,astrid-ours,raxml,0.043478260869565216,0.043478260869565216,True
500K,1E-7,full-0,1000,18,astral,true,0.17391304347826086,0.17391304347826086,
500K,1E-7,full-0,1000,18,astral,raxml,0.08695652173913043,0.08695652173913043,
500K,1E-7,full-0,1000,18,astrid,true,0.08695652173913043,0.08695652173913043,
500K,1E-7,full-0,1000,18,astrid,raxml,0.13043478260869565,0.13043478260869565,
500K,1E-7,full-0,1000,18,mpest,true,0.17391304347826086,0.17391304347826086,
500K,1E-7,full-0,1000,18,mpest,raxml,0.17391304347826086,0.17391304347826086,
500K,1E-7,full-0,1000,18,svdquartets,true,0.34782608695652173,0.34782608695652173,
500K,1E-7,full-0,1000,18,astrid-ours,true,0.08695652173913043,0.08695652173913043,True
500K,1E-7,full-0,1000,18,astrid-ours,raxml,0.13043478260869565,0.13043478260869565,True
500K,1E-7,full-0,1000,19,astral,true,0.08695652173913043,0.08695652173913043,
500K,1E-7,full-0,1000,19,astral,raxml,0.08695652173913043,0.08695652173913043,
500K,1E-7,full-0,1000,19,astrid,true,0.08695652173913043,0.08695652173913043,
500K,1E-7,full-0,1000,19,astrid,raxml,0.08695652173913043,0.08695652173913043,
500K,1E-7,full-0,1000,19,mpest,true,0.08695652173913043,0.08695652173913043,
500K,1E-7,full-0,1000,19,mpest,raxml,0.13043478260869565,0.13043478260869565,
500K,1E-7,full-0,1000,19,svdquartets,true,0.2608695652173913,0.2608695652173913,
500K,1E-7,full-0,1000,19,astrid-ours,true,0.08695652173913043,0.08695652173913043,True
500K,1E-7,full-0,1000,19,astrid-ours,raxml,0.08695652173913043,0.08695652173913043,True
500K,1E-7,full-0,1000,20,astral,true,0.0,0.0,
500K,1E-7,full-0,1000,20,astral,raxml,0.043478260869565216,0.043478260869565216,
500K,1E-7,full-0,1000,20,astrid,true,0.043478260869565216,0.043478260869565216,
500K,1E-7,full-0,1000,20,astrid,raxml,0.043478260869565216,0.043478260869565216,
500K,1E-7,full-0,1000,20,mpest,true,0.043478260869565216,0.043478260869565216,
500K,1E-7,full-0,1000,20,mpest,raxml,0.043478260869565216,0.043478260869565216,
500K,1E-7,full-0,1000,20,svdquartets,true,0.17391304347826086,0.17391304347826086,
500K,1E-7,full-0,1000,20,astrid-ours,true,0.043478260869565216,0.043478260869565216,True
500K,1E-7,full-0,1000,20,astrid-ours,raxml,0.043478260869565216,0.043478260869565216,True
500K,1E-7,rand-30,50,1,astral,true,0.43478260869565216,0.43478260869565216,
500K,1E-7,rand-30,50,1,astral,raxml,0.5217391304347826,0.5217391304347826,
500K,1E-7,rand-30,50,1,astrid,true,0.5652173913043478,0.5652173913043478,
500K,1E-7,rand-30,50,1,astrid,raxml,0.5652173913043478,0.5652173913043478,
500K,1E-7,rand-30,50,1,mpest,true,0.5652173913043478,0.5652173913043478,
500K,1E-7,rand-30,50,1,mpest,raxml,0.6086956521739131,0.6086956521739131,
500K,1E-7,rand-30,50,1,svdquartets,true,0.7391304347826086,0.7391304347826086,
500K,1E-7,rand-30,50,1,astrid-ours,true,0.4782608695652174,0.4782608695652174,False
500K,1E-7,rand-30,50,1,astrid-ours,raxml,0.5652173913043478,0.5652173913043478,False
500K,1E-7,rand-30,50,2,astral,true,0.34782608695652173,0.34782608695652173,
500K,1E-7,rand-30,50,2,astral,raxml,0.43478260869565216,0.43478260869565216,
500K,1E-7,rand-30,50,2,astrid,true,0.34782608695652173,0.34782608695652173,
500K,1E-7,rand-30,50,2,astrid,raxml,0.43478260869565216,0.43478260869565216,
500K,1E-7,rand-30,50,2,mpest,true,0.34782608695652173,0.34782608695652173,
500K,1E-7,rand-30,50,2,mpest,raxml,0.43478260869565216,0.43478260869565216,
500K,1E-7,rand-30,50,2,svdquartets,true,0.5217391304347826,0.5217391304347826,
500K,1E-7,rand-30,50,2,astrid-ours,true,0.2608695652173913,0.2608695652173913,False
500K,1E-7,rand-30,50,2,astrid-ours,raxml,0.391304347826087,0.391304347826087,False
500K,1E-7,rand-30,50,3,astral,true,0.5652173913043478,0.5652173913043478,
500K,1E-7,rand-30,50,3,astral,raxml,0.5652173913043478,0.5652173913043478,
500K,1E-7,rand-30,50,3,astrid,true,0.5652173913043478,0.5652173913043478,
500K,1E-7,rand-30,50,3,astrid,raxml,0.6086956521739131,0.6086956521739131,
500K,1E-7,rand-30,50,3,mpest,true,0.5217391304347826,0.5217391304347826,
500K,1E-7,rand-30,50,3,mpest,raxml,0.4782608695652174,0.4782608695652174,
500K,1E-7,rand-30,50,3,svdquartets,true,0.6956521739130435,0.6956521739130435,
500K,1E-7,rand-30,50,3,astrid-ours,true,0.5217391304347826,0.5217391304347826,False
500K,1E-7,rand-30,50,3,astrid-ours,raxml,0.5652173913043478,0.5652173913043478,False
500K,1E-7,rand-30,50,4,astral,true,0.21739130434782608,0.21739130434782608,
500K,1E-7,rand-30,50,4,astral,raxml,0.5652173913043478,0.5652173913043478,
500K,1E-7,rand-30,50,4,astrid,true,0.2608695652173913,0.2608695652173913,
500K,1E-7,rand-30,50,4,astrid,raxml,0.6086956521739131,0.6086956521739131,
500K,1E-7,rand-30,50,4,mpest,true,0.5652173913043478,0.5652173913043478,
500K,1E-7,rand-30,50,4,mpest,raxml,0.8260869565217391,0.8260869565217391,
500K,1E-7,rand-30,50,4,svdquartets,true,0.7391304347826086,0.7391304347826086,
500K,1E-7,rand-30,50,4,astrid-ours,true,0.2608695652173913,0.2608695652173913,True
500K,1E-7,rand-30,50,4,astrid-ours,raxml,0.6086956521739131,0.6086956521739131,True
500K,1E-7,rand-30,50,5,astral,true,0.2608695652173913,0.2608695652173913,
500K,1E-7,rand-30,50,5,astral,raxml,0.8260869565217391,0.8260869565217391,
500K,1E-7,rand-30,50,5,astrid,true,0.34782608695652173,0.34782608695652173,
500K,1E-7,rand-30,50,5,astrid,raxml,0.782608695652174,0.782608695652174,
500K,1E-7,rand-30,50,5,mpest,true,0.43478260869565216,0.43478260869565216,
500K,1E-7,rand-30,50,5,mpest,raxml,0.782608695652174,0.782608695652174,
500K,1E-7,rand-30,50,5,svdquartets,true,0.7391304347826086,0.7391304347826086,
500K,1E-7,rand-30,50,5,astrid-ours,true,0.21739130434782608,0.21739130434782608,False
500K,1E-7,rand-30,50,5,astrid-ours,raxml,0.8260869565217391,0.8260869565217391,False
500K,1E-7,rand-30,50,6,astral,true,0.34782608695652173,0.34782608695652173,
500K,1E-7,rand-30,50,6,astral,raxml,0.34782608695652173,0.34782608695652173,
500K,1E-7,rand-30,50,6,astrid,true,0.2608695652173913,0.2608695652173913,
500K,1E-7,rand-30,50,6,astrid,raxml,0.391304347826087,0.391304347826087,
500K,1E-7,rand-30,50,6,mpest,true,0.391304347826087,0.391304347826087,
500K,1E-7,rand-30,50,6,mpest,raxml,0.43478260869565216,0.43478260869565216,
500K,1E-7,rand-30,50,6,svdquartets,true,0.7391304347826086,0.7391304347826086,
500K,1E-7,rand-30,50,6,astrid-ours,true,0.30434782608695654,0.30434782608695654,False
500K,1E-7,rand-30,50,6,astrid-ours,raxml,0.391304347826087,0.391304347826087,True
500K,1E-7,rand-30,50,7,astral,true,0.2608695652173913,0.2608695652173913,
500K,1E-7,rand-30,50,7,astral,raxml,0.391304347826087,0.391304347826087,
500K,1E-7,rand-30,50,7,astrid,true,0.391304347826087,0.391304347826087,
500K,1E-7,rand-30,50,7,astrid,raxml,0.30434782608695654,0.30434782608695654,
500K,1E-7,rand-30,50,7,mpest,true,0.4782608695652174,0.4782608695652174,
500K,1E-7,rand-30,50,7,mpest,raxml,0.391304347826087,0.391304347826087,
500K,1E-7,rand-30,50,7,svdquartets,true,0.5652173913043478,0.5652173913043478,
500K,1E-7,rand-30,50,7,astrid-ours,true,0.34782608695652173,0.34782608695652173,False
500K,1E-7,rand-30,50,7,astrid-ours,raxml,0.30434782608695654,0.30434782608695654,True
500K,1E-7,rand-30,50,8,astral,true,0.391304347826087,0.391304347826087,
500K,1E-7,rand-30,50,8,astral,raxml,0.5217391304347826,0.5217391304347826,
500K,1E-7,rand-30,50,8,astrid,true,0.43478260869565216,0.43478260869565216,
500K,1E-7,rand-30,50,8,astrid,raxml,0.391304347826087,0.391304347826087,
500K,1E-7,rand-30,50,8,mpest,true,0.5217391304347826,0.5217391304347826,
500K,1E-7,rand-30,50,8,mpest,raxml,0.5652173913043478,0.5652173913043478,
500K,1E-7,rand-30,50,8,svdquartets,true,0.782608695652174,0.782608695652174,
500K,1E-7,rand-30,50,8,astrid-ours,true,0.43478260869565216,0.43478260869565216,True
500K,1E-7,rand-30,50,8,astrid-ours,raxml,0.391304347826087,0.391304347826087,True
500K,1E-7,rand-30,50,9,astral,true,0.34782608695652173,0.34782608695652173,
500K,1E-7,rand-30,50,9,astral,raxml,0.391304347826087,0.391304347826087,
500K,1E-7,rand-30,50,9,astrid,true,0.6521739130434783,0.6521739130434783,
500K,1E-7,rand-30,50,9,astrid,raxml,0.5652173913043478,0.5652173913043478,
500K,1E-7,rand-30,50,9,mpest,true,0.5652173913043478,0.5652173913043478,
500K,1E-7,rand-30,50,9,mpest,raxml,0.6086956521739131,0.6086956521739131,
500K,1E-7,rand-30,50,9,svdquartets,true,0.6086956521739131,0.6086956521739131,
500K,1E-7,rand-30,50,9,astrid-ours,true,0.4782608695652174,0.4782608695652174,False
500K,1E-7,rand-30,50,9,astrid-ours,raxml,0.5217391304347826,0.5217391304347826,False
500K,1E-7,rand-30,50,10,astral,true,0.391304347826087,0.391304347826087,
500K,1E-7,rand-30,50,10,astral,raxml,0.34782608695652173,0.34782608695652173,
500K,1E-7,rand-30,50,10,astrid,true,0.30434782608695654,0.30434782608695654,
500K,1E-7,rand-30,50,10,astrid,raxml,0.391304347826087,0.391304347826087,
500K,1E-7,rand-30,50,10,mpest,true,0.5217391304347826,0.5217391304347826,
500K,1E-7,rand-30,50,10,mpest,raxml,0.43478260869565216,0.43478260869565216,
500K,1E-7,rand-30,50,10,svdquartets,true,0.43478260869565216,0.43478260869565216,
500K,1E-7,rand-30,50,10,astrid-ours,true,0.30434782608695654,0.30434782608695654,True
500K,1E-7,rand-30,50,10,astrid-ours,raxml,0.391304347826087,0.391304347826087,True
500K,1E-7,rand-30,50,11,astral,true,0.43478260869565216,0.43478260869565216,
500K,1E-7,rand-30,50,11,astral,raxml,0.4782608695652174,0.4782608695652174,
500K,1E-7,rand-30,50,11,astrid,true,0.43478260869565216,0.43478260869565216,
500K,1E-7,rand-30,50,11,astrid,raxml,0.4782608695652174,0.4782608695652174,
500K,1E-7,rand-30,50,11,mpest,true,0.5217391304347826,0.5217391304347826,
500K,1E-7,rand-30,50,11,mpest,raxml,0.6086956521739131,0.6086956521739131,
500K,1E-7,rand-30,50,11,svdquartets,true,0.7391304347826086,0.7391304347826086,
500K,1E-7,rand-30,50,11,astrid-ours,true,0.43478260869565216,0.43478260869565216,False
500K,1E-7,rand-30,50,11,astrid-ours,raxml,0.4782608695652174,0.4782608695652174,False
500K,1E-7,rand-30,50,12,astral,true,0.30434782608695654,0.30434782608695654,
500K,1E-7,rand-30,50,12,astral,raxml,0.5217391304347826,0.5217391304347826,
500K,1E-7,rand-30,50,12,astrid,true,0.30434782608695654,0.30434782608695654,
500K,1E-7,rand-30,50,12,astrid,raxml,0.6086956521739131,0.6086956521739131,
500K,1E-7,rand-30,50,12,mpest,true,0.391304347826087,0.391304347826087,
500K,1E-7,rand-30,50,12,mpest,raxml,0.6086956521739131,0.6086956521739131,
500K,1E-7,rand-30,50,12,svdquartets,true,0.782608695652174,0.782608695652174,
500K,1E-7,rand-30,50,12,astrid-ours,true,0.34782608695652173,0.34782608695652173,False
500K,1E-7,rand-30,50,12,astrid-ours,raxml,0.6086956521739131,0.6086956521739131,True
500K,1E-7,rand-30,50,13,astral,true,0.34782608695652173,0.34782608695652173,
500K,1E-7,rand-30,50,13,astral,raxml,0.391304347826087,0.391304347826087,
500K,1E-7,rand-30,50,13,astrid,true,0.21739130434782608,0.21739130434782608,
500K,1E-7,rand-30,50,13,astrid,raxml,0.391304347826087,0.391304347826087,
500K,1E-7,rand-30,50,13,mpest,true,0.5217391304347826,0.5217391304347826,
500K,1E-7,rand-30,50,13,mpest,raxml,0.4782608695652174,0.4782608695652174,
500K,1E-7,rand-30,50,13,svdquartets,true,0.5217391304347826,0.5217391304347826,
500K,1E-7,rand-30,50,13,astrid-ours,true,0.2608695652173913,0.2608695652173913,False
500K,1E-7,rand-30,50,13,astrid-ours,raxml,0.34782608695652173,0.34782608695652173,False
500K,1E-7,rand-30,50,14,astral,true,0.34782608695652173,0.34782608695652173,
500K,1E-7,rand-30,50,14,astral,raxml,0.34782608695652173,0.34782608695652173,
500K,1E-7,rand-30,50,14,astrid,true,0.43478260869565216,0.43478260869565216,
500K,1E-7,rand-30,50,14,astrid,raxml,0.6086956521739131,0.6086956521739131,
500K,1E-7,rand-30,50,14,mpest,true,0.43478260869565216,0.43478260869565216,
500K,1E-7,rand-30,50,14,mpest,raxml,0.4782608695652174,0.4782608695652174,
500K,1E-7,rand-30,50,14,svdquartets,true,0.6086956521739131,0.6086956521739131,
500K,1E-7,rand-30,50,14,astrid-ours,true,0.43478260869565216,0.43478260869565216,True
500K,1E-7,rand-30,50,14,astrid-ours,raxml,0.5217391304347826,0.5217391304347826,False
500K,1E-7,rand-30,50,15,astral,true,0.391304347826087,0.391304347826087,
500K,1E-7,rand-30,50,15,astral,raxml,0.43478260869565216,0.43478260869565216,
500K,1E-7,rand-30,50,15,astrid,true,0.43478260869565216,0.43478260869565216,
500K,1E-7,rand-30,50,15,astrid,raxml,0.4782608695652174,0.4782608695652174,
500K,1E-7,rand-30,50,15,mpest,true,0.43478260869565216,0.43478260869565216,
500K,1E-7,rand-30,50,15,mpest,raxml,0.391304347826087,0.391304347826087,
500K,1E-7,rand-30,50,15,svdquartets,true,0.7391304347826086,0.7391304347826086,
500K,1E-7,rand-30,50,15,astrid-ours,true,0.43478260869565216,0.43478260869565216,False
500K,1E-7,rand-30,50,15,astrid-ours,raxml,0.34782608695652173,0.34782608695652173,False
500K,1E-7,rand-30,50,16,astral,true,0.5217391304347826,0.5217391304347826,
500K,1E-7,rand-30,50,16,astral,raxml,0.43478260869565216,0.43478260869565216,
500K,1E-7,rand-30,50,16,astrid,true,0.5652173913043478,0.5652173913043478,
500K,1E-7,rand-30,50,16,astrid,raxml,0.4782608695652174,0.4782608695652174,
500K,1E-7,rand-30,50,16,mpest,true,0.5652173913043478,0.5652173913043478,
500K,1E-7,rand-30,50,16,mpest,raxml,0.6086956521739131,0.6086956521739131,
500K,1E-7,rand-30,50,16,svdquartets,true,0.5652173913043478,0.5652173913043478,
500K,1E-7,rand-30,50,16,astrid-ours,true,0.5217391304347826,0.5217391304347826,False
500K,1E-7,rand-30,50,16,astrid-ours,raxml,0.5217391304347826,0.5217391304347826,False
500K,1E-7,rand-30,50,17,astral,true,0.17391304347826086,0.17391304347826086,
500K,1E-7,rand-30,50,17,astral,raxml,0.5217391304347826,0.5217391304347826,
500K,1E-7,rand-30,50,17,astrid,true,0.30434782608695654,0.30434782608695654,
500K,1E-7,rand-30,50,17,astrid,raxml,0.5217391304347826,0.5217391304347826,
500K,1E-7,rand-30,50,17,mpest,true,0.34782608695652173,0.34782608695652173,
500K,1E-7,rand-30,50,17,mpest,raxml,0.6086956521739131,0.6086956521739131,
500K,1E-7,rand-30,50,17,svdquartets,true,0.6086956521739131,0.6086956521739131,
500K,1E-7,rand-30,50,17,astrid-ours,true,0.30434782608695654,0.30434782608695654,True
500K,1E-7,rand-30,50,17,astrid-ours,raxml,0.5217391304347826,0.5217391304347826,True
500K,1E-7,rand-30,50,18,astral,true,0.391304347826087,0.391304347826087,
500K,1E-7,rand-30,50,18,astral,raxml,0.4782608695652174,0.4782608695652174,
500K,1E-7,rand-30,50,18,astrid,true,0.4782608695652174,0.4782608695652174,
500K,1E-7,rand-30,50,18,astrid,raxml,0.34782608695652173,0.34782608695652173,
500K,1E-7,rand-30,50,18,mpest,true,0.4782608695652174,0.4782608695652174,
500K,1E-7,rand-30,50,18,mpest,raxml,0.4782608695652174,0.4782608695652174,
500K,1E-7,rand-30,50,18,svdquartets,true,0.4782608695652174,0.4782608695652174,
500K,1E-7,rand-30,50,18,astrid-ours,true,0.391304347826087,0.391304347826087,False
500K,1E-7,rand-30,50,18,astrid-ours,raxml,0.34782608695652173,0.34782608695652173,True
500K,1E-7,rand-30,50,19,astral,true,0.30434782608695654,0.30434782608695654,
500K,1E-7,rand-30,50,19,astral,raxml,0.34782608695652173,0.34782608695652173,
500K,1E-7,rand-30,50,19,astrid,true,0.391304347826087,0.391304347826087,
500K,1E-7,rand-30,50,19,astrid,raxml,0.34782608695652173,0.34782608695652173,
500K,1E-7,rand-30,50,19,mpest,true,0.5652173913043478,0.5652173913043478,
500K,1E-7,rand-30,50,19,mpest,raxml,0.6086956521739131,0.6086956521739131,
500K,1E-7,rand-30,50,19,svdquartets,true,0.43478260869565216,0.43478260869565216,
500K,1E-7,rand-30,50,19,astrid-ours,true,0.391304347826087,0.391304347826087,True
500K,1E-7,rand-30,50,19,astrid-ours,raxml,0.34782608695652173,0.34782608695652173,False
500K,1E-7,rand-30,50,20,astral,true,0.4782608695652174,0.4782608695652174,
500K,1E-7,rand-30,50,20,astral,raxml,0.4782608695652174,0.4782608695652174,
500K,1E-7,rand-30,50,20,astrid,true,0.5217391304347826,0.5217391304347826,
500K,1E-7,rand-30,50,20,astrid,raxml,0.5217391304347826,0.5217391304347826,
500K,1E-7,rand-30,50,20,mpest,true,0.6086956521739131,0.6086956521739131,
500K,1E-7,rand-30,50,20,mpest,raxml,0.6521739130434783,0.6521739130434783,
500K,1E-7,rand-30,50,20,svdquartets,true,0.6521739130434783,0.6521739130434783,
500K,1E-7,rand-30,50,20,astrid-ours,true,0.4782608695652174,0.4782608695652174,False
500K,1E-7,rand-30,50,20,astrid-ours,raxml,0.4782608695652174,0.4782608695652174,False
500K,1E-7,rand-30,200,1,astral,true,0.391304347826087,0.391304347826087,
500K,1E-7,rand-30,200,1,astral,raxml,0.34782608695652173,0.34782608695652173,
500K,1E-7,rand-30,200,1,astrid,true,0.43478260869565216,0.43478260869565216,
500K,1E-7,rand-30,200,1,astrid,raxml,0.34782608695652173,0.34782608695652173,
500K,1E-7,rand-30,200,1,mpest,true,0.43478260869565216,0.43478260869565216,
500K,1E-7,rand-30,200,1,mpest,raxml,0.34782608695652173,0.34782608695652173,
500K,1E-7,rand-30,200,1,svdquartets,true,0.4782608695652174,0.4782608695652174,
500K,1E-7,rand-30,200,1,astrid-ours,true,0.391304347826087,0.391304347826087,False
500K,1E-7,rand-30,200,1,astrid-ours,raxml,0.34782608695652173,0.34782608695652173,True
500K,1E-7,rand-30,200,2,astral,true,0.17391304347826086,0.17391304347826086,
500K,1E-7,rand-30,200,2,astral,raxml,0.2608695652173913,0.2608695652173913,
500K,1E-7,rand-30,200,2,astrid,true,0.21739130434782608,0.21739130434782608,
500K,1E-7,rand-30,200,2,astrid,raxml,0.21739130434782608,0.21739130434782608,
500K,1E-7,rand-30,200,2,mpest,true,0.17391304347826086,0.17391304347826086,
500K,1E-7,rand-30,200,2,mpest,raxml,0.21739130434782608,0.21739130434782608,
500K,1E-7,rand-30,200,2,svdquartets,true,0.2608695652173913,0.2608695652173913,
500K,1E-7,rand-30,200,2,astrid-ours,true,0.13043478260869565,0.13043478260869565,False
500K,1E-7,rand-30,200,2,astrid-ours,raxml,0.21739130434782608,0.21739130434782608,True
500K,1E-7,rand-30,200,3,astral,true,0.13043478260869565,0.13043478260869565,
500K,1E-7,rand-30,200,3,astral,raxml,0.391304347826087,0.391304347826087,
500K,1E-7,rand-30,200,3,astrid,true,0.08695652173913043,0.08695652173913043,
500K,1E-7,rand-30,200,3,astrid,raxml,0.2608695652173913,0.2608695652173913,
500K,1E-7,rand-30,200,3,mpest,true,0.13043478260869565,0.13043478260869565,
500K,1E-7,rand-30,200,3,mpest,raxml,0.21739130434782608,0.21739130434782608,
500K,1E-7,rand-30,200,3,svdquartets,true,0.391304347826087,0.391304347826087,
500K,1E-7,rand-30,200,3,astrid-ours,true,0.21739130434782608,0.21739130434782608,False
500K,1E-7,rand-30,200,3,astrid-ours,raxml,0.2608695652173913,0.2608695652173913,True
500K,1E-7,rand-30,200,4,astral,true,0.043478260869565216,0.043478260869565216,
500K,1E-7,rand-30,200,4,astral,raxml,0.43478260869565216,0.43478260869565216,
500K,1E-7,rand-30,200,4,astrid,true,0.13043478260869565,0.13043478260869565,
500K,1E-7,rand-30,200,4,astrid,raxml,0.43478260869565216,0.43478260869565216,
500K,1E-7,rand-30,200,4,mpest,true,0.13043478260869565,0.13043478260869565,
500K,1E-7,rand-30,200,4,mpest,raxml,0.43478260869565216,0.43478260869565216,
500K,1E-7,rand-30,200,4,svdquartets,true,0.6086956521739131,0.6086956521739131,
500K,1E-7,rand-30,200,4,astrid-ours,true,0.13043478260869565,0.13043478260869565,True
500K,1E-7,rand-30,200,4,astrid-ours,raxml,0.391304347826087,0.391304347826087,False
500K,1E-7,rand-30,200,5,astral,true,0.08695652173913043,0.08695652173913043,
500K,1E-7,rand-30,200,5,astral,raxml,0.43478260869565216,0.43478260869565216,
500K,1E-7,rand-30,200,5,astrid,true,0.08695652173913043,0.08695652173913043,
500K,1E-7,rand-30,200,5,astrid,raxml,0.4782608695652174,0.4782608695652174,
500K,1E-7,rand-30,200,5,mpest,true,0.2608695652173913,0.2608695652173913,
500K,1E-7,rand-30,200,5,mpest,raxml,0.5652173913043478,0.5652173913043478,
500K,1E-7,rand-30,200,5,svdquartets,true,0.4782608695652174,0.4782608695652174,
500K,1E-7,rand-30,200,5,astrid-ours,true,0.08695652173913043,0.08695652173913043,True
500K,1E-7,rand-30,200,5,astrid-ours,raxml,0.5217391304347826,0.5217391304347826,False
500K,1E-7,rand-30,200,6,astral,true,0.2608695652173913,0.2608695652173913,
500K,1E-7,rand-30,200,6,astral,raxml,0.2608695652173913,0.2608695652173913,
500K,1E-7,rand-30,200,6,astrid,true,0.2608695652173913,0.2608695652173913,
500K,1E-7,rand-30,200,6,astrid,raxml,0.30434782608695654,0.30434782608695654,
500K,1E-7,rand-30,200,6,mpest,true,0.34782608695652173,0.34782608695652173,
500K,1E-7,rand-30,200,6,mpest,raxml,0.34782608695652173,0.34782608695652173,
500K,1E-7,rand-30,200,6,svdquartets,true,0.391304347826087,0.391304347826087,
500K,1E-7,rand-30,200,6,astrid-ours,true,0.2608695652173913,0.2608695652173913,True
500K,1E-7,rand-30,200,6,astrid-ours,raxml,0.2608695652173913,0.2608695652173913,False
500K,1E-7,rand-30,200,7,astral,true,0.13043478260869565,0.13043478260869565,
500K,1E-7,rand-30,200,7,astral,raxml,0.21739130434782608,0.21739130434782608,
500K,1E-7,rand-30,200,7,astrid,true,0.21739130434782608,0.21739130434782608,
500K,1E-7,rand-30,200,7,astrid,raxml,0.21739130434782608,0.21739130434782608,
500K,1E-7,rand-30,200,7,mpest,true,0.13043478260869565,0.13043478260869565,
500K,1E-7,rand-30,200,7,mpest,raxml,0.2608695652173913,0.2608695652173913,
500K,1E-7,rand-30,200,7,svdquartets,true,0.13043478260869565,0.13043478260869565,
500K,1E-7,rand-30,200,7,astrid-ours,true,0.21739130434782608,0.21739130434782608,True
500K,1E-7,rand-30,200,7,astrid-ours,raxml,0.2608695652173913,0.2608695652173913,False
500K,1E-7,rand-30,200,8,astral,true,0.21739130434782608,0.21739130434782608,
500K,1E-7,rand-30,200,8,astral,raxml,0.21739130434782608,0.21739130434782608,
500K,1E-7,rand-30,200,8,astrid,true,0.13043478260869565,0.13043478260869565,
500K,1E-7,rand-30,200,8,astrid,raxml,0.21739130434782608,0.21739130434782608,
500K,1E-7,rand-30,200,8,mpest,true,0.2608695652173913,0.2608695652173913,
500K,1E-7,rand-30,200,8,mpest,raxml,0.30434782608695654,0.30434782608695654,
500K,1E-7,rand-30,200,8,svdquartets,true,0.2608695652173913,0.2608695652173913,
500K,1E-7,rand-30,200,8,astrid-ours,true,0.13043478260869565,0.13043478260869565,True
500K,1E-7,rand-30,200,8,astrid-ours,raxml,0.21739130434782608,0.21739130434782608,True
500K,1E-7,rand-30,200,9,astral,true,0.2608695652173913,0.2608695652173913,
500K,1E-7,rand-30,200,9,astral,raxml,0.34782608695652173,0.34782608695652173,
500K,1E-7,rand-30,200,9,astrid,true,0.391304347826087,0.391304347826087,
500K,1E-7,rand-30,200,9,astrid,raxml,0.43478260869565216,0.43478260869565216,
500K,1E-7,rand-30,200,9,mpest,true,0.34782608695652173,0.34782608695652173,
500K,1E-7,rand-30,200,9,mpest,raxml,0.4782608695652174,0.4782608695652174,
500K,1E-7,rand-30,200,9,svdquartets,true,0.30434782608695654,0.30434782608695654,
500K,1E-7,rand-30,200,9,astrid-ours,true,0.391304347826087,0.391304347826087,True
500K,1E-7,rand-30,200,9,astrid-ours,raxml,0.43478260869565216,0.43478260869565216,True
500K,1E-7,rand-30,200,10,astral,true,0.08695652173913043,0.08695652173913043,
500K,1E-7,rand-30,200,10,astral,raxml,0.21739130434782608,0.21739130434782608,
500K,1E-7,rand-30,200,10,astrid,true,0.13043478260869565,0.13043478260869565,
500K,1E-7,rand-30,200,10,astrid,raxml,0.21739130434782608,0.21739130434782608,
500K,1E-7,rand-30,200,10,mpest,true,0.21739130434782608,0.21739130434782608,
500K,1E-7,rand-30,200,10,mpest,raxml,0.17391304347826086,0.17391304347826086,
500K,1E-7,rand-30,200,10,svdquartets,true,0.34782608695652173,0.34782608695652173,
500K,1E-7,rand-30,200,10,astrid-ours,true,0.13043478260869565,0.13043478260869565,True
500K,1E-7,rand-30,200,10,astrid-ours,raxml,0.21739130434782608,0.21739130434782608,True
500K,1E-7,rand-30,200,11,astral,true,0.2608695652173913,0.2608695652173913,
500K,1E-7,rand-30,200,11,astral,raxml,0.30434782608695654,0.30434782608695654,
500K,1E-7,rand-30,200,11,astrid,true,0.21739130434782608,0.21739130434782608,
500K,1E-7,rand-30,200,11,astrid,raxml,0.34782608695652173,0.34782608695652173,
500K,1E-7,rand-30,200,11,mpest,true,0.34782608695652173,0.34782608695652173,
500K,1E-7,rand-30,200,11,mpest,raxml,0.391304347826087,0.391304347826087,
500K,1E-7,rand-30,200,11,svdquartets,true,0.30434782608695654,0.30434782608695654,
500K,1E-7,rand-30,200,11,astrid-ours,true,0.2608695652173913,0.2608695652173913,False
500K,1E-7,rand-30,200,11,astrid-ours,raxml,0.34782608695652173,0.34782608695652173,False
500K,1E-7,rand-30,200,12,astral,true,0.17391304347826086,0.17391304347826086,
500K,1E-7,rand-30,200,12,astral,raxml,0.43478260869565216,0.43478260869565216,
500K,1E-7,rand-30,200,12,astrid,true,0.08695652173913043,0.08695652173913043,
500K,1E-7,rand-30,200,12,astrid,raxml,0.5652173913043478,0.5652173913043478,
500K,1E-7,rand-30,200,12,mpest,true,0.34782608695652173,0.34782608695652173,
500K,1E-7,rand-30,200,12,mpest,raxml,0.4782608695652174,0.4782608695652174,
500K,1E-7,rand-30,200,12,svdquartets,true,0.5652173913043478,0.5652173913043478,
500K,1E-7,rand-30,200,12,astrid-ours,true,0.08695652173913043,0.08695652173913043,True
500K,1E-7,rand-30,200,12,astrid-ours,raxml,0.34782608695652173,0.34782608695652173,False
500K,1E-7,rand-30,200,13,astral,true,0.17391304347826086,0.17391304347826086,
500K,1E-7,rand-30,200,13,astral,raxml,0.13043478260869565,0.13043478260869565,
500K,1E-7,rand-30,200,13,astrid,true,0.13043478260869565,0.13043478260869565,
500K,1E-7,rand-30,200,13,astrid,raxml,0.13043478260869565,0.13043478260869565,
500K,1E-7,rand-30,200,13,mpest,true,0.21739130434782608,0.21739130434782608,
500K,1E-7,rand-30,200,13,mpest,raxml,0.17391304347826086,0.17391304347826086,
500K,1E-7,rand-30,200,13,svdquartets,true,0.391304347826087,0.391304347826087,
500K,1E-7,rand-30,200,13,astrid-ours,true,0.13043478260869565,0.13043478260869565,True
500K,1E-7,rand-30,200,13,astrid-ours,raxml,0.13043478260869565,0.13043478260869565,True
500K,1E-7,rand-30,200,14,astral,true,0.2608695652173913,0.2608695652173913,
500K,1E-7,rand-30,200,14,astral,raxml,0.2608695652173913,0.2608695652173913,
500K,1E-7,rand-30,200,14,astrid,true,0.2608695652173913,0.2608695652173913,
500K,1E-7,rand-30,200,14,astrid,raxml,0.2608695652173913,0.2608695652173913,
500K,1E-7,rand-30,200,14,mpest,true,0.30434782608695654,0.30434782608695654,
500K,1E-7,rand-30,200,14,mpest,raxml,0.34782608695652173,0.34782608695652173,
500K,1E-7,rand-30,200,14,svdquartets,true,0.4782608695652174,0.4782608695652174,
500K,1E-7,rand-30,200,14,astrid-ours,true,0.2608695652173913,0.2608695652173913,True
500K,1E-7,rand-30,200,14,astrid-ours,raxml,0.2608695652173913,0.2608695652173913,True
500K,1E-7,rand-30,200,15,astral,true,0.2608695652173913,0.2608695652173913,
500K,1E-7,rand-30,200,15,astral,raxml,0.30434782608695654,0.30434782608695654,
500K,1E-7,rand-30,200,15,astrid,true,0.2608695652173913,0.2608695652173913,
500K,1E-7,rand-30,200,15,astrid,raxml,0.30434782608695654,0.30434782608695654,
500K,1E-7,rand-30,200,15,mpest,true,0.2608695652173913,0.2608695652173913,
500K,1E-7,rand-30,200,15,mpest,raxml,0.30434782608695654,0.30434782608695654,
500K,1E-7,rand-30,200,15,svdquartets,true,0.34782608695652173,0.34782608695652173,
500K,1E-7,rand-30,200,15,astrid-ours,true,0.2608695652173913,0.2608695652173913,True
500K,1E-7,rand-30,200,15,astrid-ours,raxml,0.34782608695652173,0.34782608695652173,False
500K,1E-7,rand-30,200,16,astral,true,0.21739130434782608,0.21739130434782608,
500K,1E-7,rand-30,200,16,astral,raxml,0.17391304347826086,0.17391304347826086,
500K,1E-7,rand-30,200,16,astrid,true,0.30434782608695654,0.30434782608695654,
500K,1E-7,rand-30,200,16,astrid,raxml,0.2608695652173913,0.2608695652173913,
500K,1E-7,rand-30,200,16,mpest,true,0.34782608695652173,0.34782608695652173,
500K,1E-7,rand-30,200,16,mpest,raxml,0.2608695652173913,0.2608695652173913,
500K,1E-7,rand-30,200,16,svdquartets,true,0.391304347826087,0.391304347826087,
500K,1E-7,rand-30,200,16,astrid-ours,true,0.30434782608695654,0.30434782608695654,True
500K,1E-7,rand-30,200,16,astrid-ours,raxml,0.2608695652173913,0.2608695652173913,True
500K,1E-7,rand-30,200,17,astral,true,0.13043478260869565,0.13043478260869565,
500K,1E-7,rand-30,200,17,astral,raxml,0.30434782608695654,0.30434782608695654,
500K,1E-7,rand-30,200,17,astrid,true,0.08695652173913043,0.08695652173913043,
500K,1E-7,rand-30,200,17,astrid,raxml,0.21739130434782608,0.21739130434782608,
500K,1E-7,rand-30,200,17,mpest,true,0.21739130434782608,0.21739130434782608,
500K,1E-7,rand-30,200,17,mpest,raxml,0.43478260869565216,0.43478260869565216,
500K,1E-7,rand-30,200,17,svdquartets,true,0.34782608695652173,0.34782608695652173,
500K,1E-7,rand-30,200,17,astrid-ours,true,0.0,0.0,False
500K,1E-7,rand-30,200,17,astrid-ours,raxml,0.2608695652173913,0.2608695652173913,False
500K,1E-7,rand-30,200,18,astral,true,0.30434782608695654,0.30434782608695654,
500K,1E-7,rand-30,200,18,astral,raxml,0.30434782608695654,0.30434782608695654,
500K,1E-7,rand-30,200,18,astrid,true,0.2608695652173913,0.2608695652173913,
500K,1E-7,rand-30,200,18,astrid,raxml,0.30434782608695654,0.30434782608695654,
500K,1E-7,rand-30,200,18,mpest,true,0.34782608695652173,0.34782608695652173,
500K,1E-7,rand-30,200,18,mpest,raxml,0.2608695652173913,0.2608695652173913,
500K,1E-7,rand-30,200,18,svdquartets,true,0.391304347826087,0.391304347826087,
500K,1E-7,rand-30,200,18,astrid-ours,true,0.2608695652173913,0.2608695652173913,True
500K,1E-7,rand-30,200,18,astrid-ours,raxml,0.30434782608695654,0.30434782608695654,True
500K,1E-7,rand-30,200,19,astral,true,0.13043478260869565,0.13043478260869565,
500K,1E-7,rand-30,200,19,astral,raxml,0.21739130434782608,0.21739130434782608,
500K,1E-7,rand-30,200,19,astrid,true,0.08695652173913043,0.08695652173913043,
500K,1E-7,rand-30,200,19,astrid,raxml,0.13043478260869565,0.13043478260869565,
500K,1E-7,rand-30,200,19,mpest,true,0.2608695652173913,0.2608695652173913,
500K,1E-7,rand-30,200,19,mpest,raxml,0.2608695652173913,0.2608695652173913,
500K,1E-7,rand-30,200,19,svdquartets,true,0.30434782608695654,0.30434782608695654,
500K,1E-7,rand-30,200,19,astrid-ours,true,0.08695652173913043,0.08695652173913043,True
500K,1E-7,rand-30,200,19,astrid-ours,raxml,0.13043478260869565,0.13043478260869565,True
500K,1E-7,rand-30,200,20,astral,true,0.34782608695652173,0.34782608695652173,
500K,1E-7,rand-30,200,20,astral,raxml,0.34782608695652173,0.34782608695652173,
500K,1E-7,rand-30,200,20,astrid,true,0.21739130434782608,0.21739130434782608,
500K,1E-7,rand-30,200,20,astrid,raxml,0.2608695652173913,0.2608695652173913,
500K,1E-7,rand-30,200,20,mpest,true,0.34782608695652173,0.34782608695652173,
500K,1E-7,rand-30,200,20,mpest,raxml,0.4782608695652174,0.4782608695652174,
500K,1E-7,rand-30,200,20,svdquartets,true,0.43478260869565216,0.43478260869565216,
500K,1E-7,rand-30,200,20,astrid-ours,true,0.2608695652173913,0.2608695652173913,False
500K,1E-7,rand-30,200,20,astrid-ours,raxml,0.2608695652173913,0.2608695652173913,True
500K,1E-7,rand-30,1000,1,astral,true,0.17391304347826086,0.17391304347826086,
500K,1E-7,rand-30,1000,1,astral,raxml,0.21739130434782608,0.21739130434782608,
500K,1E-7,rand-30,1000,1,astrid,true,0.2608695652173913,0.2608695652173913,
500K,1E-7,rand-30,1000,1,astrid,raxml,0.34782608695652173,0.34782608695652173,
500K,1E-7,rand-30,1000,1,mpest,true,0.2608695652173913,0.2608695652173913,
500K,1E-7,rand-30,1000,1,mpest,raxml,0.21739130434782608,0.21739130434782608,
500K,1E-7,rand-30,1000,1,svdquartets,true,0.4782608695652174,0.4782608695652174,
500K,1E-7,rand-30,1000,1,astrid-ours,true,0.2608695652173913,0.2608695652173913,True
500K,1E-7,rand-30,1000,1,astrid-ours,raxml,0.34782608695652173,0.34782608695652173,True
500K,1E-7,rand-30,1000,2,astral,true,0.043478260869565216,0.043478260869565216,
500K,1E-7,rand-30,1000,2,astral,raxml,0.043478260869565216,0.043478260869565216,
500K,1E-7,rand-30,1000,2,astrid,true,0.043478260869565216,0.043478260869565216,
500K,1E-7,rand-30,1000,2,astrid,raxml,0.13043478260869565,0.13043478260869565,
500K,1E-7,rand-30,1000,2,mpest,true,0.0,0.0,
500K,1E-7,rand-30,1000,2,mpest,raxml,0.043478260869565216,0.043478260869565216,
500K,1E-7,rand-30,1000,2,svdquartets,true,0.2608695652173913,0.2608695652173913,
500K,1E-7,rand-30,1000,2,astrid-ours,true,0.043478260869565216,0.043478260869565216,True
500K,1E-7,rand-30,1000,2,astrid-ours,raxml,0.08695652173913043,0.08695652173913043,False
500K,1E-7,rand-30,1000,3,astral,true,0.13043478260869565,0.13043478260869565,
500K,1E-7,rand-30,1000,3,astral,raxml,0.13043478260869565,0.13043478260869565,
500K,1E-7,rand-30,1000,3,astrid,true,0.13043478260869565,0.13043478260869565,
500K,1E-7,rand-30,1000,3,astrid,raxml,0.17391304347826086,0.17391304347826086,
500K,1E-7,rand-30,1000,3,mpest,true,0.13043478260869565,0.13043478260869565,
500K,1E-7,rand-30,1000,3,mpest,raxml,0.17391304347826086,0.17391304347826086,
500K,1E-7,rand-30,1000,3,svdquartets,true,0.34782608695652173,0.34782608695652173,
500K,1E-7,rand-30,1000,3,astrid-ours,true,0.13043478260869565,0.13043478260869565,True
500K,1E-7,rand-30,1000,3,astrid-ours,raxml,0.17391304347826086,0.17391304347826086,True
500K,1E-7,rand-30,1000,4,astral,true,0.043478260869565216,0.043478260869565216,
500K,1E-7,rand-30,1000,4,astral,raxml,0.13043478260869565,0.13043478260869565,
500K,1E-7,rand-30,1000,4,astrid,true,0.043478260869565216,0.043478260869565216,
500K,1E-7,rand-30,1000,4,astrid,raxml,0.21739130434782608,0.21739130434782608,
500K,1E-7,rand-30,1000,4,mpest,true,0.043478260869565216,0.043478260869565216,
500K,1E-7,rand-30,1000,4,mpest,raxml,0.34782608695652173,0.34782608695652173,
500K,1E-7,rand-30,1000,4,svdquartets,true,0.17391304347826086,0.17391304347826086,
500K,1E-7,rand-30,1000,4,astrid-ours,true,0.043478260869565216,0.043478260869565216,True
500K,1E-7,rand-30,1000,4,astrid-ours,raxml,0.21739130434782608,0.21739130434782608,True
500K,1E-7,rand-30,1000,5,astral,true,0.13043478260869565,0.13043478260869565,
500K,1E-7,rand-30,1000,5,astral,raxml,0.17391304347826086,0.17391304347826086,
500K,1E-7,rand-30,1000,5,astrid,true,0.043478260869565216,0.043478260869565216,
500K,1E-7,rand-30,1000,5,astrid,raxml,0.13043478260869565,0.13043478260869565,
500K,1E-7,rand-30,1000,5,mpest,true,0.08695652173913043,0.08695652173913043,
500K,1E-7,rand-30,1000,5,mpest,raxml,0.2608695652173913,0.2608695652173913,
500K,1E-7,rand-30,1000,5,svdquartets,true,0.2608695652173913,0.2608695652173913,
500K,1E-7,rand-30,1000,5,astrid-ours,true,0.043478260869565216,0.043478260869565216,True
500K,1E-7,rand-30,1000,5,astrid-ours,raxml,0.13043478260869565,0.13043478260869565,False
500K,1E-7,rand-30,1000,6,astral,true,0.08695652173913043,0.08695652173913043,
500K,1E-7,rand-30,1000,6,astral,raxml,0.13043478260869565,0.13043478260869565,
500K,1E-7,rand-30,1000,6,astrid,true,0.21739130434782608,0.21739130434782608,
500K,1E-7,rand-30,1000,6,astrid,raxml,0.21739130434782608,0.21739130434782608,
500K,1E-7,rand-30,1000,6,mpest,true,0.21739130434782608,0.21739130434782608,
500K,1E-7,rand-30,1000,6,mpest,raxml,0.21739130434782608,0.21739130434782608,
500K,1E-7,rand-30,1000,6,svdquartets,true,0.2608695652173913,0.2608695652173913,
500K,1E-7,rand-30,1000,6,astrid-ours,true,0.21739130434782608,0.21739130434782608,True
500K,1E-7,rand-30,1000,6,astrid-ours,raxml,0.21739130434782608,0.21739130434782608,True
500K,1E-7,rand-30,1000,7,astral,true,0.043478260869565216,0.043478260869565216,
500K,1E-7,rand-30,1000,7,astral,raxml,0.08695652173913043,0.08695652173913043,
500K,1E-7,rand-30,1000,7,astrid,true,0.08695652173913043,0.08695652173913043,
500K,1E-7,rand-30,1000,7,astrid,raxml,0.043478260869565216,0.043478260869565216,
500K,1E-7,rand-30,1000,7,mpest,true,0.043478260869565216,0.043478260869565216,
500K,1E-7,rand-30,1000,7,mpest,raxml,0.2608695652173913,0.2608695652173913,
500K,1E-7,rand-30,1000,7,svdquartets,true,0.08695652173913043,0.08695652173913043,
500K,1E-7,rand-30,1000,7,astrid-ours,true,0.08695652173913043,0.08695652173913043,True
500K,1E-7,rand-30,1000,7,astrid-ours,raxml,0.043478260869565216,0.043478260869565216,True
500K,1E-7,rand-30,1000,8,astral,true,0.17391304347826086,0.17391304347826086,
500K,1E-7,rand-30,1000,8,astral,raxml,0.21739130434782608,0.21739130434782608,
500K,1E-7,rand-30,1000,8,astrid,true,0.08695652173913043,0.08695652173913043,
500K,1E-7,rand-30,1000,8,astrid,raxml,0.17391304347826086,0.17391304347826086,
500K,1E-7,rand-30,1000,8,mpest,true,0.21739130434782608,0.21739130434782608,
500K,1E-7,rand-30,1000,8,mpest,raxml,0.21739130434782608,0.21739130434782608,
500K,1E-7,rand-30,1000,8,svdquartets,true,0.2608695652173913,0.2608695652173913,
500K,1E-7,rand-30,1000,8,astrid-ours,true,0.08695652173913043,0.08695652173913043,True
500K,1E-7,rand-30,1000,8,astrid-ours,raxml,0.17391304347826086,0.17391304347826086,True
500K,1E-7,rand-30,1000,9,astral,true,0.08695652173913043,0.08695652173913043,
500K,1E-7,rand-30,1000,9,astral,raxml,0.17391304347826086,0.17391304347826086,
500K,1E-7,rand-30,1000,9,astrid,true,0.17391304347826086,0.17391304347826086,
500K,1E-7,rand-30,1000,9,astrid,raxml,0.2608695652173913,0.2608695652173913,
500K,1E-7,rand-30,1000,9,mpest,true,0.17391304347826086,0.17391304347826086,
500K,1E-7,rand-30,1000,9,mpest,raxml,0.30434782608695654,0.30434782608695654,
500K,1E-7,rand-30,1000,9,svdquartets,true,0.2608695652173913,0.2608695652173913,
500K,1E-7,rand-30,1000,9,astrid-ours,true,0.17391304347826086,0.17391304347826086,True
500K,1E-7,rand-30,1000,9,astrid-ours,raxml,0.2608695652173913,0.2608695652173913,True
500K,1E-7,rand-30,1000,10,astral,true,0.043478260869565216,0.043478260869565216,
500K,1E-7,rand-30,1000,10,astral,raxml,0.13043478260869565,0.13043478260869565,
500K,1E-7,rand-30,1000,10,astrid,true,0.043478260869565216,0.043478260869565216,
500K,1E-7,rand-30,1000,10,astrid,raxml,0.08695652173913043,0.08695652173913043,
500K,1E-7,rand-30,1000,10,mpest,true,0.043478260869565216,0.043478260869565216,
500K,1E-7,rand-30,1000,10,mpest,raxml,0.13043478260869565,0.13043478260869565,
500K,1E-7,rand-30,1000,10,svdquartets,true,0.17391304347826086,0.17391304347826086,
500K,1E-7,rand-30,1000,10,astrid-ours,true,0.043478260869565216,0.043478260869565216,True
500K,1E-7,rand-30,1000,10,astrid-ours,raxml,0.08695652173913043,0.08695652173913043,True
500K,1E-7,rand-30,1000,11,astral,true,0.043478260869565216,0.043478260869565216,
500K,1E-7,rand-30,1000,11,astral,raxml,0.08695652173913043,0.08695652173913043,
500K,1E-7,rand-30,1000,11,astrid,true,0.043478260869565216,0.043478260869565216,
500K,1E-7,rand-30,1000,11,astrid,raxml,0.08695652173913043,0.08695652173913043,
500K,1E-7,rand-30,1000,11,mpest,true,0.08695652173913043,0.08695652173913043,
500K,1E-7,rand-30,1000,11,mpest,raxml,0.13043478260869565,0.13043478260869565,
500K,1E-7,rand-30,1000,11,svdquartets,true,0.17391304347826086,0.17391304347826086,
500K,1E-7,rand-30,1000,11,astrid-ours,true,0.043478260869565216,0.043478260869565216,True
500K,1E-7,rand-30,1000,11,astrid-ours,raxml,0.08695652173913043,0.08695652173913043,True
500K,1E-7,rand-30,1000,12,astral,true,0.043478260869565216,0.043478260869565216,
500K,1E-7,rand-30,1000,12,astral,raxml,0.21739130434782608,0.21739130434782608,
500K,1E-7,rand-30,1000,12,astrid,true,0.0,0.0,
500K,1E-7,rand-30,1000,12,astrid,raxml,0.21739130434782608,0.21739130434782608,
500K,1E-7,rand-30,1000,12,mpest,true,0.13043478260869565,0.13043478260869565,
500K,1E-7,rand-30,1000,12,mpest,raxml,0.2608695652173913,0.2608695652173913,
500K,1E-7,rand-30,1000,12,svdquartets,true,0.34782608695652173,0.34782608695652173,
500K,1E-7,rand-30,1000,12,astrid-ours,true,0.0,0.0,True
500K,1E-7,rand-30,1000,12,astrid-ours,raxml,0.21739130434782608,0.21739130434782608,True
500K,1E-7,rand-30,1000,13,astral,true,0.043478260869565216,0.043478260869565216,
500K,1E-7,rand-30,1000,13,astral,raxml,0.13043478260869565,0.13043478260869565,
500K,1E-7,rand-30,1000,13,astrid,true,0.043478260869565216,0.043478260869565216,
500K,1E-7,rand-30,1000,13,astrid,raxml,0.08695652173913043,0.08695652173913043,
500K,1E-7,rand-30,1000,13,mpest,true,0.043478260869565216,0.043478260869565216,
500K,1E-7,rand-30,1000,13,mpest,raxml,0.08695652173913043,0.08695652173913043,
500K,1E-7,rand-30,1000,13,svdquartets,true,0.21739130434782608,0.21739130434782608,
500K,1E-7,rand-30,1000,13,astrid-ours,true,0.043478260869565216,0.043478260869565216,True
500K,1E-7,rand-30,1000,13,astrid-ours,raxml,0.08695652173913043,0.08695652173913043,True
500K,1E-7,rand-30,1000,14,astral,true,0.13043478260869565,0.13043478260869565,
500K,1E-7,rand-30,1000,14,astral,raxml,0.13043478260869565,0.13043478260869565,
500K,1E-7,rand-30,1000,14,astrid,true,0.08695652173913043,0.08695652173913043,
500K,1E-7,rand-30,1000,14,astrid,raxml,0.13043478260869565,0.13043478260869565,
500K,1E-7,rand-30,1000,14,mpest,true,0.13043478260869565,0.13043478260869565,
500K,1E-7,rand-30,1000,14,mpest,raxml,0.17391304347826086,0.17391304347826086,
500K,1E-7,rand-30,1000,14,svdquartets,true,0.30434782608695654,0.30434782608695654,
500K,1E-7,rand-30,1000,14,astrid-ours,true,0.08695652173913043,0.08695652173913043,True
500K,1E-7,rand-30,1000,14,astrid-ours,raxml,0.13043478260869565,0.13043478260869565,True
500K,1E-7,rand-30,1000,15,astral,true,0.17391304347826086,0.17391304347826086,
500K,1E-7,rand-30,1000,15,astral,raxml,0.17391304347826086,0.17391304347826086,
500K,1E-7,rand-30,1000,15,astrid,true,0.17391304347826086,0.17391304347826086,
500K,1E-7,rand-30,1000,15,astrid,raxml,0.13043478260869565,0.13043478260869565,
500K,1E-7,rand-30,1000,15,mpest,true,0.13043478260869565,0.13043478260869565,
500K,1E-7,rand-30,1000,15,mpest,raxml,0.13043478260869565,0.13043478260869565,
500K,1E-7,rand-30,1000,15,svdquartets,true,0.21739130434782608,0.21739130434782608,
500K,1E-7,rand-30,1000,15,astrid-ours,true,0.17391304347826086,0.17391304347826086,True
500K,1E-7,rand-30,1000,15,astrid-ours,raxml,0.13043478260869565,0.13043478260869565,True
500K,1E-7,rand-30,1000,16,astral,true,0.13043478260869565,0.13043478260869565,
500K,1E-7,rand-30,1000,16,astral,raxml,0.13043478260869565,0.13043478260869565,
500K,1E-7,rand-30,1000,16,astrid,true,0.17391304347826086,0.17391304347826086,
500K,1E-7,rand-30,1000,16,astrid,raxml,0.17391304347826086,0.17391304347826086,
500K,1E-7,rand-30,1000,16,mpest,true,0.13043478260869565,0.13043478260869565,
500K,1E-7,rand-30,1000,16,mpest,raxml,0.13043478260869565,0.13043478260869565,
500K,1E-7,rand-30,1000,16,svdquartets,true,0.21739130434782608,0.21739130434782608,
500K,1E-7,rand-30,1000,16,astrid-ours,true,0.17391304347826086,0.17391304347826086,True
500K,1E-7,rand-30,1000,16,astrid-ours,raxml,0.17391304347826086,0.17391304347826086,True
500K,1E-7,rand-30,1000,17,astral,true,0.0,0.0,
500K,1E-7,rand-30,1000,17,astral,raxml,0.13043478260869565,0.13043478260869565,
500K,1E-7,rand-30,1000,17,astrid,true,0.043478260869565216,0.043478260869565216,
500K,1E-7,rand-30,1000,17,astrid,raxml,0.13043478260869565,0.13043478260869565,
500K,1E-7,rand-30,1000,17,mpest,true,0.08695652173913043,0.08695652173913043,
500K,1E-7,rand-30,1000,17,mpest,raxml,0.34782608695652173,0.34782608695652173,
500K,1E-7,rand-30,1000,17,svdquartets,true,0.30434782608695654,0.30434782608695654,
500K,1E-7,rand-30,1000,17,astrid-ours,true,0.043478260869565216,0.043478260869565216,True
500K,1E-7,rand-30,1000,17,astrid-ours,raxml,0.043478260869565216,0.043478260869565216,False
500K,1E-7,rand-30,1000,18,astral,true,0.13043478260869565,0.13043478260869565,
500K,1E-7,rand-30,1000,18,astral,raxml,0.08695652173913043,0.08695652173913043,
500K,1E-7,rand-30,1000,18,astrid,true,0.30434782608695654,0.30434782608695654,
500K,1E-7,rand-30,1000,18,astrid,raxml,0.21739130434782608,0.21739130434782608,
500K,1E-7,rand-30,1000,18,mpest,true,0.21739130434782608,0.21739130434782608,
500K,1E-7,rand-30,1000,18,mpest,raxml,0.2608695652173913,0.2608695652173913,
500K,1E-7,rand-30,1000,18,svdquartets,true,0.34782608695652173,0.34782608695652173,
500K,1E-7,rand-30,1000,18,astrid-ours,true,0.2608695652173913,0.2608695652173913,False
500K,1E-7,rand-30,1000,18,astrid-ours,raxml,0.21739130434782608,0.21739130434782608,True
500K,1E-7,rand-30,1000,19,astral,true,0.08695652173913043,0.08695652173913043,
500K,1E-7,rand-30,1000,19,astral,raxml,0.08695652173913043,0.08695652173913043,
500K,1E-7,rand-30,1000,19,astrid,true,0.08695652173913043,0.08695652173913043,
500K,1E-7,rand-30,1000,19,astrid,raxml,0.08695652173913043,0.08695652173913043,
500K,1E-7,rand-30,1000,19,mpest,true,0.13043478260869565,0.13043478260869565,
500K,1E-7,rand-30,1000,19,mpest,raxml,0.21739130434782608,0.21739130434782608,
500K,1E-7,rand-30,1000,19,svdquartets,true,0.2608695652173913,0.2608695652173913,
500K,1E-7,rand-30,1000,19,astrid-ours,true,0.08695652173913043,0.08695652173913043,False
500K,1E-7,rand-30,1000,19,astrid-ours,raxml,0.08695652173913043,0.08695652173913043,True
500K,1E-7,rand-30,1000,20,astral,true,0.08695652173913043,0.08695652173913043,
500K,1E-7,rand-30,1000,20,astral,raxml,0.13043478260869565,0.13043478260869565,
500K,1E-7,rand-30,1000,20,astrid,true,0.21739130434782608,0.21739130434782608,
500K,1E-7,rand-30,1000,20,astrid,raxml,0.08695652173913043,0.08695652173913043,
500K,1E-7,rand-30,1000,20,mpest,true,0.043478260869565216,0.043478260869565216,
500K,1E-7,rand-30,1000,20,mpest,raxml,0.13043478260869565,0.13043478260869565,
500K,1E-7,rand-30,1000,20,svdquartets,true,0.17391304347826086,0.17391304347826086,
500K,1E-7,rand-30,1000,20,astrid-ours,true,0.08695652173913043,0.08695652173913043,False
500K,1E-7,rand-30,1000,20,astrid-ours,raxml,0.08695652173913043,0.08695652173913043,True
500K,1E-7,rand-60,50,1,astral,true,0.782608695652174,0.782608695652174,
500K,1E-7,rand-60,50,1,astral,raxml,0.7391304347826086,0.7391304347826086,
500K,1E-7,rand-60,50,1,astrid,true,0.8260869565217391,0.8260869565217391,
500K,1E-7,rand-60,50,1,astrid,raxml,0.782608695652174,0.782608695652174,
500K,1E-7,rand-60,50,1,mpest,true,0.7391304347826086,0.7391304347826086,
500K,1E-7,rand-60,50,1,mpest,raxml,0.8260869565217391,0.8260869565217391,
500K,1E-7,rand-60,50,1,svdquartets,true,0.7391304347826086,0.7391304347826086,
500K,1E-7,rand-60,50,1,astrid-ours,true,0.782608695652174,0.782608695652174,False
500K,1E-7,rand-60,50,1,astrid-ours,raxml,0.7391304347826086,0.7391304347826086,False
500K,1E-7,rand-60,50,2,astral,true,0.6521739130434783,0.6521739130434783,
500K,1E-7,rand-60,50,2,astral,raxml,0.6956521739130435,0.6956521739130435,
500K,1E-7,rand-60,50,2,astrid,true,0.6521739130434783,0.6521739130434783,
500K,1E-7,rand-60,50,2,astrid,raxml,0.7391304347826086,0.7391304347826086,
500K,1E-7,rand-60,50,2,mpest,true,0.6956521739130435,0.6956521739130435,
500K,1E-7,rand-60,50,2,mpest,raxml,0.7391304347826086,0.7391304347826086,
500K,1E-7,rand-60,50,2,svdquartets,true,0.6086956521739131,0.6086956521739131,
500K,1E-7,rand-60,50,2,astrid-ours,true,0.6521739130434783,0.6521739130434783,False
500K,1E-7,rand-60,50,2,astrid-ours,raxml,0.782608695652174,0.782608695652174,False
500K,1E-7,rand-60,50,3,astral,true,0.6521739130434783,0.6521739130434783,
500K,1E-7,rand-60,50,3,astral,raxml,0.6521739130434783,0.6521739130434783,
500K,1E-7,rand-60,50,3,astrid,true,0.6086956521739131,0.6086956521739131,
500K,1E-7,rand-60,50,3,astrid,raxml,0.6521739130434783,0.6521739130434783,
500K,1E-7,rand-60,50,3,mpest,true,0.6086956521739131,0.6086956521739131,
500K,1E-7,rand-60,50,3,mpest,raxml,0.782608695652174,0.782608695652174,
500K,1E-7,rand-60,50,3,svdquartets,true,0.782608695652174,0.782608695652174,
500K,1E-7,rand-60,50,3,astrid-ours,true,0.6086956521739131,0.6086956521739131,False
500K,1E-7,rand-60,50,3,astrid-ours,raxml,0.6521739130434783,0.6521739130434783,False
500K,1E-7,rand-60,50,4,astral,true,0.6521739130434783,0.6521739130434783,
500K,1E-7,rand-60,50,4,astral,raxml,0.8695652173913043,0.8695652173913043,
500K,1E-7,rand-60,50,4,astrid,true,0.6956521739130435,0.6956521739130435,
500K,1E-7,rand-60,50,4,astrid,raxml,0.9565217391304348,0.9565217391304348,
500K,1E-7,rand-60,50,4,mpest,true,0.782608695652174,0.782608695652174,
500K,1E-7,rand-60,50,4,mpest,raxml,0.8695652173913043,0.8695652173913043,
500K,1E-7,rand-60,50,4,svdquartets,true,1.0,0.6956521739130435,
500K,1E-7,rand-60,50,4,astrid-ours,true,0.6956521739130435,0.6956521739130435,True
500K,1E-7,rand-60,50,4,astrid-ours,raxml,0.9130434782608695,0.9130434782608695,False
500K,1E-7,rand-60,50,5,astral,true,0.8695652173913043,0.8695652173913043,
500K,1E-7,rand-60,50,5,astral,raxml,0.9130434782608695,0.9130434782608695,
500K,1E-7,rand-60,50,5,astrid,true,0.782608695652174,0.782608695652174,
500K,1E-7,rand-60,50,5,astrid,raxml,0.9130434782608695,0.9130434782608695,
500K,1E-7,rand-60,50,5,mpest,true,0.8260869565217391,0.8260869565217391,
500K,1E-7,rand-60,50,5,mpest,raxml,0.9130434782608695,0.9130434782608695,
500K,1E-7,rand-60,50,5,svdquartets,true,0.9565217391304348,0.30434782608695654,
500K,1E-7,rand-60,50,5,astrid-ours,true,0.6956521739130435,0.6956521739130435,False
500K,1E-7,rand-60,50,5,astrid-ours,raxml,0.9130434782608695,0.9130434782608695,False
500K,1E-7,rand-60,50,6,astral,true,0.6086956521739131,0.6086956521739131,
500K,1E-7,rand-60,50,6,astral,raxml,0.782608695652174,0.782608695652174,
500K,1E-7,rand-60,50,6,astrid,true,0.6956521739130435,0.6956521739130435,
500K,1E-7,rand-60,50,6,astrid,raxml,0.8260869565217391,0.8260869565217391,
500K,1E-7,rand-60,50,6,mpest,true,0.8260869565217391,0.8260869565217391,
500K,1E-7,rand-60,50,6,mpest,raxml,0.8260869565217391,0.8260869565217391,
500K,1E-7,rand-60,50,6,svdquartets,true,0.782608695652174,0.782608695652174,
500K,1E-7,rand-60,50,6,astrid-ours,true,0.782608695652174,0.782608695652174,False
500K,1E-7,rand-60,50,6,astrid-ours,raxml,0.8260869565217391,0.8260869565217391,False
500K,1E-7,rand-60,50,7,astral,true,0.5217391304347826,0.5217391304347826,
500K,1E-7,rand-60,50,7,astral,raxml,0.5652173913043478,0.5652173913043478,
500K,1E-7,rand-60,50,7,astrid,true,0.4782608695652174,0.4782608695652174,
500K,1E-7,rand-60,50,7,astrid,raxml,0.6086956521739131,0.6086956521739131,
500K,1E-7,rand-60,50,7,mpest,true,0.5217391304347826,0.5217391304347826,
500K,1E-7,rand-60,50,7,mpest,raxml,0.6086956521739131,0.6086956521739131,
500K,1E-7,rand-60,50,7,svdquartets,true,0.5652173913043478,0.5652173913043478,
500K,1E-7,rand-60,50,7,astrid-ours,true,0.4782608695652174,0.4782608695652174,False
500K,1E-7,rand-60,50,7,astrid-ours,raxml,0.4782608695652174,0.4782608695652174,False
500K,1E-7,rand-60,50,8,astral,true,0.6956521739130435,0.6956521739130435,
500K,1E-7,rand-60,50,8,astral,raxml,0.7391304347826086,0.7391304347826086,
500K,1E-7,rand-60,50,8,astrid,true,0.5217391304347826,0.5217391304347826,
500K,1E-7,rand-60,50,8,astrid,raxml,0.6956521739130435,0.6956521739130435,
500K,1E-7,rand-60,50,8,mpest,true,0.6521739130434783,0.6521739130434783,
500K,1E-7,rand-60,50,8,mpest,raxml,0.7391304347826086,0.7391304347826086,
500K,1E-7,rand-60,50,8,svdquartets,true,0.7391304347826086,0.7391304347826086,
500K,1E-7,rand-60,50,8,astrid-ours,true,0.6086956521739131,0.6086956521739131,False
500K,1E-7,rand-60,50,8,astrid-ours,raxml,0.6956521739130435,0.6956521739130435,False
500K,1E-7,rand-60,50,9,astral,true,0.5652173913043478,0.5652173913043478,
500K,1E-7,rand-60,50,9,astral,raxml,0.782608695652174,0.782608695652174,
500K,1E-7,rand-60,50,9,astrid,true,0.6956521739130435,0.6956521739130435,
500K,1E-7,rand-60,50,9,astrid,raxml,0.6956521739130435,0.6956521739130435,
500K,1E-7,rand-60,50,9,mpest,true,0.6086956521739131,0.6086956521739131,
500K,1E-7,rand-60,50,9,mpest,raxml,0.6956521739130435,0.6956521739130435,
500K,1E-7,rand-60,50,9,svdquartets,true,0.782608695652174,0.782608695652174,
500K,1E-7,rand-60,50,9,astrid-ours,true,0.6086956521739131,0.6086956521739131,False
500K,1E-7,rand-60,50,9,astrid-ours,raxml,0.6956521739130435,0.6956521739130435,True
500K,1E-7,rand-60,50,10,astral,true,0.5652173913043478,0.5652173913043478,
500K,1E-7,rand-60,50,10,astral,raxml,0.4782608695652174,0.4782608695652174,
500K,1E-7,rand-60,50,10,astrid,true,0.6956521739130435,0.6956521739130435,
500K,1E-7,rand-60,50,10,astrid,raxml,0.6086956521739131,0.6086956521739131,
500K,1E-7,rand-60,50,10,mpest,true,0.6521739130434783,0.6521739130434783,
500K,1E-7,rand-60,50,10,mpest,raxml,0.4782608695652174,0.4782608695652174,
500K,1E-7,rand-60,50,10,svdquartets,true,0.6956521739130435,0.6956521739130435,
500K,1E-7,rand-60,50,10,astrid-ours,true,0.6086956521739131,0.6086956521739131,False
500K,1E-7,rand-60,50,10,astrid-ours,raxml,0.5652173913043478,0.5652173913043478,False
500K,1E-7,rand-60,50,11,astral,true,0.9130434782608695,0.9130434782608695,
500K,1E-7,rand-60,50,11,astral,raxml,0.8260869565217391,0.8260869565217391,
500K,1E-7,rand-60,50,11,astrid,true,0.9130434782608695,0.9130434782608695,
500K,1E-7,rand-60,50,11,astrid,raxml,0.8260869565217391,0.8260869565217391,
500K,1E-7,rand-60,50,11,mpest,true,0.8695652173913043,0.8695652173913043,
500K,1E-7,rand-60,50,11,mpest,raxml,0.9130434782608695,0.9130434782608695,
500K,1E-7,rand-60,50,11,svdquartets,true,0.8695652173913043,0.8695652173913043,
500K,1E-7,rand-60,50,11,astrid-ours,true,0.8695652173913043,0.8695652173913043,False
500K,1E-7,rand-60,50,11,astrid-ours,raxml,0.7391304347826086,0.7391304347826086,False
500K,1E-7,rand-60,50,12,astral,true,0.7391304347826086,0.7391304347826086,
500K,1E-7,rand-60,50,12,astral,raxml,0.9130434782608695,0.9130434782608695,
500K,1E-7,rand-60,50,12,astrid,true,0.6956521739130435,0.6956521739130435,
500K,1E-7,rand-60,50,12,astrid,raxml,0.9130434782608695,0.9130434782608695,
500K,1E-7,rand-60,50,12,mpest,true,0.7391304347826086,0.7391304347826086,
500K,1E-7,rand-60,50,12,mpest,raxml,0.9130434782608695,0.9130434782608695,
500K,1E-7,rand-60,50,12,svdquartets,true,0.9130434782608695,0.9130434782608695,
500K,1E-7,rand-60,50,12,astrid-ours,true,0.6956521739130435,0.6956521739130435,False
500K,1E-7,rand-60,50,12,astrid-ours,raxml,0.9130434782608695,0.9130434782608695,False
500K,1E-7,rand-60,50,13,astral,true,0.6956521739130435,0.6956521739130435,
500K,1E-7,rand-60,50,13,astral,raxml,0.782608695652174,0.782608695652174,
500K,1E-7,rand-60,50,13,astrid,true,0.6521739130434783,0.6521739130434783,
500K,1E-7,rand-60,50,13,astrid,raxml,0.6521739130434783,0.6521739130434783,
500K,1E-7,rand-60,50,13,mpest,true,0.6521739130434783,0.6521739130434783,
500K,1E-7,rand-60,50,13,mpest,raxml,0.6086956521739131,0.6086956521739131,
500K,1E-7,rand-60,50,13,svdquartets,true,0.6956521739130435,0.6956521739130435,
500K,1E-7,rand-60,50,13,astrid-ours,true,0.6521739130434783,0.6521739130434783,False
500K,1E-7,rand-60,50,13,astrid-ours,raxml,0.6086956521739131,0.6086956521739131,False
500K,1E-7,rand-60,50,14,astral,true,0.6086956521739131,0.6086956521739131,
500K,1E-7,rand-60,50,14,astral,raxml,0.6086956521739131,0.6086956521739131,
500K,1E-7,rand-60,50,14,astrid,true,0.5652173913043478,0.5652173913043478,
500K,1E-7,rand-60,50,14,astrid,raxml,0.6521739130434783,0.6521739130434783,
500K,1E-7,rand-60,50,14,mpest,true,0.6521739130434783,0.6521739130434783,
500K,1E-7,rand-60,50,14,mpest,raxml,0.6956521739130435,0.6956521739130435,
500K,1E-7,rand-60,50,14,svdquartets,true,0.6086956521739131,0.6086956521739131,
500K,1E-7,rand-60,50,14,astrid-ours,true,0.6521739130434783,0.6521739130434783,False
500K,1E-7,rand-60,50,14,astrid-ours,raxml,0.6956521739130435,0.6956521739130435,False
500K,1E-7,rand-60,50,15,astral,true,0.6521739130434783,0.6521739130434783,
500K,1E-7,rand-60,50,15,astral,raxml,0.6956521739130435,0.6956521739130435,
500K,1E-7,rand-60,50,15,astrid,true,0.6086956521739131,0.6086956521739131,
500K,1E-7,rand-60,50,15,astrid,raxml,0.4782608695652174,0.4782608695652174,
500K,1E-7,rand-60,50,15,mpest,true,0.6521739130434783,0.6521739130434783,
500K,1E-7,rand-60,50,15,mpest,raxml,0.7391304347826086,0.7391304347826086,
500K,1E-7,rand-60,50,15,svdquartets,true,0.782608695652174,0.782608695652174,
500K,1E-7,rand-60,50,15,astrid-ours,true,0.5652173913043478,0.5652173913043478,False
500K,1E-7,rand-60,50,15,astrid-ours,raxml,0.5652173913043478,0.5652173913043478,False
500K,1E-7,rand-60,50,16,astral,true,0.7391304347826086,0.7391304347826086,
500K,1E-7,rand-60,50,16,astral,raxml,0.7391304347826086,0.7391304347826086,
500K,1E-7,rand-60,50,16,astrid,true,0.6956521739130435,0.6956521739130435,
500K,1E-7,rand-60,50,16,astrid,raxml,0.8260869565217391,0.8260869565217391,
500K,1E-7,rand-60,50,16,mpest,true,0.7391304347826086,0.7391304347826086,
500K,1E-7,rand-60,50,16,mpest,raxml,0.8260869565217391,0.8260869565217391,
500K,1E-7,rand-60,50,16,svdquartets,true,0.7391304347826086,0.7391304347826086,
500K,1E-7,rand-60,50,16,astrid-ours,true,0.6956521739130435,0.6956521739130435,False
500K,1E-7,rand-60,50,16,astrid-ours,raxml,0.7391304347826086,0.7391304347826086,False
500K,1E-7,rand-60,50,17,astral,true,0.5217391304347826,0.5217391304347826,
500K,1E-7,rand-60,50,17,astral,raxml,0.7391304347826086,0.7391304347826086,
500K,1E-7,rand-60,50,17,astrid,true,0.6521739130434783,0.6521739130434783,
500K,1E-7,rand-60,50,17,astrid,raxml,0.6956521739130435,0.6956521739130435,
500K,1E-7,rand-60,50,17,mpest,true,0.6521739130434783,0.6521739130434783,
500K,1E-7,rand-60,50,17,mpest,raxml,0.6086956521739131,0.6086956521739131,
500K,1E-7,rand-60,50,17,svdquartets,true,0.6086956521739131,0.6086956521739131,
500K,1E-7,rand-60,50,17,astrid-ours,true,0.5217391304347826,0.5217391304347826,False
500K,1E-7,rand-60,50,17,astrid-ours,raxml,0.7391304347826086,0.7391304347826086,False
500K,1E-7,rand-60,50,18,astral,true,0.43478260869565216,0.43478260869565216,
500K,1E-7,rand-60,50,18,astral,raxml,0.5217391304347826,0.5217391304347826,
500K,1E-7,rand-60,50,18,astrid,true,0.4782608695652174,0.4782608695652174,
500K,1E-7,rand-60,50,18,astrid,raxml,0.6086956521739131,0.6086956521739131,
500K,1E-7,rand-60,50,18,mpest,true,0.4782608695652174,0.4782608695652174,
500K,1E-7,rand-60,50,18,mpest,raxml,0.4782608695652174,0.4782608695652174,
500K,1E-7,rand-60,50,18,svdquartets,true,0.4782608695652174,0.4782608695652174,
500K,1E-7,rand-60,50,18,astrid-ours,true,0.4782608695652174,0.4782608695652174,True
500K,1E-7,rand-60,50,18,astrid-ours,raxml,0.5652173913043478,0.5652173913043478,False
500K,1E-7,rand-60,50,19,astral,true,0.5652173913043478,0.5652173913043478,
500K,1E-7,rand-60,50,19,astral,raxml,0.5652173913043478,0.5652173913043478,
500K,1E-7,rand-60,50,19,astrid,true,0.6086956521739131,0.6086956521739131,
500K,1E-7,rand-60,50,19,astrid,raxml,0.6521739130434783,0.6521739130434783,
500K,1E-7,rand-60,50,19,mpest,true,0.7391304347826086,0.7391304347826086,
500K,1E-7,rand-60,50,19,mpest,raxml,0.782608695652174,0.782608695652174,
500K,1E-7,rand-60,50,19,svdquartets,true,0.7391304347826086,0.7391304347826086,
500K,1E-7,rand-60,50,19,astrid-ours,true,0.5652173913043478,0.5652173913043478,False
500K,1E-7,rand-60,50,19,astrid-ours,raxml,0.7391304347826086,0.7391304347826086,False
500K,1E-7,rand-60,50,20,astral,true,0.6956521739130435,0.6956521739130435,
500K,1E-7,rand-60,50,20,astral,raxml,0.7391304347826086,0.7391304347826086,
500K,1E-7,rand-60,50,20,astrid,true,0.7391304347826086,0.7391304347826086,
500K,1E-7,rand-60,50,20,astrid,raxml,0.7391304347826086,0.7391304347826086,
500K,1E-7,rand-60,50,20,mpest,true,0.782608695652174,0.782608695652174,
500K,1E-7,rand-60,50,20,mpest,raxml,0.7391304347826086,0.7391304347826086,
500K,1E-7,rand-60,50,20,svdquartets,true,0.6956521739130435,0.6956521739130435,
500K,1E-7,rand-60,50,20,astrid-ours,true,0.6956521739130435,0.6956521739130435,False
500K,1E-7,rand-60,50,20,astrid-ours,raxml,0.7391304347826086,0.7391304347826086,False
500K,1E-7,rand-60,200,1,astral,true,0.5217391304347826,0.5217391304347826,
500K,1E-7,rand-60,200,1,astral,raxml,0.5652173913043478,0.5652173913043478,
500K,1E-7,rand-60,200,1,astrid,true,0.6086956521739131,0.6086956521739131,
500K,1E-7,rand-60,200,1,astrid,raxml,0.6521739130434783,0.6521739130434783,
500K,1E-7,rand-60,200,1,mpest,true,0.6086956521739131,0.6086956521739131,
500K,1E-7,rand-60,200,1,mpest,raxml,0.6086956521739131,0.6086956521739131,
500K,1E-7,rand-60,200,1,svdquartets,true,0.6521739130434783,0.6521739130434783,
500K,1E-7,rand-60,200,1,astrid-ours,true,0.6086956521739131,0.6086956521739131,False
500K,1E-7,rand-60,200,1,astrid-ours,raxml,0.6521739130434783,0.6521739130434783,True
500K,1E-7,rand-60,200,2,astral,true,0.34782608695652173,0.34782608695652173,
500K,1E-7,rand-60,200,2,astral,raxml,0.5217391304347826,0.5217391304347826,
500K,1E-7,rand-60,200,2,astrid,true,0.391304347826087,0.391304347826087,
500K,1E-7,rand-60,200,2,astrid,raxml,0.391304347826087,0.391304347826087,
500K,1E-7,rand-60,200,2,mpest,true,0.30434782608695654,0.30434782608695654,
500K,1E-7,rand-60,200,2,mpest,raxml,0.4782608695652174,0.4782608695652174,
500K,1E-7,rand-60,200,2,svdquartets,true,0.4782608695652174,0.4782608695652174,
500K,1E-7,rand-60,200,2,astrid-ours,true,0.391304347826087,0.391304347826087,True
500K,1E-7,rand-60,200,2,astrid-ours,raxml,0.391304347826087,0.391304347826087,True
500K,1E-7,rand-60,200,3,astral,true,0.391304347826087,0.391304347826087,
500K,1E-7,rand-60,200,3,astral,raxml,0.6521739130434783,0.6521739130434783,
500K,1E-7,rand-60,200,3,astrid,true,0.2608695652173913,0.2608695652173913,
500K,1E-7,rand-60,200,3,astrid,raxml,0.21739130434782608,0.21739130434782608,
500K,1E-7,rand-60,200,3,mpest,true,0.34782608695652173,0.34782608695652173,
500K,1E-7,rand-60,200,3,mpest,raxml,0.4782608695652174,0.4782608695652174,
500K,1E-7,rand-60,200,3,svdquartets,true,0.6521739130434783,0.6521739130434783,
500K,1E-7,rand-60,200,3,astrid-ours,true,0.391304347826087,0.391304347826087,False
500K,1E-7,rand-60,200,3,astrid-ours,raxml,0.34782608695652173,0.34782608695652173,False
500K,1E-7,rand-60,200,4,astral,true,0.34782608695652173,0.34782608695652173,
500K,1E-7,rand-60,200,4,astral,raxml,0.782608695652174,0.782608695652174,
500K,1E-7,rand-60,200,4,astrid,true,0.6521739130434783,0.6521739130434783,
500K,1E-7,rand-60,200,4,astrid,raxml,0.6956521739130435,0.6956521739130435,
500K,1E-7,rand-60,200,4,mpest,true,0.6086956521739131,0.6086956521739131,
500K,1E-7,rand-60,200,4,mpest,raxml,0.7391304347826086,0.7391304347826086,
500K,1E-7,rand-60,200,4,svdquartets,true,0.6956521739130435,0.6956521739130435,
500K,1E-7,rand-60,200,4,astrid-ours,true,0.4782608695652174,0.4782608695652174,False
500K,1E-7,rand-60,200,4,astrid-ours,raxml,0.7391304347826086,0.7391304347826086,False
500K,1E-7,rand-60,200,5,astral,true,0.2608695652173913,0.2608695652173913,
500K,1E-7,rand-60,200,5,astral,raxml,0.782608695652174,0.782608695652174,
500K,1E-7,rand-60,200,5,astrid,true,0.4782608695652174,0.4782608695652174,
500K,1E-7,rand-60,200,5,astrid,raxml,0.6956521739130435,0.6956521739130435,
500K,1E-7,rand-60,200,5,mpest,true,0.5652173913043478,0.5652173913043478,
500K,1E-7,rand-60,200,5,mpest,raxml,0.6956521739130435,0.6956521739130435,
500K,1E-7,rand-60,200,5,svdquartets,true,0.8695652173913043,0.782608695652174,
500K,1E-7,rand-60,200,5,astrid-ours,true,0.4782608695652174,0.4782608695652174,True
500K,1E-7,rand-60,200,5,astrid-ours,raxml,0.6956521739130435,0.6956521739130435,False
500K,1E-7,rand-60,200,6,astral,true,0.391304347826087,0.391304347826087,
500K,1E-7,rand-60,200,6,astral,raxml,0.5217391304347826,0.5217391304347826,
500K,1E-7,rand-60,200,6,astrid,true,0.43478260869565216,0.43478260869565216,
500K,1E-7,rand-60,200,6,astrid,raxml,0.4782608695652174,0.4782608695652174,
500K,1E-7,rand-60,200,6,mpest,true,0.5652173913043478,0.5652173913043478,
500K,1E-7,rand-60,200,6,mpest,raxml,0.5652173913043478,0.5652173913043478,
500K,1E-7,rand-60,200,6,svdquartets,true,0.5652173913043478,0.5652173913043478,
500K,1E-7,rand-60,200,6,astrid-ours,true,0.43478260869565216,0.43478260869565216,False
500K,1E-7,rand-60,200,6,astrid-ours,raxml,0.4782608695652174,0.4782608695652174,False
500K,1E-7,rand-60,200,7,astral,true,0.2608695652173913,0.2608695652173913,
500K,1E-7,rand-60,200,7,astral,raxml,0.391304347826087,0.391304347826087,
500K,1E-7,rand-60,200,7,astrid,true,0.30434782608695654,0.30434782608695654,
500K,1E-7,rand-60,200,7,astrid,raxml,0.391304347826087,0.391304347826087,
500K,1E-7,rand-60,200,7,mpest,true,0.17391304347826086,0.17391304347826086,
500K,1E-7,rand-60,200,7,mpest,raxml,0.34782608695652173,0.34782608695652173,
500K,1E-7,rand-60,200,7,svdquartets,true,0.5217391304347826,0.5217391304347826,
500K,1E-7,rand-60,200,7,astrid-ours,true,0.30434782608695654,0.30434782608695654,False
500K,1E-7,rand-60,200,7,astrid-ours,raxml,0.391304347826087,0.391304347826087,False
500K,1E-7,rand-60,200,8,astral,true,0.34782608695652173,0.34782608695652173,
500K,1E-7,rand-60,200,8,astral,raxml,0.4782608695652174,0.4782608695652174,
500K,1E-7,rand-60,200,8,astrid,true,0.34782608695652173,0.34782608695652173,
500K,1E-7,rand-60,200,8,astrid,raxml,0.34782608695652173,0.34782608695652173,
500K,1E-7,rand-60,200,8,mpest,true,0.43478260869565216,0.43478260869565216,
500K,1E-7,rand-60,200,8,mpest,raxml,0.43478260869565216,0.43478260869565216,
500K,1E-7,rand-60,200,8,svdquartets,true,0.4782608695652174,0.4782608695652174,
500K,1E-7,rand-60,200,8,astrid-ours,true,0.34782608695652173,0.34782608695652173,True
500K,1E-7,rand-60,200,8,astrid-ours,raxml,0.34782608695652173,0.34782608695652173,False
500K,1E-7,rand-60,200,9,astral,true,0.34782608695652173,0.34782608695652173,
500K,1E-7,rand-60,200,9,astral,raxml,0.43478260869565216,0.43478260869565216,
500K,1E-7,rand-60,200,9,astrid,true,0.5652173913043478,0.5652173913043478,
500K,1E-7,rand-60,200,9,astrid,raxml,0.5652173913043478,0.5652173913043478,
500K,1E-7,rand-60,200,9,mpest,true,0.4782608695652174,0.4782608695652174,
500K,1E-7,rand-60,200,9,mpest,raxml,0.4782608695652174,0.4782608695652174,
500K,1E-7,rand-60,200,9,svdquartets,true,0.4782608695652174,0.4782608695652174,
500K,1E-7,rand-60,200,9,astrid-ours,true,0.5652173913043478,0.5652173913043478,False
500K,1E-7,rand-60,200,9,astrid-ours,raxml,0.5217391304347826,0.5217391304347826,False
500K,1E-7,rand-60,200,10,astral,true,0.2608695652173913,0.2608695652173913,
500K,1E-7,rand-60,200,10,astral,raxml,0.34782608695652173,0.34782608695652173,
500K,1E-7,rand-60,200,10,astrid,true,0.2608695652173913,0.2608695652173913,
500K,1E-7,rand-60,200,10,astrid,raxml,0.34782608695652173,0.34782608695652173,
500K,1E-7,rand-60,200,10,mpest,true,0.17391304347826086,0.17391304347826086,
500K,1E-7,rand-60,200,10,mpest,raxml,0.43478260869565216,0.43478260869565216,
500K,1E-7,rand-60,200,10,svdquartets,true,0.34782608695652173,0.34782608695652173,
500K,1E-7,rand-60,200,10,astrid-ours,true,0.2608695652173913,0.2608695652173913,True
500K,1E-7,rand-60,200,10,astrid-ours,raxml,0.34782608695652173,0.34782608695652173,False
500K,1E-7,rand-60,200,11,astral,true,0.5217391304347826,0.5217391304347826,
500K,1E-7,rand-60,200,11,astral,raxml,0.5652173913043478,0.5652173913043478,
500K,1E-7,rand-60,200,11,astrid,true,0.5652173913043478,0.5652173913043478,
500K,1E-7,rand-60,200,11,astrid,raxml,0.5652173913043478,0.5652173913043478,
500K,1E-7,rand-60,200,11,mpest,true,0.5652173913043478,0.5652173913043478,
500K,1E-7,rand-60,200,11,mpest,raxml,0.6956521739130435,0.6956521739130435,
500K,1E-7,rand-60,200,11,svdquartets,true,0.6521739130434783,0.6521739130434783,
500K,1E-7,rand-60,200,11,astrid-ours,true,0.5217391304347826,0.5217391304347826,False
500K,1E-7,rand-60,200,11,astrid-ours,raxml,0.6086956521739131,0.6086956521739131,False
500K,1E-7,rand-60,200,12,astral,true,0.34782608695652173,0.34782608695652173,
500K,1E-7,rand-60,200,12,astral,raxml,0.7391304347826086,0.7391304347826086,
500K,1E-7,rand-60,200,12,astrid,true,0.43478260869565216,0.43478260869565216,
500K,1E-7,rand-60,200,12,astrid,raxml,0.6521739130434783,0.6521739130434783,
500K,1E-7,rand-60,200,12,mpest,true,0.5652173913043478,0.5652173913043478,
500K,1E-7,rand-60,200,12,mpest,raxml,0.7391304347826086,0.7391304347826086,
500K,1E-7,rand-60,200,12,svdquartets,true,0.8260869565217391,0.8260869565217391,
500K,1E-7,rand-60,200,12,astrid-ours,true,0.391304347826087,0.391304347826087,False
500K,1E-7,rand-60,200,12,astrid-ours,raxml,0.6956521739130435,0.6956521739130435,False
500K,1E-7,rand-60,200,13,astral,true,0.30434782608695654,0.30434782608695654,
500K,1E-7,rand-60,200,13,astral,raxml,0.391304347826087,0.391304347826087,
500K,1E-7,rand-60,200,13,astrid,true,0.21739130434782608,0.21739130434782608,
500K,1E-7,rand-60,200,13,astrid,raxml,0.30434782608695654,0.30434782608695654,
500K,1E-7,rand-60,200,13,mpest,true,0.21739130434782608,0.21739130434782608,
500K,1E-7,rand-60,200,13,mpest,raxml,0.43478260869565216,0.43478260869565216,
500K,1E-7,rand-60,200,13,svdquartets,true,0.5652173913043478,0.5652173913043478,
500K,1E-7,rand-60,200,13,astrid-ours,true,0.21739130434782608,0.21739130434782608,True
500K,1E-7,rand-60,200,13,astrid-ours,raxml,0.30434782608695654,0.30434782608695654,False
500K,1E-7,rand-60,200,14,astral,true,0.30434782608695654,0.30434782608695654,
500K,1E-7,rand-60,200,14,astral,raxml,0.30434782608695654,0.30434782608695654,
500K,1E-7,rand-60,200,14,astrid,true,0.2608695652173913,0.2608695652173913,
500K,1E-7,rand-60,200,14,astrid,raxml,0.34782608695652173,0.34782608695652173,
500K,1E-7,rand-60,200,14,mpest,true,0.30434782608695654,0.30434782608695654,
500K,1E-7,rand-60,200,14,mpest,raxml,0.4782608695652174,0.4782608695652174,
500K,1E-7,rand-60,200,14,svdquartets,true,0.391304347826087,0.391304347826087,
500K,1E-7,rand-60,200,14,astrid-ours,true,0.2608695652173913,0.2608695652173913,True
500K,1E-7,rand-60,200,14,astrid-ours,raxml,0.2608695652173913,0.2608695652173913,False
500K,1E-7,rand-60,200,15,astral,true,0.4782608695652174,0.4782608695652174,
500K,1E-7,rand-60,200,15,astral,raxml,0.4782608695652174,0.4782608695652174,
500K,1E-7,rand-60,200,15,astrid,true,0.34782608695652173,0.34782608695652173,
500K,1E-7,rand-60,200,15,astrid,raxml,0.30434782608695654,0.30434782608695654,
500K,1E-7,rand-60,200,15,mpest,true,0.21739130434782608,0.21739130434782608,
500K,1E-7,rand-60,200,15,mpest,raxml,0.4782608695652174,0.4782608695652174,
500K,1E-7,rand-60,200,15,svdquartets,true,0.6086956521739131,0.6086956521739131,
500K,1E-7,rand-60,200,15,astrid-ours,true,0.34782608695652173,0.34782608695652173,False
500K,1E-7,rand-60,200,15,astrid-ours,raxml,0.30434782608695654,0.30434782608695654,False
500K,1E-7,rand-60,200,16,astral,true,0.5652173913043478,0.5652173913043478,
500K,1E-7,rand-60,200,16,astral,raxml,0.4782608695652174,0.4782608695652174,
500K,1E-7,rand-60,200,16,astrid,true,0.4782608695652174,0.4782608695652174,
500K,1E-7,rand-60,200,16,astrid,raxml,0.391304347826087,0.391304347826087,
500K,1E-7,rand-60,200,16,mpest,true,0.5652173913043478,0.5652173913043478,
500K,1E-7,rand-60,200,16,mpest,raxml,0.5652173913043478,0.5652173913043478,
500K,1E-7,rand-60,200,16,svdquartets,true,0.5217391304347826,0.5217391304347826,
500K,1E-7,rand-60,200,16,astrid-ours,true,0.4782608695652174,0.4782608695652174,True
500K,1E-7,rand-60,200,16,astrid-ours,raxml,0.43478260869565216,0.43478260869565216,False
500K,1E-7,rand-60,200,17,astral,true,0.2608695652173913,0.2608695652173913,
500K,1E-7,rand-60,200,17,astral,raxml,0.6521739130434783,0.6521739130434783,
500K,1E-7,rand-60,200,17,astrid,true,0.30434782608695654,0.30434782608695654,
500K,1E-7,rand-60,200,17,astrid,raxml,0.5652173913043478,0.5652173913043478,
500K,1E-7,rand-60,200,17,mpest,true,0.30434782608695654,0.30434782608695654,
500K,1E-7,rand-60,200,17,mpest,raxml,0.6086956521739131,0.6086956521739131,
500K,1E-7,rand-60,200,17,svdquartets,true,0.6086956521739131,0.6086956521739131,
500K,1E-7,rand-60,200,17,astrid-ours,true,0.34782608695652173,0.34782608695652173,False
500K,1E-7,rand-60,200,17,astrid-ours,raxml,0.5652173913043478,0.5652173913043478,False
500K,1E-7,rand-60,200,18,astral,true,0.391304347826087,0.391304347826087,
500K,1E-7,rand-60,200,18,astral,raxml,0.4782608695652174,0.4782608695652174,
500K,1E-7,rand-60,200,18,astrid,true,0.34782608695652173,0.34782608695652173,
500K,1E-7,rand-60,200,18,astrid,raxml,0.43478260869565216,0.43478260869565216,
500K,1E-7,rand-60,200,18,mpest,true,0.391304347826087,0.391304347826087,
500K,1E-7,rand-60,200,18,mpest,raxml,0.4782608695652174,0.4782608695652174,
500K,1E-7,rand-60,200,18,svdquartets,true,0.4782608695652174,0.4782608695652174,
500K,1E-7,rand-60,200,18,astrid-ours,true,0.34782608695652173,0.34782608695652173,False
500K,1E-7,rand-60,200,18,astrid-ours,raxml,0.43478260869565216,0.43478260869565216,False
500K,1E-7,rand-60,200,19,astral,true,0.30434782608695654,0.30434782608695654,
500K,1E-7,rand-60,200,19,astral,raxml,0.34782608695652173,0.34782608695652173,
500K,1E-7,rand-60,200,19,astrid,true,0.34782608695652173,0.34782608695652173,
500K,1E-7,rand-60,200,19,astrid,raxml,0.391304347826087,0.391304347826087,
500K,1E-7,rand-60,200,19,mpest,true,0.4782608695652174,0.4782608695652174,
500K,1E-7,rand-60,200,19,mpest,raxml,0.43478260869565216,0.43478260869565216,
500K,1E-7,rand-60,200,19,svdquartets,true,0.4782608695652174,0.4782608695652174,
500K,1E-7,rand-60,200,19,astrid-ours,true,0.34782608695652173,0.34782608695652173,True
500K,1E-7,rand-60,200,19,astrid-ours,raxml,0.391304347826087,0.391304347826087,True
500K,1E-7,rand-60,200,20,astral,true,0.34782608695652173,0.34782608695652173,
500K,1E-7,rand-60,200,20,astral,raxml,0.5652173913043478,0.5652173913043478,
500K,1E-7,rand-60,200,20,astrid,true,0.6086956521739131,0.6086956521739131,
500K,1E-7,rand-60,200,20,astrid,raxml,0.6956521739130435,0.6956521739130435,
500K,1E-7,rand-60,200,20,mpest,true,0.4782608695652174,0.4782608695652174,
500K,1E-7,rand-60,200,20,mpest,raxml,0.5652173913043478,0.5652173913043478,
500K,1E-7,rand-60,200,20,svdquartets,true,0.6521739130434783,0.6521739130434783,
500K,1E-7,rand-60,200,20,astrid-ours,true,0.34782608695652173,0.34782608695652173,False
500K,1E-7,rand-60,200,20,astrid-ours,raxml,0.6521739130434783,0.6521739130434783,False
500K,1E-7,rand-60,1000,1,astral,true,0.34782608695652173,0.34782608695652173,
500K,1E-7,rand-60,1000,1,astral,raxml,0.43478260869565216,0.43478260869565216,
500K,1E-7,rand-60,1000,1,astrid,true,0.391304347826087,0.391304347826087,
500K,1E-7,rand-60,1000,1,astrid,raxml,0.43478260869565216,0.43478260869565216,
500K,1E-7,rand-60,1000,1,mpest,true,0.30434782608695654,0.30434782608695654,
500K,1E-7,rand-60,1000,1,mpest,raxml,0.391304347826087,0.391304347826087,
500K,1E-7,rand-60,1000,1,svdquartets,true,0.34782608695652173,0.34782608695652173,
500K,1E-7,rand-60,1000,1,astrid-ours,true,0.43478260869565216,0.43478260869565216,False
500K,1E-7,rand-60,1000,1,astrid-ours,raxml,0.391304347826087,0.391304347826087,False
500K,1E-7,rand-60,1000,2,astral,true,0.13043478260869565,0.13043478260869565,
500K,1E-7,rand-60,1000,2,astral,raxml,0.17391304347826086,0.17391304347826086,
500K,1E-7,rand-60,1000,2,astrid,true,0.17391304347826086,0.17391304347826086,
500K,1E-7,rand-60,1000,2,astrid,raxml,0.17391304347826086,0.17391304347826086,
500K,1E-7,rand-60,1000,2,mpest,true,0.17391304347826086,0.17391304347826086,
500K,1E-7,rand-60,1000,2,mpest,raxml,0.17391304347826086,0.17391304347826086,
500K,1E-7,rand-60,1000,2,svdquartets,true,0.21739130434782608,0.21739130434782608,
500K,1E-7,rand-60,1000,2,astrid-ours,true,0.17391304347826086,0.17391304347826086,True
500K,1E-7,rand-60,1000,2,astrid-ours,raxml,0.17391304347826086,0.17391304347826086,True
500K,1E-7,rand-60,1000,3,astral,true,0.13043478260869565,0.13043478260869565,
500K,1E-7,rand-60,1000,3,astral,raxml,0.21739130434782608,0.21739130434782608,
500K,1E-7,rand-60,1000,3,astrid,true,0.13043478260869565,0.13043478260869565,
500K,1E-7,rand-60,1000,3,astrid,raxml,0.2608695652173913,0.2608695652173913,
500K,1E-7,rand-60,1000,3,mpest,true,0.043478260869565216,0.043478260869565216,
500K,1E-7,rand-60,1000,3,mpest,raxml,0.34782608695652173,0.34782608695652173,
500K,1E-7,rand-60,1000,3,svdquartets,true,0.30434782608695654,0.30434782608695654,
500K,1E-7,rand-60,1000,3,astrid-ours,true,0.13043478260869565,0.13043478260869565,True
500K,1E-7,rand-60,1000,3,astrid-ours,raxml,0.2608695652173913,0.2608695652173913,True
500K,1E-7,rand-60,1000,4,astral,true,0.13043478260869565,0.13043478260869565,
500K,1E-7,rand-60,1000,4,astral,raxml,0.4782608695652174,0.4782608695652174,
500K,1E-7,rand-60,1000,4,astrid,true,0.21739130434782608,0.21739130434782608,
500K,1E-7,rand-60,1000,4,astrid,raxml,0.5217391304347826,0.5217391304347826,
500K,1E-7,rand-60,1000,4,mpest,true,0.2608695652173913,0.2608695652173913,
500K,1E-7,rand-60,1000,4,mpest,raxml,0.6086956521739131,0.6086956521739131,
500K,1E-7,rand-60,1000,4,svdquartets,true,0.4782608695652174,0.4782608695652174,
500K,1E-7,rand-60,1000,4,astrid-ours,true,0.21739130434782608,0.21739130434782608,True
500K,1E-7,rand-60,1000,4,astrid-ours,raxml,0.4782608695652174,0.4782608695652174,False
500K,1E-7,rand-60,1000,5,astral,true,0.0,0.0,
500K,1E-7,rand-60,1000,5,astral,raxml,0.391304347826087,0.391304347826087,
500K,1E-7,rand-60,1000,5,astrid,true,0.0,0.0,
500K,1E-7,rand-60,1000,5,astrid,raxml,0.391304347826087,0.391304347826087,
500K,1E-7,rand-60,1000,5,mpest,true,0.0,0.0,
500K,1E-7,rand-60,1000,5,mpest,raxml,0.4782608695652174,0.4782608695652174,
500K,1E-7,rand-60,1000,5,svdquartets,true,0.4782608695652174,0.4782608695652174,
500K,1E-7,rand-60,1000,5,astrid-ours,true,0.0,0.0,True
500K,1E-7,rand-60,1000,5,astrid-ours,raxml,0.391304347826087,0.391304347826087,False
500K,1E-7,rand-60,1000,6,astral,true,0.17391304347826086,0.17391304347826086,
500K,1E-7,rand-60,1000,6,astral,raxml,0.2608695652173913,0.2608695652173913,
500K,1E-7,rand-60,1000,6,astrid,true,0.30434782608695654,0.30434782608695654,
500K,1E-7,rand-60,1000,6,astrid,raxml,0.30434782608695654,0.30434782608695654,
500K,1E-7,rand-60,1000,6,mpest,true,0.30434782608695654,0.30434782608695654,
500K,1E-7,rand-60,1000,6,mpest,raxml,0.391304347826087,0.391304347826087,
500K,1E-7,rand-60,1000,6,svdquartets,true,0.4782608695652174,0.4782608695652174,
500K,1E-7,rand-60,1000,6,astrid-ours,true,0.21739130434782608,0.21739130434782608,False
500K,1E-7,rand-60,1000,6,astrid-ours,raxml,0.2608695652173913,0.2608695652173913,False
500K,1E-7,rand-60,1000,7,astral,true,0.17391304347826086,0.17391304347826086,
500K,1E-7,rand-60,1000,7,astral,raxml,0.13043478260869565,0.13043478260869565,
500K,1E-7,rand-60,1000,7,astrid,true,0.08695652173913043,0.08695652173913043,
500K,1E-7,rand-60,1000,7,astrid,raxml,0.08695652173913043,0.08695652173913043,
500K,1E-7,rand-60,1000,7,mpest,true,0.17391304347826086,0.17391304347826086,
500K,1E-7,rand-60,1000,7,mpest,raxml,0.34782608695652173,0.34782608695652173,
500K,1E-7,rand-60,1000,7,svdquartets,true,0.13043478260869565,0.13043478260869565,
500K,1E-7,rand-60,1000,7,astrid-ours,true,0.08695652173913043,0.08695652173913043,True
500K,1E-7,rand-60,1000,7,astrid-ours,raxml,0.08695652173913043,0.08695652173913043,True
500K,1E-7,rand-60,1000,8,astral,true,0.2608695652173913,0.2608695652173913,
500K,1E-7,rand-60,1000,8,astral,raxml,0.30434782608695654,0.30434782608695654,
500K,1E-7,rand-60,1000,8,astrid,true,0.17391304347826086,0.17391304347826086,
500K,1E-7,rand-60,1000,8,astrid,raxml,0.34782608695652173,0.34782608695652173,
500K,1E-7,rand-60,1000,8,mpest,true,0.2608695652173913,0.2608695652173913,
500K,1E-7,rand-60,1000,8,mpest,raxml,0.30434782608695654,0.30434782608695654,
500K,1E-7,rand-60,1000,8,svdquartets,true,0.34782608695652173,0.34782608695652173,
500K,1E-7,rand-60,1000,8,astrid-ours,true,0.17391304347826086,0.17391304347826086,True
500K,1E-7,rand-60,1000,8,astrid-ours,raxml,0.34782608695652173,0.34782608695652173,True
500K,1E-7,rand-60,1000,9,astral,true,0.17391304347826086,0.17391304347826086,
500K,1E-7,rand-60,1000,9,astral,raxml,0.21739130434782608,0.21739130434782608,
500K,1E-7,rand-60,1000,9,astrid,true,0.391304347826087,0.391304347826087,
500K,1E-7,rand-60,1000,9,astrid,raxml,0.34782608695652173,0.34782608695652173,
500K,1E-7,rand-60,1000,9,mpest,true,0.21739130434782608,0.21739130434782608,
500K,1E-7,rand-60,1000,9,mpest,raxml,0.43478260869565216,0.43478260869565216,
500K,1E-7,rand-60,1000,9,svdquartets,true,0.30434782608695654,0.30434782608695654,
500K,1E-7,rand-60,1000,9,astrid-ours,true,0.34782608695652173,0.34782608695652173,False
500K,1E-7,rand-60,1000,9,astrid-ours,raxml,0.34782608695652173,0.34782608695652173,True
500K,1E-7,rand-60,1000,10,astral,true,0.13043478260869565,0.13043478260869565,
500K,1E-7,rand-60,1000,10,astral,raxml,0.2608695652173913,0.2608695652173913,
500K,1E-7,rand-60,1000,10,astrid,true,0.13043478260869565,0.13043478260869565,
500K,1E-7,rand-60,1000,10,astrid,raxml,0.13043478260869565,0.13043478260869565,
500K,1E-7,rand-60,1000,10,mpest,true,0.17391304347826086,0.17391304347826086,
500K,1E-7,rand-60,1000,10,mpest,raxml,0.21739130434782608,0.21739130434782608,
500K,1E-7,rand-60,1000,10,svdquartets,true,0.21739130434782608,0.21739130434782608,
500K,1E-7,rand-60,1000,10,astrid-ours,true,0.13043478260869565,0.13043478260869565,True
500K,1E-7,rand-60,1000,10,astrid-ours,raxml,0.13043478260869565,0.13043478260869565,True
500K,1E-7,rand-60,1000,11,astral,true,0.21739130434782608,0.21739130434782608,
500K,1E-7,rand-60,1000,11,astral,raxml,0.21739130434782608,0.21739130434782608,
500K,1E-7,rand-60,1000,11,astrid,true,0.13043478260869565,0.13043478260869565,
500K,1E-7,rand-60,1000,11,astrid,raxml,0.08695652173913043,0.08695652173913043,
500K,1E-7,rand-60,1000,11,mpest,true,0.30434782608695654,0.30434782608695654,
500K,1E-7,rand-60,1000,11,mpest,raxml,0.43478260869565216,0.43478260869565216,
500K,1E-7,rand-60,1000,11,svdquartets,true,0.43478260869565216,0.43478260869565216,
500K,1E-7,rand-60,1000,11,astrid-ours,true,0.2608695652173913,0.2608695652173913,False
500K,1E-7,rand-60,1000,11,astrid-ours,raxml,0.08695652173913043,0.08695652173913043,True
500K,1E-7,rand-60,1000,12,astral,true,0.2608695652173913,0.2608695652173913,
500K,1E-7,rand-60,1000,12,astral,raxml,0.43478260869565216,0.43478260869565216,
500K,1E-7,rand-60,1000,12,astrid,true,0.17391304347826086,0.17391304347826086,
500K,1E-7,rand-60,1000,12,astrid,raxml,0.30434782608695654,0.30434782608695654,
500K,1E-7,rand-60,1000,12,mpest,true,0.17391304347826086,0.17391304347826086,
500K,1E-7,rand-60,1000,12,mpest,raxml,0.391304347826087,0.391304347826087,
500K,1E-7,rand-60,1000,12,svdquartets,true,0.34782608695652173,0.34782608695652173,
500K,1E-7,rand-60,1000,12,astrid-ours,true,0.17391304347826086,0.17391304347826086,True
500K,1E-7,rand-60,1000,12,astrid-ours,raxml,0.30434782608695654,0.30434782608695654,True
500K,1E-7,rand-60,1000,13,astral,true,0.17391304347826086,0.17391304347826086,
500K,1E-7,rand-60,1000,13,astral,raxml,0.21739130434782608,0.21739130434782608,
500K,1E-7,rand-60,1000,13,astrid,true,0.17391304347826086,0.17391304347826086,
500K,1E-7,rand-60,1000,13,astrid,raxml,0.13043478260869565,0.13043478260869565,
500K,1E-7,rand-60,1000,13,mpest,true,0.08695652173913043,0.08695652173913043,
500K,1E-7,rand-60,1000,13,mpest,raxml,0.08695652173913043,0.08695652173913043,
500K,1E-7,rand-60,1000,13,svdquartets,true,0.30434782608695654,0.30434782608695654,
500K,1E-7,rand-60,1000,13,astrid-ours,true,0.17391304347826086,0.17391304347826086,True
500K,1E-7,rand-60,1000,13,astrid-ours,raxml,0.13043478260869565,0.13043478260869565,True
500K,1E-7,rand-60,1000,14,astral,true,0.21739130434782608,0.21739130434782608,
500K,1E-7,rand-60,1000,14,astral,raxml,0.2608695652173913,0.2608695652173913,
500K,1E-7,rand-60,1000,14,astrid,true,0.2608695652173913,0.2608695652173913,
500K,1E-7,rand-60,1000,14,astrid,raxml,0.21739130434782608,0.21739130434782608,
500K,1E-7,rand-60,1000,14,mpest,true,0.34782608695652173,0.34782608695652173,
500K,1E-7,rand-60,1000,14,mpest,raxml,0.391304347826087,0.391304347826087,
500K,1E-7,rand-60,1000,14,svdquartets,true,0.4782608695652174,0.4782608695652174,
500K,1E-7,rand-60,1000,14,astrid-ours,true,0.2608695652173913,0.2608695652173913,True
500K,1E-7,rand-60,1000,14,astrid-ours,raxml,0.30434782608695654,0.30434782608695654,False
500K,1E-7,rand-60,1000,15,astral,true,0.17391304347826086,0.17391304347826086,
500K,1E-7,rand-60,1000,15,astral,raxml,0.2608695652173913,0.2608695652173913,
500K,1E-7,rand-60,1000,15,astrid,true,0.2608695652173913,0.2608695652173913,
500K,1E-7,rand-60,1000,15,astrid,raxml,0.2608695652173913,0.2608695652173913,
500K,1E-7,rand-60,1000,15,mpest,true,0.21739130434782608,0.21739130434782608,
500K,1E-7,rand-60,1000,15,mpest,raxml,0.30434782608695654,0.30434782608695654,
500K,1E-7,rand-60,1000,15,svdquartets,true,0.391304347826087,0.391304347826087,
500K,1E-7,rand-60,1000,15,astrid-ours,true,0.2608695652173913,0.2608695652173913,True
500K,1E-7,rand-60,1000,15,astrid-ours,raxml,0.2608695652173913,0.2608695652173913,True
500K,1E-7,rand-60,1000,16,astral,true,0.30434782608695654,0.30434782608695654,
500K,1E-7,rand-60,1000,16,astral,raxml,0.34782608695652173,0.34782608695652173,
500K,1E-7,rand-60,1000,16,astrid,true,0.2608695652173913,0.2608695652173913,
500K,1E-7,rand-60,1000,16,astrid,raxml,0.30434782608695654,0.30434782608695654,
500K,1E-7,rand-60,1000,16,mpest,true,0.2608695652173913,0.2608695652173913,
500K,1E-7,rand-60,1000,16,mpest,raxml,0.391304347826087,0.391304347826087,
500K,1E-7,rand-60,1000,16,svdquartets,true,0.391304347826087,0.391304347826087,
500K,1E-7,rand-60,1000,16,astrid-ours,true,0.2608695652173913,0.2608695652173913,True
500K,1E-7,rand-60,1000,16,astrid-ours,raxml,0.30434782608695654,0.30434782608695654,False
500K,1E-7,rand-60,1000,17,astral,true,0.0,0.0,
500K,1E-7,rand-60,1000,17,astral,raxml,0.2608695652173913,0.2608695652173913,
500K,1E-7,rand-60,1000,17,astrid,true,0.043478260869565216,0.043478260869565216,
500K,1E-7,rand-60,1000,17,astrid,raxml,0.17391304347826086,0.17391304347826086,
500K,1E-7,rand-60,1000,17,mpest,true,0.13043478260869565,0.13043478260869565,
500K,1E-7,rand-60,1000,17,mpest,raxml,0.43478260869565216,0.43478260869565216,
500K,1E-7,rand-60,1000,17,svdquartets,true,0.5217391304347826,0.5217391304347826,
500K,1E-7,rand-60,1000,17,astrid-ours,true,0.043478260869565216,0.043478260869565216,True
500K,1E-7,rand-60,1000,17,astrid-ours,raxml,0.17391304347826086,0.17391304347826086,True
500K,1E-7,rand-60,1000,18,astral,true,0.34782608695652173,0.34782608695652173,
500K,1E-7,rand-60,1000,18,astral,raxml,0.391304347826087,0.391304347826087,
500K,1E-7,rand-60,1000,18,astrid,true,0.34782608695652173,0.34782608695652173,
500K,1E-7,rand-60,1000,18,astrid,raxml,0.34782608695652173,0.34782608695652173,
500K,1E-7,rand-60,1000,18,mpest,true,0.391304347826087,0.391304347826087,
500K,1E-7,rand-60,1000,18,mpest,raxml,0.391304347826087,0.391304347826087,
500K,1E-7,rand-60,1000,18,svdquartets,true,0.391304347826087,0.391304347826087,
500K,1E-7,rand-60,1000,18,astrid-ours,true,0.34782608695652173,0.34782608695652173,True
500K,1E-7,rand-60,1000,18,astrid-ours,raxml,0.34782608695652173,0.34782608695652173,True
500K,1E-7,rand-60,1000,19,astral,true,0.13043478260869565,0.13043478260869565,
500K,1E-7,rand-60,1000,19,astral,raxml,0.17391304347826086,0.17391304347826086,
500K,1E-7,rand-60,1000,19,astrid,true,0.13043478260869565,0.13043478260869565,
500K,1E-7,rand-60,1000,19,astrid,raxml,0.17391304347826086,0.17391304347826086,
500K,1E-7,rand-60,1000,19,mpest,true,0.21739130434782608,0.21739130434782608,
500K,1E-7,rand-60,1000,19,mpest,raxml,0.2608695652173913,0.2608695652173913,
500K,1E-7,rand-60,1000,19,svdquartets,true,0.30434782608695654,0.30434782608695654,
500K,1E-7,rand-60,1000,19,astrid-ours,true,0.13043478260869565,0.13043478260869565,True
500K,1E-7,rand-60,1000,19,astrid-ours,raxml,0.17391304347826086,0.17391304347826086,True
500K,1E-7,rand-60,1000,20,astral,true,0.21739130434782608,0.21739130434782608,
500K,1E-7,rand-60,1000,20,astral,raxml,0.21739130434782608,0.21739130434782608,
500K,1E-7,rand-60,1000,20,astrid,true,0.08695652173913043,0.08695652173913043,
500K,1E-7,rand-60,1000,20,astrid,raxml,0.2608695652173913,0.2608695652173913,
500K,1E-7,rand-60,1000,20,mpest,true,0.30434782608695654,0.30434782608695654,
500K,1E-7,rand-60,1000,20,mpest,raxml,0.34782608695652173,0.34782608695652173,
500K,1E-7,rand-60,1000,20,svdquartets,true,0.391304347826087,0.391304347826087,
500K,1E-7,rand-60,1000,20,astrid-ours,true,0.08695652173913043,0.08695652173913043,True
500K,1E-7,rand-60,1000,20,astrid-ours,raxml,0.2608695652173913,0.2608695652173913,True
500K,1E-6,full-0,50,1,astral,true,0.30434782608695654,0.30434782608695654,
500K,1E-6,full-0,50,1,astral,raxml,0.391304347826087,0.391304347826087,
500K,1E-6,full-0,50,1,astrid,true,0.391304347826087,0.391304347826087,
500K,1E-6,full-0,50,1,astrid,raxml,0.34782608695652173,0.34782608695652173,
500K,1E-6,full-0,50,1,mpest,true,0.391304347826087,0.391304347826087,
500K,1E-6,full-0,50,1,mpest,raxml,0.5217391304347826,0.5217391304347826,
500K,1E-6,full-0,50,1,svdquartets,true,0.4782608695652174,0.4782608695652174,
500K,1E-6,full-0,50,1,astrid-ours,true,0.391304347826087,0.391304347826087,True
500K,1E-6,full-0,50,1,astrid-ours,raxml,0.34782608695652173,0.34782608695652173,True
500K,1E-6,full-0,50,2,astral,true,0.13043478260869565,0.13043478260869565,
500K,1E-6,full-0,50,2,astral,raxml,0.21739130434782608,0.21739130434782608,
500K,1E-6,full-0,50,2,astrid,true,0.13043478260869565,0.13043478260869565,
500K,1E-6,full-0,50,2,astrid,raxml,0.2608695652173913,0.2608695652173913,
500K,1E-6,full-0,50,2,mpest,true,0.13043478260869565,0.13043478260869565,
500K,1E-6,full-0,50,2,mpest,raxml,0.391304347826087,0.391304347826087,
500K,1E-6,full-0,50,2,svdquartets,true,0.30434782608695654,0.30434782608695654,
500K,1E-6,full-0,50,2,astrid-ours,true,0.13043478260869565,0.13043478260869565,True
500K,1E-6,full-0,50,2,astrid-ours,raxml,0.2608695652173913,0.2608695652173913,True
500K,1E-6,full-0,50,3,astral,true,0.34782608695652173,0.34782608695652173,
500K,1E-6,full-0,50,3,astral,raxml,0.43478260869565216,0.43478260869565216,
500K,1E-6,full-0,50,3,astrid,true,0.391304347826087,0.391304347826087,
500K,1E-6,full-0,50,3,astrid,raxml,0.30434782608695654,0.30434782608695654,
500K,1E-6,full-0,50,3,mpest,true,0.43478260869565216,0.43478260869565216,
500K,1E-6,full-0,50,3,mpest,raxml,0.5217391304347826,0.5217391304347826,
500K,1E-6,full-0,50,3,svdquartets,true,0.5652173913043478,0.5652173913043478,
500K,1E-6,full-0,50,3,astrid-ours,true,0.391304347826087,0.391304347826087,True
500K,1E-6,full-0,50,3,astrid-ours,raxml,0.30434782608695654,0.30434782608695654,False
500K,1E-6,full-0,50,4,astral,true,0.17391304347826086,0.17391304347826086,
500K,1E-6,full-0,50,4,astral,raxml,0.8260869565217391,0.8260869565217391,
500K,1E-6,full-0,50,4,astrid,true,0.13043478260869565,0.13043478260869565,
500K,1E-6,full-0,50,4,astrid,raxml,0.8260869565217391,0.8260869565217391,
500K,1E-6,full-0,50,4,mpest,true,0.30434782608695654,0.30434782608695654,
500K,1E-6,full-0,50,4,mpest,raxml,0.9565217391304348,0.9565217391304348,
500K,1E-6,full-0,50,4,svdquartets,true,0.7391304347826086,0.7391304347826086,
500K,1E-6,full-0,50,4,astrid-ours,true,0.13043478260869565,0.13043478260869565,True
500K,1E-6,full-0,50,4,astrid-ours,raxml,0.8260869565217391,0.8260869565217391,False
500K,1E-6,full-0,50,5,astral,true,0.30434782608695654,0.30434782608695654,
500K,1E-6,full-0,50,5,astral,raxml,0.391304347826087,0.391304347826087,
500K,1E-6,full-0,50,5,astrid,true,0.2608695652173913,0.2608695652173913,
500K,1E-6,full-0,50,5,astrid,raxml,0.391304347826087,0.391304347826087,
500K,1E-6,full-0,50,5,mpest,true,0.34782608695652173,0.34782608695652173,
500K,1E-6,full-0,50,5,mpest,raxml,0.391304347826087,0.391304347826087,
500K,1E-6,full-0,50,5,svdquartets,true,0.4782608695652174,0.4782608695652174,
500K,1E-6,full-0,50,5,astrid-ours,true,0.2608695652173913,0.2608695652173913,True
500K,1E-6,full-0,50,5,astrid-ours,raxml,0.391304347826087,0.391304347826087,False
500K,1E-6,full-0,50,6,astral,true,0.2608695652173913,0.2608695652173913,
500K,1E-6,full-0,50,6,astral,raxml,0.2608695652173913,0.2608695652173913,
500K,1E-6,full-0,50,6,astrid,true,0.21739130434782608,0.21739130434782608,
500K,1E-6,full-0,50,6,astrid,raxml,0.34782608695652173,0.34782608695652173,
500K,1E-6,full-0,50,6,mpest,true,0.34782608695652173,0.34782608695652173,
500K,1E-6,full-0,50,6,mpest,raxml,0.2608695652173913,0.2608695652173913,
500K,1E-6,full-0,50,6,svdquartets,true,0.391304347826087,0.391304347826087,
500K,1E-6,full-0,50,6,astrid-ours,true,0.21739130434782608,0.21739130434782608,True
500K,1E-6,full-0,50,6,astrid-ours,raxml,0.2608695652173913,0.2608695652173913,False
500K,1E-6,full-0,50,7,astral,true,0.4782608695652174,0.4782608695652174,
500K,1E-6,full-0,50,7,astral,raxml,0.5652173913043478,0.5652173913043478,
500K,1E-6,full-0,50,7,astrid,true,0.5652173913043478,0.5652173913043478,
500K,1E-6,full-0,50,7,astrid,raxml,0.6086956521739131,0.6086956521739131,
500K,1E-6,full-0,50,7,mpest,true,0.5652173913043478,0.5652173913043478,
500K,1E-6,full-0,50,7,mpest,raxml,0.6086956521739131,0.6086956521739131,
500K,1E-6,full-0,50,7,svdquartets,true,0.7391304347826086,0.7391304347826086,
500K,1E-6,full-0,50,7,astrid-ours,true,0.5652173913043478,0.5652173913043478,True
500K,1E-6,full-0,50,7,astrid-ours,raxml,0.6956521739130435,0.6956521739130435,False
500K,1E-6,full-0,50,8,astral,true,0.13043478260869565,0.13043478260869565,
500K,1E-6,full-0,50,8,astral,raxml,0.08695652173913043,0.08695652173913043,
500K,1E-6,full-0,50,8,astrid,true,0.21739130434782608,0.21739130434782608,
500K,1E-6,full-0,50,8,astrid,raxml,0.17391304347826086,0.17391304347826086,
500K,1E-6,full-0,50,8,mpest,true,0.21739130434782608,0.21739130434782608,
500K,1E-6,full-0,50,8,mpest,raxml,0.21739130434782608,0.21739130434782608,
500K,1E-6,full-0,50,8,svdquartets,true,0.30434782608695654,0.30434782608695654,
500K,1E-6,full-0,50,8,astrid-ours,true,0.21739130434782608,0.21739130434782608,True
500K,1E-6,full-0,50,8,astrid-ours,raxml,0.08695652173913043,0.08695652173913043,False
500K,1E-6,full-0,50,9,astral,true,0.30434782608695654,0.30434782608695654,
500K,1E-6,full-0,50,9,astral,raxml,0.30434782608695654,0.30434782608695654,
500K,1E-6,full-0,50,9,astrid,true,0.30434782608695654,0.30434782608695654,
500K,1E-6,full-0,50,9,astrid,raxml,0.34782608695652173,0.34782608695652173,
500K,1E-6,full-0,50,9,mpest,true,0.34782608695652173,0.34782608695652173,
500K,1E-6,full-0,50,9,mpest,raxml,0.43478260869565216,0.43478260869565216,
500K,1E-6,full-0,50,9,svdquartets,true,0.4782608695652174,0.4782608695652174,
500K,1E-6,full-0,50,9,astrid-ours,true,0.30434782608695654,0.30434782608695654,True
500K,1E-6,full-0,50,9,astrid-ours,raxml,0.34782608695652173,0.34782608695652173,True
500K,1E-6,full-0,50,10,astral,true,0.30434782608695654,0.30434782608695654,
500K,1E-6,full-0,50,10,astral,raxml,0.4782608695652174,0.4782608695652174,
500K,1E-6,full-0,50,10,astrid,true,0.43478260869565216,0.43478260869565216,
500K,1E-6,full-0,50,10,astrid,raxml,0.4782608695652174,0.4782608695652174,
500K,1E-6,full-0,50,10,mpest,true,0.4782608695652174,0.4782608695652174,
500K,1E-6,full-0,50,10,mpest,raxml,0.43478260869565216,0.43478260869565216,
500K,1E-6,full-0,50,10,svdquartets,true,0.6086956521739131,0.6086956521739131,
500K,1E-6,full-0,50,10,astrid-ours,true,0.4782608695652174,0.4782608695652174,False
500K,1E-6,full-0,50,10,astrid-ours,raxml,0.43478260869565216,0.43478260869565216,False
500K,1E-6,full-0,50,11,astral,true,0.08695652173913043,0.08695652173913043,
500K,1E-6,full-0,50,11,astral,raxml,0.21739130434782608,0.21739130434782608,
500K,1E-6,full-0,50,11,astrid,true,0.08695652173913043,0.08695652173913043,
500K,1E-6,full-0,50,11,astrid,raxml,0.2608695652173913,0.2608695652173913,
500K,1E-6,full-0,50,11,mpest,true,0.17391304347826086,0.17391304347826086,
500K,1E-6,full-0,50,11,mpest,raxml,0.391304347826087,0.391304347826087,
500K,1E-6,full-0,50,11,svdquartets,true,0.30434782608695654,0.30434782608695654,
500K,1E-6,full-0,50,11,astrid-ours,true,0.08695652173913043,0.08695652173913043,True
500K,1E-6,full-0,50,11,astrid-ours,raxml,0.2608695652173913,0.2608695652173913,True
500K,1E-6,full-0,50,12,astral,true,0.2608695652173913,0.2608695652173913,
500K,1E-6,full-0,50,12,astral,raxml,0.4782608695652174,0.4782608695652174,
500K,1E-6,full-0,50,12,astrid,true,0.2608695652173913,0.2608695652173913,
500K,1E-6,full-0,50,12,astrid,raxml,0.34782608695652173,0.34782608695652173,
500K,1E-6,full-0,50,12,mpest,true,0.4782608695652174,0.4782608695652174,
500K,1E-6,full-0,50,12,mpest,raxml,0.43478260869565216,0.43478260869565216,
500K,1E-6,full-0,50,12,svdquartets,true,0.6086956521739131,0.6086956521739131,
500K,1E-6,full-0,50,12,astrid-ours,true,0.2608695652173913,0.2608695652173913,True
500K,1E-6,full-0,50,12,astrid-ours,raxml,0.2608695652173913,0.2608695652173913,False
500K,1E-6,full-0,50,13,astral,true,0.08695652173913043,0.08695652173913043,
500K,1E-6,full-0,50,13,astral,raxml,0.17391304347826086,0.17391304347826086,
500K,1E-6,full-0,50,13,astrid,true,0.17391304347826086,0.17391304347826086,
500K,1E-6,full-0,50,13,astrid,raxml,0.30434782608695654,0.30434782608695654,
500K,1E-6,full-0,50,13,mpest,true,0.34782608695652173,0.34782608695652173,
500K,1E-6,full-0,50,13,mpest,raxml,0.43478260869565216,0.43478260869565216,
500K,1E-6,full-0,50,13,svdquartets,true,0.5652173913043478,0.5652173913043478,
500K,1E-6,full-0,50,13,astrid-ours,true,0.17391304347826086,0.17391304347826086,False
500K,1E-6,full-0,50,13,astrid-ours,raxml,0.30434782608695654,0.30434782608695654,True
500K,1E-6,full-0,50,14,astral,true,0.2608695652173913,0.2608695652173913,
500K,1E-6,full-0,50,14,astral,raxml,0.2608695652173913,0.2608695652173913,
500K,1E-6,full-0,50,14,astrid,true,0.30434782608695654,0.30434782608695654,
500K,1E-6,full-0,50,14,astrid,raxml,0.2608695652173913,0.2608695652173913,
500K,1E-6,full-0,50,14,mpest,true,0.43478260869565216,0.43478260869565216,
500K,1E-6,full-0,50,14,mpest,raxml,0.391304347826087,0.391304347826087,
500K,1E-6,full-0,50,14,svdquartets,true,0.43478260869565216,0.43478260869565216,
500K,1E-6,full-0,50,14,astrid-ours,true,0.30434782608695654,0.30434782608695654,True
500K,1E-6,full-0,50,14,astrid-ours,raxml,0.2608695652173913,0.2608695652173913,False
500K,1E-6,full-0,50,15,astral,true,0.30434782608695654,0.30434782608695654,
500K,1E-6,full-0,50,15,astral,raxml,0.21739130434782608,0.21739130434782608,
500K,1E-6,full-0,50,15,astrid,true,0.2608695652173913,0.2608695652173913,
500K,1E-6,full-0,50,15,astrid,raxml,0.34782608695652173,0.34782608695652173,
500K,1E-6,full-0,50,15,mpest,true,0.4782608695652174,0.4782608695652174,
500K,1E-6,full-0,50,15,mpest,raxml,0.4782608695652174,0.4782608695652174,
500K,1E-6,full-0,50,15,svdquartets,true,0.6086956521739131,0.6086956521739131,
500K,1E-6,full-0,50,15,astrid-ours,true,0.2608695652173913,0.2608695652173913,True
500K,1E-6,full-0,50,15,astrid-ours,raxml,0.2608695652173913,0.2608695652173913,False
500K,1E-6,full-0,50,16,astral,true,0.08695652173913043,0.08695652173913043,
500K,1E-6,full-0,50,16,astral,raxml,0.21739130434782608,0.21739130434782608,
500K,1E-6,full-0,50,16,astrid,true,0.08695652173913043,0.08695652173913043,
500K,1E-6,full-0,50,16,astrid,raxml,0.21739130434782608,0.21739130434782608,
500K,1E-6,full-0,50,16,mpest,true,0.13043478260869565,0.13043478260869565,
500K,1E-6,full-0,50,16,mpest,raxml,0.34782608695652173,0.34782608695652173,
500K,1E-6,full-0,50,16,svdquartets,true,0.4782608695652174,0.4782608695652174,
500K,1E-6,full-0,50,16,astrid-ours,true,0.08695652173913043,0.08695652173913043,True
500K,1E-6,full-0,50,16,astrid-ours,raxml,0.30434782608695654,0.30434782608695654,False
500K,1E-6,full-0,50,17,astral,true,0.2608695652173913,0.2608695652173913,
500K,1E-6,full-0,50,17,astral,raxml,0.5652173913043478,0.5652173913043478,
500K,1E-6,full-0,50,17,astrid,true,0.2608695652173913,0.2608695652173913,
500K,1E-6,full-0,50,17,astrid,raxml,0.6086956521739131,0.6086956521739131,
500K,1E-6,full-0,50,17,mpest,true,0.30434782608695654,0.30434782608695654,
500K,1E-6,full-0,50,17,mpest,raxml,0.7391304347826086,0.7391304347826086,
500K,1E-6,full-0,50,17,svdquartets,true,0.5652173913043478,0.5652173913043478,
500K,1E-6,full-0,50,17,astrid-ours,true,0.2608695652173913,0.2608695652173913,True
500K,1E-6,full-0,50,17,astrid-ours,raxml,0.5652173913043478,0.5652173913043478,False
500K,1E-6,full-0,50,18,astral,true,0.43478260869565216,0.43478260869565216,
500K,1E-6,full-0,50,18,astral,raxml,0.34782608695652173,0.34782608695652173,
500K,1E-6,full-0,50,18,astrid,true,0.34782608695652173,0.34782608695652173,
500K,1E-6,full-0,50,18,astrid,raxml,0.391304347826087,0.391304347826087,
500K,1E-6,full-0,50,18,mpest,true,0.4782608695652174,0.4782608695652174,
500K,1E-6,full-0,50,18,mpest,raxml,0.4782608695652174,0.4782608695652174,
500K,1E-6,full-0,50,18,svdquartets,true,0.5217391304347826,0.5217391304347826,
500K,1E-6,full-0,50,18,astrid-ours,true,0.34782608695652173,0.34782608695652173,True
500K,1E-6,full-0,50,18,astrid-ours,raxml,0.391304347826087,0.391304347826087,True
500K,1E-6,full-0,50,19,astral,true,0.30434782608695654,0.30434782608695654,
500K,1E-6,full-0,50,19,astral,raxml,0.30434782608695654,0.30434782608695654,
500K,1E-6,full-0,50,19,astrid,true,0.34782608695652173,0.34782608695652173,
500K,1E-6,full-0,50,19,astrid,raxml,0.30434782608695654,0.30434782608695654,
500K,1E-6,full-0,50,19,mpest,true,0.34782608695652173,0.34782608695652173,
500K,1E-6,full-0,50,19,mpest,raxml,0.34782608695652173,0.34782608695652173,
500K,1E-6,full-0,50,19,svdquartets,true,0.5652173913043478,0.5652173913043478,
500K,1E-6,full-0,50,19,astrid-ours,true,0.34782608695652173,0.34782608695652173,True
500K,1E-6,full-0,50,19,astrid-ours,raxml,0.30434782608695654,0.30434782608695654,True
500K,1E-6,full-0,50,20,astral,true,0.21739130434782608,0.21739130434782608,
500K,1E-6,full-0,50,20,astral,raxml,0.34782608695652173,0.34782608695652173,
500K,1E-6,full-0,50,20,astrid,true,0.17391304347826086,0.17391304347826086,
500K,1E-6,full-0,50,20,astrid,raxml,0.34782608695652173,0.34782608695652173,
500K,1E-6,full-0,50,20,mpest,true,0.43478260869565216,0.43478260869565216,
500K,1E-6,full-0,50,20,mpest,raxml,0.34782608695652173,0.34782608695652173,
500K,1E-6,full-0,50,20,svdquartets,true,0.5217391304347826,0.5217391304347826,
500K,1E-6,full-0,50,20,astrid-ours,true,0.17391304347826086,0.17391304347826086,True
500K,1E-6,full-0,50,20,astrid-ours,raxml,0.34782608695652173,0.34782608695652173,True
500K,1E-6,full-0,200,1,astral,true,0.13043478260869565,0.13043478260869565,
500K,1E-6,full-0,200,1,astral,raxml,0.2608695652173913,0.2608695652173913,
500K,1E-6,full-0,200,1,astrid,true,0.17391304347826086,0.17391304347826086,
500K,1E-6,full-0,200,1,astrid,raxml,0.34782608695652173,0.34782608695652173,
500K,1E-6,full-0,200,1,mpest,true,0.13043478260869565,0.13043478260869565,
500K,1E-6,full-0,200,1,mpest,raxml,0.30434782608695654,0.30434782608695654,
500K,1E-6,full-0,200,1,svdquartets,true,0.5217391304347826,0.5217391304347826,
500K,1E-6,full-0,200,1,astrid-ours,true,0.17391304347826086,0.17391304347826086,True
500K,1E-6,full-0,200,1,astrid-ours,raxml,0.34782608695652173,0.34782608695652173,True
500K,1E-6,full-0,200,2,astral,true,0.08695652173913043,0.08695652173913043,
500K,1E-6,full-0,200,2,astral,raxml,0.21739130434782608,0.21739130434782608,
500K,1E-6,full-0,200,2,astrid,true,0.0,0.0,
500K,1E-6,full-0,200,2,astrid,raxml,0.21739130434782608,0.21739130434782608,
500K,1E-6,full-0,200,2,mpest,true,0.13043478260869565,0.13043478260869565,
500K,1E-6,full-0,200,2,mpest,raxml,0.21739130434782608,0.21739130434782608,
500K,1E-6,full-0,200,2,svdquartets,true,0.17391304347826086,0.17391304347826086,
500K,1E-6,full-0,200,2,astrid-ours,true,0.0,0.0,True
500K,1E-6,full-0,200,2,astrid-ours,raxml,0.21739130434782608,0.21739130434782608,True
500K,1E-6,full-0,200,3,astral,true,0.21739130434782608,0.21739130434782608,
500K,1E-6,full-0,200,3,astral,raxml,0.30434782608695654,0.30434782608695654,
500K,1E-6,full-0,200,3,astrid,true,0.30434782608695654,0.30434782608695654,
500K,1E-6,full-0,200,3,astrid,raxml,0.2608695652173913,0.2608695652173913,
500K,1E-6,full-0,200,3,mpest,true,0.30434782608695654,0.30434782608695654,
500K,1E-6,full-0,200,3,mpest,raxml,0.391304347826087,0.391304347826087,
500K,1E-6,full-0,200,3,svdquartets,true,0.391304347826087,0.391304347826087,
500K,1E-6,full-0,200,3,astrid-ours,true,0.2608695652173913,0.2608695652173913,False
500K,1E-6,full-0,200,3,astrid-ours,raxml,0.21739130434782608,0.21739130434782608,False
500K,1E-6,full-0,200,4,astral,true,0.13043478260869565,0.13043478260869565,
500K,1E-6,full-0,200,4,astral,raxml,0.9130434782608695,0.9130434782608695,
500K,1E-6,full-0,200,4,astrid,true,0.13043478260869565,0.13043478260869565,
500K,1E-6,full-0,200,4,astrid,raxml,0.9130434782608695,0.9130434782608695,
500K,1E-6,full-0,200,4,mpest,true,0.13043478260869565,0.13043478260869565,
500K,1E-6,full-0,200,4,mpest,raxml,0.9565217391304348,0.9565217391304348,
500K,1E-6,full-0,200,4,svdquartets,true,0.6086956521739131,0.6086956521739131,
500K,1E-6,full-0,200,4,astrid-ours,true,0.13043478260869565,0.13043478260869565,True
500K,1E-6,full-0,200,4,astrid-ours,raxml,0.9130434782608695,0.9130434782608695,False
500K,1E-6,full-0,200,5,astral,true,0.13043478260869565,0.13043478260869565,
500K,1E-6,full-0,200,5,astral,raxml,0.30434782608695654,0.30434782608695654,
500K,1E-6,full-0,200,5,astrid,true,0.13043478260869565,0.13043478260869565,
500K,1E-6,full-0,200,5,astrid,raxml,0.21739130434782608,0.21739130434782608,
500K,1E-6,full-0,200,5,mpest,true,0.13043478260869565,0.13043478260869565,
500K,1E-6,full-0,200,5,mpest,raxml,0.2608695652173913,0.2608695652173913,
500K,1E-6,full-0,200,5,svdquartets,true,0.391304347826087,0.391304347826087,
500K,1E-6,full-0,200,5,astrid-ours,true,0.13043478260869565,0.13043478260869565,True
500K,1E-6,full-0,200,5,astrid-ours,raxml,0.30434782608695654,0.30434782608695654,False
500K,1E-6,full-0,200,6,astral,true,0.08695652173913043,0.08695652173913043,
500K,1E-6,full-0,200,6,astral,raxml,0.08695652173913043,0.08695652173913043,
500K,1E-6,full-0,200,6,astrid,true,0.043478260869565216,0.043478260869565216,
500K,1E-6,full-0,200,6,astrid,raxml,0.13043478260869565,0.13043478260869565,
500K,1E-6,full-0,200,6,mpest,true,0.17391304347826086,0.17391304347826086,
500K,1E-6,full-0,200,6,mpest,raxml,0.08695652173913043,0.08695652173913043,
500K,1E-6,full-0,200,6,svdquartets,true,0.17391304347826086,0.17391304347826086,
500K,1E-6,full-0,200,6,astrid-ours,true,0.043478260869565216,0.043478260869565216,True
500K,1E-6,full-0,200,6,astrid-ours,raxml,0.13043478260869565,0.13043478260869565,True
500K,1E-6,full-0,200,7,astral,true,0.2608695652173913,0.2608695652173913,
500K,1E-6,full-0,200,7,astral,raxml,0.391304347826087,0.391304347826087,
500K,1E-6,full-0,200,7,astrid,true,0.21739130434782608,0.21739130434782608,
500K,1E-6,full-0,200,7,astrid,raxml,0.34782608695652173,0.34782608695652173,
500K,1E-6,full-0,200,7,mpest,true,0.30434782608695654,0.30434782608695654,
500K,1E-6,full-0,200,7,mpest,raxml,0.4782608695652174,0.4782608695652174,
500K,1E-6,full-0,200,7,svdquartets,true,0.34782608695652173,0.34782608695652173,
500K,1E-6,full-0,200,7,astrid-ours,true,0.21739130434782608,0.21739130434782608,True
500K,1E-6,full-0,200,7,astrid-ours,raxml,0.34782608695652173,0.34782608695652173,False
500K,1E-6,full-0,200,8,astral,true,0.0,0.0,
500K,1E-6,full-0,200,8,astral,raxml,0.043478260869565216,0.043478260869565216,
500K,1E-6,full-0,200,8,astrid,true,0.0,0.0,
500K,1E-6,full-0,200,8,astrid,raxml,0.043478260869565216,0.043478260869565216,
500K,1E-6,full-0,200,8,mpest,true,0.0,0.0,
500K,1E-6,full-0,200,8,mpest,raxml,0.08695652173913043,0.08695652173913043,
500K,1E-6,full-0,200,8,svdquartets,true,0.34782608695652173,0.34782608695652173,
500K,1E-6,full-0,200,8,astrid-ours,true,0.0,0.0,True
500K,1E-6,full-0,200,8,astrid-ours,raxml,0.043478260869565216,0.043478260869565216,True
500K,1E-6,full-0,200,9,astral,true,0.08695652173913043,0.08695652173913043,
500K,1E-6,full-0,200,9,astral,raxml,0.17391304347826086,0.17391304347826086,
500K,1E-6,full-0,200,9,astrid,true,0.13043478260869565,0.13043478260869565,
500K,1E-6,full-0,200,9,astrid,raxml,0.13043478260869565,0.13043478260869565,
500K,1E-6,full-0,200,9,mpest,true,0.13043478260869565,0.13043478260869565,
500K,1E-6,full-0,200,9,mpest,raxml,0.13043478260869565,0.13043478260869565,
500K,1E-6,full-0,200,9,svdquartets,true,0.17391304347826086,0.17391304347826086,
500K,1E-6,full-0,200,9,astrid-ours,true,0.13043478260869565,0.13043478260869565,True
500K,1E-6,full-0,200,9,astrid-ours,raxml,0.13043478260869565,0.13043478260869565,True
500K,1E-6,full-0,200,10,astral,true,0.34782608695652173,0.34782608695652173,
500K,1E-6,full-0,200,10,astral,raxml,0.43478260869565216,0.43478260869565216,
500K,1E-6,full-0,200,10,astrid,true,0.43478260869565216,0.43478260869565216,
500K,1E-6,full-0,200,10,astrid,raxml,0.43478260869565216,0.43478260869565216,
500K,1E-6,full-0,200,10,mpest,true,0.43478260869565216,0.43478260869565216,
500K,1E-6,full-0,200,10,mpest,raxml,0.391304347826087,0.391304347826087,
500K,1E-6,full-0,200,10,svdquartets,true,0.5217391304347826,0.5217391304347826,
500K,1E-6,full-0,200,10,astrid-ours,true,0.43478260869565216,0.43478260869565216,False
500K,1E-6,full-0,200,10,astrid-ours,raxml,0.43478260869565216,0.43478260869565216,False
500K,1E-6,full-0,200,11,astral,true,0.043478260869565216,0.043478260869565216,
500K,1E-6,full-0,200,11,astral,raxml,0.08695652173913043,0.08695652173913043,
500K,1E-6,full-0,200,11,astrid,true,0.043478260869565216,0.043478260869565216,
500K,1E-6,full-0,200,11,astrid,raxml,0.13043478260869565,0.13043478260869565,
500K,1E-6,full-0,200,11,mpest,true,0.13043478260869565,0.13043478260869565,
500K,1E-6,full-0,200,11,mpest,raxml,0.2608695652173913,0.2608695652173913,
500K,1E-6,full-0,200,11,svdquartets,true,0.30434782608695654,0.30434782608695654,
500K,1E-6,full-0,200,11,astrid-ours,true,0.043478260869565216,0.043478260869565216,True
500K,1E-6,full-0,200,11,astrid-ours,raxml,0.13043478260869565,0.13043478260869565,True
500K,1E-6,full-0,200,12,astral,true,0.17391304347826086,0.17391304347826086,
500K,1E-6,full-0,200,12,astral,raxml,0.08695652173913043,0.08695652173913043,
500K,1E-6,full-0,200,12,astrid,true,0.13043478260869565,0.13043478260869565,
500K,1E-6,full-0,200,12,astrid,raxml,0.17391304347826086,0.17391304347826086,
500K,1E-6,full-0,200,12,mpest,true,0.21739130434782608,0.21739130434782608,
500K,1E-6,full-0,200,12,mpest,raxml,0.391304347826087,0.391304347826087,
500K,1E-6,full-0,200,12,svdquartets,true,0.34782608695652173,0.34782608695652173,
500K,1E-6,full-0,200,12,astrid-ours,true,0.13043478260869565,0.13043478260869565,True
500K,1E-6,full-0,200,12,astrid-ours,raxml,0.17391304347826086,0.17391304347826086,True
500K,1E-6,full-0,200,13,astral,true,0.043478260869565216,0.043478260869565216,
500K,1E-6,full-0,200,13,astral,raxml,0.08695652173913043,0.08695652173913043,
500K,1E-6,full-0,200,13,astrid,true,0.043478260869565216,0.043478260869565216,
500K,1E-6,full-0,200,13,astrid,raxml,0.08695652173913043,0.08695652173913043,
500K,1E-6,full-0,200,13,mpest,true,0.13043478260869565,0.13043478260869565,
500K,1E-6,full-0,200,13,mpest,raxml,0.13043478260869565,0.13043478260869565,
500K,1E-6,full-0,200,13,svdquartets,true,0.30434782608695654,0.30434782608695654,
500K,1E-6,full-0,200,13,astrid-ours,true,0.043478260869565216,0.043478260869565216,True
500K,1E-6,full-0,200,13,astrid-ours,raxml,0.13043478260869565,0.13043478260869565,False
500K,1E-6,full-0,200,14,astral,true,0.17391304347826086,0.17391304347826086,
500K,1E-6,full-0,200,14,astral,raxml,0.13043478260869565,0.13043478260869565,
500K,1E-6,full-0,200,14,astrid,true,0.21739130434782608,0.21739130434782608,
500K,1E-6,full-0,200,14,astrid,raxml,0.21739130434782608,0.21739130434782608,
500K,1E-6,full-0,200,14,mpest,true,0.2608695652173913,0.2608695652173913,
500K,1E-6,full-0,200,14,mpest,raxml,0.391304347826087,0.391304347826087,
500K,1E-6,full-0,200,14,svdquartets,true,0.391304347826087,0.391304347826087,
500K,1E-6,full-0,200,14,astrid-ours,true,0.17391304347826086,0.17391304347826086,False
500K,1E-6,full-0,200,14,astrid-ours,raxml,0.21739130434782608,0.21739130434782608,True
500K,1E-6,full-0,200,15,astral,true,0.08695652173913043,0.08695652173913043,
500K,1E-6,full-0,200,15,astral,raxml,0.17391304347826086,0.17391304347826086,
500K,1E-6,full-0,200,15,astrid,true,0.13043478260869565,0.13043478260869565,
500K,1E-6,full-0,200,15,astrid,raxml,0.21739130434782608,0.21739130434782608,
500K,1E-6,full-0,200,15,mpest,true,0.13043478260869565,0.13043478260869565,
500K,1E-6,full-0,200,15,mpest,raxml,0.17391304347826086,0.17391304347826086,
500K,1E-6,full-0,200,15,svdquartets,true,0.30434782608695654,0.30434782608695654,
500K,1E-6,full-0,200,15,astrid-ours,true,0.13043478260869565,0.13043478260869565,True
500K,1E-6,full-0,200,15,astrid-ours,raxml,0.21739130434782608,0.21739130434782608,True
500K,1E-6,full-0,200,16,astral,true,0.08695652173913043,0.08695652173913043,
500K,1E-6,full-0,200,16,astral,raxml,0.08695652173913043,0.08695652173913043,
500K,1E-6,full-0,200,16,astrid,true,0.13043478260869565,0.13043478260869565,
500K,1E-6,full-0,200,16,astrid,raxml,0.043478260869565216,0.043478260869565216,
500K,1E-6,full-0,200,16,mpest,true,0.17391304347826086,0.17391304347826086,
500K,1E-6,full-0,200,16,mpest,raxml,0.17391304347826086,0.17391304347826086,
500K,1E-6,full-0,200,16,svdquartets,true,0.2608695652173913,0.2608695652173913,
500K,1E-6,full-0,200,16,astrid-ours,true,0.13043478260869565,0.13043478260869565,True
500K,1E-6,full-0,200,16,astrid-ours,raxml,0.043478260869565216,0.043478260869565216,True
500K,1E-6,full-0,200,17,astral,true,0.17391304347826086,0.17391304347826086,
500K,1E-6,full-0,200,17,astral,raxml,0.6521739130434783,0.6521739130434783,
500K,1E-6,full-0,200,17,astrid,true,0.17391304347826086,0.17391304347826086,
500K,1E-6,full-0,200,17,astrid,raxml,0.6521739130434783,0.6521739130434783,
500K,1E-6,full-0,200,17,mpest,true,0.2608695652173913,0.2608695652173913,
500K,1E-6,full-0,200,17,mpest,raxml,0.7391304347826086,0.7391304347826086,
500K,1E-6,full-0,200,17,svdquartets,true,0.5652173913043478,0.5652173913043478,
500K,1E-6,full-0,200,17,astrid-ours,true,0.17391304347826086,0.17391304347826086,True
500K,1E-6,full-0,200,17,astrid-ours,raxml,0.4782608695652174,0.4782608695652174,False
500K,1E-6,full-0,200,18,astral,true,0.21739130434782608,0.21739130434782608,
500K,1E-6,full-0,200,18,astral,raxml,0.2608695652173913,0.2608695652173913,
500K,1E-6,full-0,200,18,astrid,true,0.17391304347826086,0.17391304347826086,
500K,1E-6,full-0,200,18,astrid,raxml,0.21739130434782608,0.21739130434782608,
500K,1E-6,full-0,200,18,mpest,true,0.17391304347826086,0.17391304347826086,
500K,1E-6,full-0,200,18,mpest,raxml,0.21739130434782608,0.21739130434782608,
500K,1E-6,full-0,200,18,svdquartets,true,0.34782608695652173,0.34782608695652173,
500K,1E-6,full-0,200,18,astrid-ours,true,0.17391304347826086,0.17391304347826086,True
500K,1E-6,full-0,200,18,astrid-ours,raxml,0.21739130434782608,0.21739130434782608,True
500K,1E-6,full-0,200,19,astral,true,0.08695652173913043,0.08695652173913043,
500K,1E-6,full-0,200,19,astral,raxml,0.08695652173913043,0.08695652173913043,
500K,1E-6,full-0,200,19,astrid,true,0.13043478260869565,0.13043478260869565,
500K,1E-6,full-0,200,19,astrid,raxml,0.13043478260869565,0.13043478260869565,
500K,1E-6,full-0,200,19,mpest,true,0.13043478260869565,0.13043478260869565,
500K,1E-6,full-0,200,19,mpest,raxml,0.21739130434782608,0.21739130434782608,
500K,1E-6,full-0,200,19,svdquartets,true,0.34782608695652173,0.34782608695652173,
500K,1E-6,full-0,200,19,astrid-ours,true,0.13043478260869565,0.13043478260869565,True
500K,1E-6,full-0,200,19,astrid-ours,raxml,0.13043478260869565,0.13043478260869565,True
500K,1E-6,full-0,200,20,astral,true,0.08695652173913043,0.08695652173913043,
500K,1E-6,full-0,200,20,astral,raxml,0.13043478260869565,0.13043478260869565,
500K,1E-6,full-0,200,20,astrid,true,0.08695652173913043,0.08695652173913043,
500K,1E-6,full-0,200,20,astrid,raxml,0.13043478260869565,0.13043478260869565,
500K,1E-6,full-0,200,20,mpest,true,0.13043478260869565,0.13043478260869565,
500K,1E-6,full-0,200,20,mpest,raxml,0.21739130434782608,0.21739130434782608,
500K,1E-6,full-0,200,20,svdquartets,true,0.6521739130434783,0.6521739130434783,
500K,1E-6,full-0,200,20,astrid-ours,true,0.08695652173913043,0.08695652173913043,True
500K,1E-6,full-0,200,20,astrid-ours,raxml,0.13043478260869565,0.13043478260869565,True
500K,1E-6,full-0,1000,1,astral,true,0.043478260869565216,0.043478260869565216,
500K,1E-6,full-0,1000,1,astral,raxml,0.13043478260869565,0.13043478260869565,
500K,1E-6,full-0,1000,1,astrid,true,0.043478260869565216,0.043478260869565216,
500K,1E-6,full-0,1000,1,astrid,raxml,0.13043478260869565,0.13043478260869565,
500K,1E-6,full-0,1000,1,mpest,true,0.08695652173913043,0.08695652173913043,
500K,1E-6,full-0,1000,1,mpest,raxml,0.13043478260869565,0.13043478260869565,
500K,1E-6,full-0,1000,1,svdquartets,true,0.391304347826087,0.391304347826087,
500K,1E-6,full-0,1000,1,astrid-ours,true,0.043478260869565216,0.043478260869565216,True
500K,1E-6,full-0,1000,1,astrid-ours,raxml,0.13043478260869565,0.13043478260869565,True
500K,1E-6,full-0,1000,2,astral,true,0.043478260869565216,0.043478260869565216,
500K,1E-6,full-0,1000,2,astral,raxml,0.08695652173913043,0.08695652173913043,
500K,1E-6,full-0,1000,2,astrid,true,0.0,0.0,
500K,1E-6,full-0,1000,2,astrid,raxml,0.08695652173913043,0.08695652173913043,
500K,1E-6,full-0,1000,2,mpest,true,0.043478260869565216,0.043478260869565216,
500K,1E-6,full-0,1000,2,mpest,raxml,0.2608695652173913,0.2608695652173913,
500K,1E-6,full-0,1000,2,svdquartets,true,0.13043478260869565,0.13043478260869565,
500K,1E-6,full-0,1000,2,astrid-ours,true,0.0,0.0,True
500K,1E-6,full-0,1000,2,astrid-ours,raxml,0.08695652173913043,0.08695652173913043,True
500K,1E-6,full-0,1000,3,astral,true,0.08695652173913043,0.08695652173913043,
500K,1E-6,full-0,1000,3,astral,raxml,0.08695652173913043,0.08695652173913043,
500K,1E-6,full-0,1000,3,astrid,true,0.08695652173913043,0.08695652173913043,
500K,1E-6,full-0,1000,3,astrid,raxml,0.08695652173913043,0.08695652173913043,
500K,1E-6,full-0,1000,3,mpest,true,0.13043478260869565,0.13043478260869565,
500K,1E-6,full-0,1000,3,mpest,raxml,0.17391304347826086,0.17391304347826086,
500K,1E-6,full-0,1000,3,svdquartets,true,0.08695652173913043,0.08695652173913043,
500K,1E-6,full-0,1000,3,astrid-ours,true,0.08695652173913043,0.08695652173913043,True
500K,1E-6,full-0,1000,3,astrid-ours,raxml,0.08695652173913043,0.08695652173913043,True
500K,1E-6,full-0,1000,4,astral,true,0.043478260869565216,0.043478260869565216,
500K,1E-6,full-0,1000,4,astral,raxml,0.9130434782608695,0.9130434782608695,
500K,1E-6,full-0,1000,4,astrid,true,0.13043478260869565,0.13043478260869565,
500K,1E-6,full-0,1000,4,astrid,raxml,0.9130434782608695,0.9130434782608695,
500K,1E-6,full-0,1000,4,mpest,true,0.08695652173913043,0.08695652173913043,
500K,1E-6,full-0,1000,4,mpest,raxml,0.8260869565217391,0.8260869565217391,
500K,1E-6,full-0,1000,4,svdquartets,true,0.30434782608695654,0.30434782608695654,
500K,1E-6,full-0,1000,4,astrid-ours,true,0.13043478260869565,0.13043478260869565,True
500K,1E-6,full-0,1000,4,astrid-ours,raxml,0.8695652173913043,0.8695652173913043,False
500K,1E-6,full-0,1000,5,astral,true,0.13043478260869565,0.13043478260869565,
500K,1E-6,full-0,1000,5,astral,raxml,0.13043478260869565,0.13043478260869565,
500K,1E-6,full-0,1000,5,astrid,true,0.08695652173913043,0.08695652173913043,
500K,1E-6,full-0,1000,5,astrid,raxml,0.17391304347826086,0.17391304347826086,
500K,1E-6,full-0,1000,5,mpest,true,0.13043478260869565,0.13043478260869565,
500K,1E-6,full-0,1000,5,mpest,raxml,0.08695652173913043,0.08695652173913043,
500K,1E-6,full-0,1000,5,svdquartets,true,0.34782608695652173,0.34782608695652173,
500K,1E-6,full-0,1000,5,astrid-ours,true,0.08695652173913043,0.08695652173913043,True
500K,1E-6,full-0,1000,5,astrid-ours,raxml,0.17391304347826086,0.17391304347826086,True
500K,1E-6,full-0,1000,6,astral,true,0.0,0.0,
500K,1E-6,full-0,1000,6,astral,raxml,0.043478260869565216,0.043478260869565216,
500K,1E-6,full-0,1000,6,astrid,true,0.043478260869565216,0.043478260869565216,
500K,1E-6,full-0,1000,6,astrid,raxml,0.043478260869565216,0.043478260869565216,
500K,1E-6,full-0,1000,6,mpest,true,0.043478260869565216,0.043478260869565216,
500K,1E-6,full-0,1000,6,mpest,raxml,0.043478260869565216,0.043478260869565216,
500K,1E-6,full-0,1000,6,svdquartets,true,0.08695652173913043,0.08695652173913043,
500K,1E-6,full-0,1000,6,astrid-ours,true,0.043478260869565216,0.043478260869565216,True
500K,1E-6,full-0,1000,6,astrid-ours,raxml,0.043478260869565216,0.043478260869565216,True
500K,1E-6,full-0,1000,7,astral,true,0.043478260869565216,0.043478260869565216,
500K,1E-6,full-0,1000,7,astral,raxml,0.21739130434782608,0.21739130434782608,
500K,1E-6,full-0,1000,7,astrid,true,0.043478260869565216,0.043478260869565216,
500K,1E-6,full-0,1000,7,astrid,raxml,0.17391304347826086,0.17391304347826086,
500K,1E-6,full-0,1000,7,mpest,true,0.08695652173913043,0.08695652173913043,
500K,1E-6,full-0,1000,7,mpest,raxml,0.17391304347826086,0.17391304347826086,
500K,1E-6,full-0,1000,7,svdquartets,true,0.2608695652173913,0.2608695652173913,
500K,1E-6,full-0,1000,7,astrid-ours,true,0.043478260869565216,0.043478260869565216,True
500K,1E-6,full-0,1000,7,astrid-ours,raxml,0.17391304347826086,0.17391304347826086,True
500K,1E-6,full-0,1000,8,astral,true,0.043478260869565216,0.043478260869565216,
500K,1E-6,full-0,1000,8,astral,raxml,0.043478260869565216,0.043478260869565216,
500K,1E-6,full-0,1000,8,astrid,true,0.0,0.0,
500K,1E-6,full-0,1000,8,astrid,raxml,0.0,0.0,
500K,1E-6,full-0,1000,8,mpest,true,0.08695652173913043,0.08695652173913043,
500K,1E-6,full-0,1000,8,mpest,raxml,0.13043478260869565,0.13043478260869565,
500K,1E-6,full-0,1000,8,svdquartets,true,0.17391304347826086,0.17391304347826086,
500K,1E-6,full-0,1000,8,astrid-ours,true,0.0,0.0,True
500K,1E-6,full-0,1000,8,astrid-ours,raxml,0.0,0.0,True
500K,1E-6,full-0,1000,9,astral,true,0.0,0.0,
500K,1E-6,full-0,1000,9,astral,raxml,0.08695652173913043,0.08695652173913043,
500K,1E-6,full-0,1000,9,astrid,true,0.0,0.0,
500K,1E-6,full-0,1000,9,astrid,raxml,0.043478260869565216,0.043478260869565216,
500K,1E-6,full-0,1000,9,mpest,true,0.0,0.0,
500K,1E-6,full-0,1000,9,mpest,raxml,0.08695652173913043,0.08695652173913043,
500K,1E-6,full-0,1000,9,svdquartets,true,0.08695652173913043,0.08695652173913043,
500K,1E-6,full-0,1000,9,astrid-ours,true,0.0,0.0,True
500K,1E-6,full-0,1000,9,astrid-ours,raxml,0.043478260869565216,0.043478260869565216,True
500K,1E-6,full-0,1000,10,astral,true,0.13043478260869565,0.13043478260869565,
500K,1E-6,full-0,1000,10,astral,raxml,0.08695652173913043,0.08695652173913043,
500K,1E-6,full-0,1000,10,astrid,true,0.08695652173913043,0.08695652173913043,
500K,1E-6,full-0,1000,10,astrid,raxml,0.13043478260869565,0.13043478260869565,
500K,1E-6,full-0,1000,10,mpest,true,0.2608695652173913,0.2608695652173913,
500K,1E-6,full-0,1000,10,mpest,raxml,0.17391304347826086,0.17391304347826086,
500K,1E-6,full-0,1000,10,svdquartets,true,0.30434782608695654,0.30434782608695654,
500K,1E-6,full-0,1000,10,astrid-ours,true,0.08695652173913043,0.08695652173913043,True
500K,1E-6,full-0,1000,10,astrid-ours,raxml,0.13043478260869565,0.13043478260869565,True
500K,1E-6,full-0,1000,11,astral,true,0.043478260869565216,0.043478260869565216,
500K,1E-6,full-0,1000,11,astral,raxml,0.08695652173913043,0.08695652173913043,
500K,1E-6,full-0,1000,11,astrid,true,0.043478260869565216,0.043478260869565216,
500K,1E-6,full-0,1000,11,astrid,raxml,0.043478260869565216,0.043478260869565216,
500K,1E-6,full-0,1000,11,mpest,true,0.0,0.0,
500K,1E-6,full-0,1000,11,mpest,raxml,0.17391304347826086,0.17391304347826086,
500K,1E-6,full-0,1000,11,svdquartets,true,0.17391304347826086,0.17391304347826086,
500K,1E-6,full-0,1000,11,astrid-ours,true,0.043478260869565216,0.043478260869565216,True
500K,1E-6,full-0,1000,11,astrid-ours,raxml,0.043478260869565216,0.043478260869565216,True
500K,1E-6,full-0,1000,12,astral,true,0.0,0.0,
500K,1E-6,full-0,1000,12,astral,raxml,0.08695652173913043,0.08695652173913043,
500K,1E-6,full-0,1000,12,astrid,true,0.0,0.0,
500K,1E-6,full-0,1000,12,astrid,raxml,0.13043478260869565,0.13043478260869565,
500K,1E-6,full-0,1000,12,mpest,true,0.043478260869565216,0.043478260869565216,
500K,1E-6,full-0,1000,12,mpest,raxml,0.08695652173913043,0.08695652173913043,
500K,1E-6,full-0,1000,12,svdquartets,true,0.17391304347826086,0.17391304347826086,
500K,1E-6,full-0,1000,12,astrid-ours,true,0.0,0.0,True
500K,1E-6,full-0,1000,12,astrid-ours,raxml,0.13043478260869565,0.13043478260869565,True
500K,1E-6,full-0,1000,13,astral,true,0.043478260869565216,0.043478260869565216,
500K,1E-6,full-0,1000,13,astral,raxml,0.043478260869565216,0.043478260869565216,
500K,1E-6,full-0,1000,13,astrid,true,0.043478260869565216,0.043478260869565216,
500K,1E-6,full-0,1000,13,astrid,raxml,0.043478260869565216,0.043478260869565216,
500K,1E-6,full-0,1000,13,mpest,true,0.0,0.0,
500K,1E-6,full-0,1000,13,mpest,raxml,0.0,0.0,
500K,1E-6,full-0,1000,13,svdquartets,true,0.21739130434782608,0.21739130434782608,
500K,1E-6,full-0,1000,13,astrid-ours,true,0.043478260869565216,0.043478260869565216,True
500K,1E-6,full-0,1000,13,astrid-ours,raxml,0.043478260869565216,0.043478260869565216,True
500K,1E-6,full-0,1000,14,astral,true,0.08695652173913043,0.08695652173913043,
500K,1E-6,full-0,1000,14,astral,raxml,0.08695652173913043,0.08695652173913043,
500K,1E-6,full-0,1000,14,astrid,true,0.08695652173913043,0.08695652173913043,
500K,1E-6,full-0,1000,14,astrid,raxml,0.08695652173913043,0.08695652173913043,
500K,1E-6,full-0,1000,14,mpest,true,0.08695652173913043,0.08695652173913043,
500K,1E-6,full-0,1000,14,mpest,raxml,0.13043478260869565,0.13043478260869565,
500K,1E-6,full-0,1000,14,svdquartets,true,0.30434782608695654,0.30434782608695654,
500K,1E-6,full-0,1000,14,astrid-ours,true,0.08695652173913043,0.08695652173913043,True
500K,1E-6,full-0,1000,14,astrid-ours,raxml,0.08695652173913043,0.08695652173913043,True
500K,1E-6,full-0,1000,15,astral,true,0.043478260869565216,0.043478260869565216,
500K,1E-6,full-0,1000,15,astral,raxml,0.043478260869565216,0.043478260869565216,
500K,1E-6,full-0,1000,15,astrid,true,0.043478260869565216,0.043478260869565216,
500K,1E-6,full-0,1000,15,astrid,raxml,0.0,0.0,
500K,1E-6,full-0,1000,15,mpest,true,0.08695652173913043,0.08695652173913043,
500K,1E-6,full-0,1000,15,mpest,raxml,0.0,0.0,
500K,1E-6,full-0,1000,15,svdquartets,true,0.043478260869565216,0.043478260869565216,
500K,1E-6,full-0,1000,15,astrid-ours,true,0.043478260869565216,0.043478260869565216,True
500K,1E-6,full-0,1000,15,astrid-ours,raxml,0.0,0.0,True
500K,1E-6,full-0,1000,16,astral,true,0.0,0.0,
500K,1E-6,full-0,1000,16,astral,raxml,0.0,0.0,
500K,1E-6,full-0,1000,16,astrid,true,0.043478260869565216,0.043478260869565216,
500K,1E-6,full-0,1000,16,astrid,raxml,0.0,0.0,
500K,1E-6,full-0,1000,16,mpest,true,0.043478260869565216,0.043478260869565216,
500K,1E-6,full-0,1000,16,mpest,raxml,0.043478260869565216,0.043478260869565216,
500K,1E-6,full-0,1000,16,svdquartets,true,0.13043478260869565,0.13043478260869565,
500K,1E-6,full-0,1000,16,astrid-ours,true,0.043478260869565216,0.043478260869565216,True
500K,1E-6,full-0,1000,16,astrid-ours,raxml,0.0,0.0,True
500K,1E-6,full-0,1000,17,astral,true,0.13043478260869565,0.13043478260869565,
500K,1E-6,full-0,1000,17,astral,raxml,0.6521739130434783,0.6521739130434783,
500K,1E-6,full-0,1000,17,astrid,true,0.13043478260869565,0.13043478260869565,
500K,1E-6,full-0,1000,17,astrid,raxml,0.5217391304347826,0.5217391304347826,
500K,1E-6,full-0,1000,17,mpest,true,0.17391304347826086,0.17391304347826086,
500K,1E-6,full-0,1000,17,mpest,raxml,0.5652173913043478,0.5652173913043478,
500K,1E-6,full-0,1000,17,svdquartets,true,0.34782608695652173,0.34782608695652173,
500K,1E-6,full-0,1000,17,astrid-ours,true,0.13043478260869565,0.13043478260869565,True
500K,1E-6,full-0,1000,17,astrid-ours,raxml,0.5217391304347826,0.5217391304347826,False
500K,1E-6,full-0,1000,18,astral,true,0.043478260869565216,0.043478260869565216,
500K,1E-6,full-0,1000,18,astral,raxml,0.043478260869565216,0.043478260869565216,
500K,1E-6,full-0,1000,18,astrid,true,0.0,0.0,
500K,1E-6,full-0,1000,18,astrid,raxml,0.043478260869565216,0.043478260869565216,
500K,1E-6,full-0,1000,18,mpest,true,0.043478260869565216,0.043478260869565216,
500K,1E-6,full-0,1000,18,mpest,raxml,0.08695652173913043,0.08695652173913043,
500K,1E-6,full-0,1000,18,svdquartets,true,0.13043478260869565,0.13043478260869565,
500K,1E-6,full-0,1000,18,astrid-ours,true,0.0,0.0,True
500K,1E-6,full-0,1000,18,astrid-ours,raxml,0.043478260869565216,0.043478260869565216,True
500K,1E-6,full-0,1000,19,astral,true,0.08695652173913043,0.08695652173913043,
500K,1E-6,full-0,1000,19,astral,raxml,0.13043478260869565,0.13043478260869565,
500K,1E-6,full-0,1000,19,astrid,true,0.13043478260869565,0.13043478260869565,
500K,1E-6,full-0,1000,19,astrid,raxml,0.13043478260869565,0.13043478260869565,
500K,1E-6,full-0,1000,19,mpest,true,0.17391304347826086,0.17391304347826086,
500K,1E-6,full-0,1000,19,mpest,raxml,0.21739130434782608,0.21739130434782608,
500K,1E-6,full-0,1000,19,svdquartets,true,0.21739130434782608,0.21739130434782608,
500K,1E-6,full-0,1000,19,astrid-ours,true,0.13043478260869565,0.13043478260869565,True
500K,1E-6,full-0,1000,19,astrid-ours,raxml,0.13043478260869565,0.13043478260869565,True
500K,1E-6,full-0,1000,20,astral,true,0.17391304347826086,0.17391304347826086,
500K,1E-6,full-0,1000,20,astral,raxml,0.21739130434782608,0.21739130434782608,
500K,1E-6,full-0,1000,20,astrid,true,0.13043478260869565,0.13043478260869565,
500K,1E-6,full-0,1000,20,astrid,raxml,0.21739130434782608,0.21739130434782608,
500K,1E-6,full-0,1000,20,mpest,true,0.08695652173913043,0.08695652173913043,
500K,1E-6,full-0,1000,20,mpest,raxml,0.13043478260869565,0.13043478260869565,
500K,1E-6,full-0,1000,20,svdquartets,true,0.30434782608695654,0.30434782608695654,
500K,1E-6,full-0,1000,20,astrid-ours,true,0.13043478260869565,0.13043478260869565,True
500K,1E-6,full-0,1000,20,astrid-ours,raxml,0.21739130434782608,0.21739130434782608,True
500K,1E-6,rand-30,50,1,astral,true,0.34782608695652173,0.34782608695652173,
500K,1E-6,rand-30,50,1,astral,raxml,0.391304347826087,0.391304347826087,
500K,1E-6,rand-30,50,1,astrid,true,0.43478260869565216,0.43478260869565216,
500K,1E-6,rand-30,50,1,astrid,raxml,0.391304347826087,0.391304347826087,
500K,1E-6,rand-30,50,1,mpest,true,0.34782608695652173,0.34782608695652173,
500K,1E-6,rand-30,50,1,mpest,raxml,0.4782608695652174,0.4782608695652174,
500K,1E-6,rand-30,50,1,svdquartets,true,0.5652173913043478,0.5652173913043478,
500K,1E-6,rand-30,50,1,astrid-ours,true,0.391304347826087,0.391304347826087,False
500K,1E-6,rand-30,50,1,astrid-ours,raxml,0.391304347826087,0.391304347826087,True
500K,1E-6,rand-30,50,2,astral,true,0.2608695652173913,0.2608695652173913,
500K,1E-6,rand-30,50,2,astral,raxml,0.43478260869565216,0.43478260869565216,
500K,1E-6,rand-30,50,2,astrid,true,0.30434782608695654,0.30434782608695654,
500K,1E-6,rand-30,50,2,astrid,raxml,0.391304347826087,0.391304347826087,
500K,1E-6,rand-30,50,2,mpest,true,0.43478260869565216,0.43478260869565216,
500K,1E-6,rand-30,50,2,mpest,raxml,0.4782608695652174,0.4782608695652174,
500K,1E-6,rand-30,50,2,svdquartets,true,0.34782608695652173,0.34782608695652173,
500K,1E-6,rand-30,50,2,astrid-ours,true,0.30434782608695654,0.30434782608695654,True
500K,1E-6,rand-30,50,2,astrid-ours,raxml,0.391304347826087,0.391304347826087,False
500K,1E-6,rand-30,50,3,astral,true,0.4782608695652174,0.4782608695652174,
500K,1E-6,rand-30,50,3,astral,raxml,0.391304347826087,0.391304347826087,
500K,1E-6,rand-30,50,3,astrid,true,0.43478260869565216,0.43478260869565216,
500K,1E-6,rand-30,50,3,astrid,raxml,0.43478260869565216,0.43478260869565216,
500K,1E-6,rand-30,50,3,mpest,true,0.6521739130434783,0.6521739130434783,
500K,1E-6,rand-30,50,3,mpest,raxml,0.5652173913043478,0.5652173913043478,
500K,1E-6,rand-30,50,3,svdquartets,true,0.6956521739130435,0.6956521739130435,
500K,1E-6,rand-30,50,3,astrid-ours,true,0.43478260869565216,0.43478260869565216,True
500K,1E-6,rand-30,50,3,astrid-ours,raxml,0.391304347826087,0.391304347826087,False
500K,1E-6,rand-30,50,4,astral,true,0.21739130434782608,0.21739130434782608,
500K,1E-6,rand-30,50,4,astral,raxml,0.8260869565217391,0.8260869565217391,
500K,1E-6,rand-30,50,4,astrid,true,0.30434782608695654,0.30434782608695654,
500K,1E-6,rand-30,50,4,astrid,raxml,0.8260869565217391,0.8260869565217391,
500K,1E-6,rand-30,50,4,mpest,true,0.34782608695652173,0.34782608695652173,
500K,1E-6,rand-30,50,4,mpest,raxml,0.9130434782608695,0.9130434782608695,
500K,1E-6,rand-30,50,4,svdquartets,true,0.8260869565217391,0.43478260869565216,
500K,1E-6,rand-30,50,4,astrid-ours,true,0.30434782608695654,0.30434782608695654,True
500K,1E-6,rand-30,50,4,astrid-ours,raxml,0.8260869565217391,0.8260869565217391,False
500K,1E-6,rand-30,50,5,astral,true,0.2608695652173913,0.2608695652173913,
500K,1E-6,rand-30,50,5,astral,raxml,0.4782608695652174,0.4782608695652174,
500K,1E-6,rand-30,50,5,astrid,true,0.34782608695652173,0.34782608695652173,
500K,1E-6,rand-30,50,5,astrid,raxml,0.391304347826087,0.391304347826087,
500K,1E-6,rand-30,50,5,mpest,true,0.5217391304347826,0.5217391304347826,
500K,1E-6,rand-30,50,5,mpest,raxml,0.6086956521739131,0.6086956521739131,
500K,1E-6,rand-30,50,5,svdquartets,true,0.6956521739130435,0.6956521739130435,
500K,1E-6,rand-30,50,5,astrid-ours,true,0.34782608695652173,0.34782608695652173,True
500K,1E-6,rand-30,50,5,astrid-ours,raxml,0.4782608695652174,0.4782608695652174,False
500K,1E-6,rand-30,50,6,astral,true,0.2608695652173913,0.2608695652173913,
500K,1E-6,rand-30,50,6,astral,raxml,0.34782608695652173,0.34782608695652173,
500K,1E-6,rand-30,50,6,astrid,true,0.30434782608695654,0.30434782608695654,
500K,1E-6,rand-30,50,6,astrid,raxml,0.30434782608695654,0.30434782608695654,
500K,1E-6,rand-30,50,6,mpest,true,0.43478260869565216,0.43478260869565216,
500K,1E-6,rand-30,50,6,mpest,raxml,0.30434782608695654,0.30434782608695654,
500K,1E-6,rand-30,50,6,svdquartets,true,0.43478260869565216,0.43478260869565216,
500K,1E-6,rand-30,50,6,astrid-ours,true,0.30434782608695654,0.30434782608695654,True
500K,1E-6,rand-30,50,6,astrid-ours,raxml,0.34782608695652173,0.34782608695652173,False
500K,1E-6,rand-30,50,7,astral,true,0.5217391304347826,0.5217391304347826,
500K,1E-6,rand-30,50,7,astral,raxml,0.8695652173913043,0.8695652173913043,
500K,1E-6,rand-30,50,7,astrid,true,0.5217391304347826,0.5217391304347826,
500K,1E-6,rand-30,50,7,astrid,raxml,0.7391304347826086,0.7391304347826086,
500K,1E-6,rand-30,50,7,mpest,true,0.5652173913043478,0.5652173913043478,
500K,1E-6,rand-30,50,7,mpest,raxml,0.8695652173913043,0.8695652173913043,
500K,1E-6,rand-30,50,7,svdquartets,true,0.7391304347826086,0.7391304347826086,
500K,1E-6,rand-30,50,7,astrid-ours,true,0.5217391304347826,0.5217391304347826,True
500K,1E-6,rand-30,50,7,astrid-ours,raxml,0.8260869565217391,0.8260869565217391,False
500K,1E-6,rand-30,50,8,astral,true,0.391304347826087,0.391304347826087,
500K,1E-6,rand-30,50,8,astral,raxml,0.43478260869565216,0.43478260869565216,
500K,1E-6,rand-30,50,8,astrid,true,0.391304347826087,0.391304347826087,
500K,1E-6,rand-30,50,8,astrid,raxml,0.4782608695652174,0.4782608695652174,
500K,1E-6,rand-30,50,8,mpest,true,0.43478260869565216,0.43478260869565216,
500K,1E-6,rand-30,50,8,mpest,raxml,0.43478260869565216,0.43478260869565216,
500K,1E-6,rand-30,50,8,svdquartets,true,0.43478260869565216,0.43478260869565216,
500K,1E-6,rand-30,50,8,astrid-ours,true,0.391304347826087,0.391304347826087,True
500K,1E-6,rand-30,50,8,astrid-ours,raxml,0.43478260869565216,0.43478260869565216,False
500K,1E-6,rand-30,50,9,astral,true,0.2608695652173913,0.2608695652173913,
500K,1E-6,rand-30,50,9,astral,raxml,0.21739130434782608,0.21739130434782608,
500K,1E-6,rand-30,50,9,astrid,true,0.30434782608695654,0.30434782608695654,
500K,1E-6,rand-30,50,9,astrid,raxml,0.17391304347826086,0.17391304347826086,
500K,1E-6,rand-30,50,9,mpest,true,0.43478260869565216,0.43478260869565216,
500K,1E-6,rand-30,50,9,mpest,raxml,0.4782608695652174,0.4782608695652174,
500K,1E-6,rand-30,50,9,svdquartets,true,0.5217391304347826,0.5217391304347826,
500K,1E-6,rand-30,50,9,astrid-ours,true,0.30434782608695654,0.30434782608695654,True
500K,1E-6,rand-30,50,9,astrid-ours,raxml,0.17391304347826086,0.17391304347826086,True
500K,1E-6,rand-30,50,10,astral,true,0.5652173913043478,0.5652173913043478,
500K,1E-6,rand-30,50,10,astral,raxml,0.5217391304347826,0.5217391304347826,
500K,1E-6,rand-30,50,10,astrid,true,0.4782608695652174,0.4782608695652174,
500K,1E-6,rand-30,50,10,astrid,raxml,0.5652173913043478,0.5652173913043478,
500K,1E-6,rand-30,50,10,mpest,true,0.5652173913043478,0.5652173913043478,
500K,1E-6,rand-30,50,10,mpest,raxml,0.6086956521739131,0.6086956521739131,
500K,1E-6,rand-30,50,10,svdquartets,true,0.6521739130434783,0.6521739130434783,
500K,1E-6,rand-30,50,10,astrid-ours,true,0.5652173913043478,0.5652173913043478,False
500K,1E-6,rand-30,50,10,astrid-ours,raxml,0.6086956521739131,0.6086956521739131,False
500K,1E-6,rand-30,50,11,astral,true,0.30434782608695654,0.30434782608695654,
500K,1E-6,rand-30,50,11,astral,raxml,0.391304347826087,0.391304347826087,
500K,1E-6,rand-30,50,11,astrid,true,0.30434782608695654,0.30434782608695654,
500K,1E-6,rand-30,50,11,astrid,raxml,0.5217391304347826,0.5217391304347826,
500K,1E-6,rand-30,50,11,mpest,true,0.30434782608695654,0.30434782608695654,
500K,1E-6,rand-30,50,11,mpest,raxml,0.6086956521739131,0.6086956521739131,
500K,1E-6,rand-30,50,11,svdquartets,true,0.43478260869565216,0.43478260869565216,
500K,1E-6,rand-30,50,11,astrid-ours,true,0.34782608695652173,0.34782608695652173,False
500K,1E-6,rand-30,50,11,astrid-ours,raxml,0.5217391304347826,0.5217391304347826,True
500K,1E-6,rand-30,50,12,astral,true,0.2608695652173913,0.2608695652173913,
500K,1E-6,rand-30,50,12,astral,raxml,0.5652173913043478,0.5652173913043478,
500K,1E-6,rand-30,50,12,astrid,true,0.391304347826087,0.391304347826087,
500K,1E-6,rand-30,50,12,astrid,raxml,0.4782608695652174,0.4782608695652174,
500K,1E-6,rand-30,50,12,mpest,true,0.4782608695652174,0.4782608695652174,
500K,1E-6,rand-30,50,12,mpest,raxml,0.6521739130434783,0.6521739130434783,
500K,1E-6,rand-30,50,12,svdquartets,true,0.6956521739130435,0.6956521739130435,
500K,1E-6,rand-30,50,12,astrid-ours,true,0.391304347826087,0.391304347826087,False
500K,1E-6,rand-30,50,12,astrid-ours,raxml,0.391304347826087,0.391304347826087,False
500K,1E-6,rand-30,50,13,astral,true,0.391304347826087,0.391304347826087,
500K,1E-6,rand-30,50,13,astral,raxml,0.43478260869565216,0.43478260869565216,
500K,1E-6,rand-30,50,13,astrid,true,0.4782608695652174,0.4782608695652174,
500K,1E-6,rand-30,50,13,astrid,raxml,0.4782608695652174,0.4782608695652174,
500K,1E-6,rand-30,50,13,mpest,true,0.43478260869565216,0.43478260869565216,
500K,1E-6,rand-30,50,13,mpest,raxml,0.5652173913043478,0.5652173913043478,
500K,1E-6,rand-30,50,13,svdquartets,true,0.5217391304347826,0.5217391304347826,
500K,1E-6,rand-30,50,13,astrid-ours,true,0.4782608695652174,0.4782608695652174,True
500K,1E-6,rand-30,50,13,astrid-ours,raxml,0.4782608695652174,0.4782608695652174,True
500K,1E-6,rand-30,50,14,astral,true,0.43478260869565216,0.43478260869565216,
500K,1E-6,rand-30,50,14,astral,raxml,0.391304347826087,0.391304347826087,
500K,1E-6,rand-30,50,14,astrid,true,0.391304347826087,0.391304347826087,
500K,1E-6,rand-30,50,14,astrid,raxml,0.391304347826087,0.391304347826087,
500K,1E-6,rand-30,50,14,mpest,true,0.5652173913043478,0.5652173913043478,
500K,1E-6,rand-30,50,14,mpest,raxml,0.5217391304347826,0.5217391304347826,
500K,1E-6,rand-30,50,14,svdquartets,true,0.5217391304347826,0.5217391304347826,
500K,1E-6,rand-30,50,14,astrid-ours,true,0.43478260869565216,0.43478260869565216,False
500K,1E-6,rand-30,50,14,astrid-ours,raxml,0.30434782608695654,0.30434782608695654,False
500K,1E-6,rand-30,50,15,astral,true,0.4782608695652174,0.4782608695652174,
500K,1E-6,rand-30,50,15,astral,raxml,0.5652173913043478,0.5652173913043478,
500K,1E-6,rand-30,50,15,astrid,true,0.43478260869565216,0.43478260869565216,
500K,1E-6,rand-30,50,15,astrid,raxml,0.5217391304347826,0.5217391304347826,
500K,1E-6,rand-30,50,15,mpest,true,0.6521739130434783,0.6521739130434783,
500K,1E-6,rand-30,50,15,mpest,raxml,0.6521739130434783,0.6521739130434783,
500K,1E-6,rand-30,50,15,svdquartets,true,0.8260869565217391,0.8260869565217391,
500K,1E-6,rand-30,50,15,astrid-ours,true,0.5217391304347826,0.5217391304347826,False
500K,1E-6,rand-30,50,15,astrid-ours,raxml,0.43478260869565216,0.43478260869565216,False
500K,1E-6,rand-30,50,16,astral,true,0.17391304347826086,0.17391304347826086,
500K,1E-6,rand-30,50,16,astral,raxml,0.2608695652173913,0.2608695652173913,
500K,1E-6,rand-30,50,16,astrid,true,0.34782608695652173,0.34782608695652173,
500K,1E-6,rand-30,50,16,astrid,raxml,0.30434782608695654,0.30434782608695654,
500K,1E-6,rand-30,50,16,mpest,true,0.34782608695652173,0.34782608695652173,
500K,1E-6,rand-30,50,16,mpest,raxml,0.391304347826087,0.391304347826087,
500K,1E-6,rand-30,50,16,svdquartets,true,0.5217391304347826,0.5217391304347826,
500K,1E-6,rand-30,50,16,astrid-ours,true,0.34782608695652173,0.34782608695652173,True
500K,1E-6,rand-30,50,16,astrid-ours,raxml,0.2608695652173913,0.2608695652173913,False
500K,1E-6,rand-30,50,17,astral,true,0.43478260869565216,0.43478260869565216,
500K,1E-6,rand-30,50,17,astral,raxml,0.6956521739130435,0.6956521739130435,
500K,1E-6,rand-30,50,17,astrid,true,0.34782608695652173,0.34782608695652173,
500K,1E-6,rand-30,50,17,astrid,raxml,0.6956521739130435,0.6956521739130435,
500K,1E-6,rand-30,50,17,mpest,true,0.43478260869565216,0.43478260869565216,
500K,1E-6,rand-30,50,17,mpest,raxml,0.6956521739130435,0.6956521739130435,
500K,1E-6,rand-30,50,17,svdquartets,true,0.7391304347826086,0.7391304347826086,
500K,1E-6,rand-30,50,17,astrid-ours,true,0.34782608695652173,0.34782608695652173,True
500K,1E-6,rand-30,50,17,astrid-ours,raxml,0.6521739130434783,0.6521739130434783,False
500K,1E-6,rand-30,50,18,astral,true,0.43478260869565216,0.43478260869565216,
500K,1E-6,rand-30,50,18,astral,raxml,0.4782608695652174,0.4782608695652174,
500K,1E-6,rand-30,50,18,astrid,true,0.43478260869565216,0.43478260869565216,
500K,1E-6,rand-30,50,18,astrid,raxml,0.4782608695652174,0.4782608695652174,
500K,1E-6,rand-30,50,18,mpest,true,0.43478260869565216,0.43478260869565216,
500K,1E-6,rand-30,50,18,mpest,raxml,0.5217391304347826,0.5217391304347826,
500K,1E-6,rand-30,50,18,svdquartets,true,0.5217391304347826,0.5217391304347826,
500K,1E-6,rand-30,50,18,astrid-ours,true,0.43478260869565216,0.43478260869565216,False
500K,1E-6,rand-30,50,18,astrid-ours,raxml,0.4782608695652174,0.4782608695652174,True
500K,1E-6,rand-30,50,19,astral,true,0.43478260869565216,0.43478260869565216,
500K,1E-6,rand-30,50,19,astral,raxml,0.4782608695652174,0.4782608695652174,
500K,1E-6,rand-30,50,19,astrid,true,0.5217391304347826,0.5217391304347826,
500K,1E-6,rand-30,50,19,astrid,raxml,0.43478260869565216,0.43478260869565216,
500K,1E-6,rand-30,50,19,mpest,true,0.6521739130434783,0.6521739130434783,
500K,1E-6,rand-30,50,19,mpest,raxml,0.5652173913043478,0.5652173913043478,
500K,1E-6,rand-30,50,19,svdquartets,true,0.6086956521739131,0.6086956521739131,
500K,1E-6,rand-30,50,19,astrid-ours,true,0.4782608695652174,0.4782608695652174,False
500K,1E-6,rand-30,50,19,astrid-ours,raxml,0.43478260869565216,0.43478260869565216,True
500K,1E-6,rand-30,50,20,astral,true,0.4782608695652174,0.4782608695652174,
500K,1E-6,rand-30,50,20,astral,raxml,0.6086956521739131,0.6086956521739131,
500K,1E-6,rand-30,50,20,astrid,true,0.5652173913043478,0.5652173913043478,
500K,1E-6,rand-30,50,20,astrid,raxml,0.5217391304347826,0.5217391304347826,
500K,1E-6,rand-30,50,20,mpest,true,0.6086956521739131,0.6086956521739131,
500K,1E-6,rand-30,50,20,mpest,raxml,0.5652173913043478,0.5652173913043478,
500K,1E-6,rand-30,50,20,svdquartets,true,0.7391304347826086,0.7391304347826086,
500K,1E-6,rand-30,50,20,astrid-ours,true,0.391304347826087,0.391304347826087,False
500K,1E-6,rand-30,50,20,astrid-ours,raxml,0.5652173913043478,0.5652173913043478,False
500K,1E-6,rand-30,200,1,astral,true,0.34782608695652173,0.34782608695652173,
500K,1E-6,rand-30,200,1,astral,raxml,0.30434782608695654,0.30434782608695654,
500K,1E-6,rand-30,200,1,astrid,true,0.30434782608695654,0.30434782608695654,
500K,1E-6,rand-30,200,1,astrid,raxml,0.34782608695652173,0.34782608695652173,
500K,1E-6,rand-30,200,1,mpest,true,0.34782608695652173,0.34782608695652173,
500K,1E-6,rand-30,200,1,mpest,raxml,0.391304347826087,0.391304347826087,
500K,1E-6,rand-30,200,1,svdquartets,true,0.5652173913043478,0.5652173913043478,
500K,1E-6,rand-30,200,1,astrid-ours,true,0.30434782608695654,0.30434782608695654,False
500K,1E-6,rand-30,200,1,astrid-ours,raxml,0.391304347826087,0.391304347826087,False
500K,1E-6,rand-30,200,2,astral,true,0.08695652173913043,0.08695652173913043,
500K,1E-6,rand-30,200,2,astral,raxml,0.13043478260869565,0.13043478260869565,
500K,1E-6,rand-30,200,2,astrid,true,0.08695652173913043,0.08695652173913043,
500K,1E-6,rand-30,200,2,astrid,raxml,0.30434782608695654,0.30434782608695654,
500K,1E-6,rand-30,200,2,mpest,true,0.2608695652173913,0.2608695652173913,
500K,1E-6,rand-30,200,2,mpest,raxml,0.30434782608695654,0.30434782608695654,
500K,1E-6,rand-30,200,2,svdquartets,true,0.2608695652173913,0.2608695652173913,
500K,1E-6,rand-30,200,2,astrid-ours,true,0.13043478260869565,0.13043478260869565,False
500K,1E-6,rand-30,200,2,astrid-ours,raxml,0.2608695652173913,0.2608695652173913,False
500K,1E-6,rand-30,200,3,astral,true,0.2608695652173913,0.2608695652173913,
500K,1E-6,rand-30,200,3,astral,raxml,0.34782608695652173,0.34782608695652173,
500K,1E-6,rand-30,200,3,astrid,true,0.21739130434782608,0.21739130434782608,
500K,1E-6,rand-30,200,3,astrid,raxml,0.17391304347826086,0.17391304347826086,
500K,1E-6,rand-30,200,3,mpest,true,0.30434782608695654,0.30434782608695654,
500K,1E-6,rand-30,200,3,mpest,raxml,0.4782608695652174,0.4782608695652174,
500K,1E-6,rand-30,200,3,svdquartets,true,0.5217391304347826,0.5217391304347826,
500K,1E-6,rand-30,200,3,astrid-ours,true,0.21739130434782608,0.21739130434782608,True
500K,1E-6,rand-30,200,3,astrid-ours,raxml,0.17391304347826086,0.17391304347826086,True
500K,1E-6,rand-30,200,4,astral,true,0.13043478260869565,0.13043478260869565,
500K,1E-6,rand-30,200,4,astral,raxml,0.782608695652174,0.782608695652174,
500K,1E-6,rand-30,200,4,astrid,true,0.08695652173913043,0.08695652173913043,
500K,1E-6,rand-30,200,4,astrid,raxml,0.9130434782608695,0.9130434782608695,
500K,1E-6,rand-30,200,4,mpest,true,0.043478260869565216,0.043478260869565216,
500K,1E-6,rand-30,200,4,mpest,raxml,0.782608695652174,0.782608695652174,
500K,1E-6,rand-30,200,4,svdquartets,true,0.782608695652174,0.782608695652174,
500K,1E-6,rand-30,200,4,astrid-ours,true,0.0,0.0,False
500K,1E-6,rand-30,200,4,astrid-ours,raxml,0.782608695652174,0.782608695652174,False
500K,1E-6,rand-30,200,5,astral,true,0.21739130434782608,0.21739130434782608,
500K,1E-6,rand-30,200,5,astral,raxml,0.17391304347826086,0.17391304347826086,
500K,1E-6,rand-30,200,5,astrid,true,0.17391304347826086,0.17391304347826086,
500K,1E-6,rand-30,200,5,astrid,raxml,0.2608695652173913,0.2608695652173913,
500K,1E-6,rand-30,200,5,mpest,true,0.2608695652173913,0.2608695652173913,
500K,1E-6,rand-30,200,5,mpest,raxml,0.30434782608695654,0.30434782608695654,
500K,1E-6,rand-30,200,5,svdquartets,true,0.5217391304347826,0.5217391304347826,
500K,1E-6,rand-30,200,5,astrid-ours,true,0.17391304347826086,0.17391304347826086,True
500K,1E-6,rand-30,200,5,astrid-ours,raxml,0.13043478260869565,0.13043478260869565,False
500K,1E-6,rand-30,200,6,astral,true,0.13043478260869565,0.13043478260869565,
500K,1E-6,rand-30,200,6,astral,raxml,0.13043478260869565,0.13043478260869565,
500K,1E-6,rand-30,200,6,astrid,true,0.17391304347826086,0.17391304347826086,
500K,1E-6,rand-30,200,6,astrid,raxml,0.08695652173913043,0.08695652173913043,
500K,1E-6,rand-30,200,6,mpest,true,0.17391304347826086,0.17391304347826086,
500K,1E-6,rand-30,200,6,mpest,raxml,0.2608695652173913,0.2608695652173913,
500K,1E-6,rand-30,200,6,svdquartets,true,0.2608695652173913,0.2608695652173913,
500K,1E-6,rand-30,200,6,astrid-ours,true,0.17391304347826086,0.17391304347826086,True
500K,1E-6,rand-30,200,6,astrid-ours,raxml,0.08695652173913043,0.08695652173913043,True
500K,1E-6,rand-30,200,7,astral,true,0.34782608695652173,0.34782608695652173,
500K,1E-6,rand-30,200,7,astral,raxml,0.5652173913043478,0.5652173913043478,
500K,1E-6,rand-30,200,7,astrid,true,0.34782608695652173,0.34782608695652173,
500K,1E-6,rand-30,200,7,astrid,raxml,0.6086956521739131,0.6086956521739131,
500K,1E-6,rand-30,200,7,mpest,true,0.43478260869565216,0.43478260869565216,
500K,1E-6,rand-30,200,7,mpest,raxml,0.6521739130434783,0.6521739130434783,
500K,1E-6,rand-30,200,7,svdquartets,true,0.6521739130434783,0.6521739130434783,
500K,1E-6,rand-30,200,7,astrid-ours,true,0.34782608695652173,0.34782608695652173,False
500K,1E-6,rand-30,200,7,astrid-ours,raxml,0.5652173913043478,0.5652173913043478,False
500K,1E-6,rand-30,200,8,astral,true,0.043478260869565216,0.043478260869565216,
500K,1E-6,rand-30,200,8,astral,raxml,0.08695652173913043,0.08695652173913043,
500K,1E-6,rand-30,200,8,astrid,true,0.13043478260869565,0.13043478260869565,
500K,1E-6,rand-30,200,8,astrid,raxml,0.13043478260869565,0.13043478260869565,
500K,1E-6,rand-30,200,8,mpest,true,0.08695652173913043,0.08695652173913043,
500K,1E-6,rand-30,200,8,mpest,raxml,0.34782608695652173,0.34782608695652173,
500K,1E-6,rand-30,200,8,svdquartets,true,0.30434782608695654,0.30434782608695654,
500K,1E-6,rand-30,200,8,astrid-ours,true,0.13043478260869565,0.13043478260869565,True
500K,1E-6,rand-30,200,8,astrid-ours,raxml,0.13043478260869565,0.13043478260869565,True
500K,1E-6,rand-30,200,9,astral,true,0.13043478260869565,0.13043478260869565,
500K,1E-6,rand-30,200,9,astral,raxml,0.08695652173913043,0.08695652173913043,
500K,1E-6,rand-30,200,9,astrid,true,0.08695652173913043,0.08695652173913043,
500K,1E-6,rand-30,200,9,astrid,raxml,0.08695652173913043,0.08695652173913043,
500K,1E-6,rand-30,200,9,mpest,true,0.17391304347826086,0.17391304347826086,
500K,1E-6,rand-30,200,9,mpest,raxml,0.21739130434782608,0.21739130434782608,
500K,1E-6,rand-30,200,9,svdquartets,true,0.13043478260869565,0.13043478260869565,
500K,1E-6,rand-30,200,9,astrid-ours,true,0.08695652173913043,0.08695652173913043,True
500K,1E-6,rand-30,200,9,astrid-ours,raxml,0.08695652173913043,0.08695652173913043,True
500K,1E-6,rand-30,200,10,astral,true,0.34782608695652173,0.34782608695652173,
500K,1E-6,rand-30,200,10,astral,raxml,0.4782608695652174,0.4782608695652174,
500K,1E-6,rand-30,200,10,astrid,true,0.30434782608695654,0.30434782608695654,
500K,1E-6,rand-30,200,10,astrid,raxml,0.391304347826087,0.391304347826087,
500K,1E-6,rand-30,200,10,mpest,true,0.43478260869565216,0.43478260869565216,
500K,1E-6,rand-30,200,10,mpest,raxml,0.4782608695652174,0.4782608695652174,
500K,1E-6,rand-30,200,10,svdquartets,true,0.6086956521739131,0.6086956521739131,
500K,1E-6,rand-30,200,10,astrid-ours,true,0.43478260869565216,0.43478260869565216,False
500K,1E-6,rand-30,200,10,astrid-ours,raxml,0.391304347826087,0.391304347826087,False
500K,1E-6,rand-30,200,11,astral,true,0.08695652173913043,0.08695652173913043,
500K,1E-6,rand-30,200,11,astral,raxml,0.13043478260869565,0.13043478260869565,
500K,1E-6,rand-30,200,11,astrid,true,0.13043478260869565,0.13043478260869565,
500K,1E-6,rand-30,200,11,astrid,raxml,0.34782608695652173,0.34782608695652173,
500K,1E-6,rand-30,200,11,mpest,true,0.21739130434782608,0.21739130434782608,
500K,1E-6,rand-30,200,11,mpest,raxml,0.34782608695652173,0.34782608695652173,
500K,1E-6,rand-30,200,11,svdquartets,true,0.2608695652173913,0.2608695652173913,
500K,1E-6,rand-30,200,11,astrid-ours,true,0.13043478260869565,0.13043478260869565,True
500K,1E-6,rand-30,200,11,astrid-ours,raxml,0.34782608695652173,0.34782608695652173,True
500K,1E-6,rand-30,200,12,astral,true,0.2608695652173913,0.2608695652173913,
500K,1E-6,rand-30,200,12,astral,raxml,0.2608695652173913,0.2608695652173913,
500K,1E-6,rand-30,200,12,astrid,true,0.21739130434782608,0.21739130434782608,
500K,1E-6,rand-30,200,12,astrid,raxml,0.2608695652173913,0.2608695652173913,
500K,1E-6,rand-30,200,12,mpest,true,0.43478260869565216,0.43478260869565216,
500K,1E-6,rand-30,200,12,mpest,raxml,0.34782608695652173,0.34782608695652173,
500K,1E-6,rand-30,200,12,svdquartets,true,0.34782608695652173,0.34782608695652173,
500K,1E-6,rand-30,200,12,astrid-ours,true,0.21739130434782608,0.21739130434782608,True
500K,1E-6,rand-30,200,12,astrid-ours,raxml,0.2608695652173913,0.2608695652173913,True
500K,1E-6,rand-30,200,13,astral,true,0.2608695652173913,0.2608695652173913,
500K,1E-6,rand-30,200,13,astral,raxml,0.30434782608695654,0.30434782608695654,
500K,1E-6,rand-30,200,13,astrid,true,0.34782608695652173,0.34782608695652173,
500K,1E-6,rand-30,200,13,astrid,raxml,0.21739130434782608,0.21739130434782608,
500K,1E-6,rand-30,200,13,mpest,true,0.2608695652173913,0.2608695652173913,
500K,1E-6,rand-30,200,13,mpest,raxml,0.43478260869565216,0.43478260869565216,
500K,1E-6,rand-30,200,13,svdquartets,true,0.391304347826087,0.391304347826087,
500K,1E-6,rand-30,200,13,astrid-ours,true,0.34782608695652173,0.34782608695652173,True
500K,1E-6,rand-30,200,13,astrid-ours,raxml,0.391304347826087,0.391304347826087,False
500K,1E-6,rand-30,200,14,astral,true,0.21739130434782608,0.21739130434782608,
500K,1E-6,rand-30,200,14,astral,raxml,0.21739130434782608,0.21739130434782608,
500K,1E-6,rand-30,200,14,astrid,true,0.2608695652173913,0.2608695652173913,
500K,1E-6,rand-30,200,14,astrid,raxml,0.30434782608695654,0.30434782608695654,
500K,1E-6,rand-30,200,14,mpest,true,0.2608695652173913,0.2608695652173913,
500K,1E-6,rand-30,200,14,mpest,raxml,0.2608695652173913,0.2608695652173913,
500K,1E-6,rand-30,200,14,svdquartets,true,0.2608695652173913,0.2608695652173913,
500K,1E-6,rand-30,200,14,astrid-ours,true,0.2608695652173913,0.2608695652173913,True
500K,1E-6,rand-30,200,14,astrid-ours,raxml,0.30434782608695654,0.30434782608695654,True
500K,1E-6,rand-30,200,15,astral,true,0.21739130434782608,0.21739130434782608,
500K,1E-6,rand-30,200,15,astral,raxml,0.21739130434782608,0.21739130434782608,
500K,1E-6,rand-30,200,15,astrid,true,0.2608695652173913,0.2608695652173913,
500K,1E-6,rand-30,200,15,astrid,raxml,0.34782608695652173,0.34782608695652173,
500K,1E-6,rand-30,200,15,mpest,true,0.17391304347826086,0.17391304347826086,
500K,1E-6,rand-30,200,15,mpest,raxml,0.34782608695652173,0.34782608695652173,
500K,1E-6,rand-30,200,15,svdquartets,true,0.34782608695652173,0.34782608695652173,
500K,1E-6,rand-30,200,15,astrid-ours,true,0.17391304347826086,0.17391304347826086,False
500K,1E-6,rand-30,200,15,astrid-ours,raxml,0.2608695652173913,0.2608695652173913,False
500K,1E-6,rand-30,200,16,astral,true,0.17391304347826086,0.17391304347826086,
500K,1E-6,rand-30,200,16,astral,raxml,0.17391304347826086,0.17391304347826086,
500K,1E-6,rand-30,200,16,astrid,true,0.08695652173913043,0.08695652173913043,
500K,1E-6,rand-30,200,16,astrid,raxml,0.043478260869565216,0.043478260869565216,
500K,1E-6,rand-30,200,16,mpest,true,0.17391304347826086,0.17391304347826086,
500K,1E-6,rand-30,200,16,mpest,raxml,0.2608695652173913,0.2608695652173913,
500K,1E-6,rand-30,200,16,svdquartets,true,0.21739130434782608,0.21739130434782608,
500K,1E-6,rand-30,200,16,astrid-ours,true,0.08695652173913043,0.08695652173913043,True
500K,1E-6,rand-30,200,16,astrid-ours,raxml,0.043478260869565216,0.043478260869565216,True
500K,1E-6,rand-30,200,17,astral,true,0.21739130434782608,0.21739130434782608,
500K,1E-6,rand-30,200,17,astral,raxml,0.5217391304347826,0.5217391304347826,
500K,1E-6,rand-30,200,17,astrid,true,0.21739130434782608,0.21739130434782608,
500K,1E-6,rand-30,200,17,astrid,raxml,0.6086956521739131,0.6086956521739131,
500K,1E-6,rand-30,200,17,mpest,true,0.34782608695652173,0.34782608695652173,
500K,1E-6,rand-30,200,17,mpest,raxml,0.6086956521739131,0.6086956521739131,
500K,1E-6,rand-30,200,17,svdquartets,true,0.7391304347826086,0.7391304347826086,
500K,1E-6,rand-30,200,17,astrid-ours,true,0.21739130434782608,0.21739130434782608,True
500K,1E-6,rand-30,200,17,astrid-ours,raxml,0.6086956521739131,0.6086956521739131,False
500K,1E-6,rand-30,200,18,astral,true,0.2608695652173913,0.2608695652173913,
500K,1E-6,rand-30,200,18,astral,raxml,0.34782608695652173,0.34782608695652173,
500K,1E-6,rand-30,200,18,astrid,true,0.21739130434782608,0.21739130434782608,
500K,1E-6,rand-30,200,18,astrid,raxml,0.30434782608695654,0.30434782608695654,
500K,1E-6,rand-30,200,18,mpest,true,0.2608695652173913,0.2608695652173913,
500K,1E-6,rand-30,200,18,mpest,raxml,0.34782608695652173,0.34782608695652173,
500K,1E-6,rand-30,200,18,svdquartets,true,0.34782608695652173,0.34782608695652173,
500K,1E-6,rand-30,200,18,astrid-ours,true,0.21739130434782608,0.21739130434782608,True
500K,1E-6,rand-30,200,18,astrid-ours,raxml,0.30434782608695654,0.30434782608695654,True
500K,1E-6,rand-30,200,19,astral,true,0.30434782608695654,0.30434782608695654,
500K,1E-6,rand-30,200,19,astral,raxml,0.21739130434782608,0.21739130434782608,
500K,1E-6,rand-30,200,19,astrid,true,0.08695652173913043,0.08695652173913043,
500K,1E-6,rand-30,200,19,astrid,raxml,0.13043478260869565,0.13043478260869565,
500K,1E-6,rand-30,200,19,mpest,true,0.30434782608695654,0.30434782608695654,
500K,1E-6,rand-30,200,19,mpest,raxml,0.30434782608695654,0.30434782608695654,
500K,1E-6,rand-30,200,19,svdquartets,true,0.4782608695652174,0.4782608695652174,
500K,1E-6,rand-30,200,19,astrid-ours,true,0.08695652173913043,0.08695652173913043,True
500K,1E-6,rand-30,200,19,astrid-ours,raxml,0.13043478260869565,0.13043478260869565,True
500K,1E-6,rand-30,200,20,astral,true,0.13043478260869565,0.13043478260869565,
500K,1E-6,rand-30,200,20,astral,raxml,0.30434782608695654,0.30434782608695654,
500K,1E-6,rand-30,200,20,astrid,true,0.17391304347826086,0.17391304347826086,
500K,1E-6,rand-30,200,20,astrid,raxml,0.43478260869565216,0.43478260869565216,
500K,1E-6,rand-30,200,20,mpest,true,0.30434782608695654,0.30434782608695654,
500K,1E-6,rand-30,200,20,mpest,raxml,0.34782608695652173,0.34782608695652173,
500K,1E-6,rand-30,200,20,svdquartets,true,0.6086956521739131,0.6086956521739131,
500K,1E-6,rand-30,200,20,astrid-ours,true,0.17391304347826086,0.17391304347826086,True
500K,1E-6,rand-30,200,20,astrid-ours,raxml,0.391304347826087,0.391304347826087,False
500K,1E-6,rand-30,1000,1,astral,true,0.13043478260869565,0.13043478260869565,
500K,1E-6,rand-30,1000,1,astral,raxml,0.13043478260869565,0.13043478260869565,
500K,1E-6,rand-30,1000,1,astrid,true,0.043478260869565216,0.043478260869565216,
500K,1E-6,rand-30,1000,1,astrid,raxml,0.21739130434782608,0.21739130434782608,
500K,1E-6,rand-30,1000,1,mpest,true,0.17391304347826086,0.17391304347826086,
500K,1E-6,rand-30,1000,1,mpest,raxml,0.17391304347826086,0.17391304347826086,
500K,1E-6,rand-30,1000,1,svdquartets,true,0.30434782608695654,0.30434782608695654,
500K,1E-6,rand-30,1000,1,astrid-ours,true,0.13043478260869565,0.13043478260869565,False
500K,1E-6,rand-30,1000,1,astrid-ours,raxml,0.21739130434782608,0.21739130434782608,True
500K,1E-6,rand-30,1000,2,astral,true,0.043478260869565216,0.043478260869565216,
500K,1E-6,rand-30,1000,2,astral,raxml,0.043478260869565216,0.043478260869565216,
500K,1E-6,rand-30,1000,2,astrid,true,0.0,0.0,
500K,1E-6,rand-30,1000,2,astrid,raxml,0.043478260869565216,0.043478260869565216,
500K,1E-6,rand-30,1000,2,mpest,true,0.08695652173913043,0.08695652173913043,
500K,1E-6,rand-30,1000,2,mpest,raxml,0.13043478260869565,0.13043478260869565,
500K,1E-6,rand-30,1000,2,svdquartets,true,0.13043478260869565,0.13043478260869565,
500K,1E-6,rand-30,1000,2,astrid-ours,true,0.0,0.0,True
500K,1E-6,rand-30,1000,2,astrid-ours,raxml,0.043478260869565216,0.043478260869565216,True
500K,1E-6,rand-30,1000,3,astral,true,0.08695652173913043,0.08695652173913043,
500K,1E-6,rand-30,1000,3,astral,raxml,0.08695652173913043,0.08695652173913043,
500K,1E-6,rand-30,1000,3,astrid,true,0.08695652173913043,0.08695652173913043,
500K,1E-6,rand-30,1000,3,astrid,raxml,0.08695652173913043,0.08695652173913043,
500K,1E-6,rand-30,1000,3,mpest,true,0.2608695652173913,0.2608695652173913,
500K,1E-6,rand-30,1000,3,mpest,raxml,0.2608695652173913,0.2608695652173913,
500K,1E-6,rand-30,1000,3,svdquartets,true,0.17391304347826086,0.17391304347826086,
500K,1E-6,rand-30,1000,3,astrid-ours,true,0.08695652173913043,0.08695652173913043,True
500K,1E-6,rand-30,1000,3,astrid-ours,raxml,0.08695652173913043,0.08695652173913043,True
500K,1E-6,rand-30,1000,4,astral,true,0.13043478260869565,0.13043478260869565,
500K,1E-6,rand-30,1000,4,astral,raxml,0.5652173913043478,0.5652173913043478,
500K,1E-6,rand-30,1000,4,astrid,true,0.08695652173913043,0.08695652173913043,
500K,1E-6,rand-30,1000,4,astrid,raxml,0.5217391304347826,0.5217391304347826,
500K,1E-6,rand-30,1000,4,mpest,true,0.08695652173913043,0.08695652173913043,
500K,1E-6,rand-30,1000,4,mpest,raxml,0.6521739130434783,0.6521739130434783,
500K,1E-6,rand-30,1000,4,svdquartets,true,0.4782608695652174,0.4782608695652174,
500K,1E-6,rand-30,1000,4,astrid-ours,true,0.08695652173913043,0.08695652173913043,False
500K,1E-6,rand-30,1000,4,astrid-ours,raxml,0.5217391304347826,0.5217391304347826,True
500K,1E-6,rand-30,1000,5,astral,true,0.13043478260869565,0.13043478260869565,
500K,1E-6,rand-30,1000,5,astral,raxml,0.13043478260869565,0.13043478260869565,
500K,1E-6,rand-30,1000,5,astrid,true,0.21739130434782608,0.21739130434782608,
500K,1E-6,rand-30,1000,5,astrid,raxml,0.13043478260869565,0.13043478260869565,
500K,1E-6,rand-30,1000,5,mpest,true,0.17391304347826086,0.17391304347826086,
500K,1E-6,rand-30,1000,5,mpest,raxml,0.21739130434782608,0.21739130434782608,
500K,1E-6,rand-30,1000,5,svdquartets,true,0.30434782608695654,0.30434782608695654,
500K,1E-6,rand-30,1000,5,astrid-ours,true,0.21739130434782608,0.21739130434782608,True
500K,1E-6,rand-30,1000,5,astrid-ours,raxml,0.13043478260869565,0.13043478260869565,True
500K,1E-6,rand-30,1000,6,astral,true,0.0,0.0,
500K,1E-6,rand-30,1000,6,astral,raxml,0.043478260869565216,0.043478260869565216,
500K,1E-6,rand-30,1000,6,astrid,true,0.043478260869565216,0.043478260869565216,
500K,1E-6,rand-30,1000,6,astrid,raxml,0.13043478260869565,0.13043478260869565,
500K,1E-6,rand-30,1000,6,mpest,true,0.0,0.0,
500K,1E-6,rand-30,1000,6,mpest,raxml,0.13043478260869565,0.13043478260869565,
500K,1E-6,rand-30,1000,6,svdquartets,true,0.13043478260869565,0.13043478260869565,
500K,1E-6,rand-30,1000,6,astrid-ours,true,0.043478260869565216,0.043478260869565216,True
500K,1E-6,rand-30,1000,6,astrid-ours,raxml,0.13043478260869565,0.13043478260869565,True
500K,1E-6,rand-30,1000,7,astral,true,0.08695652173913043,0.08695652173913043,
500K,1E-6,rand-30,1000,7,astral,raxml,0.17391304347826086,0.17391304347826086,
500K,1E-6,rand-30,1000,7,astrid,true,0.043478260869565216,0.043478260869565216,
500K,1E-6,rand-30,1000,7,astrid,raxml,0.30434782608695654,0.30434782608695654,
500K,1E-6,rand-30,1000,7,mpest,true,0.13043478260869565,0.13043478260869565,
500K,1E-6,rand-30,1000,7,mpest,raxml,0.30434782608695654,0.30434782608695654,
500K,1E-6,rand-30,1000,7,svdquartets,true,0.17391304347826086,0.17391304347826086,
500K,1E-6,rand-30,1000,7,astrid-ours,true,0.043478260869565216,0.043478260869565216,True
500K,1E-6,rand-30,1000,7,astrid-ours,raxml,0.30434782608695654,0.30434782608695654,True
500K,1E-6,rand-30,1000,8,astral,true,0.043478260869565216,0.043478260869565216,
500K,1E-6,rand-30,1000,8,astral,raxml,0.13043478260869565,0.13043478260869565,
500K,1E-6,rand-30,1000,8,astrid,true,0.043478260869565216,0.043478260869565216,
500K,1E-6,rand-30,1000,8,astrid,raxml,0.043478260869565216,0.043478260869565216,
500K,1E-6,rand-30,1000,8,mpest,true,0.08695652173913043,0.08695652173913043,
500K,1E-6,rand-30,1000,8,mpest,raxml,0.08695652173913043,0.08695652173913043,
500K,1E-6,rand-30,1000,8,svdquartets,true,0.2608695652173913,0.2608695652173913,
500K,1E-6,rand-30,1000,8,astrid-ours,true,0.043478260869565216,0.043478260869565216,True
500K,1E-6,rand-30,1000,8,astrid-ours,raxml,0.043478260869565216,0.043478260869565216,True
500K,1E-6,rand-30,1000,9,astral,true,0.043478260869565216,0.043478260869565216,
500K,1E-6,rand-30,1000,9,astral,raxml,0.043478260869565216,0.043478260869565216,
500K,1E-6,rand-30,1000,9,astrid,true,0.0,0.0,
500K,1E-6,rand-30,1000,9,astrid,raxml,0.043478260869565216,0.043478260869565216,
500K,1E-6,rand-30,1000,9,mpest,true,0.0,0.0,
500K,1E-6,rand-30,1000,9,mpest,raxml,0.08695652173913043,0.08695652173913043,
500K,1E-6,rand-30,1000,9,svdquartets,true,0.08695652173913043,0.08695652173913043,
500K,1E-6,rand-30,1000,9,astrid-ours,true,0.0,0.0,True
500K,1E-6,rand-30,1000,9,astrid-ours,raxml,0.043478260869565216,0.043478260869565216,True
500K,1E-6,rand-30,1000,10,astral,true,0.17391304347826086,0.17391304347826086,
500K,1E-6,rand-30,1000,10,astral,raxml,0.2608695652173913,0.2608695652173913,
500K,1E-6,rand-30,1000,10,astrid,true,0.13043478260869565,0.13043478260869565,
500K,1E-6,rand-30,1000,10,astrid,raxml,0.21739130434782608,0.21739130434782608,
500K,1E-6,rand-30,1000,10,mpest,true,0.21739130434782608,0.21739130434782608,
500K,1E-6,rand-30,1000,10,mpest,raxml,0.13043478260869565,0.13043478260869565,
500K,1E-6,rand-30,1000,10,svdquartets,true,0.4782608695652174,0.4782608695652174,
500K,1E-6,rand-30,1000,10,astrid-ours,true,0.13043478260869565,0.13043478260869565,True
500K,1E-6,rand-30,1000,10,astrid-ours,raxml,0.21739130434782608,0.21739130434782608,True
500K,1E-6,rand-30,1000,11,astral,true,0.08695652173913043,0.08695652173913043,
500K,1E-6,rand-30,1000,11,astral,raxml,0.13043478260869565,0.13043478260869565,
500K,1E-6,rand-30,1000,11,astrid,true,0.0,0.0,
500K,1E-6,rand-30,1000,11,astrid,raxml,0.13043478260869565,0.13043478260869565,
500K,1E-6,rand-30,1000,11,mpest,true,0.08695652173913043,0.08695652173913043,
500K,1E-6,rand-30,1000,11,mpest,raxml,0.17391304347826086,0.17391304347826086,
500K,1E-6,rand-30,1000,11,svdquartets,true,0.21739130434782608,0.21739130434782608,
500K,1E-6,rand-30,1000,11,astrid-ours,true,0.0,0.0,True
500K,1E-6,rand-30,1000,11,astrid-ours,raxml,0.13043478260869565,0.13043478260869565,True
500K,1E-6,rand-30,1000,12,astral,true,0.0,0.0,
500K,1E-6,rand-30,1000,12,astral,raxml,0.21739130434782608,0.21739130434782608,
500K,1E-6,rand-30,1000,12,astrid,true,0.13043478260869565,0.13043478260869565,
500K,1E-6,rand-30,1000,12,astrid,raxml,0.2608695652173913,0.2608695652173913,
500K,1E-6,rand-30,1000,12,mpest,true,0.21739130434782608,0.21739130434782608,
500K,1E-6,rand-30,1000,12,mpest,raxml,0.2608695652173913,0.2608695652173913,
500K,1E-6,rand-30,1000,12,svdquartets,true,0.30434782608695654,0.30434782608695654,
500K,1E-6,rand-30,1000,12,astrid-ours,true,0.13043478260869565,0.13043478260869565,True
500K,1E-6,rand-30,1000,12,astrid-ours,raxml,0.2608695652173913,0.2608695652173913,True
500K,1E-6,rand-30,1000,13,astral,true,0.043478260869565216,0.043478260869565216,
500K,1E-6,rand-30,1000,13,astral,raxml,0.043478260869565216,0.043478260869565216,
500K,1E-6,rand-30,1000,13,astrid,true,0.043478260869565216,0.043478260869565216,
500K,1E-6,rand-30,1000,13,astrid,raxml,0.043478260869565216,0.043478260869565216,
500K,1E-6,rand-30,1000,13,mpest,true,0.043478260869565216,0.043478260869565216,
500K,1E-6,rand-30,1000,13,mpest,raxml,0.043478260869565216,0.043478260869565216,
500K,1E-6,rand-30,1000,13,svdquartets,true,0.30434782608695654,0.30434782608695654,
500K,1E-6,rand-30,1000,13,astrid-ours,true,0.043478260869565216,0.043478260869565216,True
500K,1E-6,rand-30,1000,13,astrid-ours,raxml,0.043478260869565216,0.043478260869565216,True
500K,1E-6,rand-30,1000,14,astral,true,0.08695652173913043,0.08695652173913043,
500K,1E-6,rand-30,1000,14,astral,raxml,0.043478260869565216,0.043478260869565216,
500K,1E-6,rand-30,1000,14,astrid,true,0.13043478260869565,0.13043478260869565,
500K,1E-6,rand-30,1000,14,astrid,raxml,0.21739130434782608,0.21739130434782608,
500K,1E-6,rand-30,1000,14,mpest,true,0.21739130434782608,0.21739130434782608,
500K,1E-6,rand-30,1000,14,mpest,raxml,0.2608695652173913,0.2608695652173913,
500K,1E-6,rand-30,1000,14,svdquartets,true,0.21739130434782608,0.21739130434782608,
500K,1E-6,rand-30,1000,14,astrid-ours,true,0.13043478260869565,0.13043478260869565,True
500K,1E-6,rand-30,1000,14,astrid-ours,raxml,0.21739130434782608,0.21739130434782608,True
500K,1E-6,rand-30,1000,15,astral,true,0.0,0.0,
500K,1E-6,rand-30,1000,15,astral,raxml,0.08695652173913043,0.08695652173913043,
500K,1E-6,rand-30,1000,15,astrid,true,0.0,0.0,
500K,1E-6,rand-30,1000,15,astrid,raxml,0.08695652173913043,0.08695652173913043,
500K,1E-6,rand-30,1000,15,mpest,true,0.043478260869565216,0.043478260869565216,
500K,1E-6,rand-30,1000,15,mpest,raxml,0.08695652173913043,0.08695652173913043,
500K,1E-6,rand-30,1000,15,svdquartets,true,0.08695652173913043,0.08695652173913043,
500K,1E-6,rand-30,1000,15,astrid-ours,true,0.0,0.0,True
500K,1E-6,rand-30,1000,15,astrid-ours,raxml,0.08695652173913043,0.08695652173913043,True
500K,1E-6,rand-30,1000,16,astral,true,0.0,0.0,
500K,1E-6,rand-30,1000,16,astral,raxml,0.0,0.0,
500K,1E-6,rand-30,1000,16,astrid,true,0.043478260869565216,0.043478260869565216,
500K,1E-6,rand-30,1000,16,astrid,raxml,0.0,0.0,
500K,1E-6,rand-30,1000,16,mpest,true,0.043478260869565216,0.043478260869565216,
500K,1E-6,rand-30,1000,16,mpest,raxml,0.0,0.0,
500K,1E-6,rand-30,1000,16,svdquartets,true,0.13043478260869565,0.13043478260869565,
500K,1E-6,rand-30,1000,16,astrid-ours,true,0.043478260869565216,0.043478260869565216,True
500K,1E-6,rand-30,1000,16,astrid-ours,raxml,0.0,0.0,True
500K,1E-6,rand-30,1000,17,astral,true,0.17391304347826086,0.17391304347826086,
500K,1E-6,rand-30,1000,17,astral,raxml,0.5217391304347826,0.5217391304347826,
500K,1E-6,rand-30,1000,17,astrid,true,0.21739130434782608,0.21739130434782608,
500K,1E-6,rand-30,1000,17,astrid,raxml,0.5217391304347826,0.5217391304347826,
500K,1E-6,rand-30,1000,17,mpest,true,0.21739130434782608,0.21739130434782608,
500K,1E-6,rand-30,1000,17,mpest,raxml,0.5217391304347826,0.5217391304347826,
500K,1E-6,rand-30,1000,17,svdquartets,true,0.43478260869565216,0.43478260869565216,
500K,1E-6,rand-30,1000,17,astrid-ours,true,0.21739130434782608,0.21739130434782608,True
500K,1E-6,rand-30,1000,17,astrid-ours,raxml,0.5217391304347826,0.5217391304347826,True
500K,1E-6,rand-30,1000,18,astral,true,0.08695652173913043,0.08695652173913043,
500K,1E-6,rand-30,1000,18,astral,raxml,0.17391304347826086,0.17391304347826086,
500K,1E-6,rand-30,1000,18,astrid,true,0.13043478260869565,0.13043478260869565,
500K,1E-6,rand-30,1000,18,astrid,raxml,0.17391304347826086,0.17391304347826086,
500K,1E-6,rand-30,1000,18,mpest,true,0.17391304347826086,0.17391304347826086,
500K,1E-6,rand-30,1000,18,mpest,raxml,0.17391304347826086,0.17391304347826086,
500K,1E-6,rand-30,1000,18,svdquartets,true,0.21739130434782608,0.21739130434782608,
500K,1E-6,rand-30,1000,18,astrid-ours,true,0.13043478260869565,0.13043478260869565,True
500K,1E-6,rand-30,1000,18,astrid-ours,raxml,0.17391304347826086,0.17391304347826086,True
500K,1E-6,rand-30,1000,19,astral,true,0.08695652173913043,0.08695652173913043,
500K,1E-6,rand-30,1000,19,astral,raxml,0.13043478260869565,0.13043478260869565,
500K,1E-6,rand-30,1000,19,astrid,true,0.13043478260869565,0.13043478260869565,
500K,1E-6,rand-30,1000,19,astrid,raxml,0.13043478260869565,0.13043478260869565,
500K,1E-6,rand-30,1000,19,mpest,true,0.17391304347826086,0.17391304347826086,
500K,1E-6,rand-30,1000,19,mpest,raxml,0.13043478260869565,0.13043478260869565,
500K,1E-6,rand-30,1000,19,svdquartets,true,0.30434782608695654,0.30434782608695654,
500K,1E-6,rand-30,1000,19,astrid-ours,true,0.13043478260869565,0.13043478260869565,True
500K,1E-6,rand-30,1000,19,astrid-ours,raxml,0.13043478260869565,0.13043478260869565,True
500K,1E-6,rand-30,1000,20,astral,true,0.17391304347826086,0.17391304347826086,
500K,1E-6,rand-30,1000,20,astral,raxml,0.2608695652173913,0.2608695652173913,
500K,1E-6,rand-30,1000,20,astrid,true,0.13043478260869565,0.13043478260869565,
500K,1E-6,rand-30,1000,20,astrid,raxml,0.2608695652173913,0.2608695652173913,
500K,1E-6,rand-30,1000,20,mpest,true,0.13043478260869565,0.13043478260869565,
500K,1E-6,rand-30,1000,20,mpest,raxml,0.34782608695652173,0.34782608695652173,
500K,1E-6,rand-30,1000,20,svdquartets,true,0.30434782608695654,0.30434782608695654,
500K,1E-6,rand-30,1000,20,astrid-ours,true,0.13043478260869565,0.13043478260869565,True
500K,1E-6,rand-30,1000,20,astrid-ours,raxml,0.17391304347826086,0.17391304347826086,False
500K,1E-6,rand-60,50,1,astral,true,0.6956521739130435,0.6956521739130435,
500K,1E-6,rand-60,50,1,astral,raxml,0.782608695652174,0.782608695652174,
500K,1E-6,rand-60,50,1,astrid,true,0.6521739130434783,0.6521739130434783,
500K,1E-6,rand-60,50,1,astrid,raxml,0.782608695652174,0.782608695652174,
500K,1E-6,rand-60,50,1,mpest,true,0.782608695652174,0.782608695652174,
500K,1E-6,rand-60,50,1,mpest,raxml,0.782608695652174,0.782608695652174,
500K,1E-6,rand-60,50,1,svdquartets,true,0.8260869565217391,0.782608695652174,
500K,1E-6,rand-60,50,1,astrid-ours,true,0.6521739130434783,0.6521739130434783,False
500K,1E-6,rand-60,50,1,astrid-ours,raxml,0.782608695652174,0.782608695652174,False
500K,1E-6,rand-60,50,2,astral,true,0.5217391304347826,0.5217391304347826,
500K,1E-6,rand-60,50,2,astral,raxml,0.6956521739130435,0.6956521739130435,
500K,1E-6,rand-60,50,2,astrid,true,0.5217391304347826,0.5217391304347826,
500K,1E-6,rand-60,50,2,astrid,raxml,0.5217391304347826,0.5217391304347826,
500K,1E-6,rand-60,50,2,mpest,true,0.6086956521739131,0.6086956521739131,
500K,1E-6,rand-60,50,2,mpest,raxml,0.6956521739130435,0.6956521739130435,
500K,1E-6,rand-60,50,2,svdquartets,true,0.7391304347826086,0.6956521739130435,
500K,1E-6,rand-60,50,2,astrid-ours,true,0.5217391304347826,0.5217391304347826,True
500K,1E-6,rand-60,50,2,astrid-ours,raxml,0.5217391304347826,0.5217391304347826,False
500K,1E-6,rand-60,50,3,astral,true,0.6086956521739131,0.6086956521739131,
500K,1E-6,rand-60,50,3,astral,raxml,0.6086956521739131,0.6086956521739131,
500K,1E-6,rand-60,50,3,astrid,true,0.7391304347826086,0.7391304347826086,
500K,1E-6,rand-60,50,3,astrid,raxml,0.6521739130434783,0.6521739130434783,
500K,1E-6,rand-60,50,3,mpest,true,0.6521739130434783,0.6521739130434783,
500K,1E-6,rand-60,50,3,mpest,raxml,0.7391304347826086,0.7391304347826086,
500K,1E-6,rand-60,50,3,svdquartets,true,0.8260869565217391,0.8260869565217391,
500K,1E-6,rand-60,50,3,astrid-ours,true,0.5652173913043478,0.5652173913043478,False
500K,1E-6,rand-60,50,3,astrid-ours,raxml,0.6086956521739131,0.6086956521739131,False
500K,1E-6,rand-60,50,4,astral,true,0.6086956521739131,0.6086956521739131,
500K,1E-6,rand-60,50,4,astral,raxml,0.9565217391304348,0.9565217391304348,
500K,1E-6,rand-60,50,4,astrid,true,0.5652173913043478,0.5652173913043478,
500K,1E-6,rand-60,50,4,astrid,raxml,1.0,1.0,
500K,1E-6,rand-60,50,4,mpest,true,0.4782608695652174,0.4782608695652174,
500K,1E-6,rand-60,50,4,mpest,raxml,0.9565217391304348,0.9565217391304348,
500K,1E-6,rand-60,50,4,astrid-ours,true,0.6521739130434783,0.6521739130434783,False
500K,1E-6,rand-60,50,4,astrid-ours,raxml,1.0,1.0,False
500K,1E-6,rand-60,50,5,astral,true,0.5217391304347826,0.5217391304347826,
500K,1E-6,rand-60,50,5,astral,raxml,0.6521739130434783,0.6521739130434783,
500K,1E-6,rand-60,50,5,astrid,true,0.6521739130434783,0.6521739130434783,
500K,1E-6,rand-60,50,5,astrid,raxml,0.782608695652174,0.782608695652174,
500K,1E-6,rand-60,50,5,mpest,true,0.6956521739130435,0.6956521739130435,
500K,1E-6,rand-60,50,5,mpest,raxml,0.7391304347826086,0.7391304347826086,
500K,1E-6,rand-60,50,5,svdquartets,true,0.782608695652174,0.782608695652174,
500K,1E-6,rand-60,50,5,astrid-ours,true,0.782608695652174,0.782608695652174,False
500K,1E-6,rand-60,50,5,astrid-ours,raxml,0.782608695652174,0.782608695652174,False
500K,1E-6,rand-60,50,6,astral,true,0.5217391304347826,0.5217391304347826,
500K,1E-6,rand-60,50,6,astral,raxml,0.6086956521739131,0.6086956521739131,
500K,1E-6,rand-60,50,6,astrid,true,0.4782608695652174,0.4782608695652174,
500K,1E-6,rand-60,50,6,astrid,raxml,0.5652173913043478,0.5652173913043478,
500K,1E-6,rand-60,50,6,mpest,true,0.5652173913043478,0.5652173913043478,
500K,1E-6,rand-60,50,6,mpest,raxml,0.7391304347826086,0.7391304347826086,
500K,1E-6,rand-60,50,6,svdquartets,true,0.6086956521739131,0.6086956521739131,
500K,1E-6,rand-60,50,6,astrid-ours,true,0.4782608695652174,0.4782608695652174,False
500K,1E-6,rand-60,50,6,astrid-ours,raxml,0.5652173913043478,0.5652173913043478,False
500K,1E-6,rand-60,50,7,astral,true,0.6521739130434783,0.6521739130434783,
500K,1E-6,rand-60,50,7,astral,raxml,0.8695652173913043,0.8695652173913043,
500K,1E-6,rand-60,50,7,astrid,true,0.6956521739130435,0.6956521739130435,
500K,1E-6,rand-60,50,7,astrid,raxml,0.8695652173913043,0.8695652173913043,
500K,1E-6,rand-60,50,7,mpest,true,0.6956521739130435,0.6956521739130435,
500K,1E-6,rand-60,50,7,mpest,raxml,0.9130434782608695,0.9130434782608695,
500K,1E-6,rand-60,50,7,svdquartets,true,1.0,0.6086956521739131,
500K,1E-6,rand-60,50,7,astrid-ours,true,0.7391304347826086,0.7391304347826086,False
500K,1E-6,rand-60,50,7,astrid-ours,raxml,0.9130434782608695,0.9130434782608695,False
500K,1E-6,rand-60,50,8,astral,true,0.5652173913043478,0.5652173913043478,
500K,1E-6,rand-60,50,8,astral,raxml,0.5217391304347826,0.5217391304347826,
500K,1E-6,rand-60,50,8,astrid,true,0.5652173913043478,0.5652173913043478,
500K,1E-6,rand-60,50,8,astrid,raxml,0.5217391304347826,0.5217391304347826,
500K,1E-6,rand-60,50,8,mpest,true,0.6521739130434783,0.6521739130434783,
500K,1E-6,rand-60,50,8,mpest,raxml,0.782608695652174,0.782608695652174,
500K,1E-6,rand-60,50,8,svdquartets,true,0.7391304347826086,0.7391304347826086,
500K,1E-6,rand-60,50,8,astrid-ours,true,0.5217391304347826,0.5217391304347826,False
500K,1E-6,rand-60,50,8,astrid-ours,raxml,0.5217391304347826,0.5217391304347826,False
500K,1E-6,rand-60,50,9,astral,true,0.5652173913043478,0.5652173913043478,
500K,1E-6,rand-60,50,9,astral,raxml,0.6956521739130435,0.6956521739130435,
500K,1E-6,rand-60,50,9,astrid,true,0.5217391304347826,0.5217391304347826,
500K,1E-6,rand-60,50,9,astrid,raxml,0.6956521739130435,0.6956521739130435,
500K,1E-6,rand-60,50,9,mpest,true,0.6521739130434783,0.6521739130434783,
500K,1E-6,rand-60,50,9,mpest,raxml,0.8260869565217391,0.8260869565217391,
500K,1E-6,rand-60,50,9,svdquartets,true,0.782608695652174,0.782608695652174,
500K,1E-6,rand-60,50,9,astrid-ours,true,0.4782608695652174,0.4782608695652174,False
500K,1E-6,rand-60,50,9,astrid-ours,raxml,0.5652173913043478,0.5652173913043478,False
500K,1E-6,rand-60,50,10,astral,true,0.6956521739130435,0.6956521739130435,
500K,1E-6,rand-60,50,10,astral,raxml,0.7391304347826086,0.7391304347826086,
500K,1E-6,rand-60,50,10,astrid,true,0.6521739130434783,0.6521739130434783,
500K,1E-6,rand-60,50,10,astrid,raxml,0.6521739130434783,0.6521739130434783,
500K,1E-6,rand-60,50,10,mpest,true,0.6521739130434783,0.6521739130434783,
500K,1E-6,rand-60,50,10,mpest,raxml,0.782608695652174,0.782608695652174,
500K,1E-6,rand-60,50,10,svdquartets,true,0.6956521739130435,0.6956521739130435,
500K,1E-6,rand-60,50,10,astrid-ours,true,0.6521739130434783,0.6521739130434783,False
500K,1E-6,rand-60,50,10,astrid-ours,raxml,0.6956521739130435,0.6956521739130435,False
500K,1E-6,rand-60,50,11,astral,true,0.7391304347826086,0.7391304347826086,
500K,1E-6,rand-60,50,11,astral,raxml,0.782608695652174,0.782608695652174,
500K,1E-6,rand-60,50,11,astrid,true,0.782608695652174,0.782608695652174,
500K,1E-6,rand-60,50,11,astrid,raxml,0.9130434782608695,0.9130434782608695,
500K,1E-6,rand-60,50,11,mpest,true,0.782608695652174,0.782608695652174,
500K,1E-6,rand-60,50,11,mpest,raxml,0.8260869565217391,0.8260869565217391,
500K,1E-6,rand-60,50,11,svdquartets,true,0.8260869565217391,0.782608695652174,
500K,1E-6,rand-60,50,11,astrid-ours,true,0.782608695652174,0.782608695652174,False
500K,1E-6,rand-60,50,11,astrid-ours,raxml,0.9130434782608695,0.9130434782608695,False
500K,1E-6,rand-60,50,12,astral,true,0.6086956521739131,0.6086956521739131,
500K,1E-6,rand-60,50,12,astral,raxml,0.6956521739130435,0.6956521739130435,
500K,1E-6,rand-60,50,12,astrid,true,0.6086956521739131,0.6086956521739131,
500K,1E-6,rand-60,50,12,astrid,raxml,0.6521739130434783,0.6521739130434783,
500K,1E-6,rand-60,50,12,mpest,true,0.8260869565217391,0.8260869565217391,
500K,1E-6,rand-60,50,12,mpest,raxml,0.782608695652174,0.782608695652174,
500K,1E-6,rand-60,50,12,svdquartets,true,0.8260869565217391,0.8260869565217391,
500K,1E-6,rand-60,50,12,astrid-ours,true,0.6956521739130435,0.6956521739130435,False
500K,1E-6,rand-60,50,12,astrid-ours,raxml,0.6086956521739131,0.6086956521739131,False
500K,1E-6,rand-60,50,13,astral,true,0.5652173913043478,0.5652173913043478,
500K,1E-6,rand-60,50,13,astral,raxml,0.6956521739130435,0.6956521739130435,
500K,1E-6,rand-60,50,13,astrid,true,0.6956521739130435,0.6956521739130435,
500K,1E-6,rand-60,50,13,astrid,raxml,0.6521739130434783,0.6521739130434783,
500K,1E-6,rand-60,50,13,mpest,true,0.6521739130434783,0.6521739130434783,
500K,1E-6,rand-60,50,13,mpest,raxml,0.7391304347826086,0.7391304347826086,
500K,1E-6,rand-60,50,13,svdquartets,true,0.6956521739130435,0.6956521739130435,
500K,1E-6,rand-60,50,13,astrid-ours,true,0.6956521739130435,0.6956521739130435,True
500K,1E-6,rand-60,50,13,astrid-ours,raxml,0.6521739130434783,0.6521739130434783,False
500K,1E-6,rand-60,50,14,astral,true,0.6086956521739131,0.6086956521739131,
500K,1E-6,rand-60,50,14,astral,raxml,0.6521739130434783,0.6521739130434783,
500K,1E-6,rand-60,50,14,astrid,true,0.4782608695652174,0.4782608695652174,
500K,1E-6,rand-60,50,14,astrid,raxml,0.6086956521739131,0.6086956521739131,
500K,1E-6,rand-60,50,14,mpest,true,0.5217391304347826,0.5217391304347826,
500K,1E-6,rand-60,50,14,mpest,raxml,0.5652173913043478,0.5652173913043478,
500K,1E-6,rand-60,50,14,svdquartets,true,0.7391304347826086,0.6956521739130435,
500K,1E-6,rand-60,50,14,astrid-ours,true,0.6086956521739131,0.6086956521739131,False
500K,1E-6,rand-60,50,14,astrid-ours,raxml,0.8260869565217391,0.8260869565217391,False
500K,1E-6,rand-60,50,15,astral,true,0.6956521739130435,0.6956521739130435,
500K,1E-6,rand-60,50,15,astral,raxml,0.7391304347826086,0.7391304347826086,
500K,1E-6,rand-60,50,15,astrid,true,0.7391304347826086,0.7391304347826086,
500K,1E-6,rand-60,50,15,astrid,raxml,0.7391304347826086,0.7391304347826086,
500K,1E-6,rand-60,50,15,mpest,true,0.7391304347826086,0.7391304347826086,
500K,1E-6,rand-60,50,15,mpest,raxml,0.782608695652174,0.782608695652174,
500K,1E-6,rand-60,50,15,svdquartets,true,0.782608695652174,0.782608695652174,
500K,1E-6,rand-60,50,15,astrid-ours,true,0.7391304347826086,0.7391304347826086,False
500K,1E-6,rand-60,50,15,astrid-ours,raxml,0.6956521739130435,0.6956521739130435,False
500K,1E-6,rand-60,50,16,astral,true,0.5652173913043478,0.5652173913043478,
500K,1E-6,rand-60,50,16,astral,raxml,0.7391304347826086,0.7391304347826086,
500K,1E-6,rand-60,50,16,astrid,true,0.4782608695652174,0.4782608695652174,
500K,1E-6,rand-60,50,16,astrid,raxml,0.5652173913043478,0.5652173913043478,
500K,1E-6,rand-60,50,16,mpest,true,0.6521739130434783,0.6521739130434783,
500K,1E-6,rand-60,50,16,mpest,raxml,0.782608695652174,0.782608695652174,
500K,1E-6,rand-60,50,16,svdquartets,true,0.7391304347826086,0.7391304347826086,
500K,1E-6,rand-60,50,16,astrid-ours,true,0.4782608695652174,0.4782608695652174,False
500K,1E-6,rand-60,50,16,astrid-ours,raxml,0.5652173913043478,0.5652173913043478,False
500K,1E-6,rand-60,50,17,astral,true,0.4782608695652174,0.4782608695652174,
500K,1E-6,rand-60,50,17,astral,raxml,0.8260869565217391,0.8260869565217391,
500K,1E-6,rand-60,50,17,astrid,true,0.5652173913043478,0.5652173913043478,
500K,1E-6,rand-60,50,17,astrid,raxml,0.8695652173913043,0.8695652173913043,
500K,1E-6,rand-60,50,17,mpest,true,0.6086956521739131,0.6086956521739131,
500K,1E-6,rand-60,50,17,mpest,raxml,0.8695652173913043,0.8695652173913043,
500K,1E-6,rand-60,50,17,svdquartets,true,0.9565217391304348,0.2608695652173913,
500K,1E-6,rand-60,50,17,astrid-ours,true,0.5652173913043478,0.5652173913043478,False
500K,1E-6,rand-60,50,17,astrid-ours,raxml,0.8695652173913043,0.8695652173913043,False
500K,1E-6,rand-60,50,18,astral,true,0.7391304347826086,0.7391304347826086,
500K,1E-6,rand-60,50,18,astral,raxml,0.782608695652174,0.782608695652174,
500K,1E-6,rand-60,50,18,astrid,true,0.7391304347826086,0.7391304347826086,
500K,1E-6,rand-60,50,18,astrid,raxml,0.7391304347826086,0.7391304347826086,
500K,1E-6,rand-60,50,18,mpest,true,0.782608695652174,0.782608695652174,
500K,1E-6,rand-60,50,18,mpest,raxml,0.8260869565217391,0.8260869565217391,
500K,1E-6,rand-60,50,18,svdquartets,true,0.7391304347826086,0.7391304347826086,
500K,1E-6,rand-60,50,18,astrid-ours,true,0.7391304347826086,0.7391304347826086,False
500K,1E-6,rand-60,50,18,astrid-ours,raxml,0.7391304347826086,0.7391304347826086,True
500K,1E-6,rand-60,50,19,astral,true,0.6086956521739131,0.6086956521739131,
500K,1E-6,rand-60,50,19,astral,raxml,0.6521739130434783,0.6521739130434783,
500K,1E-6,rand-60,50,19,astrid,true,0.782608695652174,0.782608695652174,
500K,1E-6,rand-60,50,19,astrid,raxml,0.782608695652174,0.782608695652174,
500K,1E-6,rand-60,50,19,mpest,true,0.6956521739130435,0.6956521739130435,
500K,1E-6,rand-60,50,19,mpest,raxml,0.7391304347826086,0.7391304347826086,
500K,1E-6,rand-60,50,19,svdquartets,true,0.782608695652174,0.782608695652174,
500K,1E-6,rand-60,50,19,astrid-ours,true,0.782608695652174,0.782608695652174,False
500K,1E-6,rand-60,50,19,astrid-ours,raxml,0.6956521739130435,0.6956521739130435,False
500K,1E-6,rand-60,50,20,astral,true,0.7391304347826086,0.7391304347826086,
500K,1E-6,rand-60,50,20,astral,raxml,0.7391304347826086,0.7391304347826086,
500K,1E-6,rand-60,50,20,astrid,true,0.7391304347826086,0.7391304347826086,
500K,1E-6,rand-60,50,20,astrid,raxml,0.6521739130434783,0.6521739130434783,
500K,1E-6,rand-60,50,20,mpest,true,0.6956521739130435,0.6956521739130435,
500K,1E-6,rand-60,50,20,mpest,raxml,0.6956521739130435,0.6956521739130435,
500K,1E-6,rand-60,50,20,svdquartets,true,0.7391304347826086,0.7391304347826086,
500K,1E-6,rand-60,50,20,astrid-ours,true,0.6956521739130435,0.6956521739130435,False
500K,1E-6,rand-60,50,20,astrid-ours,raxml,0.6521739130434783,0.6521739130434783,False
500K,1E-6,rand-60,200,1,astral,true,0.391304347826087,0.391304347826087,
500K,1E-6,rand-60,200,1,astral,raxml,0.7391304347826086,0.7391304347826086,
500K,1E-6,rand-60,200,1,astrid,true,0.4782608695652174,0.4782608695652174,
500K,1E-6,rand-60,200,1,astrid,raxml,0.6956521739130435,0.6956521739130435,
500K,1E-6,rand-60,200,1,mpest,true,0.6086956521739131,0.6086956521739131,
500K,1E-6,rand-60,200,1,mpest,raxml,0.6521739130434783,0.6521739130434783,
500K,1E-6,rand-60,200,1,svdquartets,true,0.6956521739130435,0.6956521739130435,
500K,1E-6,rand-60,200,1,astrid-ours,true,0.4782608695652174,0.4782608695652174,False
500K,1E-6,rand-60,200,1,astrid-ours,raxml,0.7391304347826086,0.7391304347826086,False
500K,1E-6,rand-60,200,2,astral,true,0.21739130434782608,0.21739130434782608,
500K,1E-6,rand-60,200,2,astral,raxml,0.43478260869565216,0.43478260869565216,
500K,1E-6,rand-60,200,2,astrid,true,0.17391304347826086,0.17391304347826086,
500K,1E-6,rand-60,200,2,astrid,raxml,0.2608695652173913,0.2608695652173913,
500K,1E-6,rand-60,200,2,mpest,true,0.2608695652173913,0.2608695652173913,
500K,1E-6,rand-60,200,2,mpest,raxml,0.30434782608695654,0.30434782608695654,
500K,1E-6,rand-60,200,2,svdquartets,true,0.34782608695652173,0.34782608695652173,
500K,1E-6,rand-60,200,2,astrid-ours,true,0.17391304347826086,0.17391304347826086,True
500K,1E-6,rand-60,200,2,astrid-ours,raxml,0.2608695652173913,0.2608695652173913,True
500K,1E-6,rand-60,200,3,astral,true,0.391304347826087,0.391304347826087,
500K,1E-6,rand-60,200,3,astral,raxml,0.4782608695652174,0.4782608695652174,
500K,1E-6,rand-60,200,3,astrid,true,0.4782608695652174,0.4782608695652174,
500K,1E-6,rand-60,200,3,astrid,raxml,0.43478260869565216,0.43478260869565216,
500K,1E-6,rand-60,200,3,mpest,true,0.5652173913043478,0.5652173913043478,
500K,1E-6,rand-60,200,3,mpest,raxml,0.5652173913043478,0.5652173913043478,
500K,1E-6,rand-60,200,3,svdquartets,true,0.6086956521739131,0.6086956521739131,
500K,1E-6,rand-60,200,3,astrid-ours,true,0.4782608695652174,0.4782608695652174,True
500K,1E-6,rand-60,200,3,astrid-ours,raxml,0.5217391304347826,0.5217391304347826,False
500K,1E-6,rand-60,200,4,astral,true,0.391304347826087,0.391304347826087,
500K,1E-6,rand-60,200,4,astral,raxml,0.9130434782608695,0.9130434782608695,
500K,1E-6,rand-60,200,4,astrid,true,0.43478260869565216,0.43478260869565216,
500K,1E-6,rand-60,200,4,astrid,raxml,0.8695652173913043,0.8695652173913043,
500K,1E-6,rand-60,200,4,mpest,true,0.30434782608695654,0.30434782608695654,
500K,1E-6,rand-60,200,4,mpest,raxml,0.9130434782608695,0.9130434782608695,
500K,1E-6,rand-60,200,4,svdquartets,true,0.9565217391304348,0.17391304347826086,
500K,1E-6,rand-60,200,4,astrid-ours,true,0.43478260869565216,0.43478260869565216,True
500K,1E-6,rand-60,200,4,astrid-ours,raxml,0.8695652173913043,0.8695652173913043,False
500K,1E-6,rand-60,200,5,astral,true,0.2608695652173913,0.2608695652173913,
500K,1E-6,rand-60,200,5,astral,raxml,0.2608695652173913,0.2608695652173913,
500K,1E-6,rand-60,200,5,astrid,true,0.17391304347826086,0.17391304347826086,
500K,1E-6,rand-60,200,5,astrid,raxml,0.2608695652173913,0.2608695652173913,
500K,1E-6,rand-60,200,5,mpest,true,0.2608695652173913,0.2608695652173913,
500K,1E-6,rand-60,200,5,mpest,raxml,0.4782608695652174,0.4782608695652174,
500K,1E-6,rand-60,200,5,svdquartets,true,0.5652173913043478,0.5652173913043478,
500K,1E-6,rand-60,200,5,astrid-ours,true,0.17391304347826086,0.17391304347826086,True
500K,1E-6,rand-60,200,5,astrid-ours,raxml,0.30434782608695654,0.30434782608695654,False
500K,1E-6,rand-60,200,6,astral,true,0.21739130434782608,0.21739130434782608,
500K,1E-6,rand-60,200,6,astral,raxml,0.34782608695652173,0.34782608695652173,
500K,1E-6,rand-60,200,6,astrid,true,0.21739130434782608,0.21739130434782608,
500K,1E-6,rand-60,200,6,astrid,raxml,0.34782608695652173,0.34782608695652173,
500K,1E-6,rand-60,200,6,mpest,true,0.391304347826087,0.391304347826087,
500K,1E-6,rand-60,200,6,mpest,raxml,0.43478260869565216,0.43478260869565216,
500K,1E-6,rand-60,200,6,svdquartets,true,0.391304347826087,0.391304347826087,
500K,1E-6,rand-60,200,6,astrid-ours,true,0.21739130434782608,0.21739130434782608,True
500K,1E-6,rand-60,200,6,astrid-ours,raxml,0.34782608695652173,0.34782608695652173,True
500K,1E-6,rand-60,200,7,astral,true,0.391304347826087,0.391304347826087,
500K,1E-6,rand-60,200,7,astral,raxml,0.5217391304347826,0.5217391304347826,
500K,1E-6,rand-60,200,7,astrid,true,0.391304347826087,0.391304347826087,
500K,1E-6,rand-60,200,7,astrid,raxml,0.6956521739130435,0.6956521739130435,
500K,1E-6,rand-60,200,7,mpest,true,0.4782608695652174,0.4782608695652174,
500K,1E-6,rand-60,200,7,mpest,raxml,0.6521739130434783,0.6521739130434783,
500K,1E-6,rand-60,200,7,svdquartets,true,0.6086956521739131,0.6086956521739131,
500K,1E-6,rand-60,200,7,astrid-ours,true,0.391304347826087,0.391304347826087,True
500K,1E-6,rand-60,200,7,astrid-ours,raxml,0.6521739130434783,0.6521739130434783,False
500K,1E-6,rand-60,200,8,astral,true,0.391304347826087,0.391304347826087,
500K,1E-6,rand-60,200,8,astral,raxml,0.4782608695652174,0.4782608695652174,
500K,1E-6,rand-60,200,8,astrid,true,0.391304347826087,0.391304347826087,
500K,1E-6,rand-60,200,8,astrid,raxml,0.391304347826087,0.391304347826087,
500K,1E-6,rand-60,200,8,mpest,true,0.5652173913043478,0.5652173913043478,
500K,1E-6,rand-60,200,8,mpest,raxml,0.6086956521739131,0.6086956521739131,
500K,1E-6,rand-60,200,8,svdquartets,true,0.5652173913043478,0.5652173913043478,
500K,1E-6,rand-60,200,8,astrid-ours,true,0.391304347826087,0.391304347826087,True
500K,1E-6,rand-60,200,8,astrid-ours,raxml,0.34782608695652173,0.34782608695652173,False
500K,1E-6,rand-60,200,9,astral,true,0.2608695652173913,0.2608695652173913,
500K,1E-6,rand-60,200,9,astral,raxml,0.2608695652173913,0.2608695652173913,
500K,1E-6,rand-60,200,9,astrid,true,0.17391304347826086,0.17391304347826086,
500K,1E-6,rand-60,200,9,astrid,raxml,0.13043478260869565,0.13043478260869565,
500K,1E-6,rand-60,200,9,mpest,true,0.30434782608695654,0.30434782608695654,
500K,1E-6,rand-60,200,9,mpest,raxml,0.43478260869565216,0.43478260869565216,
500K,1E-6,rand-60,200,9,svdquartets,true,0.5217391304347826,0.5217391304347826,
500K,1E-6,rand-60,200,9,astrid-ours,true,0.17391304347826086,0.17391304347826086,True
500K,1E-6,rand-60,200,9,astrid-ours,raxml,0.21739130434782608,0.21739130434782608,False
500K,1E-6,rand-60,200,10,astral,true,0.4782608695652174,0.4782608695652174,
500K,1E-6,rand-60,200,10,astral,raxml,0.5217391304347826,0.5217391304347826,
500K,1E-6,rand-60,200,10,astrid,true,0.5652173913043478,0.5652173913043478,
500K,1E-6,rand-60,200,10,astrid,raxml,0.5217391304347826,0.5217391304347826,
500K,1E-6,rand-60,200,10,mpest,true,0.5652173913043478,0.5652173913043478,
500K,1E-6,rand-60,200,10,mpest,raxml,0.5217391304347826,0.5217391304347826,
500K,1E-6,rand-60,200,10,svdquartets,true,0.6956521739130435,0.6956521739130435,
500K,1E-6,rand-60,200,10,astrid-ours,true,0.43478260869565216,0.43478260869565216,False
500K,1E-6,rand-60,200,10,astrid-ours,raxml,0.4782608695652174,0.4782608695652174,False
500K,1E-6,rand-60,200,11,astral,true,0.391304347826087,0.391304347826087,
500K,1E-6,rand-60,200,11,astral,raxml,0.6086956521739131,0.6086956521739131,
500K,1E-6,rand-60,200,11,astrid,true,0.391304347826087,0.391304347826087,
500K,1E-6,rand-60,200,11,astrid,raxml,0.6956521739130435,0.6956521739130435,
500K,1E-6,rand-60,200,11,mpest,true,0.5217391304347826,0.5217391304347826,
500K,1E-6,rand-60,200,11,mpest,raxml,0.6086956521739131,0.6086956521739131,
500K,1E-6,rand-60,200,11,svdquartets,true,0.6086956521739131,0.6086956521739131,
500K,1E-6,rand-60,200,11,astrid-ours,true,0.4782608695652174,0.4782608695652174,False
500K,1E-6,rand-60,200,11,astrid-ours,raxml,0.4782608695652174,0.4782608695652174,False
500K,1E-6,rand-60,200,12,astral,true,0.43478260869565216,0.43478260869565216,
500K,1E-6,rand-60,200,12,astral,raxml,0.43478260869565216,0.43478260869565216,
500K,1E-6,rand-60,200,12,astrid,true,0.34782608695652173,0.34782608695652173,
500K,1E-6,rand-60,200,12,astrid,raxml,0.391304347826087,0.391304347826087,
500K,1E-6,rand-60,200,12,mpest,true,0.5652173913043478,0.5652173913043478,
500K,1E-6,rand-60,200,12,mpest,raxml,0.5652173913043478,0.5652173913043478,
500K,1E-6,rand-60,200,12,svdquartets,true,0.5652173913043478,0.5652173913043478,
500K,1E-6,rand-60,200,12,astrid-ours,true,0.34782608695652173,0.34782608695652173,True
500K,1E-6,rand-60,200,12,astrid-ours,raxml,0.4782608695652174,0.4782608695652174,False
500K,1E-6,rand-60,200,13,astral,true,0.2608695652173913,0.2608695652173913,
500K,1E-6,rand-60,200,13,astral,raxml,0.391304347826087,0.391304347826087,
500K,1E-6,rand-60,200,13,astrid,true,0.43478260869565216,0.43478260869565216,
500K,1E-6,rand-60,200,13,astrid,raxml,0.30434782608695654,0.30434782608695654,
500K,1E-6,rand-60,200,13,mpest,true,0.34782608695652173,0.34782608695652173,
500K,1E-6,rand-60,200,13,mpest,raxml,0.43478260869565216,0.43478260869565216,
500K,1E-6,rand-60,200,13,svdquartets,true,0.6086956521739131,0.6086956521739131,
500K,1E-6,rand-60,200,13,astrid-ours,true,0.4782608695652174,0.4782608695652174,False
500K,1E-6,rand-60,200,13,astrid-ours,raxml,0.5217391304347826,0.5217391304347826,False
500K,1E-6,rand-60,200,14,astral,true,0.34782608695652173,0.34782608695652173,
500K,1E-6,rand-60,200,14,astral,raxml,0.4782608695652174,0.4782608695652174,
500K,1E-6,rand-60,200,14,astrid,true,0.391304347826087,0.391304347826087,
500K,1E-6,rand-60,200,14,astrid,raxml,0.4782608695652174,0.4782608695652174,
500K,1E-6,rand-60,200,14,mpest,true,0.43478260869565216,0.43478260869565216,
500K,1E-6,rand-60,200,14,mpest,raxml,0.5217391304347826,0.5217391304347826,
500K,1E-6,rand-60,200,14,svdquartets,true,0.4782608695652174,0.4782608695652174,
500K,1E-6,rand-60,200,14,astrid-ours,true,0.391304347826087,0.391304347826087,True
500K,1E-6,rand-60,200,14,astrid-ours,raxml,0.5217391304347826,0.5217391304347826,False
500K,1E-6,rand-60,200,15,astral,true,0.43478260869565216,0.43478260869565216,
500K,1E-6,rand-60,200,15,astral,raxml,0.5652173913043478,0.5652173913043478,
500K,1E-6,rand-60,200,15,astrid,true,0.43478260869565216,0.43478260869565216,
500K,1E-6,rand-60,200,15,astrid,raxml,0.43478260869565216,0.43478260869565216,
500K,1E-6,rand-60,200,15,mpest,true,0.5652173913043478,0.5652173913043478,
500K,1E-6,rand-60,200,15,mpest,raxml,0.5652173913043478,0.5652173913043478,
500K,1E-6,rand-60,200,15,svdquartets,true,0.4782608695652174,0.4782608695652174,
500K,1E-6,rand-60,200,15,astrid-ours,true,0.43478260869565216,0.43478260869565216,False
500K,1E-6,rand-60,200,15,astrid-ours,raxml,0.4782608695652174,0.4782608695652174,False
500K,1E-6,rand-60,200,16,astral,true,0.13043478260869565,0.13043478260869565,
500K,1E-6,rand-60,200,16,astral,raxml,0.391304347826087,0.391304347826087,
500K,1E-6,rand-60,200,16,astrid,true,0.21739130434782608,0.21739130434782608,
500K,1E-6,rand-60,200,16,astrid,raxml,0.30434782608695654,0.30434782608695654,
500K,1E-6,rand-60,200,16,mpest,true,0.43478260869565216,0.43478260869565216,
500K,1E-6,rand-60,200,16,mpest,raxml,0.391304347826087,0.391304347826087,
500K,1E-6,rand-60,200,16,svdquartets,true,0.391304347826087,0.391304347826087,
500K,1E-6,rand-60,200,16,astrid-ours,true,0.17391304347826086,0.17391304347826086,False
500K,1E-6,rand-60,200,16,astrid-ours,raxml,0.30434782608695654,0.30434782608695654,False
500K,1E-6,rand-60,200,17,astral,true,0.30434782608695654,0.30434782608695654,
500K,1E-6,rand-60,200,17,astral,raxml,0.8260869565217391,0.8260869565217391,
500K,1E-6,rand-60,200,17,astrid,true,0.43478260869565216,0.43478260869565216,
500K,1E-6,rand-60,200,17,astrid,raxml,0.7391304347826086,0.7391304347826086,
500K,1E-6,rand-60,200,17,mpest,true,0.4782608695652174,0.4782608695652174,
500K,1E-6,rand-60,200,17,mpest,raxml,0.6956521739130435,0.6956521739130435,
500K,1E-6,rand-60,200,17,svdquartets,true,0.8260869565217391,0.782608695652174,
500K,1E-6,rand-60,200,17,astrid-ours,true,0.34782608695652173,0.34782608695652173,False
500K,1E-6,rand-60,200,17,astrid-ours,raxml,0.7391304347826086,0.7391304347826086,False
500K,1E-6,rand-60,200,18,astral,true,0.30434782608695654,0.30434782608695654,
500K,1E-6,rand-60,200,18,astral,raxml,0.2608695652173913,0.2608695652173913,
500K,1E-6,rand-60,200,18,astrid,true,0.30434782608695654,0.30434782608695654,
500K,1E-6,rand-60,200,18,astrid,raxml,0.30434782608695654,0.30434782608695654,
500K,1E-6,rand-60,200,18,mpest,true,0.34782608695652173,0.34782608695652173,
500K,1E-6,rand-60,200,18,mpest,raxml,0.5652173913043478,0.5652173913043478,
500K,1E-6,rand-60,200,18,svdquartets,true,0.391304347826087,0.391304347826087,
500K,1E-6,rand-60,200,18,astrid-ours,true,0.2608695652173913,0.2608695652173913,False
500K,1E-6,rand-60,200,18,astrid-ours,raxml,0.30434782608695654,0.30434782608695654,False
500K,1E-6,rand-60,200,19,astral,true,0.4782608695652174,0.4782608695652174,
500K,1E-6,rand-60,200,19,astral,raxml,0.5217391304347826,0.5217391304347826,
500K,1E-6,rand-60,200,19,astrid,true,0.43478260869565216,0.43478260869565216,
500K,1E-6,rand-60,200,19,astrid,raxml,0.43478260869565216,0.43478260869565216,
500K,1E-6,rand-60,200,19,mpest,true,0.43478260869565216,0.43478260869565216,
500K,1E-6,rand-60,200,19,mpest,raxml,0.5652173913043478,0.5652173913043478,
500K,1E-6,rand-60,200,19,svdquartets,true,0.6086956521739131,0.6086956521739131,
500K,1E-6,rand-60,200,19,astrid-ours,true,0.391304347826087,0.391304347826087,False
500K,1E-6,rand-60,200,19,astrid-ours,raxml,0.43478260869565216,0.43478260869565216,True
500K,1E-6,rand-60,200,20,astral,true,0.5652173913043478,0.5652173913043478,
500K,1E-6,rand-60,200,20,astral,raxml,0.6521739130434783,0.6521739130434783,
500K,1E-6,rand-60,200,20,astrid,true,0.5217391304347826,0.5217391304347826,
500K,1E-6,rand-60,200,20,astrid,raxml,0.5652173913043478,0.5652173913043478,
500K,1E-6,rand-60,200,20,mpest,true,0.5217391304347826,0.5217391304347826,
500K,1E-6,rand-60,200,20,mpest,raxml,0.5652173913043478,0.5652173913043478,
500K,1E-6,rand-60,200,20,svdquartets,true,0.6086956521739131,0.6086956521739131,
500K,1E-6,rand-60,200,20,astrid-ours,true,0.5217391304347826,0.5217391304347826,False
500K,1E-6,rand-60,200,20,astrid-ours,raxml,0.5652173913043478,0.5652173913043478,False
500K,1E-6,rand-60,1000,1,astral,true,0.17391304347826086,0.17391304347826086,
500K,1E-6,rand-60,1000,1,astral,raxml,0.2608695652173913,0.2608695652173913,
500K,1E-6,rand-60,1000,1,astrid,true,0.17391304347826086,0.17391304347826086,
500K,1E-6,rand-60,1000,1,astrid,raxml,0.391304347826087,0.391304347826087,
500K,1E-6,rand-60,1000,1,mpest,true,0.21739130434782608,0.21739130434782608,
500K,1E-6,rand-60,1000,1,mpest,raxml,0.30434782608695654,0.30434782608695654,
500K,1E-6,rand-60,1000,1,svdquartets,true,0.34782608695652173,0.34782608695652173,
500K,1E-6,rand-60,1000,1,astrid-ours,true,0.21739130434782608,0.21739130434782608,False
500K,1E-6,rand-60,1000,1,astrid-ours,raxml,0.30434782608695654,0.30434782608695654,False
500K,1E-6,rand-60,1000,2,astral,true,0.08695652173913043,0.08695652173913043,
500K,1E-6,rand-60,1000,2,astral,raxml,0.08695652173913043,0.08695652173913043,
500K,1E-6,rand-60,1000,2,astrid,true,0.17391304347826086,0.17391304347826086,
500K,1E-6,rand-60,1000,2,astrid,raxml,0.13043478260869565,0.13043478260869565,
500K,1E-6,rand-60,1000,2,mpest,true,0.08695652173913043,0.08695652173913043,
500K,1E-6,rand-60,1000,2,mpest,raxml,0.21739130434782608,0.21739130434782608,
500K,1E-6,rand-60,1000,2,svdquartets,true,0.2608695652173913,0.2608695652173913,
500K,1E-6,rand-60,1000,2,astrid-ours,true,0.17391304347826086,0.17391304347826086,True
500K,1E-6,rand-60,1000,2,astrid-ours,raxml,0.13043478260869565,0.13043478260869565,True
500K,1E-6,rand-60,1000,3,astral,true,0.21739130434782608,0.21739130434782608,
500K,1E-6,rand-60,1000,3,astral,raxml,0.2608695652173913,0.2608695652173913,
500K,1E-6,rand-60,1000,3,astrid,true,0.30434782608695654,0.30434782608695654,
500K,1E-6,rand-60,1000,3,astrid,raxml,0.34782608695652173,0.34782608695652173,
500K,1E-6,rand-60,1000,3,mpest,true,0.34782608695652173,0.34782608695652173,
500K,1E-6,rand-60,1000,3,mpest,raxml,0.4782608695652174,0.4782608695652174,
500K,1E-6,rand-60,1000,3,svdquartets,true,0.391304347826087,0.391304347826087,
500K,1E-6,rand-60,1000,3,astrid-ours,true,0.30434782608695654,0.30434782608695654,True
500K,1E-6,rand-60,1000,3,astrid-ours,raxml,0.34782608695652173,0.34782608695652173,True
500K,1E-6,rand-60,1000,4,astral,true,0.17391304347826086,0.17391304347826086,
500K,1E-6,rand-60,1000,4,astral,raxml,0.6956521739130435,0.6956521739130435,
500K,1E-6,rand-60,1000,4,astrid,true,0.21739130434782608,0.21739130434782608,
500K,1E-6,rand-60,1000,4,astrid,raxml,0.6521739130434783,0.6521739130434783,
500K,1E-6,rand-60,1000,4,mpest,true,0.17391304347826086,0.17391304347826086,
500K,1E-6,rand-60,1000,4,mpest,raxml,0.6956521739130435,0.6956521739130435,
500K,1E-6,rand-60,1000,4,svdquartets,true,0.6956521739130435,0.6956521739130435,
500K,1E-6,rand-60,1000,4,astrid-ours,true,0.21739130434782608,0.21739130434782608,False
500K,1E-6,rand-60,1000,4,astrid-ours,raxml,0.6956521739130435,0.6956521739130435,False
500K,1E-6,rand-60,1000,5,astral,true,0.17391304347826086,0.17391304347826086,
500K,1E-6,rand-60,1000,5,astral,raxml,0.17391304347826086,0.17391304347826086,
500K,1E-6,rand-60,1000,5,astrid,true,0.17391304347826086,0.17391304347826086,
500K,1E-6,rand-60,1000,5,astrid,raxml,0.21739130434782608,0.21739130434782608,
500K,1E-6,rand-60,1000,5,mpest,true,0.08695652173913043,0.08695652173913043,
500K,1E-6,rand-60,1000,5,mpest,raxml,0.5217391304347826,0.5217391304347826,
500K,1E-6,rand-60,1000,5,svdquartets,true,0.391304347826087,0.391304347826087,
500K,1E-6,rand-60,1000,5,astrid-ours,true,0.17391304347826086,0.17391304347826086,True
500K,1E-6,rand-60,1000,5,astrid-ours,raxml,0.21739130434782608,0.21739130434782608,False
500K,1E-6,rand-60,1000,6,astral,true,0.0,0.0,
500K,1E-6,rand-60,1000,6,astral,raxml,0.0,0.0,
500K,1E-6,rand-60,1000,6,astrid,true,0.13043478260869565,0.13043478260869565,
500K,1E-6,rand-60,1000,6,astrid,raxml,0.21739130434782608,0.21739130434782608,
500K,1E-6,rand-60,1000,6,mpest,true,0.043478260869565216,0.043478260869565216,
500K,1E-6,rand-60,1000,6,mpest,raxml,0.08695652173913043,0.08695652173913043,
500K,1E-6,rand-60,1000,6,svdquartets,true,0.2608695652173913,0.2608695652173913,
500K,1E-6,rand-60,1000,6,astrid-ours,true,0.13043478260869565,0.13043478260869565,True
500K,1E-6,rand-60,1000,6,astrid-ours,raxml,0.21739130434782608,0.21739130434782608,True
500K,1E-6,rand-60,1000,7,astral,true,0.30434782608695654,0.30434782608695654,
500K,1E-6,rand-60,1000,7,astral,raxml,0.4782608695652174,0.4782608695652174,
500K,1E-6,rand-60,1000,7,astrid,true,0.21739130434782608,0.21739130434782608,
500K,1E-6,rand-60,1000,7,astrid,raxml,0.43478260869565216,0.43478260869565216,
500K,1E-6,rand-60,1000,7,mpest,true,0.17391304347826086,0.17391304347826086,
500K,1E-6,rand-60,1000,7,mpest,raxml,0.391304347826087,0.391304347826087,
500K,1E-6,rand-60,1000,7,svdquartets,true,0.391304347826087,0.391304347826087,
500K,1E-6,rand-60,1000,7,astrid-ours,true,0.34782608695652173,0.34782608695652173,False
500K,1E-6,rand-60,1000,7,astrid-ours,raxml,0.34782608695652173,0.34782608695652173,False
500K,1E-6,rand-60,1000,8,astral,true,0.08695652173913043,0.08695652173913043,
500K,1E-6,rand-60,1000,8,astral,raxml,0.21739130434782608,0.21739130434782608,
500K,1E-6,rand-60,1000,8,astrid,true,0.13043478260869565,0.13043478260869565,
500K,1E-6,rand-60,1000,8,astrid,raxml,0.21739130434782608,0.21739130434782608,
500K,1E-6,rand-60,1000,8,mpest,true,0.08695652173913043,0.08695652173913043,
500K,1E-6,rand-60,1000,8,mpest,raxml,0.17391304347826086,0.17391304347826086,
500K,1E-6,rand-60,1000,8,svdquartets,true,0.391304347826087,0.391304347826087,
500K,1E-6,rand-60,1000,8,astrid-ours,true,0.13043478260869565,0.13043478260869565,True
500K,1E-6,rand-60,1000,8,astrid-ours,raxml,0.21739130434782608,0.21739130434782608,True
500K,1E-6,rand-60,1000,9,astral,true,0.043478260869565216,0.043478260869565216,
500K,1E-6,rand-60,1000,9,astral,raxml,0.043478260869565216,0.043478260869565216,
500K,1E-6,rand-60,1000,9,astrid,true,0.043478260869565216,0.043478260869565216,
500K,1E-6,rand-60,1000,9,astrid,raxml,0.043478260869565216,0.043478260869565216,
500K,1E-6,rand-60,1000,9,mpest,true,0.043478260869565216,0.043478260869565216,
500K,1E-6,rand-60,1000,9,mpest,raxml,0.043478260869565216,0.043478260869565216,
500K,1E-6,rand-60,1000,9,svdquartets,true,0.13043478260869565,0.13043478260869565,
500K,1E-6,rand-60,1000,9,astrid-ours,true,0.13043478260869565,0.13043478260869565,False
500K,1E-6,rand-60,1000,9,astrid-ours,raxml,0.043478260869565216,0.043478260869565216,True
500K,1E-6,rand-60,1000,10,astral,true,0.2608695652173913,0.2608695652173913,
500K,1E-6,rand-60,1000,10,astral,raxml,0.391304347826087,0.391304347826087,
500K,1E-6,rand-60,1000,10,astrid,true,0.2608695652173913,0.2608695652173913,
500K,1E-6,rand-60,1000,10,astrid,raxml,0.391304347826087,0.391304347826087,
500K,1E-6,rand-60,1000,10,mpest,true,0.34782608695652173,0.34782608695652173,
500K,1E-6,rand-60,1000,10,mpest,raxml,0.43478260869565216,0.43478260869565216,
500K,1E-6,rand-60,1000,10,svdquartets,true,0.391304347826087,0.391304347826087,
500K,1E-6,rand-60,1000,10,astrid-ours,true,0.30434782608695654,0.30434782608695654,False
500K,1E-6,rand-60,1000,10,astrid-ours,raxml,0.391304347826087,0.391304347826087,True
500K,1E-6,rand-60,1000,11,astral,true,0.13043478260869565,0.13043478260869565,
500K,1E-6,rand-60,1000,11,astral,raxml,0.043478260869565216,0.043478260869565216,
500K,1E-6,rand-60,1000,11,astrid,true,0.043478260869565216,0.043478260869565216,
500K,1E-6,rand-60,1000,11,astrid,raxml,0.08695652173913043,0.08695652173913043,
500K,1E-6,rand-60,1000,11,mpest,true,0.08695652173913043,0.08695652173913043,
500K,1E-6,rand-60,1000,11,mpest,raxml,0.30434782608695654,0.30434782608695654,
500K,1E-6,rand-60,1000,11,svdquartets,true,0.21739130434782608,0.21739130434782608,
500K,1E-6,rand-60,1000,11,astrid-ours,true,0.043478260869565216,0.043478260869565216,True
500K,1E-6,rand-60,1000,11,astrid-ours,raxml,0.08695652173913043,0.08695652173913043,True
500K,1E-6,rand-60,1000,12,astral,true,0.17391304347826086,0.17391304347826086,
500K,1E-6,rand-60,1000,12,astral,raxml,0.34782608695652173,0.34782608695652173,
500K,1E-6,rand-60,1000,12,astrid,true,0.2608695652173913,0.2608695652173913,
500K,1E-6,rand-60,1000,12,astrid,raxml,0.34782608695652173,0.34782608695652173,
500K,1E-6,rand-60,1000,12,mpest,true,0.21739130434782608,0.21739130434782608,
500K,1E-6,rand-60,1000,12,mpest,raxml,0.2608695652173913,0.2608695652173913,
500K,1E-6,rand-60,1000,12,svdquartets,true,0.391304347826087,0.391304347826087,
500K,1E-6,rand-60,1000,12,astrid-ours,true,0.2608695652173913,0.2608695652173913,False
500K,1E-6,rand-60,1000,12,astrid-ours,raxml,0.34782608695652173,0.34782608695652173,True
500K,1E-6,rand-60,1000,13,astral,true,0.17391304347826086,0.17391304347826086,
500K,1E-6,rand-60,1000,13,astral,raxml,0.17391304347826086,0.17391304347826086,
500K,1E-6,rand-60,1000,13,astrid,true,0.2608695652173913,0.2608695652173913,
500K,1E-6,rand-60,1000,13,astrid,raxml,0.13043478260869565,0.13043478260869565,
500K,1E-6,rand-60,1000,13,mpest,true,0.13043478260869565,0.13043478260869565,
500K,1E-6,rand-60,1000,13,mpest,raxml,0.391304347826087,0.391304347826087,
500K,1E-6,rand-60,1000,13,svdquartets,true,0.43478260869565216,0.43478260869565216,
500K,1E-6,rand-60,1000,13,astrid-ours,true,0.08695652173913043,0.08695652173913043,False
500K,1E-6,rand-60,1000,13,astrid-ours,raxml,0.13043478260869565,0.13043478260869565,True
500K,1E-6,rand-60,1000,14,astral,true,0.34782608695652173,0.34782608695652173,
500K,1E-6,rand-60,1000,14,astral,raxml,0.13043478260869565,0.13043478260869565,
500K,1E-6,rand-60,1000,14,astrid,true,0.2608695652173913,0.2608695652173913,
500K,1E-6,rand-60,1000,14,astrid,raxml,0.30434782608695654,0.30434782608695654,
500K,1E-6,rand-60,1000,14,mpest,true,0.2608695652173913,0.2608695652173913,
500K,1E-6,rand-60,1000,14,mpest,raxml,0.30434782608695654,0.30434782608695654,
500K,1E-6,rand-60,1000,14,svdquartets,true,0.4782608695652174,0.4782608695652174,
500K,1E-6,rand-60,1000,14,astrid-ours,true,0.391304347826087,0.391304347826087,False
500K,1E-6,rand-60,1000,14,astrid-ours,raxml,0.30434782608695654,0.30434782608695654,True
500K,1E-6,rand-60,1000,15,astral,true,0.13043478260869565,0.13043478260869565,
500K,1E-6,rand-60,1000,15,astral,raxml,0.17391304347826086,0.17391304347826086,
500K,1E-6,rand-60,1000,15,astrid,true,0.17391304347826086,0.17391304347826086,
500K,1E-6,rand-60,1000,15,astrid,raxml,0.043478260869565216,0.043478260869565216,
500K,1E-6,rand-60,1000,15,mpest,true,0.043478260869565216,0.043478260869565216,
500K,1E-6,rand-60,1000,15,mpest,raxml,0.08695652173913043,0.08695652173913043,
500K,1E-6,rand-60,1000,15,svdquartets,true,0.2608695652173913,0.2608695652173913,
500K,1E-6,rand-60,1000,15,astrid-ours,true,0.13043478260869565,0.13043478260869565,False
500K,1E-6,rand-60,1000,15,astrid-ours,raxml,0.043478260869565216,0.043478260869565216,True
500K,1E-6,rand-60,1000,16,astral,true,0.043478260869565216,0.043478260869565216,
500K,1E-6,rand-60,1000,16,astral,raxml,0.2608695652173913,0.2608695652173913,
500K,1E-6,rand-60,1000,16,astrid,true,0.043478260869565216,0.043478260869565216,
500K,1E-6,rand-60,1000,16,astrid,raxml,0.08695652173913043,0.08695652173913043,
500K,1E-6,rand-60,1000,16,mpest,true,0.17391304347826086,0.17391304347826086,
500K,1E-6,rand-60,1000,16,mpest,raxml,0.17391304347826086,0.17391304347826086,
500K,1E-6,rand-60,1000,16,svdquartets,true,0.2608695652173913,0.2608695652173913,
500K,1E-6,rand-60,1000,16,astrid-ours,true,0.043478260869565216,0.043478260869565216,True
500K,1E-6,rand-60,1000,16,astrid-ours,raxml,0.08695652173913043,0.08695652173913043,True
500K,1E-6,rand-60,1000,17,astral,true,0.17391304347826086,0.17391304347826086,
500K,1E-6,rand-60,1000,17,astral,raxml,0.4782608695652174,0.4782608695652174,
500K,1E-6,rand-60,1000,17,astrid,true,0.2608695652173913,0.2608695652173913,
500K,1E-6,rand-60,1000,17,astrid,raxml,0.6086956521739131,0.6086956521739131,
500K,1E-6,rand-60,1000,17,mpest,true,0.34782608695652173,0.34782608695652173,
500K,1E-6,rand-60,1000,17,mpest,raxml,0.6521739130434783,0.6521739130434783,
500K,1E-6,rand-60,1000,17,svdquartets,true,0.5217391304347826,0.5217391304347826,
500K,1E-6,rand-60,1000,17,astrid-ours,true,0.2608695652173913,0.2608695652173913,True
500K,1E-6,rand-60,1000,17,astrid-ours,raxml,0.5217391304347826,0.5217391304347826,False
500K,1E-6,rand-60,1000,18,astral,true,0.13043478260869565,0.13043478260869565,
500K,1E-6,rand-60,1000,18,astral,raxml,0.13043478260869565,0.13043478260869565,
500K,1E-6,rand-60,1000,18,astrid,true,0.13043478260869565,0.13043478260869565,
500K,1E-6,rand-60,1000,18,astrid,raxml,0.17391304347826086,0.17391304347826086,
500K,1E-6,rand-60,1000,18,mpest,true,0.17391304347826086,0.17391304347826086,
500K,1E-6,rand-60,1000,18,mpest,raxml,0.21739130434782608,0.21739130434782608,
500K,1E-6,rand-60,1000,18,svdquartets,true,0.13043478260869565,0.13043478260869565,
500K,1E-6,rand-60,1000,18,astrid-ours,true,0.13043478260869565,0.13043478260869565,True
500K,1E-6,rand-60,1000,18,astrid-ours,raxml,0.17391304347826086,0.17391304347826086,True
500K,1E-6,rand-60,1000,19,astral,true,0.34782608695652173,0.34782608695652173,
500K,1E-6,rand-60,1000,19,astral,raxml,0.391304347826087,0.391304347826087,
500K,1E-6,rand-60,1000,19,astrid,true,0.34782608695652173,0.34782608695652173,
500K,1E-6,rand-60,1000,19,astrid,raxml,0.391304347826087,0.391304347826087,
500K,1E-6,rand-60,1000,19,mpest,true,0.43478260869565216,0.43478260869565216,
500K,1E-6,rand-60,1000,19,mpest,raxml,0.34782608695652173,0.34782608695652173,
500K,1E-6,rand-60,1000,19,svdquartets,true,0.43478260869565216,0.43478260869565216,
500K,1E-6,rand-60,1000,19,astrid-ours,true,0.391304347826087,0.391304347826087,False
500K,1E-6,rand-60,1000,19,astrid-ours,raxml,0.391304347826087,0.391304347826087,True
500K,1E-6,rand-60,1000,20,astral,true,0.08695652173913043,0.08695652173913043,
500K,1E-6,rand-60,1000,20,astral,raxml,0.30434782608695654,0.30434782608695654,
500K,1E-6,rand-60,1000,20,astrid,true,0.21739130434782608,0.21739130434782608,
500K,1E-6,rand-60,1000,20,astrid,raxml,0.43478260869565216,0.43478260869565216,
500K,1E-6,rand-60,1000,20,mpest,true,0.2608695652173913,0.2608695652173913,
500K,1E-6,rand-60,1000,20,mpest,raxml,0.4782608695652174,0.4782608695652174,
500K,1E-6,rand-60,1000,20,svdquartets,true,0.6086956521739131,0.6086956521739131,
500K,1E-6,rand-60,1000,20,astrid-ours,true,0.13043478260869565,0.13043478260869565,False
500K,1E-6,rand-60,1000,20,astrid-ours,raxml,0.391304347826087,0.391304347826087,False
