label	query	delta	lwr
stock_b2000_frag	N10097	2	0.1948
fix_b2000_frag	N10097	2	0.1948
fix_b5000_frag	N10097	2	0.1947
stock_b5000_frag	N10097	12	0.2548
bug2only_b5000_frag	N10097	2	0.1947
bug1only_b5000_frag	N10097	12	0.2548
stock_b2000_frag	N10184	1	0.0236
fix_b2000_frag	N10184	1	0.0236
fix_b5000_frag	N10184	1	0.0235
stock_b5000_frag	N10184	10	1.0000
bug2only_b5000_frag	N10184	1	0.0235
bug1only_b5000_frag	N10184	10	1.0000
stock_b2000_frag	N10246	2	0.0908
fix_b2000_frag	N10246	2	0.0908
fix_b5000_frag	N10246	2	0.0911
stock_b5000_frag	N10246	2	0.9977
bug2only_b5000_frag	N10246	2	0.0911
bug1only_b5000_frag	N10246	2	0.9977
stock_b2000_frag	N10412	0	0.3015
fix_b2000_frag	N10412	0	0.3015
fix_b5000_frag	N10412	0	0.3029
stock_b5000_frag	N10412	5	0.2915
bug2only_b5000_frag	N10412	0	0.3029
bug1only_b5000_frag	N10412	5	0.2915
stock_b2000_frag	N10454	0	0.7201
fix_b2000_frag	N10454	0	0.7201
fix_b5000_frag	N10454	0	0.7115
stock_b5000_frag	N10454	6	1.0000
bug2only_b5000_frag	N10454	0	0.7115
bug1only_b5000_frag	N10454	6	1.0000
stock_b2000_frag	N10470	2	0.0590
fix_b2000_frag	N10470	2	0.0590
fix_b5000_frag	N10470	2	0.0590
stock_b5000_frag	N10470	5	1.0000
bug2only_b5000_frag	N10470	2	0.0590
bug1only_b5000_frag	N10470	5	1.0000
stock_b2000_frag	N10614	3	0.1247
fix_b2000_frag	N10614	3	0.1247
fix_b5000_frag	N10614	3	0.1242
stock_b5000_frag	N10614	3	0.5080
bug2only_b5000_frag	N10614	3	0.1242
bug1only_b5000_frag	N10614	3	0.5080
stock_b2000_frag	N10671	0	0.1016
fix_b2000_frag	N10671	0	0.1016
fix_b5000_frag	N10671	0	0.0978
stock_b5000_frag	N10671	15	1.0000
bug2only_b5000_frag	N10671	0	0.0978
bug1only_b5000_frag	N10671	15	1.0000
stock_b2000_frag	N10880	1	0.1336
fix_b2000_frag	N10880	1	0.1336
fix_b5000_frag	N10880	1	0.1321
stock_b5000_frag	N10880	4	1.0000
bug2only_b5000_frag	N10880	1	0.1321
bug1only_b5000_frag	N10880	4	1.0000
stock_b2000_frag	N10999	1	0.4207
fix_b2000_frag	N10999	1	0.4207
fix_b5000_frag	N10999	1	0.4223
stock_b5000_frag	N10999	1	1.0000
bug2only_b5000_frag	N10999	1	0.4223
bug1only_b5000_frag	N10999	1	1.0000
stock_b2000_frag	N11012	0	1.0000
fix_b2000_frag	N11012	0	1.0000
fix_b5000_frag	N11012	0	1.0000
stock_b5000_frag	N11012	0	1.0000
bug2only_b5000_frag	N11012	0	1.0000
bug1only_b5000_frag	N11012	0	1.0000
stock_b2000_frag	N11083	0	0.4338
fix_b2000_frag	N11083	0	0.4338
fix_b5000_frag	N11083	0	0.4418
stock_b5000_frag	N11083	0	1.0000
bug2only_b5000_frag	N11083	0	0.4418
bug1only_b5000_frag	N11083	0	1.0000
stock_b2000_frag	N11167	0	1.0000
fix_b2000_frag	N11167	0	1.0000
fix_b5000_frag	N11167	0	1.0000
stock_b5000_frag	N11167	0	1.0000
bug2only_b5000_frag	N11167	0	1.0000
bug1only_b5000_frag	N11167	0	1.0000
stock_b2000_frag	N11192	2	0.1552
fix_b2000_frag	N11192	2	0.1552
fix_b5000_frag	N11192	2	0.1557
stock_b5000_frag	N11192	4	1.0000
bug2only_b5000_frag	N11192	2	0.1557
bug1only_b5000_frag	N11192	4	1.0000
stock_b2000_frag	N11237	0	0.2302
fix_b2000_frag	N11237	0	0.2302
fix_b5000_frag	N11237	0	0.2584
stock_b5000_frag	N11237	3	0.5000
bug2only_b5000_frag	N11237	0	0.2584
bug1only_b5000_frag	N11237	3	0.5000
stock_b2000_frag	N1128	8	0.1623
fix_b2000_frag	N1128	8	0.1623
fix_b5000_frag	N1128	8	0.1621
stock_b5000_frag	N1128	8	0.1621
bug2only_b5000_frag	N1128	8	0.1621
bug1only_b5000_frag	N1128	8	0.1621
stock_b2000_frag	N11449	1	0.2392
fix_b2000_frag	N11449	1	0.2392
fix_b5000_frag	N11449	1	0.2354
stock_b5000_frag	N11449	2	1.0000
bug2only_b5000_frag	N11449	1	0.2354
bug1only_b5000_frag	N11449	2	1.0000
stock_b2000_frag	N11458	0	0.2562
fix_b2000_frag	N11458	0	0.2562
fix_b5000_frag	N11458	2	0.0955
stock_b5000_frag	N11458	2	0.2307
bug2only_b5000_frag	N11458	2	0.0955
bug1only_b5000_frag	N11458	2	0.2307
stock_b2000_frag	N11557	0	0.2156
fix_b2000_frag	N11557	0	0.2156
fix_b5000_frag	N11557	0	0.2145
stock_b5000_frag	N11557	7	1.0000
bug2only_b5000_frag	N11557	0	0.2145
bug1only_b5000_frag	N11557	7	1.0000
stock_b2000_frag	N11700	0	0.6622
fix_b2000_frag	N11700	0	0.6622
fix_b5000_frag	N11700	0	0.6543
stock_b5000_frag	N11700	1	1.0000
bug2only_b5000_frag	N11700	0	0.6543
bug1only_b5000_frag	N11700	1	1.0000
stock_b2000_frag	N11713	0	0.9986
fix_b2000_frag	N11713	0	0.9986
fix_b5000_frag	N11713	0	0.9986
stock_b5000_frag	N11713	0	0.9956
bug2only_b5000_frag	N11713	0	0.9986
bug1only_b5000_frag	N11713	0	0.9956
stock_b2000_frag	N11715	0	0.3993
fix_b2000_frag	N11715	0	0.3993
fix_b5000_frag	N11715	0	0.4071
stock_b5000_frag	N11715	3	1.0000
bug2only_b5000_frag	N11715	0	0.4071
bug1only_b5000_frag	N11715	3	1.0000
stock_b2000_frag	N11789	0	0.7260
fix_b2000_frag	N11789	0	0.7260
fix_b5000_frag	N11789	0	0.7284
stock_b5000_frag	N11789	1	0.5010
bug2only_b5000_frag	N11789	0	0.7284
bug1only_b5000_frag	N11789	1	0.5010
stock_b2000_frag	N11816	0	0.9959
fix_b2000_frag	N11816	0	0.9959
fix_b5000_frag	N11816	0	0.9961
stock_b5000_frag	N11816	0	0.9961
bug2only_b5000_frag	N11816	0	0.9961
bug1only_b5000_frag	N11816	0	0.9961
stock_b2000_frag	N11967	0	0.1849
fix_b2000_frag	N11967	0	0.1849
fix_b5000_frag	N11967	0	0.1877
stock_b5000_frag	N11967	5	0.2745
bug2only_b5000_frag	N11967	0	0.1877
bug1only_b5000_frag	N11967	5	0.2745
stock_b2000_frag	N12026	2	0.0589
fix_b2000_frag	N12026	2	0.0589
fix_b5000_frag	N12026	2	0.0589
stock_b5000_frag	N12026	2	0.1000
bug2only_b5000_frag	N12026	2	0.0589
bug1only_b5000_frag	N12026	2	0.1000
stock_b2000_frag	N12104	0	0.7229
fix_b2000_frag	N12104	0	0.7229
fix_b5000_frag	N12104	0	0.7245
stock_b5000_frag	N12104	6	0.9905
bug2only_b5000_frag	N12104	0	0.7245
bug1only_b5000_frag	N12104	6	0.9905
stock_b2000_frag	N12131	0	0.8206
fix_b2000_frag	N12131	0	0.8206
fix_b5000_frag	N12131	0	0.8211
stock_b5000_frag	N12131	8	1.0000
bug2only_b5000_frag	N12131	0	0.8211
bug1only_b5000_frag	N12131	8	1.0000
stock_b2000_frag	N12228	1	0.2501
fix_b2000_frag	N12228	1	0.2501
fix_b5000_frag	N12228	1	0.2485
stock_b5000_frag	N12228	5	1.0000
bug2only_b5000_frag	N12228	1	0.2485
bug1only_b5000_frag	N12228	5	1.0000
stock_b2000_frag	N12326	1	0.3374
fix_b2000_frag	N12326	1	0.3374
fix_b5000_frag	N12326	1	0.3373
stock_b5000_frag	N12326	8	1.0000
bug2only_b5000_frag	N12326	1	0.3373
bug1only_b5000_frag	N12326	8	1.0000
stock_b2000_frag	N12400	1	0.1540
fix_b2000_frag	N12400	1	0.1540
fix_b5000_frag	N12400	1	0.1540
stock_b5000_frag	N12400	3	0.9980
bug2only_b5000_frag	N12400	1	0.1540
bug1only_b5000_frag	N12400	3	0.9980
stock_b2000_frag	N12449	0	0.3338
fix_b2000_frag	N12449	0	0.3338
fix_b5000_frag	N12449	0	0.3338
stock_b5000_frag	N12449	3	0.5826
bug2only_b5000_frag	N12449	0	0.3338
bug1only_b5000_frag	N12449	3	0.5826
stock_b2000_frag	N12453	0	0.1427
fix_b2000_frag	N12453	0	0.1427
fix_b5000_frag	N12453	0	0.1425
stock_b5000_frag	N12453	3	1.0000
bug2only_b5000_frag	N12453	0	0.1425
bug1only_b5000_frag	N12453	3	1.0000
stock_b2000_frag	N1248	3	0.2271
fix_b2000_frag	N1248	3	0.2271
fix_b5000_frag	N1248	3	0.2629
stock_b5000_frag	N1248	8	1.0000
bug2only_b5000_frag	N1248	3	0.2629
bug1only_b5000_frag	N1248	8	1.0000
stock_b2000_frag	N12532	1	0.1102
fix_b2000_frag	N12532	1	0.1102
fix_b5000_frag	N12532	1	0.1103
stock_b5000_frag	N12532	5	1.0000
bug2only_b5000_frag	N12532	1	0.1103
bug1only_b5000_frag	N12532	5	1.0000
stock_b2000_frag	N12535	1	0.3342
fix_b2000_frag	N12535	1	0.3342
fix_b5000_frag	N12535	1	0.3341
stock_b5000_frag	N12535	1	0.3404
bug2only_b5000_frag	N12535	1	0.3341
bug1only_b5000_frag	N12535	1	0.3404
stock_b2000_frag	N12575	2	0.2131
fix_b2000_frag	N12575	2	0.2131
fix_b5000_frag	N12575	2	0.2167
stock_b5000_frag	N12575	3	0.5052
bug2only_b5000_frag	N12575	2	0.2167
bug1only_b5000_frag	N12575	3	0.5052
stock_b2000_frag	N12630	0	0.9937
fix_b2000_frag	N12630	0	0.9937
fix_b5000_frag	N12630	0	0.9937
stock_b5000_frag	N12630	2	1.0000
bug2only_b5000_frag	N12630	0	0.9937
bug1only_b5000_frag	N12630	2	1.0000
stock_b2000_frag	N12744	3	0.1160
fix_b2000_frag	N12744	3	0.1160
fix_b5000_frag	N12744	3	0.1164
stock_b5000_frag	N12744	1	0.2761
bug2only_b5000_frag	N12744	3	0.1164
bug1only_b5000_frag	N12744	1	0.2761
stock_b2000_frag	N12786	1	0.4396
fix_b2000_frag	N12786	1	0.4396
fix_b5000_frag	N12786	1	0.4172
stock_b5000_frag	N12786	5	1.0000
bug2only_b5000_frag	N12786	1	0.4172
bug1only_b5000_frag	N12786	5	1.0000
stock_b2000_frag	N12847	0	0.3008
fix_b2000_frag	N12847	0	0.3008
fix_b5000_frag	N12847	0	0.3007
stock_b5000_frag	N12847	2	1.0000
bug2only_b5000_frag	N12847	0	0.3007
bug1only_b5000_frag	N12847	2	1.0000
stock_b2000_frag	N12878	0	1.0000
fix_b2000_frag	N12878	0	1.0000
fix_b5000_frag	N12878	0	1.0000
stock_b5000_frag	N12878	5	0.6659
bug2only_b5000_frag	N12878	0	1.0000
bug1only_b5000_frag	N12878	5	0.6659
stock_b2000_frag	N12901	0	0.9999
fix_b2000_frag	N12901	0	0.9999
fix_b5000_frag	N12901	0	0.9999
stock_b5000_frag	N12901	4	0.2515
bug2only_b5000_frag	N12901	0	0.9999
bug1only_b5000_frag	N12901	4	0.2515
stock_b2000_frag	N130	3	0.0945
fix_b2000_frag	N130	3	0.0945
fix_b5000_frag	N130	3	0.0948
stock_b5000_frag	N130	5	0.9995
bug2only_b5000_frag	N130	3	0.0948
bug1only_b5000_frag	N130	16	0.2500
stock_b2000_frag	N13213	1	0.3349
fix_b2000_frag	N13213	1	0.3349
fix_b5000_frag	N13213	1	0.3349
stock_b5000_frag	N13213	1	0.3349
bug2only_b5000_frag	N13213	1	0.3349
bug1only_b5000_frag	N13213	1	0.3349
stock_b2000_frag	N13256	5	0.0248
fix_b2000_frag	N13256	5	0.0248
fix_b5000_frag	N13256	5	0.0248
stock_b5000_frag	N13256	5	1.0000
bug2only_b5000_frag	N13256	5	0.0248
bug1only_b5000_frag	N13256	5	1.0000
stock_b2000_frag	N13298	0	0.2973
fix_b2000_frag	N13298	0	0.2973
fix_b5000_frag	N13298	0	0.2954
stock_b5000_frag	N13298	3	1.0000
bug2only_b5000_frag	N13298	0	0.2954
bug1only_b5000_frag	N13298	3	1.0000
stock_b2000_frag	N13341	0	0.7146
fix_b2000_frag	N13341	0	0.7146
fix_b5000_frag	N13341	0	0.6802
stock_b5000_frag	N13341	10	1.0000
bug2only_b5000_frag	N13341	0	0.6802
bug1only_b5000_frag	N13341	10	1.0000
stock_b2000_frag	N13423	1	0.3409
fix_b2000_frag	N13423	1	0.3409
fix_b5000_frag	N13423	1	0.3409
stock_b5000_frag	N13423	5	1.0000
bug2only_b5000_frag	N13423	1	0.3409
bug1only_b5000_frag	N13423	5	1.0000
stock_b2000_frag	N13427	0	0.8259
fix_b2000_frag	N13427	0	0.8259
fix_b5000_frag	N13427	0	0.8295
stock_b5000_frag	N13427	0	0.8711
bug2only_b5000_frag	N13427	0	0.8295
bug1only_b5000_frag	N13427	0	0.8711
stock_b2000_frag	N13487	1	0.2080
fix_b2000_frag	N13487	1	0.2080
fix_b5000_frag	N13487	1	0.2080
stock_b5000_frag	N13487	1	0.2080
bug2only_b5000_frag	N13487	1	0.2080
bug1only_b5000_frag	N13487	1	0.2080
stock_b2000_frag	N13569	3	0.0927
fix_b2000_frag	N13569	3	0.0927
fix_b5000_frag	N13569	3	0.0925
stock_b5000_frag	N13569	5	0.5001
bug2only_b5000_frag	N13569	3	0.0925
bug1only_b5000_frag	N13569	5	0.5001
stock_b2000_frag	N13591	1	0.1111
fix_b2000_frag	N13591	1	0.1111
fix_b5000_frag	N13591	1	0.1111
stock_b5000_frag	N13591	1	0.3333
bug2only_b5000_frag	N13591	1	0.1111
bug1only_b5000_frag	N13591	1	0.3333
stock_b2000_frag	N1360	8	0.0121
fix_b2000_frag	N1360	7	0.0121
fix_b5000_frag	N1360	7	0.0121
stock_b5000_frag	N1360	2	1.0000
bug2only_b5000_frag	N1360	8	0.0121
bug1only_b5000_frag	N1360	2	1.0000
stock_b2000_frag	N13606	1	0.2026
fix_b2000_frag	N13606	1	0.2026
fix_b5000_frag	N13606	2	0.2027
stock_b5000_frag	N13606	1	1.0000
bug2only_b5000_frag	N13606	2	0.2027
bug1only_b5000_frag	N13606	1	1.0000
stock_b2000_frag	N13619	2	0.2758
fix_b2000_frag	N13619	2	0.2758
fix_b5000_frag	N13619	2	0.2753
stock_b5000_frag	N13619	3	1.0000
bug2only_b5000_frag	N13619	2	0.2753
bug1only_b5000_frag	N13619	3	1.0000
stock_b2000_frag	N13632	5	0.0539
fix_b2000_frag	N13632	5	0.0539
fix_b5000_frag	N13632	5	0.0535
stock_b5000_frag	N13632	5	1.0000
bug2only_b5000_frag	N13632	5	0.0535
bug1only_b5000_frag	N13632	5	1.0000
stock_b2000_frag	N13744	1	0.3366
fix_b2000_frag	N13744	1	0.3366
fix_b5000_frag	N13744	1	0.3358
stock_b5000_frag	N13744	5	1.0000
bug2only_b5000_frag	N13744	1	0.3358
bug1only_b5000_frag	N13744	5	1.0000
stock_b2000_frag	N13827	2	0.3266
fix_b2000_frag	N13827	2	0.3266
fix_b5000_frag	N13827	2	0.3756
stock_b5000_frag	N13827	2	1.0000
bug2only_b5000_frag	N13827	2	0.3756
bug1only_b5000_frag	N13827	2	1.0000
stock_b2000_frag	N13912	2	0.1252
fix_b2000_frag	N13912	2	0.1252
fix_b5000_frag	N13912	2	0.1252
stock_b5000_frag	N13912	3	0.3345
bug2only_b5000_frag	N13912	2	0.1252
bug1only_b5000_frag	N13912	3	0.3345
stock_b2000_frag	N14030	1	0.1961
fix_b2000_frag	N14030	1	0.1961
fix_b5000_frag	N14030	1	0.1969
stock_b5000_frag	N14030	1	0.1993
bug2only_b5000_frag	N14030	1	0.1969
bug1only_b5000_frag	N14030	1	0.1993
stock_b2000_frag	N14070	0	0.5058
fix_b2000_frag	N14070	0	0.5058
fix_b5000_frag	N14070	0	0.5189
stock_b5000_frag	N14070	5	1.0000
bug2only_b5000_frag	N14070	0	0.5189
bug1only_b5000_frag	N14070	5	1.0000
stock_b2000_frag	N14092	0	0.8708
fix_b2000_frag	N14092	0	0.8708
fix_b5000_frag	N14092	0	0.9058
stock_b5000_frag	N14092	0	0.9972
bug2only_b5000_frag	N14092	0	0.9058
bug1only_b5000_frag	N14092	0	0.9972
stock_b2000_frag	N14165	1	0.4398
fix_b2000_frag	N14165	1	0.4398
fix_b5000_frag	N14165	1	0.4390
stock_b5000_frag	N14165	1	1.0000
bug2only_b5000_frag	N14165	1	0.4390
bug1only_b5000_frag	N14165	1	1.0000
stock_b2000_frag	N14182	0	0.8555
fix_b2000_frag	N14182	0	0.8555
fix_b5000_frag	N14182	0	0.8775
stock_b5000_frag	N14182	0	1.0000
bug2only_b5000_frag	N14182	0	0.8775
bug1only_b5000_frag	N14182	0	1.0000
stock_b2000_frag	N14412	2	1.0000
fix_b2000_frag	N14412	2	1.0000
fix_b5000_frag	N14412	0	1.0000
stock_b5000_frag	N14412	1	0.9154
bug2only_b5000_frag	N14412	0	1.0000
bug1only_b5000_frag	N14412	1	0.9154
stock_b2000_frag	N14470	1	0.2128
fix_b2000_frag	N14470	1	0.2128
fix_b5000_frag	N14470	1	0.2149
stock_b5000_frag	N14470	2	1.0000
bug2only_b5000_frag	N14470	1	0.2149
bug1only_b5000_frag	N14470	2	1.0000
stock_b2000_frag	N14614	0	0.3727
fix_b2000_frag	N14614	0	0.3727
fix_b5000_frag	N14614	0	0.3824
stock_b5000_frag	N14614	1	1.0000
bug2only_b5000_frag	N14614	0	0.3824
bug1only_b5000_frag	N14614	1	1.0000
stock_b2000_frag	N14672	0	0.5281
fix_b2000_frag	N14672	0	0.5281
fix_b5000_frag	N14672	0	0.5529
stock_b5000_frag	N14672	0	0.8864
bug2only_b5000_frag	N14672	0	0.5529
bug1only_b5000_frag	N14672	0	0.8864
stock_b2000_frag	N14719	0	0.9802
fix_b2000_frag	N14719	0	0.9802
fix_b5000_frag	N14719	0	0.9791
stock_b5000_frag	N14719	8	1.0000
bug2only_b5000_frag	N14719	0	0.9791
bug1only_b5000_frag	N14719	8	1.0000
stock_b2000_frag	N14730	1	0.3849
fix_b2000_frag	N14730	1	0.3849
fix_b5000_frag	N14730	1	0.3852
stock_b5000_frag	N14730	8	0.5568
bug2only_b5000_frag	N14730	1	0.3852
bug1only_b5000_frag	N14730	8	0.5568
stock_b2000_frag	N14764	0	0.5366
fix_b2000_frag	N14764	0	0.5366
fix_b5000_frag	N14764	0	0.5357
stock_b5000_frag	N14764	12	1.0000
bug2only_b5000_frag	N14764	0	0.5357
bug1only_b5000_frag	N14764	12	1.0000
stock_b2000_frag	N1480	2	0.0668
fix_b2000_frag	N1480	2	0.0668
fix_b5000_frag	N1480	2	0.0668
stock_b5000_frag	N1480	5	0.4688
bug2only_b5000_frag	N1480	2	0.0668
bug1only_b5000_frag	N1480	5	0.4688
stock_b2000_frag	N14840	5	0.0310
fix_b2000_frag	N14840	5	0.0310
fix_b5000_frag	N14840	7	0.0310
stock_b5000_frag	N14840	19	1.0000
bug2only_b5000_frag	N14840	7	0.0310
bug1only_b5000_frag	N14840	19	1.0000
stock_b2000_frag	N15048	3	0.0799
fix_b2000_frag	N15048	3	0.0799
fix_b5000_frag	N15048	3	0.0799
stock_b5000_frag	N15048	5	0.1999
bug2only_b5000_frag	N15048	3	0.0799
bug1only_b5000_frag	N15048	5	0.1999
stock_b2000_frag	N15127	7	0.0619
fix_b2000_frag	N15127	7	0.0619
fix_b5000_frag	N15127	7	0.0619
stock_b5000_frag	N15127	9	1.0000
bug2only_b5000_frag	N15127	7	0.0619
bug1only_b5000_frag	N15127	9	1.0000
stock_b2000_frag	N15138	8	0.0872
fix_b2000_frag	N15138	8	0.0872
fix_b5000_frag	N15138	8	0.0858
stock_b5000_frag	N15138	2	1.0000
bug2only_b5000_frag	N15138	8	0.0858
bug1only_b5000_frag	N15138	2	1.0000
stock_b2000_frag	N15295	2	0.0199
fix_b2000_frag	N15295	2	0.0199
fix_b5000_frag	N15295	2	0.0199
stock_b5000_frag	N15295	6	1.0000
bug2only_b5000_frag	N15295	3	0.0199
bug1only_b5000_frag	N15295	6	1.0000
stock_b2000_frag	N15303	2	0.0573
fix_b2000_frag	N15303	2	0.0573
fix_b5000_frag	N15303	2	0.0572
stock_b5000_frag	N15303	12	0.3333
bug2only_b5000_frag	N15303	2	0.0572
bug1only_b5000_frag	N15303	12	0.3333
stock_b2000_frag	N15352	1	0.0168
fix_b2000_frag	N15352	1	0.0168
fix_b5000_frag	N15352	1	0.0168
stock_b5000_frag	N15352	24	1.0000
bug2only_b5000_frag	N15352	1	0.0168
bug1only_b5000_frag	N15352	24	1.0000
stock_b2000_frag	N15395	2	0.0447
fix_b2000_frag	N15395	2	0.0447
fix_b5000_frag	N15395	2	0.0446
stock_b5000_frag	N15395	10	0.1250
bug2only_b5000_frag	N15395	2	0.0446
bug1only_b5000_frag	N15395	10	0.1250
stock_b2000_frag	N1545	3	0.0130
fix_b2000_frag	N1545	3	0.0130
fix_b5000_frag	N1545	3	0.0130
stock_b5000_frag	N1545	6	0.5425
bug2only_b5000_frag	N1545	3	0.0130
bug1only_b5000_frag	N1545	6	0.5425
stock_b2000_frag	N15595	5	0.0874
fix_b2000_frag	N15595	5	0.0874
fix_b5000_frag	N15595	5	0.0871
stock_b5000_frag	N15595	8	0.1665
bug2only_b5000_frag	N15595	5	0.0871
bug1only_b5000_frag	N15595	8	0.1665
stock_b2000_frag	N15684	6	0.0399
fix_b2000_frag	N15684	6	0.0399
fix_b5000_frag	N15684	6	0.0399
stock_b5000_frag	N15684	8	0.1667
bug2only_b5000_frag	N15684	6	0.0399
bug1only_b5000_frag	N15684	8	0.1667
stock_b2000_frag	N15726	10	0.0131
fix_b2000_frag	N15726	10	0.0131
fix_b5000_frag	N15726	10	0.0130
stock_b5000_frag	N15726	0	0.3333
bug2only_b5000_frag	N15726	10	0.0130
bug1only_b5000_frag	N15726	0	0.3333
stock_b2000_frag	N15746	0	0.9798
fix_b2000_frag	N15746	0	0.9798
fix_b5000_frag	N15746	0	0.9790
stock_b5000_frag	N15746	9	1.0000
bug2only_b5000_frag	N15746	0	0.9790
bug1only_b5000_frag	N15746	9	1.0000
stock_b2000_frag	N15866	2	0.0196
fix_b2000_frag	N15866	2	0.0196
fix_b5000_frag	N15866	2	0.0196
stock_b5000_frag	N15866	3	0.5003
bug2only_b5000_frag	N15866	2	0.0196
bug1only_b5000_frag	N15866	3	0.5003
stock_b2000_frag	N15909	1	0.0501
fix_b2000_frag	N15909	1	0.0501
fix_b5000_frag	N15909	1	0.0500
stock_b5000_frag	N15909	5	0.9969
bug2only_b5000_frag	N15909	1	0.0500
bug1only_b5000_frag	N15909	5	0.9969
stock_b2000_frag	N16148	3	0.0656
fix_b2000_frag	N16148	3	0.0656
fix_b5000_frag	N16148	3	0.0656
stock_b5000_frag	N16148	8	0.3334
bug2only_b5000_frag	N16148	3	0.0656
bug1only_b5000_frag	N16148	8	0.3334
stock_b2000_frag	N16228	3	0.4476
fix_b2000_frag	N16228	3	0.4476
fix_b5000_frag	N16228	2	0.2938
stock_b5000_frag	N16228	4	0.9999
bug2only_b5000_frag	N16228	2	0.2938
bug1only_b5000_frag	N16228	4	0.9999
stock_b2000_frag	N16526	3	0.0110
fix_b2000_frag	N16526	4	0.0110
fix_b5000_frag	N16526	4	0.0110
stock_b5000_frag	N16526	7	0.1898
bug2only_b5000_frag	N16526	3	0.0110
bug1only_b5000_frag	N16526	7	0.1898
stock_b2000_frag	N16616	1	0.3364
fix_b2000_frag	N16616	1	0.3364
fix_b5000_frag	N16616	1	0.3395
stock_b5000_frag	N16616	13	0.9601
bug2only_b5000_frag	N16616	1	0.3395
bug1only_b5000_frag	N16616	13	0.9601
stock_b2000_frag	N16619	3	0.0569
fix_b2000_frag	N16619	3	0.0569
fix_b5000_frag	N16619	3	0.0573
stock_b5000_frag	N16619	17	0.3331
bug2only_b5000_frag	N16619	3	0.0573
bug1only_b5000_frag	N16619	17	0.3331
stock_b2000_frag	N16736	1	0.0424
fix_b2000_frag	N16736	1	0.0424
fix_b5000_frag	N16736	1	0.0421
stock_b5000_frag	N16736	10	0.1249
bug2only_b5000_frag	N16736	1	0.0421
bug1only_b5000_frag	N16736	10	0.1249
stock_b2000_frag	N1686	7	0.0120
fix_b2000_frag	N1686	4	0.0120
fix_b5000_frag	N1686	6	0.0120
stock_b5000_frag	N1686	19	1.0000
bug2only_b5000_frag	N1686	3	0.0120
bug1only_b5000_frag	N1686	19	1.0000
stock_b2000_frag	N16924	3	0.1113
fix_b2000_frag	N16924	3	0.1113
fix_b5000_frag	N16924	3	0.1113
stock_b5000_frag	N16924	3	0.1666
bug2only_b5000_frag	N16924	3	0.1113
bug1only_b5000_frag	N16924	3	0.1666
stock_b2000_frag	N16933	3	0.0170
fix_b2000_frag	N16933	3	0.0170
fix_b5000_frag	N16933	3	0.0170
stock_b5000_frag	N16933	20	0.3334
bug2only_b5000_frag	N16933	3	0.0170
bug1only_b5000_frag	N16933	20	0.3334
stock_b2000_frag	N17098	1	0.1001
fix_b2000_frag	N17098	1	0.1001
fix_b5000_frag	N17098	1	0.0986
stock_b5000_frag	N17098	8	1.0000
bug2only_b5000_frag	N17098	1	0.0986
bug1only_b5000_frag	N17098	8	1.0000
stock_b2000_frag	N17170	0	0.1431
fix_b2000_frag	N17170	0	0.1431
fix_b5000_frag	N17170	0	0.1431
stock_b5000_frag	N17170	0	0.9881
bug2only_b5000_frag	N17170	0	0.1431
bug1only_b5000_frag	N17170	0	0.9881
stock_b2000_frag	N17176	9	0.0294
fix_b2000_frag	N17176	9	0.0294
fix_b5000_frag	N17176	9	0.0294
stock_b5000_frag	N17176	2	1.0000
bug2only_b5000_frag	N17176	9	0.0294
bug1only_b5000_frag	N17176	2	1.0000
stock_b2000_frag	N1735	3	0.0155
fix_b2000_frag	N1735	3	0.0155
fix_b5000_frag	N1735	3	0.0155
stock_b5000_frag	N1735	15	0.0215
bug2only_b5000_frag	N1735	8	0.0155
bug1only_b5000_frag	N1735	15	0.0215
stock_b2000_frag	N17425	1	0.2210
fix_b2000_frag	N17425	1	0.2210
fix_b5000_frag	N17425	1	0.2209
stock_b5000_frag	N17425	5	1.0000
bug2only_b5000_frag	N17425	1	0.2209
bug1only_b5000_frag	N17425	5	1.0000
stock_b2000_frag	N17442	0	0.9999
fix_b2000_frag	N17442	0	0.9999
fix_b5000_frag	N17442	0	0.9999
stock_b5000_frag	N17442	0	0.9998
bug2only_b5000_frag	N17442	0	0.9999
bug1only_b5000_frag	N17442	0	0.9998
stock_b2000_frag	N17570	13	0.0067
fix_b2000_frag	N17570	13	0.0067
fix_b5000_frag	N17570	13	0.0067
stock_b5000_frag	N17570	9	0.5000
bug2only_b5000_frag	N17570	11	0.0067
bug1only_b5000_frag	N17570	9	0.5000
stock_b2000_frag	N17597	0	0.0309
fix_b2000_frag	N17597	0	0.0309
fix_b5000_frag	N17597	0	0.0307
stock_b5000_frag	N17597	14	1.0000
bug2only_b5000_frag	N17597	0	0.0307
bug1only_b5000_frag	N17597	14	1.0000
stock_b2000_frag	N1765	2	0.0912
fix_b2000_frag	N1765	2	0.0912
fix_b5000_frag	N1765	2	0.0911
stock_b5000_frag	N1765	23	0.9998
bug2only_b5000_frag	N1765	2	0.0911
bug1only_b5000_frag	N1765	23	0.9998
stock_b2000_frag	N17703	1	0.0328
fix_b2000_frag	N17703	1	0.0328
fix_b5000_frag	N17703	1	0.0328
stock_b5000_frag	N17703	6	1.0000
bug2only_b5000_frag	N17703	1	0.0328
bug1only_b5000_frag	N17703	6	1.0000
stock_b2000_frag	N17876	1	0.1838
fix_b2000_frag	N17876	1	0.1838
fix_b5000_frag	N17876	1	0.1840
stock_b5000_frag	N17876	2	0.9994
bug2only_b5000_frag	N17876	1	0.1840
bug1only_b5000_frag	N17876	2	0.9994
stock_b2000_frag	N17901	0	1.0000
fix_b2000_frag	N17901	0	1.0000
fix_b5000_frag	N17901	0	1.0000
stock_b5000_frag	N17901	0	1.0000
bug2only_b5000_frag	N17901	0	1.0000
bug1only_b5000_frag	N17901	0	1.0000
stock_b2000_frag	N17990	4	0.0684
fix_b2000_frag	N17990	4	0.0684
fix_b5000_frag	N17990	4	0.0684
stock_b5000_frag	N17990	11	0.5008
bug2only_b5000_frag	N17990	4	0.0684
bug1only_b5000_frag	N17990	11	0.5008
stock_b2000_frag	N18046	1	0.0597
fix_b2000_frag	N18046	1	0.0597
fix_b5000_frag	N18046	1	0.0597
stock_b5000_frag	N18046	1	0.0637
bug2only_b5000_frag	N18046	1	0.0597
bug1only_b5000_frag	N18046	1	0.0637
stock_b2000_frag	N18085	0	0.4240
fix_b2000_frag	N18085	0	0.4240
fix_b5000_frag	N18085	0	0.4263
stock_b5000_frag	N18085	5	0.9681
bug2only_b5000_frag	N18085	0	0.4263
bug1only_b5000_frag	N18085	5	0.9681
stock_b2000_frag	N18119	7	0.0143
fix_b2000_frag	N18119	7	0.0143
fix_b5000_frag	N18119	7	0.0143
stock_b5000_frag	N18119	7	1.0000
bug2only_b5000_frag	N18119	7	0.0143
bug1only_b5000_frag	N18119	7	1.0000
stock_b2000_frag	N18199	1	0.3449
fix_b2000_frag	N18199	1	0.3449
fix_b5000_frag	N18199	1	0.3449
stock_b5000_frag	N18199	21	1.0000
bug2only_b5000_frag	N18199	1	0.3449
bug1only_b5000_frag	N18199	21	1.0000
stock_b2000_frag	N18226	12	0.0066
fix_b2000_frag	N18226	12	0.0066
fix_b5000_frag	N18226	12	0.0064
stock_b5000_frag	N18226	15	1.0000
bug2only_b5000_frag	N18226	12	0.0064
bug1only_b5000_frag	N18226	15	1.0000
stock_b2000_frag	N18266	0	0.1991
fix_b2000_frag	N18266	0	0.1991
fix_b5000_frag	N18266	0	0.1992
stock_b5000_frag	N18266	17	0.2503
bug2only_b5000_frag	N18266	0	0.1992
bug1only_b5000_frag	N18266	17	0.2503
stock_b2000_frag	N18309	2	0.0156
fix_b2000_frag	N18309	4	0.0156
fix_b5000_frag	N18309	2	0.0156
stock_b5000_frag	N18309	6	0.5000
bug2only_b5000_frag	N18309	2	0.0156
bug1only_b5000_frag	N18309	6	0.5000
stock_b2000_frag	N18341	0	0.6790
fix_b2000_frag	N18341	0	0.6790
fix_b5000_frag	N18341	0	0.7280
stock_b5000_frag	N18341	8	1.0000
bug2only_b5000_frag	N18341	0	0.7280
bug1only_b5000_frag	N18341	8	1.0000
stock_b2000_frag	N18364	8	0.0137
fix_b2000_frag	N18364	8	0.0137
fix_b5000_frag	N18364	8	0.0134
stock_b5000_frag	N18364	8	1.0000
bug2only_b5000_frag	N18364	8	0.0134
bug1only_b5000_frag	N18364	8	1.0000
stock_b2000_frag	N18439	3	0.0469
fix_b2000_frag	N18439	3	0.0469
fix_b5000_frag	N18439	3	0.0469
stock_b5000_frag	N18439	6	0.5007
bug2only_b5000_frag	N18439	3	0.0469
bug1only_b5000_frag	N18439	6	0.5007
stock_b2000_frag	N18525	0	0.3862
fix_b2000_frag	N18525	0	0.3862
fix_b5000_frag	N18525	0	0.3872
stock_b5000_frag	N18525	12	0.3300
bug2only_b5000_frag	N18525	0	0.3872
bug1only_b5000_frag	N18525	12	0.3300
stock_b2000_frag	N18530	0	0.9224
fix_b2000_frag	N18530	0	0.9224
fix_b5000_frag	N18530	0	0.9045
stock_b5000_frag	N18530	2	0.5000
bug2only_b5000_frag	N18530	0	0.9045
bug1only_b5000_frag	N18530	2	0.5000
stock_b2000_frag	N18555	5	0.0307
fix_b2000_frag	N18555	5	0.0307
fix_b5000_frag	N18555	5	0.0292
stock_b5000_frag	N18555	3	0.1873
bug2only_b5000_frag	N18555	5	0.0292
bug1only_b5000_frag	N18555	3	0.1873
stock_b2000_frag	N18588	4	0.0754
fix_b2000_frag	N18588	4	0.0754
fix_b5000_frag	N18588	4	0.0754
stock_b5000_frag	N18588	3	0.5020
bug2only_b5000_frag	N18588	4	0.0754
bug1only_b5000_frag	N18588	3	0.5020
stock_b2000_frag	N18632	1	0.0416
fix_b2000_frag	N18632	1	0.0416
fix_b5000_frag	N18632	1	0.0416
stock_b5000_frag	N18632	11	1.0000
bug2only_b5000_frag	N18632	1	0.0416
bug1only_b5000_frag	N18632	11	1.0000
stock_b2000_frag	N18659	0	0.9408
fix_b2000_frag	N18659	0	0.9408
fix_b5000_frag	N18659	0	0.9423
stock_b5000_frag	N18659	1	0.5220
bug2only_b5000_frag	N18659	0	0.9423
bug1only_b5000_frag	N18659	1	0.5220
stock_b2000_frag	N18832	1	0.3403
fix_b2000_frag	N18832	1	0.3403
fix_b5000_frag	N18832	1	0.3363
stock_b5000_frag	N18832	3	0.5000
bug2only_b5000_frag	N18832	1	0.3363
bug1only_b5000_frag	N18832	3	0.5000
stock_b2000_frag	N18861	0	0.9774
fix_b2000_frag	N18861	0	0.9774
fix_b5000_frag	N18861	0	0.9742
stock_b5000_frag	N18861	4	1.0000
bug2only_b5000_frag	N18861	0	0.9742
bug1only_b5000_frag	N18861	4	1.0000
stock_b2000_frag	N18868	2	0.1993
fix_b2000_frag	N18868	2	0.1993
fix_b5000_frag	N18868	2	0.1993
stock_b5000_frag	N18868	15	1.0000
bug2only_b5000_frag	N18868	2	0.1993
bug1only_b5000_frag	N18868	15	1.0000
stock_b2000_frag	N19015	1	0.4250
fix_b2000_frag	N19015	1	0.4250
fix_b5000_frag	N19015	1	0.4330
stock_b5000_frag	N19015	3	0.9789
bug2only_b5000_frag	N19015	1	0.4330
bug1only_b5000_frag	N19015	3	0.9789
stock_b2000_frag	N1904	0	0.8417
fix_b2000_frag	N1904	0	0.8417
fix_b5000_frag	N1904	0	0.7766
stock_b5000_frag	N1904	7	0.9930
bug2only_b5000_frag	N1904	0	0.7766
bug1only_b5000_frag	N1904	7	0.9930
stock_b2000_frag	N19094	1	0.1428
fix_b2000_frag	N19094	1	0.1428
fix_b5000_frag	N19094	1	0.1409
stock_b5000_frag	N19094	13	0.9929
bug2only_b5000_frag	N19094	1	0.1409
bug1only_b5000_frag	N19094	13	0.9929
stock_b2000_frag	N19219	0	0.8506
fix_b2000_frag	N19219	0	0.8506
fix_b5000_frag	N19219	0	0.8527
stock_b5000_frag	N19219	2	0.9903
bug2only_b5000_frag	N19219	0	0.8527
bug1only_b5000_frag	N19219	2	0.9903
stock_b2000_frag	N19258	0	0.6875
fix_b2000_frag	N19258	0	0.6875
fix_b5000_frag	N19258	0	0.6676
stock_b5000_frag	N19258	0	0.6676
bug2only_b5000_frag	N19258	0	0.6676
bug1only_b5000_frag	N19258	0	0.6676
stock_b2000_frag	N1930	1	0.3227
fix_b2000_frag	N1930	1	0.3227
fix_b5000_frag	N1930	1	0.3181
stock_b5000_frag	N1930	10	0.3332
bug2only_b5000_frag	N1930	1	0.3181
bug1only_b5000_frag	N1930	10	0.3332
stock_b2000_frag	N19379	4	0.1039
fix_b2000_frag	N19379	4	0.1039
fix_b5000_frag	N19379	5	0.0770
stock_b5000_frag	N19379	3	1.0000
bug2only_b5000_frag	N19379	5	0.0770
bug1only_b5000_frag	N19379	3	1.0000
stock_b2000_frag	N19598	0	0.9999
fix_b2000_frag	N19598	0	0.9999
fix_b5000_frag	N19598	0	0.9999
stock_b5000_frag	N19598	0	0.9999
bug2only_b5000_frag	N19598	0	0.9999
bug1only_b5000_frag	N19598	0	0.9999
stock_b2000_frag	N19641	1	0.2218
fix_b2000_frag	N19641	1	0.2218
fix_b5000_frag	N19641	1	0.2221
stock_b5000_frag	N19641	2	1.0000
bug2only_b5000_frag	N19641	1	0.2221
bug1only_b5000_frag	N19641	2	1.0000
stock_b2000_frag	N19672	2	0.0685
fix_b2000_frag	N19672	2	0.0685
fix_b5000_frag	N19672	2	0.0685
stock_b5000_frag	N19672	5	0.9970
bug2only_b5000_frag	N19672	2	0.0685
bug1only_b5000_frag	N19672	5	0.9970
stock_b2000_frag	N19817	0	0.9120
fix_b2000_frag	N19817	0	0.9120
fix_b5000_frag	N19817	0	0.9119
stock_b5000_frag	N19817	0	0.8041
bug2only_b5000_frag	N19817	0	0.9119
bug1only_b5000_frag	N19817	0	0.8041
stock_b2000_frag	N19875	1	0.2505
fix_b2000_frag	N19875	1	0.2505
fix_b5000_frag	N19875	1	0.2509
stock_b5000_frag	N19875	1	0.2500
bug2only_b5000_frag	N19875	1	0.2509
bug1only_b5000_frag	N19875	1	0.2500
stock_b2000_frag	N19989	1	0.1539
fix_b2000_frag	N19989	1	0.1539
fix_b5000_frag	N19989	1	0.1547
stock_b5000_frag	N19989	1	0.1547
bug2only_b5000_frag	N19989	1	0.1547
bug1only_b5000_frag	N19989	1	0.1547
stock_b2000_frag	N20020	0	0.8519
fix_b2000_frag	N20020	0	0.8519
fix_b5000_frag	N20020	0	0.8001
stock_b5000_frag	N20020	0	0.8441
bug2only_b5000_frag	N20020	0	0.8001
bug1only_b5000_frag	N20020	0	0.8441
stock_b2000_frag	N20117	0	0.3734
fix_b2000_frag	N20117	0	0.3734
fix_b5000_frag	N20117	0	0.3736
stock_b5000_frag	N20117	1	0.5016
bug2only_b5000_frag	N20117	0	0.3736
bug1only_b5000_frag	N20117	1	0.5016
stock_b2000_frag	N20198	0	0.3599
fix_b2000_frag	N20198	0	0.3599
fix_b5000_frag	N20198	0	0.3602
stock_b5000_frag	N20198	1	0.5033
bug2only_b5000_frag	N20198	0	0.3602
bug1only_b5000_frag	N20198	1	0.5033
stock_b2000_frag	N20525	1	0.1238
fix_b2000_frag	N20525	1	0.1238
fix_b5000_frag	N20525	1	0.1217
stock_b5000_frag	N20525	6	1.0000
bug2only_b5000_frag	N20525	1	0.1217
bug1only_b5000_frag	N20525	6	1.0000
stock_b2000_frag	N20545	1	0.5467
fix_b2000_frag	N20545	1	0.5467
fix_b5000_frag	N20545	1	0.5467
stock_b5000_frag	N20545	1	0.5467
bug2only_b5000_frag	N20545	1	0.5467
bug1only_b5000_frag	N20545	1	0.5467
stock_b2000_frag	N20659	1	0.5899
fix_b2000_frag	N20659	1	0.5899
fix_b5000_frag	N20659	1	0.6034
stock_b5000_frag	N20659	3	1.0000
bug2only_b5000_frag	N20659	1	0.6034
bug1only_b5000_frag	N20659	3	1.0000
stock_b2000_frag	N20662	0	0.9999
fix_b2000_frag	N20662	0	0.9999
fix_b5000_frag	N20662	0	1.0000
stock_b5000_frag	N20662	0	0.6914
bug2only_b5000_frag	N20662	0	1.0000
bug1only_b5000_frag	N20662	0	0.6914
stock_b2000_frag	N20672	0	0.3211
fix_b2000_frag	N20672	0	0.3211
fix_b5000_frag	N20672	0	0.3211
stock_b5000_frag	N20672	5	1.0000
bug2only_b5000_frag	N20672	0	0.3211
bug1only_b5000_frag	N20672	5	1.0000
stock_b2000_frag	N20737	7	0.0266
fix_b2000_frag	N20737	7	0.0266
fix_b5000_frag	N20737	7	0.0265
stock_b5000_frag	N20737	7	0.0380
bug2only_b5000_frag	N20737	7	0.0265
bug1only_b5000_frag	N20737	7	0.0380
stock_b2000_frag	N20759	6	0.0428
fix_b2000_frag	N20759	6	0.0428
fix_b5000_frag	N20759	6	0.0428
stock_b5000_frag	N20759	1	0.7520
bug2only_b5000_frag	N20759	6	0.0428
bug1only_b5000_frag	N20759	1	0.7520
stock_b2000_frag	N20803	2	0.0869
fix_b2000_frag	N20803	2	0.0869
fix_b5000_frag	N20803	2	0.0866
stock_b5000_frag	N20803	2	0.0866
bug2only_b5000_frag	N20803	2	0.0866
bug1only_b5000_frag	N20803	2	0.0866
stock_b2000_frag	N20813	0	0.7027
fix_b2000_frag	N20813	0	0.7027
fix_b5000_frag	N20813	0	0.7125
stock_b5000_frag	N20813	6	0.5001
bug2only_b5000_frag	N20813	0	0.7125
bug1only_b5000_frag	N20813	6	0.5001
stock_b2000_frag	N20856	1	0.1540
fix_b2000_frag	N20856	1	0.1540
fix_b5000_frag	N20856	1	0.1547
stock_b5000_frag	N20856	7	1.0000
bug2only_b5000_frag	N20856	1	0.1547
bug1only_b5000_frag	N20856	7	1.0000
stock_b2000_frag	N20975	6	0.0432
fix_b2000_frag	N20975	6	0.0432
fix_b5000_frag	N20975	6	0.0432
stock_b5000_frag	N20975	8	0.0999
bug2only_b5000_frag	N20975	6	0.0432
bug1only_b5000_frag	N20975	8	0.0999
stock_b2000_frag	N2107	0	0.3315
fix_b2000_frag	N2107	0	0.3315
fix_b5000_frag	N2107	0	0.3316
stock_b5000_frag	N2107	0	0.3324
bug2only_b5000_frag	N2107	0	0.3316
bug1only_b5000_frag	N2107	0	0.3324
stock_b2000_frag	N21093	3	0.0298
fix_b2000_frag	N21093	3	0.0298
fix_b5000_frag	N21093	3	0.0298
stock_b5000_frag	N21093	9	0.4989
bug2only_b5000_frag	N21093	3	0.0298
bug1only_b5000_frag	N21093	9	0.4989
stock_b2000_frag	N21231	0	0.9998
fix_b2000_frag	N21231	0	0.9998
fix_b5000_frag	N21231	0	0.9998
stock_b5000_frag	N21231	0	1.0000
bug2only_b5000_frag	N21231	0	0.9998
bug1only_b5000_frag	N21231	0	1.0000
stock_b2000_frag	N21370	1	0.2050
fix_b2000_frag	N21370	1	0.2050
fix_b5000_frag	N21370	1	0.2050
stock_b5000_frag	N21370	1	0.2209
bug2only_b5000_frag	N21370	1	0.2050
bug1only_b5000_frag	N21370	1	0.2209
stock_b2000_frag	N2139	2	0.0724
fix_b2000_frag	N2139	2	0.0724
fix_b5000_frag	N2139	2	0.0726
stock_b5000_frag	N2139	5	1.0000
bug2only_b5000_frag	N2139	2	0.0726
bug1only_b5000_frag	N2139	5	1.0000
stock_b2000_frag	N21485	0	0.7445
fix_b2000_frag	N21485	0	0.7445
fix_b5000_frag	N21485	0	0.7462
stock_b5000_frag	N21485	0	0.8411
bug2only_b5000_frag	N21485	0	0.7462
bug1only_b5000_frag	N21485	0	0.8411
stock_b2000_frag	N21632	1	0.3695
fix_b2000_frag	N21632	1	0.3695
fix_b5000_frag	N21632	1	0.3832
stock_b5000_frag	N21632	1	0.3832
bug2only_b5000_frag	N21632	1	0.3832
bug1only_b5000_frag	N21632	1	0.3832
stock_b2000_frag	N2168	0	0.9709
fix_b2000_frag	N2168	0	0.9709
fix_b5000_frag	N2168	0	0.9756
stock_b5000_frag	N2168	0	0.9756
bug2only_b5000_frag	N2168	0	0.9756
bug1only_b5000_frag	N2168	0	0.9756
stock_b2000_frag	N21702	3	0.1425
fix_b2000_frag	N21702	3	0.1425
fix_b5000_frag	N21702	3	0.1427
stock_b5000_frag	N21702	2	1.0000
bug2only_b5000_frag	N21702	3	0.1427
bug1only_b5000_frag	N21702	2	1.0000
stock_b2000_frag	N2171	0	0.9949
fix_b2000_frag	N2171	0	0.9949
fix_b5000_frag	N2171	0	0.9961
stock_b5000_frag	N2171	0	0.9982
bug2only_b5000_frag	N2171	0	0.9961
bug1only_b5000_frag	N2171	0	0.9982
stock_b2000_frag	N21791	0	0.9286
fix_b2000_frag	N21791	0	0.9286
fix_b5000_frag	N21791	0	0.9308
stock_b5000_frag	N21791	0	0.9565
bug2only_b5000_frag	N21791	0	0.9308
bug1only_b5000_frag	N21791	0	0.9565
stock_b2000_frag	N21795	0	0.5913
fix_b2000_frag	N21795	0	0.5913
fix_b5000_frag	N21795	0	0.5836
stock_b5000_frag	N21795	3	1.0000
bug2only_b5000_frag	N21795	0	0.5836
bug1only_b5000_frag	N21795	3	1.0000
stock_b2000_frag	N2181	2	0.2125
fix_b2000_frag	N2181	2	0.2125
fix_b5000_frag	N2181	2	0.2109
stock_b5000_frag	N2181	1	0.9462
bug2only_b5000_frag	N2181	2	0.2109
bug1only_b5000_frag	N2181	1	0.9462
stock_b2000_frag	N21904	5	0.0375
fix_b2000_frag	N21904	5	0.0375
fix_b5000_frag	N21904	5	0.0375
stock_b5000_frag	N21904	2	0.9997
bug2only_b5000_frag	N21904	5	0.0375
bug1only_b5000_frag	N21904	2	0.9997
stock_b2000_frag	N21906	3	0.0810
fix_b2000_frag	N21906	3	0.0810
fix_b5000_frag	N21906	3	0.0812
stock_b5000_frag	N21906	6	0.5001
bug2only_b5000_frag	N21906	3	0.0812
bug1only_b5000_frag	N21906	6	0.5001
stock_b2000_frag	N21918	1	0.1970
fix_b2000_frag	N21918	1	0.1970
fix_b5000_frag	N21918	1	0.1980
stock_b5000_frag	N21918	1	0.9949
bug2only_b5000_frag	N21918	1	0.1980
bug1only_b5000_frag	N21918	1	0.9949
stock_b2000_frag	N22057	2	0.2246
fix_b2000_frag	N22057	2	0.2246
fix_b5000_frag	N22057	2	0.2244
stock_b5000_frag	N22057	1	1.0000
bug2only_b5000_frag	N22057	2	0.2244
bug1only_b5000_frag	N22057	1	1.0000
stock_b2000_frag	N22128	1	0.3833
fix_b2000_frag	N22128	1	0.3833
fix_b5000_frag	N22128	1	0.3815
stock_b5000_frag	N22128	0	0.9952
bug2only_b5000_frag	N22128	1	0.3815
bug1only_b5000_frag	N22128	0	0.9952
stock_b2000_frag	N22299	1	0.2808
fix_b2000_frag	N22299	1	0.2808
fix_b5000_frag	N22299	1	0.2842
stock_b5000_frag	N22299	1	0.4458
bug2only_b5000_frag	N22299	1	0.2842
bug1only_b5000_frag	N22299	1	0.4458
stock_b2000_frag	N22316	0	0.9999
fix_b2000_frag	N22316	0	0.9999
fix_b5000_frag	N22316	0	0.9999
stock_b5000_frag	N22316	6	1.0000
bug2only_b5000_frag	N22316	0	0.9999
bug1only_b5000_frag	N22316	6	1.0000
stock_b2000_frag	N22347	2	0.0971
fix_b2000_frag	N22347	2	0.0971
fix_b5000_frag	N22347	2	0.0968
stock_b5000_frag	N22347	6	0.9642
bug2only_b5000_frag	N22347	2	0.0968
bug1only_b5000_frag	N22347	6	0.9642
stock_b2000_frag	N22548	0	0.9993
fix_b2000_frag	N22548	0	0.9993
fix_b5000_frag	N22548	0	0.9996
stock_b5000_frag	N22548	1	1.0000
bug2only_b5000_frag	N22548	0	0.9996
bug1only_b5000_frag	N22548	1	1.0000
stock_b2000_frag	N22605	2	0.1114
fix_b2000_frag	N22605	2	0.1114
fix_b5000_frag	N22605	2	0.1114
stock_b5000_frag	N22605	7	0.5004
bug2only_b5000_frag	N22605	2	0.1114
bug1only_b5000_frag	N22605	7	0.5004
stock_b2000_frag	N22612	1	0.9982
fix_b2000_frag	N22612	1	0.9982
fix_b5000_frag	N22612	1	0.4435
stock_b5000_frag	N22612	0	0.4906
bug2only_b5000_frag	N22612	1	0.4435
bug1only_b5000_frag	N22612	0	0.4906
stock_b2000_frag	N22706	0	0.8383
fix_b2000_frag	N22706	0	0.8383
fix_b5000_frag	N22706	0	0.8209
stock_b5000_frag	N22706	4	1.0000
bug2only_b5000_frag	N22706	0	0.8209
bug1only_b5000_frag	N22706	4	1.0000
stock_b2000_frag	N2273	0	0.8958
fix_b2000_frag	N2273	0	0.8958
fix_b5000_frag	N2273	0	0.8975
stock_b5000_frag	N2273	0	0.8975
bug2only_b5000_frag	N2273	0	0.8975
bug1only_b5000_frag	N2273	0	0.8975
stock_b2000_frag	N22755	0	0.9207
fix_b2000_frag	N22755	0	0.9207
fix_b5000_frag	N22755	0	0.9192
stock_b5000_frag	N22755	0	0.9840
bug2only_b5000_frag	N22755	0	0.9192
bug1only_b5000_frag	N22755	0	0.9840
stock_b2000_frag	N22828	0	0.0946
fix_b2000_frag	N22828	0	0.0946
fix_b5000_frag	N22828	0	0.0948
stock_b5000_frag	N22828	3	1.0000
bug2only_b5000_frag	N22828	0	0.0948
bug1only_b5000_frag	N22828	3	1.0000
stock_b2000_frag	N22913	0	0.1497
fix_b2000_frag	N22913	0	0.1497
fix_b5000_frag	N22913	0	0.1485
stock_b5000_frag	N22913	5	1.0000
bug2only_b5000_frag	N22913	0	0.1485
bug1only_b5000_frag	N22913	5	1.0000
stock_b2000_frag	N23085	1	0.1451
fix_b2000_frag	N23085	1	0.1451
fix_b5000_frag	N23085	1	0.1446
stock_b5000_frag	N23085	1	0.1723
bug2only_b5000_frag	N23085	1	0.1446
bug1only_b5000_frag	N23085	1	0.1723
stock_b2000_frag	N23134	0	0.7134
fix_b2000_frag	N23134	0	0.7134
fix_b5000_frag	N23134	0	0.6640
stock_b5000_frag	N23134	7	0.9981
bug2only_b5000_frag	N23134	0	0.6640
bug1only_b5000_frag	N23134	7	0.9981
stock_b2000_frag	N233	0	0.7855
fix_b2000_frag	N233	0	0.7855
fix_b5000_frag	N233	0	0.8015
stock_b5000_frag	N233	8	1.0000
bug2only_b5000_frag	N233	0	0.8015
bug1only_b5000_frag	N233	4	1.0000
stock_b2000_frag	N23339	1	0.0667
fix_b2000_frag	N23339	1	0.0667
fix_b5000_frag	N23339	1	0.0667
stock_b5000_frag	N23339	4	0.0667
bug2only_b5000_frag	N23339	1	0.0667
bug1only_b5000_frag	N23339	4	0.0667
stock_b2000_frag	N23435	0	0.2489
fix_b2000_frag	N23435	0	0.2489
fix_b5000_frag	N23435	0	0.2697
stock_b5000_frag	N23435	0	0.2648
bug2only_b5000_frag	N23435	0	0.2697
bug1only_b5000_frag	N23435	0	0.2648
stock_b2000_frag	N23469	5	0.0690
fix_b2000_frag	N23469	5	0.0690
fix_b5000_frag	N23469	4	0.0611
stock_b5000_frag	N23469	4	0.0962
bug2only_b5000_frag	N23469	4	0.0611
bug1only_b5000_frag	N23469	4	0.0962
stock_b2000_frag	N23483	2	0.1076
fix_b2000_frag	N23483	2	0.1076
fix_b5000_frag	N23483	2	0.1075
stock_b5000_frag	N23483	9	1.0000
bug2only_b5000_frag	N23483	2	0.1075
bug1only_b5000_frag	N23483	9	1.0000
stock_b2000_frag	N23527	4	0.0801
fix_b2000_frag	N23527	4	0.0801
fix_b5000_frag	N23527	4	0.0801
stock_b5000_frag	N23527	4	0.1570
bug2only_b5000_frag	N23527	4	0.0801
bug1only_b5000_frag	N23527	4	0.1570
stock_b2000_frag	N23576	0	0.0526
fix_b2000_frag	N23576	0	0.0526
fix_b5000_frag	N23576	0	0.0526
stock_b5000_frag	N23576	13	0.9838
bug2only_b5000_frag	N23576	0	0.0526
bug1only_b5000_frag	N23576	13	0.9838
stock_b2000_frag	N2363	2	0.2113
fix_b2000_frag	N2363	2	0.2113
fix_b5000_frag	N2363	2	0.2073
stock_b5000_frag	N2363	2	0.9731
bug2only_b5000_frag	N2363	2	0.2073
bug1only_b5000_frag	N2363	2	0.9731
stock_b2000_frag	N23662	4	0.0080
fix_b2000_frag	N23662	4	0.0080
fix_b5000_frag	N23662	4	0.0080
stock_b5000_frag	N23662	13	1.0000
bug2only_b5000_frag	N23662	4	0.0080
bug1only_b5000_frag	N23662	13	1.0000
stock_b2000_frag	N23816	4	0.0200
fix_b2000_frag	N23816	4	0.0200
fix_b5000_frag	N23816	4	0.0205
stock_b5000_frag	N23816	4	0.0400
bug2only_b5000_frag	N23816	4	0.0205
bug1only_b5000_frag	N23816	4	0.0400
stock_b2000_frag	N23851	4	0.0096
fix_b2000_frag	N23851	4	0.0096
fix_b5000_frag	N23851	4	0.0097
stock_b5000_frag	N23851	14	1.0000
bug2only_b5000_frag	N23851	4	0.0097
bug1only_b5000_frag	N23851	14	1.0000
stock_b2000_frag	N23908	0	0.6746
fix_b2000_frag	N23908	0	0.6746
fix_b5000_frag	N23908	0	0.6970
stock_b5000_frag	N23908	15	1.0000
bug2only_b5000_frag	N23908	0	0.6970
bug1only_b5000_frag	N23908	15	1.0000
stock_b2000_frag	N23926	0	0.1006
fix_b2000_frag	N23926	0	0.1006
fix_b5000_frag	N23926	0	0.0758
stock_b5000_frag	N23926	14	1.0000
bug2only_b5000_frag	N23926	0	0.0758
bug1only_b5000_frag	N23926	14	1.0000
stock_b2000_frag	N23929	0	0.9999
fix_b2000_frag	N23929	0	0.9999
fix_b5000_frag	N23929	0	0.9999
stock_b5000_frag	N23929	0	1.0000
bug2only_b5000_frag	N23929	0	0.9999
bug1only_b5000_frag	N23929	0	1.0000
stock_b2000_frag	N24058	7	0.0390
fix_b2000_frag	N24058	7	0.0390
fix_b5000_frag	N24058	7	0.0391
stock_b5000_frag	N24058	7	0.6056
bug2only_b5000_frag	N24058	7	0.0391
bug1only_b5000_frag	N24058	7	0.6056
stock_b2000_frag	N24259	1	0.0753
fix_b2000_frag	N24259	1	0.0753
fix_b5000_frag	N24259	1	0.0761
stock_b5000_frag	N24259	14	1.0000
bug2only_b5000_frag	N24259	1	0.0761
bug1only_b5000_frag	N24259	14	1.0000
stock_b2000_frag	N24366	1	0.0777
fix_b2000_frag	N24366	1	0.0777
fix_b5000_frag	N24366	1	0.0779
stock_b5000_frag	N24366	11	0.5004
bug2only_b5000_frag	N24366	1	0.0779
bug1only_b5000_frag	N24366	11	0.5004
stock_b2000_frag	N24373	2	0.0762
fix_b2000_frag	N24373	2	0.0762
fix_b5000_frag	N24373	2	0.0764
stock_b5000_frag	N24373	10	0.3852
bug2only_b5000_frag	N24373	2	0.0764
bug1only_b5000_frag	N24373	10	0.3852
stock_b2000_frag	N24536	0	0.2559
fix_b2000_frag	N24536	0	0.2559
fix_b5000_frag	N24536	0	0.2554
stock_b5000_frag	N24536	1	0.5098
bug2only_b5000_frag	N24536	0	0.2554
bug1only_b5000_frag	N24536	1	0.5098
stock_b2000_frag	N24613	2	0.0162
fix_b2000_frag	N24613	2	0.0162
fix_b5000_frag	N24613	2	0.0162
stock_b5000_frag	N24613	2	0.0162
bug2only_b5000_frag	N24613	2	0.0162
bug1only_b5000_frag	N24613	2	0.0162
stock_b2000_frag	N24746	1	0.0287
fix_b2000_frag	N24746	1	0.0287
fix_b5000_frag	N24746	1	0.0291
stock_b5000_frag	N24746	26	0.5007
bug2only_b5000_frag	N24746	1	0.0291
bug1only_b5000_frag	N24746	26	0.5007
stock_b2000_frag	N24759	3	0.0433
fix_b2000_frag	N24759	3	0.0433
fix_b5000_frag	N24759	3	0.0426
stock_b5000_frag	N24759	8	0.3455
bug2only_b5000_frag	N24759	3	0.0426
bug1only_b5000_frag	N24759	8	0.3455
stock_b2000_frag	N24824	17	0.0045
fix_b2000_frag	N24824	17	0.0045
fix_b5000_frag	N24824	17	0.0045
stock_b5000_frag	N24824	15	0.3333
bug2only_b5000_frag	N24824	9	0.0045
bug1only_b5000_frag	N24824	15	0.3333
stock_b2000_frag	N24898	1	0.1813
fix_b2000_frag	N24898	1	0.1813
fix_b5000_frag	N24898	1	0.1727
stock_b5000_frag	N24898	21	1.0000
bug2only_b5000_frag	N24898	1	0.1727
bug1only_b5000_frag	N24898	21	1.0000
stock_b2000_frag	N24900	6	0.0411
fix_b2000_frag	N24900	6	0.0411
fix_b5000_frag	N24900	6	0.0411
stock_b5000_frag	N24900	17	0.9115
bug2only_b5000_frag	N24900	6	0.0411
bug1only_b5000_frag	N24900	17	0.9115
stock_b2000_frag	N24905	5	0.0524
fix_b2000_frag	N24905	5	0.0524
fix_b5000_frag	N24905	5	0.0524
stock_b5000_frag	N24905	19	1.0000
bug2only_b5000_frag	N24905	5	0.0524
bug1only_b5000_frag	N24905	19	1.0000
stock_b2000_frag	N24936	1	0.1386
fix_b2000_frag	N24936	1	0.1386
fix_b5000_frag	N24936	1	0.1405
stock_b5000_frag	N24936	22	0.4653
bug2only_b5000_frag	N24936	1	0.1405
bug1only_b5000_frag	N24936	22	0.4653
stock_b2000_frag	N25120	9	0.0332
fix_b2000_frag	N25120	9	0.0332
fix_b5000_frag	N25120	9	0.0332
stock_b5000_frag	N25120	23	1.0000
bug2only_b5000_frag	N25120	9	0.0332
bug1only_b5000_frag	N25120	23	1.0000
stock_b2000_frag	N25206	3	0.0123
fix_b2000_frag	N25206	3	0.0123
fix_b5000_frag	N25206	3	0.0123
stock_b5000_frag	N25206	27	1.0000
bug2only_b5000_frag	N25206	3	0.0123
bug1only_b5000_frag	N25206	27	1.0000
stock_b2000_frag	N25244	1	0.1421
fix_b2000_frag	N25244	1	0.1421
fix_b5000_frag	N25244	1	0.1425
stock_b5000_frag	N25244	4	1.0000
bug2only_b5000_frag	N25244	1	0.1425
bug1only_b5000_frag	N25244	4	1.0000
stock_b2000_frag	N25300	5	0.0351
fix_b2000_frag	N25300	5	0.0351
fix_b5000_frag	N25300	1	0.0351
stock_b5000_frag	N25300	11	1.0000
bug2only_b5000_frag	N25300	1	0.0351
bug1only_b5000_frag	N25300	11	1.0000
stock_b2000_frag	N25330	3	0.0310
fix_b2000_frag	N25330	3	0.0310
fix_b5000_frag	N25330	3	0.0346
stock_b5000_frag	N25330	7	0.2535
bug2only_b5000_frag	N25330	3	0.0346
bug1only_b5000_frag	N25330	7	0.2535
stock_b2000_frag	N25334	1	0.0274
fix_b2000_frag	N25334	1	0.0274
fix_b5000_frag	N25334	1	0.0308
stock_b5000_frag	N25334	14	1.0000
bug2only_b5000_frag	N25334	1	0.0308
bug1only_b5000_frag	N25334	14	1.0000
stock_b2000_frag	N25370	3	0.0250
fix_b2000_frag	N25370	3	0.0250
fix_b5000_frag	N25370	1	0.0250
stock_b5000_frag	N25370	10	0.5367
bug2only_b5000_frag	N25370	1	0.0250
bug1only_b5000_frag	N25370	10	0.5367
stock_b2000_frag	N2538	1	0.3207
fix_b2000_frag	N2538	1	0.3207
fix_b5000_frag	N2538	1	0.3204
stock_b5000_frag	N2538	8	0.9618
bug2only_b5000_frag	N2538	1	0.3204
bug1only_b5000_frag	N2538	8	0.9618
stock_b2000_frag	N2569	0	0.3410
fix_b2000_frag	N2569	0	0.3410
fix_b5000_frag	N2569	0	0.3413
stock_b5000_frag	N2569	0	0.3413
bug2only_b5000_frag	N2569	0	0.3413
bug1only_b5000_frag	N2569	0	0.3413
stock_b2000_frag	N25735	2	0.1159
fix_b2000_frag	N25735	2	0.1159
fix_b5000_frag	N25735	2	0.1158
stock_b5000_frag	N25735	7	1.0000
bug2only_b5000_frag	N25735	2	0.1158
bug1only_b5000_frag	N25735	7	1.0000
stock_b2000_frag	N25849	2	0.0913
fix_b2000_frag	N25849	2	0.0913
fix_b5000_frag	N25849	2	0.0914
stock_b5000_frag	N25849	4	0.0914
bug2only_b5000_frag	N25849	2	0.0914
bug1only_b5000_frag	N25849	4	0.0914
stock_b2000_frag	N25874	5	0.0190
fix_b2000_frag	N25874	4	0.0190
fix_b5000_frag	N25874	5	0.0190
stock_b5000_frag	N25874	5	0.0260
bug2only_b5000_frag	N25874	5	0.0190
bug1only_b5000_frag	N25874	5	0.0260
stock_b2000_frag	N25940	4	0.0374
fix_b2000_frag	N25940	4	0.0374
fix_b5000_frag	N25940	4	0.0374
stock_b5000_frag	N25940	0	0.5038
bug2only_b5000_frag	N25940	4	0.0374
bug1only_b5000_frag	N25940	0	0.5038
stock_b2000_frag	N25965	0	0.6443
fix_b2000_frag	N25965	0	0.6443
fix_b5000_frag	N25965	0	0.6279
stock_b5000_frag	N25965	3	1.0000
bug2only_b5000_frag	N25965	0	0.6279
bug1only_b5000_frag	N25965	3	1.0000
stock_b2000_frag	N26110	1	0.1079
fix_b2000_frag	N26110	1	0.1079
fix_b5000_frag	N26110	1	0.1071
stock_b5000_frag	N26110	7	0.1669
bug2only_b5000_frag	N26110	1	0.1071
bug1only_b5000_frag	N26110	7	0.1669
stock_b2000_frag	N26289	6	0.0048
fix_b2000_frag	N26289	6	0.0048
fix_b5000_frag	N26289	8	0.0048
stock_b5000_frag	N26289	4	1.0000
bug2only_b5000_frag	N26289	8	0.0048
bug1only_b5000_frag	N26289	4	1.0000
stock_b2000_frag	N26310	6	0.0242
fix_b2000_frag	N26310	6	0.0242
fix_b5000_frag	N26310	6	0.0240
stock_b5000_frag	N26310	5	0.0913
bug2only_b5000_frag	N26310	6	0.0240
bug1only_b5000_frag	N26310	5	0.0913
stock_b2000_frag	N26335	0	0.9012
fix_b2000_frag	N26335	0	0.9012
fix_b5000_frag	N26335	0	0.8987
stock_b5000_frag	N26335	0	0.9112
bug2only_b5000_frag	N26335	0	0.8987
bug1only_b5000_frag	N26335	0	0.9112
stock_b2000_frag	N26350	2	0.0371
fix_b2000_frag	N26350	2	0.0371
fix_b5000_frag	N26350	2	0.0372
stock_b5000_frag	N26350	18	0.5007
bug2only_b5000_frag	N26350	2	0.0372
bug1only_b5000_frag	N26350	18	0.5007
stock_b2000_frag	N2641	0	0.1160
fix_b2000_frag	N2641	0	0.1160
fix_b5000_frag	N2641	0	0.1160
stock_b5000_frag	N2641	5	1.0000
bug2only_b5000_frag	N2641	0	0.1160
bug1only_b5000_frag	N2641	5	1.0000
stock_b2000_frag	N26695	2	0.1933
fix_b2000_frag	N26695	2	0.1933
fix_b5000_frag	N26695	2	0.1933
stock_b5000_frag	N26695	14	1.0000
bug2only_b5000_frag	N26695	2	0.1933
bug1only_b5000_frag	N26695	14	1.0000
stock_b2000_frag	N26711	0	0.3357
fix_b2000_frag	N26711	0	0.3357
fix_b5000_frag	N26711	0	0.3385
stock_b5000_frag	N26711	15	0.5002
bug2only_b5000_frag	N26711	0	0.3385
bug1only_b5000_frag	N26711	15	0.5002
stock_b2000_frag	N27123	3	0.0116
fix_b2000_frag	N27123	3	0.0116
fix_b5000_frag	N27123	5	0.0116
stock_b5000_frag	N27123	8	0.3333
bug2only_b5000_frag	N27123	5	0.0116
bug1only_b5000_frag	N27123	8	0.3333
stock_b2000_frag	N27276	3	0.1675
fix_b2000_frag	N27276	3	0.1675
fix_b5000_frag	N27276	3	0.1685
stock_b5000_frag	N27276	3	0.3631
bug2only_b5000_frag	N27276	3	0.1685
bug1only_b5000_frag	N27276	3	0.3631
stock_b2000_frag	N27378	0	0.4202
fix_b2000_frag	N27378	0	0.4202
fix_b5000_frag	N27378	0	0.4612
stock_b5000_frag	N27378	7	1.0000
bug2only_b5000_frag	N27378	0	0.4612
bug1only_b5000_frag	N27378	7	1.0000
stock_b2000_frag	N27479	0	0.9988
fix_b2000_frag	N27479	0	0.9988
fix_b5000_frag	N27479	0	0.9990
stock_b5000_frag	N27479	0	0.9990
bug2only_b5000_frag	N27479	0	0.9990
bug1only_b5000_frag	N27479	0	0.9990
stock_b2000_frag	N275	0	0.5799
fix_b2000_frag	N275	0	0.5799
fix_b5000_frag	N275	0	0.5804
stock_b5000_frag	N275	4	1.0000
bug2only_b5000_frag	N275	0	0.5804
bug1only_b5000_frag	N275	4	1.0000
stock_b2000_frag	N27505	1	0.0721
fix_b2000_frag	N27505	1	0.0721
fix_b5000_frag	N27505	1	0.0720
stock_b5000_frag	N27505	3	0.5014
bug2only_b5000_frag	N27505	1	0.0720
bug1only_b5000_frag	N27505	3	0.5014
stock_b2000_frag	N27546	1	0.3670
fix_b2000_frag	N27546	1	0.3670
fix_b5000_frag	N27546	1	0.3657
stock_b5000_frag	N27546	2	1.0000
bug2only_b5000_frag	N27546	1	0.3657
bug1only_b5000_frag	N27546	2	1.0000
stock_b2000_frag	N27641	11	0.0171
fix_b2000_frag	N27641	11	0.0171
fix_b5000_frag	N27641	11	0.0171
stock_b5000_frag	N27641	3	0.3333
bug2only_b5000_frag	N27641	11	0.0171
bug1only_b5000_frag	N27641	3	0.3333
stock_b2000_frag	N27812	1	0.0224
fix_b2000_frag	N27812	1	0.0224
fix_b5000_frag	N27812	1	0.0224
stock_b5000_frag	N27812	3	0.3302
bug2only_b5000_frag	N27812	1	0.0224
bug1only_b5000_frag	N27812	3	0.3302
stock_b2000_frag	N27938	6	0.9053
fix_b2000_frag	N27938	6	0.9053
fix_b5000_frag	N27938	6	0.9197
stock_b5000_frag	N27938	12	1.0000
bug2only_b5000_frag	N27938	6	0.9197
bug1only_b5000_frag	N27938	12	1.0000
stock_b2000_frag	N27961	1	0.0661
fix_b2000_frag	N27961	1	0.0661
fix_b5000_frag	N27961	1	0.0663
stock_b5000_frag	N27961	12	0.2318
bug2only_b5000_frag	N27961	1	0.0663
bug1only_b5000_frag	N27961	12	0.2318
stock_b2000_frag	N28186	1	0.1111
fix_b2000_frag	N28186	1	0.1111
fix_b5000_frag	N28186	1	0.1111
stock_b5000_frag	N28186	1	0.1665
bug2only_b5000_frag	N28186	1	0.1111
bug1only_b5000_frag	N28186	1	0.1665
stock_b2000_frag	N28375	0	0.2091
fix_b2000_frag	N28375	0	0.2091
fix_b5000_frag	N28375	0	0.2099
stock_b5000_frag	N28375	0	0.2111
bug2only_b5000_frag	N28375	0	0.2099
bug1only_b5000_frag	N28375	0	0.2111
stock_b2000_frag	N28410	0	0.8096
fix_b2000_frag	N28410	0	0.8096
fix_b5000_frag	N28410	0	0.7905
stock_b5000_frag	N28410	0	0.9541
bug2only_b5000_frag	N28410	0	0.7905
bug1only_b5000_frag	N28410	0	0.9541
stock_b2000_frag	N28514	3	0.0404
fix_b2000_frag	N28514	3	0.0404
fix_b5000_frag	N28514	3	0.0404
stock_b5000_frag	N28514	1	0.6471
bug2only_b5000_frag	N28514	3	0.0404
bug1only_b5000_frag	N28514	1	0.6471
stock_b2000_frag	N28522	1	0.1100
fix_b2000_frag	N28522	1	0.1100
fix_b5000_frag	N28522	1	0.1100
stock_b5000_frag	N28522	7	1.0000
bug2only_b5000_frag	N28522	1	0.1100
bug1only_b5000_frag	N28522	7	1.0000
stock_b2000_frag	N28624	4	0.0268
fix_b2000_frag	N28624	4	0.0268
fix_b5000_frag	N28624	4	0.0267
stock_b5000_frag	N28624	11	0.3334
bug2only_b5000_frag	N28624	4	0.0267
bug1only_b5000_frag	N28624	11	0.3334
stock_b2000_frag	N28661	0	0.7072
fix_b2000_frag	N28661	0	0.7072
fix_b5000_frag	N28661	0	0.6977
stock_b5000_frag	N28661	8	0.9713
bug2only_b5000_frag	N28661	0	0.6977
bug1only_b5000_frag	N28661	8	0.9713
stock_b2000_frag	N28749	0	0.1718
fix_b2000_frag	N28749	0	0.1718
fix_b5000_frag	N28749	0	0.1712
stock_b5000_frag	N28749	5	1.0000
bug2only_b5000_frag	N28749	0	0.1712
bug1only_b5000_frag	N28749	5	1.0000
stock_b2000_frag	N2881	1	0.1423
fix_b2000_frag	N2881	1	0.1423
fix_b5000_frag	N2881	1	0.1422
stock_b5000_frag	N2881	6	1.0000
bug2only_b5000_frag	N2881	1	0.1422
bug1only_b5000_frag	N2881	6	1.0000
stock_b2000_frag	N28829	1	0.3326
fix_b2000_frag	N28829	1	0.3326
fix_b5000_frag	N28829	1	0.3326
stock_b5000_frag	N28829	6	0.9675
bug2only_b5000_frag	N28829	1	0.3326
bug1only_b5000_frag	N28829	6	0.9675
stock_b2000_frag	N28881	0	0.0185
fix_b2000_frag	N28881	0	0.0185
fix_b5000_frag	N28881	0	0.0185
stock_b5000_frag	N28881	13	1.0000
bug2only_b5000_frag	N28881	0	0.0185
bug1only_b5000_frag	N28881	13	1.0000
stock_b2000_frag	N2890	5	0.0226
fix_b2000_frag	N2890	5	0.0226
fix_b5000_frag	N2890	5	0.0225
stock_b5000_frag	N2890	4	1.0000
bug2only_b5000_frag	N2890	5	0.0225
bug1only_b5000_frag	N2890	4	1.0000
stock_b2000_frag	N29064	0	0.9673
fix_b2000_frag	N29064	0	0.9673
fix_b5000_frag	N29064	0	0.9550
stock_b5000_frag	N29064	0	0.9619
bug2only_b5000_frag	N29064	0	0.9550
bug1only_b5000_frag	N29064	0	0.9619
stock_b2000_frag	N29110	0	0.5988
fix_b2000_frag	N29110	0	0.5988
fix_b5000_frag	N29110	0	0.5452
stock_b5000_frag	N29110	0	0.7041
bug2only_b5000_frag	N29110	0	0.5452
bug1only_b5000_frag	N29110	0	0.7041
stock_b2000_frag	N29171	0	0.0925
fix_b2000_frag	N29171	0	0.0925
fix_b5000_frag	N29171	0	0.0960
stock_b5000_frag	N29171	6	0.9516
bug2only_b5000_frag	N29171	0	0.0960
bug1only_b5000_frag	N29171	6	0.9516
stock_b2000_frag	N29309	0	0.3658
fix_b2000_frag	N29309	0	0.3658
fix_b5000_frag	N29309	2	0.2029
stock_b5000_frag	N29309	2	1.0000
bug2only_b5000_frag	N29309	2	0.2029
bug1only_b5000_frag	N29309	2	1.0000
stock_b2000_frag	N29360	1	0.3719
fix_b2000_frag	N29360	1	0.3719
fix_b5000_frag	N29360	1	0.3723
stock_b5000_frag	N29360	2	1.0000
bug2only_b5000_frag	N29360	1	0.3723
bug1only_b5000_frag	N29360	2	1.0000
stock_b2000_frag	N29433	0	0.6449
fix_b2000_frag	N29433	0	0.6449
fix_b5000_frag	N29433	0	0.7031
stock_b5000_frag	N29433	4	1.0000
bug2only_b5000_frag	N29433	0	0.7031
bug1only_b5000_frag	N29433	4	1.0000
stock_b2000_frag	N29439	3	0.0111
fix_b2000_frag	N29439	3	0.0111
fix_b5000_frag	N29439	3	0.0112
stock_b5000_frag	N29439	2	0.1965
bug2only_b5000_frag	N29439	3	0.0112
bug1only_b5000_frag	N29439	2	0.1965
stock_b2000_frag	N29484	1	0.3303
fix_b2000_frag	N29484	1	0.3303
fix_b5000_frag	N29484	1	0.3299
stock_b5000_frag	N29484	10	1.0000
bug2only_b5000_frag	N29484	1	0.3299
bug1only_b5000_frag	N29484	10	1.0000
stock_b2000_frag	N29537	2	0.0085
fix_b2000_frag	N29537	2	0.0085
fix_b5000_frag	N29537	2	0.0085
stock_b5000_frag	N29537	8	1.0000
bug2only_b5000_frag	N29537	2	0.0085
bug1only_b5000_frag	N29537	8	1.0000
stock_b2000_frag	N29646	10	0.0103
fix_b2000_frag	N29646	10	0.0103
fix_b5000_frag	N29646	10	0.0103
stock_b5000_frag	N29646	11	0.2503
bug2only_b5000_frag	N29646	10	0.0103
bug1only_b5000_frag	N29646	11	0.2503
stock_b2000_frag	N29744	7	0.0141
fix_b2000_frag	N29744	7	0.0141
fix_b5000_frag	N29744	7	0.0141
stock_b5000_frag	N29744	10	0.2510
bug2only_b5000_frag	N29744	7	0.0141
bug1only_b5000_frag	N29744	10	0.2510
stock_b2000_frag	N29754	1	0.0877
fix_b2000_frag	N29754	1	0.0877
fix_b5000_frag	N29754	1	0.0889
stock_b5000_frag	N29754	18	1.0000
bug2only_b5000_frag	N29754	1	0.0889
bug1only_b5000_frag	N29754	18	1.0000
stock_b2000_frag	N29793	9	0.0142
fix_b2000_frag	N29793	9	0.0142
fix_b5000_frag	N29793	9	0.0142
stock_b5000_frag	N29793	5	0.0878
bug2only_b5000_frag	N29793	9	0.0142
bug1only_b5000_frag	N29793	5	0.0878
stock_b2000_frag	N29814	0	1.0000
fix_b2000_frag	N29814	0	1.0000
fix_b5000_frag	N29814	0	1.0000
stock_b5000_frag	N29814	0	1.0000
bug2only_b5000_frag	N29814	0	1.0000
bug1only_b5000_frag	N29814	0	1.0000
stock_b2000_frag	N29834	1	0.5533
fix_b2000_frag	N29834	1	0.5533
fix_b5000_frag	N29834	1	0.5631
stock_b5000_frag	N29834	1	0.5631
bug2only_b5000_frag	N29834	1	0.5631
bug1only_b5000_frag	N29834	1	0.5631
stock_b2000_frag	N29882	0	0.9964
fix_b2000_frag	N29882	0	0.9964
fix_b5000_frag	N29882	0	0.9965
stock_b5000_frag	N29882	4	1.0000
bug2only_b5000_frag	N29882	0	0.9965
bug1only_b5000_frag	N29882	4	1.0000
stock_b2000_frag	N29887	0	0.9929
fix_b2000_frag	N29887	0	0.9929
fix_b5000_frag	N29887	0	0.9869
stock_b5000_frag	N29887	5	1.0000
bug2only_b5000_frag	N29887	0	0.9869
bug1only_b5000_frag	N29887	5	1.0000
stock_b2000_frag	N29888	2	0.3821
fix_b2000_frag	N29888	2	0.3821
fix_b5000_frag	N29888	2	0.3881
stock_b5000_frag	N29888	1	1.0000
bug2only_b5000_frag	N29888	2	0.3881
bug1only_b5000_frag	N29888	1	1.0000
stock_b2000_frag	N30006	4	0.0576
fix_b2000_frag	N30006	4	0.0576
fix_b5000_frag	N30006	4	0.0576
stock_b5000_frag	N30006	3	1.0000
bug2only_b5000_frag	N30006	4	0.0576
bug1only_b5000_frag	N30006	3	1.0000
stock_b2000_frag	N30015	3	0.0275
fix_b2000_frag	N30015	3	0.0275
fix_b5000_frag	N30015	3	0.0276
stock_b5000_frag	N30015	5	1.0000
bug2only_b5000_frag	N30015	3	0.0276
bug1only_b5000_frag	N30015	5	1.0000
stock_b2000_frag	N30089	5	0.5071
fix_b2000_frag	N30089	5	0.5071
fix_b5000_frag	N30089	0	0.5270
stock_b5000_frag	N30089	8	1.0000
bug2only_b5000_frag	N30089	0	0.5270
bug1only_b5000_frag	N30089	8	1.0000
stock_b2000_frag	N30093	0	0.9958
fix_b2000_frag	N30093	0	0.9958
fix_b5000_frag	N30093	0	0.9941
stock_b5000_frag	N30093	0	0.9941
bug2only_b5000_frag	N30093	0	0.9941
bug1only_b5000_frag	N30093	0	0.9941
stock_b2000_frag	N30230	2	0.1415
fix_b2000_frag	N30230	2	0.1415
fix_b5000_frag	N30230	2	0.1416
stock_b5000_frag	N30230	3	0.6404
bug2only_b5000_frag	N30230	2	0.1416
bug1only_b5000_frag	N30230	3	0.6404
stock_b2000_frag	N30308	1	0.0776
fix_b2000_frag	N30308	1	0.0776
fix_b5000_frag	N30308	4	0.0778
stock_b5000_frag	N30308	5	0.5002
bug2only_b5000_frag	N30308	4	0.0778
bug1only_b5000_frag	N30308	5	0.5002
stock_b2000_frag	N3033	1	0.3734
fix_b2000_frag	N3033	1	0.3734
fix_b5000_frag	N3033	1	0.3732
stock_b5000_frag	N3033	1	0.5261
bug2only_b5000_frag	N3033	1	0.3732
bug1only_b5000_frag	N3033	1	0.5261
stock_b2000_frag	N30369	1	0.1439
fix_b2000_frag	N30369	1	0.1439
fix_b5000_frag	N30369	1	0.1442
stock_b5000_frag	N30369	1	0.2689
bug2only_b5000_frag	N30369	1	0.1442
bug1only_b5000_frag	N30369	1	0.2689
stock_b2000_frag	N30389	0	0.5725
fix_b2000_frag	N30389	0	0.5725
fix_b5000_frag	N30389	0	0.5726
stock_b5000_frag	N30389	11	1.0000
bug2only_b5000_frag	N30389	0	0.5726
bug1only_b5000_frag	N30389	11	1.0000
stock_b2000_frag	N30406	0	0.3350
fix_b2000_frag	N30406	0	0.3350
fix_b5000_frag	N30406	0	0.3347
stock_b5000_frag	N30406	7	1.0000
bug2only_b5000_frag	N30406	0	0.3347
bug1only_b5000_frag	N30406	7	1.0000
stock_b2000_frag	N30434	2	0.1539
fix_b2000_frag	N30434	2	0.1539
fix_b5000_frag	N30434	2	0.1538
stock_b5000_frag	N30434	6	1.0000
bug2only_b5000_frag	N30434	2	0.1538
bug1only_b5000_frag	N30434	6	1.0000
stock_b2000_frag	N30449	1	0.0953
fix_b2000_frag	N30449	1	0.0953
fix_b5000_frag	N30449	1	0.0959
stock_b5000_frag	N30449	1	0.0959
bug2only_b5000_frag	N30449	1	0.0959
bug1only_b5000_frag	N30449	1	0.0959
stock_b2000_frag	N30674	6	0.0534
fix_b2000_frag	N30674	6	0.0534
fix_b5000_frag	N30674	6	0.0534
stock_b5000_frag	N30674	7	0.0740
bug2only_b5000_frag	N30674	6	0.0534
bug1only_b5000_frag	N30674	7	0.0740
stock_b2000_frag	N30792	2	0.0689
fix_b2000_frag	N30792	2	0.0689
fix_b5000_frag	N30792	2	0.0689
stock_b5000_frag	N30792	6	1.0000
bug2only_b5000_frag	N30792	2	0.0689
bug1only_b5000_frag	N30792	6	1.0000
stock_b2000_frag	N30902	0	0.9947
fix_b2000_frag	N30902	0	0.9947
fix_b5000_frag	N30902	0	0.9970
stock_b5000_frag	N30902	1	0.4135
bug2only_b5000_frag	N30902	0	0.9970
bug1only_b5000_frag	N30902	1	0.4135
stock_b2000_frag	N30946	1	0.1514
fix_b2000_frag	N30946	1	0.1514
fix_b5000_frag	N30946	1	0.1514
stock_b5000_frag	N30946	6	1.0000
bug2only_b5000_frag	N30946	1	0.1514
bug1only_b5000_frag	N30946	6	1.0000
stock_b2000_frag	N31012	6	0.1431
fix_b2000_frag	N31012	6	0.1431
fix_b5000_frag	N31012	6	0.1346
stock_b5000_frag	N31012	7	0.8296
bug2only_b5000_frag	N31012	6	0.1346
bug1only_b5000_frag	N31012	7	0.8296
stock_b2000_frag	N31013	2	0.0472
fix_b2000_frag	N31013	2	0.0472
fix_b5000_frag	N31013	2	0.0473
stock_b5000_frag	N31013	13	1.0000
bug2only_b5000_frag	N31013	2	0.0473
bug1only_b5000_frag	N31013	13	1.0000
stock_b2000_frag	N31180	3	0.0901
fix_b2000_frag	N31180	3	0.0901
fix_b5000_frag	N31180	3	0.0900
stock_b5000_frag	N31180	5	0.9983
bug2only_b5000_frag	N31180	3	0.0900
bug1only_b5000_frag	N31180	5	0.9983
stock_b2000_frag	N31323	1	0.3338
fix_b2000_frag	N31323	1	0.3338
fix_b5000_frag	N31323	1	0.3338
stock_b5000_frag	N31323	1	0.8874
bug2only_b5000_frag	N31323	1	0.3338
bug1only_b5000_frag	N31323	1	0.8874
stock_b2000_frag	N31611	0	0.3252
fix_b2000_frag	N31611	0	0.3252
fix_b5000_frag	N31611	0	0.3250
stock_b5000_frag	N31611	4	1.0000
bug2only_b5000_frag	N31611	0	0.3250
bug1only_b5000_frag	N31611	4	1.0000
stock_b2000_frag	N31774	1	0.3633
fix_b2000_frag	N31774	1	0.3633
fix_b5000_frag	N31774	1	0.3681
stock_b5000_frag	N31774	1	0.5018
bug2only_b5000_frag	N31774	1	0.3681
bug1only_b5000_frag	N31774	1	0.5018
stock_b2000_frag	N31776	1	0.2201
fix_b2000_frag	N31776	1	0.2201
fix_b5000_frag	N31776	1	0.2217
stock_b5000_frag	N31776	1	0.9997
bug2only_b5000_frag	N31776	1	0.2217
bug1only_b5000_frag	N31776	1	0.9997
stock_b2000_frag	N31929	1	0.2654
fix_b2000_frag	N31929	1	0.2654
fix_b5000_frag	N31929	1	0.2631
stock_b5000_frag	N31929	2	1.0000
bug2only_b5000_frag	N31929	1	0.2631
bug1only_b5000_frag	N31929	2	1.0000
stock_b2000_frag	N32029	0	0.9925
fix_b2000_frag	N32029	0	0.9925
fix_b5000_frag	N32029	0	0.9924
stock_b5000_frag	N32029	10	1.0000
bug2only_b5000_frag	N32029	0	0.9924
bug1only_b5000_frag	N32029	10	1.0000
stock_b2000_frag	N32034	0	0.9990
fix_b2000_frag	N32034	0	0.9990
fix_b5000_frag	N32034	0	0.9991
stock_b5000_frag	N32034	2	1.0000
bug2only_b5000_frag	N32034	0	0.9991
bug1only_b5000_frag	N32034	2	1.0000
stock_b2000_frag	N32166	0	0.9768
fix_b2000_frag	N32166	0	0.9768
fix_b5000_frag	N32166	0	0.9768
stock_b5000_frag	N32166	11	0.3239
bug2only_b5000_frag	N32166	0	0.9768
bug1only_b5000_frag	N32166	11	0.3239
stock_b2000_frag	N3218	0	0.1353
fix_b2000_frag	N3218	0	0.1353
fix_b5000_frag	N3218	0	0.1297
stock_b5000_frag	N3218	22	1.0000
bug2only_b5000_frag	N3218	0	0.1297
bug1only_b5000_frag	N3218	22	1.0000
stock_b2000_frag	N32392	0	0.9895
fix_b2000_frag	N32392	0	0.9895
fix_b5000_frag	N32392	0	0.9880
stock_b5000_frag	N32392	7	0.5007
bug2only_b5000_frag	N32392	0	0.9880
bug1only_b5000_frag	N32392	7	0.5007
stock_b2000_frag	N32393	0	0.9996
fix_b2000_frag	N32393	0	0.9996
fix_b5000_frag	N32393	0	0.9996
stock_b5000_frag	N32393	1	1.0000
bug2only_b5000_frag	N32393	0	0.9996
bug1only_b5000_frag	N32393	1	1.0000
stock_b2000_frag	N324	1	0.0694
fix_b2000_frag	N324	1	0.0694
fix_b5000_frag	N324	1	0.0695
stock_b5000_frag	N324	14	0.3310
bug2only_b5000_frag	N324	1	0.0695
bug1only_b5000_frag	N324	14	0.5000
stock_b2000_frag	N32424	0	0.3348
fix_b2000_frag	N32424	0	0.3348
fix_b5000_frag	N32424	0	0.3347
stock_b5000_frag	N32424	7	0.5005
bug2only_b5000_frag	N32424	0	0.3347
bug1only_b5000_frag	N32424	7	0.5005
stock_b2000_frag	N32639	6	0.0291
fix_b2000_frag	N32639	6	0.0291
fix_b5000_frag	N32639	6	0.0290
stock_b5000_frag	N32639	2	1.0000
bug2only_b5000_frag	N32639	6	0.0290
bug1only_b5000_frag	N32639	2	1.0000
stock_b2000_frag	N32898	1	0.2007
fix_b2000_frag	N32898	1	0.2007
fix_b5000_frag	N32898	1	0.2007
stock_b5000_frag	N32898	0	0.5001
bug2only_b5000_frag	N32898	1	0.2007
bug1only_b5000_frag	N32898	0	0.5001
stock_b2000_frag	N33104	0	0.2871
fix_b2000_frag	N33104	0	0.2871
fix_b5000_frag	N33104	0	0.2756
stock_b5000_frag	N33104	11	1.0000
bug2only_b5000_frag	N33104	0	0.2756
bug1only_b5000_frag	N33104	11	1.0000
stock_b2000_frag	N3328	2	0.0733
fix_b2000_frag	N3328	2	0.0733
fix_b5000_frag	N3328	2	0.0733
stock_b5000_frag	N3328	3	0.1892
bug2only_b5000_frag	N3328	2	0.0733
bug1only_b5000_frag	N3328	3	0.1892
stock_b2000_frag	N33459	1	0.3346
fix_b2000_frag	N33459	1	0.3346
fix_b5000_frag	N33459	1	0.3344
stock_b5000_frag	N33459	0	0.9993
bug2only_b5000_frag	N33459	1	0.3344
bug1only_b5000_frag	N33459	0	0.9993
stock_b2000_frag	N33499	2	0.2056
fix_b2000_frag	N33499	2	0.2056
fix_b5000_frag	N33499	2	0.2064
stock_b5000_frag	N33499	1	0.3680
bug2only_b5000_frag	N33499	2	0.2064
bug1only_b5000_frag	N33499	1	0.3680
stock_b2000_frag	N33516	0	0.5624
fix_b2000_frag	N33516	0	0.5624
fix_b5000_frag	N33516	0	0.5347
stock_b5000_frag	N33516	4	1.0000
bug2only_b5000_frag	N33516	0	0.5347
bug1only_b5000_frag	N33516	4	1.0000
stock_b2000_frag	N33534	0	0.3382
fix_b2000_frag	N33534	0	0.3382
fix_b5000_frag	N33534	0	0.3384
stock_b5000_frag	N33534	0	0.9917
bug2only_b5000_frag	N33534	0	0.3384
bug1only_b5000_frag	N33534	0	0.9917
stock_b2000_frag	N33572	0	0.7697
fix_b2000_frag	N33572	0	0.7697
fix_b5000_frag	N33572	0	0.7716
stock_b5000_frag	N33572	0	0.7716
bug2only_b5000_frag	N33572	0	0.7716
bug1only_b5000_frag	N33572	0	0.7716
stock_b2000_frag	N33589	1	0.3264
fix_b2000_frag	N33589	1	0.3264
fix_b5000_frag	N33589	1	0.3255
stock_b5000_frag	N33589	3	0.2046
bug2only_b5000_frag	N33589	1	0.3255
bug1only_b5000_frag	N33589	3	0.2046
stock_b2000_frag	N33636	1	0.1117
fix_b2000_frag	N33636	1	0.1117
fix_b5000_frag	N33636	1	0.1117
stock_b5000_frag	N33636	1	0.1263
bug2only_b5000_frag	N33636	1	0.1117
bug1only_b5000_frag	N33636	1	0.1263
stock_b2000_frag	N33639	1	0.1438
fix_b2000_frag	N33639	1	0.1438
fix_b5000_frag	N33639	1	0.1437
stock_b5000_frag	N33639	1	0.2524
bug2only_b5000_frag	N33639	1	0.1437
bug1only_b5000_frag	N33639	1	0.2524
stock_b2000_frag	N33644	2	0.2153
fix_b2000_frag	N33644	2	0.2153
fix_b5000_frag	N33644	2	0.2157
stock_b5000_frag	N33644	2	0.2161
bug2only_b5000_frag	N33644	2	0.2157
bug1only_b5000_frag	N33644	2	0.2161
stock_b2000_frag	N33692	1	0.1492
fix_b2000_frag	N33692	1	0.1492
fix_b5000_frag	N33692	1	0.1492
stock_b5000_frag	N33692	27	1.0000
bug2only_b5000_frag	N33692	1	0.1492
bug1only_b5000_frag	N33692	27	1.0000
stock_b2000_frag	N33987	1	0.3358
fix_b2000_frag	N33987	1	0.3358
fix_b5000_frag	N33987	1	0.3358
stock_b5000_frag	N33987	1	0.5019
bug2only_b5000_frag	N33987	1	0.3358
bug1only_b5000_frag	N33987	1	0.5019
stock_b2000_frag	N34044	0	0.1179
fix_b2000_frag	N34044	0	0.1179
fix_b5000_frag	N34044	0	0.1171
stock_b5000_frag	N34044	12	1.0000
bug2only_b5000_frag	N34044	0	0.1171
bug1only_b5000_frag	N34044	12	1.0000
stock_b2000_frag	N34052	2	0.1140
fix_b2000_frag	N34052	2	0.1140
fix_b5000_frag	N34052	2	0.1134
stock_b5000_frag	N34052	6	0.9996
bug2only_b5000_frag	N34052	2	0.1134
bug1only_b5000_frag	N34052	6	0.9996
stock_b2000_frag	N34102	1	0.4744
fix_b2000_frag	N34102	1	0.4744
fix_b5000_frag	N34102	1	0.4825
stock_b5000_frag	N34102	1	1.0000
bug2only_b5000_frag	N34102	1	0.4825
bug1only_b5000_frag	N34102	1	1.0000
stock_b2000_frag	N3416	1	0.1537
fix_b2000_frag	N3416	1	0.1537
fix_b5000_frag	N3416	1	0.1540
stock_b5000_frag	N3416	11	1.0000
bug2only_b5000_frag	N3416	1	0.1540
bug1only_b5000_frag	N3416	11	1.0000
stock_b2000_frag	N34229	0	0.3339
fix_b2000_frag	N34229	0	0.3339
fix_b5000_frag	N34229	0	0.3339
stock_b5000_frag	N34229	1	1.0000
bug2only_b5000_frag	N34229	0	0.3339
bug1only_b5000_frag	N34229	1	1.0000
stock_b2000_frag	N34231	0	0.9918
fix_b2000_frag	N34231	0	0.9918
fix_b5000_frag	N34231	0	0.9943
stock_b5000_frag	N34231	8	0.9515
bug2only_b5000_frag	N34231	0	0.9943
bug1only_b5000_frag	N34231	8	0.9515
stock_b2000_frag	N34238	4	0.0573
fix_b2000_frag	N34238	4	0.0573
fix_b5000_frag	N34238	4	0.0575
stock_b5000_frag	N34238	5	1.0000
bug2only_b5000_frag	N34238	4	0.0575
bug1only_b5000_frag	N34238	5	1.0000
stock_b2000_frag	N34270	3	0.0619
fix_b2000_frag	N34270	3	0.0619
fix_b5000_frag	N34270	3	0.0620
stock_b5000_frag	N34270	9	0.9198
bug2only_b5000_frag	N34270	3	0.0620
bug1only_b5000_frag	N34270	9	0.9198
stock_b2000_frag	N34320	3	0.0225
fix_b2000_frag	N34320	3	0.0225
fix_b5000_frag	N34320	3	0.0225
stock_b5000_frag	N34320	10	1.0000
bug2only_b5000_frag	N34320	3	0.0225
bug1only_b5000_frag	N34320	10	1.0000
stock_b2000_frag	N34370	7	0.0124
fix_b2000_frag	N34370	7	0.0124
fix_b5000_frag	N34370	7	0.0123
stock_b5000_frag	N34370	4	0.9996
bug2only_b5000_frag	N34370	7	0.0123
bug1only_b5000_frag	N34370	4	0.9996
stock_b2000_frag	N34386	0	0.8162
fix_b2000_frag	N34386	0	0.8162
fix_b5000_frag	N34386	0	0.8205
stock_b5000_frag	N34386	6	1.0000
bug2only_b5000_frag	N34386	0	0.8205
bug1only_b5000_frag	N34386	6	1.0000
stock_b2000_frag	N3449	3	0.1158
fix_b2000_frag	N3449	3	0.1158
fix_b5000_frag	N3449	3	0.1164
stock_b5000_frag	N3449	6	1.0000
bug2only_b5000_frag	N3449	3	0.1164
bug1only_b5000_frag	N3449	6	1.0000
stock_b2000_frag	N3450	0	0.2280
fix_b2000_frag	N3450	0	0.2280
fix_b5000_frag	N3450	0	0.2280
stock_b5000_frag	N3450	4	1.0000
bug2only_b5000_frag	N3450	0	0.2280
bug1only_b5000_frag	N3450	4	1.0000
stock_b2000_frag	N34515	1	0.3543
fix_b2000_frag	N34515	1	0.3543
fix_b5000_frag	N34515	1	0.3573
stock_b5000_frag	N34515	0	0.9784
bug2only_b5000_frag	N34515	1	0.3573
bug1only_b5000_frag	N34515	0	0.9784
stock_b2000_frag	N3464	0	0.0490
fix_b2000_frag	N3464	0	0.0490
fix_b5000_frag	N3464	0	0.0490
stock_b5000_frag	N3464	11	1.0000
bug2only_b5000_frag	N3464	0	0.0490
bug1only_b5000_frag	N3464	11	1.0000
stock_b2000_frag	N34646	4	0.0348
fix_b2000_frag	N34646	4	0.0348
fix_b5000_frag	N34646	4	0.0348
stock_b5000_frag	N34646	3	0.1667
bug2only_b5000_frag	N34646	4	0.0348
bug1only_b5000_frag	N34646	3	0.1667
stock_b2000_frag	N34663	4	0.1094
fix_b2000_frag	N34663	4	0.1094
fix_b5000_frag	N34663	4	0.1094
stock_b5000_frag	N34663	4	1.0000
bug2only_b5000_frag	N34663	4	0.1094
bug1only_b5000_frag	N34663	4	1.0000
stock_b2000_frag	N34766	1	0.2001
fix_b2000_frag	N34766	1	0.2001
fix_b5000_frag	N34766	1	0.1998
stock_b5000_frag	N34766	3	0.5004
bug2only_b5000_frag	N34766	1	0.1998
bug1only_b5000_frag	N34766	3	0.5004
stock_b2000_frag	N34997	0	0.9994
fix_b2000_frag	N34997	0	0.9994
fix_b5000_frag	N34997	0	0.9994
stock_b5000_frag	N34997	3	0.1681
bug2only_b5000_frag	N34997	0	0.9994
bug1only_b5000_frag	N34997	3	0.1681
stock_b2000_frag	N35008	0	0.9944
fix_b2000_frag	N35008	0	0.9944
fix_b5000_frag	N35008	0	0.9940
stock_b5000_frag	N35008	0	1.0000
bug2only_b5000_frag	N35008	0	0.9940
bug1only_b5000_frag	N35008	0	1.0000
stock_b2000_frag	N35021	2	0.2469
fix_b2000_frag	N35021	2	0.2469
fix_b5000_frag	N35021	2	0.2462
stock_b5000_frag	N35021	2	0.2463
bug2only_b5000_frag	N35021	2	0.2462
bug1only_b5000_frag	N35021	2	0.2463
stock_b2000_frag	N35120	0	0.9828
fix_b2000_frag	N35120	0	0.9828
fix_b5000_frag	N35120	0	0.9836
stock_b5000_frag	N35120	0	0.9836
bug2only_b5000_frag	N35120	0	0.9836
bug1only_b5000_frag	N35120	0	0.9836
stock_b2000_frag	N35128	1	0.1954
fix_b2000_frag	N35128	1	0.1954
fix_b5000_frag	N35128	1	0.1952
stock_b5000_frag	N35128	1	0.2043
bug2only_b5000_frag	N35128	1	0.1952
bug1only_b5000_frag	N35128	1	0.2043
stock_b2000_frag	N35224	0	0.9999
fix_b2000_frag	N35224	0	0.9999
fix_b5000_frag	N35224	0	0.9999
stock_b5000_frag	N35224	1	1.0000
bug2only_b5000_frag	N35224	0	0.9999
bug1only_b5000_frag	N35224	1	1.0000
stock_b2000_frag	N35383	0	0.9105
fix_b2000_frag	N35383	0	0.9105
fix_b5000_frag	N35383	0	0.8843
stock_b5000_frag	N35383	6	1.0000
bug2only_b5000_frag	N35383	0	0.8843
bug1only_b5000_frag	N35383	6	1.0000
stock_b2000_frag	N35544	2	0.5258
fix_b2000_frag	N35544	2	0.5258
fix_b5000_frag	N35544	2	0.6338
stock_b5000_frag	N35544	6	0.5008
bug2only_b5000_frag	N35544	2	0.6338
bug1only_b5000_frag	N35544	6	0.5008
stock_b2000_frag	N3555	0	0.4894
fix_b2000_frag	N3555	0	0.4894
fix_b5000_frag	N3555	0	0.4814
stock_b5000_frag	N3555	4	0.9993
bug2only_b5000_frag	N3555	0	0.4814
bug1only_b5000_frag	N3555	4	0.9993
stock_b2000_frag	N35641	1	0.1395
fix_b2000_frag	N35641	1	0.1395
fix_b5000_frag	N35641	1	0.1394
stock_b5000_frag	N35641	1	0.1415
bug2only_b5000_frag	N35641	1	0.1394
bug1only_b5000_frag	N35641	1	0.1415
stock_b2000_frag	N35667	1	0.1455
fix_b2000_frag	N35667	1	0.1455
fix_b5000_frag	N35667	1	0.1454
stock_b5000_frag	N35667	1	0.4969
bug2only_b5000_frag	N35667	1	0.1454
bug1only_b5000_frag	N35667	1	0.4969
stock_b2000_frag	N3567	1	0.3350
fix_b2000_frag	N3567	1	0.3350
fix_b5000_frag	N3567	1	0.3348
stock_b5000_frag	N3567	2	1.0000
bug2only_b5000_frag	N3567	1	0.3348
bug1only_b5000_frag	N3567	2	1.0000
stock_b2000_frag	N35807	1	0.4797
fix_b2000_frag	N35807	1	0.4797
fix_b5000_frag	N35807	1	0.4886
stock_b5000_frag	N35807	1	0.5880
bug2only_b5000_frag	N35807	1	0.4886
bug1only_b5000_frag	N35807	1	0.5880
stock_b2000_frag	N35889	1	0.3347
fix_b2000_frag	N35889	1	0.3347
fix_b5000_frag	N35889	1	0.3347
stock_b5000_frag	N35889	4	1.0000
bug2only_b5000_frag	N35889	1	0.3347
bug1only_b5000_frag	N35889	4	1.0000
stock_b2000_frag	N35943	0	1.0000
fix_b2000_frag	N35943	0	1.0000
fix_b5000_frag	N35943	0	1.0000
stock_b5000_frag	N35943	0	1.0000
bug2only_b5000_frag	N35943	0	1.0000
bug1only_b5000_frag	N35943	0	1.0000
stock_b2000_frag	N3597	6	0.0118
fix_b2000_frag	N3597	12	0.0118
fix_b5000_frag	N3597	12	0.0118
stock_b5000_frag	N3597	15	0.5000
bug2only_b5000_frag	N3597	6	0.0118
bug1only_b5000_frag	N3597	15	0.5000
stock_b2000_frag	N36020	1	0.1138
fix_b2000_frag	N36020	1	0.1138
fix_b5000_frag	N36020	1	0.1136
stock_b5000_frag	N36020	3	1.0000
bug2only_b5000_frag	N36020	1	0.1136
bug1only_b5000_frag	N36020	3	1.0000
stock_b2000_frag	N36084	2	0.1523
fix_b2000_frag	N36084	2	0.1523
fix_b5000_frag	N36084	2	0.2012
stock_b5000_frag	N36084	9	0.4195
bug2only_b5000_frag	N36084	2	0.2012
bug1only_b5000_frag	N36084	9	0.4195
stock_b2000_frag	N3615	3	0.0320
fix_b2000_frag	N3615	3	0.0320
fix_b5000_frag	N3615	3	0.0320
stock_b5000_frag	N3615	6	0.4118
bug2only_b5000_frag	N3615	3	0.0320
bug1only_b5000_frag	N3615	6	0.4118
stock_b2000_frag	N36194	0	0.4192
fix_b2000_frag	N36194	0	0.4192
fix_b5000_frag	N36194	0	0.3917
stock_b5000_frag	N36194	2	0.9553
bug2only_b5000_frag	N36194	0	0.3917
bug1only_b5000_frag	N36194	2	0.9553
stock_b2000_frag	N36223	0	0.1993
fix_b2000_frag	N36223	0	0.1993
fix_b5000_frag	N36223	0	0.1993
stock_b5000_frag	N36223	0	0.4974
bug2only_b5000_frag	N36223	0	0.1993
bug1only_b5000_frag	N36223	0	0.4974
stock_b2000_frag	N36327	4	0.0670
fix_b2000_frag	N36327	4	0.0670
fix_b5000_frag	N36327	4	0.0670
stock_b5000_frag	N36327	5	0.4460
bug2only_b5000_frag	N36327	4	0.0670
bug1only_b5000_frag	N36327	5	0.4460
stock_b2000_frag	N36389	0	1.0000
fix_b2000_frag	N36389	0	1.0000
fix_b5000_frag	N36389	0	1.0000
stock_b5000_frag	N36389	4	1.0000
bug2only_b5000_frag	N36389	0	1.0000
bug1only_b5000_frag	N36389	4	1.0000
stock_b2000_frag	N36548	0	0.9211
fix_b2000_frag	N36548	0	0.9211
fix_b5000_frag	N36548	0	0.8661
stock_b5000_frag	N36548	2	0.5007
bug2only_b5000_frag	N36548	0	0.8661
bug1only_b5000_frag	N36548	2	0.5007
stock_b2000_frag	N36585	1	0.3958
fix_b2000_frag	N36585	1	0.3958
fix_b5000_frag	N36585	1	0.3958
stock_b5000_frag	N36585	1	0.6803
bug2only_b5000_frag	N36585	1	0.3958
bug1only_b5000_frag	N36585	1	0.6803
stock_b2000_frag	N36626	1	0.2508
fix_b2000_frag	N36626	1	0.2508
fix_b5000_frag	N36626	1	0.2528
stock_b5000_frag	N36626	1	0.4952
bug2only_b5000_frag	N36626	1	0.2528
bug1only_b5000_frag	N36626	1	0.4952
stock_b2000_frag	N3677	1	0.1991
fix_b2000_frag	N3677	1	0.1991
fix_b5000_frag	N3677	1	0.1991
stock_b5000_frag	N3677	2	0.9999
bug2only_b5000_frag	N3677	1	0.1991
bug1only_b5000_frag	N3677	2	0.9999
stock_b2000_frag	N36827	4	0.0718
fix_b2000_frag	N36827	4	0.0718
fix_b5000_frag	N36827	4	0.0719
stock_b5000_frag	N36827	3	0.5048
bug2only_b5000_frag	N36827	4	0.0719
bug1only_b5000_frag	N36827	3	0.5048
stock_b2000_frag	N3685	0	0.9998
fix_b2000_frag	N3685	0	0.9998
fix_b5000_frag	N3685	0	0.9997
stock_b5000_frag	N3685	7	1.0000
bug2only_b5000_frag	N3685	0	0.9997
bug1only_b5000_frag	N3685	7	1.0000
stock_b2000_frag	N36985	3	0.1205
fix_b2000_frag	N36985	3	0.1205
fix_b5000_frag	N36985	3	0.1240
stock_b5000_frag	N36985	3	0.2202
bug2only_b5000_frag	N36985	3	0.1240
bug1only_b5000_frag	N36985	3	0.2202
stock_b2000_frag	N37083	0	0.6498
fix_b2000_frag	N37083	0	0.6498
fix_b5000_frag	N37083	1	0.6123
stock_b5000_frag	N37083	1	0.6918
bug2only_b5000_frag	N37083	1	0.6123
bug1only_b5000_frag	N37083	1	0.6918
stock_b2000_frag	N37232	0	0.3167
fix_b2000_frag	N37232	0	0.3167
fix_b5000_frag	N37232	0	0.3064
stock_b5000_frag	N37232	0	0.3064
bug2only_b5000_frag	N37232	0	0.3064
bug1only_b5000_frag	N37232	0	0.3064
stock_b2000_frag	N37332	3	0.9643
fix_b2000_frag	N37332	3	0.9643
fix_b5000_frag	N37332	1	0.2394
stock_b5000_frag	N37332	8	1.0000
bug2only_b5000_frag	N37332	1	0.2394
bug1only_b5000_frag	N37332	8	1.0000
stock_b2000_frag	N3738	3	0.0222
fix_b2000_frag	N3738	3	0.0222
fix_b5000_frag	N3738	3	0.0222
stock_b5000_frag	N3738	20	0.9499
bug2only_b5000_frag	N3738	3	0.0222
bug1only_b5000_frag	N3738	20	0.9499
stock_b2000_frag	N37387	0	0.7962
fix_b2000_frag	N37387	0	0.7962
fix_b5000_frag	N37387	2	0.4109
stock_b5000_frag	N37387	8	0.5002
bug2only_b5000_frag	N37387	2	0.4109
bug1only_b5000_frag	N37387	8	0.5002
stock_b2000_frag	N37494	1	0.1581
fix_b2000_frag	N37494	1	0.1581
fix_b5000_frag	N37494	1	0.1588
stock_b5000_frag	N37494	2	0.4364
bug2only_b5000_frag	N37494	1	0.1588
bug1only_b5000_frag	N37494	2	0.4364
stock_b2000_frag	N3751	5	0.0171
fix_b2000_frag	N3751	7	0.0171
fix_b5000_frag	N3751	5	0.0171
stock_b5000_frag	N3751	1	0.5000
bug2only_b5000_frag	N3751	5	0.0171
bug1only_b5000_frag	N3751	1	0.5000
stock_b2000_frag	N37547	0	0.9944
fix_b2000_frag	N37547	0	0.9944
fix_b5000_frag	N37547	0	0.9948
stock_b5000_frag	N37547	0	0.9974
bug2only_b5000_frag	N37547	0	0.9948
bug1only_b5000_frag	N37547	0	0.9974
stock_b2000_frag	N37678	0	0.8883
fix_b2000_frag	N37678	0	0.8883
fix_b5000_frag	N37678	0	0.8905
stock_b5000_frag	N37678	0	0.9048
bug2only_b5000_frag	N37678	0	0.8905
bug1only_b5000_frag	N37678	0	0.9048
stock_b2000_frag	N37742	0	0.7744
fix_b2000_frag	N37742	0	0.7744
fix_b5000_frag	N37742	0	0.7898
stock_b5000_frag	N37742	0	0.8459
bug2only_b5000_frag	N37742	0	0.7898
bug1only_b5000_frag	N37742	0	0.8459
stock_b2000_frag	N37746	2	0.0907
fix_b2000_frag	N37746	2	0.0907
fix_b5000_frag	N37746	2	0.0907
stock_b5000_frag	N37746	2	0.2002
bug2only_b5000_frag	N37746	2	0.0907
bug1only_b5000_frag	N37746	2	0.2002
stock_b2000_frag	N37807	1	0.0092
fix_b2000_frag	N37807	1	0.0092
fix_b5000_frag	N37807	5	0.0092
stock_b5000_frag	N37807	7	0.9982
bug2only_b5000_frag	N37807	5	0.0092
bug1only_b5000_frag	N37807	7	0.9982
stock_b2000_frag	N37984	1	0.1834
fix_b2000_frag	N37984	1	0.1834
fix_b5000_frag	N37984	1	0.1808
stock_b5000_frag	N37984	7	1.0000
bug2only_b5000_frag	N37984	1	0.1808
bug1only_b5000_frag	N37984	7	1.0000
stock_b2000_frag	N38118	2	0.1152
fix_b2000_frag	N38118	2	0.1152
fix_b5000_frag	N38118	4	0.7486
stock_b5000_frag	N38118	5	1.0000
bug2only_b5000_frag	N38118	4	0.7486
bug1only_b5000_frag	N38118	5	1.0000
stock_b2000_frag	N38267	0	0.9936
fix_b2000_frag	N38267	0	0.9936
fix_b5000_frag	N38267	0	0.9936
stock_b5000_frag	N38267	0	1.0000
bug2only_b5000_frag	N38267	0	0.9936
bug1only_b5000_frag	N38267	0	1.0000
stock_b2000_frag	N38368	0	0.6359
fix_b2000_frag	N38368	0	0.6359
fix_b5000_frag	N38368	2	0.4068
stock_b5000_frag	N38368	3	0.9999
bug2only_b5000_frag	N38368	2	0.4068
bug1only_b5000_frag	N38368	3	0.9999
stock_b2000_frag	N38427	0	0.4344
fix_b2000_frag	N38427	0	0.4344
fix_b5000_frag	N38427	0	0.4546
stock_b5000_frag	N38427	3	1.0000
bug2only_b5000_frag	N38427	0	0.4546
bug1only_b5000_frag	N38427	3	1.0000
stock_b2000_frag	N38478	0	0.4542
fix_b2000_frag	N38478	0	0.4542
fix_b5000_frag	N38478	0	0.4562
stock_b5000_frag	N38478	0	0.9467
bug2only_b5000_frag	N38478	0	0.4562
bug1only_b5000_frag	N38478	0	0.9467
stock_b2000_frag	N38574	1	0.3576
fix_b2000_frag	N38574	1	0.3576
fix_b5000_frag	N38574	1	0.3615
stock_b5000_frag	N38574	4	1.0000
bug2only_b5000_frag	N38574	1	0.3615
bug1only_b5000_frag	N38574	4	1.0000
stock_b2000_frag	N38633	5	0.0175
fix_b2000_frag	N38633	5	0.0175
fix_b5000_frag	N38633	4	0.0175
stock_b5000_frag	N38633	3	1.0000
bug2only_b5000_frag	N38633	5	0.0175
bug1only_b5000_frag	N38633	3	1.0000
stock_b2000_frag	N38675	1	0.1113
fix_b2000_frag	N38675	1	0.1113
fix_b5000_frag	N38675	1	0.1113
stock_b5000_frag	N38675	10	0.5007
bug2only_b5000_frag	N38675	1	0.1113
bug1only_b5000_frag	N38675	10	0.5007
stock_b2000_frag	N38754	1	0.1998
fix_b2000_frag	N38754	1	0.1998
fix_b5000_frag	N38754	1	0.1999
stock_b5000_frag	N38754	8	0.2501
bug2only_b5000_frag	N38754	1	0.1999
bug1only_b5000_frag	N38754	8	0.2501
stock_b2000_frag	N38809	1	0.2033
fix_b2000_frag	N38809	1	0.2033
fix_b5000_frag	N38809	1	0.2033
stock_b5000_frag	N38809	3	1.0000
bug2only_b5000_frag	N38809	1	0.2033
bug1only_b5000_frag	N38809	3	1.0000
stock_b2000_frag	N38911	0	0.9993
fix_b2000_frag	N38911	0	0.9993
fix_b5000_frag	N38911	0	0.9992
stock_b5000_frag	N38911	3	0.9603
bug2only_b5000_frag	N38911	0	0.9992
bug1only_b5000_frag	N38911	3	0.9603
stock_b2000_frag	N38943	0	0.4468
fix_b2000_frag	N38943	0	0.4468
fix_b5000_frag	N38943	0	0.4448
stock_b5000_frag	N38943	0	0.4448
bug2only_b5000_frag	N38943	0	0.4448
bug1only_b5000_frag	N38943	0	0.4448
stock_b2000_frag	N38946	0	0.8415
fix_b2000_frag	N38946	0	0.8415
fix_b5000_frag	N38946	0	0.8395
stock_b5000_frag	N38946	7	1.0000
bug2only_b5000_frag	N38946	0	0.8395
bug1only_b5000_frag	N38946	7	1.0000
stock_b2000_frag	N38950	1	0.1590
fix_b2000_frag	N38950	1	0.1590
fix_b5000_frag	N38950	1	0.1563
stock_b5000_frag	N38950	0	0.2489
bug2only_b5000_frag	N38950	1	0.1563
bug1only_b5000_frag	N38950	0	0.2489
stock_b2000_frag	N390	3	0.2005
fix_b2000_frag	N390	3	0.2005
fix_b5000_frag	N390	3	0.0263
stock_b5000_frag	N390	3	0.0504
bug2only_b5000_frag	N390	3	0.0263
bug1only_b5000_frag	N390	4	0.1673
stock_b2000_frag	N39062	4	0.0524
fix_b2000_frag	N39062	4	0.0524
fix_b5000_frag	N39062	4	0.0524
stock_b5000_frag	N39062	4	0.0911
bug2only_b5000_frag	N39062	4	0.0524
bug1only_b5000_frag	N39062	4	0.0911
stock_b2000_frag	N39170	1	0.4221
fix_b2000_frag	N39170	1	0.4221
fix_b5000_frag	N39170	1	0.4212
stock_b5000_frag	N39170	4	1.0000
bug2only_b5000_frag	N39170	1	0.4212
bug1only_b5000_frag	N39170	4	1.0000
stock_b2000_frag	N3921	0	0.9994
fix_b2000_frag	N3921	0	0.9994
fix_b5000_frag	N3921	0	0.9994
stock_b5000_frag	N3921	10	1.0000
bug2only_b5000_frag	N3921	0	0.9994
bug1only_b5000_frag	N3921	10	1.0000
stock_b2000_frag	N3928	0	0.9855
fix_b2000_frag	N3928	0	0.9855
fix_b5000_frag	N3928	0	0.9922
stock_b5000_frag	N3928	0	0.9468
bug2only_b5000_frag	N3928	0	0.9922
bug1only_b5000_frag	N3928	0	0.9468
stock_b2000_frag	N39303	0	0.3866
fix_b2000_frag	N39303	0	0.3866
fix_b5000_frag	N39303	0	0.3846
stock_b5000_frag	N39303	1	0.5004
bug2only_b5000_frag	N39303	0	0.3846
bug1only_b5000_frag	N39303	1	0.5004
stock_b2000_frag	N39438	3	0.0411
fix_b2000_frag	N39438	3	0.0411
fix_b5000_frag	N39438	3	0.0410
stock_b5000_frag	N39438	9	0.7876
bug2only_b5000_frag	N39438	3	0.0410
bug1only_b5000_frag	N39438	9	0.7876
stock_b2000_frag	N39491	0	0.1968
fix_b2000_frag	N39491	0	0.1968
fix_b5000_frag	N39491	0	0.1969
stock_b5000_frag	N39491	9	1.0000
bug2only_b5000_frag	N39491	0	0.1969
bug1only_b5000_frag	N39491	9	1.0000
stock_b2000_frag	N39498	0	0.4606
fix_b2000_frag	N39498	0	0.4606
fix_b5000_frag	N39498	0	0.4024
stock_b5000_frag	N39498	17	1.0000
bug2only_b5000_frag	N39498	0	0.4024
bug1only_b5000_frag	N39498	17	1.0000
stock_b2000_frag	N39504	0	0.9991
fix_b2000_frag	N39504	0	0.9991
fix_b5000_frag	N39504	0	0.9991
stock_b5000_frag	N39504	1	0.2257
bug2only_b5000_frag	N39504	0	0.9991
bug1only_b5000_frag	N39504	1	0.2257
stock_b2000_frag	N39515	1	0.2293
fix_b2000_frag	N39515	1	0.2293
fix_b5000_frag	N39515	1	0.2293
stock_b5000_frag	N39515	0	0.2174
bug2only_b5000_frag	N39515	1	0.2293
bug1only_b5000_frag	N39515	0	0.2174
stock_b2000_frag	N39560	4	0.0250
fix_b2000_frag	N39560	4	0.0250
fix_b5000_frag	N39560	4	0.0250
stock_b5000_frag	N39560	9	0.0453
bug2only_b5000_frag	N39560	4	0.0250
bug1only_b5000_frag	N39560	9	0.0453
stock_b2000_frag	N39594	2	0.1126
fix_b2000_frag	N39594	2	0.1126
fix_b5000_frag	N39594	2	0.1125
stock_b5000_frag	N39594	8	0.3779
bug2only_b5000_frag	N39594	2	0.1125
bug1only_b5000_frag	N39594	8	0.3779
stock_b2000_frag	N39677	1	0.3355
fix_b2000_frag	N39677	1	0.3355
fix_b5000_frag	N39677	1	0.3355
stock_b5000_frag	N39677	1	0.3354
bug2only_b5000_frag	N39677	1	0.3355
bug1only_b5000_frag	N39677	1	0.3354
stock_b2000_frag	N39716	0	1.0000
fix_b2000_frag	N39716	0	1.0000
fix_b5000_frag	N39716	0	1.0000
stock_b5000_frag	N39716	0	1.0000
bug2only_b5000_frag	N39716	0	1.0000
bug1only_b5000_frag	N39716	0	1.0000
stock_b2000_frag	N39769	0	0.7432
fix_b2000_frag	N39769	0	0.7432
fix_b5000_frag	N39769	0	0.8237
stock_b5000_frag	N39769	6	1.0000
bug2only_b5000_frag	N39769	0	0.8237
bug1only_b5000_frag	N39769	6	1.0000
stock_b2000_frag	N39796	0	0.3158
fix_b2000_frag	N39796	0	0.3158
fix_b5000_frag	N39796	0	0.3223
stock_b5000_frag	N39796	2	0.9809
bug2only_b5000_frag	N39796	0	0.3223
bug1only_b5000_frag	N39796	2	0.9809
stock_b2000_frag	N39892	0	0.9627
fix_b2000_frag	N39892	0	0.9627
fix_b5000_frag	N39892	0	0.9565
stock_b5000_frag	N39892	0	1.0000
bug2only_b5000_frag	N39892	0	0.9565
bug1only_b5000_frag	N39892	0	1.0000
stock_b2000_frag	N39899	0	0.2233
fix_b2000_frag	N39899	0	0.2233
fix_b5000_frag	N39899	0	0.2224
stock_b5000_frag	N39899	1	1.0000
bug2only_b5000_frag	N39899	0	0.2224
bug1only_b5000_frag	N39899	1	1.0000
stock_b2000_frag	N39982	0	1.0000
fix_b2000_frag	N39982	0	1.0000
fix_b5000_frag	N39982	0	1.0000
stock_b5000_frag	N39982	0	1.0000
bug2only_b5000_frag	N39982	0	1.0000
bug1only_b5000_frag	N39982	0	1.0000
stock_b2000_frag	N40087	0	0.9994
fix_b2000_frag	N40087	0	0.9994
fix_b5000_frag	N40087	0	0.9994
stock_b5000_frag	N40087	0	0.9997
bug2only_b5000_frag	N40087	0	0.9994
bug1only_b5000_frag	N40087	0	0.9997
stock_b2000_frag	N4010	0	0.7526
fix_b2000_frag	N4010	0	0.7526
fix_b5000_frag	N4010	0	0.7556
stock_b5000_frag	N4010	0	0.9505
bug2only_b5000_frag	N4010	0	0.7556
bug1only_b5000_frag	N4010	0	0.9505
stock_b2000_frag	N40103	0	0.4587
fix_b2000_frag	N40103	0	0.4587
fix_b5000_frag	N40103	0	0.4536
stock_b5000_frag	N40103	0	1.0000
bug2only_b5000_frag	N40103	0	0.4536
bug1only_b5000_frag	N40103	0	1.0000
stock_b2000_frag	N40112	1	0.5480
fix_b2000_frag	N40112	1	0.5480
fix_b5000_frag	N40112	1	0.5521
stock_b5000_frag	N40112	0	0.5588
bug2only_b5000_frag	N40112	1	0.5521
bug1only_b5000_frag	N40112	0	0.5588
stock_b2000_frag	N40418	1	0.9994
fix_b2000_frag	N40418	1	0.9994
fix_b5000_frag	N40418	0	1.0000
stock_b5000_frag	N40418	0	1.0000
bug2only_b5000_frag	N40418	0	1.0000
bug1only_b5000_frag	N40418	0	1.0000
stock_b2000_frag	N40429	0	1.0000
fix_b2000_frag	N40429	0	1.0000
fix_b5000_frag	N40429	0	1.0000
stock_b5000_frag	N40429	0	1.0000
bug2only_b5000_frag	N40429	0	1.0000
bug1only_b5000_frag	N40429	0	1.0000
stock_b2000_frag	N40482	1	0.4820
fix_b2000_frag	N40482	1	0.4820
fix_b5000_frag	N40482	1	0.4862
stock_b5000_frag	N40482	1	0.4862
bug2only_b5000_frag	N40482	1	0.4862
bug1only_b5000_frag	N40482	1	0.4862
stock_b2000_frag	N40523	1	0.3829
fix_b2000_frag	N40523	1	0.3829
fix_b5000_frag	N40523	1	0.3831
stock_b5000_frag	N40523	2	0.6805
bug2only_b5000_frag	N40523	1	0.3831
bug1only_b5000_frag	N40523	2	0.6805
stock_b2000_frag	N40560	0	0.4028
fix_b2000_frag	N40560	0	0.4028
fix_b5000_frag	N40560	0	0.4033
stock_b5000_frag	N40560	0	0.8959
bug2only_b5000_frag	N40560	0	0.4033
bug1only_b5000_frag	N40560	0	0.8959
stock_b2000_frag	N40564	2	0.1989
fix_b2000_frag	N40564	2	0.1989
fix_b5000_frag	N40564	2	0.1988
stock_b5000_frag	N40564	2	0.1988
bug2only_b5000_frag	N40564	2	0.1988
bug1only_b5000_frag	N40564	2	0.1988
stock_b2000_frag	N40592	0	0.2778
fix_b2000_frag	N40592	0	0.2778
fix_b5000_frag	N40592	0	0.2786
stock_b5000_frag	N40592	0	0.4888
bug2only_b5000_frag	N40592	0	0.2786
bug1only_b5000_frag	N40592	0	0.4888
stock_b2000_frag	N40612	0	0.6290
fix_b2000_frag	N40612	0	0.6290
fix_b5000_frag	N40612	0	0.6322
stock_b5000_frag	N40612	2	0.7954
bug2only_b5000_frag	N40612	0	0.6322
bug1only_b5000_frag	N40612	2	0.7954
stock_b2000_frag	N40650	0	0.3086
fix_b2000_frag	N40650	0	0.3086
fix_b5000_frag	N40650	0	0.3109
stock_b5000_frag	N40650	1	0.9209
bug2only_b5000_frag	N40650	0	0.3109
bug1only_b5000_frag	N40650	1	0.9209
stock_b2000_frag	N40704	0	0.9992
fix_b2000_frag	N40704	0	0.9992
fix_b5000_frag	N40704	0	0.9995
stock_b5000_frag	N40704	2	0.9963
bug2only_b5000_frag	N40704	0	0.9995
bug1only_b5000_frag	N40704	2	0.9963
stock_b2000_frag	N40715	2	0.2017
fix_b2000_frag	N40715	2	0.2017
fix_b5000_frag	N40715	2	0.2016
stock_b5000_frag	N40715	4	1.0000
bug2only_b5000_frag	N40715	2	0.2016
bug1only_b5000_frag	N40715	4	1.0000
stock_b2000_frag	N40788	0	0.9952
fix_b2000_frag	N40788	0	0.9952
fix_b5000_frag	N40788	0	0.9495
stock_b5000_frag	N40788	0	0.9495
bug2only_b5000_frag	N40788	0	0.9495
bug1only_b5000_frag	N40788	0	0.9495
stock_b2000_frag	N4087	1	0.1487
fix_b2000_frag	N4087	1	0.1487
fix_b5000_frag	N4087	1	0.1494
stock_b5000_frag	N4087	0	0.9980
bug2only_b5000_frag	N4087	1	0.1494
bug1only_b5000_frag	N4087	0	0.9980
stock_b2000_frag	N40902	4	0.0448
fix_b2000_frag	N40902	4	0.0448
fix_b5000_frag	N40902	4	0.0448
stock_b5000_frag	N40902	4	0.0716
bug2only_b5000_frag	N40902	4	0.0448
bug1only_b5000_frag	N40902	4	0.0716
stock_b2000_frag	N41209	2	0.2257
fix_b2000_frag	N41209	2	0.2257
fix_b5000_frag	N41209	2	0.2261
stock_b5000_frag	N41209	6	0.4949
bug2only_b5000_frag	N41209	2	0.2261
bug1only_b5000_frag	N41209	6	0.4949
stock_b2000_frag	N41344	0	0.0915
fix_b2000_frag	N41344	0	0.0915
fix_b5000_frag	N41344	0	0.0915
stock_b5000_frag	N41344	0	0.0915
bug2only_b5000_frag	N41344	0	0.0915
bug1only_b5000_frag	N41344	0	0.0915
stock_b2000_frag	N41415	0	1.0000
fix_b2000_frag	N41415	0	1.0000
fix_b5000_frag	N41415	0	0.4637
stock_b5000_frag	N41415	0	0.4830
bug2only_b5000_frag	N41415	0	0.4637
bug1only_b5000_frag	N41415	0	0.4830
stock_b2000_frag	N4144	1	0.2005
fix_b2000_frag	N4144	1	0.2005
fix_b5000_frag	N4144	1	0.2005
stock_b5000_frag	N4144	1	0.2322
bug2only_b5000_frag	N4144	1	0.2005
bug1only_b5000_frag	N4144	1	0.2322
stock_b2000_frag	N41462	2	0.1434
fix_b2000_frag	N41462	2	0.1434
fix_b5000_frag	N41462	2	0.1434
stock_b5000_frag	N41462	2	0.1434
bug2only_b5000_frag	N41462	2	0.1434
bug1only_b5000_frag	N41462	2	0.1434
stock_b2000_frag	N41505	1	0.0767
fix_b2000_frag	N41505	1	0.0767
fix_b5000_frag	N41505	1	0.0766
stock_b5000_frag	N41505	1	0.5000
bug2only_b5000_frag	N41505	1	0.0766
bug1only_b5000_frag	N41505	1	0.5000
stock_b2000_frag	N41557	0	0.9777
fix_b2000_frag	N41557	0	0.9777
fix_b5000_frag	N41557	0	0.9779
stock_b5000_frag	N41557	1	1.0000
bug2only_b5000_frag	N41557	0	0.9779
bug1only_b5000_frag	N41557	1	1.0000
stock_b2000_frag	N41609	0	0.2047
fix_b2000_frag	N41609	0	0.2047
fix_b5000_frag	N41609	0	0.2046
stock_b5000_frag	N41609	3	1.0000
bug2only_b5000_frag	N41609	0	0.2046
bug1only_b5000_frag	N41609	3	1.0000
stock_b2000_frag	N41613	0	0.9999
fix_b2000_frag	N41613	0	0.9999
fix_b5000_frag	N41613	0	0.9999
stock_b5000_frag	N41613	1	1.0000
bug2only_b5000_frag	N41613	0	0.9999
bug1only_b5000_frag	N41613	1	1.0000
stock_b2000_frag	N4162	0	1.0000
fix_b2000_frag	N4162	0	1.0000
fix_b5000_frag	N4162	0	1.0000
stock_b5000_frag	N4162	0	1.0000
bug2only_b5000_frag	N4162	0	1.0000
bug1only_b5000_frag	N4162	0	1.0000
stock_b2000_frag	N41689	1	0.3473
fix_b2000_frag	N41689	1	0.3473
fix_b5000_frag	N41689	1	0.3604
stock_b5000_frag	N41689	1	0.3604
bug2only_b5000_frag	N41689	1	0.3604
bug1only_b5000_frag	N41689	1	0.3604
stock_b2000_frag	N41739	3	0.1112
fix_b2000_frag	N41739	3	0.1112
fix_b5000_frag	N41739	3	0.1112
stock_b5000_frag	N41739	1	0.2501
bug2only_b5000_frag	N41739	3	0.1112
bug1only_b5000_frag	N41739	1	0.2501
stock_b2000_frag	N41741	0	0.0388
fix_b2000_frag	N41741	0	0.0388
fix_b5000_frag	N41741	0	0.0389
stock_b5000_frag	N41741	2	0.1137
bug2only_b5000_frag	N41741	0	0.0389
bug1only_b5000_frag	N41741	2	0.1137
stock_b2000_frag	N41763	0	0.8932
fix_b2000_frag	N41763	0	0.8932
fix_b5000_frag	N41763	0	0.9006
stock_b5000_frag	N41763	1	0.7287
bug2only_b5000_frag	N41763	0	0.9006
bug1only_b5000_frag	N41763	1	0.7287
stock_b2000_frag	N41820	0	0.9966
fix_b2000_frag	N41820	0	0.9966
fix_b5000_frag	N41820	0	0.9966
stock_b5000_frag	N41820	0	0.9086
bug2only_b5000_frag	N41820	0	0.9966
bug1only_b5000_frag	N41820	0	0.9086
stock_b2000_frag	N41848	0	0.1926
fix_b2000_frag	N41848	0	0.1926
fix_b5000_frag	N41848	0	0.1917
stock_b5000_frag	N41848	6	1.0000
bug2only_b5000_frag	N41848	0	0.1917
bug1only_b5000_frag	N41848	6	1.0000
stock_b2000_frag	N4188	1	0.4510
fix_b2000_frag	N4188	1	0.4510
fix_b5000_frag	N4188	1	0.4538
stock_b5000_frag	N4188	1	0.4538
bug2only_b5000_frag	N4188	1	0.4538
bug1only_b5000_frag	N4188	1	0.4538
stock_b2000_frag	N41945	0	0.7297
fix_b2000_frag	N41945	0	0.7297
fix_b5000_frag	N41945	0	0.7273
stock_b5000_frag	N41945	0	0.7273
bug2only_b5000_frag	N41945	0	0.7273
bug1only_b5000_frag	N41945	0	0.7273
stock_b2000_frag	N42163	0	0.9973
fix_b2000_frag	N42163	0	0.9973
fix_b5000_frag	N42163	0	0.9972
stock_b5000_frag	N42163	0	0.9990
bug2only_b5000_frag	N42163	0	0.9972
bug1only_b5000_frag	N42163	0	0.9990
stock_b2000_frag	N42192	0	0.6576
fix_b2000_frag	N42192	0	0.6576
fix_b5000_frag	N42192	0	0.5272
stock_b5000_frag	N42192	9	1.0000
bug2only_b5000_frag	N42192	0	0.5272
bug1only_b5000_frag	N42192	9	1.0000
stock_b2000_frag	N42229	1	0.1630
fix_b2000_frag	N42229	1	0.1630
fix_b5000_frag	N42229	1	0.1633
stock_b5000_frag	N42229	1	1.0000
bug2only_b5000_frag	N42229	1	0.1633
bug1only_b5000_frag	N42229	1	1.0000
stock_b2000_frag	N42272	0	0.6661
fix_b2000_frag	N42272	0	0.6661
fix_b5000_frag	N42272	0	0.7994
stock_b5000_frag	N42272	4	1.0000
bug2only_b5000_frag	N42272	0	0.7994
bug1only_b5000_frag	N42272	4	1.0000
stock_b2000_frag	N42389	0	0.1802
fix_b2000_frag	N42389	0	0.1802
fix_b5000_frag	N42389	0	0.1815
stock_b5000_frag	N42389	8	1.0000
bug2only_b5000_frag	N42389	0	0.1815
bug1only_b5000_frag	N42389	8	1.0000
stock_b2000_frag	N42465	0	0.9712
fix_b2000_frag	N42465	0	0.9712
fix_b5000_frag	N42465	0	0.9712
stock_b5000_frag	N42465	5	0.5011
bug2only_b5000_frag	N42465	0	0.9712
bug1only_b5000_frag	N42465	5	0.5011
stock_b2000_frag	N42532	1	0.2965
fix_b2000_frag	N42532	1	0.2965
fix_b5000_frag	N42532	1	0.2971
stock_b5000_frag	N42532	1	0.2971
bug2only_b5000_frag	N42532	1	0.2971
bug1only_b5000_frag	N42532	1	0.2971
stock_b2000_frag	N42664	0	0.5676
fix_b2000_frag	N42664	0	0.5676
fix_b5000_frag	N42664	0	0.5676
stock_b5000_frag	N42664	4	1.0000
bug2only_b5000_frag	N42664	0	0.5676
bug1only_b5000_frag	N42664	4	1.0000
stock_b2000_frag	N42696	0	0.9344
fix_b2000_frag	N42696	0	0.9344
fix_b5000_frag	N42696	0	0.9276
stock_b5000_frag	N42696	1	1.0000
bug2only_b5000_frag	N42696	0	0.9276
bug1only_b5000_frag	N42696	1	1.0000
stock_b2000_frag	N42748	0	0.3426
fix_b2000_frag	N42748	0	0.3426
fix_b5000_frag	N42748	0	0.3401
stock_b5000_frag	N42748	1	1.0000
bug2only_b5000_frag	N42748	0	0.3401
bug1only_b5000_frag	N42748	1	1.0000
stock_b2000_frag	N42754	1	0.1812
fix_b2000_frag	N42754	1	0.1812
fix_b5000_frag	N42754	0	0.1646
stock_b5000_frag	N42754	0	0.1646
bug2only_b5000_frag	N42754	0	0.1646
bug1only_b5000_frag	N42754	0	0.1646
stock_b2000_frag	N42942	0	0.1533
fix_b2000_frag	N42942	0	0.1533
fix_b5000_frag	N42942	0	0.1531
stock_b5000_frag	N42942	4	1.0000
bug2only_b5000_frag	N42942	0	0.1531
bug1only_b5000_frag	N42942	4	1.0000
stock_b2000_frag	N42983	1	0.4271
fix_b2000_frag	N42983	1	0.4271
fix_b5000_frag	N42983	1	0.9951
stock_b5000_frag	N42983	4	0.5618
bug2only_b5000_frag	N42983	1	0.9951
bug1only_b5000_frag	N42983	4	0.5618
stock_b2000_frag	N43120	4	0.1816
fix_b2000_frag	N43120	4	0.1816
fix_b5000_frag	N43120	4	0.1756
stock_b5000_frag	N43120	4	0.1756
bug2only_b5000_frag	N43120	4	0.1756
bug1only_b5000_frag	N43120	4	0.1756
stock_b2000_frag	N4317	0	0.1632
fix_b2000_frag	N4317	0	0.1632
fix_b5000_frag	N4317	0	0.1627
stock_b5000_frag	N4317	1	1.0000
bug2only_b5000_frag	N4317	0	0.1627
bug1only_b5000_frag	N4317	1	1.0000
stock_b2000_frag	N43188	0	0.7319
fix_b2000_frag	N43188	0	0.7319
fix_b5000_frag	N43188	0	0.7306
stock_b5000_frag	N43188	2	0.9958
bug2only_b5000_frag	N43188	0	0.7306
bug1only_b5000_frag	N43188	2	0.9958
stock_b2000_frag	N43458	0	0.9998
fix_b2000_frag	N43458	0	0.9998
fix_b5000_frag	N43458	0	0.9998
stock_b5000_frag	N43458	0	1.0000
bug2only_b5000_frag	N43458	0	0.9998
bug1only_b5000_frag	N43458	0	1.0000
stock_b2000_frag	N43470	0	0.3311
fix_b2000_frag	N43470	0	0.3311
fix_b5000_frag	N43470	5	0.9137
stock_b5000_frag	N43470	5	0.3905
bug2only_b5000_frag	N43470	5	0.9137
bug1only_b5000_frag	N43470	5	0.3905
stock_b2000_frag	N43505	1	0.1580
fix_b2000_frag	N43505	1	0.1580
fix_b5000_frag	N43505	1	0.2007
stock_b5000_frag	N43505	1	0.2508
bug2only_b5000_frag	N43505	1	0.2007
bug1only_b5000_frag	N43505	1	0.2508
stock_b2000_frag	N43519	0	0.3929
fix_b2000_frag	N43519	0	0.3929
fix_b5000_frag	N43519	0	0.3933
stock_b5000_frag	N43519	0	0.5610
bug2only_b5000_frag	N43519	0	0.3933
bug1only_b5000_frag	N43519	0	0.5610
stock_b2000_frag	N43592	2	0.0224
fix_b2000_frag	N43592	2	0.0224
fix_b5000_frag	N43592	2	0.0224
stock_b5000_frag	N43592	13	1.0000
bug2only_b5000_frag	N43592	2	0.0224
bug1only_b5000_frag	N43592	13	1.0000
stock_b2000_frag	N4388	0	0.2111
fix_b2000_frag	N4388	0	0.2111
fix_b5000_frag	N4388	0	0.2110
stock_b5000_frag	N4388	0	0.2110
bug2only_b5000_frag	N4388	0	0.2110
bug1only_b5000_frag	N4388	0	0.2110
stock_b2000_frag	N44182	1	0.3153
fix_b2000_frag	N44182	1	0.3153
fix_b5000_frag	N44182	1	0.3141
stock_b5000_frag	N44182	1	0.3436
bug2only_b5000_frag	N44182	1	0.3141
bug1only_b5000_frag	N44182	1	0.3436
stock_b2000_frag	N44241	3	0.0384
fix_b2000_frag	N44241	3	0.0384
fix_b5000_frag	N44241	3	0.0275
stock_b5000_frag	N44241	6	1.0000
bug2only_b5000_frag	N44241	3	0.0275
bug1only_b5000_frag	N44241	6	1.0000
stock_b2000_frag	N44304	0	0.6228
fix_b2000_frag	N44304	0	0.6228
fix_b5000_frag	N44304	0	0.6204
stock_b5000_frag	N44304	0	0.9911
bug2only_b5000_frag	N44304	0	0.6204
bug1only_b5000_frag	N44304	0	0.9911
stock_b2000_frag	N44312	0	0.9995
fix_b2000_frag	N44312	0	0.9995
fix_b5000_frag	N44312	0	0.9997
stock_b5000_frag	N44312	0	1.0000
bug2only_b5000_frag	N44312	0	0.9997
bug1only_b5000_frag	N44312	0	1.0000
stock_b2000_frag	N44351	0	0.6384
fix_b2000_frag	N44351	0	0.6384
fix_b5000_frag	N44351	0	0.6353
stock_b5000_frag	N44351	4	1.0000
bug2only_b5000_frag	N44351	0	0.6353
bug1only_b5000_frag	N44351	4	1.0000
stock_b2000_frag	N44364	1	0.1955
fix_b2000_frag	N44364	1	0.1955
fix_b5000_frag	N44364	1	0.1954
stock_b5000_frag	N44364	3	1.0000
bug2only_b5000_frag	N44364	1	0.1954
bug1only_b5000_frag	N44364	3	1.0000
stock_b2000_frag	N4462	1	0.2004
fix_b2000_frag	N4462	1	0.2004
fix_b5000_frag	N4462	1	0.2004
stock_b5000_frag	N4462	3	0.5033
bug2only_b5000_frag	N4462	1	0.2004
bug1only_b5000_frag	N4462	3	0.5033
stock_b2000_frag	N44683	0	1.0000
fix_b2000_frag	N44683	0	1.0000
fix_b5000_frag	N44683	0	1.0000
stock_b5000_frag	N44683	0	1.0000
bug2only_b5000_frag	N44683	0	1.0000
bug1only_b5000_frag	N44683	0	1.0000
stock_b2000_frag	N44738	1	0.0741
fix_b2000_frag	N44738	1	0.0741
fix_b5000_frag	N44738	1	0.0743
stock_b5000_frag	N44738	3	0.9582
bug2only_b5000_frag	N44738	1	0.0743
bug1only_b5000_frag	N44738	3	0.9582
stock_b2000_frag	N44854	0	0.6755
fix_b2000_frag	N44854	0	0.6755
fix_b5000_frag	N44854	0	0.5647
stock_b5000_frag	N44854	4	1.0000
bug2only_b5000_frag	N44854	0	0.5647
bug1only_b5000_frag	N44854	4	1.0000
stock_b2000_frag	N44863	1	0.2002
fix_b2000_frag	N44863	1	0.2002
fix_b5000_frag	N44863	1	0.2002
stock_b5000_frag	N44863	1	0.3345
bug2only_b5000_frag	N44863	1	0.2002
bug1only_b5000_frag	N44863	1	0.3345
stock_b2000_frag	N44885	1	0.3345
fix_b2000_frag	N44885	1	0.3345
fix_b5000_frag	N44885	1	0.3345
stock_b5000_frag	N44885	6	1.0000
bug2only_b5000_frag	N44885	1	0.3345
bug1only_b5000_frag	N44885	6	1.0000
stock_b2000_frag	N44924	0	0.9615
fix_b2000_frag	N44924	0	0.9615
fix_b5000_frag	N44924	0	0.9709
stock_b5000_frag	N44924	1	0.9934
bug2only_b5000_frag	N44924	0	0.9709
bug1only_b5000_frag	N44924	1	0.9934
stock_b2000_frag	N44962	0	0.0985
fix_b2000_frag	N44962	0	0.0985
fix_b5000_frag	N44962	0	0.0998
stock_b5000_frag	N44962	0	0.9778
bug2only_b5000_frag	N44962	0	0.0998
bug1only_b5000_frag	N44962	0	0.9778
stock_b2000_frag	N44965	1	0.3338
fix_b2000_frag	N44965	1	0.3338
fix_b5000_frag	N44965	1	0.3338
stock_b5000_frag	N44965	0	0.3348
bug2only_b5000_frag	N44965	1	0.3338
bug1only_b5000_frag	N44965	0	0.3348
stock_b2000_frag	N45019	0	0.3128
fix_b2000_frag	N45019	0	0.3128
fix_b5000_frag	N45019	0	0.3128
stock_b5000_frag	N45019	0	0.3349
bug2only_b5000_frag	N45019	0	0.3128
bug1only_b5000_frag	N45019	0	0.3349
stock_b2000_frag	N45137	5	0.0480
fix_b2000_frag	N45137	5	0.0480
fix_b5000_frag	N45137	5	0.0480
stock_b5000_frag	N45137	5	0.0481
bug2only_b5000_frag	N45137	5	0.0480
bug1only_b5000_frag	N45137	5	0.0481
stock_b2000_frag	N4519	1	0.3394
fix_b2000_frag	N4519	1	0.3394
fix_b5000_frag	N4519	1	0.3678
stock_b5000_frag	N4519	5	0.5786
bug2only_b5000_frag	N4519	1	0.3678
bug1only_b5000_frag	N4519	5	0.5786
stock_b2000_frag	N45222	0	0.9926
fix_b2000_frag	N45222	0	0.9926
fix_b5000_frag	N45222	0	0.9927
stock_b5000_frag	N45222	0	0.9927
bug2only_b5000_frag	N45222	0	0.9927
bug1only_b5000_frag	N45222	0	0.9927
stock_b2000_frag	N45236	2	0.0603
fix_b2000_frag	N45236	2	0.0603
fix_b5000_frag	N45236	2	0.0603
stock_b5000_frag	N45236	1	0.0646
bug2only_b5000_frag	N45236	2	0.0603
bug1only_b5000_frag	N45236	1	0.0646
stock_b2000_frag	N45260	1	0.2487
fix_b2000_frag	N45260	1	0.2487
fix_b5000_frag	N45260	1	0.2456
stock_b5000_frag	N45260	1	0.7926
bug2only_b5000_frag	N45260	1	0.2456
bug1only_b5000_frag	N45260	1	0.7926
stock_b2000_frag	N45336	5	0.0376
fix_b2000_frag	N45336	5	0.0376
fix_b5000_frag	N45336	5	0.0376
stock_b5000_frag	N45336	4	0.3333
bug2only_b5000_frag	N45336	5	0.0376
bug1only_b5000_frag	N45336	4	0.3333
stock_b2000_frag	N45446	1	0.3959
fix_b2000_frag	N45446	1	0.3959
fix_b5000_frag	N45446	1	0.3966
stock_b5000_frag	N45446	1	0.3433
bug2only_b5000_frag	N45446	1	0.3966
bug1only_b5000_frag	N45446	1	0.3433
stock_b2000_frag	N45604	1	0.3012
fix_b2000_frag	N45604	1	0.3012
fix_b5000_frag	N45604	1	0.3010
stock_b5000_frag	N45604	9	1.0000
bug2only_b5000_frag	N45604	1	0.3010
bug1only_b5000_frag	N45604	9	1.0000
stock_b2000_frag	N45719	1	0.3355
fix_b2000_frag	N45719	1	0.3355
fix_b5000_frag	N45719	1	0.3340
stock_b5000_frag	N45719	4	1.0000
bug2only_b5000_frag	N45719	1	0.3340
bug1only_b5000_frag	N45719	4	1.0000
stock_b2000_frag	N45786	2	0.0772
fix_b2000_frag	N45786	2	0.0772
fix_b5000_frag	N45786	2	0.0772
stock_b5000_frag	N45786	1	1.0000
bug2only_b5000_frag	N45786	2	0.0772
bug1only_b5000_frag	N45786	1	1.0000
stock_b2000_frag	N4579	0	0.9935
fix_b2000_frag	N4579	0	0.9935
fix_b5000_frag	N4579	0	0.9935
stock_b5000_frag	N4579	4	1.0000
bug2only_b5000_frag	N4579	0	0.9935
bug1only_b5000_frag	N4579	4	1.0000
stock_b2000_frag	N45820	1	0.1545
fix_b2000_frag	N45820	1	0.1545
fix_b5000_frag	N45820	1	0.1543
stock_b5000_frag	N45820	2	0.5889
bug2only_b5000_frag	N45820	1	0.1543
bug1only_b5000_frag	N45820	2	0.5889
stock_b2000_frag	N4583	0	0.9984
fix_b2000_frag	N4583	0	0.9984
fix_b5000_frag	N4583	0	0.9985
stock_b5000_frag	N4583	0	1.0000
bug2only_b5000_frag	N4583	0	0.9985
bug1only_b5000_frag	N4583	0	1.0000
stock_b2000_frag	N45907	0	1.0000
fix_b2000_frag	N45907	0	1.0000
fix_b5000_frag	N45907	0	1.0000
stock_b5000_frag	N45907	0	1.0000
bug2only_b5000_frag	N45907	0	1.0000
bug1only_b5000_frag	N45907	0	1.0000
stock_b2000_frag	N45954	0	0.4496
fix_b2000_frag	N45954	0	0.4496
fix_b5000_frag	N45954	0	0.4449
stock_b5000_frag	N45954	1	1.0000
bug2only_b5000_frag	N45954	0	0.4449
bug1only_b5000_frag	N45954	1	1.0000
stock_b2000_frag	N46017	1	0.1433
fix_b2000_frag	N46017	1	0.1433
fix_b5000_frag	N46017	0	0.1455
stock_b5000_frag	N46017	0	0.1455
bug2only_b5000_frag	N46017	0	0.1455
bug1only_b5000_frag	N46017	0	0.1455
stock_b2000_frag	N46035	0	1.0000
fix_b2000_frag	N46035	0	1.0000
fix_b5000_frag	N46035	0	1.0000
stock_b5000_frag	N46035	0	1.0000
bug2only_b5000_frag	N46035	0	1.0000
bug1only_b5000_frag	N46035	0	1.0000
stock_b2000_frag	N46050	1	0.3332
fix_b2000_frag	N46050	1	0.3332
fix_b5000_frag	N46050	1	0.3332
stock_b5000_frag	N46050	1	1.0000
bug2only_b5000_frag	N46050	1	0.3332
bug1only_b5000_frag	N46050	1	1.0000
stock_b2000_frag	N46140	1	0.4379
fix_b2000_frag	N46140	1	0.4379
fix_b5000_frag	N46140	1	0.4378
stock_b5000_frag	N46140	1	0.4874
bug2only_b5000_frag	N46140	1	0.4378
bug1only_b5000_frag	N46140	1	0.4874
stock_b2000_frag	N46188	0	1.0000
fix_b2000_frag	N46188	0	1.0000
fix_b5000_frag	N46188	0	1.0000
stock_b5000_frag	N46188	0	1.0000
bug2only_b5000_frag	N46188	0	1.0000
bug1only_b5000_frag	N46188	0	1.0000
stock_b2000_frag	N46251	1	0.1610
fix_b2000_frag	N46251	1	0.1610
fix_b5000_frag	N46251	1	0.1604
stock_b5000_frag	N46251	1	0.5020
bug2only_b5000_frag	N46251	1	0.1604
bug1only_b5000_frag	N46251	1	0.5020
stock_b2000_frag	N46259	0	1.0000
fix_b2000_frag	N46259	0	1.0000
fix_b5000_frag	N46259	0	1.0000
stock_b5000_frag	N46259	0	1.0000
bug2only_b5000_frag	N46259	0	1.0000
bug1only_b5000_frag	N46259	0	1.0000
stock_b2000_frag	N46394	0	0.7286
fix_b2000_frag	N46394	0	0.7286
fix_b5000_frag	N46394	0	0.7267
stock_b5000_frag	N46394	2	1.0000
bug2only_b5000_frag	N46394	0	0.7267
bug1only_b5000_frag	N46394	2	1.0000
stock_b2000_frag	N4654	3	0.1125
fix_b2000_frag	N4654	3	0.1125
fix_b5000_frag	N4654	3	0.1123
stock_b5000_frag	N4654	11	0.5906
bug2only_b5000_frag	N4654	3	0.1123
bug1only_b5000_frag	N4654	11	0.5906
stock_b2000_frag	N4661	0	0.9931
fix_b2000_frag	N4661	0	0.9931
fix_b5000_frag	N4661	0	0.9931
stock_b5000_frag	N4661	3	0.2513
bug2only_b5000_frag	N4661	0	0.9931
bug1only_b5000_frag	N4661	3	0.2513
stock_b2000_frag	N46701	0	0.9837
fix_b2000_frag	N46701	0	0.9837
fix_b5000_frag	N46701	0	0.9835
stock_b5000_frag	N46701	2	1.0000
bug2only_b5000_frag	N46701	0	0.9835
bug1only_b5000_frag	N46701	2	1.0000
stock_b2000_frag	N46715	1	0.5653
fix_b2000_frag	N46715	1	0.5653
fix_b5000_frag	N46715	1	0.5733
stock_b5000_frag	N46715	3	1.0000
bug2only_b5000_frag	N46715	1	0.5733
bug1only_b5000_frag	N46715	3	1.0000
stock_b2000_frag	N46780	2	0.2003
fix_b2000_frag	N46780	2	0.2003
fix_b5000_frag	N46780	2	0.2008
stock_b5000_frag	N46780	4	1.0000
bug2only_b5000_frag	N46780	2	0.2008
bug1only_b5000_frag	N46780	4	1.0000
stock_b2000_frag	N46804	0	0.7281
fix_b2000_frag	N46804	0	0.7281
fix_b5000_frag	N46804	0	0.6065
stock_b5000_frag	N46804	1	1.0000
bug2only_b5000_frag	N46804	0	0.6065
bug1only_b5000_frag	N46804	1	1.0000
stock_b2000_frag	N46885	2	0.8103
fix_b2000_frag	N46885	2	0.8103
fix_b5000_frag	N46885	2	0.8118
stock_b5000_frag	N46885	4	1.0000
bug2only_b5000_frag	N46885	2	0.8118
bug1only_b5000_frag	N46885	4	1.0000
stock_b2000_frag	N4692	4	0.0344
fix_b2000_frag	N4692	4	0.0344
fix_b5000_frag	N4692	4	0.0344
stock_b5000_frag	N4692	4	0.0344
bug2only_b5000_frag	N4692	4	0.0344
bug1only_b5000_frag	N4692	4	0.0344
stock_b2000_frag	N46946	0	0.8042
fix_b2000_frag	N46946	0	0.8042
fix_b5000_frag	N46946	0	0.7903
stock_b5000_frag	N46946	0	1.0000
bug2only_b5000_frag	N46946	0	0.7903
bug1only_b5000_frag	N46946	0	1.0000
stock_b2000_frag	N46955	0	0.9505
fix_b2000_frag	N46955	0	0.9505
fix_b5000_frag	N46955	0	0.9502
stock_b5000_frag	N46955	1	0.9999
bug2only_b5000_frag	N46955	0	0.9502
bug1only_b5000_frag	N46955	1	0.9999
stock_b2000_frag	N46999	0	0.3420
fix_b2000_frag	N46999	0	0.3420
fix_b5000_frag	N46999	0	0.3421
stock_b5000_frag	N46999	1	0.4040
bug2only_b5000_frag	N46999	0	0.3421
bug1only_b5000_frag	N46999	1	0.4040
stock_b2000_frag	N47093	0	0.7291
fix_b2000_frag	N47093	0	0.7291
fix_b5000_frag	N47093	0	0.7540
stock_b5000_frag	N47093	3	1.0000
bug2only_b5000_frag	N47093	0	0.7540
bug1only_b5000_frag	N47093	3	1.0000
stock_b2000_frag	N47283	0	1.0000
fix_b2000_frag	N47283	0	1.0000
fix_b5000_frag	N47283	0	1.0000
stock_b5000_frag	N47283	0	1.0000
bug2only_b5000_frag	N47283	0	1.0000
bug1only_b5000_frag	N47283	0	1.0000
stock_b2000_frag	N47338	0	1.0000
fix_b2000_frag	N47338	0	1.0000
fix_b5000_frag	N47338	0	1.0000
stock_b5000_frag	N47338	0	1.0000
bug2only_b5000_frag	N47338	0	1.0000
bug1only_b5000_frag	N47338	0	1.0000
stock_b2000_frag	N47362	0	1.0000
fix_b2000_frag	N47362	0	1.0000
fix_b5000_frag	N47362	0	1.0000
stock_b5000_frag	N47362	0	1.0000
bug2only_b5000_frag	N47362	0	1.0000
bug1only_b5000_frag	N47362	0	1.0000
stock_b2000_frag	N47406	0	1.0000
fix_b2000_frag	N47406	0	1.0000
fix_b5000_frag	N47406	0	1.0000
stock_b5000_frag	N47406	0	1.0000
bug2only_b5000_frag	N47406	0	1.0000
bug1only_b5000_frag	N47406	0	1.0000
stock_b2000_frag	N47421	0	1.0000
fix_b2000_frag	N47421	0	1.0000
fix_b5000_frag	N47421	0	1.0000
stock_b5000_frag	N47421	0	1.0000
bug2only_b5000_frag	N47421	0	1.0000
bug1only_b5000_frag	N47421	0	1.0000
stock_b2000_frag	N47434	0	1.0000
fix_b2000_frag	N47434	0	1.0000
fix_b5000_frag	N47434	0	1.0000
stock_b5000_frag	N47434	0	1.0000
bug2only_b5000_frag	N47434	0	1.0000
bug1only_b5000_frag	N47434	0	1.0000
stock_b2000_frag	N47442	0	0.8847
fix_b2000_frag	N47442	0	0.8847
fix_b5000_frag	N47442	0	0.8847
stock_b5000_frag	N47442	3	0.8373
bug2only_b5000_frag	N47442	0	0.8847
bug1only_b5000_frag	N47442	3	0.8373
stock_b2000_frag	N47444	0	0.3268
fix_b2000_frag	N47444	0	0.3268
fix_b5000_frag	N47444	0	0.1922
stock_b5000_frag	N47444	2	0.3993
bug2only_b5000_frag	N47444	0	0.1922
bug1only_b5000_frag	N47444	2	0.3993
stock_b2000_frag	N47605	0	0.5597
fix_b2000_frag	N47605	0	0.5597
fix_b5000_frag	N47605	0	0.5608
stock_b5000_frag	N47605	2	0.5237
bug2only_b5000_frag	N47605	0	0.5608
bug1only_b5000_frag	N47605	2	0.5237
stock_b2000_frag	N47698	1	0.1971
fix_b2000_frag	N47698	1	0.1971
fix_b5000_frag	N47698	1	0.1972
stock_b5000_frag	N47698	5	1.0000
bug2only_b5000_frag	N47698	1	0.1972
bug1only_b5000_frag	N47698	5	1.0000
stock_b2000_frag	N47721	1	0.3356
fix_b2000_frag	N47721	1	0.3356
fix_b5000_frag	N47721	1	0.3556
stock_b5000_frag	N47721	9	1.0000
bug2only_b5000_frag	N47721	1	0.3556
bug1only_b5000_frag	N47721	9	1.0000
stock_b2000_frag	N47777	0	1.0000
fix_b2000_frag	N47777	0	1.0000
fix_b5000_frag	N47777	0	1.0000
stock_b5000_frag	N47777	2	1.0000
bug2only_b5000_frag	N47777	0	1.0000
bug1only_b5000_frag	N47777	2	1.0000
stock_b2000_frag	N47833	1	0.1109
fix_b2000_frag	N47833	1	0.1109
fix_b5000_frag	N47833	1	0.1105
stock_b5000_frag	N47833	1	0.1750
bug2only_b5000_frag	N47833	1	0.1105
bug1only_b5000_frag	N47833	1	0.1750
stock_b2000_frag	N47895	0	0.9997
fix_b2000_frag	N47895	0	0.9997
fix_b5000_frag	N47895	0	0.9998
stock_b5000_frag	N47895	0	1.0000
bug2only_b5000_frag	N47895	0	0.9998
bug1only_b5000_frag	N47895	0	1.0000
stock_b2000_frag	N47909	1	0.0791
fix_b2000_frag	N47909	1	0.0791
fix_b5000_frag	N47909	1	0.0791
stock_b5000_frag	N47909	4	1.0000
bug2only_b5000_frag	N47909	1	0.0791
bug1only_b5000_frag	N47909	4	1.0000
stock_b2000_frag	N47984	0	0.9841
fix_b2000_frag	N47984	0	0.9841
fix_b5000_frag	N47984	0	0.9805
stock_b5000_frag	N47984	0	0.9805
bug2only_b5000_frag	N47984	0	0.9805
bug1only_b5000_frag	N47984	0	0.9805
stock_b2000_frag	N48182	0	0.7528
fix_b2000_frag	N48182	0	0.7528
fix_b5000_frag	N48182	0	0.7518
stock_b5000_frag	N48182	0	0.9209
bug2only_b5000_frag	N48182	0	0.7518
bug1only_b5000_frag	N48182	0	0.9209
stock_b2000_frag	N48245	2	0.0792
fix_b2000_frag	N48245	2	0.0792
fix_b5000_frag	N48245	2	0.1429
stock_b5000_frag	N48245	12	0.9997
bug2only_b5000_frag	N48245	2	0.1429
bug1only_b5000_frag	N48245	12	0.9997
stock_b2000_frag	N48371	1	0.3747
fix_b2000_frag	N48371	1	0.3747
fix_b5000_frag	N48371	1	0.3805
stock_b5000_frag	N48371	1	0.4213
bug2only_b5000_frag	N48371	1	0.3805
bug1only_b5000_frag	N48371	1	0.4213
stock_b2000_frag	N48378	0	0.8898
fix_b2000_frag	N48378	0	0.8898
fix_b5000_frag	N48378	0	0.9262
stock_b5000_frag	N48378	0	0.9784
bug2only_b5000_frag	N48378	0	0.9262
bug1only_b5000_frag	N48378	0	0.9784
stock_b2000_frag	N48386	1	0.3351
fix_b2000_frag	N48386	1	0.3351
fix_b5000_frag	N48386	1	0.3351
stock_b5000_frag	N48386	1	0.4972
bug2only_b5000_frag	N48386	1	0.3351
bug1only_b5000_frag	N48386	1	0.4972
stock_b2000_frag	N48392	1	0.3317
fix_b2000_frag	N48392	1	0.3317
fix_b5000_frag	N48392	1	0.3415
stock_b5000_frag	N48392	1	0.3830
bug2only_b5000_frag	N48392	1	0.3415
bug1only_b5000_frag	N48392	1	0.3830
stock_b2000_frag	N48404	2	0.1000
fix_b2000_frag	N48404	2	0.1000
fix_b5000_frag	N48404	2	0.1000
stock_b5000_frag	N48404	2	0.1003
bug2only_b5000_frag	N48404	2	0.1000
bug1only_b5000_frag	N48404	2	0.1003
stock_b2000_frag	N48601	0	0.3252
fix_b2000_frag	N48601	0	0.3252
fix_b5000_frag	N48601	0	0.3254
stock_b5000_frag	N48601	3	0.4968
bug2only_b5000_frag	N48601	0	0.3254
bug1only_b5000_frag	N48601	3	0.4968
stock_b2000_frag	N4864	5	0.0244
fix_b2000_frag	N4864	5	0.0244
fix_b5000_frag	N4864	5	0.0244
stock_b5000_frag	N4864	5	0.0868
bug2only_b5000_frag	N4864	5	0.0244
bug1only_b5000_frag	N4864	5	0.0868
stock_b2000_frag	N48660	0	0.9996
fix_b2000_frag	N48660	0	0.9996
fix_b5000_frag	N48660	0	0.9996
stock_b5000_frag	N48660	2	0.8733
bug2only_b5000_frag	N48660	0	0.9996
bug1only_b5000_frag	N48660	2	0.8733
stock_b2000_frag	N48701	0	0.2586
fix_b2000_frag	N48701	0	0.2586
fix_b5000_frag	N48701	0	0.2676
stock_b5000_frag	N48701	2	1.0000
bug2only_b5000_frag	N48701	0	0.2676
bug1only_b5000_frag	N48701	2	1.0000
stock_b2000_frag	N48886	1	0.1116
fix_b2000_frag	N48886	1	0.1116
fix_b5000_frag	N48886	1	0.1116
stock_b5000_frag	N48886	1	0.2515
bug2only_b5000_frag	N48886	1	0.1116
bug1only_b5000_frag	N48886	1	0.2515
stock_b2000_frag	N48904	1	0.3230
fix_b2000_frag	N48904	1	0.3230
fix_b5000_frag	N48904	1	0.3282
stock_b5000_frag	N48904	8	1.0000
bug2only_b5000_frag	N48904	1	0.3282
bug1only_b5000_frag	N48904	8	1.0000
stock_b2000_frag	N4894	0	0.0159
fix_b2000_frag	N4894	0	0.0159
fix_b5000_frag	N4894	0	0.0158
stock_b5000_frag	N4894	14	0.9563
bug2only_b5000_frag	N4894	0	0.0158
bug1only_b5000_frag	N4894	14	0.9563
stock_b2000_frag	N48941	2	0.0771
fix_b2000_frag	N48941	2	0.0771
fix_b5000_frag	N48941	2	0.0771
stock_b5000_frag	N48941	5	0.3190
bug2only_b5000_frag	N48941	2	0.0771
bug1only_b5000_frag	N48941	5	0.3190
stock_b2000_frag	N49060	1	0.0793
fix_b2000_frag	N49060	1	0.0793
fix_b5000_frag	N49060	1	0.0794
stock_b5000_frag	N49060	5	0.4993
bug2only_b5000_frag	N49060	1	0.0794
bug1only_b5000_frag	N49060	5	0.4993
stock_b2000_frag	N49190	0	0.9650
fix_b2000_frag	N49190	0	0.9650
fix_b5000_frag	N49190	0	0.9651
stock_b5000_frag	N49190	6	1.0000
bug2only_b5000_frag	N49190	0	0.9651
bug1only_b5000_frag	N49190	6	1.0000
stock_b2000_frag	N49245	1	0.4014
fix_b2000_frag	N49245	1	0.4014
fix_b5000_frag	N49245	1	0.3976
stock_b5000_frag	N49245	6	1.0000
bug2only_b5000_frag	N49245	1	0.3976
bug1only_b5000_frag	N49245	6	1.0000
stock_b2000_frag	N49392	1	0.2008
fix_b2000_frag	N49392	1	0.2008
fix_b5000_frag	N49392	1	0.2008
stock_b5000_frag	N49392	1	0.2008
bug2only_b5000_frag	N49392	1	0.2008
bug1only_b5000_frag	N49392	1	0.2008
stock_b2000_frag	N49438	0	0.9996
fix_b2000_frag	N49438	0	0.9996
fix_b5000_frag	N49438	0	0.9999
stock_b5000_frag	N49438	0	1.0000
bug2only_b5000_frag	N49438	0	0.9999
bug1only_b5000_frag	N49438	0	1.0000
stock_b2000_frag	N49636	1	0.0204
fix_b2000_frag	N49636	1	0.0204
fix_b5000_frag	N49636	1	0.0205
stock_b5000_frag	N49636	3	0.9838
bug2only_b5000_frag	N49636	1	0.0205
bug1only_b5000_frag	N49636	3	0.9838
stock_b2000_frag	N49747	3	0.0350
fix_b2000_frag	N49747	3	0.0350
fix_b5000_frag	N49747	3	0.0350
stock_b5000_frag	N49747	12	0.0919
bug2only_b5000_frag	N49747	3	0.0350
bug1only_b5000_frag	N49747	12	0.0919
stock_b2000_frag	N49948	2	0.2006
fix_b2000_frag	N49948	2	0.2006
fix_b5000_frag	N49948	2	0.2006
stock_b5000_frag	N49948	2	0.2006
bug2only_b5000_frag	N49948	2	0.2006
bug1only_b5000_frag	N49948	2	0.2006
stock_b2000_frag	N4995	1	0.1456
fix_b2000_frag	N4995	1	0.1456
fix_b5000_frag	N4995	1	0.1457
stock_b5000_frag	N4995	1	0.2008
bug2only_b5000_frag	N4995	1	0.1457
bug1only_b5000_frag	N4995	1	0.2008
stock_b2000_frag	N49950	2	0.0435
fix_b2000_frag	N49950	2	0.0435
fix_b5000_frag	N49950	2	0.0435
stock_b5000_frag	N49950	2	1.0000
bug2only_b5000_frag	N49950	2	0.0435
bug1only_b5000_frag	N49950	2	1.0000
stock_b2000_frag	N49971	0	0.8384
fix_b2000_frag	N49971	0	0.8384
fix_b5000_frag	N49971	0	0.7810
stock_b5000_frag	N49971	0	0.7810
bug2only_b5000_frag	N49971	0	0.7810
bug1only_b5000_frag	N49971	0	0.7810
stock_b2000_frag	N49976	0	1.0000
fix_b2000_frag	N49976	0	1.0000
fix_b5000_frag	N49976	0	1.0000
stock_b5000_frag	N49976	0	1.0000
bug2only_b5000_frag	N49976	0	1.0000
bug1only_b5000_frag	N49976	0	1.0000
stock_b2000_frag	N50	0	0.9993
fix_b2000_frag	N50	0	0.9993
fix_b5000_frag	N50	0	0.9993
stock_b5000_frag	N50	3	1.0000
bug2only_b5000_frag	N50	0	0.9993
bug1only_b5000_frag	N50	0	0.9999
stock_b2000_frag	N50030	1	0.1993
fix_b2000_frag	N50030	1	0.1993
fix_b5000_frag	N50030	1	0.1993
stock_b5000_frag	N50030	1	0.2018
bug2only_b5000_frag	N50030	1	0.1993
bug1only_b5000_frag	N50030	1	0.2018
stock_b2000_frag	N50139	2	0.7207
fix_b2000_frag	N50139	2	0.7207
fix_b5000_frag	N50139	2	0.7211
stock_b5000_frag	N50139	2	1.0000
bug2only_b5000_frag	N50139	2	0.7211
bug1only_b5000_frag	N50139	2	1.0000
stock_b2000_frag	N50159	0	0.8487
fix_b2000_frag	N50159	0	0.8487
fix_b5000_frag	N50159	1	0.2848
stock_b5000_frag	N50159	1	0.2848
bug2only_b5000_frag	N50159	1	0.2848
bug1only_b5000_frag	N50159	1	0.2848
stock_b2000_frag	N50211	5	0.0812
fix_b2000_frag	N50211	5	0.0812
fix_b5000_frag	N50211	5	0.0476
stock_b5000_frag	N50211	8	1.0000
bug2only_b5000_frag	N50211	5	0.0476
bug1only_b5000_frag	N50211	8	1.0000
stock_b2000_frag	N50394	2	0.1525
fix_b2000_frag	N50394	2	0.1525
fix_b5000_frag	N50394	2	0.1529
stock_b5000_frag	N50394	20	0.5001
bug2only_b5000_frag	N50394	2	0.1529
bug1only_b5000_frag	N50394	20	0.5001
stock_b2000_frag	N5050	1	0.2111
fix_b2000_frag	N5050	1	0.2111
fix_b5000_frag	N5050	1	0.2211
stock_b5000_frag	N5050	1	1.0000
bug2only_b5000_frag	N5050	1	0.2211
bug1only_b5000_frag	N5050	1	1.0000
stock_b2000_frag	N50557	2	0.1429
fix_b2000_frag	N50557	2	0.1429
fix_b5000_frag	N50557	2	0.1428
stock_b5000_frag	N50557	14	1.0000
bug2only_b5000_frag	N50557	2	0.1428
bug1only_b5000_frag	N50557	14	1.0000
stock_b2000_frag	N50560	4	0.0181
fix_b2000_frag	N50560	4	0.0181
fix_b5000_frag	N50560	4	0.0181
stock_b5000_frag	N50560	19	0.7460
bug2only_b5000_frag	N50560	4	0.0181
bug1only_b5000_frag	N50560	19	0.7460
stock_b2000_frag	N50628	3	0.0530
fix_b2000_frag	N50628	3	0.0530
fix_b5000_frag	N50628	3	0.0529
stock_b5000_frag	N50628	14	1.0000
bug2only_b5000_frag	N50628	3	0.0529
bug1only_b5000_frag	N50628	14	1.0000
stock_b2000_frag	N50740	1	0.2005
fix_b2000_frag	N50740	1	0.2005
fix_b5000_frag	N50740	1	0.2006
stock_b5000_frag	N50740	7	1.0000
bug2only_b5000_frag	N50740	1	0.2006
bug1only_b5000_frag	N50740	7	1.0000
stock_b2000_frag	N50779	6	0.0113
fix_b2000_frag	N50779	6	0.0113
fix_b5000_frag	N50779	10	0.0112
stock_b5000_frag	N50779	14	1.0000
bug2only_b5000_frag	N50779	10	0.0112
bug1only_b5000_frag	N50779	14	1.0000
stock_b2000_frag	N50823	2	0.1111
fix_b2000_frag	N50823	2	0.1111
fix_b5000_frag	N50823	2	0.1111
stock_b5000_frag	N50823	14	1.0000
bug2only_b5000_frag	N50823	2	0.1111
bug1only_b5000_frag	N50823	14	1.0000
stock_b2000_frag	N50923	4	0.0772
fix_b2000_frag	N50923	4	0.0772
fix_b5000_frag	N50923	1	0.1187
stock_b5000_frag	N50923	1	0.5328
bug2only_b5000_frag	N50923	1	0.1187
bug1only_b5000_frag	N50923	1	0.5328
stock_b2000_frag	N51047	4	0.0244
fix_b2000_frag	N51047	4	0.0244
fix_b5000_frag	N51047	4	0.0244
stock_b5000_frag	N51047	8	0.1422
bug2only_b5000_frag	N51047	4	0.0244
bug1only_b5000_frag	N51047	8	0.1422
stock_b2000_frag	N51220	1	0.3999
fix_b2000_frag	N51220	1	0.3999
fix_b5000_frag	N51220	1	0.3978
stock_b5000_frag	N51220	9	0.5002
bug2only_b5000_frag	N51220	1	0.3978
bug1only_b5000_frag	N51220	9	0.5002
stock_b2000_frag	N5124	3	0.1443
fix_b2000_frag	N5124	3	0.1443
fix_b5000_frag	N5124	3	0.0771
stock_b5000_frag	N5124	2	0.3931
bug2only_b5000_frag	N5124	3	0.0771
bug1only_b5000_frag	N5124	2	0.3931
stock_b2000_frag	N51310	4	0.0684
fix_b2000_frag	N51310	4	0.0684
fix_b5000_frag	N51310	4	0.0685
stock_b5000_frag	N51310	4	0.1345
bug2only_b5000_frag	N51310	4	0.0685
bug1only_b5000_frag	N51310	4	0.1345
stock_b2000_frag	N51595	0	0.4424
fix_b2000_frag	N51595	0	0.4424
fix_b5000_frag	N51595	0	0.4428
stock_b5000_frag	N51595	0	0.4421
bug2only_b5000_frag	N51595	0	0.4428
bug1only_b5000_frag	N51595	0	0.4421
stock_b2000_frag	N51667	0	0.3424
fix_b2000_frag	N51667	0	0.3424
fix_b5000_frag	N51667	0	0.3403
stock_b5000_frag	N51667	2	1.0000
bug2only_b5000_frag	N51667	0	0.3403
bug1only_b5000_frag	N51667	2	1.0000
stock_b2000_frag	N51672	0	0.7636
fix_b2000_frag	N51672	0	0.7636
fix_b5000_frag	N51672	0	0.7772
stock_b5000_frag	N51672	0	0.9047
bug2only_b5000_frag	N51672	0	0.7772
bug1only_b5000_frag	N51672	0	0.9047
stock_b2000_frag	N5187	1	0.9928
fix_b2000_frag	N5187	1	0.9928
fix_b5000_frag	N5187	0	0.9694
stock_b5000_frag	N5187	2	1.0000
bug2only_b5000_frag	N5187	0	0.9694
bug1only_b5000_frag	N5187	2	1.0000
stock_b2000_frag	N51897	1	0.3677
fix_b2000_frag	N51897	1	0.3677
fix_b5000_frag	N51897	1	0.3616
stock_b5000_frag	N51897	1	0.5000
bug2only_b5000_frag	N51897	1	0.3616
bug1only_b5000_frag	N51897	1	0.5000
stock_b2000_frag	N51973	1	0.3399
fix_b2000_frag	N51973	1	0.3399
fix_b5000_frag	N51973	1	0.3403
stock_b5000_frag	N51973	1	0.3409
bug2only_b5000_frag	N51973	1	0.3403
bug1only_b5000_frag	N51973	1	0.3409
stock_b2000_frag	N51977	4	0.0688
fix_b2000_frag	N51977	4	0.0688
fix_b5000_frag	N51977	4	0.0688
stock_b5000_frag	N51977	8	1.0000
bug2only_b5000_frag	N51977	4	0.0688
bug1only_b5000_frag	N51977	8	1.0000
stock_b2000_frag	N52087	0	0.8264
fix_b2000_frag	N52087	0	0.8264
fix_b5000_frag	N52087	0	0.7678
stock_b5000_frag	N52087	5	1.0000
bug2only_b5000_frag	N52087	0	0.7678
bug1only_b5000_frag	N52087	5	1.0000
stock_b2000_frag	N5209	1	0.9608
fix_b2000_frag	N5209	1	0.9608
fix_b5000_frag	N5209	0	0.9854
stock_b5000_frag	N5209	2	1.0000
bug2only_b5000_frag	N5209	0	0.9854
bug1only_b5000_frag	N5209	2	1.0000
stock_b2000_frag	N52105	1	0.1432
fix_b2000_frag	N52105	1	0.1432
fix_b5000_frag	N52105	1	0.1432
stock_b5000_frag	N52105	1	0.1432
bug2only_b5000_frag	N52105	1	0.1432
bug1only_b5000_frag	N52105	1	0.1432
stock_b2000_frag	N5237	0	0.9271
fix_b2000_frag	N5237	0	0.9271
fix_b5000_frag	N5237	0	0.8733
stock_b5000_frag	N5237	2	0.5021
bug2only_b5000_frag	N5237	0	0.8733
bug1only_b5000_frag	N5237	2	0.5021
stock_b2000_frag	N52398	3	0.0345
fix_b2000_frag	N52398	3	0.0345
fix_b5000_frag	N52398	8	0.0302
stock_b5000_frag	N52398	10	0.4995
bug2only_b5000_frag	N52398	8	0.0302
bug1only_b5000_frag	N52398	10	0.4995
stock_b2000_frag	N5252	5	0.0684
fix_b2000_frag	N5252	5	0.0684
fix_b5000_frag	N5252	2	0.0635
stock_b5000_frag	N5252	8	1.0000
bug2only_b5000_frag	N5252	2	0.0635
bug1only_b5000_frag	N5252	8	1.0000
stock_b2000_frag	N52594	1	0.0244
fix_b2000_frag	N52594	1	0.0244
fix_b5000_frag	N52594	2	0.0223
stock_b5000_frag	N52594	31	0.5014
bug2only_b5000_frag	N52594	1	0.0223
bug1only_b5000_frag	N52594	31	0.5014
stock_b2000_frag	N52651	7	0.0113
fix_b2000_frag	N52651	7	0.0113
fix_b5000_frag	N52651	7	0.0113
stock_b5000_frag	N52651	13	0.6233
bug2only_b5000_frag	N52651	7	0.0113
bug1only_b5000_frag	N52651	13	0.6233
stock_b2000_frag	N52957	1	0.3571
fix_b2000_frag	N52957	1	0.3571
fix_b5000_frag	N52957	1	0.3586
stock_b5000_frag	N52957	1	0.3586
bug2only_b5000_frag	N52957	1	0.3586
bug1only_b5000_frag	N52957	1	0.3586
stock_b2000_frag	N53023	14	0.0132
fix_b2000_frag	N53023	14	0.0132
fix_b5000_frag	N53023	9	0.0125
stock_b5000_frag	N53023	8	0.0667
bug2only_b5000_frag	N53023	9	0.0125
bug1only_b5000_frag	N53023	8	0.0667
stock_b2000_frag	N53042	5	0.0743
fix_b2000_frag	N53042	5	0.0743
fix_b5000_frag	N53042	5	0.0747
stock_b5000_frag	N53042	11	0.5000
bug2only_b5000_frag	N53042	5	0.0747
bug1only_b5000_frag	N53042	11	0.5000
stock_b2000_frag	N53305	2	0.5335
fix_b2000_frag	N53305	2	0.5335
fix_b5000_frag	N53305	2	0.5487
stock_b5000_frag	N53305	14	0.3085
bug2only_b5000_frag	N53305	2	0.5487
bug1only_b5000_frag	N53305	14	0.3085
stock_b2000_frag	N53421	2	0.1994
fix_b2000_frag	N53421	2	0.1994
fix_b5000_frag	N53421	2	0.1996
stock_b5000_frag	N53421	13	1.0000
bug2only_b5000_frag	N53421	2	0.1996
bug1only_b5000_frag	N53421	13	1.0000
stock_b2000_frag	N53433	0	0.1001
fix_b2000_frag	N53433	0	0.1001
fix_b5000_frag	N53433	0	0.1012
stock_b5000_frag	N53433	8	1.0000
bug2only_b5000_frag	N53433	0	0.1012
bug1only_b5000_frag	N53433	8	1.0000
stock_b2000_frag	N53490	0	0.1134
fix_b2000_frag	N53490	0	0.1134
fix_b5000_frag	N53490	2	0.1132
stock_b5000_frag	N53490	0	0.5049
bug2only_b5000_frag	N53490	2	0.1132
bug1only_b5000_frag	N53490	0	0.5049
stock_b2000_frag	N53661	4	0.0764
fix_b2000_frag	N53661	4	0.0764
fix_b5000_frag	N53661	0	0.8842
stock_b5000_frag	N53661	3	0.5002
bug2only_b5000_frag	N53661	0	0.8842
bug1only_b5000_frag	N53661	3	0.5002
stock_b2000_frag	N53675	4	0.0355
fix_b2000_frag	N53675	4	0.0355
fix_b5000_frag	N53675	4	0.0356
stock_b5000_frag	N53675	5	1.0000
bug2only_b5000_frag	N53675	4	0.0356
bug1only_b5000_frag	N53675	5	1.0000
stock_b2000_frag	N53687	2	0.3333
fix_b2000_frag	N53687	2	0.3333
fix_b5000_frag	N53687	0	0.2237
stock_b5000_frag	N53687	12	0.9979
bug2only_b5000_frag	N53687	0	0.2237
bug1only_b5000_frag	N53687	12	0.9979
stock_b2000_frag	N53707	3	0.0437
fix_b2000_frag	N53707	3	0.0437
fix_b5000_frag	N53707	3	0.0437
stock_b5000_frag	N53707	20	1.0000
bug2only_b5000_frag	N53707	3	0.0437
bug1only_b5000_frag	N53707	20	1.0000
stock_b2000_frag	N53836	1	0.2006
fix_b2000_frag	N53836	1	0.2006
fix_b5000_frag	N53836	1	0.2006
stock_b5000_frag	N53836	1	0.2007
bug2only_b5000_frag	N53836	1	0.2006
bug1only_b5000_frag	N53836	1	0.2007
stock_b2000_frag	N54085	5	0.0061
fix_b2000_frag	N54085	5	0.0061
fix_b5000_frag	N54085	5	0.0061
stock_b5000_frag	N54085	16	0.2500
bug2only_b5000_frag	N54085	5	0.0061
bug1only_b5000_frag	N54085	16	0.2500
stock_b2000_frag	N5420	0	0.3346
fix_b2000_frag	N5420	0	0.3346
fix_b5000_frag	N5420	0	0.3350
stock_b5000_frag	N5420	15	0.2506
bug2only_b5000_frag	N5420	0	0.3350
bug1only_b5000_frag	N5420	15	0.2506
stock_b2000_frag	N54495	3	0.0664
fix_b2000_frag	N54495	3	0.0664
fix_b5000_frag	N54495	3	0.0664
stock_b5000_frag	N54495	3	0.2758
bug2only_b5000_frag	N54495	3	0.0664
bug1only_b5000_frag	N54495	3	0.2758
stock_b2000_frag	N54537	0	0.1508
fix_b2000_frag	N54537	0	0.1508
fix_b5000_frag	N54537	0	0.1507
stock_b5000_frag	N54537	5	1.0000
bug2only_b5000_frag	N54537	0	0.1507
bug1only_b5000_frag	N54537	5	1.0000
stock_b2000_frag	N54577	3	0.0380
fix_b2000_frag	N54577	3	0.0380
fix_b5000_frag	N54577	3	0.0380
stock_b5000_frag	N54577	5	0.0699
bug2only_b5000_frag	N54577	3	0.0380
bug1only_b5000_frag	N54577	5	0.0699
stock_b2000_frag	N54586	3	0.1253
fix_b2000_frag	N54586	3	0.1253
fix_b5000_frag	N54586	3	0.1254
stock_b5000_frag	N54586	7	0.9942
bug2only_b5000_frag	N54586	3	0.1254
bug1only_b5000_frag	N54586	7	0.9942
stock_b2000_frag	N54594	1	0.3354
fix_b2000_frag	N54594	1	0.3354
fix_b5000_frag	N54594	1	0.3354
stock_b5000_frag	N54594	3	0.9932
bug2only_b5000_frag	N54594	1	0.3354
bug1only_b5000_frag	N54594	3	0.9932
stock_b2000_frag	N54621	5	0.0303
fix_b2000_frag	N54621	5	0.0303
fix_b5000_frag	N54621	5	0.0303
stock_b5000_frag	N54621	5	0.0400
bug2only_b5000_frag	N54621	5	0.0303
bug1only_b5000_frag	N54621	5	0.0400
stock_b2000_frag	N5469	0	0.8976
fix_b2000_frag	N5469	0	0.8976
fix_b5000_frag	N5469	0	0.8957
stock_b5000_frag	N5469	0	0.5668
bug2only_b5000_frag	N5469	0	0.8957
bug1only_b5000_frag	N5469	0	0.5668
stock_b2000_frag	N54734	2	0.0119
fix_b2000_frag	N54734	2	0.0119
fix_b5000_frag	N54734	2	0.0119
stock_b5000_frag	N54734	6	0.8569
bug2only_b5000_frag	N54734	2	0.0119
bug1only_b5000_frag	N54734	6	0.8569
stock_b2000_frag	N54765	1	0.1104
fix_b2000_frag	N54765	1	0.1104
fix_b5000_frag	N54765	1	0.1104
stock_b5000_frag	N54765	1	0.1114
bug2only_b5000_frag	N54765	1	0.1104
bug1only_b5000_frag	N54765	1	0.1114
stock_b2000_frag	N5478	2	0.2062
fix_b2000_frag	N5478	2	0.2062
fix_b5000_frag	N5478	2	0.2079
stock_b5000_frag	N5478	3	0.9999
bug2only_b5000_frag	N5478	2	0.2079
bug1only_b5000_frag	N5478	3	0.9999
stock_b2000_frag	N54847	4	0.0772
fix_b2000_frag	N54847	4	0.0772
fix_b5000_frag	N54847	4	0.0772
stock_b5000_frag	N54847	4	0.0788
bug2only_b5000_frag	N54847	4	0.0772
bug1only_b5000_frag	N54847	4	0.0788
stock_b2000_frag	N54852	4	0.0657
fix_b2000_frag	N54852	4	0.0657
fix_b5000_frag	N54852	4	0.0656
stock_b5000_frag	N54852	0	1.0000
bug2only_b5000_frag	N54852	4	0.0656
bug1only_b5000_frag	N54852	0	1.0000
stock_b2000_frag	N54888	2	0.0401
fix_b2000_frag	N54888	2	0.0401
fix_b5000_frag	N54888	2	0.0323
stock_b5000_frag	N54888	2	0.0323
bug2only_b5000_frag	N54888	2	0.0323
bug1only_b5000_frag	N54888	2	0.0323
stock_b2000_frag	N54968	1	0.0581
fix_b2000_frag	N54968	1	0.0581
fix_b5000_frag	N54968	1	0.0584
stock_b5000_frag	N54968	5	0.5005
bug2only_b5000_frag	N54968	1	0.0584
bug1only_b5000_frag	N54968	5	0.5005
stock_b2000_frag	N55101	1	0.1083
fix_b2000_frag	N55101	1	0.1083
fix_b5000_frag	N55101	1	0.1082
stock_b5000_frag	N55101	5	0.3333
bug2only_b5000_frag	N55101	1	0.1082
bug1only_b5000_frag	N55101	5	0.3333
stock_b2000_frag	N55106	1	0.2533
fix_b2000_frag	N55106	1	0.2533
fix_b5000_frag	N55106	1	0.2517
stock_b5000_frag	N55106	6	0.2000
bug2only_b5000_frag	N55106	1	0.2517
bug1only_b5000_frag	N55106	6	0.2000
stock_b2000_frag	N55196	5	0.0058
fix_b2000_frag	N55196	6	0.0058
fix_b5000_frag	N55196	6	0.0057
stock_b5000_frag	N55196	18	0.2000
bug2only_b5000_frag	N55196	8	0.0057
bug1only_b5000_frag	N55196	18	0.2000
stock_b2000_frag	N55209	1	0.0667
fix_b2000_frag	N55209	1	0.0667
fix_b5000_frag	N55209	1	0.0667
stock_b5000_frag	N55209	8	0.5592
bug2only_b5000_frag	N55209	1	0.0667
bug1only_b5000_frag	N55209	8	0.5592
stock_b2000_frag	N5526	2	0.0357
fix_b2000_frag	N5526	2	0.0357
fix_b5000_frag	N5526	2	0.0357
stock_b5000_frag	N5526	7	0.9997
bug2only_b5000_frag	N5526	2	0.0357
bug1only_b5000_frag	N5526	7	0.9997
stock_b2000_frag	N55294	2	0.0522
fix_b2000_frag	N55294	2	0.0522
fix_b5000_frag	N55294	2	0.0522
stock_b5000_frag	N55294	17	1.0000
bug2only_b5000_frag	N55294	2	0.0522
bug1only_b5000_frag	N55294	17	1.0000
stock_b2000_frag	N55324	12	0.0039
fix_b2000_frag	N55324	26	0.0039
fix_b5000_frag	N55324	14	0.0032
stock_b5000_frag	N55324	27	1.0000
bug2only_b5000_frag	N55324	12	0.0032
bug1only_b5000_frag	N55324	27	1.0000
stock_b2000_frag	N55599	0	0.5829
fix_b2000_frag	N55599	0	0.5829
fix_b5000_frag	N55599	0	0.5824
stock_b5000_frag	N55599	9	0.3953
bug2only_b5000_frag	N55599	0	0.5824
bug1only_b5000_frag	N55599	9	0.3953
stock_b2000_frag	N55683	5	0.0059
fix_b2000_frag	N55683	14	0.0059
fix_b5000_frag	N55683	1	0.0059
stock_b5000_frag	N55683	15	0.5002
bug2only_b5000_frag	N55683	1	0.0059
bug1only_b5000_frag	N55683	15	0.5002
stock_b2000_frag	N55906	3	0.0395
fix_b2000_frag	N55906	3	0.0395
fix_b5000_frag	N55906	3	0.0402
stock_b5000_frag	N55906	8	0.8996
bug2only_b5000_frag	N55906	3	0.0402
bug1only_b5000_frag	N55906	8	0.8996
stock_b2000_frag	N55915	3	0.1436
fix_b2000_frag	N55915	3	0.1436
fix_b5000_frag	N55915	3	0.1436
stock_b5000_frag	N55915	7	1.0000
bug2only_b5000_frag	N55915	3	0.1436
bug1only_b5000_frag	N55915	7	1.0000
stock_b2000_frag	N55957	1	0.1125
fix_b2000_frag	N55957	1	0.1125
fix_b5000_frag	N55957	1	0.1126
stock_b5000_frag	N55957	13	0.5000
bug2only_b5000_frag	N55957	1	0.1126
bug1only_b5000_frag	N55957	13	0.5000
stock_b2000_frag	N55970	2	0.0601
fix_b2000_frag	N55970	2	0.0601
fix_b5000_frag	N55970	2	0.0598
stock_b5000_frag	N55970	9	0.0768
bug2only_b5000_frag	N55970	2	0.0598
bug1only_b5000_frag	N55970	9	0.0768
stock_b2000_frag	N55983	5	0.0099
fix_b2000_frag	N55983	5	0.0099
fix_b5000_frag	N55983	5	0.0099
stock_b5000_frag	N55983	3	0.5014
bug2only_b5000_frag	N55983	5	0.0099
bug1only_b5000_frag	N55983	3	0.5014
stock_b2000_frag	N56011	6	0.0221
fix_b2000_frag	N56011	6	0.0221
fix_b5000_frag	N56011	6	0.0221
stock_b5000_frag	N56011	17	1.0000
bug2only_b5000_frag	N56011	6	0.0221
bug1only_b5000_frag	N56011	17	1.0000
stock_b2000_frag	N56060	7	0.0108
fix_b2000_frag	N56060	7	0.0108
fix_b5000_frag	N56060	7	0.0108
stock_b5000_frag	N56060	7	0.0108
bug2only_b5000_frag	N56060	7	0.0108
bug1only_b5000_frag	N56060	7	0.0108
stock_b2000_frag	N56133	0	0.9986
fix_b2000_frag	N56133	0	0.9986
fix_b5000_frag	N56133	0	0.9976
stock_b5000_frag	N56133	11	0.3338
bug2only_b5000_frag	N56133	0	0.9976
bug1only_b5000_frag	N56133	11	0.3338
stock_b2000_frag	N56154	30	0.0028
fix_b2000_frag	N56154	18	0.0028
fix_b5000_frag	N56154	18	0.0028
stock_b5000_frag	N56154	21	0.4465
bug2only_b5000_frag	N56154	17	0.0028
bug1only_b5000_frag	N56154	21	0.4465
stock_b2000_frag	N56306	0	0.9994
fix_b2000_frag	N56306	0	0.9994
fix_b5000_frag	N56306	0	0.9994
stock_b5000_frag	N56306	0	0.9999
bug2only_b5000_frag	N56306	0	0.9994
bug1only_b5000_frag	N56306	0	0.9999
stock_b2000_frag	N56389	10	0.0372
fix_b2000_frag	N56389	10	0.0372
fix_b5000_frag	N56389	10	0.0371
stock_b5000_frag	N56389	5	0.2000
bug2only_b5000_frag	N56389	10	0.0371
bug1only_b5000_frag	N56389	5	0.2000
stock_b2000_frag	N5640	0	0.2007
fix_b2000_frag	N5640	0	0.2007
fix_b5000_frag	N5640	0	0.2005
stock_b5000_frag	N5640	0	0.2006
bug2only_b5000_frag	N5640	0	0.2005
bug1only_b5000_frag	N5640	0	0.2006
stock_b2000_frag	N56429	1	0.4227
fix_b2000_frag	N56429	1	0.4227
fix_b5000_frag	N56429	1	0.4227
stock_b5000_frag	N56429	1	0.8062
bug2only_b5000_frag	N56429	1	0.4227
bug1only_b5000_frag	N56429	1	0.8062
stock_b2000_frag	N5643	6	0.0392
fix_b2000_frag	N5643	6	0.0392
fix_b5000_frag	N5643	6	0.0397
stock_b5000_frag	N5643	12	1.0000
bug2only_b5000_frag	N5643	6	0.0397
bug1only_b5000_frag	N5643	12	1.0000
stock_b2000_frag	N56583	3	0.1594
fix_b2000_frag	N56583	3	0.1594
fix_b5000_frag	N56583	3	0.1585
stock_b5000_frag	N56583	9	0.3336
bug2only_b5000_frag	N56583	3	0.1585
bug1only_b5000_frag	N56583	9	0.3336
stock_b2000_frag	N56617	0	0.6067
fix_b2000_frag	N56617	0	0.6067
fix_b5000_frag	N56617	0	0.5809
stock_b5000_frag	N56617	1	0.9363
bug2only_b5000_frag	N56617	0	0.5809
bug1only_b5000_frag	N56617	1	0.9363
stock_b2000_frag	N56679	0	0.9348
fix_b2000_frag	N56679	0	0.9348
fix_b5000_frag	N56679	0	0.9381
stock_b5000_frag	N56679	0	0.9381
bug2only_b5000_frag	N56679	0	0.9381
bug1only_b5000_frag	N56679	0	0.9381
stock_b2000_frag	N56831	3	0.0685
fix_b2000_frag	N56831	3	0.0685
fix_b5000_frag	N56831	3	0.0685
stock_b5000_frag	N56831	10	1.0000
bug2only_b5000_frag	N56831	3	0.0685
bug1only_b5000_frag	N56831	10	1.0000
stock_b2000_frag	N5686	1	0.3873
fix_b2000_frag	N5686	1	0.3873
fix_b5000_frag	N5686	1	0.3861
stock_b5000_frag	N5686	3	0.9999
bug2only_b5000_frag	N5686	1	0.3861
bug1only_b5000_frag	N5686	3	0.9999
stock_b2000_frag	N56868	1	0.0504
fix_b2000_frag	N56868	1	0.0504
fix_b5000_frag	N56868	1	0.0504
stock_b5000_frag	N56868	3	0.2261
bug2only_b5000_frag	N56868	1	0.0504
bug1only_b5000_frag	N56868	3	0.2261
stock_b2000_frag	N56869	1	0.0193
fix_b2000_frag	N56869	1	0.0193
fix_b5000_frag	N56869	1	0.0192
stock_b5000_frag	N56869	4	1.0000
bug2only_b5000_frag	N56869	1	0.0192
bug1only_b5000_frag	N56869	4	1.0000
stock_b2000_frag	N56925	6	0.0258
fix_b2000_frag	N56925	6	0.0258
fix_b5000_frag	N56925	8	0.0262
stock_b5000_frag	N56925	8	0.0262
bug2only_b5000_frag	N56925	8	0.0262
bug1only_b5000_frag	N56925	8	0.0262
stock_b2000_frag	N57013	0	1.0000
fix_b2000_frag	N57013	0	1.0000
fix_b5000_frag	N57013	0	1.0000
stock_b5000_frag	N57013	0	1.0000
bug2only_b5000_frag	N57013	0	1.0000
bug1only_b5000_frag	N57013	0	1.0000
stock_b2000_frag	N57113	3	0.1568
fix_b2000_frag	N57113	3	0.1568
fix_b5000_frag	N57113	3	0.2021
stock_b5000_frag	N57113	3	0.2021
bug2only_b5000_frag	N57113	3	0.2021
bug1only_b5000_frag	N57113	3	0.2021
stock_b2000_frag	N5715	0	0.3331
fix_b2000_frag	N5715	0	0.3331
fix_b5000_frag	N5715	0	0.3331
stock_b5000_frag	N5715	6	1.0000
bug2only_b5000_frag	N5715	0	0.3331
bug1only_b5000_frag	N5715	6	1.0000
stock_b2000_frag	N57150	0	0.5201
fix_b2000_frag	N57150	0	0.5201
fix_b5000_frag	N57150	1	1.0000
stock_b5000_frag	N57150	1	1.0000
bug2only_b5000_frag	N57150	1	1.0000
bug1only_b5000_frag	N57150	1	1.0000
stock_b2000_frag	N57176	3	0.0588
fix_b2000_frag	N57176	3	0.0588
fix_b5000_frag	N57176	3	0.0588
stock_b5000_frag	N57176	4	0.1250
bug2only_b5000_frag	N57176	3	0.0588
bug1only_b5000_frag	N57176	4	0.1250
stock_b2000_frag	N57273	6	0.0159
fix_b2000_frag	N57273	6	0.0159
fix_b5000_frag	N57273	6	0.0161
stock_b5000_frag	N57273	5	0.2517
bug2only_b5000_frag	N57273	6	0.0161
bug1only_b5000_frag	N57273	5	0.2517
stock_b2000_frag	N57311	6	0.0540
fix_b2000_frag	N57311	6	0.0540
fix_b5000_frag	N57311	6	0.0540
stock_b5000_frag	N57311	3	0.9998
bug2only_b5000_frag	N57311	6	0.0540
bug1only_b5000_frag	N57311	3	0.9998
stock_b2000_frag	N57394	1	0.0973
fix_b2000_frag	N57394	1	0.0973
fix_b5000_frag	N57394	1	0.0798
stock_b5000_frag	N57394	4	1.0000
bug2only_b5000_frag	N57394	1	0.0798
bug1only_b5000_frag	N57394	4	1.0000
stock_b2000_frag	N57410	3	0.0554
fix_b2000_frag	N57410	3	0.0554
fix_b5000_frag	N57410	3	0.0554
stock_b5000_frag	N57410	4	0.5000
bug2only_b5000_frag	N57410	3	0.0554
bug1only_b5000_frag	N57410	4	0.5000
stock_b2000_frag	N57459	1	0.3341
fix_b2000_frag	N57459	1	0.3341
fix_b5000_frag	N57459	1	0.3341
stock_b5000_frag	N57459	2	0.6060
bug2only_b5000_frag	N57459	1	0.3341
bug1only_b5000_frag	N57459	2	0.6060
stock_b2000_frag	N57489	0	0.3534
fix_b2000_frag	N57489	0	0.3534
fix_b5000_frag	N57489	0	0.4154
stock_b5000_frag	N57489	3	1.0000
bug2only_b5000_frag	N57489	0	0.4154
bug1only_b5000_frag	N57489	3	1.0000
stock_b2000_frag	N57491	0	0.9587
fix_b2000_frag	N57491	0	0.9587
fix_b5000_frag	N57491	0	0.9634
stock_b5000_frag	N57491	0	0.9634
bug2only_b5000_frag	N57491	0	0.9634
bug1only_b5000_frag	N57491	0	0.9634
stock_b2000_frag	N57690	4	0.1151
fix_b2000_frag	N57690	4	0.1151
fix_b5000_frag	N57690	4	0.1150
stock_b5000_frag	N57690	4	0.1733
bug2only_b5000_frag	N57690	4	0.1150
bug1only_b5000_frag	N57690	4	0.1733
stock_b2000_frag	N5771	1	0.1475
fix_b2000_frag	N5771	1	0.1475
fix_b5000_frag	N5771	1	0.1476
stock_b5000_frag	N5771	8	0.9641
bug2only_b5000_frag	N5771	1	0.1476
bug1only_b5000_frag	N5771	8	0.9641
stock_b2000_frag	N57804	8	0.0284
fix_b2000_frag	N57804	8	0.0284
fix_b5000_frag	N57804	8	0.0284
stock_b5000_frag	N57804	8	0.0284
bug2only_b5000_frag	N57804	8	0.0284
bug1only_b5000_frag	N57804	8	0.0284
stock_b2000_frag	N57963	2	0.1757
fix_b2000_frag	N57963	2	0.1757
fix_b5000_frag	N57963	2	0.1758
stock_b5000_frag	N57963	15	1.0000
bug2only_b5000_frag	N57963	2	0.1758
bug1only_b5000_frag	N57963	15	1.0000
stock_b2000_frag	N5801	2	0.1107
fix_b2000_frag	N5801	2	0.1107
fix_b5000_frag	N5801	2	0.1107
stock_b5000_frag	N5801	14	1.0000
bug2only_b5000_frag	N5801	2	0.1107
bug1only_b5000_frag	N5801	14	1.0000
stock_b2000_frag	N58154	0	0.9999
fix_b2000_frag	N58154	0	0.9999
fix_b5000_frag	N58154	0	0.9998
stock_b5000_frag	N58154	0	0.9998
bug2only_b5000_frag	N58154	0	0.9998
bug1only_b5000_frag	N58154	0	0.9998
stock_b2000_frag	N58241	0	0.9356
fix_b2000_frag	N58241	0	0.9356
fix_b5000_frag	N58241	0	0.9484
stock_b5000_frag	N58241	8	1.0000
bug2only_b5000_frag	N58241	0	0.9484
bug1only_b5000_frag	N58241	8	1.0000
stock_b2000_frag	N58305	0	0.3408
fix_b2000_frag	N58305	0	0.3408
fix_b5000_frag	N58305	0	0.3419
stock_b5000_frag	N58305	0	0.8481
bug2only_b5000_frag	N58305	0	0.3419
bug1only_b5000_frag	N58305	0	0.8481
stock_b2000_frag	N58495	0	0.8219
fix_b2000_frag	N58495	0	0.8219
fix_b5000_frag	N58495	0	0.8571
stock_b5000_frag	N58495	4	1.0000
bug2only_b5000_frag	N58495	0	0.8571
bug1only_b5000_frag	N58495	4	1.0000
stock_b2000_frag	N58499	0	0.7581
fix_b2000_frag	N58499	0	0.7581
fix_b5000_frag	N58499	0	0.7712
stock_b5000_frag	N58499	1	0.5002
bug2only_b5000_frag	N58499	0	0.7712
bug1only_b5000_frag	N58499	1	0.5002
stock_b2000_frag	N58629	0	0.5383
fix_b2000_frag	N58629	0	0.5383
fix_b5000_frag	N58629	0	0.5509
stock_b5000_frag	N58629	0	0.9975
bug2only_b5000_frag	N58629	0	0.5509
bug1only_b5000_frag	N58629	0	0.9975
stock_b2000_frag	N58677	0	0.9602
fix_b2000_frag	N58677	0	0.9602
fix_b5000_frag	N58677	0	0.9606
stock_b5000_frag	N58677	2	0.9964
bug2only_b5000_frag	N58677	0	0.9606
bug1only_b5000_frag	N58677	2	0.9964
stock_b2000_frag	N58766	3	0.1554
fix_b2000_frag	N58766	3	0.1554
fix_b5000_frag	N58766	0	0.9998
stock_b5000_frag	N58766	5	1.0000
bug2only_b5000_frag	N58766	0	0.9998
bug1only_b5000_frag	N58766	5	1.0000
stock_b2000_frag	N58781	0	0.9071
fix_b2000_frag	N58781	0	0.9071
fix_b5000_frag	N58781	0	0.9146
stock_b5000_frag	N58781	0	0.9146
bug2only_b5000_frag	N58781	0	0.9146
bug1only_b5000_frag	N58781	0	0.9146
stock_b2000_frag	N58873	2	0.7851
fix_b2000_frag	N58873	2	0.7851
fix_b5000_frag	N58873	2	0.7815
stock_b5000_frag	N58873	6	1.0000
bug2only_b5000_frag	N58873	2	0.7815
bug1only_b5000_frag	N58873	6	1.0000
stock_b2000_frag	N58887	2	0.0798
fix_b2000_frag	N58887	2	0.0798
fix_b5000_frag	N58887	2	0.0799
stock_b5000_frag	N58887	6	1.0000
bug2only_b5000_frag	N58887	2	0.0799
bug1only_b5000_frag	N58887	6	1.0000
stock_b2000_frag	N59092	1	0.4444
fix_b2000_frag	N59092	1	0.4444
fix_b5000_frag	N59092	1	0.4442
stock_b5000_frag	N59092	1	0.4442
bug2only_b5000_frag	N59092	1	0.4442
bug1only_b5000_frag	N59092	1	0.4442
stock_b2000_frag	N59093	0	0.5687
fix_b2000_frag	N59093	0	0.5687
fix_b5000_frag	N59093	0	0.5668
stock_b5000_frag	N59093	2	1.0000
bug2only_b5000_frag	N59093	0	0.5668
bug1only_b5000_frag	N59093	2	1.0000
stock_b2000_frag	N59152	0	0.3478
fix_b2000_frag	N59152	0	0.3478
fix_b5000_frag	N59152	0	0.3490
stock_b5000_frag	N59152	3	0.5003
bug2only_b5000_frag	N59152	0	0.3490
bug1only_b5000_frag	N59152	3	0.5003
stock_b2000_frag	N5926	1	0.2000
fix_b2000_frag	N5926	1	0.2000
fix_b5000_frag	N5926	1	0.1999
stock_b5000_frag	N5926	1	0.2005
bug2only_b5000_frag	N5926	1	0.1999
bug1only_b5000_frag	N5926	1	0.2005
stock_b2000_frag	N5954	1	0.1225
fix_b2000_frag	N5954	1	0.1225
fix_b5000_frag	N5954	1	0.1233
stock_b5000_frag	N5954	6	1.0000
bug2only_b5000_frag	N5954	1	0.1233
bug1only_b5000_frag	N5954	6	1.0000
stock_b2000_frag	N59652	1	0.1657
fix_b2000_frag	N59652	1	0.1657
fix_b5000_frag	N59652	1	0.1658
stock_b5000_frag	N59652	3	1.0000
bug2only_b5000_frag	N59652	1	0.1658
bug1only_b5000_frag	N59652	3	1.0000
stock_b2000_frag	N59664	0	0.8515
fix_b2000_frag	N59664	0	0.8515
fix_b5000_frag	N59664	0	0.8512
stock_b5000_frag	N59664	3	0.9912
bug2only_b5000_frag	N59664	0	0.8512
bug1only_b5000_frag	N59664	3	0.9912
stock_b2000_frag	N59793	1	0.2062
fix_b2000_frag	N59793	1	0.2062
fix_b5000_frag	N59793	1	0.2057
stock_b5000_frag	N59793	12	1.0000
bug2only_b5000_frag	N59793	1	0.2057
bug1only_b5000_frag	N59793	12	1.0000
stock_b2000_frag	N59794	0	0.4472
fix_b2000_frag	N59794	0	0.4472
fix_b5000_frag	N59794	0	0.4653
stock_b5000_frag	N59794	3	0.5000
bug2only_b5000_frag	N59794	0	0.4653
bug1only_b5000_frag	N59794	3	0.5000
stock_b2000_frag	N59850	0	1.0000
fix_b2000_frag	N59850	0	1.0000
fix_b5000_frag	N59850	0	1.0000
stock_b5000_frag	N59850	0	1.0000
bug2only_b5000_frag	N59850	0	1.0000
bug1only_b5000_frag	N59850	0	1.0000
stock_b2000_frag	N60029	0	0.5862
fix_b2000_frag	N60029	0	0.5862
fix_b5000_frag	N60029	0	0.5946
stock_b5000_frag	N60029	1	0.3383
bug2only_b5000_frag	N60029	0	0.5946
bug1only_b5000_frag	N60029	1	0.3383
stock_b2000_frag	N60112	1	0.0771
fix_b2000_frag	N60112	1	0.0771
fix_b5000_frag	N60112	1	0.0773
stock_b5000_frag	N60112	4	0.3586
bug2only_b5000_frag	N60112	1	0.0773
bug1only_b5000_frag	N60112	4	0.3586
stock_b2000_frag	N60185	1	0.0507
fix_b2000_frag	N60185	1	0.0507
fix_b5000_frag	N60185	1	0.0507
stock_b5000_frag	N60185	17	1.0000
bug2only_b5000_frag	N60185	1	0.0507
bug1only_b5000_frag	N60185	17	1.0000
stock_b2000_frag	N60235	2	0.0775
fix_b2000_frag	N60235	2	0.0775
fix_b5000_frag	N60235	2	0.0774
stock_b5000_frag	N60235	6	0.9979
bug2only_b5000_frag	N60235	2	0.0774
bug1only_b5000_frag	N60235	6	0.9979
stock_b2000_frag	N60261	1	0.1564
fix_b2000_frag	N60261	1	0.1564
fix_b5000_frag	N60261	1	0.1559
stock_b5000_frag	N60261	5	1.0000
bug2only_b5000_frag	N60261	1	0.1559
bug1only_b5000_frag	N60261	5	1.0000
stock_b2000_frag	N60286	3	0.0668
fix_b2000_frag	N60286	3	0.0668
fix_b5000_frag	N60286	3	0.0668
stock_b5000_frag	N60286	3	0.0668
bug2only_b5000_frag	N60286	3	0.0668
bug1only_b5000_frag	N60286	3	0.0668
stock_b2000_frag	N60329	0	0.3385
fix_b2000_frag	N60329	0	0.3385
fix_b5000_frag	N60329	0	0.3385
stock_b5000_frag	N60329	0	0.3385
bug2only_b5000_frag	N60329	0	0.3385
bug1only_b5000_frag	N60329	0	0.3385
stock_b2000_frag	N6034	7	0.0258
fix_b2000_frag	N6034	7	0.0258
fix_b5000_frag	N6034	7	0.0258
stock_b5000_frag	N6034	10	1.0000
bug2only_b5000_frag	N6034	7	0.0258
bug1only_b5000_frag	N6034	10	1.0000
stock_b2000_frag	N605	0	0.0703
fix_b2000_frag	N605	0	0.0703
fix_b5000_frag	N605	0	0.0702
stock_b5000_frag	N605	17	0.9954
bug2only_b5000_frag	N605	0	0.0702
bug1only_b5000_frag	N605	12	0.1648
stock_b2000_frag	N60542	4	0.0448
fix_b2000_frag	N60542	4	0.0448
fix_b5000_frag	N60542	4	0.0448
stock_b5000_frag	N60542	1	0.0536
bug2only_b5000_frag	N60542	4	0.0448
bug1only_b5000_frag	N60542	1	0.0536
stock_b2000_frag	N60633	2	0.2044
fix_b2000_frag	N60633	2	0.2044
fix_b5000_frag	N60633	2	0.2045
stock_b5000_frag	N60633	10	0.4787
bug2only_b5000_frag	N60633	2	0.2045
bug1only_b5000_frag	N60633	10	0.4787
stock_b2000_frag	N60743	0	0.9776
fix_b2000_frag	N60743	0	0.9776
fix_b5000_frag	N60743	0	0.9777
stock_b5000_frag	N60743	4	1.0000
bug2only_b5000_frag	N60743	0	0.9777
bug1only_b5000_frag	N60743	4	1.0000
stock_b2000_frag	N60872	5	0.0526
fix_b2000_frag	N60872	5	0.0526
fix_b5000_frag	N60872	5	0.0526
stock_b5000_frag	N60872	4	0.3332
bug2only_b5000_frag	N60872	5	0.0526
bug1only_b5000_frag	N60872	4	0.3332
stock_b2000_frag	N60918	0	0.5008
fix_b2000_frag	N60918	0	0.5008
fix_b5000_frag	N60918	0	0.4223
stock_b5000_frag	N60918	1	0.2587
bug2only_b5000_frag	N60918	0	0.4223
bug1only_b5000_frag	N60918	1	0.2587
stock_b2000_frag	N60931	0	1.0000
fix_b2000_frag	N60931	0	1.0000
fix_b5000_frag	N60931	0	0.9999
stock_b5000_frag	N60931	0	1.0000
bug2only_b5000_frag	N60931	0	0.9999
bug1only_b5000_frag	N60931	0	1.0000
stock_b2000_frag	N6097	0	0.2651
fix_b2000_frag	N6097	0	0.2651
fix_b5000_frag	N6097	0	0.2647
stock_b5000_frag	N6097	0	0.2362
bug2only_b5000_frag	N6097	0	0.2647
bug1only_b5000_frag	N6097	0	0.2362
stock_b2000_frag	N61018	7	0.0585
fix_b2000_frag	N61018	7	0.0585
fix_b5000_frag	N61018	7	0.0584
stock_b5000_frag	N61018	3	0.2321
bug2only_b5000_frag	N61018	7	0.0584
bug1only_b5000_frag	N61018	3	0.2321
stock_b2000_frag	N61033	0	0.9496
fix_b2000_frag	N61033	0	0.9496
fix_b5000_frag	N61033	0	0.9496
stock_b5000_frag	N61033	0	0.9496
bug2only_b5000_frag	N61033	0	0.9496
bug1only_b5000_frag	N61033	0	0.9496
stock_b2000_frag	N61049	2	0.0529
fix_b2000_frag	N61049	2	0.0529
fix_b5000_frag	N61049	2	0.0529
stock_b5000_frag	N61049	2	0.0989
bug2only_b5000_frag	N61049	2	0.0529
bug1only_b5000_frag	N61049	2	0.0989
stock_b2000_frag	N61067	1	0.2098
fix_b2000_frag	N61067	1	0.2098
fix_b5000_frag	N61067	2	0.2097
stock_b5000_frag	N61067	2	0.2161
bug2only_b5000_frag	N61067	2	0.2097
bug1only_b5000_frag	N61067	2	0.2161
stock_b2000_frag	N61070	1	0.3385
fix_b2000_frag	N61070	1	0.3385
fix_b5000_frag	N61070	1	0.3368
stock_b5000_frag	N61070	4	0.5005
bug2only_b5000_frag	N61070	1	0.3368
bug1only_b5000_frag	N61070	4	0.5005
stock_b2000_frag	N61324	1	0.2109
fix_b2000_frag	N61324	1	0.2109
fix_b5000_frag	N61324	1	0.2120
stock_b5000_frag	N61324	2	0.4668
bug2only_b5000_frag	N61324	1	0.2120
bug1only_b5000_frag	N61324	2	0.4668
stock_b2000_frag	N61569	2	0.0345
fix_b2000_frag	N61569	2	0.0345
fix_b5000_frag	N61569	2	0.0345
stock_b5000_frag	N61569	13	1.0000
bug2only_b5000_frag	N61569	2	0.0345
bug1only_b5000_frag	N61569	13	1.0000
stock_b2000_frag	N61653	15	0.0083
fix_b2000_frag	N61653	15	0.0083
fix_b5000_frag	N61653	15	0.0083
stock_b5000_frag	N61653	6	1.0000
bug2only_b5000_frag	N61653	15	0.0083
bug1only_b5000_frag	N61653	6	1.0000
stock_b2000_frag	N61682	0	0.8334
fix_b2000_frag	N61682	0	0.8334
fix_b5000_frag	N61682	0	0.9057
stock_b5000_frag	N61682	0	0.8389
bug2only_b5000_frag	N61682	0	0.9057
bug1only_b5000_frag	N61682	0	0.8389
stock_b2000_frag	N61704	1	0.4388
fix_b2000_frag	N61704	1	0.4388
fix_b5000_frag	N61704	1	0.4382
stock_b5000_frag	N61704	1	0.4586
bug2only_b5000_frag	N61704	1	0.4382
bug1only_b5000_frag	N61704	1	0.4586
stock_b2000_frag	N61758	1	0.2004
fix_b2000_frag	N61758	1	0.2004
fix_b5000_frag	N61758	1	0.2003
stock_b5000_frag	N61758	0	0.5097
bug2only_b5000_frag	N61758	1	0.2003
bug1only_b5000_frag	N61758	0	0.5097
stock_b2000_frag	N61780	1	0.3241
fix_b2000_frag	N61780	1	0.3241
fix_b5000_frag	N61780	1	0.3235
stock_b5000_frag	N61780	9	1.0000
bug2only_b5000_frag	N61780	1	0.3235
bug1only_b5000_frag	N61780	9	1.0000
stock_b2000_frag	N61831	0	0.9927
fix_b2000_frag	N61831	0	0.9927
fix_b5000_frag	N61831	0	0.9933
stock_b5000_frag	N61831	0	0.9996
bug2only_b5000_frag	N61831	0	0.9933
bug1only_b5000_frag	N61831	0	0.9996
stock_b2000_frag	N61983	0	0.9443
fix_b2000_frag	N61983	0	0.9443
fix_b5000_frag	N61983	0	0.9171
stock_b5000_frag	N61983	0	0.9795
bug2only_b5000_frag	N61983	0	0.9171
bug1only_b5000_frag	N61983	0	0.9795
stock_b2000_frag	N62172	1	0.3385
fix_b2000_frag	N62172	1	0.3385
fix_b5000_frag	N62172	1	0.3385
stock_b5000_frag	N62172	1	0.3858
bug2only_b5000_frag	N62172	1	0.3385
bug1only_b5000_frag	N62172	1	0.3858
stock_b2000_frag	N62176	2	0.2239
fix_b2000_frag	N62176	2	0.2239
fix_b5000_frag	N62176	2	0.2234
stock_b5000_frag	N62176	2	0.2891
bug2only_b5000_frag	N62176	2	0.2234
bug1only_b5000_frag	N62176	2	0.2891
stock_b2000_frag	N62196	0	0.2176
fix_b2000_frag	N62196	0	0.2176
fix_b5000_frag	N62196	0	0.2179
stock_b5000_frag	N62196	4	1.0000
bug2only_b5000_frag	N62196	0	0.2179
bug1only_b5000_frag	N62196	4	1.0000
stock_b2000_frag	N62298	1	0.1555
fix_b2000_frag	N62298	1	0.1555
fix_b5000_frag	N62298	1	0.1701
stock_b5000_frag	N62298	4	1.0000
bug2only_b5000_frag	N62298	1	0.1701
bug1only_b5000_frag	N62298	4	1.0000
stock_b2000_frag	N62324	2	0.0540
fix_b2000_frag	N62324	2	0.0540
fix_b5000_frag	N62324	2	0.0541
stock_b5000_frag	N62324	6	1.0000
bug2only_b5000_frag	N62324	2	0.0541
bug1only_b5000_frag	N62324	6	1.0000
stock_b2000_frag	N625	6	0.0196
fix_b2000_frag	N625	6	0.0196
fix_b5000_frag	N625	6	0.0196
stock_b5000_frag	N625	6	0.0196
bug2only_b5000_frag	N625	6	0.0196
bug1only_b5000_frag	N625	6	0.0196
stock_b2000_frag	N62538	0	0.4112
fix_b2000_frag	N62538	0	0.4112
fix_b5000_frag	N62538	0	0.4134
stock_b5000_frag	N62538	0	0.4319
bug2only_b5000_frag	N62538	0	0.4134
bug1only_b5000_frag	N62538	0	0.4319
stock_b2000_frag	N62571	1	0.0252
fix_b2000_frag	N62571	1	0.0252
fix_b5000_frag	N62571	1	0.0252
stock_b5000_frag	N62571	1	1.0000
bug2only_b5000_frag	N62571	1	0.0252
bug1only_b5000_frag	N62571	1	1.0000
stock_b2000_frag	N62620	0	0.3404
fix_b2000_frag	N62620	0	0.3404
fix_b5000_frag	N62620	0	0.3392
stock_b5000_frag	N62620	0	0.9970
bug2only_b5000_frag	N62620	0	0.3392
bug1only_b5000_frag	N62620	0	0.9970
stock_b2000_frag	N62658	1	0.4253
fix_b2000_frag	N62658	1	0.4253
fix_b5000_frag	N62658	1	0.4194
stock_b5000_frag	N62658	1	0.5204
bug2only_b5000_frag	N62658	1	0.4194
bug1only_b5000_frag	N62658	1	0.5204
stock_b2000_frag	N62693	4	0.0770
fix_b2000_frag	N62693	4	0.0770
fix_b5000_frag	N62693	4	0.0770
stock_b5000_frag	N62693	2	0.5516
bug2only_b5000_frag	N62693	4	0.0770
bug1only_b5000_frag	N62693	2	0.5516
stock_b2000_frag	N6279	4	0.0547
fix_b2000_frag	N6279	4	0.0547
fix_b5000_frag	N6279	4	0.0547
stock_b5000_frag	N6279	1	0.3341
bug2only_b5000_frag	N6279	4	0.0547
bug1only_b5000_frag	N6279	1	0.3341
stock_b2000_frag	N62835	0	0.2652
fix_b2000_frag	N62835	0	0.2652
fix_b5000_frag	N62835	0	0.2704
stock_b5000_frag	N62835	9	1.0000
bug2only_b5000_frag	N62835	0	0.2704
bug1only_b5000_frag	N62835	9	1.0000
stock_b2000_frag	N62919	0	0.3808
fix_b2000_frag	N62919	0	0.3808
fix_b5000_frag	N62919	0	0.3815
stock_b5000_frag	N62919	1	0.9755
bug2only_b5000_frag	N62919	0	0.3815
bug1only_b5000_frag	N62919	1	0.9755
stock_b2000_frag	N6301	0	0.9903
fix_b2000_frag	N6301	0	0.9903
fix_b5000_frag	N6301	0	0.9909
stock_b5000_frag	N6301	9	1.0000
bug2only_b5000_frag	N6301	0	0.9909
bug1only_b5000_frag	N6301	9	1.0000
stock_b2000_frag	N63021	2	0.2007
fix_b2000_frag	N63021	2	0.2007
fix_b5000_frag	N63021	2	0.2007
stock_b5000_frag	N63021	0	1.0000
bug2only_b5000_frag	N63021	2	0.2007
bug1only_b5000_frag	N63021	0	1.0000
stock_b2000_frag	N63029	1	0.2773
fix_b2000_frag	N63029	1	0.2773
fix_b5000_frag	N63029	1	0.2179
stock_b5000_frag	N63029	3	1.0000
bug2only_b5000_frag	N63029	1	0.2179
bug1only_b5000_frag	N63029	3	1.0000
stock_b2000_frag	N63060	0	0.3150
fix_b2000_frag	N63060	0	0.3150
fix_b5000_frag	N63060	0	0.3428
stock_b5000_frag	N63060	1	1.0000
bug2only_b5000_frag	N63060	0	0.3428
bug1only_b5000_frag	N63060	1	1.0000
stock_b2000_frag	N63064	0	0.3700
fix_b2000_frag	N63064	0	0.3700
fix_b5000_frag	N63064	0	0.3532
stock_b5000_frag	N63064	1	0.9082
bug2only_b5000_frag	N63064	0	0.3532
bug1only_b5000_frag	N63064	1	0.9082
stock_b2000_frag	N63182	2	0.0589
fix_b2000_frag	N63182	2	0.0589
fix_b5000_frag	N63182	2	0.0589
stock_b5000_frag	N63182	2	0.0586
bug2only_b5000_frag	N63182	2	0.0589
bug1only_b5000_frag	N63182	2	0.0586
stock_b2000_frag	N6319	0	0.9440
fix_b2000_frag	N6319	0	0.9440
fix_b5000_frag	N6319	0	0.9445
stock_b5000_frag	N6319	3	0.3336
bug2only_b5000_frag	N6319	0	0.9445
bug1only_b5000_frag	N6319	3	0.3336
stock_b2000_frag	N63282	0	0.3313
fix_b2000_frag	N63282	0	0.3313
fix_b5000_frag	N63282	0	0.3313
stock_b5000_frag	N63282	0	0.3335
bug2only_b5000_frag	N63282	0	0.3313
bug1only_b5000_frag	N63282	0	0.3335
stock_b2000_frag	N63297	1	0.1214
fix_b2000_frag	N63297	1	0.1214
fix_b5000_frag	N63297	1	0.1218
stock_b5000_frag	N63297	3	0.2825
bug2only_b5000_frag	N63297	1	0.1218
bug1only_b5000_frag	N63297	3	0.2825
stock_b2000_frag	N63340	1	0.2340
fix_b2000_frag	N63340	1	0.2340
fix_b5000_frag	N63340	1	0.2337
stock_b5000_frag	N63340	3	0.6160
bug2only_b5000_frag	N63340	1	0.2337
bug1only_b5000_frag	N63340	3	0.6160
stock_b2000_frag	N63436	1	0.4612
fix_b2000_frag	N63436	1	0.4612
fix_b5000_frag	N63436	1	0.4588
stock_b5000_frag	N63436	6	0.9999
bug2only_b5000_frag	N63436	1	0.4588
bug1only_b5000_frag	N63436	6	0.9999
stock_b2000_frag	N63473	1	0.2207
fix_b2000_frag	N63473	1	0.2207
fix_b5000_frag	N63473	1	0.2299
stock_b5000_frag	N63473	1	0.6466
bug2only_b5000_frag	N63473	1	0.2299
bug1only_b5000_frag	N63473	1	0.6466
stock_b2000_frag	N63571	2	0.0667
fix_b2000_frag	N63571	2	0.0667
fix_b5000_frag	N63571	2	0.0667
stock_b5000_frag	N63571	2	0.0667
bug2only_b5000_frag	N63571	2	0.0667
bug1only_b5000_frag	N63571	2	0.0667
stock_b2000_frag	N63637	1	0.9825
fix_b2000_frag	N63637	1	0.9825
fix_b5000_frag	N63637	0	0.9765
stock_b5000_frag	N63637	10	1.0000
bug2only_b5000_frag	N63637	0	0.9765
bug1only_b5000_frag	N63637	10	1.0000
stock_b2000_frag	N63774	2	0.0665
fix_b2000_frag	N63774	2	0.0665
fix_b5000_frag	N63774	2	0.0665
stock_b5000_frag	N63774	9	0.9832
bug2only_b5000_frag	N63774	2	0.0665
bug1only_b5000_frag	N63774	9	0.9832
stock_b2000_frag	N64	1	0.1176
fix_b2000_frag	N64	1	0.1176
fix_b5000_frag	N64	1	0.1174
stock_b5000_frag	N64	5	0.6105
bug2only_b5000_frag	N64	1	0.1174
bug1only_b5000_frag	N64	4	0.5010
stock_b2000_frag	N64043	1	0.2191
fix_b2000_frag	N64043	1	0.2191
fix_b5000_frag	N64043	1	0.2191
stock_b5000_frag	N64043	1	0.2272
bug2only_b5000_frag	N64043	1	0.2191
bug1only_b5000_frag	N64043	1	0.2272
stock_b2000_frag	N6416	2	0.1108
fix_b2000_frag	N6416	2	0.1108
fix_b5000_frag	N6416	2	0.1109
stock_b5000_frag	N6416	5	0.5015
bug2only_b5000_frag	N6416	2	0.1109
bug1only_b5000_frag	N6416	5	0.5015
stock_b2000_frag	N64190	1	0.0692
fix_b2000_frag	N64190	1	0.0692
fix_b5000_frag	N64190	1	0.0693
stock_b5000_frag	N64190	7	1.0000
bug2only_b5000_frag	N64190	1	0.0693
bug1only_b5000_frag	N64190	7	1.0000
stock_b2000_frag	N64215	5	0.0204
fix_b2000_frag	N64215	1	0.0204
fix_b5000_frag	N64215	1	0.0204
stock_b5000_frag	N64215	3	0.9954
bug2only_b5000_frag	N64215	1	0.0204
bug1only_b5000_frag	N64215	3	0.9954
stock_b2000_frag	N64362	1	0.3335
fix_b2000_frag	N64362	1	0.3335
fix_b5000_frag	N64362	1	0.1937
stock_b5000_frag	N64362	1	0.4874
bug2only_b5000_frag	N64362	1	0.1937
bug1only_b5000_frag	N64362	1	0.4874
stock_b2000_frag	N64449	4	0.0348
fix_b2000_frag	N64449	4	0.0348
fix_b5000_frag	N64449	4	0.0349
stock_b5000_frag	N64449	1	1.0000
bug2only_b5000_frag	N64449	4	0.0349
bug1only_b5000_frag	N64449	1	1.0000
stock_b2000_frag	N64506	2	0.0904
fix_b2000_frag	N64506	2	0.0904
fix_b5000_frag	N64506	2	0.0905
stock_b5000_frag	N64506	2	0.0913
bug2only_b5000_frag	N64506	2	0.0905
bug1only_b5000_frag	N64506	2	0.0913
stock_b2000_frag	N64566	0	0.8595
fix_b2000_frag	N64566	0	0.8595
fix_b5000_frag	N64566	0	0.8616
stock_b5000_frag	N64566	2	1.0000
bug2only_b5000_frag	N64566	0	0.8616
bug1only_b5000_frag	N64566	2	1.0000
stock_b2000_frag	N64602	1	0.3834
fix_b2000_frag	N64602	1	0.3834
fix_b5000_frag	N64602	1	0.3807
stock_b5000_frag	N64602	1	1.0000
bug2only_b5000_frag	N64602	1	0.3807
bug1only_b5000_frag	N64602	1	1.0000
stock_b2000_frag	N64801	1	0.2368
fix_b2000_frag	N64801	1	0.2368
fix_b5000_frag	N64801	1	0.2388
stock_b5000_frag	N64801	3	1.0000
bug2only_b5000_frag	N64801	1	0.2388
bug1only_b5000_frag	N64801	3	1.0000
stock_b2000_frag	N64826	2	0.0906
fix_b2000_frag	N64826	2	0.0906
fix_b5000_frag	N64826	2	0.0910
stock_b5000_frag	N64826	2	0.0910
bug2only_b5000_frag	N64826	2	0.0910
bug1only_b5000_frag	N64826	2	0.0910
stock_b2000_frag	N6510	2	0.2168
fix_b2000_frag	N6510	2	0.2168
fix_b5000_frag	N6510	2	0.2163
stock_b5000_frag	N6510	3	1.0000
bug2only_b5000_frag	N6510	2	0.2163
bug1only_b5000_frag	N6510	3	1.0000
stock_b2000_frag	N65199	1	0.5070
fix_b2000_frag	N65199	1	0.5070
fix_b5000_frag	N65199	1	0.5068
stock_b5000_frag	N65199	1	0.8819
bug2only_b5000_frag	N65199	1	0.5068
bug1only_b5000_frag	N65199	1	0.8819
stock_b2000_frag	N65304	4	0.0481
fix_b2000_frag	N65304	4	0.0481
fix_b5000_frag	N65304	4	0.0480
stock_b5000_frag	N65304	5	0.0637
bug2only_b5000_frag	N65304	4	0.0480
bug1only_b5000_frag	N65304	5	0.0637
stock_b2000_frag	N65314	0	0.3498
fix_b2000_frag	N65314	0	0.3498
fix_b5000_frag	N65314	0	0.3435
stock_b5000_frag	N65314	5	0.5013
bug2only_b5000_frag	N65314	0	0.3435
bug1only_b5000_frag	N65314	5	0.5013
stock_b2000_frag	N65343	1	0.3228
fix_b2000_frag	N65343	1	0.3228
fix_b5000_frag	N65343	1	0.3224
stock_b5000_frag	N65343	1	0.5094
bug2only_b5000_frag	N65343	1	0.3224
bug1only_b5000_frag	N65343	1	0.5094
stock_b2000_frag	N65361	1	0.0213
fix_b2000_frag	N65361	1	0.0213
fix_b5000_frag	N65361	1	0.0213
stock_b5000_frag	N65361	13	0.4991
bug2only_b5000_frag	N65361	1	0.0213
bug1only_b5000_frag	N65361	13	0.4991
stock_b2000_frag	N65707	1	0.0191
fix_b2000_frag	N65707	1	0.0191
fix_b5000_frag	N65707	1	0.0190
stock_b5000_frag	N65707	2	0.9976
bug2only_b5000_frag	N65707	1	0.0190
bug1only_b5000_frag	N65707	2	0.9976
stock_b2000_frag	N65888	1	0.1997
fix_b2000_frag	N65888	1	0.1997
fix_b5000_frag	N65888	1	0.1997
stock_b5000_frag	N65888	10	1.0000
bug2only_b5000_frag	N65888	1	0.1997
bug1only_b5000_frag	N65888	10	1.0000
stock_b2000_frag	N66269	1	0.2009
fix_b2000_frag	N66269	1	0.2009
fix_b5000_frag	N66269	1	0.2008
stock_b5000_frag	N66269	1	0.2008
bug2only_b5000_frag	N66269	1	0.2008
bug1only_b5000_frag	N66269	1	0.2008
stock_b2000_frag	N66483	1	0.0711
fix_b2000_frag	N66483	1	0.0711
fix_b5000_frag	N66483	2	0.0710
stock_b5000_frag	N66483	3	0.0999
bug2only_b5000_frag	N66483	2	0.0710
bug1only_b5000_frag	N66483	3	0.0999
stock_b2000_frag	N66586	0	1.0000
fix_b2000_frag	N66586	0	1.0000
fix_b5000_frag	N66586	0	0.7622
stock_b5000_frag	N66586	1	1.0000
bug2only_b5000_frag	N66586	0	0.7622
bug1only_b5000_frag	N66586	1	1.0000
stock_b2000_frag	N66649	0	0.3146
fix_b2000_frag	N66649	0	0.3146
fix_b5000_frag	N66649	0	0.3583
stock_b5000_frag	N66649	9	0.9852
bug2only_b5000_frag	N66649	0	0.3583
bug1only_b5000_frag	N66649	9	0.9852
stock_b2000_frag	N66669	1	0.3323
fix_b2000_frag	N66669	1	0.3323
fix_b5000_frag	N66669	1	0.3323
stock_b5000_frag	N66669	1	0.5098
bug2only_b5000_frag	N66669	1	0.3323
bug1only_b5000_frag	N66669	1	0.5098
stock_b2000_frag	N66751	0	0.9994
fix_b2000_frag	N66751	0	0.9994
fix_b5000_frag	N66751	0	0.9994
stock_b5000_frag	N66751	2	1.0000
bug2only_b5000_frag	N66751	0	0.9994
bug1only_b5000_frag	N66751	2	1.0000
stock_b2000_frag	N66758	1	0.2620
fix_b2000_frag	N66758	1	0.2620
fix_b5000_frag	N66758	1	0.2627
stock_b5000_frag	N66758	1	0.2857
bug2only_b5000_frag	N66758	1	0.2627
bug1only_b5000_frag	N66758	1	0.2857
stock_b2000_frag	N67049	2	0.0493
fix_b2000_frag	N67049	2	0.0493
fix_b5000_frag	N67049	2	0.0494
stock_b5000_frag	N67049	2	0.0590
bug2only_b5000_frag	N67049	2	0.0494
bug1only_b5000_frag	N67049	2	0.0590
stock_b2000_frag	N67152	3	0.0773
fix_b2000_frag	N67152	3	0.0773
fix_b5000_frag	N67152	3	0.0773
stock_b5000_frag	N67152	3	0.0773
bug2only_b5000_frag	N67152	3	0.0773
bug1only_b5000_frag	N67152	3	0.0773
stock_b2000_frag	N67158	1	0.3239
fix_b2000_frag	N67158	1	0.3239
fix_b5000_frag	N67158	1	0.3240
stock_b5000_frag	N67158	7	0.2504
bug2only_b5000_frag	N67158	1	0.3240
bug1only_b5000_frag	N67158	7	0.2504
stock_b2000_frag	N67202	1	0.1543
fix_b2000_frag	N67202	1	0.1543
fix_b5000_frag	N67202	1	0.1537
stock_b5000_frag	N67202	1	0.1537
bug2only_b5000_frag	N67202	1	0.1537
bug1only_b5000_frag	N67202	1	0.1537
stock_b2000_frag	N67303	1	0.5600
fix_b2000_frag	N67303	1	0.5600
fix_b5000_frag	N67303	1	0.5176
stock_b5000_frag	N67303	6	0.5002
bug2only_b5000_frag	N67303	1	0.5176
bug1only_b5000_frag	N67303	6	0.5002
stock_b2000_frag	N67329	2	0.6016
fix_b2000_frag	N67329	2	0.6016
fix_b5000_frag	N67329	2	0.6108
stock_b5000_frag	N67329	4	1.0000
bug2only_b5000_frag	N67329	2	0.6108
bug1only_b5000_frag	N67329	4	1.0000
stock_b2000_frag	N67409	0	1.0000
fix_b2000_frag	N67409	0	1.0000
fix_b5000_frag	N67409	0	1.0000
stock_b5000_frag	N67409	0	1.0000
bug2only_b5000_frag	N67409	0	1.0000
bug1only_b5000_frag	N67409	0	1.0000
stock_b2000_frag	N67549	0	0.2164
fix_b2000_frag	N67549	0	0.2164
fix_b5000_frag	N67549	0	0.2170
stock_b5000_frag	N67549	0	0.7584
bug2only_b5000_frag	N67549	0	0.2170
bug1only_b5000_frag	N67549	0	0.7584
stock_b2000_frag	N67561	3	0.0824
fix_b2000_frag	N67561	3	0.0824
fix_b5000_frag	N67561	3	0.0825
stock_b5000_frag	N67561	1	1.0000
bug2only_b5000_frag	N67561	3	0.0825
bug1only_b5000_frag	N67561	1	1.0000
stock_b2000_frag	N6766	4	0.0101
fix_b2000_frag	N6766	4	0.0101
fix_b5000_frag	N6766	4	0.0101
stock_b5000_frag	N6766	1	0.2500
bug2only_b5000_frag	N6766	4	0.0101
bug1only_b5000_frag	N6766	1	0.2500
stock_b2000_frag	N67766	0	0.2782
fix_b2000_frag	N67766	0	0.2782
fix_b5000_frag	N67766	0	0.2043
stock_b5000_frag	N67766	1	0.9996
bug2only_b5000_frag	N67766	0	0.2043
bug1only_b5000_frag	N67766	1	0.9996
stock_b2000_frag	N67898	0	1.0000
fix_b2000_frag	N67898	0	1.0000
fix_b5000_frag	N67898	0	1.0000
stock_b5000_frag	N67898	2	1.0000
bug2only_b5000_frag	N67898	0	1.0000
bug1only_b5000_frag	N67898	2	1.0000
stock_b2000_frag	N68058	1	0.2051
fix_b2000_frag	N68058	1	0.2051
fix_b5000_frag	N68058	1	0.2038
stock_b5000_frag	N68058	9	1.0000
bug2only_b5000_frag	N68058	1	0.2038
bug1only_b5000_frag	N68058	9	1.0000
stock_b2000_frag	N68072	0	0.6344
fix_b2000_frag	N68072	0	0.6344
fix_b5000_frag	N68072	0	0.6321
stock_b5000_frag	N68072	4	0.9668
bug2only_b5000_frag	N68072	0	0.6321
bug1only_b5000_frag	N68072	4	0.9668
stock_b2000_frag	N68079	0	0.5576
fix_b2000_frag	N68079	0	0.5576
fix_b5000_frag	N68079	0	0.5050
stock_b5000_frag	N68079	2	0.5019
bug2only_b5000_frag	N68079	0	0.5050
bug1only_b5000_frag	N68079	2	0.5019
stock_b2000_frag	N6808	1	0.0477
fix_b2000_frag	N6808	1	0.0477
fix_b5000_frag	N6808	1	0.0477
stock_b5000_frag	N6808	1	0.0477
bug2only_b5000_frag	N6808	1	0.0477
bug1only_b5000_frag	N6808	1	0.0477
stock_b2000_frag	N6812	0	1.0000
fix_b2000_frag	N6812	0	1.0000
fix_b5000_frag	N6812	1	0.9776
stock_b5000_frag	N6812	9	1.0000
bug2only_b5000_frag	N6812	1	0.9776
bug1only_b5000_frag	N6812	9	1.0000
stock_b2000_frag	N68186	1	0.1616
fix_b2000_frag	N68186	1	0.1616
fix_b5000_frag	N68186	1	0.1622
stock_b5000_frag	N68186	1	0.1647
bug2only_b5000_frag	N68186	1	0.1622
bug1only_b5000_frag	N68186	1	0.1647
stock_b2000_frag	N68228	1	0.4189
fix_b2000_frag	N68228	1	0.4189
fix_b5000_frag	N68228	1	0.4190
stock_b5000_frag	N68228	3	1.0000
bug2only_b5000_frag	N68228	1	0.4190
bug1only_b5000_frag	N68228	3	1.0000
stock_b2000_frag	N68327	0	0.2003
fix_b2000_frag	N68327	0	0.2003
fix_b5000_frag	N68327	0	0.2003
stock_b5000_frag	N68327	2	1.0000
bug2only_b5000_frag	N68327	0	0.2003
bug1only_b5000_frag	N68327	2	1.0000
stock_b2000_frag	N68394	0	0.9443
fix_b2000_frag	N68394	0	0.9443
fix_b5000_frag	N68394	0	0.9444
stock_b5000_frag	N68394	1	1.0000
bug2only_b5000_frag	N68394	0	0.9444
bug1only_b5000_frag	N68394	1	1.0000
stock_b2000_frag	N68395	0	0.4931
fix_b2000_frag	N68395	0	0.4931
fix_b5000_frag	N68395	0	0.5102
stock_b5000_frag	N68395	0	0.5666
bug2only_b5000_frag	N68395	0	0.5102
bug1only_b5000_frag	N68395	0	0.5666
stock_b2000_frag	N6840	2	0.1050
fix_b2000_frag	N6840	2	0.1050
fix_b5000_frag	N6840	2	0.1052
stock_b5000_frag	N6840	8	0.1251
bug2only_b5000_frag	N6840	2	0.1052
bug1only_b5000_frag	N6840	8	0.1251
stock_b2000_frag	N68442	0	0.9981
fix_b2000_frag	N68442	0	0.9981
fix_b5000_frag	N68442	0	0.9981
stock_b5000_frag	N68442	0	0.9995
bug2only_b5000_frag	N68442	0	0.9981
bug1only_b5000_frag	N68442	0	0.9995
stock_b2000_frag	N68488	1	0.3937
fix_b2000_frag	N68488	1	0.3937
fix_b5000_frag	N68488	1	0.3940
stock_b5000_frag	N68488	0	0.9832
bug2only_b5000_frag	N68488	1	0.3940
bug1only_b5000_frag	N68488	0	0.9832
stock_b2000_frag	N68549	1	0.1515
fix_b2000_frag	N68549	1	0.1515
fix_b5000_frag	N68549	1	0.1519
stock_b5000_frag	N68549	3	1.0000
bug2only_b5000_frag	N68549	1	0.1519
bug1only_b5000_frag	N68549	3	1.0000
stock_b2000_frag	N68568	1	0.2378
fix_b2000_frag	N68568	1	0.2378
fix_b5000_frag	N68568	1	0.2365
stock_b5000_frag	N68568	2	1.0000
bug2only_b5000_frag	N68568	1	0.2365
bug1only_b5000_frag	N68568	2	1.0000
stock_b2000_frag	N68906	0	0.9965
fix_b2000_frag	N68906	0	0.9965
fix_b5000_frag	N68906	0	0.9977
stock_b5000_frag	N68906	0	0.9977
bug2only_b5000_frag	N68906	0	0.9977
bug1only_b5000_frag	N68906	0	0.9977
stock_b2000_frag	N68941	1	0.3309
fix_b2000_frag	N68941	1	0.3309
fix_b5000_frag	N68941	1	0.3314
stock_b5000_frag	N68941	3	1.0000
bug2only_b5000_frag	N68941	1	0.3314
bug1only_b5000_frag	N68941	3	1.0000
stock_b2000_frag	N68958	1	0.2263
fix_b2000_frag	N68958	1	0.2263
fix_b5000_frag	N68958	1	0.2269
stock_b5000_frag	N68958	1	0.9997
bug2only_b5000_frag	N68958	1	0.2269
bug1only_b5000_frag	N68958	1	0.9997
stock_b2000_frag	N69024	0	0.9968
fix_b2000_frag	N69024	0	0.9968
fix_b5000_frag	N69024	0	0.9970
stock_b5000_frag	N69024	0	1.0000
bug2only_b5000_frag	N69024	0	0.9970
bug1only_b5000_frag	N69024	0	1.0000
stock_b2000_frag	N69075	0	1.0000
fix_b2000_frag	N69075	0	1.0000
fix_b5000_frag	N69075	0	1.0000
stock_b5000_frag	N69075	0	1.0000
bug2only_b5000_frag	N69075	0	1.0000
bug1only_b5000_frag	N69075	0	1.0000
stock_b2000_frag	N69087	2	0.0911
fix_b2000_frag	N69087	2	0.0911
fix_b5000_frag	N69087	2	0.0911
stock_b5000_frag	N69087	1	0.3332
bug2only_b5000_frag	N69087	2	0.0911
bug1only_b5000_frag	N69087	1	0.3332
stock_b2000_frag	N69105	0	0.8073
fix_b2000_frag	N69105	0	0.8073
fix_b5000_frag	N69105	0	0.7975
stock_b5000_frag	N69105	1	0.7381
bug2only_b5000_frag	N69105	0	0.7975
bug1only_b5000_frag	N69105	1	0.7381
stock_b2000_frag	N69113	1	0.2590
fix_b2000_frag	N69113	1	0.2590
fix_b5000_frag	N69113	1	0.2594
stock_b5000_frag	N69113	3	0.8682
bug2only_b5000_frag	N69113	1	0.2594
bug1only_b5000_frag	N69113	3	0.8682
stock_b2000_frag	N6915	7	0.6903
fix_b2000_frag	N6915	7	0.6903
fix_b5000_frag	N6915	7	0.6995
stock_b5000_frag	N6915	10	0.3280
bug2only_b5000_frag	N6915	7	0.6995
bug1only_b5000_frag	N6915	10	0.3280
stock_b2000_frag	N69245	0	0.1678
fix_b2000_frag	N69245	0	0.1678
fix_b5000_frag	N69245	0	0.1678
stock_b5000_frag	N69245	0	0.1678
bug2only_b5000_frag	N69245	0	0.1678
bug1only_b5000_frag	N69245	0	0.1678
stock_b2000_frag	N69304	0	0.5478
fix_b2000_frag	N69304	0	0.5478
fix_b5000_frag	N69304	0	0.6157
stock_b5000_frag	N69304	1	0.5124
bug2only_b5000_frag	N69304	0	0.6157
bug1only_b5000_frag	N69304	1	0.5124
stock_b2000_frag	N69339	1	0.1361
fix_b2000_frag	N69339	1	0.1361
fix_b5000_frag	N69339	1	0.1274
stock_b5000_frag	N69339	10	1.0000
bug2only_b5000_frag	N69339	1	0.1274
bug1only_b5000_frag	N69339	10	1.0000
stock_b2000_frag	N69466	0	0.9055
fix_b2000_frag	N69466	0	0.9055
fix_b5000_frag	N69466	0	0.8967
stock_b5000_frag	N69466	3	0.9999
bug2only_b5000_frag	N69466	0	0.8967
bug1only_b5000_frag	N69466	3	0.9999
stock_b2000_frag	N69538	0	0.0402
fix_b2000_frag	N69538	0	0.0402
fix_b5000_frag	N69538	0	0.0401
stock_b5000_frag	N69538	7	1.0000
bug2only_b5000_frag	N69538	0	0.0401
bug1only_b5000_frag	N69538	7	1.0000
stock_b2000_frag	N69604	0	0.0346
fix_b2000_frag	N69604	0	0.0346
fix_b5000_frag	N69604	0	0.0348
stock_b5000_frag	N69604	10	1.0000
bug2only_b5000_frag	N69604	0	0.0348
bug1only_b5000_frag	N69604	10	1.0000
stock_b2000_frag	N69676	0	0.9761
fix_b2000_frag	N69676	0	0.9761
fix_b5000_frag	N69676	0	0.9763
stock_b5000_frag	N69676	0	0.9763
bug2only_b5000_frag	N69676	0	0.9763
bug1only_b5000_frag	N69676	0	0.9763
stock_b2000_frag	N69725	2	0.1429
fix_b2000_frag	N69725	2	0.1429
fix_b5000_frag	N69725	2	0.1429
stock_b5000_frag	N69725	7	0.5016
bug2only_b5000_frag	N69725	2	0.1429
bug1only_b5000_frag	N69725	7	0.5016
stock_b2000_frag	N69826	0	0.9692
fix_b2000_frag	N69826	0	0.9692
fix_b5000_frag	N69826	0	0.9687
stock_b5000_frag	N69826	2	1.0000
bug2only_b5000_frag	N69826	0	0.9687
bug1only_b5000_frag	N69826	2	1.0000
stock_b2000_frag	N69871	0	0.6486
fix_b2000_frag	N69871	0	0.6486
fix_b5000_frag	N69871	0	0.6745
stock_b5000_frag	N69871	4	1.0000
bug2only_b5000_frag	N69871	0	0.6745
bug1only_b5000_frag	N69871	4	1.0000
stock_b2000_frag	N69892	1	0.2775
fix_b2000_frag	N69892	1	0.2775
fix_b5000_frag	N69892	1	0.2825
stock_b5000_frag	N69892	4	0.7928
bug2only_b5000_frag	N69892	1	0.2825
bug1only_b5000_frag	N69892	4	0.7928
stock_b2000_frag	N69976	10	0.0083
fix_b2000_frag	N69976	10	0.0083
fix_b5000_frag	N69976	9	0.0083
stock_b5000_frag	N69976	9	0.3333
bug2only_b5000_frag	N69976	10	0.0083
bug1only_b5000_frag	N69976	9	0.3333
stock_b2000_frag	N70027	2	0.0723
fix_b2000_frag	N70027	2	0.0723
fix_b5000_frag	N70027	2	0.0724
stock_b5000_frag	N70027	2	0.0724
bug2only_b5000_frag	N70027	2	0.0724
bug1only_b5000_frag	N70027	2	0.0724
stock_b2000_frag	N70074	1	0.1433
fix_b2000_frag	N70074	1	0.1433
fix_b5000_frag	N70074	1	0.1433
stock_b5000_frag	N70074	3	1.0000
bug2only_b5000_frag	N70074	1	0.1433
bug1only_b5000_frag	N70074	3	1.0000
stock_b2000_frag	N7008	2	0.0778
fix_b2000_frag	N7008	2	0.0778
fix_b5000_frag	N7008	2	0.0779
stock_b5000_frag	N7008	2	0.9937
bug2only_b5000_frag	N7008	2	0.0779
bug1only_b5000_frag	N7008	2	0.9937
stock_b2000_frag	N70173	0	0.6320
fix_b2000_frag	N70173	0	0.6320
fix_b5000_frag	N70173	0	0.6060
stock_b5000_frag	N70173	8	1.0000
bug2only_b5000_frag	N70173	0	0.6060
bug1only_b5000_frag	N70173	8	1.0000
stock_b2000_frag	N70193	0	0.9873
fix_b2000_frag	N70193	0	0.9873
fix_b5000_frag	N70193	0	0.9866
stock_b5000_frag	N70193	1	0.6663
bug2only_b5000_frag	N70193	0	0.9866
bug1only_b5000_frag	N70193	1	0.6663
stock_b2000_frag	N70199	1	0.5294
fix_b2000_frag	N70199	1	0.5294
fix_b5000_frag	N70199	1	0.6038
stock_b5000_frag	N70199	1	0.6178
bug2only_b5000_frag	N70199	1	0.6038
bug1only_b5000_frag	N70199	1	0.6178
stock_b2000_frag	N70273	0	0.9988
fix_b2000_frag	N70273	0	0.9988
fix_b5000_frag	N70273	0	0.9977
stock_b5000_frag	N70273	0	0.9977
bug2only_b5000_frag	N70273	0	0.9977
bug1only_b5000_frag	N70273	0	0.9977
stock_b2000_frag	N70334	1	0.0910
fix_b2000_frag	N70334	1	0.0910
fix_b5000_frag	N70334	1	0.0909
stock_b5000_frag	N70334	4	0.2500
bug2only_b5000_frag	N70334	1	0.0909
bug1only_b5000_frag	N70334	4	0.2500
stock_b2000_frag	N70339	1	0.3282
fix_b2000_frag	N70339	1	0.3282
fix_b5000_frag	N70339	1	0.3278
stock_b5000_frag	N70339	1	0.9728
bug2only_b5000_frag	N70339	1	0.3278
bug1only_b5000_frag	N70339	1	0.9728
stock_b2000_frag	N70352	0	0.0829
fix_b2000_frag	N70352	0	0.0829
fix_b5000_frag	N70352	0	0.0831
stock_b5000_frag	N70352	0	0.0831
bug2only_b5000_frag	N70352	0	0.0831
bug1only_b5000_frag	N70352	0	0.0831
stock_b2000_frag	N7036	1	0.2028
fix_b2000_frag	N7036	1	0.2028
fix_b5000_frag	N7036	1	0.2028
stock_b5000_frag	N7036	6	1.0000
bug2only_b5000_frag	N7036	1	0.2028
bug1only_b5000_frag	N7036	6	1.0000
stock_b2000_frag	N70455	5	0.0184
fix_b2000_frag	N70455	5	0.0184
fix_b5000_frag	N70455	5	0.0177
stock_b5000_frag	N70455	5	0.0333
bug2only_b5000_frag	N70455	5	0.0177
bug1only_b5000_frag	N70455	5	0.0333
stock_b2000_frag	N70495	2	0.0910
fix_b2000_frag	N70495	2	0.0910
fix_b5000_frag	N70495	2	0.0770
stock_b5000_frag	N70495	8	1.0000
bug2only_b5000_frag	N70495	2	0.0770
bug1only_b5000_frag	N70495	8	1.0000
stock_b2000_frag	N70605	2	0.2321
fix_b2000_frag	N70605	2	0.2321
fix_b5000_frag	N70605	2	0.2313
stock_b5000_frag	N70605	2	1.0000
bug2only_b5000_frag	N70605	2	0.2313
bug1only_b5000_frag	N70605	2	1.0000
stock_b2000_frag	N70626	3	0.1110
fix_b2000_frag	N70626	3	0.1110
fix_b5000_frag	N70626	2	0.1426
stock_b5000_frag	N70626	2	0.1721
bug2only_b5000_frag	N70626	2	0.1426
bug1only_b5000_frag	N70626	2	0.1721
stock_b2000_frag	N70674	5	0.0400
fix_b2000_frag	N70674	5	0.0400
fix_b5000_frag	N70674	5	0.0399
stock_b5000_frag	N70674	8	1.0000
bug2only_b5000_frag	N70674	5	0.0399
bug1only_b5000_frag	N70674	8	1.0000
stock_b2000_frag	N70757	3	0.0658
fix_b2000_frag	N70757	3	0.0658
fix_b5000_frag	N70757	3	0.0581
stock_b5000_frag	N70757	9	1.0000
bug2only_b5000_frag	N70757	3	0.0581
bug1only_b5000_frag	N70757	9	1.0000
stock_b2000_frag	N70939	3	0.0395
fix_b2000_frag	N70939	3	0.0395
fix_b5000_frag	N70939	3	0.0312
stock_b5000_frag	N70939	6	1.0000
bug2only_b5000_frag	N70939	3	0.0312
bug1only_b5000_frag	N70939	6	1.0000
stock_b2000_frag	N70976	1	0.3371
fix_b2000_frag	N70976	1	0.3371
fix_b5000_frag	N70976	1	0.3396
stock_b5000_frag	N70976	1	0.3396
bug2only_b5000_frag	N70976	1	0.3396
bug1only_b5000_frag	N70976	1	0.3396
stock_b2000_frag	N71184	1	0.2310
fix_b2000_frag	N71184	1	0.2310
fix_b5000_frag	N71184	1	0.2286
stock_b5000_frag	N71184	4	1.0000
bug2only_b5000_frag	N71184	1	0.2286
bug1only_b5000_frag	N71184	4	1.0000
stock_b2000_frag	N71349	0	0.9810
fix_b2000_frag	N71349	0	0.9810
fix_b5000_frag	N71349	0	0.9818
stock_b5000_frag	N71349	5	1.0000
bug2only_b5000_frag	N71349	0	0.9818
bug1only_b5000_frag	N71349	5	1.0000
stock_b2000_frag	N71351	2	0.2202
fix_b2000_frag	N71351	2	0.2202
fix_b5000_frag	N71351	2	0.2219
stock_b5000_frag	N71351	2	0.2372
bug2only_b5000_frag	N71351	2	0.2219
bug1only_b5000_frag	N71351	2	0.2372
stock_b2000_frag	N71450	3	0.0222
fix_b2000_frag	N71450	3	0.0222
fix_b5000_frag	N71450	4	0.0204
stock_b5000_frag	N71450	4	0.0399
bug2only_b5000_frag	N71450	3	0.0204
bug1only_b5000_frag	N71450	4	0.0399
stock_b2000_frag	N71467	3	0.0169
fix_b2000_frag	N71467	3	0.0169
fix_b5000_frag	N71467	3	0.0169
stock_b5000_frag	N71467	25	0.5001
bug2only_b5000_frag	N71467	7	0.0169
bug1only_b5000_frag	N71467	25	0.5001
stock_b2000_frag	N71597	5	0.0490
fix_b2000_frag	N71597	5	0.0490
fix_b5000_frag	N71597	5	0.0489
stock_b5000_frag	N71597	20	1.0000
bug2only_b5000_frag	N71597	5	0.0489
bug1only_b5000_frag	N71597	20	1.0000
stock_b2000_frag	N71717	0	0.3248
fix_b2000_frag	N71717	0	0.3248
fix_b5000_frag	N71717	0	0.3249
stock_b5000_frag	N71717	1	0.3335
bug2only_b5000_frag	N71717	0	0.3249
bug1only_b5000_frag	N71717	1	0.3335
stock_b2000_frag	N71778	1	0.1372
fix_b2000_frag	N71778	1	0.1372
fix_b5000_frag	N71778	1	0.1372
stock_b5000_frag	N71778	21	0.9999
bug2only_b5000_frag	N71778	1	0.1372
bug1only_b5000_frag	N71778	21	0.9999
stock_b2000_frag	N71782	1	0.0150
fix_b2000_frag	N71782	1	0.0150
fix_b5000_frag	N71782	1	0.0150
stock_b5000_frag	N71782	1	0.0150
bug2only_b5000_frag	N71782	1	0.0150
bug1only_b5000_frag	N71782	1	0.0150
stock_b2000_frag	N7180	0	0.9809
fix_b2000_frag	N7180	1	0.3331
fix_b5000_frag	N7180	1	0.3377
stock_b5000_frag	N7180	8	1.0000
bug2only_b5000_frag	N7180	1	0.3377
bug1only_b5000_frag	N7180	8	1.0000
stock_b2000_frag	N71832	1	0.0620
fix_b2000_frag	N71832	1	0.0620
fix_b5000_frag	N71832	1	0.0770
stock_b5000_frag	N71832	3	1.0000
bug2only_b5000_frag	N71832	1	0.0770
bug1only_b5000_frag	N71832	3	1.0000
stock_b2000_frag	N71872	2	0.2832
fix_b2000_frag	N71872	2	0.2832
fix_b5000_frag	N71872	2	0.3228
stock_b5000_frag	N71872	1	0.9038
bug2only_b5000_frag	N71872	2	0.3228
bug1only_b5000_frag	N71872	1	0.9038
stock_b2000_frag	N71919	1	0.0525
fix_b2000_frag	N71919	1	0.0525
fix_b5000_frag	N71919	1	0.0524
stock_b5000_frag	N71919	1	0.0524
bug2only_b5000_frag	N71919	1	0.0524
bug1only_b5000_frag	N71919	1	0.0524
stock_b2000_frag	N72062	0	0.9751
fix_b2000_frag	N72062	0	0.9751
fix_b5000_frag	N72062	0	0.9750
stock_b5000_frag	N72062	0	0.9750
bug2only_b5000_frag	N72062	0	0.9750
bug1only_b5000_frag	N72062	0	0.9750
stock_b2000_frag	N7207	2	0.1111
fix_b2000_frag	N7207	2	0.0972
fix_b5000_frag	N7207	2	0.0973
stock_b5000_frag	N7207	3	0.5004
bug2only_b5000_frag	N7207	2	0.0973
bug1only_b5000_frag	N7207	3	0.5004
stock_b2000_frag	N72092	1	0.0594
fix_b2000_frag	N72092	1	0.0594
fix_b5000_frag	N72092	1	0.0593
stock_b5000_frag	N72092	5	1.0000
bug2only_b5000_frag	N72092	1	0.0593
bug1only_b5000_frag	N72092	5	1.0000
stock_b2000_frag	N72117	2	0.0276
fix_b2000_frag	N72117	2	0.0276
fix_b5000_frag	N72117	2	0.0276
stock_b5000_frag	N72117	4	1.0000
bug2only_b5000_frag	N72117	2	0.0276
bug1only_b5000_frag	N72117	4	1.0000
stock_b2000_frag	N7221	1	0.9007
fix_b2000_frag	N7221	1	0.2066
fix_b5000_frag	N7221	1	0.2043
stock_b5000_frag	N7221	4	0.5003
bug2only_b5000_frag	N7221	1	0.2043
bug1only_b5000_frag	N7221	4	0.5003
stock_b2000_frag	N7224	1	0.6808
fix_b2000_frag	N7224	0	0.2528
fix_b5000_frag	N7224	0	0.2567
stock_b5000_frag	N7224	10	0.9635
bug2only_b5000_frag	N7224	0	0.2567
bug1only_b5000_frag	N7224	10	0.9635
stock_b2000_frag	N72295	1	0.3344
fix_b2000_frag	N72295	1	0.3344
fix_b5000_frag	N72295	1	0.3344
stock_b5000_frag	N72295	4	1.0000
bug2only_b5000_frag	N72295	1	0.3344
bug1only_b5000_frag	N72295	4	1.0000
stock_b2000_frag	N72326	2	0.3206
fix_b2000_frag	N72326	2	0.3206
fix_b5000_frag	N72326	2	0.3206
stock_b5000_frag	N72326	2	0.3221
bug2only_b5000_frag	N72326	2	0.3206
bug1only_b5000_frag	N72326	2	0.3221
stock_b2000_frag	N7233	2	0.3350
fix_b2000_frag	N7233	2	0.2013
fix_b5000_frag	N7233	2	0.2015
stock_b5000_frag	N7233	2	0.4999
bug2only_b5000_frag	N7233	2	0.2015
bug1only_b5000_frag	N7233	2	0.4999
stock_b2000_frag	N72347	3	0.0711
fix_b2000_frag	N72347	3	0.0711
fix_b5000_frag	N72347	3	0.0711
stock_b5000_frag	N72347	10	0.2531
bug2only_b5000_frag	N72347	3	0.0711
bug1only_b5000_frag	N72347	10	0.2531
stock_b2000_frag	N72366	0	0.0521
fix_b2000_frag	N72366	0	0.0521
fix_b5000_frag	N72366	0	0.0522
stock_b5000_frag	N72366	3	1.0000
bug2only_b5000_frag	N72366	0	0.0522
bug1only_b5000_frag	N72366	3	1.0000
stock_b2000_frag	N72632	3	0.0477
fix_b2000_frag	N72632	3	0.0477
fix_b5000_frag	N72632	4	0.0769
stock_b5000_frag	N72632	1	0.0786
bug2only_b5000_frag	N72632	4	0.0769
bug1only_b5000_frag	N72632	1	0.0786
stock_b2000_frag	N72693	3	0.0658
fix_b2000_frag	N72693	3	0.0658
fix_b5000_frag	N72693	3	0.0658
stock_b5000_frag	N72693	11	1.0000
bug2only_b5000_frag	N72693	3	0.0658
bug1only_b5000_frag	N72693	11	1.0000
stock_b2000_frag	N72771	5	0.0663
fix_b2000_frag	N72771	5	0.0663
fix_b5000_frag	N72771	5	0.0661
stock_b5000_frag	N72771	6	0.5206
bug2only_b5000_frag	N72771	5	0.0661
bug1only_b5000_frag	N72771	6	0.5206
stock_b2000_frag	N72817	7	0.0306
fix_b2000_frag	N72817	7	0.0306
fix_b5000_frag	N72817	7	0.0306
stock_b5000_frag	N72817	12	1.0000
bug2only_b5000_frag	N72817	7	0.0306
bug1only_b5000_frag	N72817	12	1.0000
stock_b2000_frag	N72954	3	0.3267
fix_b2000_frag	N72954	3	0.3267
fix_b5000_frag	N72954	0	0.7300
stock_b5000_frag	N72954	5	1.0000
bug2only_b5000_frag	N72954	0	0.7300
bug1only_b5000_frag	N72954	5	1.0000
stock_b2000_frag	N72999	7	0.2090
fix_b2000_frag	N72999	7	0.2090
fix_b5000_frag	N72999	7	0.1961
stock_b5000_frag	N72999	18	0.9533
bug2only_b5000_frag	N72999	7	0.1961
bug1only_b5000_frag	N72999	18	0.9533
stock_b2000_frag	N73026	1	0.2534
fix_b2000_frag	N73026	1	0.2534
fix_b5000_frag	N73026	1	0.2531
stock_b5000_frag	N73026	7	0.5000
bug2only_b5000_frag	N73026	1	0.2531
bug1only_b5000_frag	N73026	7	0.5000
stock_b2000_frag	N7303	4	0.0825
fix_b2000_frag	N7303	4	0.0825
fix_b5000_frag	N7303	4	0.0823
stock_b5000_frag	N7303	4	0.2006
bug2only_b5000_frag	N7303	4	0.0823
bug1only_b5000_frag	N7303	4	0.2006
stock_b2000_frag	N73182	10	0.0163
fix_b2000_frag	N73182	10	0.0163
fix_b5000_frag	N73182	10	0.0159
stock_b5000_frag	N73182	8	1.0000
bug2only_b5000_frag	N73182	10	0.0159
bug1only_b5000_frag	N73182	8	1.0000
stock_b2000_frag	N73275	0	0.9715
fix_b2000_frag	N73275	0	0.9715
fix_b5000_frag	N73275	0	0.9715
stock_b5000_frag	N73275	6	1.0000
bug2only_b5000_frag	N73275	0	0.9715
bug1only_b5000_frag	N73275	6	1.0000
stock_b2000_frag	N73343	0	0.0196
fix_b2000_frag	N73343	0	0.0196
fix_b5000_frag	N73343	8	0.0196
stock_b5000_frag	N73343	1	0.1002
bug2only_b5000_frag	N73343	8	0.0196
bug1only_b5000_frag	N73343	1	0.1002
stock_b2000_frag	N73403	5	0.0989
fix_b2000_frag	N73403	5	0.0989
fix_b5000_frag	N73403	5	0.0566
stock_b5000_frag	N73403	2	0.9661
bug2only_b5000_frag	N73403	5	0.0566
bug1only_b5000_frag	N73403	2	0.9661
stock_b2000_frag	N73470	18	0.0119
fix_b2000_frag	N73470	18	0.0119
fix_b5000_frag	N73470	18	0.0144
stock_b5000_frag	N73470	16	0.9983
bug2only_b5000_frag	N73470	18	0.0144
bug1only_b5000_frag	N73470	16	0.9983
stock_b2000_frag	N73475	1	0.1623
fix_b2000_frag	N73475	1	0.1623
fix_b5000_frag	N73475	1	0.1626
stock_b5000_frag	N73475	11	1.0000
bug2only_b5000_frag	N73475	1	0.1626
bug1only_b5000_frag	N73475	11	1.0000
stock_b2000_frag	N73489	8	0.0432
fix_b2000_frag	N73489	8	0.0432
fix_b5000_frag	N73489	4	0.0432
stock_b5000_frag	N73489	13	0.1252
bug2only_b5000_frag	N73489	4	0.0432
bug1only_b5000_frag	N73489	13	0.1252
stock_b2000_frag	N7352	5	0.1003
fix_b2000_frag	N7352	0	0.1426
fix_b5000_frag	N7352	0	0.1426
stock_b5000_frag	N7352	4	0.4999
bug2only_b5000_frag	N7352	0	0.1426
bug1only_b5000_frag	N7352	4	0.4999
stock_b2000_frag	N73616	9	0.0111
fix_b2000_frag	N73616	9	0.0111
fix_b5000_frag	N73616	9	0.0109
stock_b5000_frag	N73616	9	0.0109
bug2only_b5000_frag	N73616	9	0.0109
bug1only_b5000_frag	N73616	9	0.0109
stock_b2000_frag	N73654	0	0.9991
fix_b2000_frag	N73654	0	0.9991
fix_b5000_frag	N73654	0	0.9991
stock_b5000_frag	N73654	4	1.0000
bug2only_b5000_frag	N73654	0	0.9991
bug1only_b5000_frag	N73654	4	1.0000
stock_b2000_frag	N73712	1	0.1315
fix_b2000_frag	N73712	1	0.1315
fix_b5000_frag	N73712	1	0.1319
stock_b5000_frag	N73712	12	0.9766
bug2only_b5000_frag	N73712	1	0.1319
bug1only_b5000_frag	N73712	12	0.9766
stock_b2000_frag	N73862	0	0.3355
fix_b2000_frag	N73862	0	0.3355
fix_b5000_frag	N73862	0	0.2021
stock_b5000_frag	N73862	0	0.9975
bug2only_b5000_frag	N73862	0	0.2021
bug1only_b5000_frag	N73862	0	0.9975
stock_b2000_frag	N73867	5	0.0305
fix_b2000_frag	N73867	5	0.0305
fix_b5000_frag	N73867	5	0.0304
stock_b5000_frag	N73867	10	0.5059
bug2only_b5000_frag	N73867	5	0.0304
bug1only_b5000_frag	N73867	10	0.5059
stock_b2000_frag	N73889	0	0.9971
fix_b2000_frag	N73889	0	0.9971
fix_b5000_frag	N73889	0	0.9975
stock_b5000_frag	N73889	1	0.9907
bug2only_b5000_frag	N73889	0	0.9975
bug1only_b5000_frag	N73889	1	0.9907
stock_b2000_frag	N73976	15	0.0089
fix_b2000_frag	N73976	15	0.0089
fix_b5000_frag	N73976	15	0.0087
stock_b5000_frag	N73976	23	1.0000
bug2only_b5000_frag	N73976	15	0.0087
bug1only_b5000_frag	N73976	23	1.0000
stock_b2000_frag	N74002	0	0.7098
fix_b2000_frag	N74002	0	0.7098
fix_b5000_frag	N74002	0	0.3281
stock_b5000_frag	N74002	1	0.5146
bug2only_b5000_frag	N74002	0	0.3281
bug1only_b5000_frag	N74002	1	0.5146
stock_b2000_frag	N74042	6	0.0404
fix_b2000_frag	N74042	6	0.0404
fix_b5000_frag	N74042	5	0.0403
stock_b5000_frag	N74042	4	0.2502
bug2only_b5000_frag	N74042	5	0.0403
bug1only_b5000_frag	N74042	4	0.2502
stock_b2000_frag	N74044	0	0.9775
fix_b2000_frag	N74044	0	0.9775
fix_b5000_frag	N74044	0	0.9783
stock_b5000_frag	N74044	8	1.0000
bug2only_b5000_frag	N74044	0	0.9783
bug1only_b5000_frag	N74044	8	1.0000
stock_b2000_frag	N74198	0	0.3654
fix_b2000_frag	N74198	0	0.3654
fix_b5000_frag	N74198	0	0.3226
stock_b5000_frag	N74198	7	1.0000
bug2only_b5000_frag	N74198	0	0.3226
bug1only_b5000_frag	N74198	7	1.0000
stock_b2000_frag	N7420	1	0.1484
fix_b2000_frag	N7420	1	0.1483
fix_b5000_frag	N7420	1	0.1486
stock_b5000_frag	N7420	0	0.1848
bug2only_b5000_frag	N7420	1	0.1486
bug1only_b5000_frag	N7420	0	0.1848
stock_b2000_frag	N74254	1	0.4479
fix_b2000_frag	N74254	1	0.4479
fix_b5000_frag	N74254	1	0.4547
stock_b5000_frag	N74254	0	1.0000
bug2only_b5000_frag	N74254	1	0.4547
bug1only_b5000_frag	N74254	0	1.0000
stock_b2000_frag	N74322	1	0.0746
fix_b2000_frag	N74322	1	0.0746
fix_b5000_frag	N74322	1	0.0744
stock_b5000_frag	N74322	1	0.1648
bug2only_b5000_frag	N74322	1	0.0744
bug1only_b5000_frag	N74322	1	0.1648
stock_b2000_frag	N74333	6	0.0525
fix_b2000_frag	N74333	6	0.0525
fix_b5000_frag	N74333	6	0.0526
stock_b5000_frag	N74333	2	0.1433
bug2only_b5000_frag	N74333	6	0.0526
bug1only_b5000_frag	N74333	2	0.1433
stock_b2000_frag	N74347	1	0.0243
fix_b2000_frag	N74347	1	0.0243
fix_b5000_frag	N74347	1	0.0244
stock_b5000_frag	N74347	14	1.0000
bug2only_b5000_frag	N74347	1	0.0244
bug1only_b5000_frag	N74347	14	1.0000
stock_b2000_frag	N74373	2	0.0835
fix_b2000_frag	N74373	2	0.0835
fix_b5000_frag	N74373	2	0.0836
stock_b5000_frag	N74373	9	0.4701
bug2only_b5000_frag	N74373	2	0.0836
bug1only_b5000_frag	N74373	1	0.9809
stock_b2000_frag	N74516	2	0.1154
fix_b2000_frag	N74516	2	0.1154
fix_b5000_frag	N74516	3	0.0910
stock_b5000_frag	N74516	9	1.0000
bug2only_b5000_frag	N74516	3	0.0910
bug1only_b5000_frag	N74516	8	1.0000
stock_b2000_frag	N74527	3	0.1425
fix_b2000_frag	N74527	3	0.1425
fix_b5000_frag	N74527	3	0.0976
stock_b5000_frag	N74527	23	1.0000
bug2only_b5000_frag	N74527	3	0.0976
bug1only_b5000_frag	N74527	23	1.0000
stock_b2000_frag	N746	1	0.0848
fix_b2000_frag	N746	1	0.0848
fix_b5000_frag	N746	1	0.0847
stock_b5000_frag	N746	6	0.1425
bug2only_b5000_frag	N746	1	0.0847
bug1only_b5000_frag	N746	16	0.2081
stock_b2000_frag	N74642	1	0.2953
fix_b2000_frag	N74642	1	0.2953
fix_b5000_frag	N74642	1	0.2936
stock_b5000_frag	N74642	1	0.2936
bug2only_b5000_frag	N74642	1	0.2936
bug1only_b5000_frag	N74642	1	0.2936
stock_b2000_frag	N74683	2	0.1113
fix_b2000_frag	N74683	2	0.1113
fix_b5000_frag	N74683	2	0.1112
stock_b5000_frag	N74683	2	0.9214
bug2only_b5000_frag	N74683	2	0.1112
bug1only_b5000_frag	N74683	2	0.9214
stock_b2000_frag	N74738	0	0.9463
fix_b2000_frag	N74738	0	0.9463
fix_b5000_frag	N74738	1	0.6212
stock_b5000_frag	N74738	3	0.9766
bug2only_b5000_frag	N74738	1	0.6212
bug1only_b5000_frag	N74738	3	0.9766
stock_b2000_frag	N74793	3	0.1697
fix_b2000_frag	N74793	3	0.1697
fix_b5000_frag	N74793	3	0.1693
stock_b5000_frag	N74793	1	1.0000
bug2only_b5000_frag	N74793	3	0.1693
bug1only_b5000_frag	N74793	1	1.0000
stock_b2000_frag	N74904	1	0.1412
fix_b2000_frag	N74904	1	0.1412
fix_b5000_frag	N74904	1	0.1427
stock_b5000_frag	N74904	18	0.6838
bug2only_b5000_frag	N74904	1	0.1427
bug1only_b5000_frag	N74904	1	0.2517
stock_b2000_frag	N74911	4	0.0666
fix_b2000_frag	N74911	4	0.0666
fix_b5000_frag	N74911	4	0.3291
stock_b5000_frag	N74911	4	0.3291
bug2only_b5000_frag	N74911	4	0.3291
bug1only_b5000_frag	N74911	4	0.3291
stock_b2000_frag	N74969	7	0.0436
fix_b2000_frag	N74969	7	0.0436
fix_b5000_frag	N74969	2	0.0273
stock_b5000_frag	N74969	19	0.3431
bug2only_b5000_frag	N74969	2	0.0273
bug1only_b5000_frag	N74969	16	1.0000
stock_b2000_frag	N7500	2	0.9244
fix_b2000_frag	N7500	2	0.3242
fix_b5000_frag	N7500	2	0.2511
stock_b5000_frag	N7500	8	1.0000
bug2only_b5000_frag	N7500	2	0.2511
bug1only_b5000_frag	N7500	8	1.0000
stock_b2000_frag	N75017	2	0.6959
fix_b2000_frag	N75017	2	0.6959
fix_b5000_frag	N75017	2	0.9981
stock_b5000_frag	N75017	8	1.0000
bug2only_b5000_frag	N75017	2	0.9981
bug1only_b5000_frag	N75017	8	1.0000
stock_b2000_frag	N75020	12	0.0580
fix_b2000_frag	N75020	12	0.0580
fix_b5000_frag	N75020	12	0.0457
stock_b5000_frag	N75020	10	1.0000
bug2only_b5000_frag	N75020	12	0.0457
bug1only_b5000_frag	N75020	10	1.0000
stock_b2000_frag	N75152	0	1.0000
fix_b2000_frag	N75152	0	1.0000
fix_b5000_frag	N75152	0	1.0000
stock_b5000_frag	N75152	0	1.0000
bug2only_b5000_frag	N75152	0	1.0000
bug1only_b5000_frag	N75152	0	1.0000
stock_b2000_frag	N75216	18	0.0195
fix_b2000_frag	N75216	18	0.0195
fix_b5000_frag	N75216	18	0.0187
stock_b5000_frag	N75216	8	1.0000
bug2only_b5000_frag	N75216	18	0.0187
bug1only_b5000_frag	N75216	8	1.0000
stock_b2000_frag	N75227	0	0.6581
fix_b2000_frag	N75227	0	0.6581
fix_b5000_frag	N75227	0	0.6550
stock_b5000_frag	N75227	10	1.0000
bug2only_b5000_frag	N75227	0	0.6550
bug1only_b5000_frag	N75227	10	1.0000
stock_b2000_frag	N75399	2	0.9408
fix_b2000_frag	N75399	2	0.9408
fix_b5000_frag	N75399	1	0.3670
stock_b5000_frag	N75399	0	0.9964
bug2only_b5000_frag	N75399	1	0.3670
bug1only_b5000_frag	N75399	6	1.0000
stock_b2000_frag	N75615	3	0.0769
fix_b2000_frag	N75615	3	0.0769
fix_b5000_frag	N75615	3	0.0769
stock_b5000_frag	N75615	3	0.9796
bug2only_b5000_frag	N75615	3	0.0769
bug1only_b5000_frag	N75615	3	0.9796
stock_b2000_frag	N75640	0	0.2280
fix_b2000_frag	N75640	0	0.2280
fix_b5000_frag	N75640	0	0.2149
stock_b5000_frag	N75640	11	0.3329
bug2only_b5000_frag	N75640	0	0.2149
bug1only_b5000_frag	N75640	11	0.3329
stock_b2000_frag	N75692	2	0.0386
fix_b2000_frag	N75692	2	0.0386
fix_b5000_frag	N75692	2	0.0386
stock_b5000_frag	N75692	12	1.0000
bug2only_b5000_frag	N75692	2	0.0386
bug1only_b5000_frag	N75692	12	1.0000
stock_b2000_frag	N75726	1	0.3883
fix_b2000_frag	N75726	1	0.3883
fix_b5000_frag	N75726	1	0.3826
stock_b5000_frag	N75726	3	0.5674
bug2only_b5000_frag	N75726	1	0.3826
bug1only_b5000_frag	N75726	3	0.5674
stock_b2000_frag	N75782	1	0.1431
fix_b2000_frag	N75782	1	0.1431
fix_b5000_frag	N75782	1	0.1428
stock_b5000_frag	N75782	9	1.0000
bug2only_b5000_frag	N75782	1	0.1428
bug1only_b5000_frag	N75782	9	1.0000
stock_b2000_frag	N759	0	0.0245
fix_b2000_frag	N759	0	0.0245
fix_b5000_frag	N759	0	0.0238
stock_b5000_frag	N759	4	0.3333
bug2only_b5000_frag	N759	0	0.0238
bug1only_b5000_frag	N759	3	0.4998
stock_b2000_frag	N75986	2	0.9518
fix_b2000_frag	N75986	2	0.9518
fix_b5000_frag	N75986	2	0.9178
stock_b5000_frag	N75986	1	0.6601
bug2only_b5000_frag	N75986	2	0.9178
bug1only_b5000_frag	N75986	1	0.6601
stock_b2000_frag	N7609	0	0.9475
fix_b2000_frag	N7609	0	0.9476
fix_b5000_frag	N7609	0	0.9475
stock_b5000_frag	N7609	7	1.0000
bug2only_b5000_frag	N7609	0	0.9475
bug1only_b5000_frag	N7609	7	1.0000
stock_b2000_frag	N76106	0	0.8794
fix_b2000_frag	N76106	0	0.8794
fix_b5000_frag	N76106	0	0.9135
stock_b5000_frag	N76106	7	1.0000
bug2only_b5000_frag	N76106	0	0.9135
bug1only_b5000_frag	N76106	7	1.0000
stock_b2000_frag	N76143	0	0.3011
fix_b2000_frag	N76143	0	0.3011
fix_b5000_frag	N76143	0	0.3013
stock_b5000_frag	N76143	0	0.3082
bug2only_b5000_frag	N76143	0	0.3013
bug1only_b5000_frag	N76143	0	0.3082
stock_b2000_frag	N76182	1	0.2003
fix_b2000_frag	N76182	1	0.2003
fix_b5000_frag	N76182	1	0.2001
stock_b5000_frag	N76182	6	0.6460
bug2only_b5000_frag	N76182	1	0.2001
bug1only_b5000_frag	N76182	6	0.6460
stock_b2000_frag	N76219	1	0.0261
fix_b2000_frag	N76219	1	0.0261
fix_b5000_frag	N76219	1	0.0261
stock_b5000_frag	N76219	9	0.5087
bug2only_b5000_frag	N76219	1	0.0261
bug1only_b5000_frag	N76219	9	0.5087
stock_b2000_frag	N76387	5	0.3289
fix_b2000_frag	N76387	5	0.3289
fix_b5000_frag	N76387	5	0.0377
stock_b5000_frag	N76387	2	0.0455
bug2only_b5000_frag	N76387	5	0.0377
bug1only_b5000_frag	N76387	2	0.0455
stock_b2000_frag	N76453	0	0.0677
fix_b2000_frag	N76453	0	0.0677
fix_b5000_frag	N76453	0	0.0676
stock_b5000_frag	N76453	10	1.0000
bug2only_b5000_frag	N76453	0	0.0676
bug1only_b5000_frag	N76453	10	1.0000
stock_b2000_frag	N7654	0	0.0313
fix_b2000_frag	N7654	0	0.0313
fix_b5000_frag	N7654	0	0.0345
stock_b5000_frag	N7654	8	1.0000
bug2only_b5000_frag	N7654	0	0.0345
bug1only_b5000_frag	N7654	8	1.0000
stock_b2000_frag	N76584	0	0.1950
fix_b2000_frag	N76584	0	0.1950
fix_b5000_frag	N76584	0	0.1952
stock_b5000_frag	N76584	3	0.9847
bug2only_b5000_frag	N76584	0	0.1952
bug1only_b5000_frag	N76584	3	0.9847
stock_b2000_frag	N76619	9	0.0327
fix_b2000_frag	N76619	9	0.0327
fix_b5000_frag	N76619	1	0.1867
stock_b5000_frag	N76619	1	0.1867
bug2only_b5000_frag	N76619	1	0.1867
bug1only_b5000_frag	N76619	1	0.1867
stock_b2000_frag	N76641	4	0.0476
fix_b2000_frag	N76641	4	0.0476
fix_b5000_frag	N76641	4	0.0394
stock_b5000_frag	N76641	2	1.0000
bug2only_b5000_frag	N76641	4	0.0394
bug1only_b5000_frag	N76641	2	1.0000
stock_b2000_frag	N76763	1	0.2471
fix_b2000_frag	N76763	1	0.2471
fix_b5000_frag	N76763	1	0.3241
stock_b5000_frag	N76763	5	0.3335
bug2only_b5000_frag	N76763	1	0.3241
bug1only_b5000_frag	N76763	5	0.3335
stock_b2000_frag	N77144	1	0.2144
fix_b2000_frag	N77144	1	0.2144
fix_b5000_frag	N77144	0	0.9878
stock_b5000_frag	N77144	0	0.9878
bug2only_b5000_frag	N77144	0	0.9878
bug1only_b5000_frag	N77144	0	0.9878
stock_b2000_frag	N77157	1	0.9630
fix_b2000_frag	N77157	1	0.9630
fix_b5000_frag	N77157	1	0.9631
stock_b5000_frag	N77157	1	0.9893
bug2only_b5000_frag	N77157	1	0.9631
bug1only_b5000_frag	N77157	1	0.9893
stock_b2000_frag	N77181	1	0.2000
fix_b2000_frag	N77181	1	0.2000
fix_b5000_frag	N77181	1	0.0557
stock_b5000_frag	N77181	1	0.1434
bug2only_b5000_frag	N77181	1	0.0557
bug1only_b5000_frag	N77181	1	0.1434
stock_b2000_frag	N77238	3	0.2008
fix_b2000_frag	N77238	3	0.2008
fix_b5000_frag	N77238	3	0.0492
stock_b5000_frag	N77238	2	0.7324
bug2only_b5000_frag	N77238	3	0.0492
bug1only_b5000_frag	N77238	2	0.7324
stock_b2000_frag	N77271	3	0.0370
fix_b2000_frag	N77271	3	0.0370
fix_b5000_frag	N77271	3	0.0370
stock_b5000_frag	N77271	6	0.9989
bug2only_b5000_frag	N77271	3	0.0370
bug1only_b5000_frag	N77271	6	0.9989
stock_b2000_frag	N77302	1	0.4366
fix_b2000_frag	N77302	1	0.4366
fix_b5000_frag	N77302	1	0.4312
stock_b5000_frag	N77302	9	1.0000
bug2only_b5000_frag	N77302	1	0.4312
bug1only_b5000_frag	N77302	9	1.0000
stock_b2000_frag	N7731	3	0.0198
fix_b2000_frag	N7731	3	0.0198
fix_b5000_frag	N7731	3	0.0198
stock_b5000_frag	N7731	3	0.0220
bug2only_b5000_frag	N7731	3	0.0198
bug1only_b5000_frag	N7731	3	0.0220
stock_b2000_frag	N77330	1	0.0951
fix_b2000_frag	N77330	1	0.0951
fix_b5000_frag	N77330	1	0.0953
stock_b5000_frag	N77330	1	0.0968
bug2only_b5000_frag	N77330	1	0.0953
bug1only_b5000_frag	N77330	1	0.0968
stock_b2000_frag	N77382	0	0.8759
fix_b2000_frag	N77382	0	0.8759
fix_b5000_frag	N77382	0	0.8392
stock_b5000_frag	N77382	3	1.0000
bug2only_b5000_frag	N77382	0	0.8392
bug1only_b5000_frag	N77382	3	1.0000
stock_b2000_frag	N77384	3	0.2147
fix_b2000_frag	N77384	3	0.2147
fix_b5000_frag	N77384	3	0.1388
stock_b5000_frag	N77384	4	1.0000
bug2only_b5000_frag	N77384	3	0.1388
bug1only_b5000_frag	N77384	4	1.0000
stock_b2000_frag	N77405	1	0.0670
fix_b2000_frag	N77405	1	0.0670
fix_b5000_frag	N77405	1	0.0670
stock_b5000_frag	N77405	1	0.0670
bug2only_b5000_frag	N77405	1	0.0670
bug1only_b5000_frag	N77405	1	0.0670
stock_b2000_frag	N77542	0	0.6242
fix_b2000_frag	N77542	0	0.6242
fix_b5000_frag	N77542	0	0.6289
stock_b5000_frag	N77542	0	0.6289
bug2only_b5000_frag	N77542	0	0.6289
bug1only_b5000_frag	N77542	0	0.6289
stock_b2000_frag	N77605	3	0.0959
fix_b2000_frag	N77605	3	0.0959
fix_b5000_frag	N77605	0	0.0989
stock_b5000_frag	N77605	0	0.1271
bug2only_b5000_frag	N77605	0	0.0989
bug1only_b5000_frag	N77605	0	0.1271
stock_b2000_frag	N77638	3	0.1052
fix_b2000_frag	N77638	3	0.1052
fix_b5000_frag	N77638	3	0.1103
stock_b5000_frag	N77638	4	0.3790
bug2only_b5000_frag	N77638	3	0.1103
bug1only_b5000_frag	N77638	4	0.3790
stock_b2000_frag	N77686	12	0.1853
fix_b2000_frag	N77686	12	0.1853
fix_b5000_frag	N77686	12	0.1567
stock_b5000_frag	N77686	13	0.9760
bug2only_b5000_frag	N77686	12	0.1567
bug1only_b5000_frag	N77686	13	0.9760
stock_b2000_frag	N77753	2	0.0438
fix_b2000_frag	N77753	2	0.0438
fix_b5000_frag	N77753	8	0.0440
stock_b5000_frag	N77753	10	1.0000
bug2only_b5000_frag	N77753	8	0.0440
bug1only_b5000_frag	N77753	10	1.0000
stock_b2000_frag	N77818	5	0.0941
fix_b2000_frag	N77818	5	0.0941
fix_b5000_frag	N77818	5	0.0604
stock_b5000_frag	N77818	9	1.0000
bug2only_b5000_frag	N77818	5	0.0604
bug1only_b5000_frag	N77818	9	1.0000
stock_b2000_frag	N7790	0	1.0000
fix_b2000_frag	N7790	0	1.0000
fix_b5000_frag	N7790	0	1.0000
stock_b5000_frag	N7790	1	1.0000
bug2only_b5000_frag	N7790	0	1.0000
bug1only_b5000_frag	N7790	1	1.0000
stock_b2000_frag	N77929	0	0.1955
fix_b2000_frag	N77929	0	0.1955
fix_b5000_frag	N77929	0	0.1930
stock_b5000_frag	N77929	0	0.1930
bug2only_b5000_frag	N77929	0	0.1930
bug1only_b5000_frag	N77929	0	0.1930
stock_b2000_frag	N7839	0	0.9617
fix_b2000_frag	N7839	0	0.9617
fix_b5000_frag	N7839	0	0.9623
stock_b5000_frag	N7839	9	0.3405
bug2only_b5000_frag	N7839	0	0.9623
bug1only_b5000_frag	N7839	9	0.3405
stock_b2000_frag	N7884	6	0.0527
fix_b2000_frag	N7884	6	0.0527
fix_b5000_frag	N7884	6	0.0527
stock_b5000_frag	N7884	3	1.0000
bug2only_b5000_frag	N7884	6	0.0527
bug1only_b5000_frag	N7884	3	1.0000
stock_b2000_frag	N7978	0	0.9914
fix_b2000_frag	N7978	0	0.9914
fix_b5000_frag	N7978	0	0.9923
stock_b5000_frag	N7978	1	0.9920
bug2only_b5000_frag	N7978	0	0.9923
bug1only_b5000_frag	N7978	1	0.9920
stock_b2000_frag	N798	1	0.4085
fix_b2000_frag	N798	1	0.4085
fix_b5000_frag	N798	1	0.4072
stock_b5000_frag	N798	11	0.4686
bug2only_b5000_frag	N798	1	0.4072
bug1only_b5000_frag	N798	11	1.0000
stock_b2000_frag	N7982	0	0.9627
fix_b2000_frag	N7982	0	0.9627
fix_b5000_frag	N7982	0	0.9773
stock_b5000_frag	N7982	0	0.9926
bug2only_b5000_frag	N7982	0	0.9773
bug1only_b5000_frag	N7982	0	0.9926
stock_b2000_frag	N7991	3	0.1013
fix_b2000_frag	N7991	3	0.1013
fix_b5000_frag	N7991	3	0.1014
stock_b5000_frag	N7991	9	1.0000
bug2only_b5000_frag	N7991	3	0.1014
bug1only_b5000_frag	N7991	9	1.0000
stock_b2000_frag	N7999	3	0.3619
fix_b2000_frag	N7999	3	0.3619
fix_b5000_frag	N7999	3	0.3624
stock_b5000_frag	N7999	3	0.3676
bug2only_b5000_frag	N7999	3	0.3624
bug1only_b5000_frag	N7999	3	0.3676
stock_b2000_frag	N8021	4	0.0302
fix_b2000_frag	N8021	4	0.0302
fix_b5000_frag	N8021	4	0.0302
stock_b5000_frag	N8021	3	0.1667
bug2only_b5000_frag	N8021	4	0.0302
bug1only_b5000_frag	N8021	3	0.1667
stock_b2000_frag	N8090	4	0.0402
fix_b2000_frag	N8090	4	0.0402
fix_b5000_frag	N8090	4	0.0403
stock_b5000_frag	N8090	4	0.0792
bug2only_b5000_frag	N8090	4	0.0403
bug1only_b5000_frag	N8090	4	0.0792
stock_b2000_frag	N8094	1	0.0667
fix_b2000_frag	N8094	1	0.0770
fix_b5000_frag	N8094	1	0.0667
stock_b5000_frag	N8094	1	0.0909
bug2only_b5000_frag	N8094	1	0.0667
bug1only_b5000_frag	N8094	1	0.0909
stock_b2000_frag	N8107	0	0.9739
fix_b2000_frag	N8107	0	0.9737
fix_b5000_frag	N8107	0	0.9737
stock_b5000_frag	N8107	0	0.9970
bug2only_b5000_frag	N8107	0	0.9737
bug1only_b5000_frag	N8107	0	0.9970
stock_b2000_frag	N8129	6	0.0430
fix_b2000_frag	N8129	1	0.0755
fix_b5000_frag	N8129	6	0.0396
stock_b5000_frag	N8129	3	0.2036
bug2only_b5000_frag	N8129	6	0.0396
bug1only_b5000_frag	N8129	3	0.2036
stock_b2000_frag	N826	0	0.4491
fix_b2000_frag	N826	0	0.4491
fix_b5000_frag	N826	0	0.4486
stock_b5000_frag	N826	5	1.0000
bug2only_b5000_frag	N826	0	0.4486
bug1only_b5000_frag	N826	7	0.5006
stock_b2000_frag	N8268	7	0.0464
fix_b2000_frag	N8268	7	0.0464
fix_b5000_frag	N8268	7	0.0465
stock_b5000_frag	N8268	12	0.9521
bug2only_b5000_frag	N8268	7	0.0465
bug1only_b5000_frag	N8268	12	0.9521
stock_b2000_frag	N8588	0	0.3324
fix_b2000_frag	N8588	0	0.3324
fix_b5000_frag	N8588	0	0.3324
stock_b5000_frag	N8588	13	1.0000
bug2only_b5000_frag	N8588	0	0.3324
bug1only_b5000_frag	N8588	13	1.0000
stock_b2000_frag	N8621	3	0.0383
fix_b2000_frag	N8621	3	0.0383
fix_b5000_frag	N8621	3	0.0383
stock_b5000_frag	N8621	5	0.4757
bug2only_b5000_frag	N8621	3	0.0383
bug1only_b5000_frag	N8621	5	0.4757
stock_b2000_frag	N8625	0	0.8510
fix_b2000_frag	N8625	0	0.8510
fix_b5000_frag	N8625	0	0.8518
stock_b5000_frag	N8625	3	0.1016
bug2only_b5000_frag	N8625	0	0.8518
bug1only_b5000_frag	N8625	3	0.1016
stock_b2000_frag	N8776	1	0.0797
fix_b2000_frag	N8776	1	0.0797
fix_b5000_frag	N8776	1	0.0795
stock_b5000_frag	N8776	2	1.0000
bug2only_b5000_frag	N8776	1	0.0795
bug1only_b5000_frag	N8776	2	1.0000
stock_b2000_frag	N8900	5	0.0947
fix_b2000_frag	N8900	5	0.0947
fix_b5000_frag	N8900	5	0.0949
stock_b5000_frag	N8900	26	1.0000
bug2only_b5000_frag	N8900	5	0.0949
bug1only_b5000_frag	N8900	26	1.0000
stock_b2000_frag	N8973	6	0.0569
fix_b2000_frag	N8973	6	0.0569
fix_b5000_frag	N8973	6	0.0569
stock_b5000_frag	N8973	27	1.0000
bug2only_b5000_frag	N8973	6	0.0569
bug1only_b5000_frag	N8973	27	1.0000
stock_b2000_frag	N8994	4	0.0164
fix_b2000_frag	N8994	4	0.0164
fix_b5000_frag	N8994	5	0.0164
stock_b5000_frag	N8994	8	0.2905
bug2only_b5000_frag	N8994	4	0.0164
bug1only_b5000_frag	N8994	8	0.2905
stock_b2000_frag	N9033	6	0.0304
fix_b2000_frag	N9033	6	0.0304
fix_b5000_frag	N9033	6	0.0271
stock_b5000_frag	N9033	3	0.3333
bug2only_b5000_frag	N9033	6	0.0271
bug1only_b5000_frag	N9033	3	0.3333
stock_b2000_frag	N9160	2	0.1969
fix_b2000_frag	N9160	2	0.1942
fix_b5000_frag	N9160	2	0.1926
stock_b5000_frag	N9160	1	0.3282
bug2only_b5000_frag	N9160	2	0.1926
bug1only_b5000_frag	N9160	1	0.3282
stock_b2000_frag	N9320	0	0.9664
fix_b2000_frag	N9320	0	0.9655
fix_b5000_frag	N9320	0	0.9589
stock_b5000_frag	N9320	0	0.9917
bug2only_b5000_frag	N9320	0	0.9589
bug1only_b5000_frag	N9320	0	0.9917
stock_b2000_frag	N9337	2	0.0476
fix_b2000_frag	N9337	1	0.0454
fix_b5000_frag	N9337	2	0.0454
stock_b5000_frag	N9337	3	0.0666
bug2only_b5000_frag	N9337	2	0.0454
bug1only_b5000_frag	N9337	3	0.0666
stock_b2000_frag	N9348	2	0.1398
fix_b2000_frag	N9348	3	0.1395
fix_b5000_frag	N9348	3	0.1397
stock_b5000_frag	N9348	4	0.4342
bug2only_b5000_frag	N9348	3	0.1397
bug1only_b5000_frag	N9348	4	0.4342
stock_b2000_frag	N9353	3	0.1110
fix_b2000_frag	N9353	0	0.0947
fix_b5000_frag	N9353	0	0.0947
stock_b5000_frag	N9353	9	1.0000
bug2only_b5000_frag	N9353	0	0.0947
bug1only_b5000_frag	N9353	9	1.0000
stock_b2000_frag	N9414	1	0.2631
fix_b2000_frag	N9414	1	0.2603
fix_b5000_frag	N9414	1	0.2913
stock_b5000_frag	N9414	7	1.0000
bug2only_b5000_frag	N9414	1	0.2913
bug1only_b5000_frag	N9414	7	1.0000
stock_b2000_frag	N9445	0	0.4228
fix_b2000_frag	N9445	0	0.4200
fix_b5000_frag	N9445	0	0.4244
stock_b5000_frag	N9445	3	0.5000
bug2only_b5000_frag	N9445	0	0.4244
bug1only_b5000_frag	N9445	3	0.5000
stock_b2000_frag	N9654	0	0.3333
fix_b2000_frag	N9654	0	0.3333
fix_b5000_frag	N9654	0	0.3328
stock_b5000_frag	N9654	7	1.0000
bug2only_b5000_frag	N9654	0	0.3328
bug1only_b5000_frag	N9654	7	1.0000
stock_b2000_frag	N9698	2	0.6480
fix_b2000_frag	N9698	2	0.6480
fix_b5000_frag	N9698	2	0.6465
stock_b5000_frag	N9698	3	1.0000
bug2only_b5000_frag	N9698	2	0.6465
bug1only_b5000_frag	N9698	3	1.0000
stock_b2000_frag	N9705	0	0.9157
fix_b2000_frag	N9705	0	0.9157
fix_b5000_frag	N9705	0	0.9249
stock_b5000_frag	N9705	1	0.5801
bug2only_b5000_frag	N9705	0	0.9249
bug1only_b5000_frag	N9705	1	0.5801
stock_b2000_frag	N9819	2	0.4028
fix_b2000_frag	N9819	2	0.4028
fix_b5000_frag	N9819	1	0.3322
stock_b5000_frag	N9819	2	0.9986
bug2only_b5000_frag	N9819	1	0.3322
bug1only_b5000_frag	N9819	2	0.9986
stock_b2000_frag	N9983	1	0.5258
fix_b2000_frag	N9983	1	0.5258
fix_b5000_frag	N9983	1	0.5250
stock_b5000_frag	N9983	1	1.0000
bug2only_b5000_frag	N9983	1	0.5250
bug1only_b5000_frag	N9983	1	1.0000
