cond,rep,genes,method,rf,fn,fp
20_gdl_1e-10_0,01,g_100,ASTRAL-Pro2,0.05556,0.05556,0.05556
20_gdl_1e-10_0,01,g_100,ASTRID-DISCO,0.05556,0.05556,0.05556
20_gdl_1e-10_0,01,g_100,ASTRAL-DISCO,0.05556,0.05556,0.05556
20_gdl_1e-10_0,01,g_100,ASTRID-DISCOR,0.05556,0.05556,0.05556
20_gdl_1e-10_0,01,g_100,ASTRAL-DISCOR,0.05556,0.05556,0.05556
20_gdl_1e-10_0,01,g_100,ASTRID-DISCOR-lca,0.05556,0.05556,0.05556
20_gdl_1e-10_0,01,g_100,ASTRAL-DISCOR-lca,0.05556,0.05556,0.05556
20_gdl_1e-10_0,01,g_100,ASTRID-DISCOR-oracle,0.05556,0.05556,0.05556
20_gdl_1e-10_0,01,g_100,ASTRAL-DISCOR-oracle,0.05556,0.05556,0.05556
20_gdl_1e-10_0,01,g_100,ASTRID-DISCOR-it2,0.05556,0.05556,0.05556
20_gdl_1e-10_0,01,g_100,ASTRAL-DISCOR-it2,0.05556,0.05556,0.05556
20_gdl_1e-10_0,01,g_50,ASTRAL-Pro2,0.11111,0.11111,0.11111
20_gdl_1e-10_0,01,g_50,ASTRID-DISCO,0.05556,0.05556,0.05556
20_gdl_1e-10_0,01,g_50,ASTRAL-DISCO,0.11111,0.11111,0.11111
20_gdl_1e-10_0,01,g_50,ASTRID-DISCOR,0.05556,0.05556,0.05556
20_gdl_1e-10_0,01,g_50,ASTRAL-DISCOR,0.05556,0.05556,0.05556
20_gdl_1e-10_0,01,g_50,ASTRID-DISCOR-lca,0.11111,0.11111,0.11111
20_gdl_1e-10_0,01,g_50,ASTRAL-DISCOR-lca,0.11111,0.11111,0.11111
20_gdl_1e-10_0,01,g_50,ASTRID-DISCOR-oracle,0.05556,0.05556,0.05556
20_gdl_1e-10_0,01,g_50,ASTRAL-DISCOR-oracle,0.05556,0.05556,0.05556
20_gdl_1e-10_0,01,g_50,ASTRID-DISCOR-it2,0.05556,0.05556,0.05556
20_gdl_1e-10_0,01,g_50,ASTRAL-DISCOR-it2,0.05556,0.05556,0.05556
20_gdl_1e-10_0,01,g_true,ASTRAL-Pro2,0.00000,0.00000,0.00000
20_gdl_1e-10_0,01,g_true,ASTRID-DISCO,0.00000,0.00000,0.00000
20_gdl_1e-10_0,01,g_true,ASTRAL-DISCO,0.00000,0.00000,0.00000
20_gdl_1e-10_0,01,g_true,ASTRID-DISCOR,0.00000,0.00000,0.00000
20_gdl_1e-10_0,01,g_true,ASTRAL-DISCOR,0.00000,0.00000,0.00000
20_gdl_1e-10_0,01,g_true,ASTRID-DISCOR-lca,0.00000,0.00000,0.00000
20_gdl_1e-10_0,01,g_true,ASTRAL-DISCOR-lca,0.00000,0.00000,0.00000
20_gdl_1e-10_0,01,g_true,ASTRID-DISCOR-oracle,0.00000,0.00000,0.00000
20_gdl_1e-10_0,01,g_true,ASTRAL-DISCOR-oracle,0.00000,0.00000,0.00000
20_gdl_1e-10_0,01,g_true,ASTRID-DISCOR-it2,0.00000,0.00000,0.00000
20_gdl_1e-10_0,01,g_true,ASTRAL-DISCOR-it2,0.00000,0.00000,0.00000
20_gdl_1e-10_0,02,g_100,ASTRAL-Pro2,0.00000,0.00000,0.00000
20_gdl_1e-10_0,02,g_100,ASTRID-DISCO,0.00000,0.00000,0.00000
20_gdl_1e-10_0,02,g_100,ASTRAL-DISCO,0.00000,0.00000,0.00000
20_gdl_1e-10_0,02,g_100,ASTRID-DISCOR,0.00000,0.00000,0.00000
20_gdl_1e-10_0,02,g_100,ASTRAL-DISCOR,0.00000,0.00000,0.00000
20_gdl_1e-10_0,02,g_100,ASTRID-DISCOR-lca,0.00000,0.00000,0.00000
20_gdl_1e-10_0,02,g_100,ASTRAL-DISCOR-lca,0.00000,0.00000,0.00000
20_gdl_1e-10_0,02,g_100,ASTRID-DISCOR-oracle,0.00000,0.00000,0.00000
20_gdl_1e-10_0,02,g_100,ASTRAL-DISCOR-oracle,0.00000,0.00000,0.00000
20_gdl_1e-10_0,02,g_100,ASTRID-DISCOR-it2,0.00000,0.00000,0.00000
20_gdl_1e-10_0,02,g_100,ASTRAL-DISCOR-it2,0.00000,0.00000,0.00000
20_gdl_1e-10_0,02,g_50,ASTRAL-Pro2,0.00000,0.00000,0.00000
20_gdl_1e-10_0,02,g_50,ASTRID-DISCO,0.00000,0.00000,0.00000
20_gdl_1e-10_0,02,g_50,ASTRAL-DISCO,0.00000,0.00000,0.00000
20_gdl_1e-10_0,02,g_50,ASTRID-DISCOR,0.00000,0.00000,0.00000
20_gdl_1e-10_0,02,g_50,ASTRAL-DISCOR,0.00000,0.00000,0.00000
20_gdl_1e-10_0,02,g_50,ASTRID-DISCOR-lca,0.00000,0.00000,0.00000
20_gdl_1e-10_0,02,g_50,ASTRAL-DISCOR-lca,0.00000,0.00000,0.00000
20_gdl_1e-10_0,02,g_50,ASTRID-DISCOR-oracle,0.00000,0.00000,0.00000
20_gdl_1e-10_0,02,g_50,ASTRAL-DISCOR-oracle,0.00000,0.00000,0.00000
20_gdl_1e-10_0,02,g_50,ASTRID-DISCOR-it2,0.00000,0.00000,0.00000
20_gdl_1e-10_0,02,g_50,ASTRAL-DISCOR-it2,0.00000,0.00000,0.00000
20_gdl_1e-10_0,02,g_true,ASTRAL-Pro2,0.00000,0.00000,0.00000
20_gdl_1e-10_0,02,g_true,ASTRID-DISCO,0.00000,0.00000,0.00000
20_gdl_1e-10_0,02,g_true,ASTRAL-DISCO,0.00000,0.00000,0.00000
20_gdl_1e-10_0,02,g_true,ASTRID-DISCOR,0.00000,0.00000,0.00000
20_gdl_1e-10_0,02,g_true,ASTRAL-DISCOR,0.00000,0.00000,0.00000
20_gdl_1e-10_0,02,g_true,ASTRID-DISCOR-lca,0.00000,0.00000,0.00000
20_gdl_1e-10_0,02,g_true,ASTRAL-DISCOR-lca,0.00000,0.00000,0.00000
20_gdl_1e-10_0,02,g_true,ASTRID-DISCOR-oracle,0.00000,0.00000,0.00000
20_gdl_1e-10_0,02,g_true,ASTRAL-DISCOR-oracle,0.00000,0.00000,0.00000
20_gdl_1e-10_0,02,g_true,ASTRID-DISCOR-it2,0.00000,0.00000,0.00000
20_gdl_1e-10_0,02,g_true,ASTRAL-DISCOR-it2,0.00000,0.00000,0.00000
20_gdl_1e-10_0,03,g_100,ASTRAL-Pro2,0.00000,0.00000,0.00000
20_gdl_1e-10_0,03,g_100,ASTRID-DISCO,0.00000,0.00000,0.00000
20_gdl_1e-10_0,03,g_100,ASTRAL-DISCO,0.00000,0.00000,0.00000
20_gdl_1e-10_0,03,g_100,ASTRID-DISCOR,0.00000,0.00000,0.00000
20_gdl_1e-10_0,03,g_100,ASTRAL-DISCOR,0.00000,0.00000,0.00000
20_gdl_1e-10_0,03,g_100,ASTRID-DISCOR-lca,0.00000,0.00000,0.00000
20_gdl_1e-10_0,03,g_100,ASTRAL-DISCOR-lca,0.00000,0.00000,0.00000
20_gdl_1e-10_0,03,g_100,ASTRID-DISCOR-oracle,0.00000,0.00000,0.00000
20_gdl_1e-10_0,03,g_100,ASTRAL-DISCOR-oracle,0.00000,0.00000,0.00000
20_gdl_1e-10_0,03,g_100,ASTRID-DISCOR-it2,0.00000,0.00000,0.00000
20_gdl_1e-10_0,03,g_100,ASTRAL-DISCOR-it2,0.00000,0.00000,0.00000
20_gdl_1e-10_0,03,g_50,ASTRAL-Pro2,0.00000,0.00000,0.00000
20_gdl_1e-10_0,03,g_50,ASTRID-DISCO,0.00000,0.00000,0.00000
20_gdl_1e-10_0,03,g_50,ASTRAL-DISCO,0.00000,0.00000,0.00000
20_gdl_1e-10_0,03,g_50,ASTRID-DISCOR,0.00000,0.00000,0.00000
20_gdl_1e-10_0,03,g_50,ASTRAL-DISCOR,0.00000,0.00000,0.00000
20_gdl_1e-10_0,03,g_50,ASTRID-DISCOR-lca,0.00000,0.00000,0.00000
20_gdl_1e-10_0,03,g_50,ASTRAL-DISCOR-lca,0.00000,0.00000,0.00000
20_gdl_1e-10_0,03,g_50,ASTRID-DISCOR-oracle,0.00000,0.00000,0.00000
20_gdl_1e-10_0,03,g_50,ASTRAL-DISCOR-oracle,0.00000,0.00000,0.00000
20_gdl_1e-10_0,03,g_50,ASTRID-DISCOR-it2,0.00000,0.00000,0.00000
20_gdl_1e-10_0,03,g_50,ASTRAL-DISCOR-it2,0.00000,0.00000,0.00000
20_gdl_1e-10_0,03,g_true,ASTRAL-Pro2,0.00000,0.00000,0.00000
20_gdl_1e-10_0,03,g_true,ASTRID-DISCO,0.00000,0.00000,0.00000
20_gdl_1e-10_0,03,g_true,ASTRAL-DISCO,0.00000,0.00000,0.00000
20_gdl_1e-10_0,03,g_true,ASTRID-DISCOR,0.00000,0.00000,0.00000
20_gdl_1e-10_0,03,g_true,ASTRAL-DISCOR,0.00000,0.00000,0.00000
20_gdl_1e-10_0,03,g_true,ASTRID-DISCOR-lca,0.00000,0.00000,0.00000
20_gdl_1e-10_0,03,g_true,ASTRAL-DISCOR-lca,0.00000,0.00000,0.00000
20_gdl_1e-10_0,03,g_true,ASTRID-DISCOR-oracle,0.00000,0.00000,0.00000
20_gdl_1e-10_0,03,g_true,ASTRAL-DISCOR-oracle,0.00000,0.00000,0.00000
20_gdl_1e-10_0,03,g_true,ASTRID-DISCOR-it2,0.00000,0.00000,0.00000
20_gdl_1e-10_0,03,g_true,ASTRAL-DISCOR-it2,0.00000,0.00000,0.00000
20_gdl_1e-10_0,04,g_100,ASTRAL-Pro2,0.11111,0.11111,0.11111
20_gdl_1e-10_0,04,g_100,ASTRID-DISCO,0.11111,0.11111,0.11111
20_gdl_1e-10_0,04,g_100,ASTRAL-DISCO,0.11111,0.11111,0.11111
20_gdl_1e-10_0,04,g_100,ASTRID-DISCOR,0.11111,0.11111,0.11111
20_gdl_1e-10_0,04,g_100,ASTRAL-DISCOR,0.11111,0.11111,0.11111
20_gdl_1e-10_0,04,g_100,ASTRID-DISCOR-lca,0.11111,0.11111,0.11111
20_gdl_1e-10_0,04,g_100,ASTRAL-DISCOR-lca,0.11111,0.11111,0.11111
20_gdl_1e-10_0,04,g_100,ASTRID-DISCOR-oracle,0.11111,0.11111,0.11111
20_gdl_1e-10_0,04,g_100,ASTRAL-DISCOR-oracle,0.11111,0.11111,0.11111
20_gdl_1e-10_0,04,g_100,ASTRID-DISCOR-it2,0.11111,0.11111,0.11111
20_gdl_1e-10_0,04,g_100,ASTRAL-DISCOR-it2,0.11111,0.11111,0.11111
20_gdl_1e-10_0,04,g_50,ASTRAL-Pro2,0.11111,0.11111,0.11111
20_gdl_1e-10_0,04,g_50,ASTRID-DISCO,0.11111,0.11111,0.11111
20_gdl_1e-10_0,04,g_50,ASTRAL-DISCO,0.11111,0.11111,0.11111
20_gdl_1e-10_0,04,g_50,ASTRID-DISCOR,0.11111,0.11111,0.11111
20_gdl_1e-10_0,04,g_50,ASTRAL-DISCOR,0.11111,0.11111,0.11111
20_gdl_1e-10_0,04,g_50,ASTRID-DISCOR-lca,0.11111,0.11111,0.11111
20_gdl_1e-10_0,04,g_50,ASTRAL-DISCOR-lca,0.11111,0.11111,0.11111
20_gdl_1e-10_0,04,g_50,ASTRID-DISCOR-oracle,0.11111,0.11111,0.11111
20_gdl_1e-10_0,04,g_50,ASTRAL-DISCOR-oracle,0.11111,0.11111,0.11111
20_gdl_1e-10_0,04,g_50,ASTRID-DISCOR-it2,0.11111,0.11111,0.11111
20_gdl_1e-10_0,04,g_50,ASTRAL-DISCOR-it2,0.11111,0.11111,0.11111
20_gdl_1e-10_0,04,g_true,ASTRAL-Pro2,0.00000,0.00000,0.00000
20_gdl_1e-10_0,04,g_true,ASTRID-DISCO,0.00000,0.00000,0.00000
20_gdl_1e-10_0,04,g_true,ASTRAL-DISCO,0.00000,0.00000,0.00000
20_gdl_1e-10_0,04,g_true,ASTRID-DISCOR,0.00000,0.00000,0.00000
20_gdl_1e-10_0,04,g_true,ASTRAL-DISCOR,0.00000,0.00000,0.00000
20_gdl_1e-10_0,04,g_true,ASTRID-DISCOR-lca,0.00000,0.00000,0.00000
20_gdl_1e-10_0,04,g_true,ASTRAL-DISCOR-lca,0.00000,0.00000,0.00000
20_gdl_1e-10_0,04,g_true,ASTRID-DISCOR-oracle,0.00000,0.00000,0.00000
20_gdl_1e-10_0,04,g_true,ASTRAL-DISCOR-oracle,0.00000,0.00000,0.00000
20_gdl_1e-10_0,04,g_true,ASTRID-DISCOR-it2,0.00000,0.00000,0.00000
20_gdl_1e-10_0,04,g_true,ASTRAL-DISCOR-it2,0.00000,0.00000,0.00000
20_gdl_1e-10_0,05,g_100,ASTRAL-Pro2,0.05556,0.05556,0.05556
20_gdl_1e-10_0,05,g_100,ASTRID-DISCO,0.05556,0.05556,0.05556
20_gdl_1e-10_0,05,g_100,ASTRAL-DISCO,0.05556,0.05556,0.05556
20_gdl_1e-10_0,05,g_100,ASTRID-DISCOR,0.05556,0.05556,0.05556
20_gdl_1e-10_0,05,g_100,ASTRAL-DISCOR,0.05556,0.05556,0.05556
20_gdl_1e-10_0,05,g_100,ASTRID-DISCOR-lca,0.05556,0.05556,0.05556
20_gdl_1e-10_0,05,g_100,ASTRAL-DISCOR-lca,0.05556,0.05556,0.05556
20_gdl_1e-10_0,05,g_100,ASTRID-DISCOR-oracle,0.05556,0.05556,0.05556
20_gdl_1e-10_0,05,g_100,ASTRAL-DISCOR-oracle,0.05556,0.05556,0.05556
20_gdl_1e-10_0,05,g_100,ASTRID-DISCOR-it2,0.05556,0.05556,0.05556
20_gdl_1e-10_0,05,g_100,ASTRAL-DISCOR-it2,0.05556,0.05556,0.05556
20_gdl_1e-10_0,05,g_50,ASTRAL-Pro2,0.05556,0.05556,0.05556
20_gdl_1e-10_0,05,g_50,ASTRID-DISCO,0.05556,0.05556,0.05556
20_gdl_1e-10_0,05,g_50,ASTRAL-DISCO,0.05556,0.05556,0.05556
20_gdl_1e-10_0,05,g_50,ASTRID-DISCOR,0.05556,0.05556,0.05556
20_gdl_1e-10_0,05,g_50,ASTRAL-DISCOR,0.05556,0.05556,0.05556
20_gdl_1e-10_0,05,g_50,ASTRID-DISCOR-lca,0.05556,0.05556,0.05556
20_gdl_1e-10_0,05,g_50,ASTRAL-DISCOR-lca,0.05556,0.05556,0.05556
20_gdl_1e-10_0,05,g_50,ASTRID-DISCOR-oracle,0.05556,0.05556,0.05556
20_gdl_1e-10_0,05,g_50,ASTRAL-DISCOR-oracle,0.05556,0.05556,0.05556
20_gdl_1e-10_0,05,g_50,ASTRID-DISCOR-it2,0.05556,0.05556,0.05556
20_gdl_1e-10_0,05,g_50,ASTRAL-DISCOR-it2,0.05556,0.05556,0.05556
20_gdl_1e-10_0,05,g_true,ASTRAL-Pro2,0.00000,0.00000,0.00000
20_gdl_1e-10_0,05,g_true,ASTRID-DISCO,0.00000,0.00000,0.00000
20_gdl_1e-10_0,05,g_true,ASTRAL-DISCO,0.00000,0.00000,0.00000
20_gdl_1e-10_0,05,g_true,ASTRID-DISCOR,0.00000,0.00000,0.00000
20_gdl_1e-10_0,05,g_true,ASTRAL-DISCOR,0.00000,0.00000,0.00000
20_gdl_1e-10_0,05,g_true,ASTRID-DISCOR-lca,0.00000,0.00000,0.00000
20_gdl_1e-10_0,05,g_true,ASTRAL-DISCOR-lca,0.00000,0.00000,0.00000
20_gdl_1e-10_0,05,g_true,ASTRID-DISCOR-oracle,0.00000,0.00000,0.00000
20_gdl_1e-10_0,05,g_true,ASTRAL-DISCOR-oracle,0.00000,0.00000,0.00000
20_gdl_1e-10_0,05,g_true,ASTRID-DISCOR-it2,0.00000,0.00000,0.00000
20_gdl_1e-10_0,05,g_true,ASTRAL-DISCOR-it2,0.00000,0.00000,0.00000
20_gdl_1e-10_0,06,g_100,ASTRAL-Pro2,0.05556,0.05556,0.05556
20_gdl_1e-10_0,06,g_100,ASTRID-DISCO,0.05556,0.05556,0.05556
20_gdl_1e-10_0,06,g_100,ASTRAL-DISCO,0.05556,0.05556,0.05556
20_gdl_1e-10_0,06,g_100,ASTRID-DISCOR,0.05556,0.05556,0.05556
20_gdl_1e-10_0,06,g_100,ASTRAL-DISCOR,0.05556,0.05556,0.05556
20_gdl_1e-10_0,06,g_100,ASTRID-DISCOR-lca,0.05556,0.05556,0.05556
20_gdl_1e-10_0,06,g_100,ASTRAL-DISCOR-lca,0.05556,0.05556,0.05556
20_gdl_1e-10_0,06,g_100,ASTRID-DISCOR-oracle,0.05556,0.05556,0.05556
20_gdl_1e-10_0,06,g_100,ASTRAL-DISCOR-oracle,0.05556,0.05556,0.05556
20_gdl_1e-10_0,06,g_100,ASTRID-DISCOR-it2,0.05556,0.05556,0.05556
20_gdl_1e-10_0,06,g_100,ASTRAL-DISCOR-it2,0.05556,0.05556,0.05556
20_gdl_1e-10_0,06,g_50,ASTRAL-Pro2,0.00000,0.00000,0.00000
20_gdl_1e-10_0,06,g_50,ASTRID-DISCO,0.05556,0.05556,0.05556
20_gdl_1e-10_0,06,g_50,ASTRAL-DISCO,0.00000,0.00000,0.00000
20_gdl_1e-10_0,06,g_50,ASTRID-DISCOR,0.05556,0.05556,0.05556
20_gdl_1e-10_0,06,g_50,ASTRAL-DISCOR,0.00000,0.00000,0.00000
20_gdl_1e-10_0,06,g_50,ASTRID-DISCOR-lca,0.00000,0.00000,0.00000
20_gdl_1e-10_0,06,g_50,ASTRAL-DISCOR-lca,0.00000,0.00000,0.00000
20_gdl_1e-10_0,06,g_50,ASTRID-DISCOR-oracle,0.05556,0.05556,0.05556
20_gdl_1e-10_0,06,g_50,ASTRAL-DISCOR-oracle,0.00000,0.00000,0.00000
20_gdl_1e-10_0,06,g_50,ASTRID-DISCOR-it2,0.05556,0.05556,0.05556
20_gdl_1e-10_0,06,g_50,ASTRAL-DISCOR-it2,0.00000,0.00000,0.00000
20_gdl_1e-10_0,06,g_true,ASTRAL-Pro2,0.00000,0.00000,0.00000
20_gdl_1e-10_0,06,g_true,ASTRID-DISCO,0.00000,0.00000,0.00000
20_gdl_1e-10_0,06,g_true,ASTRAL-DISCO,0.00000,0.00000,0.00000
20_gdl_1e-10_0,06,g_true,ASTRID-DISCOR,0.00000,0.00000,0.00000
20_gdl_1e-10_0,06,g_true,ASTRAL-DISCOR,0.00000,0.00000,0.00000
20_gdl_1e-10_0,06,g_true,ASTRID-DISCOR-lca,0.00000,0.00000,0.00000
20_gdl_1e-10_0,06,g_true,ASTRAL-DISCOR-lca,0.00000,0.00000,0.00000
20_gdl_1e-10_0,06,g_true,ASTRID-DISCOR-oracle,0.00000,0.00000,0.00000
20_gdl_1e-10_0,06,g_true,ASTRAL-DISCOR-oracle,0.00000,0.00000,0.00000
20_gdl_1e-10_0,06,g_true,ASTRID-DISCOR-it2,0.00000,0.00000,0.00000
20_gdl_1e-10_0,06,g_true,ASTRAL-DISCOR-it2,0.00000,0.00000,0.00000
20_gdl_1e-10_0,07,g_100,ASTRAL-Pro2,0.05556,0.05556,0.05556
20_gdl_1e-10_0,07,g_100,ASTRID-DISCO,0.05556,0.05556,0.05556
20_gdl_1e-10_0,07,g_100,ASTRAL-DISCO,0.05556,0.05556,0.05556
20_gdl_1e-10_0,07,g_100,ASTRID-DISCOR,0.05556,0.05556,0.05556
20_gdl_1e-10_0,07,g_100,ASTRAL-DISCOR,0.05556,0.05556,0.05556
20_gdl_1e-10_0,07,g_100,ASTRID-DISCOR-lca,0.05556,0.05556,0.05556
20_gdl_1e-10_0,07,g_100,ASTRAL-DISCOR-lca,0.05556,0.05556,0.05556
20_gdl_1e-10_0,07,g_100,ASTRID-DISCOR-oracle,0.05556,0.05556,0.05556
20_gdl_1e-10_0,07,g_100,ASTRAL-DISCOR-oracle,0.05556,0.05556,0.05556
20_gdl_1e-10_0,07,g_100,ASTRID-DISCOR-it2,0.05556,0.05556,0.05556
20_gdl_1e-10_0,07,g_100,ASTRAL-DISCOR-it2,0.05556,0.05556,0.05556
20_gdl_1e-10_0,07,g_50,ASTRAL-Pro2,0.11111,0.11111,0.11111
20_gdl_1e-10_0,07,g_50,ASTRID-DISCO,0.05556,0.05556,0.05556
20_gdl_1e-10_0,07,g_50,ASTRAL-DISCO,0.11111,0.11111,0.11111
20_gdl_1e-10_0,07,g_50,ASTRID-DISCOR,0.05556,0.05556,0.05556
20_gdl_1e-10_0,07,g_50,ASTRAL-DISCOR,0.11111,0.11111,0.11111
20_gdl_1e-10_0,07,g_50,ASTRID-DISCOR-lca,0.11111,0.11111,0.11111
20_gdl_1e-10_0,07,g_50,ASTRAL-DISCOR-lca,0.11111,0.11111,0.11111
20_gdl_1e-10_0,07,g_50,ASTRID-DISCOR-oracle,0.05556,0.05556,0.05556
20_gdl_1e-10_0,07,g_50,ASTRAL-DISCOR-oracle,0.11111,0.11111,0.11111
20_gdl_1e-10_0,07,g_50,ASTRID-DISCOR-it2,0.05556,0.05556,0.05556
20_gdl_1e-10_0,07,g_50,ASTRAL-DISCOR-it2,0.11111,0.11111,0.11111
20_gdl_1e-10_0,07,g_true,ASTRAL-Pro2,0.00000,0.00000,0.00000
20_gdl_1e-10_0,07,g_true,ASTRID-DISCO,0.00000,0.00000,0.00000
20_gdl_1e-10_0,07,g_true,ASTRAL-DISCO,0.00000,0.00000,0.00000
20_gdl_1e-10_0,07,g_true,ASTRID-DISCOR,0.00000,0.00000,0.00000
20_gdl_1e-10_0,07,g_true,ASTRAL-DISCOR,0.00000,0.00000,0.00000
20_gdl_1e-10_0,07,g_true,ASTRID-DISCOR-lca,0.00000,0.00000,0.00000
20_gdl_1e-10_0,07,g_true,ASTRAL-DISCOR-lca,0.00000,0.00000,0.00000
20_gdl_1e-10_0,07,g_true,ASTRID-DISCOR-oracle,0.00000,0.00000,0.00000
20_gdl_1e-10_0,07,g_true,ASTRAL-DISCOR-oracle,0.00000,0.00000,0.00000
20_gdl_1e-10_0,07,g_true,ASTRID-DISCOR-it2,0.00000,0.00000,0.00000
20_gdl_1e-10_0,07,g_true,ASTRAL-DISCOR-it2,0.00000,0.00000,0.00000
20_gdl_1e-10_0,08,g_100,ASTRAL-Pro2,0.00000,0.00000,0.00000
20_gdl_1e-10_0,08,g_100,ASTRID-DISCO,0.00000,0.00000,0.00000
20_gdl_1e-10_0,08,g_100,ASTRAL-DISCO,0.00000,0.00000,0.00000
20_gdl_1e-10_0,08,g_100,ASTRID-DISCOR,0.00000,0.00000,0.00000
20_gdl_1e-10_0,08,g_100,ASTRAL-DISCOR,0.00000,0.00000,0.00000
20_gdl_1e-10_0,08,g_100,ASTRID-DISCOR-lca,0.00000,0.00000,0.00000
20_gdl_1e-10_0,08,g_100,ASTRAL-DISCOR-lca,0.00000,0.00000,0.00000
20_gdl_1e-10_0,08,g_100,ASTRID-DISCOR-oracle,0.00000,0.00000,0.00000
20_gdl_1e-10_0,08,g_100,ASTRAL-DISCOR-oracle,0.00000,0.00000,0.00000
20_gdl_1e-10_0,08,g_100,ASTRID-DISCOR-it2,0.00000,0.00000,0.00000
20_gdl_1e-10_0,08,g_100,ASTRAL-DISCOR-it2,0.00000,0.00000,0.00000
20_gdl_1e-10_0,08,g_50,ASTRAL-Pro2,0.00000,0.00000,0.00000
20_gdl_1e-10_0,08,g_50,ASTRID-DISCO,0.00000,0.00000,0.00000
20_gdl_1e-10_0,08,g_50,ASTRAL-DISCO,0.00000,0.00000,0.00000
20_gdl_1e-10_0,08,g_50,ASTRID-DISCOR,0.00000,0.00000,0.00000
20_gdl_1e-10_0,08,g_50,ASTRAL-DISCOR,0.00000,0.00000,0.00000
20_gdl_1e-10_0,08,g_50,ASTRID-DISCOR-lca,0.00000,0.00000,0.00000
20_gdl_1e-10_0,08,g_50,ASTRAL-DISCOR-lca,0.00000,0.00000,0.00000
20_gdl_1e-10_0,08,g_50,ASTRID-DISCOR-oracle,0.00000,0.00000,0.00000
20_gdl_1e-10_0,08,g_50,ASTRAL-DISCOR-oracle,0.00000,0.00000,0.00000
20_gdl_1e-10_0,08,g_50,ASTRID-DISCOR-it2,0.00000,0.00000,0.00000
20_gdl_1e-10_0,08,g_50,ASTRAL-DISCOR-it2,0.00000,0.00000,0.00000
20_gdl_1e-10_0,08,g_true,ASTRAL-Pro2,0.00000,0.00000,0.00000
20_gdl_1e-10_0,08,g_true,ASTRID-DISCO,0.00000,0.00000,0.00000
20_gdl_1e-10_0,08,g_true,ASTRAL-DISCO,0.00000,0.00000,0.00000
20_gdl_1e-10_0,08,g_true,ASTRID-DISCOR,0.00000,0.00000,0.00000
20_gdl_1e-10_0,08,g_true,ASTRAL-DISCOR,0.00000,0.00000,0.00000
20_gdl_1e-10_0,08,g_true,ASTRID-DISCOR-lca,0.00000,0.00000,0.00000
20_gdl_1e-10_0,08,g_true,ASTRAL-DISCOR-lca,0.00000,0.00000,0.00000
20_gdl_1e-10_0,08,g_true,ASTRID-DISCOR-oracle,0.00000,0.00000,0.00000
20_gdl_1e-10_0,08,g_true,ASTRAL-DISCOR-oracle,0.00000,0.00000,0.00000
20_gdl_1e-10_0,08,g_true,ASTRID-DISCOR-it2,0.00000,0.00000,0.00000
20_gdl_1e-10_0,08,g_true,ASTRAL-DISCOR-it2,0.00000,0.00000,0.00000
20_gdl_1e-10_0,09,g_100,ASTRAL-Pro2,0.00000,0.00000,0.00000
20_gdl_1e-10_0,09,g_100,ASTRID-DISCO,0.00000,0.00000,0.00000
20_gdl_1e-10_0,09,g_100,ASTRAL-DISCO,0.00000,0.00000,0.00000
20_gdl_1e-10_0,09,g_100,ASTRID-DISCOR,0.00000,0.00000,0.00000
20_gdl_1e-10_0,09,g_100,ASTRAL-DISCOR,0.00000,0.00000,0.00000
20_gdl_1e-10_0,09,g_100,ASTRID-DISCOR-lca,0.00000,0.00000,0.00000
20_gdl_1e-10_0,09,g_100,ASTRAL-DISCOR-lca,0.00000,0.00000,0.00000
20_gdl_1e-10_0,09,g_100,ASTRID-DISCOR-oracle,0.00000,0.00000,0.00000
20_gdl_1e-10_0,09,g_100,ASTRAL-DISCOR-oracle,0.00000,0.00000,0.00000
20_gdl_1e-10_0,09,g_100,ASTRID-DISCOR-it2,0.00000,0.00000,0.00000
20_gdl_1e-10_0,09,g_100,ASTRAL-DISCOR-it2,0.00000,0.00000,0.00000
20_gdl_1e-10_0,09,g_50,ASTRAL-Pro2,0.00000,0.00000,0.00000
20_gdl_1e-10_0,09,g_50,ASTRID-DISCO,0.00000,0.00000,0.00000
20_gdl_1e-10_0,09,g_50,ASTRAL-DISCO,0.00000,0.00000,0.00000
20_gdl_1e-10_0,09,g_50,ASTRID-DISCOR,0.00000,0.00000,0.00000
20_gdl_1e-10_0,09,g_50,ASTRAL-DISCOR,0.00000,0.00000,0.00000
20_gdl_1e-10_0,09,g_50,ASTRID-DISCOR-lca,0.00000,0.00000,0.00000
20_gdl_1e-10_0,09,g_50,ASTRAL-DISCOR-lca,0.00000,0.00000,0.00000
20_gdl_1e-10_0,09,g_50,ASTRID-DISCOR-oracle,0.00000,0.00000,0.00000
20_gdl_1e-10_0,09,g_50,ASTRAL-DISCOR-oracle,0.00000,0.00000,0.00000
20_gdl_1e-10_0,09,g_50,ASTRID-DISCOR-it2,0.00000,0.00000,0.00000
20_gdl_1e-10_0,09,g_50,ASTRAL-DISCOR-it2,0.00000,0.00000,0.00000
20_gdl_1e-10_0,09,g_true,ASTRAL-Pro2,0.00000,0.00000,0.00000
20_gdl_1e-10_0,09,g_true,ASTRID-DISCO,0.00000,0.00000,0.00000
20_gdl_1e-10_0,09,g_true,ASTRAL-DISCO,0.00000,0.00000,0.00000
20_gdl_1e-10_0,09,g_true,ASTRID-DISCOR,0.00000,0.00000,0.00000
20_gdl_1e-10_0,09,g_true,ASTRAL-DISCOR,0.00000,0.00000,0.00000
20_gdl_1e-10_0,09,g_true,ASTRID-DISCOR-lca,0.00000,0.00000,0.00000
20_gdl_1e-10_0,09,g_true,ASTRAL-DISCOR-lca,0.00000,0.00000,0.00000
20_gdl_1e-10_0,09,g_true,ASTRID-DISCOR-oracle,0.00000,0.00000,0.00000
20_gdl_1e-10_0,09,g_true,ASTRAL-DISCOR-oracle,0.00000,0.00000,0.00000
20_gdl_1e-10_0,09,g_true,ASTRID-DISCOR-it2,0.00000,0.00000,0.00000
20_gdl_1e-10_0,09,g_true,ASTRAL-DISCOR-it2,0.00000,0.00000,0.00000
20_gdl_1e-10_0,10,g_100,ASTRAL-Pro2,0.00000,0.00000,0.00000
20_gdl_1e-10_0,10,g_100,ASTRID-DISCO,0.00000,0.00000,0.00000
20_gdl_1e-10_0,10,g_100,ASTRAL-DISCO,0.00000,0.00000,0.00000
20_gdl_1e-10_0,10,g_100,ASTRID-DISCOR,0.00000,0.00000,0.00000
20_gdl_1e-10_0,10,g_100,ASTRAL-DISCOR,0.00000,0.00000,0.00000
20_gdl_1e-10_0,10,g_100,ASTRID-DISCOR-lca,0.00000,0.00000,0.00000
20_gdl_1e-10_0,10,g_100,ASTRAL-DISCOR-lca,0.00000,0.00000,0.00000
20_gdl_1e-10_0,10,g_100,ASTRID-DISCOR-oracle,0.00000,0.00000,0.00000
20_gdl_1e-10_0,10,g_100,ASTRAL-DISCOR-oracle,0.00000,0.00000,0.00000
20_gdl_1e-10_0,10,g_100,ASTRID-DISCOR-it2,0.00000,0.00000,0.00000
20_gdl_1e-10_0,10,g_100,ASTRAL-DISCOR-it2,0.00000,0.00000,0.00000
20_gdl_1e-10_0,10,g_50,ASTRAL-Pro2,0.00000,0.00000,0.00000
20_gdl_1e-10_0,10,g_50,ASTRID-DISCO,0.00000,0.00000,0.00000
20_gdl_1e-10_0,10,g_50,ASTRAL-DISCO,0.00000,0.00000,0.00000
20_gdl_1e-10_0,10,g_50,ASTRID-DISCOR,0.00000,0.00000,0.00000
20_gdl_1e-10_0,10,g_50,ASTRAL-DISCOR,0.00000,0.00000,0.00000
20_gdl_1e-10_0,10,g_50,ASTRID-DISCOR-lca,0.00000,0.00000,0.00000
20_gdl_1e-10_0,10,g_50,ASTRAL-DISCOR-lca,0.00000,0.00000,0.00000
20_gdl_1e-10_0,10,g_50,ASTRID-DISCOR-oracle,0.00000,0.00000,0.00000
20_gdl_1e-10_0,10,g_50,ASTRAL-DISCOR-oracle,0.00000,0.00000,0.00000
20_gdl_1e-10_0,10,g_50,ASTRID-DISCOR-it2,0.00000,0.00000,0.00000
20_gdl_1e-10_0,10,g_50,ASTRAL-DISCOR-it2,0.00000,0.00000,0.00000
20_gdl_1e-10_0,10,g_true,ASTRAL-Pro2,0.00000,0.00000,0.00000
20_gdl_1e-10_0,10,g_true,ASTRID-DISCO,0.00000,0.00000,0.00000
20_gdl_1e-10_0,10,g_true,ASTRAL-DISCO,0.00000,0.00000,0.00000
20_gdl_1e-10_0,10,g_true,ASTRID-DISCOR,0.00000,0.00000,0.00000
20_gdl_1e-10_0,10,g_true,ASTRAL-DISCOR,0.00000,0.00000,0.00000
20_gdl_1e-10_0,10,g_true,ASTRID-DISCOR-lca,0.00000,0.00000,0.00000
20_gdl_1e-10_0,10,g_true,ASTRAL-DISCOR-lca,0.00000,0.00000,0.00000
20_gdl_1e-10_0,10,g_true,ASTRID-DISCOR-oracle,0.00000,0.00000,0.00000
20_gdl_1e-10_0,10,g_true,ASTRAL-DISCOR-oracle,0.00000,0.00000,0.00000
20_gdl_1e-10_0,10,g_true,ASTRID-DISCOR-it2,0.00000,0.00000,0.00000
20_gdl_1e-10_0,10,g_true,ASTRAL-DISCOR-it2,0.00000,0.00000,0.00000
20_gdl_1e-10_0_hILS,01,g_100,ASTRAL-Pro2,0.16667,0.16667,0.16667
20_gdl_1e-10_0_hILS,01,g_100,ASTRID-DISCO,0.11111,0.11111,0.11111
20_gdl_1e-10_0_hILS,01,g_100,ASTRAL-DISCO,0.16667,0.16667,0.16667
20_gdl_1e-10_0_hILS,01,g_100,ASTRID-DISCOR,0.11111,0.11111,0.11111
20_gdl_1e-10_0_hILS,01,g_100,ASTRAL-DISCOR,0.16667,0.16667,0.16667
20_gdl_1e-10_0_hILS,01,g_100,ASTRID-DISCOR-lca,0.16667,0.16667,0.16667
20_gdl_1e-10_0_hILS,01,g_100,ASTRAL-DISCOR-lca,0.16667,0.16667,0.16667
20_gdl_1e-10_0_hILS,01,g_100,ASTRID-DISCOR-oracle,0.11111,0.11111,0.11111
20_gdl_1e-10_0_hILS,01,g_100,ASTRAL-DISCOR-oracle,0.16667,0.16667,0.16667
20_gdl_1e-10_0_hILS,01,g_100,ASTRID-DISCOR-it2,0.11111,0.11111,0.11111
20_gdl_1e-10_0_hILS,01,g_100,ASTRAL-DISCOR-it2,0.16667,0.16667,0.16667
20_gdl_1e-10_0_hILS,01,g_50,ASTRAL-Pro2,0.11111,0.11111,0.11111
20_gdl_1e-10_0_hILS,01,g_50,ASTRID-DISCO,0.16667,0.16667,0.16667
20_gdl_1e-10_0_hILS,01,g_50,ASTRAL-DISCO,0.11111,0.11111,0.11111
20_gdl_1e-10_0_hILS,01,g_50,ASTRID-DISCOR,0.05556,0.05556,0.05556
20_gdl_1e-10_0_hILS,01,g_50,ASTRAL-DISCOR,0.05556,0.05556,0.05556
20_gdl_1e-10_0_hILS,01,g_50,ASTRID-DISCOR-lca,0.11111,0.11111,0.11111
20_gdl_1e-10_0_hILS,01,g_50,ASTRAL-DISCOR-lca,0.11111,0.11111,0.11111
20_gdl_1e-10_0_hILS,01,g_50,ASTRID-DISCOR-oracle,0.05556,0.05556,0.05556
20_gdl_1e-10_0_hILS,01,g_50,ASTRAL-DISCOR-oracle,0.05556,0.05556,0.05556
20_gdl_1e-10_0_hILS,01,g_50,ASTRID-DISCOR-it2,0.05556,0.05556,0.05556
20_gdl_1e-10_0_hILS,01,g_50,ASTRAL-DISCOR-it2,0.05556,0.05556,0.05556
20_gdl_1e-10_0_hILS,01,g_true,ASTRAL-Pro2,0.00000,0.00000,0.00000
20_gdl_1e-10_0_hILS,01,g_true,ASTRID-DISCO,0.00000,0.00000,0.00000
20_gdl_1e-10_0_hILS,01,g_true,ASTRAL-DISCO,0.00000,0.00000,0.00000
20_gdl_1e-10_0_hILS,01,g_true,ASTRID-DISCOR,0.00000,0.00000,0.00000
20_gdl_1e-10_0_hILS,01,g_true,ASTRAL-DISCOR,0.00000,0.00000,0.00000
20_gdl_1e-10_0_hILS,01,g_true,ASTRID-DISCOR-lca,0.00000,0.00000,0.00000
20_gdl_1e-10_0_hILS,01,g_true,ASTRAL-DISCOR-lca,0.00000,0.00000,0.00000
20_gdl_1e-10_0_hILS,01,g_true,ASTRID-DISCOR-oracle,0.00000,0.00000,0.00000
20_gdl_1e-10_0_hILS,01,g_true,ASTRAL-DISCOR-oracle,0.00000,0.00000,0.00000
20_gdl_1e-10_0_hILS,01,g_true,ASTRID-DISCOR-it2,0.00000,0.00000,0.00000
20_gdl_1e-10_0_hILS,01,g_true,ASTRAL-DISCOR-it2,0.00000,0.00000,0.00000
20_gdl_1e-10_0_hILS,02,g_100,ASTRAL-Pro2,0.05556,0.05556,0.05556
20_gdl_1e-10_0_hILS,02,g_100,ASTRID-DISCO,0.05556,0.05556,0.05556
20_gdl_1e-10_0_hILS,02,g_100,ASTRAL-DISCO,0.05556,0.05556,0.05556
20_gdl_1e-10_0_hILS,02,g_100,ASTRID-DISCOR,0.05556,0.05556,0.05556
20_gdl_1e-10_0_hILS,02,g_100,ASTRAL-DISCOR,0.05556,0.05556,0.05556
20_gdl_1e-10_0_hILS,02,g_100,ASTRID-DISCOR-lca,0.05556,0.05556,0.05556
20_gdl_1e-10_0_hILS,02,g_100,ASTRAL-DISCOR-lca,0.05556,0.05556,0.05556
20_gdl_1e-10_0_hILS,02,g_100,ASTRID-DISCOR-oracle,0.05556,0.05556,0.05556
20_gdl_1e-10_0_hILS,02,g_100,ASTRAL-DISCOR-oracle,0.05556,0.05556,0.05556
20_gdl_1e-10_0_hILS,02,g_100,ASTRID-DISCOR-it2,0.05556,0.05556,0.05556
20_gdl_1e-10_0_hILS,02,g_100,ASTRAL-DISCOR-it2,0.05556,0.05556,0.05556
20_gdl_1e-10_0_hILS,02,g_50,ASTRAL-Pro2,0.05556,0.05556,0.05556
20_gdl_1e-10_0_hILS,02,g_50,ASTRID-DISCO,0.05556,0.05556,0.05556
20_gdl_1e-10_0_hILS,02,g_50,ASTRAL-DISCO,0.05556,0.05556,0.05556
20_gdl_1e-10_0_hILS,02,g_50,ASTRID-DISCOR,0.05556,0.05556,0.05556
20_gdl_1e-10_0_hILS,02,g_50,ASTRAL-DISCOR,0.11111,0.11111,0.11111
20_gdl_1e-10_0_hILS,02,g_50,ASTRID-DISCOR-lca,0.05556,0.05556,0.05556
20_gdl_1e-10_0_hILS,02,g_50,ASTRAL-DISCOR-lca,0.05556,0.05556,0.05556
20_gdl_1e-10_0_hILS,02,g_50,ASTRID-DISCOR-oracle,0.05556,0.05556,0.05556
20_gdl_1e-10_0_hILS,02,g_50,ASTRAL-DISCOR-oracle,0.11111,0.11111,0.11111
20_gdl_1e-10_0_hILS,02,g_50,ASTRID-DISCOR-it2,0.05556,0.05556,0.05556
20_gdl_1e-10_0_hILS,02,g_50,ASTRAL-DISCOR-it2,0.11111,0.11111,0.11111
20_gdl_1e-10_0_hILS,02,g_true,ASTRAL-Pro2,0.05556,0.05556,0.05556
20_gdl_1e-10_0_hILS,02,g_true,ASTRID-DISCO,0.05556,0.05556,0.05556
20_gdl_1e-10_0_hILS,02,g_true,ASTRAL-DISCO,0.05556,0.05556,0.05556
20_gdl_1e-10_0_hILS,02,g_true,ASTRID-DISCOR,0.05556,0.05556,0.05556
20_gdl_1e-10_0_hILS,02,g_true,ASTRAL-DISCOR,0.05556,0.05556,0.05556
20_gdl_1e-10_0_hILS,02,g_true,ASTRID-DISCOR-lca,0.05556,0.05556,0.05556
20_gdl_1e-10_0_hILS,02,g_true,ASTRAL-DISCOR-lca,0.05556,0.05556,0.05556
20_gdl_1e-10_0_hILS,02,g_true,ASTRID-DISCOR-oracle,0.05556,0.05556,0.05556
20_gdl_1e-10_0_hILS,02,g_true,ASTRAL-DISCOR-oracle,0.05556,0.05556,0.05556
20_gdl_1e-10_0_hILS,02,g_true,ASTRID-DISCOR-it2,0.05556,0.05556,0.05556
20_gdl_1e-10_0_hILS,02,g_true,ASTRAL-DISCOR-it2,0.05556,0.05556,0.05556
20_gdl_1e-10_0_hILS,03,g_100,ASTRAL-Pro2,0.05556,0.05556,0.05556
20_gdl_1e-10_0_hILS,03,g_100,ASTRID-DISCO,0.05556,0.05556,0.05556
20_gdl_1e-10_0_hILS,03,g_100,ASTRAL-DISCO,0.05556,0.05556,0.05556
20_gdl_1e-10_0_hILS,03,g_100,ASTRID-DISCOR,0.05556,0.05556,0.05556
20_gdl_1e-10_0_hILS,03,g_100,ASTRAL-DISCOR,0.05556,0.05556,0.05556
20_gdl_1e-10_0_hILS,03,g_100,ASTRID-DISCOR-lca,0.05556,0.05556,0.05556
20_gdl_1e-10_0_hILS,03,g_100,ASTRAL-DISCOR-lca,0.05556,0.05556,0.05556
20_gdl_1e-10_0_hILS,03,g_100,ASTRID-DISCOR-oracle,0.05556,0.05556,0.05556
20_gdl_1e-10_0_hILS,03,g_100,ASTRAL-DISCOR-oracle,0.05556,0.05556,0.05556
20_gdl_1e-10_0_hILS,03,g_100,ASTRID-DISCOR-it2,0.05556,0.05556,0.05556
20_gdl_1e-10_0_hILS,03,g_100,ASTRAL-DISCOR-it2,0.05556,0.05556,0.05556
20_gdl_1e-10_0_hILS,03,g_50,ASTRAL-Pro2,0.16667,0.16667,0.16667
20_gdl_1e-10_0_hILS,03,g_50,ASTRID-DISCO,0.22222,0.22222,0.22222
20_gdl_1e-10_0_hILS,03,g_50,ASTRAL-DISCO,0.22222,0.22222,0.22222
20_gdl_1e-10_0_hILS,03,g_50,ASTRID-DISCOR,0.16667,0.16667,0.16667
20_gdl_1e-10_0_hILS,03,g_50,ASTRAL-DISCOR,0.11111,0.11111,0.11111
20_gdl_1e-10_0_hILS,03,g_50,ASTRID-DISCOR-lca,0.16667,0.16667,0.16667
20_gdl_1e-10_0_hILS,03,g_50,ASTRAL-DISCOR-lca,0.16667,0.16667,0.16667
20_gdl_1e-10_0_hILS,03,g_50,ASTRID-DISCOR-oracle,0.16667,0.16667,0.16667
20_gdl_1e-10_0_hILS,03,g_50,ASTRAL-DISCOR-oracle,0.11111,0.11111,0.11111
20_gdl_1e-10_0_hILS,03,g_50,ASTRID-DISCOR-it2,0.16667,0.16667,0.16667
20_gdl_1e-10_0_hILS,03,g_50,ASTRAL-DISCOR-it2,0.11111,0.11111,0.11111
20_gdl_1e-10_0_hILS,03,g_true,ASTRAL-Pro2,0.05556,0.05556,0.05556
20_gdl_1e-10_0_hILS,03,g_true,ASTRID-DISCO,0.00000,0.00000,0.00000
20_gdl_1e-10_0_hILS,03,g_true,ASTRAL-DISCO,0.05556,0.05556,0.05556
20_gdl_1e-10_0_hILS,03,g_true,ASTRID-DISCOR,0.00000,0.00000,0.00000
20_gdl_1e-10_0_hILS,03,g_true,ASTRAL-DISCOR,0.05556,0.05556,0.05556
20_gdl_1e-10_0_hILS,03,g_true,ASTRID-DISCOR-lca,0.05556,0.05556,0.05556
20_gdl_1e-10_0_hILS,03,g_true,ASTRAL-DISCOR-lca,0.05556,0.05556,0.05556
20_gdl_1e-10_0_hILS,03,g_true,ASTRID-DISCOR-oracle,0.00000,0.00000,0.00000
20_gdl_1e-10_0_hILS,03,g_true,ASTRAL-DISCOR-oracle,0.05556,0.05556,0.05556
20_gdl_1e-10_0_hILS,03,g_true,ASTRID-DISCOR-it2,0.00000,0.00000,0.00000
20_gdl_1e-10_0_hILS,03,g_true,ASTRAL-DISCOR-it2,0.05556,0.05556,0.05556
20_gdl_1e-10_0_hILS,04,g_100,ASTRAL-Pro2,0.00000,0.00000,0.00000
20_gdl_1e-10_0_hILS,04,g_100,ASTRID-DISCO,0.00000,0.00000,0.00000
20_gdl_1e-10_0_hILS,04,g_100,ASTRAL-DISCO,0.00000,0.00000,0.00000
20_gdl_1e-10_0_hILS,04,g_100,ASTRID-DISCOR,0.00000,0.00000,0.00000
20_gdl_1e-10_0_hILS,04,g_100,ASTRAL-DISCOR,0.00000,0.00000,0.00000
20_gdl_1e-10_0_hILS,04,g_100,ASTRID-DISCOR-lca,0.00000,0.00000,0.00000
20_gdl_1e-10_0_hILS,04,g_100,ASTRAL-DISCOR-lca,0.00000,0.00000,0.00000
20_gdl_1e-10_0_hILS,04,g_100,ASTRID-DISCOR-oracle,0.00000,0.00000,0.00000
20_gdl_1e-10_0_hILS,04,g_100,ASTRAL-DISCOR-oracle,0.00000,0.00000,0.00000
20_gdl_1e-10_0_hILS,04,g_100,ASTRID-DISCOR-it2,0.00000,0.00000,0.00000
20_gdl_1e-10_0_hILS,04,g_100,ASTRAL-DISCOR-it2,0.00000,0.00000,0.00000
20_gdl_1e-10_0_hILS,04,g_50,ASTRAL-Pro2,0.00000,0.00000,0.00000
20_gdl_1e-10_0_hILS,04,g_50,ASTRID-DISCO,0.00000,0.00000,0.00000
20_gdl_1e-10_0_hILS,04,g_50,ASTRAL-DISCO,0.00000,0.00000,0.00000
20_gdl_1e-10_0_hILS,04,g_50,ASTRID-DISCOR,0.00000,0.00000,0.00000
20_gdl_1e-10_0_hILS,04,g_50,ASTRAL-DISCOR,0.00000,0.00000,0.00000
20_gdl_1e-10_0_hILS,04,g_50,ASTRID-DISCOR-lca,0.00000,0.00000,0.00000
20_gdl_1e-10_0_hILS,04,g_50,ASTRAL-DISCOR-lca,0.00000,0.00000,0.00000
20_gdl_1e-10_0_hILS,04,g_50,ASTRID-DISCOR-oracle,0.00000,0.00000,0.00000
20_gdl_1e-10_0_hILS,04,g_50,ASTRAL-DISCOR-oracle,0.00000,0.00000,0.00000
20_gdl_1e-10_0_hILS,04,g_50,ASTRID-DISCOR-it2,0.00000,0.00000,0.00000
20_gdl_1e-10_0_hILS,04,g_50,ASTRAL-DISCOR-it2,0.00000,0.00000,0.00000
20_gdl_1e-10_0_hILS,04,g_true,ASTRAL-Pro2,0.00000,0.00000,0.00000
20_gdl_1e-10_0_hILS,04,g_true,ASTRID-DISCO,0.00000,0.00000,0.00000
20_gdl_1e-10_0_hILS,04,g_true,ASTRAL-DISCO,0.00000,0.00000,0.00000
20_gdl_1e-10_0_hILS,04,g_true,ASTRID-DISCOR,0.00000,0.00000,0.00000
20_gdl_1e-10_0_hILS,04,g_true,ASTRAL-DISCOR,0.00000,0.00000,0.00000
20_gdl_1e-10_0_hILS,04,g_true,ASTRID-DISCOR-lca,0.00000,0.00000,0.00000
20_gdl_1e-10_0_hILS,04,g_true,ASTRAL-DISCOR-lca,0.00000,0.00000,0.00000
20_gdl_1e-10_0_hILS,04,g_true,ASTRID-DISCOR-oracle,0.00000,0.00000,0.00000
20_gdl_1e-10_0_hILS,04,g_true,ASTRAL-DISCOR-oracle,0.00000,0.00000,0.00000
20_gdl_1e-10_0_hILS,04,g_true,ASTRID-DISCOR-it2,0.00000,0.00000,0.00000
20_gdl_1e-10_0_hILS,04,g_true,ASTRAL-DISCOR-it2,0.00000,0.00000,0.00000
20_gdl_1e-10_0_hILS,05,g_100,ASTRAL-Pro2,0.05556,0.05556,0.05556
20_gdl_1e-10_0_hILS,05,g_100,ASTRID-DISCO,0.05556,0.05556,0.05556
20_gdl_1e-10_0_hILS,05,g_100,ASTRAL-DISCO,0.05556,0.05556,0.05556
20_gdl_1e-10_0_hILS,05,g_100,ASTRID-DISCOR,0.05556,0.05556,0.05556
20_gdl_1e-10_0_hILS,05,g_100,ASTRAL-DISCOR,0.05556,0.05556,0.05556
20_gdl_1e-10_0_hILS,05,g_100,ASTRID-DISCOR-lca,0.05556,0.05556,0.05556
20_gdl_1e-10_0_hILS,05,g_100,ASTRAL-DISCOR-lca,0.05556,0.05556,0.05556
20_gdl_1e-10_0_hILS,05,g_100,ASTRID-DISCOR-oracle,0.05556,0.05556,0.05556
20_gdl_1e-10_0_hILS,05,g_100,ASTRAL-DISCOR-oracle,0.05556,0.05556,0.05556
20_gdl_1e-10_0_hILS,05,g_100,ASTRID-DISCOR-it2,0.05556,0.05556,0.05556
20_gdl_1e-10_0_hILS,05,g_100,ASTRAL-DISCOR-it2,0.05556,0.05556,0.05556
20_gdl_1e-10_1,01,g_100,ASTRAL-Pro2,0.00000,0.00000,0.00000
20_gdl_1e-10_1,01,g_100,ASTRID-DISCO,0.00000,0.00000,0.00000
20_gdl_1e-10_1,01,g_100,ASTRAL-DISCO,0.00000,0.00000,0.00000
20_gdl_1e-10_1,01,g_100,ASTRID-DISCOR,0.05556,0.05556,0.05556
20_gdl_1e-10_1,01,g_100,ASTRAL-DISCOR,0.05556,0.05556,0.05556
20_gdl_1e-10_1,01,g_100,ASTRID-DISCOR-lca,0.00000,0.00000,0.00000
20_gdl_1e-10_1,01,g_100,ASTRAL-DISCOR-lca,0.00000,0.00000,0.00000
20_gdl_1e-10_1,01,g_100,ASTRID-DISCOR-oracle,0.05556,0.05556,0.05556
20_gdl_1e-10_1,01,g_100,ASTRAL-DISCOR-oracle,0.05556,0.05556,0.05556
20_gdl_1e-10_1,01,g_100,ASTRID-DISCOR-it2,0.05556,0.05556,0.05556
20_gdl_1e-10_1,01,g_100,ASTRAL-DISCOR-it2,0.05556,0.05556,0.05556
20_gdl_1e-10_1,01,g_50,ASTRAL-Pro2,0.11111,0.11111,0.11111
20_gdl_1e-10_1,01,g_50,ASTRID-DISCO,0.11111,0.11111,0.11111
20_gdl_1e-10_1,01,g_50,ASTRAL-DISCO,0.11111,0.11111,0.11111
20_gdl_1e-10_1,01,g_50,ASTRID-DISCOR,0.11111,0.11111,0.11111
20_gdl_1e-10_1,01,g_50,ASTRAL-DISCOR,0.05556,0.05556,0.05556
20_gdl_1e-10_1,01,g_50,ASTRID-DISCOR-lca,0.11111,0.11111,0.11111
20_gdl_1e-10_1,01,g_50,ASTRAL-DISCOR-lca,0.11111,0.11111,0.11111
20_gdl_1e-10_1,01,g_50,ASTRID-DISCOR-oracle,0.11111,0.11111,0.11111
20_gdl_1e-10_1,01,g_50,ASTRAL-DISCOR-oracle,0.05556,0.05556,0.05556
20_gdl_1e-10_1,01,g_50,ASTRID-DISCOR-it2,0.11111,0.11111,0.11111
20_gdl_1e-10_1,01,g_50,ASTRAL-DISCOR-it2,0.05556,0.05556,0.05556
20_gdl_1e-10_1,01,g_true,ASTRAL-Pro2,0.00000,0.00000,0.00000
20_gdl_1e-10_1,01,g_true,ASTRID-DISCO,0.00000,0.00000,0.00000
20_gdl_1e-10_1,01,g_true,ASTRAL-DISCO,0.00000,0.00000,0.00000
20_gdl_1e-10_1,01,g_true,ASTRID-DISCOR,0.00000,0.00000,0.00000
20_gdl_1e-10_1,01,g_true,ASTRAL-DISCOR,0.00000,0.00000,0.00000
20_gdl_1e-10_1,01,g_true,ASTRID-DISCOR-lca,0.00000,0.00000,0.00000
20_gdl_1e-10_1,01,g_true,ASTRAL-DISCOR-lca,0.00000,0.00000,0.00000
20_gdl_1e-10_1,01,g_true,ASTRID-DISCOR-oracle,0.00000,0.00000,0.00000
20_gdl_1e-10_1,01,g_true,ASTRAL-DISCOR-oracle,0.00000,0.00000,0.00000
20_gdl_1e-10_1,01,g_true,ASTRID-DISCOR-it2,0.00000,0.00000,0.00000
20_gdl_1e-10_1,01,g_true,ASTRAL-DISCOR-it2,0.00000,0.00000,0.00000
20_gdl_1e-10_1,02,g_100,ASTRAL-Pro2,0.00000,0.00000,0.00000
20_gdl_1e-10_1,02,g_100,ASTRID-DISCO,0.00000,0.00000,0.00000
20_gdl_1e-10_1,02,g_100,ASTRAL-DISCO,0.00000,0.00000,0.00000
20_gdl_1e-10_1,02,g_100,ASTRID-DISCOR,0.00000,0.00000,0.00000
20_gdl_1e-10_1,02,g_100,ASTRAL-DISCOR,0.00000,0.00000,0.00000
20_gdl_1e-10_1,02,g_100,ASTRID-DISCOR-lca,0.00000,0.00000,0.00000
20_gdl_1e-10_1,02,g_100,ASTRAL-DISCOR-lca,0.00000,0.00000,0.00000
20_gdl_1e-10_1,02,g_100,ASTRID-DISCOR-oracle,0.00000,0.00000,0.00000
20_gdl_1e-10_1,02,g_100,ASTRAL-DISCOR-oracle,0.00000,0.00000,0.00000
20_gdl_1e-10_1,02,g_100,ASTRID-DISCOR-it2,0.00000,0.00000,0.00000
20_gdl_1e-10_1,02,g_100,ASTRAL-DISCOR-it2,0.00000,0.00000,0.00000
20_gdl_1e-10_1,02,g_50,ASTRAL-Pro2,0.00000,0.00000,0.00000
20_gdl_1e-10_1,02,g_50,ASTRID-DISCO,0.00000,0.00000,0.00000
20_gdl_1e-10_1,02,g_50,ASTRAL-DISCO,0.00000,0.00000,0.00000
20_gdl_1e-10_1,02,g_50,ASTRID-DISCOR,0.00000,0.00000,0.00000
20_gdl_1e-10_1,02,g_50,ASTRAL-DISCOR,0.00000,0.00000,0.00000
20_gdl_1e-10_1,02,g_50,ASTRID-DISCOR-lca,0.00000,0.00000,0.00000
20_gdl_1e-10_1,02,g_50,ASTRAL-DISCOR-lca,0.00000,0.00000,0.00000
20_gdl_1e-10_1,02,g_50,ASTRID-DISCOR-oracle,0.00000,0.00000,0.00000
20_gdl_1e-10_1,02,g_50,ASTRAL-DISCOR-oracle,0.00000,0.00000,0.00000
20_gdl_1e-10_1,02,g_50,ASTRID-DISCOR-it2,0.00000,0.00000,0.00000
20_gdl_1e-10_1,02,g_50,ASTRAL-DISCOR-it2,0.00000,0.00000,0.00000
20_gdl_1e-10_1,02,g_true,ASTRAL-Pro2,0.00000,0.00000,0.00000
20_gdl_1e-10_1,02,g_true,ASTRID-DISCO,0.00000,0.00000,0.00000
20_gdl_1e-10_1,02,g_true,ASTRAL-DISCO,0.00000,0.00000,0.00000
20_gdl_1e-10_1,02,g_true,ASTRID-DISCOR,0.00000,0.00000,0.00000
20_gdl_1e-10_1,02,g_true,ASTRAL-DISCOR,0.00000,0.00000,0.00000
20_gdl_1e-10_1,02,g_true,ASTRID-DISCOR-lca,0.00000,0.00000,0.00000
20_gdl_1e-10_1,02,g_true,ASTRAL-DISCOR-lca,0.00000,0.00000,0.00000
20_gdl_1e-10_1,02,g_true,ASTRID-DISCOR-oracle,0.00000,0.00000,0.00000
20_gdl_1e-10_1,02,g_true,ASTRAL-DISCOR-oracle,0.00000,0.00000,0.00000
20_gdl_1e-10_1,02,g_true,ASTRID-DISCOR-it2,0.00000,0.00000,0.00000
20_gdl_1e-10_1,02,g_true,ASTRAL-DISCOR-it2,0.00000,0.00000,0.00000
20_gdl_1e-10_1,03,g_100,ASTRAL-Pro2,0.00000,0.00000,0.00000
20_gdl_1e-10_1,03,g_100,ASTRID-DISCO,0.00000,0.00000,0.00000
20_gdl_1e-10_1,03,g_100,ASTRAL-DISCO,0.00000,0.00000,0.00000
20_gdl_1e-10_1,03,g_100,ASTRID-DISCOR,0.00000,0.00000,0.00000
20_gdl_1e-10_1,03,g_100,ASTRAL-DISCOR,0.00000,0.00000,0.00000
20_gdl_1e-10_1,03,g_100,ASTRID-DISCOR-lca,0.00000,0.00000,0.00000
20_gdl_1e-10_1,03,g_100,ASTRAL-DISCOR-lca,0.00000,0.00000,0.00000
20_gdl_1e-10_1,03,g_100,ASTRID-DISCOR-oracle,0.00000,0.00000,0.00000
20_gdl_1e-10_1,03,g_100,ASTRAL-DISCOR-oracle,0.00000,0.00000,0.00000
20_gdl_1e-10_1,03,g_100,ASTRID-DISCOR-it2,0.00000,0.00000,0.00000
20_gdl_1e-10_1,03,g_100,ASTRAL-DISCOR-it2,0.00000,0.00000,0.00000
20_gdl_1e-10_1,03,g_50,ASTRAL-Pro2,0.05556,0.05556,0.05556
20_gdl_1e-10_1,03,g_50,ASTRID-DISCO,0.00000,0.00000,0.00000
20_gdl_1e-10_1,03,g_50,ASTRAL-DISCO,0.05556,0.05556,0.05556
20_gdl_1e-10_1,03,g_50,ASTRID-DISCOR,0.00000,0.00000,0.00000
20_gdl_1e-10_1,03,g_50,ASTRAL-DISCOR,0.05556,0.05556,0.05556
20_gdl_1e-10_1,03,g_50,ASTRID-DISCOR-lca,0.05556,0.05556,0.05556
20_gdl_1e-10_1,03,g_50,ASTRAL-DISCOR-lca,0.05556,0.05556,0.05556
20_gdl_1e-10_1,03,g_50,ASTRID-DISCOR-oracle,0.00000,0.00000,0.00000
20_gdl_1e-10_1,03,g_50,ASTRAL-DISCOR-oracle,0.05556,0.05556,0.05556
20_gdl_1e-10_1,03,g_50,ASTRID-DISCOR-it2,0.00000,0.00000,0.00000
20_gdl_1e-10_1,03,g_50,ASTRAL-DISCOR-it2,0.05556,0.05556,0.05556
20_gdl_1e-10_1,03,g_true,ASTRAL-Pro2,0.00000,0.00000,0.00000
20_gdl_1e-10_1,03,g_true,ASTRID-DISCO,0.00000,0.00000,0.00000
20_gdl_1e-10_1,03,g_true,ASTRAL-DISCO,0.00000,0.00000,0.00000
20_gdl_1e-10_1,03,g_true,ASTRID-DISCOR,0.00000,0.00000,0.00000
20_gdl_1e-10_1,03,g_true,ASTRAL-DISCOR,0.00000,0.00000,0.00000
20_gdl_1e-10_1,03,g_true,ASTRID-DISCOR-lca,0.00000,0.00000,0.00000
20_gdl_1e-10_1,03,g_true,ASTRAL-DISCOR-lca,0.00000,0.00000,0.00000
20_gdl_1e-10_1,03,g_true,ASTRID-DISCOR-oracle,0.00000,0.00000,0.00000
20_gdl_1e-10_1,03,g_true,ASTRAL-DISCOR-oracle,0.00000,0.00000,0.00000
20_gdl_1e-10_1,03,g_true,ASTRID-DISCOR-it2,0.00000,0.00000,0.00000
20_gdl_1e-10_1,03,g_true,ASTRAL-DISCOR-it2,0.00000,0.00000,0.00000
20_gdl_1e-10_1,04,g_100,ASTRAL-Pro2,0.00000,0.00000,0.00000
20_gdl_1e-10_1,04,g_100,ASTRID-DISCO,0.00000,0.00000,0.00000
20_gdl_1e-10_1,04,g_100,ASTRAL-DISCO,0.00000,0.00000,0.00000
20_gdl_1e-10_1,04,g_100,ASTRID-DISCOR,0.00000,0.00000,0.00000
20_gdl_1e-10_1,04,g_100,ASTRAL-DISCOR,0.00000,0.00000,0.00000
20_gdl_1e-10_1,04,g_100,ASTRID-DISCOR-lca,0.00000,0.00000,0.00000
20_gdl_1e-10_1,04,g_100,ASTRAL-DISCOR-lca,0.00000,0.00000,0.00000
20_gdl_1e-10_1,04,g_100,ASTRID-DISCOR-oracle,0.00000,0.00000,0.00000
20_gdl_1e-10_1,04,g_100,ASTRAL-DISCOR-oracle,0.00000,0.00000,0.00000
20_gdl_1e-10_1,04,g_100,ASTRID-DISCOR-it2,0.00000,0.00000,0.00000
20_gdl_1e-10_1,04,g_100,ASTRAL-DISCOR-it2,0.00000,0.00000,0.00000
20_gdl_1e-10_1,04,g_50,ASTRAL-Pro2,0.00000,0.00000,0.00000
20_gdl_1e-10_1,04,g_50,ASTRID-DISCO,0.00000,0.00000,0.00000
20_gdl_1e-10_1,04,g_50,ASTRAL-DISCO,0.00000,0.00000,0.00000
20_gdl_1e-10_1,04,g_50,ASTRID-DISCOR,0.00000,0.00000,0.00000
20_gdl_1e-10_1,04,g_50,ASTRAL-DISCOR,0.00000,0.00000,0.00000
20_gdl_1e-10_1,04,g_50,ASTRID-DISCOR-lca,0.00000,0.00000,0.00000
20_gdl_1e-10_1,04,g_50,ASTRAL-DISCOR-lca,0.00000,0.00000,0.00000
20_gdl_1e-10_1,04,g_50,ASTRID-DISCOR-oracle,0.00000,0.00000,0.00000
20_gdl_1e-10_1,04,g_50,ASTRAL-DISCOR-oracle,0.00000,0.00000,0.00000
20_gdl_1e-10_1,04,g_50,ASTRID-DISCOR-it2,0.00000,0.00000,0.00000
20_gdl_1e-10_1,04,g_50,ASTRAL-DISCOR-it2,0.00000,0.00000,0.00000
20_gdl_1e-10_1,04,g_true,ASTRAL-Pro2,0.00000,0.00000,0.00000
20_gdl_1e-10_1,04,g_true,ASTRID-DISCO,0.00000,0.00000,0.00000
20_gdl_1e-10_1,04,g_true,ASTRAL-DISCO,0.00000,0.00000,0.00000
20_gdl_1e-10_1,04,g_true,ASTRID-DISCOR,0.00000,0.00000,0.00000
20_gdl_1e-10_1,04,g_true,ASTRAL-DISCOR,0.00000,0.00000,0.00000
20_gdl_1e-10_1,04,g_true,ASTRID-DISCOR-lca,0.00000,0.00000,0.00000
20_gdl_1e-10_1,04,g_true,ASTRAL-DISCOR-lca,0.00000,0.00000,0.00000
20_gdl_1e-10_1,04,g_true,ASTRID-DISCOR-oracle,0.00000,0.00000,0.00000
20_gdl_1e-10_1,04,g_true,ASTRAL-DISCOR-oracle,0.00000,0.00000,0.00000
20_gdl_1e-10_1,04,g_true,ASTRID-DISCOR-it2,0.00000,0.00000,0.00000
20_gdl_1e-10_1,04,g_true,ASTRAL-DISCOR-it2,0.00000,0.00000,0.00000
20_gdl_1e-10_1,05,g_100,ASTRAL-Pro2,0.05556,0.05556,0.05556
20_gdl_1e-10_1,05,g_100,ASTRID-DISCO,0.05556,0.05556,0.05556
20_gdl_1e-10_1,05,g_100,ASTRAL-DISCO,0.05556,0.05556,0.05556
20_gdl_1e-10_1,05,g_100,ASTRID-DISCOR,0.05556,0.05556,0.05556
20_gdl_1e-10_1,05,g_100,ASTRAL-DISCOR,0.05556,0.05556,0.05556
20_gdl_1e-10_1,05,g_100,ASTRID-DISCOR-lca,0.05556,0.05556,0.05556
20_gdl_1e-10_1,05,g_100,ASTRAL-DISCOR-lca,0.05556,0.05556,0.05556
20_gdl_1e-10_1,05,g_100,ASTRID-DISCOR-oracle,0.05556,0.05556,0.05556
20_gdl_1e-10_1,05,g_100,ASTRAL-DISCOR-oracle,0.05556,0.05556,0.05556
20_gdl_1e-10_1,05,g_100,ASTRID-DISCOR-it2,0.05556,0.05556,0.05556
20_gdl_1e-10_1,05,g_100,ASTRAL-DISCOR-it2,0.05556,0.05556,0.05556
20_gdl_1e-10_1,05,g_50,ASTRAL-Pro2,0.05556,0.05556,0.05556
20_gdl_1e-10_1,05,g_50,ASTRID-DISCO,0.00000,0.00000,0.00000
20_gdl_1e-10_1,05,g_50,ASTRAL-DISCO,0.05556,0.05556,0.05556
20_gdl_1e-10_1,05,g_50,ASTRID-DISCOR,0.00000,0.00000,0.00000
20_gdl_1e-10_1,05,g_50,ASTRAL-DISCOR,0.00000,0.00000,0.00000
20_gdl_1e-10_1,05,g_50,ASTRID-DISCOR-lca,0.05556,0.05556,0.05556
20_gdl_1e-10_1,05,g_50,ASTRAL-DISCOR-lca,0.05556,0.05556,0.05556
20_gdl_1e-10_1,05,g_50,ASTRID-DISCOR-oracle,0.00000,0.00000,0.00000
20_gdl_1e-10_1,05,g_50,ASTRAL-DISCOR-oracle,0.00000,0.00000,0.00000
20_gdl_1e-10_1,05,g_50,ASTRID-DISCOR-it2,0.00000,0.00000,0.00000
20_gdl_1e-10_1,05,g_50,ASTRAL-DISCOR-it2,0.00000,0.00000,0.00000
20_gdl_1e-10_1,05,g_true,ASTRAL-Pro2,0.00000,0.00000,0.00000
20_gdl_1e-10_1,05,g_true,ASTRID-DISCO,0.00000,0.00000,0.00000
20_gdl_1e-10_1,05,g_true,ASTRAL-DISCO,0.00000,0.00000,0.00000
20_gdl_1e-10_1,05,g_true,ASTRID-DISCOR,0.00000,0.00000,0.00000
20_gdl_1e-10_1,05,g_true,ASTRAL-DISCOR,0.00000,0.00000,0.00000
20_gdl_1e-10_1,05,g_true,ASTRID-DISCOR-lca,0.00000,0.00000,0.00000
20_gdl_1e-10_1,05,g_true,ASTRAL-DISCOR-lca,0.00000,0.00000,0.00000
20_gdl_1e-10_1,05,g_true,ASTRID-DISCOR-oracle,0.00000,0.00000,0.00000
20_gdl_1e-10_1,05,g_true,ASTRAL-DISCOR-oracle,0.00000,0.00000,0.00000
20_gdl_1e-10_1,05,g_true,ASTRID-DISCOR-it2,0.00000,0.00000,0.00000
20_gdl_1e-10_1,05,g_true,ASTRAL-DISCOR-it2,0.00000,0.00000,0.00000
20_gdl_1e-10_1,06,g_100,ASTRAL-Pro2,0.05556,0.05556,0.05556
20_gdl_1e-10_1,06,g_100,ASTRID-DISCO,0.05556,0.05556,0.05556
20_gdl_1e-10_1,06,g_100,ASTRAL-DISCO,0.05556,0.05556,0.05556
20_gdl_1e-10_1,06,g_100,ASTRID-DISCOR,0.05556,0.05556,0.05556
20_gdl_1e-10_1,06,g_100,ASTRAL-DISCOR,0.05556,0.05556,0.05556
20_gdl_1e-10_1,06,g_100,ASTRID-DISCOR-lca,0.05556,0.05556,0.05556
20_gdl_1e-10_1,06,g_100,ASTRAL-DISCOR-lca,0.05556,0.05556,0.05556
20_gdl_1e-10_1,06,g_100,ASTRID-DISCOR-oracle,0.05556,0.05556,0.05556
20_gdl_1e-10_1,06,g_100,ASTRAL-DISCOR-oracle,0.05556,0.05556,0.05556
20_gdl_1e-10_1,06,g_100,ASTRID-DISCOR-it2,0.05556,0.05556,0.05556
20_gdl_1e-10_1,06,g_100,ASTRAL-DISCOR-it2,0.05556,0.05556,0.05556
20_gdl_1e-10_1,06,g_50,ASTRAL-Pro2,0.05556,0.05556,0.05556
20_gdl_1e-10_1,06,g_50,ASTRID-DISCO,0.05556,0.05556,0.05556
20_gdl_1e-10_1,06,g_50,ASTRAL-DISCO,0.05556,0.05556,0.05556
20_gdl_1e-10_1,06,g_50,ASTRID-DISCOR,0.05556,0.05556,0.05556
20_gdl_1e-10_1,06,g_50,ASTRAL-DISCOR,0.05556,0.05556,0.05556
20_gdl_1e-10_1,06,g_50,ASTRID-DISCOR-lca,0.05556,0.05556,0.05556
20_gdl_1e-10_1,06,g_50,ASTRAL-DISCOR-lca,0.05556,0.05556,0.05556
20_gdl_1e-10_1,06,g_50,ASTRID-DISCOR-oracle,0.05556,0.05556,0.05556
20_gdl_1e-10_1,06,g_50,ASTRAL-DISCOR-oracle,0.05556,0.05556,0.05556
20_gdl_1e-10_1,06,g_50,ASTRID-DISCOR-it2,0.05556,0.05556,0.05556
20_gdl_1e-10_1,06,g_50,ASTRAL-DISCOR-it2,0.05556,0.05556,0.05556
20_gdl_1e-10_1,07,g_100,ASTRAL-Pro2,0.05556,0.05556,0.05556
20_gdl_1e-10_1,07,g_100,ASTRID-DISCO,0.05556,0.05556,0.05556
20_gdl_1e-10_1,07,g_100,ASTRAL-DISCO,0.05556,0.05556,0.05556
20_gdl_1e-10_1,07,g_100,ASTRID-DISCOR,0.00000,0.00000,0.00000
20_gdl_1e-10_1,07,g_100,ASTRAL-DISCOR,0.05556,0.05556,0.05556
20_gdl_1e-10_1,07,g_100,ASTRID-DISCOR-lca,0.05556,0.05556,0.05556
20_gdl_1e-10_1,07,g_100,ASTRAL-DISCOR-lca,0.05556,0.05556,0.05556
20_gdl_1e-10_1,07,g_100,ASTRID-DISCOR-oracle,0.00000,0.00000,0.00000
20_gdl_1e-10_1,07,g_100,ASTRAL-DISCOR-oracle,0.05556,0.05556,0.05556
20_gdl_1e-10_1,07,g_100,ASTRID-DISCOR-it2,0.00000,0.00000,0.00000
20_gdl_1e-10_1,07,g_100,ASTRAL-DISCOR-it2,0.05556,0.05556,0.05556
20_gdl_1e-10_1,07,g_50,ASTRAL-Pro2,0.05556,0.05556,0.05556
20_gdl_1e-10_1,07,g_50,ASTRID-DISCO,0.05556,0.05556,0.05556
20_gdl_1e-10_1,07,g_50,ASTRAL-DISCO,0.05556,0.05556,0.05556
20_gdl_1e-10_1,07,g_50,ASTRID-DISCOR,0.05556,0.05556,0.05556
20_gdl_1e-10_1,07,g_50,ASTRAL-DISCOR,0.05556,0.05556,0.05556
20_gdl_1e-10_1,07,g_50,ASTRID-DISCOR-lca,0.05556,0.05556,0.05556
20_gdl_1e-10_1,07,g_50,ASTRAL-DISCOR-lca,0.05556,0.05556,0.05556
20_gdl_1e-10_1,07,g_50,ASTRID-DISCOR-oracle,0.05556,0.05556,0.05556
20_gdl_1e-10_1,07,g_50,ASTRAL-DISCOR-oracle,0.05556,0.05556,0.05556
20_gdl_1e-10_1,07,g_50,ASTRID-DISCOR-it2,0.05556,0.05556,0.05556
20_gdl_1e-10_1,07,g_50,ASTRAL-DISCOR-it2,0.05556,0.05556,0.05556
20_gdl_1e-10_1,08,g_100,ASTRAL-Pro2,0.05556,0.05556,0.05556
20_gdl_1e-10_1,08,g_100,ASTRID-DISCO,0.05556,0.05556,0.05556
20_gdl_1e-10_1,08,g_100,ASTRAL-DISCO,0.05556,0.05556,0.05556
20_gdl_1e-10_1,08,g_100,ASTRID-DISCOR,0.05556,0.05556,0.05556
20_gdl_1e-10_1,08,g_100,ASTRAL-DISCOR,0.05556,0.05556,0.05556
20_gdl_1e-10_1,08,g_100,ASTRID-DISCOR-lca,0.05556,0.05556,0.05556
20_gdl_1e-10_1,08,g_100,ASTRAL-DISCOR-lca,0.05556,0.05556,0.05556
20_gdl_1e-10_1,08,g_100,ASTRID-DISCOR-oracle,0.05556,0.05556,0.05556
20_gdl_1e-10_1,08,g_100,ASTRAL-DISCOR-oracle,0.05556,0.05556,0.05556
20_gdl_1e-10_1,08,g_100,ASTRID-DISCOR-it2,0.05556,0.05556,0.05556
20_gdl_1e-10_1,08,g_100,ASTRAL-DISCOR-it2,0.05556,0.05556,0.05556
20_gdl_1e-10_1,08,g_50,ASTRAL-Pro2,0.05556,0.05556,0.05556
20_gdl_1e-10_1,08,g_50,ASTRID-DISCO,0.05556,0.05556,0.05556
20_gdl_1e-10_1,08,g_50,ASTRAL-DISCO,0.05556,0.05556,0.05556
20_gdl_1e-10_1,08,g_50,ASTRID-DISCOR,0.05556,0.05556,0.05556
20_gdl_1e-10_1,08,g_50,ASTRAL-DISCOR,0.05556,0.05556,0.05556
20_gdl_1e-10_1,08,g_50,ASTRID-DISCOR-lca,0.05556,0.05556,0.05556
20_gdl_1e-10_1,08,g_50,ASTRAL-DISCOR-lca,0.05556,0.05556,0.05556
20_gdl_1e-10_1,08,g_50,ASTRID-DISCOR-oracle,0.05556,0.05556,0.05556
20_gdl_1e-10_1,08,g_50,ASTRAL-DISCOR-oracle,0.05556,0.05556,0.05556
20_gdl_1e-10_1,08,g_50,ASTRID-DISCOR-it2,0.05556,0.05556,0.05556
20_gdl_1e-10_1,08,g_50,ASTRAL-DISCOR-it2,0.05556,0.05556,0.05556
20_gdl_1e-10_1,09,g_100,ASTRAL-Pro2,0.05556,0.05556,0.05556
20_gdl_1e-10_1,09,g_100,ASTRID-DISCO,0.05556,0.05556,0.05556
20_gdl_1e-10_1,09,g_100,ASTRAL-DISCO,0.05556,0.05556,0.05556
20_gdl_1e-10_1,09,g_100,ASTRID-DISCOR,0.05556,0.05556,0.05556
20_gdl_1e-10_1,09,g_100,ASTRAL-DISCOR,0.05556,0.05556,0.05556
20_gdl_1e-10_1,09,g_100,ASTRID-DISCOR-lca,0.05556,0.05556,0.05556
20_gdl_1e-10_1,09,g_100,ASTRAL-DISCOR-lca,0.05556,0.05556,0.05556
20_gdl_1e-10_1,09,g_100,ASTRID-DISCOR-oracle,0.05556,0.05556,0.05556
20_gdl_1e-10_1,09,g_100,ASTRAL-DISCOR-oracle,0.05556,0.05556,0.05556
20_gdl_1e-10_1,09,g_100,ASTRID-DISCOR-it2,0.05556,0.05556,0.05556
20_gdl_1e-10_1,09,g_100,ASTRAL-DISCOR-it2,0.05556,0.05556,0.05556
20_gdl_1e-10_1,09,g_50,ASTRAL-Pro2,0.05556,0.05556,0.05556
20_gdl_1e-10_1,09,g_50,ASTRID-DISCO,0.05556,0.05556,0.05556
20_gdl_1e-10_1,09,g_50,ASTRAL-DISCO,0.05556,0.05556,0.05556
20_gdl_1e-10_1,09,g_50,ASTRID-DISCOR,0.05556,0.05556,0.05556
20_gdl_1e-10_1,09,g_50,ASTRAL-DISCOR,0.05556,0.05556,0.05556
20_gdl_1e-10_1,09,g_50,ASTRID-DISCOR-lca,0.05556,0.05556,0.05556
20_gdl_1e-10_1,09,g_50,ASTRAL-DISCOR-lca,0.05556,0.05556,0.05556
20_gdl_1e-10_1,09,g_50,ASTRID-DISCOR-oracle,0.05556,0.05556,0.05556
20_gdl_1e-10_1,09,g_50,ASTRAL-DISCOR-oracle,0.05556,0.05556,0.05556
20_gdl_1e-10_1,09,g_50,ASTRID-DISCOR-it2,0.05556,0.05556,0.05556
20_gdl_1e-10_1,09,g_50,ASTRAL-DISCOR-it2,0.05556,0.05556,0.05556
20_gdl_1e-10_1,10,g_100,ASTRAL-Pro2,0.05556,0.05556,0.05556
20_gdl_1e-10_1,10,g_100,ASTRID-DISCO,0.05556,0.05556,0.05556
20_gdl_1e-10_1,10,g_100,ASTRAL-DISCO,0.05556,0.05556,0.05556
20_gdl_1e-10_1,10,g_100,ASTRID-DISCOR,0.05556,0.05556,0.05556
20_gdl_1e-10_1,10,g_100,ASTRAL-DISCOR,0.05556,0.05556,0.05556
20_gdl_1e-10_1,10,g_100,ASTRID-DISCOR-lca,0.05556,0.05556,0.05556
20_gdl_1e-10_1,10,g_100,ASTRAL-DISCOR-lca,0.05556,0.05556,0.05556
20_gdl_1e-10_1,10,g_100,ASTRID-DISCOR-oracle,0.05556,0.05556,0.05556
20_gdl_1e-10_1,10,g_100,ASTRAL-DISCOR-oracle,0.05556,0.05556,0.05556
20_gdl_1e-10_1,10,g_100,ASTRID-DISCOR-it2,0.05556,0.05556,0.05556
20_gdl_1e-10_1,10,g_100,ASTRAL-DISCOR-it2,0.05556,0.05556,0.05556
20_gdl_1e-10_1,10,g_50,ASTRAL-Pro2,0.05556,0.05556,0.05556
20_gdl_1e-10_1,10,g_50,ASTRID-DISCO,0.05556,0.05556,0.05556
20_gdl_1e-10_1,10,g_50,ASTRAL-DISCO,0.05556,0.05556,0.05556
20_gdl_1e-10_1,10,g_50,ASTRID-DISCOR,0.05556,0.05556,0.05556
20_gdl_1e-10_1,10,g_50,ASTRAL-DISCOR,0.05556,0.05556,0.05556
20_gdl_1e-10_1,10,g_50,ASTRID-DISCOR-lca,0.05556,0.05556,0.05556
20_gdl_1e-10_1,10,g_50,ASTRAL-DISCOR-lca,0.05556,0.05556,0.05556
20_gdl_1e-10_1,10,g_50,ASTRID-DISCOR-oracle,0.05556,0.05556,0.05556
20_gdl_1e-10_1,10,g_50,ASTRAL-DISCOR-oracle,0.05556,0.05556,0.05556
20_gdl_1e-10_1,10,g_50,ASTRID-DISCOR-it2,0.05556,0.05556,0.05556
20_gdl_1e-10_1,10,g_50,ASTRAL-DISCOR-it2,0.05556,0.05556,0.05556
20_gdl_1e-10_1_hILS,01,g_100,ASTRAL-Pro2,0.11111,0.11111,0.11111
20_gdl_1e-10_1_hILS,01,g_100,ASTRID-DISCO,0.05556,0.05556,0.05556
20_gdl_1e-10_1_hILS,01,g_100,ASTRAL-DISCO,0.16667,0.16667,0.16667
20_gdl_1e-10_1_hILS,01,g_100,ASTRID-DISCOR,0.05556,0.05556,0.05556
20_gdl_1e-10_1_hILS,01,g_100,ASTRAL-DISCOR,0.16667,0.16667,0.16667
20_gdl_1e-10_1_hILS,01,g_100,ASTRID-DISCOR-lca,0.11111,0.11111,0.11111
20_gdl_1e-10_1_hILS,01,g_100,ASTRAL-DISCOR-lca,0.11111,0.11111,0.11111
20_gdl_1e-10_1_hILS,01,g_100,ASTRID-DISCOR-oracle,0.05556,0.05556,0.05556
20_gdl_1e-10_1_hILS,01,g_100,ASTRAL-DISCOR-oracle,0.16667,0.16667,0.16667
20_gdl_1e-10_1_hILS,01,g_100,ASTRID-DISCOR-it2,0.05556,0.05556,0.05556
20_gdl_1e-10_1_hILS,01,g_100,ASTRAL-DISCOR-it2,0.16667,0.16667,0.16667
20_gdl_1e-10_1_hILS,01,g_50,ASTRAL-Pro2,0.22222,0.22222,0.22222
20_gdl_1e-10_1_hILS,01,g_50,ASTRID-DISCO,0.11111,0.11111,0.11111
20_gdl_1e-10_1_hILS,01,g_50,ASTRAL-DISCO,0.16667,0.16667,0.16667
20_gdl_1e-10_1_hILS,01,g_50,ASTRID-DISCOR,0.11111,0.11111,0.11111
20_gdl_1e-10_1_hILS,01,g_50,ASTRAL-DISCOR,0.11111,0.11111,0.11111
20_gdl_1e-10_1_hILS,01,g_50,ASTRID-DISCOR-lca,0.22222,0.22222,0.22222
20_gdl_1e-10_1_hILS,01,g_50,ASTRAL-DISCOR-lca,0.22222,0.22222,0.22222
20_gdl_1e-10_1_hILS,01,g_50,ASTRID-DISCOR-oracle,0.11111,0.11111,0.11111
20_gdl_1e-10_1_hILS,01,g_50,ASTRAL-DISCOR-oracle,0.11111,0.11111,0.11111
20_gdl_1e-10_1_hILS,01,g_50,ASTRID-DISCOR-it2,0.11111,0.11111,0.11111
20_gdl_1e-10_1_hILS,01,g_50,ASTRAL-DISCOR-it2,0.11111,0.11111,0.11111
20_gdl_1e-10_1_hILS,01,g_true,ASTRAL-Pro2,0.00000,0.00000,0.00000
20_gdl_1e-10_1_hILS,01,g_true,ASTRID-DISCO,0.00000,0.00000,0.00000
20_gdl_1e-10_1_hILS,01,g_true,ASTRAL-DISCO,0.05556,0.05556,0.05556
20_gdl_1e-10_1_hILS,01,g_true,ASTRID-DISCOR,0.00000,0.00000,0.00000
20_gdl_1e-10_1_hILS,01,g_true,ASTRAL-DISCOR,0.05556,0.05556,0.05556
20_gdl_1e-10_1_hILS,01,g_true,ASTRID-DISCOR-lca,0.00000,0.00000,0.00000
20_gdl_1e-10_1_hILS,01,g_true,ASTRAL-DISCOR-lca,0.00000,0.00000,0.00000
20_gdl_1e-10_1_hILS,01,g_true,ASTRID-DISCOR-oracle,0.00000,0.00000,0.00000
20_gdl_1e-10_1_hILS,01,g_true,ASTRAL-DISCOR-oracle,0.05556,0.05556,0.05556
20_gdl_1e-10_1_hILS,01,g_true,ASTRID-DISCOR-it2,0.00000,0.00000,0.00000
20_gdl_1e-10_1_hILS,01,g_true,ASTRAL-DISCOR-it2,0.05556,0.05556,0.05556
20_gdl_1e-10_1_hILS,02,g_100,ASTRAL-Pro2,0.11111,0.11111,0.11111
20_gdl_1e-10_1_hILS,02,g_100,ASTRID-DISCO,0.11111,0.11111,0.11111
20_gdl_1e-10_1_hILS,02,g_100,ASTRAL-DISCO,0.11111,0.11111,0.11111
20_gdl_1e-10_1_hILS,02,g_100,ASTRID-DISCOR,0.11111,0.11111,0.11111
20_gdl_1e-10_1_hILS,02,g_100,ASTRAL-DISCOR,0.16667,0.16667,0.16667
20_gdl_1e-10_1_hILS,02,g_100,ASTRID-DISCOR-lca,0.11111,0.11111,0.11111
20_gdl_1e-10_1_hILS,02,g_100,ASTRAL-DISCOR-lca,0.11111,0.11111,0.11111
20_gdl_1e-10_1_hILS,02,g_100,ASTRID-DISCOR-oracle,0.11111,0.11111,0.11111
20_gdl_1e-10_1_hILS,02,g_100,ASTRAL-DISCOR-oracle,0.16667,0.16667,0.16667
20_gdl_1e-10_1_hILS,02,g_100,ASTRID-DISCOR-it2,0.11111,0.11111,0.11111
20_gdl_1e-10_1_hILS,02,g_100,ASTRAL-DISCOR-it2,0.16667,0.16667,0.16667
20_gdl_1e-10_1_hILS,02,g_50,ASTRAL-Pro2,0.16667,0.16667,0.16667
20_gdl_1e-10_1_hILS,02,g_50,ASTRID-DISCO,0.11111,0.11111,0.11111
20_gdl_1e-10_1_hILS,02,g_50,ASTRAL-DISCO,0.16667,0.16667,0.16667
20_gdl_1e-10_1_hILS,02,g_50,ASTRID-DISCOR,0.16667,0.16667,0.16667
20_gdl_1e-10_1_hILS,02,g_50,ASTRAL-DISCOR,0.16667,0.16667,0.16667
20_gdl_1e-10_1_hILS,02,g_50,ASTRID-DISCOR-lca,0.16667,0.16667,0.16667
20_gdl_1e-10_1_hILS,02,g_50,ASTRAL-DISCOR-lca,0.16667,0.16667,0.16667
20_gdl_1e-10_1_hILS,02,g_50,ASTRID-DISCOR-oracle,0.16667,0.16667,0.16667
20_gdl_1e-10_1_hILS,02,g_50,ASTRAL-DISCOR-oracle,0.16667,0.16667,0.16667
20_gdl_1e-10_1_hILS,02,g_50,ASTRID-DISCOR-it2,0.16667,0.16667,0.16667
20_gdl_1e-10_1_hILS,02,g_50,ASTRAL-DISCOR-it2,0.16667,0.16667,0.16667
20_gdl_1e-10_1_hILS,02,g_true,ASTRAL-Pro2,0.11111,0.11111,0.11111
20_gdl_1e-10_1_hILS,02,g_true,ASTRID-DISCO,0.11111,0.11111,0.11111
20_gdl_1e-10_1_hILS,02,g_true,ASTRAL-DISCO,0.11111,0.11111,0.11111
20_gdl_1e-10_1_hILS,02,g_true,ASTRID-DISCOR,0.05556,0.05556,0.05556
20_gdl_1e-10_1_hILS,02,g_true,ASTRAL-DISCOR,0.05556,0.05556,0.05556
20_gdl_1e-10_1_hILS,02,g_true,ASTRID-DISCOR-lca,0.11111,0.11111,0.11111
20_gdl_1e-10_1_hILS,02,g_true,ASTRAL-DISCOR-lca,0.11111,0.11111,0.11111
20_gdl_1e-10_1_hILS,02,g_true,ASTRID-DISCOR-oracle,0.05556,0.05556,0.05556
20_gdl_1e-10_1_hILS,02,g_true,ASTRAL-DISCOR-oracle,0.05556,0.05556,0.05556
20_gdl_1e-10_1_hILS,02,g_true,ASTRID-DISCOR-it2,0.05556,0.05556,0.05556
20_gdl_1e-10_1_hILS,02,g_true,ASTRAL-DISCOR-it2,0.05556,0.05556,0.05556
20_gdl_1e-10_1_hILS,03,g_100,ASTRAL-Pro2,0.16667,0.16667,0.16667
20_gdl_1e-10_1_hILS,03,g_100,ASTRID-DISCO,0.16667,0.16667,0.16667
20_gdl_1e-10_1_hILS,03,g_100,ASTRAL-DISCO,0.16667,0.16667,0.16667
20_gdl_1e-10_1_hILS,03,g_100,ASTRID-DISCOR,0.16667,0.16667,0.16667
20_gdl_1e-10_1_hILS,03,g_100,ASTRAL-DISCOR,0.16667,0.16667,0.16667
20_gdl_1e-10_1_hILS,03,g_100,ASTRID-DISCOR-lca,0.16667,0.16667,0.16667
20_gdl_1e-10_1_hILS,03,g_100,ASTRAL-DISCOR-lca,0.16667,0.16667,0.16667
20_gdl_1e-10_1_hILS,03,g_100,ASTRID-DISCOR-oracle,0.16667,0.16667,0.16667
20_gdl_1e-10_1_hILS,03,g_100,ASTRAL-DISCOR-oracle,0.16667,0.16667,0.16667
20_gdl_1e-10_1_hILS,03,g_100,ASTRID-DISCOR-it2,0.16667,0.16667,0.16667
20_gdl_1e-10_1_hILS,03,g_100,ASTRAL-DISCOR-it2,0.16667,0.16667,0.16667
20_gdl_1e-10_1_hILS,03,g_50,ASTRAL-Pro2,0.16667,0.16667,0.16667
20_gdl_1e-10_1_hILS,03,g_50,ASTRID-DISCO,0.16667,0.16667,0.16667
20_gdl_1e-10_1_hILS,03,g_50,ASTRAL-DISCO,0.16667,0.16667,0.16667
20_gdl_1e-10_1_hILS,03,g_50,ASTRID-DISCOR,0.16667,0.16667,0.16667
20_gdl_1e-10_1_hILS,03,g_50,ASTRAL-DISCOR,0.16667,0.16667,0.16667
20_gdl_1e-10_1_hILS,03,g_50,ASTRID-DISCOR-lca,0.16667,0.16667,0.16667
20_gdl_1e-10_1_hILS,03,g_50,ASTRAL-DISCOR-lca,0.16667,0.16667,0.16667
20_gdl_1e-10_1_hILS,03,g_50,ASTRID-DISCOR-oracle,0.16667,0.16667,0.16667
20_gdl_1e-10_1_hILS,03,g_50,ASTRAL-DISCOR-oracle,0.16667,0.16667,0.16667
20_gdl_1e-10_1_hILS,03,g_50,ASTRID-DISCOR-it2,0.16667,0.16667,0.16667
20_gdl_1e-10_1_hILS,03,g_50,ASTRAL-DISCOR-it2,0.16667,0.16667,0.16667
20_gdl_1e-10_1_hILS,03,g_true,ASTRAL-Pro2,0.11111,0.11111,0.11111
20_gdl_1e-10_1_hILS,03,g_true,ASTRID-DISCO,0.11111,0.11111,0.11111
20_gdl_1e-10_1_hILS,03,g_true,ASTRAL-DISCO,0.11111,0.11111,0.11111
20_gdl_1e-10_1_hILS,03,g_true,ASTRID-DISCOR,0.16667,0.16667,0.16667
20_gdl_1e-10_1_hILS,03,g_true,ASTRAL-DISCOR,0.11111,0.11111,0.11111
20_gdl_1e-10_1_hILS,03,g_true,ASTRID-DISCOR-lca,0.11111,0.11111,0.11111
20_gdl_1e-10_1_hILS,03,g_true,ASTRAL-DISCOR-lca,0.11111,0.11111,0.11111
20_gdl_1e-10_1_hILS,03,g_true,ASTRID-DISCOR-oracle,0.16667,0.16667,0.16667
20_gdl_1e-10_1_hILS,03,g_true,ASTRAL-DISCOR-oracle,0.11111,0.11111,0.11111
20_gdl_1e-10_1_hILS,03,g_true,ASTRID-DISCOR-it2,0.16667,0.16667,0.16667
20_gdl_1e-10_1_hILS,03,g_true,ASTRAL-DISCOR-it2,0.11111,0.11111,0.11111
20_gdl_1e-10_1_hILS,04,g_100,ASTRAL-Pro2,0.00000,0.00000,0.00000
20_gdl_1e-10_1_hILS,04,g_100,ASTRID-DISCO,0.00000,0.00000,0.00000
20_gdl_1e-10_1_hILS,04,g_100,ASTRAL-DISCO,0.00000,0.00000,0.00000
20_gdl_1e-10_1_hILS,04,g_100,ASTRID-DISCOR,0.05556,0.05556,0.05556
20_gdl_1e-10_1_hILS,04,g_100,ASTRAL-DISCOR,0.11111,0.11111,0.11111
20_gdl_1e-10_1_hILS,04,g_100,ASTRID-DISCOR-lca,0.00000,0.00000,0.00000
20_gdl_1e-10_1_hILS,04,g_100,ASTRAL-DISCOR-lca,0.00000,0.00000,0.00000
20_gdl_1e-10_1_hILS,04,g_100,ASTRID-DISCOR-oracle,0.05556,0.05556,0.05556
20_gdl_1e-10_1_hILS,04,g_100,ASTRAL-DISCOR-oracle,0.11111,0.11111,0.11111
20_gdl_1e-10_1_hILS,04,g_100,ASTRID-DISCOR-it2,0.00000,0.00000,0.00000
20_gdl_1e-10_1_hILS,04,g_100,ASTRAL-DISCOR-it2,0.11111,0.11111,0.11111
20_gdl_1e-10_1_hILS,04,g_50,ASTRAL-Pro2,0.00000,0.00000,0.00000
20_gdl_1e-10_1_hILS,04,g_50,ASTRID-DISCO,0.05556,0.05556,0.05556
20_gdl_1e-10_1_hILS,04,g_50,ASTRAL-DISCO,0.00000,0.00000,0.00000
20_gdl_1e-10_1_hILS,04,g_50,ASTRID-DISCOR,0.00000,0.00000,0.00000
20_gdl_1e-10_1_hILS,04,g_50,ASTRAL-DISCOR,0.00000,0.00000,0.00000
20_gdl_1e-10_1_hILS,04,g_50,ASTRID-DISCOR-lca,0.00000,0.00000,0.00000
20_gdl_1e-10_1_hILS,04,g_50,ASTRAL-DISCOR-lca,0.00000,0.00000,0.00000
20_gdl_1e-10_1_hILS,04,g_50,ASTRID-DISCOR-oracle,0.00000,0.00000,0.00000
20_gdl_1e-10_1_hILS,04,g_50,ASTRAL-DISCOR-oracle,0.00000,0.00000,0.00000
20_gdl_1e-10_1_hILS,04,g_50,ASTRID-DISCOR-it2,0.00000,0.00000,0.00000
20_gdl_1e-10_1_hILS,04,g_50,ASTRAL-DISCOR-it2,0.00000,0.00000,0.00000
20_gdl_1e-10_1_hILS,04,g_true,ASTRAL-Pro2,0.00000,0.00000,0.00000
20_gdl_1e-10_1_hILS,04,g_true,ASTRID-DISCO,0.00000,0.00000,0.00000
20_gdl_1e-10_1_hILS,04,g_true,ASTRAL-DISCO,0.00000,0.00000,0.00000
20_gdl_1e-10_1_hILS,04,g_true,ASTRID-DISCOR,0.00000,0.00000,0.00000
20_gdl_1e-10_1_hILS,04,g_true,ASTRAL-DISCOR,0.00000,0.00000,0.00000
20_gdl_1e-10_1_hILS,04,g_true,ASTRID-DISCOR-lca,0.00000,0.00000,0.00000
20_gdl_1e-10_1_hILS,04,g_true,ASTRAL-DISCOR-lca,0.00000,0.00000,0.00000
20_gdl_1e-10_1_hILS,04,g_true,ASTRID-DISCOR-oracle,0.00000,0.00000,0.00000
20_gdl_1e-10_1_hILS,04,g_true,ASTRAL-DISCOR-oracle,0.00000,0.00000,0.00000
20_gdl_1e-10_1_hILS,04,g_true,ASTRID-DISCOR-it2,0.00000,0.00000,0.00000
20_gdl_1e-10_1_hILS,04,g_true,ASTRAL-DISCOR-it2,0.00000,0.00000,0.00000
20_gdl_1e-10_1_hILS,05,g_100,ASTRAL-Pro2,0.11111,0.11111,0.11111
20_gdl_1e-10_1_hILS,05,g_100,ASTRID-DISCO,0.05556,0.05556,0.05556
20_gdl_1e-10_1_hILS,05,g_100,ASTRAL-DISCO,0.11111,0.11111,0.11111
20_gdl_1e-10_1_hILS,05,g_100,ASTRID-DISCOR,0.05556,0.05556,0.05556
20_gdl_1e-10_1_hILS,05,g_100,ASTRAL-DISCOR,0.05556,0.05556,0.05556
20_gdl_1e-10_1_hILS,05,g_100,ASTRID-DISCOR-lca,0.05556,0.05556,0.05556
20_gdl_1e-10_1_hILS,05,g_100,ASTRAL-DISCOR-lca,0.11111,0.11111,0.11111
20_gdl_1e-10_1_hILS,05,g_100,ASTRID-DISCOR-oracle,0.05556,0.05556,0.05556
20_gdl_1e-10_1_hILS,05,g_100,ASTRAL-DISCOR-oracle,0.05556,0.05556,0.05556
20_gdl_1e-10_1_hILS,05,g_100,ASTRID-DISCOR-it2,0.05556,0.05556,0.05556
20_gdl_1e-10_1_hILS,05,g_100,ASTRAL-DISCOR-it2,0.05556,0.05556,0.05556
20_gdl_1e-10_1_hILS,05,g_50,ASTRAL-Pro2,0.11111,0.11111,0.11111
20_gdl_1e-10_1_hILS,05,g_50,ASTRID-DISCO,0.05556,0.05556,0.05556
20_gdl_1e-10_1_hILS,05,g_50,ASTRAL-DISCO,0.11111,0.11111,0.11111
20_gdl_1e-10_1_hILS,05,g_50,ASTRID-DISCOR,0.11111,0.11111,0.11111
20_gdl_1e-10_1_hILS,05,g_50,ASTRAL-DISCOR,0.11111,0.11111,0.11111
20_gdl_1e-10_1_hILS,05,g_50,ASTRID-DISCOR-lca,0.11111,0.11111,0.11111
20_gdl_1e-10_1_hILS,05,g_50,ASTRAL-DISCOR-lca,0.11111,0.11111,0.11111
20_gdl_1e-10_1_hILS,05,g_50,ASTRID-DISCOR-oracle,0.11111,0.11111,0.11111
20_gdl_1e-10_1_hILS,05,g_50,ASTRAL-DISCOR-oracle,0.11111,0.11111,0.11111
20_gdl_1e-10_1_hILS,05,g_50,ASTRID-DISCOR-it2,0.11111,0.11111,0.11111
20_gdl_1e-10_1_hILS,05,g_50,ASTRAL-DISCOR-it2,0.11111,0.11111,0.11111
20_gdl_1e-10_1_hILS,05,g_true,ASTRAL-Pro2,0.00000,0.00000,0.00000
20_gdl_1e-10_1_hILS,05,g_true,ASTRID-DISCO,0.00000,0.00000,0.00000
20_gdl_1e-10_1_hILS,05,g_true,ASTRAL-DISCO,0.00000,0.00000,0.00000
20_gdl_1e-10_1_hILS,05,g_true,ASTRID-DISCOR,0.05556,0.05556,0.05556
20_gdl_1e-10_1_hILS,05,g_true,ASTRAL-DISCOR,0.05556,0.05556,0.05556
20_gdl_1e-10_1_hILS,05,g_true,ASTRID-DISCOR-lca,0.00000,0.00000,0.00000
20_gdl_1e-10_1_hILS,05,g_true,ASTRAL-DISCOR-lca,0.00000,0.00000,0.00000
20_gdl_1e-10_1_hILS,05,g_true,ASTRID-DISCOR-oracle,0.05556,0.05556,0.05556
20_gdl_1e-10_1_hILS,05,g_true,ASTRAL-DISCOR-oracle,0.05556,0.05556,0.05556
20_gdl_1e-10_1_hILS,05,g_true,ASTRID-DISCOR-it2,0.05556,0.05556,0.05556
20_gdl_1e-10_1_hILS,05,g_true,ASTRAL-DISCOR-it2,0.05556,0.05556,0.05556
20_gdl_1e-10_1_hILS,06,g_100,ASTRAL-Pro2,0.05556,0.05556,0.05556
20_gdl_1e-10_1_hILS,06,g_100,ASTRID-DISCO,0.05556,0.05556,0.05556
20_gdl_1e-10_1_hILS,06,g_100,ASTRAL-DISCO,0.00000,0.00000,0.00000
20_gdl_1e-10_1_hILS,06,g_100,ASTRID-DISCOR,0.05556,0.05556,0.05556
20_gdl_1e-10_1_hILS,06,g_100,ASTRAL-DISCOR,0.00000,0.00000,0.00000
20_gdl_1e-10_1_hILS,06,g_100,ASTRID-DISCOR-lca,0.05556,0.05556,0.05556
20_gdl_1e-10_1_hILS,06,g_100,ASTRAL-DISCOR-lca,0.05556,0.05556,0.05556
20_gdl_1e-10_1_hILS,06,g_100,ASTRID-DISCOR-oracle,0.05556,0.05556,0.05556
20_gdl_1e-10_1_hILS,06,g_100,ASTRAL-DISCOR-oracle,0.00000,0.00000,0.00000
20_gdl_1e-10_1_hILS,06,g_100,ASTRID-DISCOR-it2,0.05556,0.05556,0.05556
20_gdl_1e-10_1_hILS,06,g_100,ASTRAL-DISCOR-it2,0.00000,0.00000,0.00000
20_gdl_1e-10_1_hILS,06,g_50,ASTRAL-Pro2,0.11111,0.11111,0.11111
20_gdl_1e-10_1_hILS,06,g_50,ASTRID-DISCO,0.00000,0.00000,0.00000
20_gdl_1e-10_1_hILS,06,g_50,ASTRAL-DISCO,0.11111,0.11111,0.11111
20_gdl_1e-10_1_hILS,06,g_50,ASTRID-DISCOR,0.05556,0.05556,0.05556
20_gdl_1e-10_1_hILS,06,g_50,ASTRAL-DISCOR,0.11111,0.11111,0.11111
20_gdl_1e-10_1_hILS,06,g_50,ASTRID-DISCOR-lca,0.11111,0.11111,0.11111
20_gdl_1e-10_1_hILS,06,g_50,ASTRAL-DISCOR-lca,0.11111,0.11111,0.11111
20_gdl_1e-10_1_hILS,06,g_50,ASTRID-DISCOR-oracle,0.05556,0.05556,0.05556
20_gdl_1e-10_1_hILS,06,g_50,ASTRAL-DISCOR-oracle,0.11111,0.11111,0.11111
20_gdl_1e-10_1_hILS,06,g_50,ASTRID-DISCOR-it2,0.05556,0.05556,0.05556
20_gdl_1e-10_1_hILS,06,g_50,ASTRAL-DISCOR-it2,0.11111,0.11111,0.11111
20_gdl_1e-10_1_hILS,07,g_100,ASTRAL-Pro2,0.00000,0.00000,0.00000
20_gdl_1e-10_1_hILS,07,g_100,ASTRID-DISCO,0.00000,0.00000,0.00000
20_gdl_1e-10_1_hILS,07,g_100,ASTRAL-DISCO,0.00000,0.00000,0.00000
20_gdl_1e-10_1_hILS,07,g_100,ASTRID-DISCOR,0.00000,0.00000,0.00000
20_gdl_1e-10_1_hILS,07,g_100,ASTRAL-DISCOR,0.00000,0.00000,0.00000
20_gdl_1e-10_1_hILS,07,g_100,ASTRID-DISCOR-lca,0.00000,0.00000,0.00000
20_gdl_1e-10_1_hILS,07,g_100,ASTRAL-DISCOR-lca,0.00000,0.00000,0.00000
20_gdl_1e-10_1_hILS,07,g_100,ASTRID-DISCOR-oracle,0.00000,0.00000,0.00000
20_gdl_1e-10_1_hILS,07,g_100,ASTRAL-DISCOR-oracle,0.00000,0.00000,0.00000
20_gdl_1e-10_1_hILS,07,g_100,ASTRID-DISCOR-it2,0.00000,0.00000,0.00000
20_gdl_1e-10_1_hILS,07,g_100,ASTRAL-DISCOR-it2,0.00000,0.00000,0.00000
20_gdl_1e-10_1_hILS,07,g_50,ASTRAL-Pro2,0.00000,0.00000,0.00000
20_gdl_1e-10_1_hILS,07,g_50,ASTRID-DISCO,0.00000,0.00000,0.00000
20_gdl_1e-10_1_hILS,07,g_50,ASTRAL-DISCO,0.00000,0.00000,0.00000
20_gdl_1e-10_1_hILS,07,g_50,ASTRID-DISCOR,0.00000,0.00000,0.00000
20_gdl_1e-10_1_hILS,07,g_50,ASTRAL-DISCOR,0.00000,0.00000,0.00000
20_gdl_1e-10_1_hILS,07,g_50,ASTRID-DISCOR-lca,0.00000,0.00000,0.00000
20_gdl_1e-10_1_hILS,07,g_50,ASTRAL-DISCOR-lca,0.00000,0.00000,0.00000
20_gdl_1e-10_1_hILS,07,g_50,ASTRID-DISCOR-oracle,0.00000,0.00000,0.00000
20_gdl_1e-10_1_hILS,07,g_50,ASTRAL-DISCOR-oracle,0.00000,0.00000,0.00000
20_gdl_1e-10_1_hILS,07,g_50,ASTRID-DISCOR-it2,0.00000,0.00000,0.00000
20_gdl_1e-10_1_hILS,07,g_50,ASTRAL-DISCOR-it2,0.00000,0.00000,0.00000
20_gdl_1e-10_1_hILS,08,g_100,ASTRAL-Pro2,0.05556,0.05556,0.05556
20_gdl_1e-10_1_hILS,08,g_100,ASTRID-DISCO,0.05556,0.05556,0.05556
20_gdl_1e-10_1_hILS,08,g_100,ASTRAL-DISCO,0.05556,0.05556,0.05556
20_gdl_1e-10_1_hILS,08,g_100,ASTRID-DISCOR,0.05556,0.05556,0.05556
20_gdl_1e-10_1_hILS,08,g_100,ASTRAL-DISCOR,0.05556,0.05556,0.05556
20_gdl_1e-10_1_hILS,08,g_100,ASTRID-DISCOR-lca,0.05556,0.05556,0.05556
20_gdl_1e-10_1_hILS,08,g_100,ASTRAL-DISCOR-lca,0.05556,0.05556,0.05556
20_gdl_1e-10_1_hILS,08,g_100,ASTRID-DISCOR-oracle,0.05556,0.05556,0.05556
20_gdl_1e-10_1_hILS,08,g_100,ASTRAL-DISCOR-oracle,0.05556,0.05556,0.05556
20_gdl_1e-10_1_hILS,08,g_100,ASTRID-DISCOR-it2,0.05556,0.05556,0.05556
20_gdl_1e-10_1_hILS,08,g_100,ASTRAL-DISCOR-it2,0.05556,0.05556,0.05556
20_gdl_1e-10_1_hILS,08,g_50,ASTRAL-Pro2,0.16667,0.16667,0.16667
20_gdl_1e-10_1_hILS,08,g_50,ASTRID-DISCO,0.11111,0.11111,0.11111
20_gdl_1e-10_1_hILS,08,g_50,ASTRAL-DISCO,0.16667,0.16667,0.16667
20_gdl_1e-10_1_hILS,08,g_50,ASTRID-DISCOR,0.11111,0.11111,0.11111
20_gdl_1e-10_1_hILS,08,g_50,ASTRAL-DISCOR,0.11111,0.11111,0.11111
20_gdl_1e-10_1_hILS,08,g_50,ASTRID-DISCOR-lca,0.16667,0.16667,0.16667
20_gdl_1e-10_1_hILS,08,g_50,ASTRAL-DISCOR-lca,0.16667,0.16667,0.16667
20_gdl_1e-10_1_hILS,08,g_50,ASTRID-DISCOR-oracle,0.11111,0.11111,0.11111
20_gdl_1e-10_1_hILS,08,g_50,ASTRAL-DISCOR-oracle,0.11111,0.11111,0.11111
20_gdl_1e-10_1_hILS,08,g_50,ASTRID-DISCOR-it2,0.11111,0.11111,0.11111
20_gdl_1e-10_1_hILS,08,g_50,ASTRAL-DISCOR-it2,0.11111,0.11111,0.11111
20_gdl_1e-10_1_hILS,09,g_100,ASTRAL-Pro2,0.11111,0.11111,0.11111
20_gdl_1e-10_1_hILS,09,g_100,ASTRID-DISCO,0.05556,0.05556,0.05556
20_gdl_1e-10_1_hILS,09,g_100,ASTRAL-DISCO,0.11111,0.11111,0.11111
20_gdl_1e-10_1_hILS,09,g_100,ASTRID-DISCOR,0.05556,0.05556,0.05556
20_gdl_1e-10_1_hILS,09,g_100,ASTRAL-DISCOR,0.11111,0.11111,0.11111
20_gdl_1e-10_1_hILS,09,g_100,ASTRID-DISCOR-lca,0.11111,0.11111,0.11111
20_gdl_1e-10_1_hILS,09,g_100,ASTRAL-DISCOR-lca,0.11111,0.11111,0.11111
20_gdl_1e-10_1_hILS,09,g_100,ASTRID-DISCOR-oracle,0.05556,0.05556,0.05556
20_gdl_1e-10_1_hILS,09,g_100,ASTRAL-DISCOR-oracle,0.11111,0.11111,0.11111
20_gdl_1e-10_1_hILS,09,g_100,ASTRID-DISCOR-it2,0.05556,0.05556,0.05556
20_gdl_1e-10_1_hILS,09,g_100,ASTRAL-DISCOR-it2,0.11111,0.11111,0.11111
20_gdl_1e-10_1_hILS,09,g_50,ASTRAL-Pro2,0.27778,0.27778,0.27778
20_gdl_1e-10_1_hILS,09,g_50,ASTRID-DISCO,0.16667,0.16667,0.16667
20_gdl_1e-10_1_hILS,09,g_50,ASTRAL-DISCO,0.22222,0.22222,0.22222
20_gdl_1e-10_1_hILS,09,g_50,ASTRID-DISCOR,0.16667,0.16667,0.16667
20_gdl_1e-10_1_hILS,09,g_50,ASTRAL-DISCOR,0.22222,0.22222,0.22222
20_gdl_1e-10_1_hILS,09,g_50,ASTRID-DISCOR-lca,0.27778,0.27778,0.27778
20_gdl_1e-10_1_hILS,09,g_50,ASTRAL-DISCOR-lca,0.27778,0.27778,0.27778
20_gdl_1e-10_1_hILS,09,g_50,ASTRID-DISCOR-oracle,0.16667,0.16667,0.16667
20_gdl_1e-10_1_hILS,09,g_50,ASTRAL-DISCOR-oracle,0.22222,0.22222,0.22222
20_gdl_1e-10_1_hILS,09,g_50,ASTRID-DISCOR-it2,0.16667,0.16667,0.16667
20_gdl_1e-10_1_hILS,09,g_50,ASTRAL-DISCOR-it2,0.22222,0.22222,0.22222
20_gdl_1e-10_1_hILS,10,g_100,ASTRAL-Pro2,0.05556,0.05556,0.05556
20_gdl_1e-10_1_hILS,10,g_100,ASTRID-DISCO,0.11111,0.11111,0.11111
20_gdl_1e-10_1_hILS,10,g_100,ASTRAL-DISCO,0.05556,0.05556,0.05556
20_gdl_1e-10_1_hILS,10,g_100,ASTRID-DISCOR,0.05556,0.05556,0.05556
20_gdl_1e-10_1_hILS,10,g_100,ASTRAL-DISCOR,0.05556,0.05556,0.05556
20_gdl_1e-10_1_hILS,10,g_100,ASTRID-DISCOR-lca,0.05556,0.05556,0.05556
20_gdl_1e-10_1_hILS,10,g_100,ASTRAL-DISCOR-lca,0.05556,0.05556,0.05556
20_gdl_1e-10_1_hILS,10,g_100,ASTRID-DISCOR-oracle,0.05556,0.05556,0.05556
20_gdl_1e-10_1_hILS,10,g_100,ASTRAL-DISCOR-oracle,0.05556,0.05556,0.05556
20_gdl_1e-10_1_hILS,10,g_100,ASTRID-DISCOR-it2,0.05556,0.05556,0.05556
20_gdl_1e-10_1_hILS,10,g_100,ASTRAL-DISCOR-it2,0.05556,0.05556,0.05556
20_gdl_1e-10_1_hILS,10,g_50,ASTRAL-Pro2,0.11111,0.11111,0.11111
20_gdl_1e-10_1_hILS,10,g_50,ASTRID-DISCO,0.11111,0.11111,0.11111
20_gdl_1e-10_1_hILS,10,g_50,ASTRAL-DISCO,0.11111,0.11111,0.11111
20_gdl_1e-10_1_hILS,10,g_50,ASTRID-DISCOR,0.11111,0.11111,0.11111
20_gdl_1e-10_1_hILS,10,g_50,ASTRAL-DISCOR,0.11111,0.11111,0.11111
20_gdl_1e-10_1_hILS,10,g_50,ASTRID-DISCOR-lca,0.11111,0.11111,0.11111
20_gdl_1e-10_1_hILS,10,g_50,ASTRAL-DISCOR-lca,0.11111,0.11111,0.11111
20_gdl_1e-10_1_hILS,10,g_50,ASTRID-DISCOR-oracle,0.11111,0.11111,0.11111
20_gdl_1e-10_1_hILS,10,g_50,ASTRAL-DISCOR-oracle,0.11111,0.11111,0.11111
20_gdl_1e-10_1_hILS,10,g_50,ASTRID-DISCOR-it2,0.11111,0.11111,0.11111
20_gdl_1e-10_1_hILS,10,g_50,ASTRAL-DISCOR-it2,0.11111,0.11111,0.11111
20_gdl_1e-9_0_hILS,02,g_100,ASTRAL-Pro2,0.05556,0.05556,0.05556
20_gdl_1e-9_0_hILS,02,g_100,ASTRID-DISCO,0.05556,0.05556,0.05556
20_gdl_1e-9_0_hILS,02,g_100,ASTRAL-DISCO,0.05556,0.05556,0.05556
20_gdl_1e-9_0_hILS,02,g_100,ASTRID-DISCOR,0.05556,0.05556,0.05556
20_gdl_1e-9_0_hILS,02,g_100,ASTRAL-DISCOR,0.05556,0.05556,0.05556
20_gdl_1e-9_0_hILS,02,g_100,ASTRID-DISCOR-lca,0.05556,0.05556,0.05556
20_gdl_1e-9_0_hILS,02,g_100,ASTRAL-DISCOR-lca,0.05556,0.05556,0.05556
20_gdl_1e-9_0_hILS,02,g_100,ASTRID-DISCOR-oracle,0.05556,0.05556,0.05556
20_gdl_1e-9_0_hILS,02,g_100,ASTRAL-DISCOR-oracle,0.05556,0.05556,0.05556
20_gdl_1e-9_0_hILS,02,g_100,ASTRID-DISCOR-it2,0.05556,0.05556,0.05556
20_gdl_1e-9_0_hILS,02,g_100,ASTRAL-DISCOR-it2,0.05556,0.05556,0.05556
20_gdl_1e-9_0_hILS,02,g_50,ASTRAL-Pro2,0.11111,0.11111,0.11111
20_gdl_1e-9_0_hILS,02,g_50,ASTRID-DISCO,0.05556,0.05556,0.05556
20_gdl_1e-9_0_hILS,02,g_50,ASTRAL-DISCO,0.05556,0.05556,0.05556
20_gdl_1e-9_0_hILS,02,g_50,ASTRID-DISCOR,0.05556,0.05556,0.05556
20_gdl_1e-9_0_hILS,02,g_50,ASTRAL-DISCOR,0.05556,0.05556,0.05556
20_gdl_1e-9_0_hILS,02,g_50,ASTRID-DISCOR-lca,0.11111,0.11111,0.11111
20_gdl_1e-9_0_hILS,02,g_50,ASTRAL-DISCOR-lca,0.11111,0.11111,0.11111
20_gdl_1e-9_0_hILS,02,g_50,ASTRID-DISCOR-oracle,0.05556,0.05556,0.05556
20_gdl_1e-9_0_hILS,02,g_50,ASTRAL-DISCOR-oracle,0.05556,0.05556,0.05556
20_gdl_1e-9_0_hILS,02,g_50,ASTRID-DISCOR-it2,0.05556,0.05556,0.05556
20_gdl_1e-9_0_hILS,02,g_50,ASTRAL-DISCOR-it2,0.05556,0.05556,0.05556
20_gdl_1e-9_0_hILS,02,g_true,ASTRAL-Pro2,0.00000,0.00000,0.00000
20_gdl_1e-9_0_hILS,02,g_true,ASTRID-DISCO,0.05556,0.05556,0.05556
20_gdl_1e-9_0_hILS,02,g_true,ASTRAL-DISCO,0.05556,0.05556,0.05556
20_gdl_1e-9_0_hILS,02,g_true,ASTRID-DISCOR,0.05556,0.05556,0.05556
20_gdl_1e-9_0_hILS,02,g_true,ASTRAL-DISCOR,0.00000,0.00000,0.00000
20_gdl_1e-9_0_hILS,02,g_true,ASTRID-DISCOR-lca,0.00000,0.00000,0.00000
20_gdl_1e-9_0_hILS,02,g_true,ASTRAL-DISCOR-lca,0.00000,0.00000,0.00000
20_gdl_1e-9_0_hILS,02,g_true,ASTRID-DISCOR-oracle,0.05556,0.05556,0.05556
20_gdl_1e-9_0_hILS,02,g_true,ASTRAL-DISCOR-oracle,0.00000,0.00000,0.00000
20_gdl_1e-9_0_hILS,02,g_true,ASTRID-DISCOR-it2,0.05556,0.05556,0.05556
20_gdl_1e-9_0_hILS,02,g_true,ASTRAL-DISCOR-it2,0.00000,0.00000,0.00000
20_gdl_1e-9_1,01,g_100,ASTRAL-Pro2,0.00000,0.00000,0.00000
20_gdl_1e-9_1,01,g_100,ASTRID-DISCO,0.00000,0.00000,0.00000
20_gdl_1e-9_1,01,g_100,ASTRAL-DISCO,0.00000,0.00000,0.00000
20_gdl_1e-9_1,01,g_100,ASTRID-DISCOR,0.05556,0.05556,0.05556
20_gdl_1e-9_1,01,g_100,ASTRAL-DISCOR,0.00000,0.00000,0.00000
20_gdl_1e-9_1,01,g_100,ASTRID-DISCOR-lca,0.00000,0.00000,0.00000
20_gdl_1e-9_1,01,g_100,ASTRAL-DISCOR-lca,0.00000,0.00000,0.00000
20_gdl_1e-9_1,01,g_100,ASTRID-DISCOR-oracle,0.05556,0.05556,0.05556
20_gdl_1e-9_1,01,g_100,ASTRAL-DISCOR-oracle,0.00000,0.00000,0.00000
20_gdl_1e-9_1,01,g_100,ASTRID-DISCOR-it2,0.05556,0.05556,0.05556
20_gdl_1e-9_1,01,g_100,ASTRAL-DISCOR-it2,0.00000,0.00000,0.00000
20_gdl_1e-9_1,01,g_50,ASTRAL-Pro2,0.11111,0.11111,0.11111
20_gdl_1e-9_1,01,g_50,ASTRID-DISCO,0.11111,0.11111,0.11111
20_gdl_1e-9_1,01,g_50,ASTRAL-DISCO,0.11111,0.11111,0.11111
20_gdl_1e-9_1,01,g_50,ASTRID-DISCOR,0.11111,0.11111,0.11111
20_gdl_1e-9_1,01,g_50,ASTRAL-DISCOR,0.11111,0.11111,0.11111
20_gdl_1e-9_1,01,g_50,ASTRID-DISCOR-lca,0.11111,0.11111,0.11111
20_gdl_1e-9_1,01,g_50,ASTRAL-DISCOR-lca,0.11111,0.11111,0.11111
20_gdl_1e-9_1,01,g_50,ASTRID-DISCOR-oracle,0.11111,0.11111,0.11111
20_gdl_1e-9_1,01,g_50,ASTRAL-DISCOR-oracle,0.11111,0.11111,0.11111
20_gdl_1e-9_1,01,g_50,ASTRID-DISCOR-it2,0.11111,0.11111,0.11111
20_gdl_1e-9_1,01,g_50,ASTRAL-DISCOR-it2,0.11111,0.11111,0.11111
20_gdl_1e-9_1,01,g_true,ASTRAL-Pro2,0.00000,0.00000,0.00000
20_gdl_1e-9_1,01,g_true,ASTRID-DISCO,0.00000,0.00000,0.00000
20_gdl_1e-9_1,01,g_true,ASTRAL-DISCO,0.00000,0.00000,0.00000
20_gdl_1e-9_1,01,g_true,ASTRID-DISCOR,0.00000,0.00000,0.00000
20_gdl_1e-9_1,01,g_true,ASTRAL-DISCOR,0.00000,0.00000,0.00000
20_gdl_1e-9_1,01,g_true,ASTRID-DISCOR-lca,0.00000,0.00000,0.00000
20_gdl_1e-9_1,01,g_true,ASTRAL-DISCOR-lca,0.00000,0.00000,0.00000
20_gdl_1e-9_1,01,g_true,ASTRID-DISCOR-oracle,0.00000,0.00000,0.00000
20_gdl_1e-9_1,01,g_true,ASTRAL-DISCOR-oracle,0.00000,0.00000,0.00000
20_gdl_1e-9_1,01,g_true,ASTRID-DISCOR-it2,0.00000,0.00000,0.00000
20_gdl_1e-9_1,01,g_true,ASTRAL-DISCOR-it2,0.00000,0.00000,0.00000
20_gdl_1e-9_1,02,g_100,ASTRAL-Pro2,0.16667,0.16667,0.16667
20_gdl_1e-9_1,02,g_100,ASTRID-DISCO,0.05556,0.05556,0.05556
20_gdl_1e-9_1,02,g_100,ASTRAL-DISCO,0.11111,0.11111,0.11111
20_gdl_1e-9_1,02,g_100,ASTRID-DISCOR,0.11111,0.11111,0.11111
20_gdl_1e-9_1,02,g_100,ASTRAL-DISCOR,0.11111,0.11111,0.11111
20_gdl_1e-9_1,02,g_100,ASTRID-DISCOR-lca,0.16667,0.16667,0.16667
20_gdl_1e-9_1,02,g_100,ASTRAL-DISCOR-lca,0.16667,0.16667,0.16667
20_gdl_1e-9_1,02,g_100,ASTRID-DISCOR-oracle,0.11111,0.11111,0.11111
20_gdl_1e-9_1,02,g_100,ASTRAL-DISCOR-oracle,0.11111,0.11111,0.11111
20_gdl_1e-9_1,02,g_100,ASTRID-DISCOR-it2,0.11111,0.11111,0.11111
20_gdl_1e-9_1,02,g_100,ASTRAL-DISCOR-it2,0.11111,0.11111,0.11111
20_gdl_1e-9_1,02,g_50,ASTRAL-Pro2,0.05556,0.05556,0.05556
20_gdl_1e-9_1,02,g_50,ASTRID-DISCO,0.05556,0.05556,0.05556
20_gdl_1e-9_1,02,g_50,ASTRAL-DISCO,0.11111,0.11111,0.11111
20_gdl_1e-9_1,02,g_50,ASTRID-DISCOR,0.05556,0.05556,0.05556
20_gdl_1e-9_1,02,g_50,ASTRAL-DISCOR,0.05556,0.05556,0.05556
20_gdl_1e-9_1,02,g_50,ASTRID-DISCOR-lca,0.05556,0.05556,0.05556
20_gdl_1e-9_1,02,g_50,ASTRAL-DISCOR-lca,0.05556,0.05556,0.05556
20_gdl_1e-9_1,02,g_50,ASTRID-DISCOR-oracle,0.05556,0.05556,0.05556
20_gdl_1e-9_1,02,g_50,ASTRAL-DISCOR-oracle,0.05556,0.05556,0.05556
20_gdl_1e-9_1,02,g_50,ASTRID-DISCOR-it2,0.05556,0.05556,0.05556
20_gdl_1e-9_1,02,g_50,ASTRAL-DISCOR-it2,0.05556,0.05556,0.05556
20_gdl_1e-9_1,02,g_true,ASTRAL-Pro2,0.00000,0.00000,0.00000
20_gdl_1e-9_1,02,g_true,ASTRID-DISCO,0.00000,0.00000,0.00000
20_gdl_1e-9_1,02,g_true,ASTRAL-DISCO,0.00000,0.00000,0.00000
20_gdl_1e-9_1,02,g_true,ASTRID-DISCOR,0.00000,0.00000,0.00000
20_gdl_1e-9_1,02,g_true,ASTRAL-DISCOR,0.00000,0.00000,0.00000
20_gdl_1e-9_1,02,g_true,ASTRID-DISCOR-lca,0.00000,0.00000,0.00000
20_gdl_1e-9_1,02,g_true,ASTRAL-DISCOR-lca,0.00000,0.00000,0.00000
20_gdl_1e-9_1,02,g_true,ASTRID-DISCOR-oracle,0.00000,0.00000,0.00000
20_gdl_1e-9_1,02,g_true,ASTRAL-DISCOR-oracle,0.00000,0.00000,0.00000
20_gdl_1e-9_1,02,g_true,ASTRID-DISCOR-it2,0.00000,0.00000,0.00000
20_gdl_1e-9_1,02,g_true,ASTRAL-DISCOR-it2,0.00000,0.00000,0.00000
20_gdl_1e-9_1,03,g_100,ASTRAL-Pro2,0.00000,0.00000,0.00000
20_gdl_1e-9_1,03,g_100,ASTRID-DISCO,0.00000,0.00000,0.00000
20_gdl_1e-9_1,03,g_100,ASTRAL-DISCO,0.00000,0.00000,0.00000
20_gdl_1e-9_1,03,g_100,ASTRID-DISCOR,0.00000,0.00000,0.00000
20_gdl_1e-9_1,03,g_100,ASTRAL-DISCOR,0.00000,0.00000,0.00000
20_gdl_1e-9_1,03,g_100,ASTRID-DISCOR-lca,0.00000,0.00000,0.00000
20_gdl_1e-9_1,03,g_100,ASTRAL-DISCOR-lca,0.00000,0.00000,0.00000
20_gdl_1e-9_1,03,g_100,ASTRID-DISCOR-oracle,0.00000,0.00000,0.00000
20_gdl_1e-9_1,03,g_100,ASTRAL-DISCOR-oracle,0.00000,0.00000,0.00000
20_gdl_1e-9_1,03,g_100,ASTRID-DISCOR-it2,0.00000,0.00000,0.00000
20_gdl_1e-9_1,03,g_100,ASTRAL-DISCOR-it2,0.00000,0.00000,0.00000
20_gdl_1e-9_1,03,g_50,ASTRAL-Pro2,0.00000,0.00000,0.00000
20_gdl_1e-9_1,03,g_50,ASTRID-DISCO,0.00000,0.00000,0.00000
20_gdl_1e-9_1,03,g_50,ASTRAL-DISCO,0.00000,0.00000,0.00000
20_gdl_1e-9_1,03,g_50,ASTRID-DISCOR,0.00000,0.00000,0.00000
20_gdl_1e-9_1,03,g_50,ASTRAL-DISCOR,0.00000,0.00000,0.00000
20_gdl_1e-9_1,03,g_50,ASTRID-DISCOR-lca,0.00000,0.00000,0.00000
20_gdl_1e-9_1,03,g_50,ASTRAL-DISCOR-lca,0.00000,0.00000,0.00000
20_gdl_1e-9_1,03,g_50,ASTRID-DISCOR-oracle,0.00000,0.00000,0.00000
20_gdl_1e-9_1,03,g_50,ASTRAL-DISCOR-oracle,0.00000,0.00000,0.00000
20_gdl_1e-9_1,03,g_50,ASTRID-DISCOR-it2,0.00000,0.00000,0.00000
20_gdl_1e-9_1,03,g_50,ASTRAL-DISCOR-it2,0.00000,0.00000,0.00000
20_gdl_1e-9_1,03,g_true,ASTRAL-Pro2,0.00000,0.00000,0.00000
20_gdl_1e-9_1,03,g_true,ASTRID-DISCO,0.00000,0.00000,0.00000
20_gdl_1e-9_1,03,g_true,ASTRAL-DISCO,0.00000,0.00000,0.00000
20_gdl_1e-9_1,03,g_true,ASTRID-DISCOR,0.00000,0.00000,0.00000
20_gdl_1e-9_1,03,g_true,ASTRAL-DISCOR,0.00000,0.00000,0.00000
20_gdl_1e-9_1,03,g_true,ASTRID-DISCOR-lca,0.00000,0.00000,0.00000
20_gdl_1e-9_1,03,g_true,ASTRAL-DISCOR-lca,0.00000,0.00000,0.00000
20_gdl_1e-9_1,03,g_true,ASTRID-DISCOR-oracle,0.00000,0.00000,0.00000
20_gdl_1e-9_1,03,g_true,ASTRAL-DISCOR-oracle,0.00000,0.00000,0.00000
20_gdl_1e-9_1,03,g_true,ASTRID-DISCOR-it2,0.00000,0.00000,0.00000
20_gdl_1e-9_1,03,g_true,ASTRAL-DISCOR-it2,0.00000,0.00000,0.00000
20_gdl_1e-9_1,04,g_100,ASTRAL-Pro2,0.00000,0.00000,0.00000
20_gdl_1e-9_1,04,g_100,ASTRID-DISCO,0.00000,0.00000,0.00000
20_gdl_1e-9_1,04,g_100,ASTRAL-DISCO,0.00000,0.00000,0.00000
20_gdl_1e-9_1,04,g_100,ASTRID-DISCOR,0.00000,0.00000,0.00000
20_gdl_1e-9_1,04,g_100,ASTRAL-DISCOR,0.00000,0.00000,0.00000
20_gdl_1e-9_1,04,g_100,ASTRID-DISCOR-lca,0.00000,0.00000,0.00000
20_gdl_1e-9_1,04,g_100,ASTRAL-DISCOR-lca,0.00000,0.00000,0.00000
20_gdl_1e-9_1,04,g_100,ASTRID-DISCOR-oracle,0.00000,0.00000,0.00000
20_gdl_1e-9_1,04,g_100,ASTRAL-DISCOR-oracle,0.00000,0.00000,0.00000
20_gdl_1e-9_1,04,g_100,ASTRID-DISCOR-it2,0.00000,0.00000,0.00000
20_gdl_1e-9_1,04,g_100,ASTRAL-DISCOR-it2,0.00000,0.00000,0.00000
20_gdl_1e-9_1,04,g_50,ASTRAL-Pro2,0.00000,0.00000,0.00000
20_gdl_1e-9_1,04,g_50,ASTRID-DISCO,0.00000,0.00000,0.00000
20_gdl_1e-9_1,04,g_50,ASTRAL-DISCO,0.00000,0.00000,0.00000
20_gdl_1e-9_1,04,g_50,ASTRID-DISCOR,0.00000,0.00000,0.00000
20_gdl_1e-9_1,04,g_50,ASTRAL-DISCOR,0.00000,0.00000,0.00000
20_gdl_1e-9_1,04,g_50,ASTRID-DISCOR-lca,0.00000,0.00000,0.00000
20_gdl_1e-9_1,04,g_50,ASTRAL-DISCOR-lca,0.00000,0.00000,0.00000
20_gdl_1e-9_1,04,g_50,ASTRID-DISCOR-oracle,0.00000,0.00000,0.00000
20_gdl_1e-9_1,04,g_50,ASTRAL-DISCOR-oracle,0.00000,0.00000,0.00000
20_gdl_1e-9_1,04,g_50,ASTRID-DISCOR-it2,0.00000,0.00000,0.00000
20_gdl_1e-9_1,04,g_50,ASTRAL-DISCOR-it2,0.00000,0.00000,0.00000
20_gdl_1e-9_1,04,g_true,ASTRAL-Pro2,0.00000,0.00000,0.00000
20_gdl_1e-9_1,04,g_true,ASTRID-DISCO,0.00000,0.00000,0.00000
20_gdl_1e-9_1,04,g_true,ASTRAL-DISCO,0.00000,0.00000,0.00000
20_gdl_1e-9_1,04,g_true,ASTRID-DISCOR,0.00000,0.00000,0.00000
20_gdl_1e-9_1,04,g_true,ASTRAL-DISCOR,0.00000,0.00000,0.00000
20_gdl_1e-9_1,04,g_true,ASTRID-DISCOR-lca,0.00000,0.00000,0.00000
20_gdl_1e-9_1,04,g_true,ASTRAL-DISCOR-lca,0.00000,0.00000,0.00000
20_gdl_1e-9_1,04,g_true,ASTRID-DISCOR-oracle,0.00000,0.00000,0.00000
20_gdl_1e-9_1,04,g_true,ASTRAL-DISCOR-oracle,0.00000,0.00000,0.00000
20_gdl_1e-9_1,04,g_true,ASTRID-DISCOR-it2,0.00000,0.00000,0.00000
20_gdl_1e-9_1,04,g_true,ASTRAL-DISCOR-it2,0.00000,0.00000,0.00000
20_gdl_1e-9_1,05,g_100,ASTRAL-Pro2,0.00000,0.00000,0.00000
20_gdl_1e-9_1,05,g_100,ASTRID-DISCO,0.00000,0.00000,0.00000
20_gdl_1e-9_1,05,g_100,ASTRAL-DISCO,0.00000,0.00000,0.00000
20_gdl_1e-9_1,05,g_100,ASTRID-DISCOR,0.00000,0.00000,0.00000
20_gdl_1e-9_1,05,g_100,ASTRAL-DISCOR,0.00000,0.00000,0.00000
20_gdl_1e-9_1,05,g_100,ASTRID-DISCOR-lca,0.00000,0.00000,0.00000
20_gdl_1e-9_1,05,g_100,ASTRAL-DISCOR-lca,0.00000,0.00000,0.00000
20_gdl_1e-9_1,05,g_100,ASTRID-DISCOR-oracle,0.00000,0.00000,0.00000
20_gdl_1e-9_1,05,g_100,ASTRAL-DISCOR-oracle,0.00000,0.00000,0.00000
20_gdl_1e-9_1,05,g_100,ASTRID-DISCOR-it2,0.00000,0.00000,0.00000
20_gdl_1e-9_1,05,g_100,ASTRAL-DISCOR-it2,0.00000,0.00000,0.00000
20_gdl_1e-9_1,05,g_50,ASTRAL-Pro2,0.00000,0.00000,0.00000
20_gdl_1e-9_1,05,g_50,ASTRID-DISCO,0.00000,0.00000,0.00000
20_gdl_1e-9_1,05,g_50,ASTRAL-DISCO,0.00000,0.00000,0.00000
20_gdl_1e-9_1,05,g_50,ASTRID-DISCOR,0.00000,0.00000,0.00000
20_gdl_1e-9_1,05,g_50,ASTRAL-DISCOR,0.00000,0.00000,0.00000
20_gdl_1e-9_1,05,g_50,ASTRID-DISCOR-lca,0.00000,0.00000,0.00000
20_gdl_1e-9_1,05,g_50,ASTRAL-DISCOR-lca,0.00000,0.00000,0.00000
20_gdl_1e-9_1,05,g_50,ASTRID-DISCOR-oracle,0.00000,0.00000,0.00000
20_gdl_1e-9_1,05,g_50,ASTRAL-DISCOR-oracle,0.00000,0.00000,0.00000
20_gdl_1e-9_1,05,g_50,ASTRID-DISCOR-it2,0.00000,0.00000,0.00000
20_gdl_1e-9_1,05,g_50,ASTRAL-DISCOR-it2,0.00000,0.00000,0.00000
20_gdl_1e-9_1,05,g_true,ASTRAL-Pro2,0.00000,0.00000,0.00000
20_gdl_1e-9_1,05,g_true,ASTRID-DISCO,0.00000,0.00000,0.00000
20_gdl_1e-9_1,05,g_true,ASTRAL-DISCO,0.00000,0.00000,0.00000
20_gdl_1e-9_1,05,g_true,ASTRID-DISCOR,0.00000,0.00000,0.00000
20_gdl_1e-9_1,05,g_true,ASTRAL-DISCOR,0.00000,0.00000,0.00000
20_gdl_1e-9_1,05,g_true,ASTRID-DISCOR-lca,0.00000,0.00000,0.00000
20_gdl_1e-9_1,05,g_true,ASTRAL-DISCOR-lca,0.00000,0.00000,0.00000
20_gdl_1e-9_1,05,g_true,ASTRID-DISCOR-oracle,0.00000,0.00000,0.00000
20_gdl_1e-9_1,05,g_true,ASTRAL-DISCOR-oracle,0.00000,0.00000,0.00000
20_gdl_1e-9_1,05,g_true,ASTRID-DISCOR-it2,0.00000,0.00000,0.00000
20_gdl_1e-9_1,05,g_true,ASTRAL-DISCOR-it2,0.00000,0.00000,0.00000
20_gdl_1e-9_1,06,g_100,ASTRAL-Pro2,0.00000,0.00000,0.00000
20_gdl_1e-9_1,06,g_100,ASTRID-DISCO,0.00000,0.00000,0.00000
20_gdl_1e-9_1,06,g_100,ASTRAL-DISCO,0.00000,0.00000,0.00000
20_gdl_1e-9_1,06,g_100,ASTRID-DISCOR,0.00000,0.00000,0.00000
20_gdl_1e-9_1,06,g_100,ASTRAL-DISCOR,0.00000,0.00000,0.00000
20_gdl_1e-9_1,06,g_100,ASTRID-DISCOR-lca,0.00000,0.00000,0.00000
20_gdl_1e-9_1,06,g_100,ASTRAL-DISCOR-lca,0.00000,0.00000,0.00000
20_gdl_1e-9_1,06,g_100,ASTRID-DISCOR-oracle,0.00000,0.00000,0.00000
20_gdl_1e-9_1,06,g_100,ASTRAL-DISCOR-oracle,0.00000,0.00000,0.00000
20_gdl_1e-9_1,06,g_100,ASTRID-DISCOR-it2,0.00000,0.00000,0.00000
20_gdl_1e-9_1,06,g_100,ASTRAL-DISCOR-it2,0.00000,0.00000,0.00000
20_gdl_1e-9_1,06,g_50,ASTRAL-Pro2,0.05556,0.05556,0.05556
20_gdl_1e-9_1,06,g_50,ASTRID-DISCO,0.00000,0.00000,0.00000
20_gdl_1e-9_1,06,g_50,ASTRAL-DISCO,0.11111,0.11111,0.11111
20_gdl_1e-9_1,06,g_50,ASTRID-DISCOR,0.00000,0.00000,0.00000
20_gdl_1e-9_1,06,g_50,ASTRAL-DISCOR,0.00000,0.00000,0.00000
20_gdl_1e-9_1,06,g_50,ASTRID-DISCOR-lca,0.05556,0.05556,0.05556
20_gdl_1e-9_1,06,g_50,ASTRAL-DISCOR-lca,0.05556,0.05556,0.05556
20_gdl_1e-9_1,06,g_50,ASTRID-DISCOR-oracle,0.00000,0.00000,0.00000
20_gdl_1e-9_1,06,g_50,ASTRAL-DISCOR-oracle,0.00000,0.00000,0.00000
20_gdl_1e-9_1,06,g_50,ASTRID-DISCOR-it2,0.00000,0.00000,0.00000
20_gdl_1e-9_1,06,g_50,ASTRAL-DISCOR-it2,0.00000,0.00000,0.00000
20_gdl_1e-9_1,07,g_100,ASTRAL-Pro2,0.00000,0.00000,0.00000
20_gdl_1e-9_1,07,g_100,ASTRID-DISCO,0.00000,0.00000,0.00000
20_gdl_1e-9_1,07,g_100,ASTRAL-DISCO,0.00000,0.00000,0.00000
20_gdl_1e-9_1,07,g_100,ASTRID-DISCOR,0.00000,0.00000,0.00000
20_gdl_1e-9_1,07,g_100,ASTRAL-DISCOR,0.00000,0.00000,0.00000
20_gdl_1e-9_1,07,g_100,ASTRID-DISCOR-lca,0.00000,0.00000,0.00000
20_gdl_1e-9_1,07,g_100,ASTRAL-DISCOR-lca,0.00000,0.00000,0.00000
20_gdl_1e-9_1,07,g_100,ASTRID-DISCOR-oracle,0.00000,0.00000,0.00000
20_gdl_1e-9_1,07,g_100,ASTRAL-DISCOR-oracle,0.00000,0.00000,0.00000
20_gdl_1e-9_1,07,g_100,ASTRID-DISCOR-it2,0.00000,0.00000,0.00000
20_gdl_1e-9_1,07,g_100,ASTRAL-DISCOR-it2,0.00000,0.00000,0.00000
20_gdl_1e-9_1,07,g_50,ASTRAL-Pro2,0.00000,0.00000,0.00000
20_gdl_1e-9_1,07,g_50,ASTRID-DISCO,0.00000,0.00000,0.00000
20_gdl_1e-9_1,07,g_50,ASTRAL-DISCO,0.00000,0.00000,0.00000
20_gdl_1e-9_1,07,g_50,ASTRID-DISCOR,0.00000,0.00000,0.00000
20_gdl_1e-9_1,07,g_50,ASTRAL-DISCOR,0.00000,0.00000,0.00000
20_gdl_1e-9_1,07,g_50,ASTRID-DISCOR-lca,0.00000,0.00000,0.00000
20_gdl_1e-9_1,07,g_50,ASTRAL-DISCOR-lca,0.00000,0.00000,0.00000
20_gdl_1e-9_1,07,g_50,ASTRID-DISCOR-oracle,0.00000,0.00000,0.00000
20_gdl_1e-9_1,07,g_50,ASTRAL-DISCOR-oracle,0.00000,0.00000,0.00000
20_gdl_1e-9_1,07,g_50,ASTRID-DISCOR-it2,0.00000,0.00000,0.00000
20_gdl_1e-9_1,07,g_50,ASTRAL-DISCOR-it2,0.00000,0.00000,0.00000
20_gdl_1e-9_1,08,g_100,ASTRAL-Pro2,0.05556,0.05556,0.05556
20_gdl_1e-9_1,08,g_100,ASTRID-DISCO,0.05556,0.05556,0.05556
20_gdl_1e-9_1,08,g_100,ASTRAL-DISCO,0.05556,0.05556,0.05556
20_gdl_1e-9_1,08,g_100,ASTRID-DISCOR,0.05556,0.05556,0.05556
20_gdl_1e-9_1,08,g_100,ASTRAL-DISCOR,0.05556,0.05556,0.05556
20_gdl_1e-9_1,08,g_100,ASTRID-DISCOR-lca,0.05556,0.05556,0.05556
20_gdl_1e-9_1,08,g_100,ASTRAL-DISCOR-lca,0.05556,0.05556,0.05556
20_gdl_1e-9_1,08,g_100,ASTRID-DISCOR-oracle,0.05556,0.05556,0.05556
20_gdl_1e-9_1,08,g_100,ASTRAL-DISCOR-oracle,0.05556,0.05556,0.05556
20_gdl_1e-9_1,08,g_100,ASTRID-DISCOR-it2,0.05556,0.05556,0.05556
20_gdl_1e-9_1,08,g_100,ASTRAL-DISCOR-it2,0.05556,0.05556,0.05556
20_gdl_1e-9_1,08,g_50,ASTRAL-Pro2,0.05556,0.05556,0.05556
20_gdl_1e-9_1,08,g_50,ASTRID-DISCO,0.05556,0.05556,0.05556
20_gdl_1e-9_1,08,g_50,ASTRAL-DISCO,0.05556,0.05556,0.05556
20_gdl_1e-9_1,08,g_50,ASTRID-DISCOR,0.05556,0.05556,0.05556
20_gdl_1e-9_1,08,g_50,ASTRAL-DISCOR,0.05556,0.05556,0.05556
20_gdl_1e-9_1,08,g_50,ASTRID-DISCOR-lca,0.05556,0.05556,0.05556
20_gdl_1e-9_1,08,g_50,ASTRAL-DISCOR-lca,0.05556,0.05556,0.05556
20_gdl_1e-9_1,08,g_50,ASTRID-DISCOR-oracle,0.05556,0.05556,0.05556
20_gdl_1e-9_1,08,g_50,ASTRAL-DISCOR-oracle,0.05556,0.05556,0.05556
20_gdl_1e-9_1,08,g_50,ASTRID-DISCOR-it2,0.05556,0.05556,0.05556
20_gdl_1e-9_1,08,g_50,ASTRAL-DISCOR-it2,0.05556,0.05556,0.05556
20_gdl_1e-9_1,09,g_100,ASTRAL-Pro2,0.00000,0.00000,0.00000
20_gdl_1e-9_1,09,g_100,ASTRID-DISCO,0.00000,0.00000,0.00000
20_gdl_1e-9_1,09,g_100,ASTRAL-DISCO,0.00000,0.00000,0.00000
20_gdl_1e-9_1,09,g_100,ASTRID-DISCOR,0.00000,0.00000,0.00000
20_gdl_1e-9_1,09,g_100,ASTRAL-DISCOR,0.00000,0.00000,0.00000
20_gdl_1e-9_1,09,g_100,ASTRID-DISCOR-lca,0.00000,0.00000,0.00000
20_gdl_1e-9_1,09,g_100,ASTRAL-DISCOR-lca,0.00000,0.00000,0.00000
20_gdl_1e-9_1,09,g_100,ASTRID-DISCOR-oracle,0.00000,0.00000,0.00000
20_gdl_1e-9_1,09,g_100,ASTRAL-DISCOR-oracle,0.00000,0.00000,0.00000
20_gdl_1e-9_1,09,g_100,ASTRID-DISCOR-it2,0.00000,0.00000,0.00000
20_gdl_1e-9_1,09,g_100,ASTRAL-DISCOR-it2,0.00000,0.00000,0.00000
20_gdl_1e-9_1,09,g_50,ASTRAL-Pro2,0.00000,0.00000,0.00000
20_gdl_1e-9_1,09,g_50,ASTRID-DISCO,0.00000,0.00000,0.00000
20_gdl_1e-9_1,09,g_50,ASTRAL-DISCO,0.00000,0.00000,0.00000
20_gdl_1e-9_1,09,g_50,ASTRID-DISCOR,0.00000,0.00000,0.00000
20_gdl_1e-9_1,09,g_50,ASTRAL-DISCOR,0.00000,0.00000,0.00000
20_gdl_1e-9_1,09,g_50,ASTRID-DISCOR-lca,0.00000,0.00000,0.00000
20_gdl_1e-9_1,09,g_50,ASTRAL-DISCOR-lca,0.00000,0.00000,0.00000
20_gdl_1e-9_1,09,g_50,ASTRID-DISCOR-oracle,0.00000,0.00000,0.00000
20_gdl_1e-9_1,09,g_50,ASTRAL-DISCOR-oracle,0.00000,0.00000,0.00000
20_gdl_1e-9_1,09,g_50,ASTRID-DISCOR-it2,0.00000,0.00000,0.00000
20_gdl_1e-9_1,09,g_50,ASTRAL-DISCOR-it2,0.00000,0.00000,0.00000
20_gdl_1e-9_1,10,g_100,ASTRAL-Pro2,0.05556,0.05556,0.05556
20_gdl_1e-9_1,10,g_100,ASTRID-DISCO,0.05556,0.05556,0.05556
20_gdl_1e-9_1,10,g_100,ASTRAL-DISCO,0.05556,0.05556,0.05556
20_gdl_1e-9_1,10,g_100,ASTRID-DISCOR,0.05556,0.05556,0.05556
20_gdl_1e-9_1,10,g_100,ASTRAL-DISCOR,0.05556,0.05556,0.05556
20_gdl_1e-9_1,10,g_100,ASTRID-DISCOR-lca,0.05556,0.05556,0.05556
20_gdl_1e-9_1,10,g_100,ASTRAL-DISCOR-lca,0.05556,0.05556,0.05556
20_gdl_1e-9_1,10,g_100,ASTRID-DISCOR-oracle,0.05556,0.05556,0.05556
20_gdl_1e-9_1,10,g_100,ASTRAL-DISCOR-oracle,0.05556,0.05556,0.05556
20_gdl_1e-9_1,10,g_100,ASTRID-DISCOR-it2,0.05556,0.05556,0.05556
20_gdl_1e-9_1,10,g_100,ASTRAL-DISCOR-it2,0.05556,0.05556,0.05556
20_gdl_1e-9_1,10,g_50,ASTRAL-Pro2,0.05556,0.05556,0.05556
20_gdl_1e-9_1,10,g_50,ASTRID-DISCO,0.05556,0.05556,0.05556
20_gdl_1e-9_1,10,g_50,ASTRAL-DISCO,0.05556,0.05556,0.05556
20_gdl_1e-9_1,10,g_50,ASTRID-DISCOR,0.05556,0.05556,0.05556
20_gdl_1e-9_1,10,g_50,ASTRAL-DISCOR,0.00000,0.00000,0.00000
20_gdl_1e-9_1,10,g_50,ASTRID-DISCOR-lca,0.05556,0.05556,0.05556
20_gdl_1e-9_1,10,g_50,ASTRAL-DISCOR-lca,0.05556,0.05556,0.05556
20_gdl_1e-9_1,10,g_50,ASTRID-DISCOR-oracle,0.05556,0.05556,0.05556
20_gdl_1e-9_1,10,g_50,ASTRAL-DISCOR-oracle,0.00000,0.00000,0.00000
20_gdl_1e-9_1,10,g_50,ASTRID-DISCOR-it2,0.05556,0.05556,0.05556
20_gdl_1e-9_1,10,g_50,ASTRAL-DISCOR-it2,0.00000,0.00000,0.00000
20_gdl_1e-9_1_hILS,01,g_100,ASTRAL-Pro2,0.05556,0.05556,0.05556
20_gdl_1e-9_1_hILS,01,g_100,ASTRID-DISCO,0.16667,0.16667,0.16667
20_gdl_1e-9_1_hILS,01,g_100,ASTRAL-DISCO,0.11111,0.11111,0.11111
20_gdl_1e-9_1_hILS,01,g_100,ASTRID-DISCOR,0.05556,0.05556,0.05556
20_gdl_1e-9_1_hILS,01,g_100,ASTRAL-DISCOR,0.05556,0.05556,0.05556
20_gdl_1e-9_1_hILS,01,g_100,ASTRID-DISCOR-lca,0.05556,0.05556,0.05556
20_gdl_1e-9_1_hILS,01,g_100,ASTRAL-DISCOR-lca,0.05556,0.05556,0.05556
20_gdl_1e-9_1_hILS,01,g_100,ASTRID-DISCOR-oracle,0.05556,0.05556,0.05556
20_gdl_1e-9_1_hILS,01,g_100,ASTRAL-DISCOR-oracle,0.05556,0.05556,0.05556
20_gdl_1e-9_1_hILS,01,g_100,ASTRID-DISCOR-it2,0.05556,0.05556,0.05556
20_gdl_1e-9_1_hILS,01,g_100,ASTRAL-DISCOR-it2,0.05556,0.05556,0.05556
20_gdl_1e-9_1_hILS,01,g_50,ASTRAL-Pro2,0.11111,0.11111,0.11111
20_gdl_1e-9_1_hILS,01,g_50,ASTRID-DISCO,0.16667,0.16667,0.16667
20_gdl_1e-9_1_hILS,01,g_50,ASTRAL-DISCO,0.11111,0.11111,0.11111
20_gdl_1e-9_1_hILS,01,g_50,ASTRID-DISCOR,0.16667,0.16667,0.16667
20_gdl_1e-9_1_hILS,01,g_50,ASTRAL-DISCOR,0.05556,0.05556,0.05556
20_gdl_1e-9_1_hILS,01,g_50,ASTRID-DISCOR-lca,0.11111,0.11111,0.11111
20_gdl_1e-9_1_hILS,01,g_50,ASTRAL-DISCOR-lca,0.11111,0.11111,0.11111
20_gdl_1e-9_1_hILS,01,g_50,ASTRID-DISCOR-oracle,0.16667,0.16667,0.16667
20_gdl_1e-9_1_hILS,01,g_50,ASTRAL-DISCOR-oracle,0.05556,0.05556,0.05556
20_gdl_1e-9_1_hILS,01,g_50,ASTRID-DISCOR-it2,0.16667,0.16667,0.16667
20_gdl_1e-9_1_hILS,01,g_50,ASTRAL-DISCOR-it2,0.05556,0.05556,0.05556
20_gdl_1e-9_1_hILS,01,g_true,ASTRAL-Pro2,0.05556,0.05556,0.05556
20_gdl_1e-9_1_hILS,01,g_true,ASTRID-DISCO,0.11111,0.11111,0.11111
20_gdl_1e-9_1_hILS,01,g_true,ASTRAL-DISCO,0.05556,0.05556,0.05556
20_gdl_1e-9_1_hILS,01,g_true,ASTRID-DISCOR,0.11111,0.11111,0.11111
20_gdl_1e-9_1_hILS,01,g_true,ASTRAL-DISCOR,0.05556,0.05556,0.05556
20_gdl_1e-9_1_hILS,01,g_true,ASTRID-DISCOR-lca,0.05556,0.05556,0.05556
20_gdl_1e-9_1_hILS,01,g_true,ASTRAL-DISCOR-lca,0.05556,0.05556,0.05556
20_gdl_1e-9_1_hILS,01,g_true,ASTRID-DISCOR-oracle,0.11111,0.11111,0.11111
20_gdl_1e-9_1_hILS,01,g_true,ASTRAL-DISCOR-oracle,0.05556,0.05556,0.05556
20_gdl_1e-9_1_hILS,01,g_true,ASTRID-DISCOR-it2,0.11111,0.11111,0.11111
20_gdl_1e-9_1_hILS,01,g_true,ASTRAL-DISCOR-it2,0.05556,0.05556,0.05556
20_gdl_1e-9_1_hILS,02,g_100,ASTRAL-Pro2,0.16667,0.16667,0.16667
20_gdl_1e-9_1_hILS,02,g_100,ASTRID-DISCO,0.11111,0.11111,0.11111
20_gdl_1e-9_1_hILS,02,g_100,ASTRAL-DISCO,0.11111,0.11111,0.11111
20_gdl_1e-9_1_hILS,02,g_100,ASTRID-DISCOR,0.11111,0.11111,0.11111
20_gdl_1e-9_1_hILS,02,g_100,ASTRAL-DISCOR,0.11111,0.11111,0.11111
20_gdl_1e-9_1_hILS,02,g_100,ASTRID-DISCOR-lca,0.16667,0.16667,0.16667
20_gdl_1e-9_1_hILS,02,g_100,ASTRAL-DISCOR-lca,0.16667,0.16667,0.16667
20_gdl_1e-9_1_hILS,02,g_100,ASTRID-DISCOR-oracle,0.11111,0.11111,0.11111
20_gdl_1e-9_1_hILS,02,g_100,ASTRAL-DISCOR-oracle,0.11111,0.11111,0.11111
20_gdl_1e-9_1_hILS,02,g_100,ASTRID-DISCOR-it2,0.11111,0.11111,0.11111
20_gdl_1e-9_1_hILS,02,g_100,ASTRAL-DISCOR-it2,0.11111,0.11111,0.11111
20_gdl_1e-9_1_hILS,02,g_50,ASTRAL-Pro2,0.27778,0.27778,0.27778
20_gdl_1e-9_1_hILS,02,g_50,ASTRID-DISCO,0.22222,0.22222,0.22222
20_gdl_1e-9_1_hILS,02,g_50,ASTRAL-DISCO,0.27778,0.27778,0.27778
20_gdl_1e-9_1_hILS,02,g_50,ASTRID-DISCOR,0.22222,0.22222,0.22222
20_gdl_1e-9_1_hILS,02,g_50,ASTRAL-DISCOR,0.22222,0.22222,0.22222
20_gdl_1e-9_1_hILS,02,g_50,ASTRID-DISCOR-lca,0.27778,0.27778,0.27778
20_gdl_1e-9_1_hILS,02,g_50,ASTRAL-DISCOR-lca,0.27778,0.27778,0.27778
20_gdl_1e-9_1_hILS,02,g_50,ASTRID-DISCOR-oracle,0.22222,0.22222,0.22222
20_gdl_1e-9_1_hILS,02,g_50,ASTRAL-DISCOR-oracle,0.22222,0.22222,0.22222
20_gdl_1e-9_1_hILS,02,g_50,ASTRID-DISCOR-it2,0.22222,0.22222,0.22222
20_gdl_1e-9_1_hILS,02,g_50,ASTRAL-DISCOR-it2,0.22222,0.22222,0.22222
20_gdl_1e-9_1_hILS,02,g_true,ASTRAL-Pro2,0.00000,0.00000,0.00000
20_gdl_1e-9_1_hILS,02,g_true,ASTRID-DISCO,0.00000,0.00000,0.00000
20_gdl_1e-9_1_hILS,02,g_true,ASTRAL-DISCO,0.00000,0.00000,0.00000
20_gdl_1e-9_1_hILS,02,g_true,ASTRID-DISCOR,0.00000,0.00000,0.00000
20_gdl_1e-9_1_hILS,02,g_true,ASTRAL-DISCOR,0.05556,0.05556,0.05556
20_gdl_1e-9_1_hILS,02,g_true,ASTRID-DISCOR-lca,0.00000,0.00000,0.00000
20_gdl_1e-9_1_hILS,02,g_true,ASTRAL-DISCOR-lca,0.00000,0.00000,0.00000
20_gdl_1e-9_1_hILS,02,g_true,ASTRID-DISCOR-oracle,0.00000,0.00000,0.00000
20_gdl_1e-9_1_hILS,02,g_true,ASTRAL-DISCOR-oracle,0.05556,0.05556,0.05556
20_gdl_1e-9_1_hILS,02,g_true,ASTRID-DISCOR-it2,0.00000,0.00000,0.00000
20_gdl_1e-9_1_hILS,02,g_true,ASTRAL-DISCOR-it2,0.05556,0.05556,0.05556
20_gdl_1e-9_1_hILS,03,g_100,ASTRAL-Pro2,0.11111,0.11111,0.11111
20_gdl_1e-9_1_hILS,03,g_100,ASTRID-DISCO,0.05556,0.05556,0.05556
20_gdl_1e-9_1_hILS,03,g_100,ASTRAL-DISCO,0.11111,0.11111,0.11111
20_gdl_1e-9_1_hILS,03,g_100,ASTRID-DISCOR,0.05556,0.05556,0.05556
20_gdl_1e-9_1_hILS,03,g_100,ASTRAL-DISCOR,0.11111,0.11111,0.11111
20_gdl_1e-9_1_hILS,03,g_100,ASTRID-DISCOR-lca,0.11111,0.11111,0.11111
20_gdl_1e-9_1_hILS,03,g_100,ASTRAL-DISCOR-lca,0.11111,0.11111,0.11111
20_gdl_1e-9_1_hILS,03,g_100,ASTRID-DISCOR-oracle,0.05556,0.05556,0.05556
20_gdl_1e-9_1_hILS,03,g_100,ASTRAL-DISCOR-oracle,0.11111,0.11111,0.11111
20_gdl_1e-9_1_hILS,03,g_100,ASTRID-DISCOR-it2,0.05556,0.05556,0.05556
20_gdl_1e-9_1_hILS,03,g_100,ASTRAL-DISCOR-it2,0.11111,0.11111,0.11111
20_gdl_1e-9_1_hILS,03,g_50,ASTRAL-Pro2,0.05556,0.05556,0.05556
20_gdl_1e-9_1_hILS,03,g_50,ASTRID-DISCO,0.00000,0.00000,0.00000
20_gdl_1e-9_1_hILS,03,g_50,ASTRAL-DISCO,0.05556,0.05556,0.05556
20_gdl_1e-9_1_hILS,03,g_50,ASTRID-DISCOR,0.00000,0.00000,0.00000
20_gdl_1e-9_1_hILS,03,g_50,ASTRAL-DISCOR,0.05556,0.05556,0.05556
20_gdl_1e-9_1_hILS,03,g_50,ASTRID-DISCOR-lca,0.05556,0.05556,0.05556
20_gdl_1e-9_1_hILS,03,g_50,ASTRAL-DISCOR-lca,0.05556,0.05556,0.05556
20_gdl_1e-9_1_hILS,03,g_50,ASTRID-DISCOR-oracle,0.00000,0.00000,0.00000
20_gdl_1e-9_1_hILS,03,g_50,ASTRAL-DISCOR-oracle,0.05556,0.05556,0.05556
20_gdl_1e-9_1_hILS,03,g_50,ASTRID-DISCOR-it2,0.00000,0.00000,0.00000
20_gdl_1e-9_1_hILS,03,g_50,ASTRAL-DISCOR-it2,0.05556,0.05556,0.05556
20_gdl_1e-9_1_hILS,03,g_true,ASTRAL-Pro2,0.00000,0.00000,0.00000
20_gdl_1e-9_1_hILS,03,g_true,ASTRID-DISCO,0.05556,0.05556,0.05556
20_gdl_1e-9_1_hILS,03,g_true,ASTRAL-DISCO,0.05556,0.05556,0.05556
20_gdl_1e-9_1_hILS,03,g_true,ASTRID-DISCOR,0.05556,0.05556,0.05556
20_gdl_1e-9_1_hILS,03,g_true,ASTRAL-DISCOR,0.05556,0.05556,0.05556
20_gdl_1e-9_1_hILS,03,g_true,ASTRID-DISCOR-lca,0.00000,0.00000,0.00000
20_gdl_1e-9_1_hILS,03,g_true,ASTRAL-DISCOR-lca,0.00000,0.00000,0.00000
20_gdl_1e-9_1_hILS,03,g_true,ASTRID-DISCOR-oracle,0.05556,0.05556,0.05556
20_gdl_1e-9_1_hILS,03,g_true,ASTRAL-DISCOR-oracle,0.05556,0.05556,0.05556
20_gdl_1e-9_1_hILS,03,g_true,ASTRID-DISCOR-it2,0.05556,0.05556,0.05556
20_gdl_1e-9_1_hILS,03,g_true,ASTRAL-DISCOR-it2,0.05556,0.05556,0.05556
20_gdl_1e-9_1_hILS,04,g_100,ASTRAL-Pro2,0.00000,0.00000,0.00000
20_gdl_1e-9_1_hILS,04,g_100,ASTRID-DISCO,0.00000,0.00000,0.00000
20_gdl_1e-9_1_hILS,04,g_100,ASTRAL-DISCO,0.00000,0.00000,0.00000
20_gdl_1e-9_1_hILS,04,g_100,ASTRID-DISCOR,0.00000,0.00000,0.00000
20_gdl_1e-9_1_hILS,04,g_100,ASTRAL-DISCOR,0.00000,0.00000,0.00000
20_gdl_1e-9_1_hILS,04,g_100,ASTRID-DISCOR-lca,0.00000,0.00000,0.00000
20_gdl_1e-9_1_hILS,04,g_100,ASTRAL-DISCOR-lca,0.00000,0.00000,0.00000
20_gdl_1e-9_1_hILS,04,g_100,ASTRID-DISCOR-oracle,0.00000,0.00000,0.00000
20_gdl_1e-9_1_hILS,04,g_100,ASTRAL-DISCOR-oracle,0.00000,0.00000,0.00000
20_gdl_1e-9_1_hILS,04,g_100,ASTRID-DISCOR-it2,0.00000,0.00000,0.00000
20_gdl_1e-9_1_hILS,04,g_100,ASTRAL-DISCOR-it2,0.00000,0.00000,0.00000
20_gdl_1e-9_1_hILS,04,g_50,ASTRAL-Pro2,0.00000,0.00000,0.00000
20_gdl_1e-9_1_hILS,04,g_50,ASTRID-DISCO,0.00000,0.00000,0.00000
20_gdl_1e-9_1_hILS,04,g_50,ASTRAL-DISCO,0.00000,0.00000,0.00000
20_gdl_1e-9_1_hILS,04,g_50,ASTRID-DISCOR,0.00000,0.00000,0.00000
20_gdl_1e-9_1_hILS,04,g_50,ASTRAL-DISCOR,0.00000,0.00000,0.00000
20_gdl_1e-9_1_hILS,04,g_50,ASTRID-DISCOR-lca,0.00000,0.00000,0.00000
20_gdl_1e-9_1_hILS,04,g_50,ASTRAL-DISCOR-lca,0.00000,0.00000,0.00000
20_gdl_1e-9_1_hILS,04,g_50,ASTRID-DISCOR-oracle,0.00000,0.00000,0.00000
20_gdl_1e-9_1_hILS,04,g_50,ASTRAL-DISCOR-oracle,0.00000,0.00000,0.00000
20_gdl_1e-9_1_hILS,04,g_50,ASTRID-DISCOR-it2,0.00000,0.00000,0.00000
20_gdl_1e-9_1_hILS,04,g_50,ASTRAL-DISCOR-it2,0.00000,0.00000,0.00000
20_gdl_1e-9_1_hILS,04,g_true,ASTRAL-Pro2,0.00000,0.00000,0.00000
20_gdl_1e-9_1_hILS,04,g_true,ASTRID-DISCO,0.00000,0.00000,0.00000
20_gdl_1e-9_1_hILS,04,g_true,ASTRAL-DISCO,0.00000,0.00000,0.00000
20_gdl_1e-9_1_hILS,04,g_true,ASTRID-DISCOR,0.00000,0.00000,0.00000
20_gdl_1e-9_1_hILS,04,g_true,ASTRAL-DISCOR,0.00000,0.00000,0.00000
20_gdl_1e-9_1_hILS,04,g_true,ASTRID-DISCOR-lca,0.00000,0.00000,0.00000
20_gdl_1e-9_1_hILS,04,g_true,ASTRAL-DISCOR-lca,0.00000,0.00000,0.00000
20_gdl_1e-9_1_hILS,04,g_true,ASTRID-DISCOR-oracle,0.00000,0.00000,0.00000
20_gdl_1e-9_1_hILS,04,g_true,ASTRAL-DISCOR-oracle,0.00000,0.00000,0.00000
20_gdl_1e-9_1_hILS,04,g_true,ASTRID-DISCOR-it2,0.00000,0.00000,0.00000
20_gdl_1e-9_1_hILS,04,g_true,ASTRAL-DISCOR-it2,0.00000,0.00000,0.00000
20_gdl_1e-9_1_hILS,05,g_100,ASTRAL-Pro2,0.11111,0.11111,0.11111
20_gdl_1e-9_1_hILS,05,g_100,ASTRID-DISCO,0.16667,0.16667,0.16667
20_gdl_1e-9_1_hILS,05,g_100,ASTRAL-DISCO,0.05556,0.05556,0.05556
20_gdl_1e-9_1_hILS,05,g_100,ASTRID-DISCOR,0.16667,0.16667,0.16667
20_gdl_1e-9_1_hILS,05,g_100,ASTRAL-DISCOR,0.05556,0.05556,0.05556
20_gdl_1e-9_1_hILS,05,g_100,ASTRID-DISCOR-lca,0.11111,0.11111,0.11111
20_gdl_1e-9_1_hILS,05,g_100,ASTRAL-DISCOR-lca,0.11111,0.11111,0.11111
20_gdl_1e-9_1_hILS,05,g_100,ASTRID-DISCOR-oracle,0.16667,0.16667,0.16667
20_gdl_1e-9_1_hILS,05,g_100,ASTRAL-DISCOR-oracle,0.05556,0.05556,0.05556
20_gdl_1e-9_1_hILS,05,g_100,ASTRID-DISCOR-it2,0.16667,0.16667,0.16667
20_gdl_1e-9_1_hILS,05,g_100,ASTRAL-DISCOR-it2,0.05556,0.05556,0.05556
20_gdl_1e-9_1_hILS,05,g_50,ASTRAL-Pro2,0.11111,0.11111,0.11111
20_gdl_1e-9_1_hILS,05,g_50,ASTRID-DISCO,0.16667,0.16667,0.16667
20_gdl_1e-9_1_hILS,05,g_50,ASTRAL-DISCO,0.16667,0.16667,0.16667
20_gdl_1e-9_1_hILS,05,g_50,ASTRID-DISCOR,0.11111,0.11111,0.11111
20_gdl_1e-9_1_hILS,05,g_50,ASTRAL-DISCOR,0.05556,0.05556,0.05556
20_gdl_1e-9_1_hILS,05,g_50,ASTRID-DISCOR-lca,0.11111,0.11111,0.11111
20_gdl_1e-9_1_hILS,05,g_50,ASTRAL-DISCOR-lca,0.11111,0.11111,0.11111
20_gdl_1e-9_1_hILS,05,g_50,ASTRID-DISCOR-oracle,0.11111,0.11111,0.11111
20_gdl_1e-9_1_hILS,05,g_50,ASTRAL-DISCOR-oracle,0.05556,0.05556,0.05556
20_gdl_1e-9_1_hILS,05,g_50,ASTRID-DISCOR-it2,0.11111,0.11111,0.11111
20_gdl_1e-9_1_hILS,05,g_50,ASTRAL-DISCOR-it2,0.05556,0.05556,0.05556
20_gdl_1e-9_1_hILS,05,g_true,ASTRAL-Pro2,0.05556,0.05556,0.05556
20_gdl_1e-9_1_hILS,05,g_true,ASTRID-DISCO,0.05556,0.05556,0.05556
20_gdl_1e-9_1_hILS,05,g_true,ASTRAL-DISCO,0.05556,0.05556,0.05556
20_gdl_1e-9_1_hILS,05,g_true,ASTRID-DISCOR,0.05556,0.05556,0.05556
20_gdl_1e-9_1_hILS,05,g_true,ASTRAL-DISCOR,0.00000,0.00000,0.00000
20_gdl_1e-9_1_hILS,05,g_true,ASTRID-DISCOR-lca,0.05556,0.05556,0.05556
20_gdl_1e-9_1_hILS,05,g_true,ASTRAL-DISCOR-lca,0.05556,0.05556,0.05556
20_gdl_1e-9_1_hILS,05,g_true,ASTRID-DISCOR-oracle,0.05556,0.05556,0.05556
20_gdl_1e-9_1_hILS,05,g_true,ASTRAL-DISCOR-oracle,0.00000,0.00000,0.00000
20_gdl_1e-9_1_hILS,05,g_true,ASTRID-DISCOR-it2,0.05556,0.05556,0.05556
20_gdl_1e-9_1_hILS,05,g_true,ASTRAL-DISCOR-it2,0.00000,0.00000,0.00000
20_gdl_1e-9_1_hILS,06,g_100,ASTRAL-Pro2,0.00000,0.00000,0.00000
20_gdl_1e-9_1_hILS,06,g_100,ASTRID-DISCO,0.00000,0.00000,0.00000
20_gdl_1e-9_1_hILS,06,g_100,ASTRAL-DISCO,0.00000,0.00000,0.00000
20_gdl_1e-9_1_hILS,06,g_100,ASTRID-DISCOR,0.00000,0.00000,0.00000
20_gdl_1e-9_1_hILS,06,g_100,ASTRAL-DISCOR,0.00000,0.00000,0.00000
20_gdl_1e-9_1_hILS,06,g_100,ASTRID-DISCOR-lca,0.00000,0.00000,0.00000
20_gdl_1e-9_1_hILS,06,g_100,ASTRAL-DISCOR-lca,0.00000,0.00000,0.00000
20_gdl_1e-9_1_hILS,06,g_100,ASTRID-DISCOR-oracle,0.00000,0.00000,0.00000
20_gdl_1e-9_1_hILS,06,g_100,ASTRAL-DISCOR-oracle,0.00000,0.00000,0.00000
20_gdl_1e-9_1_hILS,06,g_100,ASTRID-DISCOR-it2,0.00000,0.00000,0.00000
20_gdl_1e-9_1_hILS,06,g_100,ASTRAL-DISCOR-it2,0.00000,0.00000,0.00000
20_gdl_1e-9_1_hILS,06,g_50,ASTRAL-Pro2,0.00000,0.00000,0.00000
20_gdl_1e-9_1_hILS,06,g_50,ASTRID-DISCO,0.00000,0.00000,0.00000
20_gdl_1e-9_1_hILS,06,g_50,ASTRAL-DISCO,0.00000,0.00000,0.00000
20_gdl_1e-9_1_hILS,06,g_50,ASTRID-DISCOR,0.00000,0.00000,0.00000
20_gdl_1e-9_1_hILS,06,g_50,ASTRAL-DISCOR,0.00000,0.00000,0.00000
20_gdl_1e-9_1_hILS,06,g_50,ASTRID-DISCOR-lca,0.00000,0.00000,0.00000
20_gdl_1e-9_1_hILS,06,g_50,ASTRAL-DISCOR-lca,0.00000,0.00000,0.00000
20_gdl_1e-9_1_hILS,06,g_50,ASTRID-DISCOR-oracle,0.00000,0.00000,0.00000
20_gdl_1e-9_1_hILS,06,g_50,ASTRAL-DISCOR-oracle,0.00000,0.00000,0.00000
20_gdl_1e-9_1_hILS,06,g_50,ASTRID-DISCOR-it2,0.00000,0.00000,0.00000
20_gdl_1e-9_1_hILS,06,g_50,ASTRAL-DISCOR-it2,0.00000,0.00000,0.00000
20_gdl_1e-9_1_hILS,07,g_100,ASTRAL-Pro2,0.00000,0.00000,0.00000
20_gdl_1e-9_1_hILS,07,g_100,ASTRID-DISCO,0.00000,0.00000,0.00000
20_gdl_1e-9_1_hILS,07,g_100,ASTRAL-DISCO,0.00000,0.00000,0.00000
20_gdl_1e-9_1_hILS,07,g_100,ASTRID-DISCOR,0.00000,0.00000,0.00000
20_gdl_1e-9_1_hILS,07,g_100,ASTRAL-DISCOR,0.00000,0.00000,0.00000
20_gdl_1e-9_1_hILS,07,g_100,ASTRID-DISCOR-lca,0.00000,0.00000,0.00000
20_gdl_1e-9_1_hILS,07,g_100,ASTRAL-DISCOR-lca,0.00000,0.00000,0.00000
20_gdl_1e-9_1_hILS,07,g_100,ASTRID-DISCOR-oracle,0.00000,0.00000,0.00000
20_gdl_1e-9_1_hILS,07,g_100,ASTRAL-DISCOR-oracle,0.00000,0.00000,0.00000
20_gdl_1e-9_1_hILS,07,g_100,ASTRID-DISCOR-it2,0.00000,0.00000,0.00000
20_gdl_1e-9_1_hILS,07,g_100,ASTRAL-DISCOR-it2,0.00000,0.00000,0.00000
20_gdl_1e-9_1_hILS,07,g_50,ASTRAL-Pro2,0.00000,0.00000,0.00000
20_gdl_1e-9_1_hILS,07,g_50,ASTRID-DISCO,0.00000,0.00000,0.00000
20_gdl_1e-9_1_hILS,07,g_50,ASTRAL-DISCO,0.00000,0.00000,0.00000
20_gdl_1e-9_1_hILS,07,g_50,ASTRID-DISCOR,0.00000,0.00000,0.00000
20_gdl_1e-9_1_hILS,07,g_50,ASTRAL-DISCOR,0.05556,0.05556,0.05556
20_gdl_1e-9_1_hILS,07,g_50,ASTRID-DISCOR-lca,0.00000,0.00000,0.00000
20_gdl_1e-9_1_hILS,07,g_50,ASTRAL-DISCOR-lca,0.00000,0.00000,0.00000
20_gdl_1e-9_1_hILS,07,g_50,ASTRID-DISCOR-oracle,0.00000,0.00000,0.00000
20_gdl_1e-9_1_hILS,07,g_50,ASTRAL-DISCOR-oracle,0.05556,0.05556,0.05556
20_gdl_1e-9_1_hILS,07,g_50,ASTRID-DISCOR-it2,0.05556,0.05556,0.05556
20_gdl_1e-9_1_hILS,07,g_50,ASTRAL-DISCOR-it2,0.05556,0.05556,0.05556
20_gdl_1e-9_1_hILS,08,g_100,ASTRAL-Pro2,0.00000,0.00000,0.00000
20_gdl_1e-9_1_hILS,08,g_100,ASTRID-DISCO,0.00000,0.00000,0.00000
20_gdl_1e-9_1_hILS,08,g_100,ASTRAL-DISCO,0.00000,0.00000,0.00000
20_gdl_1e-9_1_hILS,08,g_100,ASTRID-DISCOR,0.00000,0.00000,0.00000
20_gdl_1e-9_1_hILS,08,g_100,ASTRAL-DISCOR,0.00000,0.00000,0.00000
20_gdl_1e-9_1_hILS,08,g_100,ASTRID-DISCOR-lca,0.00000,0.00000,0.00000
20_gdl_1e-9_1_hILS,08,g_100,ASTRAL-DISCOR-lca,0.00000,0.00000,0.00000
20_gdl_1e-9_1_hILS,08,g_100,ASTRID-DISCOR-oracle,0.00000,0.00000,0.00000
20_gdl_1e-9_1_hILS,08,g_100,ASTRAL-DISCOR-oracle,0.00000,0.00000,0.00000
20_gdl_1e-9_1_hILS,08,g_100,ASTRID-DISCOR-it2,0.00000,0.00000,0.00000
20_gdl_1e-9_1_hILS,08,g_100,ASTRAL-DISCOR-it2,0.00000,0.00000,0.00000
20_gdl_1e-9_1_hILS,08,g_50,ASTRAL-Pro2,0.00000,0.00000,0.00000
20_gdl_1e-9_1_hILS,08,g_50,ASTRID-DISCO,0.00000,0.00000,0.00000
20_gdl_1e-9_1_hILS,08,g_50,ASTRAL-DISCO,0.00000,0.00000,0.00000
20_gdl_1e-9_1_hILS,08,g_50,ASTRID-DISCOR,0.00000,0.00000,0.00000
20_gdl_1e-9_1_hILS,08,g_50,ASTRAL-DISCOR,0.00000,0.00000,0.00000
20_gdl_1e-9_1_hILS,08,g_50,ASTRID-DISCOR-lca,0.00000,0.00000,0.00000
20_gdl_1e-9_1_hILS,08,g_50,ASTRAL-DISCOR-lca,0.00000,0.00000,0.00000
20_gdl_1e-9_1_hILS,08,g_50,ASTRID-DISCOR-oracle,0.00000,0.00000,0.00000
20_gdl_1e-9_1_hILS,08,g_50,ASTRAL-DISCOR-oracle,0.00000,0.00000,0.00000
20_gdl_1e-9_1_hILS,08,g_50,ASTRID-DISCOR-it2,0.00000,0.00000,0.00000
20_gdl_1e-9_1_hILS,08,g_50,ASTRAL-DISCOR-it2,0.00000,0.00000,0.00000
20_gdl_1e-9_1_hILS,09,g_100,ASTRAL-Pro2,0.05556,0.05556,0.05556
20_gdl_1e-9_1_hILS,09,g_100,ASTRID-DISCO,0.05556,0.05556,0.05556
20_gdl_1e-9_1_hILS,09,g_100,ASTRAL-DISCO,0.05556,0.05556,0.05556
20_gdl_1e-9_1_hILS,09,g_100,ASTRID-DISCOR,0.05556,0.05556,0.05556
20_gdl_1e-9_1_hILS,09,g_100,ASTRAL-DISCOR,0.05556,0.05556,0.05556
20_gdl_1e-9_1_hILS,09,g_100,ASTRID-DISCOR-lca,0.05556,0.05556,0.05556
20_gdl_1e-9_1_hILS,09,g_100,ASTRAL-DISCOR-lca,0.05556,0.05556,0.05556
20_gdl_1e-9_1_hILS,09,g_100,ASTRID-DISCOR-oracle,0.05556,0.05556,0.05556
20_gdl_1e-9_1_hILS,09,g_100,ASTRAL-DISCOR-oracle,0.05556,0.05556,0.05556
20_gdl_1e-9_1_hILS,09,g_100,ASTRID-DISCOR-it2,0.05556,0.05556,0.05556
20_gdl_1e-9_1_hILS,09,g_100,ASTRAL-DISCOR-it2,0.05556,0.05556,0.05556
20_gdl_1e-9_1_hILS,09,g_50,ASTRAL-Pro2,0.05556,0.05556,0.05556
20_gdl_1e-9_1_hILS,09,g_50,ASTRID-DISCO,0.05556,0.05556,0.05556
20_gdl_1e-9_1_hILS,09,g_50,ASTRAL-DISCO,0.11111,0.11111,0.11111
20_gdl_1e-9_1_hILS,09,g_50,ASTRID-DISCOR,0.05556,0.05556,0.05556
20_gdl_1e-9_1_hILS,09,g_50,ASTRAL-DISCOR,0.05556,0.05556,0.05556
20_gdl_1e-9_1_hILS,09,g_50,ASTRID-DISCOR-lca,0.05556,0.05556,0.05556
20_gdl_1e-9_1_hILS,09,g_50,ASTRAL-DISCOR-lca,0.05556,0.05556,0.05556
20_gdl_1e-9_1_hILS,09,g_50,ASTRID-DISCOR-oracle,0.05556,0.05556,0.05556
20_gdl_1e-9_1_hILS,09,g_50,ASTRAL-DISCOR-oracle,0.05556,0.05556,0.05556
20_gdl_1e-9_1_hILS,09,g_50,ASTRID-DISCOR-it2,0.05556,0.05556,0.05556
20_gdl_1e-9_1_hILS,09,g_50,ASTRAL-DISCOR-it2,0.05556,0.05556,0.05556
20_gdl_1e-9_1_hILS,10,g_100,ASTRAL-Pro2,0.00000,0.00000,0.00000
20_gdl_1e-9_1_hILS,10,g_100,ASTRID-DISCO,0.00000,0.00000,0.00000
20_gdl_1e-9_1_hILS,10,g_100,ASTRAL-DISCO,0.00000,0.00000,0.00000
20_gdl_1e-9_1_hILS,10,g_100,ASTRID-DISCOR,0.00000,0.00000,0.00000
20_gdl_1e-9_1_hILS,10,g_100,ASTRAL-DISCOR,0.00000,0.00000,0.00000
20_gdl_1e-9_1_hILS,10,g_100,ASTRID-DISCOR-lca,0.00000,0.00000,0.00000
20_gdl_1e-9_1_hILS,10,g_100,ASTRAL-DISCOR-lca,0.00000,0.00000,0.00000
20_gdl_1e-9_1_hILS,10,g_100,ASTRID-DISCOR-oracle,0.00000,0.00000,0.00000
20_gdl_1e-9_1_hILS,10,g_100,ASTRAL-DISCOR-oracle,0.00000,0.00000,0.00000
20_gdl_1e-9_1_hILS,10,g_100,ASTRID-DISCOR-it2,0.00000,0.00000,0.00000
20_gdl_1e-9_1_hILS,10,g_100,ASTRAL-DISCOR-it2,0.00000,0.00000,0.00000
20_gdl_1e-9_1_hILS,10,g_50,ASTRAL-Pro2,0.05556,0.05556,0.05556
20_gdl_1e-9_1_hILS,10,g_50,ASTRID-DISCO,0.00000,0.00000,0.00000
20_gdl_1e-9_1_hILS,10,g_50,ASTRAL-DISCO,0.05556,0.05556,0.05556
20_gdl_1e-9_1_hILS,10,g_50,ASTRID-DISCOR,0.00000,0.00000,0.00000
20_gdl_1e-9_1_hILS,10,g_50,ASTRAL-DISCOR,0.00000,0.00000,0.00000
20_gdl_1e-9_1_hILS,10,g_50,ASTRID-DISCOR-lca,0.05556,0.05556,0.05556
20_gdl_1e-9_1_hILS,10,g_50,ASTRAL-DISCOR-lca,0.05556,0.05556,0.05556
20_gdl_1e-9_1_hILS,10,g_50,ASTRID-DISCOR-oracle,0.00000,0.00000,0.00000
20_gdl_1e-9_1_hILS,10,g_50,ASTRAL-DISCOR-oracle,0.00000,0.00000,0.00000
20_gdl_1e-9_1_hILS,10,g_50,ASTRID-DISCOR-it2,0.00000,0.00000,0.00000
20_gdl_1e-9_1_hILS,10,g_50,ASTRAL-DISCOR-it2,0.00000,0.00000,0.00000
20_gdl_5e-10_1,01,g_100,ASTRAL-Pro2,0.05556,0.05556,0.05556
20_gdl_5e-10_1,01,g_100,ASTRID-DISCO,0.05556,0.05556,0.05556
20_gdl_5e-10_1,01,g_100,ASTRAL-DISCO,0.05556,0.05556,0.05556
20_gdl_5e-10_1,01,g_100,ASTRID-DISCOR,0.05556,0.05556,0.05556
20_gdl_5e-10_1,01,g_100,ASTRAL-DISCOR,0.05556,0.05556,0.05556
20_gdl_5e-10_1,01,g_100,ASTRID-DISCOR-lca,0.05556,0.05556,0.05556
20_gdl_5e-10_1,01,g_100,ASTRAL-DISCOR-lca,0.05556,0.05556,0.05556
20_gdl_5e-10_1,01,g_100,ASTRID-DISCOR-oracle,0.05556,0.05556,0.05556
20_gdl_5e-10_1,01,g_100,ASTRAL-DISCOR-oracle,0.05556,0.05556,0.05556
20_gdl_5e-10_1,01,g_100,ASTRID-DISCOR-it2,0.05556,0.05556,0.05556
20_gdl_5e-10_1,01,g_100,ASTRAL-DISCOR-it2,0.05556,0.05556,0.05556
20_gdl_5e-10_1,01,g_50,ASTRAL-Pro2,0.16667,0.16667,0.16667
20_gdl_5e-10_1,01,g_50,ASTRID-DISCO,0.11111,0.11111,0.11111
20_gdl_5e-10_1,01,g_50,ASTRAL-DISCO,0.16667,0.16667,0.16667
20_gdl_5e-10_1,01,g_50,ASTRID-DISCOR,0.16667,0.16667,0.16667
20_gdl_5e-10_1,01,g_50,ASTRAL-DISCOR,0.16667,0.16667,0.16667
20_gdl_5e-10_1,01,g_50,ASTRID-DISCOR-lca,0.16667,0.16667,0.16667
20_gdl_5e-10_1,01,g_50,ASTRAL-DISCOR-lca,0.16667,0.16667,0.16667
20_gdl_5e-10_1,01,g_50,ASTRID-DISCOR-oracle,0.16667,0.16667,0.16667
20_gdl_5e-10_1,01,g_50,ASTRAL-DISCOR-oracle,0.16667,0.16667,0.16667
20_gdl_5e-10_1,01,g_50,ASTRID-DISCOR-it2,0.16667,0.16667,0.16667
20_gdl_5e-10_1,01,g_50,ASTRAL-DISCOR-it2,0.16667,0.16667,0.16667
20_gdl_5e-10_1,01,g_true,ASTRAL-Pro2,0.00000,0.00000,0.00000
20_gdl_5e-10_1,01,g_true,ASTRID-DISCO,0.00000,0.00000,0.00000
20_gdl_5e-10_1,01,g_true,ASTRAL-DISCO,0.00000,0.00000,0.00000
20_gdl_5e-10_1,01,g_true,ASTRID-DISCOR,0.00000,0.00000,0.00000
20_gdl_5e-10_1,01,g_true,ASTRAL-DISCOR,0.00000,0.00000,0.00000
20_gdl_5e-10_1,01,g_true,ASTRID-DISCOR-lca,0.00000,0.00000,0.00000
20_gdl_5e-10_1,01,g_true,ASTRAL-DISCOR-lca,0.00000,0.00000,0.00000
20_gdl_5e-10_1,01,g_true,ASTRID-DISCOR-oracle,0.00000,0.00000,0.00000
20_gdl_5e-10_1,01,g_true,ASTRAL-DISCOR-oracle,0.00000,0.00000,0.00000
20_gdl_5e-10_1,01,g_true,ASTRID-DISCOR-it2,0.00000,0.00000,0.00000
20_gdl_5e-10_1,01,g_true,ASTRAL-DISCOR-it2,0.00000,0.00000,0.00000
20_gdl_5e-10_1,02,g_100,ASTRAL-Pro2,0.05556,0.05556,0.05556
20_gdl_5e-10_1,02,g_100,ASTRID-DISCO,0.05556,0.05556,0.05556
20_gdl_5e-10_1,02,g_100,ASTRAL-DISCO,0.05556,0.05556,0.05556
20_gdl_5e-10_1,02,g_100,ASTRID-DISCOR,0.05556,0.05556,0.05556
20_gdl_5e-10_1,02,g_100,ASTRAL-DISCOR,0.05556,0.05556,0.05556
20_gdl_5e-10_1,02,g_100,ASTRID-DISCOR-lca,0.05556,0.05556,0.05556
20_gdl_5e-10_1,02,g_100,ASTRAL-DISCOR-lca,0.05556,0.05556,0.05556
20_gdl_5e-10_1,02,g_100,ASTRID-DISCOR-oracle,0.05556,0.05556,0.05556
20_gdl_5e-10_1,02,g_100,ASTRAL-DISCOR-oracle,0.05556,0.05556,0.05556
20_gdl_5e-10_1,02,g_100,ASTRID-DISCOR-it2,0.05556,0.05556,0.05556
20_gdl_5e-10_1,02,g_100,ASTRAL-DISCOR-it2,0.05556,0.05556,0.05556
20_gdl_5e-10_1,02,g_50,ASTRAL-Pro2,0.05556,0.05556,0.05556
20_gdl_5e-10_1,02,g_50,ASTRID-DISCO,0.05556,0.05556,0.05556
20_gdl_5e-10_1,02,g_50,ASTRAL-DISCO,0.05556,0.05556,0.05556
20_gdl_5e-10_1,02,g_50,ASTRID-DISCOR,0.05556,0.05556,0.05556
20_gdl_5e-10_1,02,g_50,ASTRAL-DISCOR,0.05556,0.05556,0.05556
20_gdl_5e-10_1,02,g_50,ASTRID-DISCOR-lca,0.05556,0.05556,0.05556
20_gdl_5e-10_1,02,g_50,ASTRAL-DISCOR-lca,0.05556,0.05556,0.05556
20_gdl_5e-10_1,02,g_50,ASTRID-DISCOR-oracle,0.05556,0.05556,0.05556
20_gdl_5e-10_1,02,g_50,ASTRAL-DISCOR-oracle,0.05556,0.05556,0.05556
20_gdl_5e-10_1,02,g_50,ASTRID-DISCOR-it2,0.05556,0.05556,0.05556
20_gdl_5e-10_1,02,g_50,ASTRAL-DISCOR-it2,0.05556,0.05556,0.05556
20_gdl_5e-10_1,02,g_true,ASTRAL-Pro2,0.00000,0.00000,0.00000
20_gdl_5e-10_1,02,g_true,ASTRID-DISCO,0.00000,0.00000,0.00000
20_gdl_5e-10_1,02,g_true,ASTRAL-DISCO,0.00000,0.00000,0.00000
20_gdl_5e-10_1,02,g_true,ASTRID-DISCOR,0.00000,0.00000,0.00000
20_gdl_5e-10_1,02,g_true,ASTRAL-DISCOR,0.00000,0.00000,0.00000
20_gdl_5e-10_1,02,g_true,ASTRID-DISCOR-lca,0.00000,0.00000,0.00000
20_gdl_5e-10_1,02,g_true,ASTRAL-DISCOR-lca,0.00000,0.00000,0.00000
20_gdl_5e-10_1,02,g_true,ASTRID-DISCOR-oracle,0.00000,0.00000,0.00000
20_gdl_5e-10_1,02,g_true,ASTRAL-DISCOR-oracle,0.00000,0.00000,0.00000
20_gdl_5e-10_1,02,g_true,ASTRID-DISCOR-it2,0.00000,0.00000,0.00000
20_gdl_5e-10_1,02,g_true,ASTRAL-DISCOR-it2,0.00000,0.00000,0.00000
20_gdl_5e-10_1,03,g_100,ASTRAL-Pro2,0.00000,0.00000,0.00000
20_gdl_5e-10_1,03,g_100,ASTRID-DISCO,0.00000,0.00000,0.00000
20_gdl_5e-10_1,03,g_100,ASTRAL-DISCO,0.00000,0.00000,0.00000
20_gdl_5e-10_1,03,g_100,ASTRID-DISCOR,0.00000,0.00000,0.00000
20_gdl_5e-10_1,03,g_100,ASTRAL-DISCOR,0.00000,0.00000,0.00000
20_gdl_5e-10_1,03,g_100,ASTRID-DISCOR-lca,0.00000,0.00000,0.00000
20_gdl_5e-10_1,03,g_100,ASTRAL-DISCOR-lca,0.00000,0.00000,0.00000
20_gdl_5e-10_1,03,g_100,ASTRID-DISCOR-oracle,0.00000,0.00000,0.00000
20_gdl_5e-10_1,03,g_100,ASTRAL-DISCOR-oracle,0.00000,0.00000,0.00000
20_gdl_5e-10_1,03,g_100,ASTRID-DISCOR-it2,0.00000,0.00000,0.00000
20_gdl_5e-10_1,03,g_100,ASTRAL-DISCOR-it2,0.00000,0.00000,0.00000
20_gdl_5e-10_1,03,g_50,ASTRAL-Pro2,0.00000,0.00000,0.00000
20_gdl_5e-10_1,03,g_50,ASTRID-DISCO,0.00000,0.00000,0.00000
20_gdl_5e-10_1,03,g_50,ASTRAL-DISCO,0.00000,0.00000,0.00000
20_gdl_5e-10_1,03,g_50,ASTRID-DISCOR,0.00000,0.00000,0.00000
20_gdl_5e-10_1,03,g_50,ASTRAL-DISCOR,0.00000,0.00000,0.00000
20_gdl_5e-10_1,03,g_50,ASTRID-DISCOR-lca,0.00000,0.00000,0.00000
20_gdl_5e-10_1,03,g_50,ASTRAL-DISCOR-lca,0.00000,0.00000,0.00000
20_gdl_5e-10_1,03,g_50,ASTRID-DISCOR-oracle,0.00000,0.00000,0.00000
20_gdl_5e-10_1,03,g_50,ASTRAL-DISCOR-oracle,0.00000,0.00000,0.00000
20_gdl_5e-10_1,03,g_50,ASTRID-DISCOR-it2,0.00000,0.00000,0.00000
20_gdl_5e-10_1,03,g_50,ASTRAL-DISCOR-it2,0.00000,0.00000,0.00000
20_gdl_5e-10_1,03,g_true,ASTRAL-Pro2,0.00000,0.00000,0.00000
20_gdl_5e-10_1,03,g_true,ASTRID-DISCO,0.00000,0.00000,0.00000
20_gdl_5e-10_1,03,g_true,ASTRAL-DISCO,0.00000,0.00000,0.00000
20_gdl_5e-10_1,03,g_true,ASTRID-DISCOR,0.00000,0.00000,0.00000
20_gdl_5e-10_1,03,g_true,ASTRAL-DISCOR,0.00000,0.00000,0.00000
20_gdl_5e-10_1,03,g_true,ASTRID-DISCOR-lca,0.00000,0.00000,0.00000
20_gdl_5e-10_1,03,g_true,ASTRAL-DISCOR-lca,0.00000,0.00000,0.00000
20_gdl_5e-10_1,03,g_true,ASTRID-DISCOR-oracle,0.00000,0.00000,0.00000
20_gdl_5e-10_1,03,g_true,ASTRAL-DISCOR-oracle,0.00000,0.00000,0.00000
20_gdl_5e-10_1,03,g_true,ASTRID-DISCOR-it2,0.00000,0.00000,0.00000
20_gdl_5e-10_1,03,g_true,ASTRAL-DISCOR-it2,0.00000,0.00000,0.00000
20_gdl_5e-10_1,04,g_100,ASTRAL-Pro2,0.00000,0.00000,0.00000
20_gdl_5e-10_1,04,g_100,ASTRID-DISCO,0.00000,0.00000,0.00000
20_gdl_5e-10_1,04,g_100,ASTRAL-DISCO,0.00000,0.00000,0.00000
20_gdl_5e-10_1,04,g_100,ASTRID-DISCOR,0.00000,0.00000,0.00000
20_gdl_5e-10_1,04,g_100,ASTRAL-DISCOR,0.00000,0.00000,0.00000
20_gdl_5e-10_1,04,g_100,ASTRID-DISCOR-lca,0.00000,0.00000,0.00000
20_gdl_5e-10_1,04,g_100,ASTRAL-DISCOR-lca,0.00000,0.00000,0.00000
20_gdl_5e-10_1,04,g_100,ASTRID-DISCOR-oracle,0.00000,0.00000,0.00000
20_gdl_5e-10_1,04,g_100,ASTRAL-DISCOR-oracle,0.00000,0.00000,0.00000
20_gdl_5e-10_1,04,g_100,ASTRID-DISCOR-it2,0.00000,0.00000,0.00000
20_gdl_5e-10_1,04,g_100,ASTRAL-DISCOR-it2,0.00000,0.00000,0.00000
20_gdl_5e-10_1,04,g_50,ASTRAL-Pro2,0.00000,0.00000,0.00000
20_gdl_5e-10_1,04,g_50,ASTRID-DISCO,0.00000,0.00000,0.00000
20_gdl_5e-10_1,04,g_50,ASTRAL-DISCO,0.00000,0.00000,0.00000
20_gdl_5e-10_1,04,g_50,ASTRID-DISCOR,0.00000,0.00000,0.00000
20_gdl_5e-10_1,04,g_50,ASTRAL-DISCOR,0.00000,0.00000,0.00000
20_gdl_5e-10_1,04,g_50,ASTRID-DISCOR-lca,0.00000,0.00000,0.00000
20_gdl_5e-10_1,04,g_50,ASTRAL-DISCOR-lca,0.00000,0.00000,0.00000
20_gdl_5e-10_1,04,g_50,ASTRID-DISCOR-oracle,0.00000,0.00000,0.00000
20_gdl_5e-10_1,04,g_50,ASTRAL-DISCOR-oracle,0.00000,0.00000,0.00000
20_gdl_5e-10_1,04,g_50,ASTRID-DISCOR-it2,0.00000,0.00000,0.00000
20_gdl_5e-10_1,04,g_50,ASTRAL-DISCOR-it2,0.00000,0.00000,0.00000
20_gdl_5e-10_1,04,g_true,ASTRAL-Pro2,0.00000,0.00000,0.00000
20_gdl_5e-10_1,04,g_true,ASTRID-DISCO,0.00000,0.00000,0.00000
20_gdl_5e-10_1,04,g_true,ASTRAL-DISCO,0.00000,0.00000,0.00000
20_gdl_5e-10_1,04,g_true,ASTRID-DISCOR,0.00000,0.00000,0.00000
20_gdl_5e-10_1,04,g_true,ASTRAL-DISCOR,0.00000,0.00000,0.00000
20_gdl_5e-10_1,04,g_true,ASTRID-DISCOR-lca,0.00000,0.00000,0.00000
20_gdl_5e-10_1,04,g_true,ASTRAL-DISCOR-lca,0.00000,0.00000,0.00000
20_gdl_5e-10_1,04,g_true,ASTRID-DISCOR-oracle,0.00000,0.00000,0.00000
20_gdl_5e-10_1,04,g_true,ASTRAL-DISCOR-oracle,0.00000,0.00000,0.00000
20_gdl_5e-10_1,04,g_true,ASTRID-DISCOR-it2,0.00000,0.00000,0.00000
20_gdl_5e-10_1,04,g_true,ASTRAL-DISCOR-it2,0.00000,0.00000,0.00000
20_gdl_5e-10_1,05,g_100,ASTRAL-Pro2,0.05556,0.05556,0.05556
20_gdl_5e-10_1,05,g_100,ASTRID-DISCO,0.05556,0.05556,0.05556
20_gdl_5e-10_1,05,g_100,ASTRAL-DISCO,0.05556,0.05556,0.05556
20_gdl_5e-10_1,05,g_100,ASTRID-DISCOR,0.05556,0.05556,0.05556
20_gdl_5e-10_1,05,g_100,ASTRAL-DISCOR,0.05556,0.05556,0.05556
20_gdl_5e-10_1,05,g_100,ASTRID-DISCOR-lca,0.05556,0.05556,0.05556
20_gdl_5e-10_1,05,g_100,ASTRAL-DISCOR-lca,0.05556,0.05556,0.05556
20_gdl_5e-10_1,05,g_100,ASTRID-DISCOR-oracle,0.05556,0.05556,0.05556
20_gdl_5e-10_1,05,g_100,ASTRAL-DISCOR-oracle,0.05556,0.05556,0.05556
20_gdl_5e-10_1,05,g_100,ASTRID-DISCOR-it2,0.05556,0.05556,0.05556
20_gdl_5e-10_1,05,g_100,ASTRAL-DISCOR-it2,0.05556,0.05556,0.05556
20_gdl_5e-10_1,05,g_50,ASTRAL-Pro2,0.05556,0.05556,0.05556
20_gdl_5e-10_1,05,g_50,ASTRID-DISCO,0.05556,0.05556,0.05556
20_gdl_5e-10_1,05,g_50,ASTRAL-DISCO,0.05556,0.05556,0.05556
20_gdl_5e-10_1,05,g_50,ASTRID-DISCOR,0.05556,0.05556,0.05556
20_gdl_5e-10_1,05,g_50,ASTRAL-DISCOR,0.05556,0.05556,0.05556
20_gdl_5e-10_1,05,g_50,ASTRID-DISCOR-lca,0.05556,0.05556,0.05556
20_gdl_5e-10_1,05,g_50,ASTRAL-DISCOR-lca,0.05556,0.05556,0.05556
20_gdl_5e-10_1,05,g_50,ASTRID-DISCOR-oracle,0.05556,0.05556,0.05556
20_gdl_5e-10_1,05,g_50,ASTRAL-DISCOR-oracle,0.05556,0.05556,0.05556
20_gdl_5e-10_1,05,g_50,ASTRID-DISCOR-it2,0.05556,0.05556,0.05556
20_gdl_5e-10_1,05,g_50,ASTRAL-DISCOR-it2,0.05556,0.05556,0.05556
20_gdl_5e-10_1,05,g_true,ASTRAL-Pro2,0.00000,0.00000,0.00000
20_gdl_5e-10_1,05,g_true,ASTRID-DISCO,0.00000,0.00000,0.00000
20_gdl_5e-10_1,05,g_true,ASTRAL-DISCO,0.00000,0.00000,0.00000
20_gdl_5e-10_1,05,g_true,ASTRID-DISCOR,0.00000,0.00000,0.00000
20_gdl_5e-10_1,05,g_true,ASTRAL-DISCOR,0.00000,0.00000,0.00000
20_gdl_5e-10_1,05,g_true,ASTRID-DISCOR-lca,0.00000,0.00000,0.00000
20_gdl_5e-10_1,05,g_true,ASTRAL-DISCOR-lca,0.00000,0.00000,0.00000
20_gdl_5e-10_1,05,g_true,ASTRID-DISCOR-oracle,0.00000,0.00000,0.00000
20_gdl_5e-10_1,05,g_true,ASTRAL-DISCOR-oracle,0.00000,0.00000,0.00000
20_gdl_5e-10_1,05,g_true,ASTRID-DISCOR-it2,0.00000,0.00000,0.00000
20_gdl_5e-10_1,05,g_true,ASTRAL-DISCOR-it2,0.00000,0.00000,0.00000
20_gdl_5e-10_1,06,g_100,ASTRAL-Pro2,0.05556,0.05556,0.05556
20_gdl_5e-10_1,06,g_100,ASTRID-DISCO,0.00000,0.00000,0.00000
20_gdl_5e-10_1,06,g_100,ASTRAL-DISCO,0.05556,0.05556,0.05556
20_gdl_5e-10_1,06,g_100,ASTRID-DISCOR,0.00000,0.00000,0.00000
20_gdl_5e-10_1,06,g_100,ASTRAL-DISCOR,0.11111,0.11111,0.11111
20_gdl_5e-10_1,06,g_100,ASTRID-DISCOR-lca,0.05556,0.05556,0.05556
20_gdl_5e-10_1,06,g_100,ASTRAL-DISCOR-lca,0.05556,0.05556,0.05556
20_gdl_5e-10_1,06,g_100,ASTRID-DISCOR-oracle,0.00000,0.00000,0.00000
20_gdl_5e-10_1,06,g_100,ASTRAL-DISCOR-oracle,0.11111,0.11111,0.11111
20_gdl_5e-10_1,06,g_100,ASTRID-DISCOR-it2,0.00000,0.00000,0.00000
20_gdl_5e-10_1,06,g_100,ASTRAL-DISCOR-it2,0.11111,0.11111,0.11111
20_gdl_5e-10_1,06,g_50,ASTRAL-Pro2,0.11111,0.11111,0.11111
20_gdl_5e-10_1,06,g_50,ASTRID-DISCO,0.11111,0.11111,0.11111
20_gdl_5e-10_1,06,g_50,ASTRAL-DISCO,0.11111,0.11111,0.11111
20_gdl_5e-10_1,06,g_50,ASTRID-DISCOR,0.00000,0.00000,0.00000
20_gdl_5e-10_1,06,g_50,ASTRAL-DISCOR,0.11111,0.11111,0.11111
20_gdl_5e-10_1,06,g_50,ASTRID-DISCOR-lca,0.11111,0.11111,0.11111
20_gdl_5e-10_1,06,g_50,ASTRAL-DISCOR-lca,0.11111,0.11111,0.11111
20_gdl_5e-10_1,06,g_50,ASTRID-DISCOR-oracle,0.00000,0.00000,0.00000
20_gdl_5e-10_1,06,g_50,ASTRAL-DISCOR-oracle,0.11111,0.11111,0.11111
20_gdl_5e-10_1,06,g_50,ASTRID-DISCOR-it2,0.00000,0.00000,0.00000
20_gdl_5e-10_1,06,g_50,ASTRAL-DISCOR-it2,0.11111,0.11111,0.11111
20_gdl_5e-10_1,07,g_100,ASTRAL-Pro2,0.00000,0.00000,0.00000
20_gdl_5e-10_1,07,g_100,ASTRID-DISCO,0.00000,0.00000,0.00000
20_gdl_5e-10_1,07,g_100,ASTRAL-DISCO,0.00000,0.00000,0.00000
20_gdl_5e-10_1,07,g_100,ASTRID-DISCOR,0.00000,0.00000,0.00000
20_gdl_5e-10_1,07,g_100,ASTRAL-DISCOR,0.00000,0.00000,0.00000
20_gdl_5e-10_1,07,g_100,ASTRID-DISCOR-lca,0.00000,0.00000,0.00000
20_gdl_5e-10_1,07,g_100,ASTRAL-DISCOR-lca,0.00000,0.00000,0.00000
20_gdl_5e-10_1,07,g_100,ASTRID-DISCOR-oracle,0.00000,0.00000,0.00000
20_gdl_5e-10_1,07,g_100,ASTRAL-DISCOR-oracle,0.00000,0.00000,0.00000
20_gdl_5e-10_1,07,g_100,ASTRID-DISCOR-it2,0.00000,0.00000,0.00000
20_gdl_5e-10_1,07,g_100,ASTRAL-DISCOR-it2,0.00000,0.00000,0.00000
20_gdl_5e-10_1,07,g_50,ASTRAL-Pro2,0.00000,0.00000,0.00000
20_gdl_5e-10_1,07,g_50,ASTRID-DISCO,0.00000,0.00000,0.00000
20_gdl_5e-10_1,07,g_50,ASTRAL-DISCO,0.00000,0.00000,0.00000
20_gdl_5e-10_1,07,g_50,ASTRID-DISCOR,0.00000,0.00000,0.00000
20_gdl_5e-10_1,07,g_50,ASTRAL-DISCOR,0.00000,0.00000,0.00000
20_gdl_5e-10_1,07,g_50,ASTRID-DISCOR-lca,0.00000,0.00000,0.00000
20_gdl_5e-10_1,07,g_50,ASTRAL-DISCOR-lca,0.00000,0.00000,0.00000
20_gdl_5e-10_1,07,g_50,ASTRID-DISCOR-oracle,0.00000,0.00000,0.00000
20_gdl_5e-10_1,07,g_50,ASTRAL-DISCOR-oracle,0.00000,0.00000,0.00000
20_gdl_5e-10_1,07,g_50,ASTRID-DISCOR-it2,0.00000,0.00000,0.00000
20_gdl_5e-10_1,07,g_50,ASTRAL-DISCOR-it2,0.00000,0.00000,0.00000
20_gdl_5e-10_1,08,g_100,ASTRAL-Pro2,0.00000,0.00000,0.00000
20_gdl_5e-10_1,08,g_100,ASTRID-DISCO,0.00000,0.00000,0.00000
20_gdl_5e-10_1,08,g_100,ASTRAL-DISCO,0.05556,0.05556,0.05556
20_gdl_5e-10_1,08,g_100,ASTRID-DISCOR,0.00000,0.00000,0.00000
20_gdl_5e-10_1,08,g_100,ASTRAL-DISCOR,0.00000,0.00000,0.00000
20_gdl_5e-10_1,08,g_100,ASTRID-DISCOR-lca,0.00000,0.00000,0.00000
20_gdl_5e-10_1,08,g_100,ASTRAL-DISCOR-lca,0.00000,0.00000,0.00000
20_gdl_5e-10_1,08,g_100,ASTRID-DISCOR-oracle,0.00000,0.00000,0.00000
20_gdl_5e-10_1,08,g_100,ASTRAL-DISCOR-oracle,0.00000,0.00000,0.00000
20_gdl_5e-10_1,08,g_100,ASTRID-DISCOR-it2,0.00000,0.00000,0.00000
20_gdl_5e-10_1,08,g_100,ASTRAL-DISCOR-it2,0.00000,0.00000,0.00000
20_gdl_5e-10_1,08,g_50,ASTRAL-Pro2,0.05556,0.05556,0.05556
20_gdl_5e-10_1,08,g_50,ASTRID-DISCO,0.05556,0.05556,0.05556
20_gdl_5e-10_1,08,g_50,ASTRAL-DISCO,0.05556,0.05556,0.05556
20_gdl_5e-10_1,08,g_50,ASTRID-DISCOR,0.00000,0.00000,0.00000
20_gdl_5e-10_1,08,g_50,ASTRAL-DISCOR,0.05556,0.05556,0.05556
20_gdl_5e-10_1,08,g_50,ASTRID-DISCOR-lca,0.05556,0.05556,0.05556
20_gdl_5e-10_1,08,g_50,ASTRAL-DISCOR-lca,0.05556,0.05556,0.05556
20_gdl_5e-10_1,08,g_50,ASTRID-DISCOR-oracle,0.00000,0.00000,0.00000
20_gdl_5e-10_1,08,g_50,ASTRAL-DISCOR-oracle,0.05556,0.05556,0.05556
20_gdl_5e-10_1,08,g_50,ASTRID-DISCOR-it2,0.00000,0.00000,0.00000
20_gdl_5e-10_1,08,g_50,ASTRAL-DISCOR-it2,0.05556,0.05556,0.05556
20_gdl_5e-10_1,09,g_100,ASTRAL-Pro2,0.00000,0.00000,0.00000
20_gdl_5e-10_1,09,g_100,ASTRID-DISCO,0.00000,0.00000,0.00000
20_gdl_5e-10_1,09,g_100,ASTRAL-DISCO,0.00000,0.00000,0.00000
20_gdl_5e-10_1,09,g_100,ASTRID-DISCOR,0.00000,0.00000,0.00000
20_gdl_5e-10_1,09,g_100,ASTRAL-DISCOR,0.00000,0.00000,0.00000
20_gdl_5e-10_1,09,g_100,ASTRID-DISCOR-lca,0.00000,0.00000,0.00000
20_gdl_5e-10_1,09,g_100,ASTRAL-DISCOR-lca,0.00000,0.00000,0.00000
20_gdl_5e-10_1,09,g_100,ASTRID-DISCOR-oracle,0.00000,0.00000,0.00000
20_gdl_5e-10_1,09,g_100,ASTRAL-DISCOR-oracle,0.00000,0.00000,0.00000
20_gdl_5e-10_1,09,g_100,ASTRID-DISCOR-it2,0.00000,0.00000,0.00000
20_gdl_5e-10_1,09,g_100,ASTRAL-DISCOR-it2,0.00000,0.00000,0.00000
20_gdl_5e-10_1,09,g_50,ASTRAL-Pro2,0.00000,0.00000,0.00000
20_gdl_5e-10_1,09,g_50,ASTRID-DISCO,0.00000,0.00000,0.00000
20_gdl_5e-10_1,09,g_50,ASTRAL-DISCO,0.00000,0.00000,0.00000
20_gdl_5e-10_1,09,g_50,ASTRID-DISCOR,0.00000,0.00000,0.00000
20_gdl_5e-10_1,09,g_50,ASTRAL-DISCOR,0.00000,0.00000,0.00000
20_gdl_5e-10_1,09,g_50,ASTRID-DISCOR-lca,0.00000,0.00000,0.00000
20_gdl_5e-10_1,09,g_50,ASTRAL-DISCOR-lca,0.00000,0.00000,0.00000
20_gdl_5e-10_1,09,g_50,ASTRID-DISCOR-oracle,0.00000,0.00000,0.00000
20_gdl_5e-10_1,09,g_50,ASTRAL-DISCOR-oracle,0.00000,0.00000,0.00000
20_gdl_5e-10_1,09,g_50,ASTRID-DISCOR-it2,0.00000,0.00000,0.00000
20_gdl_5e-10_1,09,g_50,ASTRAL-DISCOR-it2,0.00000,0.00000,0.00000
20_gdl_5e-10_1,10,g_100,ASTRAL-Pro2,0.00000,0.00000,0.00000
20_gdl_5e-10_1,10,g_100,ASTRID-DISCO,0.00000,0.00000,0.00000
20_gdl_5e-10_1,10,g_100,ASTRAL-DISCO,0.00000,0.00000,0.00000
20_gdl_5e-10_1,10,g_100,ASTRID-DISCOR,0.00000,0.00000,0.00000
20_gdl_5e-10_1,10,g_100,ASTRAL-DISCOR,0.05556,0.05556,0.05556
20_gdl_5e-10_1,10,g_100,ASTRID-DISCOR-lca,0.00000,0.00000,0.00000
20_gdl_5e-10_1,10,g_100,ASTRAL-DISCOR-lca,0.00000,0.00000,0.00000
20_gdl_5e-10_1,10,g_100,ASTRID-DISCOR-oracle,0.00000,0.00000,0.00000
20_gdl_5e-10_1,10,g_100,ASTRAL-DISCOR-oracle,0.05556,0.05556,0.05556
20_gdl_5e-10_1,10,g_100,ASTRID-DISCOR-it2,0.00000,0.00000,0.00000
20_gdl_5e-10_1,10,g_100,ASTRAL-DISCOR-it2,0.05556,0.05556,0.05556
20_gdl_5e-10_1,10,g_50,ASTRAL-Pro2,0.05556,0.05556,0.05556
20_gdl_5e-10_1,10,g_50,ASTRID-DISCO,0.05556,0.05556,0.05556
20_gdl_5e-10_1,10,g_50,ASTRAL-DISCO,0.05556,0.05556,0.05556
20_gdl_5e-10_1,10,g_50,ASTRID-DISCOR,0.05556,0.05556,0.05556
20_gdl_5e-10_1,10,g_50,ASTRAL-DISCOR,0.05556,0.05556,0.05556
20_gdl_5e-10_1,10,g_50,ASTRID-DISCOR-lca,0.05556,0.05556,0.05556
20_gdl_5e-10_1,10,g_50,ASTRAL-DISCOR-lca,0.05556,0.05556,0.05556
20_gdl_5e-10_1,10,g_50,ASTRID-DISCOR-oracle,0.05556,0.05556,0.05556
20_gdl_5e-10_1,10,g_50,ASTRAL-DISCOR-oracle,0.05556,0.05556,0.05556
20_gdl_5e-10_1,10,g_50,ASTRID-DISCOR-it2,0.05556,0.05556,0.05556
20_gdl_5e-10_1,10,g_50,ASTRAL-DISCOR-it2,0.05556,0.05556,0.05556
20_gdl_5e-10_1_hILS,01,g_100,ASTRAL-Pro2,0.16667,0.16667,0.16667
20_gdl_5e-10_1_hILS,01,g_100,ASTRID-DISCO,0.11111,0.11111,0.11111
20_gdl_5e-10_1_hILS,01,g_100,ASTRAL-DISCO,0.16667,0.16667,0.16667
20_gdl_5e-10_1_hILS,01,g_100,ASTRID-DISCOR,0.11111,0.11111,0.11111
20_gdl_5e-10_1_hILS,01,g_100,ASTRAL-DISCOR,0.16667,0.16667,0.16667
20_gdl_5e-10_1_hILS,01,g_100,ASTRID-DISCOR-lca,0.16667,0.16667,0.16667
20_gdl_5e-10_1_hILS,01,g_100,ASTRAL-DISCOR-lca,0.16667,0.16667,0.16667
20_gdl_5e-10_1_hILS,01,g_100,ASTRID-DISCOR-oracle,0.11111,0.11111,0.11111
20_gdl_5e-10_1_hILS,01,g_100,ASTRAL-DISCOR-oracle,0.16667,0.16667,0.16667
20_gdl_5e-10_1_hILS,01,g_100,ASTRID-DISCOR-it2,0.11111,0.11111,0.11111
20_gdl_5e-10_1_hILS,01,g_100,ASTRAL-DISCOR-it2,0.16667,0.16667,0.16667
20_gdl_5e-10_1_hILS,01,g_50,ASTRAL-Pro2,0.22222,0.22222,0.22222
20_gdl_5e-10_1_hILS,01,g_50,ASTRID-DISCO,0.11111,0.11111,0.11111
20_gdl_5e-10_1_hILS,01,g_50,ASTRAL-DISCO,0.11111,0.11111,0.11111
20_gdl_5e-10_1_hILS,01,g_50,ASTRID-DISCOR,0.11111,0.11111,0.11111
20_gdl_5e-10_1_hILS,01,g_50,ASTRAL-DISCOR,0.16667,0.16667,0.16667
20_gdl_5e-10_1_hILS,01,g_50,ASTRID-DISCOR-lca,0.22222,0.22222,0.22222
20_gdl_5e-10_1_hILS,01,g_50,ASTRAL-DISCOR-lca,0.22222,0.22222,0.22222
20_gdl_5e-10_1_hILS,01,g_50,ASTRID-DISCOR-oracle,0.11111,0.11111,0.11111
20_gdl_5e-10_1_hILS,01,g_50,ASTRAL-DISCOR-oracle,0.16667,0.16667,0.16667
20_gdl_5e-10_1_hILS,01,g_50,ASTRID-DISCOR-it2,0.11111,0.11111,0.11111
20_gdl_5e-10_1_hILS,01,g_50,ASTRAL-DISCOR-it2,0.16667,0.16667,0.16667
20_gdl_5e-10_1_hILS,01,g_true,ASTRAL-Pro2,0.16667,0.16667,0.16667
20_gdl_5e-10_1_hILS,01,g_true,ASTRID-DISCO,0.05556,0.05556,0.05556
20_gdl_5e-10_1_hILS,01,g_true,ASTRAL-DISCO,0.16667,0.16667,0.16667
20_gdl_5e-10_1_hILS,01,g_true,ASTRID-DISCOR,0.05556,0.05556,0.05556
20_gdl_5e-10_1_hILS,01,g_true,ASTRAL-DISCOR,0.11111,0.11111,0.11111
20_gdl_5e-10_1_hILS,01,g_true,ASTRID-DISCOR-lca,0.16667,0.16667,0.16667
20_gdl_5e-10_1_hILS,01,g_true,ASTRAL-DISCOR-lca,0.16667,0.16667,0.16667
20_gdl_5e-10_1_hILS,01,g_true,ASTRID-DISCOR-oracle,0.05556,0.05556,0.05556
20_gdl_5e-10_1_hILS,01,g_true,ASTRAL-DISCOR-oracle,0.11111,0.11111,0.11111
20_gdl_5e-10_1_hILS,01,g_true,ASTRID-DISCOR-it2,0.05556,0.05556,0.05556
20_gdl_5e-10_1_hILS,01,g_true,ASTRAL-DISCOR-it2,0.11111,0.11111,0.11111
20_gdl_5e-10_1_hILS,02,g_100,ASTRAL-Pro2,0.05556,0.05556,0.05556
20_gdl_5e-10_1_hILS,02,g_100,ASTRID-DISCO,0.11111,0.11111,0.11111
20_gdl_5e-10_1_hILS,02,g_100,ASTRAL-DISCO,0.05556,0.05556,0.05556
20_gdl_5e-10_1_hILS,02,g_100,ASTRID-DISCOR,0.05556,0.05556,0.05556
20_gdl_5e-10_1_hILS,02,g_100,ASTRAL-DISCOR,0.05556,0.05556,0.05556
20_gdl_5e-10_1_hILS,02,g_100,ASTRID-DISCOR-lca,0.05556,0.05556,0.05556
20_gdl_5e-10_1_hILS,02,g_100,ASTRAL-DISCOR-lca,0.05556,0.05556,0.05556
20_gdl_5e-10_1_hILS,02,g_100,ASTRID-DISCOR-oracle,0.05556,0.05556,0.05556
20_gdl_5e-10_1_hILS,02,g_100,ASTRAL-DISCOR-oracle,0.05556,0.05556,0.05556
20_gdl_5e-10_1_hILS,02,g_100,ASTRID-DISCOR-it2,0.05556,0.05556,0.05556
20_gdl_5e-10_1_hILS,02,g_100,ASTRAL-DISCOR-it2,0.05556,0.05556,0.05556
20_gdl_5e-10_1_hILS,02,g_50,ASTRAL-Pro2,0.16667,0.16667,0.16667
20_gdl_5e-10_1_hILS,02,g_50,ASTRID-DISCO,0.22222,0.22222,0.22222
20_gdl_5e-10_1_hILS,02,g_50,ASTRAL-DISCO,0.16667,0.16667,0.16667
20_gdl_5e-10_1_hILS,02,g_50,ASTRID-DISCOR,0.16667,0.16667,0.16667
20_gdl_5e-10_1_hILS,02,g_50,ASTRAL-DISCOR,0.16667,0.16667,0.16667
20_gdl_5e-10_1_hILS,02,g_50,ASTRID-DISCOR-lca,0.16667,0.16667,0.16667
20_gdl_5e-10_1_hILS,02,g_50,ASTRAL-DISCOR-lca,0.16667,0.16667,0.16667
20_gdl_5e-10_1_hILS,02,g_50,ASTRID-DISCOR-oracle,0.16667,0.16667,0.16667
20_gdl_5e-10_1_hILS,02,g_50,ASTRAL-DISCOR-oracle,0.16667,0.16667,0.16667
20_gdl_5e-10_1_hILS,02,g_50,ASTRID-DISCOR-it2,0.16667,0.16667,0.16667
20_gdl_5e-10_1_hILS,02,g_50,ASTRAL-DISCOR-it2,0.16667,0.16667,0.16667
20_gdl_5e-10_1_hILS,02,g_true,ASTRAL-Pro2,0.05556,0.05556,0.05556
20_gdl_5e-10_1_hILS,02,g_true,ASTRID-DISCO,0.00000,0.00000,0.00000
20_gdl_5e-10_1_hILS,02,g_true,ASTRAL-DISCO,0.05556,0.05556,0.05556
20_gdl_5e-10_1_hILS,02,g_true,ASTRID-DISCOR,0.00000,0.00000,0.00000
20_gdl_5e-10_1_hILS,02,g_true,ASTRAL-DISCOR,0.05556,0.05556,0.05556
20_gdl_5e-10_1_hILS,02,g_true,ASTRID-DISCOR-lca,0.05556,0.05556,0.05556
20_gdl_5e-10_1_hILS,02,g_true,ASTRAL-DISCOR-lca,0.05556,0.05556,0.05556
20_gdl_5e-10_1_hILS,02,g_true,ASTRID-DISCOR-oracle,0.00000,0.00000,0.00000
20_gdl_5e-10_1_hILS,02,g_true,ASTRAL-DISCOR-oracle,0.05556,0.05556,0.05556
20_gdl_5e-10_1_hILS,02,g_true,ASTRID-DISCOR-it2,0.00000,0.00000,0.00000
20_gdl_5e-10_1_hILS,02,g_true,ASTRAL-DISCOR-it2,0.05556,0.05556,0.05556
20_gdl_5e-10_1_hILS,03,g_100,ASTRAL-Pro2,0.05556,0.05556,0.05556
20_gdl_5e-10_1_hILS,03,g_100,ASTRID-DISCO,0.05556,0.05556,0.05556
20_gdl_5e-10_1_hILS,03,g_100,ASTRAL-DISCO,0.05556,0.05556,0.05556
20_gdl_5e-10_1_hILS,03,g_100,ASTRID-DISCOR,0.05556,0.05556,0.05556
20_gdl_5e-10_1_hILS,03,g_100,ASTRAL-DISCOR,0.05556,0.05556,0.05556
20_gdl_5e-10_1_hILS,03,g_100,ASTRID-DISCOR-lca,0.05556,0.05556,0.05556
20_gdl_5e-10_1_hILS,03,g_100,ASTRAL-DISCOR-lca,0.05556,0.05556,0.05556
20_gdl_5e-10_1_hILS,03,g_100,ASTRID-DISCOR-oracle,0.05556,0.05556,0.05556
20_gdl_5e-10_1_hILS,03,g_100,ASTRAL-DISCOR-oracle,0.05556,0.05556,0.05556
20_gdl_5e-10_1_hILS,03,g_100,ASTRID-DISCOR-it2,0.05556,0.05556,0.05556
20_gdl_5e-10_1_hILS,03,g_100,ASTRAL-DISCOR-it2,0.05556,0.05556,0.05556
20_gdl_5e-10_1_hILS,03,g_50,ASTRAL-Pro2,0.05556,0.05556,0.05556
20_gdl_5e-10_1_hILS,03,g_50,ASTRID-DISCO,0.05556,0.05556,0.05556
20_gdl_5e-10_1_hILS,03,g_50,ASTRAL-DISCO,0.05556,0.05556,0.05556
20_gdl_5e-10_1_hILS,03,g_50,ASTRID-DISCOR,0.05556,0.05556,0.05556
20_gdl_5e-10_1_hILS,03,g_50,ASTRAL-DISCOR,0.05556,0.05556,0.05556
20_gdl_5e-10_1_hILS,03,g_50,ASTRID-DISCOR-lca,0.00000,0.00000,0.00000
20_gdl_5e-10_1_hILS,03,g_50,ASTRAL-DISCOR-lca,0.05556,0.05556,0.05556
20_gdl_5e-10_1_hILS,03,g_50,ASTRID-DISCOR-oracle,0.05556,0.05556,0.05556
20_gdl_5e-10_1_hILS,03,g_50,ASTRAL-DISCOR-oracle,0.05556,0.05556,0.05556
20_gdl_5e-10_1_hILS,03,g_50,ASTRID-DISCOR-it2,0.05556,0.05556,0.05556
20_gdl_5e-10_1_hILS,03,g_50,ASTRAL-DISCOR-it2,0.05556,0.05556,0.05556
20_gdl_5e-10_1_hILS,03,g_true,ASTRAL-Pro2,0.00000,0.00000,0.00000
20_gdl_5e-10_1_hILS,03,g_true,ASTRID-DISCO,0.00000,0.00000,0.00000
20_gdl_5e-10_1_hILS,03,g_true,ASTRAL-DISCO,0.00000,0.00000,0.00000
20_gdl_5e-10_1_hILS,03,g_true,ASTRID-DISCOR,0.05556,0.05556,0.05556
20_gdl_5e-10_1_hILS,03,g_true,ASTRAL-DISCOR,0.00000,0.00000,0.00000
20_gdl_5e-10_1_hILS,03,g_true,ASTRID-DISCOR-lca,0.00000,0.00000,0.00000
20_gdl_5e-10_1_hILS,03,g_true,ASTRAL-DISCOR-lca,0.00000,0.00000,0.00000
20_gdl_5e-10_1_hILS,03,g_true,ASTRID-DISCOR-oracle,0.05556,0.05556,0.05556
20_gdl_5e-10_1_hILS,03,g_true,ASTRAL-DISCOR-oracle,0.00000,0.00000,0.00000
20_gdl_5e-10_1_hILS,03,g_true,ASTRID-DISCOR-it2,0.05556,0.05556,0.05556
20_gdl_5e-10_1_hILS,03,g_true,ASTRAL-DISCOR-it2,0.00000,0.00000,0.00000
20_gdl_5e-10_1_hILS,04,g_100,ASTRAL-Pro2,0.00000,0.00000,0.00000
20_gdl_5e-10_1_hILS,04,g_100,ASTRID-DISCO,0.00000,0.00000,0.00000
20_gdl_5e-10_1_hILS,04,g_100,ASTRAL-DISCO,0.00000,0.00000,0.00000
20_gdl_5e-10_1_hILS,04,g_100,ASTRID-DISCOR,0.00000,0.00000,0.00000
20_gdl_5e-10_1_hILS,04,g_100,ASTRAL-DISCOR,0.00000,0.00000,0.00000
20_gdl_5e-10_1_hILS,04,g_100,ASTRID-DISCOR-lca,0.00000,0.00000,0.00000
20_gdl_5e-10_1_hILS,04,g_100,ASTRAL-DISCOR-lca,0.00000,0.00000,0.00000
20_gdl_5e-10_1_hILS,04,g_100,ASTRID-DISCOR-oracle,0.00000,0.00000,0.00000
20_gdl_5e-10_1_hILS,04,g_100,ASTRAL-DISCOR-oracle,0.00000,0.00000,0.00000
20_gdl_5e-10_1_hILS,04,g_100,ASTRID-DISCOR-it2,0.00000,0.00000,0.00000
20_gdl_5e-10_1_hILS,04,g_100,ASTRAL-DISCOR-it2,0.00000,0.00000,0.00000
20_gdl_5e-10_1_hILS,04,g_50,ASTRAL-Pro2,0.00000,0.00000,0.00000
20_gdl_5e-10_1_hILS,04,g_50,ASTRID-DISCO,0.00000,0.00000,0.00000
20_gdl_5e-10_1_hILS,04,g_50,ASTRAL-DISCO,0.05556,0.05556,0.05556
20_gdl_5e-10_1_hILS,04,g_50,ASTRID-DISCOR,0.00000,0.00000,0.00000
20_gdl_5e-10_1_hILS,04,g_50,ASTRAL-DISCOR,0.00000,0.00000,0.00000
20_gdl_5e-10_1_hILS,04,g_50,ASTRID-DISCOR-lca,0.00000,0.00000,0.00000
20_gdl_5e-10_1_hILS,04,g_50,ASTRAL-DISCOR-lca,0.00000,0.00000,0.00000
20_gdl_5e-10_1_hILS,04,g_50,ASTRID-DISCOR-oracle,0.00000,0.00000,0.00000
20_gdl_5e-10_1_hILS,04,g_50,ASTRAL-DISCOR-oracle,0.00000,0.00000,0.00000
20_gdl_5e-10_1_hILS,04,g_50,ASTRID-DISCOR-it2,0.00000,0.00000,0.00000
20_gdl_5e-10_1_hILS,04,g_50,ASTRAL-DISCOR-it2,0.00000,0.00000,0.00000
20_gdl_5e-10_1_hILS,04,g_true,ASTRAL-Pro2,0.05556,0.05556,0.05556
20_gdl_5e-10_1_hILS,04,g_true,ASTRID-DISCO,0.00000,0.00000,0.00000
20_gdl_5e-10_1_hILS,04,g_true,ASTRAL-DISCO,0.05556,0.05556,0.05556
20_gdl_5e-10_1_hILS,04,g_true,ASTRID-DISCOR,0.00000,0.00000,0.00000
20_gdl_5e-10_1_hILS,04,g_true,ASTRAL-DISCOR,0.00000,0.00000,0.00000
20_gdl_5e-10_1_hILS,04,g_true,ASTRID-DISCOR-lca,0.05556,0.05556,0.05556
20_gdl_5e-10_1_hILS,04,g_true,ASTRAL-DISCOR-lca,0.05556,0.05556,0.05556
20_gdl_5e-10_1_hILS,04,g_true,ASTRID-DISCOR-oracle,0.00000,0.00000,0.00000
20_gdl_5e-10_1_hILS,04,g_true,ASTRAL-DISCOR-oracle,0.00000,0.00000,0.00000
20_gdl_5e-10_1_hILS,04,g_true,ASTRID-DISCOR-it2,0.00000,0.00000,0.00000
20_gdl_5e-10_1_hILS,04,g_true,ASTRAL-DISCOR-it2,0.00000,0.00000,0.00000
20_gdl_5e-10_1_hILS,05,g_100,ASTRAL-Pro2,0.00000,0.00000,0.00000
20_gdl_5e-10_1_hILS,05,g_100,ASTRID-DISCO,0.00000,0.00000,0.00000
20_gdl_5e-10_1_hILS,05,g_100,ASTRAL-DISCO,0.00000,0.00000,0.00000
20_gdl_5e-10_1_hILS,05,g_100,ASTRID-DISCOR,0.00000,0.00000,0.00000
20_gdl_5e-10_1_hILS,05,g_100,ASTRAL-DISCOR,0.00000,0.00000,0.00000
20_gdl_5e-10_1_hILS,05,g_100,ASTRID-DISCOR-lca,0.00000,0.00000,0.00000
20_gdl_5e-10_1_hILS,05,g_100,ASTRAL-DISCOR-lca,0.00000,0.00000,0.00000
20_gdl_5e-10_1_hILS,05,g_100,ASTRID-DISCOR-oracle,0.00000,0.00000,0.00000
20_gdl_5e-10_1_hILS,05,g_100,ASTRAL-DISCOR-oracle,0.00000,0.00000,0.00000
20_gdl_5e-10_1_hILS,05,g_100,ASTRID-DISCOR-it2,0.00000,0.00000,0.00000
20_gdl_5e-10_1_hILS,05,g_100,ASTRAL-DISCOR-it2,0.00000,0.00000,0.00000
20_gdl_5e-10_1_hILS,05,g_50,ASTRAL-Pro2,0.00000,0.00000,0.00000
20_gdl_5e-10_1_hILS,05,g_50,ASTRID-DISCO,0.00000,0.00000,0.00000
20_gdl_5e-10_1_hILS,05,g_50,ASTRAL-DISCO,0.00000,0.00000,0.00000
20_gdl_5e-10_1_hILS,05,g_50,ASTRID-DISCOR,0.00000,0.00000,0.00000
20_gdl_5e-10_1_hILS,05,g_50,ASTRAL-DISCOR,0.00000,0.00000,0.00000
20_gdl_5e-10_1_hILS,05,g_50,ASTRID-DISCOR-lca,0.00000,0.00000,0.00000
20_gdl_5e-10_1_hILS,05,g_50,ASTRAL-DISCOR-lca,0.00000,0.00000,0.00000
20_gdl_5e-10_1_hILS,05,g_50,ASTRID-DISCOR-oracle,0.00000,0.00000,0.00000
20_gdl_5e-10_1_hILS,05,g_50,ASTRAL-DISCOR-oracle,0.00000,0.00000,0.00000
20_gdl_5e-10_1_hILS,05,g_50,ASTRID-DISCOR-it2,0.00000,0.00000,0.00000
20_gdl_5e-10_1_hILS,05,g_50,ASTRAL-DISCOR-it2,0.00000,0.00000,0.00000
20_gdl_5e-10_1_hILS,05,g_true,ASTRAL-Pro2,0.00000,0.00000,0.00000
20_gdl_5e-10_1_hILS,05,g_true,ASTRID-DISCO,0.00000,0.00000,0.00000
20_gdl_5e-10_1_hILS,05,g_true,ASTRAL-DISCO,0.00000,0.00000,0.00000
20_gdl_5e-10_1_hILS,05,g_true,ASTRID-DISCOR,0.00000,0.00000,0.00000
20_gdl_5e-10_1_hILS,05,g_true,ASTRAL-DISCOR,0.00000,0.00000,0.00000
20_gdl_5e-10_1_hILS,05,g_true,ASTRID-DISCOR-lca,0.00000,0.00000,0.00000
20_gdl_5e-10_1_hILS,05,g_true,ASTRAL-DISCOR-lca,0.00000,0.00000,0.00000
20_gdl_5e-10_1_hILS,05,g_true,ASTRID-DISCOR-oracle,0.00000,0.00000,0.00000
20_gdl_5e-10_1_hILS,05,g_true,ASTRAL-DISCOR-oracle,0.00000,0.00000,0.00000
20_gdl_5e-10_1_hILS,05,g_true,ASTRID-DISCOR-it2,0.00000,0.00000,0.00000
20_gdl_5e-10_1_hILS,05,g_true,ASTRAL-DISCOR-it2,0.00000,0.00000,0.00000
20_gdl_5e-10_1_hILS,06,g_100,ASTRAL-Pro2,0.00000,0.00000,0.00000
20_gdl_5e-10_1_hILS,06,g_100,ASTRID-DISCO,0.00000,0.00000,0.00000
20_gdl_5e-10_1_hILS,06,g_100,ASTRAL-DISCO,0.05556,0.05556,0.05556
20_gdl_5e-10_1_hILS,06,g_100,ASTRID-DISCOR,0.05556,0.05556,0.05556
20_gdl_5e-10_1_hILS,06,g_100,ASTRAL-DISCOR,0.05556,0.05556,0.05556
20_gdl_5e-10_1_hILS,06,g_100,ASTRID-DISCOR-lca,0.00000,0.00000,0.00000
20_gdl_5e-10_1_hILS,06,g_100,ASTRAL-DISCOR-lca,0.00000,0.00000,0.00000
20_gdl_5e-10_1_hILS,06,g_100,ASTRID-DISCOR-oracle,0.05556,0.05556,0.05556
20_gdl_5e-10_1_hILS,06,g_100,ASTRAL-DISCOR-oracle,0.05556,0.05556,0.05556
20_gdl_5e-10_1_hILS,06,g_100,ASTRID-DISCOR-it2,0.05556,0.05556,0.05556
20_gdl_5e-10_1_hILS,06,g_100,ASTRAL-DISCOR-it2,0.05556,0.05556,0.05556
20_gdl_5e-10_1_hILS,06,g_50,ASTRAL-Pro2,0.00000,0.00000,0.00000
20_gdl_5e-10_1_hILS,06,g_50,ASTRID-DISCO,0.00000,0.00000,0.00000
20_gdl_5e-10_1_hILS,06,g_50,ASTRAL-DISCO,0.00000,0.00000,0.00000
20_gdl_5e-10_1_hILS,06,g_50,ASTRID-DISCOR,0.05556,0.05556,0.05556
20_gdl_5e-10_1_hILS,06,g_50,ASTRAL-DISCOR,0.00000,0.00000,0.00000
20_gdl_5e-10_1_hILS,06,g_50,ASTRID-DISCOR-lca,0.00000,0.00000,0.00000
20_gdl_5e-10_1_hILS,06,g_50,ASTRAL-DISCOR-lca,0.00000,0.00000,0.00000
20_gdl_5e-10_1_hILS,06,g_50,ASTRID-DISCOR-oracle,0.05556,0.05556,0.05556
20_gdl_5e-10_1_hILS,06,g_50,ASTRAL-DISCOR-oracle,0.00000,0.00000,0.00000
20_gdl_5e-10_1_hILS,06,g_50,ASTRID-DISCOR-it2,0.05556,0.05556,0.05556
20_gdl_5e-10_1_hILS,06,g_50,ASTRAL-DISCOR-it2,0.00000,0.00000,0.00000
20_gdl_5e-10_1_hILS,07,g_100,ASTRAL-Pro2,0.00000,0.00000,0.00000
20_gdl_5e-10_1_hILS,07,g_100,ASTRID-DISCO,0.05556,0.05556,0.05556
20_gdl_5e-10_1_hILS,07,g_100,ASTRAL-DISCO,0.05556,0.05556,0.05556
20_gdl_5e-10_1_hILS,07,g_100,ASTRID-DISCOR,0.05556,0.05556,0.05556
20_gdl_5e-10_1_hILS,07,g_100,ASTRAL-DISCOR,0.00000,0.00000,0.00000
20_gdl_5e-10_1_hILS,07,g_100,ASTRID-DISCOR-lca,0.00000,0.00000,0.00000
20_gdl_5e-10_1_hILS,07,g_100,ASTRAL-DISCOR-lca,0.00000,0.00000,0.00000
20_gdl_5e-10_1_hILS,07,g_100,ASTRID-DISCOR-oracle,0.05556,0.05556,0.05556
20_gdl_5e-10_1_hILS,07,g_100,ASTRAL-DISCOR-oracle,0.00000,0.00000,0.00000
20_gdl_5e-10_1_hILS,07,g_100,ASTRID-DISCOR-it2,0.05556,0.05556,0.05556
20_gdl_5e-10_1_hILS,07,g_100,ASTRAL-DISCOR-it2,0.00000,0.00000,0.00000
20_gdl_5e-10_1_hILS,07,g_50,ASTRAL-Pro2,0.05556,0.05556,0.05556
20_gdl_5e-10_1_hILS,07,g_50,ASTRID-DISCO,0.00000,0.00000,0.00000
20_gdl_5e-10_1_hILS,07,g_50,ASTRAL-DISCO,0.05556,0.05556,0.05556
20_gdl_5e-10_1_hILS,07,g_50,ASTRID-DISCOR,0.00000,0.00000,0.00000
20_gdl_5e-10_1_hILS,07,g_50,ASTRAL-DISCOR,0.00000,0.00000,0.00000
20_gdl_5e-10_1_hILS,07,g_50,ASTRID-DISCOR-lca,0.05556,0.05556,0.05556
20_gdl_5e-10_1_hILS,07,g_50,ASTRAL-DISCOR-lca,0.05556,0.05556,0.05556
20_gdl_5e-10_1_hILS,07,g_50,ASTRID-DISCOR-oracle,0.00000,0.00000,0.00000
20_gdl_5e-10_1_hILS,07,g_50,ASTRAL-DISCOR-oracle,0.00000,0.00000,0.00000
20_gdl_5e-10_1_hILS,07,g_50,ASTRID-DISCOR-it2,0.00000,0.00000,0.00000
20_gdl_5e-10_1_hILS,07,g_50,ASTRAL-DISCOR-it2,0.00000,0.00000,0.00000
20_gdl_5e-10_1_hILS,08,g_100,ASTRAL-Pro2,0.00000,0.00000,0.00000
20_gdl_5e-10_1_hILS,08,g_100,ASTRID-DISCO,0.05556,0.05556,0.05556
20_gdl_5e-10_1_hILS,08,g_100,ASTRAL-DISCO,0.00000,0.00000,0.00000
20_gdl_5e-10_1_hILS,08,g_100,ASTRID-DISCOR,0.05556,0.05556,0.05556
20_gdl_5e-10_1_hILS,08,g_100,ASTRAL-DISCOR,0.00000,0.00000,0.00000
20_gdl_5e-10_1_hILS,08,g_100,ASTRID-DISCOR-lca,0.00000,0.00000,0.00000
20_gdl_5e-10_1_hILS,08,g_100,ASTRAL-DISCOR-lca,0.00000,0.00000,0.00000
20_gdl_5e-10_1_hILS,08,g_100,ASTRID-DISCOR-oracle,0.05556,0.05556,0.05556
20_gdl_5e-10_1_hILS,08,g_100,ASTRAL-DISCOR-oracle,0.00000,0.00000,0.00000
20_gdl_5e-10_1_hILS,08,g_100,ASTRID-DISCOR-it2,0.05556,0.05556,0.05556
20_gdl_5e-10_1_hILS,08,g_100,ASTRAL-DISCOR-it2,0.00000,0.00000,0.00000
20_gdl_5e-10_1_hILS,08,g_50,ASTRAL-Pro2,0.05556,0.05556,0.05556
20_gdl_5e-10_1_hILS,08,g_50,ASTRID-DISCO,0.05556,0.05556,0.05556
20_gdl_5e-10_1_hILS,08,g_50,ASTRAL-DISCO,0.05556,0.05556,0.05556
20_gdl_5e-10_1_hILS,08,g_50,ASTRID-DISCOR,0.05556,0.05556,0.05556
20_gdl_5e-10_1_hILS,08,g_50,ASTRAL-DISCOR,0.05556,0.05556,0.05556
20_gdl_5e-10_1_hILS,08,g_50,ASTRID-DISCOR-lca,0.05556,0.05556,0.05556
20_gdl_5e-10_1_hILS,08,g_50,ASTRAL-DISCOR-lca,0.05556,0.05556,0.05556
20_gdl_5e-10_1_hILS,08,g_50,ASTRID-DISCOR-oracle,0.05556,0.05556,0.05556
20_gdl_5e-10_1_hILS,08,g_50,ASTRAL-DISCOR-oracle,0.05556,0.05556,0.05556
20_gdl_5e-10_1_hILS,08,g_50,ASTRID-DISCOR-it2,0.05556,0.05556,0.05556
20_gdl_5e-10_1_hILS,08,g_50,ASTRAL-DISCOR-it2,0.05556,0.05556,0.05556
20_gdl_5e-10_1_hILS,09,g_100,ASTRAL-Pro2,0.00000,0.00000,0.00000
20_gdl_5e-10_1_hILS,09,g_100,ASTRID-DISCO,0.00000,0.00000,0.00000
20_gdl_5e-10_1_hILS,09,g_100,ASTRAL-DISCO,0.00000,0.00000,0.00000
20_gdl_5e-10_1_hILS,09,g_100,ASTRID-DISCOR,0.00000,0.00000,0.00000
20_gdl_5e-10_1_hILS,09,g_100,ASTRAL-DISCOR,0.00000,0.00000,0.00000
20_gdl_5e-10_1_hILS,09,g_100,ASTRID-DISCOR-lca,0.00000,0.00000,0.00000
20_gdl_5e-10_1_hILS,09,g_100,ASTRAL-DISCOR-lca,0.00000,0.00000,0.00000
20_gdl_5e-10_1_hILS,09,g_100,ASTRID-DISCOR-oracle,0.00000,0.00000,0.00000
20_gdl_5e-10_1_hILS,09,g_100,ASTRAL-DISCOR-oracle,0.00000,0.00000,0.00000
20_gdl_5e-10_1_hILS,09,g_100,ASTRID-DISCOR-it2,0.00000,0.00000,0.00000
20_gdl_5e-10_1_hILS,09,g_100,ASTRAL-DISCOR-it2,0.00000,0.00000,0.00000
20_gdl_5e-10_1_hILS,09,g_50,ASTRAL-Pro2,0.00000,0.00000,0.00000
20_gdl_5e-10_1_hILS,09,g_50,ASTRID-DISCO,0.05556,0.05556,0.05556
20_gdl_5e-10_1_hILS,09,g_50,ASTRAL-DISCO,0.05556,0.05556,0.05556
20_gdl_5e-10_1_hILS,09,g_50,ASTRID-DISCOR,0.05556,0.05556,0.05556
20_gdl_5e-10_1_hILS,09,g_50,ASTRAL-DISCOR,0.00000,0.00000,0.00000
20_gdl_5e-10_1_hILS,09,g_50,ASTRID-DISCOR-lca,0.00000,0.00000,0.00000
20_gdl_5e-10_1_hILS,09,g_50,ASTRAL-DISCOR-lca,0.00000,0.00000,0.00000
20_gdl_5e-10_1_hILS,09,g_50,ASTRID-DISCOR-oracle,0.05556,0.05556,0.05556
20_gdl_5e-10_1_hILS,09,g_50,ASTRAL-DISCOR-oracle,0.00000,0.00000,0.00000
20_gdl_5e-10_1_hILS,09,g_50,ASTRID-DISCOR-it2,0.05556,0.05556,0.05556
20_gdl_5e-10_1_hILS,09,g_50,ASTRAL-DISCOR-it2,0.00000,0.00000,0.00000
20_gdl_5e-10_1_hILS,10,g_100,ASTRAL-Pro2,0.05556,0.05556,0.05556
20_gdl_5e-10_1_hILS,10,g_100,ASTRID-DISCO,0.00000,0.00000,0.00000
20_gdl_5e-10_1_hILS,10,g_100,ASTRAL-DISCO,0.05556,0.05556,0.05556
20_gdl_5e-10_1_hILS,10,g_100,ASTRID-DISCOR,0.00000,0.00000,0.00000
20_gdl_5e-10_1_hILS,10,g_100,ASTRAL-DISCOR,0.05556,0.05556,0.05556
20_gdl_5e-10_1_hILS,10,g_100,ASTRID-DISCOR-lca,0.05556,0.05556,0.05556
20_gdl_5e-10_1_hILS,10,g_100,ASTRAL-DISCOR-lca,0.05556,0.05556,0.05556
20_gdl_5e-10_1_hILS,10,g_100,ASTRID-DISCOR-oracle,0.00000,0.00000,0.00000
20_gdl_5e-10_1_hILS,10,g_100,ASTRAL-DISCOR-oracle,0.05556,0.05556,0.05556
20_gdl_5e-10_1_hILS,10,g_100,ASTRID-DISCOR-it2,0.00000,0.00000,0.00000
20_gdl_5e-10_1_hILS,10,g_100,ASTRAL-DISCOR-it2,0.05556,0.05556,0.05556
20_gdl_5e-10_1_hILS,10,g_50,ASTRAL-Pro2,0.00000,0.00000,0.00000
20_gdl_5e-10_1_hILS,10,g_50,ASTRID-DISCO,0.00000,0.00000,0.00000
20_gdl_5e-10_1_hILS,10,g_50,ASTRAL-DISCO,0.05556,0.05556,0.05556
20_gdl_5e-10_1_hILS,10,g_50,ASTRID-DISCOR,0.00000,0.00000,0.00000
20_gdl_5e-10_1_hILS,10,g_50,ASTRAL-DISCOR,0.00000,0.00000,0.00000
20_gdl_5e-10_1_hILS,10,g_50,ASTRID-DISCOR-lca,0.00000,0.00000,0.00000
20_gdl_5e-10_1_hILS,10,g_50,ASTRAL-DISCOR-lca,0.00000,0.00000,0.00000
20_gdl_5e-10_1_hILS,10,g_50,ASTRID-DISCOR-oracle,0.00000,0.00000,0.00000
20_gdl_5e-10_1_hILS,10,g_50,ASTRAL-DISCOR-oracle,0.00000,0.00000,0.00000
20_gdl_5e-10_1_hILS,10,g_50,ASTRID-DISCOR-it2,0.00000,0.00000,0.00000
20_gdl_5e-10_1_hILS,10,g_50,ASTRAL-DISCOR-it2,0.00000,0.00000,0.00000
