fix_b1000_frag	L1002585	0	0.8513
fix_b1000_frag	L1004185	1	0.2412
fix_b1000_frag	L1005032	0	0.5136
fix_b1000_frag	L1011227	0	0.7860
fix_b1000_frag	L1012049	0	0.3683
fix_b1000_frag	L1012199	0	0.4852
fix_b1000_frag	L1016849	0	0.9756
fix_b1000_frag	L1017537	0	1.0000
fix_b1000_frag	L1021907	0	0.3389
fix_b1000_frag	L1024044	0	0.3344
fix_b1000_frag	L1024542	0	0.3358
fix_b1000_frag	L1025399	0	1.0000
fix_b1000_frag	L1026799	0	0.3326
fix_b1000_frag	L102922	1	0.3668
fix_b1000_frag	L1029951	1	0.7957
fix_b1000_frag	L1030819	0	0.9999
fix_b1000_frag	L103249	0	0.1949
fix_b1000_frag	L1036266	0	0.9787
fix_b1000_frag	L1036426	0	0.9999
fix_b1000_frag	L1038977	1	0.8024
fix_b1000_frag	L1044163	1	0.3855
fix_b1000_frag	L1044444	0	0.4663
fix_b1000_frag	L1046348	3	0.4083
fix_b1000_frag	L1046966	0	0.5434
fix_b1000_frag	L1050743	0	0.9605
fix_b1000_frag	L1052309	0	1.0000
fix_b1000_frag	L1053445	0	1.0000
fix_b1000_frag	L1054346	1	0.5165
fix_b1000_frag	L1055550	0	1.0000
fix_b1000_frag	L1058576	0	0.7085
fix_b1000_frag	L1060120	1	0.4302
fix_b1000_frag	L1061482	0	0.6089
fix_b1000_frag	L1061587	18	0.2666
fix_b1000_frag	L1062126	0	0.8629
fix_b1000_frag	L1063587	1	0.7790
fix_b1000_frag	L1064227	0	0.9979
fix_b1000_frag	L1065804	19	0.9622
fix_b1000_frag	L1068964	0	0.4746
fix_b1000_frag	L1069832	0	0.3249
fix_b1000_frag	L1071754	1	0.2495
fix_b1000_frag	L1072449	0	0.4702
fix_b1000_frag	L1073165	1	0.7494
fix_b1000_frag	L1075189	1	0.2601
fix_b1000_frag	L1081827	1	0.3147
fix_b1000_frag	L1082663	0	0.9571
fix_b1000_frag	L1083972	0	0.8262
fix_b1000_frag	L1085175	0	0.3930
fix_b1000_frag	L1087086	1	0.3139
fix_b1000_frag	L1087105	1	0.3320
fix_b1000_frag	L1089119	1	0.3560
fix_b1000_frag	L1090631	2	0.2973
fix_b1000_frag	L1091178	1	0.4376
fix_b1000_frag	L1091281	1	0.3269
fix_b1000_frag	L1091323	1	0.5319
fix_b1000_frag	L1091479	0	0.4570
fix_b1000_frag	L1092388	1	0.4509
fix_b1000_frag	L1096376	0	0.9977
fix_b1000_frag	L1099155	0	0.7745
fix_b1000_frag	L1101520	0	1.0000
fix_b1000_frag	L1106265	0	1.0000
fix_b1000_frag	L1106965	0	0.9777
fix_b1000_frag	L1107538	0	0.9850
fix_b1000_frag	L1109734	0	1.0000
fix_b1000_frag	L1110523	1	0.4993
fix_b1000_frag	L1116847	0	0.9997
fix_b1000_frag	L1117806	0	1.0000
fix_b1000_frag	L1123172	1	0.3794
fix_b1000_frag	L112480	0	0.3725
fix_b1000_frag	L1125468	0	0.9845
fix_b1000_frag	L1125564	1	0.5185
fix_b1000_frag	L1126749	2	0.1735
fix_b1000_frag	L1127804	11	0.2438
fix_b1000_frag	L1128821	0	0.9970
fix_b1000_frag	L1132817	0	1.0000
fix_b1000_frag	L1134826	1	0.3032
fix_b1000_frag	L1135019	1	0.3325
fix_b1000_frag	L113844	1	0.4853
fix_b1000_frag	L1138559	1	0.7048
fix_b1000_frag	L1139573	2	0.1724
fix_b1000_frag	L1142178	2	0.2072
fix_b1000_frag	L1143584	1	0.3337
fix_b1000_frag	L1146782	1	0.3766
fix_b1000_frag	L1148275	0	0.8513
fix_b1000_frag	L1148681	0	0.6314
fix_b1000_frag	L1148861	1	0.2533
fix_b1000_frag	L115160	0	0.8118
fix_b1000_frag	L1152742	1	0.3792
fix_b1000_frag	L1159462	0	0.9804
fix_b1000_frag	L1160593	0	0.5639
fix_b1000_frag	L1166860	2	0.4036
fix_b1000_frag	L1169308	0	0.3869
fix_b1000_frag	L1171933	0	0.9936
fix_b1000_frag	L1175689	0	0.4997
fix_b1000_frag	L1176510	0	1.0000
fix_b1000_frag	L1176819	4	0.3554
fix_b1000_frag	L1181526	0	0.2981
fix_b1000_frag	L1184831	0	0.3436
fix_b1000_frag	L1188236	0	0.9987
fix_b1000_frag	L1189606	0	1.0000
fix_b1000_frag	L1190029	0	1.0000
fix_b1000_frag	L1192003	0	0.5013
fix_b1000_frag	L1193093	1	0.3894
fix_b1000_frag	L1193626	0	0.8063
fix_b1000_frag	L1194943	0	0.3341
fix_b1000_frag	L1200114	0	0.9935
fix_b1000_frag	L1200373	1	0.4015
fix_b1000_frag	L1202626	0	0.4374
fix_b1000_frag	L1203652	0	0.6814
fix_b1000_frag	L1205967	0	0.9494
fix_b1000_frag	L1206149	0	0.8744
fix_b1000_frag	L1208940	0	1.0000
fix_b1000_frag	L120959	2	0.3089
fix_b1000_frag	L1211345	0	1.0000
fix_b1000_frag	L1212637	0	0.9999
fix_b1000_frag	L1212861	0	0.3790
fix_b1000_frag	L121334	0	0.3858
fix_b1000_frag	L1215236	1	0.1860
fix_b1000_frag	L1217544	1	0.6867
fix_b1000_frag	L1217630	1	0.3535
fix_b1000_frag	L1218521	0	0.9083
fix_b1000_frag	L121873	1	0.6665
fix_b1000_frag	L1218743	0	1.0000
fix_b1000_frag	L1219260	1	0.5475
fix_b1000_frag	L1219324	0	0.9826
fix_b1000_frag	L1223018	1	0.5210
fix_b1000_frag	L12241	0	0.2781
fix_b1000_frag	L122411	2	0.5740
fix_b1000_frag	L1228313	1	0.4190
fix_b1000_frag	L1228316	0	0.4176
fix_b1000_frag	L1228698	0	0.1741
fix_b1000_frag	L1229975	1	0.5556
fix_b1000_frag	L1233030	1	0.4012
fix_b1000_frag	L1234322	0	0.7693
fix_b1000_frag	L1235564	0	0.9238
fix_b1000_frag	L1237368	2	0.1342
fix_b1000_frag	L1242536	0	0.5167
fix_b1000_frag	L1243882	0	0.8909
fix_b1000_frag	L1244427	1	0.1718
fix_b1000_frag	L1247700	0	1.0000
fix_b1000_frag	L1249050	0	0.9988
fix_b1000_frag	L1252273	1	0.3161
fix_b1000_frag	L1252715	0	0.8694
fix_b1000_frag	L125500	1	0.3007
fix_b1000_frag	L125644	0	1.0000
fix_b1000_frag	L1263639	0	1.0000
fix_b1000_frag	L1263909	1	0.2515
fix_b1000_frag	L1267300	0	0.1979
fix_b1000_frag	L1267973	1	0.3192
fix_b1000_frag	L1268056	4	0.1724
fix_b1000_frag	L1269000	1	0.2058
fix_b1000_frag	L1269225	1	0.4227
fix_b1000_frag	L1269960	0	0.7705
fix_b1000_frag	L1270519	0	0.2660
fix_b1000_frag	L1271695	0	0.8458
fix_b1000_frag	L1274988	2	0.7995
fix_b1000_frag	L1277578	1	0.3451
fix_b1000_frag	L1277861	0	0.4696
fix_b1000_frag	L1281298	0	0.6038
fix_b1000_frag	L1283746	0	1.0000
fix_b1000_frag	L1284558	1	0.3462
fix_b1000_frag	L1286758	0	0.3981
fix_b1000_frag	L1291250	1	0.5364
fix_b1000_frag	L129208	0	0.6423
fix_b1000_frag	L1292363	1	0.2214
fix_b1000_frag	L1292503	0	1.0000
fix_b1000_frag	L1294408	0	0.4707
fix_b1000_frag	L1294453	1	0.5318
fix_b1000_frag	L1294952	1	0.5359
fix_b1000_frag	L1297512	0	0.7719
fix_b1000_frag	L1298142	0	1.0000
fix_b1000_frag	L1299862	0	1.0000
fix_b1000_frag	L1302458	3	0.3551
fix_b1000_frag	L1307852	0	1.0000
fix_b1000_frag	L130839	0	0.8501
fix_b1000_frag	L1309046	0	0.3558
fix_b1000_frag	L1314993	1	0.6583
fix_b1000_frag	L1316645	26	0.2061
fix_b1000_frag	L1316673	2	0.2910
fix_b1000_frag	L1319261	1	0.3511
fix_b1000_frag	L1320029	3	0.5130
fix_b1000_frag	L1321139	1	0.4267
fix_b1000_frag	L1322298	0	0.7138
fix_b1000_frag	L1325043	0	1.0000
fix_b1000_frag	L1328601	0	0.7869
fix_b1000_frag	L1330004	0	0.7266
fix_b1000_frag	L1334204	0	0.6786
fix_b1000_frag	L1334727	0	0.2673
fix_b1000_frag	L1337969	2	0.1562
fix_b1000_frag	L1338440	1	0.5631
fix_b1000_frag	L1338867	1	0.4124
fix_b1000_frag	L13406	0	1.0000
fix_b1000_frag	L1341334	0	1.0000
fix_b1000_frag	L1342936	0	1.0000
fix_b1000_frag	L1343571	7	0.1869
fix_b1000_frag	L134770	0	0.8362
fix_b1000_frag	L1348767	0	0.4671
fix_b1000_frag	L1349954	0	0.9227
fix_b1000_frag	L1350260	3	0.1924
fix_b1000_frag	L1354350	0	0.9961
fix_b1000_frag	L1358832	2	0.7023
fix_b1000_frag	L1362201	1	0.4190
fix_b1000_frag	L1362636	1	0.3850
fix_b1000_frag	L1365362	0	0.6272
fix_b1000_frag	L1366477	0	0.4835
fix_b1000_frag	L1369644	0	0.2214
fix_b1000_frag	L13698	0	0.9925
fix_b1000_frag	L1371092	0	0.6390
fix_b1000_frag	L1372683	0	0.9120
fix_b1000_frag	L1372686	0	0.2838
fix_b1000_frag	L1373403	0	1.0000
fix_b1000_frag	L1378339	0	0.7729
fix_b1000_frag	L1379425	1	0.2647
fix_b1000_frag	L1380845	0	1.0000
fix_b1000_frag	L1382177	0	0.5653
fix_b1000_frag	L1382936	0	0.3386
fix_b1000_frag	L1382969	1	0.6601
fix_b1000_frag	L1383932	14	0.0995
fix_b1000_frag	L1384051	3	0.1596
fix_b1000_frag	L1393346	1	0.2531
fix_b1000_frag	L1394372	0	0.7985
fix_b1000_frag	L1398058	0	1.0000
fix_b1000_frag	L1398565	15	0.9384
fix_b1000_frag	L1400233	0	0.9647
fix_b1000_frag	L1400557	4	0.1561
fix_b1000_frag	L1403214	0	0.9993
fix_b1000_frag	L1409097	0	1.0000
fix_b1000_frag	L1409378	0	1.0000
fix_b1000_frag	L1410763	1	0.3913
fix_b1000_frag	L1410905	0	0.9944
fix_b1000_frag	L1411655	0	0.3059
fix_b1000_frag	L1421095	0	0.8808
fix_b1000_frag	L1421423	0	0.3902
fix_b1000_frag	L1431164	0	0.9965
fix_b1000_frag	L1435268	3	0.2739
fix_b1000_frag	L1438447	0	0.9014
fix_b1000_frag	L1440099	0	1.0000
fix_b1000_frag	L1440354	2	0.3940
fix_b1000_frag	L1440579	1	0.4024
fix_b1000_frag	L1441065	0	0.9500
fix_b1000_frag	L1442950	0	0.9994
fix_b1000_frag	L144630	1	0.3089
fix_b1000_frag	L144966	0	0.9999
fix_b1000_frag	L1450044	0	0.9999
fix_b1000_frag	L145721	0	0.4077
fix_b1000_frag	L1463127	0	0.9991
fix_b1000_frag	L1463808	0	0.2573
fix_b1000_frag	L1468044	1	0.1295
fix_b1000_frag	L1468317	0	0.3674
fix_b1000_frag	L1470882	0	1.0000
fix_b1000_frag	L1472026	0	0.9903
fix_b1000_frag	L1475336	0	1.0000
fix_b1000_frag	L1477	0	0.4318
fix_b1000_frag	L1477137	0	0.6172
fix_b1000_frag	L1478713	1	0.7682
fix_b1000_frag	L1479097	0	0.6025
fix_b1000_frag	L1482186	0	0.2693
fix_b1000_frag	L1483022	1	0.4129
fix_b1000_frag	L1485252	1	0.4859
fix_b1000_frag	L1487868	2	0.1635
fix_b1000_frag	L1489958	1	0.3699
fix_b1000_frag	L1491338	0	0.9999
fix_b1000_frag	L1491406	0	0.3140
fix_b1000_frag	L1492427	2	0.2750
fix_b1000_frag	L1494927	0	0.8476
fix_b1000_frag	L1496723	0	0.9999
fix_b1000_frag	L14998	0	1.0000
fix_b1000_frag	L1500041	0	0.7825
fix_b1000_frag	L1500792	1	0.4787
fix_b1000_frag	L1501054	0	0.9998
fix_b1000_frag	L1501117	2	0.2447
fix_b1000_frag	L150284	2	0.3187
fix_b1000_frag	L1503080	0	0.4681
fix_b1000_frag	L1506056	0	0.9708
fix_b1000_frag	L1506305	0	0.9947
fix_b1000_frag	L1507593	0	0.3623
fix_b1000_frag	L1507721	0	0.8658
fix_b1000_frag	L1509635	0	1.0000
fix_b1000_frag	L1511077	1	0.3614
fix_b1000_frag	L1511516	0	0.7342
fix_b1000_frag	L151270	1	0.2470
fix_b1000_frag	L1513453	0	0.6615
fix_b1000_frag	L1513508	0	0.9569
fix_b1000_frag	L1514059	2	0.2567
fix_b1000_frag	L151434	0	1.0000
fix_b1000_frag	L1520281	2	0.1576
fix_b1000_frag	L1522665	0	0.3404
fix_b1000_frag	L1525581	0	1.0000
fix_b1000_frag	L152670	1	0.7830
fix_b1000_frag	L1527449	1	0.7309
fix_b1000_frag	L1532593	0	0.4416
fix_b1000_frag	L1537084	2	0.6829
fix_b1000_frag	L1545445	6	0.1190
fix_b1000_frag	L1549764	1	0.4163
fix_b1000_frag	L1553511	4	0.4959
fix_b1000_frag	L1555961	0	0.2995
fix_b1000_frag	L1556158	1	0.3990
fix_b1000_frag	L1559085	0	1.0000
fix_b1000_frag	L1559370	5	0.0793
fix_b1000_frag	L1561684	1	0.6669
fix_b1000_frag	L1563921	1	0.2242
fix_b1000_frag	L1564440	0	0.5942
fix_b1000_frag	L1564788	0	0.8711
fix_b1000_frag	L1570442	0	0.2633
fix_b1000_frag	L1577548	3	0.3861
fix_b1000_frag	L1582773	0	0.7749
fix_b1000_frag	L1586476	0	0.9998
fix_b1000_frag	L1591774	7	0.2391
fix_b1000_frag	L1592464	2	0.5283
fix_b1000_frag	L1592890	2	0.1868
fix_b1000_frag	L1593009	1	0.2957
fix_b1000_frag	L1594265	0	0.6013
fix_b1000_frag	L15949	0	0.9997
fix_b1000_frag	L1595729	0	0.6385
fix_b1000_frag	L1596023	0	0.9098
fix_b1000_frag	L1596979	0	0.6948
fix_b1000_frag	L1599150	0	1.0000
fix_b1000_frag	L1605496	0	0.2293
fix_b1000_frag	L1608356	2	0.3314
fix_b1000_frag	L1608408	1	0.4387
fix_b1000_frag	L1609523	0	0.9997
fix_b1000_frag	L1611831	2	0.2504
fix_b1000_frag	L1613719	1	0.3584
fix_b1000_frag	L1613862	0	0.9956
fix_b1000_frag	L1614892	0	1.0000
fix_b1000_frag	L1615590	0	0.9949
fix_b1000_frag	L1616879	0	0.2179
fix_b1000_frag	L1617022	1	0.2792
fix_b1000_frag	L1619438	3	0.2466
fix_b1000_frag	L1619907	0	1.0000
fix_b1000_frag	L1620099	3	0.1723
fix_b1000_frag	L1622776	1	0.2467
fix_b1000_frag	L1622804	0	0.3634
fix_b1000_frag	L1623315	0	0.2331
fix_b1000_frag	L1625869	0	1.0000
fix_b1000_frag	L1632251	0	0.9940
fix_b1000_frag	L1632593	3	0.2095
fix_b1000_frag	L1633409	1	0.5214
fix_b1000_frag	L163519	0	0.9340
fix_b1000_frag	L1635479	1	0.4509
fix_b1000_frag	L1638116	0	0.4858
fix_b1000_frag	L1642892	3	0.3334
fix_b1000_frag	L1647022	0	1.0000
fix_b1000_frag	L1649256	0	1.0000
fix_b1000_frag	L1650196	0	0.5660
fix_b1000_frag	L1654301	1	0.3960
fix_b1000_frag	L1656331	2	0.2529
fix_b1000_frag	L1657868	2	0.2292
fix_b1000_frag	L1658774	4	0.4481
fix_b1000_frag	L1660134	0	0.3972
fix_b1000_frag	L166249	0	1.0000
fix_b1000_frag	L1663458	1	0.3366
fix_b1000_frag	L16644	2	0.1539
fix_b1000_frag	L1664922	4	0.6434
fix_b1000_frag	L1666954	0	0.6037
fix_b1000_frag	L1668737	0	0.5130
fix_b1000_frag	L167239	0	0.4936
fix_b1000_frag	L167308	0	1.0000
fix_b1000_frag	L1673443	1	0.3247
fix_b1000_frag	L1677915	0	0.9490
fix_b1000_frag	L1679070	0	0.7622
fix_b1000_frag	L1679327	0	0.6522
fix_b1000_frag	L1681571	2	0.1291
fix_b1000_frag	L1683975	6	0.1151
fix_b1000_frag	L1687257	1	0.2347
fix_b1000_frag	L1689425	4	0.2363
fix_b1000_frag	L1690704	4	0.1532
fix_b1000_frag	L1690718	1	0.2300
fix_b1000_frag	L1692614	7	0.2134
fix_b1000_frag	L1693021	1	0.3597
fix_b1000_frag	L1693729	0	0.7078
fix_b1000_frag	L1698795	0	1.0000
fix_b1000_frag	L1700325	1	0.4016
fix_b1000_frag	L1701759	0	0.8076
fix_b1000_frag	L1706009	0	0.4084
fix_b1000_frag	L1710196	1	0.6738
fix_b1000_frag	L1713230	0	0.3111
fix_b1000_frag	L1714485	1	0.3605
fix_b1000_frag	L1715650	1	0.2277
fix_b1000_frag	L1717886	4	0.2271
fix_b1000_frag	L1720587	1	0.4708
fix_b1000_frag	L1721987	0	1.0000
fix_b1000_frag	L1722777	0	1.0000
fix_b1000_frag	L1724773	1	0.6640
fix_b1000_frag	L1725448	0	0.9805
fix_b1000_frag	L1727481	1	0.1592
fix_b1000_frag	L1728562	1	0.1326
fix_b1000_frag	L1729015	0	0.0863
fix_b1000_frag	L1729974	0	0.2781
fix_b1000_frag	L1731527	1	0.7361
fix_b1000_frag	L173383	1	0.4253
fix_b1000_frag	L1735097	1	0.0914
fix_b1000_frag	L1736351	0	1.0000
fix_b1000_frag	L1736591	0	0.9987
fix_b1000_frag	L1739879	1	0.1834
fix_b1000_frag	L1741008	0	1.0000
fix_b1000_frag	L1741461	0	0.2010
fix_b1000_frag	L174176	3	0.9882
fix_b1000_frag	L1741919	2	0.4527
fix_b1000_frag	L1743480	2	0.2312
fix_b1000_frag	L1744154	0	0.5933
fix_b1000_frag	L1746595	0	0.9949
fix_b1000_frag	L1748112	0	1.0000
fix_b1000_frag	L1748957	0	0.9058
fix_b1000_frag	L1749257	1	0.1772
fix_b1000_frag	L175348	0	0.3254
fix_b1000_frag	L1753832	0	1.0000
fix_b1000_frag	L1755416	0	0.3894
fix_b1000_frag	L1758324	0	0.9067
fix_b1000_frag	L1758608	0	0.9781
fix_b1000_frag	L1758614	0	0.3678
fix_b1000_frag	L1758704	1	0.3800
fix_b1000_frag	L1762064	1	0.5096
fix_b1000_frag	L1765663	1	0.2672
fix_b1000_frag	L1766093	0	0.3290
fix_b1000_frag	L176738	7	0.1416
fix_b1000_frag	L1768336	0	0.1335
fix_b1000_frag	L176876	0	1.0000
fix_b1000_frag	L1768935	1	0.1746
fix_b1000_frag	L1770348	0	1.0000
fix_b1000_frag	L1770471	0	1.0000
fix_b1000_frag	L1772400	0	0.6422
fix_b1000_frag	L1774077	4	0.1371
fix_b1000_frag	L1774332	2	0.5758
fix_b1000_frag	L177650	0	1.0000
fix_b1000_frag	L1778239	2	0.2271
fix_b1000_frag	L1778753	0	0.9946
fix_b1000_frag	L1785009	0	0.2114
fix_b1000_frag	L1788156	0	0.9743
fix_b1000_frag	L179015	0	0.3242
fix_b1000_frag	L1790481	2	0.3092
fix_b1000_frag	L1791527	0	0.9256
fix_b1000_frag	L1792265	0	0.9919
fix_b1000_frag	L1793065	0	0.5943
fix_b1000_frag	L1794712	1	0.3169
fix_b1000_frag	L1794839	0	0.9177
fix_b1000_frag	L1796826	0	0.9818
fix_b1000_frag	L1797546	0	1.0000
fix_b1000_frag	L1798302	0	1.0000
fix_b1000_frag	L1799840	1	0.4695
fix_b1000_frag	L1801258	0	0.7739
fix_b1000_frag	L1802345	0	0.9958
fix_b1000_frag	L180509	0	1.0000
fix_b1000_frag	L1808966	0	0.6775
fix_b1000_frag	L1809234	0	0.5502
fix_b1000_frag	L1811231	1	0.2951
fix_b1000_frag	L1812445	0	0.7940
fix_b1000_frag	L1814309	1	0.3336
fix_b1000_frag	L1816451	0	0.2586
fix_b1000_frag	L1817551	0	0.8231
fix_b1000_frag	L1820447	3	0.2555
fix_b1000_frag	L1821765	0	0.5376
fix_b1000_frag	L1822989	0	1.0000
fix_b1000_frag	L1823086	0	0.4257
fix_b1000_frag	L1825981	0	0.8904
fix_b1000_frag	L1826918	0	1.0000
fix_b1000_frag	L1830338	0	1.0000
fix_b1000_frag	L18313	0	0.2969
fix_b1000_frag	L1831368	0	0.9998
fix_b1000_frag	L183802	0	0.6865
fix_b1000_frag	L1838244	0	1.0000
fix_b1000_frag	L1838501	1	0.5777
fix_b1000_frag	L1838652	2	0.1266
fix_b1000_frag	L1840388	1	0.4554
fix_b1000_frag	L1848896	3	0.2750
fix_b1000_frag	L1856065	0	0.9400
fix_b1000_frag	L1857129	0	0.3672
fix_b1000_frag	L1858192	0	1.0000
fix_b1000_frag	L1858235	1	0.2080
fix_b1000_frag	L1859863	0	0.3356
fix_b1000_frag	L1860283	2	0.4374
fix_b1000_frag	L1867226	0	0.3045
fix_b1000_frag	L186847	23	0.3862
fix_b1000_frag	L1869818	0	0.1434
fix_b1000_frag	L1872590	0	1.0000
fix_b1000_frag	L1872595	0	0.9998
fix_b1000_frag	L1873245	1	0.3473
fix_b1000_frag	L1873642	0	0.9551
fix_b1000_frag	L1874928	0	0.1360
fix_b1000_frag	L1876149	0	0.3874
fix_b1000_frag	L18800	0	0.5180
fix_b1000_frag	L1882201	1	0.4421
fix_b1000_frag	L1882838	0	0.7294
fix_b1000_frag	L1883125	1	0.2543
fix_b1000_frag	L1883999	1	0.1547
fix_b1000_frag	L1886440	0	0.7664
fix_b1000_frag	L1889760	0	1.0000
fix_b1000_frag	L189322	1	0.4751
fix_b1000_frag	L1895575	0	0.2489
fix_b1000_frag	L1897444	0	0.9579
fix_b1000_frag	L1898605	0	0.9998
fix_b1000_frag	L1898611	0	1.0000
fix_b1000_frag	L190102	0	1.0000
fix_b1000_frag	L1902625	0	0.4017
fix_b1000_frag	L1905283	3	0.6413
fix_b1000_frag	L190650	0	1.0000
fix_b1000_frag	L190687	0	0.9866
fix_b1000_frag	L1908570	1	0.2557
fix_b1000_frag	L1909629	2	0.1946
fix_b1000_frag	L1911881	3	0.1682
fix_b1000_frag	L1912	0	1.0000
fix_b1000_frag	L191488	0	0.4484
fix_b1000_frag	L1920826	1	0.4011
fix_b1000_frag	L192237	0	0.9633
fix_b1000_frag	L1924744	0	1.0000
fix_b1000_frag	L1925847	1	0.2612
fix_b1000_frag	L1928273	10	0.1589
fix_b1000_frag	L1928790	16	0.2493
fix_b1000_frag	L1932241	0	0.6026
fix_b1000_frag	L1932659	0	1.0000
fix_b1000_frag	L1933206	0	0.9845
fix_b1000_frag	L1933253	0	0.9070
fix_b1000_frag	L1933970	0	0.8812
fix_b1000_frag	L1936643	0	0.3386
fix_b1000_frag	L1940497	0	0.4660
fix_b1000_frag	L1942177	3	0.4828
fix_b1000_frag	L1942305	0	0.7407
fix_b1000_frag	L1943673	2	0.2405
fix_b1000_frag	L1944226	0	0.9144
fix_b1000_frag	L1944640	0	0.3631
fix_b1000_frag	L1944904	2	0.1671
fix_b1000_frag	L194952	1	0.2616
fix_b1000_frag	L1951280	0	0.9965
fix_b1000_frag	L1952353	2	0.1680
fix_b1000_frag	L1953692	2	0.5522
fix_b1000_frag	L1954656	0	0.2750
fix_b1000_frag	L1955598	1	0.7430
fix_b1000_frag	L1955973	1	0.3911
fix_b1000_frag	L195908	0	1.0000
fix_b1000_frag	L1964032	0	0.9987
fix_b1000_frag	L1965961	1	0.5086
fix_b1000_frag	L1970360	0	0.9999
fix_b1000_frag	L1970493	0	0.5388
fix_b1000_frag	L1970551	1	0.9651
fix_b1000_frag	L1970668	0	0.5663
fix_b1000_frag	L1971017	1	0.2455
fix_b1000_frag	L1975091	0	0.3595
fix_b1000_frag	L1975857	0	0.8305
fix_b1000_frag	L197613	1	0.1852
fix_b1000_frag	L1976785	1	0.2227
fix_b1000_frag	L1981866	2	0.2452
fix_b1000_frag	L1982300	0	1.0000
fix_b1000_frag	L1983183	1	0.4199
fix_b1000_frag	L1986059	4	0.5584
fix_b1000_frag	L1990411	0	1.0000
fix_b1000_frag	L1991628	0	1.0000
fix_b1000_frag	L1994839	0	1.0000
fix_b1000_frag	L1996032	0	1.0000
fix_b1000_frag	L202116	0	1.0000
fix_b1000_frag	L204802	1	0.1948
fix_b1000_frag	L208863	1	0.5120
fix_b1000_frag	L209724	2	0.2011
fix_b1000_frag	L2105	0	1.0000
fix_b1000_frag	L210838	1	0.2169
fix_b1000_frag	L21151	0	0.4221
fix_b1000_frag	L216034	0	0.6733
fix_b1000_frag	L216528	0	0.1925
fix_b1000_frag	L217349	0	1.0000
fix_b1000_frag	L222365	18	0.2641
fix_b1000_frag	L225416	1	0.3694
fix_b1000_frag	L227476	0	0.9164
fix_b1000_frag	L228723	0	0.9929
fix_b1000_frag	L231682	0	1.0000
fix_b1000_frag	L232060	0	1.0000
fix_b1000_frag	L233375	3	0.1012
fix_b1000_frag	L235764	0	1.0000
fix_b1000_frag	L238858	0	0.3312
fix_b1000_frag	L243818	0	1.0000
fix_b1000_frag	L244003	1	0.3467
fix_b1000_frag	L244965	0	0.6179
fix_b1000_frag	L24866	1	0.4415
fix_b1000_frag	L250969	0	1.0000
fix_b1000_frag	L252902	0	0.3934
fix_b1000_frag	L253345	1	0.3271
fix_b1000_frag	L257043	1	0.3055
fix_b1000_frag	L257465	0	0.2098
fix_b1000_frag	L258378	2	0.4476
fix_b1000_frag	L258696	0	1.0000
fix_b1000_frag	L260842	1	0.8134
fix_b1000_frag	L260939	0	0.9227
fix_b1000_frag	L261190	0	1.0000
fix_b1000_frag	L267309	1	0.2969
fix_b1000_frag	L267846	0	1.0000
fix_b1000_frag	L270977	0	0.4591
fix_b1000_frag	L272730	0	1.0000
fix_b1000_frag	L273461	22	0.5442
fix_b1000_frag	L282320	0	1.0000
fix_b1000_frag	L283173	0	0.3313
fix_b1000_frag	L283368	1	0.1874
fix_b1000_frag	L288752	0	0.6173
fix_b1000_frag	L2888	20	0.7144
fix_b1000_frag	L293305	7	0.6474
fix_b1000_frag	L293537	0	0.9570
fix_b1000_frag	L294764	1	0.1478
fix_b1000_frag	L299364	0	0.2962
fix_b1000_frag	L299595	1	0.2894
fix_b1000_frag	L299782	0	0.9579
fix_b1000_frag	L300401	0	1.0000
fix_b1000_frag	L30336	0	0.5678
fix_b1000_frag	L310087	1	0.1890
fix_b1000_frag	L312118	2	0.2862
fix_b1000_frag	L318026	0	0.8710
fix_b1000_frag	L318722	0	0.8312
fix_b1000_frag	L31952	1	0.8431
fix_b1000_frag	L319839	0	0.4052
fix_b1000_frag	L319888	0	0.9553
fix_b1000_frag	L320440	1	0.4694
fix_b1000_frag	L321627	0	1.0000
fix_b1000_frag	L322333	0	0.3864
fix_b1000_frag	L322794	1	0.6091
fix_b1000_frag	L322866	1	0.3609
fix_b1000_frag	L324151	3	0.4563
fix_b1000_frag	L324946	0	0.9967
fix_b1000_frag	L32606	0	0.6959
fix_b1000_frag	L326205	0	1.0000
fix_b1000_frag	L327486	0	1.0000
fix_b1000_frag	L331805	0	0.4233
fix_b1000_frag	L331807	1	0.6845
fix_b1000_frag	L333401	1	0.4297
fix_b1000_frag	L333865	0	1.0000
fix_b1000_frag	L335478	1	0.5031
fix_b1000_frag	L336916	1	0.2044
fix_b1000_frag	L337726	1	0.4296
fix_b1000_frag	L343911	0	0.9990
fix_b1000_frag	L346110	0	1.0000
fix_b1000_frag	L35206	1	0.2336
fix_b1000_frag	L352100	0	1.0000
fix_b1000_frag	L353330	1	0.3275
fix_b1000_frag	L353755	1	0.2925
fix_b1000_frag	L354281	1	0.6727
fix_b1000_frag	L355469	0	0.2354
fix_b1000_frag	L355973	1	0.2473
fix_b1000_frag	L358098	0	0.9975
fix_b1000_frag	L358427	0	1.0000
fix_b1000_frag	L36185	0	0.8959
fix_b1000_frag	L36374	0	0.9960
fix_b1000_frag	L36393	1	0.2521
fix_b1000_frag	L364477	0	0.5869
fix_b1000_frag	L368265	1	0.4132
fix_b1000_frag	L369221	1	0.3525
fix_b1000_frag	L370516	0	0.9999
fix_b1000_frag	L375608	2	0.1194
fix_b1000_frag	L375999	1	0.2338
fix_b1000_frag	L376343	0	0.5672
fix_b1000_frag	L377914	1	0.4511
fix_b1000_frag	L380751	4	0.0903
fix_b1000_frag	L382166	0	1.0000
fix_b1000_frag	L382724	0	0.9999
fix_b1000_frag	L383909	1	0.6652
fix_b1000_frag	L385595	8	0.2095
fix_b1000_frag	L386761	0	1.0000
fix_b1000_frag	L38847	1	0.4796
fix_b1000_frag	L388838	1	0.2541
fix_b1000_frag	L390056	1	0.2959
fix_b1000_frag	L390847	0	0.4759
fix_b1000_frag	L391263	0	0.4727
fix_b1000_frag	L394934	0	0.7113
fix_b1000_frag	L396359	0	1.0000
fix_b1000_frag	L397005	1	0.5215
fix_b1000_frag	L398087	2	0.3170
fix_b1000_frag	L401127	0	0.9989
fix_b1000_frag	L402454	0	0.3322
fix_b1000_frag	L403424	0	0.4821
fix_b1000_frag	L405687	0	0.4050
fix_b1000_frag	L409413	1	0.4275
fix_b1000_frag	L411451	0	1.0000
fix_b1000_frag	L414909	0	0.9979
fix_b1000_frag	L414959	0	1.0000
fix_b1000_frag	L418437	0	1.0000
fix_b1000_frag	L419149	0	0.6934
fix_b1000_frag	L422199	0	1.0000
fix_b1000_frag	L42258	3	0.2436
fix_b1000_frag	L425262	1	0.5852
fix_b1000_frag	L425629	1	0.2443
fix_b1000_frag	L431467	2	0.9936
fix_b1000_frag	L433013	0	1.0000
fix_b1000_frag	L435219	0	1.0000
fix_b1000_frag	L442957	1	0.2256
fix_b1000_frag	L4469	0	1.0000
fix_b1000_frag	L446901	0	1.0000
fix_b1000_frag	L449888	0	0.1816
fix_b1000_frag	L450863	0	1.0000
fix_b1000_frag	L454426	0	0.2706
fix_b1000_frag	L456423	4	0.4451
fix_b1000_frag	L458224	1	0.6922
fix_b1000_frag	L45866	1	0.5885
fix_b1000_frag	L459126	1	0.4808
fix_b1000_frag	L459710	0	0.8113
fix_b1000_frag	L460845	5	0.3717
fix_b1000_frag	L462461	0	0.5941
fix_b1000_frag	L462611	1	0.2551
fix_b1000_frag	L465953	0	0.6225
fix_b1000_frag	L466572	1	0.4854
fix_b1000_frag	L469914	0	0.2566
fix_b1000_frag	L472973	1	0.1577
fix_b1000_frag	L47627	0	1.0000
fix_b1000_frag	L477052	0	0.7057
fix_b1000_frag	L477480	0	0.4337
fix_b1000_frag	L478354	0	0.9893
fix_b1000_frag	L480723	0	0.5431
fix_b1000_frag	L481009	1	0.3156
fix_b1000_frag	L481562	0	0.9586
fix_b1000_frag	L481889	2	0.1788
fix_b1000_frag	L482581	1	0.4481
fix_b1000_frag	L488483	1	0.4502
fix_b1000_frag	L494762	0	1.0000
fix_b1000_frag	L496946	0	0.6616
fix_b1000_frag	L497994	0	0.9861
fix_b1000_frag	L498642	23	0.4313
fix_b1000_frag	L499837	20	0.0316
fix_b1000_frag	L500481	0	0.9857
fix_b1000_frag	L501837	1	0.6712
fix_b1000_frag	L506324	0	1.0000
fix_b1000_frag	L5117	1	0.2748
fix_b1000_frag	L511916	0	0.9770
fix_b1000_frag	L515141	1	0.4269
fix_b1000_frag	L516046	1	0.3357
fix_b1000_frag	L520263	0	1.0000
fix_b1000_frag	L521167	17	0.9990
fix_b1000_frag	L521904	0	0.7001
fix_b1000_frag	L523867	0	0.9559
fix_b1000_frag	L524464	0	0.5688
fix_b1000_frag	L525527	3	0.1799
fix_b1000_frag	L529623	0	0.8878
fix_b1000_frag	L531061	0	0.5661
fix_b1000_frag	L533105	0	1.0000
fix_b1000_frag	L534964	0	0.9094
fix_b1000_frag	L535240	1	0.3914
fix_b1000_frag	L535400	1	0.2425
fix_b1000_frag	L536467	0	0.9988
fix_b1000_frag	L536524	3	0.1814
fix_b1000_frag	L539572	1	0.3941
fix_b1000_frag	L539623	0	0.7569
fix_b1000_frag	L541274	0	0.9320
fix_b1000_frag	L541585	0	0.7806
fix_b1000_frag	L543256	0	1.0000
fix_b1000_frag	L544561	0	0.3741
fix_b1000_frag	L545165	4	0.2886
fix_b1000_frag	L546910	0	0.3555
fix_b1000_frag	L548504	0	0.7816
fix_b1000_frag	L551442	0	1.0000
fix_b1000_frag	L555925	0	0.9847
fix_b1000_frag	L556696	1	0.4677
fix_b1000_frag	L559531	17	0.5293
fix_b1000_frag	L560176	0	1.0000
fix_b1000_frag	L561367	1	0.3234
fix_b1000_frag	L564679	1	0.2707
fix_b1000_frag	L566745	1	0.6757
fix_b1000_frag	L568989	0	1.0000
fix_b1000_frag	L570772	1	0.2240
fix_b1000_frag	L572521	0	0.4396
fix_b1000_frag	L577507	0	0.6764
fix_b1000_frag	L578197	1	0.9904
fix_b1000_frag	L584866	0	0.4789
fix_b1000_frag	L586948	0	0.3974
fix_b1000_frag	L589777	1	0.2628
fix_b1000_frag	L589868	0	0.3146
fix_b1000_frag	L590205	0	0.8831
fix_b1000_frag	L59044	0	0.9924
fix_b1000_frag	L599511	2	0.2982
fix_b1000_frag	L60389	0	1.0000
fix_b1000_frag	L614050	0	0.9998
fix_b1000_frag	L617862	1	0.3994
fix_b1000_frag	L620966	5	0.3978
fix_b1000_frag	L623278	0	0.2741
fix_b1000_frag	L62337	1	0.2117
fix_b1000_frag	L626238	0	0.5555
fix_b1000_frag	L626353	0	0.4843
fix_b1000_frag	L62839	0	0.6419
fix_b1000_frag	L632457	0	0.5687
fix_b1000_frag	L635118	0	1.0000
fix_b1000_frag	L636888	1	0.3166
fix_b1000_frag	L639959	0	1.0000
fix_b1000_frag	L640160	0	1.0000
fix_b1000_frag	L641936	1	0.1237
fix_b1000_frag	L642984	0	1.0000
fix_b1000_frag	L644406	1	0.2726
fix_b1000_frag	L644497	1	0.3877
fix_b1000_frag	L646751	0	1.0000
fix_b1000_frag	L649091	2	0.3858
fix_b1000_frag	L652753	0	0.6240
fix_b1000_frag	L657061	0	1.0000
fix_b1000_frag	L657332	0	1.0000
fix_b1000_frag	L657537	0	0.9990
fix_b1000_frag	L658591	0	1.0000
fix_b1000_frag	L659549	1	0.3546
fix_b1000_frag	L660443	0	0.4470
fix_b1000_frag	L663427	1	0.8013
fix_b1000_frag	L665914	1	0.3643
fix_b1000_frag	L666180	1	0.4257
fix_b1000_frag	L667013	1	0.4420
fix_b1000_frag	L667839	0	1.0000
fix_b1000_frag	L669436	2	0.0904
fix_b1000_frag	L66992	0	0.9888
fix_b1000_frag	L677371	0	1.0000
fix_b1000_frag	L678289	0	0.9590
fix_b1000_frag	L678676	0	0.8830
fix_b1000_frag	L679717	1	0.3453
fix_b1000_frag	L680683	1	0.9656
fix_b1000_frag	L681033	0	0.9089
fix_b1000_frag	L681532	0	0.8953
fix_b1000_frag	L681559	0	0.8082
fix_b1000_frag	L681852	0	0.3524
fix_b1000_frag	L684567	0	1.0000
fix_b1000_frag	L685962	1	0.5076
fix_b1000_frag	L686506	0	0.3341
fix_b1000_frag	L689721	0	0.8229
fix_b1000_frag	L691596	0	0.3092
fix_b1000_frag	L692386	0	0.9635
fix_b1000_frag	L693733	0	0.2038
fix_b1000_frag	L694998	0	0.9986
fix_b1000_frag	L699028	1	0.7469
fix_b1000_frag	L700056	0	1.0000
fix_b1000_frag	L700404	0	0.9913
fix_b1000_frag	L702168	0	1.0000
fix_b1000_frag	L70331	0	0.3062
fix_b1000_frag	L704136	0	1.0000
fix_b1000_frag	L704338	1	0.3064
fix_b1000_frag	L705787	2	0.3105
fix_b1000_frag	L706127	5	0.1882
fix_b1000_frag	L706802	0	0.7098
fix_b1000_frag	L707187	0	1.0000
fix_b1000_frag	L710321	0	1.0000
fix_b1000_frag	L711529	0	0.9998
fix_b1000_frag	L71277	1	0.3702
fix_b1000_frag	L713051	0	0.5574
fix_b1000_frag	L715677	0	1.0000
fix_b1000_frag	L716679	0	0.4192
fix_b1000_frag	L720310	0	0.2772
fix_b1000_frag	L720918	0	0.4190
fix_b1000_frag	L722647	0	0.8261
fix_b1000_frag	L722885	1	0.4022
fix_b1000_frag	L725643	3	0.0979
fix_b1000_frag	L730413	1	0.3695
fix_b1000_frag	L731956	0	0.9998
fix_b1000_frag	L736973	0	1.0000
fix_b1000_frag	L740874	0	0.2351
fix_b1000_frag	L741246	0	1.0000
fix_b1000_frag	L742863	0	0.9966
fix_b1000_frag	L743451	1	0.1002
fix_b1000_frag	L748093	5	0.2006
fix_b1000_frag	L751266	0	0.4947
fix_b1000_frag	L752342	1	0.1471
fix_b1000_frag	L752475	0	0.9985
fix_b1000_frag	L752653	1	0.3823
fix_b1000_frag	L75387	0	0.5519
fix_b1000_frag	L754764	0	0.9706
fix_b1000_frag	L755702	0	0.3290
fix_b1000_frag	L759676	0	0.8082
fix_b1000_frag	L759690	0	0.9907
fix_b1000_frag	L759925	0	1.0000
fix_b1000_frag	L760304	0	0.9985
fix_b1000_frag	L762113	0	0.9675
fix_b1000_frag	L762771	0	0.2136
fix_b1000_frag	L763808	0	1.0000
fix_b1000_frag	L764107	0	0.3326
fix_b1000_frag	L764127	0	0.9222
fix_b1000_frag	L764282	0	0.9910
fix_b1000_frag	L764916	0	0.7962
fix_b1000_frag	L77164	2	0.1839
fix_b1000_frag	L773134	0	1.0000
fix_b1000_frag	L774588	0	1.0000
fix_b1000_frag	L774738	0	1.0000
fix_b1000_frag	L775906	2	0.1529
fix_b1000_frag	L778698	1	0.3379
fix_b1000_frag	L779464	0	0.4775
fix_b1000_frag	L779937	0	0.3670
fix_b1000_frag	L780609	0	0.9980
fix_b1000_frag	L784473	4	0.1529
fix_b1000_frag	L787550	0	0.9922
fix_b1000_frag	L789409	0	0.3525
fix_b1000_frag	L790771	0	0.9775
fix_b1000_frag	L792951	1	0.4276
fix_b1000_frag	L79315	0	0.8737
fix_b1000_frag	L793490	1	0.2621
fix_b1000_frag	L79406	0	0.5147
fix_b1000_frag	L79610	1	0.5426
fix_b1000_frag	L796809	1	0.1231
fix_b1000_frag	L798449	0	1.0000
fix_b1000_frag	L801473	0	0.9991
fix_b1000_frag	L801620	1	0.1641
fix_b1000_frag	L801738	0	0.9994
fix_b1000_frag	L803364	0	0.2385
fix_b1000_frag	L803613	1	0.4110
fix_b1000_frag	L804778	0	0.2453
fix_b1000_frag	L808364	1	0.3709
fix_b1000_frag	L809372	0	0.9908
fix_b1000_frag	L809693	0	0.3809
fix_b1000_frag	L811734	0	0.9589
fix_b1000_frag	L81215	0	0.9989
fix_b1000_frag	L812450	0	1.0000
fix_b1000_frag	L812672	1	0.3719
fix_b1000_frag	L815977	1	0.5099
fix_b1000_frag	L816644	0	1.0000
fix_b1000_frag	L81909	0	0.9947
fix_b1000_frag	L819563	3	0.2194
fix_b1000_frag	L821100	0	0.9616
fix_b1000_frag	L822334	0	0.9679
fix_b1000_frag	L824223	0	0.3928
fix_b1000_frag	L827048	1	0.5388
fix_b1000_frag	L827129	0	0.9519
fix_b1000_frag	L829233	0	0.8652
fix_b1000_frag	L83001	0	0.9778
fix_b1000_frag	L830371	0	0.9868
fix_b1000_frag	L832923	0	0.9680
fix_b1000_frag	L834579	0	0.7858
fix_b1000_frag	L834622	1	0.4504
fix_b1000_frag	L837955	0	0.9962
fix_b1000_frag	L843972	3	0.1810
fix_b1000_frag	L845031	0	0.9872
fix_b1000_frag	L846960	0	1.0000
fix_b1000_frag	L847988	1	0.2830
fix_b1000_frag	L849505	0	0.5690
fix_b1000_frag	L851847	1	0.4396
fix_b1000_frag	L853299	0	1.0000
fix_b1000_frag	L855747	1	0.2044
fix_b1000_frag	L855935	0	0.9850
fix_b1000_frag	L856753	0	1.0000
fix_b1000_frag	L85748	1	0.8763
fix_b1000_frag	L858843	0	0.9997
fix_b1000_frag	L862725	0	1.0000
fix_b1000_frag	L864050	0	1.0000
fix_b1000_frag	L86679	0	1.0000
fix_b1000_frag	L868640	0	1.0000
fix_b1000_frag	L869371	0	0.4702
fix_b1000_frag	L869433	0	0.9933
fix_b1000_frag	L873249	0	0.9837
fix_b1000_frag	L883133	0	0.9375
fix_b1000_frag	L883660	0	0.4788
fix_b1000_frag	L884453	0	0.9119
fix_b1000_frag	L885068	0	0.8622
fix_b1000_frag	L885624	5	0.0984
fix_b1000_frag	L886084	0	0.4517
fix_b1000_frag	L886474	7	0.4620
fix_b1000_frag	L886813	0	0.2823
fix_b1000_frag	L888328	0	0.9966
fix_b1000_frag	L888339	0	1.0000
fix_b1000_frag	L888692	1	0.1112
fix_b1000_frag	L892540	0	1.0000
fix_b1000_frag	L894181	8	0.1614
fix_b1000_frag	L895192	1	0.7112
fix_b1000_frag	L895682	1	0.3793
fix_b1000_frag	L898645	0	0.7579
fix_b1000_frag	L900297	2	0.2677
fix_b1000_frag	L902295	0	1.0000
fix_b1000_frag	L902514	2	0.4075
fix_b1000_frag	L906439	0	0.9401
fix_b1000_frag	L907227	0	0.6596
fix_b1000_frag	L90734	0	1.0000
fix_b1000_frag	L909856	1	0.4374
fix_b1000_frag	L910412	5	0.2585
fix_b1000_frag	L910841	0	0.7331
fix_b1000_frag	L911364	0	0.9927
fix_b1000_frag	L912237	0	0.4143
fix_b1000_frag	L913833	6	0.3090
fix_b1000_frag	L914150	0	0.8123
fix_b1000_frag	L914195	2	0.2102
fix_b1000_frag	L91480	0	0.4924
fix_b1000_frag	L918005	0	0.9959
fix_b1000_frag	L918018	0	1.0000
fix_b1000_frag	L923738	0	0.5175
fix_b1000_frag	L924400	1	0.5076
fix_b1000_frag	L925260	0	0.2322
fix_b1000_frag	L928875	2	0.2341
fix_b1000_frag	L93124	1	0.9160
fix_b1000_frag	L93295	0	0.9722
fix_b1000_frag	L933087	1	0.4706
fix_b1000_frag	L933852	0	0.8634
fix_b1000_frag	L936253	0	1.0000
fix_b1000_frag	L940767	0	0.5368
fix_b1000_frag	L941368	2	0.1730
fix_b1000_frag	L941926	0	1.0000
fix_b1000_frag	L942873	1	0.2187
fix_b1000_frag	L943752	0	0.4976
fix_b1000_frag	L948601	0	0.5343
fix_b1000_frag	L94945	3	0.3469
fix_b1000_frag	L949761	1	0.2273
fix_b1000_frag	L953203	0	0.2241
fix_b1000_frag	L95620	0	0.5208
fix_b1000_frag	L957565	0	0.3477
fix_b1000_frag	L960419	1	0.4521
fix_b1000_frag	L962289	2	0.6075
fix_b1000_frag	L96262	0	0.9999
fix_b1000_frag	L962680	0	0.8990
fix_b1000_frag	L967795	1	0.3534
fix_b1000_frag	L968437	1	1.0000
fix_b1000_frag	L969615	1	0.3141
fix_b1000_frag	L970400	1	0.4141
fix_b1000_frag	L972698	0	1.0000
fix_b1000_frag	L974207	0	0.6203
fix_b1000_frag	L979330	1	0.7859
fix_b1000_frag	L983346	0	0.9998
fix_b1000_frag	L984768	0	0.6489
fix_b1000_frag	L984796	0	0.7993
fix_b1000_frag	L985204	1	0.3956
fix_b1000_frag	L985959	0	1.0000
fix_b1000_frag	L986820	1	0.4867
fix_b1000_frag	L989999	1	0.3157
fix_b1000_frag	L994491	0	0.7646
fix_b1000_frag	L997717	0	0.3585
fix_b1000_frag	L998540	2	0.0939
fix_b1000_full	L1002585	0	1.0000
fix_b1000_full	L1004185	0	0.9569
fix_b1000_full	L1005032	0	1.0000
fix_b1000_full	L1011227	0	1.0000
fix_b1000_full	L1012049	0	1.0000
fix_b1000_full	L1012199	0	1.0000
fix_b1000_full	L1016849	0	1.0000
fix_b1000_full	L1017537	0	1.0000
fix_b1000_full	L1021907	0	1.0000
fix_b1000_full	L1024044	0	1.0000
fix_b1000_full	L1024542	0	1.0000
fix_b1000_full	L1025399	0	1.0000
fix_b1000_full	L1026799	0	1.0000
fix_b1000_full	L102922	0	0.9600
fix_b1000_full	L1029951	1	0.9016
fix_b1000_full	L1030819	0	1.0000
fix_b1000_full	L103249	1	1.0000
fix_b1000_full	L1036266	0	1.0000
fix_b1000_full	L1036426	0	1.0000
fix_b1000_full	L1038977	1	1.0000
fix_b1000_full	L1044163	0	0.5409
fix_b1000_full	L1044444	0	0.9994
fix_b1000_full	L1046348	0	1.0000
fix_b1000_full	L1046966	0	1.0000
fix_b1000_full	L1050743	0	1.0000
fix_b1000_full	L1052309	0	1.0000
fix_b1000_full	L1053445	0	1.0000
fix_b1000_full	L1054346	0	0.9995
fix_b1000_full	L1055550	0	1.0000
fix_b1000_full	L1058576	0	1.0000
fix_b1000_full	L1060120	1	1.0000
fix_b1000_full	L1061482	1	0.9959
fix_b1000_full	L1061587	1	1.0000
fix_b1000_full	L1062126	0	1.0000
fix_b1000_full	L1063587	0	1.0000
fix_b1000_full	L1064227	0	1.0000
fix_b1000_full	L1065804	0	1.0000
fix_b1000_full	L1068964	0	1.0000
fix_b1000_full	L1069832	0	1.0000
fix_b1000_full	L1071754	0	0.5239
fix_b1000_full	L1072449	1	1.0000
fix_b1000_full	L1073165	0	0.7239
fix_b1000_full	L1075189	1	0.7783
fix_b1000_full	L1081827	1	0.6159
fix_b1000_full	L1082663	0	1.0000
fix_b1000_full	L1083972	0	1.0000
fix_b1000_full	L1085175	0	1.0000
fix_b1000_full	L1087086	1	0.5570
fix_b1000_full	L1087105	1	0.5924
fix_b1000_full	L1089119	1	0.9580
fix_b1000_full	L1090631	0	1.0000
fix_b1000_full	L1091178	0	0.8406
fix_b1000_full	L1091281	0	0.5525
fix_b1000_full	L1091323	1	1.0000
fix_b1000_full	L1091479	0	1.0000
fix_b1000_full	L1092388	0	1.0000
fix_b1000_full	L1096376	0	1.0000
fix_b1000_full	L1099155	0	1.0000
fix_b1000_full	L1101520	0	1.0000
fix_b1000_full	L1106265	0	1.0000
fix_b1000_full	L1106965	0	1.0000
fix_b1000_full	L1107538	0	1.0000
fix_b1000_full	L1109734	0	1.0000
fix_b1000_full	L1110523	0	1.0000
fix_b1000_full	L1116847	0	1.0000
fix_b1000_full	L1117806	1	1.0000
fix_b1000_full	L1123172	0	1.0000
fix_b1000_full	L112480	0	1.0000
fix_b1000_full	L1125468	0	1.0000
fix_b1000_full	L1125564	0	1.0000
fix_b1000_full	L1126749	0	1.0000
fix_b1000_full	L1127804	1	0.3855
fix_b1000_full	L1128821	0	1.0000
fix_b1000_full	L1132817	0	1.0000
fix_b1000_full	L1134826	1	1.0000
fix_b1000_full	L1135019	1	0.6004
fix_b1000_full	L113844	0	0.6598
fix_b1000_full	L1138559	1	0.7949
fix_b1000_full	L1139573	1	1.0000
fix_b1000_full	L1142178	1	0.3434
fix_b1000_full	L1143584	0	1.0000
fix_b1000_full	L1146782	1	1.0000
fix_b1000_full	L1148275	1	1.0000
fix_b1000_full	L1148681	0	1.0000
fix_b1000_full	L1148861	0	1.0000
fix_b1000_full	L115160	0	1.0000
fix_b1000_full	L1152742	0	0.5297
fix_b1000_full	L1159462	0	1.0000
fix_b1000_full	L1160593	0	1.0000
fix_b1000_full	L1166860	1	1.0000
fix_b1000_full	L1169308	1	1.0000
fix_b1000_full	L1171933	0	1.0000
fix_b1000_full	L1175689	0	1.0000
fix_b1000_full	L1176510	0	1.0000
fix_b1000_full	L1176819	1	0.5922
fix_b1000_full	L1181526	0	1.0000
fix_b1000_full	L1184831	0	1.0000
fix_b1000_full	L1188236	0	1.0000
fix_b1000_full	L1189606	0	1.0000
fix_b1000_full	L1190029	0	1.0000
fix_b1000_full	L1192003	0	1.0000
fix_b1000_full	L1193093	1	0.9815
fix_b1000_full	L1193626	0	1.0000
fix_b1000_full	L1194943	1	1.0000
fix_b1000_full	L1200114	0	1.0000
fix_b1000_full	L1200373	0	1.0000
fix_b1000_full	L1202626	0	1.0000
fix_b1000_full	L1203652	0	1.0000
fix_b1000_full	L1205967	0	1.0000
fix_b1000_full	L1206149	0	1.0000
fix_b1000_full	L1208940	0	1.0000
fix_b1000_full	L120959	0	1.0000
fix_b1000_full	L1211345	0	1.0000
fix_b1000_full	L1212637	0	1.0000
fix_b1000_full	L1212861	0	1.0000
fix_b1000_full	L121334	1	0.4063
fix_b1000_full	L1215236	0	0.9996
fix_b1000_full	L1217544	0	1.0000
fix_b1000_full	L1217630	0	1.0000
fix_b1000_full	L1218521	0	1.0000
fix_b1000_full	L121873	0	1.0000
fix_b1000_full	L1218743	0	1.0000
fix_b1000_full	L1219260	0	1.0000
fix_b1000_full	L1219324	0	1.0000
fix_b1000_full	L1223018	1	0.7129
fix_b1000_full	L12241	1	0.4875
fix_b1000_full	L122411	0	1.0000
fix_b1000_full	L1228313	0	1.0000
fix_b1000_full	L1228316	0	1.0000
fix_b1000_full	L1228698	0	1.0000
fix_b1000_full	L1229975	0	1.0000
fix_b1000_full	L1233030	0	0.9532
fix_b1000_full	L1234322	0	1.0000
fix_b1000_full	L1235564	0	1.0000
fix_b1000_full	L1237368	1	0.3995
fix_b1000_full	L1242536	0	1.0000
fix_b1000_full	L1243882	0	1.0000
fix_b1000_full	L1244427	1	0.8599
fix_b1000_full	L1247700	0	1.0000
fix_b1000_full	L1249050	0	1.0000
fix_b1000_full	L1252273	1	1.0000
fix_b1000_full	L1252715	0	1.0000
fix_b1000_full	L125500	0	1.0000
fix_b1000_full	L125644	0	1.0000
fix_b1000_full	L1263639	0	1.0000
fix_b1000_full	L1263909	0	1.0000
fix_b1000_full	L1267300	0	1.0000
fix_b1000_full	L1267973	0	0.6635
fix_b1000_full	L1268056	1	0.4149
fix_b1000_full	L1269000	0	1.0000
fix_b1000_full	L1269225	0	1.0000
fix_b1000_full	L1269960	0	1.0000
fix_b1000_full	L1270519	1	0.4832
fix_b1000_full	L1271695	1	1.0000
fix_b1000_full	L1274988	0	1.0000
fix_b1000_full	L1277578	1	1.0000
fix_b1000_full	L1277861	0	1.0000
fix_b1000_full	L1281298	0	1.0000
fix_b1000_full	L1283746	0	1.0000
fix_b1000_full	L1284558	0	0.8688
fix_b1000_full	L1286758	0	1.0000
fix_b1000_full	L1291250	0	1.0000
fix_b1000_full	L129208	0	1.0000
fix_b1000_full	L1292363	0	0.8859
fix_b1000_full	L1292503	0	1.0000
fix_b1000_full	L1294408	1	0.5949
fix_b1000_full	L1294453	0	0.9905
fix_b1000_full	L1294952	0	1.0000
fix_b1000_full	L1297512	0	1.0000
fix_b1000_full	L1298142	0	1.0000
fix_b1000_full	L1299862	0	1.0000
fix_b1000_full	L1302458	1	1.0000
fix_b1000_full	L1307852	0	1.0000
fix_b1000_full	L130839	0	1.0000
fix_b1000_full	L1309046	0	1.0000
fix_b1000_full	L1314993	0	1.0000
fix_b1000_full	L1316645	1	0.9983
fix_b1000_full	L1316673	0	0.8540
fix_b1000_full	L1319261	1	1.0000
fix_b1000_full	L1320029	1	0.5080
fix_b1000_full	L1321139	0	1.0000
fix_b1000_full	L1322298	0	1.0000
fix_b1000_full	L1325043	0	1.0000
fix_b1000_full	L1328601	0	1.0000
fix_b1000_full	L1330004	0	1.0000
fix_b1000_full	L1334204	0	1.0000
fix_b1000_full	L1334727	0	1.0000
fix_b1000_full	L1337969	0	0.6795
fix_b1000_full	L1338440	0	0.9802
fix_b1000_full	L1338867	1	1.0000
fix_b1000_full	L13406	0	1.0000
fix_b1000_full	L1341334	0	1.0000
fix_b1000_full	L1342936	0	1.0000
fix_b1000_full	L1343571	0	0.9997
fix_b1000_full	L134770	0	1.0000
fix_b1000_full	L1348767	1	1.0000
fix_b1000_full	L1349954	0	1.0000
fix_b1000_full	L1350260	0	1.0000
fix_b1000_full	L1354350	0	1.0000
fix_b1000_full	L1358832	0	1.0000
fix_b1000_full	L1362201	1	1.0000
fix_b1000_full	L1362636	1	1.0000
fix_b1000_full	L1365362	0	1.0000
fix_b1000_full	L1366477	0	1.0000
fix_b1000_full	L1369644	0	1.0000
fix_b1000_full	L13698	0	1.0000
fix_b1000_full	L1371092	1	1.0000
fix_b1000_full	L1372683	0	1.0000
fix_b1000_full	L1372686	0	1.0000
fix_b1000_full	L1373403	0	1.0000
fix_b1000_full	L1378339	0	1.0000
fix_b1000_full	L1379425	1	0.6556
fix_b1000_full	L1380845	0	1.0000
fix_b1000_full	L1382177	0	1.0000
fix_b1000_full	L1382936	0	0.5695
fix_b1000_full	L1382969	0	1.0000
fix_b1000_full	L1383932	0	1.0000
fix_b1000_full	L1384051	0	1.0000
fix_b1000_full	L1393346	0	0.6190
fix_b1000_full	L1394372	0	1.0000
fix_b1000_full	L1398058	0	1.0000
fix_b1000_full	L1398565	0	1.0000
fix_b1000_full	L1400233	0	1.0000
fix_b1000_full	L1400557	1	0.9992
fix_b1000_full	L1403214	0	1.0000
fix_b1000_full	L1409097	0	1.0000
fix_b1000_full	L1409378	0	1.0000
fix_b1000_full	L1410763	0	1.0000
fix_b1000_full	L1410905	0	1.0000
fix_b1000_full	L1411655	0	1.0000
fix_b1000_full	L1421095	0	1.0000
fix_b1000_full	L1421423	0	1.0000
fix_b1000_full	L1431164	0	1.0000
fix_b1000_full	L1435268	0	1.0000
fix_b1000_full	L1438447	0	1.0000
fix_b1000_full	L1440099	0	1.0000
fix_b1000_full	L1440354	0	1.0000
fix_b1000_full	L1440579	0	0.9960
fix_b1000_full	L1441065	0	1.0000
fix_b1000_full	L1442950	0	1.0000
fix_b1000_full	L144630	0	1.0000
fix_b1000_full	L144966	0	1.0000
fix_b1000_full	L1450044	0	1.0000
fix_b1000_full	L145721	0	1.0000
fix_b1000_full	L1463127	0	1.0000
fix_b1000_full	L1463808	1	1.0000
fix_b1000_full	L1468044	0	1.0000
fix_b1000_full	L1468317	0	1.0000
fix_b1000_full	L1470882	0	1.0000
fix_b1000_full	L1472026	0	1.0000
fix_b1000_full	L1475336	0	1.0000
fix_b1000_full	L1477	0	0.9974
fix_b1000_full	L1477137	1	1.0000
fix_b1000_full	L1478713	0	0.7325
fix_b1000_full	L1479097	0	1.0000
fix_b1000_full	L1482186	1	0.5656
fix_b1000_full	L1483022	1	1.0000
fix_b1000_full	L1485252	0	0.9019
fix_b1000_full	L1487868	0	1.0000
fix_b1000_full	L1489958	0	1.0000
fix_b1000_full	L1491338	0	1.0000
fix_b1000_full	L1491406	1	1.0000
fix_b1000_full	L1492427	1	0.6495
fix_b1000_full	L1494927	0	1.0000
fix_b1000_full	L1496723	0	1.0000
fix_b1000_full	L14998	0	1.0000
fix_b1000_full	L1500041	0	1.0000
fix_b1000_full	L1500792	0	1.0000
fix_b1000_full	L1501054	0	1.0000
fix_b1000_full	L1501117	1	0.7711
fix_b1000_full	L150284	0	0.9839
fix_b1000_full	L1503080	0	1.0000
fix_b1000_full	L1506056	0	1.0000
fix_b1000_full	L1506305	0	1.0000
fix_b1000_full	L1507593	0	1.0000
fix_b1000_full	L1507721	0	1.0000
fix_b1000_full	L1509635	0	1.0000
fix_b1000_full	L1511077	0	1.0000
fix_b1000_full	L1511516	1	1.0000
fix_b1000_full	L151270	0	1.0000
fix_b1000_full	L1513453	0	1.0000
fix_b1000_full	L1513508	0	1.0000
fix_b1000_full	L1514059	1	1.0000
fix_b1000_full	L151434	0	1.0000
fix_b1000_full	L1520281	0	0.9887
fix_b1000_full	L1522665	0	1.0000
fix_b1000_full	L1525581	0	1.0000
fix_b1000_full	L152670	0	1.0000
fix_b1000_full	L1527449	0	0.9915
fix_b1000_full	L1532593	1	0.6917
fix_b1000_full	L1537084	1	1.0000
fix_b1000_full	L1545445	1	0.5528
fix_b1000_full	L1549764	1	1.0000
fix_b1000_full	L1553511	0	1.0000
fix_b1000_full	L1555961	0	0.8030
fix_b1000_full	L1556158	0	1.0000
fix_b1000_full	L1559085	0	1.0000
fix_b1000_full	L1559370	0	1.0000
fix_b1000_full	L1561684	1	0.8642
fix_b1000_full	L1563921	1	1.0000
fix_b1000_full	L1564440	1	0.5002
fix_b1000_full	L1564788	0	1.0000
fix_b1000_full	L1570442	1	0.4364
fix_b1000_full	L1577548	0	1.0000
fix_b1000_full	L1582773	0	0.9999
fix_b1000_full	L1586476	0	1.0000
fix_b1000_full	L1591774	0	1.0000
fix_b1000_full	L1592464	0	1.0000
fix_b1000_full	L1592890	0	1.0000
fix_b1000_full	L1593009	0	1.0000
fix_b1000_full	L1594265	0	1.0000
fix_b1000_full	L15949	0	1.0000
fix_b1000_full	L1595729	1	0.9997
fix_b1000_full	L1596023	0	1.0000
fix_b1000_full	L1596979	0	1.0000
fix_b1000_full	L1599150	0	1.0000
fix_b1000_full	L1605496	0	1.0000
fix_b1000_full	L1608356	0	0.9676
fix_b1000_full	L1608408	0	0.5000
fix_b1000_full	L1609523	0	1.0000
fix_b1000_full	L1611831	1	0.6414
fix_b1000_full	L1613719	0	1.0000
fix_b1000_full	L1613862	0	1.0000
fix_b1000_full	L1614892	0	1.0000
fix_b1000_full	L1615590	0	1.0000
fix_b1000_full	L1616879	0	1.0000
fix_b1000_full	L1617022	1	1.0000
fix_b1000_full	L1619438	1	0.6002
fix_b1000_full	L1619907	0	1.0000
fix_b1000_full	L1620099	0	1.0000
fix_b1000_full	L1622776	1	0.5463
fix_b1000_full	L1622804	1	0.5735
fix_b1000_full	L1623315	0	1.0000
fix_b1000_full	L1625869	0	1.0000
fix_b1000_full	L1632251	0	1.0000
fix_b1000_full	L1632593	0	0.9997
fix_b1000_full	L1633409	0	0.8920
fix_b1000_full	L163519	0	1.0000
fix_b1000_full	L1635479	0	1.0000
fix_b1000_full	L1638116	0	1.0000
fix_b1000_full	L1642892	0	0.5777
fix_b1000_full	L1647022	0	1.0000
fix_b1000_full	L1649256	0	1.0000
fix_b1000_full	L1650196	0	1.0000
fix_b1000_full	L1654301	2	0.5686
fix_b1000_full	L1656331	1	0.5971
fix_b1000_full	L1657868	1	1.0000
fix_b1000_full	L1658774	0	0.5967
fix_b1000_full	L1660134	0	1.0000
fix_b1000_full	L166249	0	1.0000
fix_b1000_full	L1663458	0	1.0000
fix_b1000_full	L16644	0	1.0000
fix_b1000_full	L1664922	0	0.9848
fix_b1000_full	L1666954	0	1.0000
fix_b1000_full	L1668737	0	1.0000
fix_b1000_full	L167239	0	1.0000
fix_b1000_full	L167308	0	1.0000
fix_b1000_full	L1673443	0	1.0000
fix_b1000_full	L1677915	0	1.0000
fix_b1000_full	L1679070	0	0.9999
fix_b1000_full	L1679327	0	1.0000
fix_b1000_full	L1681571	0	1.0000
fix_b1000_full	L1683975	0	1.0000
fix_b1000_full	L1687257	0	1.0000
fix_b1000_full	L1689425	1	1.0000
fix_b1000_full	L1690704	0	0.5921
fix_b1000_full	L1690718	0	0.3393
fix_b1000_full	L1692614	0	1.0000
fix_b1000_full	L1693021	0	1.0000
fix_b1000_full	L1693729	0	1.0000
fix_b1000_full	L1698795	0	1.0000
fix_b1000_full	L1700325	0	1.0000
fix_b1000_full	L1701759	0	1.0000
fix_b1000_full	L1706009	0	0.9853
fix_b1000_full	L1710196	0	1.0000
fix_b1000_full	L1713230	0	1.0000
fix_b1000_full	L1714485	1	0.5784
fix_b1000_full	L1715650	0	1.0000
fix_b1000_full	L1717886	0	0.9854
fix_b1000_full	L1720587	0	1.0000
fix_b1000_full	L1721987	0	1.0000
fix_b1000_full	L1722777	0	1.0000
fix_b1000_full	L1724773	1	0.6910
fix_b1000_full	L1725448	0	1.0000
fix_b1000_full	L1727481	0	0.9748
fix_b1000_full	L1728562	0	0.4730
fix_b1000_full	L1729015	0	1.0000
fix_b1000_full	L1729974	0	1.0000
fix_b1000_full	L1731527	0	0.7635
fix_b1000_full	L173383	0	1.0000
fix_b1000_full	L1735097	0	0.9024
fix_b1000_full	L1736351	0	1.0000
fix_b1000_full	L1736591	0	1.0000
fix_b1000_full	L1739879	1	0.9992
fix_b1000_full	L1741008	0	1.0000
fix_b1000_full	L1741461	0	0.9405
fix_b1000_full	L174176	0	1.0000
fix_b1000_full	L1741919	1	0.7990
fix_b1000_full	L1743480	0	0.9998
fix_b1000_full	L1744154	0	1.0000
fix_b1000_full	L1746595	0	1.0000
fix_b1000_full	L1748112	0	1.0000
fix_b1000_full	L1748957	0	1.0000
fix_b1000_full	L1749257	1	0.9603
fix_b1000_full	L175348	0	1.0000
fix_b1000_full	L1753832	0	1.0000
fix_b1000_full	L1755416	1	1.0000
fix_b1000_full	L1758324	0	1.0000
fix_b1000_full	L1758608	0	1.0000
fix_b1000_full	L1758614	0	1.0000
fix_b1000_full	L1758704	1	0.9833
fix_b1000_full	L1762064	0	0.9957
fix_b1000_full	L1765663	1	0.3234
fix_b1000_full	L1766093	1	0.9730
fix_b1000_full	L176738	0	1.0000
fix_b1000_full	L1768336	0	1.0000
fix_b1000_full	L176876	0	1.0000
fix_b1000_full	L1768935	0	0.9934
fix_b1000_full	L1770348	0	1.0000
fix_b1000_full	L1770471	0	1.0000
fix_b1000_full	L1772400	0	1.0000
fix_b1000_full	L1774077	0	1.0000
fix_b1000_full	L1774332	0	0.9982
fix_b1000_full	L177650	0	1.0000
fix_b1000_full	L1778239	0	0.9989
fix_b1000_full	L1778753	0	1.0000
fix_b1000_full	L1785009	1	0.9885
fix_b1000_full	L1788156	0	1.0000
fix_b1000_full	L179015	0	1.0000
fix_b1000_full	L1790481	0	1.0000
fix_b1000_full	L1791527	0	1.0000
fix_b1000_full	L1792265	0	1.0000
fix_b1000_full	L1793065	0	1.0000
fix_b1000_full	L1794712	0	1.0000
fix_b1000_full	L1794839	0	1.0000
fix_b1000_full	L1796826	0	0.9993
fix_b1000_full	L1797546	0	1.0000
fix_b1000_full	L1798302	0	1.0000
fix_b1000_full	L1799840	0	0.9570
fix_b1000_full	L1801258	0	1.0000
fix_b1000_full	L1802345	0	1.0000
fix_b1000_full	L180509	0	1.0000
fix_b1000_full	L1808966	0	1.0000
fix_b1000_full	L1809234	0	1.0000
fix_b1000_full	L1811231	1	1.0000
fix_b1000_full	L1812445	0	1.0000
fix_b1000_full	L1814309	0	0.9997
fix_b1000_full	L1816451	0	1.0000
fix_b1000_full	L1817551	1	0.5374
fix_b1000_full	L1820447	0	0.5652
fix_b1000_full	L1821765	0	1.0000
fix_b1000_full	L1822989	0	1.0000
fix_b1000_full	L1823086	0	1.0000
fix_b1000_full	L1825981	0	1.0000
fix_b1000_full	L1826918	0	1.0000
fix_b1000_full	L1830338	0	1.0000
fix_b1000_full	L18313	0	1.0000
fix_b1000_full	L1831368	0	1.0000
fix_b1000_full	L183802	0	1.0000
fix_b1000_full	L1838244	0	1.0000
fix_b1000_full	L1838501	0	0.9634
fix_b1000_full	L1838652	0	1.0000
fix_b1000_full	L1840388	0	0.9807
fix_b1000_full	L1848896	0	1.0000
fix_b1000_full	L1856065	0	1.0000
fix_b1000_full	L1857129	0	0.9966
fix_b1000_full	L1858192	0	1.0000
fix_b1000_full	L1858235	0	0.5083
fix_b1000_full	L1859863	0	0.9316
fix_b1000_full	L1860283	1	1.0000
fix_b1000_full	L1867226	0	0.9876
fix_b1000_full	L186847	0	1.0000
fix_b1000_full	L1869818	1	1.0000
fix_b1000_full	L1872590	0	1.0000
fix_b1000_full	L1872595	0	1.0000
fix_b1000_full	L1873245	0	0.9066
fix_b1000_full	L1873642	0	1.0000
fix_b1000_full	L1874928	1	0.3879
fix_b1000_full	L1876149	0	0.9999
fix_b1000_full	L18800	0	1.0000
fix_b1000_full	L1882201	1	0.6950
fix_b1000_full	L1882838	0	1.0000
fix_b1000_full	L1883125	1	1.0000
fix_b1000_full	L1883999	0	0.9853
fix_b1000_full	L1886440	0	1.0000
fix_b1000_full	L1889760	0	1.0000
fix_b1000_full	L189322	0	1.0000
fix_b1000_full	L1895575	0	1.0000
fix_b1000_full	L1897444	0	1.0000
fix_b1000_full	L1898605	0	1.0000
fix_b1000_full	L1898611	0	1.0000
fix_b1000_full	L190102	0	1.0000
fix_b1000_full	L1902625	1	1.0000
fix_b1000_full	L1905283	0	1.0000
fix_b1000_full	L190650	0	1.0000
fix_b1000_full	L190687	0	1.0000
fix_b1000_full	L1908570	1	0.5023
fix_b1000_full	L1909629	1	0.6331
fix_b1000_full	L1911881	1	1.0000
fix_b1000_full	L1912	0	1.0000
fix_b1000_full	L191488	0	1.0000
fix_b1000_full	L1920826	1	0.7119
fix_b1000_full	L192237	0	1.0000
fix_b1000_full	L1924744	0	1.0000
fix_b1000_full	L1925847	2	1.0000
fix_b1000_full	L1928273	0	1.0000
fix_b1000_full	L1928790	0	1.0000
fix_b1000_full	L1932241	0	1.0000
fix_b1000_full	L1932659	0	1.0000
fix_b1000_full	L1933206	0	1.0000
fix_b1000_full	L1933253	0	1.0000
fix_b1000_full	L1933970	0	1.0000
fix_b1000_full	L1936643	1	1.0000
fix_b1000_full	L1940497	1	0.7343
fix_b1000_full	L1942177	0	1.0000
fix_b1000_full	L1942305	0	1.0000
fix_b1000_full	L1943673	0	1.0000
fix_b1000_full	L1944226	0	1.0000
fix_b1000_full	L1944640	1	0.5763
fix_b1000_full	L1944904	1	0.5543
fix_b1000_full	L194952	0	0.6211
fix_b1000_full	L1951280	0	1.0000
fix_b1000_full	L1952353	0	0.5544
fix_b1000_full	L1953692	0	1.0000
fix_b1000_full	L1954656	0	0.9098
fix_b1000_full	L1955598	0	1.0000
fix_b1000_full	L1955973	0	1.0000
fix_b1000_full	L195908	0	1.0000
fix_b1000_full	L1964032	0	1.0000
fix_b1000_full	L1965961	0	0.8934
fix_b1000_full	L1970360	0	1.0000
fix_b1000_full	L1970493	1	1.0000
fix_b1000_full	L1970551	1	1.0000
fix_b1000_full	L1970668	0	1.0000
fix_b1000_full	L1971017	0	1.0000
fix_b1000_full	L1975091	1	0.8937
fix_b1000_full	L1975857	0	0.9975
fix_b1000_full	L197613	0	1.0000
fix_b1000_full	L1976785	0	1.0000
fix_b1000_full	L1981866	0	1.0000
fix_b1000_full	L1982300	0	1.0000
fix_b1000_full	L1983183	0	1.0000
fix_b1000_full	L1986059	0	0.9727
fix_b1000_full	L1990411	0	1.0000
fix_b1000_full	L1991628	0	1.0000
fix_b1000_full	L1994839	0	1.0000
fix_b1000_full	L1996032	0	1.0000
fix_b1000_full	L202116	0	1.0000
fix_b1000_full	L204802	0	0.8890
fix_b1000_full	L208863	0	1.0000
fix_b1000_full	L209724	0	0.8941
fix_b1000_full	L2105	0	1.0000
fix_b1000_full	L210838	0	1.0000
fix_b1000_full	L21151	1	0.5395
fix_b1000_full	L216034	1	0.7144
fix_b1000_full	L216528	0	0.9970
fix_b1000_full	L217349	0	1.0000
fix_b1000_full	L222365	0	0.9998
fix_b1000_full	L225416	0	0.9948
fix_b1000_full	L227476	0	1.0000
fix_b1000_full	L228723	0	1.0000
fix_b1000_full	L231682	0	1.0000
fix_b1000_full	L232060	0	1.0000
fix_b1000_full	L233375	0	1.0000
fix_b1000_full	L235764	0	1.0000
fix_b1000_full	L238858	1	1.0000
fix_b1000_full	L243818	0	1.0000
fix_b1000_full	L244003	0	0.9995
fix_b1000_full	L244965	0	1.0000
fix_b1000_full	L24866	0	1.0000
fix_b1000_full	L250969	0	1.0000
fix_b1000_full	L252902	0	1.0000
fix_b1000_full	L253345	0	0.9514
fix_b1000_full	L257043	0	0.9796
fix_b1000_full	L257465	0	0.5282
fix_b1000_full	L258378	0	1.0000
fix_b1000_full	L258696	0	1.0000
fix_b1000_full	L260842	0	0.9759
fix_b1000_full	L260939	0	0.9997
fix_b1000_full	L261190	0	1.0000
fix_b1000_full	L267309	0	0.3750
fix_b1000_full	L267846	0	1.0000
fix_b1000_full	L270977	0	1.0000
fix_b1000_full	L272730	0	1.0000
fix_b1000_full	L273461	1	1.0000
fix_b1000_full	L282320	0	1.0000
fix_b1000_full	L283173	1	1.0000
fix_b1000_full	L283368	1	0.8917
fix_b1000_full	L288752	0	1.0000
fix_b1000_full	L2888	1	1.0000
fix_b1000_full	L293305	1	1.0000
fix_b1000_full	L293537	0	1.0000
fix_b1000_full	L294764	1	0.5615
fix_b1000_full	L299364	0	1.0000
fix_b1000_full	L299595	1	1.0000
fix_b1000_full	L299782	0	1.0000
fix_b1000_full	L300401	0	1.0000
fix_b1000_full	L30336	0	0.9011
fix_b1000_full	L310087	0	1.0000
fix_b1000_full	L312118	0	1.0000
fix_b1000_full	L318026	0	1.0000
fix_b1000_full	L318722	0	1.0000
fix_b1000_full	L31952	0	1.0000
fix_b1000_full	L319839	0	1.0000
fix_b1000_full	L319888	0	0.8617
fix_b1000_full	L320440	1	0.5001
fix_b1000_full	L321627	0	1.0000
fix_b1000_full	L322333	0	1.0000
fix_b1000_full	L322794	0	1.0000
fix_b1000_full	L322866	0	1.0000
fix_b1000_full	L324151	0	1.0000
fix_b1000_full	L324946	0	1.0000
fix_b1000_full	L32606	0	1.0000
fix_b1000_full	L326205	0	1.0000
fix_b1000_full	L327486	0	1.0000
fix_b1000_full	L331805	1	1.0000
fix_b1000_full	L331807	1	1.0000
fix_b1000_full	L333401	0	1.0000
fix_b1000_full	L333865	0	1.0000
fix_b1000_full	L335478	0	1.0000
fix_b1000_full	L336916	1	0.3530
fix_b1000_full	L337726	1	1.0000
fix_b1000_full	L343911	0	1.0000
fix_b1000_full	L346110	0	1.0000
fix_b1000_full	L35206	0	1.0000
fix_b1000_full	L352100	0	1.0000
fix_b1000_full	L353330	0	1.0000
fix_b1000_full	L353755	0	1.0000
fix_b1000_full	L354281	1	0.8836
fix_b1000_full	L355469	0	0.9800
fix_b1000_full	L355973	0	0.5040
fix_b1000_full	L358098	0	1.0000
fix_b1000_full	L358427	0	1.0000
fix_b1000_full	L36185	1	1.0000
fix_b1000_full	L36374	0	1.0000
fix_b1000_full	L36393	1	1.0000
fix_b1000_full	L364477	0	1.0000
fix_b1000_full	L368265	0	0.9998
fix_b1000_full	L369221	0	1.0000
fix_b1000_full	L370516	0	1.0000
fix_b1000_full	L375608	0	1.0000
fix_b1000_full	L375999	1	0.5919
fix_b1000_full	L376343	0	1.0000
fix_b1000_full	L377914	1	1.0000
fix_b1000_full	L380751	0	0.5096
fix_b1000_full	L382166	0	1.0000
fix_b1000_full	L382724	0	1.0000
fix_b1000_full	L383909	0	1.0000
fix_b1000_full	L385595	0	1.0000
fix_b1000_full	L386761	0	1.0000
fix_b1000_full	L38847	0	1.0000
fix_b1000_full	L388838	1	1.0000
fix_b1000_full	L390056	0	1.0000
fix_b1000_full	L390847	1	1.0000
fix_b1000_full	L391263	0	1.0000
fix_b1000_full	L394934	0	1.0000
fix_b1000_full	L396359	0	1.0000
fix_b1000_full	L397005	1	0.7262
fix_b1000_full	L398087	1	0.5395
fix_b1000_full	L401127	0	1.0000
fix_b1000_full	L402454	0	1.0000
fix_b1000_full	L403424	0	1.0000
fix_b1000_full	L405687	1	0.7108
fix_b1000_full	L409413	1	0.5023
fix_b1000_full	L411451	0	1.0000
fix_b1000_full	L414909	0	1.0000
fix_b1000_full	L414959	0	1.0000
fix_b1000_full	L418437	0	1.0000
fix_b1000_full	L419149	0	1.0000
fix_b1000_full	L422199	0	1.0000
fix_b1000_full	L42258	1	1.0000
fix_b1000_full	L425262	1	1.0000
fix_b1000_full	L425629	0	0.9923
fix_b1000_full	L431467	1	1.0000
fix_b1000_full	L433013	0	1.0000
fix_b1000_full	L435219	0	1.0000
fix_b1000_full	L442957	0	1.0000
fix_b1000_full	L4469	0	1.0000
fix_b1000_full	L446901	0	1.0000
fix_b1000_full	L449888	0	1.0000
fix_b1000_full	L450863	0	1.0000
fix_b1000_full	L454426	0	1.0000
fix_b1000_full	L456423	0	1.0000
fix_b1000_full	L458224	1	0.7479
fix_b1000_full	L45866	0	1.0000
fix_b1000_full	L459126	1	0.8198
fix_b1000_full	L459710	1	0.9670
fix_b1000_full	L460845	1	0.9686
fix_b1000_full	L462461	0	0.7368
fix_b1000_full	L462611	1	0.7403
fix_b1000_full	L465953	0	1.0000
fix_b1000_full	L466572	1	1.0000
fix_b1000_full	L469914	0	1.0000
fix_b1000_full	L472973	1	0.9781
fix_b1000_full	L47627	0	1.0000
fix_b1000_full	L477052	1	0.9947
fix_b1000_full	L477480	1	0.8017
fix_b1000_full	L478354	0	1.0000
fix_b1000_full	L480723	1	1.0000
fix_b1000_full	L481009	1	0.4979
fix_b1000_full	L481562	1	1.0000
fix_b1000_full	L481889	0	1.0000
fix_b1000_full	L482581	0	1.0000
fix_b1000_full	L488483	1	1.0000
fix_b1000_full	L494762	0	1.0000
fix_b1000_full	L496946	1	1.0000
fix_b1000_full	L497994	0	1.0000
fix_b1000_full	L498642	0	1.0000
fix_b1000_full	L499837	0	1.0000
fix_b1000_full	L500481	0	1.0000
fix_b1000_full	L501837	1	1.0000
fix_b1000_full	L506324	0	1.0000
fix_b1000_full	L5117	0	1.0000
fix_b1000_full	L511916	0	1.0000
fix_b1000_full	L515141	0	1.0000
fix_b1000_full	L516046	0	0.9999
fix_b1000_full	L520263	0	1.0000
fix_b1000_full	L521167	0	1.0000
fix_b1000_full	L521904	0	0.9924
fix_b1000_full	L523867	0	1.0000
fix_b1000_full	L524464	1	0.8752
fix_b1000_full	L525527	0	0.9997
fix_b1000_full	L529623	0	1.0000
fix_b1000_full	L531061	0	1.0000
fix_b1000_full	L533105	0	1.0000
fix_b1000_full	L534964	0	1.0000
fix_b1000_full	L535240	0	0.9584
fix_b1000_full	L535400	1	0.5936
fix_b1000_full	L536467	0	1.0000
fix_b1000_full	L536524	0	1.0000
fix_b1000_full	L539572	0	0.9468
fix_b1000_full	L539623	0	1.0000
fix_b1000_full	L541274	0	1.0000
fix_b1000_full	L541585	0	1.0000
fix_b1000_full	L543256	0	1.0000
fix_b1000_full	L544561	0	1.0000
fix_b1000_full	L545165	0	0.4583
fix_b1000_full	L546910	0	1.0000
fix_b1000_full	L548504	0	1.0000
fix_b1000_full	L551442	0	1.0000
fix_b1000_full	L555925	0	1.0000
fix_b1000_full	L556696	0	1.0000
fix_b1000_full	L559531	0	1.0000
fix_b1000_full	L560176	0	1.0000
fix_b1000_full	L561367	1	1.0000
fix_b1000_full	L564679	1	1.0000
fix_b1000_full	L566745	1	0.9842
fix_b1000_full	L568989	0	1.0000
fix_b1000_full	L570772	0	1.0000
fix_b1000_full	L572521	0	1.0000
fix_b1000_full	L577507	0	1.0000
fix_b1000_full	L578197	1	0.5582
fix_b1000_full	L584866	0	1.0000
fix_b1000_full	L586948	1	0.8837
fix_b1000_full	L589777	1	1.0000
fix_b1000_full	L589868	0	1.0000
fix_b1000_full	L590205	0	1.0000
fix_b1000_full	L59044	0	1.0000
fix_b1000_full	L599511	0	1.0000
fix_b1000_full	L60389	0	1.0000
fix_b1000_full	L614050	0	1.0000
fix_b1000_full	L617862	1	0.7779
fix_b1000_full	L620966	0	1.0000
fix_b1000_full	L623278	1	1.0000
fix_b1000_full	L62337	1	0.4832
fix_b1000_full	L626238	0	0.9918
fix_b1000_full	L626353	1	0.8296
fix_b1000_full	L62839	0	1.0000
fix_b1000_full	L632457	0	1.0000
fix_b1000_full	L635118	0	1.0000
fix_b1000_full	L636888	0	1.0000
fix_b1000_full	L639959	0	1.0000
fix_b1000_full	L640160	0	1.0000
fix_b1000_full	L641936	0	0.7348
fix_b1000_full	L642984	0	1.0000
fix_b1000_full	L644406	0	0.9849
fix_b1000_full	L644497	0	1.0000
fix_b1000_full	L646751	0	1.0000
fix_b1000_full	L649091	1	1.0000
fix_b1000_full	L652753	0	1.0000
fix_b1000_full	L657061	0	1.0000
fix_b1000_full	L657332	0	1.0000
fix_b1000_full	L657537	0	1.0000
fix_b1000_full	L658591	0	1.0000
fix_b1000_full	L659549	0	0.7825
fix_b1000_full	L660443	0	0.9999
fix_b1000_full	L663427	0	0.9897
fix_b1000_full	L665914	1	1.0000
fix_b1000_full	L666180	0	1.0000
fix_b1000_full	L667013	0	1.0000
fix_b1000_full	L667839	0	1.0000
fix_b1000_full	L669436	0	1.0000
fix_b1000_full	L66992	0	1.0000
fix_b1000_full	L677371	0	1.0000
fix_b1000_full	L678289	0	1.0000
fix_b1000_full	L678676	0	1.0000
fix_b1000_full	L679717	0	0.6083
fix_b1000_full	L680683	0	0.9999
fix_b1000_full	L681033	0	1.0000
fix_b1000_full	L681532	0	1.0000
fix_b1000_full	L681559	0	1.0000
fix_b1000_full	L681852	0	1.0000
fix_b1000_full	L684567	0	1.0000
fix_b1000_full	L685962	0	1.0000
fix_b1000_full	L686506	0	1.0000
fix_b1000_full	L689721	0	1.0000
fix_b1000_full	L691596	0	1.0000
fix_b1000_full	L692386	0	1.0000
fix_b1000_full	L693733	1	0.5525
fix_b1000_full	L694998	0	1.0000
fix_b1000_full	L699028	0	0.9094
fix_b1000_full	L700056	0	1.0000
fix_b1000_full	L700404	0	1.0000
fix_b1000_full	L702168	0	1.0000
fix_b1000_full	L70331	0	1.0000
fix_b1000_full	L704136	0	1.0000
fix_b1000_full	L704338	1	0.7383
fix_b1000_full	L705787	1	0.5933
fix_b1000_full	L706127	1	0.5260
fix_b1000_full	L706802	0	1.0000
fix_b1000_full	L707187	0	1.0000
fix_b1000_full	L710321	0	1.0000
fix_b1000_full	L711529	0	1.0000
fix_b1000_full	L71277	1	1.0000
fix_b1000_full	L713051	0	1.0000
fix_b1000_full	L715677	0	1.0000
fix_b1000_full	L716679	0	1.0000
fix_b1000_full	L720310	0	0.9234
fix_b1000_full	L720918	0	1.0000
fix_b1000_full	L722647	0	1.0000
fix_b1000_full	L722885	0	0.8307
fix_b1000_full	L725643	0	0.9789
fix_b1000_full	L730413	0	1.0000
fix_b1000_full	L731956	0	1.0000
fix_b1000_full	L736973	0	1.0000
fix_b1000_full	L740874	0	1.0000
fix_b1000_full	L741246	0	1.0000
fix_b1000_full	L742863	0	1.0000
fix_b1000_full	L743451	1	0.5870
fix_b1000_full	L748093	0	1.0000
fix_b1000_full	L751266	0	0.5364
fix_b1000_full	L752342	1	1.0000
fix_b1000_full	L752475	0	1.0000
fix_b1000_full	L752653	0	1.0000
fix_b1000_full	L75387	0	1.0000
fix_b1000_full	L754764	0	1.0000
fix_b1000_full	L755702	1	1.0000
fix_b1000_full	L759676	0	1.0000
fix_b1000_full	L759690	0	1.0000
fix_b1000_full	L759925	0	1.0000
fix_b1000_full	L760304	0	1.0000
fix_b1000_full	L762113	0	1.0000
fix_b1000_full	L762771	0	0.8489
fix_b1000_full	L763808	0	1.0000
fix_b1000_full	L764107	1	1.0000
fix_b1000_full	L764127	0	0.9995
fix_b1000_full	L764282	0	1.0000
fix_b1000_full	L764916	0	0.9999
fix_b1000_full	L77164	0	1.0000
fix_b1000_full	L773134	0	1.0000
fix_b1000_full	L774588	0	1.0000
fix_b1000_full	L774738	0	1.0000
fix_b1000_full	L775906	0	1.0000
fix_b1000_full	L778698	0	1.0000
fix_b1000_full	L779464	0	1.0000
fix_b1000_full	L779937	0	1.0000
fix_b1000_full	L780609	0	1.0000
fix_b1000_full	L784473	0	1.0000
fix_b1000_full	L787550	0	1.0000
fix_b1000_full	L789409	0	1.0000
fix_b1000_full	L790771	0	1.0000
fix_b1000_full	L792951	1	1.0000
fix_b1000_full	L79315	0	1.0000
fix_b1000_full	L793490	0	1.0000
fix_b1000_full	L79406	0	1.0000
fix_b1000_full	L79610	1	1.0000
fix_b1000_full	L796809	0	0.5320
fix_b1000_full	L798449	0	1.0000
fix_b1000_full	L801473	0	1.0000
fix_b1000_full	L801620	0	0.9853
fix_b1000_full	L801738	1	0.6130
fix_b1000_full	L803364	1	0.8937
fix_b1000_full	L803613	0	1.0000
fix_b1000_full	L804778	1	0.7265
fix_b1000_full	L808364	1	1.0000
fix_b1000_full	L809372	0	1.0000
fix_b1000_full	L809693	1	0.5001
fix_b1000_full	L811734	0	1.0000
fix_b1000_full	L81215	0	1.0000
fix_b1000_full	L812450	0	1.0000
fix_b1000_full	L812672	0	1.0000
fix_b1000_full	L815977	0	0.6016
fix_b1000_full	L816644	0	1.0000
fix_b1000_full	L81909	0	1.0000
fix_b1000_full	L819563	0	1.0000
fix_b1000_full	L821100	0	1.0000
fix_b1000_full	L822334	0	1.0000
fix_b1000_full	L824223	0	1.0000
fix_b1000_full	L827048	0	0.9958
fix_b1000_full	L827129	0	1.0000
fix_b1000_full	L829233	0	0.5776
fix_b1000_full	L83001	0	1.0000
fix_b1000_full	L830371	0	1.0000
fix_b1000_full	L832923	0	1.0000
fix_b1000_full	L834579	0	1.0000
fix_b1000_full	L834622	0	1.0000
fix_b1000_full	L837955	0	1.0000
fix_b1000_full	L843972	0	0.5430
fix_b1000_full	L845031	0	1.0000
fix_b1000_full	L846960	0	1.0000
fix_b1000_full	L847988	0	1.0000
fix_b1000_full	L849505	0	1.0000
fix_b1000_full	L851847	0	1.0000
fix_b1000_full	L853299	0	1.0000
fix_b1000_full	L855747	0	0.3774
fix_b1000_full	L855935	0	1.0000
fix_b1000_full	L856753	0	1.0000
fix_b1000_full	L85748	0	0.9973
fix_b1000_full	L858843	0	1.0000
fix_b1000_full	L862725	0	1.0000
fix_b1000_full	L864050	0	1.0000
fix_b1000_full	L86679	0	1.0000
fix_b1000_full	L868640	0	1.0000
fix_b1000_full	L869371	0	1.0000
fix_b1000_full	L869433	0	1.0000
fix_b1000_full	L873249	0	1.0000
fix_b1000_full	L883133	0	1.0000
fix_b1000_full	L883660	0	1.0000
fix_b1000_full	L884453	0	1.0000
fix_b1000_full	L885068	0	1.0000
fix_b1000_full	L885624	0	1.0000
fix_b1000_full	L886084	0	1.0000
fix_b1000_full	L886474	1	0.7549
fix_b1000_full	L886813	0	1.0000
fix_b1000_full	L888328	0	1.0000
fix_b1000_full	L888339	0	1.0000
fix_b1000_full	L888692	1	0.3534
fix_b1000_full	L892540	0	1.0000
fix_b1000_full	L894181	0	1.0000
fix_b1000_full	L895192	1	1.0000
fix_b1000_full	L895682	0	1.0000
fix_b1000_full	L898645	1	1.0000
fix_b1000_full	L900297	1	1.0000
fix_b1000_full	L902295	0	1.0000
fix_b1000_full	L902514	1	0.6450
fix_b1000_full	L906439	0	1.0000
fix_b1000_full	L907227	0	1.0000
fix_b1000_full	L90734	0	1.0000
fix_b1000_full	L909856	0	1.0000
fix_b1000_full	L910412	1	0.5720
fix_b1000_full	L910841	1	0.9898
fix_b1000_full	L911364	0	1.0000
fix_b1000_full	L912237	0	1.0000
fix_b1000_full	L913833	0	0.9772
fix_b1000_full	L914150	0	1.0000
fix_b1000_full	L914195	0	1.0000
fix_b1000_full	L91480	1	1.0000
fix_b1000_full	L918005	0	1.0000
fix_b1000_full	L918018	0	1.0000
fix_b1000_full	L923738	1	0.9163
fix_b1000_full	L924400	0	1.0000
fix_b1000_full	L925260	0	0.9661
fix_b1000_full	L928875	1	1.0000
fix_b1000_full	L93124	0	1.0000
fix_b1000_full	L93295	0	1.0000
fix_b1000_full	L933087	1	1.0000
fix_b1000_full	L933852	0	1.0000
fix_b1000_full	L936253	0	1.0000
fix_b1000_full	L940767	1	1.0000
fix_b1000_full	L941368	0	0.9492
fix_b1000_full	L941926	0	1.0000
fix_b1000_full	L942873	0	1.0000
fix_b1000_full	L943752	0	1.0000
fix_b1000_full	L948601	0	1.0000
fix_b1000_full	L94945	0	0.7902
fix_b1000_full	L949761	1	0.7488
fix_b1000_full	L953203	0	1.0000
fix_b1000_full	L95620	0	1.0000
fix_b1000_full	L957565	0	1.0000
fix_b1000_full	L960419	0	1.0000
fix_b1000_full	L962289	0	0.9950
fix_b1000_full	L96262	0	1.0000
fix_b1000_full	L962680	0	1.0000
fix_b1000_full	L967795	0	1.0000
fix_b1000_full	L968437	0	1.0000
fix_b1000_full	L969615	1	0.5207
fix_b1000_full	L970400	1	0.6049
fix_b1000_full	L972698	0	1.0000
fix_b1000_full	L974207	0	1.0000
fix_b1000_full	L979330	0	1.0000
fix_b1000_full	L983346	0	1.0000
fix_b1000_full	L984768	0	1.0000
fix_b1000_full	L984796	0	1.0000
fix_b1000_full	L985204	0	1.0000
fix_b1000_full	L985959	0	1.0000
fix_b1000_full	L986820	1	1.0000
fix_b1000_full	L989999	1	1.0000
fix_b1000_full	L994491	0	1.0000
fix_b1000_full	L997717	1	1.0000
fix_b1000_full	L998540	0	1.0000
fix_b2000_frag	L1002585	0	0.8593
fix_b2000_frag	L1004185	1	0.2498
fix_b2000_frag	L1005032	0	0.7246
fix_b2000_frag	L1011227	0	0.7914
fix_b2000_frag	L1012049	0	0.3636
fix_b2000_frag	L1012199	0	0.4849
fix_b2000_frag	L1016849	0	0.9777
fix_b2000_frag	L1017537	0	1.0000
fix_b2000_frag	L1021907	1	0.3337
fix_b2000_frag	L1024044	0	0.3344
fix_b2000_frag	L1024542	0	0.3290
fix_b2000_frag	L1025399	0	1.0000
fix_b2000_frag	L1026799	0	0.3451
fix_b2000_frag	L102922	1	0.3665
fix_b2000_frag	L1029951	1	0.7982
fix_b2000_frag	L1030819	0	0.9999
fix_b2000_frag	L103249	0	0.1931
fix_b2000_frag	L1036266	0	0.9394
fix_b2000_frag	L1036426	0	1.0000
fix_b2000_frag	L1038977	1	0.6648
fix_b2000_frag	L1044163	1	0.3823
fix_b2000_frag	L1044444	0	0.4072
fix_b2000_frag	L1046348	3	0.4073
fix_b2000_frag	L1046966	0	0.5632
fix_b2000_frag	L1050743	0	0.9627
fix_b2000_frag	L1052309	0	1.0000
fix_b2000_frag	L1053445	0	1.0000
fix_b2000_frag	L1054346	1	0.5136
fix_b2000_frag	L1055550	0	1.0000
fix_b2000_frag	L1058576	0	0.7211
fix_b2000_frag	L1060120	1	0.4546
fix_b2000_frag	L1061482	0	0.4482
fix_b2000_frag	L1061587	4	0.1367
fix_b2000_frag	L1062126	0	0.8151
fix_b2000_frag	L1063587	1	0.7993
fix_b2000_frag	L1064227	0	0.9980
fix_b2000_frag	L1065804	16	0.3049
fix_b2000_frag	L1068964	0	0.4874
fix_b2000_frag	L1069832	0	0.3236
fix_b2000_frag	L1071754	1	0.1879
fix_b2000_frag	L1072449	0	0.3774
fix_b2000_frag	L1073165	1	0.7483
fix_b2000_frag	L1075189	1	0.2622
fix_b2000_frag	L1081827	1	0.3125
fix_b2000_frag	L1082663	0	0.9544
fix_b2000_frag	L1083972	0	0.8048
fix_b2000_frag	L1085175	0	0.4012
fix_b2000_frag	L1087086	1	0.3131
fix_b2000_frag	L1087105	1	0.3396
fix_b2000_frag	L1089119	1	0.3373
fix_b2000_frag	L1090631	2	0.2985
fix_b2000_frag	L1091178	1	0.4953
fix_b2000_frag	L1091281	0	0.3267
fix_b2000_frag	L1091323	1	0.5289
fix_b2000_frag	L1091479	0	0.4605
fix_b2000_frag	L1092388	1	0.4414
fix_b2000_frag	L1096376	0	0.9977
fix_b2000_frag	L1099155	0	0.8010
fix_b2000_frag	L1101520	0	1.0000
fix_b2000_frag	L1106265	0	1.0000
fix_b2000_frag	L1106965	0	0.9803
fix_b2000_frag	L1107538	0	0.9879
fix_b2000_frag	L1109734	0	1.0000
fix_b2000_frag	L1110523	1	0.4265
fix_b2000_frag	L1116847	0	0.9996
fix_b2000_frag	L1117806	0	1.0000
fix_b2000_frag	L1123172	1	0.3937
fix_b2000_frag	L112480	0	0.3842
fix_b2000_frag	L1125468	0	0.9838
fix_b2000_frag	L1125564	1	0.5193
fix_b2000_frag	L1126749	2	0.1587
fix_b2000_frag	L1127804	11	0.1985
fix_b2000_frag	L1128821	0	0.9968
fix_b2000_frag	L1132817	0	1.0000
fix_b2000_frag	L1134826	1	0.3015
fix_b2000_frag	L1135019	1	0.3318
fix_b2000_frag	L113844	1	0.4957
fix_b2000_frag	L1138559	1	0.7087
fix_b2000_frag	L1139573	2	0.1733
fix_b2000_frag	L1142178	2	0.1979
fix_b2000_frag	L1143584	1	0.3337
fix_b2000_frag	L1146782	0	0.3643
fix_b2000_frag	L1148275	0	0.8783
fix_b2000_frag	L1148681	0	0.6422
fix_b2000_frag	L1148861	1	0.2606
fix_b2000_frag	L115160	0	0.8077
fix_b2000_frag	L1152742	1	0.3762
fix_b2000_frag	L1159462	0	0.9730
fix_b2000_frag	L1160593	0	0.5559
fix_b2000_frag	L1166860	2	0.3337
fix_b2000_frag	L1169308	0	0.3085
fix_b2000_frag	L1171933	0	0.9940
fix_b2000_frag	L1175689	0	0.4913
fix_b2000_frag	L1176510	0	1.0000
fix_b2000_frag	L1176819	4	0.3546
fix_b2000_frag	L1181526	2	0.6330
fix_b2000_frag	L1184831	0	0.3447
fix_b2000_frag	L1188236	0	0.9986
fix_b2000_frag	L1189606	0	1.0000
fix_b2000_frag	L1190029	0	1.0000
fix_b2000_frag	L1192003	0	0.7015
fix_b2000_frag	L1193093	1	0.3891
fix_b2000_frag	L1193626	0	0.7982
fix_b2000_frag	L1194943	0	0.3341
fix_b2000_frag	L1200114	0	0.9936
fix_b2000_frag	L1200373	1	0.3895
fix_b2000_frag	L1202626	0	0.4356
fix_b2000_frag	L1203652	0	0.7008
fix_b2000_frag	L1205967	0	0.9211
fix_b2000_frag	L1206149	0	0.8779
fix_b2000_frag	L1208940	0	1.0000
fix_b2000_frag	L120959	2	0.3065
fix_b2000_frag	L1211345	0	1.0000
fix_b2000_frag	L1212637	0	0.9999
fix_b2000_frag	L1212861	0	0.5470
fix_b2000_frag	L121334	0	0.3299
fix_b2000_frag	L1215236	0	0.1532
fix_b2000_frag	L1217544	1	0.6736
fix_b2000_frag	L1217630	1	0.3656
fix_b2000_frag	L1218521	0	0.9048
fix_b2000_frag	L121873	1	0.6777
fix_b2000_frag	L1218743	0	1.0000
fix_b2000_frag	L1219260	1	0.5520
fix_b2000_frag	L1219324	0	0.9824
fix_b2000_frag	L1223018	1	0.5437
fix_b2000_frag	L12241	0	0.2807
fix_b2000_frag	L122411	2	0.5324
fix_b2000_frag	L1228313	1	0.4177
fix_b2000_frag	L1228316	0	0.4244
fix_b2000_frag	L1228698	2	0.1729
fix_b2000_frag	L1229975	1	0.5556
fix_b2000_frag	L1233030	1	0.3738
fix_b2000_frag	L1234322	0	0.7137
fix_b2000_frag	L1235564	0	0.9313
fix_b2000_frag	L1237368	2	0.1369
fix_b2000_frag	L1242536	1	0.5034
fix_b2000_frag	L1243882	0	0.8789
fix_b2000_frag	L1244427	1	0.1650
fix_b2000_frag	L1247700	0	1.0000
fix_b2000_frag	L1249050	0	0.9990
fix_b2000_frag	L1252273	1	0.3309
fix_b2000_frag	L1252715	0	0.9122
fix_b2000_frag	L125500	1	0.3544
fix_b2000_frag	L125644	0	1.0000
fix_b2000_frag	L1263639	0	1.0000
fix_b2000_frag	L1263909	1	0.2911
fix_b2000_frag	L1267300	0	0.1788
fix_b2000_frag	L1267973	1	0.3194
fix_b2000_frag	L1268056	4	0.1683
fix_b2000_frag	L1269000	1	0.2098
fix_b2000_frag	L1269225	1	0.4258
fix_b2000_frag	L1269960	0	0.7141
fix_b2000_frag	L1270519	0	0.2567
fix_b2000_frag	L1271695	0	0.8652
fix_b2000_frag	L1274988	2	0.8090
fix_b2000_frag	L1277578	1	0.3234
fix_b2000_frag	L1277861	0	0.4531
fix_b2000_frag	L1281298	0	0.5984
fix_b2000_frag	L1283746	0	1.0000
fix_b2000_frag	L1284558	1	0.3535
fix_b2000_frag	L1286758	0	0.4222
fix_b2000_frag	L1291250	1	0.5178
fix_b2000_frag	L129208	0	0.6970
fix_b2000_frag	L1292363	1	0.2216
fix_b2000_frag	L1292503	0	1.0000
fix_b2000_frag	L1294408	0	0.4664
fix_b2000_frag	L1294453	1	0.6375
fix_b2000_frag	L1294952	1	0.5372
fix_b2000_frag	L1297512	0	0.8562
fix_b2000_frag	L1298142	0	1.0000
fix_b2000_frag	L1299862	0	1.0000
fix_b2000_frag	L1302458	3	0.3300
fix_b2000_frag	L1307852	0	1.0000
fix_b2000_frag	L130839	0	0.8839
fix_b2000_frag	L1309046	1	0.3571
fix_b2000_frag	L1314993	1	0.6782
fix_b2000_frag	L1316645	26	0.2637
fix_b2000_frag	L1316673	2	0.4034
fix_b2000_frag	L1319261	1	0.3489
fix_b2000_frag	L1320029	3	0.4960
fix_b2000_frag	L1321139	1	0.3598
fix_b2000_frag	L1322298	0	0.6925
fix_b2000_frag	L1325043	0	1.0000
fix_b2000_frag	L1328601	0	0.7848
fix_b2000_frag	L1330004	0	0.7129
fix_b2000_frag	L1334204	0	0.6910
fix_b2000_frag	L1334727	0	0.2618
fix_b2000_frag	L1337969	2	0.1529
fix_b2000_frag	L1338440	1	0.5377
fix_b2000_frag	L1338867	1	0.4035
fix_b2000_frag	L13406	0	1.0000
fix_b2000_frag	L1341334	0	1.0000
fix_b2000_frag	L1342936	0	1.0000
fix_b2000_frag	L1343571	7	0.1791
fix_b2000_frag	L134770	0	0.8129
fix_b2000_frag	L1348767	0	0.4694
fix_b2000_frag	L1349954	0	0.9234
fix_b2000_frag	L1350260	3	0.1954
fix_b2000_frag	L1354350	0	0.9984
fix_b2000_frag	L1358832	2	0.6167
fix_b2000_frag	L1362201	1	0.3309
fix_b2000_frag	L1362636	1	0.3749
fix_b2000_frag	L1365362	0	0.6398
fix_b2000_frag	L1366477	0	0.4863
fix_b2000_frag	L1369644	2	0.2554
fix_b2000_frag	L13698	0	0.9945
fix_b2000_frag	L1371092	0	0.6826
fix_b2000_frag	L1372683	0	0.8974
fix_b2000_frag	L1372686	0	0.2974
fix_b2000_frag	L1373403	0	1.0000
fix_b2000_frag	L1378339	0	0.7285
fix_b2000_frag	L1379425	1	0.2593
fix_b2000_frag	L1380845	0	1.0000
fix_b2000_frag	L1382177	0	0.6747
fix_b2000_frag	L1382936	0	0.3345
fix_b2000_frag	L1382969	1	0.5880
fix_b2000_frag	L1383932	0	0.1902
fix_b2000_frag	L1384051	6	0.1609
fix_b2000_frag	L1393346	1	0.2550
fix_b2000_frag	L1394372	0	0.7979
fix_b2000_frag	L1398058	0	1.0000
fix_b2000_frag	L1398565	3	0.3236
fix_b2000_frag	L1400233	0	0.9612
fix_b2000_frag	L1400557	4	0.1530
fix_b2000_frag	L1403214	0	0.9994
fix_b2000_frag	L1409097	0	1.0000
fix_b2000_frag	L1409378	0	1.0000
fix_b2000_frag	L1410763	1	0.3994
fix_b2000_frag	L1410905	0	0.9934
fix_b2000_frag	L1411655	0	0.3068
fix_b2000_frag	L1421095	0	0.8774
fix_b2000_frag	L1421423	0	0.3881
fix_b2000_frag	L1431164	0	0.9963
fix_b2000_frag	L1435268	3	0.2662
fix_b2000_frag	L1438447	0	0.9016
fix_b2000_frag	L1440099	0	1.0000
fix_b2000_frag	L1440354	2	0.4058
fix_b2000_frag	L1440579	1	0.4032
fix_b2000_frag	L1441065	0	0.8822
fix_b2000_frag	L1442950	0	0.9995
fix_b2000_frag	L144630	1	0.3060
fix_b2000_frag	L144966	0	0.9999
fix_b2000_frag	L1450044	0	0.9999
fix_b2000_frag	L145721	0	0.4160
fix_b2000_frag	L1463127	0	0.9984
fix_b2000_frag	L1463808	5	0.7547
fix_b2000_frag	L1468044	1	0.0855
fix_b2000_frag	L1468317	0	0.3803
fix_b2000_frag	L1470882	0	1.0000
fix_b2000_frag	L1472026	0	0.9745
fix_b2000_frag	L1475336	0	1.0000
fix_b2000_frag	L1477	0	0.5430
fix_b2000_frag	L1477137	0	0.6454
fix_b2000_frag	L1478713	1	0.7646
fix_b2000_frag	L1479097	0	0.8077
fix_b2000_frag	L1482186	0	0.2695
fix_b2000_frag	L1483022	1	0.4124
fix_b2000_frag	L1485252	1	0.4695
fix_b2000_frag	L1487868	2	0.2006
fix_b2000_frag	L1489958	1	0.2338
fix_b2000_frag	L1491338	0	1.0000
fix_b2000_frag	L1491406	0	0.2476
fix_b2000_frag	L1492427	2	0.2658
fix_b2000_frag	L1494927	0	0.8450
fix_b2000_frag	L1496723	0	0.9997
fix_b2000_frag	L14998	0	1.0000
fix_b2000_frag	L1500041	0	0.7320
fix_b2000_frag	L1500792	1	0.4430
fix_b2000_frag	L1501054	0	0.9997
fix_b2000_frag	L1501117	2	0.2337
fix_b2000_frag	L150284	2	0.3174
fix_b2000_frag	L1503080	0	0.4807
fix_b2000_frag	L1506056	0	0.9789
fix_b2000_frag	L1506305	0	0.9952
fix_b2000_frag	L1507593	0	0.3579
fix_b2000_frag	L1507721	0	0.8724
fix_b2000_frag	L1509635	0	1.0000
fix_b2000_frag	L1511077	1	0.3912
fix_b2000_frag	L1511516	0	0.7838
fix_b2000_frag	L151270	1	0.2503
fix_b2000_frag	L1513453	0	0.6606
fix_b2000_frag	L1513508	0	0.9577
fix_b2000_frag	L1514059	2	0.2540
fix_b2000_frag	L151434	0	1.0000
fix_b2000_frag	L1520281	2	0.1555
fix_b2000_frag	L1522665	0	0.3437
fix_b2000_frag	L1525581	0	1.0000
fix_b2000_frag	L152670	1	0.7836
fix_b2000_frag	L1527449	1	0.7070
fix_b2000_frag	L1532593	0	0.4377
fix_b2000_frag	L1537084	2	0.8050
fix_b2000_frag	L1545445	6	0.1023
fix_b2000_frag	L1549764	1	0.4153
fix_b2000_frag	L1553511	4	0.5135
fix_b2000_frag	L1555961	0	0.2989
fix_b2000_frag	L1556158	1	0.3560
fix_b2000_frag	L1559085	0	1.0000
fix_b2000_frag	L1559370	1	0.0985
fix_b2000_frag	L1561684	1	0.6826
fix_b2000_frag	L1563921	2	0.2599
fix_b2000_frag	L1564440	0	0.5809
fix_b2000_frag	L1564788	0	0.8572
fix_b2000_frag	L1570442	0	0.2638
fix_b2000_frag	L1577548	3	0.3983
fix_b2000_frag	L1582773	0	0.7787
fix_b2000_frag	L1586476	0	0.9998
fix_b2000_frag	L1591774	7	0.2401
fix_b2000_frag	L1592464	2	0.4838
fix_b2000_frag	L1592890	2	0.1957
fix_b2000_frag	L1593009	1	0.2961
fix_b2000_frag	L1594265	0	0.5259
fix_b2000_frag	L15949	0	0.9998
fix_b2000_frag	L1595729	0	0.6677
fix_b2000_frag	L1596023	0	0.9250
fix_b2000_frag	L1596979	0	0.6294
fix_b2000_frag	L1599150	0	1.0000
fix_b2000_frag	L1605496	1	0.2331
fix_b2000_frag	L1608356	2	0.3473
fix_b2000_frag	L1608408	1	0.4198
fix_b2000_frag	L1609523	0	0.9997
fix_b2000_frag	L1611831	2	0.2429
fix_b2000_frag	L1613719	1	0.3583
fix_b2000_frag	L1613862	0	0.9982
fix_b2000_frag	L1614892	0	1.0000
fix_b2000_frag	L1615590	0	0.9844
fix_b2000_frag	L1616879	0	0.1842
fix_b2000_frag	L1617022	1	0.3041
fix_b2000_frag	L1619438	3	0.2891
fix_b2000_frag	L1619907	0	1.0000
fix_b2000_frag	L1620099	5	0.1936
fix_b2000_frag	L1622776	1	0.2510
fix_b2000_frag	L1622804	0	0.2632
fix_b2000_frag	L1623315	0	0.1912
fix_b2000_frag	L1625869	0	1.0000
fix_b2000_frag	L1632251	0	0.9940
fix_b2000_frag	L1632593	3	0.2104
fix_b2000_frag	L1633409	1	0.5255
fix_b2000_frag	L163519	0	0.9570
fix_b2000_frag	L1635479	1	0.4531
fix_b2000_frag	L1638116	0	0.4939
fix_b2000_frag	L1642892	3	0.4987
fix_b2000_frag	L1647022	0	1.0000
fix_b2000_frag	L1649256	0	1.0000
fix_b2000_frag	L1650196	0	0.5887
fix_b2000_frag	L1654301	1	0.3295
fix_b2000_frag	L1656331	1	0.2906
fix_b2000_frag	L1657868	2	0.2399
fix_b2000_frag	L1658774	4	0.4473
fix_b2000_frag	L1660134	0	0.3825
fix_b2000_frag	L166249	0	1.0000
fix_b2000_frag	L1663458	1	0.3337
fix_b2000_frag	L16644	2	0.1521
fix_b2000_frag	L1664922	4	0.5114
fix_b2000_frag	L1666954	0	0.5940
fix_b2000_frag	L1668737	0	0.5112
fix_b2000_frag	L167239	0	0.3687
fix_b2000_frag	L167308	0	1.0000
fix_b2000_frag	L1673443	1	0.3283
fix_b2000_frag	L1677915	0	0.9444
fix_b2000_frag	L1679070	0	0.7938
fix_b2000_frag	L1679327	0	0.6445
fix_b2000_frag	L1681571	2	0.1264
fix_b2000_frag	L1683975	6	0.1055
fix_b2000_frag	L1687257	1	0.2280
fix_b2000_frag	L1689425	4	0.2250
fix_b2000_frag	L1690704	4	0.1763
fix_b2000_frag	L1690718	1	0.2339
fix_b2000_frag	L1692614	0	0.7965
fix_b2000_frag	L1693021	1	0.3979
fix_b2000_frag	L1693729	0	0.7631
fix_b2000_frag	L1698795	0	1.0000
fix_b2000_frag	L1700325	1	0.4027
fix_b2000_frag	L1701759	0	0.8176
fix_b2000_frag	L1706009	0	0.4294
fix_b2000_frag	L1710196	1	0.6568
fix_b2000_frag	L1713230	0	0.3164
fix_b2000_frag	L1714485	1	0.3614
fix_b2000_frag	L1715650	1	0.2269
fix_b2000_frag	L1717886	4	0.2508
fix_b2000_frag	L1720587	1	0.4687
fix_b2000_frag	L1721987	0	1.0000
fix_b2000_frag	L1722777	0	1.0000
fix_b2000_frag	L1724773	1	0.6793
fix_b2000_frag	L1725448	0	0.9260
fix_b2000_frag	L1727481	1	0.1488
fix_b2000_frag	L1728562	1	0.1622
fix_b2000_frag	L1729015	1	0.0769
fix_b2000_frag	L1729974	8	0.3665
fix_b2000_frag	L1731527	1	0.6090
fix_b2000_frag	L173383	1	0.5342
fix_b2000_frag	L1735097	1	0.0926
fix_b2000_frag	L1736351	0	1.0000
fix_b2000_frag	L1736591	0	0.9985
fix_b2000_frag	L1739879	1	0.1945
fix_b2000_frag	L1741008	0	1.0000
fix_b2000_frag	L1741461	0	0.2109
fix_b2000_frag	L174176	3	0.9988
fix_b2000_frag	L1741919	2	0.4544
fix_b2000_frag	L1743480	2	0.3201
fix_b2000_frag	L1744154	0	0.5897
fix_b2000_frag	L1746595	0	0.9938
fix_b2000_frag	L1748112	0	1.0000
fix_b2000_frag	L1748957	0	0.9130
fix_b2000_frag	L1749257	1	0.1741
fix_b2000_frag	L175348	0	0.3224
fix_b2000_frag	L1753832	0	1.0000
fix_b2000_frag	L1755416	0	0.3871
fix_b2000_frag	L1758324	0	0.9561
fix_b2000_frag	L1758608	0	0.9749
fix_b2000_frag	L1758614	0	0.3715
fix_b2000_frag	L1758704	1	0.4088
fix_b2000_frag	L1762064	1	0.5086
fix_b2000_frag	L1765663	1	0.3745
fix_b2000_frag	L1766093	0	0.3236
fix_b2000_frag	L176738	7	0.1263
fix_b2000_frag	L1768336	0	0.1440
fix_b2000_frag	L176876	0	1.0000
fix_b2000_frag	L1768935	1	0.1686
fix_b2000_frag	L1770348	0	1.0000
fix_b2000_frag	L1770471	0	1.0000
fix_b2000_frag	L1772400	0	0.6656
fix_b2000_frag	L1774077	4	0.0780
fix_b2000_frag	L1774332	2	0.5776
fix_b2000_frag	L177650	0	1.0000
fix_b2000_frag	L1778239	2	0.3720
fix_b2000_frag	L1778753	0	0.9937
fix_b2000_frag	L1785009	0	0.2112
fix_b2000_frag	L1788156	0	0.9768
fix_b2000_frag	L179015	0	0.3246
fix_b2000_frag	L1790481	2	0.1890
fix_b2000_frag	L1791527	0	0.9180
fix_b2000_frag	L1792265	0	0.9956
fix_b2000_frag	L1793065	0	0.5909
fix_b2000_frag	L1794712	1	0.3138
fix_b2000_frag	L1794839	0	0.9200
fix_b2000_frag	L1796826	0	0.9817
fix_b2000_frag	L1797546	0	1.0000
fix_b2000_frag	L1798302	0	1.0000
fix_b2000_frag	L1799840	1	0.4195
fix_b2000_frag	L1801258	0	0.7657
fix_b2000_frag	L1802345	0	0.9873
fix_b2000_frag	L180509	0	1.0000
fix_b2000_frag	L1808966	0	0.8298
fix_b2000_frag	L1809234	0	0.5460
fix_b2000_frag	L1811231	1	0.3591
fix_b2000_frag	L1812445	0	0.7808
fix_b2000_frag	L1814309	1	0.3337
fix_b2000_frag	L1816451	0	0.2592
fix_b2000_frag	L1817551	0	0.9130
fix_b2000_frag	L1820447	3	0.3068
fix_b2000_frag	L1821765	0	0.4964
fix_b2000_frag	L1822989	0	1.0000
fix_b2000_frag	L1823086	0	0.4280
fix_b2000_frag	L1825981	0	0.7978
fix_b2000_frag	L1826918	0	1.0000
fix_b2000_frag	L1830338	0	1.0000
fix_b2000_frag	L18313	0	0.2850
fix_b2000_frag	L1831368	0	0.9999
fix_b2000_frag	L183802	0	0.8187
fix_b2000_frag	L1838244	0	1.0000
fix_b2000_frag	L1838501	1	0.5503
fix_b2000_frag	L1838652	2	0.1244
fix_b2000_frag	L1840388	1	0.4609
fix_b2000_frag	L1848896	3	0.3177
fix_b2000_frag	L1856065	0	0.9325
fix_b2000_frag	L1857129	0	0.2763
fix_b2000_frag	L1858192	0	1.0000
fix_b2000_frag	L1858235	1	0.1963
fix_b2000_frag	L1859863	0	0.3354
fix_b2000_frag	L1860283	2	0.4319
fix_b2000_frag	L1867226	0	0.3035
fix_b2000_frag	L186847	3	0.5590
fix_b2000_frag	L1869818	0	0.1477
fix_b2000_frag	L1872590	0	1.0000
fix_b2000_frag	L1872595	0	0.9991
fix_b2000_frag	L1873245	1	0.3505
fix_b2000_frag	L1873642	0	0.9539
fix_b2000_frag	L1874928	0	0.1551
fix_b2000_frag	L1876149	0	0.3391
fix_b2000_frag	L18800	0	0.5208
fix_b2000_frag	L1882201	1	0.4472
fix_b2000_frag	L1882838	0	0.7304
fix_b2000_frag	L1883125	1	0.2505
fix_b2000_frag	L1883999	1	0.1534
fix_b2000_frag	L1886440	0	0.7455
fix_b2000_frag	L1889760	0	1.0000
fix_b2000_frag	L189322	0	0.4687
fix_b2000_frag	L1895575	0	0.2462
fix_b2000_frag	L1897444	0	0.9605
fix_b2000_frag	L1898605	0	0.9998
fix_b2000_frag	L1898611	0	1.0000
fix_b2000_frag	L190102	0	1.0000
fix_b2000_frag	L1902625	0	0.3999
fix_b2000_frag	L1905283	3	0.6548
fix_b2000_frag	L190650	0	1.0000
fix_b2000_frag	L190687	0	0.9809
fix_b2000_frag	L1908570	1	0.2732
fix_b2000_frag	L1909629	5	0.2362
fix_b2000_frag	L1911881	3	0.1690
fix_b2000_frag	L1912	0	1.0000
fix_b2000_frag	L191488	0	0.4196
fix_b2000_frag	L1920826	1	0.4146
fix_b2000_frag	L192237	0	0.9654
fix_b2000_frag	L1924744	0	1.0000
fix_b2000_frag	L1925847	1	0.2532
fix_b2000_frag	L1928273	10	0.1133
fix_b2000_frag	L1928790	13	0.1185
fix_b2000_frag	L1932241	0	0.5997
fix_b2000_frag	L1932659	0	1.0000
fix_b2000_frag	L1933206	0	0.9983
fix_b2000_frag	L1933253	0	0.8966
fix_b2000_frag	L1933970	0	0.8807
fix_b2000_frag	L1936643	0	0.3341
fix_b2000_frag	L1940497	0	0.4830
fix_b2000_frag	L1942177	3	0.4893
fix_b2000_frag	L1942305	0	0.7314
fix_b2000_frag	L1943673	2	0.2167
fix_b2000_frag	L1944226	0	0.9125
fix_b2000_frag	L1944640	1	0.3554
fix_b2000_frag	L1944904	2	0.1519
fix_b2000_frag	L194952	1	0.2615
fix_b2000_frag	L1951280	0	0.9969
fix_b2000_frag	L1952353	3	0.1753
fix_b2000_frag	L1953692	2	0.5706
fix_b2000_frag	L1954656	1	0.2647
fix_b2000_frag	L1955598	1	0.9127
fix_b2000_frag	L1955973	0	0.4195
fix_b2000_frag	L195908	0	1.0000
fix_b2000_frag	L1964032	0	0.9988
fix_b2000_frag	L1965961	1	0.5493
fix_b2000_frag	L1970360	0	1.0000
fix_b2000_frag	L1970493	0	0.4017
fix_b2000_frag	L1970551	1	0.9665
fix_b2000_frag	L1970668	0	0.5322
fix_b2000_frag	L1971017	1	0.2649
fix_b2000_frag	L1975091	0	0.3238
fix_b2000_frag	L1975857	0	0.8529
fix_b2000_frag	L197613	0	0.1696
fix_b2000_frag	L1976785	1	0.2350
fix_b2000_frag	L1981866	1	0.3098
fix_b2000_frag	L1982300	0	1.0000
fix_b2000_frag	L1983183	1	0.3345
fix_b2000_frag	L1986059	3	0.8101
fix_b2000_frag	L1990411	0	1.0000
fix_b2000_frag	L1991628	0	1.0000
fix_b2000_frag	L1994839	0	1.0000
fix_b2000_frag	L1996032	0	1.0000
fix_b2000_frag	L202116	0	1.0000
fix_b2000_frag	L204802	1	0.1943
fix_b2000_frag	L208863	1	0.4221
fix_b2000_frag	L209724	2	0.1917
fix_b2000_frag	L2105	0	1.0000
fix_b2000_frag	L210838	1	0.2153
fix_b2000_frag	L21151	1	0.3854
fix_b2000_frag	L216034	0	0.7061
fix_b2000_frag	L216528	0	0.1926
fix_b2000_frag	L217349	0	1.0000
fix_b2000_frag	L222365	1	0.2833
fix_b2000_frag	L225416	1	0.3564
fix_b2000_frag	L227476	0	0.7573
fix_b2000_frag	L228723	0	0.9930
fix_b2000_frag	L231682	0	1.0000
fix_b2000_frag	L232060	0	1.0000
fix_b2000_frag	L233375	0	0.3180
fix_b2000_frag	L235764	0	1.0000
fix_b2000_frag	L238858	1	0.3275
fix_b2000_frag	L243818	0	1.0000
fix_b2000_frag	L244003	1	0.3781
fix_b2000_frag	L244965	0	0.8081
fix_b2000_frag	L24866	1	0.4447
fix_b2000_frag	L250969	0	1.0000
fix_b2000_frag	L252902	1	0.4308
fix_b2000_frag	L253345	1	0.3438
fix_b2000_frag	L257043	1	0.3319
fix_b2000_frag	L257465	0	0.2060
fix_b2000_frag	L258378	2	0.4510
fix_b2000_frag	L258696	0	1.0000
fix_b2000_frag	L260842	1	0.7975
fix_b2000_frag	L260939	0	0.9504
fix_b2000_frag	L261190	0	1.0000
fix_b2000_frag	L267309	1	0.2928
fix_b2000_frag	L267846	0	1.0000
fix_b2000_frag	L270977	0	0.4274
fix_b2000_frag	L272730	0	1.0000
fix_b2000_frag	L273461	0	0.6640
fix_b2000_frag	L282320	0	1.0000
fix_b2000_frag	L283173	0	0.3363
fix_b2000_frag	L283368	1	0.1999
fix_b2000_frag	L288752	0	0.6708
fix_b2000_frag	L2888	20	0.4675
fix_b2000_frag	L293305	7	0.5491
fix_b2000_frag	L293537	0	0.9507
fix_b2000_frag	L294764	1	0.1777
fix_b2000_frag	L299364	0	0.3026
fix_b2000_frag	L299595	1	0.2932
fix_b2000_frag	L299782	0	0.9586
fix_b2000_frag	L300401	0	1.0000
fix_b2000_frag	L30336	0	0.5618
fix_b2000_frag	L310087	1	0.2841
fix_b2000_frag	L312118	2	0.2838
fix_b2000_frag	L318026	0	0.8732
fix_b2000_frag	L318722	0	0.9076
fix_b2000_frag	L31952	1	0.7861
fix_b2000_frag	L319839	0	0.4028
fix_b2000_frag	L319888	0	0.9578
fix_b2000_frag	L320440	1	0.4791
fix_b2000_frag	L321627	0	1.0000
fix_b2000_frag	L322333	0	0.3985
fix_b2000_frag	L322794	1	0.6278
fix_b2000_frag	L322866	0	0.3564
fix_b2000_frag	L324151	3	0.7308
fix_b2000_frag	L324946	0	0.9971
fix_b2000_frag	L32606	0	0.6960
fix_b2000_frag	L326205	0	1.0000
fix_b2000_frag	L327486	0	1.0000
fix_b2000_frag	L331805	0	0.4249
fix_b2000_frag	L331807	1	0.6636
fix_b2000_frag	L333401	1	0.4339
fix_b2000_frag	L333865	0	1.0000
fix_b2000_frag	L335478	1	0.5203
fix_b2000_frag	L336916	1	0.2515
fix_b2000_frag	L337726	1	0.5593
fix_b2000_frag	L343911	0	0.9991
fix_b2000_frag	L346110	0	1.0000
fix_b2000_frag	L35206	1	0.2364
fix_b2000_frag	L352100	0	1.0000
fix_b2000_frag	L353330	1	0.3102
fix_b2000_frag	L353755	1	0.2862
fix_b2000_frag	L354281	1	0.6586
fix_b2000_frag	L355469	0	0.2383
fix_b2000_frag	L355973	1	0.2600
fix_b2000_frag	L358098	0	0.9976
fix_b2000_frag	L358427	0	1.0000
fix_b2000_frag	L36185	0	0.8965
fix_b2000_frag	L36374	0	0.9961
fix_b2000_frag	L36393	1	0.2511
fix_b2000_frag	L364477	0	0.5519
fix_b2000_frag	L368265	1	0.4172
fix_b2000_frag	L369221	1	0.3527
fix_b2000_frag	L370516	0	0.9999
fix_b2000_frag	L375608	2	0.1196
fix_b2000_frag	L375999	1	0.1975
fix_b2000_frag	L376343	0	0.7389
fix_b2000_frag	L377914	1	0.4933
fix_b2000_frag	L380751	4	0.0908
fix_b2000_frag	L382166	0	1.0000
fix_b2000_frag	L382724	0	0.9997
fix_b2000_frag	L383909	1	0.7221
fix_b2000_frag	L385595	8	0.2171
fix_b2000_frag	L386761	0	1.0000
fix_b2000_frag	L38847	1	0.4791
fix_b2000_frag	L388838	0	0.2301
fix_b2000_frag	L390056	1	0.2495
fix_b2000_frag	L390847	0	0.4840
fix_b2000_frag	L391263	0	0.4968
fix_b2000_frag	L394934	0	0.7166
fix_b2000_frag	L396359	0	1.0000
fix_b2000_frag	L397005	1	0.3989
fix_b2000_frag	L398087	2	0.3162
fix_b2000_frag	L401127	0	0.9989
fix_b2000_frag	L402454	0	0.2614
fix_b2000_frag	L403424	0	0.4798
fix_b2000_frag	L405687	0	0.3951
fix_b2000_frag	L409413	1	0.4675
fix_b2000_frag	L411451	0	1.0000
fix_b2000_frag	L414909	0	0.9979
fix_b2000_frag	L414959	0	1.0000
fix_b2000_frag	L418437	0	1.0000
fix_b2000_frag	L419149	0	0.7053
fix_b2000_frag	L422199	0	1.0000
fix_b2000_frag	L42258	3	0.2404
fix_b2000_frag	L425262	1	0.5900
fix_b2000_frag	L425629	0	0.2411
fix_b2000_frag	L431467	0	0.7400
fix_b2000_frag	L433013	0	1.0000
fix_b2000_frag	L435219	0	1.0000
fix_b2000_frag	L442957	1	0.2275
fix_b2000_frag	L4469	0	1.0000
fix_b2000_frag	L446901	0	1.0000
fix_b2000_frag	L449888	0	0.1648
fix_b2000_frag	L450863	0	1.0000
fix_b2000_frag	L454426	0	0.2420
fix_b2000_frag	L456423	4	0.5383
fix_b2000_frag	L458224	1	0.7003
fix_b2000_frag	L45866	1	0.5789
fix_b2000_frag	L459126	1	0.4787
fix_b2000_frag	L459710	0	0.6605
fix_b2000_frag	L460845	0	0.4765
fix_b2000_frag	L462461	0	0.4828
fix_b2000_frag	L462611	1	0.2230
fix_b2000_frag	L465953	0	0.6131
fix_b2000_frag	L466572	1	0.4841
fix_b2000_frag	L469914	0	0.2575
fix_b2000_frag	L472973	1	0.2237
fix_b2000_frag	L47627	0	1.0000
fix_b2000_frag	L477052	0	0.7362
fix_b2000_frag	L477480	0	0.4426
fix_b2000_frag	L478354	0	0.9915
fix_b2000_frag	L480723	0	0.5402
fix_b2000_frag	L481009	1	0.3360
fix_b2000_frag	L481562	0	0.9564
fix_b2000_frag	L481889	2	0.1756
fix_b2000_frag	L482581	1	0.4428
fix_b2000_frag	L488483	1	0.4400
fix_b2000_frag	L494762	0	1.0000
fix_b2000_frag	L496946	0	0.8093
fix_b2000_frag	L497994	0	0.9917
fix_b2000_frag	L498642	23	0.2800
fix_b2000_frag	L499837	1	0.6493
fix_b2000_frag	L500481	0	0.9942
fix_b2000_frag	L501837	1	0.6353
fix_b2000_frag	L506324	0	1.0000
fix_b2000_frag	L5117	1	0.2722
fix_b2000_frag	L511916	0	0.9707
fix_b2000_frag	L515141	1	0.4380
fix_b2000_frag	L516046	1	0.3128
fix_b2000_frag	L520263	0	1.0000
fix_b2000_frag	L521167	17	0.9985
fix_b2000_frag	L521904	0	0.7706
fix_b2000_frag	L523867	0	0.9150
fix_b2000_frag	L524464	0	0.5637
fix_b2000_frag	L525527	3	0.2023
fix_b2000_frag	L529623	0	0.8603
fix_b2000_frag	L531061	0	0.6019
fix_b2000_frag	L533105	0	1.0000
fix_b2000_frag	L534964	0	0.9118
fix_b2000_frag	L535240	1	0.3805
fix_b2000_frag	L535400	1	0.2424
fix_b2000_frag	L536467	0	0.9988
fix_b2000_frag	L536524	3	0.1871
fix_b2000_frag	L539572	1	0.3949
fix_b2000_frag	L539623	0	0.7548
fix_b2000_frag	L541274	0	0.9312
fix_b2000_frag	L541585	0	0.7910
fix_b2000_frag	L543256	0	1.0000
fix_b2000_frag	L544561	0	0.3811
fix_b2000_frag	L545165	4	0.2198
fix_b2000_frag	L546910	0	0.3532
fix_b2000_frag	L548504	0	0.7859
fix_b2000_frag	L551442	0	1.0000
fix_b2000_frag	L555925	0	0.9962
fix_b2000_frag	L556696	1	0.4273
fix_b2000_frag	L559531	17	0.3496
fix_b2000_frag	L560176	0	1.0000
fix_b2000_frag	L561367	1	0.3617
fix_b2000_frag	L564679	1	0.2691
fix_b2000_frag	L566745	1	0.6770
fix_b2000_frag	L568989	0	1.0000
fix_b2000_frag	L570772	1	0.2256
fix_b2000_frag	L572521	0	0.4391
fix_b2000_frag	L577507	2	0.5131
fix_b2000_frag	L578197	1	0.9902
fix_b2000_frag	L584866	0	0.4833
fix_b2000_frag	L586948	0	0.3949
fix_b2000_frag	L589777	1	0.2622
fix_b2000_frag	L589868	0	0.2896
fix_b2000_frag	L590205	0	0.8779
fix_b2000_frag	L59044	0	0.9922
fix_b2000_frag	L599511	2	0.2965
fix_b2000_frag	L60389	0	1.0000
fix_b2000_frag	L614050	0	0.9996
fix_b2000_frag	L617862	0	0.3945
fix_b2000_frag	L620966	5	0.3948
fix_b2000_frag	L623278	0	0.2587
fix_b2000_frag	L62337	1	0.2442
fix_b2000_frag	L626238	0	0.4713
fix_b2000_frag	L626353	0	0.4691
fix_b2000_frag	L62839	0	0.6297
fix_b2000_frag	L632457	0	0.5642
fix_b2000_frag	L635118	0	1.0000
fix_b2000_frag	L636888	1	0.3172
fix_b2000_frag	L639959	0	1.0000
fix_b2000_frag	L640160	0	1.0000
fix_b2000_frag	L641936	1	0.1594
fix_b2000_frag	L642984	0	1.0000
fix_b2000_frag	L644406	1	0.2677
fix_b2000_frag	L644497	1	0.3782
fix_b2000_frag	L646751	0	1.0000
fix_b2000_frag	L649091	2	0.3779
fix_b2000_frag	L652753	0	0.6290
fix_b2000_frag	L657061	0	1.0000
fix_b2000_frag	L657332	0	1.0000
fix_b2000_frag	L657537	0	0.9996
fix_b2000_frag	L658591	0	1.0000
fix_b2000_frag	L659549	1	0.3599
fix_b2000_frag	L660443	0	0.4282
fix_b2000_frag	L663427	1	0.7995
fix_b2000_frag	L665914	1	0.4640
fix_b2000_frag	L666180	0	0.4418
fix_b2000_frag	L667013	1	0.5420
fix_b2000_frag	L667839	0	1.0000
fix_b2000_frag	L669436	5	0.2130
fix_b2000_frag	L66992	0	0.9876
fix_b2000_frag	L677371	0	1.0000
fix_b2000_frag	L678289	0	0.8056
fix_b2000_frag	L678676	0	0.9190
fix_b2000_frag	L679717	1	0.3186
fix_b2000_frag	L680683	1	0.9635
fix_b2000_frag	L681033	0	0.9456
fix_b2000_frag	L681532	0	0.9027
fix_b2000_frag	L681559	0	0.8205
fix_b2000_frag	L681852	0	0.3576
fix_b2000_frag	L684567	0	1.0000
fix_b2000_frag	L685962	1	0.6223
fix_b2000_frag	L686506	0	0.3341
fix_b2000_frag	L689721	0	0.8305
fix_b2000_frag	L691596	0	0.3094
fix_b2000_frag	L692386	0	0.9738
fix_b2000_frag	L693733	0	0.2037
fix_b2000_frag	L694998	0	0.9986
fix_b2000_frag	L699028	1	0.7423
fix_b2000_frag	L700056	0	1.0000
fix_b2000_frag	L700404	0	0.9914
fix_b2000_frag	L702168	0	1.0000
fix_b2000_frag	L70331	0	0.3081
fix_b2000_frag	L704136	0	1.0000
fix_b2000_frag	L704338	1	0.3033
fix_b2000_frag	L705787	2	0.3118
fix_b2000_frag	L706127	5	0.2626
fix_b2000_frag	L706802	0	0.7454
fix_b2000_frag	L707187	0	1.0000
fix_b2000_frag	L710321	0	1.0000
fix_b2000_frag	L711529	0	1.0000
fix_b2000_frag	L71277	1	0.5535
fix_b2000_frag	L713051	0	0.5576
fix_b2000_frag	L715677	0	1.0000
fix_b2000_frag	L716679	0	0.4193
fix_b2000_frag	L720310	0	0.2841
fix_b2000_frag	L720918	0	0.4257
fix_b2000_frag	L722647	0	0.8266
fix_b2000_frag	L722885	0	0.3964
fix_b2000_frag	L725643	3	0.2059
fix_b2000_frag	L730413	1	0.3328
fix_b2000_frag	L731956	0	0.9998
fix_b2000_frag	L736973	0	1.0000
fix_b2000_frag	L740874	0	0.2337
fix_b2000_frag	L741246	0	1.0000
fix_b2000_frag	L742863	0	0.9970
fix_b2000_frag	L743451	1	0.1003
fix_b2000_frag	L748093	5	0.2316
fix_b2000_frag	L751266	0	0.4964
fix_b2000_frag	L752342	1	0.1632
fix_b2000_frag	L752475	0	0.9987
fix_b2000_frag	L752653	1	0.3532
fix_b2000_frag	L75387	0	0.3847
fix_b2000_frag	L754764	0	0.9583
fix_b2000_frag	L755702	0	0.3290
fix_b2000_frag	L759676	0	0.8112
fix_b2000_frag	L759690	0	0.9863
fix_b2000_frag	L759925	0	1.0000
fix_b2000_frag	L760304	0	1.0000
fix_b2000_frag	L762113	0	0.9693
fix_b2000_frag	L762771	0	0.2103
fix_b2000_frag	L763808	0	1.0000
fix_b2000_frag	L764107	0	0.3326
fix_b2000_frag	L764127	0	0.9281
fix_b2000_frag	L764282	0	0.9912
fix_b2000_frag	L764916	0	0.6641
fix_b2000_frag	L77164	2	0.1936
fix_b2000_frag	L773134	0	1.0000
fix_b2000_frag	L774588	0	1.0000
fix_b2000_frag	L774738	0	1.0000
fix_b2000_frag	L775906	2	0.1563
fix_b2000_frag	L778698	1	0.3658
fix_b2000_frag	L779464	0	0.3280
fix_b2000_frag	L779937	0	0.3664
fix_b2000_frag	L780609	0	0.9984
fix_b2000_frag	L784473	4	0.1560
fix_b2000_frag	L787550	0	0.9923
fix_b2000_frag	L789409	0	0.3102
fix_b2000_frag	L790771	0	0.9892
fix_b2000_frag	L792951	1	0.4439
fix_b2000_frag	L79315	0	0.8692
fix_b2000_frag	L793490	1	0.2478
fix_b2000_frag	L79406	0	0.6252
fix_b2000_frag	L79610	1	0.5452
fix_b2000_frag	L796809	1	0.1277
fix_b2000_frag	L798449	0	1.0000
fix_b2000_frag	L801473	0	0.9992
fix_b2000_frag	L801620	0	0.1535
fix_b2000_frag	L801738	0	0.9994
fix_b2000_frag	L803364	1	0.2495
fix_b2000_frag	L803613	1	0.4474
fix_b2000_frag	L804778	0	0.2428
fix_b2000_frag	L808364	1	0.3698
fix_b2000_frag	L809372	0	0.9903
fix_b2000_frag	L809693	0	0.3849
fix_b2000_frag	L811734	0	0.9600
fix_b2000_frag	L81215	0	0.9951
fix_b2000_frag	L812450	0	1.0000
fix_b2000_frag	L812672	1	0.3665
fix_b2000_frag	L815977	1	0.4377
fix_b2000_frag	L816644	0	1.0000
fix_b2000_frag	L81909	0	0.9946
fix_b2000_frag	L819563	3	0.3272
fix_b2000_frag	L821100	0	0.9596
fix_b2000_frag	L822334	0	0.9679
fix_b2000_frag	L824223	0	0.3954
fix_b2000_frag	L827048	1	0.5467
fix_b2000_frag	L827129	0	0.9528
fix_b2000_frag	L829233	0	0.8710
fix_b2000_frag	L83001	0	0.9820
fix_b2000_frag	L830371	0	0.9880
fix_b2000_frag	L832923	0	0.9707
fix_b2000_frag	L834579	0	0.8319
fix_b2000_frag	L834622	1	0.4456
fix_b2000_frag	L837955	0	0.9962
fix_b2000_frag	L843972	3	0.1945
fix_b2000_frag	L845031	0	0.9881
fix_b2000_frag	L846960	0	1.0000
fix_b2000_frag	L847988	0	0.1636
fix_b2000_frag	L849505	0	0.6232
fix_b2000_frag	L851847	1	0.4406
fix_b2000_frag	L853299	0	1.0000
fix_b2000_frag	L855747	1	0.2209
fix_b2000_frag	L855935	0	0.9888
fix_b2000_frag	L856753	0	1.0000
fix_b2000_frag	L85748	1	0.6762
fix_b2000_frag	L858843	0	0.9996
fix_b2000_frag	L862725	0	1.0000
fix_b2000_frag	L864050	0	1.0000
fix_b2000_frag	L86679	0	1.0000
fix_b2000_frag	L868640	0	1.0000
fix_b2000_frag	L869371	0	0.4714
fix_b2000_frag	L869433	0	0.9898
fix_b2000_frag	L873249	0	0.9842
fix_b2000_frag	L883133	0	0.9413
fix_b2000_frag	L883660	0	0.5220
fix_b2000_frag	L884453	0	0.9121
fix_b2000_frag	L885068	0	0.8635
fix_b2000_frag	L885624	5	0.1047
fix_b2000_frag	L886084	0	0.4831
fix_b2000_frag	L886474	7	0.2929
fix_b2000_frag	L886813	0	0.2806
fix_b2000_frag	L888328	0	0.9981
fix_b2000_frag	L888339	0	1.0000
fix_b2000_frag	L888692	1	0.1105
fix_b2000_frag	L892540	0	1.0000
fix_b2000_frag	L894181	8	0.1567
fix_b2000_frag	L895192	1	0.7245
fix_b2000_frag	L895682	1	0.3843
fix_b2000_frag	L898645	0	0.7609
fix_b2000_frag	L900297	2	0.2512
fix_b2000_frag	L902295	0	1.0000
fix_b2000_frag	L902514	2	0.4117
fix_b2000_frag	L906439	0	0.8829
fix_b2000_frag	L907227	0	0.7248
fix_b2000_frag	L90734	0	1.0000
fix_b2000_frag	L909856	1	0.4362
fix_b2000_frag	L910412	5	0.1897
fix_b2000_frag	L910841	0	0.7397
fix_b2000_frag	L911364	0	0.9388
fix_b2000_frag	L912237	0	0.3927
fix_b2000_frag	L913833	6	0.3461
fix_b2000_frag	L914150	0	0.8381
fix_b2000_frag	L914195	2	0.2039
fix_b2000_frag	L91480	0	0.4765
fix_b2000_frag	L918005	0	0.9959
fix_b2000_frag	L918018	0	1.0000
fix_b2000_frag	L923738	0	0.5275
fix_b2000_frag	L924400	1	0.5698
fix_b2000_frag	L925260	0	0.2334
fix_b2000_frag	L928875	2	0.2364
fix_b2000_frag	L93124	1	0.9140
fix_b2000_frag	L93295	0	0.9749
fix_b2000_frag	L933087	1	0.4682
fix_b2000_frag	L933852	0	0.8601
fix_b2000_frag	L936253	0	1.0000
fix_b2000_frag	L940767	0	0.5389
fix_b2000_frag	L941368	2	0.2185
fix_b2000_frag	L941926	0	1.0000
fix_b2000_frag	L942873	1	0.2222
fix_b2000_frag	L943752	0	0.4212
fix_b2000_frag	L948601	0	0.4591
fix_b2000_frag	L94945	3	0.4905
fix_b2000_frag	L949761	1	0.2449
fix_b2000_frag	L953203	0	0.2626
fix_b2000_frag	L95620	0	0.5022
fix_b2000_frag	L957565	0	0.3572
fix_b2000_frag	L960419	1	0.4437
fix_b2000_frag	L962289	2	0.7514
fix_b2000_frag	L96262	0	0.9999
fix_b2000_frag	L962680	0	0.8647
fix_b2000_frag	L967795	1	0.3914
fix_b2000_frag	L968437	0	1.0000
fix_b2000_frag	L969615	1	0.3129
fix_b2000_frag	L970400	1	0.3989
fix_b2000_frag	L972698	0	1.0000
fix_b2000_frag	L974207	0	0.6424
fix_b2000_frag	L979330	1	0.6097
fix_b2000_frag	L983346	0	0.9998
fix_b2000_frag	L984768	0	0.6456
fix_b2000_frag	L984796	0	0.8016
fix_b2000_frag	L985204	1	0.3942
fix_b2000_frag	L985959	0	1.0000
fix_b2000_frag	L986820	1	0.4805
fix_b2000_frag	L989999	1	0.3190
fix_b2000_frag	L994491	0	0.9121
fix_b2000_frag	L997717	0	0.3310
fix_b2000_frag	L998540	2	0.0948
fix_b2000_full	L1002585	0	1.0000
fix_b2000_full	L1004185	0	0.9567
fix_b2000_full	L1005032	0	1.0000
fix_b2000_full	L1011227	0	1.0000
fix_b2000_full	L1012049	0	1.0000
fix_b2000_full	L1012199	0	1.0000
fix_b2000_full	L1016849	0	1.0000
fix_b2000_full	L1017537	0	1.0000
fix_b2000_full	L1021907	0	1.0000
fix_b2000_full	L1024044	0	1.0000
fix_b2000_full	L1024542	0	1.0000
fix_b2000_full	L1025399	0	1.0000
fix_b2000_full	L1026799	0	1.0000
fix_b2000_full	L102922	0	0.9619
fix_b2000_full	L1029951	1	0.8958
fix_b2000_full	L1030819	0	1.0000
fix_b2000_full	L103249	1	1.0000
fix_b2000_full	L1036266	0	1.0000
fix_b2000_full	L1036426	0	1.0000
fix_b2000_full	L1038977	1	1.0000
fix_b2000_full	L1044163	0	0.5510
fix_b2000_full	L1044444	0	0.9997
fix_b2000_full	L1046348	0	1.0000
fix_b2000_full	L1046966	0	1.0000
fix_b2000_full	L1050743	0	1.0000
fix_b2000_full	L1052309	0	1.0000
fix_b2000_full	L1053445	0	1.0000
fix_b2000_full	L1054346	0	0.9996
fix_b2000_full	L1055550	0	1.0000
fix_b2000_full	L1058576	0	1.0000
fix_b2000_full	L1060120	1	1.0000
fix_b2000_full	L1061482	1	1.0000
fix_b2000_full	L1061587	1	0.6093
fix_b2000_full	L1062126	0	1.0000
fix_b2000_full	L1063587	0	1.0000
fix_b2000_full	L1064227	0	1.0000
fix_b2000_full	L1065804	1	1.0000
fix_b2000_full	L1068964	0	1.0000
fix_b2000_full	L1069832	0	1.0000
fix_b2000_full	L1071754	0	0.5115
fix_b2000_full	L1072449	1	1.0000
fix_b2000_full	L1073165	0	0.6953
fix_b2000_full	L1075189	1	0.7921
fix_b2000_full	L1081827	1	0.6485
fix_b2000_full	L1082663	0	1.0000
fix_b2000_full	L1083972	0	1.0000
fix_b2000_full	L1085175	0	1.0000
fix_b2000_full	L1087086	1	0.5562
fix_b2000_full	L1087105	1	0.5585
fix_b2000_full	L1089119	1	0.9502
fix_b2000_full	L1090631	0	1.0000
fix_b2000_full	L1091178	0	0.8179
fix_b2000_full	L1091281	0	0.5646
fix_b2000_full	L1091323	1	1.0000
fix_b2000_full	L1091479	0	1.0000
fix_b2000_full	L1092388	0	1.0000
fix_b2000_full	L1096376	0	1.0000
fix_b2000_full	L1099155	0	1.0000
fix_b2000_full	L1101520	0	1.0000
fix_b2000_full	L1106265	0	1.0000
fix_b2000_full	L1106965	0	1.0000
fix_b2000_full	L1107538	0	1.0000
fix_b2000_full	L1109734	0	1.0000
fix_b2000_full	L1110523	0	0.9991
fix_b2000_full	L1116847	0	1.0000
fix_b2000_full	L1117806	0	1.0000
fix_b2000_full	L1123172	0	1.0000
fix_b2000_full	L112480	0	1.0000
fix_b2000_full	L1125468	0	1.0000
fix_b2000_full	L1125564	0	1.0000
fix_b2000_full	L1126749	0	1.0000
fix_b2000_full	L1127804	1	0.4307
fix_b2000_full	L1128821	0	1.0000
fix_b2000_full	L1132817	0	1.0000
fix_b2000_full	L1134826	1	1.0000
fix_b2000_full	L1135019	1	0.5151
fix_b2000_full	L113844	0	0.6690
fix_b2000_full	L1138559	1	0.6138
fix_b2000_full	L1139573	1	1.0000
fix_b2000_full	L1142178	1	0.3436
fix_b2000_full	L1143584	0	1.0000
fix_b2000_full	L1146782	1	1.0000
fix_b2000_full	L1148275	1	1.0000
fix_b2000_full	L1148681	0	1.0000
fix_b2000_full	L1148861	0	1.0000
fix_b2000_full	L115160	0	1.0000
fix_b2000_full	L1152742	0	0.7876
fix_b2000_full	L1159462	0	1.0000
fix_b2000_full	L1160593	0	1.0000
fix_b2000_full	L1166860	1	1.0000
fix_b2000_full	L1169308	1	1.0000
fix_b2000_full	L1171933	0	1.0000
fix_b2000_full	L1175689	0	1.0000
fix_b2000_full	L1176510	0	1.0000
fix_b2000_full	L1176819	1	0.5018
fix_b2000_full	L1181526	0	1.0000
fix_b2000_full	L1184831	0	1.0000
fix_b2000_full	L1188236	0	1.0000
fix_b2000_full	L1189606	0	1.0000
fix_b2000_full	L1190029	0	1.0000
fix_b2000_full	L1192003	0	1.0000
fix_b2000_full	L1193093	1	0.9615
fix_b2000_full	L1193626	0	1.0000
fix_b2000_full	L1194943	1	1.0000
fix_b2000_full	L1200114	0	1.0000
fix_b2000_full	L1200373	0	1.0000
fix_b2000_full	L1202626	0	1.0000
fix_b2000_full	L1203652	0	1.0000
fix_b2000_full	L1205967	0	1.0000
fix_b2000_full	L1206149	0	1.0000
fix_b2000_full	L1208940	0	1.0000
fix_b2000_full	L120959	0	1.0000
fix_b2000_full	L1211345	0	1.0000
fix_b2000_full	L1212637	0	1.0000
fix_b2000_full	L1212861	0	1.0000
fix_b2000_full	L121334	1	0.3989
fix_b2000_full	L1215236	0	0.9995
fix_b2000_full	L1217544	0	1.0000
fix_b2000_full	L1217630	0	1.0000
fix_b2000_full	L1218521	0	1.0000
fix_b2000_full	L121873	0	1.0000
fix_b2000_full	L1218743	0	1.0000
fix_b2000_full	L1219260	0	1.0000
fix_b2000_full	L1219324	0	1.0000
fix_b2000_full	L1223018	1	0.6995
fix_b2000_full	L12241	1	0.4716
fix_b2000_full	L122411	0	1.0000
fix_b2000_full	L1228313	0	1.0000
fix_b2000_full	L1228316	0	1.0000
fix_b2000_full	L1228698	0	1.0000
fix_b2000_full	L1229975	0	1.0000
fix_b2000_full	L1233030	0	0.9855
fix_b2000_full	L1234322	0	1.0000
fix_b2000_full	L1235564	0	1.0000
fix_b2000_full	L1237368	0	0.3575
fix_b2000_full	L1242536	0	1.0000
fix_b2000_full	L1243882	0	1.0000
fix_b2000_full	L1244427	1	0.9253
fix_b2000_full	L1247700	0	1.0000
fix_b2000_full	L1249050	0	1.0000
fix_b2000_full	L1252273	1	1.0000
fix_b2000_full	L1252715	0	1.0000
fix_b2000_full	L125500	1	1.0000
fix_b2000_full	L125644	1	1.0000
fix_b2000_full	L1263639	0	1.0000
fix_b2000_full	L1263909	0	1.0000
fix_b2000_full	L1267300	0	1.0000
fix_b2000_full	L1267973	0	0.6487
fix_b2000_full	L1268056	1	0.4032
fix_b2000_full	L1269000	0	1.0000
fix_b2000_full	L1269225	0	1.0000
fix_b2000_full	L1269960	0	1.0000
fix_b2000_full	L1270519	1	0.4846
fix_b2000_full	L1271695	1	1.0000
fix_b2000_full	L1274988	0	1.0000
fix_b2000_full	L1277578	1	1.0000
fix_b2000_full	L1277861	0	1.0000
fix_b2000_full	L1281298	0	1.0000
fix_b2000_full	L1283746	0	1.0000
fix_b2000_full	L1284558	0	0.8576
fix_b2000_full	L1286758	0	1.0000
fix_b2000_full	L1291250	0	1.0000
fix_b2000_full	L129208	0	1.0000
fix_b2000_full	L1292363	0	0.9138
fix_b2000_full	L1292503	0	1.0000
fix_b2000_full	L1294408	1	0.5274
fix_b2000_full	L1294453	0	0.9874
fix_b2000_full	L1294952	0	1.0000
fix_b2000_full	L1297512	0	1.0000
fix_b2000_full	L1298142	0	1.0000
fix_b2000_full	L1299862	0	1.0000
fix_b2000_full	L1302458	1	1.0000
fix_b2000_full	L1307852	0	1.0000
fix_b2000_full	L130839	0	1.0000
fix_b2000_full	L1309046	0	1.0000
fix_b2000_full	L1314993	0	1.0000
fix_b2000_full	L1316645	1	0.9981
fix_b2000_full	L1316673	0	0.6991
fix_b2000_full	L1319261	1	1.0000
fix_b2000_full	L1320029	1	0.5007
fix_b2000_full	L1321139	0	1.0000
fix_b2000_full	L1322298	0	1.0000
fix_b2000_full	L1325043	0	1.0000
fix_b2000_full	L1328601	0	1.0000
fix_b2000_full	L1330004	0	1.0000
fix_b2000_full	L1334204	0	1.0000
fix_b2000_full	L1334727	0	1.0000
fix_b2000_full	L1337969	0	0.6159
fix_b2000_full	L1338440	0	0.9793
fix_b2000_full	L1338867	0	1.0000
fix_b2000_full	L13406	0	1.0000
fix_b2000_full	L1341334	0	1.0000
fix_b2000_full	L1342936	0	1.0000
fix_b2000_full	L1343571	0	0.9987
fix_b2000_full	L134770	0	1.0000
fix_b2000_full	L1348767	1	1.0000
fix_b2000_full	L1349954	0	1.0000
fix_b2000_full	L1350260	0	1.0000
fix_b2000_full	L1354350	0	1.0000
fix_b2000_full	L1358832	0	1.0000
fix_b2000_full	L1362201	0	1.0000
fix_b2000_full	L1362636	1	0.9322
fix_b2000_full	L1365362	0	1.0000
fix_b2000_full	L1366477	0	1.0000
fix_b2000_full	L1369644	0	1.0000
fix_b2000_full	L13698	0	1.0000
fix_b2000_full	L1371092	1	1.0000
fix_b2000_full	L1372683	0	1.0000
fix_b2000_full	L1372686	0	1.0000
fix_b2000_full	L1373403	0	1.0000
fix_b2000_full	L1378339	0	1.0000
fix_b2000_full	L1379425	1	0.6545
fix_b2000_full	L1380845	0	1.0000
fix_b2000_full	L1382177	0	1.0000
fix_b2000_full	L1382936	0	0.6652
fix_b2000_full	L1382969	0	1.0000
fix_b2000_full	L1383932	0	1.0000
fix_b2000_full	L1384051	0	1.0000
fix_b2000_full	L1393346	0	0.6895
fix_b2000_full	L1394372	0	1.0000
fix_b2000_full	L1398058	0	1.0000
fix_b2000_full	L1398565	0	1.0000
fix_b2000_full	L1400233	0	1.0000
fix_b2000_full	L1400557	1	0.9992
fix_b2000_full	L1403214	0	1.0000
fix_b2000_full	L1409097	0	1.0000
fix_b2000_full	L1409378	0	1.0000
fix_b2000_full	L1410763	0	1.0000
fix_b2000_full	L1410905	0	1.0000
fix_b2000_full	L1411655	0	1.0000
fix_b2000_full	L1421095	0	1.0000
fix_b2000_full	L1421423	0	1.0000
fix_b2000_full	L1431164	0	1.0000
fix_b2000_full	L1435268	0	1.0000
fix_b2000_full	L1438447	0	1.0000
fix_b2000_full	L1440099	0	1.0000
fix_b2000_full	L1440354	0	1.0000
fix_b2000_full	L1440579	0	0.9955
fix_b2000_full	L1441065	0	1.0000
fix_b2000_full	L1442950	0	1.0000
fix_b2000_full	L144630	0	1.0000
fix_b2000_full	L144966	0	1.0000
fix_b2000_full	L1450044	0	1.0000
fix_b2000_full	L145721	0	1.0000
fix_b2000_full	L1463127	0	1.0000
fix_b2000_full	L1463808	1	1.0000
fix_b2000_full	L1468044	0	1.0000
fix_b2000_full	L1468317	0	1.0000
fix_b2000_full	L1470882	0	1.0000
fix_b2000_full	L1472026	0	1.0000
fix_b2000_full	L1475336	0	1.0000
fix_b2000_full	L1477	0	0.9977
fix_b2000_full	L1477137	1	1.0000
fix_b2000_full	L1478713	0	0.7612
fix_b2000_full	L1479097	0	1.0000
fix_b2000_full	L1482186	1	0.5786
fix_b2000_full	L1483022	1	1.0000
fix_b2000_full	L1485252	0	0.8975
fix_b2000_full	L1487868	0	1.0000
fix_b2000_full	L1489958	0	1.0000
fix_b2000_full	L1491338	0	1.0000
fix_b2000_full	L1491406	1	1.0000
fix_b2000_full	L1492427	1	0.6943
fix_b2000_full	L1494927	0	1.0000
fix_b2000_full	L1496723	0	1.0000
fix_b2000_full	L14998	0	1.0000
fix_b2000_full	L1500041	0	1.0000
fix_b2000_full	L1500792	0	1.0000
fix_b2000_full	L1501054	0	1.0000
fix_b2000_full	L1501117	1	0.6150
fix_b2000_full	L150284	0	0.9870
fix_b2000_full	L1503080	0	1.0000
fix_b2000_full	L1506056	0	1.0000
fix_b2000_full	L1506305	0	1.0000
fix_b2000_full	L1507593	0	1.0000
fix_b2000_full	L1507721	0	1.0000
fix_b2000_full	L1509635	0	1.0000
fix_b2000_full	L1511077	0	1.0000
fix_b2000_full	L1511516	1	1.0000
fix_b2000_full	L151270	0	1.0000
fix_b2000_full	L1513453	0	1.0000
fix_b2000_full	L1513508	0	1.0000
fix_b2000_full	L1514059	1	1.0000
fix_b2000_full	L151434	0	1.0000
fix_b2000_full	L1520281	0	0.9931
fix_b2000_full	L1522665	0	1.0000
fix_b2000_full	L1525581	0	1.0000
fix_b2000_full	L152670	0	1.0000
fix_b2000_full	L1527449	0	0.9933
fix_b2000_full	L1532593	1	0.6398
fix_b2000_full	L1537084	1	1.0000
fix_b2000_full	L1545445	1	0.5334
fix_b2000_full	L1549764	1	1.0000
fix_b2000_full	L1553511	0	1.0000
fix_b2000_full	L1555961	0	0.8083
fix_b2000_full	L1556158	0	1.0000
fix_b2000_full	L1559085	0	1.0000
fix_b2000_full	L1559370	0	1.0000
fix_b2000_full	L1561684	1	0.8527
fix_b2000_full	L1563921	1	1.0000
fix_b2000_full	L1564440	1	0.5009
fix_b2000_full	L1564788	0	1.0000
fix_b2000_full	L1570442	1	0.4216
fix_b2000_full	L1577548	0	1.0000
fix_b2000_full	L1582773	0	0.9999
fix_b2000_full	L1586476	0	1.0000
fix_b2000_full	L1591774	0	1.0000
fix_b2000_full	L1592464	0	1.0000
fix_b2000_full	L1592890	0	1.0000
fix_b2000_full	L1593009	0	1.0000
fix_b2000_full	L1594265	0	1.0000
fix_b2000_full	L15949	0	1.0000
fix_b2000_full	L1595729	1	0.9997
fix_b2000_full	L1596023	0	1.0000
fix_b2000_full	L1596979	0	1.0000
fix_b2000_full	L1599150	0	1.0000
fix_b2000_full	L1605496	0	1.0000
fix_b2000_full	L1608356	0	0.8948
fix_b2000_full	L1608408	0	0.5046
fix_b2000_full	L1609523	0	1.0000
fix_b2000_full	L1611831	1	0.6387
fix_b2000_full	L1613719	0	1.0000
fix_b2000_full	L1613862	0	1.0000
fix_b2000_full	L1614892	0	1.0000
fix_b2000_full	L1615590	0	1.0000
fix_b2000_full	L1616879	0	1.0000
fix_b2000_full	L1617022	1	1.0000
fix_b2000_full	L1619438	1	0.5947
fix_b2000_full	L1619907	0	1.0000
fix_b2000_full	L1620099	0	1.0000
fix_b2000_full	L1622776	1	0.5251
fix_b2000_full	L1622804	1	0.5718
fix_b2000_full	L1623315	0	1.0000
fix_b2000_full	L1625869	0	1.0000
fix_b2000_full	L1632251	0	1.0000
fix_b2000_full	L1632593	0	0.9997
fix_b2000_full	L1633409	0	0.9270
fix_b2000_full	L163519	0	1.0000
fix_b2000_full	L1635479	0	1.0000
fix_b2000_full	L1638116	0	1.0000
fix_b2000_full	L1642892	0	0.5780
fix_b2000_full	L1647022	0	1.0000
fix_b2000_full	L1649256	0	1.0000
fix_b2000_full	L1650196	0	1.0000
fix_b2000_full	L1654301	1	0.5121
fix_b2000_full	L1656331	1	0.6046
fix_b2000_full	L1657868	1	1.0000
fix_b2000_full	L1658774	0	0.4702
fix_b2000_full	L1660134	0	1.0000
fix_b2000_full	L166249	0	1.0000
fix_b2000_full	L1663458	0	1.0000
fix_b2000_full	L16644	0	1.0000
fix_b2000_full	L1664922	1	1.0000
fix_b2000_full	L1666954	0	1.0000
fix_b2000_full	L1668737	0	1.0000
fix_b2000_full	L167239	0	1.0000
fix_b2000_full	L167308	0	1.0000
fix_b2000_full	L1673443	0	1.0000
fix_b2000_full	L1677915	0	1.0000
fix_b2000_full	L1679070	0	0.9996
fix_b2000_full	L1679327	0	1.0000
fix_b2000_full	L1681571	0	1.0000
fix_b2000_full	L1683975	0	1.0000
fix_b2000_full	L1687257	0	1.0000
fix_b2000_full	L1689425	1	1.0000
fix_b2000_full	L1690704	0	0.5864
fix_b2000_full	L1690718	0	0.3403
fix_b2000_full	L1692614	0	1.0000
fix_b2000_full	L1693021	0	1.0000
fix_b2000_full	L1693729	0	1.0000
fix_b2000_full	L1698795	0	1.0000
fix_b2000_full	L1700325	0	1.0000
fix_b2000_full	L1701759	0	1.0000
fix_b2000_full	L1706009	0	0.9882
fix_b2000_full	L1710196	0	1.0000
fix_b2000_full	L1713230	0	1.0000
fix_b2000_full	L1714485	1	0.5771
fix_b2000_full	L1715650	0	1.0000
fix_b2000_full	L1717886	0	0.9911
fix_b2000_full	L1720587	0	1.0000
fix_b2000_full	L1721987	0	1.0000
fix_b2000_full	L1722777	0	1.0000
fix_b2000_full	L1724773	1	0.6891
fix_b2000_full	L1725448	0	1.0000
fix_b2000_full	L1727481	0	0.9079
fix_b2000_full	L1728562	0	0.4215
fix_b2000_full	L1729015	0	1.0000
fix_b2000_full	L1729974	0	1.0000
fix_b2000_full	L1731527	0	0.6612
fix_b2000_full	L173383	0	1.0000
fix_b2000_full	L1735097	0	0.8406
fix_b2000_full	L1736351	0	1.0000
fix_b2000_full	L1736591	0	1.0000
fix_b2000_full	L1739879	1	0.9995
fix_b2000_full	L1741008	0	1.0000
fix_b2000_full	L1741461	0	0.9395
fix_b2000_full	L174176	0	1.0000
fix_b2000_full	L1741919	1	0.7983
fix_b2000_full	L1743480	1	0.3464
fix_b2000_full	L1744154	0	1.0000
fix_b2000_full	L1746595	0	1.0000
fix_b2000_full	L1748112	0	1.0000
fix_b2000_full	L1748957	0	1.0000
fix_b2000_full	L1749257	1	0.9541
fix_b2000_full	L175348	1	0.9999
fix_b2000_full	L1753832	0	1.0000
fix_b2000_full	L1755416	1	1.0000
fix_b2000_full	L1758324	0	1.0000
fix_b2000_full	L1758608	0	1.0000
fix_b2000_full	L1758614	0	1.0000
fix_b2000_full	L1758704	1	0.9845
fix_b2000_full	L1762064	0	0.9996
fix_b2000_full	L1765663	1	0.3513
fix_b2000_full	L1766093	1	0.9727
fix_b2000_full	L176738	0	1.0000
fix_b2000_full	L1768336	0	1.0000
fix_b2000_full	L176876	0	1.0000
fix_b2000_full	L1768935	0	0.9952
fix_b2000_full	L1770348	0	1.0000
fix_b2000_full	L1770471	0	1.0000
fix_b2000_full	L1772400	0	1.0000
fix_b2000_full	L1774077	0	1.0000
fix_b2000_full	L1774332	0	0.9989
fix_b2000_full	L177650	0	1.0000
fix_b2000_full	L1778239	0	0.9990
fix_b2000_full	L1778753	0	1.0000
fix_b2000_full	L1785009	1	0.9879
fix_b2000_full	L1788156	0	1.0000
fix_b2000_full	L179015	0	1.0000
fix_b2000_full	L1790481	0	1.0000
fix_b2000_full	L1791527	0	1.0000
fix_b2000_full	L1792265	0	1.0000
fix_b2000_full	L1793065	0	1.0000
fix_b2000_full	L1794712	0	1.0000
fix_b2000_full	L1794839	0	1.0000
fix_b2000_full	L1796826	0	0.9996
fix_b2000_full	L1797546	0	1.0000
fix_b2000_full	L1798302	0	1.0000
fix_b2000_full	L1799840	0	0.9609
fix_b2000_full	L1801258	0	1.0000
fix_b2000_full	L1802345	0	1.0000
fix_b2000_full	L180509	0	1.0000
fix_b2000_full	L1808966	0	1.0000
fix_b2000_full	L1809234	0	1.0000
fix_b2000_full	L1811231	1	1.0000
fix_b2000_full	L1812445	0	1.0000
fix_b2000_full	L1814309	0	0.9996
fix_b2000_full	L1816451	0	1.0000
fix_b2000_full	L1817551	1	0.5296
fix_b2000_full	L1820447	0	0.6055
fix_b2000_full	L1821765	0	1.0000
fix_b2000_full	L1822989	0	1.0000
fix_b2000_full	L1823086	0	1.0000
fix_b2000_full	L1825981	0	1.0000
fix_b2000_full	L1826918	0	1.0000
fix_b2000_full	L1830338	0	1.0000
fix_b2000_full	L18313	0	1.0000
fix_b2000_full	L1831368	0	1.0000
fix_b2000_full	L183802	0	1.0000
fix_b2000_full	L1838244	0	1.0000
fix_b2000_full	L1838501	0	0.9633
fix_b2000_full	L1838652	0	1.0000
fix_b2000_full	L1840388	0	0.9909
fix_b2000_full	L1848896	0	0.9998
fix_b2000_full	L1856065	0	1.0000
fix_b2000_full	L1857129	0	0.9972
fix_b2000_full	L1858192	0	1.0000
fix_b2000_full	L1858235	0	0.5117
fix_b2000_full	L1859863	0	0.9599
fix_b2000_full	L1860283	1	1.0000
fix_b2000_full	L1867226	0	0.9879
fix_b2000_full	L186847	0	1.0000
fix_b2000_full	L1869818	1	1.0000
fix_b2000_full	L1872590	0	1.0000
fix_b2000_full	L1872595	0	1.0000
fix_b2000_full	L1873245	0	0.9076
fix_b2000_full	L1873642	0	1.0000
fix_b2000_full	L1874928	1	0.3531
fix_b2000_full	L1876149	0	0.9999
fix_b2000_full	L18800	0	1.0000
fix_b2000_full	L1882201	1	0.6925
fix_b2000_full	L1882838	0	1.0000
fix_b2000_full	L1883125	1	1.0000
fix_b2000_full	L1883999	0	0.9852
fix_b2000_full	L1886440	0	1.0000
fix_b2000_full	L1889760	0	1.0000
fix_b2000_full	L189322	0	1.0000
fix_b2000_full	L1895575	0	1.0000
fix_b2000_full	L1897444	0	1.0000
fix_b2000_full	L1898605	0	1.0000
fix_b2000_full	L1898611	0	1.0000
fix_b2000_full	L190102	0	1.0000
fix_b2000_full	L1902625	1	1.0000
fix_b2000_full	L1905283	0	1.0000
fix_b2000_full	L190650	0	1.0000
fix_b2000_full	L190687	0	1.0000
fix_b2000_full	L1908570	1	0.5025
fix_b2000_full	L1909629	1	0.7755
fix_b2000_full	L1911881	1	0.3736
fix_b2000_full	L1912	0	1.0000
fix_b2000_full	L191488	0	1.0000
fix_b2000_full	L1920826	1	0.7099
fix_b2000_full	L192237	0	1.0000
fix_b2000_full	L1924744	0	1.0000
fix_b2000_full	L1925847	2	1.0000
fix_b2000_full	L1928273	0	1.0000
fix_b2000_full	L1928790	0	1.0000
fix_b2000_full	L1932241	0	1.0000
fix_b2000_full	L1932659	0	1.0000
fix_b2000_full	L1933206	0	1.0000
fix_b2000_full	L1933253	0	1.0000
fix_b2000_full	L1933970	0	1.0000
fix_b2000_full	L1936643	1	1.0000
fix_b2000_full	L1940497	0	0.5696
fix_b2000_full	L1942177	0	1.0000
fix_b2000_full	L1942305	0	1.0000
fix_b2000_full	L1943673	0	1.0000
fix_b2000_full	L1944226	0	1.0000
fix_b2000_full	L1944640	1	0.5597
fix_b2000_full	L1944904	1	0.3715
fix_b2000_full	L194952	0	0.5751
fix_b2000_full	L1951280	0	1.0000
fix_b2000_full	L1952353	0	0.8207
fix_b2000_full	L1953692	0	1.0000
fix_b2000_full	L1954656	0	0.9030
fix_b2000_full	L1955598	0	1.0000
fix_b2000_full	L1955973	0	1.0000
fix_b2000_full	L195908	0	1.0000
fix_b2000_full	L1964032	0	1.0000
fix_b2000_full	L1965961	0	0.9698
fix_b2000_full	L1970360	0	1.0000
fix_b2000_full	L1970493	1	1.0000
fix_b2000_full	L1970551	1	1.0000
fix_b2000_full	L1970668	0	1.0000
fix_b2000_full	L1971017	0	1.0000
fix_b2000_full	L1975091	1	0.9536
fix_b2000_full	L1975857	0	0.9993
fix_b2000_full	L197613	0	1.0000
fix_b2000_full	L1976785	0	1.0000
fix_b2000_full	L1981866	0	1.0000
fix_b2000_full	L1982300	0	1.0000
fix_b2000_full	L1983183	0	1.0000
fix_b2000_full	L1986059	0	0.9887
fix_b2000_full	L1990411	0	1.0000
fix_b2000_full	L1991628	0	1.0000
fix_b2000_full	L1994839	0	1.0000
fix_b2000_full	L1996032	0	1.0000
fix_b2000_full	L202116	0	1.0000
fix_b2000_full	L204802	0	0.7957
fix_b2000_full	L208863	0	1.0000
fix_b2000_full	L209724	0	0.8754
fix_b2000_full	L2105	0	1.0000
fix_b2000_full	L210838	0	1.0000
fix_b2000_full	L21151	0	0.8552
fix_b2000_full	L216034	1	0.7088
fix_b2000_full	L216528	0	0.9992
fix_b2000_full	L217349	0	1.0000
fix_b2000_full	L222365	0	0.9984
fix_b2000_full	L225416	0	0.9953
fix_b2000_full	L227476	0	1.0000
fix_b2000_full	L228723	0	1.0000
fix_b2000_full	L231682	0	1.0000
fix_b2000_full	L232060	0	1.0000
fix_b2000_full	L233375	0	1.0000
fix_b2000_full	L235764	0	1.0000
fix_b2000_full	L238858	1	1.0000
fix_b2000_full	L243818	0	1.0000
fix_b2000_full	L244003	0	0.9994
fix_b2000_full	L244965	0	1.0000
fix_b2000_full	L24866	0	1.0000
fix_b2000_full	L250969	0	1.0000
fix_b2000_full	L252902	0	1.0000
fix_b2000_full	L253345	0	0.9465
fix_b2000_full	L257043	0	0.9853
fix_b2000_full	L257465	0	0.5281
fix_b2000_full	L258378	0	1.0000
fix_b2000_full	L258696	0	1.0000
fix_b2000_full	L260842	0	0.9721
fix_b2000_full	L260939	0	0.9999
fix_b2000_full	L261190	0	1.0000
fix_b2000_full	L267309	0	0.3720
fix_b2000_full	L267846	0	1.0000
fix_b2000_full	L270977	0	1.0000
fix_b2000_full	L272730	0	1.0000
fix_b2000_full	L273461	1	1.0000
fix_b2000_full	L282320	0	1.0000
fix_b2000_full	L283173	1	1.0000
fix_b2000_full	L283368	1	0.8654
fix_b2000_full	L288752	0	1.0000
fix_b2000_full	L2888	1	1.0000
fix_b2000_full	L293305	1	1.0000
fix_b2000_full	L293537	0	1.0000
fix_b2000_full	L294764	1	0.3236
fix_b2000_full	L299364	0	1.0000
fix_b2000_full	L299595	1	1.0000
fix_b2000_full	L299782	0	1.0000
fix_b2000_full	L300401	0	1.0000
fix_b2000_full	L30336	0	0.9671
fix_b2000_full	L310087	0	1.0000
fix_b2000_full	L312118	0	1.0000
fix_b2000_full	L318026	0	1.0000
fix_b2000_full	L318722	0	1.0000
fix_b2000_full	L31952	0	1.0000
fix_b2000_full	L319839	0	1.0000
fix_b2000_full	L319888	0	0.8613
fix_b2000_full	L320440	1	1.0000
fix_b2000_full	L321627	0	1.0000
fix_b2000_full	L322333	0	1.0000
fix_b2000_full	L322794	0	1.0000
fix_b2000_full	L322866	0	1.0000
fix_b2000_full	L324151	0	1.0000
fix_b2000_full	L324946	0	1.0000
fix_b2000_full	L32606	0	1.0000
fix_b2000_full	L326205	0	1.0000
fix_b2000_full	L327486	0	1.0000
fix_b2000_full	L331805	1	1.0000
fix_b2000_full	L331807	1	1.0000
fix_b2000_full	L333401	0	1.0000
fix_b2000_full	L333865	0	1.0000
fix_b2000_full	L335478	0	1.0000
fix_b2000_full	L336916	1	0.3418
fix_b2000_full	L337726	1	1.0000
fix_b2000_full	L343911	0	1.0000
fix_b2000_full	L346110	0	1.0000
fix_b2000_full	L35206	0	1.0000
fix_b2000_full	L352100	0	1.0000
fix_b2000_full	L353330	0	1.0000
fix_b2000_full	L353755	0	1.0000
fix_b2000_full	L354281	1	0.9610
fix_b2000_full	L355469	0	0.9787
fix_b2000_full	L355973	0	0.5195
fix_b2000_full	L358098	0	1.0000
fix_b2000_full	L358427	0	1.0000
fix_b2000_full	L36185	1	1.0000
fix_b2000_full	L36374	0	1.0000
fix_b2000_full	L36393	1	1.0000
fix_b2000_full	L364477	0	1.0000
fix_b2000_full	L368265	0	0.9996
fix_b2000_full	L369221	0	1.0000
fix_b2000_full	L370516	0	1.0000
fix_b2000_full	L375608	0	1.0000
fix_b2000_full	L375999	1	0.5614
fix_b2000_full	L376343	0	1.0000
fix_b2000_full	L377914	1	1.0000
fix_b2000_full	L380751	0	0.6548
fix_b2000_full	L382166	0	1.0000
fix_b2000_full	L382724	0	1.0000
fix_b2000_full	L383909	0	1.0000
fix_b2000_full	L385595	0	1.0000
fix_b2000_full	L386761	0	1.0000
fix_b2000_full	L38847	0	1.0000
fix_b2000_full	L388838	1	1.0000
fix_b2000_full	L390056	0	1.0000
fix_b2000_full	L390847	1	1.0000
fix_b2000_full	L391263	0	1.0000
fix_b2000_full	L394934	0	1.0000
fix_b2000_full	L396359	0	1.0000
fix_b2000_full	L397005	1	0.8202
fix_b2000_full	L398087	1	0.4895
fix_b2000_full	L401127	0	1.0000
fix_b2000_full	L402454	0	1.0000
fix_b2000_full	L403424	0	1.0000
fix_b2000_full	L405687	1	0.6728
fix_b2000_full	L409413	0	0.5805
fix_b2000_full	L411451	0	1.0000
fix_b2000_full	L414909	0	1.0000
fix_b2000_full	L414959	0	1.0000
fix_b2000_full	L418437	0	1.0000
fix_b2000_full	L419149	0	1.0000
fix_b2000_full	L422199	0	1.0000
fix_b2000_full	L42258	0	0.9999
fix_b2000_full	L425262	1	1.0000
fix_b2000_full	L425629	0	0.9813
fix_b2000_full	L431467	0	1.0000
fix_b2000_full	L433013	0	1.0000
fix_b2000_full	L435219	0	1.0000
fix_b2000_full	L442957	0	1.0000
fix_b2000_full	L4469	0	1.0000
fix_b2000_full	L446901	0	1.0000
fix_b2000_full	L449888	0	1.0000
fix_b2000_full	L450863	0	1.0000
fix_b2000_full	L454426	0	1.0000
fix_b2000_full	L456423	0	1.0000
fix_b2000_full	L458224	1	0.7616
fix_b2000_full	L45866	0	1.0000
fix_b2000_full	L459126	1	0.7364
fix_b2000_full	L459710	1	0.9720
fix_b2000_full	L460845	1	0.9650
fix_b2000_full	L462461	0	0.7248
fix_b2000_full	L462611	1	0.7627
fix_b2000_full	L465953	0	1.0000
fix_b2000_full	L466572	1	0.6370
fix_b2000_full	L469914	0	1.0000
fix_b2000_full	L472973	0	1.0000
fix_b2000_full	L47627	0	1.0000
fix_b2000_full	L477052	1	0.9846
fix_b2000_full	L477480	1	0.5128
fix_b2000_full	L478354	0	1.0000
fix_b2000_full	L480723	0	0.9982
fix_b2000_full	L481009	1	0.4721
fix_b2000_full	L481562	1	1.0000
fix_b2000_full	L481889	0	1.0000
fix_b2000_full	L482581	0	1.0000
fix_b2000_full	L488483	1	1.0000
fix_b2000_full	L494762	0	1.0000
fix_b2000_full	L496946	1	1.0000
fix_b2000_full	L497994	0	1.0000
fix_b2000_full	L498642	0	1.0000
fix_b2000_full	L499837	0	1.0000
fix_b2000_full	L500481	0	1.0000
fix_b2000_full	L501837	1	0.8485
fix_b2000_full	L506324	0	1.0000
fix_b2000_full	L5117	0	1.0000
fix_b2000_full	L511916	0	1.0000
fix_b2000_full	L515141	0	1.0000
fix_b2000_full	L516046	0	0.9999
fix_b2000_full	L520263	0	1.0000
fix_b2000_full	L521167	0	1.0000
fix_b2000_full	L521904	0	0.9954
fix_b2000_full	L523867	0	1.0000
fix_b2000_full	L524464	1	0.7621
fix_b2000_full	L525527	0	0.9997
fix_b2000_full	L529623	0	1.0000
fix_b2000_full	L531061	0	1.0000
fix_b2000_full	L533105	0	1.0000
fix_b2000_full	L534964	0	1.0000
fix_b2000_full	L535240	0	0.9632
fix_b2000_full	L535400	1	0.6093
fix_b2000_full	L536467	0	1.0000
fix_b2000_full	L536524	0	1.0000
fix_b2000_full	L539572	0	0.9475
fix_b2000_full	L539623	0	1.0000
fix_b2000_full	L541274	0	1.0000
fix_b2000_full	L541585	0	1.0000
fix_b2000_full	L543256	0	1.0000
fix_b2000_full	L544561	0	1.0000
fix_b2000_full	L545165	1	0.8208
fix_b2000_full	L546910	0	1.0000
fix_b2000_full	L548504	0	1.0000
fix_b2000_full	L551442	0	1.0000
fix_b2000_full	L555925	0	1.0000
fix_b2000_full	L556696	0	1.0000
fix_b2000_full	L559531	0	1.0000
fix_b2000_full	L560176	0	1.0000
fix_b2000_full	L561367	1	1.0000
fix_b2000_full	L564679	1	1.0000
fix_b2000_full	L566745	1	0.9722
fix_b2000_full	L568989	0	1.0000
fix_b2000_full	L570772	0	1.0000
fix_b2000_full	L572521	0	1.0000
fix_b2000_full	L577507	0	1.0000
fix_b2000_full	L578197	1	0.5657
fix_b2000_full	L584866	0	1.0000
fix_b2000_full	L586948	1	0.8998
fix_b2000_full	L589777	1	1.0000
fix_b2000_full	L589868	0	1.0000
fix_b2000_full	L590205	0	1.0000
fix_b2000_full	L59044	0	1.0000
fix_b2000_full	L599511	0	1.0000
fix_b2000_full	L60389	0	1.0000
fix_b2000_full	L614050	0	1.0000
fix_b2000_full	L617862	1	0.5610
fix_b2000_full	L620966	0	1.0000
fix_b2000_full	L623278	1	1.0000
fix_b2000_full	L62337	1	0.4503
fix_b2000_full	L626238	0	0.9952
fix_b2000_full	L626353	1	0.8937
fix_b2000_full	L62839	0	1.0000
fix_b2000_full	L632457	0	1.0000
fix_b2000_full	L635118	0	1.0000
fix_b2000_full	L636888	0	1.0000
fix_b2000_full	L639959	0	1.0000
fix_b2000_full	L640160	0	1.0000
fix_b2000_full	L641936	0	0.7282
fix_b2000_full	L642984	0	1.0000
fix_b2000_full	L644406	0	0.9846
fix_b2000_full	L644497	0	1.0000
fix_b2000_full	L646751	0	1.0000
fix_b2000_full	L649091	1	1.0000
fix_b2000_full	L652753	0	1.0000
fix_b2000_full	L657061	0	1.0000
fix_b2000_full	L657332	0	1.0000
fix_b2000_full	L657537	0	1.0000
fix_b2000_full	L658591	0	1.0000
fix_b2000_full	L659549	0	0.7602
fix_b2000_full	L660443	0	0.9994
fix_b2000_full	L663427	0	0.9899
fix_b2000_full	L665914	1	1.0000
fix_b2000_full	L666180	0	1.0000
fix_b2000_full	L667013	0	1.0000
fix_b2000_full	L667839	0	1.0000
fix_b2000_full	L669436	0	1.0000
fix_b2000_full	L66992	0	1.0000
fix_b2000_full	L677371	0	1.0000
fix_b2000_full	L678289	0	1.0000
fix_b2000_full	L678676	0	1.0000
fix_b2000_full	L679717	0	0.6051
fix_b2000_full	L680683	0	1.0000
fix_b2000_full	L681033	0	1.0000
fix_b2000_full	L681532	0	1.0000
fix_b2000_full	L681559	0	1.0000
fix_b2000_full	L681852	0	1.0000
fix_b2000_full	L684567	0	1.0000
fix_b2000_full	L685962	0	1.0000
fix_b2000_full	L686506	0	1.0000
fix_b2000_full	L689721	0	1.0000
fix_b2000_full	L691596	0	1.0000
fix_b2000_full	L692386	0	1.0000
fix_b2000_full	L693733	1	0.5577
fix_b2000_full	L694998	0	1.0000
fix_b2000_full	L699028	0	0.9140
fix_b2000_full	L700056	0	1.0000
fix_b2000_full	L700404	0	1.0000
fix_b2000_full	L702168	0	1.0000
fix_b2000_full	L70331	0	1.0000
fix_b2000_full	L704136	0	1.0000
fix_b2000_full	L704338	1	0.7300
fix_b2000_full	L705787	0	0.5805
fix_b2000_full	L706127	1	0.5371
fix_b2000_full	L706802	0	1.0000
fix_b2000_full	L707187	0	1.0000
fix_b2000_full	L710321	0	1.0000
fix_b2000_full	L711529	0	1.0000
fix_b2000_full	L71277	1	1.0000
fix_b2000_full	L713051	0	1.0000
fix_b2000_full	L715677	0	1.0000
fix_b2000_full	L716679	0	1.0000
fix_b2000_full	L720310	0	1.0000
fix_b2000_full	L720918	0	1.0000
fix_b2000_full	L722647	0	1.0000
fix_b2000_full	L722885	0	0.8513
fix_b2000_full	L725643	0	0.9715
fix_b2000_full	L730413	0	1.0000
fix_b2000_full	L731956	0	1.0000
fix_b2000_full	L736973	0	1.0000
fix_b2000_full	L740874	0	1.0000
fix_b2000_full	L741246	0	1.0000
fix_b2000_full	L742863	0	1.0000
fix_b2000_full	L743451	1	0.2621
fix_b2000_full	L748093	0	1.0000
fix_b2000_full	L751266	0	0.5460
fix_b2000_full	L752342	1	1.0000
fix_b2000_full	L752475	0	1.0000
fix_b2000_full	L752653	0	1.0000
fix_b2000_full	L75387	0	1.0000
fix_b2000_full	L754764	0	1.0000
fix_b2000_full	L755702	1	1.0000
fix_b2000_full	L759676	0	1.0000
fix_b2000_full	L759690	0	1.0000
fix_b2000_full	L759925	0	1.0000
fix_b2000_full	L760304	0	1.0000
fix_b2000_full	L762113	0	1.0000
fix_b2000_full	L762771	0	0.8624
fix_b2000_full	L763808	0	1.0000
fix_b2000_full	L764107	1	1.0000
fix_b2000_full	L764127	0	0.9984
fix_b2000_full	L764282	0	1.0000
fix_b2000_full	L764916	0	0.9999
fix_b2000_full	L77164	0	1.0000
fix_b2000_full	L773134	0	1.0000
fix_b2000_full	L774588	0	1.0000
fix_b2000_full	L774738	0	1.0000
fix_b2000_full	L775906	0	1.0000
fix_b2000_full	L778698	0	1.0000
fix_b2000_full	L779464	0	1.0000
fix_b2000_full	L779937	0	1.0000
fix_b2000_full	L780609	0	1.0000
fix_b2000_full	L784473	0	1.0000
fix_b2000_full	L787550	0	1.0000
fix_b2000_full	L789409	0	1.0000
fix_b2000_full	L790771	0	1.0000
fix_b2000_full	L792951	1	1.0000
fix_b2000_full	L79315	0	1.0000
fix_b2000_full	L793490	0	1.0000
fix_b2000_full	L79406	0	1.0000
fix_b2000_full	L79610	1	1.0000
fix_b2000_full	L796809	0	0.5674
fix_b2000_full	L798449	0	1.0000
fix_b2000_full	L801473	0	1.0000
fix_b2000_full	L801620	0	0.9644
fix_b2000_full	L801738	1	0.6147
fix_b2000_full	L803364	1	0.9201
fix_b2000_full	L803613	0	1.0000
fix_b2000_full	L804778	1	0.7765
fix_b2000_full	L808364	1	1.0000
fix_b2000_full	L809372	0	1.0000
fix_b2000_full	L809693	1	0.5049
fix_b2000_full	L811734	0	1.0000
fix_b2000_full	L81215	0	1.0000
fix_b2000_full	L812450	0	1.0000
fix_b2000_full	L812672	0	1.0000
fix_b2000_full	L815977	0	0.7263
fix_b2000_full	L816644	0	1.0000
fix_b2000_full	L81909	0	1.0000
fix_b2000_full	L819563	0	1.0000
fix_b2000_full	L821100	0	1.0000
fix_b2000_full	L822334	0	1.0000
fix_b2000_full	L824223	0	1.0000
fix_b2000_full	L827048	0	0.9965
fix_b2000_full	L827129	0	1.0000
fix_b2000_full	L829233	0	0.5816
fix_b2000_full	L83001	0	1.0000
fix_b2000_full	L830371	0	1.0000
fix_b2000_full	L832923	0	1.0000
fix_b2000_full	L834579	0	1.0000
fix_b2000_full	L834622	0	1.0000
fix_b2000_full	L837955	0	1.0000
fix_b2000_full	L843972	0	0.6448
fix_b2000_full	L845031	0	1.0000
fix_b2000_full	L846960	0	1.0000
fix_b2000_full	L847988	0	1.0000
fix_b2000_full	L849505	0	1.0000
fix_b2000_full	L851847	0	1.0000
fix_b2000_full	L853299	0	1.0000
fix_b2000_full	L855747	0	0.4046
fix_b2000_full	L855935	0	1.0000
fix_b2000_full	L856753	0	1.0000
fix_b2000_full	L85748	0	0.9985
fix_b2000_full	L858843	0	1.0000
fix_b2000_full	L862725	0	1.0000
fix_b2000_full	L864050	0	1.0000
fix_b2000_full	L86679	0	1.0000
fix_b2000_full	L868640	0	1.0000
fix_b2000_full	L869371	0	1.0000
fix_b2000_full	L869433	0	1.0000
fix_b2000_full	L873249	0	1.0000
fix_b2000_full	L883133	0	1.0000
fix_b2000_full	L883660	0	0.9999
fix_b2000_full	L884453	0	1.0000
fix_b2000_full	L885068	0	1.0000
fix_b2000_full	L885624	0	1.0000
fix_b2000_full	L886084	0	1.0000
fix_b2000_full	L886474	1	0.9148
fix_b2000_full	L886813	0	1.0000
fix_b2000_full	L888328	0	1.0000
fix_b2000_full	L888339	0	1.0000
fix_b2000_full	L888692	1	0.3434
fix_b2000_full	L892540	0	1.0000
fix_b2000_full	L894181	0	1.0000
fix_b2000_full	L895192	1	1.0000
fix_b2000_full	L895682	0	1.0000
fix_b2000_full	L898645	1	1.0000
fix_b2000_full	L900297	1	1.0000
fix_b2000_full	L902295	0	1.0000
fix_b2000_full	L902514	1	0.6868
fix_b2000_full	L906439	0	1.0000
fix_b2000_full	L907227	0	1.0000
fix_b2000_full	L90734	0	1.0000
fix_b2000_full	L909856	0	1.0000
fix_b2000_full	L910412	1	0.5318
fix_b2000_full	L910841	1	0.9629
fix_b2000_full	L911364	0	1.0000
fix_b2000_full	L912237	0	1.0000
fix_b2000_full	L913833	0	0.9811
fix_b2000_full	L914150	0	1.0000
fix_b2000_full	L914195	0	1.0000
fix_b2000_full	L91480	1	1.0000
fix_b2000_full	L918005	0	1.0000
fix_b2000_full	L918018	0	1.0000
fix_b2000_full	L923738	1	0.8746
fix_b2000_full	L924400	0	1.0000
fix_b2000_full	L925260	0	0.9902
fix_b2000_full	L928875	1	1.0000
fix_b2000_full	L93124	0	1.0000
fix_b2000_full	L93295	0	1.0000
fix_b2000_full	L933087	1	1.0000
fix_b2000_full	L933852	0	1.0000
fix_b2000_full	L936253	0	1.0000
fix_b2000_full	L940767	1	1.0000
fix_b2000_full	L941368	0	0.9862
fix_b2000_full	L941926	0	1.0000
fix_b2000_full	L942873	0	1.0000
fix_b2000_full	L943752	0	1.0000
fix_b2000_full	L948601	0	1.0000
fix_b2000_full	L94945	0	0.8662
fix_b2000_full	L949761	1	0.7728
fix_b2000_full	L953203	0	1.0000
fix_b2000_full	L95620	0	1.0000
fix_b2000_full	L957565	0	1.0000
fix_b2000_full	L960419	0	1.0000
fix_b2000_full	L962289	0	0.9962
fix_b2000_full	L96262	0	1.0000
fix_b2000_full	L962680	0	1.0000
fix_b2000_full	L967795	0	1.0000
fix_b2000_full	L968437	0	1.0000
fix_b2000_full	L969615	0	0.5550
fix_b2000_full	L970400	1	0.6095
fix_b2000_full	L972698	0	1.0000
fix_b2000_full	L974207	0	1.0000
fix_b2000_full	L979330	0	1.0000
fix_b2000_full	L983346	0	1.0000
fix_b2000_full	L984768	0	1.0000
fix_b2000_full	L984796	0	1.0000
fix_b2000_full	L985204	0	1.0000
fix_b2000_full	L985959	0	1.0000
fix_b2000_full	L986820	1	1.0000
fix_b2000_full	L989999	1	1.0000
fix_b2000_full	L994491	0	1.0000
fix_b2000_full	L997717	1	1.0000
fix_b2000_full	L998540	0	1.0000
fix_b5000_frag	L1002585	0	0.9115
fix_b5000_frag	L1004185	1	0.2456
fix_b5000_frag	L1005032	0	0.6963
fix_b5000_frag	L1011227	0	0.7901
fix_b5000_frag	L1012049	0	0.5107
fix_b5000_frag	L1012199	0	0.4855
fix_b5000_frag	L1016849	0	0.9688
fix_b5000_frag	L1017537	0	1.0000
fix_b5000_frag	L1021907	0	0.3335
fix_b5000_frag	L1024044	0	0.3344
fix_b5000_frag	L1024542	0	0.3443
fix_b5000_frag	L1025399	0	1.0000
fix_b5000_frag	L1026799	0	0.3329
fix_b5000_frag	L102922	1	0.5647
fix_b5000_frag	L1029951	1	0.5832
fix_b5000_frag	L1030819	0	0.9999
fix_b5000_frag	L103249	2	0.4413
fix_b5000_frag	L1036266	0	0.8960
fix_b5000_frag	L1036426	0	1.0000
fix_b5000_frag	L1038977	1	0.6691
fix_b5000_frag	L1044163	1	0.3839
fix_b5000_frag	L1044444	0	0.4422
fix_b5000_frag	L1046348	3	0.4080
fix_b5000_frag	L1046966	0	0.5577
fix_b5000_frag	L1050743	0	0.9646
fix_b5000_frag	L1052309	0	1.0000
fix_b5000_frag	L1053445	0	1.0000
fix_b5000_frag	L1054346	1	0.5769
fix_b5000_frag	L1055550	0	1.0000
fix_b5000_frag	L1058576	0	0.7180
fix_b5000_frag	L1060120	1	0.4551
fix_b5000_frag	L1061482	0	0.7764
fix_b5000_frag	L1061587	2	0.2270
fix_b5000_frag	L1062126	0	0.7887
fix_b5000_frag	L1063587	1	0.7985
fix_b5000_frag	L1064227	0	0.9980
fix_b5000_frag	L1065804	2	0.3864
fix_b5000_frag	L1068964	0	0.4478
fix_b5000_frag	L1069832	0	0.3230
fix_b5000_frag	L1071754	2	0.1821
fix_b5000_frag	L1072449	0	0.3429
fix_b5000_frag	L1073165	1	0.7410
fix_b5000_frag	L1075189	1	0.2602
fix_b5000_frag	L1081827	1	0.2538
fix_b5000_frag	L1082663	0	0.9573
fix_b5000_frag	L1083972	0	0.7048
fix_b5000_frag	L1085175	0	0.3954
fix_b5000_frag	L1087086	1	0.3136
fix_b5000_frag	L1087105	1	0.3289
fix_b5000_frag	L1089119	1	0.3031
fix_b5000_frag	L1090631	2	0.2974
fix_b5000_frag	L1091178	1	0.4969
fix_b5000_frag	L1091281	0	0.3267
fix_b5000_frag	L1091323	1	0.5550
fix_b5000_frag	L1091479	0	0.5027
fix_b5000_frag	L1092388	1	0.4591
fix_b5000_frag	L1096376	0	0.9969
fix_b5000_frag	L1099155	0	0.7567
fix_b5000_frag	L1101520	0	1.0000
fix_b5000_frag	L1106265	0	1.0000
fix_b5000_frag	L1106965	0	0.9933
fix_b5000_frag	L1107538	0	1.0000
fix_b5000_frag	L1109734	0	1.0000
fix_b5000_frag	L1110523	1	0.5208
fix_b5000_frag	L1116847	0	0.9995
fix_b5000_frag	L1117806	0	1.0000
fix_b5000_frag	L1123172	1	0.3867
fix_b5000_frag	L112480	4	0.3602
fix_b5000_frag	L1125468	0	0.9865
fix_b5000_frag	L1125564	1	0.5191
fix_b5000_frag	L1126749	3	0.1492
fix_b5000_frag	L1127804	11	0.2291
fix_b5000_frag	L1128821	0	0.9970
fix_b5000_frag	L1132817	0	1.0000
fix_b5000_frag	L1134826	1	0.2933
fix_b5000_frag	L1135019	1	0.3033
fix_b5000_frag	L113844	1	0.4260
fix_b5000_frag	L1138559	1	0.6880
fix_b5000_frag	L1139573	2	0.1742
fix_b5000_frag	L1142178	0	0.2151
fix_b5000_frag	L1143584	1	0.3337
fix_b5000_frag	L1146782	0	0.3613
fix_b5000_frag	L1148275	0	0.9450
fix_b5000_frag	L1148681	0	0.4877
fix_b5000_frag	L1148861	1	0.2546
fix_b5000_frag	L115160	0	0.7956
fix_b5000_frag	L1152742	1	0.3762
fix_b5000_frag	L1159462	0	0.9831
fix_b5000_frag	L1160593	0	0.5492
fix_b5000_frag	L1166860	2	0.3347
fix_b5000_frag	L1169308	0	0.3608
fix_b5000_frag	L1171933	0	0.9940
fix_b5000_frag	L1175689	0	0.5022
fix_b5000_frag	L1176510	0	1.0000
fix_b5000_frag	L1176819	4	0.3447
fix_b5000_frag	L1181526	2	0.6395
fix_b5000_frag	L1184831	0	0.3460
fix_b5000_frag	L1188236	0	0.9986
fix_b5000_frag	L1189606	0	1.0000
fix_b5000_frag	L1190029	0	1.0000
fix_b5000_frag	L1192003	0	0.4864
fix_b5000_frag	L1193093	1	0.3875
fix_b5000_frag	L1193626	0	0.7917
fix_b5000_frag	L1194943	0	0.3341
fix_b5000_frag	L1200114	0	0.9906
fix_b5000_frag	L1200373	1	0.4000
fix_b5000_frag	L1202626	0	0.4384
fix_b5000_frag	L1203652	0	0.7049
fix_b5000_frag	L1205967	0	0.9104
fix_b5000_frag	L1206149	0	0.8729
fix_b5000_frag	L1208940	0	1.0000
fix_b5000_frag	L120959	2	0.3106
fix_b5000_frag	L1211345	0	1.0000
fix_b5000_frag	L1212637	0	0.9999
fix_b5000_frag	L1212861	0	0.5573
fix_b5000_frag	L121334	0	0.4274
fix_b5000_frag	L1215236	3	0.2494
fix_b5000_frag	L1217544	1	0.6429
fix_b5000_frag	L1217630	1	0.3545
fix_b5000_frag	L1218521	0	0.9068
fix_b5000_frag	L121873	1	0.6633
fix_b5000_frag	L1218743	0	1.0000
fix_b5000_frag	L1219260	1	0.5485
fix_b5000_frag	L1219324	0	0.9799
fix_b5000_frag	L1223018	1	0.5265
fix_b5000_frag	L12241	0	0.2747
fix_b5000_frag	L122411	2	0.2367
fix_b5000_frag	L1228313	1	0.4146
fix_b5000_frag	L1228316	0	0.3842
fix_b5000_frag	L1228698	2	0.1747
fix_b5000_frag	L1229975	1	0.4068
fix_b5000_frag	L1233030	1	0.4005
fix_b5000_frag	L1234322	0	0.8972
fix_b5000_frag	L1235564	0	0.9726
fix_b5000_frag	L1237368	2	0.1358
fix_b5000_frag	L1242536	0	0.5061
fix_b5000_frag	L1243882	0	0.8773
fix_b5000_frag	L1244427	1	0.1465
fix_b5000_frag	L1247700	0	1.0000
fix_b5000_frag	L1249050	0	0.9962
fix_b5000_frag	L1252273	1	0.3580
fix_b5000_frag	L1252715	0	0.9071
fix_b5000_frag	L125500	1	0.3214
fix_b5000_frag	L125644	0	1.0000
fix_b5000_frag	L1263639	0	1.0000
fix_b5000_frag	L1263909	1	0.2953
fix_b5000_frag	L1267300	0	0.1940
fix_b5000_frag	L1267973	1	0.3184
fix_b5000_frag	L1268056	4	0.1630
fix_b5000_frag	L1269000	1	0.2055
fix_b5000_frag	L1269225	1	0.4166
fix_b5000_frag	L1269960	0	0.7171
fix_b5000_frag	L1270519	0	0.2108
fix_b5000_frag	L1271695	0	0.8985
fix_b5000_frag	L1274988	2	0.7922
fix_b5000_frag	L1277578	1	0.3233
fix_b5000_frag	L1277861	0	0.5311
fix_b5000_frag	L1281298	0	0.5465
fix_b5000_frag	L1283746	0	1.0000
fix_b5000_frag	L1284558	1	0.3366
fix_b5000_frag	L1286758	0	0.4327
fix_b5000_frag	L1291250	1	0.7132
fix_b5000_frag	L129208	0	0.6430
fix_b5000_frag	L1292363	1	0.2213
fix_b5000_frag	L1292503	0	1.0000
fix_b5000_frag	L1294408	0	0.4585
fix_b5000_frag	L1294453	1	0.6779
fix_b5000_frag	L1294952	1	0.5490
fix_b5000_frag	L1297512	0	0.8529
fix_b5000_frag	L1298142	0	1.0000
fix_b5000_frag	L1299862	0	1.0000
fix_b5000_frag	L1302458	3	0.3326
fix_b5000_frag	L1307852	0	1.0000
fix_b5000_frag	L130839	0	0.8589
fix_b5000_frag	L1309046	0	0.3844
fix_b5000_frag	L1314993	1	0.3910
fix_b5000_frag	L1316645	4	0.1246
fix_b5000_frag	L1316673	2	0.2795
fix_b5000_frag	L1319261	1	0.3559
fix_b5000_frag	L1320029	3	0.4792
fix_b5000_frag	L1321139	1	0.3367
fix_b5000_frag	L1322298	0	0.6911
fix_b5000_frag	L1325043	0	1.0000
fix_b5000_frag	L1328601	0	0.8168
fix_b5000_frag	L1330004	0	0.7255
fix_b5000_frag	L1334204	0	0.6984
fix_b5000_frag	L1334727	0	0.2637
fix_b5000_frag	L1337969	2	0.1523
fix_b5000_frag	L1338440	1	0.5455
fix_b5000_frag	L1338867	1	0.3668
fix_b5000_frag	L13406	0	1.0000
fix_b5000_frag	L1341334	0	1.0000
fix_b5000_frag	L1342936	0	0.9998
fix_b5000_frag	L1343571	7	0.1673
fix_b5000_frag	L134770	0	0.8048
fix_b5000_frag	L1348767	0	0.4627
fix_b5000_frag	L1349954	0	0.9278
fix_b5000_frag	L1350260	3	0.2066
fix_b5000_frag	L1354350	0	0.9989
fix_b5000_frag	L1358832	2	0.4971
fix_b5000_frag	L1362201	0	0.3365
fix_b5000_frag	L1362636	1	0.3176
fix_b5000_frag	L1365362	0	0.6444
fix_b5000_frag	L1366477	0	0.4707
fix_b5000_frag	L1369644	2	0.2583
fix_b5000_frag	L13698	0	0.9925
fix_b5000_frag	L1371092	0	0.6607
fix_b5000_frag	L1372683	0	0.9247
fix_b5000_frag	L1372686	0	0.2995
fix_b5000_frag	L1373403	0	1.0000
fix_b5000_frag	L1378339	0	0.7662
fix_b5000_frag	L1379425	1	0.2591
fix_b5000_frag	L1380845	0	1.0000
fix_b5000_frag	L1382177	0	0.8032
fix_b5000_frag	L1382936	0	0.4138
fix_b5000_frag	L1382969	1	0.6722
fix_b5000_frag	L1383932	3	0.1719
fix_b5000_frag	L1384051	2	0.1391
fix_b5000_frag	L1393346	1	0.2570
fix_b5000_frag	L1394372	0	0.8011
fix_b5000_frag	L1398058	0	1.0000
fix_b5000_frag	L1398565	3	0.2800
fix_b5000_frag	L1400233	0	0.9601
fix_b5000_frag	L1400557	5	0.1867
fix_b5000_frag	L1403214	0	0.9995
fix_b5000_frag	L1409097	0	1.0000
fix_b5000_frag	L1409378	0	1.0000
fix_b5000_frag	L1410763	1	0.3131
fix_b5000_frag	L1410905	0	0.9940
fix_b5000_frag	L1411655	0	0.3215
fix_b5000_frag	L1421095	0	0.8753
fix_b5000_frag	L1421423	0	0.4756
fix_b5000_frag	L1431164	0	0.9960
fix_b5000_frag	L1435268	3	0.2626
fix_b5000_frag	L1438447	0	0.9339
fix_b5000_frag	L1440099	0	1.0000
fix_b5000_frag	L1440354	2	0.4076
fix_b5000_frag	L1440579	1	0.3866
fix_b5000_frag	L1441065	0	0.9817
fix_b5000_frag	L1442950	0	0.9995
fix_b5000_frag	L144630	1	0.3082
fix_b5000_frag	L144966	0	0.9999
fix_b5000_frag	L1450044	0	1.0000
fix_b5000_frag	L145721	0	0.4144
fix_b5000_frag	L1463127	0	0.9991
fix_b5000_frag	L1463808	7	0.2552
fix_b5000_frag	L1468044	1	0.1300
fix_b5000_frag	L1468317	0	0.3785
fix_b5000_frag	L1470882	0	1.0000
fix_b5000_frag	L1472026	0	0.9732
fix_b5000_frag	L1475336	0	1.0000
fix_b5000_frag	L1477	0	0.5564
fix_b5000_frag	L1477137	0	0.6463
fix_b5000_frag	L1478713	1	0.7280
fix_b5000_frag	L1479097	0	0.5813
fix_b5000_frag	L1482186	0	0.2710
fix_b5000_frag	L1483022	1	0.3815
fix_b5000_frag	L1485252	1	0.5986
fix_b5000_frag	L1487868	2	0.1764
fix_b5000_frag	L1489958	1	0.2250
fix_b5000_frag	L1491338	0	1.0000
fix_b5000_frag	L1491406	0	0.2412
fix_b5000_frag	L1492427	2	0.2724
fix_b5000_frag	L1494927	0	0.8707
fix_b5000_frag	L1496723	0	0.9999
fix_b5000_frag	L14998	0	1.0000
fix_b5000_frag	L1500041	0	0.6730
fix_b5000_frag	L1500792	1	0.4215
fix_b5000_frag	L1501054	0	1.0000
fix_b5000_frag	L1501117	2	0.4342
fix_b5000_frag	L150284	2	0.3207
fix_b5000_frag	L1503080	0	0.4513
fix_b5000_frag	L1506056	0	0.9938
fix_b5000_frag	L1506305	0	0.9976
fix_b5000_frag	L1507593	0	0.3408
fix_b5000_frag	L1507721	0	0.8746
fix_b5000_frag	L1509635	0	1.0000
fix_b5000_frag	L1511077	1	0.3758
fix_b5000_frag	L1511516	0	0.6796
fix_b5000_frag	L151270	1	0.2484
fix_b5000_frag	L1513453	0	0.6555
fix_b5000_frag	L1513508	0	0.9573
fix_b5000_frag	L1514059	2	0.2574
fix_b5000_frag	L151434	0	1.0000
fix_b5000_frag	L1520281	2	0.1627
fix_b5000_frag	L1522665	0	0.3582
fix_b5000_frag	L1525581	0	1.0000
fix_b5000_frag	L152670	1	0.7195
fix_b5000_frag	L1527449	1	0.6634
fix_b5000_frag	L1532593	0	0.4404
fix_b5000_frag	L1537084	2	0.6920
fix_b5000_frag	L1545445	4	0.1045
fix_b5000_frag	L1549764	1	0.4127
fix_b5000_frag	L1553511	4	0.1312
fix_b5000_frag	L1555961	0	0.3026
fix_b5000_frag	L1556158	1	0.3772
fix_b5000_frag	L1559085	0	1.0000
fix_b5000_frag	L1559370	1	0.1694
fix_b5000_frag	L1561684	1	0.8644
fix_b5000_frag	L1563921	2	0.3734
fix_b5000_frag	L1564440	0	0.6916
fix_b5000_frag	L1564788	0	0.7754
fix_b5000_frag	L1570442	0	0.2523
fix_b5000_frag	L1577548	3	0.4015
fix_b5000_frag	L1582773	0	0.5998
fix_b5000_frag	L1586476	0	0.9998
fix_b5000_frag	L1591774	7	0.2539
fix_b5000_frag	L1592464	2	0.4586
fix_b5000_frag	L1592890	2	0.1875
fix_b5000_frag	L1593009	1	0.2894
fix_b5000_frag	L1594265	0	0.5468
fix_b5000_frag	L15949	0	0.9997
fix_b5000_frag	L1595729	0	0.6237
fix_b5000_frag	L1596023	0	0.9152
fix_b5000_frag	L1596979	0	0.6288
fix_b5000_frag	L1599150	0	1.0000
fix_b5000_frag	L1605496	1	0.2375
fix_b5000_frag	L1608356	2	0.4877
fix_b5000_frag	L1608408	1	0.4887
fix_b5000_frag	L1609523	0	0.9996
fix_b5000_frag	L1611831	2	0.2472
fix_b5000_frag	L1613719	1	0.3536
fix_b5000_frag	L1613862	0	0.9982
fix_b5000_frag	L1614892	0	1.0000
fix_b5000_frag	L1615590	0	0.9807
fix_b5000_frag	L1616879	3	0.1845
fix_b5000_frag	L1617022	1	0.3050
fix_b5000_frag	L1619438	3	0.2369
fix_b5000_frag	L1619907	0	1.0000
fix_b5000_frag	L1620099	5	0.2093
fix_b5000_frag	L1622776	1	0.2807
fix_b5000_frag	L1622804	0	0.3774
fix_b5000_frag	L1623315	3	0.2742
fix_b5000_frag	L1625869	0	1.0000
fix_b5000_frag	L1632251	0	0.9867
fix_b5000_frag	L1632593	3	0.1946
fix_b5000_frag	L1633409	1	0.5256
fix_b5000_frag	L163519	0	0.9553
fix_b5000_frag	L1635479	1	0.4499
fix_b5000_frag	L1638116	0	0.4891
fix_b5000_frag	L1642892	3	0.5189
fix_b5000_frag	L1647022	0	1.0000
fix_b5000_frag	L1649256	0	1.0000
fix_b5000_frag	L1650196	0	0.5873
fix_b5000_frag	L1654301	1	0.3195
fix_b5000_frag	L1656331	1	0.2770
fix_b5000_frag	L1657868	2	0.2398
fix_b5000_frag	L1658774	4	0.4855
fix_b5000_frag	L1660134	0	0.4153
fix_b5000_frag	L166249	0	1.0000
fix_b5000_frag	L1663458	1	0.3306
fix_b5000_frag	L16644	2	0.1536
fix_b5000_frag	L1664922	4	0.5573
fix_b5000_frag	L1666954	0	0.5761
fix_b5000_frag	L1668737	0	0.5321
fix_b5000_frag	L167239	0	0.5217
fix_b5000_frag	L167308	0	1.0000
fix_b5000_frag	L1673443	1	0.5370
fix_b5000_frag	L1677915	0	0.9730
fix_b5000_frag	L1679070	0	0.7542
fix_b5000_frag	L1679327	0	0.7019
fix_b5000_frag	L1681571	3	0.1230
fix_b5000_frag	L1683975	6	0.1178
fix_b5000_frag	L1687257	1	0.2314
fix_b5000_frag	L1689425	4	0.2428
fix_b5000_frag	L1690704	11	0.1748
fix_b5000_frag	L1690718	1	0.2309
fix_b5000_frag	L1692614	0	0.9238
fix_b5000_frag	L1693021	1	0.4085
fix_b5000_frag	L1693729	0	0.6935
fix_b5000_frag	L1698795	0	1.0000
fix_b5000_frag	L1700325	1	0.4007
fix_b5000_frag	L1701759	0	0.8183
fix_b5000_frag	L1706009	0	0.4505
fix_b5000_frag	L1710196	1	0.6596
fix_b5000_frag	L1713230	0	0.3208
fix_b5000_frag	L1714485	1	0.3627
fix_b5000_frag	L1715650	1	0.2474
fix_b5000_frag	L1717886	4	0.2355
fix_b5000_frag	L1720587	1	0.4622
fix_b5000_frag	L1721987	0	1.0000
fix_b5000_frag	L1722777	0	1.0000
fix_b5000_frag	L1724773	1	0.6793
fix_b5000_frag	L1725448	0	0.9360
fix_b5000_frag	L1727481	1	0.1801
fix_b5000_frag	L1728562	1	0.1376
fix_b5000_frag	L1729015	9	0.0808
fix_b5000_frag	L1729974	8	0.3268
fix_b5000_frag	L1731527	1	0.7731
fix_b5000_frag	L173383	1	0.4547
fix_b5000_frag	L1735097	1	0.0920
fix_b5000_frag	L1736351	0	1.0000
fix_b5000_frag	L1736591	0	0.9991
fix_b5000_frag	L1739879	1	0.1931
fix_b5000_frag	L1741008	0	1.0000
fix_b5000_frag	L1741461	0	0.1790
fix_b5000_frag	L174176	3	0.8760
fix_b5000_frag	L1741919	2	0.4669
fix_b5000_frag	L1743480	2	0.3408
fix_b5000_frag	L1744154	0	0.5881
fix_b5000_frag	L1746595	0	0.9882
fix_b5000_frag	L1748112	0	1.0000
fix_b5000_frag	L1748957	0	0.9171
fix_b5000_frag	L1749257	1	0.1748
fix_b5000_frag	L175348	0	0.3198
fix_b5000_frag	L1753832	0	1.0000
fix_b5000_frag	L1755416	0	0.4263
fix_b5000_frag	L1758324	0	0.9555
fix_b5000_frag	L1758608	0	0.9892
fix_b5000_frag	L1758614	0	0.3953
fix_b5000_frag	L1758704	1	0.4027
fix_b5000_frag	L1762064	1	0.4961
fix_b5000_frag	L1765663	1	0.4017
fix_b5000_frag	L1766093	0	0.3280
fix_b5000_frag	L176738	7	0.1350
fix_b5000_frag	L1768336	0	0.1723
fix_b5000_frag	L176876	0	1.0000
fix_b5000_frag	L1768935	1	0.2985
fix_b5000_frag	L1770348	0	1.0000
fix_b5000_frag	L1770471	0	1.0000
fix_b5000_frag	L1772400	0	0.7301
fix_b5000_frag	L1774077	4	0.0778
fix_b5000_frag	L1774332	2	0.5395
fix_b5000_frag	L177650	0	1.0000
fix_b5000_frag	L1778239	2	0.4309
fix_b5000_frag	L1778753	0	0.9939
fix_b5000_frag	L1785009	0	0.2118
fix_b5000_frag	L1788156	0	0.9628
fix_b5000_frag	L179015	0	0.3276
fix_b5000_frag	L1790481	4	0.1691
fix_b5000_frag	L1791527	0	0.9228
fix_b5000_frag	L1792265	0	0.9963
fix_b5000_frag	L1793065	0	0.5970
fix_b5000_frag	L1794712	1	0.3172
fix_b5000_frag	L1794839	0	0.9421
fix_b5000_frag	L1796826	0	0.9809
fix_b5000_frag	L1797546	0	1.0000
fix_b5000_frag	L1798302	0	1.0000
fix_b5000_frag	L1799840	1	0.4185
fix_b5000_frag	L1801258	0	0.7922
fix_b5000_frag	L1802345	0	0.9977
fix_b5000_frag	L180509	0	1.0000
fix_b5000_frag	L1808966	0	0.6513
fix_b5000_frag	L1809234	0	0.5372
fix_b5000_frag	L1811231	1	0.4210
fix_b5000_frag	L1812445	0	0.7906
fix_b5000_frag	L1814309	1	0.3337
fix_b5000_frag	L1816451	0	0.2622
fix_b5000_frag	L1817551	0	0.9222
fix_b5000_frag	L1820447	3	0.2488
fix_b5000_frag	L1821765	0	0.5357
fix_b5000_frag	L1822989	0	1.0000
fix_b5000_frag	L1823086	0	0.4207
fix_b5000_frag	L1825981	0	0.7970
fix_b5000_frag	L1826918	0	1.0000
fix_b5000_frag	L1830338	0	1.0000
fix_b5000_frag	L18313	0	0.2889
fix_b5000_frag	L1831368	0	0.9999
fix_b5000_frag	L183802	0	0.6523
fix_b5000_frag	L1838244	0	1.0000
fix_b5000_frag	L1838501	1	0.5757
fix_b5000_frag	L1838652	2	0.1254
fix_b5000_frag	L1840388	1	0.8821
fix_b5000_frag	L1848896	3	0.3058
fix_b5000_frag	L1856065	0	0.8523
fix_b5000_frag	L1857129	1	0.3298
fix_b5000_frag	L1858192	0	1.0000
fix_b5000_frag	L1858235	1	0.1998
fix_b5000_frag	L1859863	0	0.3358
fix_b5000_frag	L1860283	2	0.4410
fix_b5000_frag	L1867226	0	0.3055
fix_b5000_frag	L186847	0	0.1301
fix_b5000_frag	L1869818	0	0.2510
fix_b5000_frag	L1872590	0	1.0000
fix_b5000_frag	L1872595	0	0.9991
fix_b5000_frag	L1873245	1	0.3536
fix_b5000_frag	L1873642	0	0.9541
fix_b5000_frag	L1874928	3	0.1628
fix_b5000_frag	L1876149	0	0.2661
fix_b5000_frag	L18800	0	0.5211
fix_b5000_frag	L1882201	1	0.4410
fix_b5000_frag	L1882838	0	0.5656
fix_b5000_frag	L1883125	1	0.2483
fix_b5000_frag	L1883999	1	0.1532
fix_b5000_frag	L1886440	0	0.6057
fix_b5000_frag	L1889760	0	1.0000
fix_b5000_frag	L189322	0	0.4636
fix_b5000_frag	L1895575	0	0.2423
fix_b5000_frag	L1897444	0	0.9552
fix_b5000_frag	L1898605	0	0.9998
fix_b5000_frag	L1898611	0	1.0000
fix_b5000_frag	L190102	0	1.0000
fix_b5000_frag	L1902625	0	0.4028
fix_b5000_frag	L1905283	3	0.6656
fix_b5000_frag	L190650	0	1.0000
fix_b5000_frag	L190687	0	0.9798
fix_b5000_frag	L1908570	1	0.2906
fix_b5000_frag	L1909629	5	0.2679
fix_b5000_frag	L1911881	3	0.1755
fix_b5000_frag	L1912	0	1.0000
fix_b5000_frag	L191488	0	0.4446
fix_b5000_frag	L1920826	1	0.3798
fix_b5000_frag	L192237	0	0.8784
fix_b5000_frag	L1924744	0	1.0000
fix_b5000_frag	L1925847	2	0.2230
fix_b5000_frag	L1928273	3	0.1379
fix_b5000_frag	L1928790	1	0.4419
fix_b5000_frag	L1932241	0	0.6040
fix_b5000_frag	L1932659	0	1.0000
fix_b5000_frag	L1933206	0	0.9856
fix_b5000_frag	L1933253	0	0.9629
fix_b5000_frag	L1933970	0	0.9781
fix_b5000_frag	L1936643	1	0.3414
fix_b5000_frag	L1940497	0	0.4802
fix_b5000_frag	L1942177	3	0.4961
fix_b5000_frag	L1942305	0	0.7263
fix_b5000_frag	L1943673	2	0.2108
fix_b5000_frag	L1944226	0	0.9148
fix_b5000_frag	L1944640	1	0.3537
fix_b5000_frag	L1944904	1	0.1210
fix_b5000_frag	L194952	1	0.2616
fix_b5000_frag	L1951280	0	0.9960
fix_b5000_frag	L1952353	3	0.2369
fix_b5000_frag	L1953692	2	0.5826
fix_b5000_frag	L1954656	1	0.3180
fix_b5000_frag	L1955598	1	0.9077
fix_b5000_frag	L1955973	0	0.3868
fix_b5000_frag	L195908	0	1.0000
fix_b5000_frag	L1964032	0	0.9685
fix_b5000_frag	L1965961	1	0.6276
fix_b5000_frag	L1970360	0	1.0000
fix_b5000_frag	L1970493	0	0.5402
fix_b5000_frag	L1970551	1	0.9659
fix_b5000_frag	L1970668	0	0.4923
fix_b5000_frag	L1971017	1	0.3054
fix_b5000_frag	L1975091	0	0.3286
fix_b5000_frag	L1975857	0	0.8856
fix_b5000_frag	L197613	1	0.2101
fix_b5000_frag	L1976785	1	0.3407
fix_b5000_frag	L1981866	1	0.2170
fix_b5000_frag	L1982300	0	1.0000
fix_b5000_frag	L1983183	1	0.3420
fix_b5000_frag	L1986059	3	0.6348
fix_b5000_frag	L1990411	0	1.0000
fix_b5000_frag	L1991628	0	1.0000
fix_b5000_frag	L1994839	0	1.0000
fix_b5000_frag	L1996032	0	1.0000
fix_b5000_frag	L202116	0	1.0000
fix_b5000_frag	L204802	1	0.1723
fix_b5000_frag	L208863	1	0.3790
fix_b5000_frag	L209724	2	0.1912
fix_b5000_frag	L2105	0	1.0000
fix_b5000_frag	L210838	1	0.2745
fix_b5000_frag	L21151	1	0.4020
fix_b5000_frag	L216034	0	0.6521
fix_b5000_frag	L216528	0	0.1856
fix_b5000_frag	L217349	0	1.0000
fix_b5000_frag	L222365	1	0.3013
fix_b5000_frag	L225416	1	0.5052
fix_b5000_frag	L227476	0	0.7750
fix_b5000_frag	L228723	0	0.9976
fix_b5000_frag	L231682	0	1.0000
fix_b5000_frag	L232060	0	1.0000
fix_b5000_frag	L233375	0	0.1501
fix_b5000_frag	L235764	0	1.0000
fix_b5000_frag	L238858	0	0.3666
fix_b5000_frag	L243818	0	1.0000
fix_b5000_frag	L244003	1	0.2853
fix_b5000_frag	L244965	0	0.9415
fix_b5000_frag	L24866	1	0.4159
fix_b5000_frag	L250969	0	1.0000
fix_b5000_frag	L252902	1	0.4299
fix_b5000_frag	L253345	1	0.3887
fix_b5000_frag	L257043	1	0.3197
fix_b5000_frag	L257465	0	0.2011
fix_b5000_frag	L258378	2	0.4501
fix_b5000_frag	L258696	0	1.0000
fix_b5000_frag	L260842	1	0.7791
fix_b5000_frag	L260939	0	0.9211
fix_b5000_frag	L261190	0	1.0000
fix_b5000_frag	L267309	1	0.2937
fix_b5000_frag	L267846	0	1.0000
fix_b5000_frag	L270977	0	0.4231
fix_b5000_frag	L272730	0	1.0000
fix_b5000_frag	L273461	0	0.7105
fix_b5000_frag	L282320	0	1.0000
fix_b5000_frag	L283173	0	0.3206
fix_b5000_frag	L283368	1	0.2025
fix_b5000_frag	L288752	0	0.5559
fix_b5000_frag	L2888	20	0.4068
fix_b5000_frag	L293305	7	0.5422
fix_b5000_frag	L293537	0	0.9913
fix_b5000_frag	L294764	1	0.2512
fix_b5000_frag	L299364	0	0.2941
fix_b5000_frag	L299595	1	0.2992
fix_b5000_frag	L299782	0	0.9578
fix_b5000_frag	L300401	0	1.0000
fix_b5000_frag	L30336	0	0.5573
fix_b5000_frag	L310087	1	0.2814
fix_b5000_frag	L312118	2	0.2884
fix_b5000_frag	L318026	0	0.9133
fix_b5000_frag	L318722	0	0.8678
fix_b5000_frag	L31952	1	0.7303
fix_b5000_frag	L319839	0	0.4088
fix_b5000_frag	L319888	0	0.9569
fix_b5000_frag	L320440	1	0.4752
fix_b5000_frag	L321627	0	1.0000
fix_b5000_frag	L322333	0	0.4184
fix_b5000_frag	L322794	1	0.6348
fix_b5000_frag	L322866	1	0.3743
fix_b5000_frag	L324151	3	0.5781
fix_b5000_frag	L324946	0	0.9964
fix_b5000_frag	L32606	0	0.4954
fix_b5000_frag	L326205	0	1.0000
fix_b5000_frag	L327486	0	1.0000
fix_b5000_frag	L331805	0	0.4321
fix_b5000_frag	L331807	1	0.6871
fix_b5000_frag	L333401	1	0.4224
fix_b5000_frag	L333865	0	1.0000
fix_b5000_frag	L335478	1	0.5164
fix_b5000_frag	L336916	1	0.2065
fix_b5000_frag	L337726	1	0.5643
fix_b5000_frag	L343911	0	0.9992
fix_b5000_frag	L346110	0	1.0000
fix_b5000_frag	L35206	1	0.2352
fix_b5000_frag	L352100	0	1.0000
fix_b5000_frag	L353330	1	0.3035
fix_b5000_frag	L353755	1	0.2808
fix_b5000_frag	L354281	1	0.6315
fix_b5000_frag	L355469	0	0.2275
fix_b5000_frag	L355973	1	0.2392
fix_b5000_frag	L358098	0	0.9971
fix_b5000_frag	L358427	0	1.0000
fix_b5000_frag	L36185	0	0.7864
fix_b5000_frag	L36374	0	0.9962
fix_b5000_frag	L36393	1	0.2506
fix_b5000_frag	L364477	0	0.6756
fix_b5000_frag	L368265	1	0.4283
fix_b5000_frag	L369221	1	0.3693
fix_b5000_frag	L370516	0	0.9999
fix_b5000_frag	L375608	2	0.1165
fix_b5000_frag	L375999	1	0.2000
fix_b5000_frag	L376343	0	0.7277
fix_b5000_frag	L377914	1	0.4797
fix_b5000_frag	L380751	4	0.0858
fix_b5000_frag	L382166	0	1.0000
fix_b5000_frag	L382724	0	0.9999
fix_b5000_frag	L383909	1	0.6961
fix_b5000_frag	L385595	8	0.2252
fix_b5000_frag	L386761	0	1.0000
fix_b5000_frag	L38847	1	0.4764
fix_b5000_frag	L388838	1	0.3277
fix_b5000_frag	L390056	0	0.2376
fix_b5000_frag	L390847	0	0.4892
fix_b5000_frag	L391263	0	0.4747
fix_b5000_frag	L394934	0	0.6113
fix_b5000_frag	L396359	0	1.0000
fix_b5000_frag	L397005	1	0.3950
fix_b5000_frag	L398087	2	0.3096
fix_b5000_frag	L401127	0	0.9989
fix_b5000_frag	L402454	0	0.2660
fix_b5000_frag	L403424	0	0.5246
fix_b5000_frag	L405687	0	0.3718
fix_b5000_frag	L409413	1	0.4611
fix_b5000_frag	L411451	0	1.0000
fix_b5000_frag	L414909	0	0.9975
fix_b5000_frag	L414959	0	1.0000
fix_b5000_frag	L418437	0	1.0000
fix_b5000_frag	L419149	0	0.7683
fix_b5000_frag	L422199	0	1.0000
fix_b5000_frag	L42258	3	0.2263
fix_b5000_frag	L425262	1	0.5794
fix_b5000_frag	L425629	0	0.2457
fix_b5000_frag	L431467	0	0.9123
fix_b5000_frag	L433013	0	1.0000
fix_b5000_frag	L435219	0	1.0000
fix_b5000_frag	L442957	1	0.2290
fix_b5000_frag	L4469	0	1.0000
fix_b5000_frag	L446901	0	0.9999
fix_b5000_frag	L449888	0	0.1632
fix_b5000_frag	L450863	0	1.0000
fix_b5000_frag	L454426	0	0.2841
fix_b5000_frag	L456423	4	0.5286
fix_b5000_frag	L458224	1	0.6651
fix_b5000_frag	L45866	0	0.9549
fix_b5000_frag	L459126	1	0.4790
fix_b5000_frag	L459710	0	0.6490
fix_b5000_frag	L460845	0	0.4709
fix_b5000_frag	L462461	0	0.4640
fix_b5000_frag	L462611	2	0.2082
fix_b5000_frag	L465953	0	0.6228
fix_b5000_frag	L466572	1	0.4842
fix_b5000_frag	L469914	0	0.3008
fix_b5000_frag	L472973	1	0.2358
fix_b5000_frag	L47627	0	1.0000
fix_b5000_frag	L477052	0	0.7141
fix_b5000_frag	L477480	0	0.6028
fix_b5000_frag	L478354	0	0.9452
fix_b5000_frag	L480723	0	0.5914
fix_b5000_frag	L481009	1	0.3365
fix_b5000_frag	L481562	0	0.9525
fix_b5000_frag	L481889	2	0.1770
fix_b5000_frag	L482581	0	0.4287
fix_b5000_frag	L488483	1	0.4641
fix_b5000_frag	L494762	0	1.0000
fix_b5000_frag	L496946	0	0.7766
fix_b5000_frag	L497994	0	0.9875
fix_b5000_frag	L498642	0	0.5446
fix_b5000_frag	L499837	0	0.3307
fix_b5000_frag	L500481	0	0.9934
fix_b5000_frag	L501837	1	0.5610
fix_b5000_frag	L506324	0	1.0000
fix_b5000_frag	L5117	1	0.2356
fix_b5000_frag	L511916	0	0.9715
fix_b5000_frag	L515141	0	0.4466
fix_b5000_frag	L516046	1	0.3339
fix_b5000_frag	L520263	0	1.0000
fix_b5000_frag	L521167	1	0.2962
fix_b5000_frag	L521904	0	0.7527
fix_b5000_frag	L523867	0	0.9609
fix_b5000_frag	L524464	0	0.5760
fix_b5000_frag	L525527	3	0.2002
fix_b5000_frag	L529623	0	0.7960
fix_b5000_frag	L531061	0	0.7269
fix_b5000_frag	L533105	0	1.0000
fix_b5000_frag	L534964	0	0.9573
fix_b5000_frag	L535240	1	0.3781
fix_b5000_frag	L535400	1	0.2425
fix_b5000_frag	L536467	0	0.9988
fix_b5000_frag	L536524	3	0.2318
fix_b5000_frag	L539572	1	0.3928
fix_b5000_frag	L539623	0	0.7540
fix_b5000_frag	L541274	0	0.9291
fix_b5000_frag	L541585	0	0.7808
fix_b5000_frag	L543256	0	1.0000
fix_b5000_frag	L544561	0	0.3700
fix_b5000_frag	L545165	4	0.2072
fix_b5000_frag	L546910	0	0.3554
fix_b5000_frag	L548504	0	0.6569
fix_b5000_frag	L551442	0	1.0000
fix_b5000_frag	L555925	0	0.9960
fix_b5000_frag	L556696	1	0.3824
fix_b5000_frag	L559531	0	0.5059
fix_b5000_frag	L560176	0	1.0000
fix_b5000_frag	L561367	1	0.3628
fix_b5000_frag	L564679	1	0.2702
fix_b5000_frag	L566745	1	0.6700
fix_b5000_frag	L568989	0	1.0000
fix_b5000_frag	L570772	1	0.2256
fix_b5000_frag	L572521	0	0.4301
fix_b5000_frag	L577507	2	0.5091
fix_b5000_frag	L578197	1	0.9908
fix_b5000_frag	L584866	0	0.4814
fix_b5000_frag	L586948	0	0.3745
fix_b5000_frag	L589777	1	0.2601
fix_b5000_frag	L589868	0	0.3312
fix_b5000_frag	L590205	0	0.8663
fix_b5000_frag	L59044	0	0.9905
fix_b5000_frag	L599511	2	0.4594
fix_b5000_frag	L60389	0	1.0000
fix_b5000_frag	L614050	0	0.9998
fix_b5000_frag	L617862	0	0.3955
fix_b5000_frag	L620966	5	0.3855
fix_b5000_frag	L623278	1	0.2590
fix_b5000_frag	L62337	1	0.2088
fix_b5000_frag	L626238	1	0.4648
fix_b5000_frag	L626353	0	0.4915
fix_b5000_frag	L62839	0	0.4251
fix_b5000_frag	L632457	0	0.5800
fix_b5000_frag	L635118	0	1.0000
fix_b5000_frag	L636888	1	0.3170
fix_b5000_frag	L639959	0	1.0000
fix_b5000_frag	L640160	0	1.0000
fix_b5000_frag	L641936	1	0.1211
fix_b5000_frag	L642984	0	1.0000
fix_b5000_frag	L644406	1	0.2670
fix_b5000_frag	L644497	1	0.7204
fix_b5000_frag	L646751	0	1.0000
fix_b5000_frag	L649091	2	0.3415
fix_b5000_frag	L652753	0	0.6226
fix_b5000_frag	L657061	0	1.0000
fix_b5000_frag	L657332	0	1.0000
fix_b5000_frag	L657537	0	0.9995
fix_b5000_frag	L658591	0	1.0000
fix_b5000_frag	L659549	1	0.3366
fix_b5000_frag	L660443	0	0.4094
fix_b5000_frag	L663427	1	0.8552
fix_b5000_frag	L665914	1	0.4377
fix_b5000_frag	L666180	0	0.5046
fix_b5000_frag	L667013	1	0.4299
fix_b5000_frag	L667839	0	1.0000
fix_b5000_frag	L669436	5	0.1475
fix_b5000_frag	L66992	0	0.9882
fix_b5000_frag	L677371	0	1.0000
fix_b5000_frag	L678289	0	0.7045
fix_b5000_frag	L678676	0	0.8557
fix_b5000_frag	L679717	1	0.3855
fix_b5000_frag	L680683	1	0.9623
fix_b5000_frag	L681033	0	0.9142
fix_b5000_frag	L681532	0	0.8962
fix_b5000_frag	L681559	0	0.8199
fix_b5000_frag	L681852	0	0.4312
fix_b5000_frag	L684567	0	1.0000
fix_b5000_frag	L685962	1	0.4781
fix_b5000_frag	L686506	0	0.3341
fix_b5000_frag	L689721	0	0.7876
fix_b5000_frag	L691596	0	0.3094
fix_b5000_frag	L692386	0	0.9024
fix_b5000_frag	L693733	0	0.2034
fix_b5000_frag	L694998	0	0.9987
fix_b5000_frag	L699028	1	0.7616
fix_b5000_frag	L700056	0	1.0000
fix_b5000_frag	L700404	0	0.9911
fix_b5000_frag	L702168	0	1.0000
fix_b5000_frag	L70331	1	0.4265
fix_b5000_frag	L704136	0	1.0000
fix_b5000_frag	L704338	1	0.2641
fix_b5000_frag	L705787	2	0.3114
fix_b5000_frag	L706127	5	0.2470
fix_b5000_frag	L706802	0	0.7564
fix_b5000_frag	L707187	0	1.0000
fix_b5000_frag	L710321	0	1.0000
fix_b5000_frag	L711529	0	0.9999
fix_b5000_frag	L71277	1	0.4229
fix_b5000_frag	L713051	0	0.5566
fix_b5000_frag	L715677	0	1.0000
fix_b5000_frag	L716679	0	0.4171
fix_b5000_frag	L720310	0	0.2782
fix_b5000_frag	L720918	0	0.4226
fix_b5000_frag	L722647	0	0.8785
fix_b5000_frag	L722885	0	0.4049
fix_b5000_frag	L725643	3	0.2082
fix_b5000_frag	L730413	1	0.3377
fix_b5000_frag	L731956	0	0.9994
fix_b5000_frag	L736973	0	1.0000
fix_b5000_frag	L740874	0	0.2352
fix_b5000_frag	L741246	0	1.0000
fix_b5000_frag	L742863	0	0.9947
fix_b5000_frag	L743451	1	0.1005
fix_b5000_frag	L748093	5	0.2218
fix_b5000_frag	L751266	0	0.4991
fix_b5000_frag	L752342	1	0.1372
fix_b5000_frag	L752475	0	0.9988
fix_b5000_frag	L752653	1	0.4111
fix_b5000_frag	L75387	0	0.3600
fix_b5000_frag	L754764	0	0.9272
fix_b5000_frag	L755702	0	0.3323
fix_b5000_frag	L759676	0	0.7976
fix_b5000_frag	L759690	0	0.9844
fix_b5000_frag	L759925	0	0.9996
fix_b5000_frag	L760304	0	1.0000
fix_b5000_frag	L762113	0	0.9699
fix_b5000_frag	L762771	0	0.2107
fix_b5000_frag	L763808	0	1.0000
fix_b5000_frag	L764107	0	0.3326
fix_b5000_frag	L764127	0	0.9253
fix_b5000_frag	L764282	0	0.9910
fix_b5000_frag	L764916	0	0.7909
fix_b5000_frag	L77164	0	0.2900
fix_b5000_frag	L773134	0	1.0000
fix_b5000_frag	L774588	0	1.0000
fix_b5000_frag	L774738	0	1.0000
fix_b5000_frag	L775906	2	0.1492
fix_b5000_frag	L778698	1	0.3515
fix_b5000_frag	L779464	0	0.5257
fix_b5000_frag	L779937	0	0.3677
fix_b5000_frag	L780609	0	0.9985
fix_b5000_frag	L784473	4	0.1473
fix_b5000_frag	L787550	0	0.9897
fix_b5000_frag	L789409	0	0.3589
fix_b5000_frag	L790771	0	0.9899
fix_b5000_frag	L792951	1	0.4337
fix_b5000_frag	L79315	0	0.9754
fix_b5000_frag	L793490	1	0.2485
fix_b5000_frag	L79406	0	0.6496
fix_b5000_frag	L79610	1	0.4674
fix_b5000_frag	L796809	1	0.1189
fix_b5000_frag	L798449	0	1.0000
fix_b5000_frag	L801473	0	0.9992
fix_b5000_frag	L801620	0	0.1547
fix_b5000_frag	L801738	0	0.9989
fix_b5000_frag	L803364	0	0.2483
fix_b5000_frag	L803613	1	0.5728
fix_b5000_frag	L804778	0	0.2418
fix_b5000_frag	L808364	1	0.3673
fix_b5000_frag	L809372	0	0.9899
fix_b5000_frag	L809693	0	0.3994
fix_b5000_frag	L811734	0	0.9834
fix_b5000_frag	L81215	0	0.9949
fix_b5000_frag	L812450	0	1.0000
fix_b5000_frag	L812672	1	0.3719
fix_b5000_frag	L815977	1	0.4100
fix_b5000_frag	L816644	0	1.0000
fix_b5000_frag	L81909	0	0.9980
fix_b5000_frag	L819563	3	0.3462
fix_b5000_frag	L821100	0	0.9571
fix_b5000_frag	L822334	0	0.9675
fix_b5000_frag	L824223	0	0.3931
fix_b5000_frag	L827048	1	0.5259
fix_b5000_frag	L827129	0	0.9640
fix_b5000_frag	L829233	0	0.8572
fix_b5000_frag	L83001	0	0.9797
fix_b5000_frag	L830371	0	0.9880
fix_b5000_frag	L832923	0	0.9573
fix_b5000_frag	L834579	0	0.8227
fix_b5000_frag	L834622	1	0.4433
fix_b5000_frag	L837955	0	0.9961
fix_b5000_frag	L843972	3	0.1868
fix_b5000_frag	L845031	0	0.9956
fix_b5000_frag	L846960	0	1.0000
fix_b5000_frag	L847988	0	0.2406
fix_b5000_frag	L849505	0	0.5096
fix_b5000_frag	L851847	1	0.4418
fix_b5000_frag	L853299	0	1.0000
fix_b5000_frag	L855747	1	0.2228
fix_b5000_frag	L855935	0	0.9880
fix_b5000_frag	L856753	0	1.0000
fix_b5000_frag	L85748	1	0.5081
fix_b5000_frag	L858843	0	0.9992
fix_b5000_frag	L862725	0	1.0000
fix_b5000_frag	L864050	0	1.0000
fix_b5000_frag	L86679	0	1.0000
fix_b5000_frag	L868640	0	1.0000
fix_b5000_frag	L869371	0	0.4670
fix_b5000_frag	L869433	0	0.9848
fix_b5000_frag	L873249	0	0.9844
fix_b5000_frag	L883133	0	0.9363
fix_b5000_frag	L883660	0	0.5644
fix_b5000_frag	L884453	0	0.9122
fix_b5000_frag	L885068	0	0.8605
fix_b5000_frag	L885624	5	0.1611
fix_b5000_frag	L886084	0	0.6342
fix_b5000_frag	L886474	7	0.3411
fix_b5000_frag	L886813	0	0.2804
fix_b5000_frag	L888328	0	0.9981
fix_b5000_frag	L888339	0	1.0000
fix_b5000_frag	L888692	1	0.1133
fix_b5000_frag	L892540	0	1.0000
fix_b5000_frag	L894181	8	0.1541
fix_b5000_frag	L895192	1	0.7306
fix_b5000_frag	L895682	1	0.3789
fix_b5000_frag	L898645	0	0.7500
fix_b5000_frag	L900297	2	0.4134
fix_b5000_frag	L902295	0	1.0000
fix_b5000_frag	L902514	2	0.5558
fix_b5000_frag	L906439	0	0.8796
fix_b5000_frag	L907227	0	0.8624
fix_b5000_frag	L90734	0	1.0000
fix_b5000_frag	L909856	1	0.4510
fix_b5000_frag	L910412	5	0.1654
fix_b5000_frag	L910841	0	0.7212
fix_b5000_frag	L911364	0	0.9783
fix_b5000_frag	L912237	0	0.4284
fix_b5000_frag	L913833	6	0.3327
fix_b5000_frag	L914150	0	0.7860
fix_b5000_frag	L914195	2	0.2113
fix_b5000_frag	L91480	0	0.4785
fix_b5000_frag	L918005	0	0.9982
fix_b5000_frag	L918018	0	1.0000
fix_b5000_frag	L923738	0	0.5233
fix_b5000_frag	L924400	1	0.5469
fix_b5000_frag	L925260	0	0.2707
fix_b5000_frag	L928875	2	0.2340
fix_b5000_frag	L93124	1	0.9018
fix_b5000_frag	L93295	0	0.9861
fix_b5000_frag	L933087	1	0.4662
fix_b5000_frag	L933852	0	0.8615
fix_b5000_frag	L936253	0	1.0000
fix_b5000_frag	L940767	0	0.6036
fix_b5000_frag	L941368	2	0.1875
fix_b5000_frag	L941926	0	1.0000
fix_b5000_frag	L942873	1	0.2220
fix_b5000_frag	L943752	0	0.4180
fix_b5000_frag	L948601	1	0.4787
fix_b5000_frag	L94945	3	0.6226
fix_b5000_frag	L949761	1	0.2639
fix_b5000_frag	L953203	0	0.2185
fix_b5000_frag	L95620	0	0.4533
fix_b5000_frag	L957565	0	0.3527
fix_b5000_frag	L960419	1	0.4012
fix_b5000_frag	L962289	2	0.8033
fix_b5000_frag	L96262	0	0.9999
fix_b5000_frag	L962680	0	0.8778
fix_b5000_frag	L967795	1	0.3953
fix_b5000_frag	L968437	0	1.0000
fix_b5000_frag	L969615	1	0.3435
fix_b5000_frag	L970400	1	0.3988
fix_b5000_frag	L972698	0	1.0000
fix_b5000_frag	L974207	0	0.6517
fix_b5000_frag	L979330	1	0.8845
fix_b5000_frag	L983346	0	0.9994
fix_b5000_frag	L984768	0	0.6469
fix_b5000_frag	L984796	0	0.7977
fix_b5000_frag	L985204	1	0.4044
fix_b5000_frag	L985959	0	1.0000
fix_b5000_frag	L986820	1	0.4789
fix_b5000_frag	L989999	1	0.3146
fix_b5000_frag	L994491	0	0.8596
fix_b5000_frag	L997717	0	0.3377
fix_b5000_frag	L998540	2	0.0965
fix_b5000_full	L1002585	0	1.0000
fix_b5000_full	L1004185	0	0.9540
fix_b5000_full	L1005032	0	1.0000
fix_b5000_full	L1011227	0	1.0000
fix_b5000_full	L1012049	0	1.0000
fix_b5000_full	L1012199	0	1.0000
fix_b5000_full	L1016849	0	1.0000
fix_b5000_full	L1017537	0	1.0000
fix_b5000_full	L1021907	0	1.0000
fix_b5000_full	L1024044	0	1.0000
fix_b5000_full	L1024542	0	1.0000
fix_b5000_full	L1025399	0	1.0000
fix_b5000_full	L1026799	0	1.0000
fix_b5000_full	L102922	0	1.0000
fix_b5000_full	L1029951	1	0.9553
fix_b5000_full	L1030819	0	1.0000
fix_b5000_full	L103249	1	1.0000
fix_b5000_full	L1036266	0	1.0000
fix_b5000_full	L1036426	0	1.0000
fix_b5000_full	L1038977	1	1.0000
fix_b5000_full	L1044163	0	0.5234
fix_b5000_full	L1044444	0	0.9997
fix_b5000_full	L1046348	0	1.0000
fix_b5000_full	L1046966	0	1.0000
fix_b5000_full	L1050743	0	1.0000
fix_b5000_full	L1052309	0	1.0000
fix_b5000_full	L1053445	0	1.0000
fix_b5000_full	L1054346	0	0.9997
fix_b5000_full	L1055550	0	1.0000
fix_b5000_full	L1058576	0	1.0000
fix_b5000_full	L1060120	1	1.0000
fix_b5000_full	L1061482	1	0.6018
fix_b5000_full	L1061587	1	0.6287
fix_b5000_full	L1062126	0	1.0000
fix_b5000_full	L1063587	0	1.0000
fix_b5000_full	L1064227	0	1.0000
fix_b5000_full	L1065804	1	1.0000
fix_b5000_full	L1068964	0	1.0000
fix_b5000_full	L1069832	0	1.0000
fix_b5000_full	L1071754	0	0.5003
fix_b5000_full	L1072449	1	1.0000
fix_b5000_full	L1073165	0	0.6609
fix_b5000_full	L1075189	1	0.7826
fix_b5000_full	L1081827	1	0.5781
fix_b5000_full	L1082663	0	1.0000
fix_b5000_full	L1083972	0	1.0000
fix_b5000_full	L1085175	0	1.0000
fix_b5000_full	L1087086	1	0.5558
fix_b5000_full	L1087105	1	0.5235
fix_b5000_full	L1089119	1	0.9877
fix_b5000_full	L1090631	0	1.0000
fix_b5000_full	L1091178	0	0.8204
fix_b5000_full	L1091281	0	0.5744
fix_b5000_full	L1091323	1	1.0000
fix_b5000_full	L1091479	0	1.0000
fix_b5000_full	L1092388	0	1.0000
fix_b5000_full	L1096376	0	1.0000
fix_b5000_full	L1099155	0	1.0000
fix_b5000_full	L1101520	0	1.0000
fix_b5000_full	L1106265	0	1.0000
fix_b5000_full	L1106965	0	1.0000
fix_b5000_full	L1107538	0	1.0000
fix_b5000_full	L1109734	0	1.0000
fix_b5000_full	L1110523	0	1.0000
fix_b5000_full	L1116847	0	1.0000
fix_b5000_full	L1117806	0	1.0000
fix_b5000_full	L1123172	0	1.0000
fix_b5000_full	L112480	0	1.0000
fix_b5000_full	L1125468	0	1.0000
fix_b5000_full	L1125564	0	1.0000
fix_b5000_full	L1126749	0	1.0000
fix_b5000_full	L1127804	1	0.4747
fix_b5000_full	L1128821	0	1.0000
fix_b5000_full	L1132817	0	1.0000
fix_b5000_full	L1134826	1	1.0000
fix_b5000_full	L1135019	1	0.5026
fix_b5000_full	L113844	0	0.6100
fix_b5000_full	L1138559	1	0.6820
fix_b5000_full	L1139573	1	1.0000
fix_b5000_full	L1142178	1	0.3438
fix_b5000_full	L1143584	0	1.0000
fix_b5000_full	L1146782	1	1.0000
fix_b5000_full	L1148275	1	1.0000
fix_b5000_full	L1148681	0	1.0000
fix_b5000_full	L1148861	0	1.0000
fix_b5000_full	L115160	0	1.0000
fix_b5000_full	L1152742	0	0.7827
fix_b5000_full	L1159462	0	1.0000
fix_b5000_full	L1160593	0	1.0000
fix_b5000_full	L1166860	1	1.0000
fix_b5000_full	L1169308	1	1.0000
fix_b5000_full	L1171933	0	1.0000
fix_b5000_full	L1175689	0	1.0000
fix_b5000_full	L1176510	0	1.0000
fix_b5000_full	L1176819	1	0.5847
fix_b5000_full	L1181526	0	1.0000
fix_b5000_full	L1184831	0	1.0000
fix_b5000_full	L1188236	0	1.0000
fix_b5000_full	L1189606	0	1.0000
fix_b5000_full	L1190029	0	1.0000
fix_b5000_full	L1192003	0	1.0000
fix_b5000_full	L1193093	1	0.9611
fix_b5000_full	L1193626	0	1.0000
fix_b5000_full	L1194943	1	1.0000
fix_b5000_full	L1200114	0	1.0000
fix_b5000_full	L1200373	0	1.0000
fix_b5000_full	L1202626	0	1.0000
fix_b5000_full	L1203652	0	1.0000
fix_b5000_full	L1205967	0	1.0000
fix_b5000_full	L1206149	0	1.0000
fix_b5000_full	L1208940	0	1.0000
fix_b5000_full	L120959	0	1.0000
fix_b5000_full	L1211345	0	1.0000
fix_b5000_full	L1212637	0	1.0000
fix_b5000_full	L1212861	0	1.0000
fix_b5000_full	L121334	0	0.4723
fix_b5000_full	L1215236	0	0.9989
fix_b5000_full	L1217544	1	0.9937
fix_b5000_full	L1217630	0	1.0000
fix_b5000_full	L1218521	0	1.0000
fix_b5000_full	L121873	0	1.0000
fix_b5000_full	L1218743	0	1.0000
fix_b5000_full	L1219260	0	1.0000
fix_b5000_full	L1219324	0	1.0000
fix_b5000_full	L1223018	1	0.7033
fix_b5000_full	L12241	1	0.4470
fix_b5000_full	L122411	0	1.0000
fix_b5000_full	L1228313	0	1.0000
fix_b5000_full	L1228316	0	1.0000
fix_b5000_full	L1228698	0	1.0000
fix_b5000_full	L1229975	0	1.0000
fix_b5000_full	L1233030	0	0.9844
fix_b5000_full	L1234322	0	1.0000
fix_b5000_full	L1235564	0	1.0000
fix_b5000_full	L1237368	1	0.3363
fix_b5000_full	L1242536	0	1.0000
fix_b5000_full	L1243882	0	1.0000
fix_b5000_full	L1244427	1	0.8596
fix_b5000_full	L1247700	0	1.0000
fix_b5000_full	L1249050	0	1.0000
fix_b5000_full	L1252273	0	0.9553
fix_b5000_full	L1252715	0	1.0000
fix_b5000_full	L125500	0	1.0000
fix_b5000_full	L125644	0	1.0000
fix_b5000_full	L1263639	0	1.0000
fix_b5000_full	L1263909	0	1.0000
fix_b5000_full	L1267300	0	1.0000
fix_b5000_full	L1267973	0	0.6264
fix_b5000_full	L1268056	1	0.3993
fix_b5000_full	L1269000	0	1.0000
fix_b5000_full	L1269225	0	1.0000
fix_b5000_full	L1269960	0	1.0000
fix_b5000_full	L1270519	1	0.5114
fix_b5000_full	L1271695	1	1.0000
fix_b5000_full	L1274988	0	1.0000
fix_b5000_full	L1277578	1	1.0000
fix_b5000_full	L1277861	0	1.0000
fix_b5000_full	L1281298	0	1.0000
fix_b5000_full	L1283746	0	1.0000
fix_b5000_full	L1284558	0	0.9051
fix_b5000_full	L1286758	0	1.0000
fix_b5000_full	L1291250	0	1.0000
fix_b5000_full	L129208	0	1.0000
fix_b5000_full	L1292363	0	0.9249
fix_b5000_full	L1292503	0	1.0000
fix_b5000_full	L1294408	1	0.5974
fix_b5000_full	L1294453	0	0.9847
fix_b5000_full	L1294952	0	1.0000
fix_b5000_full	L1297512	0	1.0000
fix_b5000_full	L1298142	0	1.0000
fix_b5000_full	L1299862	0	1.0000
fix_b5000_full	L1302458	1	1.0000
fix_b5000_full	L1307852	0	1.0000
fix_b5000_full	L130839	0	1.0000
fix_b5000_full	L1309046	0	1.0000
fix_b5000_full	L1314993	0	1.0000
fix_b5000_full	L1316645	1	0.9984
fix_b5000_full	L1316673	0	0.8834
fix_b5000_full	L1319261	1	1.0000
fix_b5000_full	L1320029	1	0.5119
fix_b5000_full	L1321139	0	1.0000
fix_b5000_full	L1322298	0	1.0000
fix_b5000_full	L1325043	0	1.0000
fix_b5000_full	L1328601	0	1.0000
fix_b5000_full	L1330004	0	1.0000
fix_b5000_full	L1334204	0	1.0000
fix_b5000_full	L1334727	0	1.0000
fix_b5000_full	L1337969	0	0.7710
fix_b5000_full	L1338440	0	0.9139
fix_b5000_full	L1338867	1	1.0000
fix_b5000_full	L13406	0	1.0000
fix_b5000_full	L1341334	0	1.0000
fix_b5000_full	L1342936	0	1.0000
fix_b5000_full	L1343571	0	0.9992
fix_b5000_full	L134770	0	1.0000
fix_b5000_full	L1348767	1	1.0000
fix_b5000_full	L1349954	0	1.0000
fix_b5000_full	L1350260	0	1.0000
fix_b5000_full	L1354350	0	1.0000
fix_b5000_full	L1358832	0	1.0000
fix_b5000_full	L1362201	0	1.0000
fix_b5000_full	L1362636	1	1.0000
fix_b5000_full	L1365362	0	1.0000
fix_b5000_full	L1366477	0	1.0000
fix_b5000_full	L1369644	0	1.0000
fix_b5000_full	L13698	0	1.0000
fix_b5000_full	L1371092	1	1.0000
fix_b5000_full	L1372683	0	1.0000
fix_b5000_full	L1372686	0	1.0000
fix_b5000_full	L1373403	0	1.0000
fix_b5000_full	L1378339	0	1.0000
fix_b5000_full	L1379425	1	0.6607
fix_b5000_full	L1380845	0	1.0000
fix_b5000_full	L1382177	0	1.0000
fix_b5000_full	L1382936	0	0.7915
fix_b5000_full	L1382969	0	1.0000
fix_b5000_full	L1383932	0	1.0000
fix_b5000_full	L1384051	0	1.0000
fix_b5000_full	L1393346	0	0.8402
fix_b5000_full	L1394372	0	1.0000
fix_b5000_full	L1398058	0	1.0000
fix_b5000_full	L1398565	0	1.0000
fix_b5000_full	L1400233	0	1.0000
fix_b5000_full	L1400557	1	0.9992
fix_b5000_full	L1403214	0	1.0000
fix_b5000_full	L1409097	0	1.0000
fix_b5000_full	L1409378	0	1.0000
fix_b5000_full	L1410763	0	1.0000
fix_b5000_full	L1410905	0	1.0000
fix_b5000_full	L1411655	0	0.9996
fix_b5000_full	L1421095	0	1.0000
fix_b5000_full	L1421423	0	1.0000
fix_b5000_full	L1431164	0	1.0000
fix_b5000_full	L1435268	0	1.0000
fix_b5000_full	L1438447	0	1.0000
fix_b5000_full	L1440099	0	1.0000
fix_b5000_full	L1440354	0	1.0000
fix_b5000_full	L1440579	0	0.9838
fix_b5000_full	L1441065	0	1.0000
fix_b5000_full	L1442950	0	1.0000
fix_b5000_full	L144630	0	1.0000
fix_b5000_full	L144966	0	1.0000
fix_b5000_full	L1450044	0	1.0000
fix_b5000_full	L145721	0	1.0000
fix_b5000_full	L1463127	0	1.0000
fix_b5000_full	L1463808	1	1.0000
fix_b5000_full	L1468044	0	0.9969
fix_b5000_full	L1468317	0	1.0000
fix_b5000_full	L1470882	0	1.0000
fix_b5000_full	L1472026	0	1.0000
fix_b5000_full	L1475336	0	1.0000
fix_b5000_full	L1477	0	0.9978
fix_b5000_full	L1477137	1	1.0000
fix_b5000_full	L1478713	0	0.7764
fix_b5000_full	L1479097	0	1.0000
fix_b5000_full	L1482186	1	0.5655
fix_b5000_full	L1483022	1	1.0000
fix_b5000_full	L1485252	0	0.9473
fix_b5000_full	L1487868	0	1.0000
fix_b5000_full	L1489958	0	1.0000
fix_b5000_full	L1491338	0	1.0000
fix_b5000_full	L1491406	1	1.0000
fix_b5000_full	L1492427	1	0.7049
fix_b5000_full	L1494927	0	1.0000
fix_b5000_full	L1496723	0	1.0000
fix_b5000_full	L14998	0	1.0000
fix_b5000_full	L1500041	0	1.0000
fix_b5000_full	L1500792	0	1.0000
fix_b5000_full	L1501054	0	1.0000
fix_b5000_full	L1501117	1	0.5653
fix_b5000_full	L150284	0	0.9856
fix_b5000_full	L1503080	0	1.0000
fix_b5000_full	L1506056	0	1.0000
fix_b5000_full	L1506305	0	1.0000
fix_b5000_full	L1507593	0	1.0000
fix_b5000_full	L1507721	0	1.0000
fix_b5000_full	L1509635	0	1.0000
fix_b5000_full	L1511077	0	1.0000
fix_b5000_full	L1511516	1	1.0000
fix_b5000_full	L151270	0	1.0000
fix_b5000_full	L1513453	0	1.0000
fix_b5000_full	L1513508	0	1.0000
fix_b5000_full	L1514059	1	1.0000
fix_b5000_full	L151434	0	1.0000
fix_b5000_full	L1520281	0	0.9982
fix_b5000_full	L1522665	0	1.0000
fix_b5000_full	L1525581	0	1.0000
fix_b5000_full	L152670	0	1.0000
fix_b5000_full	L1527449	0	0.9967
fix_b5000_full	L1532593	1	0.5902
fix_b5000_full	L1537084	1	1.0000
fix_b5000_full	L1545445	1	0.6330
fix_b5000_full	L1549764	1	1.0000
fix_b5000_full	L1553511	0	1.0000
fix_b5000_full	L1555961	0	0.9654
fix_b5000_full	L1556158	0	1.0000
fix_b5000_full	L1559085	0	1.0000
fix_b5000_full	L1559370	0	1.0000
fix_b5000_full	L1561684	1	0.6518
fix_b5000_full	L1563921	1	1.0000
fix_b5000_full	L1564440	1	0.5001
fix_b5000_full	L1564788	0	1.0000
fix_b5000_full	L1570442	0	0.6009
fix_b5000_full	L1577548	0	1.0000
fix_b5000_full	L1582773	0	0.9999
fix_b5000_full	L1586476	0	1.0000
fix_b5000_full	L1591774	0	1.0000
fix_b5000_full	L1592464	0	1.0000
fix_b5000_full	L1592890	0	1.0000
fix_b5000_full	L1593009	0	1.0000
fix_b5000_full	L1594265	0	1.0000
fix_b5000_full	L15949	0	1.0000
fix_b5000_full	L1595729	1	0.9998
fix_b5000_full	L1596023	0	1.0000
fix_b5000_full	L1596979	0	1.0000
fix_b5000_full	L1599150	0	1.0000
fix_b5000_full	L1605496	0	1.0000
fix_b5000_full	L1608356	0	0.7973
fix_b5000_full	L1608408	1	0.5024
fix_b5000_full	L1609523	0	1.0000
fix_b5000_full	L1611831	1	0.7858
fix_b5000_full	L1613719	0	1.0000
fix_b5000_full	L1613862	0	1.0000
fix_b5000_full	L1614892	0	1.0000
fix_b5000_full	L1615590	0	1.0000
fix_b5000_full	L1616879	0	1.0000
fix_b5000_full	L1617022	1	1.0000
fix_b5000_full	L1619438	1	0.5846
fix_b5000_full	L1619907	0	1.0000
fix_b5000_full	L1620099	0	1.0000
fix_b5000_full	L1622776	1	0.5253
fix_b5000_full	L1622804	1	0.5700
fix_b5000_full	L1623315	0	1.0000
fix_b5000_full	L1625869	0	1.0000
fix_b5000_full	L1632251	0	1.0000
fix_b5000_full	L1632593	0	0.9999
fix_b5000_full	L1633409	0	0.8715
fix_b5000_full	L163519	0	1.0000
fix_b5000_full	L1635479	0	1.0000
fix_b5000_full	L1638116	0	1.0000
fix_b5000_full	L1642892	0	0.5784
fix_b5000_full	L1647022	0	1.0000
fix_b5000_full	L1649256	0	1.0000
fix_b5000_full	L1650196	0	1.0000
fix_b5000_full	L1654301	1	0.5313
fix_b5000_full	L1656331	1	0.5941
fix_b5000_full	L1657868	1	1.0000
fix_b5000_full	L1658774	0	0.8372
fix_b5000_full	L1660134	0	1.0000
fix_b5000_full	L166249	0	1.0000
fix_b5000_full	L1663458	0	0.9998
fix_b5000_full	L16644	0	1.0000
fix_b5000_full	L1664922	1	1.0000
fix_b5000_full	L1666954	0	1.0000
fix_b5000_full	L1668737	0	1.0000
fix_b5000_full	L167239	0	1.0000
fix_b5000_full	L167308	0	1.0000
fix_b5000_full	L1673443	0	1.0000
fix_b5000_full	L1677915	0	1.0000
fix_b5000_full	L1679070	0	0.9997
fix_b5000_full	L1679327	0	1.0000
fix_b5000_full	L1681571	0	1.0000
fix_b5000_full	L1683975	0	1.0000
fix_b5000_full	L1687257	0	0.9999
fix_b5000_full	L1689425	1	1.0000
fix_b5000_full	L1690704	0	0.5628
fix_b5000_full	L1690718	0	0.3405
fix_b5000_full	L1692614	0	1.0000
fix_b5000_full	L1693021	0	1.0000
fix_b5000_full	L1693729	0	1.0000
fix_b5000_full	L1698795	0	1.0000
fix_b5000_full	L1700325	0	1.0000
fix_b5000_full	L1701759	0	1.0000
fix_b5000_full	L1706009	0	0.9885
fix_b5000_full	L1710196	0	1.0000
fix_b5000_full	L1713230	0	1.0000
fix_b5000_full	L1714485	1	0.5755
fix_b5000_full	L1715650	0	1.0000
fix_b5000_full	L1717886	0	0.9948
fix_b5000_full	L1720587	0	1.0000
fix_b5000_full	L1721987	0	1.0000
fix_b5000_full	L1722777	0	1.0000
fix_b5000_full	L1724773	1	0.6859
fix_b5000_full	L1725448	0	1.0000
fix_b5000_full	L1727481	0	0.9291
fix_b5000_full	L1728562	1	0.6493
fix_b5000_full	L1729015	0	1.0000
fix_b5000_full	L1729974	0	1.0000
fix_b5000_full	L1731527	0	0.6770
fix_b5000_full	L173383	0	1.0000
fix_b5000_full	L1735097	0	0.9513
fix_b5000_full	L1736351	0	1.0000
fix_b5000_full	L1736591	0	1.0000
fix_b5000_full	L1739879	1	0.9988
fix_b5000_full	L1741008	0	1.0000
fix_b5000_full	L1741461	0	0.8681
fix_b5000_full	L174176	0	1.0000
fix_b5000_full	L1741919	1	0.9479
fix_b5000_full	L1743480	0	1.0000
fix_b5000_full	L1744154	0	1.0000
fix_b5000_full	L1746595	0	1.0000
fix_b5000_full	L1748112	0	1.0000
fix_b5000_full	L1748957	0	1.0000
fix_b5000_full	L1749257	1	0.9504
fix_b5000_full	L175348	0	0.5092
fix_b5000_full	L1753832	0	1.0000
fix_b5000_full	L1755416	1	1.0000
fix_b5000_full	L1758324	0	1.0000
fix_b5000_full	L1758608	0	1.0000
fix_b5000_full	L1758614	0	1.0000
fix_b5000_full	L1758704	1	0.9919
fix_b5000_full	L1762064	0	0.9994
fix_b5000_full	L1765663	1	0.4609
fix_b5000_full	L1766093	1	0.9730
fix_b5000_full	L176738	0	1.0000
fix_b5000_full	L1768336	0	1.0000
fix_b5000_full	L176876	0	1.0000
fix_b5000_full	L1768935	0	0.9954
fix_b5000_full	L1770348	0	1.0000
fix_b5000_full	L1770471	0	1.0000
fix_b5000_full	L1772400	0	1.0000
fix_b5000_full	L1774077	0	1.0000
fix_b5000_full	L1774332	0	0.9996
fix_b5000_full	L177650	0	1.0000
fix_b5000_full	L1778239	0	0.9998
fix_b5000_full	L1778753	0	1.0000
fix_b5000_full	L1785009	1	0.9884
fix_b5000_full	L1788156	0	1.0000
fix_b5000_full	L179015	0	1.0000
fix_b5000_full	L1790481	0	1.0000
fix_b5000_full	L1791527	0	1.0000
fix_b5000_full	L1792265	0	1.0000
fix_b5000_full	L1793065	0	1.0000
fix_b5000_full	L1794712	0	1.0000
fix_b5000_full	L1794839	0	1.0000
fix_b5000_full	L1796826	0	0.9997
fix_b5000_full	L1797546	0	1.0000
fix_b5000_full	L1798302	0	1.0000
fix_b5000_full	L1799840	0	0.9458
fix_b5000_full	L1801258	0	1.0000
fix_b5000_full	L1802345	0	1.0000
fix_b5000_full	L180509	0	1.0000
fix_b5000_full	L1808966	0	1.0000
fix_b5000_full	L1809234	0	1.0000
fix_b5000_full	L1811231	1	1.0000
fix_b5000_full	L1812445	0	1.0000
fix_b5000_full	L1814309	0	0.9998
fix_b5000_full	L1816451	0	1.0000
fix_b5000_full	L1817551	1	0.5071
fix_b5000_full	L1820447	1	0.5431
fix_b5000_full	L1821765	0	1.0000
fix_b5000_full	L1822989	0	1.0000
fix_b5000_full	L1823086	0	1.0000
fix_b5000_full	L1825981	0	1.0000
fix_b5000_full	L1826918	0	1.0000
fix_b5000_full	L1830338	0	1.0000
fix_b5000_full	L18313	0	1.0000
fix_b5000_full	L1831368	0	1.0000
fix_b5000_full	L183802	0	1.0000
fix_b5000_full	L1838244	0	1.0000
fix_b5000_full	L1838501	0	0.9644
fix_b5000_full	L1838652	0	1.0000
fix_b5000_full	L1840388	0	0.9562
fix_b5000_full	L1848896	0	0.9998
fix_b5000_full	L1856065	0	1.0000
fix_b5000_full	L1857129	0	0.9916
fix_b5000_full	L1858192	0	1.0000
fix_b5000_full	L1858235	0	0.5493
fix_b5000_full	L1859863	0	0.9805
fix_b5000_full	L1860283	1	1.0000
fix_b5000_full	L1867226	0	0.9626
fix_b5000_full	L186847	0	1.0000
fix_b5000_full	L1869818	1	1.0000
fix_b5000_full	L1872590	0	1.0000
fix_b5000_full	L1872595	0	1.0000
fix_b5000_full	L1873245	0	0.9178
fix_b5000_full	L1873642	0	1.0000
fix_b5000_full	L1874928	1	0.3613
fix_b5000_full	L1876149	0	1.0000
fix_b5000_full	L18800	0	1.0000
fix_b5000_full	L1882201	1	0.7918
fix_b5000_full	L1882838	0	1.0000
fix_b5000_full	L1883125	1	1.0000
fix_b5000_full	L1883999	0	0.9927
fix_b5000_full	L1886440	0	1.0000
fix_b5000_full	L1889760	0	1.0000
fix_b5000_full	L189322	0	1.0000
fix_b5000_full	L1895575	0	1.0000
fix_b5000_full	L1897444	0	1.0000
fix_b5000_full	L1898605	0	1.0000
fix_b5000_full	L1898611	0	1.0000
fix_b5000_full	L190102	0	1.0000
fix_b5000_full	L1902625	1	1.0000
fix_b5000_full	L1905283	0	1.0000
fix_b5000_full	L190650	0	1.0000
fix_b5000_full	L190687	0	1.0000
fix_b5000_full	L1908570	1	0.5034
fix_b5000_full	L1909629	1	0.7640
fix_b5000_full	L1911881	1	0.3790
fix_b5000_full	L1912	0	1.0000
fix_b5000_full	L191488	0	1.0000
fix_b5000_full	L1920826	1	1.0000
fix_b5000_full	L192237	0	1.0000
fix_b5000_full	L1924744	0	1.0000
fix_b5000_full	L1925847	2	1.0000
fix_b5000_full	L1928273	0	1.0000
fix_b5000_full	L1928790	0	1.0000
fix_b5000_full	L1932241	0	1.0000
fix_b5000_full	L1932659	0	1.0000
fix_b5000_full	L1933206	1	0.5305
fix_b5000_full	L1933253	0	1.0000
fix_b5000_full	L1933970	0	1.0000
fix_b5000_full	L1936643	1	1.0000
fix_b5000_full	L1940497	0	0.5590
fix_b5000_full	L1942177	0	1.0000
fix_b5000_full	L1942305	0	1.0000
fix_b5000_full	L1943673	0	1.0000
fix_b5000_full	L1944226	0	1.0000
fix_b5000_full	L1944640	1	0.8273
fix_b5000_full	L1944904	1	0.6239
fix_b5000_full	L194952	0	0.8486
fix_b5000_full	L1951280	0	1.0000
fix_b5000_full	L1952353	0	0.9045
fix_b5000_full	L1953692	0	1.0000
fix_b5000_full	L1954656	0	0.8398
fix_b5000_full	L1955598	0	1.0000
fix_b5000_full	L1955973	0	1.0000
fix_b5000_full	L195908	0	1.0000
fix_b5000_full	L1964032	0	1.0000
fix_b5000_full	L1965961	0	0.9249
fix_b5000_full	L1970360	0	1.0000
fix_b5000_full	L1970493	1	1.0000
fix_b5000_full	L1970551	1	1.0000
fix_b5000_full	L1970668	0	1.0000
fix_b5000_full	L1971017	0	1.0000
fix_b5000_full	L1975091	1	0.9036
fix_b5000_full	L1975857	0	0.9998
fix_b5000_full	L197613	0	1.0000
fix_b5000_full	L1976785	0	1.0000
fix_b5000_full	L1981866	0	1.0000
fix_b5000_full	L1982300	0	1.0000
fix_b5000_full	L1983183	0	1.0000
fix_b5000_full	L1986059	0	0.9966
fix_b5000_full	L1990411	0	1.0000
fix_b5000_full	L1991628	0	1.0000
fix_b5000_full	L1994839	0	1.0000
fix_b5000_full	L1996032	0	1.0000
fix_b5000_full	L202116	0	1.0000
fix_b5000_full	L204802	0	0.8348
fix_b5000_full	L208863	0	1.0000
fix_b5000_full	L209724	0	0.8443
fix_b5000_full	L2105	0	1.0000
fix_b5000_full	L210838	0	1.0000
fix_b5000_full	L21151	0	0.7802
fix_b5000_full	L216034	1	0.6865
fix_b5000_full	L216528	0	0.9999
fix_b5000_full	L217349	0	1.0000
fix_b5000_full	L222365	0	0.9986
fix_b5000_full	L225416	0	0.9880
fix_b5000_full	L227476	0	1.0000
fix_b5000_full	L228723	0	1.0000
fix_b5000_full	L231682	0	1.0000
fix_b5000_full	L232060	0	1.0000
fix_b5000_full	L233375	0	1.0000
fix_b5000_full	L235764	0	1.0000
fix_b5000_full	L238858	1	1.0000
fix_b5000_full	L243818	0	1.0000
fix_b5000_full	L244003	0	0.9997
fix_b5000_full	L244965	0	1.0000
fix_b5000_full	L24866	0	1.0000
fix_b5000_full	L250969	0	1.0000
fix_b5000_full	L252902	0	1.0000
fix_b5000_full	L253345	0	0.9812
fix_b5000_full	L257043	0	0.9856
fix_b5000_full	L257465	0	0.5234
fix_b5000_full	L258378	0	1.0000
fix_b5000_full	L258696	0	1.0000
fix_b5000_full	L260842	0	0.9682
fix_b5000_full	L260939	0	0.9999
fix_b5000_full	L261190	0	1.0000
fix_b5000_full	L267309	0	0.3580
fix_b5000_full	L267846	0	1.0000
fix_b5000_full	L270977	0	1.0000
fix_b5000_full	L272730	0	1.0000
fix_b5000_full	L273461	1	1.0000
fix_b5000_full	L282320	0	1.0000
fix_b5000_full	L283173	1	1.0000
fix_b5000_full	L283368	1	0.9340
fix_b5000_full	L288752	0	1.0000
fix_b5000_full	L2888	1	1.0000
fix_b5000_full	L293305	1	1.0000
fix_b5000_full	L293537	0	1.0000
fix_b5000_full	L294764	1	0.8148
fix_b5000_full	L299364	0	1.0000
fix_b5000_full	L299595	1	1.0000
fix_b5000_full	L299782	0	1.0000
fix_b5000_full	L300401	0	1.0000
fix_b5000_full	L30336	0	0.9641
fix_b5000_full	L310087	0	1.0000
fix_b5000_full	L312118	0	1.0000
fix_b5000_full	L318026	0	0.9998
fix_b5000_full	L318722	0	1.0000
fix_b5000_full	L31952	0	1.0000
fix_b5000_full	L319839	0	1.0000
fix_b5000_full	L319888	0	0.8933
fix_b5000_full	L320440	1	1.0000
fix_b5000_full	L321627	0	1.0000
fix_b5000_full	L322333	0	1.0000
fix_b5000_full	L322794	0	1.0000
fix_b5000_full	L322866	0	1.0000
fix_b5000_full	L324151	0	1.0000
fix_b5000_full	L324946	0	1.0000
fix_b5000_full	L32606	0	1.0000
fix_b5000_full	L326205	0	1.0000
fix_b5000_full	L327486	0	1.0000
fix_b5000_full	L331805	1	1.0000
fix_b5000_full	L331807	1	1.0000
fix_b5000_full	L333401	0	1.0000
fix_b5000_full	L333865	0	1.0000
fix_b5000_full	L335478	0	1.0000
fix_b5000_full	L336916	1	0.3097
fix_b5000_full	L337726	1	1.0000
fix_b5000_full	L343911	0	1.0000
fix_b5000_full	L346110	0	1.0000
fix_b5000_full	L35206	0	1.0000
fix_b5000_full	L352100	0	1.0000
fix_b5000_full	L353330	0	1.0000
fix_b5000_full	L353755	0	1.0000
fix_b5000_full	L354281	1	0.9897
fix_b5000_full	L355469	0	0.9776
fix_b5000_full	L355973	0	0.5241
fix_b5000_full	L358098	0	1.0000
fix_b5000_full	L358427	0	1.0000
fix_b5000_full	L36185	1	1.0000
fix_b5000_full	L36374	0	1.0000
fix_b5000_full	L36393	1	1.0000
fix_b5000_full	L364477	0	1.0000
fix_b5000_full	L368265	0	0.9996
fix_b5000_full	L369221	0	1.0000
fix_b5000_full	L370516	0	1.0000
fix_b5000_full	L375608	0	1.0000
fix_b5000_full	L375999	1	0.5564
fix_b5000_full	L376343	0	1.0000
fix_b5000_full	L377914	1	1.0000
fix_b5000_full	L380751	0	0.6538
fix_b5000_full	L382166	0	1.0000
fix_b5000_full	L382724	0	1.0000
fix_b5000_full	L383909	0	1.0000
fix_b5000_full	L385595	0	1.0000
fix_b5000_full	L386761	0	1.0000
fix_b5000_full	L38847	0	1.0000
fix_b5000_full	L388838	1	1.0000
fix_b5000_full	L390056	0	1.0000
fix_b5000_full	L390847	1	1.0000
fix_b5000_full	L391263	0	1.0000
fix_b5000_full	L394934	0	1.0000
fix_b5000_full	L396359	0	1.0000
fix_b5000_full	L397005	1	0.7446
fix_b5000_full	L398087	1	0.4513
fix_b5000_full	L401127	0	1.0000
fix_b5000_full	L402454	0	1.0000
fix_b5000_full	L403424	0	1.0000
fix_b5000_full	L405687	1	0.6358
fix_b5000_full	L409413	0	0.5791
fix_b5000_full	L411451	0	1.0000
fix_b5000_full	L414909	0	1.0000
fix_b5000_full	L414959	0	1.0000
fix_b5000_full	L418437	0	1.0000
fix_b5000_full	L419149	0	1.0000
fix_b5000_full	L422199	0	1.0000
fix_b5000_full	L42258	1	0.9998
fix_b5000_full	L425262	1	1.0000
fix_b5000_full	L425629	0	0.9806
fix_b5000_full	L431467	0	1.0000
fix_b5000_full	L433013	0	1.0000
fix_b5000_full	L435219	0	1.0000
fix_b5000_full	L442957	0	1.0000
fix_b5000_full	L4469	0	1.0000
fix_b5000_full	L446901	0	1.0000
fix_b5000_full	L449888	0	1.0000
fix_b5000_full	L450863	0	1.0000
fix_b5000_full	L454426	0	1.0000
fix_b5000_full	L456423	0	1.0000
fix_b5000_full	L458224	1	0.7484
fix_b5000_full	L45866	1	1.0000
fix_b5000_full	L459126	1	0.7270
fix_b5000_full	L459710	1	0.9752
fix_b5000_full	L460845	1	0.9276
fix_b5000_full	L462461	0	0.5729
fix_b5000_full	L462611	1	0.9224
fix_b5000_full	L465953	0	1.0000
fix_b5000_full	L466572	1	0.5394
fix_b5000_full	L469914	0	1.0000
fix_b5000_full	L472973	0	1.0000
fix_b5000_full	L47627	0	1.0000
fix_b5000_full	L477052	1	0.9757
fix_b5000_full	L477480	1	0.5034
fix_b5000_full	L478354	0	1.0000
fix_b5000_full	L480723	0	0.9974
fix_b5000_full	L481009	1	0.6174
fix_b5000_full	L481562	1	1.0000
fix_b5000_full	L481889	0	1.0000
fix_b5000_full	L482581	0	1.0000
fix_b5000_full	L488483	1	1.0000
fix_b5000_full	L494762	0	1.0000
fix_b5000_full	L496946	1	1.0000
fix_b5000_full	L497994	0	1.0000
fix_b5000_full	L498642	0	1.0000
fix_b5000_full	L499837	0	1.0000
fix_b5000_full	L500481	0	1.0000
fix_b5000_full	L501837	1	1.0000
fix_b5000_full	L506324	0	1.0000
fix_b5000_full	L5117	0	1.0000
fix_b5000_full	L511916	0	1.0000
fix_b5000_full	L515141	0	1.0000
fix_b5000_full	L516046	0	0.9999
fix_b5000_full	L520263	0	1.0000
fix_b5000_full	L521167	0	1.0000
fix_b5000_full	L521904	0	0.9936
fix_b5000_full	L523867	0	1.0000
fix_b5000_full	L524464	1	0.7797
fix_b5000_full	L525527	0	0.9995
fix_b5000_full	L529623	0	1.0000
fix_b5000_full	L531061	0	1.0000
fix_b5000_full	L533105	0	1.0000
fix_b5000_full	L534964	0	1.0000
fix_b5000_full	L535240	0	0.9635
fix_b5000_full	L535400	1	0.6095
fix_b5000_full	L536467	0	1.0000
fix_b5000_full	L536524	0	1.0000
fix_b5000_full	L539572	0	0.9468
fix_b5000_full	L539623	0	1.0000
fix_b5000_full	L541274	0	1.0000
fix_b5000_full	L541585	0	1.0000
fix_b5000_full	L543256	0	1.0000
fix_b5000_full	L544561	0	1.0000
fix_b5000_full	L545165	1	0.8101
fix_b5000_full	L546910	0	1.0000
fix_b5000_full	L548504	0	1.0000
fix_b5000_full	L551442	0	1.0000
fix_b5000_full	L555925	0	1.0000
fix_b5000_full	L556696	0	1.0000
fix_b5000_full	L559531	0	1.0000
fix_b5000_full	L560176	0	1.0000
fix_b5000_full	L561367	1	0.6493
fix_b5000_full	L564679	1	1.0000
fix_b5000_full	L566745	1	0.9892
fix_b5000_full	L568989	0	1.0000
fix_b5000_full	L570772	0	1.0000
fix_b5000_full	L572521	0	1.0000
fix_b5000_full	L577507	0	1.0000
fix_b5000_full	L578197	1	0.5782
fix_b5000_full	L584866	0	1.0000
fix_b5000_full	L586948	1	0.8883
fix_b5000_full	L589777	1	1.0000
fix_b5000_full	L589868	0	1.0000
fix_b5000_full	L590205	0	1.0000
fix_b5000_full	L59044	0	1.0000
fix_b5000_full	L599511	0	1.0000
fix_b5000_full	L60389	0	1.0000
fix_b5000_full	L614050	0	1.0000
fix_b5000_full	L617862	1	0.5113
fix_b5000_full	L620966	0	1.0000
fix_b5000_full	L623278	1	1.0000
fix_b5000_full	L62337	1	0.4804
fix_b5000_full	L626238	0	0.9961
fix_b5000_full	L626353	1	0.9100
fix_b5000_full	L62839	0	1.0000
fix_b5000_full	L632457	0	1.0000
fix_b5000_full	L635118	0	1.0000
fix_b5000_full	L636888	0	1.0000
fix_b5000_full	L639959	0	1.0000
fix_b5000_full	L640160	0	1.0000
fix_b5000_full	L641936	0	0.6857
fix_b5000_full	L642984	0	1.0000
fix_b5000_full	L644406	0	0.9684
fix_b5000_full	L644497	0	1.0000
fix_b5000_full	L646751	0	1.0000
fix_b5000_full	L649091	1	1.0000
fix_b5000_full	L652753	0	1.0000
fix_b5000_full	L657061	0	1.0000
fix_b5000_full	L657332	0	1.0000
fix_b5000_full	L657537	0	1.0000
fix_b5000_full	L658591	0	1.0000
fix_b5000_full	L659549	0	0.7937
fix_b5000_full	L660443	0	0.9999
fix_b5000_full	L663427	0	0.9714
fix_b5000_full	L665914	1	1.0000
fix_b5000_full	L666180	0	1.0000
fix_b5000_full	L667013	0	1.0000
fix_b5000_full	L667839	0	1.0000
fix_b5000_full	L669436	0	1.0000
fix_b5000_full	L66992	0	1.0000
fix_b5000_full	L677371	0	1.0000
fix_b5000_full	L678289	0	1.0000
fix_b5000_full	L678676	0	1.0000
fix_b5000_full	L679717	0	0.6055
fix_b5000_full	L680683	0	1.0000
fix_b5000_full	L681033	0	1.0000
fix_b5000_full	L681532	0	1.0000
fix_b5000_full	L681559	0	1.0000
fix_b5000_full	L681852	0	1.0000
fix_b5000_full	L684567	0	1.0000
fix_b5000_full	L685962	0	1.0000
fix_b5000_full	L686506	0	1.0000
fix_b5000_full	L689721	0	1.0000
fix_b5000_full	L691596	0	1.0000
fix_b5000_full	L692386	0	1.0000
fix_b5000_full	L693733	1	0.5498
fix_b5000_full	L694998	0	1.0000
fix_b5000_full	L699028	0	0.8738
fix_b5000_full	L700056	0	1.0000
fix_b5000_full	L700404	0	1.0000
fix_b5000_full	L702168	0	1.0000
fix_b5000_full	L70331	0	0.9999
fix_b5000_full	L704136	0	1.0000
fix_b5000_full	L704338	1	0.7340
fix_b5000_full	L705787	0	0.5021
fix_b5000_full	L706127	1	0.5480
fix_b5000_full	L706802	0	1.0000
fix_b5000_full	L707187	0	1.0000
fix_b5000_full	L710321	0	1.0000
fix_b5000_full	L711529	0	1.0000
fix_b5000_full	L71277	1	1.0000
fix_b5000_full	L713051	0	1.0000
fix_b5000_full	L715677	0	1.0000
fix_b5000_full	L716679	0	1.0000
fix_b5000_full	L720310	0	1.0000
fix_b5000_full	L720918	0	1.0000
fix_b5000_full	L722647	0	1.0000
fix_b5000_full	L722885	0	0.8938
fix_b5000_full	L725643	0	0.9265
fix_b5000_full	L730413	0	1.0000
fix_b5000_full	L731956	0	1.0000
fix_b5000_full	L736973	0	1.0000
fix_b5000_full	L740874	0	1.0000
fix_b5000_full	L741246	0	1.0000
fix_b5000_full	L742863	0	1.0000
fix_b5000_full	L743451	1	0.2671
fix_b5000_full	L748093	0	1.0000
fix_b5000_full	L751266	0	0.6214
fix_b5000_full	L752342	1	0.9999
fix_b5000_full	L752475	0	1.0000
fix_b5000_full	L752653	0	1.0000
fix_b5000_full	L75387	0	1.0000
fix_b5000_full	L754764	0	1.0000
fix_b5000_full	L755702	1	1.0000
fix_b5000_full	L759676	0	1.0000
fix_b5000_full	L759690	0	1.0000
fix_b5000_full	L759925	0	1.0000
fix_b5000_full	L760304	0	1.0000
fix_b5000_full	L762113	0	1.0000
fix_b5000_full	L762771	0	0.8888
fix_b5000_full	L763808	0	1.0000
fix_b5000_full	L764107	1	1.0000
fix_b5000_full	L764127	0	0.9990
fix_b5000_full	L764282	0	1.0000
fix_b5000_full	L764916	0	0.9999
fix_b5000_full	L77164	0	1.0000
fix_b5000_full	L773134	0	1.0000
fix_b5000_full	L774588	0	1.0000
fix_b5000_full	L774738	0	1.0000
fix_b5000_full	L775906	0	1.0000
fix_b5000_full	L778698	0	1.0000
fix_b5000_full	L779464	0	1.0000
fix_b5000_full	L779937	0	1.0000
fix_b5000_full	L780609	0	1.0000
fix_b5000_full	L784473	0	1.0000
fix_b5000_full	L787550	0	1.0000
fix_b5000_full	L789409	0	1.0000
fix_b5000_full	L790771	0	1.0000
fix_b5000_full	L792951	1	1.0000
fix_b5000_full	L79315	0	1.0000
fix_b5000_full	L793490	0	1.0000
fix_b5000_full	L79406	0	1.0000
fix_b5000_full	L79610	1	1.0000
fix_b5000_full	L796809	0	0.4576
fix_b5000_full	L798449	0	1.0000
fix_b5000_full	L801473	0	1.0000
fix_b5000_full	L801620	0	0.9838
fix_b5000_full	L801738	1	0.5168
fix_b5000_full	L803364	1	0.9460
fix_b5000_full	L803613	0	1.0000
fix_b5000_full	L804778	1	0.7631
fix_b5000_full	L808364	1	1.0000
fix_b5000_full	L809372	0	1.0000
fix_b5000_full	L809693	1	0.5001
fix_b5000_full	L811734	0	1.0000
fix_b5000_full	L81215	0	1.0000
fix_b5000_full	L812450	0	1.0000
fix_b5000_full	L812672	0	1.0000
fix_b5000_full	L815977	0	0.8978
fix_b5000_full	L816644	0	1.0000
fix_b5000_full	L81909	0	1.0000
fix_b5000_full	L819563	0	1.0000
fix_b5000_full	L821100	0	1.0000
fix_b5000_full	L822334	0	1.0000
fix_b5000_full	L824223	0	1.0000
fix_b5000_full	L827048	0	0.9975
fix_b5000_full	L827129	0	1.0000
fix_b5000_full	L829233	0	0.6597
fix_b5000_full	L83001	0	1.0000
fix_b5000_full	L830371	0	1.0000
fix_b5000_full	L832923	0	1.0000
fix_b5000_full	L834579	0	1.0000
fix_b5000_full	L834622	0	1.0000
fix_b5000_full	L837955	0	1.0000
fix_b5000_full	L843972	0	0.9045
fix_b5000_full	L845031	0	1.0000
fix_b5000_full	L846960	0	1.0000
fix_b5000_full	L847988	0	1.0000
fix_b5000_full	L849505	0	1.0000
fix_b5000_full	L851847	0	1.0000
fix_b5000_full	L853299	0	1.0000
fix_b5000_full	L855747	1	0.4178
fix_b5000_full	L855935	0	1.0000
fix_b5000_full	L856753	0	1.0000
fix_b5000_full	L85748	0	0.9991
fix_b5000_full	L858843	0	1.0000
fix_b5000_full	L862725	0	1.0000
fix_b5000_full	L864050	0	1.0000
fix_b5000_full	L86679	0	1.0000
fix_b5000_full	L868640	0	1.0000
fix_b5000_full	L869371	0	1.0000
fix_b5000_full	L869433	0	1.0000
fix_b5000_full	L873249	0	1.0000
fix_b5000_full	L883133	0	1.0000
fix_b5000_full	L883660	0	1.0000
fix_b5000_full	L884453	0	1.0000
fix_b5000_full	L885068	0	1.0000
fix_b5000_full	L885624	0	1.0000
fix_b5000_full	L886084	0	1.0000
fix_b5000_full	L886474	1	0.8565
fix_b5000_full	L886813	0	1.0000
fix_b5000_full	L888328	0	1.0000
fix_b5000_full	L888339	0	1.0000
fix_b5000_full	L888692	0	0.3392
fix_b5000_full	L892540	0	1.0000
fix_b5000_full	L894181	0	1.0000
fix_b5000_full	L895192	1	1.0000
fix_b5000_full	L895682	0	1.0000
fix_b5000_full	L898645	1	1.0000
fix_b5000_full	L900297	1	1.0000
fix_b5000_full	L902295	0	1.0000
fix_b5000_full	L902514	1	0.6910
fix_b5000_full	L906439	0	1.0000
fix_b5000_full	L907227	0	1.0000
fix_b5000_full	L90734	0	1.0000
fix_b5000_full	L909856	0	1.0000
fix_b5000_full	L910412	1	0.5822
fix_b5000_full	L910841	1	0.9513
fix_b5000_full	L911364	0	1.0000
fix_b5000_full	L912237	0	1.0000
fix_b5000_full	L913833	0	0.9909
fix_b5000_full	L914150	0	1.0000
fix_b5000_full	L914195	0	1.0000
fix_b5000_full	L91480	1	1.0000
fix_b5000_full	L918005	0	1.0000
fix_b5000_full	L918018	0	1.0000
fix_b5000_full	L923738	1	0.8621
fix_b5000_full	L924400	0	1.0000
fix_b5000_full	L925260	0	0.9847
fix_b5000_full	L928875	1	1.0000
fix_b5000_full	L93124	0	1.0000
fix_b5000_full	L93295	0	1.0000
fix_b5000_full	L933087	1	1.0000
fix_b5000_full	L933852	0	1.0000
fix_b5000_full	L936253	0	1.0000
fix_b5000_full	L940767	1	1.0000
fix_b5000_full	L941368	0	0.9942
fix_b5000_full	L941926	0	1.0000
fix_b5000_full	L942873	0	1.0000
fix_b5000_full	L943752	0	1.0000
fix_b5000_full	L948601	0	1.0000
fix_b5000_full	L94945	0	0.7504
fix_b5000_full	L949761	1	0.7179
fix_b5000_full	L953203	0	1.0000
fix_b5000_full	L95620	0	1.0000
fix_b5000_full	L957565	0	1.0000
fix_b5000_full	L960419	0	1.0000
fix_b5000_full	L962289	0	0.9978
fix_b5000_full	L96262	0	1.0000
fix_b5000_full	L962680	0	1.0000
fix_b5000_full	L967795	0	1.0000
fix_b5000_full	L968437	0	1.0000
fix_b5000_full	L969615	0	0.5560
fix_b5000_full	L970400	1	0.6209
fix_b5000_full	L972698	0	1.0000
fix_b5000_full	L974207	0	1.0000
fix_b5000_full	L979330	0	1.0000
fix_b5000_full	L983346	0	1.0000
fix_b5000_full	L984768	0	1.0000
fix_b5000_full	L984796	0	1.0000
fix_b5000_full	L985204	0	1.0000
fix_b5000_full	L985959	0	1.0000
fix_b5000_full	L986820	1	1.0000
fix_b5000_full	L989999	1	1.0000
fix_b5000_full	L994491	0	1.0000
fix_b5000_full	L997717	1	1.0000
fix_b5000_full	L998540	0	1.0000
fix_b9000_frag	L1002585	0	0.9156
fix_b9000_frag	L1004185	1	0.2440
fix_b9000_frag	L1005032	0	0.7840
fix_b9000_frag	L1011227	0	0.7868
fix_b9000_frag	L1012049	0	0.6740
fix_b9000_frag	L1012199	0	0.5675
fix_b9000_frag	L1016849	0	0.9680
fix_b9000_frag	L1017537	0	1.0000
fix_b9000_frag	L1021907	0	0.3463
fix_b9000_frag	L1024044	0	0.3344
fix_b9000_frag	L1024542	0	0.3405
fix_b9000_frag	L1025399	0	1.0000
fix_b9000_frag	L1026799	0	0.3355
fix_b9000_frag	L102922	1	0.3514
fix_b9000_frag	L1029951	1	0.5735
fix_b9000_frag	L1030819	0	0.9999
fix_b9000_frag	L103249	1	0.2266
fix_b9000_frag	L1036266	0	0.7746
fix_b9000_frag	L1036426	0	1.0000
fix_b9000_frag	L1038977	1	0.6628
fix_b9000_frag	L1044163	1	0.3817
fix_b9000_frag	L1044444	1	0.3602
fix_b9000_frag	L1046348	3	0.4073
fix_b9000_frag	L1046966	0	0.5638
fix_b9000_frag	L1050743	0	0.9669
fix_b9000_frag	L1052309	0	1.0000
fix_b9000_frag	L1053445	0	1.0000
fix_b9000_frag	L1054346	1	0.6389
fix_b9000_frag	L1055550	0	1.0000
fix_b9000_frag	L1058576	0	0.7013
fix_b9000_frag	L1060120	1	0.4411
fix_b9000_frag	L1061482	0	0.5702
fix_b9000_frag	L1061587	2	0.2263
fix_b9000_frag	L1062126	0	0.7734
fix_b9000_frag	L1063587	1	0.8346
fix_b9000_frag	L1064227	0	0.9982
fix_b9000_frag	L1065804	2	0.2935
fix_b9000_frag	L1068964	0	0.4578
fix_b9000_frag	L1069832	0	0.3230
fix_b9000_frag	L1071754	1	0.1941
fix_b9000_frag	L1072449	0	0.3459
fix_b9000_frag	L1073165	1	0.7819
fix_b9000_frag	L1075189	1	0.2608
fix_b9000_frag	L1081827	1	0.2580
fix_b9000_frag	L1082663	0	0.9577
fix_b9000_frag	L1083972	0	0.6172
fix_b9000_frag	L1085175	0	0.3796
fix_b9000_frag	L1087086	1	0.3118
fix_b9000_frag	L1087105	1	0.3311
fix_b9000_frag	L1089119	1	0.3238
fix_b9000_frag	L1090631	2	0.2765
fix_b9000_frag	L1091178	1	0.3792
fix_b9000_frag	L1091281	0	0.3310
fix_b9000_frag	L1091323	1	0.5811
fix_b9000_frag	L1091479	0	0.4748
fix_b9000_frag	L1092388	1	0.4440
fix_b9000_frag	L1096376	0	0.9978
fix_b9000_frag	L1099155	0	0.7973
fix_b9000_frag	L1101520	0	1.0000
fix_b9000_frag	L1106265	0	1.0000
fix_b9000_frag	L1106965	0	0.9825
fix_b9000_frag	L1107538	0	1.0000
fix_b9000_frag	L1109734	0	1.0000
fix_b9000_frag	L1110523	1	0.5385
fix_b9000_frag	L1116847	0	0.9998
fix_b9000_frag	L1117806	0	1.0000
fix_b9000_frag	L1123172	1	0.3922
fix_b9000_frag	L112480	0	0.4664
fix_b9000_frag	L1125468	0	0.9863
fix_b9000_frag	L1125564	1	0.5090
fix_b9000_frag	L1126749	3	0.1435
fix_b9000_frag	L1127804	1	0.1540
fix_b9000_frag	L1128821	0	0.9875
fix_b9000_frag	L1132817	0	1.0000
fix_b9000_frag	L1134826	1	0.2998
fix_b9000_frag	L1135019	1	0.3597
fix_b9000_frag	L113844	1	0.4682
fix_b9000_frag	L1138559	1	0.6896
fix_b9000_frag	L1139573	2	0.1744
fix_b9000_frag	L1142178	0	0.1812
fix_b9000_frag	L1143584	1	0.3335
fix_b9000_frag	L1146782	0	0.3728
fix_b9000_frag	L1148275	0	0.9444
fix_b9000_frag	L1148681	0	0.6223
fix_b9000_frag	L1148861	1	0.2634
fix_b9000_frag	L115160	0	0.8012
fix_b9000_frag	L1152742	1	0.3750
fix_b9000_frag	L1159462	0	0.9744
fix_b9000_frag	L1160593	0	0.5164
fix_b9000_frag	L1166860	2	0.3347
fix_b9000_frag	L1169308	0	0.3487
fix_b9000_frag	L1171933	0	0.9941
fix_b9000_frag	L1175689	0	0.5179
fix_b9000_frag	L1176510	0	1.0000
fix_b9000_frag	L1176819	4	0.3511
fix_b9000_frag	L1181526	2	0.6433
fix_b9000_frag	L1184831	1	0.3811
fix_b9000_frag	L1188236	0	0.9986
fix_b9000_frag	L1189606	0	1.0000
fix_b9000_frag	L1190029	0	1.0000
fix_b9000_frag	L1192003	0	0.4780
fix_b9000_frag	L1193093	1	0.3738
fix_b9000_frag	L1193626	0	0.7809
fix_b9000_frag	L1194943	0	0.3341
fix_b9000_frag	L1200114	0	0.9900
fix_b9000_frag	L1200373	1	0.3977
fix_b9000_frag	L1202626	0	0.4335
fix_b9000_frag	L1203652	0	0.6479
fix_b9000_frag	L1205967	0	0.8917
fix_b9000_frag	L1206149	0	0.8743
fix_b9000_frag	L1208940	0	1.0000
fix_b9000_frag	L120959	2	0.3045
fix_b9000_frag	L1211345	0	1.0000
fix_b9000_frag	L1212637	0	0.9998
fix_b9000_frag	L1212861	0	0.5147
fix_b9000_frag	L121334	0	0.4221
fix_b9000_frag	L1215236	3	0.4092
fix_b9000_frag	L1217544	1	0.5903
fix_b9000_frag	L1217630	1	0.3496
fix_b9000_frag	L1218521	0	0.9019
fix_b9000_frag	L121873	1	0.6736
fix_b9000_frag	L1218743	0	1.0000
fix_b9000_frag	L1219260	1	0.5519
fix_b9000_frag	L1219324	0	0.9814
fix_b9000_frag	L1223018	1	0.5172
fix_b9000_frag	L12241	0	0.2742
fix_b9000_frag	L122411	2	0.2366
fix_b9000_frag	L1228313	1	0.4259
fix_b9000_frag	L1228316	0	0.3818
fix_b9000_frag	L1228698	2	0.1730
fix_b9000_frag	L1229975	0	0.4610
fix_b9000_frag	L1233030	1	0.4016
fix_b9000_frag	L1234322	0	0.8879
fix_b9000_frag	L1235564	0	0.9760
fix_b9000_frag	L1237368	2	0.1438
fix_b9000_frag	L1242536	1	0.6815
fix_b9000_frag	L1243882	0	0.7870
fix_b9000_frag	L1244427	1	0.1073
fix_b9000_frag	L1247700	0	1.0000
fix_b9000_frag	L1249050	0	0.9988
fix_b9000_frag	L1252273	1	0.3631
fix_b9000_frag	L1252715	0	0.6733
fix_b9000_frag	L125500	1	0.3346
fix_b9000_frag	L125644	0	1.0000
fix_b9000_frag	L1263639	0	1.0000
fix_b9000_frag	L1263909	1	0.3258
fix_b9000_frag	L1267300	0	0.1966
fix_b9000_frag	L1267973	1	0.3189
fix_b9000_frag	L1268056	4	0.1665
fix_b9000_frag	L1269000	1	0.1961
fix_b9000_frag	L1269225	1	0.4173
fix_b9000_frag	L1269960	0	0.5167
fix_b9000_frag	L1270519	0	0.2783
fix_b9000_frag	L1271695	0	0.9004
fix_b9000_frag	L1274988	2	0.7997
fix_b9000_frag	L1277578	1	0.3425
fix_b9000_frag	L1277861	0	0.7274
fix_b9000_frag	L1281298	0	0.5057
fix_b9000_frag	L1283746	0	1.0000
fix_b9000_frag	L1284558	1	0.3520
fix_b9000_frag	L1286758	0	0.4721
fix_b9000_frag	L1291250	1	0.7620
fix_b9000_frag	L129208	0	0.6291
fix_b9000_frag	L1292363	1	0.2258
fix_b9000_frag	L1292503	0	1.0000
fix_b9000_frag	L1294408	0	0.4553
fix_b9000_frag	L1294453	1	0.4772
fix_b9000_frag	L1294952	1	0.5444
fix_b9000_frag	L1297512	0	0.8370
fix_b9000_frag	L1298142	0	1.0000
fix_b9000_frag	L1299862	0	1.0000
fix_b9000_frag	L1302458	3	0.6213
fix_b9000_frag	L1307852	0	1.0000
fix_b9000_frag	L130839	0	0.8637
fix_b9000_frag	L1309046	0	0.6017
fix_b9000_frag	L1314993	1	0.3863
fix_b9000_frag	L1316645	4	0.1095
fix_b9000_frag	L1316673	2	0.3539
fix_b9000_frag	L1319261	1	0.3271
fix_b9000_frag	L1320029	3	0.3364
fix_b9000_frag	L1321139	1	0.4391
fix_b9000_frag	L1322298	0	0.7098
fix_b9000_frag	L1325043	0	1.0000
fix_b9000_frag	L1328601	0	0.7563
fix_b9000_frag	L1330004	0	0.7312
fix_b9000_frag	L1334204	0	0.6939
fix_b9000_frag	L1334727	0	0.2680
fix_b9000_frag	L1337969	2	0.2210
fix_b9000_frag	L1338440	1	0.6728
fix_b9000_frag	L1338867	1	0.3746
fix_b9000_frag	L13406	0	1.0000
fix_b9000_frag	L1341334	0	1.0000
fix_b9000_frag	L1342936	0	0.9998
fix_b9000_frag	L1343571	7	0.1588
fix_b9000_frag	L134770	0	0.8248
fix_b9000_frag	L1348767	0	0.4685
fix_b9000_frag	L1349954	0	0.9191
fix_b9000_frag	L1350260	3	0.1693
fix_b9000_frag	L1354350	0	0.9962
fix_b9000_frag	L1358832	0	0.4938
fix_b9000_frag	L1362201	0	0.3352
fix_b9000_frag	L1362636	1	0.3204
fix_b9000_frag	L1365362	0	0.6485
fix_b9000_frag	L1366477	0	0.4584
fix_b9000_frag	L1369644	0	0.4090
fix_b9000_frag	L13698	0	0.9916
fix_b9000_frag	L1371092	0	0.4973
fix_b9000_frag	L1372683	0	0.9158
fix_b9000_frag	L1372686	0	0.2991
fix_b9000_frag	L1373403	0	1.0000
fix_b9000_frag	L1378339	0	0.7552
fix_b9000_frag	L1379425	1	0.2601
fix_b9000_frag	L1380845	0	1.0000
fix_b9000_frag	L1382177	0	0.7778
fix_b9000_frag	L1382936	1	0.3931
fix_b9000_frag	L1382969	1	0.8056
fix_b9000_frag	L1383932	0	0.1871
fix_b9000_frag	L1384051	2	0.1643
fix_b9000_frag	L1393346	1	0.2535
fix_b9000_frag	L1394372	0	0.8017
fix_b9000_frag	L1398058	0	1.0000
fix_b9000_frag	L1398565	3	0.3638
fix_b9000_frag	L1400233	0	0.9734
fix_b9000_frag	L1400557	5	0.1864
fix_b9000_frag	L1403214	0	0.9995
fix_b9000_frag	L1409097	0	1.0000
fix_b9000_frag	L1409378	0	1.0000
fix_b9000_frag	L1410763	1	0.3368
fix_b9000_frag	L1410905	0	0.9941
fix_b9000_frag	L1411655	0	0.3153
fix_b9000_frag	L1421095	0	0.8775
fix_b9000_frag	L1421423	0	0.4768
fix_b9000_frag	L1431164	0	0.9961
fix_b9000_frag	L1435268	3	0.2835
fix_b9000_frag	L1438447	0	0.9338
fix_b9000_frag	L1440099	0	1.0000
fix_b9000_frag	L1440354	2	0.4074
fix_b9000_frag	L1440579	1	0.3939
fix_b9000_frag	L1441065	0	0.9247
fix_b9000_frag	L1442950	0	0.9995
fix_b9000_frag	L144630	1	0.3153
fix_b9000_frag	L144966	0	0.9999
fix_b9000_frag	L1450044	0	1.0000
fix_b9000_frag	L145721	0	0.4281
fix_b9000_frag	L1463127	0	0.9991
fix_b9000_frag	L1463808	7	0.3568
fix_b9000_frag	L1468044	1	0.1312
fix_b9000_frag	L1468317	0	0.3956
fix_b9000_frag	L1470882	0	1.0000
fix_b9000_frag	L1472026	0	0.9957
fix_b9000_frag	L1475336	0	1.0000
fix_b9000_frag	L1477	0	0.7740
fix_b9000_frag	L1477137	0	0.6472
fix_b9000_frag	L1478713	1	0.7035
fix_b9000_frag	L1479097	0	0.5321
fix_b9000_frag	L1482186	0	0.2701
fix_b9000_frag	L1483022	1	0.3623
fix_b9000_frag	L1485252	1	0.5876
fix_b9000_frag	L1487868	2	0.1684
fix_b9000_frag	L1489958	1	0.2357
fix_b9000_frag	L1491338	0	1.0000
fix_b9000_frag	L1491406	0	0.2441
fix_b9000_frag	L1492427	2	0.2796
fix_b9000_frag	L1494927	0	0.8737
fix_b9000_frag	L1496723	0	0.9999
fix_b9000_frag	L14998	0	1.0000
fix_b9000_frag	L1500041	0	0.6873
fix_b9000_frag	L1500792	1	0.4157
fix_b9000_frag	L1501054	0	1.0000
fix_b9000_frag	L1501117	2	0.4298
fix_b9000_frag	L150284	2	0.3237
fix_b9000_frag	L1503080	0	0.4496
fix_b9000_frag	L1506056	0	0.9941
fix_b9000_frag	L1506305	0	0.9990
fix_b9000_frag	L1507593	0	0.3446
fix_b9000_frag	L1507721	0	0.8746
fix_b9000_frag	L1509635	0	1.0000
fix_b9000_frag	L1511077	1	0.3774
fix_b9000_frag	L1511516	0	0.5383
fix_b9000_frag	L151270	1	0.2502
fix_b9000_frag	L1513453	0	0.6541
fix_b9000_frag	L1513508	0	0.9569
fix_b9000_frag	L1514059	2	0.2511
fix_b9000_frag	L151434	0	1.0000
fix_b9000_frag	L1520281	2	0.1623
fix_b9000_frag	L1522665	0	0.4149
fix_b9000_frag	L1525581	0	1.0000
fix_b9000_frag	L152670	1	0.7283
fix_b9000_frag	L1527449	1	0.6543
fix_b9000_frag	L1532593	0	0.4381
fix_b9000_frag	L1537084	2	0.7998
fix_b9000_frag	L1545445	6	0.1505
fix_b9000_frag	L1549764	1	0.4037
fix_b9000_frag	L1553511	4	0.1735
fix_b9000_frag	L1555961	0	0.3184
fix_b9000_frag	L1556158	1	0.3790
fix_b9000_frag	L1559085	0	1.0000
fix_b9000_frag	L1559370	11	0.0775
fix_b9000_frag	L1561684	1	0.8641
fix_b9000_frag	L1563921	2	0.3409
fix_b9000_frag	L1564440	0	0.6949
fix_b9000_frag	L1564788	0	0.7771
fix_b9000_frag	L1570442	0	0.2519
fix_b9000_frag	L1577548	3	0.3973
fix_b9000_frag	L1582773	0	0.5968
fix_b9000_frag	L1586476	0	0.9998
fix_b9000_frag	L1591774	7	0.2485
fix_b9000_frag	L1592464	2	0.6870
fix_b9000_frag	L1592890	2	0.1550
fix_b9000_frag	L1593009	1	0.2912
fix_b9000_frag	L1594265	0	0.5155
fix_b9000_frag	L15949	0	0.9998
fix_b9000_frag	L1595729	0	0.6249
fix_b9000_frag	L1596023	0	0.9274
fix_b9000_frag	L1596979	0	0.6446
fix_b9000_frag	L1599150	0	1.0000
fix_b9000_frag	L1605496	1	0.2379
fix_b9000_frag	L1608356	2	0.5005
fix_b9000_frag	L1608408	1	0.5082
fix_b9000_frag	L1609523	0	0.9996
fix_b9000_frag	L1611831	2	0.2477
fix_b9000_frag	L1613719	1	0.3576
fix_b9000_frag	L1613862	0	0.9982
fix_b9000_frag	L1614892	0	1.0000
fix_b9000_frag	L1615590	0	0.9805
fix_b9000_frag	L1616879	3	0.2001
fix_b9000_frag	L1617022	1	0.3034
fix_b9000_frag	L1619438	3	0.1946
fix_b9000_frag	L1619907	0	1.0000
fix_b9000_frag	L1620099	5	0.2065
fix_b9000_frag	L1622776	1	0.2875
fix_b9000_frag	L1622804	0	0.3797
fix_b9000_frag	L1623315	3	0.2749
fix_b9000_frag	L1625869	0	1.0000
fix_b9000_frag	L1632251	0	0.9865
fix_b9000_frag	L1632593	3	0.1966
fix_b9000_frag	L1633409	1	0.5263
fix_b9000_frag	L163519	0	0.9771
fix_b9000_frag	L1635479	1	0.4486
fix_b9000_frag	L1638116	0	0.4846
fix_b9000_frag	L1642892	3	0.4893
fix_b9000_frag	L1647022	0	1.0000
fix_b9000_frag	L1649256	0	1.0000
fix_b9000_frag	L1650196	0	0.5862
fix_b9000_frag	L1654301	1	0.3139
fix_b9000_frag	L1656331	1	0.2934
fix_b9000_frag	L1657868	2	0.2352
fix_b9000_frag	L1658774	4	0.4817
fix_b9000_frag	L1660134	0	0.4165
fix_b9000_frag	L166249	0	1.0000
fix_b9000_frag	L1663458	1	0.3286
fix_b9000_frag	L16644	2	0.1528
fix_b9000_frag	L1664922	4	0.5948
fix_b9000_frag	L1666954	0	0.5781
fix_b9000_frag	L1668737	0	0.5354
fix_b9000_frag	L167239	0	0.3446
fix_b9000_frag	L167308	0	1.0000
fix_b9000_frag	L1673443	1	0.5393
fix_b9000_frag	L1677915	0	0.9747
fix_b9000_frag	L1679070	0	0.6474
fix_b9000_frag	L1679327	0	0.7267
fix_b9000_frag	L1681571	3	0.1238
fix_b9000_frag	L1683975	5	0.1150
fix_b9000_frag	L1687257	1	0.2319
fix_b9000_frag	L1689425	4	0.2771
fix_b9000_frag	L1690704	11	0.1575
fix_b9000_frag	L1690718	1	0.2223
fix_b9000_frag	L1692614	0	0.9229
fix_b9000_frag	L1693021	1	0.3512
fix_b9000_frag	L1693729	0	0.6541
fix_b9000_frag	L1698795	0	1.0000
fix_b9000_frag	L1700325	1	0.4001
fix_b9000_frag	L1701759	0	0.8205
fix_b9000_frag	L1706009	0	0.4514
fix_b9000_frag	L1710196	1	0.6561
fix_b9000_frag	L1713230	0	0.3190
fix_b9000_frag	L1714485	1	0.3676
fix_b9000_frag	L1715650	1	0.2722
fix_b9000_frag	L1717886	4	0.2799
fix_b9000_frag	L1720587	1	0.4599
fix_b9000_frag	L1721987	0	1.0000
fix_b9000_frag	L1722777	0	1.0000
fix_b9000_frag	L1724773	1	0.6477
fix_b9000_frag	L1725448	0	0.9310
fix_b9000_frag	L1727481	1	0.1513
fix_b9000_frag	L1728562	1	0.1551
fix_b9000_frag	L1729015	1	0.0838
fix_b9000_frag	L1729974	8	0.3330
fix_b9000_frag	L1731527	1	0.7655
fix_b9000_frag	L173383	1	0.6016
fix_b9000_frag	L1735097	1	0.0970
fix_b9000_frag	L1736351	0	1.0000
fix_b9000_frag	L1736591	0	0.9991
fix_b9000_frag	L1739879	1	0.1875
fix_b9000_frag	L1741008	0	1.0000
fix_b9000_frag	L1741461	0	0.1769
fix_b9000_frag	L174176	1	0.3101
fix_b9000_frag	L1741919	2	0.4713
fix_b9000_frag	L1743480	2	0.3301
fix_b9000_frag	L1744154	0	0.5916
fix_b9000_frag	L1746595	0	0.9856
fix_b9000_frag	L1748112	0	1.0000
fix_b9000_frag	L1748957	0	0.9152
fix_b9000_frag	L1749257	1	0.1717
fix_b9000_frag	L175348	0	0.3913
fix_b9000_frag	L1753832	0	1.0000
fix_b9000_frag	L1755416	0	0.4289
fix_b9000_frag	L1758324	0	0.9527
fix_b9000_frag	L1758608	0	0.9976
fix_b9000_frag	L1758614	0	0.3924
fix_b9000_frag	L1758704	1	0.4044
fix_b9000_frag	L1762064	1	0.4803
fix_b9000_frag	L1765663	1	0.3921
fix_b9000_frag	L1766093	0	0.3233
fix_b9000_frag	L176738	7	0.1412
fix_b9000_frag	L1768336	0	0.1371
fix_b9000_frag	L176876	0	1.0000
fix_b9000_frag	L1768935	1	0.3254
fix_b9000_frag	L1770348	0	1.0000
fix_b9000_frag	L1770471	0	1.0000
fix_b9000_frag	L1772400	0	0.7311
fix_b9000_frag	L1774077	4	0.0773
fix_b9000_frag	L1774332	2	0.5695
fix_b9000_frag	L177650	0	1.0000
fix_b9000_frag	L1778239	2	0.5301
fix_b9000_frag	L1778753	0	0.9942
fix_b9000_frag	L1785009	0	0.2114
fix_b9000_frag	L1788156	0	0.9895
fix_b9000_frag	L179015	0	0.3180
fix_b9000_frag	L1790481	4	0.1652
fix_b9000_frag	L1791527	0	0.8810
fix_b9000_frag	L1792265	0	0.9963
fix_b9000_frag	L1793065	0	0.5786
fix_b9000_frag	L1794712	1	0.3115
fix_b9000_frag	L1794839	0	0.9494
fix_b9000_frag	L1796826	0	0.9952
fix_b9000_frag	L1797546	0	1.0000
fix_b9000_frag	L1798302	0	1.0000
fix_b9000_frag	L1799840	1	0.4305
fix_b9000_frag	L1801258	0	0.8162
fix_b9000_frag	L1802345	0	0.9975
fix_b9000_frag	L180509	0	1.0000
fix_b9000_frag	L1808966	0	0.7762
fix_b9000_frag	L1809234	0	0.5315
fix_b9000_frag	L1811231	1	0.3714
fix_b9000_frag	L1812445	0	0.7858
fix_b9000_frag	L1814309	1	0.3337
fix_b9000_frag	L1816451	0	0.2606
fix_b9000_frag	L1817551	0	0.9568
fix_b9000_frag	L1820447	3	0.2434
fix_b9000_frag	L1821765	0	0.4703
fix_b9000_frag	L1822989	0	1.0000
fix_b9000_frag	L1823086	0	0.4312
fix_b9000_frag	L1825981	0	0.7950
fix_b9000_frag	L1826918	0	1.0000
fix_b9000_frag	L1830338	0	1.0000
fix_b9000_frag	L18313	0	0.2811
fix_b9000_frag	L1831368	0	0.9999
fix_b9000_frag	L183802	0	0.8723
fix_b9000_frag	L1838244	0	1.0000
fix_b9000_frag	L1838501	1	0.6024
fix_b9000_frag	L1838652	2	0.1268
fix_b9000_frag	L1840388	1	0.9394
fix_b9000_frag	L1848896	0	0.3585
fix_b9000_frag	L1856065	0	0.8468
fix_b9000_frag	L1857129	0	0.3407
fix_b9000_frag	L1858192	0	1.0000
fix_b9000_frag	L1858235	1	0.1898
fix_b9000_frag	L1859863	0	0.3367
fix_b9000_frag	L1860283	2	0.4339
fix_b9000_frag	L1867226	0	0.3208
fix_b9000_frag	L186847	0	0.1503
fix_b9000_frag	L1869818	0	0.2451
fix_b9000_frag	L1872590	0	1.0000
fix_b9000_frag	L1872595	0	0.9991
fix_b9000_frag	L1873245	1	0.3534
fix_b9000_frag	L1873642	0	0.9547
fix_b9000_frag	L1874928	3	0.1671
fix_b9000_frag	L1876149	2	0.2643
fix_b9000_frag	L18800	0	0.5258
fix_b9000_frag	L1882201	1	0.4462
fix_b9000_frag	L1882838	1	0.5446
fix_b9000_frag	L1883125	0	0.2543
fix_b9000_frag	L1883999	1	0.1400
fix_b9000_frag	L1886440	0	0.5268
fix_b9000_frag	L1889760	0	1.0000
fix_b9000_frag	L189322	0	0.4663
fix_b9000_frag	L1895575	0	0.3108
fix_b9000_frag	L1897444	0	0.9576
fix_b9000_frag	L1898605	0	0.9998
fix_b9000_frag	L1898611	0	1.0000
fix_b9000_frag	L190102	0	1.0000
fix_b9000_frag	L1902625	0	0.4074
fix_b9000_frag	L1905283	3	0.6686
fix_b9000_frag	L190650	0	1.0000
fix_b9000_frag	L190687	0	0.9771
fix_b9000_frag	L1908570	1	0.2956
fix_b9000_frag	L1909629	5	0.4011
fix_b9000_frag	L1911881	3	0.1753
fix_b9000_frag	L1912	0	1.0000
fix_b9000_frag	L191488	0	0.4656
fix_b9000_frag	L1920826	1	0.3621
fix_b9000_frag	L192237	0	0.8648
fix_b9000_frag	L1924744	0	1.0000
fix_b9000_frag	L1925847	2	0.2218
fix_b9000_frag	L1928273	0	0.2612
fix_b9000_frag	L1928790	0	0.5519
fix_b9000_frag	L1932241	0	0.6037
fix_b9000_frag	L1932659	0	1.0000
fix_b9000_frag	L1933206	0	0.9843
fix_b9000_frag	L1933253	0	0.9627
fix_b9000_frag	L1933970	0	0.9785
fix_b9000_frag	L1936643	1	0.3568
fix_b9000_frag	L1940497	0	0.4958
fix_b9000_frag	L1942177	3	0.4948
fix_b9000_frag	L1942305	0	0.7844
fix_b9000_frag	L1943673	2	0.2175
fix_b9000_frag	L1944226	0	0.8989
fix_b9000_frag	L1944640	1	0.3572
fix_b9000_frag	L1944904	1	0.1509
fix_b9000_frag	L194952	1	0.2616
fix_b9000_frag	L1951280	0	1.0000
fix_b9000_frag	L1952353	2	0.2593
fix_b9000_frag	L1953692	2	0.5906
fix_b9000_frag	L1954656	0	0.3182
fix_b9000_frag	L1955598	1	0.8582
fix_b9000_frag	L1955973	2	0.3529
fix_b9000_frag	L195908	0	1.0000
fix_b9000_frag	L1964032	0	0.9532
fix_b9000_frag	L1965961	1	0.6439
fix_b9000_frag	L1970360	0	1.0000
fix_b9000_frag	L1970493	0	0.3709
fix_b9000_frag	L1970551	1	0.9268
fix_b9000_frag	L1970668	0	0.5268
fix_b9000_frag	L1971017	1	0.2889
fix_b9000_frag	L1975091	0	0.3368
fix_b9000_frag	L1975857	0	0.8152
fix_b9000_frag	L197613	1	0.1720
fix_b9000_frag	L1976785	1	0.2947
fix_b9000_frag	L1981866	2	0.2983
fix_b9000_frag	L1982300	0	1.0000
fix_b9000_frag	L1983183	1	0.3705
fix_b9000_frag	L1986059	3	0.6605
fix_b9000_frag	L1990411	0	1.0000
fix_b9000_frag	L1991628	0	1.0000
fix_b9000_frag	L1994839	0	1.0000
fix_b9000_frag	L1996032	0	1.0000
fix_b9000_frag	L202116	0	1.0000
fix_b9000_frag	L204802	1	0.1746
fix_b9000_frag	L208863	1	0.4424
fix_b9000_frag	L209724	2	0.1947
fix_b9000_frag	L2105	0	1.0000
fix_b9000_frag	L210838	0	0.4693
fix_b9000_frag	L21151	1	0.4302
fix_b9000_frag	L216034	0	0.6765
fix_b9000_frag	L216528	0	0.1862
fix_b9000_frag	L217349	0	1.0000
fix_b9000_frag	L222365	1	0.3023
fix_b9000_frag	L225416	1	0.5038
fix_b9000_frag	L227476	0	0.6791
fix_b9000_frag	L228723	0	1.0000
fix_b9000_frag	L231682	0	1.0000
fix_b9000_frag	L232060	0	1.0000
fix_b9000_frag	L233375	3	0.1377
fix_b9000_frag	L235764	0	1.0000
fix_b9000_frag	L238858	0	0.4142
fix_b9000_frag	L243818	0	1.0000
fix_b9000_frag	L244003	1	0.2874
fix_b9000_frag	L244965	0	0.9599
fix_b9000_frag	L24866	1	0.4149
fix_b9000_frag	L250969	0	1.0000
fix_b9000_frag	L252902	1	0.3346
fix_b9000_frag	L253345	2	0.3404
fix_b9000_frag	L257043	1	0.3051
fix_b9000_frag	L257465	0	0.2062
fix_b9000_frag	L258378	2	0.4454
fix_b9000_frag	L258696	0	1.0000
fix_b9000_frag	L260842	1	0.8791
fix_b9000_frag	L260939	0	0.9237
fix_b9000_frag	L261190	0	1.0000
fix_b9000_frag	L267309	1	0.2816
fix_b9000_frag	L267846	0	1.0000
fix_b9000_frag	L270977	0	0.4280
fix_b9000_frag	L272730	0	1.0000
fix_b9000_frag	L273461	0	0.8228
fix_b9000_frag	L282320	0	1.0000
fix_b9000_frag	L283173	0	0.3162
fix_b9000_frag	L283368	1	0.2069
fix_b9000_frag	L288752	0	0.4899
fix_b9000_frag	L2888	0	0.4134
fix_b9000_frag	L293305	7	0.4389
fix_b9000_frag	L293537	0	0.9973
fix_b9000_frag	L294764	1	0.2578
fix_b9000_frag	L299364	0	0.3067
fix_b9000_frag	L299595	1	0.2925
fix_b9000_frag	L299782	0	0.9566
fix_b9000_frag	L300401	0	1.0000
fix_b9000_frag	L30336	0	0.5600
fix_b9000_frag	L310087	1	0.2807
fix_b9000_frag	L312118	2	0.2924
fix_b9000_frag	L318026	0	0.9061
fix_b9000_frag	L318722	0	0.8920
fix_b9000_frag	L31952	1	0.7045
fix_b9000_frag	L319839	0	0.4097
fix_b9000_frag	L319888	0	0.9346
fix_b9000_frag	L320440	1	0.4625
fix_b9000_frag	L321627	0	1.0000
fix_b9000_frag	L322333	0	0.5813
fix_b9000_frag	L322794	1	0.6396
fix_b9000_frag	L322866	1	0.3968
fix_b9000_frag	L324151	0	0.6603
fix_b9000_frag	L324946	0	0.9961
fix_b9000_frag	L32606	0	0.7866
fix_b9000_frag	L326205	0	1.0000
fix_b9000_frag	L327486	0	1.0000
fix_b9000_frag	L331805	0	0.4192
fix_b9000_frag	L331807	1	0.6735
fix_b9000_frag	L333401	1	0.4494
fix_b9000_frag	L333865	0	1.0000
fix_b9000_frag	L335478	1	0.5105
fix_b9000_frag	L336916	1	0.1935
fix_b9000_frag	L337726	1	0.5407
fix_b9000_frag	L343911	0	0.9980
fix_b9000_frag	L346110	0	1.0000
fix_b9000_frag	L35206	1	0.2350
fix_b9000_frag	L352100	0	1.0000
fix_b9000_frag	L353330	0	0.3323
fix_b9000_frag	L353755	1	0.2926
fix_b9000_frag	L354281	1	0.6340
fix_b9000_frag	L355469	0	0.2429
fix_b9000_frag	L355973	1	0.2459
fix_b9000_frag	L358098	0	0.9974
fix_b9000_frag	L358427	0	1.0000
fix_b9000_frag	L36185	0	0.7860
fix_b9000_frag	L36374	0	0.9959
fix_b9000_frag	L36393	1	0.2513
fix_b9000_frag	L364477	0	0.5488
fix_b9000_frag	L368265	1	0.4305
fix_b9000_frag	L369221	1	0.3682
fix_b9000_frag	L370516	0	0.9999
fix_b9000_frag	L375608	2	0.1164
fix_b9000_frag	L375999	0	0.2556
fix_b9000_frag	L376343	0	0.7267
fix_b9000_frag	L377914	1	0.5114
fix_b9000_frag	L380751	4	0.0854
fix_b9000_frag	L382166	0	1.0000
fix_b9000_frag	L382724	0	0.9999
fix_b9000_frag	L383909	1	0.6412
fix_b9000_frag	L385595	8	0.2759
fix_b9000_frag	L386761	0	1.0000
fix_b9000_frag	L38847	1	0.4712
fix_b9000_frag	L388838	0	0.3269
fix_b9000_frag	L390056	1	0.2454
fix_b9000_frag	L390847	0	0.4838
fix_b9000_frag	L391263	0	0.3985
fix_b9000_frag	L394934	0	0.7617
fix_b9000_frag	L396359	0	1.0000
fix_b9000_frag	L397005	1	0.4074
fix_b9000_frag	L398087	2	0.3090
fix_b9000_frag	L401127	0	0.9990
fix_b9000_frag	L402454	0	0.2737
fix_b9000_frag	L403424	0	0.7080
fix_b9000_frag	L405687	0	0.3732
fix_b9000_frag	L409413	1	0.4630
fix_b9000_frag	L411451	0	1.0000
fix_b9000_frag	L414909	0	0.9993
fix_b9000_frag	L414959	0	1.0000
fix_b9000_frag	L418437	0	1.0000
fix_b9000_frag	L419149	0	0.6799
fix_b9000_frag	L422199	0	1.0000
fix_b9000_frag	L42258	3	0.3972
fix_b9000_frag	L425262	1	0.5815
fix_b9000_frag	L425629	1	0.2496
fix_b9000_frag	L431467	0	0.9557
fix_b9000_frag	L433013	0	1.0000
fix_b9000_frag	L435219	0	1.0000
fix_b9000_frag	L442957	1	0.2247
fix_b9000_frag	L4469	0	1.0000
fix_b9000_frag	L446901	0	0.9999
fix_b9000_frag	L449888	0	0.1659
fix_b9000_frag	L450863	0	1.0000
fix_b9000_frag	L454426	0	0.3307
fix_b9000_frag	L456423	4	0.5330
fix_b9000_frag	L458224	1	0.6853
fix_b9000_frag	L45866	1	0.5975
fix_b9000_frag	L459126	1	0.4755
fix_b9000_frag	L459710	0	0.7411
fix_b9000_frag	L460845	0	0.4510
fix_b9000_frag	L462461	0	0.3641
fix_b9000_frag	L462611	2	0.2079
fix_b9000_frag	L465953	0	0.6277
fix_b9000_frag	L466572	1	0.4835
fix_b9000_frag	L469914	0	0.2676
fix_b9000_frag	L472973	1	0.2257
fix_b9000_frag	L47627	0	1.0000
fix_b9000_frag	L477052	0	0.4079
fix_b9000_frag	L477480	0	0.6097
fix_b9000_frag	L478354	0	0.9853
fix_b9000_frag	L480723	0	0.5578
fix_b9000_frag	L481009	1	0.3494
fix_b9000_frag	L481562	0	0.9543
fix_b9000_frag	L481889	2	0.1928
fix_b9000_frag	L482581	1	0.4300
fix_b9000_frag	L488483	1	0.4607
fix_b9000_frag	L494762	0	1.0000
fix_b9000_frag	L496946	0	0.5659
fix_b9000_frag	L497994	0	0.9886
fix_b9000_frag	L498642	0	0.7306
fix_b9000_frag	L499837	1	0.3344
fix_b9000_frag	L500481	0	0.9968
fix_b9000_frag	L501837	1	0.3965
fix_b9000_frag	L506324	0	1.0000
fix_b9000_frag	L5117	1	0.2584
fix_b9000_frag	L511916	0	0.9878
fix_b9000_frag	L515141	0	0.4298
fix_b9000_frag	L516046	1	0.2572
fix_b9000_frag	L520263	0	1.0000
fix_b9000_frag	L521167	1	0.2195
fix_b9000_frag	L521904	0	0.7029
fix_b9000_frag	L523867	0	0.9252
fix_b9000_frag	L524464	0	0.8595
fix_b9000_frag	L525527	1	0.1821
fix_b9000_frag	L529623	0	0.7882
fix_b9000_frag	L531061	0	0.7495
fix_b9000_frag	L533105	0	1.0000
fix_b9000_frag	L534964	0	0.9110
fix_b9000_frag	L535240	1	0.3828
fix_b9000_frag	L535400	1	0.2432
fix_b9000_frag	L536467	0	0.9988
fix_b9000_frag	L536524	3	0.2443
fix_b9000_frag	L539572	1	0.3943
fix_b9000_frag	L539623	0	0.7583
fix_b9000_frag	L541274	0	0.9319
fix_b9000_frag	L541585	0	0.7819
fix_b9000_frag	L543256	0	1.0000
fix_b9000_frag	L544561	0	0.3639
fix_b9000_frag	L545165	4	0.2220
fix_b9000_frag	L546910	0	0.3559
fix_b9000_frag	L548504	0	0.6559
fix_b9000_frag	L551442	0	1.0000
fix_b9000_frag	L555925	0	0.9993
fix_b9000_frag	L556696	0	0.4769
fix_b9000_frag	L559531	0	0.4860
fix_b9000_frag	L560176	0	1.0000
fix_b9000_frag	L561367	1	0.3690
fix_b9000_frag	L564679	1	0.2667
fix_b9000_frag	L566745	1	0.6583
fix_b9000_frag	L568989	0	1.0000
fix_b9000_frag	L570772	1	0.2173
fix_b9000_frag	L572521	0	0.4343
fix_b9000_frag	L577507	2	0.5206
fix_b9000_frag	L578197	1	0.9903
fix_b9000_frag	L584866	0	0.4782
fix_b9000_frag	L586948	0	0.5306
fix_b9000_frag	L589777	1	0.2634
fix_b9000_frag	L589868	0	0.3251
fix_b9000_frag	L590205	0	0.8705
fix_b9000_frag	L59044	0	0.9898
fix_b9000_frag	L599511	2	0.4473
fix_b9000_frag	L60389	0	1.0000
fix_b9000_frag	L614050	0	0.9997
fix_b9000_frag	L617862	0	0.3999
fix_b9000_frag	L620966	5	0.3908
fix_b9000_frag	L623278	0	0.2577
fix_b9000_frag	L62337	1	0.2183
fix_b9000_frag	L626238	0	0.5119
fix_b9000_frag	L626353	0	0.4907
fix_b9000_frag	L62839	0	0.5371
fix_b9000_frag	L632457	0	0.6874
fix_b9000_frag	L635118	0	1.0000
fix_b9000_frag	L636888	1	0.3186
fix_b9000_frag	L639959	0	1.0000
fix_b9000_frag	L640160	0	1.0000
fix_b9000_frag	L641936	1	0.1711
fix_b9000_frag	L642984	0	1.0000
fix_b9000_frag	L644406	1	0.2567
fix_b9000_frag	L644497	1	0.7012
fix_b9000_frag	L646751	0	1.0000
fix_b9000_frag	L649091	2	0.3463
fix_b9000_frag	L652753	0	0.6270
fix_b9000_frag	L657061	0	1.0000
fix_b9000_frag	L657332	0	1.0000
fix_b9000_frag	L657537	0	0.9994
fix_b9000_frag	L658591	0	1.0000
fix_b9000_frag	L659549	1	0.3358
fix_b9000_frag	L660443	0	0.4885
fix_b9000_frag	L663427	1	0.8816
fix_b9000_frag	L665914	1	0.5269
fix_b9000_frag	L666180	0	0.5129
fix_b9000_frag	L667013	1	0.4031
fix_b9000_frag	L667839	0	1.0000
fix_b9000_frag	L669436	5	0.2235
fix_b9000_frag	L66992	0	0.9876
fix_b9000_frag	L677371	0	1.0000
fix_b9000_frag	L678289	0	0.8867
fix_b9000_frag	L678676	0	0.7632
fix_b9000_frag	L679717	1	0.3462
fix_b9000_frag	L680683	1	0.9636
fix_b9000_frag	L681033	0	0.9191
fix_b9000_frag	L681532	0	0.8052
fix_b9000_frag	L681559	0	0.8128
fix_b9000_frag	L681852	0	0.4511
fix_b9000_frag	L684567	0	1.0000
fix_b9000_frag	L685962	1	0.5082
fix_b9000_frag	L686506	0	0.3341
fix_b9000_frag	L689721	0	0.7882
fix_b9000_frag	L691596	0	0.2804
fix_b9000_frag	L692386	0	0.9005
fix_b9000_frag	L693733	2	0.2003
fix_b9000_frag	L694998	0	0.9989
fix_b9000_frag	L699028	1	0.7981
fix_b9000_frag	L700056	0	1.0000
fix_b9000_frag	L700404	0	0.9912
fix_b9000_frag	L702168	0	1.0000
fix_b9000_frag	L70331	1	0.3078
fix_b9000_frag	L704136	0	1.0000
fix_b9000_frag	L704338	1	0.2886
fix_b9000_frag	L705787	2	0.2706
fix_b9000_frag	L706127	5	0.2534
fix_b9000_frag	L706802	0	0.7734
fix_b9000_frag	L707187	0	1.0000
fix_b9000_frag	L710321	0	1.0000
fix_b9000_frag	L711529	0	0.9998
fix_b9000_frag	L71277	0	0.3734
fix_b9000_frag	L713051	0	0.5420
fix_b9000_frag	L715677	0	1.0000
fix_b9000_frag	L716679	0	0.4177
fix_b9000_frag	L720310	0	0.2617
fix_b9000_frag	L720918	0	0.4326
fix_b9000_frag	L722647	0	0.8762
fix_b9000_frag	L722885	0	0.4028
fix_b9000_frag	L725643	3	0.1965
fix_b9000_frag	L730413	1	0.3130
fix_b9000_frag	L731956	0	0.9998
fix_b9000_frag	L736973	0	1.0000
fix_b9000_frag	L740874	0	0.2270
fix_b9000_frag	L741246	0	1.0000
fix_b9000_frag	L742863	0	0.9935
fix_b9000_frag	L743451	1	0.1017
fix_b9000_frag	L748093	0	0.1782
fix_b9000_frag	L751266	0	0.5206
fix_b9000_frag	L752342	1	0.1559
fix_b9000_frag	L752475	0	0.9987
fix_b9000_frag	L752653	1	0.3474
fix_b9000_frag	L75387	0	0.3639
fix_b9000_frag	L754764	0	0.9627
fix_b9000_frag	L755702	0	0.3442
fix_b9000_frag	L759676	0	0.7978
fix_b9000_frag	L759690	0	0.9857
fix_b9000_frag	L759925	0	0.9995
fix_b9000_frag	L760304	0	1.0000
fix_b9000_frag	L762113	0	0.9457
fix_b9000_frag	L762771	0	0.2064
fix_b9000_frag	L763808	0	1.0000
fix_b9000_frag	L764107	1	0.3326
fix_b9000_frag	L764127	0	0.9064
fix_b9000_frag	L764282	0	0.9912
fix_b9000_frag	L764916	0	0.6293
fix_b9000_frag	L77164	2	0.1964
fix_b9000_frag	L773134	0	1.0000
fix_b9000_frag	L774588	0	1.0000
fix_b9000_frag	L774738	0	1.0000
fix_b9000_frag	L775906	2	0.2329
fix_b9000_frag	L778698	1	0.3416
fix_b9000_frag	L779464	0	0.5321
fix_b9000_frag	L779937	0	0.3674
fix_b9000_frag	L780609	0	0.9962
fix_b9000_frag	L784473	4	0.1468
fix_b9000_frag	L787550	0	0.9923
fix_b9000_frag	L789409	0	0.3353
fix_b9000_frag	L790771	0	0.9904
fix_b9000_frag	L792951	1	0.4148
fix_b9000_frag	L79315	0	0.8679
fix_b9000_frag	L793490	1	0.2731
fix_b9000_frag	L79406	0	0.6033
fix_b9000_frag	L79610	1	0.5443
fix_b9000_frag	L796809	1	0.1796
fix_b9000_frag	L798449	0	1.0000
fix_b9000_frag	L801473	0	0.9997
fix_b9000_frag	L801620	0	0.1570
fix_b9000_frag	L801738	0	0.9994
fix_b9000_frag	L803364	0	0.2519
fix_b9000_frag	L803613	1	0.5393
fix_b9000_frag	L804778	0	0.2378
fix_b9000_frag	L808364	1	0.3676
fix_b9000_frag	L809372	0	0.9863
fix_b9000_frag	L809693	0	0.3743
fix_b9000_frag	L811734	0	0.9828
fix_b9000_frag	L81215	0	0.9944
fix_b9000_frag	L812450	0	1.0000
fix_b9000_frag	L812672	1	0.3770
fix_b9000_frag	L815977	0	0.1683
fix_b9000_frag	L816644	0	1.0000
fix_b9000_frag	L81909	0	0.9941
fix_b9000_frag	L819563	3	0.3479
fix_b9000_frag	L821100	0	0.9646
fix_b9000_frag	L822334	0	0.9673
fix_b9000_frag	L824223	0	0.3985
fix_b9000_frag	L827048	1	0.5319
fix_b9000_frag	L827129	0	0.9624
fix_b9000_frag	L829233	0	0.8776
fix_b9000_frag	L83001	0	0.9670
fix_b9000_frag	L830371	0	0.9927
fix_b9000_frag	L832923	0	0.9420
fix_b9000_frag	L834579	0	0.8583
fix_b9000_frag	L834622	1	0.3843
fix_b9000_frag	L837955	0	0.9963
fix_b9000_frag	L843972	3	0.3106
fix_b9000_frag	L845031	0	0.9938
fix_b9000_frag	L846960	0	1.0000
fix_b9000_frag	L847988	0	0.2296
fix_b9000_frag	L849505	0	0.4789
fix_b9000_frag	L851847	1	0.4433
fix_b9000_frag	L853299	0	1.0000
fix_b9000_frag	L855747	1	0.2053
fix_b9000_frag	L855935	0	0.9950
fix_b9000_frag	L856753	0	1.0000
fix_b9000_frag	L85748	1	0.6558
fix_b9000_frag	L858843	0	0.9996
fix_b9000_frag	L862725	0	1.0000
fix_b9000_frag	L864050	0	1.0000
fix_b9000_frag	L86679	0	1.0000
fix_b9000_frag	L868640	0	1.0000
fix_b9000_frag	L869371	0	0.4634
fix_b9000_frag	L869433	0	0.9847
fix_b9000_frag	L873249	0	0.9844
fix_b9000_frag	L883133	0	0.9254
fix_b9000_frag	L883660	0	0.5884
fix_b9000_frag	L884453	0	0.9113
fix_b9000_frag	L885068	0	0.8587
fix_b9000_frag	L885624	5	0.0973
fix_b9000_frag	L886084	0	0.7841
fix_b9000_frag	L886474	7	0.3403
fix_b9000_frag	L886813	0	0.2984
fix_b9000_frag	L888328	0	0.9982
fix_b9000_frag	L888339	0	1.0000
fix_b9000_frag	L888692	1	0.1561
fix_b9000_frag	L892540	0	1.0000
fix_b9000_frag	L894181	8	0.1491
fix_b9000_frag	L895192	1	0.7325
fix_b9000_frag	L895682	1	0.3697
fix_b9000_frag	L898645	0	0.7526
fix_b9000_frag	L900297	2	0.6089
fix_b9000_frag	L902295	0	1.0000
fix_b9000_frag	L902514	2	0.5401
fix_b9000_frag	L906439	0	0.8598
fix_b9000_frag	L907227	0	0.5931
fix_b9000_frag	L90734	0	1.0000
fix_b9000_frag	L909856	1	0.4515
fix_b9000_frag	L910412	2	0.1919
fix_b9000_frag	L910841	0	0.7268
fix_b9000_frag	L911364	0	0.9940
fix_b9000_frag	L912237	0	0.3832
fix_b9000_frag	L913833	6	0.2359
fix_b9000_frag	L914150	0	0.8066
fix_b9000_frag	L914195	2	0.2162
fix_b9000_frag	L91480	0	0.4686
fix_b9000_frag	L918005	0	0.9982
fix_b9000_frag	L918018	0	1.0000
fix_b9000_frag	L923738	0	0.4121
fix_b9000_frag	L924400	1	0.5534
fix_b9000_frag	L925260	0	0.2680
fix_b9000_frag	L928875	2	0.2332
fix_b9000_frag	L93124	1	0.9121
fix_b9000_frag	L93295	0	0.9868
fix_b9000_frag	L933087	1	0.4684
fix_b9000_frag	L933852	0	0.8612
fix_b9000_frag	L936253	0	1.0000
fix_b9000_frag	L940767	0	0.5612
fix_b9000_frag	L941368	2	0.1337
fix_b9000_frag	L941926	0	1.0000
fix_b9000_frag	L942873	1	0.2287
fix_b9000_frag	L943752	0	0.4168
fix_b9000_frag	L948601	0	0.5458
fix_b9000_frag	L94945	3	0.4466
fix_b9000_frag	L949761	1	0.2432
fix_b9000_frag	L953203	0	0.3871
fix_b9000_frag	L95620	0	0.4372
fix_b9000_frag	L957565	0	0.3484
fix_b9000_frag	L960419	0	0.3877
fix_b9000_frag	L962289	2	0.7666
fix_b9000_frag	L96262	0	0.9999
fix_b9000_frag	L962680	0	0.8961
fix_b9000_frag	L967795	1	0.3904
fix_b9000_frag	L968437	0	1.0000
fix_b9000_frag	L969615	1	0.3350
fix_b9000_frag	L970400	1	0.3824
fix_b9000_frag	L972698	0	1.0000
fix_b9000_frag	L974207	0	0.6063
fix_b9000_frag	L979330	1	0.8790
fix_b9000_frag	L983346	0	0.9994
fix_b9000_frag	L984768	0	0.7721
fix_b9000_frag	L984796	0	0.8010
fix_b9000_frag	L985204	1	0.3627
fix_b9000_frag	L985959	0	1.0000
fix_b9000_frag	L986820	1	0.3517
fix_b9000_frag	L989999	1	0.3034
fix_b9000_frag	L994491	0	0.8134
fix_b9000_frag	L997717	0	0.3274
fix_b9000_frag	L998540	2	0.0967
fix_b9000_full	L1002585	0	1.0000
fix_b9000_full	L1004185	0	0.9545
fix_b9000_full	L1005032	0	1.0000
fix_b9000_full	L1011227	0	1.0000
fix_b9000_full	L1012049	0	1.0000
fix_b9000_full	L1012199	0	1.0000
fix_b9000_full	L1016849	0	1.0000
fix_b9000_full	L1017537	0	1.0000
fix_b9000_full	L1021907	0	1.0000
fix_b9000_full	L1024044	0	1.0000
fix_b9000_full	L1024542	0	1.0000
fix_b9000_full	L1025399	0	1.0000
fix_b9000_full	L1026799	0	1.0000
fix_b9000_full	L102922	0	0.9485
fix_b9000_full	L1029951	1	0.9704
fix_b9000_full	L1030819	0	1.0000
fix_b9000_full	L103249	1	1.0000
fix_b9000_full	L1036266	0	1.0000
fix_b9000_full	L1036426	0	1.0000
fix_b9000_full	L1038977	1	1.0000
fix_b9000_full	L1044163	0	0.5253
fix_b9000_full	L1044444	0	0.9992
fix_b9000_full	L1046348	0	1.0000
fix_b9000_full	L1046966	0	1.0000
fix_b9000_full	L1050743	0	1.0000
fix_b9000_full	L1052309	0	1.0000
fix_b9000_full	L1053445	0	1.0000
fix_b9000_full	L1054346	0	0.9993
fix_b9000_full	L1055550	0	1.0000
fix_b9000_full	L1058576	0	1.0000
fix_b9000_full	L1060120	1	1.0000
fix_b9000_full	L1061482	1	1.0000
fix_b9000_full	L1061587	1	0.6283
fix_b9000_full	L1062126	0	1.0000
fix_b9000_full	L1063587	0	1.0000
fix_b9000_full	L1064227	0	1.0000
fix_b9000_full	L1065804	1	1.0000
fix_b9000_full	L1068964	0	1.0000
fix_b9000_full	L1069832	0	1.0000
fix_b9000_full	L1071754	0	0.4323
fix_b9000_full	L1072449	1	1.0000
fix_b9000_full	L1073165	0	0.5700
fix_b9000_full	L1075189	1	0.7740
fix_b9000_full	L1081827	1	0.7102
fix_b9000_full	L1082663	0	1.0000
fix_b9000_full	L1083972	0	1.0000
fix_b9000_full	L1085175	0	1.0000
fix_b9000_full	L1087086	1	0.5579
fix_b9000_full	L1087105	1	0.5465
fix_b9000_full	L1089119	1	0.9884
fix_b9000_full	L1090631	0	1.0000
fix_b9000_full	L1091178	0	0.8218
fix_b9000_full	L1091281	0	0.5841
fix_b9000_full	L1091323	0	0.5778
fix_b9000_full	L1091479	0	1.0000
fix_b9000_full	L1092388	0	1.0000
fix_b9000_full	L1096376	0	1.0000
fix_b9000_full	L1099155	0	1.0000
fix_b9000_full	L1101520	0	1.0000
fix_b9000_full	L1106265	0	1.0000
fix_b9000_full	L1106965	0	1.0000
fix_b9000_full	L1107538	0	1.0000
fix_b9000_full	L1109734	0	1.0000
fix_b9000_full	L1110523	0	1.0000
fix_b9000_full	L1116847	0	1.0000
fix_b9000_full	L1117806	0	1.0000
fix_b9000_full	L1123172	0	1.0000
fix_b9000_full	L112480	0	1.0000
fix_b9000_full	L1125468	0	1.0000
fix_b9000_full	L1125564	0	1.0000
fix_b9000_full	L1126749	0	1.0000
fix_b9000_full	L1127804	1	0.3867
fix_b9000_full	L1128821	0	1.0000
fix_b9000_full	L1132817	0	1.0000
fix_b9000_full	L1134826	1	1.0000
fix_b9000_full	L1135019	1	0.5008
fix_b9000_full	L113844	0	0.5798
fix_b9000_full	L1138559	1	0.7880
fix_b9000_full	L1139573	1	1.0000
fix_b9000_full	L1142178	1	0.3380
fix_b9000_full	L1143584	0	1.0000
fix_b9000_full	L1146782	1	1.0000
fix_b9000_full	L1148275	1	1.0000
fix_b9000_full	L1148681	0	1.0000
fix_b9000_full	L1148861	0	1.0000
fix_b9000_full	L115160	0	1.0000
fix_b9000_full	L1152742	0	0.7856
fix_b9000_full	L1159462	0	1.0000
fix_b9000_full	L1160593	0	1.0000
fix_b9000_full	L1166860	1	1.0000
fix_b9000_full	L1169308	1	1.0000
fix_b9000_full	L1171933	0	1.0000
fix_b9000_full	L1175689	0	1.0000
fix_b9000_full	L1176510	0	1.0000
fix_b9000_full	L1176819	1	0.5708
fix_b9000_full	L1181526	0	1.0000
fix_b9000_full	L1184831	0	1.0000
fix_b9000_full	L1188236	0	1.0000
fix_b9000_full	L1189606	0	1.0000
fix_b9000_full	L1190029	0	1.0000
fix_b9000_full	L1192003	0	1.0000
fix_b9000_full	L1193093	1	0.9607
fix_b9000_full	L1193626	0	1.0000
fix_b9000_full	L1194943	1	1.0000
fix_b9000_full	L1200114	0	1.0000
fix_b9000_full	L1200373	0	1.0000
fix_b9000_full	L1202626	0	1.0000
fix_b9000_full	L1203652	0	1.0000
fix_b9000_full	L1205967	0	1.0000
fix_b9000_full	L1206149	0	1.0000
fix_b9000_full	L1208940	0	1.0000
fix_b9000_full	L120959	0	1.0000
fix_b9000_full	L1211345	0	1.0000
fix_b9000_full	L1212637	0	1.0000
fix_b9000_full	L1212861	0	1.0000
fix_b9000_full	L121334	0	0.4805
fix_b9000_full	L1215236	0	0.9998
fix_b9000_full	L1217544	1	0.9941
fix_b9000_full	L1217630	0	1.0000
fix_b9000_full	L1218521	0	1.0000
fix_b9000_full	L121873	0	1.0000
fix_b9000_full	L1218743	0	1.0000
fix_b9000_full	L1219260	0	1.0000
fix_b9000_full	L1219324	0	1.0000
fix_b9000_full	L1223018	1	0.6971
fix_b9000_full	L12241	1	0.4664
fix_b9000_full	L122411	0	1.0000
fix_b9000_full	L1228313	0	1.0000
fix_b9000_full	L1228316	0	1.0000
fix_b9000_full	L1228698	0	1.0000
fix_b9000_full	L1229975	0	1.0000
fix_b9000_full	L1233030	0	0.9903
fix_b9000_full	L1234322	0	1.0000
fix_b9000_full	L1235564	0	1.0000
fix_b9000_full	L1237368	0	0.3416
fix_b9000_full	L1242536	0	1.0000
fix_b9000_full	L1243882	0	1.0000
fix_b9000_full	L1244427	1	0.9520
fix_b9000_full	L1247700	0	1.0000
fix_b9000_full	L1249050	0	1.0000
fix_b9000_full	L1252273	0	0.9547
fix_b9000_full	L1252715	0	1.0000
fix_b9000_full	L125500	0	1.0000
fix_b9000_full	L125644	0	1.0000
fix_b9000_full	L1263639	0	1.0000
fix_b9000_full	L1263909	0	1.0000
fix_b9000_full	L1267300	0	1.0000
fix_b9000_full	L1267973	0	0.6728
fix_b9000_full	L1268056	1	0.3545
fix_b9000_full	L1269000	0	1.0000
fix_b9000_full	L1269225	0	1.0000
fix_b9000_full	L1269960	0	1.0000
fix_b9000_full	L1270519	1	0.5115
fix_b9000_full	L1271695	1	1.0000
fix_b9000_full	L1274988	0	1.0000
fix_b9000_full	L1277578	1	1.0000
fix_b9000_full	L1277861	0	1.0000
fix_b9000_full	L1281298	0	1.0000
fix_b9000_full	L1283746	0	1.0000
fix_b9000_full	L1284558	0	0.9554
fix_b9000_full	L1286758	0	1.0000
fix_b9000_full	L1291250	0	1.0000
fix_b9000_full	L129208	0	1.0000
fix_b9000_full	L1292363	0	0.9165
fix_b9000_full	L1292503	0	1.0000
fix_b9000_full	L1294408	1	0.5904
fix_b9000_full	L1294453	0	0.9818
fix_b9000_full	L1294952	0	1.0000
fix_b9000_full	L1297512	0	1.0000
fix_b9000_full	L1298142	0	1.0000
fix_b9000_full	L1299862	0	1.0000
fix_b9000_full	L1302458	1	0.9929
fix_b9000_full	L1307852	0	1.0000
fix_b9000_full	L130839	0	1.0000
fix_b9000_full	L1309046	0	1.0000
fix_b9000_full	L1314993	0	1.0000
fix_b9000_full	L1316645	1	0.9978
fix_b9000_full	L1316673	0	0.7550
fix_b9000_full	L1319261	1	1.0000
fix_b9000_full	L1320029	1	0.5001
fix_b9000_full	L1321139	0	1.0000
fix_b9000_full	L1322298	0	1.0000
fix_b9000_full	L1325043	0	1.0000
fix_b9000_full	L1328601	0	1.0000
fix_b9000_full	L1330004	0	1.0000
fix_b9000_full	L1334204	0	1.0000
fix_b9000_full	L1334727	0	1.0000
fix_b9000_full	L1337969	0	0.7176
fix_b9000_full	L1338440	0	0.8777
fix_b9000_full	L1338867	1	1.0000
fix_b9000_full	L13406	0	1.0000
fix_b9000_full	L1341334	0	1.0000
fix_b9000_full	L1342936	0	1.0000
fix_b9000_full	L1343571	0	0.9857
fix_b9000_full	L134770	0	1.0000
fix_b9000_full	L1348767	1	1.0000
fix_b9000_full	L1349954	0	1.0000
fix_b9000_full	L1350260	0	1.0000
fix_b9000_full	L1354350	0	1.0000
fix_b9000_full	L1358832	0	1.0000
fix_b9000_full	L1362201	0	1.0000
fix_b9000_full	L1362636	1	1.0000
fix_b9000_full	L1365362	0	1.0000
fix_b9000_full	L1366477	0	1.0000
fix_b9000_full	L1369644	0	1.0000
fix_b9000_full	L13698	0	1.0000
fix_b9000_full	L1371092	1	1.0000
fix_b9000_full	L1372683	0	1.0000
fix_b9000_full	L1372686	0	1.0000
fix_b9000_full	L1373403	0	1.0000
fix_b9000_full	L1378339	0	1.0000
fix_b9000_full	L1379425	1	0.7982
fix_b9000_full	L1380845	0	1.0000
fix_b9000_full	L1382177	0	1.0000
fix_b9000_full	L1382936	0	0.8067
fix_b9000_full	L1382969	0	1.0000
fix_b9000_full	L1383932	0	1.0000
fix_b9000_full	L1384051	0	1.0000
fix_b9000_full	L1393346	0	0.8411
fix_b9000_full	L1394372	0	1.0000
fix_b9000_full	L1398058	0	1.0000
fix_b9000_full	L1398565	0	1.0000
fix_b9000_full	L1400233	0	1.0000
fix_b9000_full	L1400557	1	0.9998
fix_b9000_full	L1403214	0	1.0000
fix_b9000_full	L1409097	0	1.0000
fix_b9000_full	L1409378	0	1.0000
fix_b9000_full	L1410763	0	1.0000
fix_b9000_full	L1410905	0	1.0000
fix_b9000_full	L1411655	0	1.0000
fix_b9000_full	L1421095	0	1.0000
fix_b9000_full	L1421423	0	1.0000
fix_b9000_full	L1431164	0	1.0000
fix_b9000_full	L1435268	0	1.0000
fix_b9000_full	L1438447	0	1.0000
fix_b9000_full	L1440099	0	1.0000
fix_b9000_full	L1440354	0	1.0000
fix_b9000_full	L1440579	0	0.9893
fix_b9000_full	L1441065	0	1.0000
fix_b9000_full	L1442950	0	1.0000
fix_b9000_full	L144630	0	1.0000
fix_b9000_full	L144966	0	1.0000
fix_b9000_full	L1450044	0	1.0000
fix_b9000_full	L145721	0	1.0000
fix_b9000_full	L1463127	0	1.0000
fix_b9000_full	L1463808	1	1.0000
fix_b9000_full	L1468044	0	0.9862
fix_b9000_full	L1468317	0	1.0000
fix_b9000_full	L1470882	0	1.0000
fix_b9000_full	L1472026	0	1.0000
fix_b9000_full	L1475336	0	1.0000
fix_b9000_full	L1477	0	0.9994
fix_b9000_full	L1477137	1	1.0000
fix_b9000_full	L1478713	0	0.7742
fix_b9000_full	L1479097	0	1.0000
fix_b9000_full	L1482186	1	0.5442
fix_b9000_full	L1483022	1	1.0000
fix_b9000_full	L1485252	0	0.9716
fix_b9000_full	L1487868	0	1.0000
fix_b9000_full	L1489958	0	1.0000
fix_b9000_full	L1491338	0	1.0000
fix_b9000_full	L1491406	1	1.0000
fix_b9000_full	L1492427	1	0.6513
fix_b9000_full	L1494927	0	1.0000
fix_b9000_full	L1496723	0	1.0000
fix_b9000_full	L14998	0	1.0000
fix_b9000_full	L1500041	0	1.0000
fix_b9000_full	L1500792	0	1.0000
fix_b9000_full	L1501054	0	1.0000
fix_b9000_full	L1501117	1	0.5502
fix_b9000_full	L150284	0	0.8782
fix_b9000_full	L1503080	0	1.0000
fix_b9000_full	L1506056	0	1.0000
fix_b9000_full	L1506305	0	1.0000
fix_b9000_full	L1507593	0	1.0000
fix_b9000_full	L1507721	0	1.0000
fix_b9000_full	L1509635	0	1.0000
fix_b9000_full	L1511077	0	1.0000
fix_b9000_full	L1511516	1	1.0000
fix_b9000_full	L151270	0	1.0000
fix_b9000_full	L1513453	0	1.0000
fix_b9000_full	L1513508	0	1.0000
fix_b9000_full	L1514059	1	1.0000
fix_b9000_full	L151434	0	1.0000
fix_b9000_full	L1520281	0	0.9982
fix_b9000_full	L1522665	0	1.0000
fix_b9000_full	L1525581	0	1.0000
fix_b9000_full	L152670	0	1.0000
fix_b9000_full	L1527449	0	0.9966
fix_b9000_full	L1532593	1	0.5570
fix_b9000_full	L1537084	1	1.0000
fix_b9000_full	L1545445	1	0.6856
fix_b9000_full	L1549764	1	1.0000
fix_b9000_full	L1553511	0	1.0000
fix_b9000_full	L1555961	0	0.9402
fix_b9000_full	L1556158	0	1.0000
fix_b9000_full	L1559085	0	1.0000
fix_b9000_full	L1559370	0	1.0000
fix_b9000_full	L1561684	1	0.6476
fix_b9000_full	L1563921	1	1.0000
fix_b9000_full	L1564440	1	0.5002
fix_b9000_full	L1564788	0	1.0000
fix_b9000_full	L1570442	0	0.6146
fix_b9000_full	L1577548	0	1.0000
fix_b9000_full	L1582773	0	0.9997
fix_b9000_full	L1586476	0	1.0000
fix_b9000_full	L1591774	0	1.0000
fix_b9000_full	L1592464	0	1.0000
fix_b9000_full	L1592890	0	1.0000
fix_b9000_full	L1593009	0	1.0000
fix_b9000_full	L1594265	0	1.0000
fix_b9000_full	L15949	0	1.0000
fix_b9000_full	L1595729	1	0.9999
fix_b9000_full	L1596023	0	1.0000
fix_b9000_full	L1596979	0	1.0000
fix_b9000_full	L1599150	0	1.0000
fix_b9000_full	L1605496	0	1.0000
fix_b9000_full	L1608356	0	0.7969
fix_b9000_full	L1608408	1	0.5022
fix_b9000_full	L1609523	0	1.0000
fix_b9000_full	L1611831	1	0.7847
fix_b9000_full	L1613719	0	1.0000
fix_b9000_full	L1613862	0	1.0000
fix_b9000_full	L1614892	0	1.0000
fix_b9000_full	L1615590	0	1.0000
fix_b9000_full	L1616879	0	1.0000
fix_b9000_full	L1617022	1	1.0000
fix_b9000_full	L1619438	1	0.5750
fix_b9000_full	L1619907	0	1.0000
fix_b9000_full	L1620099	0	1.0000
fix_b9000_full	L1622776	1	0.5255
fix_b9000_full	L1622804	1	0.5694
fix_b9000_full	L1623315	0	1.0000
fix_b9000_full	L1625869	0	1.0000
fix_b9000_full	L1632251	0	1.0000
fix_b9000_full	L1632593	0	0.9999
fix_b9000_full	L1633409	0	0.9184
fix_b9000_full	L163519	0	1.0000
fix_b9000_full	L1635479	0	1.0000
fix_b9000_full	L1638116	0	1.0000
fix_b9000_full	L1642892	0	0.5800
fix_b9000_full	L1647022	0	1.0000
fix_b9000_full	L1649256	0	1.0000
fix_b9000_full	L1650196	0	1.0000
fix_b9000_full	L1654301	1	0.5402
fix_b9000_full	L1656331	0	0.9798
fix_b9000_full	L1657868	1	1.0000
fix_b9000_full	L1658774	0	0.9308
fix_b9000_full	L1660134	0	1.0000
fix_b9000_full	L166249	0	1.0000
fix_b9000_full	L1663458	0	0.9998
fix_b9000_full	L16644	0	1.0000
fix_b9000_full	L1664922	1	1.0000
fix_b9000_full	L1666954	0	1.0000
fix_b9000_full	L1668737	0	1.0000
fix_b9000_full	L167239	0	1.0000
fix_b9000_full	L167308	0	1.0000
fix_b9000_full	L1673443	0	0.9999
fix_b9000_full	L1677915	0	1.0000
fix_b9000_full	L1679070	0	0.9997
fix_b9000_full	L1679327	0	1.0000
fix_b9000_full	L1681571	0	1.0000
fix_b9000_full	L1683975	0	1.0000
fix_b9000_full	L1687257	0	0.9999
fix_b9000_full	L1689425	0	1.0000
fix_b9000_full	L1690704	0	0.5382
fix_b9000_full	L1690718	0	0.3404
fix_b9000_full	L1692614	0	1.0000
fix_b9000_full	L1693021	0	1.0000
fix_b9000_full	L1693729	0	1.0000
fix_b9000_full	L1698795	0	1.0000
fix_b9000_full	L1700325	0	1.0000
fix_b9000_full	L1701759	0	1.0000
fix_b9000_full	L1706009	0	0.9877
fix_b9000_full	L1710196	0	1.0000
fix_b9000_full	L1713230	0	1.0000
fix_b9000_full	L1714485	1	0.7170
fix_b9000_full	L1715650	0	1.0000
fix_b9000_full	L1717886	0	0.9977
fix_b9000_full	L1720587	0	1.0000
fix_b9000_full	L1721987	0	1.0000
fix_b9000_full	L1722777	0	1.0000
fix_b9000_full	L1724773	1	0.6829
fix_b9000_full	L1725448	0	1.0000
fix_b9000_full	L1727481	0	0.7385
fix_b9000_full	L1728562	1	0.6794
fix_b9000_full	L1729015	0	1.0000
fix_b9000_full	L1729974	0	1.0000
fix_b9000_full	L1731527	0	0.9087
fix_b9000_full	L173383	0	1.0000
fix_b9000_full	L1735097	0	0.9520
fix_b9000_full	L1736351	0	1.0000
fix_b9000_full	L1736591	0	1.0000
fix_b9000_full	L1739879	1	0.9982
fix_b9000_full	L1741008	0	1.0000
fix_b9000_full	L1741461	0	0.8588
fix_b9000_full	L174176	0	1.0000
fix_b9000_full	L1741919	1	0.9454
fix_b9000_full	L1743480	0	1.0000
fix_b9000_full	L1744154	0	1.0000
fix_b9000_full	L1746595	0	1.0000
fix_b9000_full	L1748112	0	1.0000
fix_b9000_full	L1748957	0	1.0000
fix_b9000_full	L1749257	1	0.9498
fix_b9000_full	L175348	0	0.5232
fix_b9000_full	L1753832	0	1.0000
fix_b9000_full	L1755416	1	1.0000
fix_b9000_full	L1758324	0	1.0000
fix_b9000_full	L1758608	0	1.0000
fix_b9000_full	L1758614	0	1.0000
fix_b9000_full	L1758704	1	0.9917
fix_b9000_full	L1762064	0	0.9994
fix_b9000_full	L1765663	1	0.3912
fix_b9000_full	L1766093	1	0.9728
fix_b9000_full	L176738	0	1.0000
fix_b9000_full	L1768336	0	1.0000
fix_b9000_full	L176876	0	1.0000
fix_b9000_full	L1768935	0	0.9954
fix_b9000_full	L1770348	0	1.0000
fix_b9000_full	L1770471	0	1.0000
fix_b9000_full	L1772400	0	1.0000
fix_b9000_full	L1774077	0	1.0000
fix_b9000_full	L1774332	0	0.9995
fix_b9000_full	L177650	0	1.0000
fix_b9000_full	L1778239	0	0.9999
fix_b9000_full	L1778753	0	1.0000
fix_b9000_full	L1785009	1	0.9878
fix_b9000_full	L1788156	0	1.0000
fix_b9000_full	L179015	0	1.0000
fix_b9000_full	L1790481	0	1.0000
fix_b9000_full	L1791527	0	1.0000
fix_b9000_full	L1792265	0	1.0000
fix_b9000_full	L1793065	0	1.0000
fix_b9000_full	L1794712	0	1.0000
fix_b9000_full	L1794839	0	1.0000
fix_b9000_full	L1796826	0	1.0000
fix_b9000_full	L1797546	0	1.0000
fix_b9000_full	L1798302	0	1.0000
fix_b9000_full	L1799840	0	0.6365
fix_b9000_full	L1801258	0	1.0000
fix_b9000_full	L1802345	0	1.0000
fix_b9000_full	L180509	0	1.0000
fix_b9000_full	L1808966	0	1.0000
fix_b9000_full	L1809234	0	1.0000
fix_b9000_full	L1811231	1	1.0000
fix_b9000_full	L1812445	0	1.0000
fix_b9000_full	L1814309	0	0.9998
fix_b9000_full	L1816451	0	1.0000
fix_b9000_full	L1817551	1	0.5122
fix_b9000_full	L1820447	1	0.5464
fix_b9000_full	L1821765	0	1.0000
fix_b9000_full	L1822989	0	1.0000
fix_b9000_full	L1823086	0	1.0000
fix_b9000_full	L1825981	0	1.0000
fix_b9000_full	L1826918	0	1.0000
fix_b9000_full	L1830338	0	1.0000
fix_b9000_full	L18313	0	1.0000
fix_b9000_full	L1831368	0	1.0000
fix_b9000_full	L183802	0	1.0000
fix_b9000_full	L1838244	0	1.0000
fix_b9000_full	L1838501	0	0.9644
fix_b9000_full	L1838652	0	1.0000
fix_b9000_full	L1840388	0	0.9600
fix_b9000_full	L1848896	0	0.9991
fix_b9000_full	L1856065	0	1.0000
fix_b9000_full	L1857129	0	0.9880
fix_b9000_full	L1858192	0	1.0000
fix_b9000_full	L1858235	0	0.5449
fix_b9000_full	L1859863	0	0.9566
fix_b9000_full	L1860283	1	1.0000
fix_b9000_full	L1867226	0	0.9734
fix_b9000_full	L186847	0	1.0000
fix_b9000_full	L1869818	1	1.0000
fix_b9000_full	L1872590	0	1.0000
fix_b9000_full	L1872595	0	1.0000
fix_b9000_full	L1873245	0	0.9179
fix_b9000_full	L1873642	0	1.0000
fix_b9000_full	L1874928	1	0.3569
fix_b9000_full	L1876149	0	1.0000
fix_b9000_full	L18800	0	1.0000
fix_b9000_full	L1882201	1	0.7916
fix_b9000_full	L1882838	0	1.0000
fix_b9000_full	L1883125	1	1.0000
fix_b9000_full	L1883999	0	0.9922
fix_b9000_full	L1886440	0	1.0000
fix_b9000_full	L1889760	0	1.0000
fix_b9000_full	L189322	0	1.0000
fix_b9000_full	L1895575	0	1.0000
fix_b9000_full	L1897444	0	1.0000
fix_b9000_full	L1898605	0	1.0000
fix_b9000_full	L1898611	0	1.0000
fix_b9000_full	L190102	0	1.0000
fix_b9000_full	L1902625	1	1.0000
fix_b9000_full	L1905283	0	1.0000
fix_b9000_full	L190650	0	1.0000
fix_b9000_full	L190687	0	1.0000
fix_b9000_full	L1908570	1	0.5036
fix_b9000_full	L1909629	1	0.7551
fix_b9000_full	L1911881	1	0.3776
fix_b9000_full	L1912	0	1.0000
fix_b9000_full	L191488	0	1.0000
fix_b9000_full	L1920826	1	1.0000
fix_b9000_full	L192237	0	1.0000
fix_b9000_full	L1924744	0	1.0000
fix_b9000_full	L1925847	2	1.0000
fix_b9000_full	L1928273	0	1.0000
fix_b9000_full	L1928790	0	1.0000
fix_b9000_full	L1932241	0	1.0000
fix_b9000_full	L1932659	0	1.0000
fix_b9000_full	L1933206	1	0.5404
fix_b9000_full	L1933253	0	1.0000
fix_b9000_full	L1933970	0	1.0000
fix_b9000_full	L1936643	1	1.0000
fix_b9000_full	L1940497	1	0.5044
fix_b9000_full	L1942177	0	1.0000
fix_b9000_full	L1942305	0	1.0000
fix_b9000_full	L1943673	0	1.0000
fix_b9000_full	L1944226	0	1.0000
fix_b9000_full	L1944640	1	0.8942
fix_b9000_full	L1944904	1	0.5690
fix_b9000_full	L194952	0	0.5662
fix_b9000_full	L1951280	0	1.0000
fix_b9000_full	L1952353	0	0.8994
fix_b9000_full	L1953692	0	1.0000
fix_b9000_full	L1954656	0	0.7665
fix_b9000_full	L1955598	0	1.0000
fix_b9000_full	L1955973	0	0.9998
fix_b9000_full	L195908	0	1.0000
fix_b9000_full	L1964032	0	1.0000
fix_b9000_full	L1965961	0	0.9164
fix_b9000_full	L1970360	0	1.0000
fix_b9000_full	L1970493	1	1.0000
fix_b9000_full	L1970551	1	1.0000
fix_b9000_full	L1970668	0	1.0000
fix_b9000_full	L1971017	0	1.0000
fix_b9000_full	L1975091	1	0.8402
fix_b9000_full	L1975857	0	0.9998
fix_b9000_full	L197613	0	1.0000
fix_b9000_full	L1976785	0	1.0000
fix_b9000_full	L1981866	0	1.0000
fix_b9000_full	L1982300	0	1.0000
fix_b9000_full	L1983183	0	1.0000
fix_b9000_full	L1986059	0	0.9991
fix_b9000_full	L1990411	0	1.0000
fix_b9000_full	L1991628	0	1.0000
fix_b9000_full	L1994839	0	1.0000
fix_b9000_full	L1996032	0	1.0000
fix_b9000_full	L202116	0	1.0000
fix_b9000_full	L204802	0	0.7253
fix_b9000_full	L208863	0	1.0000
fix_b9000_full	L209724	0	0.8465
fix_b9000_full	L2105	0	1.0000
fix_b9000_full	L210838	0	1.0000
fix_b9000_full	L21151	0	0.7703
fix_b9000_full	L216034	1	0.5963
fix_b9000_full	L216528	0	1.0000
fix_b9000_full	L217349	0	1.0000
fix_b9000_full	L222365	0	0.9989
fix_b9000_full	L225416	0	0.9976
fix_b9000_full	L227476	0	1.0000
fix_b9000_full	L228723	0	1.0000
fix_b9000_full	L231682	0	1.0000
fix_b9000_full	L232060	0	1.0000
fix_b9000_full	L233375	0	1.0000
fix_b9000_full	L235764	0	1.0000
fix_b9000_full	L238858	1	1.0000
fix_b9000_full	L243818	0	1.0000
fix_b9000_full	L244003	0	0.9997
fix_b9000_full	L244965	0	1.0000
fix_b9000_full	L24866	0	1.0000
fix_b9000_full	L250969	0	1.0000
fix_b9000_full	L252902	0	1.0000
fix_b9000_full	L253345	0	0.9483
fix_b9000_full	L257043	0	0.9711
fix_b9000_full	L257465	0	0.5364
fix_b9000_full	L258378	0	1.0000
fix_b9000_full	L258696	0	1.0000
fix_b9000_full	L260842	0	0.9588
fix_b9000_full	L260939	0	0.9999
fix_b9000_full	L261190	0	1.0000
fix_b9000_full	L267309	1	0.3504
fix_b9000_full	L267846	0	1.0000
fix_b9000_full	L270977	0	1.0000
fix_b9000_full	L272730	0	1.0000
fix_b9000_full	L273461	1	1.0000
fix_b9000_full	L282320	0	1.0000
fix_b9000_full	L283173	1	1.0000
fix_b9000_full	L283368	1	0.8683
fix_b9000_full	L288752	0	1.0000
fix_b9000_full	L2888	1	1.0000
fix_b9000_full	L293305	1	1.0000
fix_b9000_full	L293537	0	1.0000
fix_b9000_full	L294764	1	0.8011
fix_b9000_full	L299364	0	1.0000
fix_b9000_full	L299595	1	1.0000
fix_b9000_full	L299782	0	1.0000
fix_b9000_full	L300401	0	1.0000
fix_b9000_full	L30336	0	0.9656
fix_b9000_full	L310087	0	1.0000
fix_b9000_full	L312118	0	1.0000
fix_b9000_full	L318026	0	0.9998
fix_b9000_full	L318722	0	1.0000
fix_b9000_full	L31952	0	1.0000
fix_b9000_full	L319839	0	1.0000
fix_b9000_full	L319888	0	0.8817
fix_b9000_full	L320440	1	1.0000
fix_b9000_full	L321627	0	1.0000
fix_b9000_full	L322333	0	1.0000
fix_b9000_full	L322794	0	1.0000
fix_b9000_full	L322866	0	1.0000
fix_b9000_full	L324151	0	1.0000
fix_b9000_full	L324946	0	1.0000
fix_b9000_full	L32606	0	1.0000
fix_b9000_full	L326205	0	1.0000
fix_b9000_full	L327486	0	1.0000
fix_b9000_full	L331805	1	1.0000
fix_b9000_full	L331807	1	1.0000
fix_b9000_full	L333401	0	1.0000
fix_b9000_full	L333865	0	1.0000
fix_b9000_full	L335478	0	1.0000
fix_b9000_full	L336916	1	0.2604
fix_b9000_full	L337726	1	1.0000
fix_b9000_full	L343911	0	1.0000
fix_b9000_full	L346110	0	1.0000
fix_b9000_full	L35206	0	1.0000
fix_b9000_full	L352100	0	1.0000
fix_b9000_full	L353330	0	1.0000
fix_b9000_full	L353755	0	1.0000
fix_b9000_full	L354281	1	0.9864
fix_b9000_full	L355469	0	0.9771
fix_b9000_full	L355973	0	0.5274
fix_b9000_full	L358098	0	1.0000
fix_b9000_full	L358427	0	1.0000
fix_b9000_full	L36185	1	1.0000
fix_b9000_full	L36374	0	1.0000
fix_b9000_full	L36393	1	1.0000
fix_b9000_full	L364477	0	1.0000
fix_b9000_full	L368265	0	0.9998
fix_b9000_full	L369221	0	1.0000
fix_b9000_full	L370516	0	1.0000
fix_b9000_full	L375608	0	1.0000
fix_b9000_full	L375999	1	0.5536
fix_b9000_full	L376343	0	1.0000
fix_b9000_full	L377914	1	1.0000
fix_b9000_full	L380751	0	0.6527
fix_b9000_full	L382166	0	1.0000
fix_b9000_full	L382724	0	1.0000
fix_b9000_full	L383909	0	1.0000
fix_b9000_full	L385595	0	1.0000
fix_b9000_full	L386761	0	1.0000
fix_b9000_full	L38847	0	1.0000
fix_b9000_full	L388838	1	1.0000
fix_b9000_full	L390056	0	1.0000
fix_b9000_full	L390847	1	1.0000
fix_b9000_full	L391263	0	1.0000
fix_b9000_full	L394934	0	1.0000
fix_b9000_full	L396359	0	1.0000
fix_b9000_full	L397005	1	0.7237
fix_b9000_full	L398087	1	0.4358
fix_b9000_full	L401127	0	1.0000
fix_b9000_full	L402454	0	1.0000
fix_b9000_full	L403424	0	1.0000
fix_b9000_full	L405687	1	0.6507
fix_b9000_full	L409413	0	0.6034
fix_b9000_full	L411451	0	1.0000
fix_b9000_full	L414909	0	1.0000
fix_b9000_full	L414959	0	1.0000
fix_b9000_full	L418437	0	1.0000
fix_b9000_full	L419149	0	1.0000
fix_b9000_full	L422199	0	1.0000
fix_b9000_full	L42258	0	1.0000
fix_b9000_full	L425262	1	1.0000
fix_b9000_full	L425629	0	0.9603
fix_b9000_full	L431467	0	1.0000
fix_b9000_full	L433013	0	1.0000
fix_b9000_full	L435219	0	1.0000
fix_b9000_full	L442957	0	1.0000
fix_b9000_full	L4469	0	1.0000
fix_b9000_full	L446901	0	1.0000
fix_b9000_full	L449888	0	1.0000
fix_b9000_full	L450863	0	1.0000
fix_b9000_full	L454426	0	1.0000
fix_b9000_full	L456423	0	1.0000
fix_b9000_full	L458224	1	0.7408
fix_b9000_full	L45866	0	1.0000
fix_b9000_full	L459126	1	0.7246
fix_b9000_full	L459710	1	0.9731
fix_b9000_full	L460845	1	0.9255
fix_b9000_full	L462461	0	0.5869
fix_b9000_full	L462611	1	0.9211
fix_b9000_full	L465953	0	1.0000
fix_b9000_full	L466572	1	0.5376
fix_b9000_full	L469914	0	1.0000
fix_b9000_full	L472973	0	1.0000
fix_b9000_full	L47627	0	1.0000
fix_b9000_full	L477052	1	0.9842
fix_b9000_full	L477480	1	0.5758
fix_b9000_full	L478354	0	1.0000
fix_b9000_full	L480723	0	0.9984
fix_b9000_full	L481009	1	0.6160
fix_b9000_full	L481562	1	1.0000
fix_b9000_full	L481889	0	1.0000
fix_b9000_full	L482581	0	1.0000
fix_b9000_full	L488483	1	1.0000
fix_b9000_full	L494762	0	1.0000
fix_b9000_full	L496946	1	1.0000
fix_b9000_full	L497994	0	1.0000
fix_b9000_full	L498642	0	1.0000
fix_b9000_full	L499837	0	1.0000
fix_b9000_full	L500481	0	1.0000
fix_b9000_full	L501837	1	1.0000
fix_b9000_full	L506324	0	1.0000
fix_b9000_full	L5117	0	1.0000
fix_b9000_full	L511916	0	1.0000
fix_b9000_full	L515141	0	1.0000
fix_b9000_full	L516046	0	1.0000
fix_b9000_full	L520263	0	1.0000
fix_b9000_full	L521167	0	1.0000
fix_b9000_full	L521904	0	0.9948
fix_b9000_full	L523867	0	1.0000
fix_b9000_full	L524464	1	0.6168
fix_b9000_full	L525527	0	0.9999
fix_b9000_full	L529623	0	1.0000
fix_b9000_full	L531061	0	1.0000
fix_b9000_full	L533105	0	1.0000
fix_b9000_full	L534964	0	1.0000
fix_b9000_full	L535240	0	0.9617
fix_b9000_full	L535400	1	0.7859
fix_b9000_full	L536467	0	1.0000
fix_b9000_full	L536524	0	1.0000
fix_b9000_full	L539572	0	0.9448
fix_b9000_full	L539623	0	1.0000
fix_b9000_full	L541274	0	1.0000
fix_b9000_full	L541585	0	1.0000
fix_b9000_full	L543256	0	1.0000
fix_b9000_full	L544561	0	1.0000
fix_b9000_full	L545165	1	0.8097
fix_b9000_full	L546910	0	1.0000
fix_b9000_full	L548504	0	1.0000
fix_b9000_full	L551442	0	1.0000
fix_b9000_full	L555925	0	1.0000
fix_b9000_full	L556696	0	1.0000
fix_b9000_full	L559531	0	1.0000
fix_b9000_full	L560176	0	1.0000
fix_b9000_full	L561367	1	0.6033
fix_b9000_full	L564679	1	1.0000
fix_b9000_full	L566745	1	0.9884
fix_b9000_full	L568989	0	1.0000
fix_b9000_full	L570772	0	1.0000
fix_b9000_full	L572521	0	1.0000
fix_b9000_full	L577507	0	1.0000
fix_b9000_full	L578197	1	0.5133
fix_b9000_full	L584866	0	1.0000
fix_b9000_full	L586948	1	0.8815
fix_b9000_full	L589777	1	1.0000
fix_b9000_full	L589868	0	1.0000
fix_b9000_full	L590205	0	1.0000
fix_b9000_full	L59044	0	1.0000
fix_b9000_full	L599511	0	1.0000
fix_b9000_full	L60389	0	1.0000
fix_b9000_full	L614050	0	1.0000
fix_b9000_full	L617862	1	0.7272
fix_b9000_full	L620966	0	1.0000
fix_b9000_full	L623278	1	1.0000
fix_b9000_full	L62337	1	0.4073
fix_b9000_full	L626238	0	0.9983
fix_b9000_full	L626353	1	0.8962
fix_b9000_full	L62839	0	1.0000
fix_b9000_full	L632457	0	1.0000
fix_b9000_full	L635118	0	1.0000
fix_b9000_full	L636888	0	1.0000
fix_b9000_full	L639959	0	1.0000
fix_b9000_full	L640160	0	1.0000
fix_b9000_full	L641936	0	0.7595
fix_b9000_full	L642984	0	1.0000
fix_b9000_full	L644406	0	0.9646
fix_b9000_full	L644497	0	1.0000
fix_b9000_full	L646751	0	1.0000
fix_b9000_full	L649091	1	1.0000
fix_b9000_full	L652753	0	1.0000
fix_b9000_full	L657061	0	1.0000
fix_b9000_full	L657332	0	1.0000
fix_b9000_full	L657537	0	1.0000
fix_b9000_full	L658591	0	1.0000
fix_b9000_full	L659549	0	0.9505
fix_b9000_full	L660443	0	0.9998
fix_b9000_full	L663427	0	0.9227
fix_b9000_full	L665914	1	1.0000
fix_b9000_full	L666180	0	1.0000
fix_b9000_full	L667013	0	1.0000
fix_b9000_full	L667839	0	1.0000
fix_b9000_full	L669436	0	1.0000
fix_b9000_full	L66992	0	1.0000
fix_b9000_full	L677371	0	1.0000
fix_b9000_full	L678289	0	1.0000
fix_b9000_full	L678676	0	1.0000
fix_b9000_full	L679717	0	0.6080
fix_b9000_full	L680683	0	1.0000
fix_b9000_full	L681033	0	1.0000
fix_b9000_full	L681532	0	1.0000
fix_b9000_full	L681559	0	1.0000
fix_b9000_full	L681852	0	1.0000
fix_b9000_full	L684567	0	1.0000
fix_b9000_full	L685962	0	1.0000
fix_b9000_full	L686506	0	1.0000
fix_b9000_full	L689721	0	1.0000
fix_b9000_full	L691596	0	1.0000
fix_b9000_full	L692386	0	1.0000
fix_b9000_full	L693733	1	0.5464
fix_b9000_full	L694998	0	1.0000
fix_b9000_full	L699028	0	0.9620
fix_b9000_full	L700056	0	1.0000
fix_b9000_full	L700404	0	1.0000
fix_b9000_full	L702168	0	1.0000
fix_b9000_full	L70331	0	0.9999
fix_b9000_full	L704136	0	1.0000
fix_b9000_full	L704338	1	1.0000
fix_b9000_full	L705787	0	0.7895
fix_b9000_full	L706127	0	0.4384
fix_b9000_full	L706802	0	1.0000
fix_b9000_full	L707187	0	1.0000
fix_b9000_full	L710321	0	1.0000
fix_b9000_full	L711529	0	1.0000
fix_b9000_full	L71277	1	1.0000
fix_b9000_full	L713051	0	1.0000
fix_b9000_full	L715677	0	1.0000
fix_b9000_full	L716679	0	1.0000
fix_b9000_full	L720310	0	1.0000
fix_b9000_full	L720918	0	1.0000
fix_b9000_full	L722647	0	1.0000
fix_b9000_full	L722885	0	0.8525
fix_b9000_full	L725643	0	0.9406
fix_b9000_full	L730413	0	1.0000
fix_b9000_full	L731956	0	1.0000
fix_b9000_full	L736973	0	1.0000
fix_b9000_full	L740874	0	1.0000
fix_b9000_full	L741246	0	1.0000
fix_b9000_full	L742863	0	1.0000
fix_b9000_full	L743451	1	0.2671
fix_b9000_full	L748093	0	1.0000
fix_b9000_full	L751266	0	0.6099
fix_b9000_full	L752342	1	1.0000
fix_b9000_full	L752475	0	1.0000
fix_b9000_full	L752653	0	1.0000
fix_b9000_full	L75387	0	1.0000
fix_b9000_full	L754764	0	1.0000
fix_b9000_full	L755702	1	1.0000
fix_b9000_full	L759676	0	1.0000
fix_b9000_full	L759690	0	1.0000
fix_b9000_full	L759925	0	1.0000
fix_b9000_full	L760304	0	1.0000
fix_b9000_full	L762113	0	1.0000
fix_b9000_full	L762771	0	0.7229
fix_b9000_full	L763808	0	1.0000
fix_b9000_full	L764107	1	1.0000
fix_b9000_full	L764127	0	0.9963
fix_b9000_full	L764282	0	1.0000
fix_b9000_full	L764916	0	0.9999
fix_b9000_full	L77164	0	1.0000
fix_b9000_full	L773134	0	1.0000
fix_b9000_full	L774588	0	1.0000
fix_b9000_full	L774738	0	1.0000
fix_b9000_full	L775906	0	1.0000
fix_b9000_full	L778698	0	1.0000
fix_b9000_full	L779464	0	1.0000
fix_b9000_full	L779937	0	1.0000
fix_b9000_full	L780609	0	1.0000
fix_b9000_full	L784473	0	1.0000
fix_b9000_full	L787550	0	1.0000
fix_b9000_full	L789409	0	1.0000
fix_b9000_full	L790771	0	1.0000
fix_b9000_full	L792951	1	1.0000
fix_b9000_full	L79315	0	1.0000
fix_b9000_full	L793490	0	1.0000
fix_b9000_full	L79406	0	1.0000
fix_b9000_full	L79610	1	1.0000
fix_b9000_full	L796809	0	0.4583
fix_b9000_full	L798449	0	1.0000
fix_b9000_full	L801473	0	1.0000
fix_b9000_full	L801620	0	0.9708
fix_b9000_full	L801738	1	0.5151
fix_b9000_full	L803364	1	0.9453
fix_b9000_full	L803613	0	1.0000
fix_b9000_full	L804778	1	0.8658
fix_b9000_full	L808364	1	1.0000
fix_b9000_full	L809372	0	1.0000
fix_b9000_full	L809693	1	0.5136
fix_b9000_full	L811734	0	1.0000
fix_b9000_full	L81215	0	1.0000
fix_b9000_full	L812450	0	1.0000
fix_b9000_full	L812672	0	1.0000
fix_b9000_full	L815977	0	0.8809
fix_b9000_full	L816644	0	1.0000
fix_b9000_full	L81909	0	1.0000
fix_b9000_full	L819563	0	1.0000
fix_b9000_full	L821100	0	1.0000
fix_b9000_full	L822334	0	1.0000
fix_b9000_full	L824223	0	1.0000
fix_b9000_full	L827048	0	1.0000
fix_b9000_full	L827129	0	1.0000
fix_b9000_full	L829233	0	0.7139
fix_b9000_full	L83001	0	1.0000
fix_b9000_full	L830371	0	1.0000
fix_b9000_full	L832923	0	1.0000
fix_b9000_full	L834579	0	1.0000
fix_b9000_full	L834622	0	1.0000
fix_b9000_full	L837955	0	1.0000
fix_b9000_full	L843972	0	0.9237
fix_b9000_full	L845031	0	1.0000
fix_b9000_full	L846960	0	1.0000
fix_b9000_full	L847988	0	1.0000
fix_b9000_full	L849505	0	1.0000
fix_b9000_full	L851847	0	1.0000
fix_b9000_full	L853299	0	1.0000
fix_b9000_full	L855747	1	0.4109
fix_b9000_full	L855935	0	1.0000
fix_b9000_full	L856753	0	1.0000
fix_b9000_full	L85748	0	0.9990
fix_b9000_full	L858843	0	1.0000
fix_b9000_full	L862725	0	1.0000
fix_b9000_full	L864050	0	1.0000
fix_b9000_full	L86679	0	1.0000
fix_b9000_full	L868640	0	1.0000
fix_b9000_full	L869371	0	1.0000
fix_b9000_full	L869433	0	1.0000
fix_b9000_full	L873249	0	1.0000
fix_b9000_full	L883133	0	1.0000
fix_b9000_full	L883660	0	1.0000
fix_b9000_full	L884453	0	1.0000
fix_b9000_full	L885068	0	1.0000
fix_b9000_full	L885624	0	1.0000
fix_b9000_full	L886084	0	1.0000
fix_b9000_full	L886474	1	0.8511
fix_b9000_full	L886813	0	1.0000
fix_b9000_full	L888328	0	1.0000
fix_b9000_full	L888339	0	1.0000
fix_b9000_full	L888692	0	0.3374
fix_b9000_full	L892540	0	1.0000
fix_b9000_full	L894181	0	1.0000
fix_b9000_full	L895192	1	1.0000
fix_b9000_full	L895682	0	1.0000
fix_b9000_full	L898645	1	0.9221
fix_b9000_full	L900297	1	1.0000
fix_b9000_full	L902295	0	1.0000
fix_b9000_full	L902514	1	0.6982
fix_b9000_full	L906439	0	1.0000
fix_b9000_full	L907227	0	1.0000
fix_b9000_full	L90734	0	1.0000
fix_b9000_full	L909856	0	1.0000
fix_b9000_full	L910412	1	0.5390
fix_b9000_full	L910841	1	0.9815
fix_b9000_full	L911364	0	1.0000
fix_b9000_full	L912237	0	1.0000
fix_b9000_full	L913833	0	1.0000
fix_b9000_full	L914150	0	1.0000
fix_b9000_full	L914195	0	1.0000
fix_b9000_full	L91480	1	1.0000
fix_b9000_full	L918005	0	1.0000
fix_b9000_full	L918018	0	1.0000
fix_b9000_full	L923738	1	0.8620
fix_b9000_full	L924400	0	1.0000
fix_b9000_full	L925260	0	0.9859
fix_b9000_full	L928875	1	1.0000
fix_b9000_full	L93124	0	1.0000
fix_b9000_full	L93295	0	1.0000
fix_b9000_full	L933087	1	1.0000
fix_b9000_full	L933852	0	1.0000
fix_b9000_full	L936253	0	1.0000
fix_b9000_full	L940767	0	0.9999
fix_b9000_full	L941368	0	0.9966
fix_b9000_full	L941926	0	1.0000
fix_b9000_full	L942873	0	1.0000
fix_b9000_full	L943752	0	1.0000
fix_b9000_full	L948601	0	1.0000
fix_b9000_full	L94945	0	0.9544
fix_b9000_full	L949761	1	0.7716
fix_b9000_full	L953203	0	1.0000
fix_b9000_full	L95620	0	1.0000
fix_b9000_full	L957565	0	1.0000
fix_b9000_full	L960419	0	1.0000
fix_b9000_full	L962289	0	1.0000
fix_b9000_full	L96262	0	1.0000
fix_b9000_full	L962680	0	1.0000
fix_b9000_full	L967795	0	1.0000
fix_b9000_full	L968437	0	1.0000
fix_b9000_full	L969615	0	0.5451
fix_b9000_full	L970400	1	0.6112
fix_b9000_full	L972698	0	1.0000
fix_b9000_full	L974207	0	1.0000
fix_b9000_full	L979330	0	1.0000
fix_b9000_full	L983346	0	1.0000
fix_b9000_full	L984768	0	1.0000
fix_b9000_full	L984796	0	1.0000
fix_b9000_full	L985204	0	1.0000
fix_b9000_full	L985959	0	1.0000
fix_b9000_full	L986820	1	1.0000
fix_b9000_full	L989999	1	1.0000
fix_b9000_full	L994491	0	1.0000
fix_b9000_full	L997717	1	1.0000
fix_b9000_full	L998540	0	1.0000
stock_b1000_frag	L1002585	0	0.8513
stock_b1000_frag	L1004185	1	0.2412
stock_b1000_frag	L1005032	0	0.5136
stock_b1000_frag	L1011227	0	0.7860
stock_b1000_frag	L1012049	0	0.3683
stock_b1000_frag	L1012199	0	0.4852
stock_b1000_frag	L1016849	0	0.9756
stock_b1000_frag	L1017537	0	1.0000
stock_b1000_frag	L1021907	0	0.3389
stock_b1000_frag	L1024044	0	0.3344
stock_b1000_frag	L1024542	0	0.3358
stock_b1000_frag	L1025399	0	1.0000
stock_b1000_frag	L1026799	0	0.3326
stock_b1000_frag	L102922	1	0.3668
stock_b1000_frag	L1029951	1	0.7957
stock_b1000_frag	L1030819	0	0.9999
stock_b1000_frag	L103249	0	0.1949
stock_b1000_frag	L1036266	0	0.9787
stock_b1000_frag	L1036426	0	0.9999
stock_b1000_frag	L1038977	1	0.8024
stock_b1000_frag	L1044163	1	0.3855
stock_b1000_frag	L1044444	0	0.4663
stock_b1000_frag	L1046348	3	0.4083
stock_b1000_frag	L1046966	0	0.5434
stock_b1000_frag	L1050743	0	0.9605
stock_b1000_frag	L1052309	0	1.0000
stock_b1000_frag	L1053445	0	1.0000
stock_b1000_frag	L1054346	1	0.5165
stock_b1000_frag	L1055550	0	1.0000
stock_b1000_frag	L1058576	0	0.7085
stock_b1000_frag	L1060120	1	0.4302
stock_b1000_frag	L1061482	0	0.6089
stock_b1000_frag	L1061587	18	0.2666
stock_b1000_frag	L1062126	0	0.8629
stock_b1000_frag	L1063587	1	0.7790
stock_b1000_frag	L1064227	0	0.9979
stock_b1000_frag	L1065804	19	0.9622
stock_b1000_frag	L1068964	0	0.4746
stock_b1000_frag	L1069832	0	0.3249
stock_b1000_frag	L1071754	1	0.2495
stock_b1000_frag	L1072449	0	0.4702
stock_b1000_frag	L1073165	1	0.7494
stock_b1000_frag	L1075189	1	0.2601
stock_b1000_frag	L1081827	1	0.3147
stock_b1000_frag	L1082663	0	0.9571
stock_b1000_frag	L1083972	0	0.8262
stock_b1000_frag	L1085175	0	0.3930
stock_b1000_frag	L1087086	1	0.3139
stock_b1000_frag	L1087105	1	0.3320
stock_b1000_frag	L1089119	1	0.3560
stock_b1000_frag	L1090631	2	0.2973
stock_b1000_frag	L1091178	1	0.4376
stock_b1000_frag	L1091281	1	0.3269
stock_b1000_frag	L1091323	1	0.5319
stock_b1000_frag	L1091479	0	0.4570
stock_b1000_frag	L1092388	1	0.4509
stock_b1000_frag	L1096376	0	0.9977
stock_b1000_frag	L1099155	0	0.7745
stock_b1000_frag	L1101520	0	1.0000
stock_b1000_frag	L1106265	0	1.0000
stock_b1000_frag	L1106965	0	0.9777
stock_b1000_frag	L1107538	0	0.9850
stock_b1000_frag	L1109734	0	1.0000
stock_b1000_frag	L1110523	1	0.4993
stock_b1000_frag	L1116847	0	0.9997
stock_b1000_frag	L1117806	0	1.0000
stock_b1000_frag	L1123172	1	0.3794
stock_b1000_frag	L112480	0	0.3725
stock_b1000_frag	L1125468	0	0.9845
stock_b1000_frag	L1125564	1	0.5185
stock_b1000_frag	L1126749	2	0.1735
stock_b1000_frag	L1127804	11	0.2438
stock_b1000_frag	L1128821	0	0.9970
stock_b1000_frag	L1132817	0	1.0000
stock_b1000_frag	L1134826	1	0.3032
stock_b1000_frag	L1135019	1	0.3325
stock_b1000_frag	L113844	1	0.4853
stock_b1000_frag	L1138559	1	0.7048
stock_b1000_frag	L1139573	2	0.1724
stock_b1000_frag	L1142178	2	0.2072
stock_b1000_frag	L1143584	1	0.3337
stock_b1000_frag	L1146782	1	0.3766
stock_b1000_frag	L1148275	0	0.8513
stock_b1000_frag	L1148681	0	0.6314
stock_b1000_frag	L1148861	1	0.2533
stock_b1000_frag	L115160	0	0.8118
stock_b1000_frag	L1152742	1	0.3792
stock_b1000_frag	L1159462	0	0.9804
stock_b1000_frag	L1160593	0	0.5639
stock_b1000_frag	L1166860	2	0.4036
stock_b1000_frag	L1169308	0	0.3869
stock_b1000_frag	L1171933	0	0.9936
stock_b1000_frag	L1175689	0	0.4997
stock_b1000_frag	L1176510	0	1.0000
stock_b1000_frag	L1176819	4	0.3554
stock_b1000_frag	L1181526	0	0.2981
stock_b1000_frag	L1184831	0	0.3436
stock_b1000_frag	L1188236	0	0.9987
stock_b1000_frag	L1189606	0	1.0000
stock_b1000_frag	L1190029	0	1.0000
stock_b1000_frag	L1192003	0	0.5013
stock_b1000_frag	L1193093	1	0.3894
stock_b1000_frag	L1193626	0	0.8063
stock_b1000_frag	L1194943	0	0.3341
stock_b1000_frag	L1200114	0	0.9935
stock_b1000_frag	L1200373	1	0.4015
stock_b1000_frag	L1202626	0	0.4374
stock_b1000_frag	L1203652	0	0.6814
stock_b1000_frag	L1205967	0	0.9494
stock_b1000_frag	L1206149	0	0.8744
stock_b1000_frag	L1208940	0	1.0000
stock_b1000_frag	L120959	2	0.3089
stock_b1000_frag	L1211345	0	1.0000
stock_b1000_frag	L1212637	0	0.9999
stock_b1000_frag	L1212861	0	0.3790
stock_b1000_frag	L121334	0	0.3858
stock_b1000_frag	L1215236	1	0.1860
stock_b1000_frag	L1217544	1	0.6867
stock_b1000_frag	L1217630	1	0.3535
stock_b1000_frag	L1218521	0	0.9083
stock_b1000_frag	L121873	1	0.6665
stock_b1000_frag	L1218743	0	1.0000
stock_b1000_frag	L1219260	1	0.5475
stock_b1000_frag	L1219324	0	0.9826
stock_b1000_frag	L1223018	1	0.5210
stock_b1000_frag	L12241	0	0.2781
stock_b1000_frag	L122411	2	0.5740
stock_b1000_frag	L1228313	1	0.4190
stock_b1000_frag	L1228316	0	0.4176
stock_b1000_frag	L1228698	0	0.1741
stock_b1000_frag	L1229975	1	0.5556
stock_b1000_frag	L1233030	1	0.4012
stock_b1000_frag	L1234322	0	0.7693
stock_b1000_frag	L1235564	0	0.9238
stock_b1000_frag	L1237368	2	0.1342
stock_b1000_frag	L1242536	0	0.5167
stock_b1000_frag	L1243882	0	0.8909
stock_b1000_frag	L1244427	1	0.1718
stock_b1000_frag	L1247700	0	1.0000
stock_b1000_frag	L1249050	0	0.9988
stock_b1000_frag	L1252273	1	0.3161
stock_b1000_frag	L1252715	0	0.8694
stock_b1000_frag	L125500	1	0.3007
stock_b1000_frag	L125644	0	1.0000
stock_b1000_frag	L1263639	0	1.0000
stock_b1000_frag	L1263909	1	0.2515
stock_b1000_frag	L1267300	0	0.1979
stock_b1000_frag	L1267973	1	0.3192
stock_b1000_frag	L1268056	4	0.1724
stock_b1000_frag	L1269000	1	0.2058
stock_b1000_frag	L1269225	1	0.4227
stock_b1000_frag	L1269960	0	0.7705
stock_b1000_frag	L1270519	0	0.2660
stock_b1000_frag	L1271695	0	0.8458
stock_b1000_frag	L1274988	2	0.7995
stock_b1000_frag	L1277578	1	0.3451
stock_b1000_frag	L1277861	0	0.4696
stock_b1000_frag	L1281298	0	0.6038
stock_b1000_frag	L1283746	0	1.0000
stock_b1000_frag	L1284558	1	0.3462
stock_b1000_frag	L1286758	0	0.3981
stock_b1000_frag	L1291250	1	0.5364
stock_b1000_frag	L129208	0	0.6423
stock_b1000_frag	L1292363	1	0.2214
stock_b1000_frag	L1292503	0	1.0000
stock_b1000_frag	L1294408	0	0.4707
stock_b1000_frag	L1294453	1	0.5318
stock_b1000_frag	L1294952	1	0.5359
stock_b1000_frag	L1297512	0	0.7719
stock_b1000_frag	L1298142	0	1.0000
stock_b1000_frag	L1299862	0	1.0000
stock_b1000_frag	L1302458	3	0.3551
stock_b1000_frag	L1307852	0	1.0000
stock_b1000_frag	L130839	0	0.8501
stock_b1000_frag	L1309046	0	0.3558
stock_b1000_frag	L1314993	1	0.6583
stock_b1000_frag	L1316645	26	0.2061
stock_b1000_frag	L1316673	2	0.2910
stock_b1000_frag	L1319261	1	0.3511
stock_b1000_frag	L1320029	3	0.5130
stock_b1000_frag	L1321139	1	0.4267
stock_b1000_frag	L1322298	0	0.7138
stock_b1000_frag	L1325043	0	1.0000
stock_b1000_frag	L1328601	0	0.7869
stock_b1000_frag	L1330004	0	0.7266
stock_b1000_frag	L1334204	0	0.6786
stock_b1000_frag	L1334727	0	0.2673
stock_b1000_frag	L1337969	2	0.1562
stock_b1000_frag	L1338440	1	0.5631
stock_b1000_frag	L1338867	1	0.4124
stock_b1000_frag	L13406	0	1.0000
stock_b1000_frag	L1341334	0	1.0000
stock_b1000_frag	L1342936	0	1.0000
stock_b1000_frag	L1343571	7	0.1869
stock_b1000_frag	L134770	0	0.8362
stock_b1000_frag	L1348767	0	0.4671
stock_b1000_frag	L1349954	0	0.9227
stock_b1000_frag	L1350260	3	0.1924
stock_b1000_frag	L1354350	0	0.9961
stock_b1000_frag	L1358832	2	0.7023
stock_b1000_frag	L1362201	1	0.4190
stock_b1000_frag	L1362636	1	0.3850
stock_b1000_frag	L1365362	0	0.6272
stock_b1000_frag	L1366477	0	0.4835
stock_b1000_frag	L1369644	0	0.2214
stock_b1000_frag	L13698	0	0.9925
stock_b1000_frag	L1371092	0	0.6390
stock_b1000_frag	L1372683	0	0.9120
stock_b1000_frag	L1372686	0	0.2838
stock_b1000_frag	L1373403	0	1.0000
stock_b1000_frag	L1378339	0	0.7729
stock_b1000_frag	L1379425	1	0.2647
stock_b1000_frag	L1380845	0	1.0000
stock_b1000_frag	L1382177	0	0.5653
stock_b1000_frag	L1382936	0	0.3386
stock_b1000_frag	L1382969	1	0.6601
stock_b1000_frag	L1383932	14	0.0995
stock_b1000_frag	L1384051	3	0.1596
stock_b1000_frag	L1393346	1	0.2531
stock_b1000_frag	L1394372	0	0.7985
stock_b1000_frag	L1398058	0	1.0000
stock_b1000_frag	L1398565	15	0.9384
stock_b1000_frag	L1400233	0	0.9647
stock_b1000_frag	L1400557	4	0.1561
stock_b1000_frag	L1403214	0	0.9993
stock_b1000_frag	L1409097	0	1.0000
stock_b1000_frag	L1409378	0	1.0000
stock_b1000_frag	L1410763	1	0.3913
stock_b1000_frag	L1410905	0	0.9944
stock_b1000_frag	L1411655	0	0.3059
stock_b1000_frag	L1421095	0	0.8808
stock_b1000_frag	L1421423	0	0.3902
stock_b1000_frag	L1431164	0	0.9965
stock_b1000_frag	L1435268	3	0.2739
stock_b1000_frag	L1438447	0	0.9014
stock_b1000_frag	L1440099	0	1.0000
stock_b1000_frag	L1440354	2	0.3940
stock_b1000_frag	L1440579	1	0.4024
stock_b1000_frag	L1441065	0	0.9500
stock_b1000_frag	L1442950	0	0.9994
stock_b1000_frag	L144630	1	0.3089
stock_b1000_frag	L144966	0	0.9999
stock_b1000_frag	L1450044	0	0.9999
stock_b1000_frag	L145721	0	0.4077
stock_b1000_frag	L1463127	0	0.9991
stock_b1000_frag	L1463808	0	0.2573
stock_b1000_frag	L1468044	1	0.1295
stock_b1000_frag	L1468317	0	0.3674
stock_b1000_frag	L1470882	0	1.0000
stock_b1000_frag	L1472026	0	0.9903
stock_b1000_frag	L1475336	0	1.0000
stock_b1000_frag	L1477	0	0.4318
stock_b1000_frag	L1477137	0	0.6172
stock_b1000_frag	L1478713	1	0.7682
stock_b1000_frag	L1479097	0	0.6025
stock_b1000_frag	L1482186	0	0.2693
stock_b1000_frag	L1483022	1	0.4129
stock_b1000_frag	L1485252	1	0.4859
stock_b1000_frag	L1487868	2	0.1635
stock_b1000_frag	L1489958	1	0.3699
stock_b1000_frag	L1491338	0	0.9999
stock_b1000_frag	L1491406	0	0.3140
stock_b1000_frag	L1492427	2	0.2750
stock_b1000_frag	L1494927	0	0.8476
stock_b1000_frag	L1496723	0	0.9999
stock_b1000_frag	L14998	0	1.0000
stock_b1000_frag	L1500041	0	0.7825
stock_b1000_frag	L1500792	1	0.4787
stock_b1000_frag	L1501054	0	0.9998
stock_b1000_frag	L1501117	2	0.2447
stock_b1000_frag	L150284	2	0.3187
stock_b1000_frag	L1503080	0	0.4681
stock_b1000_frag	L1506056	0	0.9708
stock_b1000_frag	L1506305	0	0.9947
stock_b1000_frag	L1507593	0	0.3623
stock_b1000_frag	L1507721	0	0.8658
stock_b1000_frag	L1509635	0	1.0000
stock_b1000_frag	L1511077	1	0.3614
stock_b1000_frag	L1511516	0	0.7342
stock_b1000_frag	L151270	1	0.2470
stock_b1000_frag	L1513453	0	0.6615
stock_b1000_frag	L1513508	0	0.9569
stock_b1000_frag	L1514059	2	0.2567
stock_b1000_frag	L151434	0	1.0000
stock_b1000_frag	L1520281	2	0.1576
stock_b1000_frag	L1522665	0	0.3404
stock_b1000_frag	L1525581	0	1.0000
stock_b1000_frag	L152670	1	0.7830
stock_b1000_frag	L1527449	1	0.7309
stock_b1000_frag	L1532593	0	0.4416
stock_b1000_frag	L1537084	2	0.6829
stock_b1000_frag	L1545445	6	0.1190
stock_b1000_frag	L1549764	1	0.4163
stock_b1000_frag	L1553511	4	0.4959
stock_b1000_frag	L1555961	0	0.2995
stock_b1000_frag	L1556158	1	0.3990
stock_b1000_frag	L1559085	0	1.0000
stock_b1000_frag	L1559370	5	0.0793
stock_b1000_frag	L1561684	1	0.6669
stock_b1000_frag	L1563921	1	0.2242
stock_b1000_frag	L1564440	0	0.5942
stock_b1000_frag	L1564788	0	0.8711
stock_b1000_frag	L1570442	0	0.2633
stock_b1000_frag	L1577548	3	0.3861
stock_b1000_frag	L1582773	0	0.7749
stock_b1000_frag	L1586476	0	0.9998
stock_b1000_frag	L1591774	7	0.2391
stock_b1000_frag	L1592464	2	0.5283
stock_b1000_frag	L1592890	2	0.1868
stock_b1000_frag	L1593009	1	0.2957
stock_b1000_frag	L1594265	0	0.6013
stock_b1000_frag	L15949	0	0.9997
stock_b1000_frag	L1595729	0	0.6385
stock_b1000_frag	L1596023	0	0.9098
stock_b1000_frag	L1596979	0	0.6948
stock_b1000_frag	L1599150	0	1.0000
stock_b1000_frag	L1605496	0	0.2293
stock_b1000_frag	L1608356	2	0.3314
stock_b1000_frag	L1608408	1	0.4387
stock_b1000_frag	L1609523	0	0.9997
stock_b1000_frag	L1611831	2	0.2504
stock_b1000_frag	L1613719	1	0.3584
stock_b1000_frag	L1613862	0	0.9956
stock_b1000_frag	L1614892	0	1.0000
stock_b1000_frag	L1615590	0	0.9949
stock_b1000_frag	L1616879	0	0.2179
stock_b1000_frag	L1617022	1	0.2792
stock_b1000_frag	L1619438	3	0.2466
stock_b1000_frag	L1619907	0	1.0000
stock_b1000_frag	L1620099	3	0.1723
stock_b1000_frag	L1622776	1	0.2467
stock_b1000_frag	L1622804	0	0.3634
stock_b1000_frag	L1623315	0	0.2331
stock_b1000_frag	L1625869	0	1.0000
stock_b1000_frag	L1632251	0	0.9940
stock_b1000_frag	L1632593	3	0.2095
stock_b1000_frag	L1633409	1	0.5214
stock_b1000_frag	L163519	0	0.9340
stock_b1000_frag	L1635479	1	0.4509
stock_b1000_frag	L1638116	0	0.4858
stock_b1000_frag	L1642892	3	0.3334
stock_b1000_frag	L1647022	0	1.0000
stock_b1000_frag	L1649256	0	1.0000
stock_b1000_frag	L1650196	0	0.5660
stock_b1000_frag	L1654301	1	0.3960
stock_b1000_frag	L1656331	2	0.2529
stock_b1000_frag	L1657868	2	0.2292
stock_b1000_frag	L1658774	4	0.4481
stock_b1000_frag	L1660134	0	0.3972
stock_b1000_frag	L166249	0	1.0000
stock_b1000_frag	L1663458	1	0.3366
stock_b1000_frag	L16644	2	0.1539
stock_b1000_frag	L1664922	4	0.6434
stock_b1000_frag	L1666954	0	0.6037
stock_b1000_frag	L1668737	0	0.5130
stock_b1000_frag	L167239	0	0.4936
stock_b1000_frag	L167308	0	1.0000
stock_b1000_frag	L1673443	1	0.3247
stock_b1000_frag	L1677915	0	0.9490
stock_b1000_frag	L1679070	0	0.7622
stock_b1000_frag	L1679327	0	0.6522
stock_b1000_frag	L1681571	2	0.1291
stock_b1000_frag	L1683975	6	0.1151
stock_b1000_frag	L1687257	1	0.2347
stock_b1000_frag	L1689425	4	0.2363
stock_b1000_frag	L1690704	4	0.1532
stock_b1000_frag	L1690718	1	0.2300
stock_b1000_frag	L1692614	7	0.2134
stock_b1000_frag	L1693021	1	0.3597
stock_b1000_frag	L1693729	0	0.7078
stock_b1000_frag	L1698795	0	1.0000
stock_b1000_frag	L1700325	1	0.4016
stock_b1000_frag	L1701759	0	0.8076
stock_b1000_frag	L1706009	0	0.4084
stock_b1000_frag	L1710196	1	0.6738
stock_b1000_frag	L1713230	0	0.3111
stock_b1000_frag	L1714485	1	0.3605
stock_b1000_frag	L1715650	1	0.2277
stock_b1000_frag	L1717886	4	0.2271
stock_b1000_frag	L1720587	1	0.4708
stock_b1000_frag	L1721987	0	1.0000
stock_b1000_frag	L1722777	0	1.0000
stock_b1000_frag	L1724773	1	0.6640
stock_b1000_frag	L1725448	0	0.9805
stock_b1000_frag	L1727481	1	0.1592
stock_b1000_frag	L1728562	1	0.1326
stock_b1000_frag	L1729015	0	0.0863
stock_b1000_frag	L1729974	0	0.2781
stock_b1000_frag	L1731527	1	0.7361
stock_b1000_frag	L173383	1	0.4253
stock_b1000_frag	L1735097	1	0.0914
stock_b1000_frag	L1736351	0	1.0000
stock_b1000_frag	L1736591	0	0.9987
stock_b1000_frag	L1739879	1	0.1834
stock_b1000_frag	L1741008	0	1.0000
stock_b1000_frag	L1741461	0	0.2010
stock_b1000_frag	L174176	3	0.9882
stock_b1000_frag	L1741919	2	0.4527
stock_b1000_frag	L1743480	2	0.2312
stock_b1000_frag	L1744154	0	0.5933
stock_b1000_frag	L1746595	0	0.9949
stock_b1000_frag	L1748112	0	1.0000
stock_b1000_frag	L1748957	0	0.9058
stock_b1000_frag	L1749257	1	0.1772
stock_b1000_frag	L175348	0	0.3254
stock_b1000_frag	L1753832	0	1.0000
stock_b1000_frag	L1755416	0	0.3894
stock_b1000_frag	L1758324	0	0.9067
stock_b1000_frag	L1758608	0	0.9781
stock_b1000_frag	L1758614	0	0.3678
stock_b1000_frag	L1758704	1	0.3800
stock_b1000_frag	L1762064	1	0.5096
stock_b1000_frag	L1765663	1	0.2672
stock_b1000_frag	L1766093	0	0.3290
stock_b1000_frag	L176738	7	0.1416
stock_b1000_frag	L1768336	0	0.1335
stock_b1000_frag	L176876	0	1.0000
stock_b1000_frag	L1768935	1	0.1746
stock_b1000_frag	L1770348	0	1.0000
stock_b1000_frag	L1770471	0	1.0000
stock_b1000_frag	L1772400	0	0.6422
stock_b1000_frag	L1774077	4	0.1371
stock_b1000_frag	L1774332	2	0.5758
stock_b1000_frag	L177650	0	1.0000
stock_b1000_frag	L1778239	2	0.2271
stock_b1000_frag	L1778753	0	0.9946
stock_b1000_frag	L1785009	0	0.2114
stock_b1000_frag	L1788156	0	0.9743
stock_b1000_frag	L179015	0	0.3242
stock_b1000_frag	L1790481	2	0.3092
stock_b1000_frag	L1791527	0	0.9256
stock_b1000_frag	L1792265	0	0.9919
stock_b1000_frag	L1793065	0	0.5943
stock_b1000_frag	L1794712	1	0.3169
stock_b1000_frag	L1794839	0	0.9177
stock_b1000_frag	L1796826	0	0.9818
stock_b1000_frag	L1797546	0	1.0000
stock_b1000_frag	L1798302	0	1.0000
stock_b1000_frag	L1799840	1	0.4695
stock_b1000_frag	L1801258	0	0.7739
stock_b1000_frag	L1802345	0	0.9958
stock_b1000_frag	L180509	0	1.0000
stock_b1000_frag	L1808966	0	0.6775
stock_b1000_frag	L1809234	0	0.5502
stock_b1000_frag	L1811231	1	0.2951
stock_b1000_frag	L1812445	0	0.7940
stock_b1000_frag	L1814309	1	0.3336
stock_b1000_frag	L1816451	0	0.2586
stock_b1000_frag	L1817551	0	0.8231
stock_b1000_frag	L1820447	3	0.2555
stock_b1000_frag	L1821765	0	0.5376
stock_b1000_frag	L1822989	0	1.0000
stock_b1000_frag	L1823086	0	0.4257
stock_b1000_frag	L1825981	0	0.8904
stock_b1000_frag	L1826918	0	1.0000
stock_b1000_frag	L1830338	0	1.0000
stock_b1000_frag	L18313	0	0.2969
stock_b1000_frag	L1831368	0	0.9998
stock_b1000_frag	L183802	0	0.6865
stock_b1000_frag	L1838244	0	1.0000
stock_b1000_frag	L1838501	1	0.5777
stock_b1000_frag	L1838652	2	0.1266
stock_b1000_frag	L1840388	1	0.4554
stock_b1000_frag	L1848896	3	0.2750
stock_b1000_frag	L1856065	0	0.9400
stock_b1000_frag	L1857129	0	0.3672
stock_b1000_frag	L1858192	0	1.0000
stock_b1000_frag	L1858235	1	0.2080
stock_b1000_frag	L1859863	0	0.3356
stock_b1000_frag	L1860283	2	0.4374
stock_b1000_frag	L1867226	0	0.3045
stock_b1000_frag	L186847	23	0.3862
stock_b1000_frag	L1869818	0	0.1434
stock_b1000_frag	L1872590	0	1.0000
stock_b1000_frag	L1872595	0	0.9998
stock_b1000_frag	L1873245	1	0.3473
stock_b1000_frag	L1873642	0	0.9551
stock_b1000_frag	L1874928	0	0.1360
stock_b1000_frag	L1876149	0	0.3874
stock_b1000_frag	L18800	0	0.5180
stock_b1000_frag	L1882201	1	0.4421
stock_b1000_frag	L1882838	0	0.7294
stock_b1000_frag	L1883125	1	0.2543
stock_b1000_frag	L1883999	1	0.1547
stock_b1000_frag	L1886440	0	0.7664
stock_b1000_frag	L1889760	0	1.0000
stock_b1000_frag	L189322	1	0.4751
stock_b1000_frag	L1895575	0	0.2489
stock_b1000_frag	L1897444	0	0.9579
stock_b1000_frag	L1898605	0	0.9998
stock_b1000_frag	L1898611	0	1.0000
stock_b1000_frag	L190102	0	1.0000
stock_b1000_frag	L1902625	0	0.4017
stock_b1000_frag	L1905283	3	0.6413
stock_b1000_frag	L190650	0	1.0000
stock_b1000_frag	L190687	0	0.9866
stock_b1000_frag	L1908570	1	0.2557
stock_b1000_frag	L1909629	2	0.1946
stock_b1000_frag	L1911881	3	0.1682
stock_b1000_frag	L1912	0	1.0000
stock_b1000_frag	L191488	0	0.4484
stock_b1000_frag	L1920826	1	0.4011
stock_b1000_frag	L192237	0	0.9633
stock_b1000_frag	L1924744	0	1.0000
stock_b1000_frag	L1925847	1	0.2612
stock_b1000_frag	L1928273	10	0.1589
stock_b1000_frag	L1928790	16	0.2493
stock_b1000_frag	L1932241	0	0.6026
stock_b1000_frag	L1932659	0	1.0000
stock_b1000_frag	L1933206	0	0.9845
stock_b1000_frag	L1933253	0	0.9070
stock_b1000_frag	L1933970	0	0.8812
stock_b1000_frag	L1936643	0	0.3386
stock_b1000_frag	L1940497	0	0.4660
stock_b1000_frag	L1942177	3	0.4828
stock_b1000_frag	L1942305	0	0.7407
stock_b1000_frag	L1943673	2	0.2405
stock_b1000_frag	L1944226	0	0.9144
stock_b1000_frag	L1944640	0	0.3631
stock_b1000_frag	L1944904	2	0.1671
stock_b1000_frag	L194952	1	0.2616
stock_b1000_frag	L1951280	0	0.9965
stock_b1000_frag	L1952353	2	0.1680
stock_b1000_frag	L1953692	2	0.5522
stock_b1000_frag	L1954656	0	0.2750
stock_b1000_frag	L1955598	1	0.7430
stock_b1000_frag	L1955973	1	0.3911
stock_b1000_frag	L195908	0	1.0000
stock_b1000_frag	L1964032	0	0.9987
stock_b1000_frag	L1965961	1	0.5086
stock_b1000_frag	L1970360	0	0.9999
stock_b1000_frag	L1970493	0	0.5388
stock_b1000_frag	L1970551	1	0.9651
stock_b1000_frag	L1970668	0	0.5663
stock_b1000_frag	L1971017	1	0.2455
stock_b1000_frag	L1975091	0	0.3595
stock_b1000_frag	L1975857	0	0.8305
stock_b1000_frag	L197613	1	0.1852
stock_b1000_frag	L1976785	1	0.2227
stock_b1000_frag	L1981866	2	0.2452
stock_b1000_frag	L1982300	0	1.0000
stock_b1000_frag	L1983183	1	0.4199
stock_b1000_frag	L1986059	4	0.5584
stock_b1000_frag	L1990411	0	1.0000
stock_b1000_frag	L1991628	0	1.0000
stock_b1000_frag	L1994839	0	1.0000
stock_b1000_frag	L1996032	0	1.0000
stock_b1000_frag	L202116	0	1.0000
stock_b1000_frag	L204802	1	0.1948
stock_b1000_frag	L208863	1	0.5120
stock_b1000_frag	L209724	2	0.2011
stock_b1000_frag	L2105	0	1.0000
stock_b1000_frag	L210838	1	0.2169
stock_b1000_frag	L21151	0	0.4221
stock_b1000_frag	L216034	0	0.6733
stock_b1000_frag	L216528	0	0.1925
stock_b1000_frag	L217349	0	1.0000
stock_b1000_frag	L222365	18	0.2641
stock_b1000_frag	L225416	1	0.3694
stock_b1000_frag	L227476	0	0.9164
stock_b1000_frag	L228723	0	0.9929
stock_b1000_frag	L231682	0	1.0000
stock_b1000_frag	L232060	0	1.0000
stock_b1000_frag	L233375	3	0.1012
stock_b1000_frag	L235764	0	1.0000
stock_b1000_frag	L238858	0	0.3312
stock_b1000_frag	L243818	0	1.0000
stock_b1000_frag	L244003	1	0.3467
stock_b1000_frag	L244965	0	0.6179
stock_b1000_frag	L24866	1	0.4415
stock_b1000_frag	L250969	0	1.0000
stock_b1000_frag	L252902	0	0.3934
stock_b1000_frag	L253345	1	0.3271
stock_b1000_frag	L257043	1	0.3055
stock_b1000_frag	L257465	0	0.2098
stock_b1000_frag	L258378	2	0.4476
stock_b1000_frag	L258696	0	1.0000
stock_b1000_frag	L260842	1	0.8134
stock_b1000_frag	L260939	0	0.9227
stock_b1000_frag	L261190	0	1.0000
stock_b1000_frag	L267309	1	0.2969
stock_b1000_frag	L267846	0	1.0000
stock_b1000_frag	L270977	0	0.4591
stock_b1000_frag	L272730	0	1.0000
stock_b1000_frag	L273461	22	0.5442
stock_b1000_frag	L282320	0	1.0000
stock_b1000_frag	L283173	0	0.3313
stock_b1000_frag	L283368	1	0.1874
stock_b1000_frag	L288752	0	0.6173
stock_b1000_frag	L2888	20	0.7144
stock_b1000_frag	L293305	7	0.6474
stock_b1000_frag	L293537	0	0.9570
stock_b1000_frag	L294764	1	0.1478
stock_b1000_frag	L299364	0	0.2962
stock_b1000_frag	L299595	1	0.2894
stock_b1000_frag	L299782	0	0.9579
stock_b1000_frag	L300401	0	1.0000
stock_b1000_frag	L30336	0	0.5678
stock_b1000_frag	L310087	1	0.1890
stock_b1000_frag	L312118	2	0.2862
stock_b1000_frag	L318026	0	0.8710
stock_b1000_frag	L318722	0	0.8312
stock_b1000_frag	L31952	1	0.8431
stock_b1000_frag	L319839	0	0.4052
stock_b1000_frag	L319888	0	0.9553
stock_b1000_frag	L320440	1	0.4694
stock_b1000_frag	L321627	0	1.0000
stock_b1000_frag	L322333	0	0.3864
stock_b1000_frag	L322794	1	0.6091
stock_b1000_frag	L322866	1	0.3609
stock_b1000_frag	L324151	3	0.4563
stock_b1000_frag	L324946	0	0.9967
stock_b1000_frag	L32606	0	0.6959
stock_b1000_frag	L326205	0	1.0000
stock_b1000_frag	L327486	0	1.0000
stock_b1000_frag	L331805	0	0.4233
stock_b1000_frag	L331807	1	0.6845
stock_b1000_frag	L333401	1	0.4297
stock_b1000_frag	L333865	0	1.0000
stock_b1000_frag	L335478	1	0.5031
stock_b1000_frag	L336916	1	0.2044
stock_b1000_frag	L337726	1	0.4296
stock_b1000_frag	L343911	0	0.9990
stock_b1000_frag	L346110	0	1.0000
stock_b1000_frag	L35206	1	0.2336
stock_b1000_frag	L352100	0	1.0000
stock_b1000_frag	L353330	1	0.3275
stock_b1000_frag	L353755	1	0.2925
stock_b1000_frag	L354281	1	0.6727
stock_b1000_frag	L355469	0	0.2354
stock_b1000_frag	L355973	1	0.2473
stock_b1000_frag	L358098	0	0.9975
stock_b1000_frag	L358427	0	1.0000
stock_b1000_frag	L36185	0	0.8959
stock_b1000_frag	L36374	0	0.9960
stock_b1000_frag	L36393	1	0.2521
stock_b1000_frag	L364477	0	0.5869
stock_b1000_frag	L368265	1	0.4132
stock_b1000_frag	L369221	1	0.3525
stock_b1000_frag	L370516	0	0.9999
stock_b1000_frag	L375608	2	0.1194
stock_b1000_frag	L375999	1	0.2338
stock_b1000_frag	L376343	0	0.5672
stock_b1000_frag	L377914	1	0.4511
stock_b1000_frag	L380751	4	0.0903
stock_b1000_frag	L382166	0	1.0000
stock_b1000_frag	L382724	0	0.9999
stock_b1000_frag	L383909	1	0.6652
stock_b1000_frag	L385595	8	0.2095
stock_b1000_frag	L386761	0	1.0000
stock_b1000_frag	L38847	1	0.4796
stock_b1000_frag	L388838	1	0.2541
stock_b1000_frag	L390056	1	0.2959
stock_b1000_frag	L390847	0	0.4759
stock_b1000_frag	L391263	0	0.4727
stock_b1000_frag	L394934	0	0.7113
stock_b1000_frag	L396359	0	1.0000
stock_b1000_frag	L397005	1	0.5215
stock_b1000_frag	L398087	2	0.3170
stock_b1000_frag	L401127	0	0.9989
stock_b1000_frag	L402454	0	0.3322
stock_b1000_frag	L403424	0	0.4821
stock_b1000_frag	L405687	0	0.4050
stock_b1000_frag	L409413	1	0.4275
stock_b1000_frag	L411451	0	1.0000
stock_b1000_frag	L414909	0	0.9979
stock_b1000_frag	L414959	0	1.0000
stock_b1000_frag	L418437	0	1.0000
stock_b1000_frag	L419149	0	0.6934
stock_b1000_frag	L422199	0	1.0000
stock_b1000_frag	L42258	3	0.2436
stock_b1000_frag	L425262	1	0.5852
stock_b1000_frag	L425629	1	0.2443
stock_b1000_frag	L431467	2	0.9936
stock_b1000_frag	L433013	0	1.0000
stock_b1000_frag	L435219	0	1.0000
stock_b1000_frag	L442957	1	0.2256
stock_b1000_frag	L4469	0	1.0000
stock_b1000_frag	L446901	0	1.0000
stock_b1000_frag	L449888	0	0.1816
stock_b1000_frag	L450863	0	1.0000
stock_b1000_frag	L454426	0	0.2706
stock_b1000_frag	L456423	4	0.4451
stock_b1000_frag	L458224	1	0.6922
stock_b1000_frag	L45866	1	0.5885
stock_b1000_frag	L459126	1	0.4808
stock_b1000_frag	L459710	0	0.8113
stock_b1000_frag	L460845	5	0.3717
stock_b1000_frag	L462461	0	0.5941
stock_b1000_frag	L462611	1	0.2551
stock_b1000_frag	L465953	0	0.6225
stock_b1000_frag	L466572	1	0.4854
stock_b1000_frag	L469914	0	0.2566
stock_b1000_frag	L472973	1	0.1577
stock_b1000_frag	L47627	0	1.0000
stock_b1000_frag	L477052	0	0.7057
stock_b1000_frag	L477480	0	0.4337
stock_b1000_frag	L478354	0	0.9893
stock_b1000_frag	L480723	0	0.5431
stock_b1000_frag	L481009	1	0.3156
stock_b1000_frag	L481562	0	0.9586
stock_b1000_frag	L481889	2	0.1788
stock_b1000_frag	L482581	1	0.4481
stock_b1000_frag	L488483	1	0.4502
stock_b1000_frag	L494762	0	1.0000
stock_b1000_frag	L496946	0	0.6616
stock_b1000_frag	L497994	0	0.9861
stock_b1000_frag	L498642	23	0.4313
stock_b1000_frag	L499837	20	0.0316
stock_b1000_frag	L500481	0	0.9857
stock_b1000_frag	L501837	1	0.6712
stock_b1000_frag	L506324	0	1.0000
stock_b1000_frag	L5117	1	0.2748
stock_b1000_frag	L511916	0	0.9770
stock_b1000_frag	L515141	1	0.4269
stock_b1000_frag	L516046	1	0.3357
stock_b1000_frag	L520263	0	1.0000
stock_b1000_frag	L521167	17	0.9990
stock_b1000_frag	L521904	0	0.7001
stock_b1000_frag	L523867	0	0.9559
stock_b1000_frag	L524464	0	0.5688
stock_b1000_frag	L525527	3	0.1799
stock_b1000_frag	L529623	0	0.8878
stock_b1000_frag	L531061	0	0.5661
stock_b1000_frag	L533105	0	1.0000
stock_b1000_frag	L534964	0	0.9094
stock_b1000_frag	L535240	1	0.3914
stock_b1000_frag	L535400	1	0.2425
stock_b1000_frag	L536467	0	0.9988
stock_b1000_frag	L536524	3	0.1814
stock_b1000_frag	L539572	1	0.3941
stock_b1000_frag	L539623	0	0.7569
stock_b1000_frag	L541274	0	0.9320
stock_b1000_frag	L541585	0	0.7806
stock_b1000_frag	L543256	0	1.0000
stock_b1000_frag	L544561	0	0.3741
stock_b1000_frag	L545165	4	0.2886
stock_b1000_frag	L546910	0	0.3555
stock_b1000_frag	L548504	0	0.7816
stock_b1000_frag	L551442	0	1.0000
stock_b1000_frag	L555925	0	0.9847
stock_b1000_frag	L556696	1	0.4677
stock_b1000_frag	L559531	17	0.5293
stock_b1000_frag	L560176	0	1.0000
stock_b1000_frag	L561367	1	0.3234
stock_b1000_frag	L564679	1	0.2707
stock_b1000_frag	L566745	1	0.6757
stock_b1000_frag	L568989	0	1.0000
stock_b1000_frag	L570772	1	0.2240
stock_b1000_frag	L572521	0	0.4396
stock_b1000_frag	L577507	0	0.6764
stock_b1000_frag	L578197	1	0.9904
stock_b1000_frag	L584866	0	0.4789
stock_b1000_frag	L586948	0	0.3974
stock_b1000_frag	L589777	1	0.2628
stock_b1000_frag	L589868	0	0.3146
stock_b1000_frag	L590205	0	0.8831
stock_b1000_frag	L59044	0	0.9924
stock_b1000_frag	L599511	2	0.2982
stock_b1000_frag	L60389	0	1.0000
stock_b1000_frag	L614050	0	0.9998
stock_b1000_frag	L617862	1	0.3994
stock_b1000_frag	L620966	5	0.3978
stock_b1000_frag	L623278	0	0.2741
stock_b1000_frag	L62337	1	0.2117
stock_b1000_frag	L626238	0	0.5555
stock_b1000_frag	L626353	0	0.4843
stock_b1000_frag	L62839	0	0.6419
stock_b1000_frag	L632457	0	0.5687
stock_b1000_frag	L635118	0	1.0000
stock_b1000_frag	L636888	1	0.3166
stock_b1000_frag	L639959	0	1.0000
stock_b1000_frag	L640160	0	1.0000
stock_b1000_frag	L641936	1	0.1237
stock_b1000_frag	L642984	0	1.0000
stock_b1000_frag	L644406	1	0.2726
stock_b1000_frag	L644497	1	0.3877
stock_b1000_frag	L646751	0	1.0000
stock_b1000_frag	L649091	2	0.3858
stock_b1000_frag	L652753	0	0.6240
stock_b1000_frag	L657061	0	1.0000
stock_b1000_frag	L657332	0	1.0000
stock_b1000_frag	L657537	0	0.9990
stock_b1000_frag	L658591	0	1.0000
stock_b1000_frag	L659549	1	0.3546
stock_b1000_frag	L660443	0	0.4470
stock_b1000_frag	L663427	1	0.8013
stock_b1000_frag	L665914	1	0.3643
stock_b1000_frag	L666180	1	0.4257
stock_b1000_frag	L667013	1	0.4420
stock_b1000_frag	L667839	0	1.0000
stock_b1000_frag	L669436	2	0.0904
stock_b1000_frag	L66992	0	0.9888
stock_b1000_frag	L677371	0	1.0000
stock_b1000_frag	L678289	0	0.9590
stock_b1000_frag	L678676	0	0.8830
stock_b1000_frag	L679717	1	0.3453
stock_b1000_frag	L680683	1	0.9656
stock_b1000_frag	L681033	0	0.9089
stock_b1000_frag	L681532	0	0.8953
stock_b1000_frag	L681559	0	0.8082
stock_b1000_frag	L681852	0	0.3524
stock_b1000_frag	L684567	0	1.0000
stock_b1000_frag	L685962	1	0.5076
stock_b1000_frag	L686506	0	0.3341
stock_b1000_frag	L689721	0	0.8229
stock_b1000_frag	L691596	0	0.3092
stock_b1000_frag	L692386	0	0.9635
stock_b1000_frag	L693733	0	0.2038
stock_b1000_frag	L694998	0	0.9986
stock_b1000_frag	L699028	1	0.7469
stock_b1000_frag	L700056	0	1.0000
stock_b1000_frag	L700404	0	0.9913
stock_b1000_frag	L702168	0	1.0000
stock_b1000_frag	L70331	0	0.3062
stock_b1000_frag	L704136	0	1.0000
stock_b1000_frag	L704338	1	0.3064
stock_b1000_frag	L705787	2	0.3105
stock_b1000_frag	L706127	5	0.1882
stock_b1000_frag	L706802	0	0.7098
stock_b1000_frag	L707187	0	1.0000
stock_b1000_frag	L710321	0	1.0000
stock_b1000_frag	L711529	0	0.9998
stock_b1000_frag	L71277	1	0.3702
stock_b1000_frag	L713051	0	0.5574
stock_b1000_frag	L715677	0	1.0000
stock_b1000_frag	L716679	0	0.4192
stock_b1000_frag	L720310	0	0.2772
stock_b1000_frag	L720918	0	0.4190
stock_b1000_frag	L722647	0	0.8261
stock_b1000_frag	L722885	1	0.4022
stock_b1000_frag	L725643	3	0.0979
stock_b1000_frag	L730413	1	0.3695
stock_b1000_frag	L731956	0	0.9998
stock_b1000_frag	L736973	0	1.0000
stock_b1000_frag	L740874	0	0.2351
stock_b1000_frag	L741246	0	1.0000
stock_b1000_frag	L742863	0	0.9966
stock_b1000_frag	L743451	1	0.1002
stock_b1000_frag	L748093	5	0.2006
stock_b1000_frag	L751266	0	0.4947
stock_b1000_frag	L752342	1	0.1471
stock_b1000_frag	L752475	0	0.9985
stock_b1000_frag	L752653	1	0.3823
stock_b1000_frag	L75387	0	0.5519
stock_b1000_frag	L754764	0	0.9706
stock_b1000_frag	L755702	0	0.3290
stock_b1000_frag	L759676	0	0.8082
stock_b1000_frag	L759690	0	0.9907
stock_b1000_frag	L759925	0	1.0000
stock_b1000_frag	L760304	0	0.9985
stock_b1000_frag	L762113	0	0.9675
stock_b1000_frag	L762771	0	0.2136
stock_b1000_frag	L763808	0	1.0000
stock_b1000_frag	L764107	0	0.3326
stock_b1000_frag	L764127	0	0.9222
stock_b1000_frag	L764282	0	0.9910
stock_b1000_frag	L764916	0	0.7962
stock_b1000_frag	L77164	2	0.1839
stock_b1000_frag	L773134	0	1.0000
stock_b1000_frag	L774588	0	1.0000
stock_b1000_frag	L774738	0	1.0000
stock_b1000_frag	L775906	2	0.1529
stock_b1000_frag	L778698	1	0.3379
stock_b1000_frag	L779464	0	0.4775
stock_b1000_frag	L779937	0	0.3670
stock_b1000_frag	L780609	0	0.9980
stock_b1000_frag	L784473	4	0.1529
stock_b1000_frag	L787550	0	0.9922
stock_b1000_frag	L789409	0	0.3525
stock_b1000_frag	L790771	0	0.9775
stock_b1000_frag	L792951	1	0.4276
stock_b1000_frag	L79315	0	0.8737
stock_b1000_frag	L793490	1	0.2621
stock_b1000_frag	L79406	0	0.5147
stock_b1000_frag	L79610	1	0.5426
stock_b1000_frag	L796809	1	0.1231
stock_b1000_frag	L798449	0	1.0000
stock_b1000_frag	L801473	0	0.9991
stock_b1000_frag	L801620	1	0.1641
stock_b1000_frag	L801738	0	0.9994
stock_b1000_frag	L803364	0	0.2385
stock_b1000_frag	L803613	1	0.4110
stock_b1000_frag	L804778	0	0.2453
stock_b1000_frag	L808364	1	0.3709
stock_b1000_frag	L809372	0	0.9908
stock_b1000_frag	L809693	0	0.3809
stock_b1000_frag	L811734	0	0.9589
stock_b1000_frag	L81215	0	0.9989
stock_b1000_frag	L812450	0	1.0000
stock_b1000_frag	L812672	1	0.3719
stock_b1000_frag	L815977	1	0.5099
stock_b1000_frag	L816644	0	1.0000
stock_b1000_frag	L81909	0	0.9947
stock_b1000_frag	L819563	3	0.2194
stock_b1000_frag	L821100	0	0.9616
stock_b1000_frag	L822334	0	0.9679
stock_b1000_frag	L824223	0	0.3928
stock_b1000_frag	L827048	1	0.5388
stock_b1000_frag	L827129	0	0.9519
stock_b1000_frag	L829233	0	0.8652
stock_b1000_frag	L83001	0	0.9778
stock_b1000_frag	L830371	0	0.9868
stock_b1000_frag	L832923	0	0.9680
stock_b1000_frag	L834579	0	0.7858
stock_b1000_frag	L834622	1	0.4504
stock_b1000_frag	L837955	0	0.9962
stock_b1000_frag	L843972	3	0.1810
stock_b1000_frag	L845031	0	0.9872
stock_b1000_frag	L846960	0	1.0000
stock_b1000_frag	L847988	1	0.2830
stock_b1000_frag	L849505	0	0.5690
stock_b1000_frag	L851847	1	0.4396
stock_b1000_frag	L853299	0	1.0000
stock_b1000_frag	L855747	1	0.2044
stock_b1000_frag	L855935	0	0.9850
stock_b1000_frag	L856753	0	1.0000
stock_b1000_frag	L85748	1	0.8763
stock_b1000_frag	L858843	0	0.9997
stock_b1000_frag	L862725	0	1.0000
stock_b1000_frag	L864050	0	1.0000
stock_b1000_frag	L86679	0	1.0000
stock_b1000_frag	L868640	0	1.0000
stock_b1000_frag	L869371	0	0.4702
stock_b1000_frag	L869433	0	0.9933
stock_b1000_frag	L873249	0	0.9837
stock_b1000_frag	L883133	0	0.9375
stock_b1000_frag	L883660	0	0.4788
stock_b1000_frag	L884453	0	0.9119
stock_b1000_frag	L885068	0	0.8622
stock_b1000_frag	L885624	5	0.0984
stock_b1000_frag	L886084	0	0.4517
stock_b1000_frag	L886474	7	0.4620
stock_b1000_frag	L886813	0	0.2823
stock_b1000_frag	L888328	0	0.9966
stock_b1000_frag	L888339	0	1.0000
stock_b1000_frag	L888692	1	0.1112
stock_b1000_frag	L892540	0	1.0000
stock_b1000_frag	L894181	8	0.1614
stock_b1000_frag	L895192	1	0.7112
stock_b1000_frag	L895682	1	0.3793
stock_b1000_frag	L898645	0	0.7579
stock_b1000_frag	L900297	2	0.2677
stock_b1000_frag	L902295	0	1.0000
stock_b1000_frag	L902514	2	0.4075
stock_b1000_frag	L906439	0	0.9401
stock_b1000_frag	L907227	0	0.6596
stock_b1000_frag	L90734	0	1.0000
stock_b1000_frag	L909856	1	0.4374
stock_b1000_frag	L910412	5	0.2585
stock_b1000_frag	L910841	0	0.7331
stock_b1000_frag	L911364	0	0.9927
stock_b1000_frag	L912237	0	0.4143
stock_b1000_frag	L913833	6	0.3090
stock_b1000_frag	L914150	0	0.8123
stock_b1000_frag	L914195	2	0.2102
stock_b1000_frag	L91480	0	0.4924
stock_b1000_frag	L918005	0	0.9959
stock_b1000_frag	L918018	0	1.0000
stock_b1000_frag	L923738	0	0.5175
stock_b1000_frag	L924400	1	0.5076
stock_b1000_frag	L925260	0	0.2322
stock_b1000_frag	L928875	2	0.2341
stock_b1000_frag	L93124	1	0.9160
stock_b1000_frag	L93295	0	0.9722
stock_b1000_frag	L933087	1	0.4706
stock_b1000_frag	L933852	0	0.8634
stock_b1000_frag	L936253	0	1.0000
stock_b1000_frag	L940767	0	0.5368
stock_b1000_frag	L941368	2	0.1730
stock_b1000_frag	L941926	0	1.0000
stock_b1000_frag	L942873	1	0.2187
stock_b1000_frag	L943752	0	0.4976
stock_b1000_frag	L948601	0	0.5343
stock_b1000_frag	L94945	3	0.3469
stock_b1000_frag	L949761	1	0.2273
stock_b1000_frag	L953203	0	0.2241
stock_b1000_frag	L95620	0	0.5208
stock_b1000_frag	L957565	0	0.3477
stock_b1000_frag	L960419	1	0.4521
stock_b1000_frag	L962289	2	0.6075
stock_b1000_frag	L96262	0	0.9999
stock_b1000_frag	L962680	0	0.8990
stock_b1000_frag	L967795	1	0.3534
stock_b1000_frag	L968437	1	1.0000
stock_b1000_frag	L969615	1	0.3141
stock_b1000_frag	L970400	1	0.4141
stock_b1000_frag	L972698	0	1.0000
stock_b1000_frag	L974207	0	0.6203
stock_b1000_frag	L979330	1	0.7859
stock_b1000_frag	L983346	0	0.9998
stock_b1000_frag	L984768	0	0.6489
stock_b1000_frag	L984796	0	0.7993
stock_b1000_frag	L985204	1	0.3956
stock_b1000_frag	L985959	0	1.0000
stock_b1000_frag	L986820	1	0.4867
stock_b1000_frag	L989999	1	0.3157
stock_b1000_frag	L994491	0	0.7646
stock_b1000_frag	L997717	0	0.3585
stock_b1000_frag	L998540	2	0.0939
stock_b1000_full	L1002585	0	1.0000
stock_b1000_full	L1004185	0	0.9569
stock_b1000_full	L1005032	0	1.0000
stock_b1000_full	L1011227	0	1.0000
stock_b1000_full	L1012049	0	1.0000
stock_b1000_full	L1012199	0	1.0000
stock_b1000_full	L1016849	0	1.0000
stock_b1000_full	L1017537	0	1.0000
stock_b1000_full	L1021907	0	1.0000
stock_b1000_full	L1024044	0	1.0000
stock_b1000_full	L1024542	0	1.0000
stock_b1000_full	L1025399	0	1.0000
stock_b1000_full	L1026799	0	1.0000
stock_b1000_full	L102922	0	0.9600
stock_b1000_full	L1029951	1	0.9016
stock_b1000_full	L1030819	0	1.0000
stock_b1000_full	L103249	1	1.0000
stock_b1000_full	L1036266	0	1.0000
stock_b1000_full	L1036426	0	1.0000
stock_b1000_full	L1038977	1	1.0000
stock_b1000_full	L1044163	0	0.5409
stock_b1000_full	L1044444	0	0.9994
stock_b1000_full	L1046348	0	1.0000
stock_b1000_full	L1046966	0	1.0000
stock_b1000_full	L1050743	0	1.0000
stock_b1000_full	L1052309	0	1.0000
stock_b1000_full	L1053445	0	1.0000
stock_b1000_full	L1054346	0	0.9995
stock_b1000_full	L1055550	0	1.0000
stock_b1000_full	L1058576	0	1.0000
stock_b1000_full	L1060120	1	1.0000
stock_b1000_full	L1061482	1	0.9959
stock_b1000_full	L1061587	1	1.0000
stock_b1000_full	L1062126	0	1.0000
stock_b1000_full	L1063587	0	1.0000
stock_b1000_full	L1064227	0	1.0000
stock_b1000_full	L1065804	0	1.0000
stock_b1000_full	L1068964	0	1.0000
stock_b1000_full	L1069832	0	1.0000
stock_b1000_full	L1071754	0	0.5239
stock_b1000_full	L1072449	1	1.0000
stock_b1000_full	L1073165	0	0.7239
stock_b1000_full	L1075189	1	0.7783
stock_b1000_full	L1081827	1	0.6159
stock_b1000_full	L1082663	0	1.0000
stock_b1000_full	L1083972	0	1.0000
stock_b1000_full	L1085175	0	1.0000
stock_b1000_full	L1087086	1	0.5570
stock_b1000_full	L1087105	1	0.5924
stock_b1000_full	L1089119	1	0.9580
stock_b1000_full	L1090631	0	1.0000
stock_b1000_full	L1091178	0	0.8406
stock_b1000_full	L1091281	0	0.5525
stock_b1000_full	L1091323	1	1.0000
stock_b1000_full	L1091479	0	1.0000
stock_b1000_full	L1092388	0	1.0000
stock_b1000_full	L1096376	0	1.0000
stock_b1000_full	L1099155	0	1.0000
stock_b1000_full	L1101520	0	1.0000
stock_b1000_full	L1106265	0	1.0000
stock_b1000_full	L1106965	0	1.0000
stock_b1000_full	L1107538	0	1.0000
stock_b1000_full	L1109734	0	1.0000
stock_b1000_full	L1110523	0	1.0000
stock_b1000_full	L1116847	0	1.0000
stock_b1000_full	L1117806	1	1.0000
stock_b1000_full	L1123172	0	1.0000
stock_b1000_full	L112480	0	1.0000
stock_b1000_full	L1125468	0	1.0000
stock_b1000_full	L1125564	0	1.0000
stock_b1000_full	L1126749	0	1.0000
stock_b1000_full	L1127804	1	0.3855
stock_b1000_full	L1128821	0	1.0000
stock_b1000_full	L1132817	0	1.0000
stock_b1000_full	L1134826	1	1.0000
stock_b1000_full	L1135019	1	0.6004
stock_b1000_full	L113844	0	0.6598
stock_b1000_full	L1138559	1	0.7949
stock_b1000_full	L1139573	1	1.0000
stock_b1000_full	L1142178	1	0.3434
stock_b1000_full	L1143584	0	1.0000
stock_b1000_full	L1146782	1	1.0000
stock_b1000_full	L1148275	1	1.0000
stock_b1000_full	L1148681	0	1.0000
stock_b1000_full	L1148861	0	1.0000
stock_b1000_full	L115160	0	1.0000
stock_b1000_full	L1152742	0	0.5297
stock_b1000_full	L1159462	0	1.0000
stock_b1000_full	L1160593	0	1.0000
stock_b1000_full	L1166860	1	1.0000
stock_b1000_full	L1169308	1	1.0000
stock_b1000_full	L1171933	0	1.0000
stock_b1000_full	L1175689	0	1.0000
stock_b1000_full	L1176510	0	1.0000
stock_b1000_full	L1176819	1	0.5922
stock_b1000_full	L1181526	0	1.0000
stock_b1000_full	L1184831	0	1.0000
stock_b1000_full	L1188236	0	1.0000
stock_b1000_full	L1189606	0	1.0000
stock_b1000_full	L1190029	0	1.0000
stock_b1000_full	L1192003	0	1.0000
stock_b1000_full	L1193093	1	0.9815
stock_b1000_full	L1193626	0	1.0000
stock_b1000_full	L1194943	1	1.0000
stock_b1000_full	L1200114	0	1.0000
stock_b1000_full	L1200373	0	1.0000
stock_b1000_full	L1202626	0	1.0000
stock_b1000_full	L1203652	0	1.0000
stock_b1000_full	L1205967	0	1.0000
stock_b1000_full	L1206149	0	1.0000
stock_b1000_full	L1208940	0	1.0000
stock_b1000_full	L120959	0	1.0000
stock_b1000_full	L1211345	0	1.0000
stock_b1000_full	L1212637	0	1.0000
stock_b1000_full	L1212861	0	1.0000
stock_b1000_full	L121334	1	0.4063
stock_b1000_full	L1215236	0	0.9996
stock_b1000_full	L1217544	0	1.0000
stock_b1000_full	L1217630	0	1.0000
stock_b1000_full	L1218521	0	1.0000
stock_b1000_full	L121873	0	1.0000
stock_b1000_full	L1218743	0	1.0000
stock_b1000_full	L1219260	0	1.0000
stock_b1000_full	L1219324	0	1.0000
stock_b1000_full	L1223018	1	0.7129
stock_b1000_full	L12241	1	0.4875
stock_b1000_full	L122411	0	1.0000
stock_b1000_full	L1228313	0	1.0000
stock_b1000_full	L1228316	0	1.0000
stock_b1000_full	L1228698	0	1.0000
stock_b1000_full	L1229975	0	1.0000
stock_b1000_full	L1233030	0	0.9532
stock_b1000_full	L1234322	0	1.0000
stock_b1000_full	L1235564	0	1.0000
stock_b1000_full	L1237368	1	0.3995
stock_b1000_full	L1242536	0	1.0000
stock_b1000_full	L1243882	0	1.0000
stock_b1000_full	L1244427	1	0.8599
stock_b1000_full	L1247700	0	1.0000
stock_b1000_full	L1249050	0	1.0000
stock_b1000_full	L1252273	1	1.0000
stock_b1000_full	L1252715	0	1.0000
stock_b1000_full	L125500	0	1.0000
stock_b1000_full	L125644	0	1.0000
stock_b1000_full	L1263639	0	1.0000
stock_b1000_full	L1263909	0	1.0000
stock_b1000_full	L1267300	0	1.0000
stock_b1000_full	L1267973	0	0.6635
stock_b1000_full	L1268056	1	0.4149
stock_b1000_full	L1269000	0	1.0000
stock_b1000_full	L1269225	0	1.0000
stock_b1000_full	L1269960	0	1.0000
stock_b1000_full	L1270519	1	0.4832
stock_b1000_full	L1271695	1	1.0000
stock_b1000_full	L1274988	0	1.0000
stock_b1000_full	L1277578	1	1.0000
stock_b1000_full	L1277861	0	1.0000
stock_b1000_full	L1281298	0	1.0000
stock_b1000_full	L1283746	0	1.0000
stock_b1000_full	L1284558	0	0.8688
stock_b1000_full	L1286758	0	1.0000
stock_b1000_full	L1291250	0	1.0000
stock_b1000_full	L129208	0	1.0000
stock_b1000_full	L1292363	0	0.8859
stock_b1000_full	L1292503	0	1.0000
stock_b1000_full	L1294408	1	0.5949
stock_b1000_full	L1294453	0	0.9905
stock_b1000_full	L1294952	0	1.0000
stock_b1000_full	L1297512	0	1.0000
stock_b1000_full	L1298142	0	1.0000
stock_b1000_full	L1299862	0	1.0000
stock_b1000_full	L1302458	1	1.0000
stock_b1000_full	L1307852	0	1.0000
stock_b1000_full	L130839	0	1.0000
stock_b1000_full	L1309046	0	1.0000
stock_b1000_full	L1314993	0	1.0000
stock_b1000_full	L1316645	1	0.9983
stock_b1000_full	L1316673	0	0.8540
stock_b1000_full	L1319261	1	1.0000
stock_b1000_full	L1320029	1	0.5080
stock_b1000_full	L1321139	0	1.0000
stock_b1000_full	L1322298	0	1.0000
stock_b1000_full	L1325043	0	1.0000
stock_b1000_full	L1328601	0	1.0000
stock_b1000_full	L1330004	0	1.0000
stock_b1000_full	L1334204	0	1.0000
stock_b1000_full	L1334727	0	1.0000
stock_b1000_full	L1337969	0	0.6795
stock_b1000_full	L1338440	0	0.9802
stock_b1000_full	L1338867	1	1.0000
stock_b1000_full	L13406	0	1.0000
stock_b1000_full	L1341334	0	1.0000
stock_b1000_full	L1342936	0	1.0000
stock_b1000_full	L1343571	0	0.9997
stock_b1000_full	L134770	0	1.0000
stock_b1000_full	L1348767	1	1.0000
stock_b1000_full	L1349954	0	1.0000
stock_b1000_full	L1350260	0	1.0000
stock_b1000_full	L1354350	0	1.0000
stock_b1000_full	L1358832	0	1.0000
stock_b1000_full	L1362201	1	1.0000
stock_b1000_full	L1362636	1	1.0000
stock_b1000_full	L1365362	0	1.0000
stock_b1000_full	L1366477	0	1.0000
stock_b1000_full	L1369644	0	1.0000
stock_b1000_full	L13698	0	1.0000
stock_b1000_full	L1371092	1	1.0000
stock_b1000_full	L1372683	0	1.0000
stock_b1000_full	L1372686	0	1.0000
stock_b1000_full	L1373403	0	1.0000
stock_b1000_full	L1378339	0	1.0000
stock_b1000_full	L1379425	1	0.6556
stock_b1000_full	L1380845	0	1.0000
stock_b1000_full	L1382177	0	1.0000
stock_b1000_full	L1382936	0	0.5695
stock_b1000_full	L1382969	0	1.0000
stock_b1000_full	L1383932	0	1.0000
stock_b1000_full	L1384051	0	1.0000
stock_b1000_full	L1393346	0	0.6190
stock_b1000_full	L1394372	0	1.0000
stock_b1000_full	L1398058	0	1.0000
stock_b1000_full	L1398565	0	1.0000
stock_b1000_full	L1400233	0	1.0000
stock_b1000_full	L1400557	1	0.9992
stock_b1000_full	L1403214	0	1.0000
stock_b1000_full	L1409097	0	1.0000
stock_b1000_full	L1409378	0	1.0000
stock_b1000_full	L1410763	0	1.0000
stock_b1000_full	L1410905	0	1.0000
stock_b1000_full	L1411655	0	1.0000
stock_b1000_full	L1421095	0	1.0000
stock_b1000_full	L1421423	0	1.0000
stock_b1000_full	L1431164	0	1.0000
stock_b1000_full	L1435268	0	1.0000
stock_b1000_full	L1438447	0	1.0000
stock_b1000_full	L1440099	0	1.0000
stock_b1000_full	L1440354	0	1.0000
stock_b1000_full	L1440579	0	0.9960
stock_b1000_full	L1441065	0	1.0000
stock_b1000_full	L1442950	0	1.0000
stock_b1000_full	L144630	0	1.0000
stock_b1000_full	L144966	0	1.0000
stock_b1000_full	L1450044	0	1.0000
stock_b1000_full	L145721	0	1.0000
stock_b1000_full	L1463127	0	1.0000
stock_b1000_full	L1463808	1	1.0000
stock_b1000_full	L1468044	0	1.0000
stock_b1000_full	L1468317	0	1.0000
stock_b1000_full	L1470882	0	1.0000
stock_b1000_full	L1472026	0	1.0000
stock_b1000_full	L1475336	0	1.0000
stock_b1000_full	L1477	0	0.9974
stock_b1000_full	L1477137	1	1.0000
stock_b1000_full	L1478713	0	0.7325
stock_b1000_full	L1479097	0	1.0000
stock_b1000_full	L1482186	1	0.5656
stock_b1000_full	L1483022	1	1.0000
stock_b1000_full	L1485252	0	0.9019
stock_b1000_full	L1487868	0	1.0000
stock_b1000_full	L1489958	0	1.0000
stock_b1000_full	L1491338	0	1.0000
stock_b1000_full	L1491406	1	1.0000
stock_b1000_full	L1492427	1	0.6495
stock_b1000_full	L1494927	0	1.0000
stock_b1000_full	L1496723	0	1.0000
stock_b1000_full	L14998	0	1.0000
stock_b1000_full	L1500041	0	1.0000
stock_b1000_full	L1500792	0	1.0000
stock_b1000_full	L1501054	0	1.0000
stock_b1000_full	L1501117	1	0.7711
stock_b1000_full	L150284	0	0.9839
stock_b1000_full	L1503080	0	1.0000
stock_b1000_full	L1506056	0	1.0000
stock_b1000_full	L1506305	0	1.0000
stock_b1000_full	L1507593	0	1.0000
stock_b1000_full	L1507721	0	1.0000
stock_b1000_full	L1509635	0	1.0000
stock_b1000_full	L1511077	0	1.0000
stock_b1000_full	L1511516	1	1.0000
stock_b1000_full	L151270	0	1.0000
stock_b1000_full	L1513453	0	1.0000
stock_b1000_full	L1513508	0	1.0000
stock_b1000_full	L1514059	1	1.0000
stock_b1000_full	L151434	0	1.0000
stock_b1000_full	L1520281	0	0.9887
stock_b1000_full	L1522665	0	1.0000
stock_b1000_full	L1525581	0	1.0000
stock_b1000_full	L152670	0	1.0000
stock_b1000_full	L1527449	0	0.9915
stock_b1000_full	L1532593	1	0.6917
stock_b1000_full	L1537084	1	1.0000
stock_b1000_full	L1545445	1	0.5528
stock_b1000_full	L1549764	1	1.0000
stock_b1000_full	L1553511	0	1.0000
stock_b1000_full	L1555961	0	0.8030
stock_b1000_full	L1556158	0	1.0000
stock_b1000_full	L1559085	0	1.0000
stock_b1000_full	L1559370	0	1.0000
stock_b1000_full	L1561684	1	0.8642
stock_b1000_full	L1563921	1	1.0000
stock_b1000_full	L1564440	1	0.5002
stock_b1000_full	L1564788	0	1.0000
stock_b1000_full	L1570442	1	0.4364
stock_b1000_full	L1577548	0	1.0000
stock_b1000_full	L1582773	0	0.9999
stock_b1000_full	L1586476	0	1.0000
stock_b1000_full	L1591774	0	1.0000
stock_b1000_full	L1592464	0	1.0000
stock_b1000_full	L1592890	0	1.0000
stock_b1000_full	L1593009	0	1.0000
stock_b1000_full	L1594265	0	1.0000
stock_b1000_full	L15949	0	1.0000
stock_b1000_full	L1595729	1	0.9997
stock_b1000_full	L1596023	0	1.0000
stock_b1000_full	L1596979	0	1.0000
stock_b1000_full	L1599150	0	1.0000
stock_b1000_full	L1605496	0	1.0000
stock_b1000_full	L1608356	0	0.9676
stock_b1000_full	L1608408	0	0.5000
stock_b1000_full	L1609523	0	1.0000
stock_b1000_full	L1611831	1	0.6414
stock_b1000_full	L1613719	0	1.0000
stock_b1000_full	L1613862	0	1.0000
stock_b1000_full	L1614892	0	1.0000
stock_b1000_full	L1615590	0	1.0000
stock_b1000_full	L1616879	0	1.0000
stock_b1000_full	L1617022	1	1.0000
stock_b1000_full	L1619438	1	0.6002
stock_b1000_full	L1619907	0	1.0000
stock_b1000_full	L1620099	0	1.0000
stock_b1000_full	L1622776	1	0.5463
stock_b1000_full	L1622804	1	0.5735
stock_b1000_full	L1623315	0	1.0000
stock_b1000_full	L1625869	0	1.0000
stock_b1000_full	L1632251	0	1.0000
stock_b1000_full	L1632593	0	0.9997
stock_b1000_full	L1633409	0	0.8920
stock_b1000_full	L163519	0	1.0000
stock_b1000_full	L1635479	0	1.0000
stock_b1000_full	L1638116	0	1.0000
stock_b1000_full	L1642892	0	0.5777
stock_b1000_full	L1647022	0	1.0000
stock_b1000_full	L1649256	0	1.0000
stock_b1000_full	L1650196	0	1.0000
stock_b1000_full	L1654301	2	0.5686
stock_b1000_full	L1656331	1	0.5971
stock_b1000_full	L1657868	1	1.0000
stock_b1000_full	L1658774	0	0.5967
stock_b1000_full	L1660134	0	1.0000
stock_b1000_full	L166249	0	1.0000
stock_b1000_full	L1663458	0	1.0000
stock_b1000_full	L16644	0	1.0000
stock_b1000_full	L1664922	0	0.9848
stock_b1000_full	L1666954	0	1.0000
stock_b1000_full	L1668737	0	1.0000
stock_b1000_full	L167239	0	1.0000
stock_b1000_full	L167308	0	1.0000
stock_b1000_full	L1673443	0	1.0000
stock_b1000_full	L1677915	0	1.0000
stock_b1000_full	L1679070	0	0.9999
stock_b1000_full	L1679327	0	1.0000
stock_b1000_full	L1681571	0	1.0000
stock_b1000_full	L1683975	0	1.0000
stock_b1000_full	L1687257	0	1.0000
stock_b1000_full	L1689425	1	1.0000
stock_b1000_full	L1690704	0	0.5921
stock_b1000_full	L1690718	0	0.3393
stock_b1000_full	L1692614	0	1.0000
stock_b1000_full	L1693021	0	1.0000
stock_b1000_full	L1693729	0	1.0000
stock_b1000_full	L1698795	0	1.0000
stock_b1000_full	L1700325	0	1.0000
stock_b1000_full	L1701759	0	1.0000
stock_b1000_full	L1706009	0	0.9853
stock_b1000_full	L1710196	0	1.0000
stock_b1000_full	L1713230	0	1.0000
stock_b1000_full	L1714485	1	0.5784
stock_b1000_full	L1715650	0	1.0000
stock_b1000_full	L1717886	0	0.9854
stock_b1000_full	L1720587	0	1.0000
stock_b1000_full	L1721987	0	1.0000
stock_b1000_full	L1722777	0	1.0000
stock_b1000_full	L1724773	1	0.6910
stock_b1000_full	L1725448	0	1.0000
stock_b1000_full	L1727481	0	0.9748
stock_b1000_full	L1728562	0	0.4730
stock_b1000_full	L1729015	0	1.0000
stock_b1000_full	L1729974	0	1.0000
stock_b1000_full	L1731527	0	0.7635
stock_b1000_full	L173383	0	1.0000
stock_b1000_full	L1735097	0	0.9024
stock_b1000_full	L1736351	0	1.0000
stock_b1000_full	L1736591	0	1.0000
stock_b1000_full	L1739879	1	0.9992
stock_b1000_full	L1741008	0	1.0000
stock_b1000_full	L1741461	0	0.9405
stock_b1000_full	L174176	0	1.0000
stock_b1000_full	L1741919	1	0.7990
stock_b1000_full	L1743480	0	0.9998
stock_b1000_full	L1744154	0	1.0000
stock_b1000_full	L1746595	0	1.0000
stock_b1000_full	L1748112	0	1.0000
stock_b1000_full	L1748957	0	1.0000
stock_b1000_full	L1749257	1	0.9603
stock_b1000_full	L175348	0	1.0000
stock_b1000_full	L1753832	0	1.0000
stock_b1000_full	L1755416	1	1.0000
stock_b1000_full	L1758324	0	1.0000
stock_b1000_full	L1758608	0	1.0000
stock_b1000_full	L1758614	0	1.0000
stock_b1000_full	L1758704	1	0.9833
stock_b1000_full	L1762064	0	0.9957
stock_b1000_full	L1765663	1	0.3234
stock_b1000_full	L1766093	1	0.9730
stock_b1000_full	L176738	0	1.0000
stock_b1000_full	L1768336	0	1.0000
stock_b1000_full	L176876	0	1.0000
stock_b1000_full	L1768935	0	0.9934
stock_b1000_full	L1770348	0	1.0000
stock_b1000_full	L1770471	0	1.0000
stock_b1000_full	L1772400	0	1.0000
stock_b1000_full	L1774077	0	1.0000
stock_b1000_full	L1774332	0	0.9982
stock_b1000_full	L177650	0	1.0000
stock_b1000_full	L1778239	0	0.9989
stock_b1000_full	L1778753	0	1.0000
stock_b1000_full	L1785009	1	0.9885
stock_b1000_full	L1788156	0	1.0000
stock_b1000_full	L179015	0	1.0000
stock_b1000_full	L1790481	0	1.0000
stock_b1000_full	L1791527	0	1.0000
stock_b1000_full	L1792265	0	1.0000
stock_b1000_full	L1793065	0	1.0000
stock_b1000_full	L1794712	0	1.0000
stock_b1000_full	L1794839	0	1.0000
stock_b1000_full	L1796826	0	0.9993
stock_b1000_full	L1797546	0	1.0000
stock_b1000_full	L1798302	0	1.0000
stock_b1000_full	L1799840	0	0.9570
stock_b1000_full	L1801258	0	1.0000
stock_b1000_full	L1802345	0	1.0000
stock_b1000_full	L180509	0	1.0000
stock_b1000_full	L1808966	0	1.0000
stock_b1000_full	L1809234	0	1.0000
stock_b1000_full	L1811231	1	1.0000
stock_b1000_full	L1812445	0	1.0000
stock_b1000_full	L1814309	0	0.9997
stock_b1000_full	L1816451	0	1.0000
stock_b1000_full	L1817551	1	0.5374
stock_b1000_full	L1820447	0	0.5652
stock_b1000_full	L1821765	0	1.0000
stock_b1000_full	L1822989	0	1.0000
stock_b1000_full	L1823086	0	1.0000
stock_b1000_full	L1825981	0	1.0000
stock_b1000_full	L1826918	0	1.0000
stock_b1000_full	L1830338	0	1.0000
stock_b1000_full	L18313	0	1.0000
stock_b1000_full	L1831368	0	1.0000
stock_b1000_full	L183802	0	1.0000
stock_b1000_full	L1838244	0	1.0000
stock_b1000_full	L1838501	0	0.9634
stock_b1000_full	L1838652	0	1.0000
stock_b1000_full	L1840388	0	0.9807
stock_b1000_full	L1848896	0	1.0000
stock_b1000_full	L1856065	0	1.0000
stock_b1000_full	L1857129	0	0.9966
stock_b1000_full	L1858192	0	1.0000
stock_b1000_full	L1858235	0	0.5083
stock_b1000_full	L1859863	0	0.9316
stock_b1000_full	L1860283	1	1.0000
stock_b1000_full	L1867226	0	0.9876
stock_b1000_full	L186847	0	1.0000
stock_b1000_full	L1869818	1	1.0000
stock_b1000_full	L1872590	0	1.0000
stock_b1000_full	L1872595	0	1.0000
stock_b1000_full	L1873245	0	0.9066
stock_b1000_full	L1873642	0	1.0000
stock_b1000_full	L1874928	1	0.3879
stock_b1000_full	L1876149	0	0.9999
stock_b1000_full	L18800	0	1.0000
stock_b1000_full	L1882201	1	0.6950
stock_b1000_full	L1882838	0	1.0000
stock_b1000_full	L1883125	1	1.0000
stock_b1000_full	L1883999	0	0.9853
stock_b1000_full	L1886440	0	1.0000
stock_b1000_full	L1889760	0	1.0000
stock_b1000_full	L189322	0	1.0000
stock_b1000_full	L1895575	0	1.0000
stock_b1000_full	L1897444	0	1.0000
stock_b1000_full	L1898605	0	1.0000
stock_b1000_full	L1898611	0	1.0000
stock_b1000_full	L190102	0	1.0000
stock_b1000_full	L1902625	1	1.0000
stock_b1000_full	L1905283	0	1.0000
stock_b1000_full	L190650	0	1.0000
stock_b1000_full	L190687	0	1.0000
stock_b1000_full	L1908570	1	0.5023
stock_b1000_full	L1909629	1	0.6331
stock_b1000_full	L1911881	1	1.0000
stock_b1000_full	L1912	0	1.0000
stock_b1000_full	L191488	0	1.0000
stock_b1000_full	L1920826	1	0.7119
stock_b1000_full	L192237	0	1.0000
stock_b1000_full	L1924744	0	1.0000
stock_b1000_full	L1925847	2	1.0000
stock_b1000_full	L1928273	0	1.0000
stock_b1000_full	L1928790	0	1.0000
stock_b1000_full	L1932241	0	1.0000
stock_b1000_full	L1932659	0	1.0000
stock_b1000_full	L1933206	0	1.0000
stock_b1000_full	L1933253	0	1.0000
stock_b1000_full	L1933970	0	1.0000
stock_b1000_full	L1936643	1	1.0000
stock_b1000_full	L1940497	1	0.7343
stock_b1000_full	L1942177	0	1.0000
stock_b1000_full	L1942305	0	1.0000
stock_b1000_full	L1943673	0	1.0000
stock_b1000_full	L1944226	0	1.0000
stock_b1000_full	L1944640	1	0.5763
stock_b1000_full	L1944904	1	0.5543
stock_b1000_full	L194952	0	0.6211
stock_b1000_full	L1951280	0	1.0000
stock_b1000_full	L1952353	0	0.5544
stock_b1000_full	L1953692	0	1.0000
stock_b1000_full	L1954656	0	0.9098
stock_b1000_full	L1955598	0	1.0000
stock_b1000_full	L1955973	0	1.0000
stock_b1000_full	L195908	0	1.0000
stock_b1000_full	L1964032	0	1.0000
stock_b1000_full	L1965961	0	0.8934
stock_b1000_full	L1970360	0	1.0000
stock_b1000_full	L1970493	1	1.0000
stock_b1000_full	L1970551	1	1.0000
stock_b1000_full	L1970668	0	1.0000
stock_b1000_full	L1971017	0	1.0000
stock_b1000_full	L1975091	1	0.8937
stock_b1000_full	L1975857	0	0.9975
stock_b1000_full	L197613	0	1.0000
stock_b1000_full	L1976785	0	1.0000
stock_b1000_full	L1981866	0	1.0000
stock_b1000_full	L1982300	0	1.0000
stock_b1000_full	L1983183	0	1.0000
stock_b1000_full	L1986059	0	0.9727
stock_b1000_full	L1990411	0	1.0000
stock_b1000_full	L1991628	0	1.0000
stock_b1000_full	L1994839	0	1.0000
stock_b1000_full	L1996032	0	1.0000
stock_b1000_full	L202116	0	1.0000
stock_b1000_full	L204802	0	0.8890
stock_b1000_full	L208863	0	1.0000
stock_b1000_full	L209724	0	0.8941
stock_b1000_full	L2105	0	1.0000
stock_b1000_full	L210838	0	1.0000
stock_b1000_full	L21151	1	0.5395
stock_b1000_full	L216034	1	0.7144
stock_b1000_full	L216528	0	0.9970
stock_b1000_full	L217349	0	1.0000
stock_b1000_full	L222365	0	0.9998
stock_b1000_full	L225416	0	0.9948
stock_b1000_full	L227476	0	1.0000
stock_b1000_full	L228723	0	1.0000
stock_b1000_full	L231682	0	1.0000
stock_b1000_full	L232060	0	1.0000
stock_b1000_full	L233375	0	1.0000
stock_b1000_full	L235764	0	1.0000
stock_b1000_full	L238858	1	1.0000
stock_b1000_full	L243818	0	1.0000
stock_b1000_full	L244003	0	0.9995
stock_b1000_full	L244965	0	1.0000
stock_b1000_full	L24866	0	1.0000
stock_b1000_full	L250969	0	1.0000
stock_b1000_full	L252902	0	1.0000
stock_b1000_full	L253345	0	0.9514
stock_b1000_full	L257043	0	0.9796
stock_b1000_full	L257465	0	0.5282
stock_b1000_full	L258378	0	1.0000
stock_b1000_full	L258696	0	1.0000
stock_b1000_full	L260842	0	0.9759
stock_b1000_full	L260939	0	0.9997
stock_b1000_full	L261190	0	1.0000
stock_b1000_full	L267309	0	0.3750
stock_b1000_full	L267846	0	1.0000
stock_b1000_full	L270977	0	1.0000
stock_b1000_full	L272730	0	1.0000
stock_b1000_full	L273461	1	1.0000
stock_b1000_full	L282320	0	1.0000
stock_b1000_full	L283173	1	1.0000
stock_b1000_full	L283368	1	0.8917
stock_b1000_full	L288752	0	1.0000
stock_b1000_full	L2888	1	1.0000
stock_b1000_full	L293305	1	1.0000
stock_b1000_full	L293537	0	1.0000
stock_b1000_full	L294764	1	0.5615
stock_b1000_full	L299364	0	1.0000
stock_b1000_full	L299595	1	1.0000
stock_b1000_full	L299782	0	1.0000
stock_b1000_full	L300401	0	1.0000
stock_b1000_full	L30336	0	0.9011
stock_b1000_full	L310087	0	1.0000
stock_b1000_full	L312118	0	1.0000
stock_b1000_full	L318026	0	1.0000
stock_b1000_full	L318722	0	1.0000
stock_b1000_full	L31952	0	1.0000
stock_b1000_full	L319839	0	1.0000
stock_b1000_full	L319888	0	0.8617
stock_b1000_full	L320440	1	0.5001
stock_b1000_full	L321627	0	1.0000
stock_b1000_full	L322333	0	1.0000
stock_b1000_full	L322794	0	1.0000
stock_b1000_full	L322866	0	1.0000
stock_b1000_full	L324151	0	1.0000
stock_b1000_full	L324946	0	1.0000
stock_b1000_full	L32606	0	1.0000
stock_b1000_full	L326205	0	1.0000
stock_b1000_full	L327486	0	1.0000
stock_b1000_full	L331805	1	1.0000
stock_b1000_full	L331807	1	1.0000
stock_b1000_full	L333401	0	1.0000
stock_b1000_full	L333865	0	1.0000
stock_b1000_full	L335478	0	1.0000
stock_b1000_full	L336916	1	0.3530
stock_b1000_full	L337726	1	1.0000
stock_b1000_full	L343911	0	1.0000
stock_b1000_full	L346110	0	1.0000
stock_b1000_full	L35206	0	1.0000
stock_b1000_full	L352100	0	1.0000
stock_b1000_full	L353330	0	1.0000
stock_b1000_full	L353755	0	1.0000
stock_b1000_full	L354281	1	0.8836
stock_b1000_full	L355469	0	0.9800
stock_b1000_full	L355973	0	0.5040
stock_b1000_full	L358098	0	1.0000
stock_b1000_full	L358427	0	1.0000
stock_b1000_full	L36185	1	1.0000
stock_b1000_full	L36374	0	1.0000
stock_b1000_full	L36393	1	1.0000
stock_b1000_full	L364477	0	1.0000
stock_b1000_full	L368265	0	0.9998
stock_b1000_full	L369221	0	1.0000
stock_b1000_full	L370516	0	1.0000
stock_b1000_full	L375608	0	1.0000
stock_b1000_full	L375999	1	0.5919
stock_b1000_full	L376343	0	1.0000
stock_b1000_full	L377914	1	1.0000
stock_b1000_full	L380751	0	0.5096
stock_b1000_full	L382166	0	1.0000
stock_b1000_full	L382724	0	1.0000
stock_b1000_full	L383909	0	1.0000
stock_b1000_full	L385595	0	1.0000
stock_b1000_full	L386761	0	1.0000
stock_b1000_full	L38847	0	1.0000
stock_b1000_full	L388838	1	1.0000
stock_b1000_full	L390056	0	1.0000
stock_b1000_full	L390847	1	1.0000
stock_b1000_full	L391263	0	1.0000
stock_b1000_full	L394934	0	1.0000
stock_b1000_full	L396359	0	1.0000
stock_b1000_full	L397005	1	0.7262
stock_b1000_full	L398087	1	0.5395
stock_b1000_full	L401127	0	1.0000
stock_b1000_full	L402454	0	1.0000
stock_b1000_full	L403424	0	1.0000
stock_b1000_full	L405687	1	0.7108
stock_b1000_full	L409413	1	0.5023
stock_b1000_full	L411451	0	1.0000
stock_b1000_full	L414909	0	1.0000
stock_b1000_full	L414959	0	1.0000
stock_b1000_full	L418437	0	1.0000
stock_b1000_full	L419149	0	1.0000
stock_b1000_full	L422199	0	1.0000
stock_b1000_full	L42258	1	1.0000
stock_b1000_full	L425262	1	1.0000
stock_b1000_full	L425629	0	0.9923
stock_b1000_full	L431467	1	1.0000
stock_b1000_full	L433013	0	1.0000
stock_b1000_full	L435219	0	1.0000
stock_b1000_full	L442957	0	1.0000
stock_b1000_full	L4469	0	1.0000
stock_b1000_full	L446901	0	1.0000
stock_b1000_full	L449888	0	1.0000
stock_b1000_full	L450863	0	1.0000
stock_b1000_full	L454426	0	1.0000
stock_b1000_full	L456423	0	1.0000
stock_b1000_full	L458224	1	0.7479
stock_b1000_full	L45866	0	1.0000
stock_b1000_full	L459126	1	0.8198
stock_b1000_full	L459710	1	0.9670
stock_b1000_full	L460845	1	0.9686
stock_b1000_full	L462461	0	0.7368
stock_b1000_full	L462611	1	0.7403
stock_b1000_full	L465953	0	1.0000
stock_b1000_full	L466572	1	1.0000
stock_b1000_full	L469914	0	1.0000
stock_b1000_full	L472973	1	0.9781
stock_b1000_full	L47627	0	1.0000
stock_b1000_full	L477052	1	0.9947
stock_b1000_full	L477480	1	0.8017
stock_b1000_full	L478354	0	1.0000
stock_b1000_full	L480723	1	1.0000
stock_b1000_full	L481009	1	0.4979
stock_b1000_full	L481562	1	1.0000
stock_b1000_full	L481889	0	1.0000
stock_b1000_full	L482581	0	1.0000
stock_b1000_full	L488483	1	1.0000
stock_b1000_full	L494762	0	1.0000
stock_b1000_full	L496946	1	1.0000
stock_b1000_full	L497994	0	1.0000
stock_b1000_full	L498642	0	1.0000
stock_b1000_full	L499837	0	1.0000
stock_b1000_full	L500481	0	1.0000
stock_b1000_full	L501837	1	1.0000
stock_b1000_full	L506324	0	1.0000
stock_b1000_full	L5117	0	1.0000
stock_b1000_full	L511916	0	1.0000
stock_b1000_full	L515141	0	1.0000
stock_b1000_full	L516046	0	0.9999
stock_b1000_full	L520263	0	1.0000
stock_b1000_full	L521167	0	1.0000
stock_b1000_full	L521904	0	0.9924
stock_b1000_full	L523867	0	1.0000
stock_b1000_full	L524464	1	0.8752
stock_b1000_full	L525527	0	0.9997
stock_b1000_full	L529623	0	1.0000
stock_b1000_full	L531061	0	1.0000
stock_b1000_full	L533105	0	1.0000
stock_b1000_full	L534964	0	1.0000
stock_b1000_full	L535240	0	0.9584
stock_b1000_full	L535400	1	0.5936
stock_b1000_full	L536467	0	1.0000
stock_b1000_full	L536524	0	1.0000
stock_b1000_full	L539572	0	0.9468
stock_b1000_full	L539623	0	1.0000
stock_b1000_full	L541274	0	1.0000
stock_b1000_full	L541585	0	1.0000
stock_b1000_full	L543256	0	1.0000
stock_b1000_full	L544561	0	1.0000
stock_b1000_full	L545165	0	0.4583
stock_b1000_full	L546910	0	1.0000
stock_b1000_full	L548504	0	1.0000
stock_b1000_full	L551442	0	1.0000
stock_b1000_full	L555925	0	1.0000
stock_b1000_full	L556696	0	1.0000
stock_b1000_full	L559531	0	1.0000
stock_b1000_full	L560176	0	1.0000
stock_b1000_full	L561367	1	1.0000
stock_b1000_full	L564679	1	1.0000
stock_b1000_full	L566745	1	0.9842
stock_b1000_full	L568989	0	1.0000
stock_b1000_full	L570772	0	1.0000
stock_b1000_full	L572521	0	1.0000
stock_b1000_full	L577507	0	1.0000
stock_b1000_full	L578197	1	0.5582
stock_b1000_full	L584866	0	1.0000
stock_b1000_full	L586948	1	0.8837
stock_b1000_full	L589777	1	1.0000
stock_b1000_full	L589868	0	1.0000
stock_b1000_full	L590205	0	1.0000
stock_b1000_full	L59044	0	1.0000
stock_b1000_full	L599511	0	1.0000
stock_b1000_full	L60389	0	1.0000
stock_b1000_full	L614050	0	1.0000
stock_b1000_full	L617862	1	0.7779
stock_b1000_full	L620966	0	1.0000
stock_b1000_full	L623278	1	1.0000
stock_b1000_full	L62337	1	0.4832
stock_b1000_full	L626238	0	0.9918
stock_b1000_full	L626353	1	0.8296
stock_b1000_full	L62839	0	1.0000
stock_b1000_full	L632457	0	1.0000
stock_b1000_full	L635118	0	1.0000
stock_b1000_full	L636888	0	1.0000
stock_b1000_full	L639959	0	1.0000
stock_b1000_full	L640160	0	1.0000
stock_b1000_full	L641936	0	0.7348
stock_b1000_full	L642984	0	1.0000
stock_b1000_full	L644406	0	0.9849
stock_b1000_full	L644497	0	1.0000
stock_b1000_full	L646751	0	1.0000
stock_b1000_full	L649091	1	1.0000
stock_b1000_full	L652753	0	1.0000
stock_b1000_full	L657061	0	1.0000
stock_b1000_full	L657332	0	1.0000
stock_b1000_full	L657537	0	1.0000
stock_b1000_full	L658591	0	1.0000
stock_b1000_full	L659549	0	0.7825
stock_b1000_full	L660443	0	0.9999
stock_b1000_full	L663427	0	0.9897
stock_b1000_full	L665914	1	1.0000
stock_b1000_full	L666180	0	1.0000
stock_b1000_full	L667013	0	1.0000
stock_b1000_full	L667839	0	1.0000
stock_b1000_full	L669436	0	1.0000
stock_b1000_full	L66992	0	1.0000
stock_b1000_full	L677371	0	1.0000
stock_b1000_full	L678289	0	1.0000
stock_b1000_full	L678676	0	1.0000
stock_b1000_full	L679717	0	0.6083
stock_b1000_full	L680683	0	0.9999
stock_b1000_full	L681033	0	1.0000
stock_b1000_full	L681532	0	1.0000
stock_b1000_full	L681559	0	1.0000
stock_b1000_full	L681852	0	1.0000
stock_b1000_full	L684567	0	1.0000
stock_b1000_full	L685962	0	1.0000
stock_b1000_full	L686506	0	1.0000
stock_b1000_full	L689721	0	1.0000
stock_b1000_full	L691596	0	1.0000
stock_b1000_full	L692386	0	1.0000
stock_b1000_full	L693733	1	0.5525
stock_b1000_full	L694998	0	1.0000
stock_b1000_full	L699028	0	0.9094
stock_b1000_full	L700056	0	1.0000
stock_b1000_full	L700404	0	1.0000
stock_b1000_full	L702168	0	1.0000
stock_b1000_full	L70331	0	1.0000
stock_b1000_full	L704136	0	1.0000
stock_b1000_full	L704338	1	0.7383
stock_b1000_full	L705787	1	0.5933
stock_b1000_full	L706127	1	0.5260
stock_b1000_full	L706802	0	1.0000
stock_b1000_full	L707187	0	1.0000
stock_b1000_full	L710321	0	1.0000
stock_b1000_full	L711529	0	1.0000
stock_b1000_full	L71277	1	1.0000
stock_b1000_full	L713051	0	1.0000
stock_b1000_full	L715677	0	1.0000
stock_b1000_full	L716679	0	1.0000
stock_b1000_full	L720310	0	0.9234
stock_b1000_full	L720918	0	1.0000
stock_b1000_full	L722647	0	1.0000
stock_b1000_full	L722885	0	0.8307
stock_b1000_full	L725643	0	0.9789
stock_b1000_full	L730413	0	1.0000
stock_b1000_full	L731956	0	1.0000
stock_b1000_full	L736973	0	1.0000
stock_b1000_full	L740874	0	1.0000
stock_b1000_full	L741246	0	1.0000
stock_b1000_full	L742863	0	1.0000
stock_b1000_full	L743451	1	0.5870
stock_b1000_full	L748093	0	1.0000
stock_b1000_full	L751266	0	0.5364
stock_b1000_full	L752342	1	1.0000
stock_b1000_full	L752475	0	1.0000
stock_b1000_full	L752653	0	1.0000
stock_b1000_full	L75387	0	1.0000
stock_b1000_full	L754764	0	1.0000
stock_b1000_full	L755702	1	1.0000
stock_b1000_full	L759676	0	1.0000
stock_b1000_full	L759690	0	1.0000
stock_b1000_full	L759925	0	1.0000
stock_b1000_full	L760304	0	1.0000
stock_b1000_full	L762113	0	1.0000
stock_b1000_full	L762771	0	0.8489
stock_b1000_full	L763808	0	1.0000
stock_b1000_full	L764107	1	1.0000
stock_b1000_full	L764127	0	0.9995
stock_b1000_full	L764282	0	1.0000
stock_b1000_full	L764916	0	0.9999
stock_b1000_full	L77164	0	1.0000
stock_b1000_full	L773134	0	1.0000
stock_b1000_full	L774588	0	1.0000
stock_b1000_full	L774738	0	1.0000
stock_b1000_full	L775906	0	1.0000
stock_b1000_full	L778698	0	1.0000
stock_b1000_full	L779464	0	1.0000
stock_b1000_full	L779937	0	1.0000
stock_b1000_full	L780609	0	1.0000
stock_b1000_full	L784473	0	1.0000
stock_b1000_full	L787550	0	1.0000
stock_b1000_full	L789409	0	1.0000
stock_b1000_full	L790771	0	1.0000
stock_b1000_full	L792951	1	1.0000
stock_b1000_full	L79315	0	1.0000
stock_b1000_full	L793490	0	1.0000
stock_b1000_full	L79406	0	1.0000
stock_b1000_full	L79610	1	1.0000
stock_b1000_full	L796809	0	0.5320
stock_b1000_full	L798449	0	1.0000
stock_b1000_full	L801473	0	1.0000
stock_b1000_full	L801620	0	0.9853
stock_b1000_full	L801738	1	0.6130
stock_b1000_full	L803364	1	0.8937
stock_b1000_full	L803613	0	1.0000
stock_b1000_full	L804778	1	0.7265
stock_b1000_full	L808364	1	1.0000
stock_b1000_full	L809372	0	1.0000
stock_b1000_full	L809693	1	0.5001
stock_b1000_full	L811734	0	1.0000
stock_b1000_full	L81215	0	1.0000
stock_b1000_full	L812450	0	1.0000
stock_b1000_full	L812672	0	1.0000
stock_b1000_full	L815977	0	0.6016
stock_b1000_full	L816644	0	1.0000
stock_b1000_full	L81909	0	1.0000
stock_b1000_full	L819563	0	1.0000
stock_b1000_full	L821100	0	1.0000
stock_b1000_full	L822334	0	1.0000
stock_b1000_full	L824223	0	1.0000
stock_b1000_full	L827048	0	0.9958
stock_b1000_full	L827129	0	1.0000
stock_b1000_full	L829233	0	0.5776
stock_b1000_full	L83001	0	1.0000
stock_b1000_full	L830371	0	1.0000
stock_b1000_full	L832923	0	1.0000
stock_b1000_full	L834579	0	1.0000
stock_b1000_full	L834622	0	1.0000
stock_b1000_full	L837955	0	1.0000
stock_b1000_full	L843972	0	0.5430
stock_b1000_full	L845031	0	1.0000
stock_b1000_full	L846960	0	1.0000
stock_b1000_full	L847988	0	1.0000
stock_b1000_full	L849505	0	1.0000
stock_b1000_full	L851847	0	1.0000
stock_b1000_full	L853299	0	1.0000
stock_b1000_full	L855747	0	0.3774
stock_b1000_full	L855935	0	1.0000
stock_b1000_full	L856753	0	1.0000
stock_b1000_full	L85748	0	0.9973
stock_b1000_full	L858843	0	1.0000
stock_b1000_full	L862725	0	1.0000
stock_b1000_full	L864050	0	1.0000
stock_b1000_full	L86679	0	1.0000
stock_b1000_full	L868640	0	1.0000
stock_b1000_full	L869371	0	1.0000
stock_b1000_full	L869433	0	1.0000
stock_b1000_full	L873249	0	1.0000
stock_b1000_full	L883133	0	1.0000
stock_b1000_full	L883660	0	1.0000
stock_b1000_full	L884453	0	1.0000
stock_b1000_full	L885068	0	1.0000
stock_b1000_full	L885624	0	1.0000
stock_b1000_full	L886084	0	1.0000
stock_b1000_full	L886474	1	0.7549
stock_b1000_full	L886813	0	1.0000
stock_b1000_full	L888328	0	1.0000
stock_b1000_full	L888339	0	1.0000
stock_b1000_full	L888692	1	0.3534
stock_b1000_full	L892540	0	1.0000
stock_b1000_full	L894181	0	1.0000
stock_b1000_full	L895192	1	1.0000
stock_b1000_full	L895682	0	1.0000
stock_b1000_full	L898645	1	1.0000
stock_b1000_full	L900297	1	1.0000
stock_b1000_full	L902295	0	1.0000
stock_b1000_full	L902514	1	0.6450
stock_b1000_full	L906439	0	1.0000
stock_b1000_full	L907227	0	1.0000
stock_b1000_full	L90734	0	1.0000
stock_b1000_full	L909856	0	1.0000
stock_b1000_full	L910412	1	0.5720
stock_b1000_full	L910841	1	0.9898
stock_b1000_full	L911364	0	1.0000
stock_b1000_full	L912237	0	1.0000
stock_b1000_full	L913833	0	0.9772
stock_b1000_full	L914150	0	1.0000
stock_b1000_full	L914195	0	1.0000
stock_b1000_full	L91480	1	1.0000
stock_b1000_full	L918005	0	1.0000
stock_b1000_full	L918018	0	1.0000
stock_b1000_full	L923738	1	0.9163
stock_b1000_full	L924400	0	1.0000
stock_b1000_full	L925260	0	0.9661
stock_b1000_full	L928875	1	1.0000
stock_b1000_full	L93124	0	1.0000
stock_b1000_full	L93295	0	1.0000
stock_b1000_full	L933087	1	1.0000
stock_b1000_full	L933852	0	1.0000
stock_b1000_full	L936253	0	1.0000
stock_b1000_full	L940767	1	1.0000
stock_b1000_full	L941368	0	0.9492
stock_b1000_full	L941926	0	1.0000
stock_b1000_full	L942873	0	1.0000
stock_b1000_full	L943752	0	1.0000
stock_b1000_full	L948601	0	1.0000
stock_b1000_full	L94945	0	0.7902
stock_b1000_full	L949761	1	0.7488
stock_b1000_full	L953203	0	1.0000
stock_b1000_full	L95620	0	1.0000
stock_b1000_full	L957565	0	1.0000
stock_b1000_full	L960419	0	1.0000
stock_b1000_full	L962289	0	0.9950
stock_b1000_full	L96262	0	1.0000
stock_b1000_full	L962680	0	1.0000
stock_b1000_full	L967795	0	1.0000
stock_b1000_full	L968437	0	1.0000
stock_b1000_full	L969615	1	0.5207
stock_b1000_full	L970400	1	0.6049
stock_b1000_full	L972698	0	1.0000
stock_b1000_full	L974207	0	1.0000
stock_b1000_full	L979330	0	1.0000
stock_b1000_full	L983346	0	1.0000
stock_b1000_full	L984768	0	1.0000
stock_b1000_full	L984796	0	1.0000
stock_b1000_full	L985204	0	1.0000
stock_b1000_full	L985959	0	1.0000
stock_b1000_full	L986820	1	1.0000
stock_b1000_full	L989999	1	1.0000
stock_b1000_full	L994491	0	1.0000
stock_b1000_full	L997717	1	1.0000
stock_b1000_full	L998540	0	1.0000
stock_b2000_frag	L1002585	0	0.8593
stock_b2000_frag	L1004185	1	0.2498
stock_b2000_frag	L1005032	0	0.7246
stock_b2000_frag	L1011227	0	0.7914
stock_b2000_frag	L1012049	0	0.3636
stock_b2000_frag	L1012199	0	0.4849
stock_b2000_frag	L1016849	0	0.9777
stock_b2000_frag	L1017537	0	1.0000
stock_b2000_frag	L1021907	1	0.3337
stock_b2000_frag	L1024044	0	0.3344
stock_b2000_frag	L1024542	0	0.3290
stock_b2000_frag	L1025399	0	1.0000
stock_b2000_frag	L1026799	0	0.3451
stock_b2000_frag	L102922	1	0.3665
stock_b2000_frag	L1029951	1	0.7982
stock_b2000_frag	L1030819	0	0.9999
stock_b2000_frag	L103249	0	0.1931
stock_b2000_frag	L1036266	0	0.9394
stock_b2000_frag	L1036426	0	1.0000
stock_b2000_frag	L1038977	1	0.6648
stock_b2000_frag	L1044163	1	0.3823
stock_b2000_frag	L1044444	0	0.4072
stock_b2000_frag	L1046348	3	0.4073
stock_b2000_frag	L1046966	0	0.5632
stock_b2000_frag	L1050743	0	0.9627
stock_b2000_frag	L1052309	0	1.0000
stock_b2000_frag	L1053445	0	1.0000
stock_b2000_frag	L1054346	1	0.5136
stock_b2000_frag	L1055550	0	1.0000
stock_b2000_frag	L1058576	0	0.7211
stock_b2000_frag	L1060120	1	0.4546
stock_b2000_frag	L1061482	0	0.4482
stock_b2000_frag	L1061587	4	0.1367
stock_b2000_frag	L1062126	0	0.8151
stock_b2000_frag	L1063587	1	0.7993
stock_b2000_frag	L1064227	0	0.9980
stock_b2000_frag	L1065804	16	0.3049
stock_b2000_frag	L1068964	0	0.4874
stock_b2000_frag	L1069832	0	0.3236
stock_b2000_frag	L1071754	1	0.1879
stock_b2000_frag	L1072449	0	0.3774
stock_b2000_frag	L1073165	1	0.7483
stock_b2000_frag	L1075189	1	0.2622
stock_b2000_frag	L1081827	1	0.3125
stock_b2000_frag	L1082663	0	0.9544
stock_b2000_frag	L1083972	0	0.8048
stock_b2000_frag	L1085175	0	0.4012
stock_b2000_frag	L1087086	1	0.3131
stock_b2000_frag	L1087105	1	0.3396
stock_b2000_frag	L1089119	1	0.3373
stock_b2000_frag	L1090631	2	0.2985
stock_b2000_frag	L1091178	1	0.4953
stock_b2000_frag	L1091281	0	0.3267
stock_b2000_frag	L1091323	1	0.5289
stock_b2000_frag	L1091479	0	0.4605
stock_b2000_frag	L1092388	1	0.4414
stock_b2000_frag	L1096376	0	0.9977
stock_b2000_frag	L1099155	0	0.8010
stock_b2000_frag	L1101520	0	1.0000
stock_b2000_frag	L1106265	0	1.0000
stock_b2000_frag	L1106965	0	0.9803
stock_b2000_frag	L1107538	0	0.9879
stock_b2000_frag	L1109734	0	1.0000
stock_b2000_frag	L1110523	1	0.4265
stock_b2000_frag	L1116847	0	0.9996
stock_b2000_frag	L1117806	0	1.0000
stock_b2000_frag	L1123172	1	0.3937
stock_b2000_frag	L112480	0	0.3842
stock_b2000_frag	L1125468	0	0.9838
stock_b2000_frag	L1125564	1	0.5193
stock_b2000_frag	L1126749	2	0.1587
stock_b2000_frag	L1127804	11	0.1985
stock_b2000_frag	L1128821	0	0.9968
stock_b2000_frag	L1132817	0	1.0000
stock_b2000_frag	L1134826	1	0.3015
stock_b2000_frag	L1135019	1	0.3318
stock_b2000_frag	L113844	1	0.4957
stock_b2000_frag	L1138559	1	0.7087
stock_b2000_frag	L1139573	2	0.1733
stock_b2000_frag	L1142178	2	0.1979
stock_b2000_frag	L1143584	1	0.3337
stock_b2000_frag	L1146782	0	0.3643
stock_b2000_frag	L1148275	0	0.8783
stock_b2000_frag	L1148681	0	0.6422
stock_b2000_frag	L1148861	1	0.2606
stock_b2000_frag	L115160	0	0.8077
stock_b2000_frag	L1152742	1	0.3762
stock_b2000_frag	L1159462	0	0.9730
stock_b2000_frag	L1160593	0	0.5559
stock_b2000_frag	L1166860	2	0.3337
stock_b2000_frag	L1169308	0	0.3085
stock_b2000_frag	L1171933	0	0.9940
stock_b2000_frag	L1175689	0	0.4913
stock_b2000_frag	L1176510	0	1.0000
stock_b2000_frag	L1176819	4	0.3546
stock_b2000_frag	L1181526	2	0.6330
stock_b2000_frag	L1184831	0	0.3447
stock_b2000_frag	L1188236	0	0.9986
stock_b2000_frag	L1189606	0	1.0000
stock_b2000_frag	L1190029	0	1.0000
stock_b2000_frag	L1192003	0	0.7015
stock_b2000_frag	L1193093	1	0.3891
stock_b2000_frag	L1193626	0	0.7982
stock_b2000_frag	L1194943	0	0.3341
stock_b2000_frag	L1200114	0	0.9936
stock_b2000_frag	L1200373	1	0.3895
stock_b2000_frag	L1202626	0	0.4356
stock_b2000_frag	L1203652	0	0.7008
stock_b2000_frag	L1205967	0	0.9211
stock_b2000_frag	L1206149	0	0.8779
stock_b2000_frag	L1208940	0	1.0000
stock_b2000_frag	L120959	2	0.3065
stock_b2000_frag	L1211345	0	1.0000
stock_b2000_frag	L1212637	0	0.9999
stock_b2000_frag	L1212861	0	0.5470
stock_b2000_frag	L121334	0	0.3299
stock_b2000_frag	L1215236	0	0.1532
stock_b2000_frag	L1217544	1	0.6736
stock_b2000_frag	L1217630	1	0.3656
stock_b2000_frag	L1218521	0	0.9048
stock_b2000_frag	L121873	1	0.6777
stock_b2000_frag	L1218743	0	1.0000
stock_b2000_frag	L1219260	1	0.5520
stock_b2000_frag	L1219324	0	0.9824
stock_b2000_frag	L1223018	1	0.5437
stock_b2000_frag	L12241	0	0.2807
stock_b2000_frag	L122411	2	0.5324
stock_b2000_frag	L1228313	1	0.4177
stock_b2000_frag	L1228316	0	0.4244
stock_b2000_frag	L1228698	2	0.1729
stock_b2000_frag	L1229975	1	0.5556
stock_b2000_frag	L1233030	1	0.3738
stock_b2000_frag	L1234322	0	0.7137
stock_b2000_frag	L1235564	0	0.9313
stock_b2000_frag	L1237368	2	0.1369
stock_b2000_frag	L1242536	1	0.5034
stock_b2000_frag	L1243882	0	0.8789
stock_b2000_frag	L1244427	1	0.1650
stock_b2000_frag	L1247700	0	1.0000
stock_b2000_frag	L1249050	0	0.9990
stock_b2000_frag	L1252273	1	0.3309
stock_b2000_frag	L1252715	0	0.9122
stock_b2000_frag	L125500	1	0.3544
stock_b2000_frag	L125644	0	1.0000
stock_b2000_frag	L1263639	0	1.0000
stock_b2000_frag	L1263909	1	0.2911
stock_b2000_frag	L1267300	0	0.1788
stock_b2000_frag	L1267973	1	0.3194
stock_b2000_frag	L1268056	4	0.1683
stock_b2000_frag	L1269000	1	0.2098
stock_b2000_frag	L1269225	1	0.4258
stock_b2000_frag	L1269960	0	0.7141
stock_b2000_frag	L1270519	0	0.2567
stock_b2000_frag	L1271695	0	0.8652
stock_b2000_frag	L1274988	2	0.8090
stock_b2000_frag	L1277578	1	0.3234
stock_b2000_frag	L1277861	0	0.4531
stock_b2000_frag	L1281298	0	0.5984
stock_b2000_frag	L1283746	0	1.0000
stock_b2000_frag	L1284558	1	0.3535
stock_b2000_frag	L1286758	0	0.4222
stock_b2000_frag	L1291250	1	0.5178
stock_b2000_frag	L129208	0	0.6970
stock_b2000_frag	L1292363	1	0.2216
stock_b2000_frag	L1292503	0	1.0000
stock_b2000_frag	L1294408	0	0.4664
stock_b2000_frag	L1294453	1	0.6375
stock_b2000_frag	L1294952	1	0.5372
stock_b2000_frag	L1297512	0	0.8562
stock_b2000_frag	L1298142	0	1.0000
stock_b2000_frag	L1299862	0	1.0000
stock_b2000_frag	L1302458	3	0.3300
stock_b2000_frag	L1307852	0	1.0000
stock_b2000_frag	L130839	0	0.8839
stock_b2000_frag	L1309046	1	0.3571
stock_b2000_frag	L1314993	1	0.6782
stock_b2000_frag	L1316645	26	0.2637
stock_b2000_frag	L1316673	2	0.4034
stock_b2000_frag	L1319261	1	0.3489
stock_b2000_frag	L1320029	3	0.4960
stock_b2000_frag	L1321139	1	0.3598
stock_b2000_frag	L1322298	0	0.6925
stock_b2000_frag	L1325043	0	1.0000
stock_b2000_frag	L1328601	0	0.7848
stock_b2000_frag	L1330004	0	0.7129
stock_b2000_frag	L1334204	0	0.6910
stock_b2000_frag	L1334727	0	0.2618
stock_b2000_frag	L1337969	2	0.1529
stock_b2000_frag	L1338440	1	0.5377
stock_b2000_frag	L1338867	1	0.4035
stock_b2000_frag	L13406	0	1.0000
stock_b2000_frag	L1341334	0	1.0000
stock_b2000_frag	L1342936	0	1.0000
stock_b2000_frag	L1343571	7	0.1791
stock_b2000_frag	L134770	0	0.8129
stock_b2000_frag	L1348767	0	0.4694
stock_b2000_frag	L1349954	0	0.9234
stock_b2000_frag	L1350260	3	0.1954
stock_b2000_frag	L1354350	0	0.9984
stock_b2000_frag	L1358832	2	0.6167
stock_b2000_frag	L1362201	1	0.3309
stock_b2000_frag	L1362636	1	0.3749
stock_b2000_frag	L1365362	0	0.6398
stock_b2000_frag	L1366477	0	0.4863
stock_b2000_frag	L1369644	2	0.2554
stock_b2000_frag	L13698	0	0.9945
stock_b2000_frag	L1371092	0	0.6826
stock_b2000_frag	L1372683	0	0.8974
stock_b2000_frag	L1372686	0	0.2974
stock_b2000_frag	L1373403	0	1.0000
stock_b2000_frag	L1378339	0	0.7285
stock_b2000_frag	L1379425	1	0.2593
stock_b2000_frag	L1380845	0	1.0000
stock_b2000_frag	L1382177	0	0.6747
stock_b2000_frag	L1382936	0	0.3345
stock_b2000_frag	L1382969	1	0.5880
stock_b2000_frag	L1383932	0	0.1902
stock_b2000_frag	L1384051	6	0.1609
stock_b2000_frag	L1393346	1	0.2550
stock_b2000_frag	L1394372	0	0.7979
stock_b2000_frag	L1398058	0	1.0000
stock_b2000_frag	L1398565	3	0.3236
stock_b2000_frag	L1400233	0	0.9612
stock_b2000_frag	L1400557	4	0.1530
stock_b2000_frag	L1403214	0	0.9994
stock_b2000_frag	L1409097	0	1.0000
stock_b2000_frag	L1409378	0	1.0000
stock_b2000_frag	L1410763	1	0.3994
stock_b2000_frag	L1410905	0	0.9934
stock_b2000_frag	L1411655	0	0.3068
stock_b2000_frag	L1421095	0	0.8774
stock_b2000_frag	L1421423	0	0.3881
stock_b2000_frag	L1431164	0	0.9963
stock_b2000_frag	L1435268	3	0.2662
stock_b2000_frag	L1438447	0	0.9016
stock_b2000_frag	L1440099	0	1.0000
stock_b2000_frag	L1440354	2	0.4058
stock_b2000_frag	L1440579	1	0.4032
stock_b2000_frag	L1441065	0	0.8822
stock_b2000_frag	L1442950	0	0.9995
stock_b2000_frag	L144630	1	0.3060
stock_b2000_frag	L144966	0	0.9999
stock_b2000_frag	L1450044	0	0.9999
stock_b2000_frag	L145721	0	0.4160
stock_b2000_frag	L1463127	0	0.9984
stock_b2000_frag	L1463808	5	0.7547
stock_b2000_frag	L1468044	1	0.0855
stock_b2000_frag	L1468317	0	0.3803
stock_b2000_frag	L1470882	0	1.0000
stock_b2000_frag	L1472026	0	0.9745
stock_b2000_frag	L1475336	0	1.0000
stock_b2000_frag	L1477	0	0.5430
stock_b2000_frag	L1477137	0	0.6454
stock_b2000_frag	L1478713	1	0.7646
stock_b2000_frag	L1479097	0	0.8077
stock_b2000_frag	L1482186	0	0.2695
stock_b2000_frag	L1483022	1	0.4124
stock_b2000_frag	L1485252	1	0.4695
stock_b2000_frag	L1487868	2	0.2006
stock_b2000_frag	L1489958	1	0.2338
stock_b2000_frag	L1491338	0	1.0000
stock_b2000_frag	L1491406	0	0.2476
stock_b2000_frag	L1492427	2	0.2658
stock_b2000_frag	L1494927	0	0.8450
stock_b2000_frag	L1496723	0	0.9997
stock_b2000_frag	L14998	0	1.0000
stock_b2000_frag	L1500041	0	0.7320
stock_b2000_frag	L1500792	1	0.4430
stock_b2000_frag	L1501054	0	0.9997
stock_b2000_frag	L1501117	2	0.2337
stock_b2000_frag	L150284	2	0.3174
stock_b2000_frag	L1503080	0	0.4807
stock_b2000_frag	L1506056	0	0.9789
stock_b2000_frag	L1506305	0	0.9952
stock_b2000_frag	L1507593	0	0.3579
stock_b2000_frag	L1507721	0	0.8724
stock_b2000_frag	L1509635	0	1.0000
stock_b2000_frag	L1511077	1	0.3912
stock_b2000_frag	L1511516	0	0.7838
stock_b2000_frag	L151270	1	0.2503
stock_b2000_frag	L1513453	0	0.6606
stock_b2000_frag	L1513508	0	0.9577
stock_b2000_frag	L1514059	2	0.2540
stock_b2000_frag	L151434	0	1.0000
stock_b2000_frag	L1520281	2	0.1555
stock_b2000_frag	L1522665	0	0.3437
stock_b2000_frag	L1525581	0	1.0000
stock_b2000_frag	L152670	1	0.7836
stock_b2000_frag	L1527449	1	0.7070
stock_b2000_frag	L1532593	0	0.4377
stock_b2000_frag	L1537084	2	0.8050
stock_b2000_frag	L1545445	6	0.1023
stock_b2000_frag	L1549764	1	0.4153
stock_b2000_frag	L1553511	4	0.5135
stock_b2000_frag	L1555961	0	0.2989
stock_b2000_frag	L1556158	1	0.3560
stock_b2000_frag	L1559085	0	1.0000
stock_b2000_frag	L1559370	1	0.0985
stock_b2000_frag	L1561684	1	0.6826
stock_b2000_frag	L1563921	2	0.2599
stock_b2000_frag	L1564440	0	0.5809
stock_b2000_frag	L1564788	0	0.8572
stock_b2000_frag	L1570442	0	0.2638
stock_b2000_frag	L1577548	3	0.3983
stock_b2000_frag	L1582773	0	0.7787
stock_b2000_frag	L1586476	0	0.9998
stock_b2000_frag	L1591774	7	0.2401
stock_b2000_frag	L1592464	2	0.4838
stock_b2000_frag	L1592890	2	0.1957
stock_b2000_frag	L1593009	1	0.2961
stock_b2000_frag	L1594265	0	0.5259
stock_b2000_frag	L15949	0	0.9998
stock_b2000_frag	L1595729	0	0.6677
stock_b2000_frag	L1596023	0	0.9250
stock_b2000_frag	L1596979	0	0.6294
stock_b2000_frag	L1599150	0	1.0000
stock_b2000_frag	L1605496	1	0.2331
stock_b2000_frag	L1608356	2	0.3473
stock_b2000_frag	L1608408	1	0.4198
stock_b2000_frag	L1609523	0	0.9997
stock_b2000_frag	L1611831	2	0.2429
stock_b2000_frag	L1613719	1	0.3583
stock_b2000_frag	L1613862	0	0.9982
stock_b2000_frag	L1614892	0	1.0000
stock_b2000_frag	L1615590	0	0.9844
stock_b2000_frag	L1616879	0	0.1842
stock_b2000_frag	L1617022	1	0.3041
stock_b2000_frag	L1619438	3	0.2891
stock_b2000_frag	L1619907	0	1.0000
stock_b2000_frag	L1620099	5	0.1936
stock_b2000_frag	L1622776	1	0.2510
stock_b2000_frag	L1622804	0	0.2632
stock_b2000_frag	L1623315	0	0.1912
stock_b2000_frag	L1625869	0	1.0000
stock_b2000_frag	L1632251	0	0.9940
stock_b2000_frag	L1632593	3	0.2104
stock_b2000_frag	L1633409	1	0.5255
stock_b2000_frag	L163519	0	0.9570
stock_b2000_frag	L1635479	1	0.4531
stock_b2000_frag	L1638116	0	0.4939
stock_b2000_frag	L1642892	3	0.4987
stock_b2000_frag	L1647022	0	1.0000
stock_b2000_frag	L1649256	0	1.0000
stock_b2000_frag	L1650196	0	0.5887
stock_b2000_frag	L1654301	1	0.3295
stock_b2000_frag	L1656331	1	0.2906
stock_b2000_frag	L1657868	2	0.2399
stock_b2000_frag	L1658774	4	0.4473
stock_b2000_frag	L1660134	0	0.3825
stock_b2000_frag	L166249	0	1.0000
stock_b2000_frag	L1663458	1	0.3337
stock_b2000_frag	L16644	2	0.1521
stock_b2000_frag	L1664922	4	0.5114
stock_b2000_frag	L1666954	0	0.5940
stock_b2000_frag	L1668737	0	0.5112
stock_b2000_frag	L167239	0	0.3687
stock_b2000_frag	L167308	0	1.0000
stock_b2000_frag	L1673443	1	0.3283
stock_b2000_frag	L1677915	0	0.9444
stock_b2000_frag	L1679070	0	0.7938
stock_b2000_frag	L1679327	0	0.6445
stock_b2000_frag	L1681571	2	0.1264
stock_b2000_frag	L1683975	6	0.1055
stock_b2000_frag	L1687257	1	0.2280
stock_b2000_frag	L1689425	4	0.2250
stock_b2000_frag	L1690704	4	0.1763
stock_b2000_frag	L1690718	1	0.2339
stock_b2000_frag	L1692614	0	0.7965
stock_b2000_frag	L1693021	1	0.3979
stock_b2000_frag	L1693729	0	0.7631
stock_b2000_frag	L1698795	0	1.0000
stock_b2000_frag	L1700325	1	0.4027
stock_b2000_frag	L1701759	0	0.8176
stock_b2000_frag	L1706009	0	0.4294
stock_b2000_frag	L1710196	1	0.6568
stock_b2000_frag	L1713230	0	0.3164
stock_b2000_frag	L1714485	1	0.3614
stock_b2000_frag	L1715650	1	0.2269
stock_b2000_frag	L1717886	4	0.2508
stock_b2000_frag	L1720587	1	0.4687
stock_b2000_frag	L1721987	0	1.0000
stock_b2000_frag	L1722777	0	1.0000
stock_b2000_frag	L1724773	1	0.6793
stock_b2000_frag	L1725448	0	0.9260
stock_b2000_frag	L1727481	1	0.1488
stock_b2000_frag	L1728562	1	0.1622
stock_b2000_frag	L1729015	1	0.0769
stock_b2000_frag	L1729974	8	0.3665
stock_b2000_frag	L1731527	1	0.6090
stock_b2000_frag	L173383	1	0.5342
stock_b2000_frag	L1735097	1	0.0926
stock_b2000_frag	L1736351	0	1.0000
stock_b2000_frag	L1736591	0	0.9985
stock_b2000_frag	L1739879	1	0.1945
stock_b2000_frag	L1741008	0	1.0000
stock_b2000_frag	L1741461	0	0.2109
stock_b2000_frag	L174176	3	0.9988
stock_b2000_frag	L1741919	2	0.4544
stock_b2000_frag	L1743480	2	0.3201
stock_b2000_frag	L1744154	0	0.5897
stock_b2000_frag	L1746595	0	0.9938
stock_b2000_frag	L1748112	0	1.0000
stock_b2000_frag	L1748957	0	0.9130
stock_b2000_frag	L1749257	1	0.1741
stock_b2000_frag	L175348	0	0.3224
stock_b2000_frag	L1753832	0	1.0000
stock_b2000_frag	L1755416	0	0.3871
stock_b2000_frag	L1758324	0	0.9561
stock_b2000_frag	L1758608	0	0.9749
stock_b2000_frag	L1758614	0	0.3715
stock_b2000_frag	L1758704	1	0.4088
stock_b2000_frag	L1762064	1	0.5086
stock_b2000_frag	L1765663	1	0.3745
stock_b2000_frag	L1766093	0	0.3236
stock_b2000_frag	L176738	7	0.1263
stock_b2000_frag	L1768336	0	0.1440
stock_b2000_frag	L176876	0	1.0000
stock_b2000_frag	L1768935	1	0.1686
stock_b2000_frag	L1770348	0	1.0000
stock_b2000_frag	L1770471	0	1.0000
stock_b2000_frag	L1772400	0	0.6656
stock_b2000_frag	L1774077	4	0.0780
stock_b2000_frag	L1774332	2	0.5776
stock_b2000_frag	L177650	0	1.0000
stock_b2000_frag	L1778239	2	0.3720
stock_b2000_frag	L1778753	0	0.9937
stock_b2000_frag	L1785009	0	0.2112
stock_b2000_frag	L1788156	0	0.9768
stock_b2000_frag	L179015	0	0.3246
stock_b2000_frag	L1790481	2	0.1890
stock_b2000_frag	L1791527	0	0.9180
stock_b2000_frag	L1792265	0	0.9956
stock_b2000_frag	L1793065	0	0.5909
stock_b2000_frag	L1794712	1	0.3138
stock_b2000_frag	L1794839	0	0.9200
stock_b2000_frag	L1796826	0	0.9817
stock_b2000_frag	L1797546	0	1.0000
stock_b2000_frag	L1798302	0	1.0000
stock_b2000_frag	L1799840	1	0.4195
stock_b2000_frag	L1801258	0	0.7657
stock_b2000_frag	L1802345	0	0.9873
stock_b2000_frag	L180509	0	1.0000
stock_b2000_frag	L1808966	0	0.8298
stock_b2000_frag	L1809234	0	0.5460
stock_b2000_frag	L1811231	1	0.3591
stock_b2000_frag	L1812445	0	0.7808
stock_b2000_frag	L1814309	1	0.3337
stock_b2000_frag	L1816451	0	0.2592
stock_b2000_frag	L1817551	0	0.9130
stock_b2000_frag	L1820447	3	0.3068
stock_b2000_frag	L1821765	0	0.4964
stock_b2000_frag	L1822989	0	1.0000
stock_b2000_frag	L1823086	0	0.4280
stock_b2000_frag	L1825981	0	0.7978
stock_b2000_frag	L1826918	0	1.0000
stock_b2000_frag	L1830338	0	1.0000
stock_b2000_frag	L18313	0	0.2850
stock_b2000_frag	L1831368	0	0.9999
stock_b2000_frag	L183802	0	0.8187
stock_b2000_frag	L1838244	0	1.0000
stock_b2000_frag	L1838501	1	0.5503
stock_b2000_frag	L1838652	2	0.1244
stock_b2000_frag	L1840388	1	0.4609
stock_b2000_frag	L1848896	3	0.3177
stock_b2000_frag	L1856065	0	0.9325
stock_b2000_frag	L1857129	0	0.2763
stock_b2000_frag	L1858192	0	1.0000
stock_b2000_frag	L1858235	1	0.1963
stock_b2000_frag	L1859863	0	0.3354
stock_b2000_frag	L1860283	2	0.4319
stock_b2000_frag	L1867226	0	0.3035
stock_b2000_frag	L186847	3	0.5590
stock_b2000_frag	L1869818	0	0.1477
stock_b2000_frag	L1872590	0	1.0000
stock_b2000_frag	L1872595	0	0.9991
stock_b2000_frag	L1873245	1	0.3505
stock_b2000_frag	L1873642	0	0.9539
stock_b2000_frag	L1874928	0	0.1551
stock_b2000_frag	L1876149	0	0.3391
stock_b2000_frag	L18800	0	0.5208
stock_b2000_frag	L1882201	1	0.4472
stock_b2000_frag	L1882838	0	0.7304
stock_b2000_frag	L1883125	1	0.2505
stock_b2000_frag	L1883999	1	0.1534
stock_b2000_frag	L1886440	0	0.7455
stock_b2000_frag	L1889760	0	1.0000
stock_b2000_frag	L189322	0	0.4687
stock_b2000_frag	L1895575	0	0.2462
stock_b2000_frag	L1897444	0	0.9605
stock_b2000_frag	L1898605	0	0.9998
stock_b2000_frag	L1898611	0	1.0000
stock_b2000_frag	L190102	0	1.0000
stock_b2000_frag	L1902625	0	0.3999
stock_b2000_frag	L1905283	3	0.6548
stock_b2000_frag	L190650	0	1.0000
stock_b2000_frag	L190687	0	0.9809
stock_b2000_frag	L1908570	1	0.2732
stock_b2000_frag	L1909629	5	0.2362
stock_b2000_frag	L1911881	3	0.1690
stock_b2000_frag	L1912	0	1.0000
stock_b2000_frag	L191488	0	0.4196
stock_b2000_frag	L1920826	1	0.4146
stock_b2000_frag	L192237	0	0.9654
stock_b2000_frag	L1924744	0	1.0000
stock_b2000_frag	L1925847	1	0.2532
stock_b2000_frag	L1928273	10	0.1133
stock_b2000_frag	L1928790	13	0.1185
stock_b2000_frag	L1932241	0	0.5997
stock_b2000_frag	L1932659	0	1.0000
stock_b2000_frag	L1933206	0	0.9983
stock_b2000_frag	L1933253	0	0.8966
stock_b2000_frag	L1933970	0	0.8807
stock_b2000_frag	L1936643	0	0.3341
stock_b2000_frag	L1940497	0	0.4830
stock_b2000_frag	L1942177	3	0.4893
stock_b2000_frag	L1942305	0	0.7314
stock_b2000_frag	L1943673	2	0.2167
stock_b2000_frag	L1944226	0	0.9125
stock_b2000_frag	L1944640	1	0.3554
stock_b2000_frag	L1944904	2	0.1519
stock_b2000_frag	L194952	1	0.2615
stock_b2000_frag	L1951280	0	0.9969
stock_b2000_frag	L1952353	3	0.1753
stock_b2000_frag	L1953692	2	0.5706
stock_b2000_frag	L1954656	1	0.2647
stock_b2000_frag	L1955598	1	0.9127
stock_b2000_frag	L1955973	0	0.4195
stock_b2000_frag	L195908	0	1.0000
stock_b2000_frag	L1964032	0	0.9988
stock_b2000_frag	L1965961	1	0.5493
stock_b2000_frag	L1970360	0	1.0000
stock_b2000_frag	L1970493	0	0.4017
stock_b2000_frag	L1970551	1	0.9665
stock_b2000_frag	L1970668	0	0.5322
stock_b2000_frag	L1971017	1	0.2649
stock_b2000_frag	L1975091	0	0.3238
stock_b2000_frag	L1975857	0	0.8529
stock_b2000_frag	L197613	0	0.1696
stock_b2000_frag	L1976785	1	0.2350
stock_b2000_frag	L1981866	1	0.3098
stock_b2000_frag	L1982300	0	1.0000
stock_b2000_frag	L1983183	1	0.3345
stock_b2000_frag	L1986059	3	0.8101
stock_b2000_frag	L1990411	0	1.0000
stock_b2000_frag	L1991628	0	1.0000
stock_b2000_frag	L1994839	0	1.0000
stock_b2000_frag	L1996032	0	1.0000
stock_b2000_frag	L202116	0	1.0000
stock_b2000_frag	L204802	1	0.1943
stock_b2000_frag	L208863	1	0.4221
stock_b2000_frag	L209724	2	0.1917
stock_b2000_frag	L2105	0	1.0000
stock_b2000_frag	L210838	1	0.2153
stock_b2000_frag	L21151	1	0.3854
stock_b2000_frag	L216034	0	0.7061
stock_b2000_frag	L216528	0	0.1926
stock_b2000_frag	L217349	0	1.0000
stock_b2000_frag	L222365	1	0.2833
stock_b2000_frag	L225416	1	0.3564
stock_b2000_frag	L227476	0	0.7573
stock_b2000_frag	L228723	0	0.9930
stock_b2000_frag	L231682	0	1.0000
stock_b2000_frag	L232060	0	1.0000
stock_b2000_frag	L233375	0	0.3180
stock_b2000_frag	L235764	0	1.0000
stock_b2000_frag	L238858	1	0.3275
stock_b2000_frag	L243818	0	1.0000
stock_b2000_frag	L244003	1	0.3781
stock_b2000_frag	L244965	0	0.8081
stock_b2000_frag	L24866	1	0.4447
stock_b2000_frag	L250969	0	1.0000
stock_b2000_frag	L252902	1	0.4308
stock_b2000_frag	L253345	1	0.3438
stock_b2000_frag	L257043	1	0.3319
stock_b2000_frag	L257465	0	0.2060
stock_b2000_frag	L258378	2	0.4510
stock_b2000_frag	L258696	0	1.0000
stock_b2000_frag	L260842	1	0.7975
stock_b2000_frag	L260939	0	0.9504
stock_b2000_frag	L261190	0	1.0000
stock_b2000_frag	L267309	1	0.2928
stock_b2000_frag	L267846	0	1.0000
stock_b2000_frag	L270977	0	0.4274
stock_b2000_frag	L272730	0	1.0000
stock_b2000_frag	L273461	0	0.6640
stock_b2000_frag	L282320	0	1.0000
stock_b2000_frag	L283173	0	0.3363
stock_b2000_frag	L283368	1	0.1999
stock_b2000_frag	L288752	0	0.6708
stock_b2000_frag	L2888	20	0.4675
stock_b2000_frag	L293305	7	0.5491
stock_b2000_frag	L293537	0	0.9507
stock_b2000_frag	L294764	1	0.1777
stock_b2000_frag	L299364	0	0.3026
stock_b2000_frag	L299595	1	0.2932
stock_b2000_frag	L299782	0	0.9586
stock_b2000_frag	L300401	0	1.0000
stock_b2000_frag	L30336	0	0.5618
stock_b2000_frag	L310087	1	0.2841
stock_b2000_frag	L312118	2	0.2838
stock_b2000_frag	L318026	0	0.8732
stock_b2000_frag	L318722	0	0.9076
stock_b2000_frag	L31952	1	0.7861
stock_b2000_frag	L319839	0	0.4028
stock_b2000_frag	L319888	0	0.9578
stock_b2000_frag	L320440	1	0.4791
stock_b2000_frag	L321627	0	1.0000
stock_b2000_frag	L322333	0	0.3985
stock_b2000_frag	L322794	1	0.6278
stock_b2000_frag	L322866	0	0.3564
stock_b2000_frag	L324151	3	0.7308
stock_b2000_frag	L324946	0	0.9971
stock_b2000_frag	L32606	0	0.6960
stock_b2000_frag	L326205	0	1.0000
stock_b2000_frag	L327486	0	1.0000
stock_b2000_frag	L331805	0	0.4249
stock_b2000_frag	L331807	1	0.6636
stock_b2000_frag	L333401	1	0.4339
stock_b2000_frag	L333865	0	1.0000
stock_b2000_frag	L335478	1	0.5203
stock_b2000_frag	L336916	1	0.2515
stock_b2000_frag	L337726	1	0.5593
stock_b2000_frag	L343911	0	0.9991
stock_b2000_frag	L346110	0	1.0000
stock_b2000_frag	L35206	1	0.2364
stock_b2000_frag	L352100	0	1.0000
stock_b2000_frag	L353330	1	0.3102
stock_b2000_frag	L353755	1	0.2862
stock_b2000_frag	L354281	1	0.6586
stock_b2000_frag	L355469	0	0.2383
stock_b2000_frag	L355973	1	0.2600
stock_b2000_frag	L358098	0	0.9976
stock_b2000_frag	L358427	0	1.0000
stock_b2000_frag	L36185	0	0.8965
stock_b2000_frag	L36374	0	0.9961
stock_b2000_frag	L36393	1	0.2511
stock_b2000_frag	L364477	0	0.5519
stock_b2000_frag	L368265	1	0.4172
stock_b2000_frag	L369221	1	0.3527
stock_b2000_frag	L370516	0	0.9999
stock_b2000_frag	L375608	2	0.1196
stock_b2000_frag	L375999	1	0.1975
stock_b2000_frag	L376343	0	0.7389
stock_b2000_frag	L377914	1	0.4933
stock_b2000_frag	L380751	4	0.0908
stock_b2000_frag	L382166	0	1.0000
stock_b2000_frag	L382724	0	0.9997
stock_b2000_frag	L383909	1	0.7221
stock_b2000_frag	L385595	8	0.2171
stock_b2000_frag	L386761	0	1.0000
stock_b2000_frag	L38847	1	0.4791
stock_b2000_frag	L388838	0	0.2301
stock_b2000_frag	L390056	1	0.2495
stock_b2000_frag	L390847	0	0.4840
stock_b2000_frag	L391263	0	0.4968
stock_b2000_frag	L394934	0	0.7166
stock_b2000_frag	L396359	0	1.0000
stock_b2000_frag	L397005	1	0.3989
stock_b2000_frag	L398087	2	0.3162
stock_b2000_frag	L401127	0	0.9989
stock_b2000_frag	L402454	0	0.2614
stock_b2000_frag	L403424	0	0.4798
stock_b2000_frag	L405687	0	0.3951
stock_b2000_frag	L409413	1	0.4675
stock_b2000_frag	L411451	0	1.0000
stock_b2000_frag	L414909	0	0.9979
stock_b2000_frag	L414959	0	1.0000
stock_b2000_frag	L418437	0	1.0000
stock_b2000_frag	L419149	0	0.7053
stock_b2000_frag	L422199	0	1.0000
stock_b2000_frag	L42258	3	0.2404
stock_b2000_frag	L425262	1	0.5900
stock_b2000_frag	L425629	0	0.2411
stock_b2000_frag	L431467	0	0.7400
stock_b2000_frag	L433013	0	1.0000
stock_b2000_frag	L435219	0	1.0000
stock_b2000_frag	L442957	1	0.2275
stock_b2000_frag	L4469	0	1.0000
stock_b2000_frag	L446901	0	1.0000
stock_b2000_frag	L449888	0	0.1648
stock_b2000_frag	L450863	0	1.0000
stock_b2000_frag	L454426	0	0.2420
stock_b2000_frag	L456423	4	0.5383
stock_b2000_frag	L458224	1	0.7003
stock_b2000_frag	L45866	1	0.5789
stock_b2000_frag	L459126	1	0.4787
stock_b2000_frag	L459710	0	0.6605
stock_b2000_frag	L460845	0	0.4765
stock_b2000_frag	L462461	0	0.4828
stock_b2000_frag	L462611	1	0.2230
stock_b2000_frag	L465953	0	0.6131
stock_b2000_frag	L466572	1	0.4841
stock_b2000_frag	L469914	0	0.2575
stock_b2000_frag	L472973	1	0.2237
stock_b2000_frag	L47627	0	1.0000
stock_b2000_frag	L477052	0	0.7362
stock_b2000_frag	L477480	0	0.4426
stock_b2000_frag	L478354	0	0.9915
stock_b2000_frag	L480723	0	0.5402
stock_b2000_frag	L481009	1	0.3360
stock_b2000_frag	L481562	0	0.9564
stock_b2000_frag	L481889	2	0.1756
stock_b2000_frag	L482581	1	0.4428
stock_b2000_frag	L488483	1	0.4400
stock_b2000_frag	L494762	0	1.0000
stock_b2000_frag	L496946	0	0.8093
stock_b2000_frag	L497994	0	0.9917
stock_b2000_frag	L498642	23	0.2800
stock_b2000_frag	L499837	1	0.6493
stock_b2000_frag	L500481	0	0.9942
stock_b2000_frag	L501837	1	0.6353
stock_b2000_frag	L506324	0	1.0000
stock_b2000_frag	L5117	1	0.2722
stock_b2000_frag	L511916	0	0.9707
stock_b2000_frag	L515141	1	0.4380
stock_b2000_frag	L516046	1	0.3128
stock_b2000_frag	L520263	0	1.0000
stock_b2000_frag	L521167	17	0.9985
stock_b2000_frag	L521904	0	0.7706
stock_b2000_frag	L523867	0	0.9150
stock_b2000_frag	L524464	0	0.5637
stock_b2000_frag	L525527	3	0.2023
stock_b2000_frag	L529623	0	0.8603
stock_b2000_frag	L531061	0	0.6019
stock_b2000_frag	L533105	0	1.0000
stock_b2000_frag	L534964	0	0.9118
stock_b2000_frag	L535240	1	0.3805
stock_b2000_frag	L535400	1	0.2424
stock_b2000_frag	L536467	0	0.9988
stock_b2000_frag	L536524	3	0.1871
stock_b2000_frag	L539572	1	0.3949
stock_b2000_frag	L539623	0	0.7548
stock_b2000_frag	L541274	0	0.9312
stock_b2000_frag	L541585	0	0.7910
stock_b2000_frag	L543256	0	1.0000
stock_b2000_frag	L544561	0	0.3811
stock_b2000_frag	L545165	4	0.2198
stock_b2000_frag	L546910	0	0.3532
stock_b2000_frag	L548504	0	0.7859
stock_b2000_frag	L551442	0	1.0000
stock_b2000_frag	L555925	0	0.9962
stock_b2000_frag	L556696	1	0.4273
stock_b2000_frag	L559531	17	0.3496
stock_b2000_frag	L560176	0	1.0000
stock_b2000_frag	L561367	1	0.3617
stock_b2000_frag	L564679	1	0.2691
stock_b2000_frag	L566745	1	0.6770
stock_b2000_frag	L568989	0	1.0000
stock_b2000_frag	L570772	1	0.2256
stock_b2000_frag	L572521	0	0.4391
stock_b2000_frag	L577507	2	0.5131
stock_b2000_frag	L578197	1	0.9902
stock_b2000_frag	L584866	0	0.4833
stock_b2000_frag	L586948	0	0.3949
stock_b2000_frag	L589777	1	0.2622
stock_b2000_frag	L589868	0	0.2896
stock_b2000_frag	L590205	0	0.8779
stock_b2000_frag	L59044	0	0.9922
stock_b2000_frag	L599511	2	0.2965
stock_b2000_frag	L60389	0	1.0000
stock_b2000_frag	L614050	0	0.9996
stock_b2000_frag	L617862	0	0.3945
stock_b2000_frag	L620966	5	0.3948
stock_b2000_frag	L623278	0	0.2587
stock_b2000_frag	L62337	1	0.2442
stock_b2000_frag	L626238	0	0.4713
stock_b2000_frag	L626353	0	0.4691
stock_b2000_frag	L62839	0	0.6297
stock_b2000_frag	L632457	0	0.5642
stock_b2000_frag	L635118	0	1.0000
stock_b2000_frag	L636888	1	0.3172
stock_b2000_frag	L639959	0	1.0000
stock_b2000_frag	L640160	0	1.0000
stock_b2000_frag	L641936	1	0.1594
stock_b2000_frag	L642984	0	1.0000
stock_b2000_frag	L644406	1	0.2677
stock_b2000_frag	L644497	1	0.3782
stock_b2000_frag	L646751	0	1.0000
stock_b2000_frag	L649091	2	0.3779
stock_b2000_frag	L652753	0	0.6290
stock_b2000_frag	L657061	0	1.0000
stock_b2000_frag	L657332	0	1.0000
stock_b2000_frag	L657537	0	0.9996
stock_b2000_frag	L658591	0	1.0000
stock_b2000_frag	L659549	1	0.3599
stock_b2000_frag	L660443	0	0.4282
stock_b2000_frag	L663427	1	0.7995
stock_b2000_frag	L665914	1	0.4640
stock_b2000_frag	L666180	0	0.4418
stock_b2000_frag	L667013	1	0.5420
stock_b2000_frag	L667839	0	1.0000
stock_b2000_frag	L669436	5	0.2130
stock_b2000_frag	L66992	0	0.9876
stock_b2000_frag	L677371	0	1.0000
stock_b2000_frag	L678289	0	0.8056
stock_b2000_frag	L678676	0	0.9190
stock_b2000_frag	L679717	1	0.3186
stock_b2000_frag	L680683	1	0.9635
stock_b2000_frag	L681033	0	0.9456
stock_b2000_frag	L681532	0	0.9027
stock_b2000_frag	L681559	0	0.8205
stock_b2000_frag	L681852	0	0.3576
stock_b2000_frag	L684567	0	1.0000
stock_b2000_frag	L685962	1	0.6223
stock_b2000_frag	L686506	0	0.3341
stock_b2000_frag	L689721	0	0.8305
stock_b2000_frag	L691596	0	0.3094
stock_b2000_frag	L692386	0	0.9738
stock_b2000_frag	L693733	0	0.2037
stock_b2000_frag	L694998	0	0.9986
stock_b2000_frag	L699028	1	0.7423
stock_b2000_frag	L700056	0	1.0000
stock_b2000_frag	L700404	0	0.9914
stock_b2000_frag	L702168	0	1.0000
stock_b2000_frag	L70331	0	0.3081
stock_b2000_frag	L704136	0	1.0000
stock_b2000_frag	L704338	1	0.3033
stock_b2000_frag	L705787	2	0.3118
stock_b2000_frag	L706127	5	0.2626
stock_b2000_frag	L706802	0	0.7454
stock_b2000_frag	L707187	0	1.0000
stock_b2000_frag	L710321	0	1.0000
stock_b2000_frag	L711529	0	1.0000
stock_b2000_frag	L71277	1	0.5535
stock_b2000_frag	L713051	0	0.5576
stock_b2000_frag	L715677	0	1.0000
stock_b2000_frag	L716679	0	0.4193
stock_b2000_frag	L720310	0	0.2841
stock_b2000_frag	L720918	0	0.4257
stock_b2000_frag	L722647	0	0.8266
stock_b2000_frag	L722885	0	0.3964
stock_b2000_frag	L725643	3	0.2059
stock_b2000_frag	L730413	1	0.3328
stock_b2000_frag	L731956	0	0.9998
stock_b2000_frag	L736973	0	1.0000
stock_b2000_frag	L740874	0	0.2337
stock_b2000_frag	L741246	0	1.0000
stock_b2000_frag	L742863	0	0.9970
stock_b2000_frag	L743451	1	0.1003
stock_b2000_frag	L748093	5	0.2316
stock_b2000_frag	L751266	0	0.4964
stock_b2000_frag	L752342	1	0.1632
stock_b2000_frag	L752475	0	0.9987
stock_b2000_frag	L752653	1	0.3532
stock_b2000_frag	L75387	0	0.3847
stock_b2000_frag	L754764	0	0.9583
stock_b2000_frag	L755702	0	0.3290
stock_b2000_frag	L759676	0	0.8112
stock_b2000_frag	L759690	0	0.9863
stock_b2000_frag	L759925	0	1.0000
stock_b2000_frag	L760304	0	1.0000
stock_b2000_frag	L762113	0	0.9693
stock_b2000_frag	L762771	0	0.2103
stock_b2000_frag	L763808	0	1.0000
stock_b2000_frag	L764107	0	0.3326
stock_b2000_frag	L764127	0	0.9281
stock_b2000_frag	L764282	0	0.9912
stock_b2000_frag	L764916	0	0.6641
stock_b2000_frag	L77164	2	0.1936
stock_b2000_frag	L773134	0	1.0000
stock_b2000_frag	L774588	0	1.0000
stock_b2000_frag	L774738	0	1.0000
stock_b2000_frag	L775906	2	0.1563
stock_b2000_frag	L778698	1	0.3658
stock_b2000_frag	L779464	0	0.3280
stock_b2000_frag	L779937	0	0.3664
stock_b2000_frag	L780609	0	0.9984
stock_b2000_frag	L784473	4	0.1560
stock_b2000_frag	L787550	0	0.9923
stock_b2000_frag	L789409	0	0.3102
stock_b2000_frag	L790771	0	0.9892
stock_b2000_frag	L792951	1	0.4439
stock_b2000_frag	L79315	0	0.8692
stock_b2000_frag	L793490	1	0.2478
stock_b2000_frag	L79406	0	0.6252
stock_b2000_frag	L79610	1	0.5452
stock_b2000_frag	L796809	1	0.1277
stock_b2000_frag	L798449	0	1.0000
stock_b2000_frag	L801473	0	0.9992
stock_b2000_frag	L801620	0	0.1535
stock_b2000_frag	L801738	0	0.9994
stock_b2000_frag	L803364	1	0.2495
stock_b2000_frag	L803613	1	0.4474
stock_b2000_frag	L804778	0	0.2428
stock_b2000_frag	L808364	1	0.3698
stock_b2000_frag	L809372	0	0.9903
stock_b2000_frag	L809693	0	0.3849
stock_b2000_frag	L811734	0	0.9600
stock_b2000_frag	L81215	0	0.9951
stock_b2000_frag	L812450	0	1.0000
stock_b2000_frag	L812672	1	0.3665
stock_b2000_frag	L815977	1	0.4377
stock_b2000_frag	L816644	0	1.0000
stock_b2000_frag	L81909	0	0.9946
stock_b2000_frag	L819563	3	0.3272
stock_b2000_frag	L821100	0	0.9596
stock_b2000_frag	L822334	0	0.9679
stock_b2000_frag	L824223	0	0.3954
stock_b2000_frag	L827048	1	0.5467
stock_b2000_frag	L827129	0	0.9528
stock_b2000_frag	L829233	0	0.8710
stock_b2000_frag	L83001	0	0.9820
stock_b2000_frag	L830371	0	0.9880
stock_b2000_frag	L832923	0	0.9707
stock_b2000_frag	L834579	0	0.8319
stock_b2000_frag	L834622	1	0.4456
stock_b2000_frag	L837955	0	0.9962
stock_b2000_frag	L843972	3	0.1945
stock_b2000_frag	L845031	0	0.9881
stock_b2000_frag	L846960	0	1.0000
stock_b2000_frag	L847988	0	0.1636
stock_b2000_frag	L849505	0	0.6232
stock_b2000_frag	L851847	1	0.4406
stock_b2000_frag	L853299	0	1.0000
stock_b2000_frag	L855747	1	0.2209
stock_b2000_frag	L855935	0	0.9888
stock_b2000_frag	L856753	0	1.0000
stock_b2000_frag	L85748	1	0.6762
stock_b2000_frag	L858843	0	0.9996
stock_b2000_frag	L862725	0	1.0000
stock_b2000_frag	L864050	0	1.0000
stock_b2000_frag	L86679	0	1.0000
stock_b2000_frag	L868640	0	1.0000
stock_b2000_frag	L869371	0	0.4714
stock_b2000_frag	L869433	0	0.9898
stock_b2000_frag	L873249	0	0.9842
stock_b2000_frag	L883133	0	0.9413
stock_b2000_frag	L883660	0	0.5220
stock_b2000_frag	L884453	0	0.9121
stock_b2000_frag	L885068	0	0.8635
stock_b2000_frag	L885624	5	0.1047
stock_b2000_frag	L886084	0	0.4831
stock_b2000_frag	L886474	7	0.2929
stock_b2000_frag	L886813	0	0.2806
stock_b2000_frag	L888328	0	0.9981
stock_b2000_frag	L888339	0	1.0000
stock_b2000_frag	L888692	1	0.1105
stock_b2000_frag	L892540	0	1.0000
stock_b2000_frag	L894181	8	0.1567
stock_b2000_frag	L895192	1	0.7245
stock_b2000_frag	L895682	1	0.3843
stock_b2000_frag	L898645	0	0.7609
stock_b2000_frag	L900297	2	0.2512
stock_b2000_frag	L902295	0	1.0000
stock_b2000_frag	L902514	2	0.4117
stock_b2000_frag	L906439	0	0.8829
stock_b2000_frag	L907227	0	0.7248
stock_b2000_frag	L90734	0	1.0000
stock_b2000_frag	L909856	1	0.4362
stock_b2000_frag	L910412	5	0.1897
stock_b2000_frag	L910841	0	0.7397
stock_b2000_frag	L911364	0	0.9388
stock_b2000_frag	L912237	0	0.3927
stock_b2000_frag	L913833	6	0.3461
stock_b2000_frag	L914150	0	0.8381
stock_b2000_frag	L914195	2	0.2039
stock_b2000_frag	L91480	0	0.4765
stock_b2000_frag	L918005	0	0.9959
stock_b2000_frag	L918018	0	1.0000
stock_b2000_frag	L923738	0	0.5275
stock_b2000_frag	L924400	1	0.5698
stock_b2000_frag	L925260	0	0.2334
stock_b2000_frag	L928875	2	0.2364
stock_b2000_frag	L93124	1	0.9140
stock_b2000_frag	L93295	0	0.9749
stock_b2000_frag	L933087	1	0.4682
stock_b2000_frag	L933852	0	0.8601
stock_b2000_frag	L936253	0	1.0000
stock_b2000_frag	L940767	0	0.5389
stock_b2000_frag	L941368	2	0.2185
stock_b2000_frag	L941926	0	1.0000
stock_b2000_frag	L942873	1	0.2222
stock_b2000_frag	L943752	0	0.4212
stock_b2000_frag	L948601	0	0.4591
stock_b2000_frag	L94945	3	0.4905
stock_b2000_frag	L949761	1	0.2449
stock_b2000_frag	L953203	0	0.2626
stock_b2000_frag	L95620	0	0.5022
stock_b2000_frag	L957565	0	0.3572
stock_b2000_frag	L960419	1	0.4437
stock_b2000_frag	L962289	2	0.7514
stock_b2000_frag	L96262	0	0.9999
stock_b2000_frag	L962680	0	0.8647
stock_b2000_frag	L967795	1	0.3914
stock_b2000_frag	L968437	0	1.0000
stock_b2000_frag	L969615	1	0.3129
stock_b2000_frag	L970400	1	0.3989
stock_b2000_frag	L972698	0	1.0000
stock_b2000_frag	L974207	0	0.6424
stock_b2000_frag	L979330	1	0.6097
stock_b2000_frag	L983346	0	0.9998
stock_b2000_frag	L984768	0	0.6456
stock_b2000_frag	L984796	0	0.8016
stock_b2000_frag	L985204	1	0.3942
stock_b2000_frag	L985959	0	1.0000
stock_b2000_frag	L986820	1	0.4805
stock_b2000_frag	L989999	1	0.3190
stock_b2000_frag	L994491	0	0.9121
stock_b2000_frag	L997717	0	0.3310
stock_b2000_frag	L998540	2	0.0948
stock_b2000_full	L1002585	0	1.0000
stock_b2000_full	L1004185	0	0.9567
stock_b2000_full	L1005032	0	1.0000
stock_b2000_full	L1011227	0	1.0000
stock_b2000_full	L1012049	0	1.0000
stock_b2000_full	L1012199	0	1.0000
stock_b2000_full	L1016849	0	1.0000
stock_b2000_full	L1017537	0	1.0000
stock_b2000_full	L1021907	0	1.0000
stock_b2000_full	L1024044	0	1.0000
stock_b2000_full	L1024542	0	1.0000
stock_b2000_full	L1025399	0	1.0000
stock_b2000_full	L1026799	0	1.0000
stock_b2000_full	L102922	0	0.9619
stock_b2000_full	L1029951	1	0.8958
stock_b2000_full	L1030819	0	1.0000
stock_b2000_full	L103249	1	1.0000
stock_b2000_full	L1036266	0	1.0000
stock_b2000_full	L1036426	0	1.0000
stock_b2000_full	L1038977	1	1.0000
stock_b2000_full	L1044163	0	0.5510
stock_b2000_full	L1044444	0	0.9997
stock_b2000_full	L1046348	0	1.0000
stock_b2000_full	L1046966	0	1.0000
stock_b2000_full	L1050743	0	1.0000
stock_b2000_full	L1052309	0	1.0000
stock_b2000_full	L1053445	0	1.0000
stock_b2000_full	L1054346	0	0.9996
stock_b2000_full	L1055550	0	1.0000
stock_b2000_full	L1058576	0	1.0000
stock_b2000_full	L1060120	1	1.0000
stock_b2000_full	L1061482	1	1.0000
stock_b2000_full	L1061587	1	0.6093
stock_b2000_full	L1062126	0	1.0000
stock_b2000_full	L1063587	0	1.0000
stock_b2000_full	L1064227	0	1.0000
stock_b2000_full	L1065804	1	1.0000
stock_b2000_full	L1068964	0	1.0000
stock_b2000_full	L1069832	0	1.0000
stock_b2000_full	L1071754	0	0.5115
stock_b2000_full	L1072449	1	1.0000
stock_b2000_full	L1073165	0	0.6953
stock_b2000_full	L1075189	1	0.7921
stock_b2000_full	L1081827	1	0.6485
stock_b2000_full	L1082663	0	1.0000
stock_b2000_full	L1083972	0	1.0000
stock_b2000_full	L1085175	0	1.0000
stock_b2000_full	L1087086	1	0.5562
stock_b2000_full	L1087105	1	0.5585
stock_b2000_full	L1089119	1	0.9502
stock_b2000_full	L1090631	0	1.0000
stock_b2000_full	L1091178	0	0.8179
stock_b2000_full	L1091281	0	0.5646
stock_b2000_full	L1091323	1	1.0000
stock_b2000_full	L1091479	0	1.0000
stock_b2000_full	L1092388	0	1.0000
stock_b2000_full	L1096376	0	1.0000
stock_b2000_full	L1099155	0	1.0000
stock_b2000_full	L1101520	0	1.0000
stock_b2000_full	L1106265	0	1.0000
stock_b2000_full	L1106965	0	1.0000
stock_b2000_full	L1107538	0	1.0000
stock_b2000_full	L1109734	0	1.0000
stock_b2000_full	L1110523	0	0.9991
stock_b2000_full	L1116847	0	1.0000
stock_b2000_full	L1117806	0	1.0000
stock_b2000_full	L1123172	0	1.0000
stock_b2000_full	L112480	0	1.0000
stock_b2000_full	L1125468	0	1.0000
stock_b2000_full	L1125564	0	1.0000
stock_b2000_full	L1126749	0	1.0000
stock_b2000_full	L1127804	1	0.4307
stock_b2000_full	L1128821	0	1.0000
stock_b2000_full	L1132817	0	1.0000
stock_b2000_full	L1134826	1	1.0000
stock_b2000_full	L1135019	1	0.5151
stock_b2000_full	L113844	0	0.6690
stock_b2000_full	L1138559	1	0.6138
stock_b2000_full	L1139573	1	1.0000
stock_b2000_full	L1142178	1	0.3436
stock_b2000_full	L1143584	0	1.0000
stock_b2000_full	L1146782	1	1.0000
stock_b2000_full	L1148275	1	1.0000
stock_b2000_full	L1148681	0	1.0000
stock_b2000_full	L1148861	0	1.0000
stock_b2000_full	L115160	0	1.0000
stock_b2000_full	L1152742	0	0.7876
stock_b2000_full	L1159462	0	1.0000
stock_b2000_full	L1160593	0	1.0000
stock_b2000_full	L1166860	1	1.0000
stock_b2000_full	L1169308	1	1.0000
stock_b2000_full	L1171933	0	1.0000
stock_b2000_full	L1175689	0	1.0000
stock_b2000_full	L1176510	0	1.0000
stock_b2000_full	L1176819	1	0.5018
stock_b2000_full	L1181526	0	1.0000
stock_b2000_full	L1184831	0	1.0000
stock_b2000_full	L1188236	0	1.0000
stock_b2000_full	L1189606	0	1.0000
stock_b2000_full	L1190029	0	1.0000
stock_b2000_full	L1192003	0	1.0000
stock_b2000_full	L1193093	1	0.9615
stock_b2000_full	L1193626	0	1.0000
stock_b2000_full	L1194943	1	1.0000
stock_b2000_full	L1200114	0	1.0000
stock_b2000_full	L1200373	0	1.0000
stock_b2000_full	L1202626	0	1.0000
stock_b2000_full	L1203652	0	1.0000
stock_b2000_full	L1205967	0	1.0000
stock_b2000_full	L1206149	0	1.0000
stock_b2000_full	L1208940	0	1.0000
stock_b2000_full	L120959	0	1.0000
stock_b2000_full	L1211345	0	1.0000
stock_b2000_full	L1212637	0	1.0000
stock_b2000_full	L1212861	0	1.0000
stock_b2000_full	L121334	1	0.3989
stock_b2000_full	L1215236	0	0.9995
stock_b2000_full	L1217544	0	1.0000
stock_b2000_full	L1217630	0	1.0000
stock_b2000_full	L1218521	0	1.0000
stock_b2000_full	L121873	0	1.0000
stock_b2000_full	L1218743	0	1.0000
stock_b2000_full	L1219260	0	1.0000
stock_b2000_full	L1219324	0	1.0000
stock_b2000_full	L1223018	1	0.6995
stock_b2000_full	L12241	1	0.4716
stock_b2000_full	L122411	0	1.0000
stock_b2000_full	L1228313	0	1.0000
stock_b2000_full	L1228316	0	1.0000
stock_b2000_full	L1228698	0	1.0000
stock_b2000_full	L1229975	0	1.0000
stock_b2000_full	L1233030	0	0.9855
stock_b2000_full	L1234322	0	1.0000
stock_b2000_full	L1235564	0	1.0000
stock_b2000_full	L1237368	0	0.3575
stock_b2000_full	L1242536	0	1.0000
stock_b2000_full	L1243882	0	1.0000
stock_b2000_full	L1244427	1	0.9253
stock_b2000_full	L1247700	0	1.0000
stock_b2000_full	L1249050	0	1.0000
stock_b2000_full	L1252273	1	1.0000
stock_b2000_full	L1252715	0	1.0000
stock_b2000_full	L125500	1	1.0000
stock_b2000_full	L125644	1	1.0000
stock_b2000_full	L1263639	0	1.0000
stock_b2000_full	L1263909	0	1.0000
stock_b2000_full	L1267300	0	1.0000
stock_b2000_full	L1267973	0	0.6487
stock_b2000_full	L1268056	1	0.4032
stock_b2000_full	L1269000	0	1.0000
stock_b2000_full	L1269225	0	1.0000
stock_b2000_full	L1269960	0	1.0000
stock_b2000_full	L1270519	1	0.4846
stock_b2000_full	L1271695	1	1.0000
stock_b2000_full	L1274988	0	1.0000
stock_b2000_full	L1277578	1	1.0000
stock_b2000_full	L1277861	0	1.0000
stock_b2000_full	L1281298	0	1.0000
stock_b2000_full	L1283746	0	1.0000
stock_b2000_full	L1284558	0	0.8576
stock_b2000_full	L1286758	0	1.0000
stock_b2000_full	L1291250	0	1.0000
stock_b2000_full	L129208	0	1.0000
stock_b2000_full	L1292363	0	0.9138
stock_b2000_full	L1292503	0	1.0000
stock_b2000_full	L1294408	1	0.5274
stock_b2000_full	L1294453	0	0.9874
stock_b2000_full	L1294952	0	1.0000
stock_b2000_full	L1297512	0	1.0000
stock_b2000_full	L1298142	0	1.0000
stock_b2000_full	L1299862	0	1.0000
stock_b2000_full	L1302458	1	1.0000
stock_b2000_full	L1307852	0	1.0000
stock_b2000_full	L130839	0	1.0000
stock_b2000_full	L1309046	0	1.0000
stock_b2000_full	L1314993	0	1.0000
stock_b2000_full	L1316645	1	0.9981
stock_b2000_full	L1316673	0	0.6991
stock_b2000_full	L1319261	1	1.0000
stock_b2000_full	L1320029	1	0.5007
stock_b2000_full	L1321139	0	1.0000
stock_b2000_full	L1322298	0	1.0000
stock_b2000_full	L1325043	0	1.0000
stock_b2000_full	L1328601	0	1.0000
stock_b2000_full	L1330004	0	1.0000
stock_b2000_full	L1334204	0	1.0000
stock_b2000_full	L1334727	0	1.0000
stock_b2000_full	L1337969	0	0.6159
stock_b2000_full	L1338440	0	0.9793
stock_b2000_full	L1338867	0	1.0000
stock_b2000_full	L13406	0	1.0000
stock_b2000_full	L1341334	0	1.0000
stock_b2000_full	L1342936	0	1.0000
stock_b2000_full	L1343571	0	0.9987
stock_b2000_full	L134770	0	1.0000
stock_b2000_full	L1348767	1	1.0000
stock_b2000_full	L1349954	0	1.0000
stock_b2000_full	L1350260	0	1.0000
stock_b2000_full	L1354350	0	1.0000
stock_b2000_full	L1358832	0	1.0000
stock_b2000_full	L1362201	0	1.0000
stock_b2000_full	L1362636	1	0.9322
stock_b2000_full	L1365362	0	1.0000
stock_b2000_full	L1366477	0	1.0000
stock_b2000_full	L1369644	0	1.0000
stock_b2000_full	L13698	0	1.0000
stock_b2000_full	L1371092	1	1.0000
stock_b2000_full	L1372683	0	1.0000
stock_b2000_full	L1372686	0	1.0000
stock_b2000_full	L1373403	0	1.0000
stock_b2000_full	L1378339	0	1.0000
stock_b2000_full	L1379425	1	0.6545
stock_b2000_full	L1380845	0	1.0000
stock_b2000_full	L1382177	0	1.0000
stock_b2000_full	L1382936	0	0.6652
stock_b2000_full	L1382969	0	1.0000
stock_b2000_full	L1383932	0	1.0000
stock_b2000_full	L1384051	0	1.0000
stock_b2000_full	L1393346	0	0.6895
stock_b2000_full	L1394372	0	1.0000
stock_b2000_full	L1398058	0	1.0000
stock_b2000_full	L1398565	0	1.0000
stock_b2000_full	L1400233	0	1.0000
stock_b2000_full	L1400557	1	0.9992
stock_b2000_full	L1403214	0	1.0000
stock_b2000_full	L1409097	0	1.0000
stock_b2000_full	L1409378	0	1.0000
stock_b2000_full	L1410763	0	1.0000
stock_b2000_full	L1410905	0	1.0000
stock_b2000_full	L1411655	0	1.0000
stock_b2000_full	L1421095	0	1.0000
stock_b2000_full	L1421423	0	1.0000
stock_b2000_full	L1431164	0	1.0000
stock_b2000_full	L1435268	0	1.0000
stock_b2000_full	L1438447	0	1.0000
stock_b2000_full	L1440099	0	1.0000
stock_b2000_full	L1440354	0	1.0000
stock_b2000_full	L1440579	0	0.9955
stock_b2000_full	L1441065	0	1.0000
stock_b2000_full	L1442950	0	1.0000
stock_b2000_full	L144630	0	1.0000
stock_b2000_full	L144966	0	1.0000
stock_b2000_full	L1450044	0	1.0000
stock_b2000_full	L145721	0	1.0000
stock_b2000_full	L1463127	0	1.0000
stock_b2000_full	L1463808	1	1.0000
stock_b2000_full	L1468044	0	1.0000
stock_b2000_full	L1468317	0	1.0000
stock_b2000_full	L1470882	0	1.0000
stock_b2000_full	L1472026	0	1.0000
stock_b2000_full	L1475336	0	1.0000
stock_b2000_full	L1477	0	0.9977
stock_b2000_full	L1477137	1	1.0000
stock_b2000_full	L1478713	0	0.7612
stock_b2000_full	L1479097	0	1.0000
stock_b2000_full	L1482186	1	0.5786
stock_b2000_full	L1483022	1	1.0000
stock_b2000_full	L1485252	0	0.8975
stock_b2000_full	L1487868	0	1.0000
stock_b2000_full	L1489958	0	1.0000
stock_b2000_full	L1491338	0	1.0000
stock_b2000_full	L1491406	1	1.0000
stock_b2000_full	L1492427	1	0.6943
stock_b2000_full	L1494927	0	1.0000
stock_b2000_full	L1496723	0	1.0000
stock_b2000_full	L14998	0	1.0000
stock_b2000_full	L1500041	0	1.0000
stock_b2000_full	L1500792	0	1.0000
stock_b2000_full	L1501054	0	1.0000
stock_b2000_full	L1501117	1	0.6150
stock_b2000_full	L150284	0	0.9870
stock_b2000_full	L1503080	0	1.0000
stock_b2000_full	L1506056	0	1.0000
stock_b2000_full	L1506305	0	1.0000
stock_b2000_full	L1507593	0	1.0000
stock_b2000_full	L1507721	0	1.0000
stock_b2000_full	L1509635	0	1.0000
stock_b2000_full	L1511077	0	1.0000
stock_b2000_full	L1511516	1	1.0000
stock_b2000_full	L151270	0	1.0000
stock_b2000_full	L1513453	0	1.0000
stock_b2000_full	L1513508	0	1.0000
stock_b2000_full	L1514059	1	1.0000
stock_b2000_full	L151434	0	1.0000
stock_b2000_full	L1520281	0	0.9931
stock_b2000_full	L1522665	0	1.0000
stock_b2000_full	L1525581	0	1.0000
stock_b2000_full	L152670	0	1.0000
stock_b2000_full	L1527449	0	0.9933
stock_b2000_full	L1532593	1	0.6398
stock_b2000_full	L1537084	1	1.0000
stock_b2000_full	L1545445	1	0.5334
stock_b2000_full	L1549764	1	1.0000
stock_b2000_full	L1553511	0	1.0000
stock_b2000_full	L1555961	0	0.8083
stock_b2000_full	L1556158	0	1.0000
stock_b2000_full	L1559085	0	1.0000
stock_b2000_full	L1559370	0	1.0000
stock_b2000_full	L1561684	1	0.8527
stock_b2000_full	L1563921	1	1.0000
stock_b2000_full	L1564440	1	0.5009
stock_b2000_full	L1564788	0	1.0000
stock_b2000_full	L1570442	1	0.4216
stock_b2000_full	L1577548	0	1.0000
stock_b2000_full	L1582773	0	0.9999
stock_b2000_full	L1586476	0	1.0000
stock_b2000_full	L1591774	0	1.0000
stock_b2000_full	L1592464	0	1.0000
stock_b2000_full	L1592890	0	1.0000
stock_b2000_full	L1593009	0	1.0000
stock_b2000_full	L1594265	0	1.0000
stock_b2000_full	L15949	0	1.0000
stock_b2000_full	L1595729	1	0.9997
stock_b2000_full	L1596023	0	1.0000
stock_b2000_full	L1596979	0	1.0000
stock_b2000_full	L1599150	0	1.0000
stock_b2000_full	L1605496	0	1.0000
stock_b2000_full	L1608356	0	0.8948
stock_b2000_full	L1608408	0	0.5046
stock_b2000_full	L1609523	0	1.0000
stock_b2000_full	L1611831	1	0.6387
stock_b2000_full	L1613719	0	1.0000
stock_b2000_full	L1613862	0	1.0000
stock_b2000_full	L1614892	0	1.0000
stock_b2000_full	L1615590	0	1.0000
stock_b2000_full	L1616879	0	1.0000
stock_b2000_full	L1617022	1	1.0000
stock_b2000_full	L1619438	1	0.5947
stock_b2000_full	L1619907	0	1.0000
stock_b2000_full	L1620099	0	1.0000
stock_b2000_full	L1622776	1	0.5251
stock_b2000_full	L1622804	1	0.5718
stock_b2000_full	L1623315	0	1.0000
stock_b2000_full	L1625869	0	1.0000
stock_b2000_full	L1632251	0	1.0000
stock_b2000_full	L1632593	0	0.9997
stock_b2000_full	L1633409	0	0.9270
stock_b2000_full	L163519	0	1.0000
stock_b2000_full	L1635479	0	1.0000
stock_b2000_full	L1638116	0	1.0000
stock_b2000_full	L1642892	0	0.5780
stock_b2000_full	L1647022	0	1.0000
stock_b2000_full	L1649256	0	1.0000
stock_b2000_full	L1650196	0	1.0000
stock_b2000_full	L1654301	1	0.5121
stock_b2000_full	L1656331	1	0.6046
stock_b2000_full	L1657868	1	1.0000
stock_b2000_full	L1658774	0	0.4702
stock_b2000_full	L1660134	0	1.0000
stock_b2000_full	L166249	0	1.0000
stock_b2000_full	L1663458	0	1.0000
stock_b2000_full	L16644	0	1.0000
stock_b2000_full	L1664922	1	1.0000
stock_b2000_full	L1666954	0	1.0000
stock_b2000_full	L1668737	0	1.0000
stock_b2000_full	L167239	0	1.0000
stock_b2000_full	L167308	0	1.0000
stock_b2000_full	L1673443	0	1.0000
stock_b2000_full	L1677915	0	1.0000
stock_b2000_full	L1679070	0	0.9996
stock_b2000_full	L1679327	0	1.0000
stock_b2000_full	L1681571	0	1.0000
stock_b2000_full	L1683975	0	1.0000
stock_b2000_full	L1687257	0	1.0000
stock_b2000_full	L1689425	1	1.0000
stock_b2000_full	L1690704	0	0.5864
stock_b2000_full	L1690718	0	0.3403
stock_b2000_full	L1692614	0	1.0000
stock_b2000_full	L1693021	0	1.0000
stock_b2000_full	L1693729	0	1.0000
stock_b2000_full	L1698795	0	1.0000
stock_b2000_full	L1700325	0	1.0000
stock_b2000_full	L1701759	0	1.0000
stock_b2000_full	L1706009	0	0.9882
stock_b2000_full	L1710196	0	1.0000
stock_b2000_full	L1713230	0	1.0000
stock_b2000_full	L1714485	1	0.5771
stock_b2000_full	L1715650	0	1.0000
stock_b2000_full	L1717886	0	0.9911
stock_b2000_full	L1720587	0	1.0000
stock_b2000_full	L1721987	0	1.0000
stock_b2000_full	L1722777	0	1.0000
stock_b2000_full	L1724773	1	0.6891
stock_b2000_full	L1725448	0	1.0000
stock_b2000_full	L1727481	0	0.9079
stock_b2000_full	L1728562	0	0.4215
stock_b2000_full	L1729015	0	1.0000
stock_b2000_full	L1729974	0	1.0000
stock_b2000_full	L1731527	0	0.6612
stock_b2000_full	L173383	0	1.0000
stock_b2000_full	L1735097	0	0.8406
stock_b2000_full	L1736351	0	1.0000
stock_b2000_full	L1736591	0	1.0000
stock_b2000_full	L1739879	1	0.9995
stock_b2000_full	L1741008	0	1.0000
stock_b2000_full	L1741461	0	0.9395
stock_b2000_full	L174176	0	1.0000
stock_b2000_full	L1741919	1	0.7983
stock_b2000_full	L1743480	1	0.3464
stock_b2000_full	L1744154	0	1.0000
stock_b2000_full	L1746595	0	1.0000
stock_b2000_full	L1748112	0	1.0000
stock_b2000_full	L1748957	0	1.0000
stock_b2000_full	L1749257	1	0.9541
stock_b2000_full	L175348	1	0.9999
stock_b2000_full	L1753832	0	1.0000
stock_b2000_full	L1755416	1	1.0000
stock_b2000_full	L1758324	0	1.0000
stock_b2000_full	L1758608	0	1.0000
stock_b2000_full	L1758614	0	1.0000
stock_b2000_full	L1758704	1	0.9845
stock_b2000_full	L1762064	0	0.9996
stock_b2000_full	L1765663	1	0.3513
stock_b2000_full	L1766093	1	0.9727
stock_b2000_full	L176738	0	1.0000
stock_b2000_full	L1768336	0	1.0000
stock_b2000_full	L176876	0	1.0000
stock_b2000_full	L1768935	0	0.9952
stock_b2000_full	L1770348	0	1.0000
stock_b2000_full	L1770471	0	1.0000
stock_b2000_full	L1772400	0	1.0000
stock_b2000_full	L1774077	0	1.0000
stock_b2000_full	L1774332	0	0.9989
stock_b2000_full	L177650	0	1.0000
stock_b2000_full	L1778239	0	0.9990
stock_b2000_full	L1778753	0	1.0000
stock_b2000_full	L1785009	1	0.9879
stock_b2000_full	L1788156	0	1.0000
stock_b2000_full	L179015	0	1.0000
stock_b2000_full	L1790481	0	1.0000
stock_b2000_full	L1791527	0	1.0000
stock_b2000_full	L1792265	0	1.0000
stock_b2000_full	L1793065	0	1.0000
stock_b2000_full	L1794712	0	1.0000
stock_b2000_full	L1794839	0	1.0000
stock_b2000_full	L1796826	0	0.9996
stock_b2000_full	L1797546	0	1.0000
stock_b2000_full	L1798302	0	1.0000
stock_b2000_full	L1799840	0	0.9609
stock_b2000_full	L1801258	0	1.0000
stock_b2000_full	L1802345	0	1.0000
stock_b2000_full	L180509	0	1.0000
stock_b2000_full	L1808966	0	1.0000
stock_b2000_full	L1809234	0	1.0000
stock_b2000_full	L1811231	1	1.0000
stock_b2000_full	L1812445	0	1.0000
stock_b2000_full	L1814309	0	0.9996
stock_b2000_full	L1816451	0	1.0000
stock_b2000_full	L1817551	1	0.5296
stock_b2000_full	L1820447	0	0.6055
stock_b2000_full	L1821765	0	1.0000
stock_b2000_full	L1822989	0	1.0000
stock_b2000_full	L1823086	0	1.0000
stock_b2000_full	L1825981	0	1.0000
stock_b2000_full	L1826918	0	1.0000
stock_b2000_full	L1830338	0	1.0000
stock_b2000_full	L18313	0	1.0000
stock_b2000_full	L1831368	0	1.0000
stock_b2000_full	L183802	0	1.0000
stock_b2000_full	L1838244	0	1.0000
stock_b2000_full	L1838501	0	0.9633
stock_b2000_full	L1838652	0	1.0000
stock_b2000_full	L1840388	0	0.9909
stock_b2000_full	L1848896	0	0.9998
stock_b2000_full	L1856065	0	1.0000
stock_b2000_full	L1857129	0	0.9972
stock_b2000_full	L1858192	0	1.0000
stock_b2000_full	L1858235	0	0.5117
stock_b2000_full	L1859863	0	0.9599
stock_b2000_full	L1860283	1	1.0000
stock_b2000_full	L1867226	0	0.9879
stock_b2000_full	L186847	0	1.0000
stock_b2000_full	L1869818	1	1.0000
stock_b2000_full	L1872590	0	1.0000
stock_b2000_full	L1872595	0	1.0000
stock_b2000_full	L1873245	0	0.9076
stock_b2000_full	L1873642	0	1.0000
stock_b2000_full	L1874928	1	0.3531
stock_b2000_full	L1876149	0	0.9999
stock_b2000_full	L18800	0	1.0000
stock_b2000_full	L1882201	1	0.6925
stock_b2000_full	L1882838	0	1.0000
stock_b2000_full	L1883125	1	1.0000
stock_b2000_full	L1883999	0	0.9852
stock_b2000_full	L1886440	0	1.0000
stock_b2000_full	L1889760	0	1.0000
stock_b2000_full	L189322	0	1.0000
stock_b2000_full	L1895575	0	1.0000
stock_b2000_full	L1897444	0	1.0000
stock_b2000_full	L1898605	0	1.0000
stock_b2000_full	L1898611	0	1.0000
stock_b2000_full	L190102	0	1.0000
stock_b2000_full	L1902625	1	1.0000
stock_b2000_full	L1905283	0	1.0000
stock_b2000_full	L190650	0	1.0000
stock_b2000_full	L190687	0	1.0000
stock_b2000_full	L1908570	1	0.5025
stock_b2000_full	L1909629	1	0.7755
stock_b2000_full	L1911881	1	0.3736
stock_b2000_full	L1912	0	1.0000
stock_b2000_full	L191488	0	1.0000
stock_b2000_full	L1920826	1	0.7099
stock_b2000_full	L192237	0	1.0000
stock_b2000_full	L1924744	0	1.0000
stock_b2000_full	L1925847	2	1.0000
stock_b2000_full	L1928273	0	1.0000
stock_b2000_full	L1928790	0	1.0000
stock_b2000_full	L1932241	0	1.0000
stock_b2000_full	L1932659	0	1.0000
stock_b2000_full	L1933206	0	1.0000
stock_b2000_full	L1933253	0	1.0000
stock_b2000_full	L1933970	0	1.0000
stock_b2000_full	L1936643	1	1.0000
stock_b2000_full	L1940497	0	0.5696
stock_b2000_full	L1942177	0	1.0000
stock_b2000_full	L1942305	0	1.0000
stock_b2000_full	L1943673	0	1.0000
stock_b2000_full	L1944226	0	1.0000
stock_b2000_full	L1944640	1	0.5597
stock_b2000_full	L1944904	1	0.3715
stock_b2000_full	L194952	0	0.5751
stock_b2000_full	L1951280	0	1.0000
stock_b2000_full	L1952353	0	0.8207
stock_b2000_full	L1953692	0	1.0000
stock_b2000_full	L1954656	0	0.9030
stock_b2000_full	L1955598	0	1.0000
stock_b2000_full	L1955973	0	1.0000
stock_b2000_full	L195908	0	1.0000
stock_b2000_full	L1964032	0	1.0000
stock_b2000_full	L1965961	0	0.9698
stock_b2000_full	L1970360	0	1.0000
stock_b2000_full	L1970493	1	1.0000
stock_b2000_full	L1970551	1	1.0000
stock_b2000_full	L1970668	0	1.0000
stock_b2000_full	L1971017	0	1.0000
stock_b2000_full	L1975091	1	0.9536
stock_b2000_full	L1975857	0	0.9993
stock_b2000_full	L197613	0	1.0000
stock_b2000_full	L1976785	0	1.0000
stock_b2000_full	L1981866	0	1.0000
stock_b2000_full	L1982300	0	1.0000
stock_b2000_full	L1983183	0	1.0000
stock_b2000_full	L1986059	0	0.9887
stock_b2000_full	L1990411	0	1.0000
stock_b2000_full	L1991628	0	1.0000
stock_b2000_full	L1994839	0	1.0000
stock_b2000_full	L1996032	0	1.0000
stock_b2000_full	L202116	0	1.0000
stock_b2000_full	L204802	0	0.7957
stock_b2000_full	L208863	0	1.0000
stock_b2000_full	L209724	0	0.8754
stock_b2000_full	L2105	0	1.0000
stock_b2000_full	L210838	0	1.0000
stock_b2000_full	L21151	0	0.8552
stock_b2000_full	L216034	1	0.7088
stock_b2000_full	L216528	0	0.9992
stock_b2000_full	L217349	0	1.0000
stock_b2000_full	L222365	0	0.9984
stock_b2000_full	L225416	0	0.9953
stock_b2000_full	L227476	0	1.0000
stock_b2000_full	L228723	0	1.0000
stock_b2000_full	L231682	0	1.0000
stock_b2000_full	L232060	0	1.0000
stock_b2000_full	L233375	0	1.0000
stock_b2000_full	L235764	0	1.0000
stock_b2000_full	L238858	1	1.0000
stock_b2000_full	L243818	0	1.0000
stock_b2000_full	L244003	0	0.9994
stock_b2000_full	L244965	0	1.0000
stock_b2000_full	L24866	0	1.0000
stock_b2000_full	L250969	0	1.0000
stock_b2000_full	L252902	0	1.0000
stock_b2000_full	L253345	0	0.9465
stock_b2000_full	L257043	0	0.9853
stock_b2000_full	L257465	0	0.5281
stock_b2000_full	L258378	0	1.0000
stock_b2000_full	L258696	0	1.0000
stock_b2000_full	L260842	0	0.9721
stock_b2000_full	L260939	0	0.9999
stock_b2000_full	L261190	0	1.0000
stock_b2000_full	L267309	0	0.3720
stock_b2000_full	L267846	0	1.0000
stock_b2000_full	L270977	0	1.0000
stock_b2000_full	L272730	0	1.0000
stock_b2000_full	L273461	1	1.0000
stock_b2000_full	L282320	0	1.0000
stock_b2000_full	L283173	1	1.0000
stock_b2000_full	L283368	1	0.8654
stock_b2000_full	L288752	0	1.0000
stock_b2000_full	L2888	1	1.0000
stock_b2000_full	L293305	1	1.0000
stock_b2000_full	L293537	0	1.0000
stock_b2000_full	L294764	1	0.3236
stock_b2000_full	L299364	0	1.0000
stock_b2000_full	L299595	1	1.0000
stock_b2000_full	L299782	0	1.0000
stock_b2000_full	L300401	0	1.0000
stock_b2000_full	L30336	0	0.9671
stock_b2000_full	L310087	0	1.0000
stock_b2000_full	L312118	0	1.0000
stock_b2000_full	L318026	0	1.0000
stock_b2000_full	L318722	0	1.0000
stock_b2000_full	L31952	0	1.0000
stock_b2000_full	L319839	0	1.0000
stock_b2000_full	L319888	0	0.8613
stock_b2000_full	L320440	1	1.0000
stock_b2000_full	L321627	0	1.0000
stock_b2000_full	L322333	0	1.0000
stock_b2000_full	L322794	0	1.0000
stock_b2000_full	L322866	0	1.0000
stock_b2000_full	L324151	0	1.0000
stock_b2000_full	L324946	0	1.0000
stock_b2000_full	L32606	0	1.0000
stock_b2000_full	L326205	0	1.0000
stock_b2000_full	L327486	0	1.0000
stock_b2000_full	L331805	1	1.0000
stock_b2000_full	L331807	1	1.0000
stock_b2000_full	L333401	0	1.0000
stock_b2000_full	L333865	0	1.0000
stock_b2000_full	L335478	0	1.0000
stock_b2000_full	L336916	1	0.3418
stock_b2000_full	L337726	1	1.0000
stock_b2000_full	L343911	0	1.0000
stock_b2000_full	L346110	0	1.0000
stock_b2000_full	L35206	0	1.0000
stock_b2000_full	L352100	0	1.0000
stock_b2000_full	L353330	0	1.0000
stock_b2000_full	L353755	0	1.0000
stock_b2000_full	L354281	1	0.9610
stock_b2000_full	L355469	0	0.9787
stock_b2000_full	L355973	0	0.5195
stock_b2000_full	L358098	0	1.0000
stock_b2000_full	L358427	0	1.0000
stock_b2000_full	L36185	1	1.0000
stock_b2000_full	L36374	0	1.0000
stock_b2000_full	L36393	1	1.0000
stock_b2000_full	L364477	0	1.0000
stock_b2000_full	L368265	0	0.9996
stock_b2000_full	L369221	0	1.0000
stock_b2000_full	L370516	0	1.0000
stock_b2000_full	L375608	0	1.0000
stock_b2000_full	L375999	1	0.5614
stock_b2000_full	L376343	0	1.0000
stock_b2000_full	L377914	1	1.0000
stock_b2000_full	L380751	0	0.6548
stock_b2000_full	L382166	0	1.0000
stock_b2000_full	L382724	0	1.0000
stock_b2000_full	L383909	0	1.0000
stock_b2000_full	L385595	0	1.0000
stock_b2000_full	L386761	0	1.0000
stock_b2000_full	L38847	0	1.0000
stock_b2000_full	L388838	1	1.0000
stock_b2000_full	L390056	0	1.0000
stock_b2000_full	L390847	1	1.0000
stock_b2000_full	L391263	0	1.0000
stock_b2000_full	L394934	0	1.0000
stock_b2000_full	L396359	0	1.0000
stock_b2000_full	L397005	1	0.8202
stock_b2000_full	L398087	1	0.4895
stock_b2000_full	L401127	0	1.0000
stock_b2000_full	L402454	0	1.0000
stock_b2000_full	L403424	0	1.0000
stock_b2000_full	L405687	1	0.6728
stock_b2000_full	L409413	0	0.5805
stock_b2000_full	L411451	0	1.0000
stock_b2000_full	L414909	0	1.0000
stock_b2000_full	L414959	0	1.0000
stock_b2000_full	L418437	0	1.0000
stock_b2000_full	L419149	0	1.0000
stock_b2000_full	L422199	0	1.0000
stock_b2000_full	L42258	0	0.9999
stock_b2000_full	L425262	1	1.0000
stock_b2000_full	L425629	0	0.9813
stock_b2000_full	L431467	0	1.0000
stock_b2000_full	L433013	0	1.0000
stock_b2000_full	L435219	0	1.0000
stock_b2000_full	L442957	0	1.0000
stock_b2000_full	L4469	0	1.0000
stock_b2000_full	L446901	0	1.0000
stock_b2000_full	L449888	0	1.0000
stock_b2000_full	L450863	0	1.0000
stock_b2000_full	L454426	0	1.0000
stock_b2000_full	L456423	0	1.0000
stock_b2000_full	L458224	1	0.7616
stock_b2000_full	L45866	0	1.0000
stock_b2000_full	L459126	1	0.7364
stock_b2000_full	L459710	1	0.9720
stock_b2000_full	L460845	1	0.9650
stock_b2000_full	L462461	0	0.7248
stock_b2000_full	L462611	1	0.7627
stock_b2000_full	L465953	0	1.0000
stock_b2000_full	L466572	1	0.6370
stock_b2000_full	L469914	0	1.0000
stock_b2000_full	L472973	0	1.0000
stock_b2000_full	L47627	0	1.0000
stock_b2000_full	L477052	1	0.9846
stock_b2000_full	L477480	1	0.5128
stock_b2000_full	L478354	0	1.0000
stock_b2000_full	L480723	0	0.9982
stock_b2000_full	L481009	1	0.4721
stock_b2000_full	L481562	1	1.0000
stock_b2000_full	L481889	0	1.0000
stock_b2000_full	L482581	0	1.0000
stock_b2000_full	L488483	1	1.0000
stock_b2000_full	L494762	0	1.0000
stock_b2000_full	L496946	1	1.0000
stock_b2000_full	L497994	0	1.0000
stock_b2000_full	L498642	0	1.0000
stock_b2000_full	L499837	0	1.0000
stock_b2000_full	L500481	0	1.0000
stock_b2000_full	L501837	1	0.8485
stock_b2000_full	L506324	0	1.0000
stock_b2000_full	L5117	0	1.0000
stock_b2000_full	L511916	0	1.0000
stock_b2000_full	L515141	0	1.0000
stock_b2000_full	L516046	0	0.9999
stock_b2000_full	L520263	0	1.0000
stock_b2000_full	L521167	0	1.0000
stock_b2000_full	L521904	0	0.9954
stock_b2000_full	L523867	0	1.0000
stock_b2000_full	L524464	1	0.7621
stock_b2000_full	L525527	0	0.9997
stock_b2000_full	L529623	0	1.0000
stock_b2000_full	L531061	0	1.0000
stock_b2000_full	L533105	0	1.0000
stock_b2000_full	L534964	0	1.0000
stock_b2000_full	L535240	0	0.9632
stock_b2000_full	L535400	1	0.6093
stock_b2000_full	L536467	0	1.0000
stock_b2000_full	L536524	0	1.0000
stock_b2000_full	L539572	0	0.9475
stock_b2000_full	L539623	0	1.0000
stock_b2000_full	L541274	0	1.0000
stock_b2000_full	L541585	0	1.0000
stock_b2000_full	L543256	0	1.0000
stock_b2000_full	L544561	0	1.0000
stock_b2000_full	L545165	1	0.8208
stock_b2000_full	L546910	0	1.0000
stock_b2000_full	L548504	0	1.0000
stock_b2000_full	L551442	0	1.0000
stock_b2000_full	L555925	0	1.0000
stock_b2000_full	L556696	0	1.0000
stock_b2000_full	L559531	0	1.0000
stock_b2000_full	L560176	0	1.0000
stock_b2000_full	L561367	1	1.0000
stock_b2000_full	L564679	1	1.0000
stock_b2000_full	L566745	1	0.9722
stock_b2000_full	L568989	0	1.0000
stock_b2000_full	L570772	0	1.0000
stock_b2000_full	L572521	0	1.0000
stock_b2000_full	L577507	0	1.0000
stock_b2000_full	L578197	1	0.5657
stock_b2000_full	L584866	0	1.0000
stock_b2000_full	L586948	1	0.8998
stock_b2000_full	L589777	1	1.0000
stock_b2000_full	L589868	0	1.0000
stock_b2000_full	L590205	0	1.0000
stock_b2000_full	L59044	0	1.0000
stock_b2000_full	L599511	0	1.0000
stock_b2000_full	L60389	0	1.0000
stock_b2000_full	L614050	0	1.0000
stock_b2000_full	L617862	1	0.5610
stock_b2000_full	L620966	0	1.0000
stock_b2000_full	L623278	1	1.0000
stock_b2000_full	L62337	1	0.4503
stock_b2000_full	L626238	0	0.9952
stock_b2000_full	L626353	1	0.8937
stock_b2000_full	L62839	0	1.0000
stock_b2000_full	L632457	0	1.0000
stock_b2000_full	L635118	0	1.0000
stock_b2000_full	L636888	0	1.0000
stock_b2000_full	L639959	0	1.0000
stock_b2000_full	L640160	0	1.0000
stock_b2000_full	L641936	0	0.7282
stock_b2000_full	L642984	0	1.0000
stock_b2000_full	L644406	0	0.9846
stock_b2000_full	L644497	0	1.0000
stock_b2000_full	L646751	0	1.0000
stock_b2000_full	L649091	1	1.0000
stock_b2000_full	L652753	0	1.0000
stock_b2000_full	L657061	0	1.0000
stock_b2000_full	L657332	0	1.0000
stock_b2000_full	L657537	0	1.0000
stock_b2000_full	L658591	0	1.0000
stock_b2000_full	L659549	0	0.7602
stock_b2000_full	L660443	0	0.9994
stock_b2000_full	L663427	0	0.9899
stock_b2000_full	L665914	1	1.0000
stock_b2000_full	L666180	0	1.0000
stock_b2000_full	L667013	0	1.0000
stock_b2000_full	L667839	0	1.0000
stock_b2000_full	L669436	0	1.0000
stock_b2000_full	L66992	0	1.0000
stock_b2000_full	L677371	0	1.0000
stock_b2000_full	L678289	0	1.0000
stock_b2000_full	L678676	0	1.0000
stock_b2000_full	L679717	0	0.6051
stock_b2000_full	L680683	0	1.0000
stock_b2000_full	L681033	0	1.0000
stock_b2000_full	L681532	0	1.0000
stock_b2000_full	L681559	0	1.0000
stock_b2000_full	L681852	0	1.0000
stock_b2000_full	L684567	0	1.0000
stock_b2000_full	L685962	0	1.0000
stock_b2000_full	L686506	0	1.0000
stock_b2000_full	L689721	0	1.0000
stock_b2000_full	L691596	0	1.0000
stock_b2000_full	L692386	0	1.0000
stock_b2000_full	L693733	1	0.5577
stock_b2000_full	L694998	0	1.0000
stock_b2000_full	L699028	0	0.9140
stock_b2000_full	L700056	0	1.0000
stock_b2000_full	L700404	0	1.0000
stock_b2000_full	L702168	0	1.0000
stock_b2000_full	L70331	0	1.0000
stock_b2000_full	L704136	0	1.0000
stock_b2000_full	L704338	1	0.7300
stock_b2000_full	L705787	0	0.5805
stock_b2000_full	L706127	1	0.5371
stock_b2000_full	L706802	0	1.0000
stock_b2000_full	L707187	0	1.0000
stock_b2000_full	L710321	0	1.0000
stock_b2000_full	L711529	0	1.0000
stock_b2000_full	L71277	1	1.0000
stock_b2000_full	L713051	0	1.0000
stock_b2000_full	L715677	0	1.0000
stock_b2000_full	L716679	0	1.0000
stock_b2000_full	L720310	0	1.0000
stock_b2000_full	L720918	0	1.0000
stock_b2000_full	L722647	0	1.0000
stock_b2000_full	L722885	0	0.8513
stock_b2000_full	L725643	0	0.9715
stock_b2000_full	L730413	0	1.0000
stock_b2000_full	L731956	0	1.0000
stock_b2000_full	L736973	0	1.0000
stock_b2000_full	L740874	0	1.0000
stock_b2000_full	L741246	0	1.0000
stock_b2000_full	L742863	0	1.0000
stock_b2000_full	L743451	1	0.2621
stock_b2000_full	L748093	0	1.0000
stock_b2000_full	L751266	0	0.5460
stock_b2000_full	L752342	1	1.0000
stock_b2000_full	L752475	0	1.0000
stock_b2000_full	L752653	0	1.0000
stock_b2000_full	L75387	0	1.0000
stock_b2000_full	L754764	0	1.0000
stock_b2000_full	L755702	1	1.0000
stock_b2000_full	L759676	0	1.0000
stock_b2000_full	L759690	0	1.0000
stock_b2000_full	L759925	0	1.0000
stock_b2000_full	L760304	0	1.0000
stock_b2000_full	L762113	0	1.0000
stock_b2000_full	L762771	0	0.8624
stock_b2000_full	L763808	0	1.0000
stock_b2000_full	L764107	1	1.0000
stock_b2000_full	L764127	0	0.9984
stock_b2000_full	L764282	0	1.0000
stock_b2000_full	L764916	0	0.9999
stock_b2000_full	L77164	0	1.0000
stock_b2000_full	L773134	0	1.0000
stock_b2000_full	L774588	0	1.0000
stock_b2000_full	L774738	0	1.0000
stock_b2000_full	L775906	0	1.0000
stock_b2000_full	L778698	0	1.0000
stock_b2000_full	L779464	0	1.0000
stock_b2000_full	L779937	0	1.0000
stock_b2000_full	L780609	0	1.0000
stock_b2000_full	L784473	0	1.0000
stock_b2000_full	L787550	0	1.0000
stock_b2000_full	L789409	0	1.0000
stock_b2000_full	L790771	0	1.0000
stock_b2000_full	L792951	1	1.0000
stock_b2000_full	L79315	0	1.0000
stock_b2000_full	L793490	0	1.0000
stock_b2000_full	L79406	0	1.0000
stock_b2000_full	L79610	1	1.0000
stock_b2000_full	L796809	0	0.5674
stock_b2000_full	L798449	0	1.0000
stock_b2000_full	L801473	0	1.0000
stock_b2000_full	L801620	0	0.9644
stock_b2000_full	L801738	1	0.6147
stock_b2000_full	L803364	1	0.9201
stock_b2000_full	L803613	0	1.0000
stock_b2000_full	L804778	1	0.7765
stock_b2000_full	L808364	1	1.0000
stock_b2000_full	L809372	0	1.0000
stock_b2000_full	L809693	1	0.5049
stock_b2000_full	L811734	0	1.0000
stock_b2000_full	L81215	0	1.0000
stock_b2000_full	L812450	0	1.0000
stock_b2000_full	L812672	0	1.0000
stock_b2000_full	L815977	0	0.7263
stock_b2000_full	L816644	0	1.0000
stock_b2000_full	L81909	0	1.0000
stock_b2000_full	L819563	0	1.0000
stock_b2000_full	L821100	0	1.0000
stock_b2000_full	L822334	0	1.0000
stock_b2000_full	L824223	0	1.0000
stock_b2000_full	L827048	0	0.9965
stock_b2000_full	L827129	0	1.0000
stock_b2000_full	L829233	0	0.5816
stock_b2000_full	L83001	0	1.0000
stock_b2000_full	L830371	0	1.0000
stock_b2000_full	L832923	0	1.0000
stock_b2000_full	L834579	0	1.0000
stock_b2000_full	L834622	0	1.0000
stock_b2000_full	L837955	0	1.0000
stock_b2000_full	L843972	0	0.6448
stock_b2000_full	L845031	0	1.0000
stock_b2000_full	L846960	0	1.0000
stock_b2000_full	L847988	0	1.0000
stock_b2000_full	L849505	0	1.0000
stock_b2000_full	L851847	0	1.0000
stock_b2000_full	L853299	0	1.0000
stock_b2000_full	L855747	0	0.4046
stock_b2000_full	L855935	0	1.0000
stock_b2000_full	L856753	0	1.0000
stock_b2000_full	L85748	0	0.9985
stock_b2000_full	L858843	0	1.0000
stock_b2000_full	L862725	0	1.0000
stock_b2000_full	L864050	0	1.0000
stock_b2000_full	L86679	0	1.0000
stock_b2000_full	L868640	0	1.0000
stock_b2000_full	L869371	0	1.0000
stock_b2000_full	L869433	0	1.0000
stock_b2000_full	L873249	0	1.0000
stock_b2000_full	L883133	0	1.0000
stock_b2000_full	L883660	0	0.9999
stock_b2000_full	L884453	0	1.0000
stock_b2000_full	L885068	0	1.0000
stock_b2000_full	L885624	0	1.0000
stock_b2000_full	L886084	0	1.0000
stock_b2000_full	L886474	1	0.9148
stock_b2000_full	L886813	0	1.0000
stock_b2000_full	L888328	0	1.0000
stock_b2000_full	L888339	0	1.0000
stock_b2000_full	L888692	1	0.3434
stock_b2000_full	L892540	0	1.0000
stock_b2000_full	L894181	0	1.0000
stock_b2000_full	L895192	1	1.0000
stock_b2000_full	L895682	0	1.0000
stock_b2000_full	L898645	1	1.0000
stock_b2000_full	L900297	1	1.0000
stock_b2000_full	L902295	0	1.0000
stock_b2000_full	L902514	1	0.6868
stock_b2000_full	L906439	0	1.0000
stock_b2000_full	L907227	0	1.0000
stock_b2000_full	L90734	0	1.0000
stock_b2000_full	L909856	0	1.0000
stock_b2000_full	L910412	1	0.5318
stock_b2000_full	L910841	1	0.9629
stock_b2000_full	L911364	0	1.0000
stock_b2000_full	L912237	0	1.0000
stock_b2000_full	L913833	0	0.9811
stock_b2000_full	L914150	0	1.0000
stock_b2000_full	L914195	0	1.0000
stock_b2000_full	L91480	1	1.0000
stock_b2000_full	L918005	0	1.0000
stock_b2000_full	L918018	0	1.0000
stock_b2000_full	L923738	1	0.8746
stock_b2000_full	L924400	0	1.0000
stock_b2000_full	L925260	0	0.9902
stock_b2000_full	L928875	1	1.0000
stock_b2000_full	L93124	0	1.0000
stock_b2000_full	L93295	0	1.0000
stock_b2000_full	L933087	1	1.0000
stock_b2000_full	L933852	0	1.0000
stock_b2000_full	L936253	0	1.0000
stock_b2000_full	L940767	1	1.0000
stock_b2000_full	L941368	0	0.9862
stock_b2000_full	L941926	0	1.0000
stock_b2000_full	L942873	0	1.0000
stock_b2000_full	L943752	0	1.0000
stock_b2000_full	L948601	0	1.0000
stock_b2000_full	L94945	0	0.8662
stock_b2000_full	L949761	1	0.7728
stock_b2000_full	L953203	0	1.0000
stock_b2000_full	L95620	0	1.0000
stock_b2000_full	L957565	0	1.0000
stock_b2000_full	L960419	0	1.0000
stock_b2000_full	L962289	0	0.9962
stock_b2000_full	L96262	0	1.0000
stock_b2000_full	L962680	0	1.0000
stock_b2000_full	L967795	0	1.0000
stock_b2000_full	L968437	0	1.0000
stock_b2000_full	L969615	0	0.5550
stock_b2000_full	L970400	1	0.6095
stock_b2000_full	L972698	0	1.0000
stock_b2000_full	L974207	0	1.0000
stock_b2000_full	L979330	0	1.0000
stock_b2000_full	L983346	0	1.0000
stock_b2000_full	L984768	0	1.0000
stock_b2000_full	L984796	0	1.0000
stock_b2000_full	L985204	0	1.0000
stock_b2000_full	L985959	0	1.0000
stock_b2000_full	L986820	1	1.0000
stock_b2000_full	L989999	1	1.0000
stock_b2000_full	L994491	0	1.0000
stock_b2000_full	L997717	1	1.0000
stock_b2000_full	L998540	0	1.0000
stock_b5000_frag	L1002585	1	1.0000
stock_b5000_frag	L1004185	1	0.4140
stock_b5000_frag	L1005032	1	0.8979
stock_b5000_frag	L1011227	0	0.8554
stock_b5000_frag	L1012049	2	1.0000
stock_b5000_frag	L1012199	1	1.0000
stock_b5000_frag	L1016849	5	0.5793
stock_b5000_frag	L1017537	0	1.0000
stock_b5000_frag	L1021907	1	1.0000
stock_b5000_frag	L1024044	0	1.0000
stock_b5000_frag	L1024542	5	0.9346
stock_b5000_frag	L1025399	0	1.0000
stock_b5000_frag	L1026799	0	0.4502
stock_b5000_frag	L102922	1	0.9999
stock_b5000_frag	L1029951	1	0.9443
stock_b5000_frag	L1030819	1	1.0000
stock_b5000_frag	L103249	3	0.9937
stock_b5000_frag	L1036266	2	0.7931
stock_b5000_frag	L1036426	0	1.0000
stock_b5000_frag	L1038977	3	0.9974
stock_b5000_frag	L1044163	2	1.0000
stock_b5000_frag	L1044444	2	0.2951
stock_b5000_frag	L1046348	4	1.0000
stock_b5000_frag	L1046966	4	1.0000
stock_b5000_frag	L1050743	0	1.0000
stock_b5000_frag	L1052309	0	1.0000
stock_b5000_frag	L1053445	0	1.0000
stock_b5000_frag	L1054346	2	0.9889
stock_b5000_frag	L1055550	0	1.0000
stock_b5000_frag	L1058576	2	1.0000
stock_b5000_frag	L1060120	2	1.0000
stock_b5000_frag	L1061482	3	1.0000
stock_b5000_frag	L1061587	3	0.9889
stock_b5000_frag	L1062126	1	1.0000
stock_b5000_frag	L1063587	1	1.0000
stock_b5000_frag	L1064227	1	1.0000
stock_b5000_frag	L1065804	0	0.9910
stock_b5000_frag	L1068964	0	0.9995
stock_b5000_frag	L1069832	0	0.7452
stock_b5000_frag	L1071754	2	0.5423
stock_b5000_frag	L1072449	2	1.0000
stock_b5000_frag	L1073165	1	1.0000
stock_b5000_frag	L1075189	2	0.5002
stock_b5000_frag	L1081827	2	1.0000
stock_b5000_frag	L1082663	2	1.0000
stock_b5000_frag	L1083972	2	0.9642
stock_b5000_frag	L1085175	3	1.0000
stock_b5000_frag	L1087086	2	0.6219
stock_b5000_frag	L1087105	4	1.0000
stock_b5000_frag	L1089119	5	1.0000
stock_b5000_frag	L1090631	1	1.0000
stock_b5000_frag	L1091178	2	0.9960
stock_b5000_frag	L1091281	2	1.0000
stock_b5000_frag	L1091323	2	0.9970
stock_b5000_frag	L1091479	2	1.0000
stock_b5000_frag	L1092388	1	0.9998
stock_b5000_frag	L1096376	0	0.9920
stock_b5000_frag	L1099155	1	1.0000
stock_b5000_frag	L1101520	0	1.0000
stock_b5000_frag	L1106265	0	1.0000
stock_b5000_frag	L1106965	0	1.0000
stock_b5000_frag	L1107538	0	1.0000
stock_b5000_frag	L1109734	0	1.0000
stock_b5000_frag	L1110523	2	0.8879
stock_b5000_frag	L1116847	0	1.0000
stock_b5000_frag	L1117806	0	1.0000
stock_b5000_frag	L1123172	2	1.0000
stock_b5000_frag	L112480	7	1.0000
stock_b5000_frag	L1125468	0	1.0000
stock_b5000_frag	L1125564	1	0.4533
stock_b5000_frag	L1126749	7	0.9905
stock_b5000_frag	L1127804	2	0.7799
stock_b5000_frag	L1128821	1	1.0000
stock_b5000_frag	L1132817	0	1.0000
stock_b5000_frag	L1134826	4	1.0000
stock_b5000_frag	L1135019	3	1.0000
stock_b5000_frag	L113844	2	1.0000
stock_b5000_frag	L1138559	1	1.0000
stock_b5000_frag	L1139573	4	1.0000
stock_b5000_frag	L1142178	1	1.0000
stock_b5000_frag	L1143584	1	0.6604
stock_b5000_frag	L1146782	4	1.0000
stock_b5000_frag	L1148275	2	1.0000
stock_b5000_frag	L1148681	1	0.6992
stock_b5000_frag	L1148861	3	0.6958
stock_b5000_frag	L115160	1	0.9843
stock_b5000_frag	L1152742	1	0.4329
stock_b5000_frag	L1159462	1	1.0000
stock_b5000_frag	L1160593	1	0.9998
stock_b5000_frag	L1166860	2	0.8314
stock_b5000_frag	L1169308	0	0.9999
stock_b5000_frag	L1171933	0	1.0000
stock_b5000_frag	L1175689	1	0.5010
stock_b5000_frag	L1176510	0	1.0000
stock_b5000_frag	L1176819	2	1.0000
stock_b5000_frag	L1181526	2	0.5166
stock_b5000_frag	L1184831	1	0.3692
stock_b5000_frag	L1188236	1	0.9803
stock_b5000_frag	L1189606	0	1.0000
stock_b5000_frag	L1190029	0	1.0000
stock_b5000_frag	L1192003	9	1.0000
stock_b5000_frag	L1193093	1	0.5513
stock_b5000_frag	L1193626	1	1.0000
stock_b5000_frag	L1194943	0	0.3341
stock_b5000_frag	L1200114	1	1.0000
stock_b5000_frag	L1200373	1	0.6364
stock_b5000_frag	L1202626	0	0.7069
stock_b5000_frag	L1203652	0	1.0000
stock_b5000_frag	L1205967	1	1.0000
stock_b5000_frag	L1206149	0	0.9887
stock_b5000_frag	L1208940	0	1.0000
stock_b5000_frag	L120959	0	1.0000
stock_b5000_frag	L1211345	0	1.0000
stock_b5000_frag	L1212637	1	1.0000
stock_b5000_frag	L1212861	1	1.0000
stock_b5000_frag	L121334	2	1.0000
stock_b5000_frag	L1215236	5	1.0000
stock_b5000_frag	L1217544	1	1.0000
stock_b5000_frag	L1217630	5	1.0000
stock_b5000_frag	L1218521	1	1.0000
stock_b5000_frag	L121873	0	1.0000
stock_b5000_frag	L1218743	0	1.0000
stock_b5000_frag	L1219260	1	1.0000
stock_b5000_frag	L1219324	2	1.0000
stock_b5000_frag	L1223018	0	0.9997
stock_b5000_frag	L12241	1	1.0000
stock_b5000_frag	L122411	3	0.6835
stock_b5000_frag	L1228313	1	1.0000
stock_b5000_frag	L1228316	0	0.5181
stock_b5000_frag	L1228698	2	1.0000
stock_b5000_frag	L1229975	0	0.9995
stock_b5000_frag	L1233030	2	1.0000
stock_b5000_frag	L1234322	1	1.0000
stock_b5000_frag	L1235564	2	1.0000
stock_b5000_frag	L1237368	2	1.0000
stock_b5000_frag	L1242536	1	0.9906
stock_b5000_frag	L1243882	0	1.0000
stock_b5000_frag	L1244427	5	1.0000
stock_b5000_frag	L1247700	0	1.0000
stock_b5000_frag	L1249050	0	1.0000
stock_b5000_frag	L1252273	2	0.9800
stock_b5000_frag	L1252715	1	1.0000
stock_b5000_frag	L125500	2	1.0000
stock_b5000_frag	L125644	0	1.0000
stock_b5000_frag	L1263639	0	1.0000
stock_b5000_frag	L1263909	1	1.0000
stock_b5000_frag	L1267300	1	1.0000
stock_b5000_frag	L1267973	1	0.9832
stock_b5000_frag	L1268056	0	1.0000
stock_b5000_frag	L1269000	5	1.0000
stock_b5000_frag	L1269225	3	1.0000
stock_b5000_frag	L1269960	0	1.0000
stock_b5000_frag	L1270519	4	1.0000
stock_b5000_frag	L1271695	2	1.0000
stock_b5000_frag	L1274988	3	0.9997
stock_b5000_frag	L1277578	1	1.0000
stock_b5000_frag	L1277861	2	1.0000
stock_b5000_frag	L1281298	2	1.0000
stock_b5000_frag	L1283746	0	1.0000
stock_b5000_frag	L1284558	2	1.0000
stock_b5000_frag	L1286758	2	1.0000
stock_b5000_frag	L1291250	2	1.0000
stock_b5000_frag	L129208	2	1.0000
stock_b5000_frag	L1292363	3	0.9907
stock_b5000_frag	L1292503	0	1.0000
stock_b5000_frag	L1294408	2	0.9956
stock_b5000_frag	L1294453	1	1.0000
stock_b5000_frag	L1294952	2	0.9999
stock_b5000_frag	L1297512	0	0.8517
stock_b5000_frag	L1298142	0	1.0000
stock_b5000_frag	L1299862	0	1.0000
stock_b5000_frag	L1302458	7	0.8865
stock_b5000_frag	L1307852	0	1.0000
stock_b5000_frag	L130839	2	0.9545
stock_b5000_frag	L1309046	2	1.0000
stock_b5000_frag	L1314993	0	1.0000
stock_b5000_frag	L1316645	4	1.0000
stock_b5000_frag	L1316673	4	1.0000
stock_b5000_frag	L1319261	1	1.0000
stock_b5000_frag	L1320029	1	0.7497
stock_b5000_frag	L1321139	3	1.0000
stock_b5000_frag	L1322298	1	1.0000
stock_b5000_frag	L1325043	0	1.0000
stock_b5000_frag	L1328601	3	1.0000
stock_b5000_frag	L1330004	0	0.6213
stock_b5000_frag	L1334204	1	1.0000
stock_b5000_frag	L1334727	3	1.0000
stock_b5000_frag	L1337969	2	1.0000
stock_b5000_frag	L1338440	0	1.0000
stock_b5000_frag	L1338867	1	0.9574
stock_b5000_frag	L13406	0	1.0000
stock_b5000_frag	L1341334	0	1.0000
stock_b5000_frag	L1342936	1	1.0000
stock_b5000_frag	L1343571	8	1.0000
stock_b5000_frag	L134770	1	1.0000
stock_b5000_frag	L1348767	1	0.9893
stock_b5000_frag	L1349954	0	1.0000
stock_b5000_frag	L1350260	1	0.5642
stock_b5000_frag	L1354350	0	0.9997
stock_b5000_frag	L1358832	2	1.0000
stock_b5000_frag	L1362201	0	1.0000
stock_b5000_frag	L1362636	1	1.0000
stock_b5000_frag	L1365362	0	0.9952
stock_b5000_frag	L1366477	0	1.0000
stock_b5000_frag	L1369644	0	0.5015
stock_b5000_frag	L13698	0	1.0000
stock_b5000_frag	L1371092	3	0.5665
stock_b5000_frag	L1372683	1	0.4357
stock_b5000_frag	L1372686	4	1.0000
stock_b5000_frag	L1373403	1	1.0000
stock_b5000_frag	L1378339	0	0.9391
stock_b5000_frag	L1379425	1	1.0000
stock_b5000_frag	L1380845	0	1.0000
stock_b5000_frag	L1382177	0	0.9312
stock_b5000_frag	L1382936	2	1.0000
stock_b5000_frag	L1382969	1	0.5005
stock_b5000_frag	L1383932	7	1.0000
stock_b5000_frag	L1384051	5	1.0000
stock_b5000_frag	L1393346	2	1.0000
stock_b5000_frag	L1394372	1	1.0000
stock_b5000_frag	L1398058	0	1.0000
stock_b5000_frag	L1398565	8	1.0000
stock_b5000_frag	L1400233	1	1.0000
stock_b5000_frag	L1400557	5	1.0000
stock_b5000_frag	L1403214	0	1.0000
stock_b5000_frag	L1409097	0	1.0000
stock_b5000_frag	L1409378	0	1.0000
stock_b5000_frag	L1410763	5	1.0000
stock_b5000_frag	L1410905	0	1.0000
stock_b5000_frag	L1411655	2	0.9357
stock_b5000_frag	L1421095	1	0.9172
stock_b5000_frag	L1421423	1	0.6195
stock_b5000_frag	L1431164	0	1.0000
stock_b5000_frag	L1435268	0	0.7436
stock_b5000_frag	L1438447	1	1.0000
stock_b5000_frag	L1440099	0	1.0000
stock_b5000_frag	L1440354	2	0.4619
stock_b5000_frag	L1440579	0	0.9990
stock_b5000_frag	L1441065	0	0.9522
stock_b5000_frag	L1442950	0	1.0000
stock_b5000_frag	L144630	0	0.9585
stock_b5000_frag	L144966	0	1.0000
stock_b5000_frag	L1450044	0	1.0000
stock_b5000_frag	L145721	1	1.0000
stock_b5000_frag	L1463127	1	1.0000
stock_b5000_frag	L1463808	4	1.0000
stock_b5000_frag	L1468044	7	0.6961
stock_b5000_frag	L1468317	2	1.0000
stock_b5000_frag	L1470882	0	1.0000
stock_b5000_frag	L1472026	5	1.0000
stock_b5000_frag	L1475336	0	1.0000
stock_b5000_frag	L1477	0	1.0000
stock_b5000_frag	L1477137	0	0.9418
stock_b5000_frag	L1478713	1	1.0000
stock_b5000_frag	L1479097	1	0.9099
stock_b5000_frag	L1482186	0	1.0000
stock_b5000_frag	L1483022	5	0.6023
stock_b5000_frag	L1485252	0	0.5522
stock_b5000_frag	L1487868	5	0.7036
stock_b5000_frag	L1489958	3	1.0000
stock_b5000_frag	L1491338	0	1.0000
stock_b5000_frag	L1491406	1	1.0000
stock_b5000_frag	L1492427	3	1.0000
stock_b5000_frag	L1494927	2	1.0000
stock_b5000_frag	L1496723	0	1.0000
stock_b5000_frag	L14998	0	1.0000
stock_b5000_frag	L1500041	1	1.0000
stock_b5000_frag	L1500792	1	0.6800
stock_b5000_frag	L1501054	0	1.0000
stock_b5000_frag	L1501117	3	1.0000
stock_b5000_frag	L150284	3	1.0000
stock_b5000_frag	L1503080	2	1.0000
stock_b5000_frag	L1506056	1	1.0000
stock_b5000_frag	L1506305	0	1.0000
stock_b5000_frag	L1507593	1	1.0000
stock_b5000_frag	L1507721	4	1.0000
stock_b5000_frag	L1509635	0	1.0000
stock_b5000_frag	L1511077	1	1.0000
stock_b5000_frag	L1511516	7	0.7318
stock_b5000_frag	L151270	2	1.0000
stock_b5000_frag	L1513453	0	1.0000
stock_b5000_frag	L1513508	0	0.8917
stock_b5000_frag	L1514059	2	0.9744
stock_b5000_frag	L151434	0	1.0000
stock_b5000_frag	L1520281	6	0.5014
stock_b5000_frag	L1522665	0	0.9083
stock_b5000_frag	L1525581	0	1.0000
stock_b5000_frag	L152670	2	1.0000
stock_b5000_frag	L1527449	3	1.0000
stock_b5000_frag	L1532593	1	0.9159
stock_b5000_frag	L1537084	5	0.5312
stock_b5000_frag	L1545445	8	1.0000
stock_b5000_frag	L1549764	1	1.0000
stock_b5000_frag	L1553511	4	0.4906
stock_b5000_frag	L1555961	4	0.8655
stock_b5000_frag	L1556158	2	1.0000
stock_b5000_frag	L1559085	0	1.0000
stock_b5000_frag	L1559370	10	1.0000
stock_b5000_frag	L1561684	1	1.0000
stock_b5000_frag	L1563921	2	0.9978
stock_b5000_frag	L1564440	3	1.0000
stock_b5000_frag	L1564788	0	0.9149
stock_b5000_frag	L1570442	0	1.0000
stock_b5000_frag	L1577548	7	1.0000
stock_b5000_frag	L1582773	0	0.9612
stock_b5000_frag	L1586476	0	1.0000
stock_b5000_frag	L1591774	9	0.9947
stock_b5000_frag	L1592464	4	1.0000
stock_b5000_frag	L1592890	3	0.9282
stock_b5000_frag	L1593009	1	0.7780
stock_b5000_frag	L1594265	2	0.9508
stock_b5000_frag	L15949	0	1.0000
stock_b5000_frag	L1595729	2	1.0000
stock_b5000_frag	L1596023	0	0.9277
stock_b5000_frag	L1596979	1	0.9443
stock_b5000_frag	L1599150	0	1.0000
stock_b5000_frag	L1605496	2	0.3669
stock_b5000_frag	L1608356	1	1.0000
stock_b5000_frag	L1608408	1	0.9990
stock_b5000_frag	L1609523	1	1.0000
stock_b5000_frag	L1611831	3	0.9957
stock_b5000_frag	L1613719	1	0.6754
stock_b5000_frag	L1613862	0	0.9997
stock_b5000_frag	L1614892	0	1.0000
stock_b5000_frag	L1615590	0	1.0000
stock_b5000_frag	L1616879	5	1.0000
stock_b5000_frag	L1617022	1	0.8320
stock_b5000_frag	L1619438	5	0.9530
stock_b5000_frag	L1619907	0	1.0000
stock_b5000_frag	L1620099	5	1.0000
stock_b5000_frag	L1622776	2	0.9135
stock_b5000_frag	L1622804	3	1.0000
stock_b5000_frag	L1623315	3	1.0000
stock_b5000_frag	L1625869	0	1.0000
stock_b5000_frag	L1632251	0	1.0000
stock_b5000_frag	L1632593	4	0.8402
stock_b5000_frag	L1633409	1	0.9952
stock_b5000_frag	L163519	1	0.9904
stock_b5000_frag	L1635479	1	1.0000
stock_b5000_frag	L1638116	1	0.9786
stock_b5000_frag	L1642892	3	0.9959
stock_b5000_frag	L1647022	0	1.0000
stock_b5000_frag	L1649256	0	1.0000
stock_b5000_frag	L1650196	7	1.0000
stock_b5000_frag	L1654301	0	1.0000
stock_b5000_frag	L1656331	4	1.0000
stock_b5000_frag	L1657868	4	0.9953
stock_b5000_frag	L1658774	6	0.6441
stock_b5000_frag	L1660134	0	0.9922
stock_b5000_frag	L166249	0	1.0000
stock_b5000_frag	L1663458	0	0.6321
stock_b5000_frag	L16644	3	1.0000
stock_b5000_frag	L1664922	5	0.5003
stock_b5000_frag	L1666954	4	1.0000
stock_b5000_frag	L1668737	1	0.7498
stock_b5000_frag	L167239	0	0.9792
stock_b5000_frag	L167308	0	1.0000
stock_b5000_frag	L1673443	1	1.0000
stock_b5000_frag	L1677915	0	1.0000
stock_b5000_frag	L1679070	1	0.9980
stock_b5000_frag	L1679327	3	0.9303
stock_b5000_frag	L1681571	4	0.6073
stock_b5000_frag	L1683975	8	0.6823
stock_b5000_frag	L1687257	0	0.9291
stock_b5000_frag	L1689425	5	1.0000
stock_b5000_frag	L1690704	4	1.0000
stock_b5000_frag	L1690718	0	0.9665
stock_b5000_frag	L1692614	7	0.9917
stock_b5000_frag	L1693021	5	1.0000
stock_b5000_frag	L1693729	0	0.9690
stock_b5000_frag	L1698795	0	1.0000
stock_b5000_frag	L1700325	0	0.9994
stock_b5000_frag	L1701759	3	0.6085
stock_b5000_frag	L1706009	3	0.9796
stock_b5000_frag	L1710196	1	0.9682
stock_b5000_frag	L1713230	1	0.4380
stock_b5000_frag	L1714485	0	1.0000
stock_b5000_frag	L1715650	3	0.8076
stock_b5000_frag	L1717886	2	1.0000
stock_b5000_frag	L1720587	2	0.9732
stock_b5000_frag	L1721987	0	1.0000
stock_b5000_frag	L1722777	0	1.0000
stock_b5000_frag	L1724773	1	0.8415
stock_b5000_frag	L1725448	5	0.9998
stock_b5000_frag	L1727481	1	1.0000
stock_b5000_frag	L1728562	8	0.9722
stock_b5000_frag	L1729015	7	0.9832
stock_b5000_frag	L1729974	0	0.9997
stock_b5000_frag	L1731527	2	0.8787
stock_b5000_frag	L173383	0	1.0000
stock_b5000_frag	L1735097	7	1.0000
stock_b5000_frag	L1736351	0	1.0000
stock_b5000_frag	L1736591	0	1.0000
stock_b5000_frag	L1739879	5	0.9997
stock_b5000_frag	L1741008	0	1.0000
stock_b5000_frag	L1741461	1	0.9984
stock_b5000_frag	L174176	3	1.0000
stock_b5000_frag	L1741919	1	0.7298
stock_b5000_frag	L1743480	3	0.9506
stock_b5000_frag	L1744154	6	0.5383
stock_b5000_frag	L1746595	2	1.0000
stock_b5000_frag	L1748112	0	1.0000
stock_b5000_frag	L1748957	1	0.8385
stock_b5000_frag	L1749257	3	0.5854
stock_b5000_frag	L175348	3	0.9882
stock_b5000_frag	L1753832	0	1.0000
stock_b5000_frag	L1755416	1	1.0000
stock_b5000_frag	L1758324	5	1.0000
stock_b5000_frag	L1758608	0	1.0000
stock_b5000_frag	L1758614	4	1.0000
stock_b5000_frag	L1758704	2	1.0000
stock_b5000_frag	L1762064	1	0.7375
stock_b5000_frag	L1765663	2	0.8260
stock_b5000_frag	L1766093	0	1.0000
stock_b5000_frag	L176738	3	1.0000
stock_b5000_frag	L1768336	4	0.9957
stock_b5000_frag	L176876	0	1.0000
stock_b5000_frag	L1768935	2	0.9982
stock_b5000_frag	L1770348	0	1.0000
stock_b5000_frag	L1770471	0	1.0000
stock_b5000_frag	L1772400	1	0.6728
stock_b5000_frag	L1774077	3	0.7533
stock_b5000_frag	L1774332	3	0.9978
stock_b5000_frag	L177650	0	1.0000
stock_b5000_frag	L1778239	1	0.6525
stock_b5000_frag	L1778753	0	1.0000
stock_b5000_frag	L1785009	0	0.8276
stock_b5000_frag	L1788156	0	1.0000
stock_b5000_frag	L179015	4	0.8490
stock_b5000_frag	L1790481	4	1.0000
stock_b5000_frag	L1791527	2	1.0000
stock_b5000_frag	L1792265	1	1.0000
stock_b5000_frag	L1793065	3	1.0000
stock_b5000_frag	L1794712	5	1.0000
stock_b5000_frag	L1794839	0	0.9983
stock_b5000_frag	L1796826	6	1.0000
stock_b5000_frag	L1797546	0	1.0000
stock_b5000_frag	L1798302	0	1.0000
stock_b5000_frag	L1799840	2	1.0000
stock_b5000_frag	L1801258	1	1.0000
stock_b5000_frag	L1802345	0	1.0000
stock_b5000_frag	L180509	0	1.0000
stock_b5000_frag	L1808966	1	1.0000
stock_b5000_frag	L1809234	0	1.0000
stock_b5000_frag	L1811231	0	0.7931
stock_b5000_frag	L1812445	0	0.9999
stock_b5000_frag	L1814309	1	1.0000
stock_b5000_frag	L1816451	1	1.0000
stock_b5000_frag	L1817551	0	1.0000
stock_b5000_frag	L1820447	4	0.7240
stock_b5000_frag	L1821765	5	1.0000
stock_b5000_frag	L1822989	0	1.0000
stock_b5000_frag	L1823086	1	1.0000
stock_b5000_frag	L1825981	0	0.9980
stock_b5000_frag	L1826918	0	1.0000
stock_b5000_frag	L1830338	0	1.0000
stock_b5000_frag	L18313	2	1.0000
stock_b5000_frag	L1831368	0	1.0000
stock_b5000_frag	L183802	1	0.9998
stock_b5000_frag	L1838244	0	1.0000
stock_b5000_frag	L1838501	3	1.0000
stock_b5000_frag	L1838652	1	0.7749
stock_b5000_frag	L1840388	7	1.0000
stock_b5000_frag	L1848896	3	0.9157
stock_b5000_frag	L1856065	0	0.9804
stock_b5000_frag	L1857129	1	0.9627
stock_b5000_frag	L1858192	0	1.0000
stock_b5000_frag	L1858235	3	0.9989
stock_b5000_frag	L1859863	2	0.6590
stock_b5000_frag	L1860283	7	1.0000
stock_b5000_frag	L1867226	0	0.7282
stock_b5000_frag	L186847	2	1.0000
stock_b5000_frag	L1869818	8	1.0000
stock_b5000_frag	L1872590	0	1.0000
stock_b5000_frag	L1872595	0	0.9995
stock_b5000_frag	L1873245	2	1.0000
stock_b5000_frag	L1873642	2	1.0000
stock_b5000_frag	L1874928	0	0.7806
stock_b5000_frag	L1876149	1	0.9581
stock_b5000_frag	L18800	2	0.7276
stock_b5000_frag	L1882201	2	1.0000
stock_b5000_frag	L1882838	0	0.9850
stock_b5000_frag	L1883125	4	0.8863
stock_b5000_frag	L1883999	1	0.9384
stock_b5000_frag	L1886440	0	0.6734
stock_b5000_frag	L1889760	0	1.0000
stock_b5000_frag	L189322	0	0.9039
stock_b5000_frag	L1895575	4	0.7340
stock_b5000_frag	L1897444	0	0.9997
stock_b5000_frag	L1898605	1	1.0000
stock_b5000_frag	L1898611	0	1.0000
stock_b5000_frag	L190102	0	1.0000
stock_b5000_frag	L1902625	1	1.0000
stock_b5000_frag	L1905283	5	0.9997
stock_b5000_frag	L190650	0	1.0000
stock_b5000_frag	L190687	1	0.7360
stock_b5000_frag	L1908570	2	1.0000
stock_b5000_frag	L1909629	5	0.9674
stock_b5000_frag	L1911881	1	0.6815
stock_b5000_frag	L1912	0	1.0000
stock_b5000_frag	L191488	0	1.0000
stock_b5000_frag	L1920826	2	1.0000
stock_b5000_frag	L192237	2	1.0000
stock_b5000_frag	L1924744	0	1.0000
stock_b5000_frag	L1925847	3	1.0000
stock_b5000_frag	L1928273	8	1.0000
stock_b5000_frag	L1928790	7	1.0000
stock_b5000_frag	L1932241	1	1.0000
stock_b5000_frag	L1932659	0	1.0000
stock_b5000_frag	L1933206	0	1.0000
stock_b5000_frag	L1933253	0	1.0000
stock_b5000_frag	L1933970	0	0.9986
stock_b5000_frag	L1936643	1	1.0000
stock_b5000_frag	L1940497	1	0.6721
stock_b5000_frag	L1942177	3	0.9972
stock_b5000_frag	L1942305	0	0.8367
stock_b5000_frag	L1943673	1	1.0000
stock_b5000_frag	L1944226	1	1.0000
stock_b5000_frag	L1944640	4	1.0000
stock_b5000_frag	L1944904	4	0.7973
stock_b5000_frag	L194952	2	1.0000
stock_b5000_frag	L1951280	0	1.0000
stock_b5000_frag	L1952353	1	0.6780
stock_b5000_frag	L1953692	3	1.0000
stock_b5000_frag	L1954656	2	0.9999
stock_b5000_frag	L1955598	1	1.0000
stock_b5000_frag	L1955973	1	1.0000
stock_b5000_frag	L195908	0	1.0000
stock_b5000_frag	L1964032	2	0.9998
stock_b5000_frag	L1965961	1	1.0000
stock_b5000_frag	L1970360	0	1.0000
stock_b5000_frag	L1970493	1	0.9763
stock_b5000_frag	L1970551	2	1.0000
stock_b5000_frag	L1970668	1	1.0000
stock_b5000_frag	L1971017	1	1.0000
stock_b5000_frag	L1975091	1	1.0000
stock_b5000_frag	L1975857	3	1.0000
stock_b5000_frag	L197613	3	1.0000
stock_b5000_frag	L1976785	1	0.3407
stock_b5000_frag	L1981866	2	0.9979
stock_b5000_frag	L1982300	0	1.0000
stock_b5000_frag	L1983183	3	0.8932
stock_b5000_frag	L1986059	2	1.0000
stock_b5000_frag	L1990411	0	1.0000
stock_b5000_frag	L1991628	0	1.0000
stock_b5000_frag	L1994839	0	1.0000
stock_b5000_frag	L1996032	0	1.0000
stock_b5000_frag	L202116	0	1.0000
stock_b5000_frag	L204802	3	1.0000
stock_b5000_frag	L208863	2	1.0000
stock_b5000_frag	L209724	0	1.0000
stock_b5000_frag	L2105	0	1.0000
stock_b5000_frag	L210838	2	1.0000
stock_b5000_frag	L21151	1	1.0000
stock_b5000_frag	L216034	0	0.9926
stock_b5000_frag	L216528	1	0.6494
stock_b5000_frag	L217349	0	1.0000
stock_b5000_frag	L222365	6	1.0000
stock_b5000_frag	L225416	2	1.0000
stock_b5000_frag	L227476	1	0.9710
stock_b5000_frag	L228723	0	1.0000
stock_b5000_frag	L231682	0	1.0000
stock_b5000_frag	L232060	0	1.0000
stock_b5000_frag	L233375	6	0.5579
stock_b5000_frag	L235764	0	1.0000
stock_b5000_frag	L238858	0	0.8376
stock_b5000_frag	L243818	0	1.0000
stock_b5000_frag	L244003	2	1.0000
stock_b5000_frag	L244965	0	0.9943
stock_b5000_frag	L24866	4	0.9995
stock_b5000_frag	L250969	0	1.0000
stock_b5000_frag	L252902	1	0.9918
stock_b5000_frag	L253345	1	0.9999
stock_b5000_frag	L257043	5	1.0000
stock_b5000_frag	L257465	2	1.0000
stock_b5000_frag	L258378	1	1.0000
stock_b5000_frag	L258696	0	1.0000
stock_b5000_frag	L260842	2	1.0000
stock_b5000_frag	L260939	1	1.0000
stock_b5000_frag	L261190	0	1.0000
stock_b5000_frag	L267309	0	1.0000
stock_b5000_frag	L267846	0	1.0000
stock_b5000_frag	L270977	1	1.0000
stock_b5000_frag	L272730	0	1.0000
stock_b5000_frag	L273461	0	0.8203
stock_b5000_frag	L282320	0	1.0000
stock_b5000_frag	L283173	1	0.8065
stock_b5000_frag	L283368	1	0.7034
stock_b5000_frag	L288752	0	0.9971
stock_b5000_frag	L2888	12	1.0000
stock_b5000_frag	L293305	4	1.0000
stock_b5000_frag	L293537	0	1.0000
stock_b5000_frag	L294764	4	1.0000
stock_b5000_frag	L299364	1	0.5867
stock_b5000_frag	L299595	4	1.0000
stock_b5000_frag	L299782	0	0.9978
stock_b5000_frag	L300401	0	1.0000
stock_b5000_frag	L30336	0	0.9579
stock_b5000_frag	L310087	4	1.0000
stock_b5000_frag	L312118	1	0.9765
stock_b5000_frag	L318026	4	1.0000
stock_b5000_frag	L318722	2	1.0000
stock_b5000_frag	L31952	4	1.0000
stock_b5000_frag	L319839	1	1.0000
stock_b5000_frag	L319888	1	0.5002
stock_b5000_frag	L320440	3	1.0000
stock_b5000_frag	L321627	0	1.0000
stock_b5000_frag	L322333	2	0.7416
stock_b5000_frag	L322794	1	1.0000
stock_b5000_frag	L322866	2	1.0000
stock_b5000_frag	L324151	3	1.0000
stock_b5000_frag	L324946	0	1.0000
stock_b5000_frag	L32606	0	0.9921
stock_b5000_frag	L326205	0	1.0000
stock_b5000_frag	L327486	0	1.0000
stock_b5000_frag	L331805	1	0.6284
stock_b5000_frag	L331807	5	1.0000
stock_b5000_frag	L333401	1	1.0000
stock_b5000_frag	L333865	0	1.0000
stock_b5000_frag	L335478	3	1.0000
stock_b5000_frag	L336916	1	0.5032
stock_b5000_frag	L337726	2	1.0000
stock_b5000_frag	L343911	1	1.0000
stock_b5000_frag	L346110	0	1.0000
stock_b5000_frag	L35206	1	0.7930
stock_b5000_frag	L352100	0	1.0000
stock_b5000_frag	L353330	1	0.4411
stock_b5000_frag	L353755	5	0.5484
stock_b5000_frag	L354281	3	0.9947
stock_b5000_frag	L355469	1	1.0000
stock_b5000_frag	L355973	5	1.0000
stock_b5000_frag	L358098	1	1.0000
stock_b5000_frag	L358427	0	1.0000
stock_b5000_frag	L36185	6	1.0000
stock_b5000_frag	L36374	0	1.0000
stock_b5000_frag	L36393	2	1.0000
stock_b5000_frag	L364477	0	0.9519
stock_b5000_frag	L368265	5	0.9950
stock_b5000_frag	L369221	1	0.9996
stock_b5000_frag	L370516	1	0.9936
stock_b5000_frag	L375608	6	0.8637
stock_b5000_frag	L375999	2	1.0000
stock_b5000_frag	L376343	1	0.9999
stock_b5000_frag	L377914	1	1.0000
stock_b5000_frag	L380751	3	0.9958
stock_b5000_frag	L382166	0	1.0000
stock_b5000_frag	L382724	0	1.0000
stock_b5000_frag	L383909	1	1.0000
stock_b5000_frag	L385595	2	1.0000
stock_b5000_frag	L386761	0	1.0000
stock_b5000_frag	L38847	1	1.0000
stock_b5000_frag	L388838	3	1.0000
stock_b5000_frag	L390056	5	1.0000
stock_b5000_frag	L390847	0	0.7921
stock_b5000_frag	L391263	1	1.0000
stock_b5000_frag	L394934	1	1.0000
stock_b5000_frag	L396359	0	1.0000
stock_b5000_frag	L397005	0	1.0000
stock_b5000_frag	L398087	6	0.9599
stock_b5000_frag	L401127	1	1.0000
stock_b5000_frag	L402454	0	1.0000
stock_b5000_frag	L403424	3	0.9918
stock_b5000_frag	L405687	2	1.0000
stock_b5000_frag	L409413	4	0.9521
stock_b5000_frag	L411451	0	1.0000
stock_b5000_frag	L414909	1	1.0000
stock_b5000_frag	L414959	0	1.0000
stock_b5000_frag	L418437	0	1.0000
stock_b5000_frag	L419149	1	1.0000
stock_b5000_frag	L422199	0	1.0000
stock_b5000_frag	L42258	2	0.9967
stock_b5000_frag	L425262	1	0.9903
stock_b5000_frag	L425629	0	0.9817
stock_b5000_frag	L431467	1	0.9802
stock_b5000_frag	L433013	0	1.0000
stock_b5000_frag	L435219	0	1.0000
stock_b5000_frag	L442957	2	0.8408
stock_b5000_frag	L4469	0	1.0000
stock_b5000_frag	L446901	0	1.0000
stock_b5000_frag	L449888	4	0.7318
stock_b5000_frag	L450863	0	1.0000
stock_b5000_frag	L454426	3	0.9742
stock_b5000_frag	L456423	16	0.6249
stock_b5000_frag	L458224	1	0.5014
stock_b5000_frag	L45866	1	1.0000
stock_b5000_frag	L459126	3	1.0000
stock_b5000_frag	L459710	0	0.9984
stock_b5000_frag	L460845	2	1.0000
stock_b5000_frag	L462461	1	1.0000
stock_b5000_frag	L462611	1	0.4925
stock_b5000_frag	L465953	1	0.6506
stock_b5000_frag	L466572	4	1.0000
stock_b5000_frag	L469914	1	0.8455
stock_b5000_frag	L472973	6	1.0000
stock_b5000_frag	L47627	0	1.0000
stock_b5000_frag	L477052	0	0.7940
stock_b5000_frag	L477480	1	1.0000
stock_b5000_frag	L478354	1	0.9998
stock_b5000_frag	L480723	2	1.0000
stock_b5000_frag	L481009	2	1.0000
stock_b5000_frag	L481562	2	1.0000
stock_b5000_frag	L481889	1	1.0000
stock_b5000_frag	L482581	5	0.6110
stock_b5000_frag	L488483	5	1.0000
stock_b5000_frag	L494762	0	1.0000
stock_b5000_frag	L496946	1	0.7353
stock_b5000_frag	L497994	1	1.0000
stock_b5000_frag	L498642	3	1.0000
stock_b5000_frag	L499837	1	1.0000
stock_b5000_frag	L500481	11	1.0000
stock_b5000_frag	L501837	1	1.0000
stock_b5000_frag	L506324	0	1.0000
stock_b5000_frag	L5117	3	0.9828
stock_b5000_frag	L511916	0	1.0000
stock_b5000_frag	L515141	1	0.9686
stock_b5000_frag	L516046	5	1.0000
stock_b5000_frag	L520263	0	1.0000
stock_b5000_frag	L521167	5	1.0000
stock_b5000_frag	L521904	0	1.0000
stock_b5000_frag	L523867	3	1.0000
stock_b5000_frag	L524464	1	1.0000
stock_b5000_frag	L525527	3	0.2002
stock_b5000_frag	L529623	1	1.0000
stock_b5000_frag	L531061	0	0.4423
stock_b5000_frag	L533105	0	1.0000
stock_b5000_frag	L534964	0	1.0000
stock_b5000_frag	L535240	2	1.0000
stock_b5000_frag	L535400	1	0.6347
stock_b5000_frag	L536467	3	1.0000
stock_b5000_frag	L536524	4	1.0000
stock_b5000_frag	L539572	2	1.0000
stock_b5000_frag	L539623	1	1.0000
stock_b5000_frag	L541274	1	0.7828
stock_b5000_frag	L541585	0	1.0000
stock_b5000_frag	L543256	0	1.0000
stock_b5000_frag	L544561	4	1.0000
stock_b5000_frag	L545165	3	1.0000
stock_b5000_frag	L546910	0	1.0000
stock_b5000_frag	L548504	1	0.9602
stock_b5000_frag	L551442	0	1.0000
stock_b5000_frag	L555925	1	1.0000
stock_b5000_frag	L556696	0	1.0000
stock_b5000_frag	L559531	2	0.8974
stock_b5000_frag	L560176	0	1.0000
stock_b5000_frag	L561367	1	0.5090
stock_b5000_frag	L564679	1	0.6401
stock_b5000_frag	L566745	1	0.7702
stock_b5000_frag	L568989	0	1.0000
stock_b5000_frag	L570772	4	1.0000
stock_b5000_frag	L572521	0	0.7100
stock_b5000_frag	L577507	1	0.8872
stock_b5000_frag	L578197	1	0.8599
stock_b5000_frag	L584866	1	1.0000
stock_b5000_frag	L586948	2	1.0000
stock_b5000_frag	L589777	1	1.0000
stock_b5000_frag	L589868	1	1.0000
stock_b5000_frag	L590205	1	0.5002
stock_b5000_frag	L59044	0	1.0000
stock_b5000_frag	L599511	2	1.0000
stock_b5000_frag	L60389	0	1.0000
stock_b5000_frag	L614050	3	0.7805
stock_b5000_frag	L617862	1	0.9125
stock_b5000_frag	L620966	5	1.0000
stock_b5000_frag	L623278	3	1.0000
stock_b5000_frag	L62337	5	1.0000
stock_b5000_frag	L626238	2	0.8820
stock_b5000_frag	L626353	2	0.9599
stock_b5000_frag	L62839	1	0.4683
stock_b5000_frag	L632457	7	0.8277
stock_b5000_frag	L635118	0	1.0000
stock_b5000_frag	L636888	1	0.8180
stock_b5000_frag	L639959	0	1.0000
stock_b5000_frag	L640160	0	1.0000
stock_b5000_frag	L641936	1	0.9796
stock_b5000_frag	L642984	0	1.0000
stock_b5000_frag	L644406	2	0.6379
stock_b5000_frag	L644497	1	0.9996
stock_b5000_frag	L646751	0	1.0000
stock_b5000_frag	L649091	3	1.0000
stock_b5000_frag	L652753	1	0.9844
stock_b5000_frag	L657061	0	1.0000
stock_b5000_frag	L657332	0	1.0000
stock_b5000_frag	L657537	1	1.0000
stock_b5000_frag	L658591	0	1.0000
stock_b5000_frag	L659549	1	0.9013
stock_b5000_frag	L660443	0	1.0000
stock_b5000_frag	L663427	1	1.0000
stock_b5000_frag	L665914	2	0.5983
stock_b5000_frag	L666180	1	0.8286
stock_b5000_frag	L667013	1	1.0000
stock_b5000_frag	L667839	0	1.0000
stock_b5000_frag	L669436	6	0.9557
stock_b5000_frag	L66992	0	0.9986
stock_b5000_frag	L677371	0	1.0000
stock_b5000_frag	L678289	1	1.0000
stock_b5000_frag	L678676	1	1.0000
stock_b5000_frag	L679717	1	0.9990
stock_b5000_frag	L680683	1	1.0000
stock_b5000_frag	L681033	4	1.0000
stock_b5000_frag	L681532	1	1.0000
stock_b5000_frag	L681559	1	0.5945
stock_b5000_frag	L681852	1	1.0000
stock_b5000_frag	L684567	0	1.0000
stock_b5000_frag	L685962	1	1.0000
stock_b5000_frag	L686506	0	1.0000
stock_b5000_frag	L689721	3	0.6598
stock_b5000_frag	L691596	2	1.0000
stock_b5000_frag	L692386	2	1.0000
stock_b5000_frag	L693733	4	1.0000
stock_b5000_frag	L694998	0	1.0000
stock_b5000_frag	L699028	1	0.8609
stock_b5000_frag	L700056	0	1.0000
stock_b5000_frag	L700404	0	1.0000
stock_b5000_frag	L702168	0	1.0000
stock_b5000_frag	L70331	1	0.9929
stock_b5000_frag	L704136	0	1.0000
stock_b5000_frag	L704338	0	1.0000
stock_b5000_frag	L705787	5	1.0000
stock_b5000_frag	L706127	8	1.0000
stock_b5000_frag	L706802	2	1.0000
stock_b5000_frag	L707187	0	1.0000
stock_b5000_frag	L710321	0	1.0000
stock_b5000_frag	L711529	0	1.0000
stock_b5000_frag	L71277	3	0.7002
stock_b5000_frag	L713051	0	0.9927
stock_b5000_frag	L715677	0	1.0000
stock_b5000_frag	L716679	1	1.0000
stock_b5000_frag	L720310	4	1.0000
stock_b5000_frag	L720918	1	1.0000
stock_b5000_frag	L722647	1	0.4629
stock_b5000_frag	L722885	1	0.9999
stock_b5000_frag	L725643	8	1.0000
stock_b5000_frag	L730413	3	0.7276
stock_b5000_frag	L731956	0	1.0000
stock_b5000_frag	L736973	0	1.0000
stock_b5000_frag	L740874	5	1.0000
stock_b5000_frag	L741246	0	1.0000
stock_b5000_frag	L742863	1	1.0000
stock_b5000_frag	L743451	1	0.7987
stock_b5000_frag	L748093	1	0.8873
stock_b5000_frag	L751266	1	0.4954
stock_b5000_frag	L752342	4	1.0000
stock_b5000_frag	L752475	0	1.0000
stock_b5000_frag	L752653	2	1.0000
stock_b5000_frag	L75387	3	1.0000
stock_b5000_frag	L754764	0	1.0000
stock_b5000_frag	L755702	0	0.5879
stock_b5000_frag	L759676	1	0.6933
stock_b5000_frag	L759690	1	1.0000
stock_b5000_frag	L759925	1	1.0000
stock_b5000_frag	L760304	0	1.0000
stock_b5000_frag	L762113	5	1.0000
stock_b5000_frag	L762771	1	1.0000
stock_b5000_frag	L763808	0	1.0000
stock_b5000_frag	L764107	2	1.0000
stock_b5000_frag	L764127	3	1.0000
stock_b5000_frag	L764282	1	1.0000
stock_b5000_frag	L764916	1	1.0000
stock_b5000_frag	L77164	0	1.0000
stock_b5000_frag	L773134	0	1.0000
stock_b5000_frag	L774588	0	1.0000
stock_b5000_frag	L774738	0	1.0000
stock_b5000_frag	L775906	2	1.0000
stock_b5000_frag	L778698	1	1.0000
stock_b5000_frag	L779464	1	1.0000
stock_b5000_frag	L779937	3	1.0000
stock_b5000_frag	L780609	1	1.0000
stock_b5000_frag	L784473	4	0.9781
stock_b5000_frag	L787550	0	0.9999
stock_b5000_frag	L789409	2	1.0000
stock_b5000_frag	L790771	0	1.0000
stock_b5000_frag	L792951	2	1.0000
stock_b5000_frag	L79315	0	0.9935
stock_b5000_frag	L793490	1	0.2485
stock_b5000_frag	L79406	2	0.4812
stock_b5000_frag	L79610	1	0.3532
stock_b5000_frag	L796809	3	0.9846
stock_b5000_frag	L798449	0	1.0000
stock_b5000_frag	L801473	4	1.0000
stock_b5000_frag	L801620	5	1.0000
stock_b5000_frag	L801738	1	1.0000
stock_b5000_frag	L803364	2	1.0000
stock_b5000_frag	L803613	1	0.9982
stock_b5000_frag	L804778	1	1.0000
stock_b5000_frag	L808364	2	1.0000
stock_b5000_frag	L809372	1	1.0000
stock_b5000_frag	L809693	2	1.0000
stock_b5000_frag	L811734	0	1.0000
stock_b5000_frag	L81215	0	1.0000
stock_b5000_frag	L812450	0	1.0000
stock_b5000_frag	L812672	0	0.9153
stock_b5000_frag	L815977	1	0.7821
stock_b5000_frag	L816644	0	1.0000
stock_b5000_frag	L81909	3	1.0000
stock_b5000_frag	L819563	3	1.0000
stock_b5000_frag	L821100	2	1.0000
stock_b5000_frag	L822334	1	1.0000
stock_b5000_frag	L824223	0	1.0000
stock_b5000_frag	L827048	2	0.8348
stock_b5000_frag	L827129	2	1.0000
stock_b5000_frag	L829233	1	0.6055
stock_b5000_frag	L83001	0	1.0000
stock_b5000_frag	L830371	0	0.9930
stock_b5000_frag	L832923	0	0.9998
stock_b5000_frag	L834579	1	0.9996
stock_b5000_frag	L834622	0	1.0000
stock_b5000_frag	L837955	2	1.0000
stock_b5000_frag	L843972	4	1.0000
stock_b5000_frag	L845031	1	1.0000
stock_b5000_frag	L846960	0	1.0000
stock_b5000_frag	L847988	3	0.5009
stock_b5000_frag	L849505	0	0.7313
stock_b5000_frag	L851847	1	0.8702
stock_b5000_frag	L853299	0	1.0000
stock_b5000_frag	L855747	3	1.0000
stock_b5000_frag	L855935	2	1.0000
stock_b5000_frag	L856753	0	1.0000
stock_b5000_frag	L85748	2	1.0000
stock_b5000_frag	L858843	1	0.9929
stock_b5000_frag	L862725	1	1.0000
stock_b5000_frag	L864050	2	1.0000
stock_b5000_frag	L86679	0	1.0000
stock_b5000_frag	L868640	0	1.0000
stock_b5000_frag	L869371	5	1.0000
stock_b5000_frag	L869433	0	0.9990
stock_b5000_frag	L873249	1	1.0000
stock_b5000_frag	L883133	0	0.9862
stock_b5000_frag	L883660	2	1.0000
stock_b5000_frag	L884453	2	1.0000
stock_b5000_frag	L885068	0	0.9289
stock_b5000_frag	L885624	1	0.9706
stock_b5000_frag	L886084	6	0.6923
stock_b5000_frag	L886474	2	1.0000
stock_b5000_frag	L886813	3	1.0000
stock_b5000_frag	L888328	1	1.0000
stock_b5000_frag	L888339	0	1.0000
stock_b5000_frag	L888692	2	1.0000
stock_b5000_frag	L892540	0	1.0000
stock_b5000_frag	L894181	9	1.0000
stock_b5000_frag	L895192	1	0.9038
stock_b5000_frag	L895682	1	0.5769
stock_b5000_frag	L898645	0	0.9826
stock_b5000_frag	L900297	0	1.0000
stock_b5000_frag	L902295	0	1.0000
stock_b5000_frag	L902514	5	1.0000
stock_b5000_frag	L906439	2	1.0000
stock_b5000_frag	L907227	3	1.0000
stock_b5000_frag	L90734	0	1.0000
stock_b5000_frag	L909856	2	1.0000
stock_b5000_frag	L910412	5	0.9999
stock_b5000_frag	L910841	1	0.8854
stock_b5000_frag	L911364	1	0.9303
stock_b5000_frag	L912237	1	1.0000
stock_b5000_frag	L913833	2	1.0000
stock_b5000_frag	L914150	1	1.0000
stock_b5000_frag	L914195	4	1.0000
stock_b5000_frag	L91480	0	0.6358
stock_b5000_frag	L918005	0	0.9999
stock_b5000_frag	L918018	0	1.0000
stock_b5000_frag	L923738	3	1.0000
stock_b5000_frag	L924400	1	0.6034
stock_b5000_frag	L925260	6	0.8206
stock_b5000_frag	L928875	0	0.7106
stock_b5000_frag	L93124	1	1.0000
stock_b5000_frag	L93295	0	0.9915
stock_b5000_frag	L933087	3	1.0000
stock_b5000_frag	L933852	6	1.0000
stock_b5000_frag	L936253	0	1.0000
stock_b5000_frag	L940767	1	0.7420
stock_b5000_frag	L941368	3	1.0000
stock_b5000_frag	L941926	0	1.0000
stock_b5000_frag	L942873	0	0.9963
stock_b5000_frag	L943752	1	1.0000
stock_b5000_frag	L948601	3	1.0000
stock_b5000_frag	L94945	3	1.0000
stock_b5000_frag	L949761	2	1.0000
stock_b5000_frag	L953203	2	1.0000
stock_b5000_frag	L95620	0	0.9843
stock_b5000_frag	L957565	0	0.8832
stock_b5000_frag	L960419	1	0.9576
stock_b5000_frag	L962289	2	0.9980
stock_b5000_frag	L96262	0	1.0000
stock_b5000_frag	L962680	1	0.6468
stock_b5000_frag	L967795	4	1.0000
stock_b5000_frag	L968437	0	1.0000
stock_b5000_frag	L969615	1	0.5604
stock_b5000_frag	L970400	1	1.0000
stock_b5000_frag	L972698	0	1.0000
stock_b5000_frag	L974207	2	1.0000
stock_b5000_frag	L979330	1	1.0000
stock_b5000_frag	L983346	0	0.9999
stock_b5000_frag	L984768	1	1.0000
stock_b5000_frag	L984796	1	1.0000
stock_b5000_frag	L985204	3	1.0000
stock_b5000_frag	L985959	0	1.0000
stock_b5000_frag	L986820	1	0.9963
stock_b5000_frag	L989999	1	0.9359
stock_b5000_frag	L994491	3	0.8803
stock_b5000_frag	L997717	0	0.9402
stock_b5000_frag	L998540	3	1.0000
stock_b5000_full	L1002585	0	1.0000
stock_b5000_full	L1004185	0	0.9540
stock_b5000_full	L1005032	0	1.0000
stock_b5000_full	L1011227	0	1.0000
stock_b5000_full	L1012049	0	1.0000
stock_b5000_full	L1012199	0	1.0000
stock_b5000_full	L1016849	0	1.0000
stock_b5000_full	L1017537	0	1.0000
stock_b5000_full	L1021907	0	1.0000
stock_b5000_full	L1024044	0	1.0000
stock_b5000_full	L1024542	0	1.0000
stock_b5000_full	L1025399	0	1.0000
stock_b5000_full	L1026799	0	1.0000
stock_b5000_full	L102922	0	1.0000
stock_b5000_full	L1029951	1	0.9553
stock_b5000_full	L1030819	0	1.0000
stock_b5000_full	L103249	1	1.0000
stock_b5000_full	L1036266	0	1.0000
stock_b5000_full	L1036426	0	1.0000
stock_b5000_full	L1038977	1	1.0000
stock_b5000_full	L1044163	0	0.5234
stock_b5000_full	L1044444	0	0.9997
stock_b5000_full	L1046348	0	1.0000
stock_b5000_full	L1046966	0	1.0000
stock_b5000_full	L1050743	0	1.0000
stock_b5000_full	L1052309	0	1.0000
stock_b5000_full	L1053445	0	1.0000
stock_b5000_full	L1054346	0	0.9997
stock_b5000_full	L1055550	0	1.0000
stock_b5000_full	L1058576	0	1.0000
stock_b5000_full	L1060120	1	1.0000
stock_b5000_full	L1061482	1	0.6018
stock_b5000_full	L1061587	1	0.6287
stock_b5000_full	L1062126	0	1.0000
stock_b5000_full	L1063587	0	1.0000
stock_b5000_full	L1064227	0	1.0000
stock_b5000_full	L1065804	1	1.0000
stock_b5000_full	L1068964	0	1.0000
stock_b5000_full	L1069832	0	1.0000
stock_b5000_full	L1071754	0	0.5003
stock_b5000_full	L1072449	1	1.0000
stock_b5000_full	L1073165	0	0.6609
stock_b5000_full	L1075189	1	0.7826
stock_b5000_full	L1081827	1	0.5781
stock_b5000_full	L1082663	0	1.0000
stock_b5000_full	L1083972	0	1.0000
stock_b5000_full	L1085175	0	1.0000
stock_b5000_full	L1087086	1	0.5558
stock_b5000_full	L1087105	1	0.5235
stock_b5000_full	L1089119	1	0.9877
stock_b5000_full	L1090631	0	1.0000
stock_b5000_full	L1091178	0	0.8204
stock_b5000_full	L1091281	0	0.5744
stock_b5000_full	L1091323	1	1.0000
stock_b5000_full	L1091479	0	1.0000
stock_b5000_full	L1092388	0	1.0000
stock_b5000_full	L1096376	0	1.0000
stock_b5000_full	L1099155	0	1.0000
stock_b5000_full	L1101520	0	1.0000
stock_b5000_full	L1106265	0	1.0000
stock_b5000_full	L1106965	0	1.0000
stock_b5000_full	L1107538	0	1.0000
stock_b5000_full	L1109734	0	1.0000
stock_b5000_full	L1110523	0	1.0000
stock_b5000_full	L1116847	0	1.0000
stock_b5000_full	L1117806	0	1.0000
stock_b5000_full	L1123172	0	1.0000
stock_b5000_full	L112480	0	1.0000
stock_b5000_full	L1125468	0	1.0000
stock_b5000_full	L1125564	0	1.0000
stock_b5000_full	L1126749	0	1.0000
stock_b5000_full	L1127804	1	0.4747
stock_b5000_full	L1128821	0	1.0000
stock_b5000_full	L1132817	0	1.0000
stock_b5000_full	L1134826	1	1.0000
stock_b5000_full	L1135019	1	0.5026
stock_b5000_full	L113844	0	0.6100
stock_b5000_full	L1138559	1	0.6820
stock_b5000_full	L1139573	1	1.0000
stock_b5000_full	L1142178	1	0.3438
stock_b5000_full	L1143584	0	1.0000
stock_b5000_full	L1146782	1	1.0000
stock_b5000_full	L1148275	1	1.0000
stock_b5000_full	L1148681	0	1.0000
stock_b5000_full	L1148861	0	1.0000
stock_b5000_full	L115160	0	1.0000
stock_b5000_full	L1152742	0	0.7827
stock_b5000_full	L1159462	0	1.0000
stock_b5000_full	L1160593	0	1.0000
stock_b5000_full	L1166860	1	1.0000
stock_b5000_full	L1169308	1	1.0000
stock_b5000_full	L1171933	0	1.0000
stock_b5000_full	L1175689	0	1.0000
stock_b5000_full	L1176510	0	1.0000
stock_b5000_full	L1176819	1	0.5847
stock_b5000_full	L1181526	0	1.0000
stock_b5000_full	L1184831	0	1.0000
stock_b5000_full	L1188236	0	1.0000
stock_b5000_full	L1189606	0	1.0000
stock_b5000_full	L1190029	0	1.0000
stock_b5000_full	L1192003	0	1.0000
stock_b5000_full	L1193093	1	0.9611
stock_b5000_full	L1193626	0	1.0000
stock_b5000_full	L1194943	1	1.0000
stock_b5000_full	L1200114	0	1.0000
stock_b5000_full	L1200373	0	1.0000
stock_b5000_full	L1202626	0	1.0000
stock_b5000_full	L1203652	0	1.0000
stock_b5000_full	L1205967	0	1.0000
stock_b5000_full	L1206149	0	1.0000
stock_b5000_full	L1208940	0	1.0000
stock_b5000_full	L120959	0	1.0000
stock_b5000_full	L1211345	0	1.0000
stock_b5000_full	L1212637	0	1.0000
stock_b5000_full	L1212861	0	1.0000
stock_b5000_full	L121334	0	0.4723
stock_b5000_full	L1215236	0	0.9989
stock_b5000_full	L1217544	1	0.9937
stock_b5000_full	L1217630	0	1.0000
stock_b5000_full	L1218521	0	1.0000
stock_b5000_full	L121873	0	1.0000
stock_b5000_full	L1218743	0	1.0000
stock_b5000_full	L1219260	0	1.0000
stock_b5000_full	L1219324	0	1.0000
stock_b5000_full	L1223018	1	0.7033
stock_b5000_full	L12241	1	0.4470
stock_b5000_full	L122411	0	1.0000
stock_b5000_full	L1228313	0	1.0000
stock_b5000_full	L1228316	0	1.0000
stock_b5000_full	L1228698	0	1.0000
stock_b5000_full	L1229975	0	1.0000
stock_b5000_full	L1233030	0	0.9844
stock_b5000_full	L1234322	0	1.0000
stock_b5000_full	L1235564	0	1.0000
stock_b5000_full	L1237368	1	0.3363
stock_b5000_full	L1242536	0	1.0000
stock_b5000_full	L1243882	0	1.0000
stock_b5000_full	L1244427	1	0.8596
stock_b5000_full	L1247700	0	1.0000
stock_b5000_full	L1249050	0	1.0000
stock_b5000_full	L1252273	0	0.9553
stock_b5000_full	L1252715	0	1.0000
stock_b5000_full	L125500	0	1.0000
stock_b5000_full	L125644	0	1.0000
stock_b5000_full	L1263639	0	1.0000
stock_b5000_full	L1263909	0	1.0000
stock_b5000_full	L1267300	0	1.0000
stock_b5000_full	L1267973	0	0.6264
stock_b5000_full	L1268056	1	0.3993
stock_b5000_full	L1269000	0	1.0000
stock_b5000_full	L1269225	0	1.0000
stock_b5000_full	L1269960	0	1.0000
stock_b5000_full	L1270519	1	0.5114
stock_b5000_full	L1271695	1	1.0000
stock_b5000_full	L1274988	0	1.0000
stock_b5000_full	L1277578	1	1.0000
stock_b5000_full	L1277861	0	1.0000
stock_b5000_full	L1281298	0	1.0000
stock_b5000_full	L1283746	0	1.0000
stock_b5000_full	L1284558	0	0.9051
stock_b5000_full	L1286758	0	1.0000
stock_b5000_full	L1291250	0	1.0000
stock_b5000_full	L129208	0	1.0000
stock_b5000_full	L1292363	0	0.9249
stock_b5000_full	L1292503	0	1.0000
stock_b5000_full	L1294408	1	0.5974
stock_b5000_full	L1294453	0	0.9847
stock_b5000_full	L1294952	0	1.0000
stock_b5000_full	L1297512	0	1.0000
stock_b5000_full	L1298142	0	1.0000
stock_b5000_full	L1299862	0	1.0000
stock_b5000_full	L1302458	1	1.0000
stock_b5000_full	L1307852	0	1.0000
stock_b5000_full	L130839	0	1.0000
stock_b5000_full	L1309046	0	1.0000
stock_b5000_full	L1314993	0	1.0000
stock_b5000_full	L1316645	1	0.9984
stock_b5000_full	L1316673	0	0.8834
stock_b5000_full	L1319261	1	1.0000
stock_b5000_full	L1320029	1	0.5119
stock_b5000_full	L1321139	0	1.0000
stock_b5000_full	L1322298	0	1.0000
stock_b5000_full	L1325043	0	1.0000
stock_b5000_full	L1328601	0	1.0000
stock_b5000_full	L1330004	0	1.0000
stock_b5000_full	L1334204	0	1.0000
stock_b5000_full	L1334727	0	1.0000
stock_b5000_full	L1337969	0	0.7710
stock_b5000_full	L1338440	0	0.9139
stock_b5000_full	L1338867	1	1.0000
stock_b5000_full	L13406	0	1.0000
stock_b5000_full	L1341334	0	1.0000
stock_b5000_full	L1342936	0	1.0000
stock_b5000_full	L1343571	0	0.9992
stock_b5000_full	L134770	0	1.0000
stock_b5000_full	L1348767	1	1.0000
stock_b5000_full	L1349954	0	1.0000
stock_b5000_full	L1350260	0	1.0000
stock_b5000_full	L1354350	0	1.0000
stock_b5000_full	L1358832	0	1.0000
stock_b5000_full	L1362201	0	1.0000
stock_b5000_full	L1362636	1	1.0000
stock_b5000_full	L1365362	0	1.0000
stock_b5000_full	L1366477	0	1.0000
stock_b5000_full	L1369644	0	1.0000
stock_b5000_full	L13698	0	1.0000
stock_b5000_full	L1371092	1	1.0000
stock_b5000_full	L1372683	0	1.0000
stock_b5000_full	L1372686	0	1.0000
stock_b5000_full	L1373403	0	1.0000
stock_b5000_full	L1378339	0	1.0000
stock_b5000_full	L1379425	1	0.6607
stock_b5000_full	L1380845	0	1.0000
stock_b5000_full	L1382177	0	1.0000
stock_b5000_full	L1382936	0	0.7915
stock_b5000_full	L1382969	0	1.0000
stock_b5000_full	L1383932	0	1.0000
stock_b5000_full	L1384051	0	1.0000
stock_b5000_full	L1393346	0	0.8402
stock_b5000_full	L1394372	0	1.0000
stock_b5000_full	L1398058	0	1.0000
stock_b5000_full	L1398565	0	1.0000
stock_b5000_full	L1400233	0	1.0000
stock_b5000_full	L1400557	1	0.9992
stock_b5000_full	L1403214	0	1.0000
stock_b5000_full	L1409097	0	1.0000
stock_b5000_full	L1409378	0	1.0000
stock_b5000_full	L1410763	0	1.0000
stock_b5000_full	L1410905	0	1.0000
stock_b5000_full	L1411655	0	0.9996
stock_b5000_full	L1421095	0	1.0000
stock_b5000_full	L1421423	0	1.0000
stock_b5000_full	L1431164	0	1.0000
stock_b5000_full	L1435268	0	1.0000
stock_b5000_full	L1438447	0	1.0000
stock_b5000_full	L1440099	0	1.0000
stock_b5000_full	L1440354	0	1.0000
stock_b5000_full	L1440579	0	0.9838
stock_b5000_full	L1441065	0	1.0000
stock_b5000_full	L1442950	0	1.0000
stock_b5000_full	L144630	0	1.0000
stock_b5000_full	L144966	0	1.0000
stock_b5000_full	L1450044	0	1.0000
stock_b5000_full	L145721	0	1.0000
stock_b5000_full	L1463127	0	1.0000
stock_b5000_full	L1463808	1	1.0000
stock_b5000_full	L1468044	0	0.9969
stock_b5000_full	L1468317	0	1.0000
stock_b5000_full	L1470882	0	1.0000
stock_b5000_full	L1472026	0	1.0000
stock_b5000_full	L1475336	0	1.0000
stock_b5000_full	L1477	0	0.9978
stock_b5000_full	L1477137	1	1.0000
stock_b5000_full	L1478713	0	0.7764
stock_b5000_full	L1479097	0	1.0000
stock_b5000_full	L1482186	1	0.5655
stock_b5000_full	L1483022	1	1.0000
stock_b5000_full	L1485252	0	0.9473
stock_b5000_full	L1487868	0	1.0000
stock_b5000_full	L1489958	0	1.0000
stock_b5000_full	L1491338	0	1.0000
stock_b5000_full	L1491406	1	1.0000
stock_b5000_full	L1492427	1	0.7049
stock_b5000_full	L1494927	0	1.0000
stock_b5000_full	L1496723	0	1.0000
stock_b5000_full	L14998	0	1.0000
stock_b5000_full	L1500041	0	1.0000
stock_b5000_full	L1500792	0	1.0000
stock_b5000_full	L1501054	0	1.0000
stock_b5000_full	L1501117	1	0.5653
stock_b5000_full	L150284	0	0.9856
stock_b5000_full	L1503080	0	1.0000
stock_b5000_full	L1506056	0	1.0000
stock_b5000_full	L1506305	0	1.0000
stock_b5000_full	L1507593	0	1.0000
stock_b5000_full	L1507721	0	1.0000
stock_b5000_full	L1509635	0	1.0000
stock_b5000_full	L1511077	0	1.0000
stock_b5000_full	L1511516	1	1.0000
stock_b5000_full	L151270	0	1.0000
stock_b5000_full	L1513453	0	1.0000
stock_b5000_full	L1513508	0	1.0000
stock_b5000_full	L1514059	1	1.0000
stock_b5000_full	L151434	0	1.0000
stock_b5000_full	L1520281	0	0.9982
stock_b5000_full	L1522665	0	1.0000
stock_b5000_full	L1525581	0	1.0000
stock_b5000_full	L152670	0	1.0000
stock_b5000_full	L1527449	0	0.9967
stock_b5000_full	L1532593	1	0.5902
stock_b5000_full	L1537084	1	1.0000
stock_b5000_full	L1545445	1	0.6330
stock_b5000_full	L1549764	1	1.0000
stock_b5000_full	L1553511	0	1.0000
stock_b5000_full	L1555961	0	0.9654
stock_b5000_full	L1556158	0	1.0000
stock_b5000_full	L1559085	0	1.0000
stock_b5000_full	L1559370	0	1.0000
stock_b5000_full	L1561684	1	0.6518
stock_b5000_full	L1563921	1	1.0000
stock_b5000_full	L1564440	1	0.5001
stock_b5000_full	L1564788	0	1.0000
stock_b5000_full	L1570442	0	0.6009
stock_b5000_full	L1577548	0	1.0000
stock_b5000_full	L1582773	0	0.9999
stock_b5000_full	L1586476	0	1.0000
stock_b5000_full	L1591774	0	1.0000
stock_b5000_full	L1592464	0	1.0000
stock_b5000_full	L1592890	0	1.0000
stock_b5000_full	L1593009	0	1.0000
stock_b5000_full	L1594265	0	1.0000
stock_b5000_full	L15949	0	1.0000
stock_b5000_full	L1595729	1	0.9998
stock_b5000_full	L1596023	0	1.0000
stock_b5000_full	L1596979	0	1.0000
stock_b5000_full	L1599150	0	1.0000
stock_b5000_full	L1605496	0	1.0000
stock_b5000_full	L1608356	0	0.7973
stock_b5000_full	L1608408	1	0.5024
stock_b5000_full	L1609523	0	1.0000
stock_b5000_full	L1611831	1	0.7858
stock_b5000_full	L1613719	0	1.0000
stock_b5000_full	L1613862	0	1.0000
stock_b5000_full	L1614892	0	1.0000
stock_b5000_full	L1615590	0	1.0000
stock_b5000_full	L1616879	0	1.0000
stock_b5000_full	L1617022	1	1.0000
stock_b5000_full	L1619438	1	0.5846
stock_b5000_full	L1619907	0	1.0000
stock_b5000_full	L1620099	0	1.0000
stock_b5000_full	L1622776	1	0.5253
stock_b5000_full	L1622804	1	0.5700
stock_b5000_full	L1623315	0	1.0000
stock_b5000_full	L1625869	0	1.0000
stock_b5000_full	L1632251	0	1.0000
stock_b5000_full	L1632593	0	0.9999
stock_b5000_full	L1633409	0	0.8715
stock_b5000_full	L163519	0	1.0000
stock_b5000_full	L1635479	0	1.0000
stock_b5000_full	L1638116	0	1.0000
stock_b5000_full	L1642892	0	0.5784
stock_b5000_full	L1647022	0	1.0000
stock_b5000_full	L1649256	0	1.0000
stock_b5000_full	L1650196	0	1.0000
stock_b5000_full	L1654301	1	0.5313
stock_b5000_full	L1656331	1	0.5941
stock_b5000_full	L1657868	1	1.0000
stock_b5000_full	L1658774	0	0.8372
stock_b5000_full	L1660134	0	1.0000
stock_b5000_full	L166249	0	1.0000
stock_b5000_full	L1663458	0	0.9998
stock_b5000_full	L16644	0	1.0000
stock_b5000_full	L1664922	1	1.0000
stock_b5000_full	L1666954	0	1.0000
stock_b5000_full	L1668737	0	1.0000
stock_b5000_full	L167239	0	1.0000
stock_b5000_full	L167308	0	1.0000
stock_b5000_full	L1673443	0	1.0000
stock_b5000_full	L1677915	0	1.0000
stock_b5000_full	L1679070	0	0.9997
stock_b5000_full	L1679327	0	1.0000
stock_b5000_full	L1681571	0	1.0000
stock_b5000_full	L1683975	0	1.0000
stock_b5000_full	L1687257	0	0.9999
stock_b5000_full	L1689425	1	1.0000
stock_b5000_full	L1690704	0	0.5628
stock_b5000_full	L1690718	0	0.3405
stock_b5000_full	L1692614	0	1.0000
stock_b5000_full	L1693021	0	1.0000
stock_b5000_full	L1693729	0	1.0000
stock_b5000_full	L1698795	0	1.0000
stock_b5000_full	L1700325	0	1.0000
stock_b5000_full	L1701759	0	1.0000
stock_b5000_full	L1706009	0	0.9885
stock_b5000_full	L1710196	0	1.0000
stock_b5000_full	L1713230	0	1.0000
stock_b5000_full	L1714485	1	0.5755
stock_b5000_full	L1715650	0	1.0000
stock_b5000_full	L1717886	0	0.9948
stock_b5000_full	L1720587	0	1.0000
stock_b5000_full	L1721987	0	1.0000
stock_b5000_full	L1722777	0	1.0000
stock_b5000_full	L1724773	1	0.6859
stock_b5000_full	L1725448	0	1.0000
stock_b5000_full	L1727481	0	0.9291
stock_b5000_full	L1728562	1	0.6493
stock_b5000_full	L1729015	0	1.0000
stock_b5000_full	L1729974	0	1.0000
stock_b5000_full	L1731527	0	0.6770
stock_b5000_full	L173383	0	1.0000
stock_b5000_full	L1735097	0	0.9513
stock_b5000_full	L1736351	0	1.0000
stock_b5000_full	L1736591	0	1.0000
stock_b5000_full	L1739879	1	0.9988
stock_b5000_full	L1741008	0	1.0000
stock_b5000_full	L1741461	0	0.8681
stock_b5000_full	L174176	0	1.0000
stock_b5000_full	L1741919	1	0.9479
stock_b5000_full	L1743480	0	1.0000
stock_b5000_full	L1744154	0	1.0000
stock_b5000_full	L1746595	0	1.0000
stock_b5000_full	L1748112	0	1.0000
stock_b5000_full	L1748957	0	1.0000
stock_b5000_full	L1749257	1	0.9504
stock_b5000_full	L175348	0	0.5092
stock_b5000_full	L1753832	0	1.0000
stock_b5000_full	L1755416	1	1.0000
stock_b5000_full	L1758324	0	1.0000
stock_b5000_full	L1758608	0	1.0000
stock_b5000_full	L1758614	0	1.0000
stock_b5000_full	L1758704	1	0.9919
stock_b5000_full	L1762064	0	0.9994
stock_b5000_full	L1765663	1	0.4609
stock_b5000_full	L1766093	1	0.9730
stock_b5000_full	L176738	0	1.0000
stock_b5000_full	L1768336	0	1.0000
stock_b5000_full	L176876	0	1.0000
stock_b5000_full	L1768935	0	0.9954
stock_b5000_full	L1770348	0	1.0000
stock_b5000_full	L1770471	0	1.0000
stock_b5000_full	L1772400	0	1.0000
stock_b5000_full	L1774077	0	1.0000
stock_b5000_full	L1774332	0	0.9996
stock_b5000_full	L177650	0	1.0000
stock_b5000_full	L1778239	0	0.9998
stock_b5000_full	L1778753	0	1.0000
stock_b5000_full	L1785009	1	0.9884
stock_b5000_full	L1788156	0	1.0000
stock_b5000_full	L179015	0	1.0000
stock_b5000_full	L1790481	0	1.0000
stock_b5000_full	L1791527	0	1.0000
stock_b5000_full	L1792265	0	1.0000
stock_b5000_full	L1793065	0	1.0000
stock_b5000_full	L1794712	0	1.0000
stock_b5000_full	L1794839	0	1.0000
stock_b5000_full	L1796826	0	0.9997
stock_b5000_full	L1797546	0	1.0000
stock_b5000_full	L1798302	0	1.0000
stock_b5000_full	L1799840	0	0.9458
stock_b5000_full	L1801258	0	1.0000
stock_b5000_full	L1802345	0	1.0000
stock_b5000_full	L180509	0	1.0000
stock_b5000_full	L1808966	0	1.0000
stock_b5000_full	L1809234	0	1.0000
stock_b5000_full	L1811231	1	1.0000
stock_b5000_full	L1812445	0	1.0000
stock_b5000_full	L1814309	0	0.9998
stock_b5000_full	L1816451	0	1.0000
stock_b5000_full	L1817551	1	0.5071
stock_b5000_full	L1820447	1	0.5431
stock_b5000_full	L1821765	0	1.0000
stock_b5000_full	L1822989	0	1.0000
stock_b5000_full	L1823086	0	1.0000
stock_b5000_full	L1825981	0	1.0000
stock_b5000_full	L1826918	0	1.0000
stock_b5000_full	L1830338	0	1.0000
stock_b5000_full	L18313	0	1.0000
stock_b5000_full	L1831368	0	1.0000
stock_b5000_full	L183802	0	1.0000
stock_b5000_full	L1838244	0	1.0000
stock_b5000_full	L1838501	0	0.9644
stock_b5000_full	L1838652	0	1.0000
stock_b5000_full	L1840388	0	0.9562
stock_b5000_full	L1848896	0	0.9998
stock_b5000_full	L1856065	0	1.0000
stock_b5000_full	L1857129	0	0.9916
stock_b5000_full	L1858192	0	1.0000
stock_b5000_full	L1858235	0	0.5493
stock_b5000_full	L1859863	0	0.9805
stock_b5000_full	L1860283	1	1.0000
stock_b5000_full	L1867226	0	0.9626
stock_b5000_full	L186847	0	1.0000
stock_b5000_full	L1869818	1	1.0000
stock_b5000_full	L1872590	0	1.0000
stock_b5000_full	L1872595	0	1.0000
stock_b5000_full	L1873245	0	0.9178
stock_b5000_full	L1873642	0	1.0000
stock_b5000_full	L1874928	1	0.3613
stock_b5000_full	L1876149	0	1.0000
stock_b5000_full	L18800	0	1.0000
stock_b5000_full	L1882201	1	0.7918
stock_b5000_full	L1882838	0	1.0000
stock_b5000_full	L1883125	1	1.0000
stock_b5000_full	L1883999	0	0.9927
stock_b5000_full	L1886440	0	1.0000
stock_b5000_full	L1889760	0	1.0000
stock_b5000_full	L189322	0	1.0000
stock_b5000_full	L1895575	0	1.0000
stock_b5000_full	L1897444	0	1.0000
stock_b5000_full	L1898605	0	1.0000
stock_b5000_full	L1898611	0	1.0000
stock_b5000_full	L190102	0	1.0000
stock_b5000_full	L1902625	1	1.0000
stock_b5000_full	L1905283	0	1.0000
stock_b5000_full	L190650	0	1.0000
stock_b5000_full	L190687	0	1.0000
stock_b5000_full	L1908570	1	0.5034
stock_b5000_full	L1909629	1	0.7640
stock_b5000_full	L1911881	1	0.3790
stock_b5000_full	L1912	0	1.0000
stock_b5000_full	L191488	0	1.0000
stock_b5000_full	L1920826	1	1.0000
stock_b5000_full	L192237	0	1.0000
stock_b5000_full	L1924744	0	1.0000
stock_b5000_full	L1925847	2	1.0000
stock_b5000_full	L1928273	0	1.0000
stock_b5000_full	L1928790	0	1.0000
stock_b5000_full	L1932241	0	1.0000
stock_b5000_full	L1932659	0	1.0000
stock_b5000_full	L1933206	1	0.5305
stock_b5000_full	L1933253	0	1.0000
stock_b5000_full	L1933970	0	1.0000
stock_b5000_full	L1936643	1	1.0000
stock_b5000_full	L1940497	0	0.5590
stock_b5000_full	L1942177	0	1.0000
stock_b5000_full	L1942305	0	1.0000
stock_b5000_full	L1943673	0	1.0000
stock_b5000_full	L1944226	0	1.0000
stock_b5000_full	L1944640	1	0.8273
stock_b5000_full	L1944904	1	0.6239
stock_b5000_full	L194952	0	0.8486
stock_b5000_full	L1951280	0	1.0000
stock_b5000_full	L1952353	0	0.9045
stock_b5000_full	L1953692	0	1.0000
stock_b5000_full	L1954656	0	0.8398
stock_b5000_full	L1955598	0	1.0000
stock_b5000_full	L1955973	0	1.0000
stock_b5000_full	L195908	0	1.0000
stock_b5000_full	L1964032	0	1.0000
stock_b5000_full	L1965961	0	0.9249
stock_b5000_full	L1970360	0	1.0000
stock_b5000_full	L1970493	1	1.0000
stock_b5000_full	L1970551	1	1.0000
stock_b5000_full	L1970668	0	1.0000
stock_b5000_full	L1971017	0	1.0000
stock_b5000_full	L1975091	1	0.9036
stock_b5000_full	L1975857	0	0.9998
stock_b5000_full	L197613	0	1.0000
stock_b5000_full	L1976785	0	1.0000
stock_b5000_full	L1981866	0	1.0000
stock_b5000_full	L1982300	0	1.0000
stock_b5000_full	L1983183	0	1.0000
stock_b5000_full	L1986059	0	0.9966
stock_b5000_full	L1990411	0	1.0000
stock_b5000_full	L1991628	0	1.0000
stock_b5000_full	L1994839	0	1.0000
stock_b5000_full	L1996032	0	1.0000
stock_b5000_full	L202116	0	1.0000
stock_b5000_full	L204802	0	0.8348
stock_b5000_full	L208863	0	1.0000
stock_b5000_full	L209724	0	0.8443
stock_b5000_full	L2105	0	1.0000
stock_b5000_full	L210838	0	1.0000
stock_b5000_full	L21151	0	0.7802
stock_b5000_full	L216034	1	0.6865
stock_b5000_full	L216528	0	0.9999
stock_b5000_full	L217349	0	1.0000
stock_b5000_full	L222365	0	0.9986
stock_b5000_full	L225416	0	0.9880
stock_b5000_full	L227476	0	1.0000
stock_b5000_full	L228723	0	1.0000
stock_b5000_full	L231682	0	1.0000
stock_b5000_full	L232060	0	1.0000
stock_b5000_full	L233375	0	1.0000
stock_b5000_full	L235764	0	1.0000
stock_b5000_full	L238858	1	1.0000
stock_b5000_full	L243818	0	1.0000
stock_b5000_full	L244003	0	0.9997
stock_b5000_full	L244965	0	1.0000
stock_b5000_full	L24866	0	1.0000
stock_b5000_full	L250969	0	1.0000
stock_b5000_full	L252902	0	1.0000
stock_b5000_full	L253345	0	0.9812
stock_b5000_full	L257043	0	0.9856
stock_b5000_full	L257465	0	0.5234
stock_b5000_full	L258378	0	1.0000
stock_b5000_full	L258696	0	1.0000
stock_b5000_full	L260842	0	0.9682
stock_b5000_full	L260939	0	0.9999
stock_b5000_full	L261190	0	1.0000
stock_b5000_full	L267309	0	0.3580
stock_b5000_full	L267846	0	1.0000
stock_b5000_full	L270977	0	1.0000
stock_b5000_full	L272730	0	1.0000
stock_b5000_full	L273461	1	1.0000
stock_b5000_full	L282320	0	1.0000
stock_b5000_full	L283173	1	1.0000
stock_b5000_full	L283368	1	0.9340
stock_b5000_full	L288752	0	1.0000
stock_b5000_full	L2888	1	1.0000
stock_b5000_full	L293305	1	1.0000
stock_b5000_full	L293537	0	1.0000
stock_b5000_full	L294764	1	0.8148
stock_b5000_full	L299364	0	1.0000
stock_b5000_full	L299595	1	1.0000
stock_b5000_full	L299782	0	1.0000
stock_b5000_full	L300401	0	1.0000
stock_b5000_full	L30336	0	0.9641
stock_b5000_full	L310087	0	1.0000
stock_b5000_full	L312118	0	1.0000
stock_b5000_full	L318026	0	0.9998
stock_b5000_full	L318722	0	1.0000
stock_b5000_full	L31952	0	1.0000
stock_b5000_full	L319839	0	1.0000
stock_b5000_full	L319888	0	0.8933
stock_b5000_full	L320440	1	1.0000
stock_b5000_full	L321627	0	1.0000
stock_b5000_full	L322333	0	1.0000
stock_b5000_full	L322794	0	1.0000
stock_b5000_full	L322866	0	1.0000
stock_b5000_full	L324151	0	1.0000
stock_b5000_full	L324946	0	1.0000
stock_b5000_full	L32606	0	1.0000
stock_b5000_full	L326205	0	1.0000
stock_b5000_full	L327486	0	1.0000
stock_b5000_full	L331805	1	1.0000
stock_b5000_full	L331807	1	1.0000
stock_b5000_full	L333401	0	1.0000
stock_b5000_full	L333865	0	1.0000
stock_b5000_full	L335478	0	1.0000
stock_b5000_full	L336916	1	0.3097
stock_b5000_full	L337726	1	1.0000
stock_b5000_full	L343911	0	1.0000
stock_b5000_full	L346110	0	1.0000
stock_b5000_full	L35206	0	1.0000
stock_b5000_full	L352100	0	1.0000
stock_b5000_full	L353330	0	1.0000
stock_b5000_full	L353755	0	1.0000
stock_b5000_full	L354281	1	0.9897
stock_b5000_full	L355469	0	0.9776
stock_b5000_full	L355973	0	0.5241
stock_b5000_full	L358098	0	1.0000
stock_b5000_full	L358427	0	1.0000
stock_b5000_full	L36185	1	1.0000
stock_b5000_full	L36374	0	1.0000
stock_b5000_full	L36393	1	1.0000
stock_b5000_full	L364477	0	1.0000
stock_b5000_full	L368265	0	0.9996
stock_b5000_full	L369221	0	1.0000
stock_b5000_full	L370516	0	1.0000
stock_b5000_full	L375608	0	1.0000
stock_b5000_full	L375999	1	0.5564
stock_b5000_full	L376343	0	1.0000
stock_b5000_full	L377914	1	1.0000
stock_b5000_full	L380751	0	0.6538
stock_b5000_full	L382166	0	1.0000
stock_b5000_full	L382724	0	1.0000
stock_b5000_full	L383909	0	1.0000
stock_b5000_full	L385595	0	1.0000
stock_b5000_full	L386761	0	1.0000
stock_b5000_full	L38847	0	1.0000
stock_b5000_full	L388838	1	1.0000
stock_b5000_full	L390056	0	1.0000
stock_b5000_full	L390847	1	1.0000
stock_b5000_full	L391263	0	1.0000
stock_b5000_full	L394934	0	1.0000
stock_b5000_full	L396359	0	1.0000
stock_b5000_full	L397005	1	0.7446
stock_b5000_full	L398087	1	0.4513
stock_b5000_full	L401127	0	1.0000
stock_b5000_full	L402454	0	1.0000
stock_b5000_full	L403424	0	1.0000
stock_b5000_full	L405687	1	0.6358
stock_b5000_full	L409413	0	0.5791
stock_b5000_full	L411451	0	1.0000
stock_b5000_full	L414909	0	1.0000
stock_b5000_full	L414959	0	1.0000
stock_b5000_full	L418437	0	1.0000
stock_b5000_full	L419149	0	1.0000
stock_b5000_full	L422199	0	1.0000
stock_b5000_full	L42258	1	0.9998
stock_b5000_full	L425262	1	1.0000
stock_b5000_full	L425629	0	0.9806
stock_b5000_full	L431467	0	1.0000
stock_b5000_full	L433013	0	1.0000
stock_b5000_full	L435219	0	1.0000
stock_b5000_full	L442957	0	1.0000
stock_b5000_full	L4469	0	1.0000
stock_b5000_full	L446901	0	1.0000
stock_b5000_full	L449888	0	1.0000
stock_b5000_full	L450863	0	1.0000
stock_b5000_full	L454426	0	1.0000
stock_b5000_full	L456423	0	1.0000
stock_b5000_full	L458224	1	0.7484
stock_b5000_full	L45866	1	1.0000
stock_b5000_full	L459126	1	0.7270
stock_b5000_full	L459710	1	0.9752
stock_b5000_full	L460845	1	0.9276
stock_b5000_full	L462461	0	0.5729
stock_b5000_full	L462611	1	0.9224
stock_b5000_full	L465953	0	1.0000
stock_b5000_full	L466572	1	0.5394
stock_b5000_full	L469914	0	1.0000
stock_b5000_full	L472973	0	1.0000
stock_b5000_full	L47627	0	1.0000
stock_b5000_full	L477052	1	0.9757
stock_b5000_full	L477480	1	0.5034
stock_b5000_full	L478354	0	1.0000
stock_b5000_full	L480723	0	0.9974
stock_b5000_full	L481009	1	0.6174
stock_b5000_full	L481562	1	1.0000
stock_b5000_full	L481889	0	1.0000
stock_b5000_full	L482581	0	1.0000
stock_b5000_full	L488483	1	1.0000
stock_b5000_full	L494762	0	1.0000
stock_b5000_full	L496946	1	1.0000
stock_b5000_full	L497994	0	1.0000
stock_b5000_full	L498642	0	1.0000
stock_b5000_full	L499837	0	1.0000
stock_b5000_full	L500481	0	1.0000
stock_b5000_full	L501837	1	1.0000
stock_b5000_full	L506324	0	1.0000
stock_b5000_full	L5117	0	1.0000
stock_b5000_full	L511916	0	1.0000
stock_b5000_full	L515141	0	1.0000
stock_b5000_full	L516046	0	0.9999
stock_b5000_full	L520263	0	1.0000
stock_b5000_full	L521167	0	1.0000
stock_b5000_full	L521904	0	0.9936
stock_b5000_full	L523867	0	1.0000
stock_b5000_full	L524464	1	0.7797
stock_b5000_full	L525527	0	0.9995
stock_b5000_full	L529623	0	1.0000
stock_b5000_full	L531061	0	1.0000
stock_b5000_full	L533105	0	1.0000
stock_b5000_full	L534964	0	1.0000
stock_b5000_full	L535240	0	0.9635
stock_b5000_full	L535400	1	0.6095
stock_b5000_full	L536467	0	1.0000
stock_b5000_full	L536524	0	1.0000
stock_b5000_full	L539572	0	0.9468
stock_b5000_full	L539623	0	1.0000
stock_b5000_full	L541274	0	1.0000
stock_b5000_full	L541585	0	1.0000
stock_b5000_full	L543256	0	1.0000
stock_b5000_full	L544561	0	1.0000
stock_b5000_full	L545165	1	0.8101
stock_b5000_full	L546910	0	1.0000
stock_b5000_full	L548504	0	1.0000
stock_b5000_full	L551442	0	1.0000
stock_b5000_full	L555925	0	1.0000
stock_b5000_full	L556696	0	1.0000
stock_b5000_full	L559531	0	1.0000
stock_b5000_full	L560176	0	1.0000
stock_b5000_full	L561367	1	0.6493
stock_b5000_full	L564679	1	1.0000
stock_b5000_full	L566745	1	0.9892
stock_b5000_full	L568989	0	1.0000
stock_b5000_full	L570772	0	1.0000
stock_b5000_full	L572521	0	1.0000
stock_b5000_full	L577507	0	1.0000
stock_b5000_full	L578197	1	0.5782
stock_b5000_full	L584866	0	1.0000
stock_b5000_full	L586948	1	0.8883
stock_b5000_full	L589777	1	1.0000
stock_b5000_full	L589868	0	1.0000
stock_b5000_full	L590205	0	1.0000
stock_b5000_full	L59044	0	1.0000
stock_b5000_full	L599511	0	1.0000
stock_b5000_full	L60389	0	1.0000
stock_b5000_full	L614050	0	1.0000
stock_b5000_full	L617862	1	0.5113
stock_b5000_full	L620966	0	1.0000
stock_b5000_full	L623278	1	1.0000
stock_b5000_full	L62337	1	0.4804
stock_b5000_full	L626238	0	0.9961
stock_b5000_full	L626353	1	0.9100
stock_b5000_full	L62839	0	1.0000
stock_b5000_full	L632457	0	1.0000
stock_b5000_full	L635118	0	1.0000
stock_b5000_full	L636888	0	1.0000
stock_b5000_full	L639959	0	1.0000
stock_b5000_full	L640160	0	1.0000
stock_b5000_full	L641936	0	0.6857
stock_b5000_full	L642984	0	1.0000
stock_b5000_full	L644406	0	0.9684
stock_b5000_full	L644497	0	1.0000
stock_b5000_full	L646751	0	1.0000
stock_b5000_full	L649091	1	1.0000
stock_b5000_full	L652753	0	1.0000
stock_b5000_full	L657061	0	1.0000
stock_b5000_full	L657332	0	1.0000
stock_b5000_full	L657537	0	1.0000
stock_b5000_full	L658591	0	1.0000
stock_b5000_full	L659549	0	0.7937
stock_b5000_full	L660443	0	0.9999
stock_b5000_full	L663427	0	0.9714
stock_b5000_full	L665914	1	1.0000
stock_b5000_full	L666180	0	1.0000
stock_b5000_full	L667013	0	1.0000
stock_b5000_full	L667839	0	1.0000
stock_b5000_full	L669436	0	1.0000
stock_b5000_full	L66992	0	1.0000
stock_b5000_full	L677371	0	1.0000
stock_b5000_full	L678289	0	1.0000
stock_b5000_full	L678676	0	1.0000
stock_b5000_full	L679717	0	0.6055
stock_b5000_full	L680683	0	1.0000
stock_b5000_full	L681033	0	1.0000
stock_b5000_full	L681532	0	1.0000
stock_b5000_full	L681559	0	1.0000
stock_b5000_full	L681852	0	1.0000
stock_b5000_full	L684567	0	1.0000
stock_b5000_full	L685962	0	1.0000
stock_b5000_full	L686506	0	1.0000
stock_b5000_full	L689721	0	1.0000
stock_b5000_full	L691596	0	1.0000
stock_b5000_full	L692386	0	1.0000
stock_b5000_full	L693733	1	0.5498
stock_b5000_full	L694998	0	1.0000
stock_b5000_full	L699028	0	0.8738
stock_b5000_full	L700056	0	1.0000
stock_b5000_full	L700404	0	1.0000
stock_b5000_full	L702168	0	1.0000
stock_b5000_full	L70331	0	0.9999
stock_b5000_full	L704136	0	1.0000
stock_b5000_full	L704338	1	0.7340
stock_b5000_full	L705787	0	0.5021
stock_b5000_full	L706127	1	0.5480
stock_b5000_full	L706802	0	1.0000
stock_b5000_full	L707187	0	1.0000
stock_b5000_full	L710321	0	1.0000
stock_b5000_full	L711529	0	1.0000
stock_b5000_full	L71277	1	1.0000
stock_b5000_full	L713051	0	1.0000
stock_b5000_full	L715677	0	1.0000
stock_b5000_full	L716679	0	1.0000
stock_b5000_full	L720310	0	1.0000
stock_b5000_full	L720918	0	1.0000
stock_b5000_full	L722647	0	1.0000
stock_b5000_full	L722885	0	0.8938
stock_b5000_full	L725643	0	0.9265
stock_b5000_full	L730413	0	1.0000
stock_b5000_full	L731956	0	1.0000
stock_b5000_full	L736973	0	1.0000
stock_b5000_full	L740874	0	1.0000
stock_b5000_full	L741246	0	1.0000
stock_b5000_full	L742863	0	1.0000
stock_b5000_full	L743451	1	0.2671
stock_b5000_full	L748093	0	1.0000
stock_b5000_full	L751266	0	0.6214
stock_b5000_full	L752342	1	0.9999
stock_b5000_full	L752475	0	1.0000
stock_b5000_full	L752653	0	1.0000
stock_b5000_full	L75387	0	1.0000
stock_b5000_full	L754764	0	1.0000
stock_b5000_full	L755702	1	1.0000
stock_b5000_full	L759676	0	1.0000
stock_b5000_full	L759690	0	1.0000
stock_b5000_full	L759925	0	1.0000
stock_b5000_full	L760304	0	1.0000
stock_b5000_full	L762113	0	1.0000
stock_b5000_full	L762771	0	0.8888
stock_b5000_full	L763808	0	1.0000
stock_b5000_full	L764107	1	1.0000
stock_b5000_full	L764127	0	0.9990
stock_b5000_full	L764282	0	1.0000
stock_b5000_full	L764916	0	0.9999
stock_b5000_full	L77164	0	1.0000
stock_b5000_full	L773134	0	1.0000
stock_b5000_full	L774588	0	1.0000
stock_b5000_full	L774738	0	1.0000
stock_b5000_full	L775906	0	1.0000
stock_b5000_full	L778698	0	1.0000
stock_b5000_full	L779464	0	1.0000
stock_b5000_full	L779937	0	1.0000
stock_b5000_full	L780609	0	1.0000
stock_b5000_full	L784473	0	1.0000
stock_b5000_full	L787550	0	1.0000
stock_b5000_full	L789409	0	1.0000
stock_b5000_full	L790771	0	1.0000
stock_b5000_full	L792951	1	1.0000
stock_b5000_full	L79315	0	1.0000
stock_b5000_full	L793490	0	1.0000
stock_b5000_full	L79406	0	1.0000
stock_b5000_full	L79610	1	1.0000
stock_b5000_full	L796809	0	0.4576
stock_b5000_full	L798449	0	1.0000
stock_b5000_full	L801473	0	1.0000
stock_b5000_full	L801620	0	0.9838
stock_b5000_full	L801738	1	0.5168
stock_b5000_full	L803364	1	0.9460
stock_b5000_full	L803613	0	1.0000
stock_b5000_full	L804778	1	0.7631
stock_b5000_full	L808364	1	1.0000
stock_b5000_full	L809372	0	1.0000
stock_b5000_full	L809693	1	0.5001
stock_b5000_full	L811734	0	1.0000
stock_b5000_full	L81215	0	1.0000
stock_b5000_full	L812450	0	1.0000
stock_b5000_full	L812672	0	1.0000
stock_b5000_full	L815977	0	0.8978
stock_b5000_full	L816644	0	1.0000
stock_b5000_full	L81909	0	1.0000
stock_b5000_full	L819563	0	1.0000
stock_b5000_full	L821100	0	1.0000
stock_b5000_full	L822334	0	1.0000
stock_b5000_full	L824223	0	1.0000
stock_b5000_full	L827048	0	0.9975
stock_b5000_full	L827129	0	1.0000
stock_b5000_full	L829233	0	0.6597
stock_b5000_full	L83001	0	1.0000
stock_b5000_full	L830371	0	1.0000
stock_b5000_full	L832923	0	1.0000
stock_b5000_full	L834579	0	1.0000
stock_b5000_full	L834622	0	1.0000
stock_b5000_full	L837955	0	1.0000
stock_b5000_full	L843972	0	0.9045
stock_b5000_full	L845031	0	1.0000
stock_b5000_full	L846960	0	1.0000
stock_b5000_full	L847988	0	1.0000
stock_b5000_full	L849505	0	1.0000
stock_b5000_full	L851847	0	1.0000
stock_b5000_full	L853299	0	1.0000
stock_b5000_full	L855747	1	0.4178
stock_b5000_full	L855935	0	1.0000
stock_b5000_full	L856753	0	1.0000
stock_b5000_full	L85748	0	0.9991
stock_b5000_full	L858843	0	1.0000
stock_b5000_full	L862725	0	1.0000
stock_b5000_full	L864050	0	1.0000
stock_b5000_full	L86679	0	1.0000
stock_b5000_full	L868640	0	1.0000
stock_b5000_full	L869371	0	1.0000
stock_b5000_full	L869433	0	1.0000
stock_b5000_full	L873249	0	1.0000
stock_b5000_full	L883133	0	1.0000
stock_b5000_full	L883660	0	1.0000
stock_b5000_full	L884453	0	1.0000
stock_b5000_full	L885068	0	1.0000
stock_b5000_full	L885624	0	1.0000
stock_b5000_full	L886084	0	1.0000
stock_b5000_full	L886474	1	0.8565
stock_b5000_full	L886813	0	1.0000
stock_b5000_full	L888328	0	1.0000
stock_b5000_full	L888339	0	1.0000
stock_b5000_full	L888692	0	0.3392
stock_b5000_full	L892540	0	1.0000
stock_b5000_full	L894181	0	1.0000
stock_b5000_full	L895192	1	1.0000
stock_b5000_full	L895682	0	1.0000
stock_b5000_full	L898645	1	1.0000
stock_b5000_full	L900297	1	1.0000
stock_b5000_full	L902295	0	1.0000
stock_b5000_full	L902514	1	0.6910
stock_b5000_full	L906439	0	1.0000
stock_b5000_full	L907227	0	1.0000
stock_b5000_full	L90734	0	1.0000
stock_b5000_full	L909856	0	1.0000
stock_b5000_full	L910412	1	0.5822
stock_b5000_full	L910841	1	0.9513
stock_b5000_full	L911364	0	1.0000
stock_b5000_full	L912237	0	1.0000
stock_b5000_full	L913833	0	0.9909
stock_b5000_full	L914150	0	1.0000
stock_b5000_full	L914195	0	1.0000
stock_b5000_full	L91480	1	1.0000
stock_b5000_full	L918005	0	1.0000
stock_b5000_full	L918018	0	1.0000
stock_b5000_full	L923738	1	0.8621
stock_b5000_full	L924400	0	1.0000
stock_b5000_full	L925260	0	0.9847
stock_b5000_full	L928875	1	1.0000
stock_b5000_full	L93124	0	1.0000
stock_b5000_full	L93295	0	1.0000
stock_b5000_full	L933087	1	1.0000
stock_b5000_full	L933852	0	1.0000
stock_b5000_full	L936253	0	1.0000
stock_b5000_full	L940767	1	1.0000
stock_b5000_full	L941368	0	0.9942
stock_b5000_full	L941926	0	1.0000
stock_b5000_full	L942873	0	1.0000
stock_b5000_full	L943752	0	1.0000
stock_b5000_full	L948601	0	1.0000
stock_b5000_full	L94945	0	0.7504
stock_b5000_full	L949761	1	0.7179
stock_b5000_full	L953203	0	1.0000
stock_b5000_full	L95620	0	1.0000
stock_b5000_full	L957565	0	1.0000
stock_b5000_full	L960419	0	1.0000
stock_b5000_full	L962289	0	0.9978
stock_b5000_full	L96262	0	1.0000
stock_b5000_full	L962680	0	1.0000
stock_b5000_full	L967795	0	1.0000
stock_b5000_full	L968437	0	1.0000
stock_b5000_full	L969615	0	0.5560
stock_b5000_full	L970400	1	0.6209
stock_b5000_full	L972698	0	1.0000
stock_b5000_full	L974207	0	1.0000
stock_b5000_full	L979330	0	1.0000
stock_b5000_full	L983346	0	1.0000
stock_b5000_full	L984768	0	1.0000
stock_b5000_full	L984796	0	1.0000
stock_b5000_full	L985204	0	1.0000
stock_b5000_full	L985959	0	1.0000
stock_b5000_full	L986820	1	1.0000
stock_b5000_full	L989999	1	1.0000
stock_b5000_full	L994491	0	1.0000
stock_b5000_full	L997717	1	1.0000
stock_b5000_full	L998540	0	1.0000
stock_b9000_frag	L1002585	0	0.9992
stock_b9000_frag	L1004185	2	0.6466
stock_b9000_frag	L1005032	1	1.0000
stock_b9000_frag	L1011227	4	1.0000
stock_b9000_frag	L1012049	1	0.5001
stock_b9000_frag	L1012199	0	0.9738
stock_b9000_frag	L1016849	7	0.5011
stock_b9000_frag	L1017537	0	1.0000
stock_b9000_frag	L1021907	1	1.0000
stock_b9000_frag	L1024044	0	1.0000
stock_b9000_frag	L1024542	3	1.0000
stock_b9000_frag	L1025399	0	1.0000
stock_b9000_frag	L1026799	1	0.4978
stock_b9000_frag	L102922	2	0.7722
stock_b9000_frag	L1029951	1	0.9705
stock_b9000_frag	L1030819	0	1.0000
stock_b9000_frag	L103249	2	1.0000
stock_b9000_frag	L1036266	0	1.0000
stock_b9000_frag	L1036426	0	1.0000
stock_b9000_frag	L1038977	1	0.9999
stock_b9000_frag	L1044163	1	0.5003
stock_b9000_frag	L1044444	3	0.9955
stock_b9000_frag	L1046348	0	0.4649
stock_b9000_frag	L1046966	0	0.9941
stock_b9000_frag	L1050743	0	1.0000
stock_b9000_frag	L1052309	0	1.0000
stock_b9000_frag	L1053445	0	1.0000
stock_b9000_frag	L1054346	1	0.9982
stock_b9000_frag	L1055550	0	1.0000
stock_b9000_frag	L1058576	1	1.0000
stock_b9000_frag	L1060120	0	1.0000
stock_b9000_frag	L1061482	2	1.0000
stock_b9000_frag	L1061587	1	1.0000
stock_b9000_frag	L1062126	1	1.0000
stock_b9000_frag	L1063587	1	0.6509
stock_b9000_frag	L1064227	0	1.0000
stock_b9000_frag	L1065804	1	1.0000
stock_b9000_frag	L1068964	0	0.8678
stock_b9000_frag	L1069832	0	1.0000
stock_b9000_frag	L1071754	1	1.0000
stock_b9000_frag	L1072449	0	0.9894
stock_b9000_frag	L1073165	0	0.6885
stock_b9000_frag	L1075189	0	0.6597
stock_b9000_frag	L1081827	4	0.9324
stock_b9000_frag	L1082663	0	1.0000
stock_b9000_frag	L1083972	2	1.0000
stock_b9000_frag	L1085175	4	1.0000
stock_b9000_frag	L1087086	3	0.9994
stock_b9000_frag	L1087105	1	1.0000
stock_b9000_frag	L1089119	3	1.0000
stock_b9000_frag	L1090631	1	1.0000
stock_b9000_frag	L1091178	2	1.0000
stock_b9000_frag	L1091281	1	0.5595
stock_b9000_frag	L1091323	1	1.0000
stock_b9000_frag	L1091479	1	0.9998
stock_b9000_frag	L1092388	0	0.8965
stock_b9000_frag	L1096376	0	0.9999
stock_b9000_frag	L1099155	1	1.0000
stock_b9000_frag	L1101520	0	1.0000
stock_b9000_frag	L1106265	0	1.0000
stock_b9000_frag	L1106965	0	1.0000
stock_b9000_frag	L1107538	0	1.0000
stock_b9000_frag	L1109734	0	1.0000
stock_b9000_frag	L1110523	3	1.0000
stock_b9000_frag	L1116847	0	1.0000
stock_b9000_frag	L1117806	0	1.0000
stock_b9000_frag	L1123172	2	1.0000
stock_b9000_frag	L112480	5	1.0000
stock_b9000_frag	L1125468	0	1.0000
stock_b9000_frag	L1125564	1	0.9706
stock_b9000_frag	L1126749	5	1.0000
stock_b9000_frag	L1127804	1	1.0000
stock_b9000_frag	L1128821	0	0.9939
stock_b9000_frag	L1132817	0	1.0000
stock_b9000_frag	L1134826	4	1.0000
stock_b9000_frag	L1135019	4	0.4313
stock_b9000_frag	L113844	2	1.0000
stock_b9000_frag	L1138559	0	1.0000
stock_b9000_frag	L1139573	1	0.4033
stock_b9000_frag	L1142178	1	0.9715
stock_b9000_frag	L1143584	1	1.0000
stock_b9000_frag	L1146782	6	0.8333
stock_b9000_frag	L1148275	4	1.0000
stock_b9000_frag	L1148681	5	1.0000
stock_b9000_frag	L1148861	4	1.0000
stock_b9000_frag	L115160	2	1.0000
stock_b9000_frag	L1152742	1	0.4249
stock_b9000_frag	L1159462	1	1.0000
stock_b9000_frag	L1160593	1	1.0000
stock_b9000_frag	L1166860	2	1.0000
stock_b9000_frag	L1169308	2	0.8794
stock_b9000_frag	L1171933	1	0.8222
stock_b9000_frag	L1175689	0	1.0000
stock_b9000_frag	L1176510	0	1.0000
stock_b9000_frag	L1176819	2	1.0000
stock_b9000_frag	L1181526	2	1.0000
stock_b9000_frag	L1184831	0	1.0000
stock_b9000_frag	L1188236	0	1.0000
stock_b9000_frag	L1189606	0	1.0000
stock_b9000_frag	L1190029	0	1.0000
stock_b9000_frag	L1192003	7	1.0000
stock_b9000_frag	L1193093	1	0.6638
stock_b9000_frag	L1193626	0	0.9984
stock_b9000_frag	L1194943	1	1.0000
stock_b9000_frag	L1200114	0	1.0000
stock_b9000_frag	L1200373	0	1.0000
stock_b9000_frag	L1202626	0	0.4585
stock_b9000_frag	L1203652	1	1.0000
stock_b9000_frag	L1205967	0	0.9990
stock_b9000_frag	L1206149	1	1.0000
stock_b9000_frag	L1208940	0	1.0000
stock_b9000_frag	L120959	1	1.0000
stock_b9000_frag	L1211345	0	1.0000
stock_b9000_frag	L1212637	0	1.0000
stock_b9000_frag	L1212861	1	1.0000
stock_b9000_frag	L121334	0	0.9776
stock_b9000_frag	L1215236	1	0.5767
stock_b9000_frag	L1217544	1	1.0000
stock_b9000_frag	L1217630	1	1.0000
stock_b9000_frag	L1218521	2	0.9048
stock_b9000_frag	L121873	0	1.0000
stock_b9000_frag	L1218743	0	1.0000
stock_b9000_frag	L1219260	1	1.0000
stock_b9000_frag	L1219324	1	0.6646
stock_b9000_frag	L1223018	1	0.7096
stock_b9000_frag	L12241	2	1.0000
stock_b9000_frag	L122411	2	1.0000
stock_b9000_frag	L1228313	1	0.5734
stock_b9000_frag	L1228316	1	1.0000
stock_b9000_frag	L1228698	3	1.0000
stock_b9000_frag	L1229975	0	1.0000
stock_b9000_frag	L1233030	2	1.0000
stock_b9000_frag	L1234322	3	1.0000
stock_b9000_frag	L1235564	2	1.0000
stock_b9000_frag	L1237368	4	0.7255
stock_b9000_frag	L1242536	6	0.5620
stock_b9000_frag	L1243882	1	1.0000
stock_b9000_frag	L1244427	5	1.0000
stock_b9000_frag	L1247700	0	1.0000
stock_b9000_frag	L1249050	0	1.0000
stock_b9000_frag	L1252273	2	0.9675
stock_b9000_frag	L1252715	0	0.9883
stock_b9000_frag	L125500	1	1.0000
stock_b9000_frag	L125644	0	1.0000
stock_b9000_frag	L1263639	0	1.0000
stock_b9000_frag	L1263909	1	0.5500
stock_b9000_frag	L1267300	6	1.0000
stock_b9000_frag	L1267973	2	0.9881
stock_b9000_frag	L1268056	2	0.4294
stock_b9000_frag	L1269000	2	0.9977
stock_b9000_frag	L1269225	2	0.4951
stock_b9000_frag	L1269960	2	0.9971
stock_b9000_frag	L1270519	2	0.9923
stock_b9000_frag	L1271695	2	1.0000
stock_b9000_frag	L1274988	7	1.0000
stock_b9000_frag	L1277578	0	1.0000
stock_b9000_frag	L1277861	0	1.0000
stock_b9000_frag	L1281298	3	1.0000
stock_b9000_frag	L1283746	0	1.0000
stock_b9000_frag	L1284558	1	0.9892
stock_b9000_frag	L1286758	2	1.0000
stock_b9000_frag	L1291250	1	0.9348
stock_b9000_frag	L129208	2	1.0000
stock_b9000_frag	L1292363	2	0.8414
stock_b9000_frag	L1292503	0	1.0000
stock_b9000_frag	L1294408	1	1.0000
stock_b9000_frag	L1294453	1	0.9703
stock_b9000_frag	L1294952	1	1.0000
stock_b9000_frag	L1297512	0	0.9214
stock_b9000_frag	L1298142	0	1.0000
stock_b9000_frag	L1299862	0	1.0000
stock_b9000_frag	L1302458	3	1.0000
stock_b9000_frag	L1307852	0	1.0000
stock_b9000_frag	L130839	0	0.9998
stock_b9000_frag	L1309046	9	1.0000
stock_b9000_frag	L1314993	1	1.0000
stock_b9000_frag	L1316645	4	1.0000
stock_b9000_frag	L1316673	2	1.0000
stock_b9000_frag	L1319261	4	1.0000
stock_b9000_frag	L1320029	3	0.7251
stock_b9000_frag	L1321139	3	0.9052
stock_b9000_frag	L1322298	1	1.0000
stock_b9000_frag	L1325043	0	1.0000
stock_b9000_frag	L1328601	1	0.7339
stock_b9000_frag	L1330004	0	1.0000
stock_b9000_frag	L1334204	1	1.0000
stock_b9000_frag	L1334727	1	1.0000
stock_b9000_frag	L1337969	2	0.5259
stock_b9000_frag	L1338440	0	1.0000
stock_b9000_frag	L1338867	1	1.0000
stock_b9000_frag	L13406	0	1.0000
stock_b9000_frag	L1341334	0	1.0000
stock_b9000_frag	L1342936	0	0.8597
stock_b9000_frag	L1343571	8	1.0000
stock_b9000_frag	L134770	1	1.0000
stock_b9000_frag	L1348767	2	1.0000
stock_b9000_frag	L1349954	0	1.0000
stock_b9000_frag	L1350260	3	0.6141
stock_b9000_frag	L1354350	0	1.0000
stock_b9000_frag	L1358832	2	1.0000
stock_b9000_frag	L1362201	1	0.7167
stock_b9000_frag	L1362636	1	0.6767
stock_b9000_frag	L1365362	1	1.0000
stock_b9000_frag	L1366477	1	1.0000
stock_b9000_frag	L1369644	0	0.9885
stock_b9000_frag	L13698	1	0.6876
stock_b9000_frag	L1371092	1	1.0000
stock_b9000_frag	L1372683	2	1.0000
stock_b9000_frag	L1372686	7	0.9857
stock_b9000_frag	L1373403	0	1.0000
stock_b9000_frag	L1378339	2	0.5003
stock_b9000_frag	L1379425	1	1.0000
stock_b9000_frag	L1380845	0	1.0000
stock_b9000_frag	L1382177	0	0.9981
stock_b9000_frag	L1382936	1	0.9993
stock_b9000_frag	L1382969	0	0.9351
stock_b9000_frag	L1383932	4	1.0000
stock_b9000_frag	L1384051	2	1.0000
stock_b9000_frag	L1393346	2	1.0000
stock_b9000_frag	L1394372	2	0.8069
stock_b9000_frag	L1398058	0	1.0000
stock_b9000_frag	L1398565	8	1.0000
stock_b9000_frag	L1400233	1	0.8045
stock_b9000_frag	L1400557	5	0.7028
stock_b9000_frag	L1403214	0	1.0000
stock_b9000_frag	L1409097	0	1.0000
stock_b9000_frag	L1409378	0	1.0000
stock_b9000_frag	L1410763	4	1.0000
stock_b9000_frag	L1410905	0	0.9847
stock_b9000_frag	L1411655	0	1.0000
stock_b9000_frag	L1421095	1	0.6822
stock_b9000_frag	L1421423	0	0.9146
stock_b9000_frag	L1431164	4	1.0000
stock_b9000_frag	L1435268	3	1.0000
stock_b9000_frag	L1438447	1	1.0000
stock_b9000_frag	L1440099	0	1.0000
stock_b9000_frag	L1440354	1	0.9404
stock_b9000_frag	L1440579	2	1.0000
stock_b9000_frag	L1441065	1	1.0000
stock_b9000_frag	L1442950	0	1.0000
stock_b9000_frag	L144630	1	1.0000
stock_b9000_frag	L144966	0	1.0000
stock_b9000_frag	L1450044	0	1.0000
stock_b9000_frag	L145721	2	1.0000
stock_b9000_frag	L1463127	0	1.0000
stock_b9000_frag	L1463808	5	1.0000
stock_b9000_frag	L1468044	7	0.9673
stock_b9000_frag	L1468317	4	0.6897
stock_b9000_frag	L1470882	0	1.0000
stock_b9000_frag	L1472026	0	1.0000
stock_b9000_frag	L1475336	0	1.0000
stock_b9000_frag	L1477	0	1.0000
stock_b9000_frag	L1477137	0	0.5758
stock_b9000_frag	L1478713	1	0.5058
stock_b9000_frag	L1479097	0	1.0000
stock_b9000_frag	L1482186	1	0.4759
stock_b9000_frag	L1483022	5	1.0000
stock_b9000_frag	L1485252	1	0.9499
stock_b9000_frag	L1487868	1	0.8225
stock_b9000_frag	L1489958	3	0.9994
stock_b9000_frag	L1491338	0	1.0000
stock_b9000_frag	L1491406	1	1.0000
stock_b9000_frag	L1492427	3	0.5045
stock_b9000_frag	L1494927	4	0.5727
stock_b9000_frag	L1496723	0	1.0000
stock_b9000_frag	L14998	0	1.0000
stock_b9000_frag	L1500041	0	0.9608
stock_b9000_frag	L1500792	3	0.7237
stock_b9000_frag	L1501054	2	1.0000
stock_b9000_frag	L1501117	3	0.9765
stock_b9000_frag	L150284	3	1.0000
stock_b9000_frag	L1503080	3	1.0000
stock_b9000_frag	L1506056	4	1.0000
stock_b9000_frag	L1506305	1	0.4948
stock_b9000_frag	L1507593	1	0.9047
stock_b9000_frag	L1507721	3	0.5998
stock_b9000_frag	L1509635	0	1.0000
stock_b9000_frag	L1511077	1	1.0000
stock_b9000_frag	L1511516	8	1.0000
stock_b9000_frag	L151270	1	1.0000
stock_b9000_frag	L1513453	0	0.6056
stock_b9000_frag	L1513508	0	0.7571
stock_b9000_frag	L1514059	2	1.0000
stock_b9000_frag	L151434	0	1.0000
stock_b9000_frag	L1520281	6	0.5008
stock_b9000_frag	L1522665	0	0.9999
stock_b9000_frag	L1525581	0	1.0000
stock_b9000_frag	L152670	1	1.0000
stock_b9000_frag	L1527449	1	0.8645
stock_b9000_frag	L1532593	1	0.9084
stock_b9000_frag	L1537084	3	0.7247
stock_b9000_frag	L1545445	7	1.0000
stock_b9000_frag	L1549764	1	0.8587
stock_b9000_frag	L1553511	4	1.0000
stock_b9000_frag	L1555961	2	1.0000
stock_b9000_frag	L1556158	0	1.0000
stock_b9000_frag	L1559085	0	1.0000
stock_b9000_frag	L1559370	3	1.0000
stock_b9000_frag	L1561684	1	1.0000
stock_b9000_frag	L1563921	6	1.0000
stock_b9000_frag	L1564440	10	1.0000
stock_b9000_frag	L1564788	1	0.6742
stock_b9000_frag	L1570442	2	1.0000
stock_b9000_frag	L1577548	4	1.0000
stock_b9000_frag	L1582773	2	1.0000
stock_b9000_frag	L1586476	0	1.0000
stock_b9000_frag	L1591774	6	0.8569
stock_b9000_frag	L1592464	2	0.9974
stock_b9000_frag	L1592890	4	0.9842
stock_b9000_frag	L1593009	1	0.9966
stock_b9000_frag	L1594265	6	1.0000
stock_b9000_frag	L15949	1	1.0000
stock_b9000_frag	L1595729	1	0.5010
stock_b9000_frag	L1596023	2	1.0000
stock_b9000_frag	L1596979	0	0.9068
stock_b9000_frag	L1599150	0	1.0000
stock_b9000_frag	L1605496	2	1.0000
stock_b9000_frag	L1608356	4	0.6012
stock_b9000_frag	L1608408	1	1.0000
stock_b9000_frag	L1609523	0	0.9999
stock_b9000_frag	L1611831	4	1.0000
stock_b9000_frag	L1613719	1	0.9489
stock_b9000_frag	L1613862	1	0.9867
stock_b9000_frag	L1614892	0	1.0000
stock_b9000_frag	L1615590	0	0.9999
stock_b9000_frag	L1616879	2	1.0000
stock_b9000_frag	L1617022	0	0.8589
stock_b9000_frag	L1619438	4	1.0000
stock_b9000_frag	L1619907	0	1.0000
stock_b9000_frag	L1620099	4	0.9998
stock_b9000_frag	L1622776	1	0.9548
stock_b9000_frag	L1622804	3	1.0000
stock_b9000_frag	L1623315	0	1.0000
stock_b9000_frag	L1625869	0	1.0000
stock_b9000_frag	L1632251	2	1.0000
stock_b9000_frag	L1632593	3	0.5758
stock_b9000_frag	L1633409	2	0.9985
stock_b9000_frag	L163519	0	1.0000
stock_b9000_frag	L1635479	0	0.9995
stock_b9000_frag	L1638116	1	0.6710
stock_b9000_frag	L1642892	2	0.5146
stock_b9000_frag	L1647022	0	1.0000
stock_b9000_frag	L1649256	0	1.0000
stock_b9000_frag	L1650196	11	0.9991
stock_b9000_frag	L1654301	0	1.0000
stock_b9000_frag	L1656331	1	0.9999
stock_b9000_frag	L1657868	3	0.9821
stock_b9000_frag	L1658774	6	0.6459
stock_b9000_frag	L1660134	1	0.8369
stock_b9000_frag	L166249	0	1.0000
stock_b9000_frag	L1663458	2	0.9166
stock_b9000_frag	L16644	0	1.0000
stock_b9000_frag	L1664922	8	1.0000
stock_b9000_frag	L1666954	3	1.0000
stock_b9000_frag	L1668737	1	0.9871
stock_b9000_frag	L167239	3	0.8062
stock_b9000_frag	L167308	0	1.0000
stock_b9000_frag	L1673443	2	0.9908
stock_b9000_frag	L1677915	0	0.9992
stock_b9000_frag	L1679070	1	0.7306
stock_b9000_frag	L1679327	2	1.0000
stock_b9000_frag	L1681571	1	0.7117
stock_b9000_frag	L1683975	4	1.0000
stock_b9000_frag	L1687257	1	0.8258
stock_b9000_frag	L1689425	3	0.9898
stock_b9000_frag	L1690704	9	1.0000
stock_b9000_frag	L1690718	2	0.9985
stock_b9000_frag	L1692614	1	1.0000
stock_b9000_frag	L1693021	1	0.5110
stock_b9000_frag	L1693729	0	0.5007
stock_b9000_frag	L1698795	0	1.0000
stock_b9000_frag	L1700325	1	1.0000
stock_b9000_frag	L1701759	1	0.5279
stock_b9000_frag	L1706009	2	1.0000
stock_b9000_frag	L1710196	0	0.9985
stock_b9000_frag	L1713230	1	0.9820
stock_b9000_frag	L1714485	1	0.6363
stock_b9000_frag	L1715650	1	0.5188
stock_b9000_frag	L1717886	6	0.8282
stock_b9000_frag	L1720587	3	0.8719
stock_b9000_frag	L1721987	0	1.0000
stock_b9000_frag	L1722777	0	1.0000
stock_b9000_frag	L1724773	0	0.9356
stock_b9000_frag	L1725448	4	0.9639
stock_b9000_frag	L1727481	9	1.0000
stock_b9000_frag	L1728562	3	0.9857
stock_b9000_frag	L1729015	6	1.0000
stock_b9000_frag	L1729974	9	1.0000
stock_b9000_frag	L1731527	1	0.9725
stock_b9000_frag	L173383	0	1.0000
stock_b9000_frag	L1735097	7	1.0000
stock_b9000_frag	L1736351	0	1.0000
stock_b9000_frag	L1736591	0	1.0000
stock_b9000_frag	L1739879	2	1.0000
stock_b9000_frag	L1741008	0	1.0000
stock_b9000_frag	L1741461	1	0.8125
stock_b9000_frag	L174176	0	0.5246
stock_b9000_frag	L1741919	2	0.8390
stock_b9000_frag	L1743480	5	1.0000
stock_b9000_frag	L1744154	7	1.0000
stock_b9000_frag	L1746595	0	0.9994
stock_b9000_frag	L1748112	0	1.0000
stock_b9000_frag	L1748957	0	0.9534
stock_b9000_frag	L1749257	0	0.8592
stock_b9000_frag	L175348	3	1.0000
stock_b9000_frag	L1753832	0	1.0000
stock_b9000_frag	L1755416	3	1.0000
stock_b9000_frag	L1758324	2	0.9932
stock_b9000_frag	L1758608	0	1.0000
stock_b9000_frag	L1758614	5	1.0000
stock_b9000_frag	L1758704	1	0.8113
stock_b9000_frag	L1762064	1	0.9715
stock_b9000_frag	L1765663	3	1.0000
stock_b9000_frag	L1766093	2	0.9941
stock_b9000_frag	L176738	6	1.0000
stock_b9000_frag	L1768336	4	0.8586
stock_b9000_frag	L176876	0	1.0000
stock_b9000_frag	L1768935	1	1.0000
stock_b9000_frag	L1770348	0	1.0000
stock_b9000_frag	L1770471	0	1.0000
stock_b9000_frag	L1772400	1	0.8581
stock_b9000_frag	L1774077	2	0.6304
stock_b9000_frag	L1774332	4	1.0000
stock_b9000_frag	L177650	0	1.0000
stock_b9000_frag	L1778239	1	0.5663
stock_b9000_frag	L1778753	1	0.5011
stock_b9000_frag	L1785009	3	0.9995
stock_b9000_frag	L1788156	3	1.0000
stock_b9000_frag	L179015	0	0.9312
stock_b9000_frag	L1790481	3	0.4282
stock_b9000_frag	L1791527	3	0.4084
stock_b9000_frag	L1792265	3	1.0000
stock_b9000_frag	L1793065	3	0.7178
stock_b9000_frag	L1794712	3	1.0000
stock_b9000_frag	L1794839	1	0.6577
stock_b9000_frag	L1796826	5	0.8566
stock_b9000_frag	L1797546	0	1.0000
stock_b9000_frag	L1798302	0	1.0000
stock_b9000_frag	L1799840	2	1.0000
stock_b9000_frag	L1801258	1	1.0000
stock_b9000_frag	L1802345	4	1.0000
stock_b9000_frag	L180509	1	0.9996
stock_b9000_frag	L1808966	1	0.5114
stock_b9000_frag	L1809234	1	0.5148
stock_b9000_frag	L1811231	1	0.4596
stock_b9000_frag	L1812445	3	1.0000
stock_b9000_frag	L1814309	1	0.3445
stock_b9000_frag	L1816451	0	0.8400
stock_b9000_frag	L1817551	2	0.6114
stock_b9000_frag	L1820447	2	0.9051
stock_b9000_frag	L1821765	0	0.9946
stock_b9000_frag	L1822989	0	1.0000
stock_b9000_frag	L1823086	1	1.0000
stock_b9000_frag	L1825981	2	1.0000
stock_b9000_frag	L1826918	0	1.0000
stock_b9000_frag	L1830338	0	1.0000
stock_b9000_frag	L18313	2	1.0000
stock_b9000_frag	L1831368	0	1.0000
stock_b9000_frag	L183802	1	1.0000
stock_b9000_frag	L1838244	0	1.0000
stock_b9000_frag	L1838501	9	0.5067
stock_b9000_frag	L1838652	7	0.9759
stock_b9000_frag	L1840388	5	0.7208
stock_b9000_frag	L1848896	8	1.0000
stock_b9000_frag	L1856065	1	0.7579
stock_b9000_frag	L1857129	1	0.7692
stock_b9000_frag	L1858192	0	1.0000
stock_b9000_frag	L1858235	1	0.8764
stock_b9000_frag	L1859863	0	0.8212
stock_b9000_frag	L1860283	5	0.9997
stock_b9000_frag	L1867226	1	0.5897
stock_b9000_frag	L186847	6	1.0000
stock_b9000_frag	L1869818	8	1.0000
stock_b9000_frag	L1872590	0	1.0000
stock_b9000_frag	L1872595	1	1.0000
stock_b9000_frag	L1873245	2	1.0000
stock_b9000_frag	L1873642	2	1.0000
stock_b9000_frag	L1874928	2	0.9982
stock_b9000_frag	L1876149	2	0.9443
stock_b9000_frag	L18800	2	1.0000
stock_b9000_frag	L1882201	1	0.9999
stock_b9000_frag	L1882838	1	0.6672
stock_b9000_frag	L1883125	1	0.9811
stock_b9000_frag	L1883999	2	0.7402
stock_b9000_frag	L1886440	0	0.9930
stock_b9000_frag	L1889760	0	1.0000
stock_b9000_frag	L189322	1	0.7382
stock_b9000_frag	L1895575	6	1.0000
stock_b9000_frag	L1897444	1	0.8512
stock_b9000_frag	L1898605	0	0.9997
stock_b9000_frag	L1898611	0	1.0000
stock_b9000_frag	L190102	0	1.0000
stock_b9000_frag	L1902625	2	1.0000
stock_b9000_frag	L1905283	2	1.0000
stock_b9000_frag	L190650	0	1.0000
stock_b9000_frag	L190687	1	1.0000
stock_b9000_frag	L1908570	1	1.0000
stock_b9000_frag	L1909629	2	0.6796
stock_b9000_frag	L1911881	1	0.8223
stock_b9000_frag	L1912	0	1.0000
stock_b9000_frag	L191488	2	0.5807
stock_b9000_frag	L1920826	3	1.0000
stock_b9000_frag	L192237	2	0.6817
stock_b9000_frag	L1924744	0	1.0000
stock_b9000_frag	L1925847	2	1.0000
stock_b9000_frag	L1928273	1	1.0000
stock_b9000_frag	L1928790	1	0.9848
stock_b9000_frag	L1932241	1	1.0000
stock_b9000_frag	L1932659	0	1.0000
stock_b9000_frag	L1933206	1	1.0000
stock_b9000_frag	L1933253	0	1.0000
stock_b9000_frag	L1933970	0	0.9994
stock_b9000_frag	L1936643	0	0.9966
stock_b9000_frag	L1940497	4	1.0000
stock_b9000_frag	L1942177	2	1.0000
stock_b9000_frag	L1942305	1	1.0000
stock_b9000_frag	L1943673	7	1.0000
stock_b9000_frag	L1944226	1	0.9996
stock_b9000_frag	L1944640	2	1.0000
stock_b9000_frag	L1944904	4	0.9783
stock_b9000_frag	L194952	1	1.0000
stock_b9000_frag	L1951280	0	1.0000
stock_b9000_frag	L1952353	3	0.9994
stock_b9000_frag	L1953692	2	1.0000
stock_b9000_frag	L1954656	0	0.8301
stock_b9000_frag	L1955598	3	1.0000
stock_b9000_frag	L1955973	2	0.9280
stock_b9000_frag	L195908	0	1.0000
stock_b9000_frag	L1964032	2	1.0000
stock_b9000_frag	L1965961	1	0.8421
stock_b9000_frag	L1970360	0	1.0000
stock_b9000_frag	L1970493	2	1.0000
stock_b9000_frag	L1970551	2	1.0000
stock_b9000_frag	L1970668	2	0.9987
stock_b9000_frag	L1971017	2	1.0000
stock_b9000_frag	L1975091	1	1.0000
stock_b9000_frag	L1975857	1	1.0000
stock_b9000_frag	L197613	3	0.5459
stock_b9000_frag	L1976785	1	0.7428
stock_b9000_frag	L1981866	2	1.0000
stock_b9000_frag	L1982300	0	1.0000
stock_b9000_frag	L1983183	3	1.0000
stock_b9000_frag	L1986059	0	1.0000
stock_b9000_frag	L1990411	0	1.0000
stock_b9000_frag	L1991628	0	1.0000
stock_b9000_frag	L1994839	0	1.0000
stock_b9000_frag	L1996032	0	1.0000
stock_b9000_frag	L202116	0	1.0000
stock_b9000_frag	L204802	4	1.0000
stock_b9000_frag	L208863	1	0.9042
stock_b9000_frag	L209724	0	0.3149
stock_b9000_frag	L2105	0	1.0000
stock_b9000_frag	L210838	4	1.0000
stock_b9000_frag	L21151	1	1.0000
stock_b9000_frag	L216034	0	1.0000
stock_b9000_frag	L216528	1	1.0000
stock_b9000_frag	L217349	0	1.0000
stock_b9000_frag	L222365	1	1.0000
stock_b9000_frag	L225416	1	0.8037
stock_b9000_frag	L227476	1	1.0000
stock_b9000_frag	L228723	0	1.0000
stock_b9000_frag	L231682	0	1.0000
stock_b9000_frag	L232060	0	1.0000
stock_b9000_frag	L233375	3	0.5330
stock_b9000_frag	L235764	0	1.0000
stock_b9000_frag	L238858	1	1.0000
stock_b9000_frag	L243818	0	1.0000
stock_b9000_frag	L244003	4	1.0000
stock_b9000_frag	L244965	1	0.9552
stock_b9000_frag	L24866	0	0.9828
stock_b9000_frag	L250969	0	1.0000
stock_b9000_frag	L252902	1	0.8816
stock_b9000_frag	L253345	1	1.0000
stock_b9000_frag	L257043	5	1.0000
stock_b9000_frag	L257465	1	0.9867
stock_b9000_frag	L258378	2	0.4803
stock_b9000_frag	L258696	0	1.0000
stock_b9000_frag	L260842	1	1.0000
stock_b9000_frag	L260939	3	1.0000
stock_b9000_frag	L261190	0	1.0000
stock_b9000_frag	L267309	2	1.0000
stock_b9000_frag	L267846	0	1.0000
stock_b9000_frag	L270977	1	1.0000
stock_b9000_frag	L272730	0	1.0000
stock_b9000_frag	L273461	15	1.0000
stock_b9000_frag	L282320	0	1.0000
stock_b9000_frag	L283173	1	0.9117
stock_b9000_frag	L283368	3	1.0000
stock_b9000_frag	L288752	0	0.4058
stock_b9000_frag	L2888	2	1.0000
stock_b9000_frag	L293305	6	1.0000
stock_b9000_frag	L293537	0	1.0000
stock_b9000_frag	L294764	1	0.5362
stock_b9000_frag	L299364	3	1.0000
stock_b9000_frag	L299595	4	1.0000
stock_b9000_frag	L299782	0	1.0000
stock_b9000_frag	L300401	0	1.0000
stock_b9000_frag	L30336	0	1.0000
stock_b9000_frag	L310087	2	0.4045
stock_b9000_frag	L312118	1	1.0000
stock_b9000_frag	L318026	1	1.0000
stock_b9000_frag	L318722	2	0.9968
stock_b9000_frag	L31952	3	1.0000
stock_b9000_frag	L319839	0	0.9688
stock_b9000_frag	L319888	1	0.5002
stock_b9000_frag	L320440	2	1.0000
stock_b9000_frag	L321627	1	1.0000
stock_b9000_frag	L322333	1	0.7777
stock_b9000_frag	L322794	1	1.0000
stock_b9000_frag	L322866	1	1.0000
stock_b9000_frag	L324151	2	1.0000
stock_b9000_frag	L324946	1	1.0000
stock_b9000_frag	L32606	3	1.0000
stock_b9000_frag	L326205	0	1.0000
stock_b9000_frag	L327486	0	1.0000
stock_b9000_frag	L331805	0	0.9995
stock_b9000_frag	L331807	1	0.9831
stock_b9000_frag	L333401	1	1.0000
stock_b9000_frag	L333865	0	1.0000
stock_b9000_frag	L335478	2	0.5207
stock_b9000_frag	L336916	1	0.9815
stock_b9000_frag	L337726	3	1.0000
stock_b9000_frag	L343911	0	1.0000
stock_b9000_frag	L346110	0	1.0000
stock_b9000_frag	L35206	4	0.6246
stock_b9000_frag	L352100	0	1.0000
stock_b9000_frag	L353330	2	1.0000
stock_b9000_frag	L353755	4	0.4632
stock_b9000_frag	L354281	0	1.0000
stock_b9000_frag	L355469	1	0.9999
stock_b9000_frag	L355973	5	1.0000
stock_b9000_frag	L358098	0	1.0000
stock_b9000_frag	L358427	0	1.0000
stock_b9000_frag	L36185	1	1.0000
stock_b9000_frag	L36374	0	0.9968
stock_b9000_frag	L36393	3	0.9664
stock_b9000_frag	L364477	0	1.0000
stock_b9000_frag	L368265	5	0.7415
stock_b9000_frag	L369221	0	0.8591
stock_b9000_frag	L370516	0	1.0000
stock_b9000_frag	L375608	7	1.0000
stock_b9000_frag	L375999	2	0.4942
stock_b9000_frag	L376343	1	0.9969
stock_b9000_frag	L377914	1	0.9352
stock_b9000_frag	L380751	11	1.0000
stock_b9000_frag	L382166	0	1.0000
stock_b9000_frag	L382724	0	1.0000
stock_b9000_frag	L383909	0	0.8480
stock_b9000_frag	L385595	0	0.4667
stock_b9000_frag	L386761	0	1.0000
stock_b9000_frag	L38847	1	0.9574
stock_b9000_frag	L388838	5	1.0000
stock_b9000_frag	L390056	8	1.0000
stock_b9000_frag	L390847	1	1.0000
stock_b9000_frag	L391263	1	0.7574
stock_b9000_frag	L394934	1	0.8605
stock_b9000_frag	L396359	0	1.0000
stock_b9000_frag	L397005	1	0.8742
stock_b9000_frag	L398087	4	0.9998
stock_b9000_frag	L401127	1	0.8879
stock_b9000_frag	L402454	2	0.8947
stock_b9000_frag	L403424	0	0.9770
stock_b9000_frag	L405687	1	0.7323
stock_b9000_frag	L409413	3	0.5080
stock_b9000_frag	L411451	0	1.0000
stock_b9000_frag	L414909	1	1.0000
stock_b9000_frag	L414959	0	1.0000
stock_b9000_frag	L418437	0	1.0000
stock_b9000_frag	L419149	1	1.0000
stock_b9000_frag	L422199	0	1.0000
stock_b9000_frag	L42258	2	1.0000
stock_b9000_frag	L425262	0	0.9908
stock_b9000_frag	L425629	1	1.0000
stock_b9000_frag	L431467	0	0.9970
stock_b9000_frag	L433013	0	1.0000
stock_b9000_frag	L435219	0	1.0000
stock_b9000_frag	L442957	1	0.9985
stock_b9000_frag	L4469	0	1.0000
stock_b9000_frag	L446901	0	1.0000
stock_b9000_frag	L449888	0	0.6571
stock_b9000_frag	L450863	2	1.0000
stock_b9000_frag	L454426	1	0.8045
stock_b9000_frag	L456423	5	0.6575
stock_b9000_frag	L458224	0	0.5001
stock_b9000_frag	L45866	0	1.0000
stock_b9000_frag	L459126	3	1.0000
stock_b9000_frag	L459710	2	1.0000
stock_b9000_frag	L460845	1	1.0000
stock_b9000_frag	L462461	3	1.0000
stock_b9000_frag	L462611	2	0.7478
stock_b9000_frag	L465953	1	1.0000
stock_b9000_frag	L466572	0	1.0000
stock_b9000_frag	L469914	3	1.0000
stock_b9000_frag	L472973	2	0.8022
stock_b9000_frag	L47627	0	1.0000
stock_b9000_frag	L477052	9	0.8712
stock_b9000_frag	L477480	0	0.9137
stock_b9000_frag	L478354	3	1.0000
stock_b9000_frag	L480723	3	1.0000
stock_b9000_frag	L481009	2	0.6768
stock_b9000_frag	L481562	0	0.9705
stock_b9000_frag	L481889	1	0.9674
stock_b9000_frag	L482581	1	0.9934
stock_b9000_frag	L488483	5	1.0000
stock_b9000_frag	L494762	0	1.0000
stock_b9000_frag	L496946	0	0.9998
stock_b9000_frag	L497994	1	1.0000
stock_b9000_frag	L498642	5	1.0000
stock_b9000_frag	L499837	0	0.9124
stock_b9000_frag	L500481	0	1.0000
stock_b9000_frag	L501837	1	1.0000
stock_b9000_frag	L506324	0	1.0000
stock_b9000_frag	L5117	3	0.9920
stock_b9000_frag	L511916	0	1.0000
stock_b9000_frag	L515141	1	1.0000
stock_b9000_frag	L516046	4	1.0000
stock_b9000_frag	L520263	0	1.0000
stock_b9000_frag	L521167	3	1.0000
stock_b9000_frag	L521904	0	0.9999
stock_b9000_frag	L523867	1	0.9999
stock_b9000_frag	L524464	0	1.0000
stock_b9000_frag	L525527	1	1.0000
stock_b9000_frag	L529623	0	0.9470
stock_b9000_frag	L531061	0	0.9821
stock_b9000_frag	L533105	0	1.0000
stock_b9000_frag	L534964	0	0.9478
stock_b9000_frag	L535240	1	0.6474
stock_b9000_frag	L535400	1	0.4482
stock_b9000_frag	L536467	2	0.8663
stock_b9000_frag	L536524	5	0.9698
stock_b9000_frag	L539572	3	0.5618
stock_b9000_frag	L539623	1	1.0000
stock_b9000_frag	L541274	0	0.9950
stock_b9000_frag	L541585	2	1.0000
stock_b9000_frag	L543256	0	1.0000
stock_b9000_frag	L544561	0	1.0000
stock_b9000_frag	L545165	5	1.0000
stock_b9000_frag	L546910	0	0.8727
stock_b9000_frag	L548504	0	0.9502
stock_b9000_frag	L551442	0	1.0000
stock_b9000_frag	L555925	1	1.0000
stock_b9000_frag	L556696	2	1.0000
stock_b9000_frag	L559531	2	1.0000
stock_b9000_frag	L560176	0	1.0000
stock_b9000_frag	L561367	1	0.9951
stock_b9000_frag	L564679	3	1.0000
stock_b9000_frag	L566745	2	1.0000
stock_b9000_frag	L568989	0	1.0000
stock_b9000_frag	L570772	2	1.0000
stock_b9000_frag	L572521	1	1.0000
stock_b9000_frag	L577507	2	1.0000
stock_b9000_frag	L578197	3	1.0000
stock_b9000_frag	L584866	1	0.4719
stock_b9000_frag	L586948	1	0.7848
stock_b9000_frag	L589777	3	1.0000
stock_b9000_frag	L589868	0	0.8852
stock_b9000_frag	L590205	1	1.0000
stock_b9000_frag	L59044	1	1.0000
stock_b9000_frag	L599511	3	0.6043
stock_b9000_frag	L60389	0	1.0000
stock_b9000_frag	L614050	0	1.0000
stock_b9000_frag	L617862	5	1.0000
stock_b9000_frag	L620966	5	1.0000
stock_b9000_frag	L623278	1	0.6975
stock_b9000_frag	L62337	3	0.9746
stock_b9000_frag	L626238	3	1.0000
stock_b9000_frag	L626353	0	1.0000
stock_b9000_frag	L62839	0	0.5005
stock_b9000_frag	L632457	4	0.4608
stock_b9000_frag	L635118	0	1.0000
stock_b9000_frag	L636888	2	1.0000
stock_b9000_frag	L639959	0	1.0000
stock_b9000_frag	L640160	0	1.0000
stock_b9000_frag	L641936	3	0.7779
stock_b9000_frag	L642984	0	1.0000
stock_b9000_frag	L644406	5	1.0000
stock_b9000_frag	L644497	1	0.5713
stock_b9000_frag	L646751	0	1.0000
stock_b9000_frag	L649091	3	1.0000
stock_b9000_frag	L652753	0	0.8060
stock_b9000_frag	L657061	0	1.0000
stock_b9000_frag	L657332	0	1.0000
stock_b9000_frag	L657537	0	1.0000
stock_b9000_frag	L658591	0	1.0000
stock_b9000_frag	L659549	1	0.6359
stock_b9000_frag	L660443	0	1.0000
stock_b9000_frag	L663427	0	1.0000
stock_b9000_frag	L665914	1	1.0000
stock_b9000_frag	L666180	2	1.0000
stock_b9000_frag	L667013	1	0.3354
stock_b9000_frag	L667839	0	1.0000
stock_b9000_frag	L669436	3	1.0000
stock_b9000_frag	L66992	0	0.9999
stock_b9000_frag	L677371	0	1.0000
stock_b9000_frag	L678289	0	1.0000
stock_b9000_frag	L678676	1	1.0000
stock_b9000_frag	L679717	2	0.9985
stock_b9000_frag	L680683	1	0.5466
stock_b9000_frag	L681033	0	1.0000
stock_b9000_frag	L681532	1	0.6795
stock_b9000_frag	L681559	1	1.0000
stock_b9000_frag	L681852	0	1.0000
stock_b9000_frag	L684567	0	1.0000
stock_b9000_frag	L685962	0	0.9990
stock_b9000_frag	L686506	0	0.7543
stock_b9000_frag	L689721	1	0.5184
stock_b9000_frag	L691596	3	1.0000
stock_b9000_frag	L692386	0	0.9871
stock_b9000_frag	L693733	0	1.0000
stock_b9000_frag	L694998	0	1.0000
stock_b9000_frag	L699028	1	1.0000
stock_b9000_frag	L700056	0	1.0000
stock_b9000_frag	L700404	1	1.0000
stock_b9000_frag	L702168	0	1.0000
stock_b9000_frag	L70331	1	1.0000
stock_b9000_frag	L704136	0	1.0000
stock_b9000_frag	L704338	1	1.0000
stock_b9000_frag	L705787	2	0.9969
stock_b9000_frag	L706127	6	1.0000
stock_b9000_frag	L706802	2	1.0000
stock_b9000_frag	L707187	0	1.0000
stock_b9000_frag	L710321	0	1.0000
stock_b9000_frag	L711529	0	0.9972
stock_b9000_frag	L71277	1	0.9995
stock_b9000_frag	L713051	0	0.9865
stock_b9000_frag	L715677	0	1.0000
stock_b9000_frag	L716679	0	1.0000
stock_b9000_frag	L720310	0	0.9983
stock_b9000_frag	L720918	1	1.0000
stock_b9000_frag	L722647	1	0.5466
stock_b9000_frag	L722885	6	1.0000
stock_b9000_frag	L725643	6	0.8901
stock_b9000_frag	L730413	4	1.0000
stock_b9000_frag	L731956	0	1.0000
stock_b9000_frag	L736973	0	1.0000
stock_b9000_frag	L740874	5	1.0000
stock_b9000_frag	L741246	0	1.0000
stock_b9000_frag	L742863	3	1.0000
stock_b9000_frag	L743451	1	0.9286
stock_b9000_frag	L748093	5	0.9142
stock_b9000_frag	L751266	1	0.9941
stock_b9000_frag	L752342	3	0.9984
stock_b9000_frag	L752475	0	1.0000
stock_b9000_frag	L752653	0	1.0000
stock_b9000_frag	L75387	3	1.0000
stock_b9000_frag	L754764	0	1.0000
stock_b9000_frag	L755702	1	0.7898
stock_b9000_frag	L759676	1	1.0000
stock_b9000_frag	L759690	1	0.6373
stock_b9000_frag	L759925	1	1.0000
stock_b9000_frag	L760304	0	1.0000
stock_b9000_frag	L762113	0	1.0000
stock_b9000_frag	L762771	1	1.0000
stock_b9000_frag	L763808	0	1.0000
stock_b9000_frag	L764107	4	1.0000
stock_b9000_frag	L764127	0	1.0000
stock_b9000_frag	L764282	0	1.0000
stock_b9000_frag	L764916	1	0.9877
stock_b9000_frag	L77164	2	0.9983
stock_b9000_frag	L773134	0	1.0000
stock_b9000_frag	L774588	0	1.0000
stock_b9000_frag	L774738	0	1.0000
stock_b9000_frag	L775906	2	1.0000
stock_b9000_frag	L778698	1	1.0000
stock_b9000_frag	L779464	1	1.0000
stock_b9000_frag	L779937	3	1.0000
stock_b9000_frag	L780609	0	1.0000
stock_b9000_frag	L784473	4	0.8184
stock_b9000_frag	L787550	1	0.9940
stock_b9000_frag	L789409	0	0.8208
stock_b9000_frag	L790771	0	0.9289
stock_b9000_frag	L792951	1	0.9319
stock_b9000_frag	L79315	1	0.9702
stock_b9000_frag	L793490	1	0.6594
stock_b9000_frag	L79406	1	1.0000
stock_b9000_frag	L79610	1	0.9850
stock_b9000_frag	L796809	2	0.9880
stock_b9000_frag	L798449	0	1.0000
stock_b9000_frag	L801473	0	1.0000
stock_b9000_frag	L801620	5	0.9445
stock_b9000_frag	L801738	0	0.9994
stock_b9000_frag	L803364	3	0.7711
stock_b9000_frag	L803613	1	0.9755
stock_b9000_frag	L804778	1	0.8244
stock_b9000_frag	L808364	3	1.0000
stock_b9000_frag	L809372	1	1.0000
stock_b9000_frag	L809693	0	1.0000
stock_b9000_frag	L811734	4	0.7350
stock_b9000_frag	L81215	1	1.0000
stock_b9000_frag	L812450	0	1.0000
stock_b9000_frag	L812672	5	1.0000
stock_b9000_frag	L815977	2	1.0000
stock_b9000_frag	L816644	0	1.0000
stock_b9000_frag	L81909	0	0.9999
stock_b9000_frag	L819563	4	0.5638
stock_b9000_frag	L821100	0	1.0000
stock_b9000_frag	L822334	0	0.9604
stock_b9000_frag	L824223	1	1.0000
stock_b9000_frag	L827048	1	1.0000
stock_b9000_frag	L827129	2	1.0000
stock_b9000_frag	L829233	1	0.5000
stock_b9000_frag	L83001	3	1.0000
stock_b9000_frag	L830371	0	0.9998
stock_b9000_frag	L832923	0	1.0000
stock_b9000_frag	L834579	0	1.0000
stock_b9000_frag	L834622	0	0.8980
stock_b9000_frag	L837955	2	1.0000
stock_b9000_frag	L843972	2	1.0000
stock_b9000_frag	L845031	0	1.0000
stock_b9000_frag	L846960	0	1.0000
stock_b9000_frag	L847988	4	1.0000
stock_b9000_frag	L849505	1	0.9995
stock_b9000_frag	L851847	1	0.6064
stock_b9000_frag	L853299	0	1.0000
stock_b9000_frag	L855747	2	1.0000
stock_b9000_frag	L855935	0	1.0000
stock_b9000_frag	L856753	0	1.0000
stock_b9000_frag	L85748	1	1.0000
stock_b9000_frag	L858843	1	1.0000
stock_b9000_frag	L862725	1	0.5015
stock_b9000_frag	L864050	0	1.0000
stock_b9000_frag	L86679	0	1.0000
stock_b9000_frag	L868640	0	1.0000
stock_b9000_frag	L869371	2	1.0000
stock_b9000_frag	L869433	0	0.9978
stock_b9000_frag	L873249	0	1.0000
stock_b9000_frag	L883133	1	1.0000
stock_b9000_frag	L883660	4	1.0000
stock_b9000_frag	L884453	5	1.0000
stock_b9000_frag	L885068	2	0.9997
stock_b9000_frag	L885624	14	0.9981
stock_b9000_frag	L886084	3	1.0000
stock_b9000_frag	L886474	8	0.5154
stock_b9000_frag	L886813	6	0.5942
stock_b9000_frag	L888328	0	1.0000
stock_b9000_frag	L888339	0	1.0000
stock_b9000_frag	L888692	2	1.0000
stock_b9000_frag	L892540	0	1.0000
stock_b9000_frag	L894181	10	0.9633
stock_b9000_frag	L895192	0	1.0000
stock_b9000_frag	L895682	4	1.0000
stock_b9000_frag	L898645	1	0.7068
stock_b9000_frag	L900297	0	1.0000
stock_b9000_frag	L902295	0	1.0000
stock_b9000_frag	L902514	2	1.0000
stock_b9000_frag	L906439	0	1.0000
stock_b9000_frag	L907227	2	1.0000
stock_b9000_frag	L90734	0	1.0000
stock_b9000_frag	L909856	2	1.0000
stock_b9000_frag	L910412	6	1.0000
stock_b9000_frag	L910841	3	0.3579
stock_b9000_frag	L911364	0	1.0000
stock_b9000_frag	L912237	0	0.4551
stock_b9000_frag	L913833	8	1.0000
stock_b9000_frag	L914150	0	0.9994
stock_b9000_frag	L914195	2	1.0000
stock_b9000_frag	L91480	1	1.0000
stock_b9000_frag	L918005	0	1.0000
stock_b9000_frag	L918018	0	1.0000
stock_b9000_frag	L923738	3	1.0000
stock_b9000_frag	L924400	1	0.7750
stock_b9000_frag	L925260	0	1.0000
stock_b9000_frag	L928875	4	0.6676
stock_b9000_frag	L93124	1	1.0000
stock_b9000_frag	L93295	0	1.0000
stock_b9000_frag	L933087	1	0.4923
stock_b9000_frag	L933852	4	0.9992
stock_b9000_frag	L936253	0	1.0000
stock_b9000_frag	L940767	0	1.0000
stock_b9000_frag	L941368	4	0.4462
stock_b9000_frag	L941926	0	1.0000
stock_b9000_frag	L942873	1	1.0000
stock_b9000_frag	L943752	1	0.5002
stock_b9000_frag	L948601	4	1.0000
stock_b9000_frag	L94945	2	0.9302
stock_b9000_frag	L949761	2	0.6575
stock_b9000_frag	L953203	2	1.0000
stock_b9000_frag	L95620	0	0.4987
stock_b9000_frag	L957565	0	0.9141
stock_b9000_frag	L960419	0	0.8771
stock_b9000_frag	L962289	1	1.0000
stock_b9000_frag	L96262	0	1.0000
stock_b9000_frag	L962680	0	0.9996
stock_b9000_frag	L967795	1	1.0000
stock_b9000_frag	L968437	0	1.0000
stock_b9000_frag	L969615	1	0.9996
stock_b9000_frag	L970400	0	1.0000
stock_b9000_frag	L972698	0	1.0000
stock_b9000_frag	L974207	0	0.8036
stock_b9000_frag	L979330	1	1.0000
stock_b9000_frag	L983346	1	1.0000
stock_b9000_frag	L984768	0	1.0000
stock_b9000_frag	L984796	1	1.0000
stock_b9000_frag	L985204	0	1.0000
stock_b9000_frag	L985959	0	1.0000
stock_b9000_frag	L986820	3	1.0000
stock_b9000_frag	L989999	1	0.4793
stock_b9000_frag	L994491	0	1.0000
stock_b9000_frag	L997717	2	0.1906
stock_b9000_frag	L998540	6	1.0000
stock_b9000_full	L1002585	0	1.0000
stock_b9000_full	L1004185	0	0.9545
stock_b9000_full	L1005032	0	1.0000
stock_b9000_full	L1011227	0	1.0000
stock_b9000_full	L1012049	0	1.0000
stock_b9000_full	L1012199	0	1.0000
stock_b9000_full	L1016849	0	1.0000
stock_b9000_full	L1017537	0	1.0000
stock_b9000_full	L1021907	0	1.0000
stock_b9000_full	L1024044	0	1.0000
stock_b9000_full	L1024542	0	1.0000
stock_b9000_full	L1025399	0	1.0000
stock_b9000_full	L1026799	0	1.0000
stock_b9000_full	L102922	0	0.9485
stock_b9000_full	L1029951	1	0.9704
stock_b9000_full	L1030819	0	1.0000
stock_b9000_full	L103249	1	1.0000
stock_b9000_full	L1036266	0	1.0000
stock_b9000_full	L1036426	0	1.0000
stock_b9000_full	L1038977	1	1.0000
stock_b9000_full	L1044163	0	0.5253
stock_b9000_full	L1044444	0	0.9992
stock_b9000_full	L1046348	0	1.0000
stock_b9000_full	L1046966	0	1.0000
stock_b9000_full	L1050743	0	1.0000
stock_b9000_full	L1052309	0	1.0000
stock_b9000_full	L1053445	0	1.0000
stock_b9000_full	L1054346	0	0.9993
stock_b9000_full	L1055550	0	1.0000
stock_b9000_full	L1058576	0	1.0000
stock_b9000_full	L1060120	1	1.0000
stock_b9000_full	L1061482	1	1.0000
stock_b9000_full	L1061587	1	0.6283
stock_b9000_full	L1062126	0	1.0000
stock_b9000_full	L1063587	0	1.0000
stock_b9000_full	L1064227	0	1.0000
stock_b9000_full	L1065804	1	1.0000
stock_b9000_full	L1068964	0	1.0000
stock_b9000_full	L1069832	0	1.0000
stock_b9000_full	L1071754	0	0.4323
stock_b9000_full	L1072449	1	1.0000
stock_b9000_full	L1073165	0	0.5700
stock_b9000_full	L1075189	1	0.7740
stock_b9000_full	L1081827	1	0.7102
stock_b9000_full	L1082663	0	1.0000
stock_b9000_full	L1083972	0	1.0000
stock_b9000_full	L1085175	0	1.0000
stock_b9000_full	L1087086	1	0.5579
stock_b9000_full	L1087105	1	0.5465
stock_b9000_full	L1089119	1	0.9884
stock_b9000_full	L1090631	0	1.0000
stock_b9000_full	L1091178	0	0.8218
stock_b9000_full	L1091281	0	0.5841
stock_b9000_full	L1091323	0	0.5778
stock_b9000_full	L1091479	0	1.0000
stock_b9000_full	L1092388	0	1.0000
stock_b9000_full	L1096376	0	1.0000
stock_b9000_full	L1099155	0	1.0000
stock_b9000_full	L1101520	0	1.0000
stock_b9000_full	L1106265	0	1.0000
stock_b9000_full	L1106965	0	1.0000
stock_b9000_full	L1107538	0	1.0000
stock_b9000_full	L1109734	0	1.0000
stock_b9000_full	L1110523	0	1.0000
stock_b9000_full	L1116847	0	1.0000
stock_b9000_full	L1117806	0	1.0000
stock_b9000_full	L1123172	0	1.0000
stock_b9000_full	L112480	0	1.0000
stock_b9000_full	L1125468	0	1.0000
stock_b9000_full	L1125564	0	1.0000
stock_b9000_full	L1126749	0	1.0000
stock_b9000_full	L1127804	1	0.3867
stock_b9000_full	L1128821	0	1.0000
stock_b9000_full	L1132817	0	1.0000
stock_b9000_full	L1134826	1	1.0000
stock_b9000_full	L1135019	1	0.5008
stock_b9000_full	L113844	0	0.5798
stock_b9000_full	L1138559	1	0.7880
stock_b9000_full	L1139573	1	1.0000
stock_b9000_full	L1142178	1	0.3380
stock_b9000_full	L1143584	0	1.0000
stock_b9000_full	L1146782	1	1.0000
stock_b9000_full	L1148275	1	1.0000
stock_b9000_full	L1148681	0	1.0000
stock_b9000_full	L1148861	0	1.0000
stock_b9000_full	L115160	0	1.0000
stock_b9000_full	L1152742	0	0.7856
stock_b9000_full	L1159462	0	1.0000
stock_b9000_full	L1160593	0	1.0000
stock_b9000_full	L1166860	1	1.0000
stock_b9000_full	L1169308	1	1.0000
stock_b9000_full	L1171933	0	1.0000
stock_b9000_full	L1175689	0	1.0000
stock_b9000_full	L1176510	0	1.0000
stock_b9000_full	L1176819	1	0.5708
stock_b9000_full	L1181526	0	1.0000
stock_b9000_full	L1184831	0	1.0000
stock_b9000_full	L1188236	0	1.0000
stock_b9000_full	L1189606	0	1.0000
stock_b9000_full	L1190029	0	1.0000
stock_b9000_full	L1192003	0	1.0000
stock_b9000_full	L1193093	1	0.9607
stock_b9000_full	L1193626	0	1.0000
stock_b9000_full	L1194943	1	1.0000
stock_b9000_full	L1200114	0	1.0000
stock_b9000_full	L1200373	0	1.0000
stock_b9000_full	L1202626	0	1.0000
stock_b9000_full	L1203652	0	1.0000
stock_b9000_full	L1205967	0	1.0000
stock_b9000_full	L1206149	0	1.0000
stock_b9000_full	L1208940	0	1.0000
stock_b9000_full	L120959	0	1.0000
stock_b9000_full	L1211345	0	1.0000
stock_b9000_full	L1212637	0	1.0000
stock_b9000_full	L1212861	0	1.0000
stock_b9000_full	L121334	0	0.4805
stock_b9000_full	L1215236	0	0.9998
stock_b9000_full	L1217544	1	0.9941
stock_b9000_full	L1217630	0	1.0000
stock_b9000_full	L1218521	0	1.0000
stock_b9000_full	L121873	0	1.0000
stock_b9000_full	L1218743	0	1.0000
stock_b9000_full	L1219260	0	1.0000
stock_b9000_full	L1219324	0	1.0000
stock_b9000_full	L1223018	1	0.6971
stock_b9000_full	L12241	1	0.4664
stock_b9000_full	L122411	0	1.0000
stock_b9000_full	L1228313	0	1.0000
stock_b9000_full	L1228316	0	1.0000
stock_b9000_full	L1228698	0	1.0000
stock_b9000_full	L1229975	0	1.0000
stock_b9000_full	L1233030	0	0.9903
stock_b9000_full	L1234322	0	1.0000
stock_b9000_full	L1235564	0	1.0000
stock_b9000_full	L1237368	0	0.3416
stock_b9000_full	L1242536	0	1.0000
stock_b9000_full	L1243882	0	1.0000
stock_b9000_full	L1244427	1	0.9520
stock_b9000_full	L1247700	0	1.0000
stock_b9000_full	L1249050	0	1.0000
stock_b9000_full	L1252273	0	0.9547
stock_b9000_full	L1252715	0	1.0000
stock_b9000_full	L125500	0	1.0000
stock_b9000_full	L125644	0	1.0000
stock_b9000_full	L1263639	0	1.0000
stock_b9000_full	L1263909	0	1.0000
stock_b9000_full	L1267300	0	1.0000
stock_b9000_full	L1267973	0	0.6728
stock_b9000_full	L1268056	1	0.3545
stock_b9000_full	L1269000	0	1.0000
stock_b9000_full	L1269225	0	1.0000
stock_b9000_full	L1269960	0	1.0000
stock_b9000_full	L1270519	1	0.5115
stock_b9000_full	L1271695	1	1.0000
stock_b9000_full	L1274988	0	1.0000
stock_b9000_full	L1277578	1	1.0000
stock_b9000_full	L1277861	0	1.0000
stock_b9000_full	L1281298	0	1.0000
stock_b9000_full	L1283746	0	1.0000
stock_b9000_full	L1284558	0	0.9554
stock_b9000_full	L1286758	0	1.0000
stock_b9000_full	L1291250	0	1.0000
stock_b9000_full	L129208	0	1.0000
stock_b9000_full	L1292363	0	0.9165
stock_b9000_full	L1292503	0	1.0000
stock_b9000_full	L1294408	1	0.5904
stock_b9000_full	L1294453	0	0.9818
stock_b9000_full	L1294952	0	1.0000
stock_b9000_full	L1297512	0	1.0000
stock_b9000_full	L1298142	0	1.0000
stock_b9000_full	L1299862	0	1.0000
stock_b9000_full	L1302458	1	0.9929
stock_b9000_full	L1307852	0	1.0000
stock_b9000_full	L130839	0	1.0000
stock_b9000_full	L1309046	0	1.0000
stock_b9000_full	L1314993	0	1.0000
stock_b9000_full	L1316645	1	0.9978
stock_b9000_full	L1316673	0	0.7550
stock_b9000_full	L1319261	1	1.0000
stock_b9000_full	L1320029	1	0.5001
stock_b9000_full	L1321139	0	1.0000
stock_b9000_full	L1322298	0	1.0000
stock_b9000_full	L1325043	0	1.0000
stock_b9000_full	L1328601	0	1.0000
stock_b9000_full	L1330004	0	1.0000
stock_b9000_full	L1334204	0	1.0000
stock_b9000_full	L1334727	0	1.0000
stock_b9000_full	L1337969	0	0.7176
stock_b9000_full	L1338440	0	0.8777
stock_b9000_full	L1338867	1	1.0000
stock_b9000_full	L13406	0	1.0000
stock_b9000_full	L1341334	0	1.0000
stock_b9000_full	L1342936	0	1.0000
stock_b9000_full	L1343571	0	0.9857
stock_b9000_full	L134770	0	1.0000
stock_b9000_full	L1348767	1	1.0000
stock_b9000_full	L1349954	0	1.0000
stock_b9000_full	L1350260	0	1.0000
stock_b9000_full	L1354350	0	1.0000
stock_b9000_full	L1358832	0	1.0000
stock_b9000_full	L1362201	0	1.0000
stock_b9000_full	L1362636	1	1.0000
stock_b9000_full	L1365362	0	1.0000
stock_b9000_full	L1366477	0	1.0000
stock_b9000_full	L1369644	0	1.0000
stock_b9000_full	L13698	0	1.0000
stock_b9000_full	L1371092	1	1.0000
stock_b9000_full	L1372683	0	1.0000
stock_b9000_full	L1372686	0	1.0000
stock_b9000_full	L1373403	0	1.0000
stock_b9000_full	L1378339	0	1.0000
stock_b9000_full	L1379425	1	0.7982
stock_b9000_full	L1380845	0	1.0000
stock_b9000_full	L1382177	0	1.0000
stock_b9000_full	L1382936	0	0.8067
stock_b9000_full	L1382969	0	1.0000
stock_b9000_full	L1383932	0	1.0000
stock_b9000_full	L1384051	0	1.0000
stock_b9000_full	L1393346	0	0.8411
stock_b9000_full	L1394372	0	1.0000
stock_b9000_full	L1398058	0	1.0000
stock_b9000_full	L1398565	0	1.0000
stock_b9000_full	L1400233	0	1.0000
stock_b9000_full	L1400557	1	0.9998
stock_b9000_full	L1403214	0	1.0000
stock_b9000_full	L1409097	0	1.0000
stock_b9000_full	L1409378	0	1.0000
stock_b9000_full	L1410763	0	1.0000
stock_b9000_full	L1410905	0	1.0000
stock_b9000_full	L1411655	0	1.0000
stock_b9000_full	L1421095	0	1.0000
stock_b9000_full	L1421423	0	1.0000
stock_b9000_full	L1431164	0	1.0000
stock_b9000_full	L1435268	0	1.0000
stock_b9000_full	L1438447	0	1.0000
stock_b9000_full	L1440099	0	1.0000
stock_b9000_full	L1440354	0	1.0000
stock_b9000_full	L1440579	0	0.9893
stock_b9000_full	L1441065	0	1.0000
stock_b9000_full	L1442950	0	1.0000
stock_b9000_full	L144630	0	1.0000
stock_b9000_full	L144966	0	1.0000
stock_b9000_full	L1450044	0	1.0000
stock_b9000_full	L145721	0	1.0000
stock_b9000_full	L1463127	0	1.0000
stock_b9000_full	L1463808	1	1.0000
stock_b9000_full	L1468044	0	0.9862
stock_b9000_full	L1468317	0	1.0000
stock_b9000_full	L1470882	0	1.0000
stock_b9000_full	L1472026	0	1.0000
stock_b9000_full	L1475336	0	1.0000
stock_b9000_full	L1477	0	0.9994
stock_b9000_full	L1477137	1	1.0000
stock_b9000_full	L1478713	0	0.7742
stock_b9000_full	L1479097	0	1.0000
stock_b9000_full	L1482186	1	0.5442
stock_b9000_full	L1483022	1	1.0000
stock_b9000_full	L1485252	0	0.9716
stock_b9000_full	L1487868	0	1.0000
stock_b9000_full	L1489958	0	1.0000
stock_b9000_full	L1491338	0	1.0000
stock_b9000_full	L1491406	1	1.0000
stock_b9000_full	L1492427	1	0.6513
stock_b9000_full	L1494927	0	1.0000
stock_b9000_full	L1496723	0	1.0000
stock_b9000_full	L14998	0	1.0000
stock_b9000_full	L1500041	0	1.0000
stock_b9000_full	L1500792	0	1.0000
stock_b9000_full	L1501054	0	1.0000
stock_b9000_full	L1501117	1	0.5502
stock_b9000_full	L150284	0	0.8782
stock_b9000_full	L1503080	0	1.0000
stock_b9000_full	L1506056	0	1.0000
stock_b9000_full	L1506305	0	1.0000
stock_b9000_full	L1507593	0	1.0000
stock_b9000_full	L1507721	0	1.0000
stock_b9000_full	L1509635	0	1.0000
stock_b9000_full	L1511077	0	1.0000
stock_b9000_full	L1511516	1	1.0000
stock_b9000_full	L151270	0	1.0000
stock_b9000_full	L1513453	0	1.0000
stock_b9000_full	L1513508	0	1.0000
stock_b9000_full	L1514059	1	1.0000
stock_b9000_full	L151434	0	1.0000
stock_b9000_full	L1520281	0	0.9982
stock_b9000_full	L1522665	0	1.0000
stock_b9000_full	L1525581	0	1.0000
stock_b9000_full	L152670	0	1.0000
stock_b9000_full	L1527449	0	0.9966
stock_b9000_full	L1532593	1	0.5570
stock_b9000_full	L1537084	1	1.0000
stock_b9000_full	L1545445	1	0.6856
stock_b9000_full	L1549764	1	1.0000
stock_b9000_full	L1553511	0	1.0000
stock_b9000_full	L1555961	0	0.9402
stock_b9000_full	L1556158	0	1.0000
stock_b9000_full	L1559085	0	1.0000
stock_b9000_full	L1559370	0	1.0000
stock_b9000_full	L1561684	1	0.6476
stock_b9000_full	L1563921	1	1.0000
stock_b9000_full	L1564440	1	0.5002
stock_b9000_full	L1564788	0	1.0000
stock_b9000_full	L1570442	0	0.6146
stock_b9000_full	L1577548	0	1.0000
stock_b9000_full	L1582773	0	0.9997
stock_b9000_full	L1586476	0	1.0000
stock_b9000_full	L1591774	0	1.0000
stock_b9000_full	L1592464	0	1.0000
stock_b9000_full	L1592890	0	1.0000
stock_b9000_full	L1593009	0	1.0000
stock_b9000_full	L1594265	0	1.0000
stock_b9000_full	L15949	0	1.0000
stock_b9000_full	L1595729	1	0.9999
stock_b9000_full	L1596023	0	1.0000
stock_b9000_full	L1596979	0	1.0000
stock_b9000_full	L1599150	0	1.0000
stock_b9000_full	L1605496	0	1.0000
stock_b9000_full	L1608356	0	0.7969
stock_b9000_full	L1608408	1	0.5022
stock_b9000_full	L1609523	0	1.0000
stock_b9000_full	L1611831	1	0.7847
stock_b9000_full	L1613719	0	1.0000
stock_b9000_full	L1613862	0	1.0000
stock_b9000_full	L1614892	0	1.0000
stock_b9000_full	L1615590	0	1.0000
stock_b9000_full	L1616879	0	1.0000
stock_b9000_full	L1617022	1	1.0000
stock_b9000_full	L1619438	1	0.5750
stock_b9000_full	L1619907	0	1.0000
stock_b9000_full	L1620099	0	1.0000
stock_b9000_full	L1622776	1	0.5255
stock_b9000_full	L1622804	1	0.5694
stock_b9000_full	L1623315	0	1.0000
stock_b9000_full	L1625869	0	1.0000
stock_b9000_full	L1632251	0	1.0000
stock_b9000_full	L1632593	0	0.9999
stock_b9000_full	L1633409	0	0.9184
stock_b9000_full	L163519	0	1.0000
stock_b9000_full	L1635479	0	1.0000
stock_b9000_full	L1638116	0	1.0000
stock_b9000_full	L1642892	0	0.5800
stock_b9000_full	L1647022	0	1.0000
stock_b9000_full	L1649256	0	1.0000
stock_b9000_full	L1650196	0	1.0000
stock_b9000_full	L1654301	1	0.5402
stock_b9000_full	L1656331	0	0.9798
stock_b9000_full	L1657868	1	1.0000
stock_b9000_full	L1658774	0	0.9308
stock_b9000_full	L1660134	0	1.0000
stock_b9000_full	L166249	0	1.0000
stock_b9000_full	L1663458	0	0.9998
stock_b9000_full	L16644	0	1.0000
stock_b9000_full	L1664922	1	1.0000
stock_b9000_full	L1666954	0	1.0000
stock_b9000_full	L1668737	0	1.0000
stock_b9000_full	L167239	0	1.0000
stock_b9000_full	L167308	0	1.0000
stock_b9000_full	L1673443	0	0.9999
stock_b9000_full	L1677915	0	1.0000
stock_b9000_full	L1679070	0	0.9997
stock_b9000_full	L1679327	0	1.0000
stock_b9000_full	L1681571	0	1.0000
stock_b9000_full	L1683975	0	1.0000
stock_b9000_full	L1687257	0	0.9999
stock_b9000_full	L1689425	0	1.0000
stock_b9000_full	L1690704	0	0.5382
stock_b9000_full	L1690718	0	0.3404
stock_b9000_full	L1692614	0	1.0000
stock_b9000_full	L1693021	0	1.0000
stock_b9000_full	L1693729	0	1.0000
stock_b9000_full	L1698795	0	1.0000
stock_b9000_full	L1700325	0	1.0000
stock_b9000_full	L1701759	0	1.0000
stock_b9000_full	L1706009	0	0.9877
stock_b9000_full	L1710196	0	1.0000
stock_b9000_full	L1713230	0	1.0000
stock_b9000_full	L1714485	1	0.7170
stock_b9000_full	L1715650	0	1.0000
stock_b9000_full	L1717886	0	0.9977
stock_b9000_full	L1720587	0	1.0000
stock_b9000_full	L1721987	0	1.0000
stock_b9000_full	L1722777	0	1.0000
stock_b9000_full	L1724773	1	0.6829
stock_b9000_full	L1725448	0	1.0000
stock_b9000_full	L1727481	0	0.7385
stock_b9000_full	L1728562	1	0.6794
stock_b9000_full	L1729015	0	1.0000
stock_b9000_full	L1729974	0	1.0000
stock_b9000_full	L1731527	0	0.9087
stock_b9000_full	L173383	0	1.0000
stock_b9000_full	L1735097	0	0.9520
stock_b9000_full	L1736351	0	1.0000
stock_b9000_full	L1736591	0	1.0000
stock_b9000_full	L1739879	1	0.9982
stock_b9000_full	L1741008	0	1.0000
stock_b9000_full	L1741461	0	0.8588
stock_b9000_full	L174176	0	1.0000
stock_b9000_full	L1741919	1	0.9454
stock_b9000_full	L1743480	0	1.0000
stock_b9000_full	L1744154	0	1.0000
stock_b9000_full	L1746595	0	1.0000
stock_b9000_full	L1748112	0	1.0000
stock_b9000_full	L1748957	0	1.0000
stock_b9000_full	L1749257	1	0.9498
stock_b9000_full	L175348	0	0.5232
stock_b9000_full	L1753832	0	1.0000
stock_b9000_full	L1755416	1	1.0000
stock_b9000_full	L1758324	0	1.0000
stock_b9000_full	L1758608	0	1.0000
stock_b9000_full	L1758614	0	1.0000
stock_b9000_full	L1758704	1	0.9917
stock_b9000_full	L1762064	0	0.9994
stock_b9000_full	L1765663	1	0.3912
stock_b9000_full	L1766093	1	0.9728
stock_b9000_full	L176738	0	1.0000
stock_b9000_full	L1768336	0	1.0000
stock_b9000_full	L176876	0	1.0000
stock_b9000_full	L1768935	0	0.9954
stock_b9000_full	L1770348	0	1.0000
stock_b9000_full	L1770471	0	1.0000
stock_b9000_full	L1772400	0	1.0000
stock_b9000_full	L1774077	0	1.0000
stock_b9000_full	L1774332	0	0.9995
stock_b9000_full	L177650	0	1.0000
stock_b9000_full	L1778239	0	0.9999
stock_b9000_full	L1778753	0	1.0000
stock_b9000_full	L1785009	1	0.9878
stock_b9000_full	L1788156	0	1.0000
stock_b9000_full	L179015	0	1.0000
stock_b9000_full	L1790481	0	1.0000
stock_b9000_full	L1791527	0	1.0000
stock_b9000_full	L1792265	0	1.0000
stock_b9000_full	L1793065	0	1.0000
stock_b9000_full	L1794712	0	1.0000
stock_b9000_full	L1794839	0	1.0000
stock_b9000_full	L1796826	0	1.0000
stock_b9000_full	L1797546	0	1.0000
stock_b9000_full	L1798302	0	1.0000
stock_b9000_full	L1799840	0	0.6365
stock_b9000_full	L1801258	0	1.0000
stock_b9000_full	L1802345	0	1.0000
stock_b9000_full	L180509	0	1.0000
stock_b9000_full	L1808966	0	1.0000
stock_b9000_full	L1809234	0	1.0000
stock_b9000_full	L1811231	1	1.0000
stock_b9000_full	L1812445	0	1.0000
stock_b9000_full	L1814309	0	0.9998
stock_b9000_full	L1816451	0	1.0000
stock_b9000_full	L1817551	1	0.5122
stock_b9000_full	L1820447	1	0.5464
stock_b9000_full	L1821765	0	1.0000
stock_b9000_full	L1822989	0	1.0000
stock_b9000_full	L1823086	0	1.0000
stock_b9000_full	L1825981	0	1.0000
stock_b9000_full	L1826918	0	1.0000
stock_b9000_full	L1830338	0	1.0000
stock_b9000_full	L18313	0	1.0000
stock_b9000_full	L1831368	0	1.0000
stock_b9000_full	L183802	0	1.0000
stock_b9000_full	L1838244	0	1.0000
stock_b9000_full	L1838501	0	0.9644
stock_b9000_full	L1838652	0	1.0000
stock_b9000_full	L1840388	0	0.9600
stock_b9000_full	L1848896	0	0.9991
stock_b9000_full	L1856065	0	1.0000
stock_b9000_full	L1857129	0	0.9880
stock_b9000_full	L1858192	0	1.0000
stock_b9000_full	L1858235	0	0.5449
stock_b9000_full	L1859863	0	0.9566
stock_b9000_full	L1860283	1	1.0000
stock_b9000_full	L1867226	0	0.9734
stock_b9000_full	L186847	0	1.0000
stock_b9000_full	L1869818	1	1.0000
stock_b9000_full	L1872590	0	1.0000
stock_b9000_full	L1872595	0	1.0000
stock_b9000_full	L1873245	0	0.9179
stock_b9000_full	L1873642	0	1.0000
stock_b9000_full	L1874928	1	0.3569
stock_b9000_full	L1876149	0	1.0000
stock_b9000_full	L18800	0	1.0000
stock_b9000_full	L1882201	1	0.7916
stock_b9000_full	L1882838	0	1.0000
stock_b9000_full	L1883125	1	1.0000
stock_b9000_full	L1883999	0	0.9922
stock_b9000_full	L1886440	0	1.0000
stock_b9000_full	L1889760	0	1.0000
stock_b9000_full	L189322	0	1.0000
stock_b9000_full	L1895575	0	1.0000
stock_b9000_full	L1897444	0	1.0000
stock_b9000_full	L1898605	0	1.0000
stock_b9000_full	L1898611	0	1.0000
stock_b9000_full	L190102	0	1.0000
stock_b9000_full	L1902625	1	1.0000
stock_b9000_full	L1905283	0	1.0000
stock_b9000_full	L190650	0	1.0000
stock_b9000_full	L190687	0	1.0000
stock_b9000_full	L1908570	1	0.5036
stock_b9000_full	L1909629	1	0.7551
stock_b9000_full	L1911881	1	0.3776
stock_b9000_full	L1912	0	1.0000
stock_b9000_full	L191488	0	1.0000
stock_b9000_full	L1920826	1	1.0000
stock_b9000_full	L192237	0	1.0000
stock_b9000_full	L1924744	0	1.0000
stock_b9000_full	L1925847	2	1.0000
stock_b9000_full	L1928273	0	1.0000
stock_b9000_full	L1928790	0	1.0000
stock_b9000_full	L1932241	0	1.0000
stock_b9000_full	L1932659	0	1.0000
stock_b9000_full	L1933206	1	0.5404
stock_b9000_full	L1933253	0	1.0000
stock_b9000_full	L1933970	0	1.0000
stock_b9000_full	L1936643	1	1.0000
stock_b9000_full	L1940497	1	0.5044
stock_b9000_full	L1942177	0	1.0000
stock_b9000_full	L1942305	0	1.0000
stock_b9000_full	L1943673	0	1.0000
stock_b9000_full	L1944226	0	1.0000
stock_b9000_full	L1944640	1	0.8942
stock_b9000_full	L1944904	1	0.5690
stock_b9000_full	L194952	0	0.5662
stock_b9000_full	L1951280	0	1.0000
stock_b9000_full	L1952353	0	0.8994
stock_b9000_full	L1953692	0	1.0000
stock_b9000_full	L1954656	0	0.7665
stock_b9000_full	L1955598	0	1.0000
stock_b9000_full	L1955973	0	0.9998
stock_b9000_full	L195908	0	1.0000
stock_b9000_full	L1964032	0	1.0000
stock_b9000_full	L1965961	0	0.9164
stock_b9000_full	L1970360	0	1.0000
stock_b9000_full	L1970493	1	1.0000
stock_b9000_full	L1970551	1	1.0000
stock_b9000_full	L1970668	0	1.0000
stock_b9000_full	L1971017	0	1.0000
stock_b9000_full	L1975091	1	0.8402
stock_b9000_full	L1975857	0	0.9998
stock_b9000_full	L197613	0	1.0000
stock_b9000_full	L1976785	0	1.0000
stock_b9000_full	L1981866	0	1.0000
stock_b9000_full	L1982300	0	1.0000
stock_b9000_full	L1983183	0	1.0000
stock_b9000_full	L1986059	0	0.9991
stock_b9000_full	L1990411	0	1.0000
stock_b9000_full	L1991628	0	1.0000
stock_b9000_full	L1994839	0	1.0000
stock_b9000_full	L1996032	0	1.0000
stock_b9000_full	L202116	0	1.0000
stock_b9000_full	L204802	0	0.7253
stock_b9000_full	L208863	0	1.0000
stock_b9000_full	L209724	0	0.8465
stock_b9000_full	L2105	0	1.0000
stock_b9000_full	L210838	0	1.0000
stock_b9000_full	L21151	0	0.7703
stock_b9000_full	L216034	1	0.5963
stock_b9000_full	L216528	0	1.0000
stock_b9000_full	L217349	0	1.0000
stock_b9000_full	L222365	0	0.9989
stock_b9000_full	L225416	0	0.9976
stock_b9000_full	L227476	0	1.0000
stock_b9000_full	L228723	0	1.0000
stock_b9000_full	L231682	0	1.0000
stock_b9000_full	L232060	0	1.0000
stock_b9000_full	L233375	0	1.0000
stock_b9000_full	L235764	0	1.0000
stock_b9000_full	L238858	1	1.0000
stock_b9000_full	L243818	0	1.0000
stock_b9000_full	L244003	0	0.9997
stock_b9000_full	L244965	0	1.0000
stock_b9000_full	L24866	0	1.0000
stock_b9000_full	L250969	0	1.0000
stock_b9000_full	L252902	0	1.0000
stock_b9000_full	L253345	0	0.9483
stock_b9000_full	L257043	0	0.9711
stock_b9000_full	L257465	0	0.5364
stock_b9000_full	L258378	0	1.0000
stock_b9000_full	L258696	0	1.0000
stock_b9000_full	L260842	0	0.9588
stock_b9000_full	L260939	0	0.9999
stock_b9000_full	L261190	0	1.0000
stock_b9000_full	L267309	1	0.3504
stock_b9000_full	L267846	0	1.0000
stock_b9000_full	L270977	0	1.0000
stock_b9000_full	L272730	0	1.0000
stock_b9000_full	L273461	1	1.0000
stock_b9000_full	L282320	0	1.0000
stock_b9000_full	L283173	1	1.0000
stock_b9000_full	L283368	1	0.8683
stock_b9000_full	L288752	0	1.0000
stock_b9000_full	L2888	1	1.0000
stock_b9000_full	L293305	1	1.0000
stock_b9000_full	L293537	0	1.0000
stock_b9000_full	L294764	1	0.8011
stock_b9000_full	L299364	0	1.0000
stock_b9000_full	L299595	1	1.0000
stock_b9000_full	L299782	0	1.0000
stock_b9000_full	L300401	0	1.0000
stock_b9000_full	L30336	0	0.9656
stock_b9000_full	L310087	0	1.0000
stock_b9000_full	L312118	0	1.0000
stock_b9000_full	L318026	0	0.9998
stock_b9000_full	L318722	0	1.0000
stock_b9000_full	L31952	0	1.0000
stock_b9000_full	L319839	0	1.0000
stock_b9000_full	L319888	0	0.8817
stock_b9000_full	L320440	1	1.0000
stock_b9000_full	L321627	0	1.0000
stock_b9000_full	L322333	0	1.0000
stock_b9000_full	L322794	0	1.0000
stock_b9000_full	L322866	0	1.0000
stock_b9000_full	L324151	0	1.0000
stock_b9000_full	L324946	0	1.0000
stock_b9000_full	L32606	0	1.0000
stock_b9000_full	L326205	0	1.0000
stock_b9000_full	L327486	0	1.0000
stock_b9000_full	L331805	1	1.0000
stock_b9000_full	L331807	1	1.0000
stock_b9000_full	L333401	0	1.0000
stock_b9000_full	L333865	0	1.0000
stock_b9000_full	L335478	0	1.0000
stock_b9000_full	L336916	1	0.2604
stock_b9000_full	L337726	1	1.0000
stock_b9000_full	L343911	0	1.0000
stock_b9000_full	L346110	0	1.0000
stock_b9000_full	L35206	0	1.0000
stock_b9000_full	L352100	0	1.0000
stock_b9000_full	L353330	0	1.0000
stock_b9000_full	L353755	0	1.0000
stock_b9000_full	L354281	1	0.9864
stock_b9000_full	L355469	0	0.9771
stock_b9000_full	L355973	0	0.5274
stock_b9000_full	L358098	0	1.0000
stock_b9000_full	L358427	0	1.0000
stock_b9000_full	L36185	1	1.0000
stock_b9000_full	L36374	0	1.0000
stock_b9000_full	L36393	1	1.0000
stock_b9000_full	L364477	0	1.0000
stock_b9000_full	L368265	0	0.9998
stock_b9000_full	L369221	0	1.0000
stock_b9000_full	L370516	0	1.0000
stock_b9000_full	L375608	0	1.0000
stock_b9000_full	L375999	1	0.5536
stock_b9000_full	L376343	0	1.0000
stock_b9000_full	L377914	1	1.0000
stock_b9000_full	L380751	0	0.6527
stock_b9000_full	L382166	0	1.0000
stock_b9000_full	L382724	0	1.0000
stock_b9000_full	L383909	0	1.0000
stock_b9000_full	L385595	0	1.0000
stock_b9000_full	L386761	0	1.0000
stock_b9000_full	L38847	0	1.0000
stock_b9000_full	L388838	1	1.0000
stock_b9000_full	L390056	0	1.0000
stock_b9000_full	L390847	1	1.0000
stock_b9000_full	L391263	0	1.0000
stock_b9000_full	L394934	0	1.0000
stock_b9000_full	L396359	0	1.0000
stock_b9000_full	L397005	1	0.7237
stock_b9000_full	L398087	1	0.4358
stock_b9000_full	L401127	0	1.0000
stock_b9000_full	L402454	0	1.0000
stock_b9000_full	L403424	0	1.0000
stock_b9000_full	L405687	1	0.6507
stock_b9000_full	L409413	0	0.6034
stock_b9000_full	L411451	0	1.0000
stock_b9000_full	L414909	0	1.0000
stock_b9000_full	L414959	0	1.0000
stock_b9000_full	L418437	0	1.0000
stock_b9000_full	L419149	0	1.0000
stock_b9000_full	L422199	0	1.0000
stock_b9000_full	L42258	0	1.0000
stock_b9000_full	L425262	1	1.0000
stock_b9000_full	L425629	0	0.9603
stock_b9000_full	L431467	0	1.0000
stock_b9000_full	L433013	0	1.0000
stock_b9000_full	L435219	0	1.0000
stock_b9000_full	L442957	0	1.0000
stock_b9000_full	L4469	0	1.0000
stock_b9000_full	L446901	0	1.0000
stock_b9000_full	L449888	0	1.0000
stock_b9000_full	L450863	0	1.0000
stock_b9000_full	L454426	0	1.0000
stock_b9000_full	L456423	0	1.0000
stock_b9000_full	L458224	1	0.7408
stock_b9000_full	L45866	0	1.0000
stock_b9000_full	L459126	1	0.7246
stock_b9000_full	L459710	1	0.9731
stock_b9000_full	L460845	1	0.9255
stock_b9000_full	L462461	0	0.5869
stock_b9000_full	L462611	1	0.9211
stock_b9000_full	L465953	0	1.0000
stock_b9000_full	L466572	1	0.5376
stock_b9000_full	L469914	0	1.0000
stock_b9000_full	L472973	0	1.0000
stock_b9000_full	L47627	0	1.0000
stock_b9000_full	L477052	1	0.9842
stock_b9000_full	L477480	1	0.5758
stock_b9000_full	L478354	0	1.0000
stock_b9000_full	L480723	0	0.9984
stock_b9000_full	L481009	1	0.6160
stock_b9000_full	L481562	1	1.0000
stock_b9000_full	L481889	0	1.0000
stock_b9000_full	L482581	0	1.0000
stock_b9000_full	L488483	1	1.0000
stock_b9000_full	L494762	0	1.0000
stock_b9000_full	L496946	1	1.0000
stock_b9000_full	L497994	0	1.0000
stock_b9000_full	L498642	0	1.0000
stock_b9000_full	L499837	0	1.0000
stock_b9000_full	L500481	0	1.0000
stock_b9000_full	L501837	1	1.0000
stock_b9000_full	L506324	0	1.0000
stock_b9000_full	L5117	0	1.0000
stock_b9000_full	L511916	0	1.0000
stock_b9000_full	L515141	0	1.0000
stock_b9000_full	L516046	0	1.0000
stock_b9000_full	L520263	0	1.0000
stock_b9000_full	L521167	0	1.0000
stock_b9000_full	L521904	0	0.9948
stock_b9000_full	L523867	0	1.0000
stock_b9000_full	L524464	1	0.6168
stock_b9000_full	L525527	0	0.9999
stock_b9000_full	L529623	0	1.0000
stock_b9000_full	L531061	0	1.0000
stock_b9000_full	L533105	0	1.0000
stock_b9000_full	L534964	0	1.0000
stock_b9000_full	L535240	0	0.9617
stock_b9000_full	L535400	1	0.7859
stock_b9000_full	L536467	0	1.0000
stock_b9000_full	L536524	0	1.0000
stock_b9000_full	L539572	0	0.9448
stock_b9000_full	L539623	0	1.0000
stock_b9000_full	L541274	0	1.0000
stock_b9000_full	L541585	0	1.0000
stock_b9000_full	L543256	0	1.0000
stock_b9000_full	L544561	0	1.0000
stock_b9000_full	L545165	1	0.8097
stock_b9000_full	L546910	0	1.0000
stock_b9000_full	L548504	0	1.0000
stock_b9000_full	L551442	0	1.0000
stock_b9000_full	L555925	0	1.0000
stock_b9000_full	L556696	0	1.0000
stock_b9000_full	L559531	0	1.0000
stock_b9000_full	L560176	0	1.0000
stock_b9000_full	L561367	1	0.6033
stock_b9000_full	L564679	1	1.0000
stock_b9000_full	L566745	1	0.9884
stock_b9000_full	L568989	0	1.0000
stock_b9000_full	L570772	0	1.0000
stock_b9000_full	L572521	0	1.0000
stock_b9000_full	L577507	0	1.0000
stock_b9000_full	L578197	1	0.5133
stock_b9000_full	L584866	0	1.0000
stock_b9000_full	L586948	1	0.8815
stock_b9000_full	L589777	1	1.0000
stock_b9000_full	L589868	0	1.0000
stock_b9000_full	L590205	0	1.0000
stock_b9000_full	L59044	0	1.0000
stock_b9000_full	L599511	0	1.0000
stock_b9000_full	L60389	0	1.0000
stock_b9000_full	L614050	0	1.0000
stock_b9000_full	L617862	1	0.7272
stock_b9000_full	L620966	0	1.0000
stock_b9000_full	L623278	1	1.0000
stock_b9000_full	L62337	1	0.4073
stock_b9000_full	L626238	0	0.9983
stock_b9000_full	L626353	1	0.8962
stock_b9000_full	L62839	0	1.0000
stock_b9000_full	L632457	0	1.0000
stock_b9000_full	L635118	0	1.0000
stock_b9000_full	L636888	0	1.0000
stock_b9000_full	L639959	0	1.0000
stock_b9000_full	L640160	0	1.0000
stock_b9000_full	L641936	0	0.7595
stock_b9000_full	L642984	0	1.0000
stock_b9000_full	L644406	0	0.9646
stock_b9000_full	L644497	0	1.0000
stock_b9000_full	L646751	0	1.0000
stock_b9000_full	L649091	1	1.0000
stock_b9000_full	L652753	0	1.0000
stock_b9000_full	L657061	0	1.0000
stock_b9000_full	L657332	0	1.0000
stock_b9000_full	L657537	0	1.0000
stock_b9000_full	L658591	0	1.0000
stock_b9000_full	L659549	0	0.9505
stock_b9000_full	L660443	0	0.9998
stock_b9000_full	L663427	0	0.9227
stock_b9000_full	L665914	1	1.0000
stock_b9000_full	L666180	0	1.0000
stock_b9000_full	L667013	0	1.0000
stock_b9000_full	L667839	0	1.0000
stock_b9000_full	L669436	0	1.0000
stock_b9000_full	L66992	0	1.0000
stock_b9000_full	L677371	0	1.0000
stock_b9000_full	L678289	0	1.0000
stock_b9000_full	L678676	0	1.0000
stock_b9000_full	L679717	0	0.6080
stock_b9000_full	L680683	0	1.0000
stock_b9000_full	L681033	0	1.0000
stock_b9000_full	L681532	0	1.0000
stock_b9000_full	L681559	0	1.0000
stock_b9000_full	L681852	0	1.0000
stock_b9000_full	L684567	0	1.0000
stock_b9000_full	L685962	0	1.0000
stock_b9000_full	L686506	0	1.0000
stock_b9000_full	L689721	0	1.0000
stock_b9000_full	L691596	0	1.0000
stock_b9000_full	L692386	0	1.0000
stock_b9000_full	L693733	1	0.5464
stock_b9000_full	L694998	0	1.0000
stock_b9000_full	L699028	0	0.9620
stock_b9000_full	L700056	0	1.0000
stock_b9000_full	L700404	0	1.0000
stock_b9000_full	L702168	0	1.0000
stock_b9000_full	L70331	0	0.9999
stock_b9000_full	L704136	0	1.0000
stock_b9000_full	L704338	1	1.0000
stock_b9000_full	L705787	0	0.7895
stock_b9000_full	L706127	0	0.4384
stock_b9000_full	L706802	0	1.0000
stock_b9000_full	L707187	0	1.0000
stock_b9000_full	L710321	0	1.0000
stock_b9000_full	L711529	0	1.0000
stock_b9000_full	L71277	1	1.0000
stock_b9000_full	L713051	0	1.0000
stock_b9000_full	L715677	0	1.0000
stock_b9000_full	L716679	0	1.0000
stock_b9000_full	L720310	0	1.0000
stock_b9000_full	L720918	0	1.0000
stock_b9000_full	L722647	0	1.0000
stock_b9000_full	L722885	0	0.8525
stock_b9000_full	L725643	0	0.9406
stock_b9000_full	L730413	0	1.0000
stock_b9000_full	L731956	0	1.0000
stock_b9000_full	L736973	0	1.0000
stock_b9000_full	L740874	0	1.0000
stock_b9000_full	L741246	0	1.0000
stock_b9000_full	L742863	0	1.0000
stock_b9000_full	L743451	1	0.2671
stock_b9000_full	L748093	0	1.0000
stock_b9000_full	L751266	0	0.6099
stock_b9000_full	L752342	1	1.0000
stock_b9000_full	L752475	0	1.0000
stock_b9000_full	L752653	0	1.0000
stock_b9000_full	L75387	0	1.0000
stock_b9000_full	L754764	0	1.0000
stock_b9000_full	L755702	1	1.0000
stock_b9000_full	L759676	0	1.0000
stock_b9000_full	L759690	0	1.0000
stock_b9000_full	L759925	0	1.0000
stock_b9000_full	L760304	0	1.0000
stock_b9000_full	L762113	0	1.0000
stock_b9000_full	L762771	0	0.7229
stock_b9000_full	L763808	0	1.0000
stock_b9000_full	L764107	1	1.0000
stock_b9000_full	L764127	0	0.9963
stock_b9000_full	L764282	0	1.0000
stock_b9000_full	L764916	0	0.9999
stock_b9000_full	L77164	0	1.0000
stock_b9000_full	L773134	0	1.0000
stock_b9000_full	L774588	0	1.0000
stock_b9000_full	L774738	0	1.0000
stock_b9000_full	L775906	0	1.0000
stock_b9000_full	L778698	0	1.0000
stock_b9000_full	L779464	0	1.0000
stock_b9000_full	L779937	0	1.0000
stock_b9000_full	L780609	0	1.0000
stock_b9000_full	L784473	0	1.0000
stock_b9000_full	L787550	0	1.0000
stock_b9000_full	L789409	0	1.0000
stock_b9000_full	L790771	0	1.0000
stock_b9000_full	L792951	1	1.0000
stock_b9000_full	L79315	0	1.0000
stock_b9000_full	L793490	0	1.0000
stock_b9000_full	L79406	0	1.0000
stock_b9000_full	L79610	1	1.0000
stock_b9000_full	L796809	0	0.4583
stock_b9000_full	L798449	0	1.0000
stock_b9000_full	L801473	0	1.0000
stock_b9000_full	L801620	0	0.9708
stock_b9000_full	L801738	1	0.5151
stock_b9000_full	L803364	1	0.9453
stock_b9000_full	L803613	0	1.0000
stock_b9000_full	L804778	1	0.8658
stock_b9000_full	L808364	1	1.0000
stock_b9000_full	L809372	0	1.0000
stock_b9000_full	L809693	1	0.5136
stock_b9000_full	L811734	0	1.0000
stock_b9000_full	L81215	0	1.0000
stock_b9000_full	L812450	0	1.0000
stock_b9000_full	L812672	0	1.0000
stock_b9000_full	L815977	0	0.8809
stock_b9000_full	L816644	0	1.0000
stock_b9000_full	L81909	0	1.0000
stock_b9000_full	L819563	0	1.0000
stock_b9000_full	L821100	0	1.0000
stock_b9000_full	L822334	0	1.0000
stock_b9000_full	L824223	0	1.0000
stock_b9000_full	L827048	0	1.0000
stock_b9000_full	L827129	0	1.0000
stock_b9000_full	L829233	0	0.7139
stock_b9000_full	L83001	0	1.0000
stock_b9000_full	L830371	0	1.0000
stock_b9000_full	L832923	0	1.0000
stock_b9000_full	L834579	0	1.0000
stock_b9000_full	L834622	0	1.0000
stock_b9000_full	L837955	0	1.0000
stock_b9000_full	L843972	0	0.9237
stock_b9000_full	L845031	0	1.0000
stock_b9000_full	L846960	0	1.0000
stock_b9000_full	L847988	0	1.0000
stock_b9000_full	L849505	0	1.0000
stock_b9000_full	L851847	0	1.0000
stock_b9000_full	L853299	0	1.0000
stock_b9000_full	L855747	1	0.4109
stock_b9000_full	L855935	0	1.0000
stock_b9000_full	L856753	0	1.0000
stock_b9000_full	L85748	0	0.9990
stock_b9000_full	L858843	0	1.0000
stock_b9000_full	L862725	0	1.0000
stock_b9000_full	L864050	0	1.0000
stock_b9000_full	L86679	0	1.0000
stock_b9000_full	L868640	0	1.0000
stock_b9000_full	L869371	0	1.0000
stock_b9000_full	L869433	0	1.0000
stock_b9000_full	L873249	0	1.0000
stock_b9000_full	L883133	0	1.0000
stock_b9000_full	L883660	0	1.0000
stock_b9000_full	L884453	0	1.0000
stock_b9000_full	L885068	0	1.0000
stock_b9000_full	L885624	0	1.0000
stock_b9000_full	L886084	0	1.0000
stock_b9000_full	L886474	1	0.8511
stock_b9000_full	L886813	0	1.0000
stock_b9000_full	L888328	0	1.0000
stock_b9000_full	L888339	0	1.0000
stock_b9000_full	L888692	0	0.3374
stock_b9000_full	L892540	0	1.0000
stock_b9000_full	L894181	0	1.0000
stock_b9000_full	L895192	1	1.0000
stock_b9000_full	L895682	0	1.0000
stock_b9000_full	L898645	1	0.9221
stock_b9000_full	L900297	1	1.0000
stock_b9000_full	L902295	0	1.0000
stock_b9000_full	L902514	1	0.6982
stock_b9000_full	L906439	0	1.0000
stock_b9000_full	L907227	0	1.0000
stock_b9000_full	L90734	0	1.0000
stock_b9000_full	L909856	0	1.0000
stock_b9000_full	L910412	1	0.5390
stock_b9000_full	L910841	1	0.9815
stock_b9000_full	L911364	0	1.0000
stock_b9000_full	L912237	0	1.0000
stock_b9000_full	L913833	0	1.0000
stock_b9000_full	L914150	0	1.0000
stock_b9000_full	L914195	0	1.0000
stock_b9000_full	L91480	1	1.0000
stock_b9000_full	L918005	0	1.0000
stock_b9000_full	L918018	0	1.0000
stock_b9000_full	L923738	1	0.8620
stock_b9000_full	L924400	0	1.0000
stock_b9000_full	L925260	0	0.9859
stock_b9000_full	L928875	1	1.0000
stock_b9000_full	L93124	0	1.0000
stock_b9000_full	L93295	0	1.0000
stock_b9000_full	L933087	1	1.0000
stock_b9000_full	L933852	0	1.0000
stock_b9000_full	L936253	0	1.0000
stock_b9000_full	L940767	0	0.9999
stock_b9000_full	L941368	0	0.9966
stock_b9000_full	L941926	0	1.0000
stock_b9000_full	L942873	0	1.0000
stock_b9000_full	L943752	0	1.0000
stock_b9000_full	L948601	0	1.0000
stock_b9000_full	L94945	0	0.9544
stock_b9000_full	L949761	1	0.7716
stock_b9000_full	L953203	0	1.0000
stock_b9000_full	L95620	0	1.0000
stock_b9000_full	L957565	0	1.0000
stock_b9000_full	L960419	0	1.0000
stock_b9000_full	L962289	0	1.0000
stock_b9000_full	L96262	0	1.0000
stock_b9000_full	L962680	0	1.0000
stock_b9000_full	L967795	0	1.0000
stock_b9000_full	L968437	0	1.0000
stock_b9000_full	L969615	0	0.5451
stock_b9000_full	L970400	1	0.6112
stock_b9000_full	L972698	0	1.0000
stock_b9000_full	L974207	0	1.0000
stock_b9000_full	L979330	0	1.0000
stock_b9000_full	L983346	0	1.0000
stock_b9000_full	L984768	0	1.0000
stock_b9000_full	L984796	0	1.0000
stock_b9000_full	L985204	0	1.0000
stock_b9000_full	L985959	0	1.0000
stock_b9000_full	L986820	1	1.0000
stock_b9000_full	L989999	1	1.0000
stock_b9000_full	L994491	0	1.0000
stock_b9000_full	L997717	1	1.0000
stock_b9000_full	L998540	0	1.0000
