stock_frag	L1002585	0	0.9992
stock_frag	L1004185	2	0.6466
stock_frag	L1005032	1	1.0000
stock_frag	L1011227	4	1.0000
stock_frag	L1012049	1	0.5001
stock_frag	L1012199	0	0.9738
stock_frag	L1016849	7	0.5011
stock_frag	L1017537	0	1.0000
stock_frag	L1021907	1	1.0000
stock_frag	L1024044	0	1.0000
stock_frag	L1024542	3	1.0000
stock_frag	L1025399	0	1.0000
stock_frag	L1026799	1	0.4978
stock_frag	L102922	2	0.7722
stock_frag	L1029951	1	0.9705
stock_frag	L1030819	0	1.0000
stock_frag	L103249	2	1.0000
stock_frag	L1036266	0	1.0000
stock_frag	L1036426	0	1.0000
stock_frag	L1038977	1	0.9999
stock_frag	L1044163	1	0.5003
stock_frag	L1044444	3	0.9955
stock_frag	L1046348	0	0.4649
stock_frag	L1046966	0	0.9941
stock_frag	L1050743	0	1.0000
stock_frag	L1052309	0	1.0000
stock_frag	L1053445	0	1.0000
stock_frag	L1054346	1	0.9982
stock_frag	L1055550	0	1.0000
stock_frag	L1058576	1	1.0000
stock_frag	L1060120	0	1.0000
stock_frag	L1061482	2	1.0000
stock_frag	L1061587	1	1.0000
stock_frag	L1062126	1	1.0000
stock_frag	L1063587	1	0.6509
stock_frag	L1064227	0	1.0000
stock_frag	L1065804	1	1.0000
stock_frag	L1068964	0	0.8678
stock_frag	L1069832	0	1.0000
stock_frag	L1071754	1	1.0000
stock_frag	L1072449	0	0.9894
stock_frag	L1073165	0	0.6885
stock_frag	L1075189	0	0.6597
stock_frag	L1081827	4	0.9324
stock_frag	L1082663	0	1.0000
stock_frag	L1083972	2	1.0000
stock_frag	L1085175	4	1.0000
stock_frag	L1087086	3	0.9994
stock_frag	L1087105	1	1.0000
stock_frag	L1089119	3	1.0000
stock_frag	L1090631	1	1.0000
stock_frag	L1091178	2	1.0000
stock_frag	L1091281	1	0.5595
stock_frag	L1091323	1	1.0000
stock_frag	L1091479	1	0.9998
stock_frag	L1092388	0	0.8965
stock_frag	L1096376	0	0.9999
stock_frag	L1099155	1	1.0000
stock_frag	L1101520	0	1.0000
stock_frag	L1106265	0	1.0000
stock_frag	L1106965	0	1.0000
stock_frag	L1107538	0	1.0000
stock_frag	L1109734	0	1.0000
stock_frag	L1110523	3	1.0000
stock_frag	L1116847	0	1.0000
stock_frag	L1117806	0	1.0000
stock_frag	L1123172	2	1.0000
stock_frag	L112480	5	1.0000
stock_frag	L1125468	0	1.0000
stock_frag	L1125564	1	0.9706
stock_frag	L1126749	5	1.0000
stock_frag	L1127804	1	1.0000
stock_frag	L1128821	0	0.9939
stock_frag	L1132817	0	1.0000
stock_frag	L1134826	4	1.0000
stock_frag	L1135019	4	0.4313
stock_frag	L113844	2	1.0000
stock_frag	L1138559	0	1.0000
stock_frag	L1139573	1	0.4033
stock_frag	L1142178	1	0.9715
stock_frag	L1143584	1	1.0000
stock_frag	L1146782	6	0.8333
stock_frag	L1148275	4	1.0000
stock_frag	L1148681	5	1.0000
stock_frag	L1148861	4	1.0000
stock_frag	L115160	2	1.0000
stock_frag	L1152742	1	0.4249
stock_frag	L1159462	1	1.0000
stock_frag	L1160593	1	1.0000
stock_frag	L1166860	2	1.0000
stock_frag	L1169308	2	0.8794
stock_frag	L1171933	1	0.8222
stock_frag	L1175689	0	1.0000
stock_frag	L1176510	0	1.0000
stock_frag	L1176819	2	1.0000
stock_frag	L1181526	2	1.0000
stock_frag	L1184831	0	1.0000
stock_frag	L1188236	0	1.0000
stock_frag	L1189606	0	1.0000
stock_frag	L1190029	0	1.0000
stock_frag	L1192003	7	1.0000
stock_frag	L1193093	1	0.6638
stock_frag	L1193626	0	0.9984
stock_frag	L1194943	1	1.0000
stock_frag	L1200114	0	1.0000
stock_frag	L1200373	0	1.0000
stock_frag	L1202626	0	0.4585
stock_frag	L1203652	1	1.0000
stock_frag	L1205967	0	0.9990
stock_frag	L1206149	1	1.0000
stock_frag	L1208940	0	1.0000
stock_frag	L120959	1	1.0000
stock_frag	L1211345	0	1.0000
stock_frag	L1212637	0	1.0000
stock_frag	L1212861	1	1.0000
stock_frag	L121334	0	0.9776
stock_frag	L1215236	1	0.5767
stock_frag	L1217544	1	1.0000
stock_frag	L1217630	1	1.0000
stock_frag	L1218521	2	0.9048
stock_frag	L121873	0	1.0000
stock_frag	L1218743	0	1.0000
stock_frag	L1219260	1	1.0000
stock_frag	L1219324	1	0.6646
stock_frag	L1223018	1	0.7096
stock_frag	L12241	2	1.0000
stock_frag	L122411	2	1.0000
stock_frag	L1228313	1	0.5734
stock_frag	L1228316	1	1.0000
stock_frag	L1228698	3	1.0000
stock_frag	L1229975	0	1.0000
stock_frag	L1233030	2	1.0000
stock_frag	L1234322	3	1.0000
stock_frag	L1235564	2	1.0000
stock_frag	L1237368	4	0.7255
stock_frag	L1242536	6	0.5620
stock_frag	L1243882	1	1.0000
stock_frag	L1244427	5	1.0000
stock_frag	L1247700	0	1.0000
stock_frag	L1249050	0	1.0000
stock_frag	L1252273	2	0.9675
stock_frag	L1252715	0	0.9883
stock_frag	L125500	1	1.0000
stock_frag	L125644	0	1.0000
stock_frag	L1263639	0	1.0000
stock_frag	L1263909	1	0.5500
stock_frag	L1267300	6	1.0000
stock_frag	L1267973	2	0.9881
stock_frag	L1268056	2	0.4294
stock_frag	L1269000	2	0.9977
stock_frag	L1269225	2	0.4951
stock_frag	L1269960	2	0.9971
stock_frag	L1270519	2	0.9923
stock_frag	L1271695	2	1.0000
stock_frag	L1274988	7	1.0000
stock_frag	L1277578	0	1.0000
stock_frag	L1277861	0	1.0000
stock_frag	L1281298	3	1.0000
stock_frag	L1283746	0	1.0000
stock_frag	L1284558	1	0.9892
stock_frag	L1286758	2	1.0000
stock_frag	L1291250	1	0.9348
stock_frag	L129208	2	1.0000
stock_frag	L1292363	2	0.8414
stock_frag	L1292503	0	1.0000
stock_frag	L1294408	1	1.0000
stock_frag	L1294453	1	0.9703
stock_frag	L1294952	1	1.0000
stock_frag	L1297512	0	0.9214
stock_frag	L1298142	0	1.0000
stock_frag	L1299862	0	1.0000
stock_frag	L1302458	3	1.0000
stock_frag	L1307852	0	1.0000
stock_frag	L130839	0	0.9998
stock_frag	L1309046	9	1.0000
stock_frag	L1314993	1	1.0000
stock_frag	L1316645	4	1.0000
stock_frag	L1316673	2	1.0000
stock_frag	L1319261	4	1.0000
stock_frag	L1320029	3	0.7251
stock_frag	L1321139	3	0.9052
stock_frag	L1322298	1	1.0000
stock_frag	L1325043	0	1.0000
stock_frag	L1328601	1	0.7339
stock_frag	L1330004	0	1.0000
stock_frag	L1334204	1	1.0000
stock_frag	L1334727	1	1.0000
stock_frag	L1337969	2	0.5259
stock_frag	L1338440	0	1.0000
stock_frag	L1338867	1	1.0000
stock_frag	L13406	0	1.0000
stock_frag	L1341334	0	1.0000
stock_frag	L1342936	0	0.8597
stock_frag	L1343571	8	1.0000
stock_frag	L134770	1	1.0000
stock_frag	L1348767	2	1.0000
stock_frag	L1349954	0	1.0000
stock_frag	L1350260	3	0.6141
stock_frag	L1354350	0	1.0000
stock_frag	L1358832	2	1.0000
stock_frag	L1362201	1	0.7167
stock_frag	L1362636	1	0.6767
stock_frag	L1365362	1	1.0000
stock_frag	L1366477	1	1.0000
stock_frag	L1369644	0	0.9885
stock_frag	L13698	1	0.6876
stock_frag	L1371092	1	1.0000
stock_frag	L1372683	2	1.0000
stock_frag	L1372686	7	0.9857
stock_frag	L1373403	0	1.0000
stock_frag	L1378339	2	0.5003
stock_frag	L1379425	1	1.0000
stock_frag	L1380845	0	1.0000
stock_frag	L1382177	0	0.9981
stock_frag	L1382936	1	0.9993
stock_frag	L1382969	0	0.9351
stock_frag	L1383932	4	1.0000
stock_frag	L1384051	2	1.0000
stock_frag	L1393346	2	1.0000
stock_frag	L1394372	2	0.8069
stock_frag	L1398058	0	1.0000
stock_frag	L1398565	8	1.0000
stock_frag	L1400233	1	0.8045
stock_frag	L1400557	5	0.7028
stock_frag	L1403214	0	1.0000
stock_frag	L1409097	0	1.0000
stock_frag	L1409378	0	1.0000
stock_frag	L1410763	4	1.0000
stock_frag	L1410905	0	0.9847
stock_frag	L1411655	0	1.0000
stock_frag	L1421095	1	0.6822
stock_frag	L1421423	0	0.9146
stock_frag	L1431164	4	1.0000
stock_frag	L1435268	3	1.0000
stock_frag	L1438447	1	1.0000
stock_frag	L1440099	0	1.0000
stock_frag	L1440354	1	0.9404
stock_frag	L1440579	2	1.0000
stock_frag	L1441065	1	1.0000
stock_frag	L1442950	0	1.0000
stock_frag	L144630	1	1.0000
stock_frag	L144966	0	1.0000
stock_frag	L1450044	0	1.0000
stock_frag	L145721	2	1.0000
stock_frag	L1463127	0	1.0000
stock_frag	L1463808	5	1.0000
stock_frag	L1468044	7	0.9673
stock_frag	L1468317	4	0.6897
stock_frag	L1470882	0	1.0000
stock_frag	L1472026	0	1.0000
stock_frag	L1475336	0	1.0000
stock_frag	L1477	0	1.0000
stock_frag	L1477137	0	0.5758
stock_frag	L1478713	1	0.5058
stock_frag	L1479097	0	1.0000
stock_frag	L1482186	1	0.4759
stock_frag	L1483022	5	1.0000
stock_frag	L1485252	1	0.9499
stock_frag	L1487868	1	0.8225
stock_frag	L1489958	3	0.9994
stock_frag	L1491338	0	1.0000
stock_frag	L1491406	1	1.0000
stock_frag	L1492427	3	0.5045
stock_frag	L1494927	4	0.5727
stock_frag	L1496723	0	1.0000
stock_frag	L14998	0	1.0000
stock_frag	L1500041	0	0.9608
stock_frag	L1500792	3	0.7237
stock_frag	L1501054	2	1.0000
stock_frag	L1501117	3	0.9765
stock_frag	L150284	3	1.0000
stock_frag	L1503080	3	1.0000
stock_frag	L1506056	4	1.0000
stock_frag	L1506305	1	0.4948
stock_frag	L1507593	1	0.9047
stock_frag	L1507721	3	0.5998
stock_frag	L1509635	0	1.0000
stock_frag	L1511077	1	1.0000
stock_frag	L1511516	8	1.0000
stock_frag	L151270	1	1.0000
stock_frag	L1513453	0	0.6056
stock_frag	L1513508	0	0.7571
stock_frag	L1514059	2	1.0000
stock_frag	L151434	0	1.0000
stock_frag	L1520281	6	0.5008
stock_frag	L1522665	0	0.9999
stock_frag	L1525581	0	1.0000
stock_frag	L152670	1	1.0000
stock_frag	L1527449	1	0.8645
stock_frag	L1532593	1	0.9084
stock_frag	L1537084	3	0.7247
stock_frag	L1545445	7	1.0000
stock_frag	L1549764	1	0.8587
stock_frag	L1553511	4	1.0000
stock_frag	L1555961	2	1.0000
stock_frag	L1556158	0	1.0000
stock_frag	L1559085	0	1.0000
stock_frag	L1559370	3	1.0000
stock_frag	L1561684	1	1.0000
stock_frag	L1563921	6	1.0000
stock_frag	L1564440	10	1.0000
stock_frag	L1564788	1	0.6742
stock_frag	L1570442	2	1.0000
stock_frag	L1577548	4	1.0000
stock_frag	L1582773	2	1.0000
stock_frag	L1586476	0	1.0000
stock_frag	L1591774	6	0.8569
stock_frag	L1592464	2	0.9974
stock_frag	L1592890	4	0.9842
stock_frag	L1593009	1	0.9966
stock_frag	L1594265	6	1.0000
stock_frag	L15949	1	1.0000
stock_frag	L1595729	1	0.5010
stock_frag	L1596023	2	1.0000
stock_frag	L1596979	0	0.9068
stock_frag	L1599150	0	1.0000
stock_frag	L1605496	2	1.0000
stock_frag	L1608356	4	0.6012
stock_frag	L1608408	1	1.0000
stock_frag	L1609523	0	0.9999
stock_frag	L1611831	4	1.0000
stock_frag	L1613719	1	0.9489
stock_frag	L1613862	1	0.9867
stock_frag	L1614892	0	1.0000
stock_frag	L1615590	0	0.9999
stock_frag	L1616879	2	1.0000
stock_frag	L1617022	0	0.8589
stock_frag	L1619438	4	1.0000
stock_frag	L1619907	0	1.0000
stock_frag	L1620099	4	0.9998
stock_frag	L1622776	1	0.9548
stock_frag	L1622804	3	1.0000
stock_frag	L1623315	0	1.0000
stock_frag	L1625869	0	1.0000
stock_frag	L1632251	2	1.0000
stock_frag	L1632593	3	0.5758
stock_frag	L1633409	2	0.9985
stock_frag	L163519	0	1.0000
stock_frag	L1635479	0	0.9995
stock_frag	L1638116	1	0.6710
stock_frag	L1642892	2	0.5146
stock_frag	L1647022	0	1.0000
stock_frag	L1649256	0	1.0000
stock_frag	L1650196	11	0.9991
stock_frag	L1654301	0	1.0000
stock_frag	L1656331	1	0.9999
stock_frag	L1657868	3	0.9821
stock_frag	L1658774	6	0.6459
stock_frag	L1660134	1	0.8369
stock_frag	L166249	0	1.0000
stock_frag	L1663458	2	0.9166
stock_frag	L16644	0	1.0000
stock_frag	L1664922	8	1.0000
stock_frag	L1666954	3	1.0000
stock_frag	L1668737	1	0.9871
stock_frag	L167239	3	0.8062
stock_frag	L167308	0	1.0000
stock_frag	L1673443	2	0.9908
stock_frag	L1677915	0	0.9992
stock_frag	L1679070	1	0.7306
stock_frag	L1679327	2	1.0000
stock_frag	L1681571	1	0.7117
stock_frag	L1683975	4	1.0000
stock_frag	L1687257	1	0.8258
stock_frag	L1689425	3	0.9898
stock_frag	L1690704	9	1.0000
stock_frag	L1690718	2	0.9985
stock_frag	L1692614	1	1.0000
stock_frag	L1693021	1	0.5110
stock_frag	L1693729	0	0.5007
stock_frag	L1698795	0	1.0000
stock_frag	L1700325	1	1.0000
stock_frag	L1701759	1	0.5279
stock_frag	L1706009	2	1.0000
stock_frag	L1710196	0	0.9985
stock_frag	L1713230	1	0.9820
stock_frag	L1714485	1	0.6363
stock_frag	L1715650	1	0.5188
stock_frag	L1717886	6	0.8282
stock_frag	L1720587	3	0.8719
stock_frag	L1721987	0	1.0000
stock_frag	L1722777	0	1.0000
stock_frag	L1724773	0	0.9356
stock_frag	L1725448	4	0.9639
stock_frag	L1727481	9	1.0000
stock_frag	L1728562	3	0.9857
stock_frag	L1729015	6	1.0000
stock_frag	L1729974	9	1.0000
stock_frag	L1731527	1	0.9725
stock_frag	L173383	0	1.0000
stock_frag	L1735097	7	1.0000
stock_frag	L1736351	0	1.0000
stock_frag	L1736591	0	1.0000
stock_frag	L1739879	2	1.0000
stock_frag	L1741008	0	1.0000
stock_frag	L1741461	1	0.8125
stock_frag	L174176	0	0.5246
stock_frag	L1741919	2	0.8390
stock_frag	L1743480	5	1.0000
stock_frag	L1744154	7	1.0000
stock_frag	L1746595	0	0.9994
stock_frag	L1748112	0	1.0000
stock_frag	L1748957	0	0.9534
stock_frag	L1749257	0	0.8592
stock_frag	L175348	3	1.0000
stock_frag	L1753832	0	1.0000
stock_frag	L1755416	3	1.0000
stock_frag	L1758324	2	0.9932
stock_frag	L1758608	0	1.0000
stock_frag	L1758614	5	1.0000
stock_frag	L1758704	1	0.8113
stock_frag	L1762064	1	0.9715
stock_frag	L1765663	3	1.0000
stock_frag	L1766093	2	0.9941
stock_frag	L176738	6	1.0000
stock_frag	L1768336	4	0.8586
stock_frag	L176876	0	1.0000
stock_frag	L1768935	1	1.0000
stock_frag	L1770348	0	1.0000
stock_frag	L1770471	0	1.0000
stock_frag	L1772400	1	0.8581
stock_frag	L1774077	2	0.6304
stock_frag	L1774332	4	1.0000
stock_frag	L177650	0	1.0000
stock_frag	L1778239	1	0.5663
stock_frag	L1778753	1	0.5011
stock_frag	L1785009	3	0.9995
stock_frag	L1788156	3	1.0000
stock_frag	L179015	0	0.9312
stock_frag	L1790481	3	0.4282
stock_frag	L1791527	3	0.4084
stock_frag	L1792265	3	1.0000
stock_frag	L1793065	3	0.7178
stock_frag	L1794712	3	1.0000
stock_frag	L1794839	1	0.6577
stock_frag	L1796826	5	0.8566
stock_frag	L1797546	0	1.0000
stock_frag	L1798302	0	1.0000
stock_frag	L1799840	2	1.0000
stock_frag	L1801258	1	1.0000
stock_frag	L1802345	4	1.0000
stock_frag	L180509	1	0.9996
stock_frag	L1808966	1	0.5114
stock_frag	L1809234	1	0.5148
stock_frag	L1811231	1	0.4596
stock_frag	L1812445	3	1.0000
stock_frag	L1814309	1	0.3445
stock_frag	L1816451	0	0.8400
stock_frag	L1817551	2	0.6114
stock_frag	L1820447	2	0.9051
stock_frag	L1821765	0	0.9946
stock_frag	L1822989	0	1.0000
stock_frag	L1823086	1	1.0000
stock_frag	L1825981	2	1.0000
stock_frag	L1826918	0	1.0000
stock_frag	L1830338	0	1.0000
stock_frag	L18313	2	1.0000
stock_frag	L1831368	0	1.0000
stock_frag	L183802	1	1.0000
stock_frag	L1838244	0	1.0000
stock_frag	L1838501	9	0.5067
stock_frag	L1838652	7	0.9759
stock_frag	L1840388	5	0.7208
stock_frag	L1848896	8	1.0000
stock_frag	L1856065	1	0.7579
stock_frag	L1857129	1	0.7692
stock_frag	L1858192	0	1.0000
stock_frag	L1858235	1	0.8764
stock_frag	L1859863	0	0.8212
stock_frag	L1860283	5	0.9997
stock_frag	L1867226	1	0.5897
stock_frag	L186847	6	1.0000
stock_frag	L1869818	8	1.0000
stock_frag	L1872590	0	1.0000
stock_frag	L1872595	1	1.0000
stock_frag	L1873245	2	1.0000
stock_frag	L1873642	2	1.0000
stock_frag	L1874928	2	0.9982
stock_frag	L1876149	2	0.9443
stock_frag	L18800	2	1.0000
stock_frag	L1882201	1	0.9999
stock_frag	L1882838	1	0.6672
stock_frag	L1883125	1	0.9811
stock_frag	L1883999	2	0.7402
stock_frag	L1886440	0	0.9930
stock_frag	L1889760	0	1.0000
stock_frag	L189322	1	0.7382
stock_frag	L1895575	6	1.0000
stock_frag	L1897444	1	0.8512
stock_frag	L1898605	0	0.9997
stock_frag	L1898611	0	1.0000
stock_frag	L190102	0	1.0000
stock_frag	L1902625	2	1.0000
stock_frag	L1905283	2	1.0000
stock_frag	L190650	0	1.0000
stock_frag	L190687	1	1.0000
stock_frag	L1908570	1	1.0000
stock_frag	L1909629	2	0.6796
stock_frag	L1911881	1	0.8223
stock_frag	L1912	0	1.0000
stock_frag	L191488	2	0.5807
stock_frag	L1920826	3	1.0000
stock_frag	L192237	2	0.6817
stock_frag	L1924744	0	1.0000
stock_frag	L1925847	2	1.0000
stock_frag	L1928273	1	1.0000
stock_frag	L1928790	1	0.9848
stock_frag	L1932241	1	1.0000
stock_frag	L1932659	0	1.0000
stock_frag	L1933206	1	1.0000
stock_frag	L1933253	0	1.0000
stock_frag	L1933970	0	0.9994
stock_frag	L1936643	0	0.9966
stock_frag	L1940497	4	1.0000
stock_frag	L1942177	2	1.0000
stock_frag	L1942305	1	1.0000
stock_frag	L1943673	7	1.0000
stock_frag	L1944226	1	0.9996
stock_frag	L1944640	2	1.0000
stock_frag	L1944904	4	0.9783
stock_frag	L194952	1	1.0000
stock_frag	L1951280	0	1.0000
stock_frag	L1952353	3	0.9994
stock_frag	L1953692	2	1.0000
stock_frag	L1954656	0	0.8301
stock_frag	L1955598	3	1.0000
stock_frag	L1955973	2	0.9280
stock_frag	L195908	0	1.0000
stock_frag	L1964032	2	1.0000
stock_frag	L1965961	1	0.8421
stock_frag	L1970360	0	1.0000
stock_frag	L1970493	2	1.0000
stock_frag	L1970551	2	1.0000
stock_frag	L1970668	2	0.9987
stock_frag	L1971017	2	1.0000
stock_frag	L1975091	1	1.0000
stock_frag	L1975857	1	1.0000
stock_frag	L197613	3	0.5459
stock_frag	L1976785	1	0.7428
stock_frag	L1981866	2	1.0000
stock_frag	L1982300	0	1.0000
stock_frag	L1983183	3	1.0000
stock_frag	L1986059	0	1.0000
stock_frag	L1990411	0	1.0000
stock_frag	L1991628	0	1.0000
stock_frag	L1994839	0	1.0000
stock_frag	L1996032	0	1.0000
stock_frag	L202116	0	1.0000
stock_frag	L204802	4	1.0000
stock_frag	L208863	1	0.9042
stock_frag	L209724	0	0.3149
stock_frag	L2105	0	1.0000
stock_frag	L210838	4	1.0000
stock_frag	L21151	1	1.0000
stock_frag	L216034	0	1.0000
stock_frag	L216528	1	1.0000
stock_frag	L217349	0	1.0000
stock_frag	L222365	1	1.0000
stock_frag	L225416	1	0.8037
stock_frag	L227476	1	1.0000
stock_frag	L228723	0	1.0000
stock_frag	L231682	0	1.0000
stock_frag	L232060	0	1.0000
stock_frag	L233375	3	0.5330
stock_frag	L235764	0	1.0000
stock_frag	L238858	1	1.0000
stock_frag	L243818	0	1.0000
stock_frag	L244003	4	1.0000
stock_frag	L244965	1	0.9552
stock_frag	L24866	0	0.9828
stock_frag	L250969	0	1.0000
stock_frag	L252902	1	0.8816
stock_frag	L253345	1	1.0000
stock_frag	L257043	5	1.0000
stock_frag	L257465	1	0.9867
stock_frag	L258378	2	0.4803
stock_frag	L258696	0	1.0000
stock_frag	L260842	1	1.0000
stock_frag	L260939	3	1.0000
stock_frag	L261190	0	1.0000
stock_frag	L267309	2	1.0000
stock_frag	L267846	0	1.0000
stock_frag	L270977	1	1.0000
stock_frag	L272730	0	1.0000
stock_frag	L273461	15	1.0000
stock_frag	L282320	0	1.0000
stock_frag	L283173	1	0.9117
stock_frag	L283368	3	1.0000
stock_frag	L288752	0	0.4058
stock_frag	L2888	2	1.0000
stock_frag	L293305	6	1.0000
stock_frag	L293537	0	1.0000
stock_frag	L294764	1	0.5362
stock_frag	L299364	3	1.0000
stock_frag	L299595	4	1.0000
stock_frag	L299782	0	1.0000
stock_frag	L300401	0	1.0000
stock_frag	L30336	0	1.0000
stock_frag	L310087	2	0.4045
stock_frag	L312118	1	1.0000
stock_frag	L318026	1	1.0000
stock_frag	L318722	2	0.9968
stock_frag	L31952	3	1.0000
stock_frag	L319839	0	0.9688
stock_frag	L319888	1	0.5002
stock_frag	L320440	2	1.0000
stock_frag	L321627	1	1.0000
stock_frag	L322333	1	0.7777
stock_frag	L322794	1	1.0000
stock_frag	L322866	1	1.0000
stock_frag	L324151	2	1.0000
stock_frag	L324946	1	1.0000
stock_frag	L32606	3	1.0000
stock_frag	L326205	0	1.0000
stock_frag	L327486	0	1.0000
stock_frag	L331805	0	0.9995
stock_frag	L331807	1	0.9831
stock_frag	L333401	1	1.0000
stock_frag	L333865	0	1.0000
stock_frag	L335478	2	0.5207
stock_frag	L336916	1	0.9815
stock_frag	L337726	3	1.0000
stock_frag	L343911	0	1.0000
stock_frag	L346110	0	1.0000
stock_frag	L35206	4	0.6246
stock_frag	L352100	0	1.0000
stock_frag	L353330	2	1.0000
stock_frag	L353755	4	0.4632
stock_frag	L354281	0	1.0000
stock_frag	L355469	1	0.9999
stock_frag	L355973	5	1.0000
stock_frag	L358098	0	1.0000
stock_frag	L358427	0	1.0000
stock_frag	L36185	1	1.0000
stock_frag	L36374	0	0.9968
stock_frag	L36393	3	0.9664
stock_frag	L364477	0	1.0000
stock_frag	L368265	5	0.7415
stock_frag	L369221	0	0.8591
stock_frag	L370516	0	1.0000
stock_frag	L375608	7	1.0000
stock_frag	L375999	2	0.4942
stock_frag	L376343	1	0.9969
stock_frag	L377914	1	0.9352
stock_frag	L380751	11	1.0000
stock_frag	L382166	0	1.0000
stock_frag	L382724	0	1.0000
stock_frag	L383909	0	0.8480
stock_frag	L385595	0	0.4667
stock_frag	L386761	0	1.0000
stock_frag	L38847	1	0.9574
stock_frag	L388838	5	1.0000
stock_frag	L390056	8	1.0000
stock_frag	L390847	1	1.0000
stock_frag	L391263	1	0.7574
stock_frag	L394934	1	0.8605
stock_frag	L396359	0	1.0000
stock_frag	L397005	1	0.8742
stock_frag	L398087	4	0.9998
stock_frag	L401127	1	0.8879
stock_frag	L402454	2	0.8947
stock_frag	L403424	0	0.9770
stock_frag	L405687	1	0.7323
stock_frag	L409413	3	0.5080
stock_frag	L411451	0	1.0000
stock_frag	L414909	1	1.0000
stock_frag	L414959	0	1.0000
stock_frag	L418437	0	1.0000
stock_frag	L419149	1	1.0000
stock_frag	L422199	0	1.0000
stock_frag	L42258	2	1.0000
stock_frag	L425262	0	0.9908
stock_frag	L425629	1	1.0000
stock_frag	L431467	0	0.9970
stock_frag	L433013	0	1.0000
stock_frag	L435219	0	1.0000
stock_frag	L442957	1	0.9985
stock_frag	L4469	0	1.0000
stock_frag	L446901	0	1.0000
stock_frag	L449888	0	0.6571
stock_frag	L450863	2	1.0000
stock_frag	L454426	1	0.8045
stock_frag	L456423	5	0.6575
stock_frag	L458224	0	0.5001
stock_frag	L45866	0	1.0000
stock_frag	L459126	3	1.0000
stock_frag	L459710	2	1.0000
stock_frag	L460845	1	1.0000
stock_frag	L462461	3	1.0000
stock_frag	L462611	2	0.7478
stock_frag	L465953	1	1.0000
stock_frag	L466572	0	1.0000
stock_frag	L469914	3	1.0000
stock_frag	L472973	2	0.8022
stock_frag	L47627	0	1.0000
stock_frag	L477052	9	0.8712
stock_frag	L477480	0	0.9137
stock_frag	L478354	3	1.0000
stock_frag	L480723	3	1.0000
stock_frag	L481009	2	0.6768
stock_frag	L481562	0	0.9705
stock_frag	L481889	1	0.9674
stock_frag	L482581	1	0.9934
stock_frag	L488483	5	1.0000
stock_frag	L494762	0	1.0000
stock_frag	L496946	0	0.9998
stock_frag	L497994	1	1.0000
stock_frag	L498642	5	1.0000
stock_frag	L499837	0	0.9124
stock_frag	L500481	0	1.0000
stock_frag	L501837	1	1.0000
stock_frag	L506324	0	1.0000
stock_frag	L5117	3	0.9920
stock_frag	L511916	0	1.0000
stock_frag	L515141	1	1.0000
stock_frag	L516046	4	1.0000
stock_frag	L520263	0	1.0000
stock_frag	L521167	3	1.0000
stock_frag	L521904	0	0.9999
stock_frag	L523867	1	0.9999
stock_frag	L524464	0	1.0000
stock_frag	L525527	1	1.0000
stock_frag	L529623	0	0.9470
stock_frag	L531061	0	0.9821
stock_frag	L533105	0	1.0000
stock_frag	L534964	0	0.9478
stock_frag	L535240	1	0.6474
stock_frag	L535400	1	0.4482
stock_frag	L536467	2	0.8663
stock_frag	L536524	5	0.9698
stock_frag	L539572	3	0.5618
stock_frag	L539623	1	1.0000
stock_frag	L541274	0	0.9950
stock_frag	L541585	2	1.0000
stock_frag	L543256	0	1.0000
stock_frag	L544561	0	1.0000
stock_frag	L545165	5	1.0000
stock_frag	L546910	0	0.8727
stock_frag	L548504	0	0.9502
stock_frag	L551442	0	1.0000
stock_frag	L555925	1	1.0000
stock_frag	L556696	2	1.0000
stock_frag	L559531	2	1.0000
stock_frag	L560176	0	1.0000
stock_frag	L561367	1	0.9951
stock_frag	L564679	3	1.0000
stock_frag	L566745	2	1.0000
stock_frag	L568989	0	1.0000
stock_frag	L570772	2	1.0000
stock_frag	L572521	1	1.0000
stock_frag	L577507	2	1.0000
stock_frag	L578197	3	1.0000
stock_frag	L584866	1	0.4719
stock_frag	L586948	1	0.7848
stock_frag	L589777	3	1.0000
stock_frag	L589868	0	0.8852
stock_frag	L590205	1	1.0000
stock_frag	L59044	1	1.0000
stock_frag	L599511	3	0.6043
stock_frag	L60389	0	1.0000
stock_frag	L614050	0	1.0000
stock_frag	L617862	5	1.0000
stock_frag	L620966	5	1.0000
stock_frag	L623278	1	0.6975
stock_frag	L62337	3	0.9746
stock_frag	L626238	3	1.0000
stock_frag	L626353	0	1.0000
stock_frag	L62839	0	0.5005
stock_frag	L632457	4	0.4608
stock_frag	L635118	0	1.0000
stock_frag	L636888	2	1.0000
stock_frag	L639959	0	1.0000
stock_frag	L640160	0	1.0000
stock_frag	L641936	3	0.7779
stock_frag	L642984	0	1.0000
stock_frag	L644406	5	1.0000
stock_frag	L644497	1	0.5713
stock_frag	L646751	0	1.0000
stock_frag	L649091	3	1.0000
stock_frag	L652753	0	0.8060
stock_frag	L657061	0	1.0000
stock_frag	L657332	0	1.0000
stock_frag	L657537	0	1.0000
stock_frag	L658591	0	1.0000
stock_frag	L659549	1	0.6359
stock_frag	L660443	0	1.0000
stock_frag	L663427	0	1.0000
stock_frag	L665914	1	1.0000
stock_frag	L666180	2	1.0000
stock_frag	L667013	1	0.3354
stock_frag	L667839	0	1.0000
stock_frag	L669436	3	1.0000
stock_frag	L66992	0	0.9999
stock_frag	L677371	0	1.0000
stock_frag	L678289	0	1.0000
stock_frag	L678676	1	1.0000
stock_frag	L679717	2	0.9985
stock_frag	L680683	1	0.5466
stock_frag	L681033	0	1.0000
stock_frag	L681532	1	0.6795
stock_frag	L681559	1	1.0000
stock_frag	L681852	0	1.0000
stock_frag	L684567	0	1.0000
stock_frag	L685962	0	0.9990
stock_frag	L686506	0	0.7543
stock_frag	L689721	1	0.5184
stock_frag	L691596	3	1.0000
stock_frag	L692386	0	0.9871
stock_frag	L693733	0	1.0000
stock_frag	L694998	0	1.0000
stock_frag	L699028	1	1.0000
stock_frag	L700056	0	1.0000
stock_frag	L700404	1	1.0000
stock_frag	L702168	0	1.0000
stock_frag	L70331	1	1.0000
stock_frag	L704136	0	1.0000
stock_frag	L704338	1	1.0000
stock_frag	L705787	2	0.9969
stock_frag	L706127	6	1.0000
stock_frag	L706802	2	1.0000
stock_frag	L707187	0	1.0000
stock_frag	L710321	0	1.0000
stock_frag	L711529	0	0.9972
stock_frag	L71277	1	0.9995
stock_frag	L713051	0	0.9865
stock_frag	L715677	0	1.0000
stock_frag	L716679	0	1.0000
stock_frag	L720310	0	0.9983
stock_frag	L720918	1	1.0000
stock_frag	L722647	1	0.5466
stock_frag	L722885	6	1.0000
stock_frag	L725643	6	0.8901
stock_frag	L730413	4	1.0000
stock_frag	L731956	0	1.0000
stock_frag	L736973	0	1.0000
stock_frag	L740874	5	1.0000
stock_frag	L741246	0	1.0000
stock_frag	L742863	3	1.0000
stock_frag	L743451	1	0.9286
stock_frag	L748093	5	0.9142
stock_frag	L751266	1	0.9941
stock_frag	L752342	3	0.9984
stock_frag	L752475	0	1.0000
stock_frag	L752653	0	1.0000
stock_frag	L75387	3	1.0000
stock_frag	L754764	0	1.0000
stock_frag	L755702	1	0.7898
stock_frag	L759676	1	1.0000
stock_frag	L759690	1	0.6373
stock_frag	L759925	1	1.0000
stock_frag	L760304	0	1.0000
stock_frag	L762113	0	1.0000
stock_frag	L762771	1	1.0000
stock_frag	L763808	0	1.0000
stock_frag	L764107	4	1.0000
stock_frag	L764127	0	1.0000
stock_frag	L764282	0	1.0000
stock_frag	L764916	1	0.9877
stock_frag	L77164	2	0.9983
stock_frag	L773134	0	1.0000
stock_frag	L774588	0	1.0000
stock_frag	L774738	0	1.0000
stock_frag	L775906	2	1.0000
stock_frag	L778698	1	1.0000
stock_frag	L779464	1	1.0000
stock_frag	L779937	3	1.0000
stock_frag	L780609	0	1.0000
stock_frag	L784473	4	0.8184
stock_frag	L787550	1	0.9940
stock_frag	L789409	0	0.8208
stock_frag	L790771	0	0.9289
stock_frag	L792951	1	0.9319
stock_frag	L79315	1	0.9702
stock_frag	L793490	1	0.6594
stock_frag	L79406	1	1.0000
stock_frag	L79610	1	0.9850
stock_frag	L796809	2	0.9880
stock_frag	L798449	0	1.0000
stock_frag	L801473	0	1.0000
stock_frag	L801620	5	0.9445
stock_frag	L801738	0	0.9994
stock_frag	L803364	3	0.7711
stock_frag	L803613	1	0.9755
stock_frag	L804778	1	0.8244
stock_frag	L808364	3	1.0000
stock_frag	L809372	1	1.0000
stock_frag	L809693	0	1.0000
stock_frag	L811734	4	0.7350
stock_frag	L81215	1	1.0000
stock_frag	L812450	0	1.0000
stock_frag	L812672	5	1.0000
stock_frag	L815977	2	1.0000
stock_frag	L816644	0	1.0000
stock_frag	L81909	0	0.9999
stock_frag	L819563	4	0.5638
stock_frag	L821100	0	1.0000
stock_frag	L822334	0	0.9604
stock_frag	L824223	1	1.0000
stock_frag	L827048	1	1.0000
stock_frag	L827129	2	1.0000
stock_frag	L829233	1	0.5000
stock_frag	L83001	3	1.0000
stock_frag	L830371	0	0.9998
stock_frag	L832923	0	1.0000
stock_frag	L834579	0	1.0000
stock_frag	L834622	0	0.8980
stock_frag	L837955	2	1.0000
stock_frag	L843972	2	1.0000
stock_frag	L845031	0	1.0000
stock_frag	L846960	0	1.0000
stock_frag	L847988	4	1.0000
stock_frag	L849505	1	0.9995
stock_frag	L851847	1	0.6064
stock_frag	L853299	0	1.0000
stock_frag	L855747	2	1.0000
stock_frag	L855935	0	1.0000
stock_frag	L856753	0	1.0000
stock_frag	L85748	1	1.0000
stock_frag	L858843	1	1.0000
stock_frag	L862725	1	0.5015
stock_frag	L864050	0	1.0000
stock_frag	L86679	0	1.0000
stock_frag	L868640	0	1.0000
stock_frag	L869371	2	1.0000
stock_frag	L869433	0	0.9978
stock_frag	L873249	0	1.0000
stock_frag	L883133	1	1.0000
stock_frag	L883660	4	1.0000
stock_frag	L884453	5	1.0000
stock_frag	L885068	2	0.9997
stock_frag	L885624	14	0.9981
stock_frag	L886084	3	1.0000
stock_frag	L886474	8	0.5154
stock_frag	L886813	6	0.5942
stock_frag	L888328	0	1.0000
stock_frag	L888339	0	1.0000
stock_frag	L888692	2	1.0000
stock_frag	L892540	0	1.0000
stock_frag	L894181	10	0.9633
stock_frag	L895192	0	1.0000
stock_frag	L895682	4	1.0000
stock_frag	L898645	1	0.7068
stock_frag	L900297	0	1.0000
stock_frag	L902295	0	1.0000
stock_frag	L902514	2	1.0000
stock_frag	L906439	0	1.0000
stock_frag	L907227	2	1.0000
stock_frag	L90734	0	1.0000
stock_frag	L909856	2	1.0000
stock_frag	L910412	6	1.0000
stock_frag	L910841	3	0.3579
stock_frag	L911364	0	1.0000
stock_frag	L912237	0	0.4551
stock_frag	L913833	8	1.0000
stock_frag	L914150	0	0.9994
stock_frag	L914195	2	1.0000
stock_frag	L91480	1	1.0000
stock_frag	L918005	0	1.0000
stock_frag	L918018	0	1.0000
stock_frag	L923738	3	1.0000
stock_frag	L924400	1	0.7750
stock_frag	L925260	0	1.0000
stock_frag	L928875	4	0.6676
stock_frag	L93124	1	1.0000
stock_frag	L93295	0	1.0000
stock_frag	L933087	1	0.4923
stock_frag	L933852	4	0.9992
stock_frag	L936253	0	1.0000
stock_frag	L940767	0	1.0000
stock_frag	L941368	4	0.4462
stock_frag	L941926	0	1.0000
stock_frag	L942873	1	1.0000
stock_frag	L943752	1	0.5002
stock_frag	L948601	4	1.0000
stock_frag	L94945	2	0.9302
stock_frag	L949761	2	0.6575
stock_frag	L953203	2	1.0000
stock_frag	L95620	0	0.4987
stock_frag	L957565	0	0.9141
stock_frag	L960419	0	0.8771
stock_frag	L962289	1	1.0000
stock_frag	L96262	0	1.0000
stock_frag	L962680	0	0.9996
stock_frag	L967795	1	1.0000
stock_frag	L968437	0	1.0000
stock_frag	L969615	1	0.9996
stock_frag	L970400	0	1.0000
stock_frag	L972698	0	1.0000
stock_frag	L974207	0	0.8036
stock_frag	L979330	1	1.0000
stock_frag	L983346	1	1.0000
stock_frag	L984768	0	1.0000
stock_frag	L984796	1	1.0000
stock_frag	L985204	0	1.0000
stock_frag	L985959	0	1.0000
stock_frag	L986820	3	1.0000
stock_frag	L989999	1	0.4793
stock_frag	L994491	0	1.0000
stock_frag	L997717	2	0.1906
stock_frag	L998540	6	1.0000
simd_frag	L1002585	0	0.9992
simd_frag	L1004185	2	0.6466
simd_frag	L1005032	1	1.0000
simd_frag	L1011227	4	1.0000
simd_frag	L1012049	1	0.5001
simd_frag	L1012199	0	0.9738
simd_frag	L1016849	7	0.5011
simd_frag	L1017537	0	1.0000
simd_frag	L1021907	1	1.0000
simd_frag	L1024044	0	1.0000
simd_frag	L1024542	3	1.0000
simd_frag	L1025399	0	1.0000
simd_frag	L1026799	1	0.4978
simd_frag	L102922	2	0.7722
simd_frag	L1029951	1	0.9705
simd_frag	L1030819	0	1.0000
simd_frag	L103249	2	1.0000
simd_frag	L1036266	0	1.0000
simd_frag	L1036426	0	1.0000
simd_frag	L1038977	1	0.9999
simd_frag	L1044163	1	0.5003
simd_frag	L1044444	3	0.9955
simd_frag	L1046348	0	0.4649
simd_frag	L1046966	0	0.9941
simd_frag	L1050743	0	1.0000
simd_frag	L1052309	0	1.0000
simd_frag	L1053445	0	1.0000
simd_frag	L1054346	1	0.9982
simd_frag	L1055550	0	1.0000
simd_frag	L1058576	1	1.0000
simd_frag	L1060120	0	1.0000
simd_frag	L1061482	2	1.0000
simd_frag	L1061587	1	1.0000
simd_frag	L1062126	1	1.0000
simd_frag	L1063587	1	0.6509
simd_frag	L1064227	0	1.0000
simd_frag	L1065804	1	1.0000
simd_frag	L1068964	0	0.8678
simd_frag	L1069832	0	1.0000
simd_frag	L1071754	1	1.0000
simd_frag	L1072449	0	0.9894
simd_frag	L1073165	0	0.6885
simd_frag	L1075189	0	0.6597
simd_frag	L1081827	4	0.9324
simd_frag	L1082663	0	1.0000
simd_frag	L1083972	2	1.0000
simd_frag	L1085175	4	1.0000
simd_frag	L1087086	3	0.9994
simd_frag	L1087105	1	1.0000
simd_frag	L1089119	3	1.0000
simd_frag	L1090631	1	1.0000
simd_frag	L1091178	2	1.0000
simd_frag	L1091281	1	0.5595
simd_frag	L1091323	1	1.0000
simd_frag	L1091479	1	0.9998
simd_frag	L1092388	0	0.8965
simd_frag	L1096376	0	0.9999
simd_frag	L1099155	1	1.0000
simd_frag	L1101520	0	1.0000
simd_frag	L1106265	0	1.0000
simd_frag	L1106965	0	1.0000
simd_frag	L1107538	0	1.0000
simd_frag	L1109734	0	1.0000
simd_frag	L1110523	3	1.0000
simd_frag	L1116847	0	1.0000
simd_frag	L1117806	0	1.0000
simd_frag	L1123172	2	1.0000
simd_frag	L112480	5	1.0000
simd_frag	L1125468	0	1.0000
simd_frag	L1125564	1	0.9706
simd_frag	L1126749	5	1.0000
simd_frag	L1127804	1	1.0000
simd_frag	L1128821	0	0.9939
simd_frag	L1132817	0	1.0000
simd_frag	L1134826	4	1.0000
simd_frag	L1135019	4	0.4313
simd_frag	L113844	2	1.0000
simd_frag	L1138559	0	1.0000
simd_frag	L1139573	1	0.4033
simd_frag	L1142178	1	0.9715
simd_frag	L1143584	1	1.0000
simd_frag	L1146782	6	0.8333
simd_frag	L1148275	4	1.0000
simd_frag	L1148681	5	1.0000
simd_frag	L1148861	4	1.0000
simd_frag	L115160	2	1.0000
simd_frag	L1152742	1	0.4249
simd_frag	L1159462	1	1.0000
simd_frag	L1160593	1	1.0000
simd_frag	L1166860	2	1.0000
simd_frag	L1169308	2	0.8794
simd_frag	L1171933	1	0.8222
simd_frag	L1175689	0	1.0000
simd_frag	L1176510	0	1.0000
simd_frag	L1176819	2	1.0000
simd_frag	L1181526	2	1.0000
simd_frag	L1184831	0	1.0000
simd_frag	L1188236	0	1.0000
simd_frag	L1189606	0	1.0000
simd_frag	L1190029	0	1.0000
simd_frag	L1192003	7	1.0000
simd_frag	L1193093	1	0.6638
simd_frag	L1193626	0	0.9984
simd_frag	L1194943	1	1.0000
simd_frag	L1200114	0	1.0000
simd_frag	L1200373	0	1.0000
simd_frag	L1202626	0	0.4585
simd_frag	L1203652	1	1.0000
simd_frag	L1205967	0	0.9990
simd_frag	L1206149	1	1.0000
simd_frag	L1208940	0	1.0000
simd_frag	L120959	1	1.0000
simd_frag	L1211345	0	1.0000
simd_frag	L1212637	0	1.0000
simd_frag	L1212861	1	1.0000
simd_frag	L121334	0	0.9776
simd_frag	L1215236	1	0.5767
simd_frag	L1217544	1	1.0000
simd_frag	L1217630	1	1.0000
simd_frag	L1218521	2	0.9048
simd_frag	L121873	0	1.0000
simd_frag	L1218743	0	1.0000
simd_frag	L1219260	1	1.0000
simd_frag	L1219324	1	0.6646
simd_frag	L1223018	1	0.7096
simd_frag	L12241	2	1.0000
simd_frag	L122411	2	1.0000
simd_frag	L1228313	1	0.5734
simd_frag	L1228316	1	1.0000
simd_frag	L1228698	3	1.0000
simd_frag	L1229975	0	1.0000
simd_frag	L1233030	2	1.0000
simd_frag	L1234322	3	1.0000
simd_frag	L1235564	2	1.0000
simd_frag	L1237368	4	0.7255
simd_frag	L1242536	6	0.5620
simd_frag	L1243882	1	1.0000
simd_frag	L1244427	5	1.0000
simd_frag	L1247700	0	1.0000
simd_frag	L1249050	0	1.0000
simd_frag	L1252273	2	0.9675
simd_frag	L1252715	0	0.9883
simd_frag	L125500	1	1.0000
simd_frag	L125644	0	1.0000
simd_frag	L1263639	0	1.0000
simd_frag	L1263909	1	0.5500
simd_frag	L1267300	6	1.0000
simd_frag	L1267973	2	0.9881
simd_frag	L1268056	2	0.4294
simd_frag	L1269000	2	0.9977
simd_frag	L1269225	2	0.4951
simd_frag	L1269960	2	0.9971
simd_frag	L1270519	2	0.9923
simd_frag	L1271695	2	1.0000
simd_frag	L1274988	7	1.0000
simd_frag	L1277578	0	1.0000
simd_frag	L1277861	0	1.0000
simd_frag	L1281298	3	1.0000
simd_frag	L1283746	0	1.0000
simd_frag	L1284558	1	0.9892
simd_frag	L1286758	2	1.0000
simd_frag	L1291250	1	0.9348
simd_frag	L129208	2	1.0000
simd_frag	L1292363	2	0.8414
simd_frag	L1292503	0	1.0000
simd_frag	L1294408	1	1.0000
simd_frag	L1294453	1	0.9703
simd_frag	L1294952	1	1.0000
simd_frag	L1297512	0	0.9214
simd_frag	L1298142	0	1.0000
simd_frag	L1299862	0	1.0000
simd_frag	L1302458	3	1.0000
simd_frag	L1307852	0	1.0000
simd_frag	L130839	0	0.9998
simd_frag	L1309046	9	1.0000
simd_frag	L1314993	1	1.0000
simd_frag	L1316645	4	1.0000
simd_frag	L1316673	2	1.0000
simd_frag	L1319261	4	1.0000
simd_frag	L1320029	3	0.7251
simd_frag	L1321139	3	0.9052
simd_frag	L1322298	1	1.0000
simd_frag	L1325043	0	1.0000
simd_frag	L1328601	1	0.7339
simd_frag	L1330004	0	1.0000
simd_frag	L1334204	1	1.0000
simd_frag	L1334727	1	1.0000
simd_frag	L1337969	2	0.5259
simd_frag	L1338440	0	1.0000
simd_frag	L1338867	1	1.0000
simd_frag	L13406	0	1.0000
simd_frag	L1341334	0	1.0000
simd_frag	L1342936	0	0.8597
simd_frag	L1343571	8	1.0000
simd_frag	L134770	1	1.0000
simd_frag	L1348767	2	1.0000
simd_frag	L1349954	0	1.0000
simd_frag	L1350260	3	0.6141
simd_frag	L1354350	0	1.0000
simd_frag	L1358832	2	1.0000
simd_frag	L1362201	1	0.7167
simd_frag	L1362636	1	0.6767
simd_frag	L1365362	1	1.0000
simd_frag	L1366477	1	1.0000
simd_frag	L1369644	0	0.9885
simd_frag	L13698	1	0.6876
simd_frag	L1371092	1	1.0000
simd_frag	L1372683	2	1.0000
simd_frag	L1372686	7	0.9857
simd_frag	L1373403	0	1.0000
simd_frag	L1378339	2	0.5003
simd_frag	L1379425	1	1.0000
simd_frag	L1380845	0	1.0000
simd_frag	L1382177	0	0.9981
simd_frag	L1382936	1	0.9993
simd_frag	L1382969	0	0.9351
simd_frag	L1383932	4	1.0000
simd_frag	L1384051	2	1.0000
simd_frag	L1393346	2	1.0000
simd_frag	L1394372	2	0.8069
simd_frag	L1398058	0	1.0000
simd_frag	L1398565	8	1.0000
simd_frag	L1400233	1	0.8045
simd_frag	L1400557	5	0.7028
simd_frag	L1403214	0	1.0000
simd_frag	L1409097	0	1.0000
simd_frag	L1409378	0	1.0000
simd_frag	L1410763	4	1.0000
simd_frag	L1410905	0	0.9847
simd_frag	L1411655	0	1.0000
simd_frag	L1421095	1	0.6822
simd_frag	L1421423	0	0.9146
simd_frag	L1431164	4	1.0000
simd_frag	L1435268	3	1.0000
simd_frag	L1438447	1	1.0000
simd_frag	L1440099	0	1.0000
simd_frag	L1440354	1	0.9404
simd_frag	L1440579	2	1.0000
simd_frag	L1441065	1	1.0000
simd_frag	L1442950	0	1.0000
simd_frag	L144630	1	1.0000
simd_frag	L144966	0	1.0000
simd_frag	L1450044	0	1.0000
simd_frag	L145721	2	1.0000
simd_frag	L1463127	0	1.0000
simd_frag	L1463808	5	1.0000
simd_frag	L1468044	7	0.9673
simd_frag	L1468317	4	0.6897
simd_frag	L1470882	0	1.0000
simd_frag	L1472026	0	1.0000
simd_frag	L1475336	0	1.0000
simd_frag	L1477	0	1.0000
simd_frag	L1477137	0	0.5758
simd_frag	L1478713	1	0.5058
simd_frag	L1479097	0	1.0000
simd_frag	L1482186	1	0.4759
simd_frag	L1483022	5	1.0000
simd_frag	L1485252	1	0.9499
simd_frag	L1487868	1	0.8225
simd_frag	L1489958	3	0.9994
simd_frag	L1491338	0	1.0000
simd_frag	L1491406	1	1.0000
simd_frag	L1492427	3	0.5045
simd_frag	L1494927	4	0.5727
simd_frag	L1496723	0	1.0000
simd_frag	L14998	0	1.0000
simd_frag	L1500041	0	0.9608
simd_frag	L1500792	3	0.7237
simd_frag	L1501054	2	1.0000
simd_frag	L1501117	3	0.9765
simd_frag	L150284	3	1.0000
simd_frag	L1503080	3	1.0000
simd_frag	L1506056	4	1.0000
simd_frag	L1506305	1	0.4948
simd_frag	L1507593	1	0.9047
simd_frag	L1507721	3	0.5998
simd_frag	L1509635	0	1.0000
simd_frag	L1511077	1	1.0000
simd_frag	L1511516	8	1.0000
simd_frag	L151270	1	1.0000
simd_frag	L1513453	0	0.6056
simd_frag	L1513508	0	0.7571
simd_frag	L1514059	2	1.0000
simd_frag	L151434	0	1.0000
simd_frag	L1520281	6	0.5008
simd_frag	L1522665	0	0.9999
simd_frag	L1525581	0	1.0000
simd_frag	L152670	1	1.0000
simd_frag	L1527449	1	0.8645
simd_frag	L1532593	1	0.9084
simd_frag	L1537084	3	0.7247
simd_frag	L1545445	7	1.0000
simd_frag	L1549764	1	0.8587
simd_frag	L1553511	4	1.0000
simd_frag	L1555961	2	1.0000
simd_frag	L1556158	0	1.0000
simd_frag	L1559085	0	1.0000
simd_frag	L1559370	3	1.0000
simd_frag	L1561684	1	1.0000
simd_frag	L1563921	6	1.0000
simd_frag	L1564440	10	1.0000
simd_frag	L1564788	1	0.6742
simd_frag	L1570442	2	1.0000
simd_frag	L1577548	4	1.0000
simd_frag	L1582773	2	1.0000
simd_frag	L1586476	0	1.0000
simd_frag	L1591774	6	0.8569
simd_frag	L1592464	2	0.9974
simd_frag	L1592890	4	0.9842
simd_frag	L1593009	1	0.9966
simd_frag	L1594265	6	1.0000
simd_frag	L15949	1	1.0000
simd_frag	L1595729	1	0.5010
simd_frag	L1596023	2	1.0000
simd_frag	L1596979	0	0.9068
simd_frag	L1599150	0	1.0000
simd_frag	L1605496	2	1.0000
simd_frag	L1608356	4	0.6012
simd_frag	L1608408	1	1.0000
simd_frag	L1609523	0	0.9999
simd_frag	L1611831	4	1.0000
simd_frag	L1613719	1	0.9489
simd_frag	L1613862	1	0.9867
simd_frag	L1614892	0	1.0000
simd_frag	L1615590	0	0.9999
simd_frag	L1616879	2	1.0000
simd_frag	L1617022	0	0.8589
simd_frag	L1619438	4	1.0000
simd_frag	L1619907	0	1.0000
simd_frag	L1620099	4	0.9998
simd_frag	L1622776	1	0.9548
simd_frag	L1622804	3	1.0000
simd_frag	L1623315	0	1.0000
simd_frag	L1625869	0	1.0000
simd_frag	L1632251	2	1.0000
simd_frag	L1632593	3	0.5758
simd_frag	L1633409	2	0.9985
simd_frag	L163519	0	1.0000
simd_frag	L1635479	0	0.9995
simd_frag	L1638116	1	0.6710
simd_frag	L1642892	2	0.5146
simd_frag	L1647022	0	1.0000
simd_frag	L1649256	0	1.0000
simd_frag	L1650196	11	0.9991
simd_frag	L1654301	0	1.0000
simd_frag	L1656331	1	0.9999
simd_frag	L1657868	3	0.9821
simd_frag	L1658774	6	0.6459
simd_frag	L1660134	1	0.8369
simd_frag	L166249	0	1.0000
simd_frag	L1663458	2	0.9166
simd_frag	L16644	0	1.0000
simd_frag	L1664922	8	1.0000
simd_frag	L1666954	3	1.0000
simd_frag	L1668737	1	0.9871
simd_frag	L167239	3	0.8062
simd_frag	L167308	0	1.0000
simd_frag	L1673443	2	0.9908
simd_frag	L1677915	0	0.9992
simd_frag	L1679070	1	0.7306
simd_frag	L1679327	2	1.0000
simd_frag	L1681571	1	0.7117
simd_frag	L1683975	4	1.0000
simd_frag	L1687257	1	0.8258
simd_frag	L1689425	3	0.9898
simd_frag	L1690704	9	1.0000
simd_frag	L1690718	2	0.9985
simd_frag	L1692614	1	1.0000
simd_frag	L1693021	1	0.5110
simd_frag	L1693729	0	0.5007
simd_frag	L1698795	0	1.0000
simd_frag	L1700325	1	1.0000
simd_frag	L1701759	1	0.5279
simd_frag	L1706009	2	1.0000
simd_frag	L1710196	0	0.9985
simd_frag	L1713230	1	0.9820
simd_frag	L1714485	1	0.6363
simd_frag	L1715650	1	0.5188
simd_frag	L1717886	6	0.8282
simd_frag	L1720587	3	0.8719
simd_frag	L1721987	0	1.0000
simd_frag	L1722777	0	1.0000
simd_frag	L1724773	0	0.9356
simd_frag	L1725448	4	0.9639
simd_frag	L1727481	9	1.0000
simd_frag	L1728562	3	0.9857
simd_frag	L1729015	6	1.0000
simd_frag	L1729974	9	1.0000
simd_frag	L1731527	1	0.9725
simd_frag	L173383	0	1.0000
simd_frag	L1735097	7	1.0000
simd_frag	L1736351	0	1.0000
simd_frag	L1736591	0	1.0000
simd_frag	L1739879	2	1.0000
simd_frag	L1741008	0	1.0000
simd_frag	L1741461	1	0.8125
simd_frag	L174176	0	0.5246
simd_frag	L1741919	2	0.8390
simd_frag	L1743480	5	1.0000
simd_frag	L1744154	7	1.0000
simd_frag	L1746595	0	0.9994
simd_frag	L1748112	0	1.0000
simd_frag	L1748957	0	0.9534
simd_frag	L1749257	0	0.8592
simd_frag	L175348	3	1.0000
simd_frag	L1753832	0	1.0000
simd_frag	L1755416	3	1.0000
simd_frag	L1758324	2	0.9932
simd_frag	L1758608	0	1.0000
simd_frag	L1758614	5	1.0000
simd_frag	L1758704	1	0.8113
simd_frag	L1762064	1	0.9715
simd_frag	L1765663	3	1.0000
simd_frag	L1766093	2	0.9941
simd_frag	L176738	6	1.0000
simd_frag	L1768336	4	0.8586
simd_frag	L176876	0	1.0000
simd_frag	L1768935	1	1.0000
simd_frag	L1770348	0	1.0000
simd_frag	L1770471	0	1.0000
simd_frag	L1772400	1	0.8581
simd_frag	L1774077	2	0.6304
simd_frag	L1774332	4	1.0000
simd_frag	L177650	0	1.0000
simd_frag	L1778239	1	0.5663
simd_frag	L1778753	1	0.5011
simd_frag	L1785009	3	0.9995
simd_frag	L1788156	3	1.0000
simd_frag	L179015	0	0.9312
simd_frag	L1790481	3	0.4282
simd_frag	L1791527	3	0.4084
simd_frag	L1792265	3	1.0000
simd_frag	L1793065	3	0.7178
simd_frag	L1794712	3	1.0000
simd_frag	L1794839	1	0.6577
simd_frag	L1796826	5	0.8566
simd_frag	L1797546	0	1.0000
simd_frag	L1798302	0	1.0000
simd_frag	L1799840	2	1.0000
simd_frag	L1801258	1	1.0000
simd_frag	L1802345	4	1.0000
simd_frag	L180509	1	0.9996
simd_frag	L1808966	1	0.5114
simd_frag	L1809234	1	0.5148
simd_frag	L1811231	1	0.4596
simd_frag	L1812445	3	1.0000
simd_frag	L1814309	1	0.3445
simd_frag	L1816451	0	0.8400
simd_frag	L1817551	2	0.6114
simd_frag	L1820447	2	0.9051
simd_frag	L1821765	0	0.9946
simd_frag	L1822989	0	1.0000
simd_frag	L1823086	1	1.0000
simd_frag	L1825981	2	1.0000
simd_frag	L1826918	0	1.0000
simd_frag	L1830338	0	1.0000
simd_frag	L18313	2	1.0000
simd_frag	L1831368	0	1.0000
simd_frag	L183802	1	1.0000
simd_frag	L1838244	0	1.0000
simd_frag	L1838501	9	0.5067
simd_frag	L1838652	7	0.9759
simd_frag	L1840388	5	0.7208
simd_frag	L1848896	8	1.0000
simd_frag	L1856065	1	0.7579
simd_frag	L1857129	1	0.7692
simd_frag	L1858192	0	1.0000
simd_frag	L1858235	1	0.8764
simd_frag	L1859863	0	0.8212
simd_frag	L1860283	5	0.9997
simd_frag	L1867226	1	0.5897
simd_frag	L186847	6	1.0000
simd_frag	L1869818	8	1.0000
simd_frag	L1872590	0	1.0000
simd_frag	L1872595	1	1.0000
simd_frag	L1873245	2	1.0000
simd_frag	L1873642	2	1.0000
simd_frag	L1874928	2	0.9982
simd_frag	L1876149	2	0.9443
simd_frag	L18800	2	1.0000
simd_frag	L1882201	1	0.9999
simd_frag	L1882838	1	0.6672
simd_frag	L1883125	1	0.9811
simd_frag	L1883999	2	0.7402
simd_frag	L1886440	0	0.9930
simd_frag	L1889760	0	1.0000
simd_frag	L189322	1	0.7382
simd_frag	L1895575	6	1.0000
simd_frag	L1897444	1	0.8512
simd_frag	L1898605	0	0.9997
simd_frag	L1898611	0	1.0000
simd_frag	L190102	0	1.0000
simd_frag	L1902625	2	1.0000
simd_frag	L1905283	2	1.0000
simd_frag	L190650	0	1.0000
simd_frag	L190687	1	1.0000
simd_frag	L1908570	1	1.0000
simd_frag	L1909629	2	0.6796
simd_frag	L1911881	1	0.8223
simd_frag	L1912	0	1.0000
simd_frag	L191488	2	0.5807
simd_frag	L1920826	3	1.0000
simd_frag	L192237	2	0.6817
simd_frag	L1924744	0	1.0000
simd_frag	L1925847	2	1.0000
simd_frag	L1928273	1	1.0000
simd_frag	L1928790	1	0.9848
simd_frag	L1932241	1	1.0000
simd_frag	L1932659	0	1.0000
simd_frag	L1933206	1	1.0000
simd_frag	L1933253	0	1.0000
simd_frag	L1933970	0	0.9994
simd_frag	L1936643	0	0.9966
simd_frag	L1940497	4	1.0000
simd_frag	L1942177	2	1.0000
simd_frag	L1942305	1	1.0000
simd_frag	L1943673	7	1.0000
simd_frag	L1944226	1	0.9996
simd_frag	L1944640	2	1.0000
simd_frag	L1944904	4	0.9783
simd_frag	L194952	1	1.0000
simd_frag	L1951280	0	1.0000
simd_frag	L1952353	3	0.9994
simd_frag	L1953692	2	1.0000
simd_frag	L1954656	0	0.8301
simd_frag	L1955598	3	1.0000
simd_frag	L1955973	2	0.9280
simd_frag	L195908	0	1.0000
simd_frag	L1964032	2	1.0000
simd_frag	L1965961	1	0.8421
simd_frag	L1970360	0	1.0000
simd_frag	L1970493	2	1.0000
simd_frag	L1970551	2	1.0000
simd_frag	L1970668	2	0.9987
simd_frag	L1971017	2	1.0000
simd_frag	L1975091	1	1.0000
simd_frag	L1975857	1	1.0000
simd_frag	L197613	3	0.5459
simd_frag	L1976785	1	0.7428
simd_frag	L1981866	2	1.0000
simd_frag	L1982300	0	1.0000
simd_frag	L1983183	3	1.0000
simd_frag	L1986059	0	1.0000
simd_frag	L1990411	0	1.0000
simd_frag	L1991628	0	1.0000
simd_frag	L1994839	0	1.0000
simd_frag	L1996032	0	1.0000
simd_frag	L202116	0	1.0000
simd_frag	L204802	4	1.0000
simd_frag	L208863	1	0.9042
simd_frag	L209724	0	0.3149
simd_frag	L2105	0	1.0000
simd_frag	L210838	4	1.0000
simd_frag	L21151	1	1.0000
simd_frag	L216034	0	1.0000
simd_frag	L216528	1	1.0000
simd_frag	L217349	0	1.0000
simd_frag	L222365	1	1.0000
simd_frag	L225416	1	0.8037
simd_frag	L227476	1	1.0000
simd_frag	L228723	0	1.0000
simd_frag	L231682	0	1.0000
simd_frag	L232060	0	1.0000
simd_frag	L233375	3	0.5330
simd_frag	L235764	0	1.0000
simd_frag	L238858	1	1.0000
simd_frag	L243818	0	1.0000
simd_frag	L244003	4	1.0000
simd_frag	L244965	1	0.9552
simd_frag	L24866	0	0.9828
simd_frag	L250969	0	1.0000
simd_frag	L252902	1	0.8816
simd_frag	L253345	1	1.0000
simd_frag	L257043	5	1.0000
simd_frag	L257465	1	0.9867
simd_frag	L258378	2	0.4803
simd_frag	L258696	0	1.0000
simd_frag	L260842	1	1.0000
simd_frag	L260939	3	1.0000
simd_frag	L261190	0	1.0000
simd_frag	L267309	2	1.0000
simd_frag	L267846	0	1.0000
simd_frag	L270977	1	1.0000
simd_frag	L272730	0	1.0000
simd_frag	L273461	15	1.0000
simd_frag	L282320	0	1.0000
simd_frag	L283173	1	0.9117
simd_frag	L283368	3	1.0000
simd_frag	L288752	0	0.4058
simd_frag	L2888	2	1.0000
simd_frag	L293305	6	1.0000
simd_frag	L293537	0	1.0000
simd_frag	L294764	1	0.5362
simd_frag	L299364	3	1.0000
simd_frag	L299595	4	1.0000
simd_frag	L299782	0	1.0000
simd_frag	L300401	0	1.0000
simd_frag	L30336	0	1.0000
simd_frag	L310087	2	0.4045
simd_frag	L312118	1	1.0000
simd_frag	L318026	1	1.0000
simd_frag	L318722	2	0.9968
simd_frag	L31952	3	1.0000
simd_frag	L319839	0	0.9688
simd_frag	L319888	1	0.5002
simd_frag	L320440	2	1.0000
simd_frag	L321627	1	1.0000
simd_frag	L322333	1	0.7777
simd_frag	L322794	1	1.0000
simd_frag	L322866	1	1.0000
simd_frag	L324151	2	1.0000
simd_frag	L324946	1	1.0000
simd_frag	L32606	3	1.0000
simd_frag	L326205	0	1.0000
simd_frag	L327486	0	1.0000
simd_frag	L331805	0	0.9995
simd_frag	L331807	1	0.9831
simd_frag	L333401	1	1.0000
simd_frag	L333865	0	1.0000
simd_frag	L335478	2	0.5207
simd_frag	L336916	1	0.9815
simd_frag	L337726	3	1.0000
simd_frag	L343911	0	1.0000
simd_frag	L346110	0	1.0000
simd_frag	L35206	4	0.6246
simd_frag	L352100	0	1.0000
simd_frag	L353330	2	1.0000
simd_frag	L353755	4	0.4632
simd_frag	L354281	0	1.0000
simd_frag	L355469	1	0.9999
simd_frag	L355973	5	1.0000
simd_frag	L358098	0	1.0000
simd_frag	L358427	0	1.0000
simd_frag	L36185	1	1.0000
simd_frag	L36374	0	0.9968
simd_frag	L36393	3	0.9664
simd_frag	L364477	0	1.0000
simd_frag	L368265	5	0.7415
simd_frag	L369221	0	0.8591
simd_frag	L370516	0	1.0000
simd_frag	L375608	7	1.0000
simd_frag	L375999	2	0.4942
simd_frag	L376343	1	0.9969
simd_frag	L377914	1	0.9352
simd_frag	L380751	11	1.0000
simd_frag	L382166	0	1.0000
simd_frag	L382724	0	1.0000
simd_frag	L383909	0	0.8480
simd_frag	L385595	0	0.4667
simd_frag	L386761	0	1.0000
simd_frag	L38847	1	0.9574
simd_frag	L388838	5	1.0000
simd_frag	L390056	8	1.0000
simd_frag	L390847	1	1.0000
simd_frag	L391263	1	0.7574
simd_frag	L394934	1	0.8605
simd_frag	L396359	0	1.0000
simd_frag	L397005	1	0.8742
simd_frag	L398087	4	0.9998
simd_frag	L401127	1	0.8879
simd_frag	L402454	2	0.8947
simd_frag	L403424	0	0.9770
simd_frag	L405687	1	0.7323
simd_frag	L409413	3	0.5080
simd_frag	L411451	0	1.0000
simd_frag	L414909	1	1.0000
simd_frag	L414959	0	1.0000
simd_frag	L418437	0	1.0000
simd_frag	L419149	1	1.0000
simd_frag	L422199	0	1.0000
simd_frag	L42258	2	1.0000
simd_frag	L425262	0	0.9908
simd_frag	L425629	1	1.0000
simd_frag	L431467	0	0.9970
simd_frag	L433013	0	1.0000
simd_frag	L435219	0	1.0000
simd_frag	L442957	1	0.9985
simd_frag	L4469	0	1.0000
simd_frag	L446901	0	1.0000
simd_frag	L449888	0	0.6571
simd_frag	L450863	2	1.0000
simd_frag	L454426	1	0.8045
simd_frag	L456423	5	0.6575
simd_frag	L458224	0	0.5001
simd_frag	L45866	0	1.0000
simd_frag	L459126	3	1.0000
simd_frag	L459710	2	1.0000
simd_frag	L460845	1	1.0000
simd_frag	L462461	3	1.0000
simd_frag	L462611	2	0.7478
simd_frag	L465953	1	1.0000
simd_frag	L466572	0	1.0000
simd_frag	L469914	3	1.0000
simd_frag	L472973	2	0.8022
simd_frag	L47627	0	1.0000
simd_frag	L477052	9	0.8712
simd_frag	L477480	0	0.9137
simd_frag	L478354	3	1.0000
simd_frag	L480723	3	1.0000
simd_frag	L481009	2	0.6768
simd_frag	L481562	0	0.9705
simd_frag	L481889	1	0.9674
simd_frag	L482581	1	0.9934
simd_frag	L488483	5	1.0000
simd_frag	L494762	0	1.0000
simd_frag	L496946	0	0.9998
simd_frag	L497994	1	1.0000
simd_frag	L498642	5	1.0000
simd_frag	L499837	0	0.9124
simd_frag	L500481	0	1.0000
simd_frag	L501837	1	1.0000
simd_frag	L506324	0	1.0000
simd_frag	L5117	3	0.9920
simd_frag	L511916	0	1.0000
simd_frag	L515141	1	1.0000
simd_frag	L516046	4	1.0000
simd_frag	L520263	0	1.0000
simd_frag	L521167	3	1.0000
simd_frag	L521904	0	0.9999
simd_frag	L523867	1	0.9999
simd_frag	L524464	0	1.0000
simd_frag	L525527	1	1.0000
simd_frag	L529623	0	0.9470
simd_frag	L531061	0	0.9821
simd_frag	L533105	0	1.0000
simd_frag	L534964	0	0.9478
simd_frag	L535240	1	0.6474
simd_frag	L535400	1	0.4482
simd_frag	L536467	2	0.8663
simd_frag	L536524	5	0.9698
simd_frag	L539572	3	0.5618
simd_frag	L539623	1	1.0000
simd_frag	L541274	0	0.9950
simd_frag	L541585	2	1.0000
simd_frag	L543256	0	1.0000
simd_frag	L544561	0	1.0000
simd_frag	L545165	5	1.0000
simd_frag	L546910	0	0.8727
simd_frag	L548504	0	0.9502
simd_frag	L551442	0	1.0000
simd_frag	L555925	1	1.0000
simd_frag	L556696	2	1.0000
simd_frag	L559531	2	1.0000
simd_frag	L560176	0	1.0000
simd_frag	L561367	1	0.9951
simd_frag	L564679	3	1.0000
simd_frag	L566745	2	1.0000
simd_frag	L568989	0	1.0000
simd_frag	L570772	2	1.0000
simd_frag	L572521	1	1.0000
simd_frag	L577507	2	1.0000
simd_frag	L578197	3	1.0000
simd_frag	L584866	1	0.4719
simd_frag	L586948	1	0.7848
simd_frag	L589777	3	1.0000
simd_frag	L589868	0	0.8852
simd_frag	L590205	1	1.0000
simd_frag	L59044	1	1.0000
simd_frag	L599511	3	0.6043
simd_frag	L60389	0	1.0000
simd_frag	L614050	0	1.0000
simd_frag	L617862	5	1.0000
simd_frag	L620966	5	1.0000
simd_frag	L623278	1	0.6975
simd_frag	L62337	3	0.9746
simd_frag	L626238	3	1.0000
simd_frag	L626353	0	1.0000
simd_frag	L62839	0	0.5005
simd_frag	L632457	4	0.4608
simd_frag	L635118	0	1.0000
simd_frag	L636888	2	1.0000
simd_frag	L639959	0	1.0000
simd_frag	L640160	0	1.0000
simd_frag	L641936	3	0.7779
simd_frag	L642984	0	1.0000
simd_frag	L644406	5	1.0000
simd_frag	L644497	1	0.5713
simd_frag	L646751	0	1.0000
simd_frag	L649091	3	1.0000
simd_frag	L652753	0	0.8060
simd_frag	L657061	0	1.0000
simd_frag	L657332	0	1.0000
simd_frag	L657537	0	1.0000
simd_frag	L658591	0	1.0000
simd_frag	L659549	1	0.6359
simd_frag	L660443	0	1.0000
simd_frag	L663427	0	1.0000
simd_frag	L665914	1	1.0000
simd_frag	L666180	2	1.0000
simd_frag	L667013	1	0.3354
simd_frag	L667839	0	1.0000
simd_frag	L669436	3	1.0000
simd_frag	L66992	0	0.9999
simd_frag	L677371	0	1.0000
simd_frag	L678289	0	1.0000
simd_frag	L678676	1	1.0000
simd_frag	L679717	2	0.9985
simd_frag	L680683	1	0.5466
simd_frag	L681033	0	1.0000
simd_frag	L681532	1	0.6795
simd_frag	L681559	1	1.0000
simd_frag	L681852	0	1.0000
simd_frag	L684567	0	1.0000
simd_frag	L685962	0	0.9990
simd_frag	L686506	0	0.7543
simd_frag	L689721	1	0.5184
simd_frag	L691596	3	1.0000
simd_frag	L692386	0	0.9871
simd_frag	L693733	0	1.0000
simd_frag	L694998	0	1.0000
simd_frag	L699028	1	1.0000
simd_frag	L700056	0	1.0000
simd_frag	L700404	1	1.0000
simd_frag	L702168	0	1.0000
simd_frag	L70331	1	1.0000
simd_frag	L704136	0	1.0000
simd_frag	L704338	1	1.0000
simd_frag	L705787	2	0.9969
simd_frag	L706127	6	1.0000
simd_frag	L706802	2	1.0000
simd_frag	L707187	0	1.0000
simd_frag	L710321	0	1.0000
simd_frag	L711529	0	0.9972
simd_frag	L71277	1	0.9995
simd_frag	L713051	0	0.9865
simd_frag	L715677	0	1.0000
simd_frag	L716679	0	1.0000
simd_frag	L720310	0	0.9983
simd_frag	L720918	1	1.0000
simd_frag	L722647	1	0.5466
simd_frag	L722885	6	1.0000
simd_frag	L725643	6	0.8901
simd_frag	L730413	4	1.0000
simd_frag	L731956	0	1.0000
simd_frag	L736973	0	1.0000
simd_frag	L740874	5	1.0000
simd_frag	L741246	0	1.0000
simd_frag	L742863	3	1.0000
simd_frag	L743451	1	0.9286
simd_frag	L748093	5	0.9142
simd_frag	L751266	1	0.9941
simd_frag	L752342	3	0.9984
simd_frag	L752475	0	1.0000
simd_frag	L752653	0	1.0000
simd_frag	L75387	3	1.0000
simd_frag	L754764	0	1.0000
simd_frag	L755702	1	0.7898
simd_frag	L759676	1	1.0000
simd_frag	L759690	1	0.6373
simd_frag	L759925	1	1.0000
simd_frag	L760304	0	1.0000
simd_frag	L762113	0	1.0000
simd_frag	L762771	1	1.0000
simd_frag	L763808	0	1.0000
simd_frag	L764107	4	1.0000
simd_frag	L764127	0	1.0000
simd_frag	L764282	0	1.0000
simd_frag	L764916	1	0.9877
simd_frag	L77164	2	0.9983
simd_frag	L773134	0	1.0000
simd_frag	L774588	0	1.0000
simd_frag	L774738	0	1.0000
simd_frag	L775906	2	1.0000
simd_frag	L778698	1	1.0000
simd_frag	L779464	1	1.0000
simd_frag	L779937	3	1.0000
simd_frag	L780609	0	1.0000
simd_frag	L784473	4	0.8184
simd_frag	L787550	1	0.9940
simd_frag	L789409	0	0.8208
simd_frag	L790771	0	0.9289
simd_frag	L792951	1	0.9319
simd_frag	L79315	1	0.9702
simd_frag	L793490	1	0.6594
simd_frag	L79406	1	1.0000
simd_frag	L79610	1	0.9850
simd_frag	L796809	2	0.9880
simd_frag	L798449	0	1.0000
simd_frag	L801473	0	1.0000
simd_frag	L801620	5	0.9445
simd_frag	L801738	0	0.9994
simd_frag	L803364	3	0.7711
simd_frag	L803613	1	0.9755
simd_frag	L804778	1	0.8244
simd_frag	L808364	3	1.0000
simd_frag	L809372	1	1.0000
simd_frag	L809693	0	1.0000
simd_frag	L811734	4	0.7350
simd_frag	L81215	1	1.0000
simd_frag	L812450	0	1.0000
simd_frag	L812672	5	1.0000
simd_frag	L815977	2	1.0000
simd_frag	L816644	0	1.0000
simd_frag	L81909	0	0.9999
simd_frag	L819563	4	0.5638
simd_frag	L821100	0	1.0000
simd_frag	L822334	0	0.9604
simd_frag	L824223	1	1.0000
simd_frag	L827048	1	1.0000
simd_frag	L827129	2	1.0000
simd_frag	L829233	1	0.5000
simd_frag	L83001	3	1.0000
simd_frag	L830371	0	0.9998
simd_frag	L832923	0	1.0000
simd_frag	L834579	0	1.0000
simd_frag	L834622	0	0.8980
simd_frag	L837955	2	1.0000
simd_frag	L843972	2	1.0000
simd_frag	L845031	0	1.0000
simd_frag	L846960	0	1.0000
simd_frag	L847988	4	1.0000
simd_frag	L849505	1	0.9995
simd_frag	L851847	1	0.6064
simd_frag	L853299	0	1.0000
simd_frag	L855747	2	1.0000
simd_frag	L855935	0	1.0000
simd_frag	L856753	0	1.0000
simd_frag	L85748	1	1.0000
simd_frag	L858843	1	1.0000
simd_frag	L862725	1	0.5015
simd_frag	L864050	0	1.0000
simd_frag	L86679	0	1.0000
simd_frag	L868640	0	1.0000
simd_frag	L869371	2	1.0000
simd_frag	L869433	0	0.9978
simd_frag	L873249	0	1.0000
simd_frag	L883133	1	1.0000
simd_frag	L883660	4	1.0000
simd_frag	L884453	5	1.0000
simd_frag	L885068	2	0.9997
simd_frag	L885624	14	0.9981
simd_frag	L886084	3	1.0000
simd_frag	L886474	8	0.5154
simd_frag	L886813	6	0.5942
simd_frag	L888328	0	1.0000
simd_frag	L888339	0	1.0000
simd_frag	L888692	2	1.0000
simd_frag	L892540	0	1.0000
simd_frag	L894181	10	0.9633
simd_frag	L895192	0	1.0000
simd_frag	L895682	4	1.0000
simd_frag	L898645	1	0.7068
simd_frag	L900297	0	1.0000
simd_frag	L902295	0	1.0000
simd_frag	L902514	2	1.0000
simd_frag	L906439	0	1.0000
simd_frag	L907227	2	1.0000
simd_frag	L90734	0	1.0000
simd_frag	L909856	2	1.0000
simd_frag	L910412	6	1.0000
simd_frag	L910841	3	0.3579
simd_frag	L911364	0	1.0000
simd_frag	L912237	0	0.4551
simd_frag	L913833	8	1.0000
simd_frag	L914150	0	0.9994
simd_frag	L914195	2	1.0000
simd_frag	L91480	1	1.0000
simd_frag	L918005	0	1.0000
simd_frag	L918018	0	1.0000
simd_frag	L923738	3	1.0000
simd_frag	L924400	1	0.7750
simd_frag	L925260	0	1.0000
simd_frag	L928875	4	0.6676
simd_frag	L93124	1	1.0000
simd_frag	L93295	0	1.0000
simd_frag	L933087	1	0.4923
simd_frag	L933852	4	0.9992
simd_frag	L936253	0	1.0000
simd_frag	L940767	0	1.0000
simd_frag	L941368	4	0.4462
simd_frag	L941926	0	1.0000
simd_frag	L942873	1	1.0000
simd_frag	L943752	1	0.5002
simd_frag	L948601	4	1.0000
simd_frag	L94945	2	0.9302
simd_frag	L949761	2	0.6575
simd_frag	L953203	2	1.0000
simd_frag	L95620	0	0.4987
simd_frag	L957565	0	0.9141
simd_frag	L960419	0	0.8771
simd_frag	L962289	1	1.0000
simd_frag	L96262	0	1.0000
simd_frag	L962680	0	0.9996
simd_frag	L967795	1	1.0000
simd_frag	L968437	0	1.0000
simd_frag	L969615	1	0.9996
simd_frag	L970400	0	1.0000
simd_frag	L972698	0	1.0000
simd_frag	L974207	0	0.8036
simd_frag	L979330	1	1.0000
simd_frag	L983346	1	1.0000
simd_frag	L984768	0	1.0000
simd_frag	L984796	1	1.0000
simd_frag	L985204	0	1.0000
simd_frag	L985959	0	1.0000
simd_frag	L986820	3	1.0000
simd_frag	L989999	1	0.4793
simd_frag	L994491	0	1.0000
simd_frag	L997717	2	0.1906
simd_frag	L998540	6	1.0000
shift_frag	L1002585	0	0.9156
shift_frag	L1004185	1	0.2440
shift_frag	L1005032	0	0.7840
shift_frag	L1011227	0	0.7868
shift_frag	L1012049	0	0.6740
shift_frag	L1012199	0	0.5675
shift_frag	L1016849	0	0.9680
shift_frag	L1017537	0	1.0000
shift_frag	L1021907	0	0.3463
shift_frag	L1024044	0	0.3344
shift_frag	L1024542	0	0.3405
shift_frag	L1025399	0	1.0000
shift_frag	L1026799	0	0.3355
shift_frag	L102922	1	0.3514
shift_frag	L1029951	1	0.5735
shift_frag	L1030819	0	0.9999
shift_frag	L103249	1	0.2266
shift_frag	L1036266	0	0.7746
shift_frag	L1036426	0	1.0000
shift_frag	L1038977	1	0.6628
shift_frag	L1044163	1	0.3817
shift_frag	L1044444	1	0.3602
shift_frag	L1046348	3	0.4073
shift_frag	L1046966	0	0.5638
shift_frag	L1050743	0	0.9669
shift_frag	L1052309	0	1.0000
shift_frag	L1053445	0	1.0000
shift_frag	L1054346	1	0.6389
shift_frag	L1055550	0	1.0000
shift_frag	L1058576	0	0.7013
shift_frag	L1060120	1	0.4411
shift_frag	L1061482	0	0.5702
shift_frag	L1061587	2	0.2263
shift_frag	L1062126	0	0.7734
shift_frag	L1063587	1	0.8346
shift_frag	L1064227	0	0.9982
shift_frag	L1065804	2	0.2935
shift_frag	L1068964	0	0.4578
shift_frag	L1069832	0	0.3230
shift_frag	L1071754	1	0.1941
shift_frag	L1072449	0	0.3459
shift_frag	L1073165	1	0.7819
shift_frag	L1075189	1	0.2608
shift_frag	L1081827	1	0.2580
shift_frag	L1082663	0	0.9577
shift_frag	L1083972	0	0.6172
shift_frag	L1085175	0	0.3796
shift_frag	L1087086	1	0.3118
shift_frag	L1087105	1	0.3311
shift_frag	L1089119	1	0.3238
shift_frag	L1090631	2	0.2765
shift_frag	L1091178	1	0.3792
shift_frag	L1091281	0	0.3310
shift_frag	L1091323	1	0.5811
shift_frag	L1091479	0	0.4748
shift_frag	L1092388	1	0.4440
shift_frag	L1096376	0	0.9978
shift_frag	L1099155	0	0.7973
shift_frag	L1101520	0	1.0000
shift_frag	L1106265	0	1.0000
shift_frag	L1106965	0	0.9825
shift_frag	L1107538	0	1.0000
shift_frag	L1109734	0	1.0000
shift_frag	L1110523	1	0.5385
shift_frag	L1116847	0	0.9998
shift_frag	L1117806	0	1.0000
shift_frag	L1123172	1	0.3922
shift_frag	L112480	0	0.4664
shift_frag	L1125468	0	0.9863
shift_frag	L1125564	1	0.5090
shift_frag	L1126749	3	0.1435
shift_frag	L1127804	1	0.1540
shift_frag	L1128821	0	0.9875
shift_frag	L1132817	0	1.0000
shift_frag	L1134826	1	0.2998
shift_frag	L1135019	1	0.3597
shift_frag	L113844	1	0.4682
shift_frag	L1138559	1	0.6896
shift_frag	L1139573	2	0.1744
shift_frag	L1142178	0	0.1812
shift_frag	L1143584	1	0.3335
shift_frag	L1146782	0	0.3728
shift_frag	L1148275	0	0.9444
shift_frag	L1148681	0	0.6223
shift_frag	L1148861	1	0.2634
shift_frag	L115160	0	0.8012
shift_frag	L1152742	1	0.3750
shift_frag	L1159462	0	0.9744
shift_frag	L1160593	0	0.5164
shift_frag	L1166860	2	0.3347
shift_frag	L1169308	0	0.3487
shift_frag	L1171933	0	0.9941
shift_frag	L1175689	0	0.5179
shift_frag	L1176510	0	1.0000
shift_frag	L1176819	4	0.3511
shift_frag	L1181526	2	0.6433
shift_frag	L1184831	1	0.3811
shift_frag	L1188236	0	0.9986
shift_frag	L1189606	0	1.0000
shift_frag	L1190029	0	1.0000
shift_frag	L1192003	0	0.4780
shift_frag	L1193093	1	0.3738
shift_frag	L1193626	0	0.7809
shift_frag	L1194943	0	0.3341
shift_frag	L1200114	0	0.9900
shift_frag	L1200373	1	0.3977
shift_frag	L1202626	0	0.4335
shift_frag	L1203652	0	0.6479
shift_frag	L1205967	0	0.8917
shift_frag	L1206149	0	0.8743
shift_frag	L1208940	0	1.0000
shift_frag	L120959	2	0.3045
shift_frag	L1211345	0	1.0000
shift_frag	L1212637	0	0.9998
shift_frag	L1212861	0	0.5147
shift_frag	L121334	0	0.4221
shift_frag	L1215236	3	0.4092
shift_frag	L1217544	1	0.5903
shift_frag	L1217630	1	0.3496
shift_frag	L1218521	0	0.9019
shift_frag	L121873	1	0.6736
shift_frag	L1218743	0	1.0000
shift_frag	L1219260	1	0.5519
shift_frag	L1219324	0	0.9814
shift_frag	L1223018	1	0.5172
shift_frag	L12241	0	0.2742
shift_frag	L122411	2	0.2366
shift_frag	L1228313	1	0.4259
shift_frag	L1228316	0	0.3818
shift_frag	L1228698	2	0.1730
shift_frag	L1229975	0	0.4610
shift_frag	L1233030	1	0.4016
shift_frag	L1234322	0	0.8879
shift_frag	L1235564	0	0.9760
shift_frag	L1237368	2	0.1438
shift_frag	L1242536	1	0.6815
shift_frag	L1243882	0	0.7870
shift_frag	L1244427	1	0.1073
shift_frag	L1247700	0	1.0000
shift_frag	L1249050	0	0.9988
shift_frag	L1252273	1	0.3631
shift_frag	L1252715	0	0.6733
shift_frag	L125500	1	0.3346
shift_frag	L125644	0	1.0000
shift_frag	L1263639	0	1.0000
shift_frag	L1263909	1	0.3258
shift_frag	L1267300	0	0.1966
shift_frag	L1267973	1	0.3189
shift_frag	L1268056	4	0.1665
shift_frag	L1269000	1	0.1961
shift_frag	L1269225	1	0.4173
shift_frag	L1269960	0	0.5167
shift_frag	L1270519	0	0.2783
shift_frag	L1271695	0	0.9004
shift_frag	L1274988	2	0.7997
shift_frag	L1277578	1	0.3425
shift_frag	L1277861	0	0.7274
shift_frag	L1281298	0	0.5057
shift_frag	L1283746	0	1.0000
shift_frag	L1284558	1	0.3520
shift_frag	L1286758	0	0.4721
shift_frag	L1291250	1	0.7620
shift_frag	L129208	0	0.6291
shift_frag	L1292363	1	0.2258
shift_frag	L1292503	0	1.0000
shift_frag	L1294408	0	0.4553
shift_frag	L1294453	1	0.4772
shift_frag	L1294952	1	0.5444
shift_frag	L1297512	0	0.8370
shift_frag	L1298142	0	1.0000
shift_frag	L1299862	0	1.0000
shift_frag	L1302458	3	0.6213
shift_frag	L1307852	0	1.0000
shift_frag	L130839	0	0.8637
shift_frag	L1309046	0	0.6017
shift_frag	L1314993	1	0.3863
shift_frag	L1316645	4	0.1095
shift_frag	L1316673	2	0.3539
shift_frag	L1319261	1	0.3271
shift_frag	L1320029	3	0.3364
shift_frag	L1321139	1	0.4391
shift_frag	L1322298	0	0.7098
shift_frag	L1325043	0	1.0000
shift_frag	L1328601	0	0.7563
shift_frag	L1330004	0	0.7312
shift_frag	L1334204	0	0.6939
shift_frag	L1334727	0	0.2680
shift_frag	L1337969	2	0.2210
shift_frag	L1338440	1	0.6728
shift_frag	L1338867	1	0.3746
shift_frag	L13406	0	1.0000
shift_frag	L1341334	0	1.0000
shift_frag	L1342936	0	0.9998
shift_frag	L1343571	7	0.1588
shift_frag	L134770	0	0.8248
shift_frag	L1348767	0	0.4685
shift_frag	L1349954	0	0.9191
shift_frag	L1350260	3	0.1693
shift_frag	L1354350	0	0.9962
shift_frag	L1358832	0	0.4938
shift_frag	L1362201	0	0.3352
shift_frag	L1362636	1	0.3204
shift_frag	L1365362	0	0.6485
shift_frag	L1366477	0	0.4584
shift_frag	L1369644	0	0.4090
shift_frag	L13698	0	0.9916
shift_frag	L1371092	0	0.4973
shift_frag	L1372683	0	0.9158
shift_frag	L1372686	0	0.2991
shift_frag	L1373403	0	1.0000
shift_frag	L1378339	0	0.7552
shift_frag	L1379425	1	0.2601
shift_frag	L1380845	0	1.0000
shift_frag	L1382177	0	0.7778
shift_frag	L1382936	1	0.3931
shift_frag	L1382969	1	0.8056
shift_frag	L1383932	0	0.1871
shift_frag	L1384051	2	0.1643
shift_frag	L1393346	1	0.2535
shift_frag	L1394372	0	0.8017
shift_frag	L1398058	0	1.0000
shift_frag	L1398565	3	0.3638
shift_frag	L1400233	0	0.9734
shift_frag	L1400557	5	0.1864
shift_frag	L1403214	0	0.9995
shift_frag	L1409097	0	1.0000
shift_frag	L1409378	0	1.0000
shift_frag	L1410763	1	0.3368
shift_frag	L1410905	0	0.9941
shift_frag	L1411655	0	0.3153
shift_frag	L1421095	0	0.8775
shift_frag	L1421423	0	0.4768
shift_frag	L1431164	0	0.9961
shift_frag	L1435268	3	0.2835
shift_frag	L1438447	0	0.9338
shift_frag	L1440099	0	1.0000
shift_frag	L1440354	2	0.4074
shift_frag	L1440579	1	0.3939
shift_frag	L1441065	0	0.9247
shift_frag	L1442950	0	0.9995
shift_frag	L144630	1	0.3153
shift_frag	L144966	0	0.9999
shift_frag	L1450044	0	1.0000
shift_frag	L145721	0	0.4281
shift_frag	L1463127	0	0.9991
shift_frag	L1463808	7	0.3568
shift_frag	L1468044	1	0.1312
shift_frag	L1468317	0	0.3956
shift_frag	L1470882	0	1.0000
shift_frag	L1472026	0	0.9957
shift_frag	L1475336	0	1.0000
shift_frag	L1477	0	0.7740
shift_frag	L1477137	0	0.6472
shift_frag	L1478713	1	0.7035
shift_frag	L1479097	0	0.5321
shift_frag	L1482186	0	0.2701
shift_frag	L1483022	1	0.3623
shift_frag	L1485252	1	0.5876
shift_frag	L1487868	2	0.1684
shift_frag	L1489958	1	0.2357
shift_frag	L1491338	0	1.0000
shift_frag	L1491406	0	0.2441
shift_frag	L1492427	2	0.2796
shift_frag	L1494927	0	0.8737
shift_frag	L1496723	0	0.9999
shift_frag	L14998	0	1.0000
shift_frag	L1500041	0	0.6873
shift_frag	L1500792	1	0.4157
shift_frag	L1501054	0	1.0000
shift_frag	L1501117	2	0.4298
shift_frag	L150284	2	0.3237
shift_frag	L1503080	0	0.4496
shift_frag	L1506056	0	0.9941
shift_frag	L1506305	0	0.9990
shift_frag	L1507593	0	0.3446
shift_frag	L1507721	0	0.8746
shift_frag	L1509635	0	1.0000
shift_frag	L1511077	1	0.3774
shift_frag	L1511516	0	0.5383
shift_frag	L151270	1	0.2502
shift_frag	L1513453	0	0.6541
shift_frag	L1513508	0	0.9569
shift_frag	L1514059	2	0.2511
shift_frag	L151434	0	1.0000
shift_frag	L1520281	2	0.1623
shift_frag	L1522665	0	0.4149
shift_frag	L1525581	0	1.0000
shift_frag	L152670	1	0.7283
shift_frag	L1527449	1	0.6543
shift_frag	L1532593	0	0.4381
shift_frag	L1537084	2	0.7998
shift_frag	L1545445	6	0.1505
shift_frag	L1549764	1	0.4037
shift_frag	L1553511	4	0.1735
shift_frag	L1555961	0	0.3184
shift_frag	L1556158	1	0.3790
shift_frag	L1559085	0	1.0000
shift_frag	L1559370	11	0.0775
shift_frag	L1561684	1	0.8641
shift_frag	L1563921	2	0.3409
shift_frag	L1564440	0	0.6949
shift_frag	L1564788	0	0.7771
shift_frag	L1570442	0	0.2519
shift_frag	L1577548	3	0.3973
shift_frag	L1582773	0	0.5968
shift_frag	L1586476	0	0.9998
shift_frag	L1591774	7	0.2485
shift_frag	L1592464	2	0.6870
shift_frag	L1592890	2	0.1550
shift_frag	L1593009	1	0.2912
shift_frag	L1594265	0	0.5155
shift_frag	L15949	0	0.9998
shift_frag	L1595729	0	0.6249
shift_frag	L1596023	0	0.9274
shift_frag	L1596979	0	0.6446
shift_frag	L1599150	0	1.0000
shift_frag	L1605496	1	0.2379
shift_frag	L1608356	2	0.5005
shift_frag	L1608408	1	0.5082
shift_frag	L1609523	0	0.9996
shift_frag	L1611831	2	0.2477
shift_frag	L1613719	1	0.3576
shift_frag	L1613862	0	0.9982
shift_frag	L1614892	0	1.0000
shift_frag	L1615590	0	0.9805
shift_frag	L1616879	3	0.2001
shift_frag	L1617022	1	0.3034
shift_frag	L1619438	3	0.1946
shift_frag	L1619907	0	1.0000
shift_frag	L1620099	5	0.2065
shift_frag	L1622776	1	0.2875
shift_frag	L1622804	0	0.3797
shift_frag	L1623315	3	0.2749
shift_frag	L1625869	0	1.0000
shift_frag	L1632251	0	0.9865
shift_frag	L1632593	3	0.1966
shift_frag	L1633409	1	0.5263
shift_frag	L163519	0	0.9771
shift_frag	L1635479	1	0.4486
shift_frag	L1638116	0	0.4846
shift_frag	L1642892	3	0.4893
shift_frag	L1647022	0	1.0000
shift_frag	L1649256	0	1.0000
shift_frag	L1650196	0	0.5862
shift_frag	L1654301	1	0.3139
shift_frag	L1656331	1	0.2934
shift_frag	L1657868	2	0.2352
shift_frag	L1658774	4	0.4817
shift_frag	L1660134	0	0.4165
shift_frag	L166249	0	1.0000
shift_frag	L1663458	1	0.3286
shift_frag	L16644	2	0.1528
shift_frag	L1664922	4	0.5948
shift_frag	L1666954	0	0.5781
shift_frag	L1668737	0	0.5354
shift_frag	L167239	0	0.3446
shift_frag	L167308	0	1.0000
shift_frag	L1673443	1	0.5393
shift_frag	L1677915	0	0.9747
shift_frag	L1679070	0	0.6474
shift_frag	L1679327	0	0.7267
shift_frag	L1681571	3	0.1238
shift_frag	L1683975	5	0.1150
shift_frag	L1687257	1	0.2319
shift_frag	L1689425	4	0.2771
shift_frag	L1690704	11	0.1575
shift_frag	L1690718	1	0.2223
shift_frag	L1692614	0	0.9229
shift_frag	L1693021	1	0.3512
shift_frag	L1693729	0	0.6541
shift_frag	L1698795	0	1.0000
shift_frag	L1700325	1	0.4001
shift_frag	L1701759	0	0.8205
shift_frag	L1706009	0	0.4514
shift_frag	L1710196	1	0.6561
shift_frag	L1713230	0	0.3190
shift_frag	L1714485	1	0.3676
shift_frag	L1715650	1	0.2722
shift_frag	L1717886	4	0.2799
shift_frag	L1720587	1	0.4599
shift_frag	L1721987	0	1.0000
shift_frag	L1722777	0	1.0000
shift_frag	L1724773	1	0.6477
shift_frag	L1725448	0	0.9310
shift_frag	L1727481	1	0.1513
shift_frag	L1728562	1	0.1551
shift_frag	L1729015	1	0.0838
shift_frag	L1729974	8	0.3330
shift_frag	L1731527	1	0.7655
shift_frag	L173383	1	0.6016
shift_frag	L1735097	1	0.0970
shift_frag	L1736351	0	1.0000
shift_frag	L1736591	0	0.9991
shift_frag	L1739879	1	0.1875
shift_frag	L1741008	0	1.0000
shift_frag	L1741461	0	0.1769
shift_frag	L174176	1	0.3101
shift_frag	L1741919	2	0.4713
shift_frag	L1743480	2	0.3301
shift_frag	L1744154	0	0.5916
shift_frag	L1746595	0	0.9856
shift_frag	L1748112	0	1.0000
shift_frag	L1748957	0	0.9152
shift_frag	L1749257	1	0.1717
shift_frag	L175348	0	0.3913
shift_frag	L1753832	0	1.0000
shift_frag	L1755416	0	0.4289
shift_frag	L1758324	0	0.9527
shift_frag	L1758608	0	0.9976
shift_frag	L1758614	0	0.3924
shift_frag	L1758704	1	0.4044
shift_frag	L1762064	1	0.4803
shift_frag	L1765663	1	0.3921
shift_frag	L1766093	0	0.3233
shift_frag	L176738	7	0.1412
shift_frag	L1768336	0	0.1371
shift_frag	L176876	0	1.0000
shift_frag	L1768935	1	0.3254
shift_frag	L1770348	0	1.0000
shift_frag	L1770471	0	1.0000
shift_frag	L1772400	0	0.7311
shift_frag	L1774077	4	0.0773
shift_frag	L1774332	2	0.5695
shift_frag	L177650	0	1.0000
shift_frag	L1778239	2	0.5301
shift_frag	L1778753	0	0.9942
shift_frag	L1785009	0	0.2114
shift_frag	L1788156	0	0.9895
shift_frag	L179015	0	0.3180
shift_frag	L1790481	4	0.1652
shift_frag	L1791527	0	0.8810
shift_frag	L1792265	0	0.9963
shift_frag	L1793065	0	0.5786
shift_frag	L1794712	1	0.3115
shift_frag	L1794839	0	0.9494
shift_frag	L1796826	0	0.9952
shift_frag	L1797546	0	1.0000
shift_frag	L1798302	0	1.0000
shift_frag	L1799840	1	0.4305
shift_frag	L1801258	0	0.8162
shift_frag	L1802345	0	0.9975
shift_frag	L180509	0	1.0000
shift_frag	L1808966	0	0.7762
shift_frag	L1809234	0	0.5315
shift_frag	L1811231	1	0.3714
shift_frag	L1812445	0	0.7858
shift_frag	L1814309	1	0.3337
shift_frag	L1816451	0	0.2606
shift_frag	L1817551	0	0.9568
shift_frag	L1820447	3	0.2434
shift_frag	L1821765	0	0.4703
shift_frag	L1822989	0	1.0000
shift_frag	L1823086	0	0.4312
shift_frag	L1825981	0	0.7950
shift_frag	L1826918	0	1.0000
shift_frag	L1830338	0	1.0000
shift_frag	L18313	0	0.2811
shift_frag	L1831368	0	0.9999
shift_frag	L183802	0	0.8723
shift_frag	L1838244	0	1.0000
shift_frag	L1838501	1	0.6024
shift_frag	L1838652	2	0.1268
shift_frag	L1840388	1	0.9394
shift_frag	L1848896	0	0.3585
shift_frag	L1856065	0	0.8468
shift_frag	L1857129	0	0.3407
shift_frag	L1858192	0	1.0000
shift_frag	L1858235	1	0.1898
shift_frag	L1859863	0	0.3367
shift_frag	L1860283	2	0.4339
shift_frag	L1867226	0	0.3208
shift_frag	L186847	0	0.1503
shift_frag	L1869818	0	0.2451
shift_frag	L1872590	0	1.0000
shift_frag	L1872595	0	0.9991
shift_frag	L1873245	1	0.3534
shift_frag	L1873642	0	0.9547
shift_frag	L1874928	3	0.1671
shift_frag	L1876149	2	0.2643
shift_frag	L18800	0	0.5258
shift_frag	L1882201	1	0.4462
shift_frag	L1882838	1	0.5446
shift_frag	L1883125	0	0.2543
shift_frag	L1883999	1	0.1400
shift_frag	L1886440	0	0.5268
shift_frag	L1889760	0	1.0000
shift_frag	L189322	0	0.4663
shift_frag	L1895575	0	0.3108
shift_frag	L1897444	0	0.9576
shift_frag	L1898605	0	0.9998
shift_frag	L1898611	0	1.0000
shift_frag	L190102	0	1.0000
shift_frag	L1902625	0	0.4074
shift_frag	L1905283	3	0.6686
shift_frag	L190650	0	1.0000
shift_frag	L190687	0	0.9771
shift_frag	L1908570	1	0.2956
shift_frag	L1909629	5	0.4011
shift_frag	L1911881	3	0.1753
shift_frag	L1912	0	1.0000
shift_frag	L191488	0	0.4656
shift_frag	L1920826	1	0.3621
shift_frag	L192237	0	0.8648
shift_frag	L1924744	0	1.0000
shift_frag	L1925847	2	0.2218
shift_frag	L1928273	0	0.2612
shift_frag	L1928790	0	0.5519
shift_frag	L1932241	0	0.6037
shift_frag	L1932659	0	1.0000
shift_frag	L1933206	0	0.9843
shift_frag	L1933253	0	0.9627
shift_frag	L1933970	0	0.9785
shift_frag	L1936643	1	0.3568
shift_frag	L1940497	0	0.4958
shift_frag	L1942177	3	0.4948
shift_frag	L1942305	0	0.7844
shift_frag	L1943673	2	0.2175
shift_frag	L1944226	0	0.8989
shift_frag	L1944640	1	0.3572
shift_frag	L1944904	1	0.1509
shift_frag	L194952	1	0.2616
shift_frag	L1951280	0	1.0000
shift_frag	L1952353	2	0.2593
shift_frag	L1953692	2	0.5906
shift_frag	L1954656	0	0.3182
shift_frag	L1955598	1	0.8582
shift_frag	L1955973	2	0.3529
shift_frag	L195908	0	1.0000
shift_frag	L1964032	0	0.9532
shift_frag	L1965961	1	0.6439
shift_frag	L1970360	0	1.0000
shift_frag	L1970493	0	0.3709
shift_frag	L1970551	1	0.9268
shift_frag	L1970668	0	0.5268
shift_frag	L1971017	1	0.2889
shift_frag	L1975091	0	0.3368
shift_frag	L1975857	0	0.8152
shift_frag	L197613	1	0.1720
shift_frag	L1976785	1	0.2947
shift_frag	L1981866	2	0.2983
shift_frag	L1982300	0	1.0000
shift_frag	L1983183	1	0.3705
shift_frag	L1986059	3	0.6605
shift_frag	L1990411	0	1.0000
shift_frag	L1991628	0	1.0000
shift_frag	L1994839	0	1.0000
shift_frag	L1996032	0	1.0000
shift_frag	L202116	0	1.0000
shift_frag	L204802	1	0.1746
shift_frag	L208863	1	0.4424
shift_frag	L209724	2	0.1947
shift_frag	L2105	0	1.0000
shift_frag	L210838	0	0.4693
shift_frag	L21151	1	0.4302
shift_frag	L216034	0	0.6765
shift_frag	L216528	0	0.1862
shift_frag	L217349	0	1.0000
shift_frag	L222365	1	0.3023
shift_frag	L225416	1	0.5038
shift_frag	L227476	0	0.6791
shift_frag	L228723	0	1.0000
shift_frag	L231682	0	1.0000
shift_frag	L232060	0	1.0000
shift_frag	L233375	3	0.1377
shift_frag	L235764	0	1.0000
shift_frag	L238858	0	0.4142
shift_frag	L243818	0	1.0000
shift_frag	L244003	1	0.2874
shift_frag	L244965	0	0.9599
shift_frag	L24866	1	0.4149
shift_frag	L250969	0	1.0000
shift_frag	L252902	1	0.3346
shift_frag	L253345	2	0.3404
shift_frag	L257043	1	0.3051
shift_frag	L257465	0	0.2062
shift_frag	L258378	2	0.4454
shift_frag	L258696	0	1.0000
shift_frag	L260842	1	0.8791
shift_frag	L260939	0	0.9237
shift_frag	L261190	0	1.0000
shift_frag	L267309	1	0.2816
shift_frag	L267846	0	1.0000
shift_frag	L270977	0	0.4280
shift_frag	L272730	0	1.0000
shift_frag	L273461	0	0.8228
shift_frag	L282320	0	1.0000
shift_frag	L283173	0	0.3162
shift_frag	L283368	1	0.2069
shift_frag	L288752	0	0.4899
shift_frag	L2888	0	0.4134
shift_frag	L293305	7	0.4389
shift_frag	L293537	0	0.9973
shift_frag	L294764	1	0.2578
shift_frag	L299364	0	0.3067
shift_frag	L299595	1	0.2925
shift_frag	L299782	0	0.9566
shift_frag	L300401	0	1.0000
shift_frag	L30336	0	0.5600
shift_frag	L310087	1	0.2807
shift_frag	L312118	2	0.2924
shift_frag	L318026	0	0.9061
shift_frag	L318722	0	0.8920
shift_frag	L31952	1	0.7045
shift_frag	L319839	0	0.4097
shift_frag	L319888	0	0.9346
shift_frag	L320440	1	0.4625
shift_frag	L321627	0	1.0000
shift_frag	L322333	0	0.5813
shift_frag	L322794	1	0.6396
shift_frag	L322866	1	0.3968
shift_frag	L324151	0	0.6603
shift_frag	L324946	0	0.9961
shift_frag	L32606	0	0.7866
shift_frag	L326205	0	1.0000
shift_frag	L327486	0	1.0000
shift_frag	L331805	0	0.4192
shift_frag	L331807	1	0.6735
shift_frag	L333401	1	0.4494
shift_frag	L333865	0	1.0000
shift_frag	L335478	1	0.5105
shift_frag	L336916	1	0.1935
shift_frag	L337726	1	0.5407
shift_frag	L343911	0	0.9980
shift_frag	L346110	0	1.0000
shift_frag	L35206	1	0.2350
shift_frag	L352100	0	1.0000
shift_frag	L353330	0	0.3323
shift_frag	L353755	1	0.2926
shift_frag	L354281	1	0.6340
shift_frag	L355469	0	0.2429
shift_frag	L355973	1	0.2459
shift_frag	L358098	0	0.9974
shift_frag	L358427	0	1.0000
shift_frag	L36185	0	0.7860
shift_frag	L36374	0	0.9959
shift_frag	L36393	1	0.2513
shift_frag	L364477	0	0.5488
shift_frag	L368265	1	0.4305
shift_frag	L369221	1	0.3682
shift_frag	L370516	0	0.9999
shift_frag	L375608	2	0.1164
shift_frag	L375999	0	0.2556
shift_frag	L376343	0	0.7267
shift_frag	L377914	1	0.5114
shift_frag	L380751	4	0.0854
shift_frag	L382166	0	1.0000
shift_frag	L382724	0	0.9999
shift_frag	L383909	1	0.6412
shift_frag	L385595	8	0.2759
shift_frag	L386761	0	1.0000
shift_frag	L38847	1	0.4712
shift_frag	L388838	0	0.3269
shift_frag	L390056	1	0.2454
shift_frag	L390847	0	0.4838
shift_frag	L391263	0	0.3985
shift_frag	L394934	0	0.7617
shift_frag	L396359	0	1.0000
shift_frag	L397005	1	0.4074
shift_frag	L398087	2	0.3090
shift_frag	L401127	0	0.9990
shift_frag	L402454	0	0.2737
shift_frag	L403424	0	0.7080
shift_frag	L405687	0	0.3732
shift_frag	L409413	1	0.4630
shift_frag	L411451	0	1.0000
shift_frag	L414909	0	0.9993
shift_frag	L414959	0	1.0000
shift_frag	L418437	0	1.0000
shift_frag	L419149	0	0.6799
shift_frag	L422199	0	1.0000
shift_frag	L42258	3	0.3972
shift_frag	L425262	1	0.5815
shift_frag	L425629	1	0.2496
shift_frag	L431467	0	0.9557
shift_frag	L433013	0	1.0000
shift_frag	L435219	0	1.0000
shift_frag	L442957	1	0.2247
shift_frag	L4469	0	1.0000
shift_frag	L446901	0	0.9999
shift_frag	L449888	0	0.1659
shift_frag	L450863	0	1.0000
shift_frag	L454426	0	0.3307
shift_frag	L456423	4	0.5330
shift_frag	L458224	1	0.6853
shift_frag	L45866	1	0.5975
shift_frag	L459126	1	0.4755
shift_frag	L459710	0	0.7411
shift_frag	L460845	0	0.4510
shift_frag	L462461	0	0.3641
shift_frag	L462611	2	0.2079
shift_frag	L465953	0	0.6277
shift_frag	L466572	1	0.4835
shift_frag	L469914	0	0.2676
shift_frag	L472973	1	0.2257
shift_frag	L47627	0	1.0000
shift_frag	L477052	0	0.4079
shift_frag	L477480	0	0.6097
shift_frag	L478354	0	0.9853
shift_frag	L480723	0	0.5578
shift_frag	L481009	1	0.3494
shift_frag	L481562	0	0.9543
shift_frag	L481889	2	0.1928
shift_frag	L482581	1	0.4300
shift_frag	L488483	1	0.4607
shift_frag	L494762	0	1.0000
shift_frag	L496946	0	0.5659
shift_frag	L497994	0	0.9886
shift_frag	L498642	0	0.7306
shift_frag	L499837	1	0.3344
shift_frag	L500481	0	0.9968
shift_frag	L501837	1	0.3965
shift_frag	L506324	0	1.0000
shift_frag	L5117	1	0.2584
shift_frag	L511916	0	0.9878
shift_frag	L515141	0	0.4298
shift_frag	L516046	1	0.2572
shift_frag	L520263	0	1.0000
shift_frag	L521167	1	0.2198
shift_frag	L521904	0	0.7029
shift_frag	L523867	0	0.9252
shift_frag	L524464	0	0.8595
shift_frag	L525527	1	0.1821
shift_frag	L529623	0	0.7882
shift_frag	L531061	0	0.7495
shift_frag	L533105	0	1.0000
shift_frag	L534964	0	0.9110
shift_frag	L535240	1	0.3828
shift_frag	L535400	1	0.2432
shift_frag	L536467	0	0.9988
shift_frag	L536524	3	0.2443
shift_frag	L539572	1	0.3943
shift_frag	L539623	0	0.7583
shift_frag	L541274	0	0.9319
shift_frag	L541585	0	0.7819
shift_frag	L543256	0	1.0000
shift_frag	L544561	0	0.3639
shift_frag	L545165	4	0.2220
shift_frag	L546910	0	0.3559
shift_frag	L548504	0	0.6559
shift_frag	L551442	0	1.0000
shift_frag	L555925	0	0.9993
shift_frag	L556696	0	0.4769
shift_frag	L559531	0	0.4860
shift_frag	L560176	0	1.0000
shift_frag	L561367	1	0.3690
shift_frag	L564679	1	0.2667
shift_frag	L566745	1	0.6583
shift_frag	L568989	0	1.0000
shift_frag	L570772	1	0.2173
shift_frag	L572521	0	0.4343
shift_frag	L577507	2	0.5206
shift_frag	L578197	1	0.9903
shift_frag	L584866	0	0.4782
shift_frag	L586948	0	0.5306
shift_frag	L589777	1	0.2634
shift_frag	L589868	0	0.3251
shift_frag	L590205	0	0.8705
shift_frag	L59044	0	0.9898
shift_frag	L599511	2	0.4473
shift_frag	L60389	0	1.0000
shift_frag	L614050	0	0.9997
shift_frag	L617862	0	0.3999
shift_frag	L620966	5	0.3908
shift_frag	L623278	0	0.2577
shift_frag	L62337	1	0.2183
shift_frag	L626238	0	0.5119
shift_frag	L626353	0	0.4907
shift_frag	L62839	0	0.5371
shift_frag	L632457	0	0.6874
shift_frag	L635118	0	1.0000
shift_frag	L636888	1	0.3186
shift_frag	L639959	0	1.0000
shift_frag	L640160	0	1.0000
shift_frag	L641936	1	0.1711
shift_frag	L642984	0	1.0000
shift_frag	L644406	1	0.2567
shift_frag	L644497	1	0.7012
shift_frag	L646751	0	1.0000
shift_frag	L649091	2	0.3463
shift_frag	L652753	0	0.6270
shift_frag	L657061	0	1.0000
shift_frag	L657332	0	1.0000
shift_frag	L657537	0	0.9994
shift_frag	L658591	0	1.0000
shift_frag	L659549	1	0.3358
shift_frag	L660443	0	0.4885
shift_frag	L663427	1	0.8816
shift_frag	L665914	1	0.5269
shift_frag	L666180	0	0.5129
shift_frag	L667013	1	0.4031
shift_frag	L667839	0	1.0000
shift_frag	L669436	5	0.2235
shift_frag	L66992	0	0.9876
shift_frag	L677371	0	1.0000
shift_frag	L678289	0	0.8867
shift_frag	L678676	0	0.7632
shift_frag	L679717	1	0.3462
shift_frag	L680683	1	0.9636
shift_frag	L681033	0	0.9191
shift_frag	L681532	0	0.8052
shift_frag	L681559	0	0.8128
shift_frag	L681852	0	0.4511
shift_frag	L684567	0	1.0000
shift_frag	L685962	1	0.5082
shift_frag	L686506	0	0.3341
shift_frag	L689721	0	0.7882
shift_frag	L691596	0	0.2804
shift_frag	L692386	0	0.9005
shift_frag	L693733	2	0.2003
shift_frag	L694998	0	0.9989
shift_frag	L699028	1	0.7981
shift_frag	L700056	0	1.0000
shift_frag	L700404	0	0.9912
shift_frag	L702168	0	1.0000
shift_frag	L70331	1	0.3078
shift_frag	L704136	0	1.0000
shift_frag	L704338	1	0.2886
shift_frag	L705787	2	0.2706
shift_frag	L706127	5	0.2534
shift_frag	L706802	0	0.7734
shift_frag	L707187	0	1.0000
shift_frag	L710321	0	1.0000
shift_frag	L711529	0	0.9998
shift_frag	L71277	0	0.3734
shift_frag	L713051	0	0.5420
shift_frag	L715677	0	1.0000
shift_frag	L716679	0	0.4177
shift_frag	L720310	0	0.2617
shift_frag	L720918	0	0.4326
shift_frag	L722647	0	0.8762
shift_frag	L722885	0	0.4028
shift_frag	L725643	3	0.1965
shift_frag	L730413	1	0.3130
shift_frag	L731956	0	0.9998
shift_frag	L736973	0	1.0000
shift_frag	L740874	0	0.2270
shift_frag	L741246	0	1.0000
shift_frag	L742863	0	0.9935
shift_frag	L743451	1	0.1017
shift_frag	L748093	0	0.1782
shift_frag	L751266	0	0.5206
shift_frag	L752342	1	0.1559
shift_frag	L752475	0	0.9987
shift_frag	L752653	1	0.3474
shift_frag	L75387	0	0.3639
shift_frag	L754764	0	0.9627
shift_frag	L755702	0	0.3442
shift_frag	L759676	0	0.7978
shift_frag	L759690	0	0.9857
shift_frag	L759925	0	0.9995
shift_frag	L760304	0	1.0000
shift_frag	L762113	0	0.9457
shift_frag	L762771	0	0.2064
shift_frag	L763808	0	1.0000
shift_frag	L764107	1	0.3326
shift_frag	L764127	0	0.9064
shift_frag	L764282	0	0.9912
shift_frag	L764916	0	0.6293
shift_frag	L77164	2	0.1964
shift_frag	L773134	0	1.0000
shift_frag	L774588	0	1.0000
shift_frag	L774738	0	1.0000
shift_frag	L775906	2	0.2329
shift_frag	L778698	1	0.3416
shift_frag	L779464	0	0.5321
shift_frag	L779937	0	0.3674
shift_frag	L780609	0	0.9962
shift_frag	L784473	4	0.1468
shift_frag	L787550	0	0.9923
shift_frag	L789409	0	0.3353
shift_frag	L790771	0	0.9904
shift_frag	L792951	1	0.4148
shift_frag	L79315	0	0.8679
shift_frag	L793490	1	0.2731
shift_frag	L79406	0	0.6033
shift_frag	L79610	1	0.5443
shift_frag	L796809	1	0.1796
shift_frag	L798449	0	1.0000
shift_frag	L801473	0	0.9997
shift_frag	L801620	0	0.1570
shift_frag	L801738	0	0.9994
shift_frag	L803364	0	0.2519
shift_frag	L803613	1	0.5393
shift_frag	L804778	0	0.2378
shift_frag	L808364	1	0.3676
shift_frag	L809372	0	0.9863
shift_frag	L809693	0	0.3743
shift_frag	L811734	0	0.9828
shift_frag	L81215	0	0.9944
shift_frag	L812450	0	1.0000
shift_frag	L812672	1	0.3770
shift_frag	L815977	0	0.1683
shift_frag	L816644	0	1.0000
shift_frag	L81909	0	0.9941
shift_frag	L819563	3	0.3479
shift_frag	L821100	0	0.9646
shift_frag	L822334	0	0.9673
shift_frag	L824223	0	0.3985
shift_frag	L827048	1	0.5319
shift_frag	L827129	0	0.9624
shift_frag	L829233	0	0.8776
shift_frag	L83001	0	0.9670
shift_frag	L830371	0	0.9927
shift_frag	L832923	0	0.9420
shift_frag	L834579	0	0.8583
shift_frag	L834622	1	0.3843
shift_frag	L837955	0	0.9963
shift_frag	L843972	3	0.3106
shift_frag	L845031	0	0.9938
shift_frag	L846960	0	1.0000
shift_frag	L847988	0	0.2296
shift_frag	L849505	0	0.4789
shift_frag	L851847	1	0.4433
shift_frag	L853299	0	1.0000
shift_frag	L855747	1	0.2053
shift_frag	L855935	0	0.9950
shift_frag	L856753	0	1.0000
shift_frag	L85748	1	0.6558
shift_frag	L858843	0	0.9996
shift_frag	L862725	0	1.0000
shift_frag	L864050	0	1.0000
shift_frag	L86679	0	1.0000
shift_frag	L868640	0	1.0000
shift_frag	L869371	0	0.4634
shift_frag	L869433	0	0.9847
shift_frag	L873249	0	0.9844
shift_frag	L883133	0	0.9254
shift_frag	L883660	0	0.5884
shift_frag	L884453	0	0.9113
shift_frag	L885068	0	0.8587
shift_frag	L885624	5	0.0973
shift_frag	L886084	0	0.7841
shift_frag	L886474	7	0.3403
shift_frag	L886813	0	0.2984
shift_frag	L888328	0	0.9982
shift_frag	L888339	0	1.0000
shift_frag	L888692	1	0.1561
shift_frag	L892540	0	1.0000
shift_frag	L894181	8	0.1491
shift_frag	L895192	1	0.7325
shift_frag	L895682	1	0.3697
shift_frag	L898645	0	0.7526
shift_frag	L900297	2	0.6089
shift_frag	L902295	0	1.0000
shift_frag	L902514	2	0.5401
shift_frag	L906439	0	0.8598
shift_frag	L907227	0	0.5931
shift_frag	L90734	0	1.0000
shift_frag	L909856	1	0.4515
shift_frag	L910412	2	0.1919
shift_frag	L910841	0	0.7268
shift_frag	L911364	0	0.9940
shift_frag	L912237	0	0.3832
shift_frag	L913833	6	0.2359
shift_frag	L914150	0	0.8066
shift_frag	L914195	2	0.2162
shift_frag	L91480	0	0.4686
shift_frag	L918005	0	0.9982
shift_frag	L918018	0	1.0000
shift_frag	L923738	0	0.4121
shift_frag	L924400	1	0.5534
shift_frag	L925260	0	0.2680
shift_frag	L928875	2	0.2332
shift_frag	L93124	1	0.9121
shift_frag	L93295	0	0.9868
shift_frag	L933087	1	0.4684
shift_frag	L933852	0	0.8612
shift_frag	L936253	0	1.0000
shift_frag	L940767	0	0.5612
shift_frag	L941368	2	0.1337
shift_frag	L941926	0	1.0000
shift_frag	L942873	1	0.2287
shift_frag	L943752	0	0.4168
shift_frag	L948601	0	0.5458
shift_frag	L94945	3	0.4466
shift_frag	L949761	1	0.2432
shift_frag	L953203	0	0.3871
shift_frag	L95620	0	0.4372
shift_frag	L957565	0	0.3484
shift_frag	L960419	0	0.3877
shift_frag	L962289	2	0.7666
shift_frag	L96262	0	0.9999
shift_frag	L962680	0	0.8961
shift_frag	L967795	1	0.3904
shift_frag	L968437	0	1.0000
shift_frag	L969615	1	0.3350
shift_frag	L970400	1	0.3824
shift_frag	L972698	0	1.0000
shift_frag	L974207	0	0.6063
shift_frag	L979330	1	0.8790
shift_frag	L983346	0	0.9994
shift_frag	L984768	0	0.7721
shift_frag	L984796	0	0.8010
shift_frag	L985204	1	0.3627
shift_frag	L985959	0	1.0000
shift_frag	L986820	1	0.3517
shift_frag	L989999	1	0.3034
shift_frag	L994491	0	0.8134
shift_frag	L997717	0	0.3274
shift_frag	L998540	2	0.0967
fix_frag	L1002585	0	0.9156
fix_frag	L1004185	1	0.2440
fix_frag	L1005032	0	0.7840
fix_frag	L1011227	0	0.7868
fix_frag	L1012049	0	0.6740
fix_frag	L1012199	0	0.5675
fix_frag	L1016849	0	0.9680
fix_frag	L1017537	0	1.0000
fix_frag	L1021907	0	0.3463
fix_frag	L1024044	0	0.3344
fix_frag	L1024542	0	0.3405
fix_frag	L1025399	0	1.0000
fix_frag	L1026799	0	0.3355
fix_frag	L102922	1	0.3514
fix_frag	L1029951	1	0.5735
fix_frag	L1030819	0	0.9999
fix_frag	L103249	1	0.2266
fix_frag	L1036266	0	0.7746
fix_frag	L1036426	0	1.0000
fix_frag	L1038977	1	0.6628
fix_frag	L1044163	1	0.3817
fix_frag	L1044444	1	0.3602
fix_frag	L1046348	3	0.4073
fix_frag	L1046966	0	0.5638
fix_frag	L1050743	0	0.9669
fix_frag	L1052309	0	1.0000
fix_frag	L1053445	0	1.0000
fix_frag	L1054346	1	0.6389
fix_frag	L1055550	0	1.0000
fix_frag	L1058576	0	0.7013
fix_frag	L1060120	1	0.4411
fix_frag	L1061482	0	0.5702
fix_frag	L1061587	2	0.2263
fix_frag	L1062126	0	0.7734
fix_frag	L1063587	1	0.8346
fix_frag	L1064227	0	0.9982
fix_frag	L1065804	2	0.2935
fix_frag	L1068964	0	0.4578
fix_frag	L1069832	0	0.3230
fix_frag	L1071754	1	0.1941
fix_frag	L1072449	0	0.3459
fix_frag	L1073165	1	0.7819
fix_frag	L1075189	1	0.2608
fix_frag	L1081827	1	0.2580
fix_frag	L1082663	0	0.9577
fix_frag	L1083972	0	0.6172
fix_frag	L1085175	0	0.3796
fix_frag	L1087086	1	0.3118
fix_frag	L1087105	1	0.3311
fix_frag	L1089119	1	0.3238
fix_frag	L1090631	2	0.2765
fix_frag	L1091178	1	0.3792
fix_frag	L1091281	0	0.3310
fix_frag	L1091323	1	0.5811
fix_frag	L1091479	0	0.4748
fix_frag	L1092388	1	0.4440
fix_frag	L1096376	0	0.9978
fix_frag	L1099155	0	0.7973
fix_frag	L1101520	0	1.0000
fix_frag	L1106265	0	1.0000
fix_frag	L1106965	0	0.9825
fix_frag	L1107538	0	1.0000
fix_frag	L1109734	0	1.0000
fix_frag	L1110523	1	0.5385
fix_frag	L1116847	0	0.9998
fix_frag	L1117806	0	1.0000
fix_frag	L1123172	1	0.3922
fix_frag	L112480	0	0.4664
fix_frag	L1125468	0	0.9863
fix_frag	L1125564	1	0.5090
fix_frag	L1126749	3	0.1435
fix_frag	L1127804	1	0.1540
fix_frag	L1128821	0	0.9875
fix_frag	L1132817	0	1.0000
fix_frag	L1134826	1	0.2998
fix_frag	L1135019	1	0.3597
fix_frag	L113844	1	0.4682
fix_frag	L1138559	1	0.6896
fix_frag	L1139573	2	0.1744
fix_frag	L1142178	0	0.1812
fix_frag	L1143584	1	0.3335
fix_frag	L1146782	0	0.3728
fix_frag	L1148275	0	0.9444
fix_frag	L1148681	0	0.6223
fix_frag	L1148861	1	0.2634
fix_frag	L115160	0	0.8012
fix_frag	L1152742	1	0.3750
fix_frag	L1159462	0	0.9744
fix_frag	L1160593	0	0.5164
fix_frag	L1166860	2	0.3347
fix_frag	L1169308	0	0.3487
fix_frag	L1171933	0	0.9941
fix_frag	L1175689	0	0.5179
fix_frag	L1176510	0	1.0000
fix_frag	L1176819	4	0.3511
fix_frag	L1181526	2	0.6433
fix_frag	L1184831	1	0.3811
fix_frag	L1188236	0	0.9986
fix_frag	L1189606	0	1.0000
fix_frag	L1190029	0	1.0000
fix_frag	L1192003	0	0.4780
fix_frag	L1193093	1	0.3738
fix_frag	L1193626	0	0.7809
fix_frag	L1194943	0	0.3341
fix_frag	L1200114	0	0.9900
fix_frag	L1200373	1	0.3977
fix_frag	L1202626	0	0.4335
fix_frag	L1203652	0	0.6479
fix_frag	L1205967	0	0.8917
fix_frag	L1206149	0	0.8743
fix_frag	L1208940	0	1.0000
fix_frag	L120959	2	0.3045
fix_frag	L1211345	0	1.0000
fix_frag	L1212637	0	0.9998
fix_frag	L1212861	0	0.5147
fix_frag	L121334	0	0.4221
fix_frag	L1215236	3	0.4092
fix_frag	L1217544	1	0.5903
fix_frag	L1217630	1	0.3496
fix_frag	L1218521	0	0.9019
fix_frag	L121873	1	0.6736
fix_frag	L1218743	0	1.0000
fix_frag	L1219260	1	0.5519
fix_frag	L1219324	0	0.9814
fix_frag	L1223018	1	0.5172
fix_frag	L12241	0	0.2742
fix_frag	L122411	2	0.2366
fix_frag	L1228313	1	0.4259
fix_frag	L1228316	0	0.3818
fix_frag	L1228698	2	0.1730
fix_frag	L1229975	0	0.4610
fix_frag	L1233030	1	0.4016
fix_frag	L1234322	0	0.8879
fix_frag	L1235564	0	0.9760
fix_frag	L1237368	2	0.1438
fix_frag	L1242536	1	0.6815
fix_frag	L1243882	0	0.7870
fix_frag	L1244427	1	0.1073
fix_frag	L1247700	0	1.0000
fix_frag	L1249050	0	0.9988
fix_frag	L1252273	1	0.3631
fix_frag	L1252715	0	0.6733
fix_frag	L125500	1	0.3346
fix_frag	L125644	0	1.0000
fix_frag	L1263639	0	1.0000
fix_frag	L1263909	1	0.3258
fix_frag	L1267300	0	0.1966
fix_frag	L1267973	1	0.3189
fix_frag	L1268056	4	0.1665
fix_frag	L1269000	1	0.1961
fix_frag	L1269225	1	0.4173
fix_frag	L1269960	0	0.5167
fix_frag	L1270519	0	0.2783
fix_frag	L1271695	0	0.9004
fix_frag	L1274988	2	0.7997
fix_frag	L1277578	1	0.3425
fix_frag	L1277861	0	0.7274
fix_frag	L1281298	0	0.5057
fix_frag	L1283746	0	1.0000
fix_frag	L1284558	1	0.3520
fix_frag	L1286758	0	0.4721
fix_frag	L1291250	1	0.7620
fix_frag	L129208	0	0.6291
fix_frag	L1292363	1	0.2258
fix_frag	L1292503	0	1.0000
fix_frag	L1294408	0	0.4553
fix_frag	L1294453	1	0.4772
fix_frag	L1294952	1	0.5444
fix_frag	L1297512	0	0.8370
fix_frag	L1298142	0	1.0000
fix_frag	L1299862	0	1.0000
fix_frag	L1302458	3	0.6213
fix_frag	L1307852	0	1.0000
fix_frag	L130839	0	0.8637
fix_frag	L1309046	0	0.6017
fix_frag	L1314993	1	0.3863
fix_frag	L1316645	4	0.1095
fix_frag	L1316673	2	0.3539
fix_frag	L1319261	1	0.3271
fix_frag	L1320029	3	0.3364
fix_frag	L1321139	1	0.4391
fix_frag	L1322298	0	0.7098
fix_frag	L1325043	0	1.0000
fix_frag	L1328601	0	0.7563
fix_frag	L1330004	0	0.7312
fix_frag	L1334204	0	0.6939
fix_frag	L1334727	0	0.2680
fix_frag	L1337969	2	0.2210
fix_frag	L1338440	1	0.6728
fix_frag	L1338867	1	0.3746
fix_frag	L13406	0	1.0000
fix_frag	L1341334	0	1.0000
fix_frag	L1342936	0	0.9998
fix_frag	L1343571	7	0.1588
fix_frag	L134770	0	0.8248
fix_frag	L1348767	0	0.4685
fix_frag	L1349954	0	0.9191
fix_frag	L1350260	3	0.1693
fix_frag	L1354350	0	0.9962
fix_frag	L1358832	0	0.4938
fix_frag	L1362201	0	0.3352
fix_frag	L1362636	1	0.3204
fix_frag	L1365362	0	0.6485
fix_frag	L1366477	0	0.4584
fix_frag	L1369644	0	0.4090
fix_frag	L13698	0	0.9916
fix_frag	L1371092	0	0.4973
fix_frag	L1372683	0	0.9158
fix_frag	L1372686	0	0.2991
fix_frag	L1373403	0	1.0000
fix_frag	L1378339	0	0.7552
fix_frag	L1379425	1	0.2601
fix_frag	L1380845	0	1.0000
fix_frag	L1382177	0	0.7778
fix_frag	L1382936	1	0.3931
fix_frag	L1382969	1	0.8056
fix_frag	L1383932	0	0.1871
fix_frag	L1384051	2	0.1643
fix_frag	L1393346	1	0.2535
fix_frag	L1394372	0	0.8017
fix_frag	L1398058	0	1.0000
fix_frag	L1398565	3	0.3638
fix_frag	L1400233	0	0.9734
fix_frag	L1400557	5	0.1864
fix_frag	L1403214	0	0.9995
fix_frag	L1409097	0	1.0000
fix_frag	L1409378	0	1.0000
fix_frag	L1410763	1	0.3368
fix_frag	L1410905	0	0.9941
fix_frag	L1411655	0	0.3153
fix_frag	L1421095	0	0.8775
fix_frag	L1421423	0	0.4768
fix_frag	L1431164	0	0.9961
fix_frag	L1435268	3	0.2835
fix_frag	L1438447	0	0.9338
fix_frag	L1440099	0	1.0000
fix_frag	L1440354	2	0.4074
fix_frag	L1440579	1	0.3939
fix_frag	L1441065	0	0.9247
fix_frag	L1442950	0	0.9995
fix_frag	L144630	1	0.3153
fix_frag	L144966	0	0.9999
fix_frag	L1450044	0	1.0000
fix_frag	L145721	0	0.4281
fix_frag	L1463127	0	0.9991
fix_frag	L1463808	7	0.3568
fix_frag	L1468044	1	0.1312
fix_frag	L1468317	0	0.3956
fix_frag	L1470882	0	1.0000
fix_frag	L1472026	0	0.9957
fix_frag	L1475336	0	1.0000
fix_frag	L1477	0	0.7740
fix_frag	L1477137	0	0.6472
fix_frag	L1478713	1	0.7035
fix_frag	L1479097	0	0.5321
fix_frag	L1482186	0	0.2701
fix_frag	L1483022	1	0.3623
fix_frag	L1485252	1	0.5876
fix_frag	L1487868	2	0.1684
fix_frag	L1489958	1	0.2357
fix_frag	L1491338	0	1.0000
fix_frag	L1491406	0	0.2441
fix_frag	L1492427	2	0.2796
fix_frag	L1494927	0	0.8737
fix_frag	L1496723	0	0.9999
fix_frag	L14998	0	1.0000
fix_frag	L1500041	0	0.6873
fix_frag	L1500792	1	0.4157
fix_frag	L1501054	0	1.0000
fix_frag	L1501117	2	0.4298
fix_frag	L150284	2	0.3237
fix_frag	L1503080	0	0.4496
fix_frag	L1506056	0	0.9941
fix_frag	L1506305	0	0.9990
fix_frag	L1507593	0	0.3446
fix_frag	L1507721	0	0.8746
fix_frag	L1509635	0	1.0000
fix_frag	L1511077	1	0.3774
fix_frag	L1511516	0	0.5383
fix_frag	L151270	1	0.2502
fix_frag	L1513453	0	0.6541
fix_frag	L1513508	0	0.9569
fix_frag	L1514059	2	0.2511
fix_frag	L151434	0	1.0000
fix_frag	L1520281	2	0.1623
fix_frag	L1522665	0	0.4149
fix_frag	L1525581	0	1.0000
fix_frag	L152670	1	0.7283
fix_frag	L1527449	1	0.6543
fix_frag	L1532593	0	0.4381
fix_frag	L1537084	2	0.7998
fix_frag	L1545445	6	0.1505
fix_frag	L1549764	1	0.4037
fix_frag	L1553511	4	0.1735
fix_frag	L1555961	0	0.3184
fix_frag	L1556158	1	0.3790
fix_frag	L1559085	0	1.0000
fix_frag	L1559370	11	0.0775
fix_frag	L1561684	1	0.8641
fix_frag	L1563921	2	0.3409
fix_frag	L1564440	0	0.6949
fix_frag	L1564788	0	0.7771
fix_frag	L1570442	0	0.2519
fix_frag	L1577548	3	0.3973
fix_frag	L1582773	0	0.5968
fix_frag	L1586476	0	0.9998
fix_frag	L1591774	7	0.2485
fix_frag	L1592464	2	0.6870
fix_frag	L1592890	2	0.1550
fix_frag	L1593009	1	0.2912
fix_frag	L1594265	0	0.5155
fix_frag	L15949	0	0.9998
fix_frag	L1595729	0	0.6249
fix_frag	L1596023	0	0.9274
fix_frag	L1596979	0	0.6446
fix_frag	L1599150	0	1.0000
fix_frag	L1605496	1	0.2379
fix_frag	L1608356	2	0.5005
fix_frag	L1608408	1	0.5082
fix_frag	L1609523	0	0.9996
fix_frag	L1611831	2	0.2477
fix_frag	L1613719	1	0.3576
fix_frag	L1613862	0	0.9982
fix_frag	L1614892	0	1.0000
fix_frag	L1615590	0	0.9805
fix_frag	L1616879	3	0.2001
fix_frag	L1617022	1	0.3034
fix_frag	L1619438	3	0.1946
fix_frag	L1619907	0	1.0000
fix_frag	L1620099	5	0.2065
fix_frag	L1622776	1	0.2875
fix_frag	L1622804	0	0.3797
fix_frag	L1623315	3	0.2749
fix_frag	L1625869	0	1.0000
fix_frag	L1632251	0	0.9865
fix_frag	L1632593	3	0.1966
fix_frag	L1633409	1	0.5263
fix_frag	L163519	0	0.9771
fix_frag	L1635479	1	0.4486
fix_frag	L1638116	0	0.4846
fix_frag	L1642892	3	0.4893
fix_frag	L1647022	0	1.0000
fix_frag	L1649256	0	1.0000
fix_frag	L1650196	0	0.5862
fix_frag	L1654301	1	0.3139
fix_frag	L1656331	1	0.2934
fix_frag	L1657868	2	0.2352
fix_frag	L1658774	4	0.4817
fix_frag	L1660134	0	0.4165
fix_frag	L166249	0	1.0000
fix_frag	L1663458	1	0.3286
fix_frag	L16644	2	0.1528
fix_frag	L1664922	4	0.5948
fix_frag	L1666954	0	0.5781
fix_frag	L1668737	0	0.5354
fix_frag	L167239	0	0.3446
fix_frag	L167308	0	1.0000
fix_frag	L1673443	1	0.5393
fix_frag	L1677915	0	0.9747
fix_frag	L1679070	0	0.6474
fix_frag	L1679327	0	0.7267
fix_frag	L1681571	3	0.1238
fix_frag	L1683975	5	0.1150
fix_frag	L1687257	1	0.2319
fix_frag	L1689425	4	0.2771
fix_frag	L1690704	11	0.1575
fix_frag	L1690718	1	0.2223
fix_frag	L1692614	0	0.9229
fix_frag	L1693021	1	0.3512
fix_frag	L1693729	0	0.6541
fix_frag	L1698795	0	1.0000
fix_frag	L1700325	1	0.4001
fix_frag	L1701759	0	0.8205
fix_frag	L1706009	0	0.4514
fix_frag	L1710196	1	0.6561
fix_frag	L1713230	0	0.3190
fix_frag	L1714485	1	0.3676
fix_frag	L1715650	1	0.2722
fix_frag	L1717886	4	0.2799
fix_frag	L1720587	1	0.4599
fix_frag	L1721987	0	1.0000
fix_frag	L1722777	0	1.0000
fix_frag	L1724773	1	0.6477
fix_frag	L1725448	0	0.9310
fix_frag	L1727481	1	0.1513
fix_frag	L1728562	1	0.1551
fix_frag	L1729015	1	0.0838
fix_frag	L1729974	8	0.3330
fix_frag	L1731527	1	0.7655
fix_frag	L173383	1	0.6016
fix_frag	L1735097	1	0.0970
fix_frag	L1736351	0	1.0000
fix_frag	L1736591	0	0.9991
fix_frag	L1739879	1	0.1875
fix_frag	L1741008	0	1.0000
fix_frag	L1741461	0	0.1769
fix_frag	L174176	1	0.3101
fix_frag	L1741919	2	0.4713
fix_frag	L1743480	2	0.3301
fix_frag	L1744154	0	0.5916
fix_frag	L1746595	0	0.9856
fix_frag	L1748112	0	1.0000
fix_frag	L1748957	0	0.9152
fix_frag	L1749257	1	0.1717
fix_frag	L175348	0	0.3913
fix_frag	L1753832	0	1.0000
fix_frag	L1755416	0	0.4289
fix_frag	L1758324	0	0.9527
fix_frag	L1758608	0	0.9976
fix_frag	L1758614	0	0.3924
fix_frag	L1758704	1	0.4044
fix_frag	L1762064	1	0.4803
fix_frag	L1765663	1	0.3921
fix_frag	L1766093	0	0.3233
fix_frag	L176738	7	0.1412
fix_frag	L1768336	0	0.1371
fix_frag	L176876	0	1.0000
fix_frag	L1768935	1	0.3254
fix_frag	L1770348	0	1.0000
fix_frag	L1770471	0	1.0000
fix_frag	L1772400	0	0.7311
fix_frag	L1774077	4	0.0773
fix_frag	L1774332	2	0.5695
fix_frag	L177650	0	1.0000
fix_frag	L1778239	2	0.5301
fix_frag	L1778753	0	0.9942
fix_frag	L1785009	0	0.2114
fix_frag	L1788156	0	0.9895
fix_frag	L179015	0	0.3180
fix_frag	L1790481	4	0.1652
fix_frag	L1791527	0	0.8810
fix_frag	L1792265	0	0.9963
fix_frag	L1793065	0	0.5786
fix_frag	L1794712	1	0.3115
fix_frag	L1794839	0	0.9494
fix_frag	L1796826	0	0.9952
fix_frag	L1797546	0	1.0000
fix_frag	L1798302	0	1.0000
fix_frag	L1799840	1	0.4305
fix_frag	L1801258	0	0.8162
fix_frag	L1802345	0	0.9975
fix_frag	L180509	0	1.0000
fix_frag	L1808966	0	0.7762
fix_frag	L1809234	0	0.5315
fix_frag	L1811231	1	0.3714
fix_frag	L1812445	0	0.7858
fix_frag	L1814309	1	0.3337
fix_frag	L1816451	0	0.2606
fix_frag	L1817551	0	0.9568
fix_frag	L1820447	3	0.2434
fix_frag	L1821765	0	0.4703
fix_frag	L1822989	0	1.0000
fix_frag	L1823086	0	0.4312
fix_frag	L1825981	0	0.7950
fix_frag	L1826918	0	1.0000
fix_frag	L1830338	0	1.0000
fix_frag	L18313	0	0.2811
fix_frag	L1831368	0	0.9999
fix_frag	L183802	0	0.8723
fix_frag	L1838244	0	1.0000
fix_frag	L1838501	1	0.6024
fix_frag	L1838652	2	0.1268
fix_frag	L1840388	1	0.9394
fix_frag	L1848896	0	0.3585
fix_frag	L1856065	0	0.8468
fix_frag	L1857129	0	0.3407
fix_frag	L1858192	0	1.0000
fix_frag	L1858235	1	0.1898
fix_frag	L1859863	0	0.3367
fix_frag	L1860283	2	0.4339
fix_frag	L1867226	0	0.3208
fix_frag	L186847	0	0.1503
fix_frag	L1869818	0	0.2451
fix_frag	L1872590	0	1.0000
fix_frag	L1872595	0	0.9991
fix_frag	L1873245	1	0.3534
fix_frag	L1873642	0	0.9547
fix_frag	L1874928	3	0.1671
fix_frag	L1876149	2	0.2643
fix_frag	L18800	0	0.5258
fix_frag	L1882201	1	0.4462
fix_frag	L1882838	1	0.5446
fix_frag	L1883125	0	0.2543
fix_frag	L1883999	1	0.1400
fix_frag	L1886440	0	0.5268
fix_frag	L1889760	0	1.0000
fix_frag	L189322	0	0.4663
fix_frag	L1895575	0	0.3108
fix_frag	L1897444	0	0.9576
fix_frag	L1898605	0	0.9998
fix_frag	L1898611	0	1.0000
fix_frag	L190102	0	1.0000
fix_frag	L1902625	0	0.4074
fix_frag	L1905283	3	0.6686
fix_frag	L190650	0	1.0000
fix_frag	L190687	0	0.9771
fix_frag	L1908570	1	0.2956
fix_frag	L1909629	5	0.4011
fix_frag	L1911881	3	0.1753
fix_frag	L1912	0	1.0000
fix_frag	L191488	0	0.4656
fix_frag	L1920826	1	0.3621
fix_frag	L192237	0	0.8648
fix_frag	L1924744	0	1.0000
fix_frag	L1925847	2	0.2218
fix_frag	L1928273	0	0.2612
fix_frag	L1928790	0	0.5519
fix_frag	L1932241	0	0.6037
fix_frag	L1932659	0	1.0000
fix_frag	L1933206	0	0.9843
fix_frag	L1933253	0	0.9627
fix_frag	L1933970	0	0.9785
fix_frag	L1936643	1	0.3568
fix_frag	L1940497	0	0.4958
fix_frag	L1942177	3	0.4948
fix_frag	L1942305	0	0.7844
fix_frag	L1943673	2	0.2175
fix_frag	L1944226	0	0.8989
fix_frag	L1944640	1	0.3572
fix_frag	L1944904	1	0.1509
fix_frag	L194952	1	0.2616
fix_frag	L1951280	0	1.0000
fix_frag	L1952353	2	0.2593
fix_frag	L1953692	2	0.5906
fix_frag	L1954656	0	0.3182
fix_frag	L1955598	1	0.8582
fix_frag	L1955973	2	0.3529
fix_frag	L195908	0	1.0000
fix_frag	L1964032	0	0.9532
fix_frag	L1965961	1	0.6439
fix_frag	L1970360	0	1.0000
fix_frag	L1970493	0	0.3709
fix_frag	L1970551	1	0.9268
fix_frag	L1970668	0	0.5268
fix_frag	L1971017	1	0.2889
fix_frag	L1975091	0	0.3368
fix_frag	L1975857	0	0.8152
fix_frag	L197613	1	0.1720
fix_frag	L1976785	1	0.2947
fix_frag	L1981866	2	0.2983
fix_frag	L1982300	0	1.0000
fix_frag	L1983183	1	0.3705
fix_frag	L1986059	3	0.6605
fix_frag	L1990411	0	1.0000
fix_frag	L1991628	0	1.0000
fix_frag	L1994839	0	1.0000
fix_frag	L1996032	0	1.0000
fix_frag	L202116	0	1.0000
fix_frag	L204802	1	0.1746
fix_frag	L208863	1	0.4424
fix_frag	L209724	2	0.1947
fix_frag	L2105	0	1.0000
fix_frag	L210838	0	0.4693
fix_frag	L21151	1	0.4302
fix_frag	L216034	0	0.6765
fix_frag	L216528	0	0.1862
fix_frag	L217349	0	1.0000
fix_frag	L222365	1	0.3023
fix_frag	L225416	1	0.5038
fix_frag	L227476	0	0.6791
fix_frag	L228723	0	1.0000
fix_frag	L231682	0	1.0000
fix_frag	L232060	0	1.0000
fix_frag	L233375	3	0.1377
fix_frag	L235764	0	1.0000
fix_frag	L238858	0	0.4142
fix_frag	L243818	0	1.0000
fix_frag	L244003	1	0.2874
fix_frag	L244965	0	0.9599
fix_frag	L24866	1	0.4149
fix_frag	L250969	0	1.0000
fix_frag	L252902	1	0.3346
fix_frag	L253345	2	0.3404
fix_frag	L257043	1	0.3051
fix_frag	L257465	0	0.2062
fix_frag	L258378	2	0.4454
fix_frag	L258696	0	1.0000
fix_frag	L260842	1	0.8791
fix_frag	L260939	0	0.9237
fix_frag	L261190	0	1.0000
fix_frag	L267309	1	0.2816
fix_frag	L267846	0	1.0000
fix_frag	L270977	0	0.4280
fix_frag	L272730	0	1.0000
fix_frag	L273461	0	0.8228
fix_frag	L282320	0	1.0000
fix_frag	L283173	0	0.3162
fix_frag	L283368	1	0.2069
fix_frag	L288752	0	0.4899
fix_frag	L2888	0	0.4134
fix_frag	L293305	7	0.4389
fix_frag	L293537	0	0.9973
fix_frag	L294764	1	0.2578
fix_frag	L299364	0	0.3067
fix_frag	L299595	1	0.2925
fix_frag	L299782	0	0.9566
fix_frag	L300401	0	1.0000
fix_frag	L30336	0	0.5600
fix_frag	L310087	1	0.2807
fix_frag	L312118	2	0.2924
fix_frag	L318026	0	0.9061
fix_frag	L318722	0	0.8920
fix_frag	L31952	1	0.7045
fix_frag	L319839	0	0.4097
fix_frag	L319888	0	0.9346
fix_frag	L320440	1	0.4625
fix_frag	L321627	0	1.0000
fix_frag	L322333	0	0.5813
fix_frag	L322794	1	0.6396
fix_frag	L322866	1	0.3968
fix_frag	L324151	0	0.6603
fix_frag	L324946	0	0.9961
fix_frag	L32606	0	0.7866
fix_frag	L326205	0	1.0000
fix_frag	L327486	0	1.0000
fix_frag	L331805	0	0.4192
fix_frag	L331807	1	0.6735
fix_frag	L333401	1	0.4494
fix_frag	L333865	0	1.0000
fix_frag	L335478	1	0.5105
fix_frag	L336916	1	0.1935
fix_frag	L337726	1	0.5407
fix_frag	L343911	0	0.9980
fix_frag	L346110	0	1.0000
fix_frag	L35206	1	0.2350
fix_frag	L352100	0	1.0000
fix_frag	L353330	0	0.3323
fix_frag	L353755	1	0.2926
fix_frag	L354281	1	0.6340
fix_frag	L355469	0	0.2429
fix_frag	L355973	1	0.2459
fix_frag	L358098	0	0.9974
fix_frag	L358427	0	1.0000
fix_frag	L36185	0	0.7860
fix_frag	L36374	0	0.9959
fix_frag	L36393	1	0.2513
fix_frag	L364477	0	0.5488
fix_frag	L368265	1	0.4305
fix_frag	L369221	1	0.3682
fix_frag	L370516	0	0.9999
fix_frag	L375608	2	0.1164
fix_frag	L375999	0	0.2556
fix_frag	L376343	0	0.7267
fix_frag	L377914	1	0.5114
fix_frag	L380751	4	0.0854
fix_frag	L382166	0	1.0000
fix_frag	L382724	0	0.9999
fix_frag	L383909	1	0.6412
fix_frag	L385595	8	0.2759
fix_frag	L386761	0	1.0000
fix_frag	L38847	1	0.4712
fix_frag	L388838	0	0.3269
fix_frag	L390056	1	0.2454
fix_frag	L390847	0	0.4838
fix_frag	L391263	0	0.3985
fix_frag	L394934	0	0.7617
fix_frag	L396359	0	1.0000
fix_frag	L397005	1	0.4074
fix_frag	L398087	2	0.3090
fix_frag	L401127	0	0.9990
fix_frag	L402454	0	0.2737
fix_frag	L403424	0	0.7080
fix_frag	L405687	0	0.3732
fix_frag	L409413	1	0.4630
fix_frag	L411451	0	1.0000
fix_frag	L414909	0	0.9993
fix_frag	L414959	0	1.0000
fix_frag	L418437	0	1.0000
fix_frag	L419149	0	0.6799
fix_frag	L422199	0	1.0000
fix_frag	L42258	3	0.3972
fix_frag	L425262	1	0.5815
fix_frag	L425629	1	0.2496
fix_frag	L431467	0	0.9557
fix_frag	L433013	0	1.0000
fix_frag	L435219	0	1.0000
fix_frag	L442957	1	0.2247
fix_frag	L4469	0	1.0000
fix_frag	L446901	0	0.9999
fix_frag	L449888	0	0.1659
fix_frag	L450863	0	1.0000
fix_frag	L454426	0	0.3307
fix_frag	L456423	4	0.5330
fix_frag	L458224	1	0.6853
fix_frag	L45866	1	0.5975
fix_frag	L459126	1	0.4755
fix_frag	L459710	0	0.7411
fix_frag	L460845	0	0.4510
fix_frag	L462461	0	0.3641
fix_frag	L462611	2	0.2079
fix_frag	L465953	0	0.6277
fix_frag	L466572	1	0.4835
fix_frag	L469914	0	0.2676
fix_frag	L472973	1	0.2257
fix_frag	L47627	0	1.0000
fix_frag	L477052	0	0.4079
fix_frag	L477480	0	0.6097
fix_frag	L478354	0	0.9853
fix_frag	L480723	0	0.5578
fix_frag	L481009	1	0.3494
fix_frag	L481562	0	0.9543
fix_frag	L481889	2	0.1928
fix_frag	L482581	1	0.4300
fix_frag	L488483	1	0.4607
fix_frag	L494762	0	1.0000
fix_frag	L496946	0	0.5659
fix_frag	L497994	0	0.9886
fix_frag	L498642	0	0.7306
fix_frag	L499837	1	0.3344
fix_frag	L500481	0	0.9968
fix_frag	L501837	1	0.3965
fix_frag	L506324	0	1.0000
fix_frag	L5117	1	0.2584
fix_frag	L511916	0	0.9878
fix_frag	L515141	0	0.4298
fix_frag	L516046	1	0.2572
fix_frag	L520263	0	1.0000
fix_frag	L521167	1	0.2198
fix_frag	L521904	0	0.7029
fix_frag	L523867	0	0.9252
fix_frag	L524464	0	0.8595
fix_frag	L525527	1	0.1821
fix_frag	L529623	0	0.7882
fix_frag	L531061	0	0.7495
fix_frag	L533105	0	1.0000
fix_frag	L534964	0	0.9110
fix_frag	L535240	1	0.3828
fix_frag	L535400	1	0.2432
fix_frag	L536467	0	0.9988
fix_frag	L536524	3	0.2443
fix_frag	L539572	1	0.3943
fix_frag	L539623	0	0.7583
fix_frag	L541274	0	0.9319
fix_frag	L541585	0	0.7819
fix_frag	L543256	0	1.0000
fix_frag	L544561	0	0.3639
fix_frag	L545165	4	0.2220
fix_frag	L546910	0	0.3559
fix_frag	L548504	0	0.6559
fix_frag	L551442	0	1.0000
fix_frag	L555925	0	0.9993
fix_frag	L556696	0	0.4769
fix_frag	L559531	0	0.4860
fix_frag	L560176	0	1.0000
fix_frag	L561367	1	0.3690
fix_frag	L564679	1	0.2667
fix_frag	L566745	1	0.6583
fix_frag	L568989	0	1.0000
fix_frag	L570772	1	0.2173
fix_frag	L572521	0	0.4343
fix_frag	L577507	2	0.5206
fix_frag	L578197	1	0.9903
fix_frag	L584866	0	0.4782
fix_frag	L586948	0	0.5306
fix_frag	L589777	1	0.2634
fix_frag	L589868	0	0.3251
fix_frag	L590205	0	0.8705
fix_frag	L59044	0	0.9898
fix_frag	L599511	2	0.4473
fix_frag	L60389	0	1.0000
fix_frag	L614050	0	0.9997
fix_frag	L617862	0	0.3999
fix_frag	L620966	5	0.3908
fix_frag	L623278	0	0.2577
fix_frag	L62337	1	0.2183
fix_frag	L626238	0	0.5119
fix_frag	L626353	0	0.4907
fix_frag	L62839	0	0.5371
fix_frag	L632457	0	0.6874
fix_frag	L635118	0	1.0000
fix_frag	L636888	1	0.3186
fix_frag	L639959	0	1.0000
fix_frag	L640160	0	1.0000
fix_frag	L641936	1	0.1711
fix_frag	L642984	0	1.0000
fix_frag	L644406	1	0.2567
fix_frag	L644497	1	0.7012
fix_frag	L646751	0	1.0000
fix_frag	L649091	2	0.3463
fix_frag	L652753	0	0.6270
fix_frag	L657061	0	1.0000
fix_frag	L657332	0	1.0000
fix_frag	L657537	0	0.9994
fix_frag	L658591	0	1.0000
fix_frag	L659549	1	0.3358
fix_frag	L660443	0	0.4885
fix_frag	L663427	1	0.8816
fix_frag	L665914	1	0.5269
fix_frag	L666180	0	0.5129
fix_frag	L667013	1	0.4031
fix_frag	L667839	0	1.0000
fix_frag	L669436	5	0.2235
fix_frag	L66992	0	0.9876
fix_frag	L677371	0	1.0000
fix_frag	L678289	0	0.8867
fix_frag	L678676	0	0.7632
fix_frag	L679717	1	0.3462
fix_frag	L680683	1	0.9636
fix_frag	L681033	0	0.9191
fix_frag	L681532	0	0.8052
fix_frag	L681559	0	0.8128
fix_frag	L681852	0	0.4511
fix_frag	L684567	0	1.0000
fix_frag	L685962	1	0.5082
fix_frag	L686506	0	0.3341
fix_frag	L689721	0	0.7882
fix_frag	L691596	0	0.2804
fix_frag	L692386	0	0.9005
fix_frag	L693733	2	0.2003
fix_frag	L694998	0	0.9989
fix_frag	L699028	1	0.7981
fix_frag	L700056	0	1.0000
fix_frag	L700404	0	0.9912
fix_frag	L702168	0	1.0000
fix_frag	L70331	1	0.3078
fix_frag	L704136	0	1.0000
fix_frag	L704338	1	0.2886
fix_frag	L705787	2	0.2706
fix_frag	L706127	5	0.2534
fix_frag	L706802	0	0.7734
fix_frag	L707187	0	1.0000
fix_frag	L710321	0	1.0000
fix_frag	L711529	0	0.9998
fix_frag	L71277	0	0.3734
fix_frag	L713051	0	0.5420
fix_frag	L715677	0	1.0000
fix_frag	L716679	0	0.4177
fix_frag	L720310	0	0.2617
fix_frag	L720918	0	0.4326
fix_frag	L722647	0	0.8762
fix_frag	L722885	0	0.4028
fix_frag	L725643	3	0.1965
fix_frag	L730413	1	0.3130
fix_frag	L731956	0	0.9998
fix_frag	L736973	0	1.0000
fix_frag	L740874	0	0.2270
fix_frag	L741246	0	1.0000
fix_frag	L742863	0	0.9935
fix_frag	L743451	1	0.1017
fix_frag	L748093	0	0.1782
fix_frag	L751266	0	0.5206
fix_frag	L752342	1	0.1559
fix_frag	L752475	0	0.9987
fix_frag	L752653	1	0.3474
fix_frag	L75387	0	0.3639
fix_frag	L754764	0	0.9627
fix_frag	L755702	0	0.3442
fix_frag	L759676	0	0.7978
fix_frag	L759690	0	0.9857
fix_frag	L759925	0	0.9995
fix_frag	L760304	0	1.0000
fix_frag	L762113	0	0.9457
fix_frag	L762771	0	0.2064
fix_frag	L763808	0	1.0000
fix_frag	L764107	1	0.3326
fix_frag	L764127	0	0.9064
fix_frag	L764282	0	0.9912
fix_frag	L764916	0	0.6293
fix_frag	L77164	2	0.1964
fix_frag	L773134	0	1.0000
fix_frag	L774588	0	1.0000
fix_frag	L774738	0	1.0000
fix_frag	L775906	2	0.2329
fix_frag	L778698	1	0.3416
fix_frag	L779464	0	0.5321
fix_frag	L779937	0	0.3674
fix_frag	L780609	0	0.9962
fix_frag	L784473	4	0.1468
fix_frag	L787550	0	0.9923
fix_frag	L789409	0	0.3353
fix_frag	L790771	0	0.9904
fix_frag	L792951	1	0.4148
fix_frag	L79315	0	0.8679
fix_frag	L793490	1	0.2731
fix_frag	L79406	0	0.6033
fix_frag	L79610	1	0.5443
fix_frag	L796809	1	0.1796
fix_frag	L798449	0	1.0000
fix_frag	L801473	0	0.9997
fix_frag	L801620	0	0.1570
fix_frag	L801738	0	0.9994
fix_frag	L803364	0	0.2519
fix_frag	L803613	1	0.5393
fix_frag	L804778	0	0.2378
fix_frag	L808364	1	0.3676
fix_frag	L809372	0	0.9863
fix_frag	L809693	0	0.3743
fix_frag	L811734	0	0.9828
fix_frag	L81215	0	0.9944
fix_frag	L812450	0	1.0000
fix_frag	L812672	1	0.3770
fix_frag	L815977	0	0.1683
fix_frag	L816644	0	1.0000
fix_frag	L81909	0	0.9941
fix_frag	L819563	3	0.3479
fix_frag	L821100	0	0.9646
fix_frag	L822334	0	0.9673
fix_frag	L824223	0	0.3985
fix_frag	L827048	1	0.5319
fix_frag	L827129	0	0.9624
fix_frag	L829233	0	0.8776
fix_frag	L83001	0	0.9670
fix_frag	L830371	0	0.9927
fix_frag	L832923	0	0.9420
fix_frag	L834579	0	0.8583
fix_frag	L834622	1	0.3843
fix_frag	L837955	0	0.9963
fix_frag	L843972	3	0.3106
fix_frag	L845031	0	0.9938
fix_frag	L846960	0	1.0000
fix_frag	L847988	0	0.2296
fix_frag	L849505	0	0.4789
fix_frag	L851847	1	0.4433
fix_frag	L853299	0	1.0000
fix_frag	L855747	1	0.2053
fix_frag	L855935	0	0.9950
fix_frag	L856753	0	1.0000
fix_frag	L85748	1	0.6558
fix_frag	L858843	0	0.9996
fix_frag	L862725	0	1.0000
fix_frag	L864050	0	1.0000
fix_frag	L86679	0	1.0000
fix_frag	L868640	0	1.0000
fix_frag	L869371	0	0.4634
fix_frag	L869433	0	0.9847
fix_frag	L873249	0	0.9844
fix_frag	L883133	0	0.9254
fix_frag	L883660	0	0.5884
fix_frag	L884453	0	0.9113
fix_frag	L885068	0	0.8587
fix_frag	L885624	5	0.0973
fix_frag	L886084	0	0.7841
fix_frag	L886474	7	0.3403
fix_frag	L886813	0	0.2984
fix_frag	L888328	0	0.9982
fix_frag	L888339	0	1.0000
fix_frag	L888692	1	0.1561
fix_frag	L892540	0	1.0000
fix_frag	L894181	8	0.1491
fix_frag	L895192	1	0.7325
fix_frag	L895682	1	0.3697
fix_frag	L898645	0	0.7526
fix_frag	L900297	2	0.6089
fix_frag	L902295	0	1.0000
fix_frag	L902514	2	0.5401
fix_frag	L906439	0	0.8598
fix_frag	L907227	0	0.5931
fix_frag	L90734	0	1.0000
fix_frag	L909856	1	0.4515
fix_frag	L910412	2	0.1919
fix_frag	L910841	0	0.7268
fix_frag	L911364	0	0.9940
fix_frag	L912237	0	0.3832
fix_frag	L913833	6	0.2359
fix_frag	L914150	0	0.8066
fix_frag	L914195	2	0.2162
fix_frag	L91480	0	0.4686
fix_frag	L918005	0	0.9982
fix_frag	L918018	0	1.0000
fix_frag	L923738	0	0.4121
fix_frag	L924400	1	0.5534
fix_frag	L925260	0	0.2680
fix_frag	L928875	2	0.2332
fix_frag	L93124	1	0.9121
fix_frag	L93295	0	0.9868
fix_frag	L933087	1	0.4684
fix_frag	L933852	0	0.8612
fix_frag	L936253	0	1.0000
fix_frag	L940767	0	0.5612
fix_frag	L941368	2	0.1337
fix_frag	L941926	0	1.0000
fix_frag	L942873	1	0.2287
fix_frag	L943752	0	0.4168
fix_frag	L948601	0	0.5458
fix_frag	L94945	3	0.4466
fix_frag	L949761	1	0.2432
fix_frag	L953203	0	0.3871
fix_frag	L95620	0	0.4372
fix_frag	L957565	0	0.3484
fix_frag	L960419	0	0.3877
fix_frag	L962289	2	0.7666
fix_frag	L96262	0	0.9999
fix_frag	L962680	0	0.8961
fix_frag	L967795	1	0.3904
fix_frag	L968437	0	1.0000
fix_frag	L969615	1	0.3350
fix_frag	L970400	1	0.3824
fix_frag	L972698	0	1.0000
fix_frag	L974207	0	0.6063
fix_frag	L979330	1	0.8790
fix_frag	L983346	0	0.9994
fix_frag	L984768	0	0.7721
fix_frag	L984796	0	0.8010
fix_frag	L985204	1	0.3627
fix_frag	L985959	0	1.0000
fix_frag	L986820	1	0.3517
fix_frag	L989999	1	0.3034
fix_frag	L994491	0	0.8134
fix_frag	L997717	0	0.3274
fix_frag	L998540	2	0.0967
stock_nopremask_frag	L1002585	0	0.9467
stock_nopremask_frag	L1004185	1	0.2491
stock_nopremask_frag	L1005032	0	0.8381
stock_nopremask_frag	L1011227	0	0.9041
stock_nopremask_frag	L1012049	0	0.6750
stock_nopremask_frag	L1012199	0	0.8697
stock_nopremask_frag	L1016849	0	0.9133
stock_nopremask_frag	L1017537	0	1.0000
stock_nopremask_frag	L1021907	1	0.4055
stock_nopremask_frag	L1024044	1	0.3765
stock_nopremask_frag	L1024542	0	0.3867
stock_nopremask_frag	L1025399	0	1.0000
stock_nopremask_frag	L1026799	1	0.3304
stock_nopremask_frag	L102922	1	0.3151
stock_nopremask_frag	L1029951	1	0.5356
stock_nopremask_frag	L1030819	0	1.0000
stock_nopremask_frag	L103249	1	0.3834
stock_nopremask_frag	L1036266	0	0.9020
stock_nopremask_frag	L1036426	0	1.0000
stock_nopremask_frag	L1038977	1	0.6116
stock_nopremask_frag	L1044163	1	0.3584
stock_nopremask_frag	L1044444	1	0.3907
stock_nopremask_frag	L1046348	0	0.3185
stock_nopremask_frag	L1046966	0	0.6447
stock_nopremask_frag	L1050743	0	0.9565
stock_nopremask_frag	L1052309	0	1.0000
stock_nopremask_frag	L1053445	0	1.0000
stock_nopremask_frag	L1054346	1	0.5840
stock_nopremask_frag	L1055550	0	1.0000
stock_nopremask_frag	L1058576	0	0.7137
stock_nopremask_frag	L1060120	1	0.4052
stock_nopremask_frag	L1061482	0	0.7615
stock_nopremask_frag	L1061587	2	0.2152
stock_nopremask_frag	L1062126	0	0.6606
stock_nopremask_frag	L1063587	1	0.8256
stock_nopremask_frag	L1064227	0	0.9990
stock_nopremask_frag	L1065804	1	0.4926
stock_nopremask_frag	L1068964	0	0.5378
stock_nopremask_frag	L1069832	0	0.5306
stock_nopremask_frag	L1071754	1	0.2187
stock_nopremask_frag	L1072449	0	0.2620
stock_nopremask_frag	L1073165	1	0.4833
stock_nopremask_frag	L1075189	2	0.4809
stock_nopremask_frag	L1081827	0	0.3249
stock_nopremask_frag	L1082663	0	0.9584
stock_nopremask_frag	L1083972	0	0.9337
stock_nopremask_frag	L1085175	0	0.6789
stock_nopremask_frag	L1087086	1	0.4248
stock_nopremask_frag	L1087105	1	0.2921
stock_nopremask_frag	L1089119	0	0.2173
stock_nopremask_frag	L1090631	2	0.2714
stock_nopremask_frag	L1091178	1	0.4357
stock_nopremask_frag	L1091281	1	0.4824
stock_nopremask_frag	L1091323	1	0.5176
stock_nopremask_frag	L1091479	0	0.4394
stock_nopremask_frag	L1092388	1	0.3553
stock_nopremask_frag	L1096376	0	0.9977
stock_nopremask_frag	L1099155	0	0.8563
stock_nopremask_frag	L1101520	0	1.0000
stock_nopremask_frag	L1106265	0	1.0000
stock_nopremask_frag	L1106965	0	0.9762
stock_nopremask_frag	L1107538	0	1.0000
stock_nopremask_frag	L1109734	0	1.0000
stock_nopremask_frag	L1110523	1	0.4988
stock_nopremask_frag	L1116847	0	0.9999
stock_nopremask_frag	L1117806	0	1.0000
stock_nopremask_frag	L1123172	1	0.4270
stock_nopremask_frag	L112480	1	0.3378
stock_nopremask_frag	L1125468	0	0.9568
stock_nopremask_frag	L1125564	1	0.4658
stock_nopremask_frag	L1126749	0	0.3387
stock_nopremask_frag	L1127804	1	0.1560
stock_nopremask_frag	L1128821	0	0.9928
stock_nopremask_frag	L1132817	0	1.0000
stock_nopremask_frag	L1134826	1	0.2495
stock_nopremask_frag	L1135019	4	0.4336
stock_nopremask_frag	L113844	1	0.6039
stock_nopremask_frag	L1138559	1	0.6050
stock_nopremask_frag	L1139573	2	0.1988
stock_nopremask_frag	L1142178	0	0.2077
stock_nopremask_frag	L1143584	0	0.5614
stock_nopremask_frag	L1146782	0	0.2819
stock_nopremask_frag	L1148275	0	0.9925
stock_nopremask_frag	L1148681	0	0.8419
stock_nopremask_frag	L1148861	1	0.2226
stock_nopremask_frag	L115160	0	0.7233
stock_nopremask_frag	L1152742	0	0.4512
stock_nopremask_frag	L1159462	0	0.9630
stock_nopremask_frag	L1160593	0	0.5165
stock_nopremask_frag	L1166860	2	0.9075
stock_nopremask_frag	L1169308	0	0.9522
stock_nopremask_frag	L1171933	0	0.9968
stock_nopremask_frag	L1175689	0	0.4796
stock_nopremask_frag	L1176510	0	1.0000
stock_nopremask_frag	L1176819	4	0.3803
stock_nopremask_frag	L1181526	2	0.6285
stock_nopremask_frag	L1184831	1	0.4246
stock_nopremask_frag	L1188236	0	0.9994
stock_nopremask_frag	L1189606	0	1.0000
stock_nopremask_frag	L1190029	0	1.0000
stock_nopremask_frag	L1192003	0	0.4720
stock_nopremask_frag	L1193093	0	0.4156
stock_nopremask_frag	L1193626	0	0.7725
stock_nopremask_frag	L1194943	1	0.4403
stock_nopremask_frag	L1200114	0	0.9890
stock_nopremask_frag	L1200373	1	0.4576
stock_nopremask_frag	L1202626	0	0.4691
stock_nopremask_frag	L1203652	0	0.6266
stock_nopremask_frag	L1205967	0	0.9266
stock_nopremask_frag	L1206149	0	0.9328
stock_nopremask_frag	L1208940	0	1.0000
stock_nopremask_frag	L120959	2	0.3574
stock_nopremask_frag	L1211345	0	1.0000
stock_nopremask_frag	L1212637	0	0.9998
stock_nopremask_frag	L1212861	0	0.7156
stock_nopremask_frag	L121334	0	0.4278
stock_nopremask_frag	L1215236	3	0.4002
stock_nopremask_frag	L1217544	1	0.6750
stock_nopremask_frag	L1217630	1	0.7373
stock_nopremask_frag	L1218521	0	0.9206
stock_nopremask_frag	L121873	1	0.4874
stock_nopremask_frag	L1218743	0	1.0000
stock_nopremask_frag	L1219260	1	0.4535
stock_nopremask_frag	L1219324	0	0.9884
stock_nopremask_frag	L1223018	1	0.4600
stock_nopremask_frag	L12241	1	0.2969
stock_nopremask_frag	L122411	0	0.3222
stock_nopremask_frag	L1228313	0	0.5639
stock_nopremask_frag	L1228316	0	0.4005
stock_nopremask_frag	L1228698	1	0.1853
stock_nopremask_frag	L1229975	0	0.4701
stock_nopremask_frag	L1233030	0	0.4389
stock_nopremask_frag	L1234322	0	0.9201
stock_nopremask_frag	L1235564	0	0.9743
stock_nopremask_frag	L1237368	2	0.1482
stock_nopremask_frag	L1242536	1	0.6325
stock_nopremask_frag	L1243882	0	0.8813
stock_nopremask_frag	L1244427	2	0.1547
stock_nopremask_frag	L1247700	0	1.0000
stock_nopremask_frag	L1249050	0	0.9989
stock_nopremask_frag	L1252273	0	0.4343
stock_nopremask_frag	L1252715	0	0.6354
stock_nopremask_frag	L125500	1	0.2953
stock_nopremask_frag	L125644	0	1.0000
stock_nopremask_frag	L1263639	0	1.0000
stock_nopremask_frag	L1263909	1	0.3848
stock_nopremask_frag	L1267300	0	0.3858
stock_nopremask_frag	L1267973	0	0.4212
stock_nopremask_frag	L1268056	4	0.1519
stock_nopremask_frag	L1269000	1	0.1884
stock_nopremask_frag	L1269225	1	0.3921
stock_nopremask_frag	L1269960	0	0.5605
stock_nopremask_frag	L1270519	0	0.2727
stock_nopremask_frag	L1271695	0	0.9236
stock_nopremask_frag	L1274988	2	0.7506
stock_nopremask_frag	L1277578	1	0.6299
stock_nopremask_frag	L1277861	0	0.5895
stock_nopremask_frag	L1281298	2	0.5340
stock_nopremask_frag	L1283746	0	1.0000
stock_nopremask_frag	L1284558	2	0.2365
stock_nopremask_frag	L1286758	0	0.6234
stock_nopremask_frag	L1291250	1	0.7683
stock_nopremask_frag	L129208	0	0.7161
stock_nopremask_frag	L1292363	0	0.2787
stock_nopremask_frag	L1292503	0	1.0000
stock_nopremask_frag	L1294408	1	0.4061
stock_nopremask_frag	L1294453	1	0.4933
stock_nopremask_frag	L1294952	1	0.5192
stock_nopremask_frag	L1297512	0	0.8613
stock_nopremask_frag	L1298142	0	1.0000
stock_nopremask_frag	L1299862	0	1.0000
stock_nopremask_frag	L1302458	3	0.6123
stock_nopremask_frag	L1307852	0	1.0000
stock_nopremask_frag	L130839	0	0.9007
stock_nopremask_frag	L1309046	0	0.6639
stock_nopremask_frag	L1314993	1	0.7216
stock_nopremask_frag	L1316645	4	0.1176
stock_nopremask_frag	L1316673	2	0.3545
stock_nopremask_frag	L1319261	1	0.2399
stock_nopremask_frag	L1320029	3	0.2472
stock_nopremask_frag	L1321139	0	0.5989
stock_nopremask_frag	L1322298	0	0.5325
stock_nopremask_frag	L1325043	0	1.0000
stock_nopremask_frag	L1328601	0	0.6133
stock_nopremask_frag	L1330004	0	0.6601
stock_nopremask_frag	L1334204	0	0.6830
stock_nopremask_frag	L1334727	1	0.2263
stock_nopremask_frag	L1337969	2	0.2978
stock_nopremask_frag	L1338440	1	0.6798
stock_nopremask_frag	L1338867	1	0.5668
stock_nopremask_frag	L13406	0	1.0000
stock_nopremask_frag	L1341334	0	1.0000
stock_nopremask_frag	L1342936	0	0.9997
stock_nopremask_frag	L1343571	7	0.3368
stock_nopremask_frag	L134770	0	0.8504
stock_nopremask_frag	L1348767	1	0.5484
stock_nopremask_frag	L1349954	0	0.9263
stock_nopremask_frag	L1350260	1	0.1553
stock_nopremask_frag	L1354350	0	0.9955
stock_nopremask_frag	L1358832	0	0.5007
stock_nopremask_frag	L1362201	1	0.6608
stock_nopremask_frag	L1362636	1	0.3465
stock_nopremask_frag	L1365362	0	0.8079
stock_nopremask_frag	L1366477	0	0.5767
stock_nopremask_frag	L1369644	0	0.5480
stock_nopremask_frag	L13698	0	0.9958
stock_nopremask_frag	L1371092	0	0.4991
stock_nopremask_frag	L1372683	0	0.9258
stock_nopremask_frag	L1372686	0	0.7346
stock_nopremask_frag	L1373403	0	1.0000
stock_nopremask_frag	L1378339	0	0.9793
stock_nopremask_frag	L1379425	1	0.3272
stock_nopremask_frag	L1380845	0	1.0000
stock_nopremask_frag	L1382177	0	0.8801
stock_nopremask_frag	L1382936	1	0.3538
stock_nopremask_frag	L1382969	1	0.8141
stock_nopremask_frag	L1383932	1	0.2018
stock_nopremask_frag	L1384051	3	0.1632
stock_nopremask_frag	L1393346	1	0.8174
stock_nopremask_frag	L1394372	0	0.6586
stock_nopremask_frag	L1398058	0	1.0000
stock_nopremask_frag	L1398565	3	0.3630
stock_nopremask_frag	L1400233	0	0.9690
stock_nopremask_frag	L1400557	4	0.1884
stock_nopremask_frag	L1403214	0	0.9995
stock_nopremask_frag	L1409097	0	1.0000
stock_nopremask_frag	L1409378	0	1.0000
stock_nopremask_frag	L1410763	1	0.3302
stock_nopremask_frag	L1410905	0	0.9931
stock_nopremask_frag	L1411655	0	0.2527
stock_nopremask_frag	L1421095	0	0.8776
stock_nopremask_frag	L1421423	0	0.4727
stock_nopremask_frag	L1431164	0	0.9872
stock_nopremask_frag	L1435268	2	0.2522
stock_nopremask_frag	L1438447	0	0.9464
stock_nopremask_frag	L1440099	0	1.0000
stock_nopremask_frag	L1440354	2	0.3253
stock_nopremask_frag	L1440579	1	0.3668
stock_nopremask_frag	L1441065	0	0.8881
stock_nopremask_frag	L1442950	0	0.9988
stock_nopremask_frag	L144630	1	0.3176
stock_nopremask_frag	L144966	0	0.9999
stock_nopremask_frag	L1450044	0	1.0000
stock_nopremask_frag	L145721	0	0.4408
stock_nopremask_frag	L1463127	0	0.9994
stock_nopremask_frag	L1463808	7	0.2678
stock_nopremask_frag	L1468044	1	0.1250
stock_nopremask_frag	L1468317	0	0.4131
stock_nopremask_frag	L1470882	0	1.0000
stock_nopremask_frag	L1472026	0	0.9976
stock_nopremask_frag	L1475336	0	1.0000
stock_nopremask_frag	L1477	0	0.7625
stock_nopremask_frag	L1477137	0	0.6365
stock_nopremask_frag	L1478713	1	0.6488
stock_nopremask_frag	L1479097	0	0.5152
stock_nopremask_frag	L1482186	1	0.3169
stock_nopremask_frag	L1483022	1	0.3793
stock_nopremask_frag	L1485252	1	0.5021
stock_nopremask_frag	L1487868	2	0.2595
stock_nopremask_frag	L1489958	0	0.4243
stock_nopremask_frag	L1491338	0	1.0000
stock_nopremask_frag	L1491406	0	0.3804
stock_nopremask_frag	L1492427	2	0.2807
stock_nopremask_frag	L1494927	0	0.8654
stock_nopremask_frag	L1496723	0	0.9997
stock_nopremask_frag	L14998	0	1.0000
stock_nopremask_frag	L1500041	0	0.7101
stock_nopremask_frag	L1500792	1	0.4891
stock_nopremask_frag	L1501054	0	1.0000
stock_nopremask_frag	L1501117	2	0.7750
stock_nopremask_frag	L150284	2	0.3892
stock_nopremask_frag	L1503080	0	0.4063
stock_nopremask_frag	L1506056	0	0.9943
stock_nopremask_frag	L1506305	0	0.9991
stock_nopremask_frag	L1507593	0	0.4353
stock_nopremask_frag	L1507721	0	0.8801
stock_nopremask_frag	L1509635	0	1.0000
stock_nopremask_frag	L1511077	0	0.4897
stock_nopremask_frag	L1511516	0	0.5602
stock_nopremask_frag	L151270	1	0.2924
stock_nopremask_frag	L1513453	0	0.6328
stock_nopremask_frag	L1513508	0	0.9682
stock_nopremask_frag	L1514059	2	0.2404
stock_nopremask_frag	L151434	0	1.0000
stock_nopremask_frag	L1520281	2	0.6946
stock_nopremask_frag	L1522665	0	0.4982
stock_nopremask_frag	L1525581	0	1.0000
stock_nopremask_frag	L152670	1	0.7030
stock_nopremask_frag	L1527449	1	0.5651
stock_nopremask_frag	L1532593	1	0.5536
stock_nopremask_frag	L1537084	2	0.8200
stock_nopremask_frag	L1545445	6	0.2282
stock_nopremask_frag	L1549764	1	0.4661
stock_nopremask_frag	L1553511	4	0.1927
stock_nopremask_frag	L1555961	1	0.4212
stock_nopremask_frag	L1556158	1	0.3309
stock_nopremask_frag	L1559085	0	1.0000
stock_nopremask_frag	L1559370	0	0.0890
stock_nopremask_frag	L1561684	1	0.8001
stock_nopremask_frag	L1563921	5	0.2840
stock_nopremask_frag	L1564440	0	0.6615
stock_nopremask_frag	L1564788	0	0.7814
stock_nopremask_frag	L1570442	1	0.2315
stock_nopremask_frag	L1577548	3	0.3966
stock_nopremask_frag	L1582773	0	0.5230
stock_nopremask_frag	L1586476	0	0.9999
stock_nopremask_frag	L1591774	6	0.2170
stock_nopremask_frag	L1592464	2	0.5937
stock_nopremask_frag	L1592890	2	0.1866
stock_nopremask_frag	L1593009	1	0.3794
stock_nopremask_frag	L1594265	0	0.7149
stock_nopremask_frag	L15949	0	0.9998
stock_nopremask_frag	L1595729	0	0.4958
stock_nopremask_frag	L1596023	0	0.9239
stock_nopremask_frag	L1596979	0	0.5522
stock_nopremask_frag	L1599150	0	1.0000
stock_nopremask_frag	L1605496	1	0.2717
stock_nopremask_frag	L1608356	2	0.4225
stock_nopremask_frag	L1608408	1	0.4147
stock_nopremask_frag	L1609523	0	0.9981
stock_nopremask_frag	L1611831	0	0.2438
stock_nopremask_frag	L1613719	0	0.4419
stock_nopremask_frag	L1613862	0	0.9973
stock_nopremask_frag	L1614892	0	1.0000
stock_nopremask_frag	L1615590	0	0.9719
stock_nopremask_frag	L1616879	0	0.2416
stock_nopremask_frag	L1617022	1	0.3101
stock_nopremask_frag	L1619438	3	0.2393
stock_nopremask_frag	L1619907	0	1.0000
stock_nopremask_frag	L1620099	5	0.1818
stock_nopremask_frag	L1622776	1	0.3286
stock_nopremask_frag	L1622804	0	0.4277
stock_nopremask_frag	L1623315	3	0.2610
stock_nopremask_frag	L1625869	0	1.0000
stock_nopremask_frag	L1632251	0	0.9989
stock_nopremask_frag	L1632593	3	0.2181
stock_nopremask_frag	L1633409	1	0.4732
stock_nopremask_frag	L163519	0	0.9759
stock_nopremask_frag	L1635479	1	0.4352
stock_nopremask_frag	L1638116	0	0.4626
stock_nopremask_frag	L1642892	3	0.5641
stock_nopremask_frag	L1647022	0	1.0000
stock_nopremask_frag	L1649256	0	1.0000
stock_nopremask_frag	L1650196	0	0.6208
stock_nopremask_frag	L1654301	1	0.3799
stock_nopremask_frag	L1656331	2	0.2691
stock_nopremask_frag	L1657868	2	0.2950
stock_nopremask_frag	L1658774	4	0.6147
stock_nopremask_frag	L1660134	0	0.4852
stock_nopremask_frag	L166249	0	1.0000
stock_nopremask_frag	L1663458	1	0.3456
stock_nopremask_frag	L16644	2	0.1517
stock_nopremask_frag	L1664922	4	0.7628
stock_nopremask_frag	L1666954	0	0.6371
stock_nopremask_frag	L1668737	0	0.5545
stock_nopremask_frag	L167239	0	0.4358
stock_nopremask_frag	L167308	0	1.0000
stock_nopremask_frag	L1673443	1	0.5223
stock_nopremask_frag	L1677915	0	0.9870
stock_nopremask_frag	L1679070	0	0.7595
stock_nopremask_frag	L1679327	0	0.7639
stock_nopremask_frag	L1681571	0	0.4947
stock_nopremask_frag	L1683975	5	0.1191
stock_nopremask_frag	L1687257	1	0.2653
stock_nopremask_frag	L1689425	4	0.2136
stock_nopremask_frag	L1690704	11	0.2328
stock_nopremask_frag	L1690718	1	0.2211
stock_nopremask_frag	L1692614	0	0.9746
stock_nopremask_frag	L1693021	1	0.3820
stock_nopremask_frag	L1693729	0	0.7056
stock_nopremask_frag	L1698795	0	1.0000
stock_nopremask_frag	L1700325	1	0.3074
stock_nopremask_frag	L1701759	0	0.7654
stock_nopremask_frag	L1706009	0	0.3968
stock_nopremask_frag	L1710196	0	0.4914
stock_nopremask_frag	L1713230	0	0.3172
stock_nopremask_frag	L1714485	1	0.3389
stock_nopremask_frag	L1715650	1	0.2907
stock_nopremask_frag	L1717886	4	0.3950
stock_nopremask_frag	L1720587	1	0.4496
stock_nopremask_frag	L1721987	0	1.0000
stock_nopremask_frag	L1722777	0	1.0000
stock_nopremask_frag	L1724773	1	0.4204
stock_nopremask_frag	L1725448	0	0.9525
stock_nopremask_frag	L1727481	1	0.2911
stock_nopremask_frag	L1728562	1	0.1686
stock_nopremask_frag	L1729015	7	0.4488
stock_nopremask_frag	L1729974	0	0.2993
stock_nopremask_frag	L1731527	1	0.8470
stock_nopremask_frag	L173383	0	0.4291
stock_nopremask_frag	L1735097	1	0.1320
stock_nopremask_frag	L1736351	0	1.0000
stock_nopremask_frag	L1736591	0	0.9915
stock_nopremask_frag	L1739879	1	0.2771
stock_nopremask_frag	L1741008	0	1.0000
stock_nopremask_frag	L1741461	1	0.1875
stock_nopremask_frag	L174176	0	0.3449
stock_nopremask_frag	L1741919	2	0.4233
stock_nopremask_frag	L1743480	2	0.3477
stock_nopremask_frag	L1744154	0	0.5356
stock_nopremask_frag	L1746595	0	0.9952
stock_nopremask_frag	L1748112	0	1.0000
stock_nopremask_frag	L1748957	0	0.9482
stock_nopremask_frag	L1749257	1	0.1820
stock_nopremask_frag	L175348	1	0.4195
stock_nopremask_frag	L1753832	0	1.0000
stock_nopremask_frag	L1755416	1	0.4872
stock_nopremask_frag	L1758324	0	0.9440
stock_nopremask_frag	L1758608	0	0.9995
stock_nopremask_frag	L1758614	1	0.4571
stock_nopremask_frag	L1758704	1	0.4404
stock_nopremask_frag	L1762064	1	0.4218
stock_nopremask_frag	L1765663	1	0.5389
stock_nopremask_frag	L1766093	0	0.3465
stock_nopremask_frag	L176738	5	0.1385
stock_nopremask_frag	L1768336	0	0.4088
stock_nopremask_frag	L176876	0	1.0000
stock_nopremask_frag	L1768935	1	0.2574
stock_nopremask_frag	L1770348	0	1.0000
stock_nopremask_frag	L1770471	0	1.0000
stock_nopremask_frag	L1772400	1	0.4845
stock_nopremask_frag	L1774077	2	0.2317
stock_nopremask_frag	L1774332	2	0.6113
stock_nopremask_frag	L177650	0	1.0000
stock_nopremask_frag	L1778239	2	0.4838
stock_nopremask_frag	L1778753	0	0.9944
stock_nopremask_frag	L1785009	1	0.2304
stock_nopremask_frag	L1788156	0	0.9975
stock_nopremask_frag	L179015	0	0.2235
stock_nopremask_frag	L1790481	4	0.2193
stock_nopremask_frag	L1791527	0	0.8697
stock_nopremask_frag	L1792265	0	0.9965
stock_nopremask_frag	L1793065	0	0.6003
stock_nopremask_frag	L1794712	0	0.2737
stock_nopremask_frag	L1794839	0	0.9743
stock_nopremask_frag	L1796826	0	0.9918
stock_nopremask_frag	L1797546	0	1.0000
stock_nopremask_frag	L1798302	0	1.0000
stock_nopremask_frag	L1799840	1	0.4119
stock_nopremask_frag	L1801258	0	0.8105
stock_nopremask_frag	L1802345	0	0.9990
stock_nopremask_frag	L180509	0	1.0000
stock_nopremask_frag	L1808966	0	0.8774
stock_nopremask_frag	L1809234	0	0.5351
stock_nopremask_frag	L1811231	1	0.5240
stock_nopremask_frag	L1812445	0	0.6900
stock_nopremask_frag	L1814309	0	0.4183
stock_nopremask_frag	L1816451	0	0.2792
stock_nopremask_frag	L1817551	0	0.9537
stock_nopremask_frag	L1820447	3	0.2949
stock_nopremask_frag	L1821765	0	0.4816
stock_nopremask_frag	L1822989	0	1.0000
stock_nopremask_frag	L1823086	0	0.4095
stock_nopremask_frag	L1825981	0	0.7579
stock_nopremask_frag	L1826918	0	1.0000
stock_nopremask_frag	L1830338	0	1.0000
stock_nopremask_frag	L18313	1	0.3412
stock_nopremask_frag	L1831368	0	0.9999
stock_nopremask_frag	L183802	0	0.9795
stock_nopremask_frag	L1838244	0	1.0000
stock_nopremask_frag	L1838501	1	0.5949
stock_nopremask_frag	L1838652	2	0.2132
stock_nopremask_frag	L1840388	1	0.9435
stock_nopremask_frag	L1848896	0	0.3861
stock_nopremask_frag	L1856065	0	0.9468
stock_nopremask_frag	L1857129	1	0.7139
stock_nopremask_frag	L1858192	0	1.0000
stock_nopremask_frag	L1858235	0	0.2101
stock_nopremask_frag	L1859863	1	0.5270
stock_nopremask_frag	L1860283	2	0.3494
stock_nopremask_frag	L1867226	0	0.4783
stock_nopremask_frag	L186847	0	0.3207
stock_nopremask_frag	L1869818	1	0.2962
stock_nopremask_frag	L1872590	0	1.0000
stock_nopremask_frag	L1872595	0	0.9989
stock_nopremask_frag	L1873245	1	0.3443
stock_nopremask_frag	L1873642	0	0.9700
stock_nopremask_frag	L1874928	3	0.1507
stock_nopremask_frag	L1876149	0	0.3131
stock_nopremask_frag	L18800	0	0.4263
stock_nopremask_frag	L1882201	1	0.4683
stock_nopremask_frag	L1882838	1	0.6213
stock_nopremask_frag	L1883125	1	0.3745
stock_nopremask_frag	L1883999	1	0.1433
stock_nopremask_frag	L1886440	0	0.8381
stock_nopremask_frag	L1889760	0	1.0000
stock_nopremask_frag	L189322	1	0.4018
stock_nopremask_frag	L1895575	5	0.5202
stock_nopremask_frag	L1897444	0	0.9749
stock_nopremask_frag	L1898605	0	0.9997
stock_nopremask_frag	L1898611	0	1.0000
stock_nopremask_frag	L190102	0	1.0000
stock_nopremask_frag	L1902625	1	0.3952
stock_nopremask_frag	L1905283	3	0.7845
stock_nopremask_frag	L190650	0	1.0000
stock_nopremask_frag	L190687	0	0.9732
stock_nopremask_frag	L1908570	1	0.2778
stock_nopremask_frag	L1909629	5	0.4440
stock_nopremask_frag	L1911881	2	0.1466
stock_nopremask_frag	L1912	0	1.0000
stock_nopremask_frag	L191488	0	0.5043
stock_nopremask_frag	L1920826	0	0.4184
stock_nopremask_frag	L192237	0	0.9296
stock_nopremask_frag	L1924744	0	1.0000
stock_nopremask_frag	L1925847	2	0.2412
stock_nopremask_frag	L1928273	0	0.2717
stock_nopremask_frag	L1928790	0	0.6661
stock_nopremask_frag	L1932241	0	0.5797
stock_nopremask_frag	L1932659	0	1.0000
stock_nopremask_frag	L1933206	0	0.8950
stock_nopremask_frag	L1933253	0	0.9745
stock_nopremask_frag	L1933970	0	0.9859
stock_nopremask_frag	L1936643	1	0.3509
stock_nopremask_frag	L1940497	1	0.5448
stock_nopremask_frag	L1942177	4	0.3586
stock_nopremask_frag	L1942305	0	0.7341
stock_nopremask_frag	L1943673	2	0.2277
stock_nopremask_frag	L1944226	0	0.8586
stock_nopremask_frag	L1944640	1	0.3471
stock_nopremask_frag	L1944904	1	0.2078
stock_nopremask_frag	L194952	1	0.3603
stock_nopremask_frag	L1951280	0	1.0000
stock_nopremask_frag	L1952353	3	0.5698
stock_nopremask_frag	L1953692	2	0.4842
stock_nopremask_frag	L1954656	0	0.3542
stock_nopremask_frag	L1955598	1	0.4668
stock_nopremask_frag	L1955973	0	0.3366
stock_nopremask_frag	L195908	0	1.0000
stock_nopremask_frag	L1964032	0	0.8855
stock_nopremask_frag	L1965961	1	0.6038
stock_nopremask_frag	L1970360	0	1.0000
stock_nopremask_frag	L1970493	0	0.3883
stock_nopremask_frag	L1970551	1	0.9277
stock_nopremask_frag	L1970668	0	0.4896
stock_nopremask_frag	L1971017	2	0.2413
stock_nopremask_frag	L1975091	1	0.4420
stock_nopremask_frag	L1975857	0	0.8023
stock_nopremask_frag	L197613	0	0.1998
stock_nopremask_frag	L1976785	1	0.2610
stock_nopremask_frag	L1981866	2	0.5403
stock_nopremask_frag	L1982300	0	1.0000
stock_nopremask_frag	L1983183	1	0.3841
stock_nopremask_frag	L1986059	4	0.4673
stock_nopremask_frag	L1990411	0	1.0000
stock_nopremask_frag	L1991628	0	1.0000
stock_nopremask_frag	L1994839	0	1.0000
stock_nopremask_frag	L1996032	0	1.0000
stock_nopremask_frag	L202116	0	1.0000
stock_nopremask_frag	L204802	0	0.2582
stock_nopremask_frag	L208863	1	0.5850
stock_nopremask_frag	L209724	0	0.2734
stock_nopremask_frag	L2105	0	1.0000
stock_nopremask_frag	L210838	0	0.6035
stock_nopremask_frag	L21151	1	0.5395
stock_nopremask_frag	L216034	0	0.4278
stock_nopremask_frag	L216528	0	0.2231
stock_nopremask_frag	L217349	0	1.0000
stock_nopremask_frag	L222365	1	0.2874
stock_nopremask_frag	L225416	0	0.4569
stock_nopremask_frag	L227476	1	0.5280
stock_nopremask_frag	L228723	0	1.0000
stock_nopremask_frag	L231682	0	1.0000
stock_nopremask_frag	L232060	0	1.0000
stock_nopremask_frag	L233375	4	0.1080
stock_nopremask_frag	L235764	0	1.0000
stock_nopremask_frag	L238858	0	0.3969
stock_nopremask_frag	L243818	0	1.0000
stock_nopremask_frag	L244003	2	0.3183
stock_nopremask_frag	L244965	0	0.9670
stock_nopremask_frag	L24866	1	0.4166
stock_nopremask_frag	L250969	0	1.0000
stock_nopremask_frag	L252902	0	0.5343
stock_nopremask_frag	L253345	2	0.6842
stock_nopremask_frag	L257043	1	0.3994
stock_nopremask_frag	L257465	1	0.1760
stock_nopremask_frag	L258378	2	0.4065
stock_nopremask_frag	L258696	0	1.0000
stock_nopremask_frag	L260842	1	0.8601
stock_nopremask_frag	L260939	0	0.8725
stock_nopremask_frag	L261190	0	1.0000
stock_nopremask_frag	L267309	1	0.2806
stock_nopremask_frag	L267846	0	1.0000
stock_nopremask_frag	L270977	0	0.3686
stock_nopremask_frag	L272730	0	1.0000
stock_nopremask_frag	L273461	0	0.8566
stock_nopremask_frag	L282320	0	1.0000
stock_nopremask_frag	L283173	0	0.3153
stock_nopremask_frag	L283368	0	0.2415
stock_nopremask_frag	L288752	0	0.6559
stock_nopremask_frag	L2888	0	0.3908
stock_nopremask_frag	L293305	7	0.4145
stock_nopremask_frag	L293537	0	0.9973
stock_nopremask_frag	L294764	2	0.2861
stock_nopremask_frag	L299364	0	0.5542
stock_nopremask_frag	L299595	1	0.2992
stock_nopremask_frag	L299782	0	0.9547
stock_nopremask_frag	L300401	0	1.0000
stock_nopremask_frag	L30336	0	0.4324
stock_nopremask_frag	L310087	2	0.2265
stock_nopremask_frag	L312118	0	0.3223
stock_nopremask_frag	L318026	0	0.9236
stock_nopremask_frag	L318722	0	0.9338
stock_nopremask_frag	L31952	1	0.8389
stock_nopremask_frag	L319839	0	0.3546
stock_nopremask_frag	L319888	0	0.9932
stock_nopremask_frag	L320440	1	0.3833
stock_nopremask_frag	L321627	0	1.0000
stock_nopremask_frag	L322333	0	0.4763
stock_nopremask_frag	L322794	0	0.5580
stock_nopremask_frag	L322866	1	0.3201
stock_nopremask_frag	L324151	3	0.5633
stock_nopremask_frag	L324946	0	0.9937
stock_nopremask_frag	L32606	0	0.8731
stock_nopremask_frag	L326205	0	1.0000
stock_nopremask_frag	L327486	0	1.0000
stock_nopremask_frag	L331805	0	0.7223
stock_nopremask_frag	L331807	1	0.7327
stock_nopremask_frag	L333401	1	0.3893
stock_nopremask_frag	L333865	0	1.0000
stock_nopremask_frag	L335478	1	0.5128
stock_nopremask_frag	L336916	1	0.1772
stock_nopremask_frag	L337726	1	0.5602
stock_nopremask_frag	L343911	0	0.9974
stock_nopremask_frag	L346110	0	1.0000
stock_nopremask_frag	L35206	1	0.3131
stock_nopremask_frag	L352100	0	1.0000
stock_nopremask_frag	L353330	0	0.4045
stock_nopremask_frag	L353755	1	0.2992
stock_nopremask_frag	L354281	1	0.6955
stock_nopremask_frag	L355469	1	0.4053
stock_nopremask_frag	L355973	1	0.2056
stock_nopremask_frag	L358098	0	0.9979
stock_nopremask_frag	L358427	0	1.0000
stock_nopremask_frag	L36185	0	0.7773
stock_nopremask_frag	L36374	0	0.9963
stock_nopremask_frag	L36393	1	0.2599
stock_nopremask_frag	L364477	0	0.9793
stock_nopremask_frag	L368265	1	0.4122
stock_nopremask_frag	L369221	1	0.4518
stock_nopremask_frag	L370516	0	0.9999
stock_nopremask_frag	L375608	0	0.5690
stock_nopremask_frag	L375999	0	0.4484
stock_nopremask_frag	L376343	0	0.7603
stock_nopremask_frag	L377914	1	0.5727
stock_nopremask_frag	L380751	4	0.0849
stock_nopremask_frag	L382166	0	1.0000
stock_nopremask_frag	L382724	0	0.9999
stock_nopremask_frag	L383909	1	0.4810
stock_nopremask_frag	L385595	9	0.2175
stock_nopremask_frag	L386761	0	1.0000
stock_nopremask_frag	L38847	1	0.5463
stock_nopremask_frag	L388838	1	0.4344
stock_nopremask_frag	L390056	0	0.3930
stock_nopremask_frag	L390847	0	0.4126
stock_nopremask_frag	L391263	0	0.4955
stock_nopremask_frag	L394934	0	0.7605
stock_nopremask_frag	L396359	0	1.0000
stock_nopremask_frag	L397005	0	0.4091
stock_nopremask_frag	L398087	2	0.3775
stock_nopremask_frag	L401127	0	0.9987
stock_nopremask_frag	L402454	0	0.2602
stock_nopremask_frag	L403424	1	0.5950
stock_nopremask_frag	L405687	1	0.4571
stock_nopremask_frag	L409413	1	0.3676
stock_nopremask_frag	L411451	0	1.0000
stock_nopremask_frag	L414909	0	0.9993
stock_nopremask_frag	L414959	0	1.0000
stock_nopremask_frag	L418437	0	1.0000
stock_nopremask_frag	L419149	0	0.8464
stock_nopremask_frag	L422199	0	1.0000
stock_nopremask_frag	L42258	0	0.4014
stock_nopremask_frag	L425262	1	0.3928
stock_nopremask_frag	L425629	0	0.8468
stock_nopremask_frag	L431467	0	0.9438
stock_nopremask_frag	L433013	0	1.0000
stock_nopremask_frag	L435219	0	1.0000
stock_nopremask_frag	L442957	1	0.2170
stock_nopremask_frag	L4469	0	1.0000
stock_nopremask_frag	L446901	0	0.9999
stock_nopremask_frag	L449888	0	0.2014
stock_nopremask_frag	L450863	0	1.0000
stock_nopremask_frag	L454426	0	0.2735
stock_nopremask_frag	L456423	3	0.4256
stock_nopremask_frag	L458224	1	0.7444
stock_nopremask_frag	L45866	1	0.5361
stock_nopremask_frag	L459126	1	0.3942
stock_nopremask_frag	L459710	0	0.7459
stock_nopremask_frag	L460845	0	0.4424
stock_nopremask_frag	L462461	0	0.7011
stock_nopremask_frag	L462611	1	0.2827
stock_nopremask_frag	L465953	0	0.6614
stock_nopremask_frag	L466572	1	0.4854
stock_nopremask_frag	L469914	0	0.2367
stock_nopremask_frag	L472973	1	0.1685
stock_nopremask_frag	L47627	0	1.0000
stock_nopremask_frag	L477052	0	0.2755
stock_nopremask_frag	L477480	0	0.4546
stock_nopremask_frag	L478354	0	0.9811
stock_nopremask_frag	L480723	0	0.4480
stock_nopremask_frag	L481009	1	0.3440
stock_nopremask_frag	L481562	0	0.9739
stock_nopremask_frag	L481889	2	0.6188
stock_nopremask_frag	L482581	0	0.5486
stock_nopremask_frag	L488483	1	0.4526
stock_nopremask_frag	L494762	0	1.0000
stock_nopremask_frag	L496946	0	0.6631
stock_nopremask_frag	L497994	0	0.9873
stock_nopremask_frag	L498642	0	0.7579
stock_nopremask_frag	L499837	1	0.3647
stock_nopremask_frag	L500481	0	0.9967
stock_nopremask_frag	L501837	1	0.2634
stock_nopremask_frag	L506324	0	1.0000
stock_nopremask_frag	L5117	0	0.2738
stock_nopremask_frag	L511916	0	0.9667
stock_nopremask_frag	L515141	0	0.4046
stock_nopremask_frag	L516046	1	0.2392
stock_nopremask_frag	L520263	0	1.0000
stock_nopremask_frag	L521167	0	0.3085
stock_nopremask_frag	L521904	0	0.6295
stock_nopremask_frag	L523867	0	0.9219
stock_nopremask_frag	L524464	0	0.8571
stock_nopremask_frag	L525527	1	0.1754
stock_nopremask_frag	L529623	0	0.6655
stock_nopremask_frag	L531061	0	0.7313
stock_nopremask_frag	L533105	0	1.0000
stock_nopremask_frag	L534964	0	0.8929
stock_nopremask_frag	L535240	1	0.3189
stock_nopremask_frag	L535400	1	0.2412
stock_nopremask_frag	L536467	0	0.9988
stock_nopremask_frag	L536524	3	0.2694
stock_nopremask_frag	L539572	0	0.4085
stock_nopremask_frag	L539623	0	0.6843
stock_nopremask_frag	L541274	0	0.9302
stock_nopremask_frag	L541585	0	0.7733
stock_nopremask_frag	L543256	0	1.0000
stock_nopremask_frag	L544561	0	0.4738
stock_nopremask_frag	L545165	4	0.1879
stock_nopremask_frag	L546910	1	0.9500
stock_nopremask_frag	L548504	0	0.6367
stock_nopremask_frag	L551442	0	1.0000
stock_nopremask_frag	L555925	0	0.9998
stock_nopremask_frag	L556696	0	0.5003
stock_nopremask_frag	L559531	0	0.4169
stock_nopremask_frag	L560176	0	1.0000
stock_nopremask_frag	L561367	1	0.3906
stock_nopremask_frag	L564679	1	0.2570
stock_nopremask_frag	L566745	1	0.6507
stock_nopremask_frag	L568989	0	1.0000
stock_nopremask_frag	L570772	1	0.2890
stock_nopremask_frag	L572521	0	0.3960
stock_nopremask_frag	L577507	2	0.6808
stock_nopremask_frag	L578197	1	0.9913
stock_nopremask_frag	L584866	0	0.4725
stock_nopremask_frag	L586948	0	0.5274
stock_nopremask_frag	L589777	1	0.3246
stock_nopremask_frag	L589868	0	0.4462
stock_nopremask_frag	L590205	0	0.7704
stock_nopremask_frag	L59044	0	0.9869
stock_nopremask_frag	L599511	2	0.3348
stock_nopremask_frag	L60389	0	1.0000
stock_nopremask_frag	L614050	0	0.9997
stock_nopremask_frag	L617862	1	0.3704
stock_nopremask_frag	L620966	5	0.3446
stock_nopremask_frag	L623278	2	0.6267
stock_nopremask_frag	L62337	1	0.2952
stock_nopremask_frag	L626238	0	0.4366
stock_nopremask_frag	L626353	0	0.4213
stock_nopremask_frag	L62839	0	0.6748
stock_nopremask_frag	L632457	0	0.7584
stock_nopremask_frag	L635118	0	1.0000
stock_nopremask_frag	L636888	0	0.3601
stock_nopremask_frag	L639959	0	1.0000
stock_nopremask_frag	L640160	0	1.0000
stock_nopremask_frag	L641936	0	0.2640
stock_nopremask_frag	L642984	0	1.0000
stock_nopremask_frag	L644406	1	0.2581
stock_nopremask_frag	L644497	1	0.7827
stock_nopremask_frag	L646751	0	1.0000
stock_nopremask_frag	L649091	1	0.4288
stock_nopremask_frag	L652753	0	0.4492
stock_nopremask_frag	L657061	0	1.0000
stock_nopremask_frag	L657332	0	1.0000
stock_nopremask_frag	L657537	0	0.9997
stock_nopremask_frag	L658591	0	1.0000
stock_nopremask_frag	L659549	0	0.3699
stock_nopremask_frag	L660443	0	0.5093
stock_nopremask_frag	L663427	1	0.7905
stock_nopremask_frag	L665914	1	0.3239
stock_nopremask_frag	L666180	0	0.4727
stock_nopremask_frag	L667013	0	0.4658
stock_nopremask_frag	L667839	0	1.0000
stock_nopremask_frag	L669436	5	0.3134
stock_nopremask_frag	L66992	0	0.9829
stock_nopremask_frag	L677371	0	1.0000
stock_nopremask_frag	L678289	0	0.9836
stock_nopremask_frag	L678676	0	0.6861
stock_nopremask_frag	L679717	1	0.6104
stock_nopremask_frag	L680683	1	0.9664
stock_nopremask_frag	L681033	0	0.9345
stock_nopremask_frag	L681532	0	0.8212
stock_nopremask_frag	L681559	0	0.7820
stock_nopremask_frag	L681852	0	0.3832
stock_nopremask_frag	L684567	0	1.0000
stock_nopremask_frag	L685962	0	0.4151
stock_nopremask_frag	L686506	0	0.6958
stock_nopremask_frag	L689721	0	0.7575
stock_nopremask_frag	L691596	0	0.5784
stock_nopremask_frag	L692386	0	0.9014
stock_nopremask_frag	L693733	1	0.2278
stock_nopremask_frag	L694998	0	0.9990
stock_nopremask_frag	L699028	1	0.4413
stock_nopremask_frag	L700056	0	1.0000
stock_nopremask_frag	L700404	0	0.9917
stock_nopremask_frag	L702168	0	1.0000
stock_nopremask_frag	L70331	1	0.4340
stock_nopremask_frag	L704136	0	1.0000
stock_nopremask_frag	L704338	1	0.3484
stock_nopremask_frag	L705787	2	0.2966
stock_nopremask_frag	L706127	5	0.2168
stock_nopremask_frag	L706802	0	0.8615
stock_nopremask_frag	L707187	0	1.0000
stock_nopremask_frag	L710321	0	1.0000
stock_nopremask_frag	L711529	0	0.9999
stock_nopremask_frag	L71277	1	0.7694
stock_nopremask_frag	L713051	0	0.6197
stock_nopremask_frag	L715677	0	1.0000
stock_nopremask_frag	L716679	0	0.7197
stock_nopremask_frag	L720310	0	0.2480
stock_nopremask_frag	L720918	1	0.7342
stock_nopremask_frag	L722647	0	0.9026
stock_nopremask_frag	L722885	0	0.3307
stock_nopremask_frag	L725643	3	0.2003
stock_nopremask_frag	L730413	0	0.3528
stock_nopremask_frag	L731956	0	0.9999
stock_nopremask_frag	L736973	0	1.0000
stock_nopremask_frag	L740874	0	0.2753
stock_nopremask_frag	L741246	0	1.0000
stock_nopremask_frag	L742863	0	0.9915
stock_nopremask_frag	L743451	1	0.1277
stock_nopremask_frag	L748093	0	0.5891
stock_nopremask_frag	L751266	0	0.4321
stock_nopremask_frag	L752342	1	0.2229
stock_nopremask_frag	L752475	0	0.9988
stock_nopremask_frag	L752653	1	0.2873
stock_nopremask_frag	L75387	0	0.2614
stock_nopremask_frag	L754764	0	0.9665
stock_nopremask_frag	L755702	1	0.4866
stock_nopremask_frag	L759676	0	0.8756
stock_nopremask_frag	L759690	0	0.9897
stock_nopremask_frag	L759925	0	0.9994
stock_nopremask_frag	L760304	0	1.0000
stock_nopremask_frag	L762113	0	0.9692
stock_nopremask_frag	L762771	0	0.2381
stock_nopremask_frag	L763808	0	1.0000
stock_nopremask_frag	L764107	1	0.4641
stock_nopremask_frag	L764127	0	0.8976
stock_nopremask_frag	L764282	0	0.9968
stock_nopremask_frag	L764916	0	0.5078
stock_nopremask_frag	L77164	2	0.5204
stock_nopremask_frag	L773134	0	1.0000
stock_nopremask_frag	L774588	0	1.0000
stock_nopremask_frag	L774738	0	1.0000
stock_nopremask_frag	L775906	2	0.1981
stock_nopremask_frag	L778698	1	0.3850
stock_nopremask_frag	L779464	0	0.4966
stock_nopremask_frag	L779937	1	0.3931
stock_nopremask_frag	L780609	0	0.9968
stock_nopremask_frag	L784473	4	0.1552
stock_nopremask_frag	L787550	0	0.9930
stock_nopremask_frag	L789409	1	0.3646
stock_nopremask_frag	L790771	0	0.9855
stock_nopremask_frag	L792951	1	0.4372
stock_nopremask_frag	L79315	0	0.8902
stock_nopremask_frag	L793490	0	0.2712
stock_nopremask_frag	L79406	0	0.6530
stock_nopremask_frag	L79610	1	0.5565
stock_nopremask_frag	L796809	1	0.1710
stock_nopremask_frag	L798449	0	1.0000
stock_nopremask_frag	L801473	0	0.9994
stock_nopremask_frag	L801620	1	0.2669
stock_nopremask_frag	L801738	0	0.9996
stock_nopremask_frag	L803364	1	0.3002
stock_nopremask_frag	L803613	1	0.5058
stock_nopremask_frag	L804778	1	0.1941
stock_nopremask_frag	L808364	1	0.3945
stock_nopremask_frag	L809372	0	0.9809
stock_nopremask_frag	L809693	1	0.3814
stock_nopremask_frag	L811734	0	0.9857
stock_nopremask_frag	L81215	0	0.9914
stock_nopremask_frag	L812450	0	1.0000
stock_nopremask_frag	L812672	0	0.4473
stock_nopremask_frag	L815977	1	0.9090
stock_nopremask_frag	L816644	0	1.0000
stock_nopremask_frag	L81909	0	0.9949
stock_nopremask_frag	L819563	3	0.3878
stock_nopremask_frag	L821100	0	0.9588
stock_nopremask_frag	L822334	0	0.9551
stock_nopremask_frag	L824223	0	0.4078
stock_nopremask_frag	L827048	1	0.4033
stock_nopremask_frag	L827129	0	0.9577
stock_nopremask_frag	L829233	0	0.7649
stock_nopremask_frag	L83001	0	0.9886
stock_nopremask_frag	L830371	0	0.9910
stock_nopremask_frag	L832923	0	0.9564
stock_nopremask_frag	L834579	0	0.8416
stock_nopremask_frag	L834622	0	0.6662
stock_nopremask_frag	L837955	0	0.9976
stock_nopremask_frag	L843972	3	0.2774
stock_nopremask_frag	L845031	0	0.9935
stock_nopremask_frag	L846960	0	1.0000
stock_nopremask_frag	L847988	0	0.2422
stock_nopremask_frag	L849505	0	0.6387
stock_nopremask_frag	L851847	1	0.3549
stock_nopremask_frag	L853299	0	1.0000
stock_nopremask_frag	L855747	0	0.2611
stock_nopremask_frag	L855935	0	0.9926
stock_nopremask_frag	L856753	0	1.0000
stock_nopremask_frag	L85748	1	0.4732
stock_nopremask_frag	L858843	0	0.9996
stock_nopremask_frag	L862725	0	1.0000
stock_nopremask_frag	L864050	0	1.0000
stock_nopremask_frag	L86679	0	1.0000
stock_nopremask_frag	L868640	0	1.0000
stock_nopremask_frag	L869371	0	0.5348
stock_nopremask_frag	L869433	0	0.9792
stock_nopremask_frag	L873249	0	0.9862
stock_nopremask_frag	L883133	0	0.9310
stock_nopremask_frag	L883660	0	0.5970
stock_nopremask_frag	L884453	0	0.9461
stock_nopremask_frag	L885068	0	0.8943
stock_nopremask_frag	L885624	5	0.1193
stock_nopremask_frag	L886084	0	0.9773
stock_nopremask_frag	L886474	1	0.4289
stock_nopremask_frag	L886813	0	0.3266
stock_nopremask_frag	L888328	0	0.9986
stock_nopremask_frag	L888339	0	1.0000
stock_nopremask_frag	L888692	3	0.1245
stock_nopremask_frag	L892540	0	1.0000
stock_nopremask_frag	L894181	7	0.1489
stock_nopremask_frag	L895192	1	0.5789
stock_nopremask_frag	L895682	1	0.5106
stock_nopremask_frag	L898645	0	0.7983
stock_nopremask_frag	L900297	2	0.6054
stock_nopremask_frag	L902295	0	1.0000
stock_nopremask_frag	L902514	2	0.6676
stock_nopremask_frag	L906439	0	0.7634
stock_nopremask_frag	L907227	5	0.5899
stock_nopremask_frag	L90734	0	1.0000
stock_nopremask_frag	L909856	1	0.4190
stock_nopremask_frag	L910412	3	0.2015
stock_nopremask_frag	L910841	0	0.6331
stock_nopremask_frag	L911364	0	0.9953
stock_nopremask_frag	L912237	1	0.3884
stock_nopremask_frag	L913833	6	0.2623
stock_nopremask_frag	L914150	0	0.7731
stock_nopremask_frag	L914195	2	0.2759
stock_nopremask_frag	L91480	0	0.4146
stock_nopremask_frag	L918005	0	0.9987
stock_nopremask_frag	L918018	0	1.0000
stock_nopremask_frag	L923738	0	0.5223
stock_nopremask_frag	L924400	1	0.3653
stock_nopremask_frag	L925260	0	0.5240
stock_nopremask_frag	L928875	1	0.2298
stock_nopremask_frag	L93124	1	0.9021
stock_nopremask_frag	L93295	0	0.9918
stock_nopremask_frag	L933087	1	0.4417
stock_nopremask_frag	L933852	0	0.9192
stock_nopremask_frag	L936253	0	1.0000
stock_nopremask_frag	L940767	0	0.5912
stock_nopremask_frag	L941368	2	0.2561
stock_nopremask_frag	L941926	0	1.0000
stock_nopremask_frag	L942873	1	0.5663
stock_nopremask_frag	L943752	0	0.4455
stock_nopremask_frag	L948601	0	0.5829
stock_nopremask_frag	L94945	3	0.4614
stock_nopremask_frag	L949761	1	0.2663
stock_nopremask_frag	L953203	0	0.3849
stock_nopremask_frag	L95620	0	0.5932
stock_nopremask_frag	L957565	1	0.6049
stock_nopremask_frag	L960419	1	0.4679
stock_nopremask_frag	L962289	2	0.7270
stock_nopremask_frag	L96262	0	0.9999
stock_nopremask_frag	L962680	0	0.9017
stock_nopremask_frag	L967795	1	0.3352
stock_nopremask_frag	L968437	0	1.0000
stock_nopremask_frag	L969615	0	0.2994
stock_nopremask_frag	L970400	1	0.4860
stock_nopremask_frag	L972698	0	1.0000
stock_nopremask_frag	L974207	0	0.8383
stock_nopremask_frag	L979330	1	0.9281
stock_nopremask_frag	L983346	0	0.9990
stock_nopremask_frag	L984768	0	0.7631
stock_nopremask_frag	L984796	0	0.8297
stock_nopremask_frag	L985204	0	0.4653
stock_nopremask_frag	L985959	0	1.0000
stock_nopremask_frag	L986820	1	0.4557
stock_nopremask_frag	L989999	1	0.3361
stock_nopremask_frag	L994491	0	0.9371
stock_nopremask_frag	L997717	1	0.3674
stock_nopremask_frag	L998540	2	0.1090
stock_full	L1002585	0	1.0000
stock_full	L1004185	0	0.9545
stock_full	L1005032	0	1.0000
stock_full	L1011227	0	1.0000
stock_full	L1012049	0	1.0000
stock_full	L1012199	0	1.0000
stock_full	L1016849	0	1.0000
stock_full	L1017537	0	1.0000
stock_full	L1021907	0	1.0000
stock_full	L1024044	0	1.0000
stock_full	L1024542	0	1.0000
stock_full	L1025399	0	1.0000
stock_full	L1026799	0	1.0000
stock_full	L102922	0	0.9485
stock_full	L1029951	1	0.9704
stock_full	L1030819	0	1.0000
stock_full	L103249	1	1.0000
stock_full	L1036266	0	1.0000
stock_full	L1036426	0	1.0000
stock_full	L1038977	1	1.0000
stock_full	L1044163	0	0.5253
stock_full	L1044444	0	0.9992
stock_full	L1046348	0	1.0000
stock_full	L1046966	0	1.0000
stock_full	L1050743	0	1.0000
stock_full	L1052309	0	1.0000
stock_full	L1053445	0	1.0000
stock_full	L1054346	0	0.9993
stock_full	L1055550	0	1.0000
stock_full	L1058576	0	1.0000
stock_full	L1060120	1	1.0000
stock_full	L1061482	1	1.0000
stock_full	L1061587	1	0.6283
stock_full	L1062126	0	1.0000
stock_full	L1063587	0	1.0000
stock_full	L1064227	0	1.0000
stock_full	L1065804	1	1.0000
stock_full	L1068964	0	1.0000
stock_full	L1069832	0	1.0000
stock_full	L1071754	0	0.4323
stock_full	L1072449	1	1.0000
stock_full	L1073165	0	0.5700
stock_full	L1075189	1	0.7740
stock_full	L1081827	1	0.7102
stock_full	L1082663	0	1.0000
stock_full	L1083972	0	1.0000
stock_full	L1085175	0	1.0000
stock_full	L1087086	1	0.5579
stock_full	L1087105	1	0.5465
stock_full	L1089119	1	0.9884
stock_full	L1090631	0	1.0000
stock_full	L1091178	0	0.8218
stock_full	L1091281	0	0.5841
stock_full	L1091323	0	0.5778
stock_full	L1091479	0	1.0000
stock_full	L1092388	0	1.0000
stock_full	L1096376	0	1.0000
stock_full	L1099155	0	1.0000
stock_full	L1101520	0	1.0000
stock_full	L1106265	0	1.0000
stock_full	L1106965	0	1.0000
stock_full	L1107538	0	1.0000
stock_full	L1109734	0	1.0000
stock_full	L1110523	0	1.0000
stock_full	L1116847	0	1.0000
stock_full	L1117806	0	1.0000
stock_full	L1123172	0	1.0000
stock_full	L112480	0	1.0000
stock_full	L1125468	0	1.0000
stock_full	L1125564	0	1.0000
stock_full	L1126749	0	1.0000
stock_full	L1127804	1	0.3867
stock_full	L1128821	0	1.0000
stock_full	L1132817	0	1.0000
stock_full	L1134826	1	1.0000
stock_full	L1135019	1	0.5008
stock_full	L113844	0	0.5798
stock_full	L1138559	1	0.7880
stock_full	L1139573	1	1.0000
stock_full	L1142178	1	0.3380
stock_full	L1143584	0	1.0000
stock_full	L1146782	1	1.0000
stock_full	L1148275	1	1.0000
stock_full	L1148681	0	1.0000
stock_full	L1148861	0	1.0000
stock_full	L115160	0	1.0000
stock_full	L1152742	0	0.7856
stock_full	L1159462	0	1.0000
stock_full	L1160593	0	1.0000
stock_full	L1166860	1	1.0000
stock_full	L1169308	1	1.0000
stock_full	L1171933	0	1.0000
stock_full	L1175689	0	1.0000
stock_full	L1176510	0	1.0000
stock_full	L1176819	1	0.5708
stock_full	L1181526	0	1.0000
stock_full	L1184831	0	1.0000
stock_full	L1188236	0	1.0000
stock_full	L1189606	0	1.0000
stock_full	L1190029	0	1.0000
stock_full	L1192003	0	1.0000
stock_full	L1193093	1	0.9607
stock_full	L1193626	0	1.0000
stock_full	L1194943	1	1.0000
stock_full	L1200114	0	1.0000
stock_full	L1200373	0	1.0000
stock_full	L1202626	0	1.0000
stock_full	L1203652	0	1.0000
stock_full	L1205967	0	1.0000
stock_full	L1206149	0	1.0000
stock_full	L1208940	0	1.0000
stock_full	L120959	0	1.0000
stock_full	L1211345	0	1.0000
stock_full	L1212637	0	1.0000
stock_full	L1212861	0	1.0000
stock_full	L121334	0	0.4805
stock_full	L1215236	0	0.9998
stock_full	L1217544	1	0.9941
stock_full	L1217630	0	1.0000
stock_full	L1218521	0	1.0000
stock_full	L121873	0	1.0000
stock_full	L1218743	0	1.0000
stock_full	L1219260	0	1.0000
stock_full	L1219324	0	1.0000
stock_full	L1223018	1	0.6971
stock_full	L12241	1	0.4664
stock_full	L122411	0	1.0000
stock_full	L1228313	0	1.0000
stock_full	L1228316	0	1.0000
stock_full	L1228698	0	1.0000
stock_full	L1229975	0	1.0000
stock_full	L1233030	0	0.9903
stock_full	L1234322	0	1.0000
stock_full	L1235564	0	1.0000
stock_full	L1237368	0	0.3416
stock_full	L1242536	0	1.0000
stock_full	L1243882	0	1.0000
stock_full	L1244427	1	0.9520
stock_full	L1247700	0	1.0000
stock_full	L1249050	0	1.0000
stock_full	L1252273	0	0.9547
stock_full	L1252715	0	1.0000
stock_full	L125500	0	1.0000
stock_full	L125644	0	1.0000
stock_full	L1263639	0	1.0000
stock_full	L1263909	0	1.0000
stock_full	L1267300	0	1.0000
stock_full	L1267973	0	0.6728
stock_full	L1268056	1	0.3545
stock_full	L1269000	0	1.0000
stock_full	L1269225	0	1.0000
stock_full	L1269960	0	1.0000
stock_full	L1270519	1	0.5115
stock_full	L1271695	1	1.0000
stock_full	L1274988	0	1.0000
stock_full	L1277578	1	1.0000
stock_full	L1277861	0	1.0000
stock_full	L1281298	0	1.0000
stock_full	L1283746	0	1.0000
stock_full	L1284558	0	0.9554
stock_full	L1286758	0	1.0000
stock_full	L1291250	0	1.0000
stock_full	L129208	0	1.0000
stock_full	L1292363	0	0.9165
stock_full	L1292503	0	1.0000
stock_full	L1294408	1	0.5904
stock_full	L1294453	0	0.9818
stock_full	L1294952	0	1.0000
stock_full	L1297512	0	1.0000
stock_full	L1298142	0	1.0000
stock_full	L1299862	0	1.0000
stock_full	L1302458	1	0.9929
stock_full	L1307852	0	1.0000
stock_full	L130839	0	1.0000
stock_full	L1309046	0	1.0000
stock_full	L1314993	0	1.0000
stock_full	L1316645	1	0.9978
stock_full	L1316673	0	0.7550
stock_full	L1319261	1	1.0000
stock_full	L1320029	1	0.5001
stock_full	L1321139	0	1.0000
stock_full	L1322298	0	1.0000
stock_full	L1325043	0	1.0000
stock_full	L1328601	0	1.0000
stock_full	L1330004	0	1.0000
stock_full	L1334204	0	1.0000
stock_full	L1334727	0	1.0000
stock_full	L1337969	0	0.7176
stock_full	L1338440	0	0.8777
stock_full	L1338867	1	1.0000
stock_full	L13406	0	1.0000
stock_full	L1341334	0	1.0000
stock_full	L1342936	0	1.0000
stock_full	L1343571	0	0.9857
stock_full	L134770	0	1.0000
stock_full	L1348767	1	1.0000
stock_full	L1349954	0	1.0000
stock_full	L1350260	0	1.0000
stock_full	L1354350	0	1.0000
stock_full	L1358832	0	1.0000
stock_full	L1362201	0	1.0000
stock_full	L1362636	1	1.0000
stock_full	L1365362	0	1.0000
stock_full	L1366477	0	1.0000
stock_full	L1369644	0	1.0000
stock_full	L13698	0	1.0000
stock_full	L1371092	1	1.0000
stock_full	L1372683	0	1.0000
stock_full	L1372686	0	1.0000
stock_full	L1373403	0	1.0000
stock_full	L1378339	0	1.0000
stock_full	L1379425	1	0.7982
stock_full	L1380845	0	1.0000
stock_full	L1382177	0	1.0000
stock_full	L1382936	0	0.8067
stock_full	L1382969	0	1.0000
stock_full	L1383932	0	1.0000
stock_full	L1384051	0	1.0000
stock_full	L1393346	0	0.8411
stock_full	L1394372	0	1.0000
stock_full	L1398058	0	1.0000
stock_full	L1398565	0	1.0000
stock_full	L1400233	0	1.0000
stock_full	L1400557	1	0.9998
stock_full	L1403214	0	1.0000
stock_full	L1409097	0	1.0000
stock_full	L1409378	0	1.0000
stock_full	L1410763	0	1.0000
stock_full	L1410905	0	1.0000
stock_full	L1411655	0	1.0000
stock_full	L1421095	0	1.0000
stock_full	L1421423	0	1.0000
stock_full	L1431164	0	1.0000
stock_full	L1435268	0	1.0000
stock_full	L1438447	0	1.0000
stock_full	L1440099	0	1.0000
stock_full	L1440354	0	1.0000
stock_full	L1440579	0	0.9893
stock_full	L1441065	0	1.0000
stock_full	L1442950	0	1.0000
stock_full	L144630	0	1.0000
stock_full	L144966	0	1.0000
stock_full	L1450044	0	1.0000
stock_full	L145721	0	1.0000
stock_full	L1463127	0	1.0000
stock_full	L1463808	1	1.0000
stock_full	L1468044	0	0.9862
stock_full	L1468317	0	1.0000
stock_full	L1470882	0	1.0000
stock_full	L1472026	0	1.0000
stock_full	L1475336	0	1.0000
stock_full	L1477	0	0.9994
stock_full	L1477137	1	1.0000
stock_full	L1478713	0	0.7742
stock_full	L1479097	0	1.0000
stock_full	L1482186	1	0.5442
stock_full	L1483022	1	1.0000
stock_full	L1485252	0	0.9716
stock_full	L1487868	0	1.0000
stock_full	L1489958	0	1.0000
stock_full	L1491338	0	1.0000
stock_full	L1491406	1	1.0000
stock_full	L1492427	1	0.6513
stock_full	L1494927	0	1.0000
stock_full	L1496723	0	1.0000
stock_full	L14998	0	1.0000
stock_full	L1500041	0	1.0000
stock_full	L1500792	0	1.0000
stock_full	L1501054	0	1.0000
stock_full	L1501117	1	0.5502
stock_full	L150284	0	0.8782
stock_full	L1503080	0	1.0000
stock_full	L1506056	0	1.0000
stock_full	L1506305	0	1.0000
stock_full	L1507593	0	1.0000
stock_full	L1507721	0	1.0000
stock_full	L1509635	0	1.0000
stock_full	L1511077	0	1.0000
stock_full	L1511516	1	1.0000
stock_full	L151270	0	1.0000
stock_full	L1513453	0	1.0000
stock_full	L1513508	0	1.0000
stock_full	L1514059	1	1.0000
stock_full	L151434	0	1.0000
stock_full	L1520281	0	0.9982
stock_full	L1522665	0	1.0000
stock_full	L1525581	0	1.0000
stock_full	L152670	0	1.0000
stock_full	L1527449	0	0.9966
stock_full	L1532593	1	0.5570
stock_full	L1537084	1	1.0000
stock_full	L1545445	1	0.6856
stock_full	L1549764	1	1.0000
stock_full	L1553511	0	1.0000
stock_full	L1555961	0	0.9402
stock_full	L1556158	0	1.0000
stock_full	L1559085	0	1.0000
stock_full	L1559370	0	1.0000
stock_full	L1561684	1	0.6476
stock_full	L1563921	1	1.0000
stock_full	L1564440	1	0.5002
stock_full	L1564788	0	1.0000
stock_full	L1570442	0	0.6146
stock_full	L1577548	0	1.0000
stock_full	L1582773	0	0.9997
stock_full	L1586476	0	1.0000
stock_full	L1591774	0	1.0000
stock_full	L1592464	0	1.0000
stock_full	L1592890	0	1.0000
stock_full	L1593009	0	1.0000
stock_full	L1594265	0	1.0000
stock_full	L15949	0	1.0000
stock_full	L1595729	1	0.9999
stock_full	L1596023	0	1.0000
stock_full	L1596979	0	1.0000
stock_full	L1599150	0	1.0000
stock_full	L1605496	0	1.0000
stock_full	L1608356	0	0.7969
stock_full	L1608408	1	0.5022
stock_full	L1609523	0	1.0000
stock_full	L1611831	1	0.7847
stock_full	L1613719	0	1.0000
stock_full	L1613862	0	1.0000
stock_full	L1614892	0	1.0000
stock_full	L1615590	0	1.0000
stock_full	L1616879	0	1.0000
stock_full	L1617022	1	1.0000
stock_full	L1619438	1	0.5750
stock_full	L1619907	0	1.0000
stock_full	L1620099	0	1.0000
stock_full	L1622776	1	0.5255
stock_full	L1622804	1	0.5694
stock_full	L1623315	0	1.0000
stock_full	L1625869	0	1.0000
stock_full	L1632251	0	1.0000
stock_full	L1632593	0	0.9999
stock_full	L1633409	0	0.9184
stock_full	L163519	0	1.0000
stock_full	L1635479	0	1.0000
stock_full	L1638116	0	1.0000
stock_full	L1642892	0	0.5800
stock_full	L1647022	0	1.0000
stock_full	L1649256	0	1.0000
stock_full	L1650196	0	1.0000
stock_full	L1654301	1	0.5402
stock_full	L1656331	0	0.9798
stock_full	L1657868	1	1.0000
stock_full	L1658774	0	0.9308
stock_full	L1660134	0	1.0000
stock_full	L166249	0	1.0000
stock_full	L1663458	0	0.9998
stock_full	L16644	0	1.0000
stock_full	L1664922	1	1.0000
stock_full	L1666954	0	1.0000
stock_full	L1668737	0	1.0000
stock_full	L167239	0	1.0000
stock_full	L167308	0	1.0000
stock_full	L1673443	0	0.9999
stock_full	L1677915	0	1.0000
stock_full	L1679070	0	0.9997
stock_full	L1679327	0	1.0000
stock_full	L1681571	0	1.0000
stock_full	L1683975	0	1.0000
stock_full	L1687257	0	0.9999
stock_full	L1689425	0	1.0000
stock_full	L1690704	0	0.5382
stock_full	L1690718	0	0.3404
stock_full	L1692614	0	1.0000
stock_full	L1693021	0	1.0000
stock_full	L1693729	0	1.0000
stock_full	L1698795	0	1.0000
stock_full	L1700325	0	1.0000
stock_full	L1701759	0	1.0000
stock_full	L1706009	0	0.9877
stock_full	L1710196	0	1.0000
stock_full	L1713230	0	1.0000
stock_full	L1714485	1	0.7170
stock_full	L1715650	0	1.0000
stock_full	L1717886	0	0.9977
stock_full	L1720587	0	1.0000
stock_full	L1721987	0	1.0000
stock_full	L1722777	0	1.0000
stock_full	L1724773	1	0.6829
stock_full	L1725448	0	1.0000
stock_full	L1727481	0	0.7385
stock_full	L1728562	1	0.6794
stock_full	L1729015	0	1.0000
stock_full	L1729974	0	1.0000
stock_full	L1731527	0	0.9087
stock_full	L173383	0	1.0000
stock_full	L1735097	0	0.9520
stock_full	L1736351	0	1.0000
stock_full	L1736591	0	1.0000
stock_full	L1739879	1	0.9982
stock_full	L1741008	0	1.0000
stock_full	L1741461	0	0.8588
stock_full	L174176	0	1.0000
stock_full	L1741919	1	0.9454
stock_full	L1743480	0	1.0000
stock_full	L1744154	0	1.0000
stock_full	L1746595	0	1.0000
stock_full	L1748112	0	1.0000
stock_full	L1748957	0	1.0000
stock_full	L1749257	1	0.9498
stock_full	L175348	0	0.5232
stock_full	L1753832	0	1.0000
stock_full	L1755416	1	1.0000
stock_full	L1758324	0	1.0000
stock_full	L1758608	0	1.0000
stock_full	L1758614	0	1.0000
stock_full	L1758704	1	0.9917
stock_full	L1762064	0	0.9994
stock_full	L1765663	1	0.3912
stock_full	L1766093	1	0.9728
stock_full	L176738	0	1.0000
stock_full	L1768336	0	1.0000
stock_full	L176876	0	1.0000
stock_full	L1768935	0	0.9954
stock_full	L1770348	0	1.0000
stock_full	L1770471	0	1.0000
stock_full	L1772400	0	1.0000
stock_full	L1774077	0	1.0000
stock_full	L1774332	0	0.9995
stock_full	L177650	0	1.0000
stock_full	L1778239	0	0.9999
stock_full	L1778753	0	1.0000
stock_full	L1785009	1	0.9878
stock_full	L1788156	0	1.0000
stock_full	L179015	0	1.0000
stock_full	L1790481	0	1.0000
stock_full	L1791527	0	1.0000
stock_full	L1792265	0	1.0000
stock_full	L1793065	0	1.0000
stock_full	L1794712	0	1.0000
stock_full	L1794839	0	1.0000
stock_full	L1796826	0	1.0000
stock_full	L1797546	0	1.0000
stock_full	L1798302	0	1.0000
stock_full	L1799840	0	0.6365
stock_full	L1801258	0	1.0000
stock_full	L1802345	0	1.0000
stock_full	L180509	0	1.0000
stock_full	L1808966	0	1.0000
stock_full	L1809234	0	1.0000
stock_full	L1811231	1	1.0000
stock_full	L1812445	0	1.0000
stock_full	L1814309	0	0.9998
stock_full	L1816451	0	1.0000
stock_full	L1817551	1	0.5122
stock_full	L1820447	1	0.5464
stock_full	L1821765	0	1.0000
stock_full	L1822989	0	1.0000
stock_full	L1823086	0	1.0000
stock_full	L1825981	0	1.0000
stock_full	L1826918	0	1.0000
stock_full	L1830338	0	1.0000
stock_full	L18313	0	1.0000
stock_full	L1831368	0	1.0000
stock_full	L183802	0	1.0000
stock_full	L1838244	0	1.0000
stock_full	L1838501	0	0.9644
stock_full	L1838652	0	1.0000
stock_full	L1840388	0	0.9600
stock_full	L1848896	0	0.9991
stock_full	L1856065	0	1.0000
stock_full	L1857129	0	0.9880
stock_full	L1858192	0	1.0000
stock_full	L1858235	0	0.5449
stock_full	L1859863	0	0.9566
stock_full	L1860283	1	1.0000
stock_full	L1867226	0	0.9734
stock_full	L186847	0	1.0000
stock_full	L1869818	1	1.0000
stock_full	L1872590	0	1.0000
stock_full	L1872595	0	1.0000
stock_full	L1873245	0	0.9179
stock_full	L1873642	0	1.0000
stock_full	L1874928	1	0.3569
stock_full	L1876149	0	1.0000
stock_full	L18800	0	1.0000
stock_full	L1882201	1	0.7916
stock_full	L1882838	0	1.0000
stock_full	L1883125	1	1.0000
stock_full	L1883999	0	0.9922
stock_full	L1886440	0	1.0000
stock_full	L1889760	0	1.0000
stock_full	L189322	0	1.0000
stock_full	L1895575	0	1.0000
stock_full	L1897444	0	1.0000
stock_full	L1898605	0	1.0000
stock_full	L1898611	0	1.0000
stock_full	L190102	0	1.0000
stock_full	L1902625	1	1.0000
stock_full	L1905283	0	1.0000
stock_full	L190650	0	1.0000
stock_full	L190687	0	1.0000
stock_full	L1908570	1	0.5036
stock_full	L1909629	1	0.7551
stock_full	L1911881	1	0.3776
stock_full	L1912	0	1.0000
stock_full	L191488	0	1.0000
stock_full	L1920826	1	1.0000
stock_full	L192237	0	1.0000
stock_full	L1924744	0	1.0000
stock_full	L1925847	2	1.0000
stock_full	L1928273	0	1.0000
stock_full	L1928790	0	1.0000
stock_full	L1932241	0	1.0000
stock_full	L1932659	0	1.0000
stock_full	L1933206	1	0.5404
stock_full	L1933253	0	1.0000
stock_full	L1933970	0	1.0000
stock_full	L1936643	1	1.0000
stock_full	L1940497	1	0.5044
stock_full	L1942177	0	1.0000
stock_full	L1942305	0	1.0000
stock_full	L1943673	0	1.0000
stock_full	L1944226	0	1.0000
stock_full	L1944640	1	0.8942
stock_full	L1944904	1	0.5690
stock_full	L194952	0	0.5662
stock_full	L1951280	0	1.0000
stock_full	L1952353	0	0.8994
stock_full	L1953692	0	1.0000
stock_full	L1954656	0	0.7665
stock_full	L1955598	0	1.0000
stock_full	L1955973	0	0.9998
stock_full	L195908	0	1.0000
stock_full	L1964032	0	1.0000
stock_full	L1965961	0	0.9164
stock_full	L1970360	0	1.0000
stock_full	L1970493	1	1.0000
stock_full	L1970551	1	1.0000
stock_full	L1970668	0	1.0000
stock_full	L1971017	0	1.0000
stock_full	L1975091	1	0.8402
stock_full	L1975857	0	0.9998
stock_full	L197613	0	1.0000
stock_full	L1976785	0	1.0000
stock_full	L1981866	0	1.0000
stock_full	L1982300	0	1.0000
stock_full	L1983183	0	1.0000
stock_full	L1986059	0	0.9991
stock_full	L1990411	0	1.0000
stock_full	L1991628	0	1.0000
stock_full	L1994839	0	1.0000
stock_full	L1996032	0	1.0000
stock_full	L202116	0	1.0000
stock_full	L204802	0	0.7253
stock_full	L208863	0	1.0000
stock_full	L209724	0	0.8465
stock_full	L2105	0	1.0000
stock_full	L210838	0	1.0000
stock_full	L21151	0	0.7703
stock_full	L216034	1	0.5963
stock_full	L216528	0	1.0000
stock_full	L217349	0	1.0000
stock_full	L222365	0	0.9989
stock_full	L225416	0	0.9976
stock_full	L227476	0	1.0000
stock_full	L228723	0	1.0000
stock_full	L231682	0	1.0000
stock_full	L232060	0	1.0000
stock_full	L233375	0	1.0000
stock_full	L235764	0	1.0000
stock_full	L238858	1	1.0000
stock_full	L243818	0	1.0000
stock_full	L244003	0	0.9997
stock_full	L244965	0	1.0000
stock_full	L24866	0	1.0000
stock_full	L250969	0	1.0000
stock_full	L252902	0	1.0000
stock_full	L253345	0	0.9483
stock_full	L257043	0	0.9711
stock_full	L257465	0	0.5364
stock_full	L258378	0	1.0000
stock_full	L258696	0	1.0000
stock_full	L260842	0	0.9588
stock_full	L260939	0	0.9999
stock_full	L261190	0	1.0000
stock_full	L267309	1	0.3504
stock_full	L267846	0	1.0000
stock_full	L270977	0	1.0000
stock_full	L272730	0	1.0000
stock_full	L273461	1	1.0000
stock_full	L282320	0	1.0000
stock_full	L283173	1	1.0000
stock_full	L283368	1	0.8683
stock_full	L288752	0	1.0000
stock_full	L2888	1	1.0000
stock_full	L293305	1	1.0000
stock_full	L293537	0	1.0000
stock_full	L294764	1	0.8011
stock_full	L299364	0	1.0000
stock_full	L299595	1	1.0000
stock_full	L299782	0	1.0000
stock_full	L300401	0	1.0000
stock_full	L30336	0	0.9656
stock_full	L310087	0	1.0000
stock_full	L312118	0	1.0000
stock_full	L318026	0	0.9998
stock_full	L318722	0	1.0000
stock_full	L31952	0	1.0000
stock_full	L319839	0	1.0000
stock_full	L319888	0	0.8817
stock_full	L320440	1	1.0000
stock_full	L321627	0	1.0000
stock_full	L322333	0	1.0000
stock_full	L322794	0	1.0000
stock_full	L322866	0	1.0000
stock_full	L324151	0	1.0000
stock_full	L324946	0	1.0000
stock_full	L32606	0	1.0000
stock_full	L326205	0	1.0000
stock_full	L327486	0	1.0000
stock_full	L331805	1	1.0000
stock_full	L331807	1	1.0000
stock_full	L333401	0	1.0000
stock_full	L333865	0	1.0000
stock_full	L335478	0	1.0000
stock_full	L336916	1	0.2604
stock_full	L337726	1	1.0000
stock_full	L343911	0	1.0000
stock_full	L346110	0	1.0000
stock_full	L35206	0	1.0000
stock_full	L352100	0	1.0000
stock_full	L353330	0	1.0000
stock_full	L353755	0	1.0000
stock_full	L354281	1	0.9864
stock_full	L355469	0	0.9771
stock_full	L355973	0	0.5274
stock_full	L358098	0	1.0000
stock_full	L358427	0	1.0000
stock_full	L36185	1	1.0000
stock_full	L36374	0	1.0000
stock_full	L36393	1	1.0000
stock_full	L364477	0	1.0000
stock_full	L368265	0	0.9998
stock_full	L369221	0	1.0000
stock_full	L370516	0	1.0000
stock_full	L375608	0	1.0000
stock_full	L375999	1	0.5536
stock_full	L376343	0	1.0000
stock_full	L377914	1	1.0000
stock_full	L380751	0	0.6527
stock_full	L382166	0	1.0000
stock_full	L382724	0	1.0000
stock_full	L383909	0	1.0000
stock_full	L385595	0	1.0000
stock_full	L386761	0	1.0000
stock_full	L38847	0	1.0000
stock_full	L388838	1	1.0000
stock_full	L390056	0	1.0000
stock_full	L390847	1	1.0000
stock_full	L391263	0	1.0000
stock_full	L394934	0	1.0000
stock_full	L396359	0	1.0000
stock_full	L397005	1	0.7237
stock_full	L398087	1	0.4358
stock_full	L401127	0	1.0000
stock_full	L402454	0	1.0000
stock_full	L403424	0	1.0000
stock_full	L405687	1	0.6507
stock_full	L409413	0	0.6034
stock_full	L411451	0	1.0000
stock_full	L414909	0	1.0000
stock_full	L414959	0	1.0000
stock_full	L418437	0	1.0000
stock_full	L419149	0	1.0000
stock_full	L422199	0	1.0000
stock_full	L42258	0	1.0000
stock_full	L425262	1	1.0000
stock_full	L425629	0	0.9603
stock_full	L431467	0	1.0000
stock_full	L433013	0	1.0000
stock_full	L435219	0	1.0000
stock_full	L442957	0	1.0000
stock_full	L4469	0	1.0000
stock_full	L446901	0	1.0000
stock_full	L449888	0	1.0000
stock_full	L450863	0	1.0000
stock_full	L454426	0	1.0000
stock_full	L456423	0	1.0000
stock_full	L458224	1	0.7408
stock_full	L45866	0	1.0000
stock_full	L459126	1	0.7246
stock_full	L459710	1	0.9731
stock_full	L460845	1	0.9255
stock_full	L462461	0	0.5869
stock_full	L462611	1	0.9211
stock_full	L465953	0	1.0000
stock_full	L466572	1	0.5376
stock_full	L469914	0	1.0000
stock_full	L472973	0	1.0000
stock_full	L47627	0	1.0000
stock_full	L477052	1	0.9842
stock_full	L477480	1	0.5758
stock_full	L478354	0	1.0000
stock_full	L480723	0	0.9984
stock_full	L481009	1	0.6160
stock_full	L481562	1	1.0000
stock_full	L481889	0	1.0000
stock_full	L482581	0	1.0000
stock_full	L488483	1	1.0000
stock_full	L494762	0	1.0000
stock_full	L496946	1	1.0000
stock_full	L497994	0	1.0000
stock_full	L498642	0	1.0000
stock_full	L499837	0	1.0000
stock_full	L500481	0	1.0000
stock_full	L501837	1	1.0000
stock_full	L506324	0	1.0000
stock_full	L5117	0	1.0000
stock_full	L511916	0	1.0000
stock_full	L515141	0	1.0000
stock_full	L516046	0	1.0000
stock_full	L520263	0	1.0000
stock_full	L521167	0	1.0000
stock_full	L521904	0	0.9948
stock_full	L523867	0	1.0000
stock_full	L524464	1	0.6168
stock_full	L525527	0	0.9999
stock_full	L529623	0	1.0000
stock_full	L531061	0	1.0000
stock_full	L533105	0	1.0000
stock_full	L534964	0	1.0000
stock_full	L535240	0	0.9617
stock_full	L535400	1	0.7859
stock_full	L536467	0	1.0000
stock_full	L536524	0	1.0000
stock_full	L539572	0	0.9448
stock_full	L539623	0	1.0000
stock_full	L541274	0	1.0000
stock_full	L541585	0	1.0000
stock_full	L543256	0	1.0000
stock_full	L544561	0	1.0000
stock_full	L545165	1	0.8097
stock_full	L546910	0	1.0000
stock_full	L548504	0	1.0000
stock_full	L551442	0	1.0000
stock_full	L555925	0	1.0000
stock_full	L556696	0	1.0000
stock_full	L559531	0	1.0000
stock_full	L560176	0	1.0000
stock_full	L561367	1	0.6033
stock_full	L564679	1	1.0000
stock_full	L566745	1	0.9884
stock_full	L568989	0	1.0000
stock_full	L570772	0	1.0000
stock_full	L572521	0	1.0000
stock_full	L577507	0	1.0000
stock_full	L578197	1	0.5133
stock_full	L584866	0	1.0000
stock_full	L586948	1	0.8815
stock_full	L589777	1	1.0000
stock_full	L589868	0	1.0000
stock_full	L590205	0	1.0000
stock_full	L59044	0	1.0000
stock_full	L599511	0	1.0000
stock_full	L60389	0	1.0000
stock_full	L614050	0	1.0000
stock_full	L617862	1	0.7272
stock_full	L620966	0	1.0000
stock_full	L623278	1	1.0000
stock_full	L62337	1	0.4073
stock_full	L626238	0	0.9983
stock_full	L626353	1	0.8962
stock_full	L62839	0	1.0000
stock_full	L632457	0	1.0000
stock_full	L635118	0	1.0000
stock_full	L636888	0	1.0000
stock_full	L639959	0	1.0000
stock_full	L640160	0	1.0000
stock_full	L641936	0	0.7595
stock_full	L642984	0	1.0000
stock_full	L644406	0	0.9646
stock_full	L644497	0	1.0000
stock_full	L646751	0	1.0000
stock_full	L649091	1	1.0000
stock_full	L652753	0	1.0000
stock_full	L657061	0	1.0000
stock_full	L657332	0	1.0000
stock_full	L657537	0	1.0000
stock_full	L658591	0	1.0000
stock_full	L659549	0	0.9505
stock_full	L660443	0	0.9998
stock_full	L663427	0	0.9227
stock_full	L665914	1	1.0000
stock_full	L666180	0	1.0000
stock_full	L667013	0	1.0000
stock_full	L667839	0	1.0000
stock_full	L669436	0	1.0000
stock_full	L66992	0	1.0000
stock_full	L677371	0	1.0000
stock_full	L678289	0	1.0000
stock_full	L678676	0	1.0000
stock_full	L679717	0	0.6080
stock_full	L680683	0	1.0000
stock_full	L681033	0	1.0000
stock_full	L681532	0	1.0000
stock_full	L681559	0	1.0000
stock_full	L681852	0	1.0000
stock_full	L684567	0	1.0000
stock_full	L685962	0	1.0000
stock_full	L686506	0	1.0000
stock_full	L689721	0	1.0000
stock_full	L691596	0	1.0000
stock_full	L692386	0	1.0000
stock_full	L693733	1	0.5464
stock_full	L694998	0	1.0000
stock_full	L699028	0	0.9620
stock_full	L700056	0	1.0000
stock_full	L700404	0	1.0000
stock_full	L702168	0	1.0000
stock_full	L70331	0	0.9999
stock_full	L704136	0	1.0000
stock_full	L704338	1	1.0000
stock_full	L705787	0	0.7895
stock_full	L706127	0	0.4384
stock_full	L706802	0	1.0000
stock_full	L707187	0	1.0000
stock_full	L710321	0	1.0000
stock_full	L711529	0	1.0000
stock_full	L71277	1	1.0000
stock_full	L713051	0	1.0000
stock_full	L715677	0	1.0000
stock_full	L716679	0	1.0000
stock_full	L720310	0	1.0000
stock_full	L720918	0	1.0000
stock_full	L722647	0	1.0000
stock_full	L722885	0	0.8525
stock_full	L725643	0	0.9406
stock_full	L730413	0	1.0000
stock_full	L731956	0	1.0000
stock_full	L736973	0	1.0000
stock_full	L740874	0	1.0000
stock_full	L741246	0	1.0000
stock_full	L742863	0	1.0000
stock_full	L743451	1	0.2671
stock_full	L748093	0	1.0000
stock_full	L751266	0	0.6099
stock_full	L752342	1	1.0000
stock_full	L752475	0	1.0000
stock_full	L752653	0	1.0000
stock_full	L75387	0	1.0000
stock_full	L754764	0	1.0000
stock_full	L755702	1	1.0000
stock_full	L759676	0	1.0000
stock_full	L759690	0	1.0000
stock_full	L759925	0	1.0000
stock_full	L760304	0	1.0000
stock_full	L762113	0	1.0000
stock_full	L762771	0	0.7229
stock_full	L763808	0	1.0000
stock_full	L764107	1	1.0000
stock_full	L764127	0	0.9963
stock_full	L764282	0	1.0000
stock_full	L764916	0	0.9999
stock_full	L77164	0	1.0000
stock_full	L773134	0	1.0000
stock_full	L774588	0	1.0000
stock_full	L774738	0	1.0000
stock_full	L775906	0	1.0000
stock_full	L778698	0	1.0000
stock_full	L779464	0	1.0000
stock_full	L779937	0	1.0000
stock_full	L780609	0	1.0000
stock_full	L784473	0	1.0000
stock_full	L787550	0	1.0000
stock_full	L789409	0	1.0000
stock_full	L790771	0	1.0000
stock_full	L792951	1	1.0000
stock_full	L79315	0	1.0000
stock_full	L793490	0	1.0000
stock_full	L79406	0	1.0000
stock_full	L79610	1	1.0000
stock_full	L796809	0	0.4583
stock_full	L798449	0	1.0000
stock_full	L801473	0	1.0000
stock_full	L801620	0	0.9708
stock_full	L801738	1	0.5151
stock_full	L803364	1	0.9453
stock_full	L803613	0	1.0000
stock_full	L804778	1	0.8658
stock_full	L808364	1	1.0000
stock_full	L809372	0	1.0000
stock_full	L809693	1	0.5136
stock_full	L811734	0	1.0000
stock_full	L81215	0	1.0000
stock_full	L812450	0	1.0000
stock_full	L812672	0	1.0000
stock_full	L815977	0	0.8809
stock_full	L816644	0	1.0000
stock_full	L81909	0	1.0000
stock_full	L819563	0	1.0000
stock_full	L821100	0	1.0000
stock_full	L822334	0	1.0000
stock_full	L824223	0	1.0000
stock_full	L827048	0	1.0000
stock_full	L827129	0	1.0000
stock_full	L829233	0	0.7139
stock_full	L83001	0	1.0000
stock_full	L830371	0	1.0000
stock_full	L832923	0	1.0000
stock_full	L834579	0	1.0000
stock_full	L834622	0	1.0000
stock_full	L837955	0	1.0000
stock_full	L843972	0	0.9237
stock_full	L845031	0	1.0000
stock_full	L846960	0	1.0000
stock_full	L847988	0	1.0000
stock_full	L849505	0	1.0000
stock_full	L851847	0	1.0000
stock_full	L853299	0	1.0000
stock_full	L855747	1	0.4109
stock_full	L855935	0	1.0000
stock_full	L856753	0	1.0000
stock_full	L85748	0	0.9990
stock_full	L858843	0	1.0000
stock_full	L862725	0	1.0000
stock_full	L864050	0	1.0000
stock_full	L86679	0	1.0000
stock_full	L868640	0	1.0000
stock_full	L869371	0	1.0000
stock_full	L869433	0	1.0000
stock_full	L873249	0	1.0000
stock_full	L883133	0	1.0000
stock_full	L883660	0	1.0000
stock_full	L884453	0	1.0000
stock_full	L885068	0	1.0000
stock_full	L885624	0	1.0000
stock_full	L886084	0	1.0000
stock_full	L886474	1	0.8511
stock_full	L886813	0	1.0000
stock_full	L888328	0	1.0000
stock_full	L888339	0	1.0000
stock_full	L888692	0	0.3374
stock_full	L892540	0	1.0000
stock_full	L894181	0	1.0000
stock_full	L895192	1	1.0000
stock_full	L895682	0	1.0000
stock_full	L898645	1	0.9221
stock_full	L900297	1	1.0000
stock_full	L902295	0	1.0000
stock_full	L902514	1	0.6982
stock_full	L906439	0	1.0000
stock_full	L907227	0	1.0000
stock_full	L90734	0	1.0000
stock_full	L909856	0	1.0000
stock_full	L910412	1	0.5390
stock_full	L910841	1	0.9815
stock_full	L911364	0	1.0000
stock_full	L912237	0	1.0000
stock_full	L913833	0	1.0000
stock_full	L914150	0	1.0000
stock_full	L914195	0	1.0000
stock_full	L91480	1	1.0000
stock_full	L918005	0	1.0000
stock_full	L918018	0	1.0000
stock_full	L923738	1	0.8620
stock_full	L924400	0	1.0000
stock_full	L925260	0	0.9859
stock_full	L928875	1	1.0000
stock_full	L93124	0	1.0000
stock_full	L93295	0	1.0000
stock_full	L933087	1	1.0000
stock_full	L933852	0	1.0000
stock_full	L936253	0	1.0000
stock_full	L940767	0	0.9999
stock_full	L941368	0	0.9966
stock_full	L941926	0	1.0000
stock_full	L942873	0	1.0000
stock_full	L943752	0	1.0000
stock_full	L948601	0	1.0000
stock_full	L94945	0	0.9544
stock_full	L949761	1	0.7716
stock_full	L953203	0	1.0000
stock_full	L95620	0	1.0000
stock_full	L957565	0	1.0000
stock_full	L960419	0	1.0000
stock_full	L962289	0	1.0000
stock_full	L96262	0	1.0000
stock_full	L962680	0	1.0000
stock_full	L967795	0	1.0000
stock_full	L968437	0	1.0000
stock_full	L969615	0	0.5451
stock_full	L970400	1	0.6112
stock_full	L972698	0	1.0000
stock_full	L974207	0	1.0000
stock_full	L979330	0	1.0000
stock_full	L983346	0	1.0000
stock_full	L984768	0	1.0000
stock_full	L984796	0	1.0000
stock_full	L985204	0	1.0000
stock_full	L985959	0	1.0000
stock_full	L986820	1	1.0000
stock_full	L989999	1	1.0000
stock_full	L994491	0	1.0000
stock_full	L997717	1	1.0000
stock_full	L998540	0	1.0000
simd_full	L1002585	0	1.0000
simd_full	L1004185	0	0.9545
simd_full	L1005032	0	1.0000
simd_full	L1011227	0	1.0000
simd_full	L1012049	0	1.0000
simd_full	L1012199	0	1.0000
simd_full	L1016849	0	1.0000
simd_full	L1017537	0	1.0000
simd_full	L1021907	0	1.0000
simd_full	L1024044	0	1.0000
simd_full	L1024542	0	1.0000
simd_full	L1025399	0	1.0000
simd_full	L1026799	0	1.0000
simd_full	L102922	0	0.9485
simd_full	L1029951	1	0.9704
simd_full	L1030819	0	1.0000
simd_full	L103249	1	1.0000
simd_full	L1036266	0	1.0000
simd_full	L1036426	0	1.0000
simd_full	L1038977	1	1.0000
simd_full	L1044163	0	0.5253
simd_full	L1044444	0	0.9992
simd_full	L1046348	0	1.0000
simd_full	L1046966	0	1.0000
simd_full	L1050743	0	1.0000
simd_full	L1052309	0	1.0000
simd_full	L1053445	0	1.0000
simd_full	L1054346	0	0.9993
simd_full	L1055550	0	1.0000
simd_full	L1058576	0	1.0000
simd_full	L1060120	1	1.0000
simd_full	L1061482	1	1.0000
simd_full	L1061587	1	0.6283
simd_full	L1062126	0	1.0000
simd_full	L1063587	0	1.0000
simd_full	L1064227	0	1.0000
simd_full	L1065804	1	1.0000
simd_full	L1068964	0	1.0000
simd_full	L1069832	0	1.0000
simd_full	L1071754	0	0.4323
simd_full	L1072449	1	1.0000
simd_full	L1073165	0	0.5700
simd_full	L1075189	1	0.7740
simd_full	L1081827	1	0.7102
simd_full	L1082663	0	1.0000
simd_full	L1083972	0	1.0000
simd_full	L1085175	0	1.0000
simd_full	L1087086	1	0.5579
simd_full	L1087105	1	0.5465
simd_full	L1089119	1	0.9884
simd_full	L1090631	0	1.0000
simd_full	L1091178	0	0.8218
simd_full	L1091281	0	0.5841
simd_full	L1091323	0	0.5778
simd_full	L1091479	0	1.0000
simd_full	L1092388	0	1.0000
simd_full	L1096376	0	1.0000
simd_full	L1099155	0	1.0000
simd_full	L1101520	0	1.0000
simd_full	L1106265	0	1.0000
simd_full	L1106965	0	1.0000
simd_full	L1107538	0	1.0000
simd_full	L1109734	0	1.0000
simd_full	L1110523	0	1.0000
simd_full	L1116847	0	1.0000
simd_full	L1117806	0	1.0000
simd_full	L1123172	0	1.0000
simd_full	L112480	0	1.0000
simd_full	L1125468	0	1.0000
simd_full	L1125564	0	1.0000
simd_full	L1126749	0	1.0000
simd_full	L1127804	1	0.3867
simd_full	L1128821	0	1.0000
simd_full	L1132817	0	1.0000
simd_full	L1134826	1	1.0000
simd_full	L1135019	1	0.5008
simd_full	L113844	0	0.5798
simd_full	L1138559	1	0.7880
simd_full	L1139573	1	1.0000
simd_full	L1142178	1	0.3380
simd_full	L1143584	0	1.0000
simd_full	L1146782	1	1.0000
simd_full	L1148275	1	1.0000
simd_full	L1148681	0	1.0000
simd_full	L1148861	0	1.0000
simd_full	L115160	0	1.0000
simd_full	L1152742	0	0.7856
simd_full	L1159462	0	1.0000
simd_full	L1160593	0	1.0000
simd_full	L1166860	1	1.0000
simd_full	L1169308	1	1.0000
simd_full	L1171933	0	1.0000
simd_full	L1175689	0	1.0000
simd_full	L1176510	0	1.0000
simd_full	L1176819	1	0.5708
simd_full	L1181526	0	1.0000
simd_full	L1184831	0	1.0000
simd_full	L1188236	0	1.0000
simd_full	L1189606	0	1.0000
simd_full	L1190029	0	1.0000
simd_full	L1192003	0	1.0000
simd_full	L1193093	1	0.9607
simd_full	L1193626	0	1.0000
simd_full	L1194943	1	1.0000
simd_full	L1200114	0	1.0000
simd_full	L1200373	0	1.0000
simd_full	L1202626	0	1.0000
simd_full	L1203652	0	1.0000
simd_full	L1205967	0	1.0000
simd_full	L1206149	0	1.0000
simd_full	L1208940	0	1.0000
simd_full	L120959	0	1.0000
simd_full	L1211345	0	1.0000
simd_full	L1212637	0	1.0000
simd_full	L1212861	0	1.0000
simd_full	L121334	0	0.4805
simd_full	L1215236	0	0.9998
simd_full	L1217544	1	0.9941
simd_full	L1217630	0	1.0000
simd_full	L1218521	0	1.0000
simd_full	L121873	0	1.0000
simd_full	L1218743	0	1.0000
simd_full	L1219260	0	1.0000
simd_full	L1219324	0	1.0000
simd_full	L1223018	1	0.6971
simd_full	L12241	1	0.4664
simd_full	L122411	0	1.0000
simd_full	L1228313	0	1.0000
simd_full	L1228316	0	1.0000
simd_full	L1228698	0	1.0000
simd_full	L1229975	0	1.0000
simd_full	L1233030	0	0.9903
simd_full	L1234322	0	1.0000
simd_full	L1235564	0	1.0000
simd_full	L1237368	0	0.3416
simd_full	L1242536	0	1.0000
simd_full	L1243882	0	1.0000
simd_full	L1244427	1	0.9520
simd_full	L1247700	0	1.0000
simd_full	L1249050	0	1.0000
simd_full	L1252273	0	0.9547
simd_full	L1252715	0	1.0000
simd_full	L125500	0	1.0000
simd_full	L125644	0	1.0000
simd_full	L1263639	0	1.0000
simd_full	L1263909	0	1.0000
simd_full	L1267300	0	1.0000
simd_full	L1267973	0	0.6728
simd_full	L1268056	1	0.3545
simd_full	L1269000	0	1.0000
simd_full	L1269225	0	1.0000
simd_full	L1269960	0	1.0000
simd_full	L1270519	1	0.5115
simd_full	L1271695	1	1.0000
simd_full	L1274988	0	1.0000
simd_full	L1277578	1	1.0000
simd_full	L1277861	0	1.0000
simd_full	L1281298	0	1.0000
simd_full	L1283746	0	1.0000
simd_full	L1284558	0	0.9554
simd_full	L1286758	0	1.0000
simd_full	L1291250	0	1.0000
simd_full	L129208	0	1.0000
simd_full	L1292363	0	0.9165
simd_full	L1292503	0	1.0000
simd_full	L1294408	1	0.5904
simd_full	L1294453	0	0.9818
simd_full	L1294952	0	1.0000
simd_full	L1297512	0	1.0000
simd_full	L1298142	0	1.0000
simd_full	L1299862	0	1.0000
simd_full	L1302458	1	0.9929
simd_full	L1307852	0	1.0000
simd_full	L130839	0	1.0000
simd_full	L1309046	0	1.0000
simd_full	L1314993	0	1.0000
simd_full	L1316645	1	0.9978
simd_full	L1316673	0	0.7550
simd_full	L1319261	1	1.0000
simd_full	L1320029	1	0.5001
simd_full	L1321139	0	1.0000
simd_full	L1322298	0	1.0000
simd_full	L1325043	0	1.0000
simd_full	L1328601	0	1.0000
simd_full	L1330004	0	1.0000
simd_full	L1334204	0	1.0000
simd_full	L1334727	0	1.0000
simd_full	L1337969	0	0.7176
simd_full	L1338440	0	0.8777
simd_full	L1338867	1	1.0000
simd_full	L13406	0	1.0000
simd_full	L1341334	0	1.0000
simd_full	L1342936	0	1.0000
simd_full	L1343571	0	0.9857
simd_full	L134770	0	1.0000
simd_full	L1348767	1	1.0000
simd_full	L1349954	0	1.0000
simd_full	L1350260	0	1.0000
simd_full	L1354350	0	1.0000
simd_full	L1358832	0	1.0000
simd_full	L1362201	0	1.0000
simd_full	L1362636	1	1.0000
simd_full	L1365362	0	1.0000
simd_full	L1366477	0	1.0000
simd_full	L1369644	0	1.0000
simd_full	L13698	0	1.0000
simd_full	L1371092	1	1.0000
simd_full	L1372683	0	1.0000
simd_full	L1372686	0	1.0000
simd_full	L1373403	0	1.0000
simd_full	L1378339	0	1.0000
simd_full	L1379425	1	0.7982
simd_full	L1380845	0	1.0000
simd_full	L1382177	0	1.0000
simd_full	L1382936	0	0.8067
simd_full	L1382969	0	1.0000
simd_full	L1383932	0	1.0000
simd_full	L1384051	0	1.0000
simd_full	L1393346	0	0.8411
simd_full	L1394372	0	1.0000
simd_full	L1398058	0	1.0000
simd_full	L1398565	0	1.0000
simd_full	L1400233	0	1.0000
simd_full	L1400557	1	0.9998
simd_full	L1403214	0	1.0000
simd_full	L1409097	0	1.0000
simd_full	L1409378	0	1.0000
simd_full	L1410763	0	1.0000
simd_full	L1410905	0	1.0000
simd_full	L1411655	0	1.0000
simd_full	L1421095	0	1.0000
simd_full	L1421423	0	1.0000
simd_full	L1431164	0	1.0000
simd_full	L1435268	0	1.0000
simd_full	L1438447	0	1.0000
simd_full	L1440099	0	1.0000
simd_full	L1440354	0	1.0000
simd_full	L1440579	0	0.9893
simd_full	L1441065	0	1.0000
simd_full	L1442950	0	1.0000
simd_full	L144630	0	1.0000
simd_full	L144966	0	1.0000
simd_full	L1450044	0	1.0000
simd_full	L145721	0	1.0000
simd_full	L1463127	0	1.0000
simd_full	L1463808	1	1.0000
simd_full	L1468044	0	0.9862
simd_full	L1468317	0	1.0000
simd_full	L1470882	0	1.0000
simd_full	L1472026	0	1.0000
simd_full	L1475336	0	1.0000
simd_full	L1477	0	0.9994
simd_full	L1477137	1	1.0000
simd_full	L1478713	0	0.7742
simd_full	L1479097	0	1.0000
simd_full	L1482186	1	0.5442
simd_full	L1483022	1	1.0000
simd_full	L1485252	0	0.9716
simd_full	L1487868	0	1.0000
simd_full	L1489958	0	1.0000
simd_full	L1491338	0	1.0000
simd_full	L1491406	1	1.0000
simd_full	L1492427	1	0.6513
simd_full	L1494927	0	1.0000
simd_full	L1496723	0	1.0000
simd_full	L14998	0	1.0000
simd_full	L1500041	0	1.0000
simd_full	L1500792	0	1.0000
simd_full	L1501054	0	1.0000
simd_full	L1501117	1	0.5502
simd_full	L150284	0	0.8782
simd_full	L1503080	0	1.0000
simd_full	L1506056	0	1.0000
simd_full	L1506305	0	1.0000
simd_full	L1507593	0	1.0000
simd_full	L1507721	0	1.0000
simd_full	L1509635	0	1.0000
simd_full	L1511077	0	1.0000
simd_full	L1511516	1	1.0000
simd_full	L151270	0	1.0000
simd_full	L1513453	0	1.0000
simd_full	L1513508	0	1.0000
simd_full	L1514059	1	1.0000
simd_full	L151434	0	1.0000
simd_full	L1520281	0	0.9982
simd_full	L1522665	0	1.0000
simd_full	L1525581	0	1.0000
simd_full	L152670	0	1.0000
simd_full	L1527449	0	0.9966
simd_full	L1532593	1	0.5570
simd_full	L1537084	1	1.0000
simd_full	L1545445	1	0.6856
simd_full	L1549764	1	1.0000
simd_full	L1553511	0	1.0000
simd_full	L1555961	0	0.9402
simd_full	L1556158	0	1.0000
simd_full	L1559085	0	1.0000
simd_full	L1559370	0	1.0000
simd_full	L1561684	1	0.6476
simd_full	L1563921	1	1.0000
simd_full	L1564440	1	0.5002
simd_full	L1564788	0	1.0000
simd_full	L1570442	0	0.6146
simd_full	L1577548	0	1.0000
simd_full	L1582773	0	0.9997
simd_full	L1586476	0	1.0000
simd_full	L1591774	0	1.0000
simd_full	L1592464	0	1.0000
simd_full	L1592890	0	1.0000
simd_full	L1593009	0	1.0000
simd_full	L1594265	0	1.0000
simd_full	L15949	0	1.0000
simd_full	L1595729	1	0.9999
simd_full	L1596023	0	1.0000
simd_full	L1596979	0	1.0000
simd_full	L1599150	0	1.0000
simd_full	L1605496	0	1.0000
simd_full	L1608356	0	0.7969
simd_full	L1608408	1	0.5022
simd_full	L1609523	0	1.0000
simd_full	L1611831	1	0.7847
simd_full	L1613719	0	1.0000
simd_full	L1613862	0	1.0000
simd_full	L1614892	0	1.0000
simd_full	L1615590	0	1.0000
simd_full	L1616879	0	1.0000
simd_full	L1617022	1	1.0000
simd_full	L1619438	1	0.5750
simd_full	L1619907	0	1.0000
simd_full	L1620099	0	1.0000
simd_full	L1622776	1	0.5255
simd_full	L1622804	1	0.5694
simd_full	L1623315	0	1.0000
simd_full	L1625869	0	1.0000
simd_full	L1632251	0	1.0000
simd_full	L1632593	0	0.9999
simd_full	L1633409	0	0.9184
simd_full	L163519	0	1.0000
simd_full	L1635479	0	1.0000
simd_full	L1638116	0	1.0000
simd_full	L1642892	0	0.5800
simd_full	L1647022	0	1.0000
simd_full	L1649256	0	1.0000
simd_full	L1650196	0	1.0000
simd_full	L1654301	1	0.5402
simd_full	L1656331	0	0.9798
simd_full	L1657868	1	1.0000
simd_full	L1658774	0	0.9308
simd_full	L1660134	0	1.0000
simd_full	L166249	0	1.0000
simd_full	L1663458	0	0.9998
simd_full	L16644	0	1.0000
simd_full	L1664922	1	1.0000
simd_full	L1666954	0	1.0000
simd_full	L1668737	0	1.0000
simd_full	L167239	0	1.0000
simd_full	L167308	0	1.0000
simd_full	L1673443	0	0.9999
simd_full	L1677915	0	1.0000
simd_full	L1679070	0	0.9997
simd_full	L1679327	0	1.0000
simd_full	L1681571	0	1.0000
simd_full	L1683975	0	1.0000
simd_full	L1687257	0	0.9999
simd_full	L1689425	0	1.0000
simd_full	L1690704	0	0.5382
simd_full	L1690718	0	0.3404
simd_full	L1692614	0	1.0000
simd_full	L1693021	0	1.0000
simd_full	L1693729	0	1.0000
simd_full	L1698795	0	1.0000
simd_full	L1700325	0	1.0000
simd_full	L1701759	0	1.0000
simd_full	L1706009	0	0.9877
simd_full	L1710196	0	1.0000
simd_full	L1713230	0	1.0000
simd_full	L1714485	1	0.7170
simd_full	L1715650	0	1.0000
simd_full	L1717886	0	0.9977
simd_full	L1720587	0	1.0000
simd_full	L1721987	0	1.0000
simd_full	L1722777	0	1.0000
simd_full	L1724773	1	0.6829
simd_full	L1725448	0	1.0000
simd_full	L1727481	0	0.7385
simd_full	L1728562	1	0.6794
simd_full	L1729015	0	1.0000
simd_full	L1729974	0	1.0000
simd_full	L1731527	0	0.9087
simd_full	L173383	0	1.0000
simd_full	L1735097	0	0.9520
simd_full	L1736351	0	1.0000
simd_full	L1736591	0	1.0000
simd_full	L1739879	1	0.9982
simd_full	L1741008	0	1.0000
simd_full	L1741461	0	0.8588
simd_full	L174176	0	1.0000
simd_full	L1741919	1	0.9454
simd_full	L1743480	0	1.0000
simd_full	L1744154	0	1.0000
simd_full	L1746595	0	1.0000
simd_full	L1748112	0	1.0000
simd_full	L1748957	0	1.0000
simd_full	L1749257	1	0.9498
simd_full	L175348	0	0.5232
simd_full	L1753832	0	1.0000
simd_full	L1755416	1	1.0000
simd_full	L1758324	0	1.0000
simd_full	L1758608	0	1.0000
simd_full	L1758614	0	1.0000
simd_full	L1758704	1	0.9917
simd_full	L1762064	0	0.9994
simd_full	L1765663	1	0.3912
simd_full	L1766093	1	0.9728
simd_full	L176738	0	1.0000
simd_full	L1768336	0	1.0000
simd_full	L176876	0	1.0000
simd_full	L1768935	0	0.9954
simd_full	L1770348	0	1.0000
simd_full	L1770471	0	1.0000
simd_full	L1772400	0	1.0000
simd_full	L1774077	0	1.0000
simd_full	L1774332	0	0.9995
simd_full	L177650	0	1.0000
simd_full	L1778239	0	0.9999
simd_full	L1778753	0	1.0000
simd_full	L1785009	1	0.9878
simd_full	L1788156	0	1.0000
simd_full	L179015	0	1.0000
simd_full	L1790481	0	1.0000
simd_full	L1791527	0	1.0000
simd_full	L1792265	0	1.0000
simd_full	L1793065	0	1.0000
simd_full	L1794712	0	1.0000
simd_full	L1794839	0	1.0000
simd_full	L1796826	0	1.0000
simd_full	L1797546	0	1.0000
simd_full	L1798302	0	1.0000
simd_full	L1799840	0	0.6365
simd_full	L1801258	0	1.0000
simd_full	L1802345	0	1.0000
simd_full	L180509	0	1.0000
simd_full	L1808966	0	1.0000
simd_full	L1809234	0	1.0000
simd_full	L1811231	1	1.0000
simd_full	L1812445	0	1.0000
simd_full	L1814309	0	0.9998
simd_full	L1816451	0	1.0000
simd_full	L1817551	1	0.5122
simd_full	L1820447	1	0.5464
simd_full	L1821765	0	1.0000
simd_full	L1822989	0	1.0000
simd_full	L1823086	0	1.0000
simd_full	L1825981	0	1.0000
simd_full	L1826918	0	1.0000
simd_full	L1830338	0	1.0000
simd_full	L18313	0	1.0000
simd_full	L1831368	0	1.0000
simd_full	L183802	0	1.0000
simd_full	L1838244	0	1.0000
simd_full	L1838501	0	0.9644
simd_full	L1838652	0	1.0000
simd_full	L1840388	0	0.9600
simd_full	L1848896	0	0.9991
simd_full	L1856065	0	1.0000
simd_full	L1857129	0	0.9880
simd_full	L1858192	0	1.0000
simd_full	L1858235	0	0.5449
simd_full	L1859863	0	0.9566
simd_full	L1860283	1	1.0000
simd_full	L1867226	0	0.9734
simd_full	L186847	0	1.0000
simd_full	L1869818	1	1.0000
simd_full	L1872590	0	1.0000
simd_full	L1872595	0	1.0000
simd_full	L1873245	0	0.9179
simd_full	L1873642	0	1.0000
simd_full	L1874928	1	0.3569
simd_full	L1876149	0	1.0000
simd_full	L18800	0	1.0000
simd_full	L1882201	1	0.7916
simd_full	L1882838	0	1.0000
simd_full	L1883125	1	1.0000
simd_full	L1883999	0	0.9922
simd_full	L1886440	0	1.0000
simd_full	L1889760	0	1.0000
simd_full	L189322	0	1.0000
simd_full	L1895575	0	1.0000
simd_full	L1897444	0	1.0000
simd_full	L1898605	0	1.0000
simd_full	L1898611	0	1.0000
simd_full	L190102	0	1.0000
simd_full	L1902625	1	1.0000
simd_full	L1905283	0	1.0000
simd_full	L190650	0	1.0000
simd_full	L190687	0	1.0000
simd_full	L1908570	1	0.5036
simd_full	L1909629	1	0.7551
simd_full	L1911881	1	0.3776
simd_full	L1912	0	1.0000
simd_full	L191488	0	1.0000
simd_full	L1920826	1	1.0000
simd_full	L192237	0	1.0000
simd_full	L1924744	0	1.0000
simd_full	L1925847	2	1.0000
simd_full	L1928273	0	1.0000
simd_full	L1928790	0	1.0000
simd_full	L1932241	0	1.0000
simd_full	L1932659	0	1.0000
simd_full	L1933206	1	0.5404
simd_full	L1933253	0	1.0000
simd_full	L1933970	0	1.0000
simd_full	L1936643	1	1.0000
simd_full	L1940497	1	0.5044
simd_full	L1942177	0	1.0000
simd_full	L1942305	0	1.0000
simd_full	L1943673	0	1.0000
simd_full	L1944226	0	1.0000
simd_full	L1944640	1	0.8942
simd_full	L1944904	1	0.5690
simd_full	L194952	0	0.5662
simd_full	L1951280	0	1.0000
simd_full	L1952353	0	0.8994
simd_full	L1953692	0	1.0000
simd_full	L1954656	0	0.7665
simd_full	L1955598	0	1.0000
simd_full	L1955973	0	0.9998
simd_full	L195908	0	1.0000
simd_full	L1964032	0	1.0000
simd_full	L1965961	0	0.9164
simd_full	L1970360	0	1.0000
simd_full	L1970493	1	1.0000
simd_full	L1970551	1	1.0000
simd_full	L1970668	0	1.0000
simd_full	L1971017	0	1.0000
simd_full	L1975091	1	0.8402
simd_full	L1975857	0	0.9998
simd_full	L197613	0	1.0000
simd_full	L1976785	0	1.0000
simd_full	L1981866	0	1.0000
simd_full	L1982300	0	1.0000
simd_full	L1983183	0	1.0000
simd_full	L1986059	0	0.9991
simd_full	L1990411	0	1.0000
simd_full	L1991628	0	1.0000
simd_full	L1994839	0	1.0000
simd_full	L1996032	0	1.0000
simd_full	L202116	0	1.0000
simd_full	L204802	0	0.7253
simd_full	L208863	0	1.0000
simd_full	L209724	0	0.8465
simd_full	L2105	0	1.0000
simd_full	L210838	0	1.0000
simd_full	L21151	0	0.7703
simd_full	L216034	1	0.5963
simd_full	L216528	0	1.0000
simd_full	L217349	0	1.0000
simd_full	L222365	0	0.9989
simd_full	L225416	0	0.9976
simd_full	L227476	0	1.0000
simd_full	L228723	0	1.0000
simd_full	L231682	0	1.0000
simd_full	L232060	0	1.0000
simd_full	L233375	0	1.0000
simd_full	L235764	0	1.0000
simd_full	L238858	1	1.0000
simd_full	L243818	0	1.0000
simd_full	L244003	0	0.9997
simd_full	L244965	0	1.0000
simd_full	L24866	0	1.0000
simd_full	L250969	0	1.0000
simd_full	L252902	0	1.0000
simd_full	L253345	0	0.9483
simd_full	L257043	0	0.9711
simd_full	L257465	0	0.5364
simd_full	L258378	0	1.0000
simd_full	L258696	0	1.0000
simd_full	L260842	0	0.9588
simd_full	L260939	0	0.9999
simd_full	L261190	0	1.0000
simd_full	L267309	1	0.3504
simd_full	L267846	0	1.0000
simd_full	L270977	0	1.0000
simd_full	L272730	0	1.0000
simd_full	L273461	1	1.0000
simd_full	L282320	0	1.0000
simd_full	L283173	1	1.0000
simd_full	L283368	1	0.8683
simd_full	L288752	0	1.0000
simd_full	L2888	1	1.0000
simd_full	L293305	1	1.0000
simd_full	L293537	0	1.0000
simd_full	L294764	1	0.8011
simd_full	L299364	0	1.0000
simd_full	L299595	1	1.0000
simd_full	L299782	0	1.0000
simd_full	L300401	0	1.0000
simd_full	L30336	0	0.9656
simd_full	L310087	0	1.0000
simd_full	L312118	0	1.0000
simd_full	L318026	0	0.9998
simd_full	L318722	0	1.0000
simd_full	L31952	0	1.0000
simd_full	L319839	0	1.0000
simd_full	L319888	0	0.8817
simd_full	L320440	1	1.0000
simd_full	L321627	0	1.0000
simd_full	L322333	0	1.0000
simd_full	L322794	0	1.0000
simd_full	L322866	0	1.0000
simd_full	L324151	0	1.0000
simd_full	L324946	0	1.0000
simd_full	L32606	0	1.0000
simd_full	L326205	0	1.0000
simd_full	L327486	0	1.0000
simd_full	L331805	1	1.0000
simd_full	L331807	1	1.0000
simd_full	L333401	0	1.0000
simd_full	L333865	0	1.0000
simd_full	L335478	0	1.0000
simd_full	L336916	1	0.2604
simd_full	L337726	1	1.0000
simd_full	L343911	0	1.0000
simd_full	L346110	0	1.0000
simd_full	L35206	0	1.0000
simd_full	L352100	0	1.0000
simd_full	L353330	0	1.0000
simd_full	L353755	0	1.0000
simd_full	L354281	1	0.9864
simd_full	L355469	0	0.9771
simd_full	L355973	0	0.5274
simd_full	L358098	0	1.0000
simd_full	L358427	0	1.0000
simd_full	L36185	1	1.0000
simd_full	L36374	0	1.0000
simd_full	L36393	1	1.0000
simd_full	L364477	0	1.0000
simd_full	L368265	0	0.9998
simd_full	L369221	0	1.0000
simd_full	L370516	0	1.0000
simd_full	L375608	0	1.0000
simd_full	L375999	1	0.5536
simd_full	L376343	0	1.0000
simd_full	L377914	1	1.0000
simd_full	L380751	0	0.6527
simd_full	L382166	0	1.0000
simd_full	L382724	0	1.0000
simd_full	L383909	0	1.0000
simd_full	L385595	0	1.0000
simd_full	L386761	0	1.0000
simd_full	L38847	0	1.0000
simd_full	L388838	1	1.0000
simd_full	L390056	0	1.0000
simd_full	L390847	1	1.0000
simd_full	L391263	0	1.0000
simd_full	L394934	0	1.0000
simd_full	L396359	0	1.0000
simd_full	L397005	1	0.7237
simd_full	L398087	1	0.4358
simd_full	L401127	0	1.0000
simd_full	L402454	0	1.0000
simd_full	L403424	0	1.0000
simd_full	L405687	1	0.6507
simd_full	L409413	0	0.6034
simd_full	L411451	0	1.0000
simd_full	L414909	0	1.0000
simd_full	L414959	0	1.0000
simd_full	L418437	0	1.0000
simd_full	L419149	0	1.0000
simd_full	L422199	0	1.0000
simd_full	L42258	0	1.0000
simd_full	L425262	1	1.0000
simd_full	L425629	0	0.9603
simd_full	L431467	0	1.0000
simd_full	L433013	0	1.0000
simd_full	L435219	0	1.0000
simd_full	L442957	0	1.0000
simd_full	L4469	0	1.0000
simd_full	L446901	0	1.0000
simd_full	L449888	0	1.0000
simd_full	L450863	0	1.0000
simd_full	L454426	0	1.0000
simd_full	L456423	0	1.0000
simd_full	L458224	1	0.7408
simd_full	L45866	0	1.0000
simd_full	L459126	1	0.7246
simd_full	L459710	1	0.9731
simd_full	L460845	1	0.9255
simd_full	L462461	0	0.5869
simd_full	L462611	1	0.9211
simd_full	L465953	0	1.0000
simd_full	L466572	1	0.5376
simd_full	L469914	0	1.0000
simd_full	L472973	0	1.0000
simd_full	L47627	0	1.0000
simd_full	L477052	1	0.9842
simd_full	L477480	1	0.5758
simd_full	L478354	0	1.0000
simd_full	L480723	0	0.9984
simd_full	L481009	1	0.6160
simd_full	L481562	1	1.0000
simd_full	L481889	0	1.0000
simd_full	L482581	0	1.0000
simd_full	L488483	1	1.0000
simd_full	L494762	0	1.0000
simd_full	L496946	1	1.0000
simd_full	L497994	0	1.0000
simd_full	L498642	0	1.0000
simd_full	L499837	0	1.0000
simd_full	L500481	0	1.0000
simd_full	L501837	1	1.0000
simd_full	L506324	0	1.0000
simd_full	L5117	0	1.0000
simd_full	L511916	0	1.0000
simd_full	L515141	0	1.0000
simd_full	L516046	0	1.0000
simd_full	L520263	0	1.0000
simd_full	L521167	0	1.0000
simd_full	L521904	0	0.9948
simd_full	L523867	0	1.0000
simd_full	L524464	1	0.6168
simd_full	L525527	0	0.9999
simd_full	L529623	0	1.0000
simd_full	L531061	0	1.0000
simd_full	L533105	0	1.0000
simd_full	L534964	0	1.0000
simd_full	L535240	0	0.9617
simd_full	L535400	1	0.7859
simd_full	L536467	0	1.0000
simd_full	L536524	0	1.0000
simd_full	L539572	0	0.9448
simd_full	L539623	0	1.0000
simd_full	L541274	0	1.0000
simd_full	L541585	0	1.0000
simd_full	L543256	0	1.0000
simd_full	L544561	0	1.0000
simd_full	L545165	1	0.8097
simd_full	L546910	0	1.0000
simd_full	L548504	0	1.0000
simd_full	L551442	0	1.0000
simd_full	L555925	0	1.0000
simd_full	L556696	0	1.0000
simd_full	L559531	0	1.0000
simd_full	L560176	0	1.0000
simd_full	L561367	1	0.6033
simd_full	L564679	1	1.0000
simd_full	L566745	1	0.9884
simd_full	L568989	0	1.0000
simd_full	L570772	0	1.0000
simd_full	L572521	0	1.0000
simd_full	L577507	0	1.0000
simd_full	L578197	1	0.5133
simd_full	L584866	0	1.0000
simd_full	L586948	1	0.8815
simd_full	L589777	1	1.0000
simd_full	L589868	0	1.0000
simd_full	L590205	0	1.0000
simd_full	L59044	0	1.0000
simd_full	L599511	0	1.0000
simd_full	L60389	0	1.0000
simd_full	L614050	0	1.0000
simd_full	L617862	1	0.7272
simd_full	L620966	0	1.0000
simd_full	L623278	1	1.0000
simd_full	L62337	1	0.4073
simd_full	L626238	0	0.9983
simd_full	L626353	1	0.8962
simd_full	L62839	0	1.0000
simd_full	L632457	0	1.0000
simd_full	L635118	0	1.0000
simd_full	L636888	0	1.0000
simd_full	L639959	0	1.0000
simd_full	L640160	0	1.0000
simd_full	L641936	0	0.7595
simd_full	L642984	0	1.0000
simd_full	L644406	0	0.9646
simd_full	L644497	0	1.0000
simd_full	L646751	0	1.0000
simd_full	L649091	1	1.0000
simd_full	L652753	0	1.0000
simd_full	L657061	0	1.0000
simd_full	L657332	0	1.0000
simd_full	L657537	0	1.0000
simd_full	L658591	0	1.0000
simd_full	L659549	0	0.9505
simd_full	L660443	0	0.9998
simd_full	L663427	0	0.9227
simd_full	L665914	1	1.0000
simd_full	L666180	0	1.0000
simd_full	L667013	0	1.0000
simd_full	L667839	0	1.0000
simd_full	L669436	0	1.0000
simd_full	L66992	0	1.0000
simd_full	L677371	0	1.0000
simd_full	L678289	0	1.0000
simd_full	L678676	0	1.0000
simd_full	L679717	0	0.6080
simd_full	L680683	0	1.0000
simd_full	L681033	0	1.0000
simd_full	L681532	0	1.0000
simd_full	L681559	0	1.0000
simd_full	L681852	0	1.0000
simd_full	L684567	0	1.0000
simd_full	L685962	0	1.0000
simd_full	L686506	0	1.0000
simd_full	L689721	0	1.0000
simd_full	L691596	0	1.0000
simd_full	L692386	0	1.0000
simd_full	L693733	1	0.5464
simd_full	L694998	0	1.0000
simd_full	L699028	0	0.9620
simd_full	L700056	0	1.0000
simd_full	L700404	0	1.0000
simd_full	L702168	0	1.0000
simd_full	L70331	0	0.9999
simd_full	L704136	0	1.0000
simd_full	L704338	1	1.0000
simd_full	L705787	0	0.7895
simd_full	L706127	0	0.4384
simd_full	L706802	0	1.0000
simd_full	L707187	0	1.0000
simd_full	L710321	0	1.0000
simd_full	L711529	0	1.0000
simd_full	L71277	1	1.0000
simd_full	L713051	0	1.0000
simd_full	L715677	0	1.0000
simd_full	L716679	0	1.0000
simd_full	L720310	0	1.0000
simd_full	L720918	0	1.0000
simd_full	L722647	0	1.0000
simd_full	L722885	0	0.8525
simd_full	L725643	0	0.9406
simd_full	L730413	0	1.0000
simd_full	L731956	0	1.0000
simd_full	L736973	0	1.0000
simd_full	L740874	0	1.0000
simd_full	L741246	0	1.0000
simd_full	L742863	0	1.0000
simd_full	L743451	1	0.2671
simd_full	L748093	0	1.0000
simd_full	L751266	0	0.6099
simd_full	L752342	1	1.0000
simd_full	L752475	0	1.0000
simd_full	L752653	0	1.0000
simd_full	L75387	0	1.0000
simd_full	L754764	0	1.0000
simd_full	L755702	1	1.0000
simd_full	L759676	0	1.0000
simd_full	L759690	0	1.0000
simd_full	L759925	0	1.0000
simd_full	L760304	0	1.0000
simd_full	L762113	0	1.0000
simd_full	L762771	0	0.7229
simd_full	L763808	0	1.0000
simd_full	L764107	1	1.0000
simd_full	L764127	0	0.9963
simd_full	L764282	0	1.0000
simd_full	L764916	0	0.9999
simd_full	L77164	0	1.0000
simd_full	L773134	0	1.0000
simd_full	L774588	0	1.0000
simd_full	L774738	0	1.0000
simd_full	L775906	0	1.0000
simd_full	L778698	0	1.0000
simd_full	L779464	0	1.0000
simd_full	L779937	0	1.0000
simd_full	L780609	0	1.0000
simd_full	L784473	0	1.0000
simd_full	L787550	0	1.0000
simd_full	L789409	0	1.0000
simd_full	L790771	0	1.0000
simd_full	L792951	1	1.0000
simd_full	L79315	0	1.0000
simd_full	L793490	0	1.0000
simd_full	L79406	0	1.0000
simd_full	L79610	1	1.0000
simd_full	L796809	0	0.4583
simd_full	L798449	0	1.0000
simd_full	L801473	0	1.0000
simd_full	L801620	0	0.9708
simd_full	L801738	1	0.5151
simd_full	L803364	1	0.9453
simd_full	L803613	0	1.0000
simd_full	L804778	1	0.8658
simd_full	L808364	1	1.0000
simd_full	L809372	0	1.0000
simd_full	L809693	1	0.5136
simd_full	L811734	0	1.0000
simd_full	L81215	0	1.0000
simd_full	L812450	0	1.0000
simd_full	L812672	0	1.0000
simd_full	L815977	0	0.8809
simd_full	L816644	0	1.0000
simd_full	L81909	0	1.0000
simd_full	L819563	0	1.0000
simd_full	L821100	0	1.0000
simd_full	L822334	0	1.0000
simd_full	L824223	0	1.0000
simd_full	L827048	0	1.0000
simd_full	L827129	0	1.0000
simd_full	L829233	0	0.7139
simd_full	L83001	0	1.0000
simd_full	L830371	0	1.0000
simd_full	L832923	0	1.0000
simd_full	L834579	0	1.0000
simd_full	L834622	0	1.0000
simd_full	L837955	0	1.0000
simd_full	L843972	0	0.9237
simd_full	L845031	0	1.0000
simd_full	L846960	0	1.0000
simd_full	L847988	0	1.0000
simd_full	L849505	0	1.0000
simd_full	L851847	0	1.0000
simd_full	L853299	0	1.0000
simd_full	L855747	1	0.4109
simd_full	L855935	0	1.0000
simd_full	L856753	0	1.0000
simd_full	L85748	0	0.9990
simd_full	L858843	0	1.0000
simd_full	L862725	0	1.0000
simd_full	L864050	0	1.0000
simd_full	L86679	0	1.0000
simd_full	L868640	0	1.0000
simd_full	L869371	0	1.0000
simd_full	L869433	0	1.0000
simd_full	L873249	0	1.0000
simd_full	L883133	0	1.0000
simd_full	L883660	0	1.0000
simd_full	L884453	0	1.0000
simd_full	L885068	0	1.0000
simd_full	L885624	0	1.0000
simd_full	L886084	0	1.0000
simd_full	L886474	1	0.8511
simd_full	L886813	0	1.0000
simd_full	L888328	0	1.0000
simd_full	L888339	0	1.0000
simd_full	L888692	0	0.3374
simd_full	L892540	0	1.0000
simd_full	L894181	0	1.0000
simd_full	L895192	1	1.0000
simd_full	L895682	0	1.0000
simd_full	L898645	1	0.9221
simd_full	L900297	1	1.0000
simd_full	L902295	0	1.0000
simd_full	L902514	1	0.6982
simd_full	L906439	0	1.0000
simd_full	L907227	0	1.0000
simd_full	L90734	0	1.0000
simd_full	L909856	0	1.0000
simd_full	L910412	1	0.5390
simd_full	L910841	1	0.9815
simd_full	L911364	0	1.0000
simd_full	L912237	0	1.0000
simd_full	L913833	0	1.0000
simd_full	L914150	0	1.0000
simd_full	L914195	0	1.0000
simd_full	L91480	1	1.0000
simd_full	L918005	0	1.0000
simd_full	L918018	0	1.0000
simd_full	L923738	1	0.8620
simd_full	L924400	0	1.0000
simd_full	L925260	0	0.9859
simd_full	L928875	1	1.0000
simd_full	L93124	0	1.0000
simd_full	L93295	0	1.0000
simd_full	L933087	1	1.0000
simd_full	L933852	0	1.0000
simd_full	L936253	0	1.0000
simd_full	L940767	0	0.9999
simd_full	L941368	0	0.9966
simd_full	L941926	0	1.0000
simd_full	L942873	0	1.0000
simd_full	L943752	0	1.0000
simd_full	L948601	0	1.0000
simd_full	L94945	0	0.9544
simd_full	L949761	1	0.7716
simd_full	L953203	0	1.0000
simd_full	L95620	0	1.0000
simd_full	L957565	0	1.0000
simd_full	L960419	0	1.0000
simd_full	L962289	0	1.0000
simd_full	L96262	0	1.0000
simd_full	L962680	0	1.0000
simd_full	L967795	0	1.0000
simd_full	L968437	0	1.0000
simd_full	L969615	0	0.5451
simd_full	L970400	1	0.6112
simd_full	L972698	0	1.0000
simd_full	L974207	0	1.0000
simd_full	L979330	0	1.0000
simd_full	L983346	0	1.0000
simd_full	L984768	0	1.0000
simd_full	L984796	0	1.0000
simd_full	L985204	0	1.0000
simd_full	L985959	0	1.0000
simd_full	L986820	1	1.0000
simd_full	L989999	1	1.0000
simd_full	L994491	0	1.0000
simd_full	L997717	1	1.0000
simd_full	L998540	0	1.0000
shift_full	L1002585	0	1.0000
shift_full	L1004185	0	0.9545
shift_full	L1005032	0	1.0000
shift_full	L1011227	0	1.0000
shift_full	L1012049	0	1.0000
shift_full	L1012199	0	1.0000
shift_full	L1016849	0	1.0000
shift_full	L1017537	0	1.0000
shift_full	L1021907	0	1.0000
shift_full	L1024044	0	1.0000
shift_full	L1024542	0	1.0000
shift_full	L1025399	0	1.0000
shift_full	L1026799	0	1.0000
shift_full	L102922	0	0.9485
shift_full	L1029951	1	0.9704
shift_full	L1030819	0	1.0000
shift_full	L103249	1	1.0000
shift_full	L1036266	0	1.0000
shift_full	L1036426	0	1.0000
shift_full	L1038977	1	1.0000
shift_full	L1044163	0	0.5253
shift_full	L1044444	0	0.9992
shift_full	L1046348	0	1.0000
shift_full	L1046966	0	1.0000
shift_full	L1050743	0	1.0000
shift_full	L1052309	0	1.0000
shift_full	L1053445	0	1.0000
shift_full	L1054346	0	0.9993
shift_full	L1055550	0	1.0000
shift_full	L1058576	0	1.0000
shift_full	L1060120	1	1.0000
shift_full	L1061482	1	1.0000
shift_full	L1061587	1	0.6283
shift_full	L1062126	0	1.0000
shift_full	L1063587	0	1.0000
shift_full	L1064227	0	1.0000
shift_full	L1065804	1	1.0000
shift_full	L1068964	0	1.0000
shift_full	L1069832	0	1.0000
shift_full	L1071754	0	0.4323
shift_full	L1072449	1	1.0000
shift_full	L1073165	0	0.5700
shift_full	L1075189	1	0.7740
shift_full	L1081827	1	0.7102
shift_full	L1082663	0	1.0000
shift_full	L1083972	0	1.0000
shift_full	L1085175	0	1.0000
shift_full	L1087086	1	0.5579
shift_full	L1087105	1	0.5465
shift_full	L1089119	1	0.9884
shift_full	L1090631	0	1.0000
shift_full	L1091178	0	0.8218
shift_full	L1091281	0	0.5841
shift_full	L1091323	0	0.5778
shift_full	L1091479	0	1.0000
shift_full	L1092388	0	1.0000
shift_full	L1096376	0	1.0000
shift_full	L1099155	0	1.0000
shift_full	L1101520	0	1.0000
shift_full	L1106265	0	1.0000
shift_full	L1106965	0	1.0000
shift_full	L1107538	0	1.0000
shift_full	L1109734	0	1.0000
shift_full	L1110523	0	1.0000
shift_full	L1116847	0	1.0000
shift_full	L1117806	0	1.0000
shift_full	L1123172	0	1.0000
shift_full	L112480	0	1.0000
shift_full	L1125468	0	1.0000
shift_full	L1125564	0	1.0000
shift_full	L1126749	0	1.0000
shift_full	L1127804	1	0.3867
shift_full	L1128821	0	1.0000
shift_full	L1132817	0	1.0000
shift_full	L1134826	1	1.0000
shift_full	L1135019	1	0.5008
shift_full	L113844	0	0.5798
shift_full	L1138559	1	0.7880
shift_full	L1139573	1	1.0000
shift_full	L1142178	1	0.3380
shift_full	L1143584	0	1.0000
shift_full	L1146782	1	1.0000
shift_full	L1148275	1	1.0000
shift_full	L1148681	0	1.0000
shift_full	L1148861	0	1.0000
shift_full	L115160	0	1.0000
shift_full	L1152742	0	0.7856
shift_full	L1159462	0	1.0000
shift_full	L1160593	0	1.0000
shift_full	L1166860	1	1.0000
shift_full	L1169308	1	1.0000
shift_full	L1171933	0	1.0000
shift_full	L1175689	0	1.0000
shift_full	L1176510	0	1.0000
shift_full	L1176819	1	0.5708
shift_full	L1181526	0	1.0000
shift_full	L1184831	0	1.0000
shift_full	L1188236	0	1.0000
shift_full	L1189606	0	1.0000
shift_full	L1190029	0	1.0000
shift_full	L1192003	0	1.0000
shift_full	L1193093	1	0.9607
shift_full	L1193626	0	1.0000
shift_full	L1194943	1	1.0000
shift_full	L1200114	0	1.0000
shift_full	L1200373	0	1.0000
shift_full	L1202626	0	1.0000
shift_full	L1203652	0	1.0000
shift_full	L1205967	0	1.0000
shift_full	L1206149	0	1.0000
shift_full	L1208940	0	1.0000
shift_full	L120959	0	1.0000
shift_full	L1211345	0	1.0000
shift_full	L1212637	0	1.0000
shift_full	L1212861	0	1.0000
shift_full	L121334	0	0.4805
shift_full	L1215236	0	0.9998
shift_full	L1217544	1	0.9941
shift_full	L1217630	0	1.0000
shift_full	L1218521	0	1.0000
shift_full	L121873	0	1.0000
shift_full	L1218743	0	1.0000
shift_full	L1219260	0	1.0000
shift_full	L1219324	0	1.0000
shift_full	L1223018	1	0.6971
shift_full	L12241	1	0.4664
shift_full	L122411	0	1.0000
shift_full	L1228313	0	1.0000
shift_full	L1228316	0	1.0000
shift_full	L1228698	0	1.0000
shift_full	L1229975	0	1.0000
shift_full	L1233030	0	0.9903
shift_full	L1234322	0	1.0000
shift_full	L1235564	0	1.0000
shift_full	L1237368	0	0.3416
shift_full	L1242536	0	1.0000
shift_full	L1243882	0	1.0000
shift_full	L1244427	1	0.9520
shift_full	L1247700	0	1.0000
shift_full	L1249050	0	1.0000
shift_full	L1252273	0	0.9547
shift_full	L1252715	0	1.0000
shift_full	L125500	0	1.0000
shift_full	L125644	0	1.0000
shift_full	L1263639	0	1.0000
shift_full	L1263909	0	1.0000
shift_full	L1267300	0	1.0000
shift_full	L1267973	0	0.6728
shift_full	L1268056	1	0.3545
shift_full	L1269000	0	1.0000
shift_full	L1269225	0	1.0000
shift_full	L1269960	0	1.0000
shift_full	L1270519	1	0.5115
shift_full	L1271695	1	1.0000
shift_full	L1274988	0	1.0000
shift_full	L1277578	1	1.0000
shift_full	L1277861	0	1.0000
shift_full	L1281298	0	1.0000
shift_full	L1283746	0	1.0000
shift_full	L1284558	0	0.9554
shift_full	L1286758	0	1.0000
shift_full	L1291250	0	1.0000
shift_full	L129208	0	1.0000
shift_full	L1292363	0	0.9165
shift_full	L1292503	0	1.0000
shift_full	L1294408	1	0.5904
shift_full	L1294453	0	0.9818
shift_full	L1294952	0	1.0000
shift_full	L1297512	0	1.0000
shift_full	L1298142	0	1.0000
shift_full	L1299862	0	1.0000
shift_full	L1302458	1	0.9929
shift_full	L1307852	0	1.0000
shift_full	L130839	0	1.0000
shift_full	L1309046	0	1.0000
shift_full	L1314993	0	1.0000
shift_full	L1316645	1	0.9978
shift_full	L1316673	0	0.7550
shift_full	L1319261	1	1.0000
shift_full	L1320029	1	0.5001
shift_full	L1321139	0	1.0000
shift_full	L1322298	0	1.0000
shift_full	L1325043	0	1.0000
shift_full	L1328601	0	1.0000
shift_full	L1330004	0	1.0000
shift_full	L1334204	0	1.0000
shift_full	L1334727	0	1.0000
shift_full	L1337969	0	0.7176
shift_full	L1338440	0	0.8777
shift_full	L1338867	1	1.0000
shift_full	L13406	0	1.0000
shift_full	L1341334	0	1.0000
shift_full	L1342936	0	1.0000
shift_full	L1343571	0	0.9857
shift_full	L134770	0	1.0000
shift_full	L1348767	1	1.0000
shift_full	L1349954	0	1.0000
shift_full	L1350260	0	1.0000
shift_full	L1354350	0	1.0000
shift_full	L1358832	0	1.0000
shift_full	L1362201	0	1.0000
shift_full	L1362636	1	1.0000
shift_full	L1365362	0	1.0000
shift_full	L1366477	0	1.0000
shift_full	L1369644	0	1.0000
shift_full	L13698	0	1.0000
shift_full	L1371092	1	1.0000
shift_full	L1372683	0	1.0000
shift_full	L1372686	0	1.0000
shift_full	L1373403	0	1.0000
shift_full	L1378339	0	1.0000
shift_full	L1379425	1	0.7982
shift_full	L1380845	0	1.0000
shift_full	L1382177	0	1.0000
shift_full	L1382936	0	0.8067
shift_full	L1382969	0	1.0000
shift_full	L1383932	0	1.0000
shift_full	L1384051	0	1.0000
shift_full	L1393346	0	0.8411
shift_full	L1394372	0	1.0000
shift_full	L1398058	0	1.0000
shift_full	L1398565	0	1.0000
shift_full	L1400233	0	1.0000
shift_full	L1400557	1	0.9998
shift_full	L1403214	0	1.0000
shift_full	L1409097	0	1.0000
shift_full	L1409378	0	1.0000
shift_full	L1410763	0	1.0000
shift_full	L1410905	0	1.0000
shift_full	L1411655	0	1.0000
shift_full	L1421095	0	1.0000
shift_full	L1421423	0	1.0000
shift_full	L1431164	0	1.0000
shift_full	L1435268	0	1.0000
shift_full	L1438447	0	1.0000
shift_full	L1440099	0	1.0000
shift_full	L1440354	0	1.0000
shift_full	L1440579	0	0.9893
shift_full	L1441065	0	1.0000
shift_full	L1442950	0	1.0000
shift_full	L144630	0	1.0000
shift_full	L144966	0	1.0000
shift_full	L1450044	0	1.0000
shift_full	L145721	0	1.0000
shift_full	L1463127	0	1.0000
shift_full	L1463808	1	1.0000
shift_full	L1468044	0	0.9862
shift_full	L1468317	0	1.0000
shift_full	L1470882	0	1.0000
shift_full	L1472026	0	1.0000
shift_full	L1475336	0	1.0000
shift_full	L1477	0	0.9994
shift_full	L1477137	1	1.0000
shift_full	L1478713	0	0.7742
shift_full	L1479097	0	1.0000
shift_full	L1482186	1	0.5442
shift_full	L1483022	1	1.0000
shift_full	L1485252	0	0.9716
shift_full	L1487868	0	1.0000
shift_full	L1489958	0	1.0000
shift_full	L1491338	0	1.0000
shift_full	L1491406	1	1.0000
shift_full	L1492427	1	0.6513
shift_full	L1494927	0	1.0000
shift_full	L1496723	0	1.0000
shift_full	L14998	0	1.0000
shift_full	L1500041	0	1.0000
shift_full	L1500792	0	1.0000
shift_full	L1501054	0	1.0000
shift_full	L1501117	1	0.5502
shift_full	L150284	0	0.8782
shift_full	L1503080	0	1.0000
shift_full	L1506056	0	1.0000
shift_full	L1506305	0	1.0000
shift_full	L1507593	0	1.0000
shift_full	L1507721	0	1.0000
shift_full	L1509635	0	1.0000
shift_full	L1511077	0	1.0000
shift_full	L1511516	1	1.0000
shift_full	L151270	0	1.0000
shift_full	L1513453	0	1.0000
shift_full	L1513508	0	1.0000
shift_full	L1514059	1	1.0000
shift_full	L151434	0	1.0000
shift_full	L1520281	0	0.9982
shift_full	L1522665	0	1.0000
shift_full	L1525581	0	1.0000
shift_full	L152670	0	1.0000
shift_full	L1527449	0	0.9966
shift_full	L1532593	1	0.5570
shift_full	L1537084	1	1.0000
shift_full	L1545445	1	0.6856
shift_full	L1549764	1	1.0000
shift_full	L1553511	0	1.0000
shift_full	L1555961	0	0.9402
shift_full	L1556158	0	1.0000
shift_full	L1559085	0	1.0000
shift_full	L1559370	0	1.0000
shift_full	L1561684	1	0.6476
shift_full	L1563921	1	1.0000
shift_full	L1564440	1	0.5002
shift_full	L1564788	0	1.0000
shift_full	L1570442	0	0.6146
shift_full	L1577548	0	1.0000
shift_full	L1582773	0	0.9997
shift_full	L1586476	0	1.0000
shift_full	L1591774	0	1.0000
shift_full	L1592464	0	1.0000
shift_full	L1592890	0	1.0000
shift_full	L1593009	0	1.0000
shift_full	L1594265	0	1.0000
shift_full	L15949	0	1.0000
shift_full	L1595729	1	0.9999
shift_full	L1596023	0	1.0000
shift_full	L1596979	0	1.0000
shift_full	L1599150	0	1.0000
shift_full	L1605496	0	1.0000
shift_full	L1608356	0	0.7969
shift_full	L1608408	1	0.5022
shift_full	L1609523	0	1.0000
shift_full	L1611831	1	0.7847
shift_full	L1613719	0	1.0000
shift_full	L1613862	0	1.0000
shift_full	L1614892	0	1.0000
shift_full	L1615590	0	1.0000
shift_full	L1616879	0	1.0000
shift_full	L1617022	1	1.0000
shift_full	L1619438	1	0.5750
shift_full	L1619907	0	1.0000
shift_full	L1620099	0	1.0000
shift_full	L1622776	1	0.5255
shift_full	L1622804	1	0.5694
shift_full	L1623315	0	1.0000
shift_full	L1625869	0	1.0000
shift_full	L1632251	0	1.0000
shift_full	L1632593	0	0.9999
shift_full	L1633409	0	0.9184
shift_full	L163519	0	1.0000
shift_full	L1635479	0	1.0000
shift_full	L1638116	0	1.0000
shift_full	L1642892	0	0.5800
shift_full	L1647022	0	1.0000
shift_full	L1649256	0	1.0000
shift_full	L1650196	0	1.0000
shift_full	L1654301	1	0.5402
shift_full	L1656331	0	0.9798
shift_full	L1657868	1	1.0000
shift_full	L1658774	0	0.9308
shift_full	L1660134	0	1.0000
shift_full	L166249	0	1.0000
shift_full	L1663458	0	0.9998
shift_full	L16644	0	1.0000
shift_full	L1664922	1	1.0000
shift_full	L1666954	0	1.0000
shift_full	L1668737	0	1.0000
shift_full	L167239	0	1.0000
shift_full	L167308	0	1.0000
shift_full	L1673443	0	0.9999
shift_full	L1677915	0	1.0000
shift_full	L1679070	0	0.9997
shift_full	L1679327	0	1.0000
shift_full	L1681571	0	1.0000
shift_full	L1683975	0	1.0000
shift_full	L1687257	0	0.9999
shift_full	L1689425	0	1.0000
shift_full	L1690704	0	0.5382
shift_full	L1690718	0	0.3404
shift_full	L1692614	0	1.0000
shift_full	L1693021	0	1.0000
shift_full	L1693729	0	1.0000
shift_full	L1698795	0	1.0000
shift_full	L1700325	0	1.0000
shift_full	L1701759	0	1.0000
shift_full	L1706009	0	0.9877
shift_full	L1710196	0	1.0000
shift_full	L1713230	0	1.0000
shift_full	L1714485	1	0.7170
shift_full	L1715650	0	1.0000
shift_full	L1717886	0	0.9977
shift_full	L1720587	0	1.0000
shift_full	L1721987	0	1.0000
shift_full	L1722777	0	1.0000
shift_full	L1724773	1	0.6829
shift_full	L1725448	0	1.0000
shift_full	L1727481	0	0.7385
shift_full	L1728562	1	0.6794
shift_full	L1729015	0	1.0000
shift_full	L1729974	0	1.0000
shift_full	L1731527	0	0.9087
shift_full	L173383	0	1.0000
shift_full	L1735097	0	0.9520
shift_full	L1736351	0	1.0000
shift_full	L1736591	0	1.0000
shift_full	L1739879	1	0.9982
shift_full	L1741008	0	1.0000
shift_full	L1741461	0	0.8588
shift_full	L174176	0	1.0000
shift_full	L1741919	1	0.9454
shift_full	L1743480	0	1.0000
shift_full	L1744154	0	1.0000
shift_full	L1746595	0	1.0000
shift_full	L1748112	0	1.0000
shift_full	L1748957	0	1.0000
shift_full	L1749257	1	0.9498
shift_full	L175348	0	0.5232
shift_full	L1753832	0	1.0000
shift_full	L1755416	1	1.0000
shift_full	L1758324	0	1.0000
shift_full	L1758608	0	1.0000
shift_full	L1758614	0	1.0000
shift_full	L1758704	1	0.9917
shift_full	L1762064	0	0.9994
shift_full	L1765663	1	0.3912
shift_full	L1766093	1	0.9728
shift_full	L176738	0	1.0000
shift_full	L1768336	0	1.0000
shift_full	L176876	0	1.0000
shift_full	L1768935	0	0.9954
shift_full	L1770348	0	1.0000
shift_full	L1770471	0	1.0000
shift_full	L1772400	0	1.0000
shift_full	L1774077	0	1.0000
shift_full	L1774332	0	0.9995
shift_full	L177650	0	1.0000
shift_full	L1778239	0	0.9999
shift_full	L1778753	0	1.0000
shift_full	L1785009	1	0.9878
shift_full	L1788156	0	1.0000
shift_full	L179015	0	1.0000
shift_full	L1790481	0	1.0000
shift_full	L1791527	0	1.0000
shift_full	L1792265	0	1.0000
shift_full	L1793065	0	1.0000
shift_full	L1794712	0	1.0000
shift_full	L1794839	0	1.0000
shift_full	L1796826	0	1.0000
shift_full	L1797546	0	1.0000
shift_full	L1798302	0	1.0000
shift_full	L1799840	0	0.6365
shift_full	L1801258	0	1.0000
shift_full	L1802345	0	1.0000
shift_full	L180509	0	1.0000
shift_full	L1808966	0	1.0000
shift_full	L1809234	0	1.0000
shift_full	L1811231	1	1.0000
shift_full	L1812445	0	1.0000
shift_full	L1814309	0	0.9998
shift_full	L1816451	0	1.0000
shift_full	L1817551	1	0.5122
shift_full	L1820447	1	0.5464
shift_full	L1821765	0	1.0000
shift_full	L1822989	0	1.0000
shift_full	L1823086	0	1.0000
shift_full	L1825981	0	1.0000
shift_full	L1826918	0	1.0000
shift_full	L1830338	0	1.0000
shift_full	L18313	0	1.0000
shift_full	L1831368	0	1.0000
shift_full	L183802	0	1.0000
shift_full	L1838244	0	1.0000
shift_full	L1838501	0	0.9644
shift_full	L1838652	0	1.0000
shift_full	L1840388	0	0.9600
shift_full	L1848896	0	0.9991
shift_full	L1856065	0	1.0000
shift_full	L1857129	0	0.9880
shift_full	L1858192	0	1.0000
shift_full	L1858235	0	0.5449
shift_full	L1859863	0	0.9566
shift_full	L1860283	1	1.0000
shift_full	L1867226	0	0.9734
shift_full	L186847	0	1.0000
shift_full	L1869818	1	1.0000
shift_full	L1872590	0	1.0000
shift_full	L1872595	0	1.0000
shift_full	L1873245	0	0.9179
shift_full	L1873642	0	1.0000
shift_full	L1874928	1	0.3569
shift_full	L1876149	0	1.0000
shift_full	L18800	0	1.0000
shift_full	L1882201	1	0.7916
shift_full	L1882838	0	1.0000
shift_full	L1883125	1	1.0000
shift_full	L1883999	0	0.9922
shift_full	L1886440	0	1.0000
shift_full	L1889760	0	1.0000
shift_full	L189322	0	1.0000
shift_full	L1895575	0	1.0000
shift_full	L1897444	0	1.0000
shift_full	L1898605	0	1.0000
shift_full	L1898611	0	1.0000
shift_full	L190102	0	1.0000
shift_full	L1902625	1	1.0000
shift_full	L1905283	0	1.0000
shift_full	L190650	0	1.0000
shift_full	L190687	0	1.0000
shift_full	L1908570	1	0.5036
shift_full	L1909629	1	0.7551
shift_full	L1911881	1	0.3776
shift_full	L1912	0	1.0000
shift_full	L191488	0	1.0000
shift_full	L1920826	1	1.0000
shift_full	L192237	0	1.0000
shift_full	L1924744	0	1.0000
shift_full	L1925847	2	1.0000
shift_full	L1928273	0	1.0000
shift_full	L1928790	0	1.0000
shift_full	L1932241	0	1.0000
shift_full	L1932659	0	1.0000
shift_full	L1933206	1	0.5404
shift_full	L1933253	0	1.0000
shift_full	L1933970	0	1.0000
shift_full	L1936643	1	1.0000
shift_full	L1940497	1	0.5044
shift_full	L1942177	0	1.0000
shift_full	L1942305	0	1.0000
shift_full	L1943673	0	1.0000
shift_full	L1944226	0	1.0000
shift_full	L1944640	1	0.8942
shift_full	L1944904	1	0.5690
shift_full	L194952	0	0.5662
shift_full	L1951280	0	1.0000
shift_full	L1952353	0	0.8994
shift_full	L1953692	0	1.0000
shift_full	L1954656	0	0.7665
shift_full	L1955598	0	1.0000
shift_full	L1955973	0	0.9998
shift_full	L195908	0	1.0000
shift_full	L1964032	0	1.0000
shift_full	L1965961	0	0.9164
shift_full	L1970360	0	1.0000
shift_full	L1970493	1	1.0000
shift_full	L1970551	1	1.0000
shift_full	L1970668	0	1.0000
shift_full	L1971017	0	1.0000
shift_full	L1975091	1	0.8402
shift_full	L1975857	0	0.9998
shift_full	L197613	0	1.0000
shift_full	L1976785	0	1.0000
shift_full	L1981866	0	1.0000
shift_full	L1982300	0	1.0000
shift_full	L1983183	0	1.0000
shift_full	L1986059	0	0.9991
shift_full	L1990411	0	1.0000
shift_full	L1991628	0	1.0000
shift_full	L1994839	0	1.0000
shift_full	L1996032	0	1.0000
shift_full	L202116	0	1.0000
shift_full	L204802	0	0.7253
shift_full	L208863	0	1.0000
shift_full	L209724	0	0.8465
shift_full	L2105	0	1.0000
shift_full	L210838	0	1.0000
shift_full	L21151	0	0.7703
shift_full	L216034	1	0.5963
shift_full	L216528	0	1.0000
shift_full	L217349	0	1.0000
shift_full	L222365	0	0.9989
shift_full	L225416	0	0.9976
shift_full	L227476	0	1.0000
shift_full	L228723	0	1.0000
shift_full	L231682	0	1.0000
shift_full	L232060	0	1.0000
shift_full	L233375	0	1.0000
shift_full	L235764	0	1.0000
shift_full	L238858	1	1.0000
shift_full	L243818	0	1.0000
shift_full	L244003	0	0.9997
shift_full	L244965	0	1.0000
shift_full	L24866	0	1.0000
shift_full	L250969	0	1.0000
shift_full	L252902	0	1.0000
shift_full	L253345	0	0.9483
shift_full	L257043	0	0.9711
shift_full	L257465	0	0.5364
shift_full	L258378	0	1.0000
shift_full	L258696	0	1.0000
shift_full	L260842	0	0.9588
shift_full	L260939	0	0.9999
shift_full	L261190	0	1.0000
shift_full	L267309	1	0.3504
shift_full	L267846	0	1.0000
shift_full	L270977	0	1.0000
shift_full	L272730	0	1.0000
shift_full	L273461	1	1.0000
shift_full	L282320	0	1.0000
shift_full	L283173	1	1.0000
shift_full	L283368	1	0.8683
shift_full	L288752	0	1.0000
shift_full	L2888	1	1.0000
shift_full	L293305	1	1.0000
shift_full	L293537	0	1.0000
shift_full	L294764	1	0.8011
shift_full	L299364	0	1.0000
shift_full	L299595	1	1.0000
shift_full	L299782	0	1.0000
shift_full	L300401	0	1.0000
shift_full	L30336	0	0.9656
shift_full	L310087	0	1.0000
shift_full	L312118	0	1.0000
shift_full	L318026	0	0.9998
shift_full	L318722	0	1.0000
shift_full	L31952	0	1.0000
shift_full	L319839	0	1.0000
shift_full	L319888	0	0.8817
shift_full	L320440	1	1.0000
shift_full	L321627	0	1.0000
shift_full	L322333	0	1.0000
shift_full	L322794	0	1.0000
shift_full	L322866	0	1.0000
shift_full	L324151	0	1.0000
shift_full	L324946	0	1.0000
shift_full	L32606	0	1.0000
shift_full	L326205	0	1.0000
shift_full	L327486	0	1.0000
shift_full	L331805	1	1.0000
shift_full	L331807	1	1.0000
shift_full	L333401	0	1.0000
shift_full	L333865	0	1.0000
shift_full	L335478	0	1.0000
shift_full	L336916	1	0.2604
shift_full	L337726	1	1.0000
shift_full	L343911	0	1.0000
shift_full	L346110	0	1.0000
shift_full	L35206	0	1.0000
shift_full	L352100	0	1.0000
shift_full	L353330	0	1.0000
shift_full	L353755	0	1.0000
shift_full	L354281	1	0.9864
shift_full	L355469	0	0.9771
shift_full	L355973	0	0.5274
shift_full	L358098	0	1.0000
shift_full	L358427	0	1.0000
shift_full	L36185	1	1.0000
shift_full	L36374	0	1.0000
shift_full	L36393	1	1.0000
shift_full	L364477	0	1.0000
shift_full	L368265	0	0.9998
shift_full	L369221	0	1.0000
shift_full	L370516	0	1.0000
shift_full	L375608	0	1.0000
shift_full	L375999	1	0.5536
shift_full	L376343	0	1.0000
shift_full	L377914	1	1.0000
shift_full	L380751	0	0.6527
shift_full	L382166	0	1.0000
shift_full	L382724	0	1.0000
shift_full	L383909	0	1.0000
shift_full	L385595	0	1.0000
shift_full	L386761	0	1.0000
shift_full	L38847	0	1.0000
shift_full	L388838	1	1.0000
shift_full	L390056	0	1.0000
shift_full	L390847	1	1.0000
shift_full	L391263	0	1.0000
shift_full	L394934	0	1.0000
shift_full	L396359	0	1.0000
shift_full	L397005	1	0.7237
shift_full	L398087	1	0.4358
shift_full	L401127	0	1.0000
shift_full	L402454	0	1.0000
shift_full	L403424	0	1.0000
shift_full	L405687	1	0.6507
shift_full	L409413	0	0.6034
shift_full	L411451	0	1.0000
shift_full	L414909	0	1.0000
shift_full	L414959	0	1.0000
shift_full	L418437	0	1.0000
shift_full	L419149	0	1.0000
shift_full	L422199	0	1.0000
shift_full	L42258	0	1.0000
shift_full	L425262	1	1.0000
shift_full	L425629	0	0.9603
shift_full	L431467	0	1.0000
shift_full	L433013	0	1.0000
shift_full	L435219	0	1.0000
shift_full	L442957	0	1.0000
shift_full	L4469	0	1.0000
shift_full	L446901	0	1.0000
shift_full	L449888	0	1.0000
shift_full	L450863	0	1.0000
shift_full	L454426	0	1.0000
shift_full	L456423	0	1.0000
shift_full	L458224	1	0.7408
shift_full	L45866	0	1.0000
shift_full	L459126	1	0.7246
shift_full	L459710	1	0.9731
shift_full	L460845	1	0.9255
shift_full	L462461	0	0.5869
shift_full	L462611	1	0.9211
shift_full	L465953	0	1.0000
shift_full	L466572	1	0.5376
shift_full	L469914	0	1.0000
shift_full	L472973	0	1.0000
shift_full	L47627	0	1.0000
shift_full	L477052	1	0.9842
shift_full	L477480	1	0.5758
shift_full	L478354	0	1.0000
shift_full	L480723	0	0.9984
shift_full	L481009	1	0.6160
shift_full	L481562	1	1.0000
shift_full	L481889	0	1.0000
shift_full	L482581	0	1.0000
shift_full	L488483	1	1.0000
shift_full	L494762	0	1.0000
shift_full	L496946	1	1.0000
shift_full	L497994	0	1.0000
shift_full	L498642	0	1.0000
shift_full	L499837	0	1.0000
shift_full	L500481	0	1.0000
shift_full	L501837	1	1.0000
shift_full	L506324	0	1.0000
shift_full	L5117	0	1.0000
shift_full	L511916	0	1.0000
shift_full	L515141	0	1.0000
shift_full	L516046	0	1.0000
shift_full	L520263	0	1.0000
shift_full	L521167	0	1.0000
shift_full	L521904	0	0.9948
shift_full	L523867	0	1.0000
shift_full	L524464	1	0.6168
shift_full	L525527	0	0.9999
shift_full	L529623	0	1.0000
shift_full	L531061	0	1.0000
shift_full	L533105	0	1.0000
shift_full	L534964	0	1.0000
shift_full	L535240	0	0.9617
shift_full	L535400	1	0.7859
shift_full	L536467	0	1.0000
shift_full	L536524	0	1.0000
shift_full	L539572	0	0.9448
shift_full	L539623	0	1.0000
shift_full	L541274	0	1.0000
shift_full	L541585	0	1.0000
shift_full	L543256	0	1.0000
shift_full	L544561	0	1.0000
shift_full	L545165	1	0.8097
shift_full	L546910	0	1.0000
shift_full	L548504	0	1.0000
shift_full	L551442	0	1.0000
shift_full	L555925	0	1.0000
shift_full	L556696	0	1.0000
shift_full	L559531	0	1.0000
shift_full	L560176	0	1.0000
shift_full	L561367	1	0.6033
shift_full	L564679	1	1.0000
shift_full	L566745	1	0.9884
shift_full	L568989	0	1.0000
shift_full	L570772	0	1.0000
shift_full	L572521	0	1.0000
shift_full	L577507	0	1.0000
shift_full	L578197	1	0.5133
shift_full	L584866	0	1.0000
shift_full	L586948	1	0.8815
shift_full	L589777	1	1.0000
shift_full	L589868	0	1.0000
shift_full	L590205	0	1.0000
shift_full	L59044	0	1.0000
shift_full	L599511	0	1.0000
shift_full	L60389	0	1.0000
shift_full	L614050	0	1.0000
shift_full	L617862	1	0.7272
shift_full	L620966	0	1.0000
shift_full	L623278	1	1.0000
shift_full	L62337	1	0.4073
shift_full	L626238	0	0.9983
shift_full	L626353	1	0.8962
shift_full	L62839	0	1.0000
shift_full	L632457	0	1.0000
shift_full	L635118	0	1.0000
shift_full	L636888	0	1.0000
shift_full	L639959	0	1.0000
shift_full	L640160	0	1.0000
shift_full	L641936	0	0.7595
shift_full	L642984	0	1.0000
shift_full	L644406	0	0.9646
shift_full	L644497	0	1.0000
shift_full	L646751	0	1.0000
shift_full	L649091	1	1.0000
shift_full	L652753	0	1.0000
shift_full	L657061	0	1.0000
shift_full	L657332	0	1.0000
shift_full	L657537	0	1.0000
shift_full	L658591	0	1.0000
shift_full	L659549	0	0.9505
shift_full	L660443	0	0.9998
shift_full	L663427	0	0.9227
shift_full	L665914	1	1.0000
shift_full	L666180	0	1.0000
shift_full	L667013	0	1.0000
shift_full	L667839	0	1.0000
shift_full	L669436	0	1.0000
shift_full	L66992	0	1.0000
shift_full	L677371	0	1.0000
shift_full	L678289	0	1.0000
shift_full	L678676	0	1.0000
shift_full	L679717	0	0.6080
shift_full	L680683	0	1.0000
shift_full	L681033	0	1.0000
shift_full	L681532	0	1.0000
shift_full	L681559	0	1.0000
shift_full	L681852	0	1.0000
shift_full	L684567	0	1.0000
shift_full	L685962	0	1.0000
shift_full	L686506	0	1.0000
shift_full	L689721	0	1.0000
shift_full	L691596	0	1.0000
shift_full	L692386	0	1.0000
shift_full	L693733	1	0.5464
shift_full	L694998	0	1.0000
shift_full	L699028	0	0.9620
shift_full	L700056	0	1.0000
shift_full	L700404	0	1.0000
shift_full	L702168	0	1.0000
shift_full	L70331	0	0.9999
shift_full	L704136	0	1.0000
shift_full	L704338	1	1.0000
shift_full	L705787	0	0.7895
shift_full	L706127	0	0.4384
shift_full	L706802	0	1.0000
shift_full	L707187	0	1.0000
shift_full	L710321	0	1.0000
shift_full	L711529	0	1.0000
shift_full	L71277	1	1.0000
shift_full	L713051	0	1.0000
shift_full	L715677	0	1.0000
shift_full	L716679	0	1.0000
shift_full	L720310	0	1.0000
shift_full	L720918	0	1.0000
shift_full	L722647	0	1.0000
shift_full	L722885	0	0.8525
shift_full	L725643	0	0.9406
shift_full	L730413	0	1.0000
shift_full	L731956	0	1.0000
shift_full	L736973	0	1.0000
shift_full	L740874	0	1.0000
shift_full	L741246	0	1.0000
shift_full	L742863	0	1.0000
shift_full	L743451	1	0.2671
shift_full	L748093	0	1.0000
shift_full	L751266	0	0.6099
shift_full	L752342	1	1.0000
shift_full	L752475	0	1.0000
shift_full	L752653	0	1.0000
shift_full	L75387	0	1.0000
shift_full	L754764	0	1.0000
shift_full	L755702	1	1.0000
shift_full	L759676	0	1.0000
shift_full	L759690	0	1.0000
shift_full	L759925	0	1.0000
shift_full	L760304	0	1.0000
shift_full	L762113	0	1.0000
shift_full	L762771	0	0.7229
shift_full	L763808	0	1.0000
shift_full	L764107	1	1.0000
shift_full	L764127	0	0.9963
shift_full	L764282	0	1.0000
shift_full	L764916	0	0.9999
shift_full	L77164	0	1.0000
shift_full	L773134	0	1.0000
shift_full	L774588	0	1.0000
shift_full	L774738	0	1.0000
shift_full	L775906	0	1.0000
shift_full	L778698	0	1.0000
shift_full	L779464	0	1.0000
shift_full	L779937	0	1.0000
shift_full	L780609	0	1.0000
shift_full	L784473	0	1.0000
shift_full	L787550	0	1.0000
shift_full	L789409	0	1.0000
shift_full	L790771	0	1.0000
shift_full	L792951	1	1.0000
shift_full	L79315	0	1.0000
shift_full	L793490	0	1.0000
shift_full	L79406	0	1.0000
shift_full	L79610	1	1.0000
shift_full	L796809	0	0.4583
shift_full	L798449	0	1.0000
shift_full	L801473	0	1.0000
shift_full	L801620	0	0.9708
shift_full	L801738	1	0.5151
shift_full	L803364	1	0.9453
shift_full	L803613	0	1.0000
shift_full	L804778	1	0.8658
shift_full	L808364	1	1.0000
shift_full	L809372	0	1.0000
shift_full	L809693	1	0.5136
shift_full	L811734	0	1.0000
shift_full	L81215	0	1.0000
shift_full	L812450	0	1.0000
shift_full	L812672	0	1.0000
shift_full	L815977	0	0.8809
shift_full	L816644	0	1.0000
shift_full	L81909	0	1.0000
shift_full	L819563	0	1.0000
shift_full	L821100	0	1.0000
shift_full	L822334	0	1.0000
shift_full	L824223	0	1.0000
shift_full	L827048	0	1.0000
shift_full	L827129	0	1.0000
shift_full	L829233	0	0.7139
shift_full	L83001	0	1.0000
shift_full	L830371	0	1.0000
shift_full	L832923	0	1.0000
shift_full	L834579	0	1.0000
shift_full	L834622	0	1.0000
shift_full	L837955	0	1.0000
shift_full	L843972	0	0.9237
shift_full	L845031	0	1.0000
shift_full	L846960	0	1.0000
shift_full	L847988	0	1.0000
shift_full	L849505	0	1.0000
shift_full	L851847	0	1.0000
shift_full	L853299	0	1.0000
shift_full	L855747	1	0.4109
shift_full	L855935	0	1.0000
shift_full	L856753	0	1.0000
shift_full	L85748	0	0.9990
shift_full	L858843	0	1.0000
shift_full	L862725	0	1.0000
shift_full	L864050	0	1.0000
shift_full	L86679	0	1.0000
shift_full	L868640	0	1.0000
shift_full	L869371	0	1.0000
shift_full	L869433	0	1.0000
shift_full	L873249	0	1.0000
shift_full	L883133	0	1.0000
shift_full	L883660	0	1.0000
shift_full	L884453	0	1.0000
shift_full	L885068	0	1.0000
shift_full	L885624	0	1.0000
shift_full	L886084	0	1.0000
shift_full	L886474	1	0.8511
shift_full	L886813	0	1.0000
shift_full	L888328	0	1.0000
shift_full	L888339	0	1.0000
shift_full	L888692	0	0.3374
shift_full	L892540	0	1.0000
shift_full	L894181	0	1.0000
shift_full	L895192	1	1.0000
shift_full	L895682	0	1.0000
shift_full	L898645	1	0.9221
shift_full	L900297	1	1.0000
shift_full	L902295	0	1.0000
shift_full	L902514	1	0.6982
shift_full	L906439	0	1.0000
shift_full	L907227	0	1.0000
shift_full	L90734	0	1.0000
shift_full	L909856	0	1.0000
shift_full	L910412	1	0.5390
shift_full	L910841	1	0.9815
shift_full	L911364	0	1.0000
shift_full	L912237	0	1.0000
shift_full	L913833	0	1.0000
shift_full	L914150	0	1.0000
shift_full	L914195	0	1.0000
shift_full	L91480	1	1.0000
shift_full	L918005	0	1.0000
shift_full	L918018	0	1.0000
shift_full	L923738	1	0.8620
shift_full	L924400	0	1.0000
shift_full	L925260	0	0.9859
shift_full	L928875	1	1.0000
shift_full	L93124	0	1.0000
shift_full	L93295	0	1.0000
shift_full	L933087	1	1.0000
shift_full	L933852	0	1.0000
shift_full	L936253	0	1.0000
shift_full	L940767	0	0.9999
shift_full	L941368	0	0.9966
shift_full	L941926	0	1.0000
shift_full	L942873	0	1.0000
shift_full	L943752	0	1.0000
shift_full	L948601	0	1.0000
shift_full	L94945	0	0.9544
shift_full	L949761	1	0.7716
shift_full	L953203	0	1.0000
shift_full	L95620	0	1.0000
shift_full	L957565	0	1.0000
shift_full	L960419	0	1.0000
shift_full	L962289	0	1.0000
shift_full	L96262	0	1.0000
shift_full	L962680	0	1.0000
shift_full	L967795	0	1.0000
shift_full	L968437	0	1.0000
shift_full	L969615	0	0.5451
shift_full	L970400	1	0.6112
shift_full	L972698	0	1.0000
shift_full	L974207	0	1.0000
shift_full	L979330	0	1.0000
shift_full	L983346	0	1.0000
shift_full	L984768	0	1.0000
shift_full	L984796	0	1.0000
shift_full	L985204	0	1.0000
shift_full	L985959	0	1.0000
shift_full	L986820	1	1.0000
shift_full	L989999	1	1.0000
shift_full	L994491	0	1.0000
shift_full	L997717	1	1.0000
shift_full	L998540	0	1.0000
fix_full	L1002585	0	1.0000
fix_full	L1004185	0	0.9545
fix_full	L1005032	0	1.0000
fix_full	L1011227	0	1.0000
fix_full	L1012049	0	1.0000
fix_full	L1012199	0	1.0000
fix_full	L1016849	0	1.0000
fix_full	L1017537	0	1.0000
fix_full	L1021907	0	1.0000
fix_full	L1024044	0	1.0000
fix_full	L1024542	0	1.0000
fix_full	L1025399	0	1.0000
fix_full	L1026799	0	1.0000
fix_full	L102922	0	0.9485
fix_full	L1029951	1	0.9704
fix_full	L1030819	0	1.0000
fix_full	L103249	1	1.0000
fix_full	L1036266	0	1.0000
fix_full	L1036426	0	1.0000
fix_full	L1038977	1	1.0000
fix_full	L1044163	0	0.5253
fix_full	L1044444	0	0.9992
fix_full	L1046348	0	1.0000
fix_full	L1046966	0	1.0000
fix_full	L1050743	0	1.0000
fix_full	L1052309	0	1.0000
fix_full	L1053445	0	1.0000
fix_full	L1054346	0	0.9993
fix_full	L1055550	0	1.0000
fix_full	L1058576	0	1.0000
fix_full	L1060120	1	1.0000
fix_full	L1061482	1	1.0000
fix_full	L1061587	1	0.6283
fix_full	L1062126	0	1.0000
fix_full	L1063587	0	1.0000
fix_full	L1064227	0	1.0000
fix_full	L1065804	1	1.0000
fix_full	L1068964	0	1.0000
fix_full	L1069832	0	1.0000
fix_full	L1071754	0	0.4323
fix_full	L1072449	1	1.0000
fix_full	L1073165	0	0.5700
fix_full	L1075189	1	0.7740
fix_full	L1081827	1	0.7102
fix_full	L1082663	0	1.0000
fix_full	L1083972	0	1.0000
fix_full	L1085175	0	1.0000
fix_full	L1087086	1	0.5579
fix_full	L1087105	1	0.5465
fix_full	L1089119	1	0.9884
fix_full	L1090631	0	1.0000
fix_full	L1091178	0	0.8218
fix_full	L1091281	0	0.5841
fix_full	L1091323	0	0.5778
fix_full	L1091479	0	1.0000
fix_full	L1092388	0	1.0000
fix_full	L1096376	0	1.0000
fix_full	L1099155	0	1.0000
fix_full	L1101520	0	1.0000
fix_full	L1106265	0	1.0000
fix_full	L1106965	0	1.0000
fix_full	L1107538	0	1.0000
fix_full	L1109734	0	1.0000
fix_full	L1110523	0	1.0000
fix_full	L1116847	0	1.0000
fix_full	L1117806	0	1.0000
fix_full	L1123172	0	1.0000
fix_full	L112480	0	1.0000
fix_full	L1125468	0	1.0000
fix_full	L1125564	0	1.0000
fix_full	L1126749	0	1.0000
fix_full	L1127804	1	0.3867
fix_full	L1128821	0	1.0000
fix_full	L1132817	0	1.0000
fix_full	L1134826	1	1.0000
fix_full	L1135019	1	0.5008
fix_full	L113844	0	0.5798
fix_full	L1138559	1	0.7880
fix_full	L1139573	1	1.0000
fix_full	L1142178	1	0.3380
fix_full	L1143584	0	1.0000
fix_full	L1146782	1	1.0000
fix_full	L1148275	1	1.0000
fix_full	L1148681	0	1.0000
fix_full	L1148861	0	1.0000
fix_full	L115160	0	1.0000
fix_full	L1152742	0	0.7856
fix_full	L1159462	0	1.0000
fix_full	L1160593	0	1.0000
fix_full	L1166860	1	1.0000
fix_full	L1169308	1	1.0000
fix_full	L1171933	0	1.0000
fix_full	L1175689	0	1.0000
fix_full	L1176510	0	1.0000
fix_full	L1176819	1	0.5708
fix_full	L1181526	0	1.0000
fix_full	L1184831	0	1.0000
fix_full	L1188236	0	1.0000
fix_full	L1189606	0	1.0000
fix_full	L1190029	0	1.0000
fix_full	L1192003	0	1.0000
fix_full	L1193093	1	0.9607
fix_full	L1193626	0	1.0000
fix_full	L1194943	1	1.0000
fix_full	L1200114	0	1.0000
fix_full	L1200373	0	1.0000
fix_full	L1202626	0	1.0000
fix_full	L1203652	0	1.0000
fix_full	L1205967	0	1.0000
fix_full	L1206149	0	1.0000
fix_full	L1208940	0	1.0000
fix_full	L120959	0	1.0000
fix_full	L1211345	0	1.0000
fix_full	L1212637	0	1.0000
fix_full	L1212861	0	1.0000
fix_full	L121334	0	0.4805
fix_full	L1215236	0	0.9998
fix_full	L1217544	1	0.9941
fix_full	L1217630	0	1.0000
fix_full	L1218521	0	1.0000
fix_full	L121873	0	1.0000
fix_full	L1218743	0	1.0000
fix_full	L1219260	0	1.0000
fix_full	L1219324	0	1.0000
fix_full	L1223018	1	0.6971
fix_full	L12241	1	0.4664
fix_full	L122411	0	1.0000
fix_full	L1228313	0	1.0000
fix_full	L1228316	0	1.0000
fix_full	L1228698	0	1.0000
fix_full	L1229975	0	1.0000
fix_full	L1233030	0	0.9903
fix_full	L1234322	0	1.0000
fix_full	L1235564	0	1.0000
fix_full	L1237368	0	0.3416
fix_full	L1242536	0	1.0000
fix_full	L1243882	0	1.0000
fix_full	L1244427	1	0.9520
fix_full	L1247700	0	1.0000
fix_full	L1249050	0	1.0000
fix_full	L1252273	0	0.9547
fix_full	L1252715	0	1.0000
fix_full	L125500	0	1.0000
fix_full	L125644	0	1.0000
fix_full	L1263639	0	1.0000
fix_full	L1263909	0	1.0000
fix_full	L1267300	0	1.0000
fix_full	L1267973	0	0.6728
fix_full	L1268056	1	0.3545
fix_full	L1269000	0	1.0000
fix_full	L1269225	0	1.0000
fix_full	L1269960	0	1.0000
fix_full	L1270519	1	0.5115
fix_full	L1271695	1	1.0000
fix_full	L1274988	0	1.0000
fix_full	L1277578	1	1.0000
fix_full	L1277861	0	1.0000
fix_full	L1281298	0	1.0000
fix_full	L1283746	0	1.0000
fix_full	L1284558	0	0.9554
fix_full	L1286758	0	1.0000
fix_full	L1291250	0	1.0000
fix_full	L129208	0	1.0000
fix_full	L1292363	0	0.9165
fix_full	L1292503	0	1.0000
fix_full	L1294408	1	0.5904
fix_full	L1294453	0	0.9818
fix_full	L1294952	0	1.0000
fix_full	L1297512	0	1.0000
fix_full	L1298142	0	1.0000
fix_full	L1299862	0	1.0000
fix_full	L1302458	1	0.9929
fix_full	L1307852	0	1.0000
fix_full	L130839	0	1.0000
fix_full	L1309046	0	1.0000
fix_full	L1314993	0	1.0000
fix_full	L1316645	1	0.9978
fix_full	L1316673	0	0.7550
fix_full	L1319261	1	1.0000
fix_full	L1320029	1	0.5001
fix_full	L1321139	0	1.0000
fix_full	L1322298	0	1.0000
fix_full	L1325043	0	1.0000
fix_full	L1328601	0	1.0000
fix_full	L1330004	0	1.0000
fix_full	L1334204	0	1.0000
fix_full	L1334727	0	1.0000
fix_full	L1337969	0	0.7176
fix_full	L1338440	0	0.8777
fix_full	L1338867	1	1.0000
fix_full	L13406	0	1.0000
fix_full	L1341334	0	1.0000
fix_full	L1342936	0	1.0000
fix_full	L1343571	0	0.9857
fix_full	L134770	0	1.0000
fix_full	L1348767	1	1.0000
fix_full	L1349954	0	1.0000
fix_full	L1350260	0	1.0000
fix_full	L1354350	0	1.0000
fix_full	L1358832	0	1.0000
fix_full	L1362201	0	1.0000
fix_full	L1362636	1	1.0000
fix_full	L1365362	0	1.0000
fix_full	L1366477	0	1.0000
fix_full	L1369644	0	1.0000
fix_full	L13698	0	1.0000
fix_full	L1371092	1	1.0000
fix_full	L1372683	0	1.0000
fix_full	L1372686	0	1.0000
fix_full	L1373403	0	1.0000
fix_full	L1378339	0	1.0000
fix_full	L1379425	1	0.7982
fix_full	L1380845	0	1.0000
fix_full	L1382177	0	1.0000
fix_full	L1382936	0	0.8067
fix_full	L1382969	0	1.0000
fix_full	L1383932	0	1.0000
fix_full	L1384051	0	1.0000
fix_full	L1393346	0	0.8411
fix_full	L1394372	0	1.0000
fix_full	L1398058	0	1.0000
fix_full	L1398565	0	1.0000
fix_full	L1400233	0	1.0000
fix_full	L1400557	1	0.9998
fix_full	L1403214	0	1.0000
fix_full	L1409097	0	1.0000
fix_full	L1409378	0	1.0000
fix_full	L1410763	0	1.0000
fix_full	L1410905	0	1.0000
fix_full	L1411655	0	1.0000
fix_full	L1421095	0	1.0000
fix_full	L1421423	0	1.0000
fix_full	L1431164	0	1.0000
fix_full	L1435268	0	1.0000
fix_full	L1438447	0	1.0000
fix_full	L1440099	0	1.0000
fix_full	L1440354	0	1.0000
fix_full	L1440579	0	0.9893
fix_full	L1441065	0	1.0000
fix_full	L1442950	0	1.0000
fix_full	L144630	0	1.0000
fix_full	L144966	0	1.0000
fix_full	L1450044	0	1.0000
fix_full	L145721	0	1.0000
fix_full	L1463127	0	1.0000
fix_full	L1463808	1	1.0000
fix_full	L1468044	0	0.9862
fix_full	L1468317	0	1.0000
fix_full	L1470882	0	1.0000
fix_full	L1472026	0	1.0000
fix_full	L1475336	0	1.0000
fix_full	L1477	0	0.9994
fix_full	L1477137	1	1.0000
fix_full	L1478713	0	0.7742
fix_full	L1479097	0	1.0000
fix_full	L1482186	1	0.5442
fix_full	L1483022	1	1.0000
fix_full	L1485252	0	0.9716
fix_full	L1487868	0	1.0000
fix_full	L1489958	0	1.0000
fix_full	L1491338	0	1.0000
fix_full	L1491406	1	1.0000
fix_full	L1492427	1	0.6513
fix_full	L1494927	0	1.0000
fix_full	L1496723	0	1.0000
fix_full	L14998	0	1.0000
fix_full	L1500041	0	1.0000
fix_full	L1500792	0	1.0000
fix_full	L1501054	0	1.0000
fix_full	L1501117	1	0.5502
fix_full	L150284	0	0.8782
fix_full	L1503080	0	1.0000
fix_full	L1506056	0	1.0000
fix_full	L1506305	0	1.0000
fix_full	L1507593	0	1.0000
fix_full	L1507721	0	1.0000
fix_full	L1509635	0	1.0000
fix_full	L1511077	0	1.0000
fix_full	L1511516	1	1.0000
fix_full	L151270	0	1.0000
fix_full	L1513453	0	1.0000
fix_full	L1513508	0	1.0000
fix_full	L1514059	1	1.0000
fix_full	L151434	0	1.0000
fix_full	L1520281	0	0.9982
fix_full	L1522665	0	1.0000
fix_full	L1525581	0	1.0000
fix_full	L152670	0	1.0000
fix_full	L1527449	0	0.9966
fix_full	L1532593	1	0.5570
fix_full	L1537084	1	1.0000
fix_full	L1545445	1	0.6856
fix_full	L1549764	1	1.0000
fix_full	L1553511	0	1.0000
fix_full	L1555961	0	0.9402
fix_full	L1556158	0	1.0000
fix_full	L1559085	0	1.0000
fix_full	L1559370	0	1.0000
fix_full	L1561684	1	0.6476
fix_full	L1563921	1	1.0000
fix_full	L1564440	1	0.5002
fix_full	L1564788	0	1.0000
fix_full	L1570442	0	0.6146
fix_full	L1577548	0	1.0000
fix_full	L1582773	0	0.9997
fix_full	L1586476	0	1.0000
fix_full	L1591774	0	1.0000
fix_full	L1592464	0	1.0000
fix_full	L1592890	0	1.0000
fix_full	L1593009	0	1.0000
fix_full	L1594265	0	1.0000
fix_full	L15949	0	1.0000
fix_full	L1595729	1	0.9999
fix_full	L1596023	0	1.0000
fix_full	L1596979	0	1.0000
fix_full	L1599150	0	1.0000
fix_full	L1605496	0	1.0000
fix_full	L1608356	0	0.7969
fix_full	L1608408	1	0.5022
fix_full	L1609523	0	1.0000
fix_full	L1611831	1	0.7847
fix_full	L1613719	0	1.0000
fix_full	L1613862	0	1.0000
fix_full	L1614892	0	1.0000
fix_full	L1615590	0	1.0000
fix_full	L1616879	0	1.0000
fix_full	L1617022	1	1.0000
fix_full	L1619438	1	0.5750
fix_full	L1619907	0	1.0000
fix_full	L1620099	0	1.0000
fix_full	L1622776	1	0.5255
fix_full	L1622804	1	0.5694
fix_full	L1623315	0	1.0000
fix_full	L1625869	0	1.0000
fix_full	L1632251	0	1.0000
fix_full	L1632593	0	0.9999
fix_full	L1633409	0	0.9184
fix_full	L163519	0	1.0000
fix_full	L1635479	0	1.0000
fix_full	L1638116	0	1.0000
fix_full	L1642892	0	0.5800
fix_full	L1647022	0	1.0000
fix_full	L1649256	0	1.0000
fix_full	L1650196	0	1.0000
fix_full	L1654301	1	0.5402
fix_full	L1656331	0	0.9798
fix_full	L1657868	1	1.0000
fix_full	L1658774	0	0.9308
fix_full	L1660134	0	1.0000
fix_full	L166249	0	1.0000
fix_full	L1663458	0	0.9998
fix_full	L16644	0	1.0000
fix_full	L1664922	1	1.0000
fix_full	L1666954	0	1.0000
fix_full	L1668737	0	1.0000
fix_full	L167239	0	1.0000
fix_full	L167308	0	1.0000
fix_full	L1673443	0	0.9999
fix_full	L1677915	0	1.0000
fix_full	L1679070	0	0.9997
fix_full	L1679327	0	1.0000
fix_full	L1681571	0	1.0000
fix_full	L1683975	0	1.0000
fix_full	L1687257	0	0.9999
fix_full	L1689425	0	1.0000
fix_full	L1690704	0	0.5382
fix_full	L1690718	0	0.3404
fix_full	L1692614	0	1.0000
fix_full	L1693021	0	1.0000
fix_full	L1693729	0	1.0000
fix_full	L1698795	0	1.0000
fix_full	L1700325	0	1.0000
fix_full	L1701759	0	1.0000
fix_full	L1706009	0	0.9877
fix_full	L1710196	0	1.0000
fix_full	L1713230	0	1.0000
fix_full	L1714485	1	0.7170
fix_full	L1715650	0	1.0000
fix_full	L1717886	0	0.9977
fix_full	L1720587	0	1.0000
fix_full	L1721987	0	1.0000
fix_full	L1722777	0	1.0000
fix_full	L1724773	1	0.6829
fix_full	L1725448	0	1.0000
fix_full	L1727481	0	0.7385
fix_full	L1728562	1	0.6794
fix_full	L1729015	0	1.0000
fix_full	L1729974	0	1.0000
fix_full	L1731527	0	0.9087
fix_full	L173383	0	1.0000
fix_full	L1735097	0	0.9520
fix_full	L1736351	0	1.0000
fix_full	L1736591	0	1.0000
fix_full	L1739879	1	0.9982
fix_full	L1741008	0	1.0000
fix_full	L1741461	0	0.8588
fix_full	L174176	0	1.0000
fix_full	L1741919	1	0.9454
fix_full	L1743480	0	1.0000
fix_full	L1744154	0	1.0000
fix_full	L1746595	0	1.0000
fix_full	L1748112	0	1.0000
fix_full	L1748957	0	1.0000
fix_full	L1749257	1	0.9498
fix_full	L175348	0	0.5232
fix_full	L1753832	0	1.0000
fix_full	L1755416	1	1.0000
fix_full	L1758324	0	1.0000
fix_full	L1758608	0	1.0000
fix_full	L1758614	0	1.0000
fix_full	L1758704	1	0.9917
fix_full	L1762064	0	0.9994
fix_full	L1765663	1	0.3912
fix_full	L1766093	1	0.9728
fix_full	L176738	0	1.0000
fix_full	L1768336	0	1.0000
fix_full	L176876	0	1.0000
fix_full	L1768935	0	0.9954
fix_full	L1770348	0	1.0000
fix_full	L1770471	0	1.0000
fix_full	L1772400	0	1.0000
fix_full	L1774077	0	1.0000
fix_full	L1774332	0	0.9995
fix_full	L177650	0	1.0000
fix_full	L1778239	0	0.9999
fix_full	L1778753	0	1.0000
fix_full	L1785009	1	0.9878
fix_full	L1788156	0	1.0000
fix_full	L179015	0	1.0000
fix_full	L1790481	0	1.0000
fix_full	L1791527	0	1.0000
fix_full	L1792265	0	1.0000
fix_full	L1793065	0	1.0000
fix_full	L1794712	0	1.0000
fix_full	L1794839	0	1.0000
fix_full	L1796826	0	1.0000
fix_full	L1797546	0	1.0000
fix_full	L1798302	0	1.0000
fix_full	L1799840	0	0.6365
fix_full	L1801258	0	1.0000
fix_full	L1802345	0	1.0000
fix_full	L180509	0	1.0000
fix_full	L1808966	0	1.0000
fix_full	L1809234	0	1.0000
fix_full	L1811231	1	1.0000
fix_full	L1812445	0	1.0000
fix_full	L1814309	0	0.9998
fix_full	L1816451	0	1.0000
fix_full	L1817551	1	0.5122
fix_full	L1820447	1	0.5464
fix_full	L1821765	0	1.0000
fix_full	L1822989	0	1.0000
fix_full	L1823086	0	1.0000
fix_full	L1825981	0	1.0000
fix_full	L1826918	0	1.0000
fix_full	L1830338	0	1.0000
fix_full	L18313	0	1.0000
fix_full	L1831368	0	1.0000
fix_full	L183802	0	1.0000
fix_full	L1838244	0	1.0000
fix_full	L1838501	0	0.9644
fix_full	L1838652	0	1.0000
fix_full	L1840388	0	0.9600
fix_full	L1848896	0	0.9991
fix_full	L1856065	0	1.0000
fix_full	L1857129	0	0.9880
fix_full	L1858192	0	1.0000
fix_full	L1858235	0	0.5449
fix_full	L1859863	0	0.9566
fix_full	L1860283	1	1.0000
fix_full	L1867226	0	0.9734
fix_full	L186847	0	1.0000
fix_full	L1869818	1	1.0000
fix_full	L1872590	0	1.0000
fix_full	L1872595	0	1.0000
fix_full	L1873245	0	0.9179
fix_full	L1873642	0	1.0000
fix_full	L1874928	1	0.3569
fix_full	L1876149	0	1.0000
fix_full	L18800	0	1.0000
fix_full	L1882201	1	0.7916
fix_full	L1882838	0	1.0000
fix_full	L1883125	1	1.0000
fix_full	L1883999	0	0.9922
fix_full	L1886440	0	1.0000
fix_full	L1889760	0	1.0000
fix_full	L189322	0	1.0000
fix_full	L1895575	0	1.0000
fix_full	L1897444	0	1.0000
fix_full	L1898605	0	1.0000
fix_full	L1898611	0	1.0000
fix_full	L190102	0	1.0000
fix_full	L1902625	1	1.0000
fix_full	L1905283	0	1.0000
fix_full	L190650	0	1.0000
fix_full	L190687	0	1.0000
fix_full	L1908570	1	0.5036
fix_full	L1909629	1	0.7551
fix_full	L1911881	1	0.3776
fix_full	L1912	0	1.0000
fix_full	L191488	0	1.0000
fix_full	L1920826	1	1.0000
fix_full	L192237	0	1.0000
fix_full	L1924744	0	1.0000
fix_full	L1925847	2	1.0000
fix_full	L1928273	0	1.0000
fix_full	L1928790	0	1.0000
fix_full	L1932241	0	1.0000
fix_full	L1932659	0	1.0000
fix_full	L1933206	1	0.5404
fix_full	L1933253	0	1.0000
fix_full	L1933970	0	1.0000
fix_full	L1936643	1	1.0000
fix_full	L1940497	1	0.5044
fix_full	L1942177	0	1.0000
fix_full	L1942305	0	1.0000
fix_full	L1943673	0	1.0000
fix_full	L1944226	0	1.0000
fix_full	L1944640	1	0.8942
fix_full	L1944904	1	0.5690
fix_full	L194952	0	0.5662
fix_full	L1951280	0	1.0000
fix_full	L1952353	0	0.8994
fix_full	L1953692	0	1.0000
fix_full	L1954656	0	0.7665
fix_full	L1955598	0	1.0000
fix_full	L1955973	0	0.9998
fix_full	L195908	0	1.0000
fix_full	L1964032	0	1.0000
fix_full	L1965961	0	0.9164
fix_full	L1970360	0	1.0000
fix_full	L1970493	1	1.0000
fix_full	L1970551	1	1.0000
fix_full	L1970668	0	1.0000
fix_full	L1971017	0	1.0000
fix_full	L1975091	1	0.8402
fix_full	L1975857	0	0.9998
fix_full	L197613	0	1.0000
fix_full	L1976785	0	1.0000
fix_full	L1981866	0	1.0000
fix_full	L1982300	0	1.0000
fix_full	L1983183	0	1.0000
fix_full	L1986059	0	0.9991
fix_full	L1990411	0	1.0000
fix_full	L1991628	0	1.0000
fix_full	L1994839	0	1.0000
fix_full	L1996032	0	1.0000
fix_full	L202116	0	1.0000
fix_full	L204802	0	0.7253
fix_full	L208863	0	1.0000
fix_full	L209724	0	0.8465
fix_full	L2105	0	1.0000
fix_full	L210838	0	1.0000
fix_full	L21151	0	0.7703
fix_full	L216034	1	0.5963
fix_full	L216528	0	1.0000
fix_full	L217349	0	1.0000
fix_full	L222365	0	0.9989
fix_full	L225416	0	0.9976
fix_full	L227476	0	1.0000
fix_full	L228723	0	1.0000
fix_full	L231682	0	1.0000
fix_full	L232060	0	1.0000
fix_full	L233375	0	1.0000
fix_full	L235764	0	1.0000
fix_full	L238858	1	1.0000
fix_full	L243818	0	1.0000
fix_full	L244003	0	0.9997
fix_full	L244965	0	1.0000
fix_full	L24866	0	1.0000
fix_full	L250969	0	1.0000
fix_full	L252902	0	1.0000
fix_full	L253345	0	0.9483
fix_full	L257043	0	0.9711
fix_full	L257465	0	0.5364
fix_full	L258378	0	1.0000
fix_full	L258696	0	1.0000
fix_full	L260842	0	0.9588
fix_full	L260939	0	0.9999
fix_full	L261190	0	1.0000
fix_full	L267309	1	0.3504
fix_full	L267846	0	1.0000
fix_full	L270977	0	1.0000
fix_full	L272730	0	1.0000
fix_full	L273461	1	1.0000
fix_full	L282320	0	1.0000
fix_full	L283173	1	1.0000
fix_full	L283368	1	0.8683
fix_full	L288752	0	1.0000
fix_full	L2888	1	1.0000
fix_full	L293305	1	1.0000
fix_full	L293537	0	1.0000
fix_full	L294764	1	0.8011
fix_full	L299364	0	1.0000
fix_full	L299595	1	1.0000
fix_full	L299782	0	1.0000
fix_full	L300401	0	1.0000
fix_full	L30336	0	0.9656
fix_full	L310087	0	1.0000
fix_full	L312118	0	1.0000
fix_full	L318026	0	0.9998
fix_full	L318722	0	1.0000
fix_full	L31952	0	1.0000
fix_full	L319839	0	1.0000
fix_full	L319888	0	0.8817
fix_full	L320440	1	1.0000
fix_full	L321627	0	1.0000
fix_full	L322333	0	1.0000
fix_full	L322794	0	1.0000
fix_full	L322866	0	1.0000
fix_full	L324151	0	1.0000
fix_full	L324946	0	1.0000
fix_full	L32606	0	1.0000
fix_full	L326205	0	1.0000
fix_full	L327486	0	1.0000
fix_full	L331805	1	1.0000
fix_full	L331807	1	1.0000
fix_full	L333401	0	1.0000
fix_full	L333865	0	1.0000
fix_full	L335478	0	1.0000
fix_full	L336916	1	0.2604
fix_full	L337726	1	1.0000
fix_full	L343911	0	1.0000
fix_full	L346110	0	1.0000
fix_full	L35206	0	1.0000
fix_full	L352100	0	1.0000
fix_full	L353330	0	1.0000
fix_full	L353755	0	1.0000
fix_full	L354281	1	0.9864
fix_full	L355469	0	0.9771
fix_full	L355973	0	0.5274
fix_full	L358098	0	1.0000
fix_full	L358427	0	1.0000
fix_full	L36185	1	1.0000
fix_full	L36374	0	1.0000
fix_full	L36393	1	1.0000
fix_full	L364477	0	1.0000
fix_full	L368265	0	0.9998
fix_full	L369221	0	1.0000
fix_full	L370516	0	1.0000
fix_full	L375608	0	1.0000
fix_full	L375999	1	0.5536
fix_full	L376343	0	1.0000
fix_full	L377914	1	1.0000
fix_full	L380751	0	0.6527
fix_full	L382166	0	1.0000
fix_full	L382724	0	1.0000
fix_full	L383909	0	1.0000
fix_full	L385595	0	1.0000
fix_full	L386761	0	1.0000
fix_full	L38847	0	1.0000
fix_full	L388838	1	1.0000
fix_full	L390056	0	1.0000
fix_full	L390847	1	1.0000
fix_full	L391263	0	1.0000
fix_full	L394934	0	1.0000
fix_full	L396359	0	1.0000
fix_full	L397005	1	0.7237
fix_full	L398087	1	0.4358
fix_full	L401127	0	1.0000
fix_full	L402454	0	1.0000
fix_full	L403424	0	1.0000
fix_full	L405687	1	0.6507
fix_full	L409413	0	0.6034
fix_full	L411451	0	1.0000
fix_full	L414909	0	1.0000
fix_full	L414959	0	1.0000
fix_full	L418437	0	1.0000
fix_full	L419149	0	1.0000
fix_full	L422199	0	1.0000
fix_full	L42258	0	1.0000
fix_full	L425262	1	1.0000
fix_full	L425629	0	0.9603
fix_full	L431467	0	1.0000
fix_full	L433013	0	1.0000
fix_full	L435219	0	1.0000
fix_full	L442957	0	1.0000
fix_full	L4469	0	1.0000
fix_full	L446901	0	1.0000
fix_full	L449888	0	1.0000
fix_full	L450863	0	1.0000
fix_full	L454426	0	1.0000
fix_full	L456423	0	1.0000
fix_full	L458224	1	0.7408
fix_full	L45866	0	1.0000
fix_full	L459126	1	0.7246
fix_full	L459710	1	0.9731
fix_full	L460845	1	0.9255
fix_full	L462461	0	0.5869
fix_full	L462611	1	0.9211
fix_full	L465953	0	1.0000
fix_full	L466572	1	0.5376
fix_full	L469914	0	1.0000
fix_full	L472973	0	1.0000
fix_full	L47627	0	1.0000
fix_full	L477052	1	0.9842
fix_full	L477480	1	0.5758
fix_full	L478354	0	1.0000
fix_full	L480723	0	0.9984
fix_full	L481009	1	0.6160
fix_full	L481562	1	1.0000
fix_full	L481889	0	1.0000
fix_full	L482581	0	1.0000
fix_full	L488483	1	1.0000
fix_full	L494762	0	1.0000
fix_full	L496946	1	1.0000
fix_full	L497994	0	1.0000
fix_full	L498642	0	1.0000
fix_full	L499837	0	1.0000
fix_full	L500481	0	1.0000
fix_full	L501837	1	1.0000
fix_full	L506324	0	1.0000
fix_full	L5117	0	1.0000
fix_full	L511916	0	1.0000
fix_full	L515141	0	1.0000
fix_full	L516046	0	1.0000
fix_full	L520263	0	1.0000
fix_full	L521167	0	1.0000
fix_full	L521904	0	0.9948
fix_full	L523867	0	1.0000
fix_full	L524464	1	0.6168
fix_full	L525527	0	0.9999
fix_full	L529623	0	1.0000
fix_full	L531061	0	1.0000
fix_full	L533105	0	1.0000
fix_full	L534964	0	1.0000
fix_full	L535240	0	0.9617
fix_full	L535400	1	0.7859
fix_full	L536467	0	1.0000
fix_full	L536524	0	1.0000
fix_full	L539572	0	0.9448
fix_full	L539623	0	1.0000
fix_full	L541274	0	1.0000
fix_full	L541585	0	1.0000
fix_full	L543256	0	1.0000
fix_full	L544561	0	1.0000
fix_full	L545165	1	0.8097
fix_full	L546910	0	1.0000
fix_full	L548504	0	1.0000
fix_full	L551442	0	1.0000
fix_full	L555925	0	1.0000
fix_full	L556696	0	1.0000
fix_full	L559531	0	1.0000
fix_full	L560176	0	1.0000
fix_full	L561367	1	0.6033
fix_full	L564679	1	1.0000
fix_full	L566745	1	0.9884
fix_full	L568989	0	1.0000
fix_full	L570772	0	1.0000
fix_full	L572521	0	1.0000
fix_full	L577507	0	1.0000
fix_full	L578197	1	0.5133
fix_full	L584866	0	1.0000
fix_full	L586948	1	0.8815
fix_full	L589777	1	1.0000
fix_full	L589868	0	1.0000
fix_full	L590205	0	1.0000
fix_full	L59044	0	1.0000
fix_full	L599511	0	1.0000
fix_full	L60389	0	1.0000
fix_full	L614050	0	1.0000
fix_full	L617862	1	0.7272
fix_full	L620966	0	1.0000
fix_full	L623278	1	1.0000
fix_full	L62337	1	0.4073
fix_full	L626238	0	0.9983
fix_full	L626353	1	0.8962
fix_full	L62839	0	1.0000
fix_full	L632457	0	1.0000
fix_full	L635118	0	1.0000
fix_full	L636888	0	1.0000
fix_full	L639959	0	1.0000
fix_full	L640160	0	1.0000
fix_full	L641936	0	0.7595
fix_full	L642984	0	1.0000
fix_full	L644406	0	0.9646
fix_full	L644497	0	1.0000
fix_full	L646751	0	1.0000
fix_full	L649091	1	1.0000
fix_full	L652753	0	1.0000
fix_full	L657061	0	1.0000
fix_full	L657332	0	1.0000
fix_full	L657537	0	1.0000
fix_full	L658591	0	1.0000
fix_full	L659549	0	0.9505
fix_full	L660443	0	0.9998
fix_full	L663427	0	0.9227
fix_full	L665914	1	1.0000
fix_full	L666180	0	1.0000
fix_full	L667013	0	1.0000
fix_full	L667839	0	1.0000
fix_full	L669436	0	1.0000
fix_full	L66992	0	1.0000
fix_full	L677371	0	1.0000
fix_full	L678289	0	1.0000
fix_full	L678676	0	1.0000
fix_full	L679717	0	0.6080
fix_full	L680683	0	1.0000
fix_full	L681033	0	1.0000
fix_full	L681532	0	1.0000
fix_full	L681559	0	1.0000
fix_full	L681852	0	1.0000
fix_full	L684567	0	1.0000
fix_full	L685962	0	1.0000
fix_full	L686506	0	1.0000
fix_full	L689721	0	1.0000
fix_full	L691596	0	1.0000
fix_full	L692386	0	1.0000
fix_full	L693733	1	0.5464
fix_full	L694998	0	1.0000
fix_full	L699028	0	0.9620
fix_full	L700056	0	1.0000
fix_full	L700404	0	1.0000
fix_full	L702168	0	1.0000
fix_full	L70331	0	0.9999
fix_full	L704136	0	1.0000
fix_full	L704338	1	1.0000
fix_full	L705787	0	0.7895
fix_full	L706127	0	0.4384
fix_full	L706802	0	1.0000
fix_full	L707187	0	1.0000
fix_full	L710321	0	1.0000
fix_full	L711529	0	1.0000
fix_full	L71277	1	1.0000
fix_full	L713051	0	1.0000
fix_full	L715677	0	1.0000
fix_full	L716679	0	1.0000
fix_full	L720310	0	1.0000
fix_full	L720918	0	1.0000
fix_full	L722647	0	1.0000
fix_full	L722885	0	0.8525
fix_full	L725643	0	0.9406
fix_full	L730413	0	1.0000
fix_full	L731956	0	1.0000
fix_full	L736973	0	1.0000
fix_full	L740874	0	1.0000
fix_full	L741246	0	1.0000
fix_full	L742863	0	1.0000
fix_full	L743451	1	0.2671
fix_full	L748093	0	1.0000
fix_full	L751266	0	0.6099
fix_full	L752342	1	1.0000
fix_full	L752475	0	1.0000
fix_full	L752653	0	1.0000
fix_full	L75387	0	1.0000
fix_full	L754764	0	1.0000
fix_full	L755702	1	1.0000
fix_full	L759676	0	1.0000
fix_full	L759690	0	1.0000
fix_full	L759925	0	1.0000
fix_full	L760304	0	1.0000
fix_full	L762113	0	1.0000
fix_full	L762771	0	0.7229
fix_full	L763808	0	1.0000
fix_full	L764107	1	1.0000
fix_full	L764127	0	0.9963
fix_full	L764282	0	1.0000
fix_full	L764916	0	0.9999
fix_full	L77164	0	1.0000
fix_full	L773134	0	1.0000
fix_full	L774588	0	1.0000
fix_full	L774738	0	1.0000
fix_full	L775906	0	1.0000
fix_full	L778698	0	1.0000
fix_full	L779464	0	1.0000
fix_full	L779937	0	1.0000
fix_full	L780609	0	1.0000
fix_full	L784473	0	1.0000
fix_full	L787550	0	1.0000
fix_full	L789409	0	1.0000
fix_full	L790771	0	1.0000
fix_full	L792951	1	1.0000
fix_full	L79315	0	1.0000
fix_full	L793490	0	1.0000
fix_full	L79406	0	1.0000
fix_full	L79610	1	1.0000
fix_full	L796809	0	0.4583
fix_full	L798449	0	1.0000
fix_full	L801473	0	1.0000
fix_full	L801620	0	0.9708
fix_full	L801738	1	0.5151
fix_full	L803364	1	0.9453
fix_full	L803613	0	1.0000
fix_full	L804778	1	0.8658
fix_full	L808364	1	1.0000
fix_full	L809372	0	1.0000
fix_full	L809693	1	0.5136
fix_full	L811734	0	1.0000
fix_full	L81215	0	1.0000
fix_full	L812450	0	1.0000
fix_full	L812672	0	1.0000
fix_full	L815977	0	0.8809
fix_full	L816644	0	1.0000
fix_full	L81909	0	1.0000
fix_full	L819563	0	1.0000
fix_full	L821100	0	1.0000
fix_full	L822334	0	1.0000
fix_full	L824223	0	1.0000
fix_full	L827048	0	1.0000
fix_full	L827129	0	1.0000
fix_full	L829233	0	0.7139
fix_full	L83001	0	1.0000
fix_full	L830371	0	1.0000
fix_full	L832923	0	1.0000
fix_full	L834579	0	1.0000
fix_full	L834622	0	1.0000
fix_full	L837955	0	1.0000
fix_full	L843972	0	0.9237
fix_full	L845031	0	1.0000
fix_full	L846960	0	1.0000
fix_full	L847988	0	1.0000
fix_full	L849505	0	1.0000
fix_full	L851847	0	1.0000
fix_full	L853299	0	1.0000
fix_full	L855747	1	0.4109
fix_full	L855935	0	1.0000
fix_full	L856753	0	1.0000
fix_full	L85748	0	0.9990
fix_full	L858843	0	1.0000
fix_full	L862725	0	1.0000
fix_full	L864050	0	1.0000
fix_full	L86679	0	1.0000
fix_full	L868640	0	1.0000
fix_full	L869371	0	1.0000
fix_full	L869433	0	1.0000
fix_full	L873249	0	1.0000
fix_full	L883133	0	1.0000
fix_full	L883660	0	1.0000
fix_full	L884453	0	1.0000
fix_full	L885068	0	1.0000
fix_full	L885624	0	1.0000
fix_full	L886084	0	1.0000
fix_full	L886474	1	0.8511
fix_full	L886813	0	1.0000
fix_full	L888328	0	1.0000
fix_full	L888339	0	1.0000
fix_full	L888692	0	0.3374
fix_full	L892540	0	1.0000
fix_full	L894181	0	1.0000
fix_full	L895192	1	1.0000
fix_full	L895682	0	1.0000
fix_full	L898645	1	0.9221
fix_full	L900297	1	1.0000
fix_full	L902295	0	1.0000
fix_full	L902514	1	0.6982
fix_full	L906439	0	1.0000
fix_full	L907227	0	1.0000
fix_full	L90734	0	1.0000
fix_full	L909856	0	1.0000
fix_full	L910412	1	0.5390
fix_full	L910841	1	0.9815
fix_full	L911364	0	1.0000
fix_full	L912237	0	1.0000
fix_full	L913833	0	1.0000
fix_full	L914150	0	1.0000
fix_full	L914195	0	1.0000
fix_full	L91480	1	1.0000
fix_full	L918005	0	1.0000
fix_full	L918018	0	1.0000
fix_full	L923738	1	0.8620
fix_full	L924400	0	1.0000
fix_full	L925260	0	0.9859
fix_full	L928875	1	1.0000
fix_full	L93124	0	1.0000
fix_full	L93295	0	1.0000
fix_full	L933087	1	1.0000
fix_full	L933852	0	1.0000
fix_full	L936253	0	1.0000
fix_full	L940767	0	0.9999
fix_full	L941368	0	0.9966
fix_full	L941926	0	1.0000
fix_full	L942873	0	1.0000
fix_full	L943752	0	1.0000
fix_full	L948601	0	1.0000
fix_full	L94945	0	0.9544
fix_full	L949761	1	0.7716
fix_full	L953203	0	1.0000
fix_full	L95620	0	1.0000
fix_full	L957565	0	1.0000
fix_full	L960419	0	1.0000
fix_full	L962289	0	1.0000
fix_full	L96262	0	1.0000
fix_full	L962680	0	1.0000
fix_full	L967795	0	1.0000
fix_full	L968437	0	1.0000
fix_full	L969615	0	0.5451
fix_full	L970400	1	0.6112
fix_full	L972698	0	1.0000
fix_full	L974207	0	1.0000
fix_full	L979330	0	1.0000
fix_full	L983346	0	1.0000
fix_full	L984768	0	1.0000
fix_full	L984796	0	1.0000
fix_full	L985204	0	1.0000
fix_full	L985959	0	1.0000
fix_full	L986820	1	1.0000
fix_full	L989999	1	1.0000
fix_full	L994491	0	1.0000
fix_full	L997717	1	1.0000
fix_full	L998540	0	1.0000
stock_nopremask_full	L1002585	0	1.0000
stock_nopremask_full	L1004185	0	0.9545
stock_nopremask_full	L1005032	0	1.0000
stock_nopremask_full	L1011227	0	1.0000
stock_nopremask_full	L1012049	0	1.0000
stock_nopremask_full	L1012199	0	1.0000
stock_nopremask_full	L1016849	0	1.0000
stock_nopremask_full	L1017537	0	1.0000
stock_nopremask_full	L1021907	0	1.0000
stock_nopremask_full	L1024044	0	1.0000
stock_nopremask_full	L1024542	0	1.0000
stock_nopremask_full	L1025399	0	1.0000
stock_nopremask_full	L1026799	0	1.0000
stock_nopremask_full	L102922	0	0.9485
stock_nopremask_full	L1029951	1	0.9704
stock_nopremask_full	L1030819	0	1.0000
stock_nopremask_full	L103249	1	1.0000
stock_nopremask_full	L1036266	0	1.0000
stock_nopremask_full	L1036426	0	1.0000
stock_nopremask_full	L1038977	1	1.0000
stock_nopremask_full	L1044163	0	0.5253
stock_nopremask_full	L1044444	0	0.9992
stock_nopremask_full	L1046348	0	1.0000
stock_nopremask_full	L1046966	0	1.0000
stock_nopremask_full	L1050743	0	1.0000
stock_nopremask_full	L1052309	0	1.0000
stock_nopremask_full	L1053445	0	1.0000
stock_nopremask_full	L1054346	0	0.9993
stock_nopremask_full	L1055550	0	1.0000
stock_nopremask_full	L1058576	0	1.0000
stock_nopremask_full	L1060120	1	1.0000
stock_nopremask_full	L1061482	1	1.0000
stock_nopremask_full	L1061587	1	0.6283
stock_nopremask_full	L1062126	0	1.0000
stock_nopremask_full	L1063587	0	1.0000
stock_nopremask_full	L1064227	0	1.0000
stock_nopremask_full	L1065804	1	1.0000
stock_nopremask_full	L1068964	0	1.0000
stock_nopremask_full	L1069832	0	1.0000
stock_nopremask_full	L1071754	0	0.4323
stock_nopremask_full	L1072449	1	1.0000
stock_nopremask_full	L1073165	0	0.5700
stock_nopremask_full	L1075189	1	0.7740
stock_nopremask_full	L1081827	1	0.7102
stock_nopremask_full	L1082663	0	1.0000
stock_nopremask_full	L1083972	0	1.0000
stock_nopremask_full	L1085175	0	1.0000
stock_nopremask_full	L1087086	1	0.5579
stock_nopremask_full	L1087105	1	0.5465
stock_nopremask_full	L1089119	1	0.9884
stock_nopremask_full	L1090631	0	1.0000
stock_nopremask_full	L1091178	0	0.8218
stock_nopremask_full	L1091281	0	0.5841
stock_nopremask_full	L1091323	0	0.5778
stock_nopremask_full	L1091479	0	1.0000
stock_nopremask_full	L1092388	0	1.0000
stock_nopremask_full	L1096376	0	1.0000
stock_nopremask_full	L1099155	0	1.0000
stock_nopremask_full	L1101520	0	1.0000
stock_nopremask_full	L1106265	0	1.0000
stock_nopremask_full	L1106965	0	1.0000
stock_nopremask_full	L1107538	0	1.0000
stock_nopremask_full	L1109734	0	1.0000
stock_nopremask_full	L1110523	0	1.0000
stock_nopremask_full	L1116847	0	1.0000
stock_nopremask_full	L1117806	0	1.0000
stock_nopremask_full	L1123172	0	1.0000
stock_nopremask_full	L112480	0	1.0000
stock_nopremask_full	L1125468	0	1.0000
stock_nopremask_full	L1125564	0	1.0000
stock_nopremask_full	L1126749	0	1.0000
stock_nopremask_full	L1127804	1	0.3867
stock_nopremask_full	L1128821	0	1.0000
stock_nopremask_full	L1132817	0	1.0000
stock_nopremask_full	L1134826	1	1.0000
stock_nopremask_full	L1135019	1	0.5008
stock_nopremask_full	L113844	0	0.5798
stock_nopremask_full	L1138559	1	0.7880
stock_nopremask_full	L1139573	1	1.0000
stock_nopremask_full	L1142178	1	0.3380
stock_nopremask_full	L1143584	0	1.0000
stock_nopremask_full	L1146782	1	1.0000
stock_nopremask_full	L1148275	1	1.0000
stock_nopremask_full	L1148681	0	1.0000
stock_nopremask_full	L1148861	0	1.0000
stock_nopremask_full	L115160	0	1.0000
stock_nopremask_full	L1152742	0	0.7856
stock_nopremask_full	L1159462	0	1.0000
stock_nopremask_full	L1160593	0	1.0000
stock_nopremask_full	L1166860	1	1.0000
stock_nopremask_full	L1169308	1	1.0000
stock_nopremask_full	L1171933	0	1.0000
stock_nopremask_full	L1175689	0	1.0000
stock_nopremask_full	L1176510	0	1.0000
stock_nopremask_full	L1176819	1	0.5708
stock_nopremask_full	L1181526	0	1.0000
stock_nopremask_full	L1184831	0	1.0000
stock_nopremask_full	L1188236	0	1.0000
stock_nopremask_full	L1189606	0	1.0000
stock_nopremask_full	L1190029	0	1.0000
stock_nopremask_full	L1192003	0	1.0000
stock_nopremask_full	L1193093	1	0.9607
stock_nopremask_full	L1193626	0	1.0000
stock_nopremask_full	L1194943	1	1.0000
stock_nopremask_full	L1200114	0	1.0000
stock_nopremask_full	L1200373	0	1.0000
stock_nopremask_full	L1202626	0	1.0000
stock_nopremask_full	L1203652	0	1.0000
stock_nopremask_full	L1205967	0	1.0000
stock_nopremask_full	L1206149	0	1.0000
stock_nopremask_full	L1208940	0	1.0000
stock_nopremask_full	L120959	0	1.0000
stock_nopremask_full	L1211345	0	1.0000
stock_nopremask_full	L1212637	0	1.0000
stock_nopremask_full	L1212861	0	1.0000
stock_nopremask_full	L121334	0	0.4805
stock_nopremask_full	L1215236	0	0.9998
stock_nopremask_full	L1217544	1	0.9941
stock_nopremask_full	L1217630	0	1.0000
stock_nopremask_full	L1218521	0	1.0000
stock_nopremask_full	L121873	0	1.0000
stock_nopremask_full	L1218743	0	1.0000
stock_nopremask_full	L1219260	0	1.0000
stock_nopremask_full	L1219324	0	1.0000
stock_nopremask_full	L1223018	1	0.6971
stock_nopremask_full	L12241	1	0.4664
stock_nopremask_full	L122411	0	1.0000
stock_nopremask_full	L1228313	0	1.0000
stock_nopremask_full	L1228316	0	1.0000
stock_nopremask_full	L1228698	0	1.0000
stock_nopremask_full	L1229975	0	1.0000
stock_nopremask_full	L1233030	0	0.9903
stock_nopremask_full	L1234322	0	1.0000
stock_nopremask_full	L1235564	0	1.0000
stock_nopremask_full	L1237368	0	0.3416
stock_nopremask_full	L1242536	0	1.0000
stock_nopremask_full	L1243882	0	1.0000
stock_nopremask_full	L1244427	1	0.9520
stock_nopremask_full	L1247700	0	1.0000
stock_nopremask_full	L1249050	0	1.0000
stock_nopremask_full	L1252273	0	0.9547
stock_nopremask_full	L1252715	0	1.0000
stock_nopremask_full	L125500	0	1.0000
stock_nopremask_full	L125644	0	1.0000
stock_nopremask_full	L1263639	0	1.0000
stock_nopremask_full	L1263909	0	1.0000
stock_nopremask_full	L1267300	0	1.0000
stock_nopremask_full	L1267973	0	0.6728
stock_nopremask_full	L1268056	1	0.3545
stock_nopremask_full	L1269000	0	1.0000
stock_nopremask_full	L1269225	0	1.0000
stock_nopremask_full	L1269960	0	1.0000
stock_nopremask_full	L1270519	1	0.5115
stock_nopremask_full	L1271695	1	1.0000
stock_nopremask_full	L1274988	0	1.0000
stock_nopremask_full	L1277578	1	1.0000
stock_nopremask_full	L1277861	0	1.0000
stock_nopremask_full	L1281298	0	1.0000
stock_nopremask_full	L1283746	0	1.0000
stock_nopremask_full	L1284558	0	0.9554
stock_nopremask_full	L1286758	0	1.0000
stock_nopremask_full	L1291250	0	1.0000
stock_nopremask_full	L129208	0	1.0000
stock_nopremask_full	L1292363	0	0.9165
stock_nopremask_full	L1292503	0	1.0000
stock_nopremask_full	L1294408	1	0.5904
stock_nopremask_full	L1294453	0	0.9818
stock_nopremask_full	L1294952	0	1.0000
stock_nopremask_full	L1297512	0	1.0000
stock_nopremask_full	L1298142	0	1.0000
stock_nopremask_full	L1299862	0	1.0000
stock_nopremask_full	L1302458	1	0.9929
stock_nopremask_full	L1307852	0	1.0000
stock_nopremask_full	L130839	0	1.0000
stock_nopremask_full	L1309046	0	1.0000
stock_nopremask_full	L1314993	0	1.0000
stock_nopremask_full	L1316645	1	0.9978
stock_nopremask_full	L1316673	0	0.7550
stock_nopremask_full	L1319261	1	1.0000
stock_nopremask_full	L1320029	1	0.5001
stock_nopremask_full	L1321139	0	1.0000
stock_nopremask_full	L1322298	0	1.0000
stock_nopremask_full	L1325043	0	1.0000
stock_nopremask_full	L1328601	0	1.0000
stock_nopremask_full	L1330004	0	1.0000
stock_nopremask_full	L1334204	0	1.0000
stock_nopremask_full	L1334727	0	1.0000
stock_nopremask_full	L1337969	0	0.7176
stock_nopremask_full	L1338440	0	0.8777
stock_nopremask_full	L1338867	1	1.0000
stock_nopremask_full	L13406	0	1.0000
stock_nopremask_full	L1341334	0	1.0000
stock_nopremask_full	L1342936	0	1.0000
stock_nopremask_full	L1343571	0	0.9857
stock_nopremask_full	L134770	0	1.0000
stock_nopremask_full	L1348767	1	1.0000
stock_nopremask_full	L1349954	0	1.0000
stock_nopremask_full	L1350260	0	1.0000
stock_nopremask_full	L1354350	0	1.0000
stock_nopremask_full	L1358832	0	1.0000
stock_nopremask_full	L1362201	0	1.0000
stock_nopremask_full	L1362636	1	1.0000
stock_nopremask_full	L1365362	0	1.0000
stock_nopremask_full	L1366477	0	1.0000
stock_nopremask_full	L1369644	0	1.0000
stock_nopremask_full	L13698	0	1.0000
stock_nopremask_full	L1371092	1	1.0000
stock_nopremask_full	L1372683	0	1.0000
stock_nopremask_full	L1372686	0	1.0000
stock_nopremask_full	L1373403	0	1.0000
stock_nopremask_full	L1378339	0	1.0000
stock_nopremask_full	L1379425	1	0.7982
stock_nopremask_full	L1380845	0	1.0000
stock_nopremask_full	L1382177	0	1.0000
stock_nopremask_full	L1382936	0	0.8067
stock_nopremask_full	L1382969	0	1.0000
stock_nopremask_full	L1383932	0	1.0000
stock_nopremask_full	L1384051	0	1.0000
stock_nopremask_full	L1393346	0	0.8411
stock_nopremask_full	L1394372	0	1.0000
stock_nopremask_full	L1398058	0	1.0000
stock_nopremask_full	L1398565	0	1.0000
stock_nopremask_full	L1400233	0	1.0000
stock_nopremask_full	L1400557	1	0.9998
stock_nopremask_full	L1403214	0	1.0000
stock_nopremask_full	L1409097	0	1.0000
stock_nopremask_full	L1409378	0	1.0000
stock_nopremask_full	L1410763	0	1.0000
stock_nopremask_full	L1410905	0	1.0000
stock_nopremask_full	L1411655	0	1.0000
stock_nopremask_full	L1421095	0	1.0000
stock_nopremask_full	L1421423	0	1.0000
stock_nopremask_full	L1431164	0	1.0000
stock_nopremask_full	L1435268	0	1.0000
stock_nopremask_full	L1438447	0	1.0000
stock_nopremask_full	L1440099	0	1.0000
stock_nopremask_full	L1440354	0	1.0000
stock_nopremask_full	L1440579	0	0.9893
stock_nopremask_full	L1441065	0	1.0000
stock_nopremask_full	L1442950	0	1.0000
stock_nopremask_full	L144630	0	1.0000
stock_nopremask_full	L144966	0	1.0000
stock_nopremask_full	L1450044	0	1.0000
stock_nopremask_full	L145721	0	1.0000
stock_nopremask_full	L1463127	0	1.0000
stock_nopremask_full	L1463808	1	1.0000
stock_nopremask_full	L1468044	0	0.9862
stock_nopremask_full	L1468317	0	1.0000
stock_nopremask_full	L1470882	0	1.0000
stock_nopremask_full	L1472026	0	1.0000
stock_nopremask_full	L1475336	0	1.0000
stock_nopremask_full	L1477	0	0.9994
stock_nopremask_full	L1477137	1	1.0000
stock_nopremask_full	L1478713	0	0.7742
stock_nopremask_full	L1479097	0	1.0000
stock_nopremask_full	L1482186	1	0.5442
stock_nopremask_full	L1483022	1	1.0000
stock_nopremask_full	L1485252	0	0.9716
stock_nopremask_full	L1487868	0	1.0000
stock_nopremask_full	L1489958	0	1.0000
stock_nopremask_full	L1491338	0	1.0000
stock_nopremask_full	L1491406	1	1.0000
stock_nopremask_full	L1492427	1	0.6513
stock_nopremask_full	L1494927	0	1.0000
stock_nopremask_full	L1496723	0	1.0000
stock_nopremask_full	L14998	0	1.0000
stock_nopremask_full	L1500041	0	1.0000
stock_nopremask_full	L1500792	0	1.0000
stock_nopremask_full	L1501054	0	1.0000
stock_nopremask_full	L1501117	1	0.5502
stock_nopremask_full	L150284	0	0.8782
stock_nopremask_full	L1503080	0	1.0000
stock_nopremask_full	L1506056	0	1.0000
stock_nopremask_full	L1506305	0	1.0000
stock_nopremask_full	L1507593	0	1.0000
stock_nopremask_full	L1507721	0	1.0000
stock_nopremask_full	L1509635	0	1.0000
stock_nopremask_full	L1511077	0	1.0000
stock_nopremask_full	L1511516	1	1.0000
stock_nopremask_full	L151270	0	1.0000
stock_nopremask_full	L1513453	0	1.0000
stock_nopremask_full	L1513508	0	1.0000
stock_nopremask_full	L1514059	1	1.0000
stock_nopremask_full	L151434	0	1.0000
stock_nopremask_full	L1520281	0	0.9982
stock_nopremask_full	L1522665	0	1.0000
stock_nopremask_full	L1525581	0	1.0000
stock_nopremask_full	L152670	0	1.0000
stock_nopremask_full	L1527449	0	0.9966
stock_nopremask_full	L1532593	1	0.5570
stock_nopremask_full	L1537084	1	1.0000
stock_nopremask_full	L1545445	1	0.6856
stock_nopremask_full	L1549764	1	1.0000
stock_nopremask_full	L1553511	0	1.0000
stock_nopremask_full	L1555961	0	0.9402
stock_nopremask_full	L1556158	0	1.0000
stock_nopremask_full	L1559085	0	1.0000
stock_nopremask_full	L1559370	0	1.0000
stock_nopremask_full	L1561684	1	0.6476
stock_nopremask_full	L1563921	1	1.0000
stock_nopremask_full	L1564440	1	0.5002
stock_nopremask_full	L1564788	0	1.0000
stock_nopremask_full	L1570442	0	0.6146
stock_nopremask_full	L1577548	0	1.0000
stock_nopremask_full	L1582773	0	0.9997
stock_nopremask_full	L1586476	0	1.0000
stock_nopremask_full	L1591774	0	1.0000
stock_nopremask_full	L1592464	0	1.0000
stock_nopremask_full	L1592890	0	1.0000
stock_nopremask_full	L1593009	0	1.0000
stock_nopremask_full	L1594265	0	1.0000
stock_nopremask_full	L15949	0	1.0000
stock_nopremask_full	L1595729	1	0.9999
stock_nopremask_full	L1596023	0	1.0000
stock_nopremask_full	L1596979	0	1.0000
stock_nopremask_full	L1599150	0	1.0000
stock_nopremask_full	L1605496	0	1.0000
stock_nopremask_full	L1608356	0	0.7969
stock_nopremask_full	L1608408	1	0.5022
stock_nopremask_full	L1609523	0	1.0000
stock_nopremask_full	L1611831	1	0.7847
stock_nopremask_full	L1613719	0	1.0000
stock_nopremask_full	L1613862	0	1.0000
stock_nopremask_full	L1614892	0	1.0000
stock_nopremask_full	L1615590	0	1.0000
stock_nopremask_full	L1616879	0	1.0000
stock_nopremask_full	L1617022	1	1.0000
stock_nopremask_full	L1619438	1	0.5750
stock_nopremask_full	L1619907	0	1.0000
stock_nopremask_full	L1620099	0	1.0000
stock_nopremask_full	L1622776	1	0.5255
stock_nopremask_full	L1622804	1	0.5694
stock_nopremask_full	L1623315	0	1.0000
stock_nopremask_full	L1625869	0	1.0000
stock_nopremask_full	L1632251	0	1.0000
stock_nopremask_full	L1632593	0	0.9999
stock_nopremask_full	L1633409	0	0.9184
stock_nopremask_full	L163519	0	1.0000
stock_nopremask_full	L1635479	0	1.0000
stock_nopremask_full	L1638116	0	1.0000
stock_nopremask_full	L1642892	0	0.5800
stock_nopremask_full	L1647022	0	1.0000
stock_nopremask_full	L1649256	0	1.0000
stock_nopremask_full	L1650196	0	1.0000
stock_nopremask_full	L1654301	1	0.5402
stock_nopremask_full	L1656331	0	0.9798
stock_nopremask_full	L1657868	1	1.0000
stock_nopremask_full	L1658774	0	0.9308
stock_nopremask_full	L1660134	0	1.0000
stock_nopremask_full	L166249	0	1.0000
stock_nopremask_full	L1663458	0	0.9998
stock_nopremask_full	L16644	0	1.0000
stock_nopremask_full	L1664922	1	1.0000
stock_nopremask_full	L1666954	0	1.0000
stock_nopremask_full	L1668737	0	1.0000
stock_nopremask_full	L167239	0	1.0000
stock_nopremask_full	L167308	0	1.0000
stock_nopremask_full	L1673443	0	0.9999
stock_nopremask_full	L1677915	0	1.0000
stock_nopremask_full	L1679070	0	0.9997
stock_nopremask_full	L1679327	0	1.0000
stock_nopremask_full	L1681571	0	1.0000
stock_nopremask_full	L1683975	0	1.0000
stock_nopremask_full	L1687257	0	0.9999
stock_nopremask_full	L1689425	0	1.0000
stock_nopremask_full	L1690704	0	0.5382
stock_nopremask_full	L1690718	0	0.3404
stock_nopremask_full	L1692614	0	1.0000
stock_nopremask_full	L1693021	0	1.0000
stock_nopremask_full	L1693729	0	1.0000
stock_nopremask_full	L1698795	0	1.0000
stock_nopremask_full	L1700325	0	1.0000
stock_nopremask_full	L1701759	0	1.0000
stock_nopremask_full	L1706009	0	0.9877
stock_nopremask_full	L1710196	0	1.0000
stock_nopremask_full	L1713230	0	1.0000
stock_nopremask_full	L1714485	1	0.7170
stock_nopremask_full	L1715650	0	1.0000
stock_nopremask_full	L1717886	0	0.9977
stock_nopremask_full	L1720587	0	1.0000
stock_nopremask_full	L1721987	0	1.0000
stock_nopremask_full	L1722777	0	1.0000
stock_nopremask_full	L1724773	1	0.6829
stock_nopremask_full	L1725448	0	1.0000
stock_nopremask_full	L1727481	0	0.7385
stock_nopremask_full	L1728562	1	0.6794
stock_nopremask_full	L1729015	0	1.0000
stock_nopremask_full	L1729974	0	1.0000
stock_nopremask_full	L1731527	0	0.9087
stock_nopremask_full	L173383	0	1.0000
stock_nopremask_full	L1735097	0	0.9520
stock_nopremask_full	L1736351	0	1.0000
stock_nopremask_full	L1736591	0	1.0000
stock_nopremask_full	L1739879	1	0.9982
stock_nopremask_full	L1741008	0	1.0000
stock_nopremask_full	L1741461	0	0.8588
stock_nopremask_full	L174176	0	1.0000
stock_nopremask_full	L1741919	1	0.9454
stock_nopremask_full	L1743480	0	1.0000
stock_nopremask_full	L1744154	0	1.0000
stock_nopremask_full	L1746595	0	1.0000
stock_nopremask_full	L1748112	0	1.0000
stock_nopremask_full	L1748957	0	1.0000
stock_nopremask_full	L1749257	1	0.9498
stock_nopremask_full	L175348	0	0.5232
stock_nopremask_full	L1753832	0	1.0000
stock_nopremask_full	L1755416	1	1.0000
stock_nopremask_full	L1758324	0	1.0000
stock_nopremask_full	L1758608	0	1.0000
stock_nopremask_full	L1758614	0	1.0000
stock_nopremask_full	L1758704	1	0.9917
stock_nopremask_full	L1762064	0	0.9994
stock_nopremask_full	L1765663	1	0.3912
stock_nopremask_full	L1766093	1	0.9728
stock_nopremask_full	L176738	0	1.0000
stock_nopremask_full	L1768336	0	1.0000
stock_nopremask_full	L176876	0	1.0000
stock_nopremask_full	L1768935	0	0.9954
stock_nopremask_full	L1770348	0	1.0000
stock_nopremask_full	L1770471	0	1.0000
stock_nopremask_full	L1772400	0	1.0000
stock_nopremask_full	L1774077	0	1.0000
stock_nopremask_full	L1774332	0	0.9995
stock_nopremask_full	L177650	0	1.0000
stock_nopremask_full	L1778239	0	0.9999
stock_nopremask_full	L1778753	0	1.0000
stock_nopremask_full	L1785009	1	0.9878
stock_nopremask_full	L1788156	0	1.0000
stock_nopremask_full	L179015	0	1.0000
stock_nopremask_full	L1790481	0	1.0000
stock_nopremask_full	L1791527	0	1.0000
stock_nopremask_full	L1792265	0	1.0000
stock_nopremask_full	L1793065	0	1.0000
stock_nopremask_full	L1794712	0	1.0000
stock_nopremask_full	L1794839	0	1.0000
stock_nopremask_full	L1796826	0	1.0000
stock_nopremask_full	L1797546	0	1.0000
stock_nopremask_full	L1798302	0	1.0000
stock_nopremask_full	L1799840	0	0.6365
stock_nopremask_full	L1801258	0	1.0000
stock_nopremask_full	L1802345	0	1.0000
stock_nopremask_full	L180509	0	1.0000
stock_nopremask_full	L1808966	0	1.0000
stock_nopremask_full	L1809234	0	1.0000
stock_nopremask_full	L1811231	1	1.0000
stock_nopremask_full	L1812445	0	1.0000
stock_nopremask_full	L1814309	0	0.9998
stock_nopremask_full	L1816451	0	1.0000
stock_nopremask_full	L1817551	1	0.5122
stock_nopremask_full	L1820447	1	0.5464
stock_nopremask_full	L1821765	0	1.0000
stock_nopremask_full	L1822989	0	1.0000
stock_nopremask_full	L1823086	0	1.0000
stock_nopremask_full	L1825981	0	1.0000
stock_nopremask_full	L1826918	0	1.0000
stock_nopremask_full	L1830338	0	1.0000
stock_nopremask_full	L18313	0	1.0000
stock_nopremask_full	L1831368	0	1.0000
stock_nopremask_full	L183802	0	1.0000
stock_nopremask_full	L1838244	0	1.0000
stock_nopremask_full	L1838501	0	0.9644
stock_nopremask_full	L1838652	0	1.0000
stock_nopremask_full	L1840388	0	0.9600
stock_nopremask_full	L1848896	0	0.9991
stock_nopremask_full	L1856065	0	1.0000
stock_nopremask_full	L1857129	0	0.9880
stock_nopremask_full	L1858192	0	1.0000
stock_nopremask_full	L1858235	0	0.5449
stock_nopremask_full	L1859863	0	0.9566
stock_nopremask_full	L1860283	1	1.0000
stock_nopremask_full	L1867226	0	0.9734
stock_nopremask_full	L186847	0	1.0000
stock_nopremask_full	L1869818	1	1.0000
stock_nopremask_full	L1872590	0	1.0000
stock_nopremask_full	L1872595	0	1.0000
stock_nopremask_full	L1873245	0	0.9179
stock_nopremask_full	L1873642	0	1.0000
stock_nopremask_full	L1874928	1	0.3569
stock_nopremask_full	L1876149	0	1.0000
stock_nopremask_full	L18800	0	1.0000
stock_nopremask_full	L1882201	1	0.7916
stock_nopremask_full	L1882838	0	1.0000
stock_nopremask_full	L1883125	1	1.0000
stock_nopremask_full	L1883999	0	0.9922
stock_nopremask_full	L1886440	0	1.0000
stock_nopremask_full	L1889760	0	1.0000
stock_nopremask_full	L189322	0	1.0000
stock_nopremask_full	L1895575	0	1.0000
stock_nopremask_full	L1897444	0	1.0000
stock_nopremask_full	L1898605	0	1.0000
stock_nopremask_full	L1898611	0	1.0000
stock_nopremask_full	L190102	0	1.0000
stock_nopremask_full	L1902625	1	1.0000
stock_nopremask_full	L1905283	0	1.0000
stock_nopremask_full	L190650	0	1.0000
stock_nopremask_full	L190687	0	1.0000
stock_nopremask_full	L1908570	1	0.5036
stock_nopremask_full	L1909629	1	0.7551
stock_nopremask_full	L1911881	1	0.3776
stock_nopremask_full	L1912	0	1.0000
stock_nopremask_full	L191488	0	1.0000
stock_nopremask_full	L1920826	1	1.0000
stock_nopremask_full	L192237	0	1.0000
stock_nopremask_full	L1924744	0	1.0000
stock_nopremask_full	L1925847	2	1.0000
stock_nopremask_full	L1928273	0	1.0000
stock_nopremask_full	L1928790	0	1.0000
stock_nopremask_full	L1932241	0	1.0000
stock_nopremask_full	L1932659	0	1.0000
stock_nopremask_full	L1933206	1	0.5404
stock_nopremask_full	L1933253	0	1.0000
stock_nopremask_full	L1933970	0	1.0000
stock_nopremask_full	L1936643	1	1.0000
stock_nopremask_full	L1940497	1	0.5044
stock_nopremask_full	L1942177	0	1.0000
stock_nopremask_full	L1942305	0	1.0000
stock_nopremask_full	L1943673	0	1.0000
stock_nopremask_full	L1944226	0	1.0000
stock_nopremask_full	L1944640	1	0.8942
stock_nopremask_full	L1944904	1	0.5690
stock_nopremask_full	L194952	0	0.5662
stock_nopremask_full	L1951280	0	1.0000
stock_nopremask_full	L1952353	0	0.8994
stock_nopremask_full	L1953692	0	1.0000
stock_nopremask_full	L1954656	0	0.7665
stock_nopremask_full	L1955598	0	1.0000
stock_nopremask_full	L1955973	0	0.9998
stock_nopremask_full	L195908	0	1.0000
stock_nopremask_full	L1964032	0	1.0000
stock_nopremask_full	L1965961	0	0.9164
stock_nopremask_full	L1970360	0	1.0000
stock_nopremask_full	L1970493	1	1.0000
stock_nopremask_full	L1970551	1	1.0000
stock_nopremask_full	L1970668	0	1.0000
stock_nopremask_full	L1971017	0	1.0000
stock_nopremask_full	L1975091	1	0.8402
stock_nopremask_full	L1975857	0	0.9998
stock_nopremask_full	L197613	0	1.0000
stock_nopremask_full	L1976785	0	1.0000
stock_nopremask_full	L1981866	0	1.0000
stock_nopremask_full	L1982300	0	1.0000
stock_nopremask_full	L1983183	0	1.0000
stock_nopremask_full	L1986059	0	0.9991
stock_nopremask_full	L1990411	0	1.0000
stock_nopremask_full	L1991628	0	1.0000
stock_nopremask_full	L1994839	0	1.0000
stock_nopremask_full	L1996032	0	1.0000
stock_nopremask_full	L202116	0	1.0000
stock_nopremask_full	L204802	0	0.7253
stock_nopremask_full	L208863	0	1.0000
stock_nopremask_full	L209724	0	0.8465
stock_nopremask_full	L2105	0	1.0000
stock_nopremask_full	L210838	0	1.0000
stock_nopremask_full	L21151	0	0.7703
stock_nopremask_full	L216034	1	0.5963
stock_nopremask_full	L216528	0	1.0000
stock_nopremask_full	L217349	0	1.0000
stock_nopremask_full	L222365	0	0.9989
stock_nopremask_full	L225416	0	0.9976
stock_nopremask_full	L227476	0	1.0000
stock_nopremask_full	L228723	0	1.0000
stock_nopremask_full	L231682	0	1.0000
stock_nopremask_full	L232060	0	1.0000
stock_nopremask_full	L233375	0	1.0000
stock_nopremask_full	L235764	0	1.0000
stock_nopremask_full	L238858	1	1.0000
stock_nopremask_full	L243818	0	1.0000
stock_nopremask_full	L244003	0	0.9997
stock_nopremask_full	L244965	0	1.0000
stock_nopremask_full	L24866	0	1.0000
stock_nopremask_full	L250969	0	1.0000
stock_nopremask_full	L252902	0	1.0000
stock_nopremask_full	L253345	0	0.9483
stock_nopremask_full	L257043	0	0.9711
stock_nopremask_full	L257465	0	0.5364
stock_nopremask_full	L258378	0	1.0000
stock_nopremask_full	L258696	0	1.0000
stock_nopremask_full	L260842	0	0.9588
stock_nopremask_full	L260939	0	0.9999
stock_nopremask_full	L261190	0	1.0000
stock_nopremask_full	L267309	1	0.3504
stock_nopremask_full	L267846	0	1.0000
stock_nopremask_full	L270977	0	1.0000
stock_nopremask_full	L272730	0	1.0000
stock_nopremask_full	L273461	1	1.0000
stock_nopremask_full	L282320	0	1.0000
stock_nopremask_full	L283173	1	1.0000
stock_nopremask_full	L283368	1	0.8683
stock_nopremask_full	L288752	0	1.0000
stock_nopremask_full	L2888	1	1.0000
stock_nopremask_full	L293305	1	1.0000
stock_nopremask_full	L293537	0	1.0000
stock_nopremask_full	L294764	1	0.8011
stock_nopremask_full	L299364	0	1.0000
stock_nopremask_full	L299595	1	1.0000
stock_nopremask_full	L299782	0	1.0000
stock_nopremask_full	L300401	0	1.0000
stock_nopremask_full	L30336	0	0.9656
stock_nopremask_full	L310087	0	1.0000
stock_nopremask_full	L312118	0	1.0000
stock_nopremask_full	L318026	0	0.9998
stock_nopremask_full	L318722	0	1.0000
stock_nopremask_full	L31952	0	1.0000
stock_nopremask_full	L319839	0	1.0000
stock_nopremask_full	L319888	0	0.8817
stock_nopremask_full	L320440	1	1.0000
stock_nopremask_full	L321627	0	1.0000
stock_nopremask_full	L322333	0	1.0000
stock_nopremask_full	L322794	0	1.0000
stock_nopremask_full	L322866	0	1.0000
stock_nopremask_full	L324151	0	1.0000
stock_nopremask_full	L324946	0	1.0000
stock_nopremask_full	L32606	0	1.0000
stock_nopremask_full	L326205	0	1.0000
stock_nopremask_full	L327486	0	1.0000
stock_nopremask_full	L331805	1	1.0000
stock_nopremask_full	L331807	1	1.0000
stock_nopremask_full	L333401	0	1.0000
stock_nopremask_full	L333865	0	1.0000
stock_nopremask_full	L335478	0	1.0000
stock_nopremask_full	L336916	1	0.2604
stock_nopremask_full	L337726	1	1.0000
stock_nopremask_full	L343911	0	1.0000
stock_nopremask_full	L346110	0	1.0000
stock_nopremask_full	L35206	0	1.0000
stock_nopremask_full	L352100	0	1.0000
stock_nopremask_full	L353330	0	1.0000
stock_nopremask_full	L353755	0	1.0000
stock_nopremask_full	L354281	1	0.9864
stock_nopremask_full	L355469	0	0.9771
stock_nopremask_full	L355973	0	0.5274
stock_nopremask_full	L358098	0	1.0000
stock_nopremask_full	L358427	0	1.0000
stock_nopremask_full	L36185	1	1.0000
stock_nopremask_full	L36374	0	1.0000
stock_nopremask_full	L36393	1	1.0000
stock_nopremask_full	L364477	0	1.0000
stock_nopremask_full	L368265	0	0.9998
stock_nopremask_full	L369221	0	1.0000
stock_nopremask_full	L370516	0	1.0000
stock_nopremask_full	L375608	0	1.0000
stock_nopremask_full	L375999	1	0.5536
stock_nopremask_full	L376343	0	1.0000
stock_nopremask_full	L377914	1	1.0000
stock_nopremask_full	L380751	0	0.6527
stock_nopremask_full	L382166	0	1.0000
stock_nopremask_full	L382724	0	1.0000
stock_nopremask_full	L383909	0	1.0000
stock_nopremask_full	L385595	0	1.0000
stock_nopremask_full	L386761	0	1.0000
stock_nopremask_full	L38847	0	1.0000
stock_nopremask_full	L388838	1	1.0000
stock_nopremask_full	L390056	0	1.0000
stock_nopremask_full	L390847	1	1.0000
stock_nopremask_full	L391263	0	1.0000
stock_nopremask_full	L394934	0	1.0000
stock_nopremask_full	L396359	0	1.0000
stock_nopremask_full	L397005	1	0.7237
stock_nopremask_full	L398087	1	0.4358
stock_nopremask_full	L401127	0	1.0000
stock_nopremask_full	L402454	0	1.0000
stock_nopremask_full	L403424	0	1.0000
stock_nopremask_full	L405687	1	0.6507
stock_nopremask_full	L409413	0	0.6034
stock_nopremask_full	L411451	0	1.0000
stock_nopremask_full	L414909	0	1.0000
stock_nopremask_full	L414959	0	1.0000
stock_nopremask_full	L418437	0	1.0000
stock_nopremask_full	L419149	0	1.0000
stock_nopremask_full	L422199	0	1.0000
stock_nopremask_full	L42258	0	1.0000
stock_nopremask_full	L425262	1	1.0000
stock_nopremask_full	L425629	0	0.9603
stock_nopremask_full	L431467	0	1.0000
stock_nopremask_full	L433013	0	1.0000
stock_nopremask_full	L435219	0	1.0000
stock_nopremask_full	L442957	0	1.0000
stock_nopremask_full	L4469	0	1.0000
stock_nopremask_full	L446901	0	1.0000
stock_nopremask_full	L449888	0	1.0000
stock_nopremask_full	L450863	0	1.0000
stock_nopremask_full	L454426	0	1.0000
stock_nopremask_full	L456423	0	1.0000
stock_nopremask_full	L458224	1	0.7408
stock_nopremask_full	L45866	0	1.0000
stock_nopremask_full	L459126	1	0.7246
stock_nopremask_full	L459710	1	0.9731
stock_nopremask_full	L460845	1	0.9255
stock_nopremask_full	L462461	0	0.5869
stock_nopremask_full	L462611	1	0.9211
stock_nopremask_full	L465953	0	1.0000
stock_nopremask_full	L466572	1	0.5376
stock_nopremask_full	L469914	0	1.0000
stock_nopremask_full	L472973	0	1.0000
stock_nopremask_full	L47627	0	1.0000
stock_nopremask_full	L477052	1	0.9842
stock_nopremask_full	L477480	1	0.5758
stock_nopremask_full	L478354	0	1.0000
stock_nopremask_full	L480723	0	0.9984
stock_nopremask_full	L481009	1	0.6160
stock_nopremask_full	L481562	1	1.0000
stock_nopremask_full	L481889	0	1.0000
stock_nopremask_full	L482581	0	1.0000
stock_nopremask_full	L488483	1	1.0000
stock_nopremask_full	L494762	0	1.0000
stock_nopremask_full	L496946	1	1.0000
stock_nopremask_full	L497994	0	1.0000
stock_nopremask_full	L498642	0	1.0000
stock_nopremask_full	L499837	0	1.0000
stock_nopremask_full	L500481	0	1.0000
stock_nopremask_full	L501837	1	1.0000
stock_nopremask_full	L506324	0	1.0000
stock_nopremask_full	L5117	0	1.0000
stock_nopremask_full	L511916	0	1.0000
stock_nopremask_full	L515141	0	1.0000
stock_nopremask_full	L516046	0	1.0000
stock_nopremask_full	L520263	0	1.0000
stock_nopremask_full	L521167	0	1.0000
stock_nopremask_full	L521904	0	0.9948
stock_nopremask_full	L523867	0	1.0000
stock_nopremask_full	L524464	1	0.6168
stock_nopremask_full	L525527	0	0.9999
stock_nopremask_full	L529623	0	1.0000
stock_nopremask_full	L531061	0	1.0000
stock_nopremask_full	L533105	0	1.0000
stock_nopremask_full	L534964	0	1.0000
stock_nopremask_full	L535240	0	0.9617
stock_nopremask_full	L535400	1	0.7859
stock_nopremask_full	L536467	0	1.0000
stock_nopremask_full	L536524	0	1.0000
stock_nopremask_full	L539572	0	0.9448
stock_nopremask_full	L539623	0	1.0000
stock_nopremask_full	L541274	0	1.0000
stock_nopremask_full	L541585	0	1.0000
stock_nopremask_full	L543256	0	1.0000
stock_nopremask_full	L544561	0	1.0000
stock_nopremask_full	L545165	1	0.8097
stock_nopremask_full	L546910	0	1.0000
stock_nopremask_full	L548504	0	1.0000
stock_nopremask_full	L551442	0	1.0000
stock_nopremask_full	L555925	0	1.0000
stock_nopremask_full	L556696	0	1.0000
stock_nopremask_full	L559531	0	1.0000
stock_nopremask_full	L560176	0	1.0000
stock_nopremask_full	L561367	1	0.6033
stock_nopremask_full	L564679	1	1.0000
stock_nopremask_full	L566745	1	0.9884
stock_nopremask_full	L568989	0	1.0000
stock_nopremask_full	L570772	0	1.0000
stock_nopremask_full	L572521	0	1.0000
stock_nopremask_full	L577507	0	1.0000
stock_nopremask_full	L578197	1	0.5133
stock_nopremask_full	L584866	0	1.0000
stock_nopremask_full	L586948	1	0.8815
stock_nopremask_full	L589777	1	1.0000
stock_nopremask_full	L589868	0	1.0000
stock_nopremask_full	L590205	0	1.0000
stock_nopremask_full	L59044	0	1.0000
stock_nopremask_full	L599511	0	1.0000
stock_nopremask_full	L60389	0	1.0000
stock_nopremask_full	L614050	0	1.0000
stock_nopremask_full	L617862	1	0.7272
stock_nopremask_full	L620966	0	1.0000
stock_nopremask_full	L623278	1	1.0000
stock_nopremask_full	L62337	1	0.4073
stock_nopremask_full	L626238	0	0.9983
stock_nopremask_full	L626353	1	0.8962
stock_nopremask_full	L62839	0	1.0000
stock_nopremask_full	L632457	0	1.0000
stock_nopremask_full	L635118	0	1.0000
stock_nopremask_full	L636888	0	1.0000
stock_nopremask_full	L639959	0	1.0000
stock_nopremask_full	L640160	0	1.0000
stock_nopremask_full	L641936	0	0.7595
stock_nopremask_full	L642984	0	1.0000
stock_nopremask_full	L644406	0	0.9646
stock_nopremask_full	L644497	0	1.0000
stock_nopremask_full	L646751	0	1.0000
stock_nopremask_full	L649091	1	1.0000
stock_nopremask_full	L652753	0	1.0000
stock_nopremask_full	L657061	0	1.0000
stock_nopremask_full	L657332	0	1.0000
stock_nopremask_full	L657537	0	1.0000
stock_nopremask_full	L658591	0	1.0000
stock_nopremask_full	L659549	0	0.9505
stock_nopremask_full	L660443	0	0.9998
stock_nopremask_full	L663427	0	0.9227
stock_nopremask_full	L665914	1	1.0000
stock_nopremask_full	L666180	0	1.0000
stock_nopremask_full	L667013	0	1.0000
stock_nopremask_full	L667839	0	1.0000
stock_nopremask_full	L669436	0	1.0000
stock_nopremask_full	L66992	0	1.0000
stock_nopremask_full	L677371	0	1.0000
stock_nopremask_full	L678289	0	1.0000
stock_nopremask_full	L678676	0	1.0000
stock_nopremask_full	L679717	0	0.6080
stock_nopremask_full	L680683	0	1.0000
stock_nopremask_full	L681033	0	1.0000
stock_nopremask_full	L681532	0	1.0000
stock_nopremask_full	L681559	0	1.0000
stock_nopremask_full	L681852	0	1.0000
stock_nopremask_full	L684567	0	1.0000
stock_nopremask_full	L685962	0	1.0000
stock_nopremask_full	L686506	0	1.0000
stock_nopremask_full	L689721	0	1.0000
stock_nopremask_full	L691596	0	1.0000
stock_nopremask_full	L692386	0	1.0000
stock_nopremask_full	L693733	1	0.5464
stock_nopremask_full	L694998	0	1.0000
stock_nopremask_full	L699028	0	0.9620
stock_nopremask_full	L700056	0	1.0000
stock_nopremask_full	L700404	0	1.0000
stock_nopremask_full	L702168	0	1.0000
stock_nopremask_full	L70331	0	0.9999
stock_nopremask_full	L704136	0	1.0000
stock_nopremask_full	L704338	1	1.0000
stock_nopremask_full	L705787	0	0.7895
stock_nopremask_full	L706127	0	0.4384
stock_nopremask_full	L706802	0	1.0000
stock_nopremask_full	L707187	0	1.0000
stock_nopremask_full	L710321	0	1.0000
stock_nopremask_full	L711529	0	1.0000
stock_nopremask_full	L71277	1	1.0000
stock_nopremask_full	L713051	0	1.0000
stock_nopremask_full	L715677	0	1.0000
stock_nopremask_full	L716679	0	1.0000
stock_nopremask_full	L720310	0	1.0000
stock_nopremask_full	L720918	0	1.0000
stock_nopremask_full	L722647	0	1.0000
stock_nopremask_full	L722885	0	0.8525
stock_nopremask_full	L725643	0	0.9406
stock_nopremask_full	L730413	0	1.0000
stock_nopremask_full	L731956	0	1.0000
stock_nopremask_full	L736973	0	1.0000
stock_nopremask_full	L740874	0	1.0000
stock_nopremask_full	L741246	0	1.0000
stock_nopremask_full	L742863	0	1.0000
stock_nopremask_full	L743451	1	0.2671
stock_nopremask_full	L748093	0	1.0000
stock_nopremask_full	L751266	0	0.6099
stock_nopremask_full	L752342	1	1.0000
stock_nopremask_full	L752475	0	1.0000
stock_nopremask_full	L752653	0	1.0000
stock_nopremask_full	L75387	0	1.0000
stock_nopremask_full	L754764	0	1.0000
stock_nopremask_full	L755702	1	1.0000
stock_nopremask_full	L759676	0	1.0000
stock_nopremask_full	L759690	0	1.0000
stock_nopremask_full	L759925	0	1.0000
stock_nopremask_full	L760304	0	1.0000
stock_nopremask_full	L762113	0	1.0000
stock_nopremask_full	L762771	0	0.7229
stock_nopremask_full	L763808	0	1.0000
stock_nopremask_full	L764107	1	1.0000
stock_nopremask_full	L764127	0	0.9963
stock_nopremask_full	L764282	0	1.0000
stock_nopremask_full	L764916	0	0.9999
stock_nopremask_full	L77164	0	1.0000
stock_nopremask_full	L773134	0	1.0000
stock_nopremask_full	L774588	0	1.0000
stock_nopremask_full	L774738	0	1.0000
stock_nopremask_full	L775906	0	1.0000
stock_nopremask_full	L778698	0	1.0000
stock_nopremask_full	L779464	0	1.0000
stock_nopremask_full	L779937	0	1.0000
stock_nopremask_full	L780609	0	1.0000
stock_nopremask_full	L784473	0	1.0000
stock_nopremask_full	L787550	0	1.0000
stock_nopremask_full	L789409	0	1.0000
stock_nopremask_full	L790771	0	1.0000
stock_nopremask_full	L792951	1	1.0000
stock_nopremask_full	L79315	0	1.0000
stock_nopremask_full	L793490	0	1.0000
stock_nopremask_full	L79406	0	1.0000
stock_nopremask_full	L79610	1	1.0000
stock_nopremask_full	L796809	0	0.4583
stock_nopremask_full	L798449	0	1.0000
stock_nopremask_full	L801473	0	1.0000
stock_nopremask_full	L801620	0	0.9708
stock_nopremask_full	L801738	1	0.5151
stock_nopremask_full	L803364	1	0.9453
stock_nopremask_full	L803613	0	1.0000
stock_nopremask_full	L804778	1	0.8658
stock_nopremask_full	L808364	1	1.0000
stock_nopremask_full	L809372	0	1.0000
stock_nopremask_full	L809693	1	0.5136
stock_nopremask_full	L811734	0	1.0000
stock_nopremask_full	L81215	0	1.0000
stock_nopremask_full	L812450	0	1.0000
stock_nopremask_full	L812672	0	1.0000
stock_nopremask_full	L815977	0	0.8809
stock_nopremask_full	L816644	0	1.0000
stock_nopremask_full	L81909	0	1.0000
stock_nopremask_full	L819563	0	1.0000
stock_nopremask_full	L821100	0	1.0000
stock_nopremask_full	L822334	0	1.0000
stock_nopremask_full	L824223	0	1.0000
stock_nopremask_full	L827048	0	1.0000
stock_nopremask_full	L827129	0	1.0000
stock_nopremask_full	L829233	0	0.7139
stock_nopremask_full	L83001	0	1.0000
stock_nopremask_full	L830371	0	1.0000
stock_nopremask_full	L832923	0	1.0000
stock_nopremask_full	L834579	0	1.0000
stock_nopremask_full	L834622	0	1.0000
stock_nopremask_full	L837955	0	1.0000
stock_nopremask_full	L843972	0	0.9237
stock_nopremask_full	L845031	0	1.0000
stock_nopremask_full	L846960	0	1.0000
stock_nopremask_full	L847988	0	1.0000
stock_nopremask_full	L849505	0	1.0000
stock_nopremask_full	L851847	0	1.0000
stock_nopremask_full	L853299	0	1.0000
stock_nopremask_full	L855747	1	0.4109
stock_nopremask_full	L855935	0	1.0000
stock_nopremask_full	L856753	0	1.0000
stock_nopremask_full	L85748	0	0.9990
stock_nopremask_full	L858843	0	1.0000
stock_nopremask_full	L862725	0	1.0000
stock_nopremask_full	L864050	0	1.0000
stock_nopremask_full	L86679	0	1.0000
stock_nopremask_full	L868640	0	1.0000
stock_nopremask_full	L869371	0	1.0000
stock_nopremask_full	L869433	0	1.0000
stock_nopremask_full	L873249	0	1.0000
stock_nopremask_full	L883133	0	1.0000
stock_nopremask_full	L883660	0	1.0000
stock_nopremask_full	L884453	0	1.0000
stock_nopremask_full	L885068	0	1.0000
stock_nopremask_full	L885624	0	1.0000
stock_nopremask_full	L886084	0	1.0000
stock_nopremask_full	L886474	1	0.8511
stock_nopremask_full	L886813	0	1.0000
stock_nopremask_full	L888328	0	1.0000
stock_nopremask_full	L888339	0	1.0000
stock_nopremask_full	L888692	0	0.3374
stock_nopremask_full	L892540	0	1.0000
stock_nopremask_full	L894181	0	1.0000
stock_nopremask_full	L895192	1	1.0000
stock_nopremask_full	L895682	0	1.0000
stock_nopremask_full	L898645	1	0.9221
stock_nopremask_full	L900297	1	1.0000
stock_nopremask_full	L902295	0	1.0000
stock_nopremask_full	L902514	1	0.6982
stock_nopremask_full	L906439	0	1.0000
stock_nopremask_full	L907227	0	1.0000
stock_nopremask_full	L90734	0	1.0000
stock_nopremask_full	L909856	0	1.0000
stock_nopremask_full	L910412	1	0.5390
stock_nopremask_full	L910841	1	0.9815
stock_nopremask_full	L911364	0	1.0000
stock_nopremask_full	L912237	0	1.0000
stock_nopremask_full	L913833	0	1.0000
stock_nopremask_full	L914150	0	1.0000
stock_nopremask_full	L914195	0	1.0000
stock_nopremask_full	L91480	1	1.0000
stock_nopremask_full	L918005	0	1.0000
stock_nopremask_full	L918018	0	1.0000
stock_nopremask_full	L923738	1	0.8620
stock_nopremask_full	L924400	0	1.0000
stock_nopremask_full	L925260	0	0.9859
stock_nopremask_full	L928875	1	1.0000
stock_nopremask_full	L93124	0	1.0000
stock_nopremask_full	L93295	0	1.0000
stock_nopremask_full	L933087	1	1.0000
stock_nopremask_full	L933852	0	1.0000
stock_nopremask_full	L936253	0	1.0000
stock_nopremask_full	L940767	0	0.9999
stock_nopremask_full	L941368	0	0.9966
stock_nopremask_full	L941926	0	1.0000
stock_nopremask_full	L942873	0	1.0000
stock_nopremask_full	L943752	0	1.0000
stock_nopremask_full	L948601	0	1.0000
stock_nopremask_full	L94945	0	0.9544
stock_nopremask_full	L949761	1	0.7716
stock_nopremask_full	L953203	0	1.0000
stock_nopremask_full	L95620	0	1.0000
stock_nopremask_full	L957565	0	1.0000
stock_nopremask_full	L960419	0	1.0000
stock_nopremask_full	L962289	0	1.0000
stock_nopremask_full	L96262	0	1.0000
stock_nopremask_full	L962680	0	1.0000
stock_nopremask_full	L967795	0	1.0000
stock_nopremask_full	L968437	0	1.0000
stock_nopremask_full	L969615	0	0.5451
stock_nopremask_full	L970400	1	0.6112
stock_nopremask_full	L972698	0	1.0000
stock_nopremask_full	L974207	0	1.0000
stock_nopremask_full	L979330	0	1.0000
stock_nopremask_full	L983346	0	1.0000
stock_nopremask_full	L984768	0	1.0000
stock_nopremask_full	L984796	0	1.0000
stock_nopremask_full	L985204	0	1.0000
stock_nopremask_full	L985959	0	1.0000
stock_nopremask_full	L986820	1	1.0000
stock_nopremask_full	L989999	1	1.0000
stock_nopremask_full	L994491	0	1.0000
stock_nopremask_full	L997717	1	1.0000
stock_nopremask_full	L998540	0	1.0000
