center	k	mode	qtype	query	delta	lwr
c6	9000	auto	frag	L555925	0	1.0000
c0	9000	auto	frag	L293305	8	1.0000
c2	9000	auto	frag	L318026	1	0.9443
c2	9000	auto	frag	L324946	1	1.0000
c2	9000	auto	frag	L343911	2	0.8917
c2	9000	auto	frag	L331807	4	1.0000
c2	9000	auto	frag	L331805	1	0.4280
c2	9000	auto	frag	L358098	0	1.0000
c2	9000	auto	frag	L385595	7	0.6756
c2	9000	auto	frag	L388838	3	1.0000
c2	9000	auto	frag	L380751	3	1.0000
c7	9000	auto	frag	L398087	9	0.3628
c7	9000	auto	frag	L403424	12	1.0000
c7	9000	auto	frag	L405687	1	0.9989
c7	9000	auto	frag	L401127	1	0.7543
c7	9000	auto	frag	L402454	7	1.0000
c2	9000	auto	frag	L409413	4	1.0000
c7	9000	auto	frag	L431467	0	0.9104
c7	9000	auto	frag	L414909	0	1.0000
c7	9000	auto	frag	L419149	0	0.9988
c7	9000	auto	frag	L422199	0	1.0000
c7	9000	auto	frag	L425629	1	0.5970
c2	9000	auto	frag	L425262	0	0.9980
c2	9000	auto	frag	L462461	0	0.9472
c2	9000	auto	frag	L459710	2	1.0000
c0	9000	auto	frag	L225416	1	1.0000
c7	9000	auto	frag	L222365	1	0.9952
c0	9000	auto	frag	L235764	0	1.0000
c0	9000	auto	frag	L244003	4	1.0000
c0	9000	auto	frag	L260939	2	1.0000
c0	9000	auto	frag	L260842	1	1.0000
c0	9000	auto	frag	L258378	2	0.7106
c0	9000	auto	frag	L252902	1	0.9503
c0	9000	auto	frag	L253345	1	1.0000
c0	9000	auto	frag	L257043	2	1.0000
c0	9000	auto	frag	L257465	2	0.8768
c0	9000	auto	frag	L270977	1	1.0000
c0	9000	auto	frag	L267846	0	1.0000
c0	9000	auto	frag	L267309	2	1.0000
c2	9000	auto	frag	L499837	1	0.9612
c13	9000	auto	frag	L501837	1	1.0000
c14	9000	auto	frag	L570772	3	1.0000
c14	9000	auto	frag	L568989	0	1.0000
c14	9000	auto	frag	L584866	3	1.0000
c14	9000	auto	frag	L586948	2	1.0000
c14	9000	auto	frag	L590205	1	1.0000
c14	9000	auto	frag	L589777	3	1.0000
c14	9000	auto	frag	L589868	1	1.0000
c14	9000	auto	frag	L572521	1	1.0000
c14	9000	auto	frag	L577507	2	0.5206
c14	9000	auto	frag	L578197	2	1.0000
c14	9000	auto	frag	L599511	3	0.9183
c13	9000	auto	frag	L617862	1	0.9987
c13	9000	auto	frag	L620966	4	0.5381
c13	9000	auto	frag	L632457	5	1.0000
c13	9000	auto	frag	L623278	1	0.9777
c13	9000	auto	frag	L626238	3	0.8532
c13	9000	auto	frag	L626353	0	1.0000
c13	9000	auto	frag	L636888	1	0.9943
c13	9000	auto	frag	L649091	3	1.0000
c13	9000	auto	frag	L641936	3	0.5973
c13	9000	auto	frag	L644497	1	0.6937
c13	9000	auto	frag	L644406	6	1.0000
c13	9000	auto	frag	L652753	1	1.0000
c8	9000	auto	frag	L1316645	3	1.0000
c6	9000	auto	frag	L1328601	0	0.8575
c6	9000	auto	frag	L1319261	2	0.9379
c6	9000	auto	frag	L1320029	2	1.0000
c6	9000	auto	frag	L1321139	4	1.0000
c6	9000	auto	frag	L1334204	0	1.0000
c6	9000	auto	frag	L1334727	0	1.0000
c6	9000	auto	frag	L681852	0	1.0000
c3	9000	auto	frag	L665914	2	1.0000
c6	9000	auto	frag	L666180	1	0.9999
c6	9000	auto	frag	L1297512	0	0.9726
c17	9000	auto	frag	L1292503	0	1.0000
c17	9000	auto	frag	L1294453	4	1.0000
c17	9000	auto	frag	L1294408	4	1.0000
c17	9000	auto	frag	L1292363	1	1.0000
c17	9000	auto	frag	L1294952	1	0.9726
c17	9000	auto	frag	L1302458	2	0.8009
c6	9000	auto	frag	L762771	1	1.0000
c6	9000	auto	frag	L764916	1	0.9993
c5	9000	auto	frag	L994491	1	0.5933
c5	9000	auto	frag	L986820	3	1.0000
c5	9000	auto	frag	L997717	4	0.3803
c5	9000	auto	frag	L960419	1	0.6501
c5	9000	auto	frag	L967795	1	1.0000
c5	9000	auto	frag	L970400	0	1.0000
c5	9000	auto	frag	L962289	1	1.0000
c5	9000	auto	frag	L962680	1	0.9873
c5	9000	auto	frag	L1044163	0	1.0000
c5	9000	auto	frag	L1044444	3	0.5779
c5	9000	auto	frag	L1046966	3	0.5766
c5	9000	auto	frag	L1046348	4	0.9982
c5	9000	auto	frag	L1036266	0	0.9410
c5	9000	auto	frag	L1024044	3	1.0000
c5	9000	auto	frag	L1016849	1	0.9587
c5	9000	auto	frag	L1002585	1	1.0000
c9	9000	auto	frag	L847988	4	1.0000
c9	9000	auto	frag	L885624	15	0.9991
c9	9000	auto	frag	L855935	1	0.7338
c9	9000	auto	frag	L858843	1	1.0000
c9	9000	auto	frag	L855747	2	0.3704
c9	9000	auto	frag	L862725	0	1.0000
c9	9000	auto	frag	L869433	0	0.9939
c9	9000	auto	frag	L886813	2	0.5947
c9	9000	auto	frag	L888692	4	1.0000
c9	9000	auto	frag	L883660	0	1.0000
c9	9000	auto	frag	L883133	0	0.9992
c9	9000	auto	frag	L886084	2	1.0000
c9	9000	auto	frag	L888339	0	1.0000
c9	9000	auto	frag	L884453	2	1.0000
c9	9000	auto	frag	L894181	10	0.8507
c9	9000	auto	frag	L885068	2	1.0000
c9	9000	auto	frag	L886474	6	0.9849
c17	9000	auto	frag	L943752	1	0.8236
c12	9000	auto	frag	L1286758	0	0.8865
c12	9000	auto	frag	L1284558	1	1.0000
c12	9000	auto	frag	L1281298	2	1.0000
c4	9000	auto	frag	L1267300	1	0.9946
c4	9000	auto	frag	L1228698	3	1.0000
c4	9000	auto	frag	L1229975	0	1.0000
c12	9000	auto	frag	L1228313	0	0.5283
c4	9000	auto	frag	L1244427	7	1.0000
c4	9000	auto	frag	L1237368	4	0.5064
c4	9000	auto	frag	L1233030	2	1.0000
c4	9000	auto	frag	L1234322	1	1.0000
c4	9000	auto	frag	L1235564	1	0.9973
c4	9000	auto	frag	L1242536	4	0.9151
c4	9000	auto	frag	L1252273	2	0.5641
c4	9000	auto	frag	L1263639	0	1.0000
c4	9000	auto	frag	L1263909	2	1.0000
c4	9000	auto	frag	L1267973	1	0.9903
c4	9000	auto	frag	L1269000	2	0.7053
c4	9000	auto	frag	L1269225	3	1.0000
c4	9000	auto	frag	L1268056	1	1.0000
c4	9000	auto	frag	L1269960	1	1.0000
c4	9000	auto	frag	L1270519	0	0.6995
c4	9000	auto	frag	L1277861	8	0.9255
c4	9000	auto	frag	L1277578	1	0.9889
c11	9000	auto	frag	L1061587	3	0.6838
c3	9000	auto	frag	L1123172	2	1.0000
c3	9000	auto	frag	L1126749	2	0.9977
c3	9000	auto	frag	L1125564	1	0.8673
c3	9000	auto	frag	L1127804	1	1.0000
c3	9000	auto	frag	L1128821	0	1.0000
c3	9000	auto	frag	L1159462	1	1.0000
c3	9000	auto	frag	L1160593	1	1.0000
c3	9000	auto	frag	L1135019	4	1.0000
c3	9000	auto	frag	L1134826	3	1.0000
c3	9000	auto	frag	L1148861	4	0.9796
c3	9000	auto	frag	L1146782	2	1.0000
c3	9000	auto	frag	L1148681	0	1.0000
c3	9000	auto	frag	L1148275	7	0.7688
c3	9000	auto	frag	L1152742	1	0.4210
c3	9000	auto	frag	L1142178	1	0.9153
c3	9000	auto	frag	L1143584	1	0.9960
c3	9000	auto	frag	L1139573	3	1.0000
c3	9000	auto	frag	L1138559	1	0.9771
c8	9000	auto	frag	L1192003	3	0.9064
c8	9000	auto	frag	L1175689	0	0.7028
c8	9000	auto	frag	L1176819	2	0.8077
c8	9000	auto	frag	L1181526	2	0.5071
c8	9000	auto	frag	L1184831	1	0.9458
c8	9000	auto	frag	L1166860	2	0.9996
c8	9000	auto	frag	L1169308	2	0.9945
c8	9000	auto	frag	L1194943	1	1.0000
c8	9000	auto	frag	L1193626	0	0.9598
c8	9000	auto	frag	L1200114	1	1.0000
c8	9000	auto	frag	L1200373	1	0.5003
c8	9000	auto	frag	L1203652	1	0.6454
c8	9000	auto	frag	L1202626	0	1.0000
c6	9000	auto	frag	L1309046	1	0.9998
c6	9000	auto	frag	L174176	3	1.0000
c1	9000	auto	frag	L1545445	6	0.9969
c1	9000	auto	frag	L1503080	3	1.0000
c1	9000	auto	frag	L1494927	4	0.9052
c1	9000	auto	frag	L1501117	2	0.4833
c1	9000	auto	frag	L1500792	3	0.8526
c1	9000	auto	frag	L1514059	1	0.8684
c1	9000	auto	frag	L1511077	0	1.0000
c1	9000	auto	frag	L1506056	4	1.0000
c1	9000	auto	frag	L1513453	0	0.6179
c1	9000	auto	frag	L1511516	9	0.5487
c1	9000	auto	frag	L1506305	3	0.9396
c1	9000	auto	frag	L1507721	2	1.0000
c1	9000	auto	frag	L1507593	1	0.9996
c1	9000	auto	frag	L1522665	0	1.0000
c1	9000	auto	frag	L1520281	0	0.9949
c1	9000	auto	frag	L1532593	1	0.6316
c1	9000	auto	frag	L1537084	7	1.0000
c1	9000	auto	frag	L1527449	1	0.9528
c1	9000	auto	frag	L1496723	1	1.0000
c1	9000	auto	frag	L1500041	1	0.7678
c16	9000	auto	frag	L1592890	7	0.6230
c16	9000	auto	frag	L1592464	5	0.9626
c16	9000	auto	frag	L1811231	1	1.0000
c16	9000	auto	frag	L1808966	0	0.4090
c16	9000	auto	frag	L1809234	1	1.0000
c16	9000	auto	frag	L1778753	0	1.0000
c16	9000	auto	frag	L1778239	1	0.9901
c16	9000	auto	frag	L1785009	3	0.9999
c16	9000	auto	frag	L1790481	2	1.0000
c16	9000	auto	frag	L1788156	3	1.0000
c16	9000	auto	frag	L1796826	2	0.6795
c16	9000	auto	frag	L1794712	3	1.0000
c16	9000	auto	frag	L1794839	1	1.0000
c16	9000	auto	frag	L1793065	4	1.0000
c16	9000	auto	frag	L1791527	1	1.0000
c16	9000	auto	frag	L1799840	4	1.0000
c16	9000	auto	frag	L1801258	1	1.0000
c16	9000	auto	frag	L1802345	0	1.0000
c10	9000	auto	frag	L1744154	5	0.8127
c10	9000	auto	frag	L1683975	5	0.3403
c10	9000	auto	frag	L1690704	7	1.0000
c10	9000	auto	frag	L1687257	1	0.8450
c10	9000	auto	frag	L1679327	0	0.9982
c10	9000	auto	frag	L1679070	3	1.0000
c10	9000	auto	frag	L1689425	4	0.7021
c10	9000	auto	frag	L1729015	4	0.9999
c10	9000	auto	frag	L1727481	2	0.8105
c10	9000	auto	frag	L1700325	2	0.9895
c10	9000	auto	frag	L1701759	2	0.3545
c10	9000	auto	frag	L1706009	2	0.9999
c10	9000	auto	frag	L1710196	0	0.8988
c10	9000	auto	frag	L1725448	4	1.0000
c10	9000	auto	frag	L1717886	6	0.9978
c10	9000	auto	frag	L1715650	2	0.4996
c10	9000	auto	frag	L1714485	1	0.5339
c10	9000	auto	frag	L1713230	1	0.8488
c10	9000	auto	frag	L1724773	0	1.0000
c10	9000	auto	frag	L1720587	3	1.0000
c10	9000	auto	frag	L1693021	1	0.9426
c10	9000	auto	frag	L1693729	1	1.0000
c10	9000	auto	frag	L1398565	8	1.0000
c0	9000	auto	frag	L496946	0	0.9129
c2	9000	auto	frag	L321627	1	1.0000
c2	9000	auto	frag	L358427	0	1.0000
c7	9000	auto	frag	L414959	0	1.0000
c2	9000	auto	frag	L418437	0	1.0000
c13	9000	auto	frag	L614050	0	1.0000
c13	9000	auto	frag	L635118	0	1.0000
c13	9000	auto	frag	L639959	0	1.0000
c6	9000	auto	frag	L1325043	0	1.0000
c6	9000	auto	frag	L1299862	0	1.0000
c6	9000	auto	frag	L774588	0	1.0000
c5	9000	auto	frag	L957565	0	0.5915
c5	9000	auto	frag	L969615	1	1.0000
c9	9000	auto	frag	L853299	0	1.0000
c9	9000	auto	frag	L849505	1	0.9998
c9	9000	auto	frag	L873249	0	1.0000
c9	9000	auto	frag	L869371	1	1.0000
c9	9000	auto	frag	L888328	2	0.9466
c12	9000	auto	frag	L1228316	1	1.0000
c4	9000	auto	frag	L1243882	0	0.9667
c4	9000	auto	frag	L1271695	2	0.9951
c11	9000	auto	frag	L1116847	0	1.0000
c3	9000	auto	frag	L1125468	0	1.0000
c8	9000	auto	frag	L1171933	1	0.8695
c8	9000	auto	frag	L1193093	1	0.3884
c8	9000	auto	frag	L1190029	0	1.0000
c8	9000	auto	frag	L1188236	0	1.0000
c6	9000	auto	frag	L1314993	1	1.0000
c1	9000	auto	frag	L1501054	0	1.0000
c1	9000	auto	frag	L1525581	0	1.0000
c16	9000	auto	frag	L1792265	3	1.0000
c16	9000	auto	frag	L1797546	0	1.0000
c10	9000	auto	frag	L1721987	0	1.0000
c7	9000	auto	frag	L433013	0	1.0000
c2	9000	auto	frag	L411451	0	1.0000
c0	9000	auto	frag	L258696	0	1.0000
c6	9000	auto	frag	L1341334	0	1.0000
c6	9000	auto	frag	L1298142	0	1.0000
c6	9000	auto	frag	L774738	0	1.0000
c5	9000	auto	frag	L1036426	0	1.0000
c12	9000	auto	frag	L1283746	0	1.0000
c4	9000	auto	frag	L1249050	0	1.0000
c8	9000	auto	frag	L1176510	0	1.0000
c1	9000	auto	frag	L1509635	0	1.0000
c10	9000	auto	frag	L1698795	0	1.0000
c2	9000	auto	frag	L327486	0	1.0000
c2	9000	auto	frag	L333865	0	1.0000
c0	9000	auto	frag	L243818	0	1.0000
c0	9000	auto	frag	L261190	0	1.0000
c0	9000	auto	frag	L250969	0	1.0000
c13	9000	auto	frag	L646751	0	1.0000
c13	9000	auto	frag	L642984	0	1.0000
c13	9000	auto	frag	L640160	0	1.0000
c5	9000	auto	frag	L968437	0	1.0000
c5	9000	auto	frag	L972698	0	1.0000
c9	9000	auto	frag	L864050	0	1.0000
c9	9000	auto	frag	L856753	0	1.0000
c9	9000	auto	frag	L868640	0	1.0000
c9	9000	auto	frag	L892540	0	1.0000
c17	9000	auto	frag	L1052309	0	1.0000
c4	9000	auto	frag	L1247700	0	1.0000
c11	9000	auto	frag	L1117806	0	1.0000
c3	9000	auto	frag	L1132817	0	1.0000
c8	9000	auto	frag	L1189606	0	1.0000
c16	9000	auto	frag	L1798302	0	1.0000
c10	9000	auto	frag	L1619907	0	1.0000
c10	9000	auto	frag	L1722777	0	1.0000
c6	9000	auto	full	L555925	0	1.0000
c2	9000	auto	full	L327486	0	1.0000
c2	9000	auto	full	L358098	0	1.0000
c2	9000	auto	full	L358427	0	1.0000
c2	9000	auto	full	L380751	0	0.6527
c7	9000	auto	full	L405687	1	0.6507
c7	9000	auto	full	L398087	1	0.4354
c2	9000	auto	full	L409413	0	0.6034
c7	9000	auto	full	L414909	0	1.0000
c7	9000	auto	full	L422199	0	1.0000
c2	9000	auto	full	L411451	0	1.0000
c2	9000	auto	full	L459710	1	0.9731
c7	9000	auto	full	L222365	0	0.9989
c0	9000	auto	full	L244003	0	0.9997
c0	9000	auto	full	L260842	0	0.9588
c0	9000	auto	full	L258696	0	1.0000
c0	9000	auto	full	L257043	0	0.9711
c0	9000	auto	full	L257465	0	0.5364
c0	9000	auto	full	L267309	1	0.3504
c13	9000	auto	full	L501837	1	1.0000
c14	9000	auto	full	L589868	0	1.0000
c14	9000	auto	full	L577507	0	1.0000
c13	9000	auto	full	L617862	1	0.7272
c13	9000	auto	full	L632457	0	1.0000
c13	9000	auto	full	L626353	1	0.8962
c13	9000	auto	full	L649091	1	1.0000
c13	9000	auto	full	L644497	0	1.0000
c6	9000	auto	full	L1328601	0	1.0000
c6	9000	auto	full	L1320029	1	0.5001
c6	9000	auto	full	L1334204	0	1.0000
c6	9000	auto	full	L666180	0	1.0000
c17	9000	auto	full	L1292363	0	0.9165
c17	9000	auto	full	L1294453	0	0.9818
c17	9000	auto	full	L1294408	1	0.5904
c6	9000	auto	full	L762771	0	0.7229
c5	9000	auto	full	L986820	1	1.0000
c5	9000	auto	full	L967795	0	1.0000
c5	9000	auto	full	L969615	0	0.5451
c5	9000	auto	full	L1046966	0	1.0000
c5	9000	auto	full	L1044163	0	0.5253
c5	9000	auto	full	L1016849	0	1.0000
c9	9000	auto	full	L847988	0	1.0000
c9	9000	auto	full	L862725	0	1.0000
c9	9000	auto	full	L869371	0	1.0000
c9	9000	auto	full	L855747	1	0.4109
c9	9000	auto	full	L883660	0	1.0000
c9	9000	auto	full	L888692	0	0.3374
c9	9000	auto	full	L885624	0	1.0000
c9	9000	auto	full	L894181	0	1.0000
c12	9000	auto	full	L1284558	0	0.9554
c12	9000	auto	full	L1283746	0	1.0000
c4	9000	auto	full	L1247700	0	1.0000
c4	9000	auto	full	L1237368	0	0.3416
c4	9000	auto	full	L1234322	0	1.0000
c4	9000	auto	full	L1244427	1	0.9520
c4	9000	auto	full	L1249050	0	1.0000
c4	9000	auto	full	L1263639	0	1.0000
c4	9000	auto	full	L1269225	0	1.0000
c4	9000	auto	full	L1270519	1	0.5115
c4	9000	auto	full	L1267973	0	0.6728
c4	9000	auto	full	L1277578	1	1.0000
c11	9000	auto	full	L1117806	0	1.0000
c3	9000	auto	full	L1127804	1	0.3867
c3	9000	auto	full	L1159462	0	1.0000
c3	9000	auto	full	L1135019	1	0.5008
c3	9000	auto	full	L1148681	0	1.0000
c3	9000	auto	full	L1152742	0	0.7856
c3	9000	auto	full	L1142178	1	0.3380
c3	9000	auto	full	L1139573	1	1.0000
c8	9000	auto	full	L1176510	0	1.0000
c8	9000	auto	full	L1176819	1	0.5708
c8	9000	auto	full	L1169308	1	1.0000
c8	9000	auto	full	L1192003	0	1.0000
c8	9000	auto	full	L1200373	0	1.0000
c8	9000	auto	full	L1202626	0	1.0000
c1	9000	auto	full	L1545445	1	0.6856
c1	9000	auto	full	L1500792	0	1.0000
c1	9000	auto	full	L1514059	1	1.0000
c1	9000	auto	full	L1509635	0	1.0000
c1	9000	auto	full	L1506056	0	1.0000
c1	9000	auto	full	L1520281	0	0.9982
c1	9000	auto	full	L1532593	1	0.5570
c16	9000	auto	full	L1592464	0	1.0000
c16	9000	auto	full	L1811231	1	1.0000
c16	9000	auto	full	L1778239	0	0.9999
c16	9000	auto	full	L1788156	0	1.0000
c16	9000	auto	full	L1794839	0	1.0000
c16	9000	auto	full	L1791527	0	1.0000
c16	9000	auto	full	L1790481	0	1.0000
c16	9000	auto	full	L1797546	0	1.0000
c16	9000	auto	full	L1799840	0	0.6365
c10	9000	auto	full	L1690704	0	0.5382
c10	9000	auto	full	L1727481	0	0.7385
c10	9000	auto	full	L1706009	0	0.9877
c10	9000	auto	full	L1714485	1	0.7170
c10	9000	auto	full	L1717886	0	0.9977
c10	9000	auto	full	L1721987	0	1.0000
c10	9000	auto	full	L1693021	0	1.0000
c2	9000	auto	full	L318026	0	0.9998
c2	9000	auto	full	L324946	0	1.0000
c2	9000	auto	full	L331805	1	1.0000
c7	9000	auto	full	L402454	0	1.0000
c7	9000	auto	full	L431467	0	1.0000
c7	9000	auto	full	L414959	0	1.0000
c7	9000	auto	full	L425629	0	0.9603
c2	9000	auto	full	L462461	0	0.5869
c0	9000	auto	full	L225416	0	0.9976
c0	9000	auto	full	L260939	0	0.9999
c0	9000	auto	full	L252902	0	1.0000
c0	9000	auto	full	L258378	0	1.0000
c14	9000	auto	full	L568989	0	1.0000
c14	9000	auto	full	L586948	1	0.8815
c14	9000	auto	full	L589777	1	1.0000
c14	9000	auto	full	L578197	1	0.5133
c13	9000	auto	full	L623278	1	1.0000
c13	9000	auto	full	L635118	0	1.0000
c13	9000	auto	full	L644406	0	0.9646
c13	9000	auto	full	L641936	0	0.7595
c6	9000	auto	full	L1319261	1	1.0000
c6	9000	auto	full	L1325043	0	1.0000
c3	9000	auto	full	L665914	1	1.0000
c6	9000	auto	full	L774738	0	1.0000
c6	9000	auto	full	L764916	0	0.9999
c5	9000	auto	full	L994491	0	1.0000
c5	9000	auto	full	L957565	0	1.0000
c5	9000	auto	full	L968437	0	1.0000
c5	9000	auto	full	L970400	1	0.6112
c5	9000	auto	full	L1044444	0	0.9992
c5	9000	auto	full	L1036426	0	1.0000
c5	9000	auto	full	L1024044	0	1.0000
c5	9000	auto	full	L1002585	0	1.0000
c9	9000	auto	full	L864050	0	1.0000
c9	9000	auto	full	L856753	0	1.0000
c9	9000	auto	full	L869433	0	1.0000
c9	9000	auto	full	L888339	0	1.0000
c9	9000	auto	full	L884453	0	1.0000
c9	9000	auto	full	L886474	1	0.8511
c12	9000	auto	full	L1286758	0	1.0000
c4	9000	auto	full	L1228698	0	1.0000
c4	9000	auto	full	L1242536	0	1.0000
c4	9000	auto	full	L1263909	0	1.0000
c4	9000	auto	full	L1269960	0	1.0000
c4	9000	auto	full	L1268056	1	0.3545
c11	9000	auto	full	L1061587	1	0.6257
c3	9000	auto	full	L1123172	0	1.0000
c3	9000	auto	full	L1128821	0	1.0000
c3	9000	auto	full	L1132817	0	1.0000
c3	9000	auto	full	L1160593	0	1.0000
c3	9000	auto	full	L1146782	1	1.0000
c3	9000	auto	full	L1148861	0	1.0000
c8	9000	auto	full	L1175689	0	1.0000
c8	9000	auto	full	L1171933	0	1.0000
c8	9000	auto	full	L1193093	1	0.9607
c8	9000	auto	full	L1189606	0	1.0000
c8	9000	auto	full	L1200114	0	1.0000
c6	9000	auto	full	L174176	0	1.0000
c1	9000	auto	full	L1501117	1	0.5502
c1	9000	auto	full	L1513453	0	1.0000
c1	9000	auto	full	L1507721	0	1.0000
c1	9000	auto	full	L1525581	0	1.0000
c1	9000	auto	full	L1537084	1	1.0000
c1	9000	auto	full	L1527449	0	0.9966
c16	9000	auto	full	L1808966	0	1.0000
c16	9000	auto	full	L1796826	0	1.0000
c16	9000	auto	full	L1793065	0	1.0000
c16	9000	auto	full	L1801258	0	1.0000
c10	9000	auto	full	L1683975	0	1.0000
c10	9000	auto	full	L1679070	0	0.9997
c10	9000	auto	full	L1689425	0	1.0000
c10	9000	auto	full	L1729015	0	1.0000
c10	9000	auto	full	L1701759	0	1.0000
c10	9000	auto	full	L1710196	0	1.0000
c10	9000	auto	full	L1725448	0	1.0000
c10	9000	auto	full	L1724773	1	0.6829
c0	9000	auto	full	L496946	1	1.0000
c2	9000	auto	full	L343911	0	1.0000
c2	9000	auto	full	L331807	1	1.0000
c7	9000	auto	full	L403424	0	1.0000
c7	9000	auto	full	L433013	0	1.0000
c2	9000	auto	full	L418437	0	1.0000
c0	9000	auto	full	L293305	1	1.0000
c0	9000	auto	full	L235764	0	1.0000
c0	9000	auto	full	L243818	0	1.0000
c0	9000	auto	full	L261190	0	1.0000
c0	9000	auto	full	L253345	0	0.9483
c0	9000	auto	full	L267846	0	1.0000
c2	9000	auto	full	L499837	0	1.0000
c14	9000	auto	full	L584866	0	1.0000
c14	9000	auto	full	L590205	0	1.0000
c14	9000	auto	full	L572521	0	1.0000
c14	9000	auto	full	L599511	0	1.0000
c13	9000	auto	full	L620966	0	1.0000
c13	9000	auto	full	L626238	0	0.9983
c13	9000	auto	full	L646751	0	1.0000
c13	9000	auto	full	L640160	0	1.0000
c6	9000	auto	full	L1341334	0	1.0000
c8	9000	auto	full	L1316645	1	0.9978
c6	9000	auto	full	L1334727	0	1.0000
c6	9000	auto	full	L1297512	0	1.0000
c17	9000	auto	full	L1294952	0	1.0000
c6	9000	auto	full	L1299862	0	1.0000
c17	9000	auto	full	L1302458	1	0.9929
c5	9000	auto	full	L997717	1	1.0000
c5	9000	auto	full	L972698	0	1.0000
c5	9000	auto	full	L962289	0	1.0000
c5	9000	auto	full	L1036266	0	1.0000
c9	9000	auto	full	L853299	0	1.0000
c9	9000	auto	full	L858843	0	1.0000
c9	9000	auto	full	L868640	0	1.0000
c9	9000	auto	full	L883133	0	1.0000
c9	9000	auto	full	L888328	0	1.0000
c9	9000	auto	full	L885068	0	1.0000
c9	9000	auto	full	L892540	0	1.0000
c17	9000	auto	full	L1052309	0	1.0000
c4	9000	auto	full	L1229975	0	1.0000
c12	9000	auto	full	L1228313	0	1.0000
c4	9000	auto	full	L1233030	0	0.9903
c4	9000	auto	full	L1243882	0	1.0000
c4	9000	auto	full	L1252273	0	0.9547
c4	9000	auto	full	L1269000	0	1.0000
c4	9000	auto	full	L1277861	0	1.0000
c11	9000	auto	full	L1116847	0	1.0000
c3	9000	auto	full	L1125468	0	1.0000
c3	9000	auto	full	L1126749	0	1.0000
c3	9000	auto	full	L1134826	1	1.0000
c3	9000	auto	full	L1148275	1	1.0000
c3	9000	auto	full	L1138559	1	0.7880
c8	9000	auto	full	L1184831	0	1.0000
c8	9000	auto	full	L1194943	1	1.0000
c8	9000	auto	full	L1190029	0	1.0000
c8	9000	auto	full	L1203652	0	1.0000
c6	9000	auto	full	L1314993	0	1.0000
c1	9000	auto	full	L1503080	0	1.0000
c1	9000	auto	full	L1511077	0	1.0000
c1	9000	auto	full	L1506305	0	1.0000
c1	9000	auto	full	L1496723	0	1.0000
c1	9000	auto	full	L1494927	0	1.0000
c16	9000	auto	full	L1592890	0	1.0000
c16	9000	auto	full	L1778753	0	1.0000
c16	9000	auto	full	L1785009	1	0.9878
c16	9000	auto	full	L1794712	0	1.0000
c16	9000	auto	full	L1798302	0	1.0000
c16	9000	auto	full	L1802345	0	1.0000
c10	9000	auto	full	L1687257	0	0.9999
c10	9000	auto	full	L1698795	0	1.0000
c10	9000	auto	full	L1715650	0	1.0000
c10	9000	auto	full	L1713230	0	1.0000
c10	9000	auto	full	L1722777	0	1.0000
c10	9000	auto	full	L1693729	0	1.0000
c2	9000	auto	full	L321627	0	1.0000
c2	9000	auto	full	L333865	0	1.0000
c2	9000	auto	full	L388838	1	1.0000
c2	9000	auto	full	L385595	0	1.0000
c7	9000	auto	full	L401127	0	1.0000
c7	9000	auto	full	L419149	0	1.0000
c2	9000	auto	full	L425262	1	1.0000
c0	9000	auto	full	L250969	0	1.0000
c0	9000	auto	full	L270977	0	1.0000
c14	9000	auto	full	L570772	0	1.0000
c13	9000	auto	full	L614050	0	1.0000
c13	9000	auto	full	L636888	0	1.0000
c13	9000	auto	full	L639959	0	1.0000
c13	9000	auto	full	L642984	0	1.0000
c13	9000	auto	full	L652753	0	1.0000
c6	9000	auto	full	L1321139	0	1.0000
c6	9000	auto	full	L681852	0	1.0000
c6	9000	auto	full	L1298142	0	1.0000
c17	9000	auto	full	L1292503	0	1.0000
c6	9000	auto	full	L774588	0	1.0000
c5	9000	auto	full	L960419	0	1.0000
c5	9000	auto	full	L962680	0	1.0000
c5	9000	auto	full	L1046348	0	1.0000
c9	9000	auto	full	L849505	0	1.0000
c9	9000	auto	full	L855935	0	1.0000
c9	9000	auto	full	L873249	0	1.0000
c9	9000	auto	full	L886813	0	1.0000
c9	9000	auto	full	L886084	0	1.0000
c17	9000	auto	full	L943752	0	1.0000
c12	9000	auto	full	L1281298	0	1.0000
c12	9000	auto	full	L1228316	0	1.0000
c4	9000	auto	full	L1235564	0	1.0000
c4	9000	auto	full	L1271695	1	1.0000
c4	9000	auto	full	L1267300	0	1.0000
c3	9000	auto	full	L1125564	0	1.0000
c3	9000	auto	full	L1143584	0	1.0000
c8	9000	auto	full	L1181526	0	1.0000
c8	9000	auto	full	L1166860	1	1.0000
c8	9000	auto	full	L1193626	0	1.0000
c8	9000	auto	full	L1188236	0	1.0000
c6	9000	auto	full	L1309046	0	1.0000
c1	9000	auto	full	L1501054	0	1.0000
c1	9000	auto	full	L1511516	1	1.0000
c1	9000	auto	full	L1507593	0	1.0000
c1	9000	auto	full	L1522665	0	1.0000
c1	9000	auto	full	L1500041	0	1.0000
c16	9000	auto	full	L1809234	0	1.0000
c16	9000	auto	full	L1792265	0	1.0000
c10	9000	auto	full	L1744154	0	1.0000
c10	9000	auto	full	L1679327	0	1.0000
c10	9000	auto	full	L1619907	0	1.0000
c10	9000	auto	full	L1700325	0	1.0000
c10	9000	auto	full	L1720587	0	1.0000
c10	9000	auto	full	L1398565	0	1.0000
c6	9000	fix	frag	L555925	0	0.9993
c2	9000	fix	frag	L318026	0	0.9061
c2	9000	fix	frag	L343911	0	0.9980
c2	9000	fix	frag	L331807	1	0.6735
c2	9000	fix	frag	L331805	0	0.4192
c2	9000	fix	frag	L385595	8	0.2759
c2	9000	fix	frag	L358098	0	0.9974
c2	9000	fix	frag	L388838	0	0.3269
c2	9000	fix	frag	L380751	4	0.0854
c7	9000	fix	frag	L405687	0	0.3732
c7	9000	fix	frag	L398087	2	0.3090
c7	9000	fix	frag	L402454	0	0.2737
c7	9000	fix	frag	L403424	0	0.7080
c7	9000	fix	frag	L401127	0	0.9990
c2	9000	fix	frag	L409413	1	0.4630
c7	9000	fix	frag	L431467	0	0.9557
c7	9000	fix	frag	L414909	0	0.9993
c7	9000	fix	frag	L419149	0	0.6799
c7	9000	fix	frag	L425629	1	0.2496
c2	9000	fix	frag	L425262	1	0.5815
c2	9000	fix	frag	L462461	0	0.3641
c2	9000	fix	frag	L459710	0	0.7411
c0	9000	fix	frag	L293305	7	0.4390
c7	9000	fix	frag	L222365	1	0.3023
c0	9000	fix	frag	L225416	1	0.5038
c0	9000	fix	frag	L244003	1	0.2874
c0	9000	fix	frag	L261190	0	1.0000
c0	9000	fix	frag	L260939	0	0.9237
c0	9000	fix	frag	L260842	1	0.8791
c0	9000	fix	frag	L258696	0	1.0000
c0	9000	fix	frag	L257043	1	0.3051
c0	9000	fix	frag	L258378	2	0.4454
c0	9000	fix	frag	L257465	0	0.2062
c0	9000	fix	frag	L270977	0	0.4280
c0	9000	fix	frag	L267309	1	0.2816
c2	9000	fix	frag	L499837	1	0.3344
c14	9000	fix	frag	L570772	1	0.2173
c14	9000	fix	frag	L568989	0	1.0000
c14	9000	fix	frag	L584866	0	0.4782
c14	9000	fix	frag	L586948	0	0.5306
c14	9000	fix	frag	L589868	0	0.3251
c14	9000	fix	frag	L589777	1	0.2634
c14	9000	fix	frag	L578197	1	0.9903
c14	9000	fix	frag	L599511	2	0.4473
c13	9000	fix	frag	L617862	0	0.3999
c13	9000	fix	frag	L614050	0	0.9997
c13	9000	fix	frag	L620966	5	0.3908
c13	9000	fix	frag	L632457	0	0.6874
c13	9000	fix	frag	L623278	0	0.2577
c13	9000	fix	frag	L626238	0	0.5119
c13	9000	fix	frag	L626353	0	0.4907
c13	9000	fix	frag	L636888	1	0.3186
c13	9000	fix	frag	L649091	2	0.3463
c13	9000	fix	frag	L646751	0	1.0000
c13	9000	fix	frag	L641936	1	0.1711
c13	9000	fix	frag	L644497	1	0.7012
c13	9000	fix	frag	L644406	1	0.2567
c13	9000	fix	frag	L652753	0	0.6270
c8	9000	fix	frag	L1316645	4	0.1095
c6	9000	fix	frag	L1328601	0	0.7563
c6	9000	fix	frag	L1321139	1	0.4391
c6	9000	fix	frag	L1320029	3	0.3364
c6	9000	fix	frag	L1319261	1	0.3271
c6	9000	fix	frag	L1325043	0	1.0000
c6	9000	fix	frag	L1334204	0	0.6939
c6	9000	fix	frag	L1334727	0	0.2680
c6	9000	fix	frag	L681852	0	0.4511
c3	9000	fix	frag	L665914	1	0.5269
c6	9000	fix	frag	L666180	0	0.5129
c6	9000	fix	frag	L1297512	0	0.8370
c17	9000	fix	frag	L1292503	0	1.0000
c17	9000	fix	frag	L1294408	0	0.4553
c17	9000	fix	frag	L1294453	1	0.4772
c17	9000	fix	frag	L1294952	1	0.5444
c17	9000	fix	frag	L1302458	3	0.6213
c6	9000	fix	frag	L762771	0	0.2064
c6	9000	fix	frag	L764916	0	0.6293
c6	9000	fix	frag	L774588	0	1.0000
c5	9000	fix	frag	L994491	0	0.8134
c5	9000	fix	frag	L986820	1	0.3517
c5	9000	fix	frag	L997717	0	0.3274
c5	9000	fix	frag	L957565	0	0.3484
c5	9000	fix	frag	L960419	0	0.3877
c5	9000	fix	frag	L967795	1	0.3904
c5	9000	fix	frag	L969615	1	0.3350
c5	9000	fix	frag	L972698	0	1.0000
c5	9000	fix	frag	L962680	0	0.8961
c5	9000	fix	frag	L962289	2	0.7666
c5	9000	fix	frag	L1044163	1	0.3817
c5	9000	fix	frag	L1044444	1	0.3602
c5	9000	fix	frag	L1046966	0	0.5638
c5	9000	fix	frag	L1046348	3	0.4073
c5	9000	fix	frag	L1036266	0	0.7746
c5	9000	fix	frag	L1024044	0	0.3344
c5	9000	fix	frag	L1016849	0	0.9680
c5	9000	fix	frag	L1002585	0	0.9156
c9	9000	fix	frag	L885624	5	0.0973
c9	9000	fix	frag	L847988	0	0.2296
c9	9000	fix	frag	L855935	0	0.9950
c9	9000	fix	frag	L858843	0	0.9996
c9	9000	fix	frag	L855747	1	0.2053
c9	9000	fix	frag	L856753	0	1.0000
c9	9000	fix	frag	L873249	0	0.9844
c9	9000	fix	frag	L869371	0	0.4634
c9	9000	fix	frag	L883660	0	0.5884
c9	9000	fix	frag	L886474	7	0.3403
c9	9000	fix	frag	L886813	0	0.2984
c9	9000	fix	frag	L888328	0	0.9982
c9	9000	fix	frag	L888692	1	0.1561
c9	9000	fix	frag	L886084	0	0.7841
c9	9000	fix	frag	L894181	8	0.1491
c9	9000	fix	frag	L885068	0	0.8587
c9	9000	fix	frag	L884453	0	0.9113
c17	9000	fix	frag	L1052309	0	1.0000
c12	9000	fix	frag	L1286758	0	0.4721
c12	9000	fix	frag	L1284558	1	0.3520
c12	9000	fix	frag	L1281298	0	0.5057
c4	9000	fix	frag	L1229975	0	0.4610
c4	9000	fix	frag	L1228698	2	0.1730
c12	9000	fix	frag	L1228316	0	0.3818
c4	9000	fix	frag	L1267300	0	0.1966
c4	9000	fix	frag	L1237368	2	0.1438
c4	9000	fix	frag	L1244427	1	0.1073
c4	9000	fix	frag	L1234322	0	0.8879
c4	9000	fix	frag	L1233030	1	0.4016
c4	9000	fix	frag	L1235564	0	0.9760
c4	9000	fix	frag	L1243882	0	0.7870
c4	9000	fix	frag	L1242536	1	0.6815
c4	9000	fix	frag	L1249050	0	0.9988
c4	9000	fix	frag	L1252273	1	0.3631
c4	9000	fix	frag	L1263909	1	0.3258
c4	9000	fix	frag	L1267973	1	0.3189
c4	9000	fix	frag	L1268056	4	0.1665
c4	9000	fix	frag	L1269000	1	0.1961
c4	9000	fix	frag	L1269225	1	0.4173
c4	9000	fix	frag	L1270519	0	0.2783
c4	9000	fix	frag	L1269960	0	0.5167
c4	9000	fix	frag	L1277578	1	0.3425
c4	9000	fix	frag	L1277861	0	0.7274
c11	9000	fix	frag	L1061587	2	0.2263
c11	9000	fix	frag	L1117806	0	1.0000
c3	9000	fix	frag	L1123172	1	0.3922
c3	9000	fix	frag	L1126749	3	0.1435
c3	9000	fix	frag	L1125564	1	0.5090
c3	9000	fix	frag	L1127804	1	0.1540
c3	9000	fix	frag	L1159462	0	0.9744
c3	9000	fix	frag	L1160593	0	0.5164
c3	9000	fix	frag	L1135019	1	0.3597
c3	9000	fix	frag	L1134826	1	0.2998
c3	9000	fix	frag	L1146782	0	0.3728
c3	9000	fix	frag	L1148861	1	0.2634
c3	9000	fix	frag	L1148681	0	0.6223
c3	9000	fix	frag	L1148275	0	0.9444
c3	9000	fix	frag	L1142178	0	0.1812
c3	9000	fix	frag	L1143584	1	0.3335
c3	9000	fix	frag	L1139573	2	0.1744
c3	9000	fix	frag	L1138559	1	0.6896
c8	9000	fix	frag	L1192003	0	0.4780
c8	9000	fix	frag	L1176819	4	0.3511
c8	9000	fix	frag	L1181526	2	0.6433
c8	9000	fix	frag	L1184831	1	0.3811
c8	9000	fix	frag	L1166860	2	0.3347
c8	9000	fix	frag	L1169308	0	0.3487
c8	9000	fix	frag	L1194943	0	0.3341
c8	9000	fix	frag	L1193626	0	0.7809
c8	9000	fix	frag	L1189606	0	1.0000
c8	9000	fix	frag	L1200373	1	0.3977
c8	9000	fix	frag	L1200114	0	0.9900
c8	9000	fix	frag	L1203652	0	0.6479
c8	9000	fix	frag	L1202626	0	0.4335
c6	9000	fix	frag	L1309046	0	0.6017
c6	9000	fix	frag	L174176	1	0.3101
c10	9000	fix	frag	L1398565	3	0.3638
c1	9000	fix	frag	L1545445	6	0.1505
c1	9000	fix	frag	L1494927	0	0.8737
c1	9000	fix	frag	L1500792	1	0.4157
c1	9000	fix	frag	L1501054	0	1.0000
c1	9000	fix	frag	L1503080	0	0.4496
c1	9000	fix	frag	L1514059	2	0.2511
c1	9000	fix	frag	L1511516	0	0.5383
c1	9000	fix	frag	L1506056	0	0.9941
c1	9000	fix	frag	L1506305	0	0.9990
c1	9000	fix	frag	L1507721	0	0.8746
c1	9000	fix	frag	L1507593	0	0.3446
c1	9000	fix	frag	L1522665	0	0.4149
c1	9000	fix	frag	L1520281	2	0.1623
c1	9000	fix	frag	L1532593	0	0.4381
c1	9000	fix	frag	L1537084	2	0.7998
c1	9000	fix	frag	L1527449	1	0.6543
c1	9000	fix	frag	L1500041	0	0.6873
c16	9000	fix	frag	L1592890	2	0.1550
c16	9000	fix	frag	L1592464	2	0.6870
c16	9000	fix	frag	L1811231	1	0.3714
c16	9000	fix	frag	L1808966	0	0.7762
c16	9000	fix	frag	L1809234	0	0.5315
c16	9000	fix	frag	L1778239	2	0.5301
c16	9000	fix	frag	L1778753	0	0.9942
c16	9000	fix	frag	L1785009	0	0.2114
c16	9000	fix	frag	L1790481	4	0.1652
c16	9000	fix	frag	L1794712	1	0.3115
c16	9000	fix	frag	L1796826	0	0.9952
c16	9000	fix	frag	L1793065	0	0.5786
c16	9000	fix	frag	L1794839	0	0.9494
c16	9000	fix	frag	L1792265	0	0.9963
c16	9000	fix	frag	L1791527	0	0.8810
c16	9000	fix	frag	L1788156	0	0.9895
c16	9000	fix	frag	L1799840	1	0.4310
c16	9000	fix	frag	L1801258	0	0.8162
c16	9000	fix	frag	L1802345	0	0.9975
c10	9000	fix	frag	L1744154	0	0.5916
c10	9000	fix	frag	L1683975	5	0.1150
c10	9000	fix	frag	L1687257	1	0.2319
c10	9000	fix	frag	L1690704	11	0.1575
c10	9000	fix	frag	L1679070	0	0.6474
c10	9000	fix	frag	L1679327	0	0.7267
c10	9000	fix	frag	L1689425	4	0.2771
c10	9000	fix	frag	L1729015	1	0.0838
c10	9000	fix	frag	L1727481	1	0.1514
c10	9000	fix	frag	L1700325	1	0.4001
c10	9000	fix	frag	L1701759	0	0.8205
c10	9000	fix	frag	L1706009	0	0.4514
c10	9000	fix	frag	L1710196	1	0.6561
c10	9000	fix	frag	L1715650	1	0.2722
c10	9000	fix	frag	L1717886	4	0.2799
c10	9000	fix	frag	L1714485	1	0.3676
c10	9000	fix	frag	L1713230	0	0.3190
c10	9000	fix	frag	L1725448	0	0.9310
c10	9000	fix	frag	L1724773	1	0.6477
c10	9000	fix	frag	L1720587	1	0.4599
c10	9000	fix	frag	L1693021	1	0.3512
c10	9000	fix	frag	L1693729	0	0.6541
c0	9000	fix	frag	L496946	0	0.5659
c2	9000	fix	frag	L324946	0	0.9961
c7	9000	fix	frag	L433013	0	1.0000
c0	9000	fix	frag	L243818	0	1.0000
c0	9000	fix	frag	L252902	1	0.3346
c0	9000	fix	frag	L253345	2	0.3404
c13	9000	fix	frag	L501837	1	0.3965
c14	9000	fix	frag	L590205	0	0.8705
c14	9000	fix	frag	L572521	0	0.4343
c14	9000	fix	frag	L577507	2	0.5206
c13	9000	fix	frag	L639959	0	1.0000
c6	9000	fix	frag	L1341334	0	1.0000
c17	9000	fix	frag	L1292363	1	0.2258
c6	9000	fix	frag	L1299862	0	1.0000
c5	9000	fix	frag	L970400	1	0.3824
c9	9000	fix	frag	L849505	0	0.4789
c9	9000	fix	frag	L862725	0	1.0000
c9	9000	fix	frag	L868640	0	1.0000
c9	9000	fix	frag	L883133	0	0.9271
c9	9000	fix	frag	L888339	0	1.0000
c17	9000	fix	frag	L943752	0	0.4168
c12	9000	fix	frag	L1283746	0	1.0000
c4	9000	fix	frag	L1247700	0	1.0000
c4	9000	fix	frag	L1271695	0	0.9004
c11	9000	fix	frag	L1116847	0	0.9998
c3	9000	fix	frag	L1152742	1	0.3750
c8	9000	fix	frag	L1175689	0	0.5179
c8	9000	fix	frag	L1176510	0	1.0000
c8	9000	fix	frag	L1171933	0	0.9941
c8	9000	fix	frag	L1193093	1	0.3738
c8	9000	fix	frag	L1188236	0	0.9986
c6	9000	fix	frag	L1314993	1	0.3863
c1	9000	fix	frag	L1501117	2	0.4298
c1	9000	fix	frag	L1511077	1	0.3774
c1	9000	fix	frag	L1513453	0	0.6541
c16	9000	fix	frag	L1797546	0	1.0000
c10	9000	fix	frag	L1698795	0	1.0000
c10	9000	fix	frag	L1722777	0	1.0000
c10	9000	fix	frag	L1721987	0	1.0000
c2	9000	fix	frag	L327486	0	1.0000
c2	9000	fix	frag	L321627	0	1.0000
c2	9000	fix	frag	L333865	0	1.0000
c7	9000	fix	frag	L414959	0	1.0000
c2	9000	fix	frag	L418437	0	1.0000
c7	9000	fix	frag	L422199	0	1.0000
c0	9000	fix	frag	L235764	0	1.0000
c0	9000	fix	frag	L250969	0	1.0000
c0	9000	fix	frag	L267846	0	1.0000
c13	9000	fix	frag	L635118	0	1.0000
c13	9000	fix	frag	L642984	0	1.0000
c13	9000	fix	frag	L640160	0	1.0000
c6	9000	fix	frag	L1298142	0	1.0000
c5	9000	fix	frag	L1036426	0	1.0000
c9	9000	fix	frag	L853299	0	1.0000
c9	9000	fix	frag	L869433	0	0.9847
c12	9000	fix	frag	L1228313	1	0.4259
c3	9000	fix	frag	L1125468	0	0.9863
c3	9000	fix	frag	L1128821	0	0.9875
c8	9000	fix	frag	L1190029	0	1.0000
c1	9000	fix	frag	L1525581	0	1.0000
c1	9000	fix	frag	L1496723	0	0.9999
c10	9000	fix	frag	L1619907	0	1.0000
c2	9000	fix	frag	L358427	0	1.0000
c2	9000	fix	frag	L411451	0	1.0000
c6	9000	fix	frag	L774738	0	1.0000
c5	9000	fix	frag	L968437	0	1.0000
c9	9000	fix	frag	L864050	0	1.0000
c9	9000	fix	frag	L892540	0	1.0000
c4	9000	fix	frag	L1263639	0	1.0000
c3	9000	fix	frag	L1132817	0	1.0000
c1	9000	fix	frag	L1509635	0	1.0000
c16	9000	fix	frag	L1798302	0	1.0000
c2	9000	fix	full	L318026	0	0.9998
c2	9000	fix	full	L321627	0	1.0000
c2	9000	fix	full	L331807	1	1.0000
c2	9000	fix	full	L358427	0	1.0000
c2	9000	fix	full	L380751	0	0.6527
c2	9000	fix	full	L385595	0	1.0000
c7	9000	fix	full	L401127	0	1.0000
c7	9000	fix	full	L398087	1	0.4354
c7	9000	fix	full	L431467	0	1.0000
c7	9000	fix	full	L419149	0	1.0000
c2	9000	fix	full	L425262	1	1.0000
c2	9000	fix	full	L462461	0	0.5869
c0	9000	fix	full	L293305	1	1.0000
c0	9000	fix	full	L235764	0	1.0000
c0	9000	fix	full	L243818	0	1.0000
c0	9000	fix	full	L260842	0	0.9588
c0	9000	fix	full	L250969	0	1.0000
c0	9000	fix	full	L252902	0	1.0000
c0	9000	fix	full	L257043	0	0.9711
c0	9000	fix	full	L257465	0	0.5364
c0	9000	fix	full	L267309	1	0.3504
c14	9000	fix	full	L584866	0	1.0000
c14	9000	fix	full	L590205	0	1.0000
c14	9000	fix	full	L570772	0	1.0000
c14	9000	fix	full	L578197	1	0.5133
c13	9000	fix	full	L620966	0	1.0000
c13	9000	fix	full	L626353	1	0.8962
c13	9000	fix	full	L635118	0	1.0000
c13	9000	fix	full	L644406	0	0.9646
c13	9000	fix	full	L642984	0	1.0000
c6	9000	fix	full	L1341334	0	1.0000
c8	9000	fix	full	L1316645	1	0.9978
c6	9000	fix	full	L1321139	0	1.0000
c6	9000	fix	full	L681852	0	1.0000
c6	9000	fix	full	L1297512	0	1.0000
c17	9000	fix	full	L1292363	0	0.9165
c17	9000	fix	full	L1294408	1	0.5904
c6	9000	fix	full	L762771	0	0.7229
c5	9000	fix	full	L997717	1	1.0000
c5	9000	fix	full	L968437	0	1.0000
c5	9000	fix	full	L972698	0	1.0000
c5	9000	fix	full	L962289	0	1.0000
c5	9000	fix	full	L1044444	0	0.9992
c5	9000	fix	full	L1036426	0	1.0000
c5	9000	fix	full	L1024044	0	1.0000
c5	9000	fix	full	L1002585	0	1.0000
c9	9000	fix	full	L864050	0	1.0000
c9	9000	fix	full	L856753	0	1.0000
c9	9000	fix	full	L869433	0	1.0000
c9	9000	fix	full	L883660	0	1.0000
c9	9000	fix	full	L888339	0	1.0000
c9	9000	fix	full	L884453	0	1.0000
c9	9000	fix	full	L888692	0	0.3374
c9	9000	fix	full	L886474	1	0.8511
c9	9000	fix	full	L855747	1	0.4109
c12	9000	fix	full	L1286758	0	1.0000
c12	9000	fix	full	L1284558	0	0.9554
c4	9000	fix	full	L1228698	0	1.0000
c4	9000	fix	full	L1237368	0	0.3416
c4	9000	fix	full	L1244427	1	0.9520
c4	9000	fix	full	L1242536	0	1.0000
c4	9000	fix	full	L1263909	0	1.0000
c4	9000	fix	full	L1269225	0	1.0000
c4	9000	fix	full	L1270519	1	0.5115
c4	9000	fix	full	L1268056	1	0.3545
c4	9000	fix	full	L1267300	0	1.0000
c11	9000	fix	full	L1061587	1	0.6257
c3	9000	fix	full	L1125564	0	1.0000
c3	9000	fix	full	L1127804	1	0.3867
c3	9000	fix	full	L1135019	1	0.5008
c3	9000	fix	full	L1148681	0	1.0000
c3	9000	fix	full	L1152742	0	0.7856
c3	9000	fix	full	L1143584	0	1.0000
c3	9000	fix	full	L1138559	1	0.7880
c8	9000	fix	full	L1181526	0	1.0000
c8	9000	fix	full	L1166860	1	1.0000
c8	9000	fix	full	L1193626	0	1.0000
c8	9000	fix	full	L1192003	0	1.0000
c8	9000	fix	full	L1189606	0	1.0000
c8	9000	fix	full	L1200373	0	1.0000
c6	9000	fix	full	L1309046	0	1.0000
c1	9000	fix	full	L1545445	1	0.6856
c1	9000	fix	full	L1501117	1	0.5502
c1	9000	fix	full	L1511077	0	1.0000
c1	9000	fix	full	L1506305	0	1.0000
c1	9000	fix	full	L1507721	0	1.0000
c1	9000	fix	full	L1520281	0	0.9982
c1	9000	fix	full	L1532593	1	0.5570
c1	9000	fix	full	L1500041	0	1.0000
c16	9000	fix	full	L1592890	0	1.0000
c16	9000	fix	full	L1809234	0	1.0000
c16	9000	fix	full	L1778239	0	0.9999
c16	9000	fix	full	L1788156	0	1.0000
c16	9000	fix	full	L1794712	0	1.0000
c16	9000	fix	full	L1791527	0	1.0000
c16	9000	fix	full	L1790481	0	1.0000
c16	9000	fix	full	L1799840	0	0.6365
c10	9000	fix	full	L1679070	0	0.9997
c10	9000	fix	full	L1687257	0	0.9999
c10	9000	fix	full	L1689425	0	1.0000
c10	9000	fix	full	L1727481	0	0.7385
c10	9000	fix	full	L1698795	0	1.0000
c10	9000	fix	full	L1706009	0	0.9877
c10	9000	fix	full	L1715650	0	1.0000
c10	9000	fix	full	L1717886	0	0.9977
c10	9000	fix	full	L1721987	0	1.0000
c10	9000	fix	full	L1693021	0	1.0000
c0	9000	fix	full	L496946	1	1.0000
c2	9000	fix	full	L324946	0	1.0000
c2	9000	fix	full	L333865	0	1.0000
c2	9000	fix	full	L358098	0	1.0000
c7	9000	fix	full	L405687	1	0.6507
c2	9000	fix	full	L409413	0	0.6034
c7	9000	fix	full	L414909	0	1.0000
c7	9000	fix	full	L425629	0	0.9603
c0	9000	fix	full	L225416	0	0.9976
c7	9000	fix	full	L222365	0	0.9989
c0	9000	fix	full	L244003	0	0.9997
c0	9000	fix	full	L253345	0	0.9483
c0	9000	fix	full	L258378	0	1.0000
c0	9000	fix	full	L270977	0	1.0000
c14	9000	fix	full	L586948	1	0.8815
c14	9000	fix	full	L572521	0	1.0000
c14	9000	fix	full	L599511	0	1.0000
c13	9000	fix	full	L614050	0	1.0000
c13	9000	fix	full	L626238	0	0.9983
c13	9000	fix	full	L636888	0	1.0000
c13	9000	fix	full	L639959	0	1.0000
c13	9000	fix	full	L641936	0	0.7595
c6	9000	fix	full	L1328601	0	1.0000
c6	9000	fix	full	L1320029	1	0.5001
c6	9000	fix	full	L1334204	0	1.0000
c3	9000	fix	full	L665914	1	1.0000
c17	9000	fix	full	L1294952	0	1.0000
c6	9000	fix	full	L1299862	0	1.0000
c17	9000	fix	full	L1302458	1	0.9929
c6	9000	fix	full	L764916	0	0.9999
c5	9000	fix	full	L994491	0	1.0000
c5	9000	fix	full	L957565	0	1.0000
c5	9000	fix	full	L970400	1	0.6112
c5	9000	fix	full	L969615	0	0.5451
c5	9000	fix	full	L1044163	0	0.5253
c9	9000	fix	full	L849505	0	1.0000
c9	9000	fix	full	L862725	0	1.0000
c9	9000	fix	full	L869371	0	1.0000
c9	9000	fix	full	L885624	0	1.0000
c9	9000	fix	full	L894181	0	1.0000
c12	9000	fix	full	L1283746	0	1.0000
c4	9000	fix	full	L1247700	0	1.0000
c4	9000	fix	full	L1234322	0	1.0000
c4	9000	fix	full	L1243882	0	1.0000
c4	9000	fix	full	L1252273	0	0.9547
c3	9000	fix	full	L1123172	0	1.0000
c3	9000	fix	full	L1128821	0	1.0000
c3	9000	fix	full	L1132817	0	1.0000
c3	9000	fix	full	L1160593	0	1.0000
c3	9000	fix	full	L1146782	1	1.0000
c3	9000	fix	full	L1148275	1	1.0000
c3	9000	fix	full	L1142178	1	0.3380
c3	9000	fix	full	L1139573	1	1.0000
c8	9000	fix	full	L1175689	0	1.0000
c8	9000	fix	full	L1184831	0	1.0000
c8	9000	fix	full	L1194943	1	1.0000
c8	9000	fix	full	L1193093	1	0.9607
c8	9000	fix	full	L1190029	0	1.0000
c8	9000	fix	full	L1203652	0	1.0000
c6	9000	fix	full	L1314993	0	1.0000
c1	9000	fix	full	L1503080	0	1.0000
c1	9000	fix	full	L1500792	0	1.0000
c1	9000	fix	full	L1514059	1	1.0000
c1	9000	fix	full	L1509635	0	1.0000
c1	9000	fix	full	L1506056	0	1.0000
c1	9000	fix	full	L1527449	0	0.9966
c16	9000	fix	full	L1592464	0	1.0000
c16	9000	fix	full	L1808966	0	1.0000
c16	9000	fix	full	L1785009	1	0.9878
c16	9000	fix	full	L1794839	0	1.0000
c16	9000	fix	full	L1792265	0	1.0000
c16	9000	fix	full	L1797546	0	1.0000
c16	9000	fix	full	L1801258	0	1.0000
c10	9000	fix	full	L1683975	0	1.0000
c10	9000	fix	full	L1690704	0	0.5382
c10	9000	fix	full	L1619907	0	1.0000
c10	9000	fix	full	L1700325	0	1.0000
c10	9000	fix	full	L1724773	1	0.6829
c2	9000	fix	full	L343911	0	1.0000
c7	9000	fix	full	L402454	0	1.0000
c7	9000	fix	full	L403424	0	1.0000
c7	9000	fix	full	L433013	0	1.0000
c2	9000	fix	full	L418437	0	1.0000
c2	9000	fix	full	L459710	1	0.9731
c0	9000	fix	full	L260939	0	0.9999
c0	9000	fix	full	L258696	0	1.0000
c13	9000	fix	full	L501837	1	1.0000
c14	9000	fix	full	L589868	0	1.0000
c13	9000	fix	full	L617862	1	0.7272
c13	9000	fix	full	L623278	1	1.0000
c13	9000	fix	full	L646751	0	1.0000
c13	9000	fix	full	L640160	0	1.0000
c6	9000	fix	full	L1319261	1	1.0000
c6	9000	fix	full	L1325043	0	1.0000
c6	9000	fix	full	L666180	0	1.0000
c6	9000	fix	full	L774738	0	1.0000
c6	9000	fix	full	L774588	0	1.0000
c5	9000	fix	full	L960419	0	1.0000
c5	9000	fix	full	L962680	0	1.0000
c5	9000	fix	full	L1046348	0	1.0000
c5	9000	fix	full	L1036266	0	1.0000
c9	9000	fix	full	L853299	0	1.0000
c9	9000	fix	full	L855935	0	1.0000
c9	9000	fix	full	L873249	0	1.0000
c9	9000	fix	full	L886813	0	1.0000
c9	9000	fix	full	L886084	0	1.0000
c17	9000	fix	full	L943752	0	1.0000
c4	9000	fix	full	L1229975	0	1.0000
c12	9000	fix	full	L1228316	0	1.0000
c4	9000	fix	full	L1233030	0	0.9903
c4	9000	fix	full	L1271695	1	1.0000
c4	9000	fix	full	L1269000	0	1.0000
c4	9000	fix	full	L1269960	0	1.0000
c4	9000	fix	full	L1267973	0	0.6728
c4	9000	fix	full	L1277861	0	1.0000
c11	9000	fix	full	L1116847	0	1.0000
c3	9000	fix	full	L1125468	0	1.0000
c3	9000	fix	full	L1126749	0	1.0000
c3	9000	fix	full	L1159462	0	1.0000
c3	9000	fix	full	L1148861	0	1.0000
c8	9000	fix	full	L1176510	0	1.0000
c8	9000	fix	full	L1176819	1	0.5708
c8	9000	fix	full	L1171933	0	1.0000
c8	9000	fix	full	L1188236	0	1.0000
c8	9000	fix	full	L1202626	0	1.0000
c1	9000	fix	full	L1513453	0	1.0000
c1	9000	fix	full	L1525581	0	1.0000
c1	9000	fix	full	L1537084	1	1.0000
c1	9000	fix	full	L1496723	0	1.0000
c16	9000	fix	full	L1811231	1	1.0000
c16	9000	fix	full	L1796826	0	1.0000
c16	9000	fix	full	L1798302	0	1.0000
c10	9000	fix	full	L1744154	0	1.0000
c10	9000	fix	full	L1679327	0	1.0000
c10	9000	fix	full	L1714485	1	0.7170
c10	9000	fix	full	L1713230	0	1.0000
c10	9000	fix	full	L1722777	0	1.0000
c10	9000	fix	full	L1693729	0	1.0000
c6	9000	fix	full	L555925	0	1.0000
c2	9000	fix	full	L327486	0	1.0000
c2	9000	fix	full	L331805	1	1.0000
c2	9000	fix	full	L388838	1	1.0000
c7	9000	fix	full	L414959	0	1.0000
c7	9000	fix	full	L422199	0	1.0000
c2	9000	fix	full	L411451	0	1.0000
c0	9000	fix	full	L261190	0	1.0000
c0	9000	fix	full	L267846	0	1.0000
c2	9000	fix	full	L499837	0	1.0000
c14	9000	fix	full	L568989	0	1.0000
c14	9000	fix	full	L589777	1	1.0000
c14	9000	fix	full	L577507	0	1.0000
c13	9000	fix	full	L632457	0	1.0000
c13	9000	fix	full	L649091	1	1.0000
c13	9000	fix	full	L644497	0	1.0000
c13	9000	fix	full	L652753	0	1.0000
c6	9000	fix	full	L1334727	0	1.0000
c6	9000	fix	full	L1298142	0	1.0000
c17	9000	fix	full	L1292503	0	1.0000
c17	9000	fix	full	L1294453	0	0.9818
c5	9000	fix	full	L986820	1	1.0000
c5	9000	fix	full	L967795	0	1.0000
c5	9000	fix	full	L1046966	0	1.0000
c5	9000	fix	full	L1016849	0	1.0000
c9	9000	fix	full	L847988	0	1.0000
c9	9000	fix	full	L858843	0	1.0000
c9	9000	fix	full	L868640	0	1.0000
c9	9000	fix	full	L883133	0	1.0000
c9	9000	fix	full	L888328	0	1.0000
c9	9000	fix	full	L885068	0	1.0000
c9	9000	fix	full	L892540	0	1.0000
c17	9000	fix	full	L1052309	0	1.0000
c12	9000	fix	full	L1281298	0	1.0000
c12	9000	fix	full	L1228313	0	1.0000
c4	9000	fix	full	L1235564	0	1.0000
c4	9000	fix	full	L1249050	0	1.0000
c4	9000	fix	full	L1263639	0	1.0000
c4	9000	fix	full	L1277578	1	1.0000
c11	9000	fix	full	L1117806	0	1.0000
c3	9000	fix	full	L1134826	1	1.0000
c8	9000	fix	full	L1169308	1	1.0000
c8	9000	fix	full	L1200114	0	1.0000
c6	9000	fix	full	L174176	0	1.0000
c1	9000	fix	full	L1501054	0	1.0000
c1	9000	fix	full	L1511516	1	1.0000
c1	9000	fix	full	L1507593	0	1.0000
c1	9000	fix	full	L1522665	0	1.0000
c1	9000	fix	full	L1494927	0	1.0000
c16	9000	fix	full	L1778753	0	1.0000
c16	9000	fix	full	L1793065	0	1.0000
c16	9000	fix	full	L1802345	0	1.0000
c10	9000	fix	full	L1729015	0	1.0000
c10	9000	fix	full	L1701759	0	1.0000
c10	9000	fix	full	L1710196	0	1.0000
c10	9000	fix	full	L1725448	0	1.0000
c10	9000	fix	full	L1720587	0	1.0000
c10	9000	fix	full	L1398565	0	1.0000
c0	1000	auto	frag	L293305	7	0.6059
c0	1000	auto	frag	L496946	0	0.6562
c0	1000	auto	frag	L225416	1	0.3647
c0	1000	auto	frag	L235764	0	1.0000
c0	1000	auto	frag	L244003	1	0.3447
c0	1000	auto	frag	L243818	0	1.0000
c0	1000	auto	frag	L260842	1	0.8115
c0	1000	auto	frag	L260939	0	0.9219
c0	1000	auto	frag	L261190	0	1.0000
c0	1000	auto	frag	L253345	1	0.3280
c0	1000	auto	frag	L250969	0	1.0000
c0	1000	auto	frag	L258378	2	0.4476
c0	1000	auto	frag	L258696	0	1.0000
c0	1000	auto	frag	L252902	0	0.3918
c0	1000	auto	frag	L257043	1	0.3038
c0	1000	auto	frag	L257465	0	0.2086
c0	1000	auto	frag	L270977	0	0.4594
c0	1000	auto	frag	L267309	1	0.2970
c0	1000	auto	frag	L267846	0	1.0000
c0	1000	auto	full	L293305	1	1.0000
c0	1000	auto	full	L496946	1	1.0000
c0	1000	auto	full	L225416	0	0.9952
c0	1000	auto	full	L235764	0	1.0000
c0	1000	auto	full	L244003	0	0.9995
c0	1000	auto	full	L243818	0	1.0000
c0	1000	auto	full	L260842	0	0.9762
c0	1000	auto	full	L260939	0	0.9997
c0	1000	auto	full	L261190	0	1.0000
c0	1000	auto	full	L250969	0	1.0000
c0	1000	auto	full	L258696	0	1.0000
c0	1000	auto	full	L252902	0	1.0000
c0	1000	auto	full	L253345	0	0.9514
c0	1000	auto	full	L258378	0	1.0000
c0	1000	auto	full	L257043	0	0.9795
c0	1000	auto	full	L257465	0	0.5279
c0	1000	auto	full	L270977	0	1.0000
c0	1000	auto	full	L267846	0	1.0000
c0	1000	auto	full	L267309	0	0.3729
c0	1000	diagcpu	frag	L293305	7	0.6059
c0	1000	diagcpu	frag	L496946	0	0.6562
c0	1000	diagcpu	frag	L225416	1	0.3647
c0	1000	diagcpu	frag	L235764	0	1.0000
c0	1000	diagcpu	frag	L244003	1	0.3447
c0	1000	diagcpu	frag	L243818	0	1.0000
c0	1000	diagcpu	frag	L260842	1	0.8115
c0	1000	diagcpu	frag	L260939	0	0.9219
c0	1000	diagcpu	frag	L261190	0	1.0000
c0	1000	diagcpu	frag	L253345	1	0.3280
c0	1000	diagcpu	frag	L250969	0	1.0000
c0	1000	diagcpu	frag	L258378	2	0.4476
c0	1000	diagcpu	frag	L258696	0	1.0000
c0	1000	diagcpu	frag	L252902	0	0.3918
c0	1000	diagcpu	frag	L257043	1	0.3038
c0	1000	diagcpu	frag	L257465	0	0.2086
c0	1000	diagcpu	frag	L270977	0	0.4594
c0	1000	diagcpu	frag	L267309	1	0.2970
c0	1000	diagcpu	frag	L267846	0	1.0000
c0	1000	fix	frag	L293305	7	0.6059
c0	1000	fix	frag	L496946	0	0.6562
c0	1000	fix	frag	L225416	1	0.3647
c0	1000	fix	frag	L235764	0	1.0000
c0	1000	fix	frag	L244003	1	0.3447
c0	1000	fix	frag	L243818	0	1.0000
c0	1000	fix	frag	L260842	1	0.8115
c0	1000	fix	frag	L260939	0	0.9219
c0	1000	fix	frag	L261190	0	1.0000
c0	1000	fix	frag	L253345	1	0.3280
c0	1000	fix	frag	L250969	0	1.0000
c0	1000	fix	frag	L258378	2	0.4476
c0	1000	fix	frag	L258696	0	1.0000
c0	1000	fix	frag	L252902	0	0.3918
c0	1000	fix	frag	L257043	1	0.3038
c0	1000	fix	frag	L257465	0	0.2086
c0	1000	fix	frag	L270977	0	0.4594
c0	1000	fix	frag	L267309	1	0.2970
c0	1000	fix	frag	L267846	0	1.0000
c0	1000	fix	full	L293305	1	1.0000
c0	1000	fix	full	L496946	1	1.0000
c0	1000	fix	full	L225416	0	0.9952
c0	1000	fix	full	L235764	0	1.0000
c0	1000	fix	full	L244003	0	0.9995
c0	1000	fix	full	L243818	0	1.0000
c0	1000	fix	full	L260842	0	0.9762
c0	1000	fix	full	L260939	0	0.9997
c0	1000	fix	full	L261190	0	1.0000
c0	1000	fix	full	L250969	0	1.0000
c0	1000	fix	full	L258696	0	1.0000
c0	1000	fix	full	L252902	0	1.0000
c0	1000	fix	full	L253345	0	0.9514
c0	1000	fix	full	L258378	0	1.0000
c0	1000	fix	full	L257043	0	0.9795
c0	1000	fix	full	L257465	0	0.5279
c0	1000	fix	full	L270977	0	1.0000
c0	1000	fix	full	L267846	0	1.0000
c0	1000	fix	full	L267309	0	0.3729
c0	1000	fix_rson	frag	L293305	7	0.6059
c0	1000	fix_rson	frag	L496946	0	0.6562
c0	1000	fix_rson	frag	L225416	1	0.3647
c0	1000	fix_rson	frag	L235764	0	1.0000
c0	1000	fix_rson	frag	L244003	1	0.3447
c0	1000	fix_rson	frag	L243818	0	1.0000
c0	1000	fix_rson	frag	L260842	1	0.8115
c0	1000	fix_rson	frag	L260939	0	0.9219
c0	1000	fix_rson	frag	L261190	0	1.0000
c0	1000	fix_rson	frag	L253345	1	0.3280
c0	1000	fix_rson	frag	L250969	0	1.0000
c0	1000	fix_rson	frag	L258378	2	0.4476
c0	1000	fix_rson	frag	L258696	0	1.0000
c0	1000	fix_rson	frag	L252902	0	0.3918
c0	1000	fix_rson	frag	L257043	1	0.3038
c0	1000	fix_rson	frag	L257465	0	0.2086
c0	1000	fix_rson	frag	L270977	0	0.4594
c0	1000	fix_rson	frag	L267309	1	0.2970
c0	1000	fix_rson	frag	L267846	0	1.0000
c0	1000	noheur	frag	L225416	1	0.3647
c0	1000	noheur	frag	L235764	0	1.0000
c0	1000	noheur	frag	L243818	0	1.0000
c0	1000	noheur	frag	L244003	1	0.3440
c0	1000	noheur	frag	L250969	0	0.9995
c0	1000	noheur	frag	L252902	0	0.3918
c0	1000	noheur	frag	L253345	1	0.3276
c0	1000	noheur	frag	L257043	1	0.3037
c0	1000	noheur	frag	L257465	0	0.2083
c0	1000	noheur	frag	L258378	2	0.4475
c0	1000	noheur	frag	L258696	0	1.0000
c0	1000	noheur	frag	L260842	1	0.8108
c0	1000	noheur	frag	L260939	0	0.9132
c0	1000	noheur	frag	L261190	0	0.9999
c0	1000	noheur	frag	L267309	1	0.2692
c0	1000	noheur	frag	L267846	0	1.0000
c0	1000	noheur	frag	L270977	0	0.4594
c0	1000	noheur	frag	L293305	7	0.5977
c0	1000	noheur	frag	L496946	0	0.6562
c0	1000	nopremask	frag	L293305	7	0.5772
c0	1000	nopremask	frag	L496946	0	0.7569
c0	1000	nopremask	frag	L225416	0	0.4910
c0	1000	nopremask	frag	L235764	0	1.0000
c0	1000	nopremask	frag	L244003	2	0.3743
c0	1000	nopremask	frag	L243818	0	1.0000
c0	1000	nopremask	frag	L260842	1	0.7336
c0	1000	nopremask	frag	L260939	0	0.8480
c0	1000	nopremask	frag	L261190	0	1.0000
c0	1000	nopremask	frag	L253345	2	0.3991
c0	1000	nopremask	frag	L250969	0	1.0000
c0	1000	nopremask	frag	L258378	2	0.3787
c0	1000	nopremask	frag	L258696	0	1.0000
c0	1000	nopremask	frag	L252902	0	0.6887
c0	1000	nopremask	frag	L257043	1	0.5173
c0	1000	nopremask	frag	L257465	1	0.2116
c0	1000	nopremask	frag	L270977	1	0.4704
c0	1000	nopremask	frag	L267309	1	0.2779
c0	1000	nopremask	frag	L267846	0	1.0000
c0	1000	pplacer	frag	L267846	0	1.0000
c0	1000	pplacer	frag	L270977	1	0.3951
c0	1000	pplacer	frag	L260842	1	0.6693
c0	1000	pplacer	frag	L252902	1	0.3446
c0	1000	pplacer	frag	L243818	0	1.0000
c0	1000	pplacer	frag	L258696	0	1.0000
c0	1000	pplacer	frag	L496946	0	0.7176
c0	1000	pplacer	frag	L267309	1	0.2349
c0	1000	pplacer	frag	L253345	2	0.5146
c0	1000	pplacer	frag	L225416	0	0.4377
c0	1000	pplacer	frag	L257043	0	0.3144
c0	1000	pplacer	frag	L260939	0	0.9040
c0	1000	pplacer	frag	L258378	2	0.3440
c0	1000	pplacer	frag	L293305	7	0.6444
c0	1000	pplacer	frag	L244003	2	0.2425
c0	1000	pplacer	frag	L257465	1	0.2342
c0	1000	pplacer	frag	L235764	0	1.0000
c0	1000	pplacer	frag	L250969	0	1.0000
c0	1000	pplacer	frag	L261190	0	1.0000
c0	1000	pplacer	full	L258378	0	1.0000
c0	1000	pplacer	full	L257465	0	0.4161
c0	1000	pplacer	full	L261190	0	1.0000
c0	1000	pplacer	full	L244003	0	1.0000
c0	1000	pplacer	full	L267309	1	0.4545
c0	1000	pplacer	full	L252902	0	1.0000
c0	1000	pplacer	full	L267846	0	1.0000
c0	1000	pplacer	full	L235764	0	1.0000
c0	1000	pplacer	full	L293305	0	0.7776
c0	1000	pplacer	full	L253345	0	0.8277
c0	1000	pplacer	full	L257043	0	1.0000
c0	1000	pplacer	full	L270977	0	1.0000
c0	1000	pplacer	full	L258696	0	1.0000
c0	1000	pplacer	full	L260842	0	0.8441
c0	1000	pplacer	full	L225416	0	1.0000
c0	1000	pplacer	full	L496946	0	0.9763
c0	1000	pplacer	full	L250969	0	1.0000
c0	1000	pplacer	full	L260939	0	1.0000
c0	1000	pplacer	full	L243818	0	1.0000
c0	1000	rs_off	frag	L293305	7	0.6059
c0	1000	rs_off	frag	L496946	0	0.6562
c0	1000	rs_off	frag	L225416	1	0.3647
c0	1000	rs_off	frag	L235764	0	1.0000
c0	1000	rs_off	frag	L244003	1	0.3447
c0	1000	rs_off	frag	L243818	0	1.0000
c0	1000	rs_off	frag	L260842	1	0.8115
c0	1000	rs_off	frag	L260939	0	0.9219
c0	1000	rs_off	frag	L261190	0	1.0000
c0	1000	rs_off	frag	L253345	1	0.3280
c0	1000	rs_off	frag	L250969	0	1.0000
c0	1000	rs_off	frag	L258378	2	0.4476
c0	1000	rs_off	frag	L258696	0	1.0000
c0	1000	rs_off	frag	L252902	0	0.3918
c0	1000	rs_off	frag	L257043	1	0.3038
c0	1000	rs_off	frag	L257465	0	0.2086
c0	1000	rs_off	frag	L270977	0	0.4594
c0	1000	rs_off	frag	L267309	1	0.2970
c0	1000	rs_off	frag	L267846	0	1.0000
c0	1000	rs_on	frag	L293305	7	1.0000
c0	1000	rs_on	frag	L496946	1	1.0000
c0	1000	rs_on	frag	L225416	2	1.0000
c0	1000	rs_on	frag	L235764	0	1.0000
c0	1000	rs_on	frag	L244003	1	0.9782
c0	1000	rs_on	frag	L243818	0	1.0000
c0	1000	rs_on	frag	L260842	1	0.8115
c0	1000	rs_on	frag	L260939	2	1.0000
c0	1000	rs_on	frag	L261190	0	1.0000
c0	1000	rs_on	frag	L253345	2	1.0000
c0	1000	rs_on	frag	L250969	0	1.0000
c0	1000	rs_on	frag	L258378	6	1.0000
c0	1000	rs_on	frag	L258696	0	1.0000
c0	1000	rs_on	frag	L252902	0	1.0000
c0	1000	rs_on	frag	L257043	0	1.0000
c0	1000	rs_on	frag	L257465	1	1.0000
c0	1000	rs_on	frag	L270977	0	1.0000
c0	1000	rs_on	frag	L267309	1	1.0000
c0	1000	rs_on	frag	L267846	0	1.0000
c0	1000	simd_rson	frag	L293305	7	1.0000
c0	1000	simd_rson	frag	L496946	1	1.0000
c0	1000	simd_rson	frag	L225416	2	1.0000
c0	1000	simd_rson	frag	L235764	0	1.0000
c0	1000	simd_rson	frag	L244003	1	0.9782
c0	1000	simd_rson	frag	L243818	0	1.0000
c0	1000	simd_rson	frag	L260842	1	0.8115
c0	1000	simd_rson	frag	L260939	2	1.0000
c0	1000	simd_rson	frag	L261190	0	1.0000
c0	1000	simd_rson	frag	L253345	2	1.0000
c0	1000	simd_rson	frag	L250969	0	1.0000
c0	1000	simd_rson	frag	L258378	6	1.0000
c0	1000	simd_rson	frag	L258696	0	1.0000
c0	1000	simd_rson	frag	L252902	0	1.0000
c0	1000	simd_rson	frag	L257043	0	1.0000
c0	1000	simd_rson	frag	L257465	1	1.0000
c0	1000	simd_rson	frag	L270977	0	1.0000
c0	1000	simd_rson	frag	L267309	1	1.0000
c0	1000	simd_rson	frag	L267846	0	1.0000
c0	2000	auto	frag	L496946	0	0.8093
c0	2000	auto	frag	L293305	7	0.5491
c0	2000	auto	frag	L225416	1	0.3564
c0	2000	auto	frag	L235764	0	1.0000
c0	2000	auto	frag	L244003	1	0.3781
c0	2000	auto	frag	L243818	0	1.0000
c0	2000	auto	frag	L260842	1	0.7975
c0	2000	auto	frag	L260939	0	0.9504
c0	2000	auto	frag	L261190	0	1.0000
c0	2000	auto	frag	L253345	1	0.3438
c0	2000	auto	frag	L250969	0	1.0000
c0	2000	auto	frag	L258378	2	0.4510
c0	2000	auto	frag	L258696	0	1.0000
c0	2000	auto	frag	L252902	1	0.4308
c0	2000	auto	frag	L257043	1	0.3164
c0	2000	auto	frag	L257465	0	0.2060
c0	2000	auto	frag	L270977	0	0.4274
c0	2000	auto	frag	L267309	1	0.2928
c0	2000	auto	frag	L267846	0	1.0000
c0	2000	auto	full	L496946	1	1.0000
c0	2000	auto	full	L293305	1	1.0000
c0	2000	auto	full	L225416	0	0.9953
c0	2000	auto	full	L235764	0	1.0000
c0	2000	auto	full	L244003	0	0.9994
c0	2000	auto	full	L243818	0	1.0000
c0	2000	auto	full	L260842	0	0.9721
c0	2000	auto	full	L260939	0	0.9999
c0	2000	auto	full	L261190	0	1.0000
c0	2000	auto	full	L250969	0	1.0000
c0	2000	auto	full	L258696	0	1.0000
c0	2000	auto	full	L252902	0	1.0000
c0	2000	auto	full	L253345	0	0.9465
c0	2000	auto	full	L258378	0	1.0000
c0	2000	auto	full	L257043	0	0.9853
c0	2000	auto	full	L257465	0	0.5281
c0	2000	auto	full	L270977	0	1.0000
c0	2000	auto	full	L267846	0	1.0000
c0	2000	auto	full	L267309	0	0.3720
c0	2000	diagcpu	frag	L496946	0	0.8093
c0	2000	diagcpu	frag	L293305	7	0.5491
c0	2000	diagcpu	frag	L225416	1	0.3564
c0	2000	diagcpu	frag	L235764	0	1.0000
c0	2000	diagcpu	frag	L244003	1	0.3781
c0	2000	diagcpu	frag	L243818	0	1.0000
c0	2000	diagcpu	frag	L260842	1	0.7975
c0	2000	diagcpu	frag	L260939	0	0.9504
c0	2000	diagcpu	frag	L261190	0	1.0000
c0	2000	diagcpu	frag	L253345	1	0.3438
c0	2000	diagcpu	frag	L250969	0	1.0000
c0	2000	diagcpu	frag	L258378	2	0.4510
c0	2000	diagcpu	frag	L258696	0	1.0000
c0	2000	diagcpu	frag	L252902	1	0.4308
c0	2000	diagcpu	frag	L257043	1	0.3164
c0	2000	diagcpu	frag	L257465	0	0.2060
c0	2000	diagcpu	frag	L270977	0	0.4274
c0	2000	diagcpu	frag	L267309	1	0.2928
c0	2000	diagcpu	frag	L267846	0	1.0000
c0	2000	fix	frag	L496946	0	0.8093
c0	2000	fix	frag	L293305	7	0.5491
c0	2000	fix	frag	L225416	1	0.3564
c0	2000	fix	frag	L235764	0	1.0000
c0	2000	fix	frag	L244003	1	0.3781
c0	2000	fix	frag	L243818	0	1.0000
c0	2000	fix	frag	L260842	1	0.7975
c0	2000	fix	frag	L260939	0	0.9504
c0	2000	fix	frag	L261190	0	1.0000
c0	2000	fix	frag	L253345	1	0.3438
c0	2000	fix	frag	L250969	0	1.0000
c0	2000	fix	frag	L258378	2	0.4510
c0	2000	fix	frag	L258696	0	1.0000
c0	2000	fix	frag	L252902	1	0.4308
c0	2000	fix	frag	L257043	1	0.3164
c0	2000	fix	frag	L257465	0	0.2060
c0	2000	fix	frag	L270977	0	0.4274
c0	2000	fix	frag	L267309	1	0.2928
c0	2000	fix	frag	L267846	0	1.0000
c0	2000	fix	full	L496946	1	1.0000
c0	2000	fix	full	L293305	1	1.0000
c0	2000	fix	full	L225416	0	0.9953
c0	2000	fix	full	L235764	0	1.0000
c0	2000	fix	full	L244003	0	0.9994
c0	2000	fix	full	L243818	0	1.0000
c0	2000	fix	full	L260842	0	0.9721
c0	2000	fix	full	L260939	0	0.9999
c0	2000	fix	full	L261190	0	1.0000
c0	2000	fix	full	L250969	0	1.0000
c0	2000	fix	full	L258696	0	1.0000
c0	2000	fix	full	L252902	0	1.0000
c0	2000	fix	full	L253345	0	0.9465
c0	2000	fix	full	L258378	0	1.0000
c0	2000	fix	full	L257043	0	0.9853
c0	2000	fix	full	L257465	0	0.5281
c0	2000	fix	full	L270977	0	1.0000
c0	2000	fix	full	L267846	0	1.0000
c0	2000	fix	full	L267309	0	0.3720
c0	2000	fix_noheur	frag	L225416	1	0.3564
c0	2000	fix_noheur	frag	L235764	0	1.0000
c0	2000	fix_noheur	frag	L243818	0	1.0000
c0	2000	fix_noheur	frag	L244003	1	0.3767
c0	2000	fix_noheur	frag	L250969	0	0.9995
c0	2000	fix_noheur	frag	L252902	1	0.4308
c0	2000	fix_noheur	frag	L253345	1	0.3435
c0	2000	fix_noheur	frag	L257043	1	0.3163
c0	2000	fix_noheur	frag	L257465	0	0.2057
c0	2000	fix_noheur	frag	L258378	2	0.4510
c0	2000	fix_noheur	frag	L258696	0	1.0000
c0	2000	fix_noheur	frag	L260842	1	0.7967
c0	2000	fix_noheur	frag	L260939	0	0.9436
c0	2000	fix_noheur	frag	L261190	0	0.9999
c0	2000	fix_noheur	frag	L267309	1	0.2745
c0	2000	fix_noheur	frag	L267846	0	1.0000
c0	2000	fix_noheur	frag	L270977	0	0.4274
c0	2000	fix_noheur	frag	L293305	7	0.5423
c0	2000	fix_noheur	frag	L496946	0	0.8093
c0	2000	fix_rson	frag	L496946	0	0.8093
c0	2000	fix_rson	frag	L293305	7	0.5491
c0	2000	fix_rson	frag	L225416	1	0.3564
c0	2000	fix_rson	frag	L235764	0	1.0000
c0	2000	fix_rson	frag	L244003	1	0.3781
c0	2000	fix_rson	frag	L243818	0	1.0000
c0	2000	fix_rson	frag	L260842	1	0.7975
c0	2000	fix_rson	frag	L260939	0	0.9504
c0	2000	fix_rson	frag	L261190	0	1.0000
c0	2000	fix_rson	frag	L253345	1	0.3438
c0	2000	fix_rson	frag	L250969	0	1.0000
c0	2000	fix_rson	frag	L258378	2	0.4510
c0	2000	fix_rson	frag	L258696	0	1.0000
c0	2000	fix_rson	frag	L252902	1	0.4308
c0	2000	fix_rson	frag	L257043	1	0.3164
c0	2000	fix_rson	frag	L257465	0	0.2060
c0	2000	fix_rson	frag	L270977	0	0.4274
c0	2000	fix_rson	frag	L267309	1	0.2928
c0	2000	fix_rson	frag	L267846	0	1.0000
c0	2000	noheur	frag	L225416	1	0.3564
c0	2000	noheur	frag	L235764	0	1.0000
c0	2000	noheur	frag	L243818	0	1.0000
c0	2000	noheur	frag	L244003	1	0.3767
c0	2000	noheur	frag	L250969	0	0.9995
c0	2000	noheur	frag	L252902	1	0.4308
c0	2000	noheur	frag	L253345	1	0.3435
c0	2000	noheur	frag	L257043	1	0.3163
c0	2000	noheur	frag	L257465	0	0.2057
c0	2000	noheur	frag	L258378	2	0.4510
c0	2000	noheur	frag	L258696	0	1.0000
c0	2000	noheur	frag	L260842	1	0.7967
c0	2000	noheur	frag	L260939	0	0.9436
c0	2000	noheur	frag	L261190	0	0.9999
c0	2000	noheur	frag	L267309	1	0.2745
c0	2000	noheur	frag	L267846	0	1.0000
c0	2000	noheur	frag	L270977	0	0.4274
c0	2000	noheur	frag	L293305	7	0.5423
c0	2000	noheur	frag	L496946	0	0.8093
c0	2000	nopremask	frag	L496946	0	0.8416
c0	2000	nopremask	frag	L293305	7	0.5246
c0	2000	nopremask	frag	L225416	0	0.5868
c0	2000	nopremask	frag	L235764	0	1.0000
c0	2000	nopremask	frag	L244003	2	0.3607
c0	2000	nopremask	frag	L243818	0	1.0000
c0	2000	nopremask	frag	L260842	1	0.7235
c0	2000	nopremask	frag	L260939	0	0.8689
c0	2000	nopremask	frag	L261190	0	1.0000
c0	2000	nopremask	frag	L253345	2	0.3906
c0	2000	nopremask	frag	L250969	0	1.0000
c0	2000	nopremask	frag	L258378	2	0.3845
c0	2000	nopremask	frag	L258696	0	1.0000
c0	2000	nopremask	frag	L252902	0	0.4605
c0	2000	nopremask	frag	L257043	1	0.4820
c0	2000	nopremask	frag	L257465	1	0.1971
c0	2000	nopremask	frag	L270977	1	0.4662
c0	2000	nopremask	frag	L267309	1	0.2839
c0	2000	nopremask	frag	L267846	0	1.0000
c0	2000	pplacer	frag	L267846	0	1.0000
c0	2000	pplacer	frag	L270977	0	0.4029
c0	2000	pplacer	frag	L260842	1	0.6530
c0	2000	pplacer	frag	L252902	1	0.3453
c0	2000	pplacer	frag	L243818	0	1.0000
c0	2000	pplacer	frag	L258696	0	1.0000
c0	2000	pplacer	frag	L496946	0	0.7087
c0	2000	pplacer	frag	L267309	1	0.2349
c0	2000	pplacer	frag	L253345	2	0.5074
c0	2000	pplacer	frag	L225416	0	0.4330
c0	2000	pplacer	frag	L257043	0	0.3143
c0	2000	pplacer	frag	L260939	0	0.9053
c0	2000	pplacer	frag	L258378	2	0.3467
c0	2000	pplacer	frag	L293305	7	0.6601
c0	2000	pplacer	frag	L244003	2	0.2439
c0	2000	pplacer	frag	L257465	1	0.2346
c0	2000	pplacer	frag	L235764	0	1.0000
c0	2000	pplacer	frag	L250969	0	1.0000
c0	2000	pplacer	frag	L261190	0	1.0000
c0	2000	pplacer	full	L258378	0	1.0000
c0	2000	pplacer	full	L257465	0	0.4230
c0	2000	pplacer	full	L261190	0	1.0000
c0	2000	pplacer	full	L244003	0	1.0000
c0	2000	pplacer	full	L267309	1	0.4499
c0	2000	pplacer	full	L252902	0	1.0000
c0	2000	pplacer	full	L267846	0	1.0000
c0	2000	pplacer	full	L235764	0	1.0000
c0	2000	pplacer	full	L293305	0	0.8470
c0	2000	pplacer	full	L253345	0	0.8269
c0	2000	pplacer	full	L257043	0	1.0000
c0	2000	pplacer	full	L270977	0	1.0000
c0	2000	pplacer	full	L258696	0	1.0000
c0	2000	pplacer	full	L260842	0	0.8436
c0	2000	pplacer	full	L225416	0	1.0000
c0	2000	pplacer	full	L496946	0	0.9704
c0	2000	pplacer	full	L250969	0	1.0000
c0	2000	pplacer	full	L260939	0	1.0000
c0	2000	pplacer	full	L243818	0	1.0000
c0	2000	rs_off	frag	L496946	0	0.8093
c0	2000	rs_off	frag	L293305	7	0.5491
c0	2000	rs_off	frag	L225416	1	0.3564
c0	2000	rs_off	frag	L235764	0	1.0000
c0	2000	rs_off	frag	L244003	1	0.3781
c0	2000	rs_off	frag	L243818	0	1.0000
c0	2000	rs_off	frag	L260842	1	0.7975
c0	2000	rs_off	frag	L260939	0	0.9504
c0	2000	rs_off	frag	L261190	0	1.0000
c0	2000	rs_off	frag	L253345	1	0.3438
c0	2000	rs_off	frag	L250969	0	1.0000
c0	2000	rs_off	frag	L258378	2	0.4510
c0	2000	rs_off	frag	L258696	0	1.0000
c0	2000	rs_off	frag	L252902	1	0.4308
c0	2000	rs_off	frag	L257043	1	0.3164
c0	2000	rs_off	frag	L257465	0	0.2060
c0	2000	rs_off	frag	L270977	0	0.4274
c0	2000	rs_off	frag	L267309	1	0.2928
c0	2000	rs_off	frag	L267846	0	1.0000
c0	2000	rs_on	frag	L496946	0	0.9998
c0	2000	rs_on	frag	L293305	4	1.0000
c0	2000	rs_on	frag	L225416	2	1.0000
c0	2000	rs_on	frag	L235764	0	1.0000
c0	2000	rs_on	frag	L244003	4	1.0000
c0	2000	rs_on	frag	L243818	0	1.0000
c0	2000	rs_on	frag	L260842	1	0.7975
c0	2000	rs_on	frag	L260939	0	1.0000
c0	2000	rs_on	frag	L261190	0	1.0000
c0	2000	rs_on	frag	L253345	2	1.0000
c0	2000	rs_on	frag	L250969	0	1.0000
c0	2000	rs_on	frag	L258378	1	0.5529
c0	2000	rs_on	frag	L258696	0	1.0000
c0	2000	rs_on	frag	L252902	1	0.9969
c0	2000	rs_on	frag	L257043	4	1.0000
c0	2000	rs_on	frag	L257465	3	1.0000
c0	2000	rs_on	frag	L270977	0	0.9590
c0	2000	rs_on	frag	L267309	1	0.8244
c0	2000	rs_on	frag	L267846	0	1.0000
c0	2000	simd_rson	frag	L496946	0	0.9998
c0	2000	simd_rson	frag	L293305	4	1.0000
c0	2000	simd_rson	frag	L225416	2	1.0000
c0	2000	simd_rson	frag	L235764	0	1.0000
c0	2000	simd_rson	frag	L244003	4	1.0000
c0	2000	simd_rson	frag	L243818	0	1.0000
c0	2000	simd_rson	frag	L260842	1	0.7975
c0	2000	simd_rson	frag	L260939	0	1.0000
c0	2000	simd_rson	frag	L261190	0	1.0000
c0	2000	simd_rson	frag	L253345	2	1.0000
c0	2000	simd_rson	frag	L250969	0	1.0000
c0	2000	simd_rson	frag	L258378	1	0.5529
c0	2000	simd_rson	frag	L258696	0	1.0000
c0	2000	simd_rson	frag	L252902	1	0.9969
c0	2000	simd_rson	frag	L257043	4	1.0000
c0	2000	simd_rson	frag	L257465	3	1.0000
c0	2000	simd_rson	frag	L270977	0	0.9590
c0	2000	simd_rson	frag	L267309	1	0.8244
c0	2000	simd_rson	frag	L267846	0	1.0000
c0	3000	auto	frag	L496946	0	0.9963
c0	3000	auto	frag	L293305	4	1.0000
c0	3000	auto	frag	L225416	2	1.0000
c0	3000	auto	frag	L235764	0	1.0000
c0	3000	auto	frag	L244003	0	1.0000
c0	3000	auto	frag	L243818	0	1.0000
c0	3000	auto	frag	L260842	1	0.7921
c0	3000	auto	frag	L260939	0	0.7195
c0	3000	auto	frag	L261190	0	1.0000
c0	3000	auto	frag	L253345	2	0.9997
c0	3000	auto	frag	L250969	0	1.0000
c0	3000	auto	frag	L258378	2	1.0000
c0	3000	auto	frag	L258696	0	1.0000
c0	3000	auto	frag	L252902	0	1.0000
c0	3000	auto	frag	L257043	5	1.0000
c0	3000	auto	frag	L257465	2	1.0000
c0	3000	auto	frag	L270977	1	1.0000
c0	3000	auto	frag	L267309	0	1.0000
c0	3000	auto	frag	L267846	0	1.0000
c0	3000	auto	full	L496946	1	1.0000
c0	3000	auto	full	L293305	1	1.0000
c0	3000	auto	full	L225416	0	0.9923
c0	3000	auto	full	L235764	0	1.0000
c0	3000	auto	full	L244003	0	0.9996
c0	3000	auto	full	L243818	0	1.0000
c0	3000	auto	full	L260842	0	0.9803
c0	3000	auto	full	L260939	0	1.0000
c0	3000	auto	full	L261190	0	1.0000
c0	3000	auto	full	L250969	0	1.0000
c0	3000	auto	full	L258696	0	1.0000
c0	3000	auto	full	L252902	0	1.0000
c0	3000	auto	full	L253345	0	0.9827
c0	3000	auto	full	L258378	0	1.0000
c0	3000	auto	full	L257043	0	0.9864
c0	3000	auto	full	L257465	0	0.5227
c0	3000	auto	full	L270977	0	1.0000
c0	3000	auto	full	L267846	0	1.0000
c0	3000	auto	full	L267309	0	0.3726
c0	3000	fix	frag	L496946	0	0.6671
c0	3000	fix	frag	L293305	7	0.5764
c0	3000	fix	frag	L225416	1	0.3552
c0	3000	fix	frag	L235764	0	1.0000
c0	3000	fix	frag	L244003	1	0.4100
c0	3000	fix	frag	L243818	0	1.0000
c0	3000	fix	frag	L260842	1	0.7921
c0	3000	fix	frag	L260939	0	0.9630
c0	3000	fix	frag	L261190	0	1.0000
c0	3000	fix	frag	L253345	1	0.4008
c0	3000	fix	frag	L250969	0	1.0000
c0	3000	fix	frag	L258378	2	0.4513
c0	3000	fix	frag	L258696	0	1.0000
c0	3000	fix	frag	L252902	1	0.3543
c0	3000	fix	frag	L257043	1	0.3216
c0	3000	fix	frag	L257465	0	0.2054
c0	3000	fix	frag	L270977	0	0.4226
c0	3000	fix	frag	L267309	1	0.2915
c0	3000	fix	frag	L267846	0	1.0000
c0	3000	fix	full	L496946	1	1.0000
c0	3000	fix	full	L293305	1	1.0000
c0	3000	fix	full	L225416	0	0.9923
c0	3000	fix	full	L235764	0	1.0000
c0	3000	fix	full	L244003	0	0.9996
c0	3000	fix	full	L243818	0	1.0000
c0	3000	fix	full	L260842	0	0.9803
c0	3000	fix	full	L260939	0	1.0000
c0	3000	fix	full	L261190	0	1.0000
c0	3000	fix	full	L250969	0	1.0000
c0	3000	fix	full	L258696	0	1.0000
c0	3000	fix	full	L252902	0	1.0000
c0	3000	fix	full	L253345	0	0.9827
c0	3000	fix	full	L258378	0	1.0000
c0	3000	fix	full	L257043	0	0.9864
c0	3000	fix	full	L257465	0	0.5227
c0	3000	fix	full	L270977	0	1.0000
c0	3000	fix	full	L267846	0	1.0000
c0	3000	fix	full	L267309	0	0.3726
c0	3000	fix_noheur	frag	L225416	1	0.3552
c0	3000	fix_noheur	frag	L235764	0	1.0000
c0	3000	fix_noheur	frag	L243818	0	1.0000
c0	3000	fix_noheur	frag	L244003	1	0.4093
c0	3000	fix_noheur	frag	L250969	0	0.9995
c0	3000	fix_noheur	frag	L252902	1	0.3543
c0	3000	fix_noheur	frag	L253345	1	0.4002
c0	3000	fix_noheur	frag	L257043	1	0.3216
c0	3000	fix_noheur	frag	L257465	0	0.2051
c0	3000	fix_noheur	frag	L258378	2	0.4513
c0	3000	fix_noheur	frag	L258696	0	1.0000
c0	3000	fix_noheur	frag	L260842	1	0.7911
c0	3000	fix_noheur	frag	L260939	0	0.9566
c0	3000	fix_noheur	frag	L261190	0	0.9999
c0	3000	fix_noheur	frag	L267309	1	0.2713
c0	3000	fix_noheur	frag	L267846	0	1.0000
c0	3000	fix_noheur	frag	L270977	0	0.4226
c0	3000	fix_noheur	frag	L293305	7	0.5696
c0	3000	fix_noheur	frag	L496946	0	0.6671
c0	3000	noheur	frag	L225416	11	1.0000
c0	3000	noheur	frag	L235764	13	1.0000
c0	3000	noheur	frag	L243818	11	1.0000
c0	3000	noheur	frag	L244003	12	1.0000
c0	3000	noheur	frag	L250969	26	1.0000
c0	3000	noheur	frag	L252902	18	1.0000
c0	3000	noheur	frag	L253345	15	1.0000
c0	3000	noheur	frag	L257043	19	1.0000
c0	3000	noheur	frag	L257465	17	1.0000
c0	3000	noheur	frag	L258378	15	1.0000
c0	3000	noheur	frag	L258696	20	1.0000
c0	3000	noheur	frag	L260842	1	0.7911
c0	3000	noheur	frag	L260939	13	1.0000
c0	3000	noheur	frag	L261190	13	1.0000
c0	3000	noheur	frag	L267309	12	1.0000
c0	3000	noheur	frag	L267846	15	1.0000
c0	3000	noheur	frag	L270977	10	1.0000
c0	3000	noheur	frag	L293305	13	1.0000
c0	3000	noheur	frag	L496946	9	1.0000
c0	3000	nopremask	frag	L496946	0	0.7354
c0	3000	nopremask	frag	L293305	7	0.5443
c0	3000	nopremask	frag	L225416	0	0.5946
c0	3000	nopremask	frag	L235764	0	1.0000
c0	3000	nopremask	frag	L244003	2	0.3892
c0	3000	nopremask	frag	L243818	0	1.0000
c0	3000	nopremask	frag	L260842	1	0.7196
c0	3000	nopremask	frag	L260939	0	0.9256
c0	3000	nopremask	frag	L261190	0	1.0000
c0	3000	nopremask	frag	L253345	2	0.6030
c0	3000	nopremask	frag	L250969	0	1.0000
c0	3000	nopremask	frag	L258378	2	0.4101
c0	3000	nopremask	frag	L258696	0	1.0000
c0	3000	nopremask	frag	L252902	0	0.5823
c0	3000	nopremask	frag	L257043	1	0.4891
c0	3000	nopremask	frag	L257465	1	0.1997
c0	3000	nopremask	frag	L270977	1	0.4566
c0	3000	nopremask	frag	L267309	1	0.2826
c0	3000	nopremask	frag	L267846	0	1.0000
c0	3000	pplacer	frag	L267846	0	1.0000
c0	3000	pplacer	frag	L270977	0	0.4024
c0	3000	pplacer	frag	L260842	1	0.6519
c0	3000	pplacer	frag	L252902	1	0.3448
c0	3000	pplacer	frag	L243818	0	1.0000
c0	3000	pplacer	frag	L258696	0	1.0000
c0	3000	pplacer	frag	L496946	0	0.7061
c0	3000	pplacer	frag	L267309	1	0.2355
c0	3000	pplacer	frag	L253345	2	0.5054
c0	3000	pplacer	frag	L225416	0	0.4350
c0	3000	pplacer	frag	L257043	0	0.3141
c0	3000	pplacer	frag	L260939	0	0.9048
c0	3000	pplacer	frag	L258378	2	0.3471
c0	3000	pplacer	frag	L293305	7	0.6577
c0	3000	pplacer	frag	L244003	2	0.2442
c0	3000	pplacer	frag	L257465	1	0.2346
c0	3000	pplacer	frag	L235764	0	1.0000
c0	3000	pplacer	frag	L250969	0	1.0000
c0	3000	pplacer	frag	L261190	0	1.0000
c0	3000	pplacer	full	L258378	0	1.0000
c0	3000	pplacer	full	L257465	0	0.4214
c0	3000	pplacer	full	L261190	0	1.0000
c0	3000	pplacer	full	L244003	0	1.0000
c0	3000	pplacer	full	L267309	1	0.4499
c0	3000	pplacer	full	L252902	0	1.0000
c0	3000	pplacer	full	L267846	0	1.0000
c0	3000	pplacer	full	L235764	0	1.0000
c0	3000	pplacer	full	L293305	0	0.8462
c0	3000	pplacer	full	L253345	0	0.8269
c0	3000	pplacer	full	L257043	0	1.0000
c0	3000	pplacer	full	L270977	0	1.0000
c0	3000	pplacer	full	L258696	0	1.0000
c0	3000	pplacer	full	L260842	0	0.8408
c0	3000	pplacer	full	L225416	0	1.0000
c0	3000	pplacer	full	L496946	0	0.9690
c0	3000	pplacer	full	L250969	0	1.0000
c0	3000	pplacer	full	L260939	0	1.0000
c0	3000	pplacer	full	L243818	0	1.0000
c0	3000	rs_off	frag	L496946	0	0.6671
c0	3000	rs_off	frag	L293305	7	0.5764
c0	3000	rs_off	frag	L225416	1	0.3552
c0	3000	rs_off	frag	L235764	0	1.0000
c0	3000	rs_off	frag	L244003	1	0.4100
c0	3000	rs_off	frag	L243818	0	1.0000
c0	3000	rs_off	frag	L260842	1	0.7921
c0	3000	rs_off	frag	L260939	0	0.9630
c0	3000	rs_off	frag	L261190	0	1.0000
c0	3000	rs_off	frag	L253345	1	0.4008
c0	3000	rs_off	frag	L250969	0	1.0000
c0	3000	rs_off	frag	L258378	2	0.4513
c0	3000	rs_off	frag	L258696	0	1.0000
c0	3000	rs_off	frag	L252902	1	0.3543
c0	3000	rs_off	frag	L257043	1	0.3216
c0	3000	rs_off	frag	L257465	0	0.2054
c0	3000	rs_off	frag	L270977	0	0.4226
c0	3000	rs_off	frag	L267309	1	0.2915
c0	3000	rs_off	frag	L267846	0	1.0000
c0	3000	rs_on	frag	L496946	0	0.9963
c0	3000	rs_on	frag	L293305	4	1.0000
c0	3000	rs_on	frag	L225416	2	1.0000
c0	3000	rs_on	frag	L235764	0	1.0000
c0	3000	rs_on	frag	L244003	0	1.0000
c0	3000	rs_on	frag	L243818	0	1.0000
c0	3000	rs_on	frag	L260842	1	0.7921
c0	3000	rs_on	frag	L260939	0	0.7195
c0	3000	rs_on	frag	L261190	0	1.0000
c0	3000	rs_on	frag	L253345	2	0.9997
c0	3000	rs_on	frag	L250969	0	1.0000
c0	3000	rs_on	frag	L258378	2	1.0000
c0	3000	rs_on	frag	L258696	0	1.0000
c0	3000	rs_on	frag	L252902	0	1.0000
c0	3000	rs_on	frag	L257043	5	1.0000
c0	3000	rs_on	frag	L257465	2	1.0000
c0	3000	rs_on	frag	L270977	1	1.0000
c0	3000	rs_on	frag	L267309	0	1.0000
c0	3000	rs_on	frag	L267846	0	1.0000
c0	3000	shift	frag	L496946	0	0.6671
c0	3000	shift	frag	L293305	7	0.5764
c0	3000	shift	frag	L225416	1	0.3552
c0	3000	shift	frag	L235764	0	1.0000
c0	3000	shift	frag	L244003	1	0.4100
c0	3000	shift	frag	L243818	0	1.0000
c0	3000	shift	frag	L260842	1	0.7921
c0	3000	shift	frag	L260939	0	0.9630
c0	3000	shift	frag	L261190	0	1.0000
c0	3000	shift	frag	L253345	1	0.4008
c0	3000	shift	frag	L250969	0	1.0000
c0	3000	shift	frag	L258378	2	0.4513
c0	3000	shift	frag	L258696	0	1.0000
c0	3000	shift	frag	L252902	1	0.3543
c0	3000	shift	frag	L257043	1	0.3216
c0	3000	shift	frag	L257465	0	0.2054
c0	3000	shift	frag	L270977	0	0.4226
c0	3000	shift	frag	L267309	1	0.2915
c0	3000	shift	frag	L267846	0	1.0000
c0	3000	simd	frag	L496946	0	0.9963
c0	3000	simd	frag	L293305	4	1.0000
c0	3000	simd	frag	L225416	2	1.0000
c0	3000	simd	frag	L235764	0	1.0000
c0	3000	simd	frag	L244003	0	1.0000
c0	3000	simd	frag	L243818	0	1.0000
c0	3000	simd	frag	L260842	1	0.7921
c0	3000	simd	frag	L260939	0	0.7195
c0	3000	simd	frag	L261190	0	1.0000
c0	3000	simd	frag	L253345	2	0.9997
c0	3000	simd	frag	L250969	0	1.0000
c0	3000	simd	frag	L258378	2	1.0000
c0	3000	simd	frag	L258696	0	1.0000
c0	3000	simd	frag	L252902	0	1.0000
c0	3000	simd	frag	L257043	5	1.0000
c0	3000	simd	frag	L257465	2	1.0000
c0	3000	simd	frag	L270977	1	1.0000
c0	3000	simd	frag	L267309	0	1.0000
c0	3000	simd	frag	L267846	0	1.0000
c0	3000	simd_rson	frag	L496946	0	0.9963
c0	3000	simd_rson	frag	L293305	4	1.0000
c0	3000	simd_rson	frag	L225416	2	1.0000
c0	3000	simd_rson	frag	L235764	0	1.0000
c0	3000	simd_rson	frag	L244003	0	1.0000
c0	3000	simd_rson	frag	L243818	0	1.0000
c0	3000	simd_rson	frag	L260842	1	0.7921
c0	3000	simd_rson	frag	L260939	0	0.7195
c0	3000	simd_rson	frag	L261190	0	1.0000
c0	3000	simd_rson	frag	L253345	2	0.9997
c0	3000	simd_rson	frag	L250969	0	1.0000
c0	3000	simd_rson	frag	L258378	2	1.0000
c0	3000	simd_rson	frag	L258696	0	1.0000
c0	3000	simd_rson	frag	L252902	0	1.0000
c0	3000	simd_rson	frag	L257043	5	1.0000
c0	3000	simd_rson	frag	L257465	2	1.0000
c0	3000	simd_rson	frag	L270977	1	1.0000
c0	3000	simd_rson	frag	L267309	0	1.0000
c0	3000	simd_rson	frag	L267846	0	1.0000
c0	500	auto	frag	L293305	7	0.5921
c0	500	auto	frag	L496946	0	0.6492
c0	500	auto	frag	L225416	1	0.3720
c0	500	auto	frag	L235764	0	1.0000
c0	500	auto	frag	L244003	1	0.4063
c0	500	auto	frag	L243818	0	1.0000
c0	500	auto	frag	L260842	1	0.7885
c0	500	auto	frag	L260939	0	0.9316
c0	500	auto	frag	L261190	0	1.0000
c0	500	auto	frag	L253345	1	0.3791
c0	500	auto	frag	L250969	0	1.0000
c0	500	auto	frag	L258378	2	0.4511
c0	500	auto	frag	L258696	0	1.0000
c0	500	auto	frag	L257043	1	0.2948
c0	500	auto	frag	L252902	1	0.3593
c0	500	auto	frag	L257465	0	0.2090
c0	500	auto	frag	L270977	0	0.4673
c0	500	auto	frag	L267309	1	0.2670
c0	500	auto	frag	L267846	0	1.0000
c0	500	auto	full	L293305	1	1.0000
c0	500	auto	full	L496946	1	1.0000
c0	500	auto	full	L225416	0	0.9884
c0	500	auto	full	L235764	0	1.0000
c0	500	auto	full	L244003	0	0.9996
c0	500	auto	full	L243818	0	1.0000
c0	500	auto	full	L260842	0	0.9834
c0	500	auto	full	L260939	0	0.9999
c0	500	auto	full	L261190	0	1.0000
c0	500	auto	full	L250969	0	1.0000
c0	500	auto	full	L258696	0	1.0000
c0	500	auto	full	L252902	0	1.0000
c0	500	auto	full	L253345	0	0.9199
c0	500	auto	full	L258378	0	1.0000
c0	500	auto	full	L257043	0	0.9915
c0	500	auto	full	L257465	0	0.5206
c0	500	auto	full	L270977	0	1.0000
c0	500	auto	full	L267846	0	1.0000
c0	500	auto	full	L267309	0	0.3684
c0	500	diagcpu	frag	L293305	7	0.5921
c0	500	diagcpu	frag	L496946	0	0.6492
c0	500	diagcpu	frag	L225416	1	0.3720
c0	500	diagcpu	frag	L235764	0	1.0000
c0	500	diagcpu	frag	L244003	1	0.4063
c0	500	diagcpu	frag	L243818	0	1.0000
c0	500	diagcpu	frag	L260842	1	0.7885
c0	500	diagcpu	frag	L260939	0	0.9316
c0	500	diagcpu	frag	L261190	0	1.0000
c0	500	diagcpu	frag	L253345	1	0.3791
c0	500	diagcpu	frag	L250969	0	1.0000
c0	500	diagcpu	frag	L258378	2	0.4511
c0	500	diagcpu	frag	L258696	0	1.0000
c0	500	diagcpu	frag	L257043	1	0.2948
c0	500	diagcpu	frag	L252902	1	0.3593
c0	500	diagcpu	frag	L257465	0	0.2090
c0	500	diagcpu	frag	L270977	0	0.4673
c0	500	diagcpu	frag	L267309	1	0.2670
c0	500	diagcpu	frag	L267846	0	1.0000
c0	500	fix	frag	L293305	7	0.5921
c0	500	fix	frag	L496946	0	0.6492
c0	500	fix	frag	L225416	1	0.3720
c0	500	fix	frag	L235764	0	1.0000
c0	500	fix	frag	L244003	1	0.4063
c0	500	fix	frag	L243818	0	1.0000
c0	500	fix	frag	L260842	1	0.7885
c0	500	fix	frag	L260939	0	0.9316
c0	500	fix	frag	L261190	0	1.0000
c0	500	fix	frag	L253345	1	0.3791
c0	500	fix	frag	L250969	0	1.0000
c0	500	fix	frag	L258378	2	0.4511
c0	500	fix	frag	L258696	0	1.0000
c0	500	fix	frag	L257043	1	0.2948
c0	500	fix	frag	L252902	1	0.3593
c0	500	fix	frag	L257465	0	0.2090
c0	500	fix	frag	L270977	0	0.4673
c0	500	fix	frag	L267309	1	0.2670
c0	500	fix	frag	L267846	0	1.0000
c0	500	fix	full	L293305	1	1.0000
c0	500	fix	full	L496946	1	1.0000
c0	500	fix	full	L225416	0	0.9884
c0	500	fix	full	L235764	0	1.0000
c0	500	fix	full	L244003	0	0.9996
c0	500	fix	full	L243818	0	1.0000
c0	500	fix	full	L260842	0	0.9834
c0	500	fix	full	L260939	0	0.9999
c0	500	fix	full	L261190	0	1.0000
c0	500	fix	full	L250969	0	1.0000
c0	500	fix	full	L258696	0	1.0000
c0	500	fix	full	L252902	0	1.0000
c0	500	fix	full	L253345	0	0.9199
c0	500	fix	full	L258378	0	1.0000
c0	500	fix	full	L257043	0	0.9915
c0	500	fix	full	L257465	0	0.5206
c0	500	fix	full	L270977	0	1.0000
c0	500	fix	full	L267846	0	1.0000
c0	500	fix	full	L267309	0	0.3684
c0	500	fix_rson	frag	L293305	7	0.5921
c0	500	fix_rson	frag	L496946	0	0.6492
c0	500	fix_rson	frag	L225416	1	0.3720
c0	500	fix_rson	frag	L235764	0	1.0000
c0	500	fix_rson	frag	L244003	1	0.4063
c0	500	fix_rson	frag	L243818	0	1.0000
c0	500	fix_rson	frag	L260842	1	0.7885
c0	500	fix_rson	frag	L260939	0	0.9316
c0	500	fix_rson	frag	L261190	0	1.0000
c0	500	fix_rson	frag	L253345	1	0.3791
c0	500	fix_rson	frag	L250969	0	1.0000
c0	500	fix_rson	frag	L258378	2	0.4511
c0	500	fix_rson	frag	L258696	0	1.0000
c0	500	fix_rson	frag	L257043	1	0.2948
c0	500	fix_rson	frag	L252902	1	0.3593
c0	500	fix_rson	frag	L257465	0	0.2090
c0	500	fix_rson	frag	L270977	0	0.4673
c0	500	fix_rson	frag	L267309	1	0.2670
c0	500	fix_rson	frag	L267846	0	1.0000
c0	500	noheur	frag	L225416	1	0.3720
c0	500	noheur	frag	L235764	0	1.0000
c0	500	noheur	frag	L243818	0	1.0000
c0	500	noheur	frag	L244003	1	0.4055
c0	500	noheur	frag	L250969	0	0.9995
c0	500	noheur	frag	L252902	1	0.3593
c0	500	noheur	frag	L253345	1	0.3787
c0	500	noheur	frag	L257043	1	0.2948
c0	500	noheur	frag	L257465	0	0.2087
c0	500	noheur	frag	L258378	2	0.4510
c0	500	noheur	frag	L258696	0	1.0000
c0	500	noheur	frag	L260842	1	0.7878
c0	500	noheur	frag	L260939	0	0.9252
c0	500	noheur	frag	L261190	0	1.0000
c0	500	noheur	frag	L267309	1	0.2588
c0	500	noheur	frag	L267846	0	1.0000
c0	500	noheur	frag	L270977	0	0.4673
c0	500	noheur	frag	L293305	7	0.5831
c0	500	noheur	frag	L496946	0	0.6492
c0	500	nopremask	frag	L293305	7	0.6067
c0	500	nopremask	frag	L496946	0	0.7140
c0	500	nopremask	frag	L225416	0	0.4123
c0	500	nopremask	frag	L235764	0	1.0000
c0	500	nopremask	frag	L244003	2	0.3309
c0	500	nopremask	frag	L243818	0	1.0000
c0	500	nopremask	frag	L260842	1	0.7229
c0	500	nopremask	frag	L260939	0	0.9025
c0	500	nopremask	frag	L261190	0	1.0000
c0	500	nopremask	frag	L253345	2	0.3749
c0	500	nopremask	frag	L250969	0	1.0000
c0	500	nopremask	frag	L258378	2	0.4112
c0	500	nopremask	frag	L258696	0	1.0000
c0	500	nopremask	frag	L257043	1	0.4465
c0	500	nopremask	frag	L252902	0	0.5535
c0	500	nopremask	frag	L257465	1	0.1916
c0	500	nopremask	frag	L270977	1	0.4719
c0	500	nopremask	frag	L267309	1	0.2393
c0	500	nopremask	frag	L267846	0	1.0000
c0	500	pplacer	frag	L267846	0	1.0000
c0	500	pplacer	frag	L270977	1	0.3956
c0	500	pplacer	frag	L260842	1	0.6694
c0	500	pplacer	frag	L252902	1	0.3452
c0	500	pplacer	frag	L243818	0	1.0000
c0	500	pplacer	frag	L258696	0	1.0000
c0	500	pplacer	frag	L496946	0	0.7211
c0	500	pplacer	frag	L267309	1	0.2348
c0	500	pplacer	frag	L253345	2	0.5116
c0	500	pplacer	frag	L225416	0	0.4170
c0	500	pplacer	frag	L257043	0	0.3143
c0	500	pplacer	frag	L260939	0	0.9032
c0	500	pplacer	frag	L258378	2	0.3450
c0	500	pplacer	frag	L293305	7	0.6368
c0	500	pplacer	frag	L244003	2	0.2438
c0	500	pplacer	frag	L257465	1	0.2344
c0	500	pplacer	frag	L235764	0	1.0000
c0	500	pplacer	frag	L250969	0	1.0000
c0	500	pplacer	frag	L261190	0	1.0000
c0	500	pplacer	full	L258378	0	1.0000
c0	500	pplacer	full	L257465	0	0.4127
c0	500	pplacer	full	L261190	0	1.0000
c0	500	pplacer	full	L244003	0	1.0000
c0	500	pplacer	full	L267309	1	0.4528
c0	500	pplacer	full	L252902	0	1.0000
c0	500	pplacer	full	L267846	0	1.0000
c0	500	pplacer	full	L235764	0	1.0000
c0	500	pplacer	full	L293305	1	1.0000
c0	500	pplacer	full	L253345	0	0.8290
c0	500	pplacer	full	L257043	0	1.0000
c0	500	pplacer	full	L270977	0	1.0000
c0	500	pplacer	full	L258696	0	1.0000
c0	500	pplacer	full	L260842	0	0.8328
c0	500	pplacer	full	L225416	0	1.0000
c0	500	pplacer	full	L496946	0	0.9706
c0	500	pplacer	full	L250969	0	1.0000
c0	500	pplacer	full	L260939	0	1.0000
c0	500	pplacer	full	L243818	0	1.0000
c0	500	rs_off	frag	L293305	7	0.5921
c0	500	rs_off	frag	L496946	0	0.6492
c0	500	rs_off	frag	L225416	1	0.3720
c0	500	rs_off	frag	L235764	0	1.0000
c0	500	rs_off	frag	L244003	1	0.4063
c0	500	rs_off	frag	L243818	0	1.0000
c0	500	rs_off	frag	L260842	1	0.7885
c0	500	rs_off	frag	L260939	0	0.9316
c0	500	rs_off	frag	L261190	0	1.0000
c0	500	rs_off	frag	L253345	1	0.3791
c0	500	rs_off	frag	L250969	0	1.0000
c0	500	rs_off	frag	L258378	2	0.4511
c0	500	rs_off	frag	L258696	0	1.0000
c0	500	rs_off	frag	L257043	1	0.2948
c0	500	rs_off	frag	L252902	1	0.3593
c0	500	rs_off	frag	L257465	0	0.2090
c0	500	rs_off	frag	L270977	0	0.4673
c0	500	rs_off	frag	L267309	1	0.2670
c0	500	rs_off	frag	L267846	0	1.0000
c0	500	rs_on	frag	L293305	5	1.0000
c0	500	rs_on	frag	L496946	1	1.0000
c0	500	rs_on	frag	L225416	0	1.0000
c0	500	rs_on	frag	L235764	0	1.0000
c0	500	rs_on	frag	L244003	2	1.0000
c0	500	rs_on	frag	L243818	0	1.0000
c0	500	rs_on	frag	L260842	1	0.7885
c0	500	rs_on	frag	L260939	0	0.9742
c0	500	rs_on	frag	L261190	0	1.0000
c0	500	rs_on	frag	L253345	1	1.0000
c0	500	rs_on	frag	L250969	0	1.0000
c0	500	rs_on	frag	L258378	7	1.0000
c0	500	rs_on	frag	L258696	0	1.0000
c0	500	rs_on	frag	L257043	5	1.0000
c0	500	rs_on	frag	L252902	1	0.9994
c0	500	rs_on	frag	L257465	2	1.0000
c0	500	rs_on	frag	L270977	1	0.5782
c0	500	rs_on	frag	L267309	1	0.9953
c0	500	rs_on	frag	L267846	0	1.0000
c0	500	simd_rson	frag	L293305	5	1.0000
c0	500	simd_rson	frag	L496946	1	1.0000
c0	500	simd_rson	frag	L225416	0	1.0000
c0	500	simd_rson	frag	L235764	0	1.0000
c0	500	simd_rson	frag	L244003	2	1.0000
c0	500	simd_rson	frag	L243818	0	1.0000
c0	500	simd_rson	frag	L260842	1	0.7885
c0	500	simd_rson	frag	L260939	0	0.9742
c0	500	simd_rson	frag	L261190	0	1.0000
c0	500	simd_rson	frag	L253345	1	1.0000
c0	500	simd_rson	frag	L250969	0	1.0000
c0	500	simd_rson	frag	L258378	7	1.0000
c0	500	simd_rson	frag	L258696	0	1.0000
c0	500	simd_rson	frag	L257043	5	1.0000
c0	500	simd_rson	frag	L252902	1	0.9994
c0	500	simd_rson	frag	L257465	2	1.0000
c0	500	simd_rson	frag	L270977	1	0.5782
c0	500	simd_rson	frag	L267309	1	0.9953
c0	500	simd_rson	frag	L267846	0	1.0000
c0	5000	auto	frag	L496946	1	0.7952
c0	5000	auto	frag	L293305	5	1.0000
c0	5000	auto	frag	L225416	2	0.5019
c0	5000	auto	frag	L235764	0	1.0000
c0	5000	auto	frag	L244003	3	1.0000
c0	5000	auto	frag	L243818	0	1.0000
c0	5000	auto	frag	L260842	1	0.7791
c0	5000	auto	frag	L260939	1	1.0000
c0	5000	auto	frag	L261190	0	1.0000
c0	5000	auto	frag	L250969	0	1.0000
c0	5000	auto	frag	L258378	4	1.0000
c0	5000	auto	frag	L258696	0	1.0000
c0	5000	auto	frag	L252902	1	0.9164
c0	5000	auto	frag	L253345	2	1.0000
c0	5000	auto	frag	L257043	5	1.0000
c0	5000	auto	frag	L257465	2	1.0000
c0	5000	auto	frag	L270977	1	1.0000
c0	5000	auto	frag	L267309	2	1.0000
c0	5000	auto	frag	L267846	0	1.0000
c0	5000	auto	full	L496946	1	1.0000
c0	5000	auto	full	L293305	1	1.0000
c0	5000	auto	full	L225416	0	0.9880
c0	5000	auto	full	L235764	0	1.0000
c0	5000	auto	full	L244003	0	0.9997
c0	5000	auto	full	L243818	0	1.0000
c0	5000	auto	full	L260842	0	0.9682
c0	5000	auto	full	L260939	0	0.9999
c0	5000	auto	full	L261190	0	1.0000
c0	5000	auto	full	L250969	0	1.0000
c0	5000	auto	full	L258696	0	1.0000
c0	5000	auto	full	L252902	0	1.0000
c0	5000	auto	full	L253345	0	0.9812
c0	5000	auto	full	L258378	0	1.0000
c0	5000	auto	full	L257043	0	0.9856
c0	5000	auto	full	L257465	0	0.5234
c0	5000	auto	full	L270977	0	1.0000
c0	5000	auto	full	L267846	0	1.0000
c0	5000	auto	full	L267309	0	0.3580
c0	5000	fix	frag	L496946	0	0.7766
c0	5000	fix	frag	L293305	7	0.5422
c0	5000	fix	frag	L225416	1	0.5052
c0	5000	fix	frag	L235764	0	1.0000
c0	5000	fix	frag	L244003	1	0.2853
c0	5000	fix	frag	L243818	0	1.0000
c0	5000	fix	frag	L260842	1	0.7791
c0	5000	fix	frag	L260939	0	0.9211
c0	5000	fix	frag	L261190	0	1.0000
c0	5000	fix	frag	L250969	0	1.0000
c0	5000	fix	frag	L258378	2	0.4501
c0	5000	fix	frag	L258696	0	1.0000
c0	5000	fix	frag	L252902	1	0.4299
c0	5000	fix	frag	L253345	1	0.3887
c0	5000	fix	frag	L257043	1	0.3073
c0	5000	fix	frag	L257465	0	0.2011
c0	5000	fix	frag	L270977	0	0.4231
c0	5000	fix	frag	L267309	1	0.2937
c0	5000	fix	frag	L267846	0	1.0000
c0	5000	fix	full	L496946	1	1.0000
c0	5000	fix	full	L293305	1	1.0000
c0	5000	fix	full	L225416	0	0.9880
c0	5000	fix	full	L235764	0	1.0000
c0	5000	fix	full	L244003	0	0.9997
c0	5000	fix	full	L243818	0	1.0000
c0	5000	fix	full	L260842	0	0.9682
c0	5000	fix	full	L260939	0	0.9999
c0	5000	fix	full	L261190	0	1.0000
c0	5000	fix	full	L250969	0	1.0000
c0	5000	fix	full	L258696	0	1.0000
c0	5000	fix	full	L252902	0	1.0000
c0	5000	fix	full	L253345	0	0.9812
c0	5000	fix	full	L258378	0	1.0000
c0	5000	fix	full	L257043	0	0.9856
c0	5000	fix	full	L257465	0	0.5234
c0	5000	fix	full	L270977	0	1.0000
c0	5000	fix	full	L267846	0	1.0000
c0	5000	fix	full	L267309	0	0.3580
c0	5000	fix_noheur	frag	L225416	1	0.5052
c0	5000	fix_noheur	frag	L235764	0	1.0000
c0	5000	fix_noheur	frag	L243818	0	1.0000
c0	5000	fix_noheur	frag	L244003	1	0.2850
c0	5000	fix_noheur	frag	L250969	0	0.9994
c0	5000	fix_noheur	frag	L252902	1	0.4299
c0	5000	fix_noheur	frag	L253345	1	0.3879
c0	5000	fix_noheur	frag	L257043	1	0.3073
c0	5000	fix_noheur	frag	L257465	0	0.2007
c0	5000	fix_noheur	frag	L258378	2	0.4501
c0	5000	fix_noheur	frag	L258696	0	1.0000
c0	5000	fix_noheur	frag	L260842	1	0.7784
c0	5000	fix_noheur	frag	L260939	0	0.9132
c0	5000	fix_noheur	frag	L261190	0	0.9999
c0	5000	fix_noheur	frag	L267309	1	0.2703
c0	5000	fix_noheur	frag	L267846	0	1.0000
c0	5000	fix_noheur	frag	L270977	0	0.4231
c0	5000	fix_noheur	frag	L293305	7	0.5372
c0	5000	fix_noheur	frag	L496946	0	0.7766
c0	5000	noheur	frag	L225416	18	1.0000
c0	5000	noheur	frag	L235764	15	1.0000
c0	5000	noheur	frag	L243818	11	1.0000
c0	5000	noheur	frag	L244003	11	1.0000
c0	5000	noheur	frag	L250969	17	1.0000
c0	5000	noheur	frag	L252902	16	1.0000
c0	5000	noheur	frag	L253345	16	1.0000
c0	5000	noheur	frag	L257043	19	1.0000
c0	5000	noheur	frag	L257465	17	1.0000
c0	5000	noheur	frag	L258378	24	1.0000
c0	5000	noheur	frag	L258696	17	1.0000
c0	5000	noheur	frag	L260842	1	0.7784
c0	5000	noheur	frag	L260939	13	1.0000
c0	5000	noheur	frag	L261190	13	1.0000
c0	5000	noheur	frag	L267309	12	1.0000
c0	5000	noheur	frag	L267846	15	1.0000
c0	5000	noheur	frag	L270977	10	1.0000
c0	5000	noheur	frag	L293305	7	1.0000
c0	5000	noheur	frag	L496946	9	1.0000
c0	5000	nopremask	frag	L496946	0	0.8169
c0	5000	nopremask	frag	L293305	7	0.5071
c0	5000	nopremask	frag	L225416	0	0.4437
c0	5000	nopremask	frag	L235764	0	1.0000
c0	5000	nopremask	frag	L244003	2	0.3147
c0	5000	nopremask	frag	L243818	0	1.0000
c0	5000	nopremask	frag	L260842	1	0.7310
c0	5000	nopremask	frag	L260939	0	0.7769
c0	5000	nopremask	frag	L261190	0	1.0000
c0	5000	nopremask	frag	L250969	0	1.0000
c0	5000	nopremask	frag	L258378	2	0.4259
c0	5000	nopremask	frag	L258696	0	1.0000
c0	5000	nopremask	frag	L252902	0	0.4119
c0	5000	nopremask	frag	L253345	2	0.7164
c0	5000	nopremask	frag	L257043	1	0.3841
c0	5000	nopremask	frag	L257465	1	0.1754
c0	5000	nopremask	frag	L270977	1	0.4853
c0	5000	nopremask	frag	L267309	1	0.2684
c0	5000	nopremask	frag	L267846	0	1.0000
c0	5000	pplacer	frag	L267846	0	1.0000
c0	5000	pplacer	frag	L270977	0	0.4006
c0	5000	pplacer	frag	L260842	1	0.6491
c0	5000	pplacer	frag	L252902	1	0.3431
c0	5000	pplacer	frag	L243818	0	1.0000
c0	5000	pplacer	frag	L258696	0	1.0000
c0	5000	pplacer	frag	L496946	0	0.7041
c0	5000	pplacer	frag	L267309	1	0.2372
c0	5000	pplacer	frag	L253345	2	0.5063
c0	5000	pplacer	frag	L225416	0	0.4396
c0	5000	pplacer	frag	L257043	0	0.3141
c0	5000	pplacer	frag	L260939	0	0.9039
c0	5000	pplacer	frag	L258378	2	0.3465
c0	5000	pplacer	frag	L293305	7	0.6561
c0	5000	pplacer	frag	L244003	2	0.2444
c0	5000	pplacer	frag	L257465	1	0.2344
c0	5000	pplacer	frag	L235764	0	1.0000
c0	5000	pplacer	frag	L250969	0	1.0000
c0	5000	pplacer	frag	L261190	0	1.0000
c0	5000	pplacer	full	L258378	0	1.0000
c0	5000	pplacer	full	L257465	0	0.4198
c0	5000	pplacer	full	L261190	0	1.0000
c0	5000	pplacer	full	L244003	0	1.0000
c0	5000	pplacer	full	L267309	1	0.4489
c0	5000	pplacer	full	L252902	0	1.0000
c0	5000	pplacer	full	L267846	0	1.0000
c0	5000	pplacer	full	L235764	0	1.0000
c0	5000	pplacer	full	L293305	0	0.8452
c0	5000	pplacer	full	L253345	0	0.8249
c0	5000	pplacer	full	L257043	0	1.0000
c0	5000	pplacer	full	L270977	0	1.0000
c0	5000	pplacer	full	L258696	0	1.0000
c0	5000	pplacer	full	L260842	0	0.8368
c0	5000	pplacer	full	L225416	0	1.0000
c0	5000	pplacer	full	L496946	0	0.9705
c0	5000	pplacer	full	L250969	0	1.0000
c0	5000	pplacer	full	L260939	0	1.0000
c0	5000	pplacer	full	L243818	0	1.0000
c0	5000	rs_on	frag	L496946	1	0.7952
c0	5000	rs_on	frag	L293305	5	1.0000
c0	5000	rs_on	frag	L225416	2	0.5019
c0	5000	rs_on	frag	L235764	0	1.0000
c0	5000	rs_on	frag	L244003	3	1.0000
c0	5000	rs_on	frag	L243818	0	1.0000
c0	5000	rs_on	frag	L260842	1	0.7791
c0	5000	rs_on	frag	L260939	1	1.0000
c0	5000	rs_on	frag	L261190	0	1.0000
c0	5000	rs_on	frag	L250969	0	1.0000
c0	5000	rs_on	frag	L258378	4	1.0000
c0	5000	rs_on	frag	L258696	0	1.0000
c0	5000	rs_on	frag	L252902	1	0.9164
c0	5000	rs_on	frag	L253345	2	1.0000
c0	5000	rs_on	frag	L257043	5	1.0000
c0	5000	rs_on	frag	L257465	2	1.0000
c0	5000	rs_on	frag	L270977	1	1.0000
c0	5000	rs_on	frag	L267309	2	1.0000
c0	5000	rs_on	frag	L267846	0	1.0000
c0	5000	shift	frag	L496946	0	0.7766
c0	5000	shift	frag	L293305	7	0.5422
c0	5000	shift	frag	L225416	1	0.5052
c0	5000	shift	frag	L235764	0	1.0000
c0	5000	shift	frag	L244003	1	0.2853
c0	5000	shift	frag	L243818	0	1.0000
c0	5000	shift	frag	L260842	1	0.7791
c0	5000	shift	frag	L260939	0	0.9211
c0	5000	shift	frag	L261190	0	1.0000
c0	5000	shift	frag	L250969	0	1.0000
c0	5000	shift	frag	L258378	2	0.4501
c0	5000	shift	frag	L258696	0	1.0000
c0	5000	shift	frag	L252902	1	0.4299
c0	5000	shift	frag	L253345	1	0.3887
c0	5000	shift	frag	L257043	1	0.3073
c0	5000	shift	frag	L257465	0	0.2011
c0	5000	shift	frag	L270977	0	0.4231
c0	5000	shift	frag	L267309	1	0.2937
c0	5000	shift	frag	L267846	0	1.0000
c0	5000	simd	frag	L496946	1	0.7952
c0	5000	simd	frag	L293305	5	1.0000
c0	5000	simd	frag	L225416	2	0.5019
c0	5000	simd	frag	L235764	0	1.0000
c0	5000	simd	frag	L244003	3	1.0000
c0	5000	simd	frag	L243818	0	1.0000
c0	5000	simd	frag	L260842	1	0.7791
c0	5000	simd	frag	L260939	1	1.0000
c0	5000	simd	frag	L261190	0	1.0000
c0	5000	simd	frag	L250969	0	1.0000
c0	5000	simd	frag	L258378	4	1.0000
c0	5000	simd	frag	L258696	0	1.0000
c0	5000	simd	frag	L252902	1	0.9164
c0	5000	simd	frag	L253345	2	1.0000
c0	5000	simd	frag	L257043	5	1.0000
c0	5000	simd	frag	L257465	2	1.0000
c0	5000	simd	frag	L270977	1	1.0000
c0	5000	simd	frag	L267309	2	1.0000
c0	5000	simd	frag	L267846	0	1.0000
c0	5000	simd_rson	frag	L496946	1	0.7952
c0	5000	simd_rson	frag	L293305	5	1.0000
c0	5000	simd_rson	frag	L225416	2	0.5019
c0	5000	simd_rson	frag	L235764	0	1.0000
c0	5000	simd_rson	frag	L244003	3	1.0000
c0	5000	simd_rson	frag	L243818	0	1.0000
c0	5000	simd_rson	frag	L260842	1	0.7791
c0	5000	simd_rson	frag	L260939	1	1.0000
c0	5000	simd_rson	frag	L261190	0	1.0000
c0	5000	simd_rson	frag	L250969	0	1.0000
c0	5000	simd_rson	frag	L258378	4	1.0000
c0	5000	simd_rson	frag	L258696	0	1.0000
c0	5000	simd_rson	frag	L252902	1	0.9164
c0	5000	simd_rson	frag	L253345	2	1.0000
c0	5000	simd_rson	frag	L257043	5	1.0000
c0	5000	simd_rson	frag	L257465	2	1.0000
c0	5000	simd_rson	frag	L270977	1	1.0000
c0	5000	simd_rson	frag	L267309	2	1.0000
c0	5000	simd_rson	frag	L267846	0	1.0000
c1	1000	auto	frag	L1545445	6	0.1190
c1	1000	auto	frag	L1494927	0	0.8476
c1	1000	auto	frag	L1503080	0	0.4681
c1	1000	auto	frag	L1511516	0	0.7342
c1	1000	auto	frag	L1500792	1	0.4787
c1	1000	auto	frag	L1501117	2	0.2447
c1	1000	auto	frag	L1501054	0	0.9998
c1	1000	auto	frag	L1514059	2	0.2567
c1	1000	auto	frag	L1506056	0	0.9708
c1	1000	auto	frag	L1511077	1	0.3614
c1	1000	auto	frag	L1513453	0	0.6615
c1	1000	auto	frag	L1507721	0	0.8658
c1	1000	auto	frag	L1509635	0	1.0000
c1	1000	auto	frag	L1506305	0	0.9947
c1	1000	auto	frag	L1507593	0	0.3623
c1	1000	auto	frag	L1525581	0	1.0000
c1	1000	auto	frag	L1520281	2	0.1576
c1	1000	auto	frag	L1522665	0	0.3404
c1	1000	auto	frag	L1537084	2	0.6829
c1	1000	auto	frag	L1532593	0	0.4416
c1	1000	auto	frag	L1527449	1	0.7309
c1	1000	auto	frag	L1496723	0	0.9999
c1	1000	auto	frag	L1500041	0	0.7825
c1	1000	auto	full	L1545445	1	0.5528
c1	1000	auto	full	L1503080	0	1.0000
c1	1000	auto	full	L1501054	0	1.0000
c1	1000	auto	full	L1501117	1	0.7711
c1	1000	auto	full	L1500792	0	1.0000
c1	1000	auto	full	L1514059	1	1.0000
c1	1000	auto	full	L1511077	0	1.0000
c1	1000	auto	full	L1511516	1	1.0000
c1	1000	auto	full	L1513453	0	1.0000
c1	1000	auto	full	L1509635	0	1.0000
c1	1000	auto	full	L1506305	0	1.0000
c1	1000	auto	full	L1507721	0	1.0000
c1	1000	auto	full	L1507593	0	1.0000
c1	1000	auto	full	L1506056	0	1.0000
c1	1000	auto	full	L1525581	0	1.0000
c1	1000	auto	full	L1520281	0	0.9887
c1	1000	auto	full	L1522665	0	1.0000
c1	1000	auto	full	L1532593	1	0.6917
c1	1000	auto	full	L1537084	1	1.0000
c1	1000	auto	full	L1527449	0	0.9915
c1	1000	auto	full	L1496723	0	1.0000
c1	1000	auto	full	L1500041	0	1.0000
c1	1000	auto	full	L1494927	0	1.0000
c1	1000	diagcpu	frag	L1545445	6	0.1190
c1	1000	diagcpu	frag	L1494927	0	0.8476
c1	1000	diagcpu	frag	L1503080	0	0.4681
c1	1000	diagcpu	frag	L1511516	0	0.7342
c1	1000	diagcpu	frag	L1500792	1	0.4787
c1	1000	diagcpu	frag	L1501117	2	0.2447
c1	1000	diagcpu	frag	L1501054	0	0.9998
c1	1000	diagcpu	frag	L1514059	2	0.2567
c1	1000	diagcpu	frag	L1506056	0	0.9708
c1	1000	diagcpu	frag	L1511077	1	0.3614
c1	1000	diagcpu	frag	L1513453	0	0.6615
c1	1000	diagcpu	frag	L1507721	0	0.8658
c1	1000	diagcpu	frag	L1509635	0	1.0000
c1	1000	diagcpu	frag	L1506305	0	0.9947
c1	1000	diagcpu	frag	L1507593	0	0.3623
c1	1000	diagcpu	frag	L1525581	0	1.0000
c1	1000	diagcpu	frag	L1520281	2	0.1576
c1	1000	diagcpu	frag	L1522665	0	0.3404
c1	1000	diagcpu	frag	L1537084	2	0.6829
c1	1000	diagcpu	frag	L1532593	0	0.4416
c1	1000	diagcpu	frag	L1527449	1	0.7309
c1	1000	diagcpu	frag	L1496723	0	0.9999
c1	1000	diagcpu	frag	L1500041	0	0.7825
c1	1000	fix	frag	L1545445	6	0.1190
c1	1000	fix	frag	L1494927	0	0.8476
c1	1000	fix	frag	L1503080	0	0.4681
c1	1000	fix	frag	L1511516	0	0.7342
c1	1000	fix	frag	L1500792	1	0.4787
c1	1000	fix	frag	L1501117	2	0.2447
c1	1000	fix	frag	L1501054	0	0.9998
c1	1000	fix	frag	L1514059	2	0.2567
c1	1000	fix	frag	L1506056	0	0.9708
c1	1000	fix	frag	L1511077	1	0.3614
c1	1000	fix	frag	L1513453	0	0.6615
c1	1000	fix	frag	L1507721	0	0.8658
c1	1000	fix	frag	L1509635	0	1.0000
c1	1000	fix	frag	L1506305	0	0.9947
c1	1000	fix	frag	L1507593	0	0.3623
c1	1000	fix	frag	L1525581	0	1.0000
c1	1000	fix	frag	L1520281	2	0.1576
c1	1000	fix	frag	L1522665	0	0.3404
c1	1000	fix	frag	L1537084	2	0.6829
c1	1000	fix	frag	L1532593	0	0.4416
c1	1000	fix	frag	L1527449	1	0.7309
c1	1000	fix	frag	L1496723	0	0.9999
c1	1000	fix	frag	L1500041	0	0.7825
c1	1000	fix	full	L1545445	1	0.5528
c1	1000	fix	full	L1503080	0	1.0000
c1	1000	fix	full	L1501054	0	1.0000
c1	1000	fix	full	L1501117	1	0.7711
c1	1000	fix	full	L1500792	0	1.0000
c1	1000	fix	full	L1514059	1	1.0000
c1	1000	fix	full	L1511077	0	1.0000
c1	1000	fix	full	L1511516	1	1.0000
c1	1000	fix	full	L1513453	0	1.0000
c1	1000	fix	full	L1509635	0	1.0000
c1	1000	fix	full	L1506305	0	1.0000
c1	1000	fix	full	L1507721	0	1.0000
c1	1000	fix	full	L1507593	0	1.0000
c1	1000	fix	full	L1506056	0	1.0000
c1	1000	fix	full	L1525581	0	1.0000
c1	1000	fix	full	L1520281	0	0.9887
c1	1000	fix	full	L1522665	0	1.0000
c1	1000	fix	full	L1532593	1	0.6917
c1	1000	fix	full	L1537084	1	1.0000
c1	1000	fix	full	L1527449	0	0.9915
c1	1000	fix	full	L1496723	0	1.0000
c1	1000	fix	full	L1500041	0	1.0000
c1	1000	fix	full	L1494927	0	1.0000
c1	1000	fix_rson	frag	L1545445	6	0.1190
c1	1000	fix_rson	frag	L1494927	0	0.8476
c1	1000	fix_rson	frag	L1503080	0	0.4681
c1	1000	fix_rson	frag	L1511516	0	0.7342
c1	1000	fix_rson	frag	L1500792	1	0.4787
c1	1000	fix_rson	frag	L1501117	2	0.2447
c1	1000	fix_rson	frag	L1501054	0	0.9998
c1	1000	fix_rson	frag	L1514059	2	0.2567
c1	1000	fix_rson	frag	L1506056	0	0.9708
c1	1000	fix_rson	frag	L1511077	1	0.3614
c1	1000	fix_rson	frag	L1513453	0	0.6615
c1	1000	fix_rson	frag	L1507721	0	0.8658
c1	1000	fix_rson	frag	L1509635	0	1.0000
c1	1000	fix_rson	frag	L1506305	0	0.9947
c1	1000	fix_rson	frag	L1507593	0	0.3623
c1	1000	fix_rson	frag	L1525581	0	1.0000
c1	1000	fix_rson	frag	L1520281	2	0.1576
c1	1000	fix_rson	frag	L1522665	0	0.3404
c1	1000	fix_rson	frag	L1537084	2	0.6829
c1	1000	fix_rson	frag	L1532593	0	0.4416
c1	1000	fix_rson	frag	L1527449	1	0.7309
c1	1000	fix_rson	frag	L1496723	0	0.9999
c1	1000	fix_rson	frag	L1500041	0	0.7825
c1	1000	noheur	frag	L1494927	0	0.8442
c1	1000	noheur	frag	L1496723	0	0.9991
c1	1000	noheur	frag	L1500041	0	0.7825
c1	1000	noheur	frag	L1500792	1	0.4784
c1	1000	noheur	frag	L1501054	0	0.9996
c1	1000	noheur	frag	L1501117	2	0.2447
c1	1000	noheur	frag	L1503080	0	0.4681
c1	1000	noheur	frag	L1506056	0	0.9707
c1	1000	noheur	frag	L1506305	0	0.9944
c1	1000	noheur	frag	L1507593	0	0.3623
c1	1000	noheur	frag	L1507721	0	0.8658
c1	1000	noheur	frag	L1509635	0	1.0000
c1	1000	noheur	frag	L1511077	1	0.3613
c1	1000	noheur	frag	L1511516	0	0.7340
c1	1000	noheur	frag	L1513453	0	0.6615
c1	1000	noheur	frag	L1514059	2	0.2567
c1	1000	noheur	frag	L1520281	2	0.1562
c1	1000	noheur	frag	L1522665	0	0.3404
c1	1000	noheur	frag	L1525581	0	1.0000
c1	1000	noheur	frag	L1527449	1	0.7284
c1	1000	noheur	frag	L1532593	0	0.4416
c1	1000	noheur	frag	L1537084	2	0.6827
c1	1000	noheur	frag	L1545445	6	0.1181
c1	1000	nopremask	frag	L1545445	6	0.1281
c1	1000	nopremask	frag	L1494927	0	0.8657
c1	1000	nopremask	frag	L1503080	1	0.5087
c1	1000	nopremask	frag	L1511516	0	0.7721
c1	1000	nopremask	frag	L1500792	1	0.5815
c1	1000	nopremask	frag	L1501117	2	0.5630
c1	1000	nopremask	frag	L1501054	0	0.9998
c1	1000	nopremask	frag	L1514059	2	0.2763
c1	1000	nopremask	frag	L1506056	0	0.9751
c1	1000	nopremask	frag	L1511077	0	0.6726
c1	1000	nopremask	frag	L1513453	0	0.6842
c1	1000	nopremask	frag	L1507721	0	0.8904
c1	1000	nopremask	frag	L1509635	0	1.0000
c1	1000	nopremask	frag	L1506305	0	0.9961
c1	1000	nopremask	frag	L1507593	0	0.6564
c1	1000	nopremask	frag	L1525581	0	1.0000
c1	1000	nopremask	frag	L1520281	2	0.5121
c1	1000	nopremask	frag	L1522665	0	0.3815
c1	1000	nopremask	frag	L1537084	2	0.8243
c1	1000	nopremask	frag	L1532593	1	0.6809
c1	1000	nopremask	frag	L1527449	1	0.7485
c1	1000	nopremask	frag	L1496723	0	0.9997
c1	1000	nopremask	frag	L1500041	0	0.9206
c1	1000	pplacer	frag	L1507721	0	0.8487
c1	1000	pplacer	frag	L1532593	1	0.3334
c1	1000	pplacer	frag	L1545445	6	0.3292
c1	1000	pplacer	frag	L1527449	1	0.4189
c1	1000	pplacer	frag	L1522665	0	0.4083
c1	1000	pplacer	frag	L1511077	0	0.3585
c1	1000	pplacer	frag	L1514059	2	0.1984
c1	1000	pplacer	frag	L1507593	0	0.4490
c1	1000	pplacer	frag	L1496723	0	1.0000
c1	1000	pplacer	frag	L1525581	0	1.0000
c1	1000	pplacer	frag	L1503080	0	0.4165
c1	1000	pplacer	frag	L1500792	1	0.5827
c1	1000	pplacer	frag	L1513453	0	0.7752
c1	1000	pplacer	frag	L1500041	0	0.6444
c1	1000	pplacer	frag	L1511516	0	0.6959
c1	1000	pplacer	frag	L1501054	0	1.0000
c1	1000	pplacer	frag	L1537084	2	0.7325
c1	1000	pplacer	frag	L1506056	0	1.0000
c1	1000	pplacer	frag	L1509635	0	1.0000
c1	1000	pplacer	frag	L1506305	0	1.0000
c1	1000	pplacer	frag	L1501117	2	0.8505
c1	1000	pplacer	frag	L1494927	0	0.9638
c1	1000	pplacer	frag	L1520281	2	0.7048
c1	1000	pplacer	full	L1532593	1	0.3338
c1	1000	pplacer	full	L1520281	0	1.0000
c1	1000	pplacer	full	L1494927	0	1.0000
c1	1000	pplacer	full	L1511516	0	0.5409
c1	1000	pplacer	full	L1522665	0	1.0000
c1	1000	pplacer	full	L1527449	0	0.9328
c1	1000	pplacer	full	L1500041	0	1.0000
c1	1000	pplacer	full	L1506056	0	1.0000
c1	1000	pplacer	full	L1525581	0	1.0000
c1	1000	pplacer	full	L1501054	0	1.0000
c1	1000	pplacer	full	L1496723	0	1.0000
c1	1000	pplacer	full	L1514059	0	0.8715
c1	1000	pplacer	full	L1500792	0	1.0000
c1	1000	pplacer	full	L1506305	0	1.0000
c1	1000	pplacer	full	L1501117	1	0.5965
c1	1000	pplacer	full	L1507593	0	1.0000
c1	1000	pplacer	full	L1509635	0	1.0000
c1	1000	pplacer	full	L1513453	0	1.0000
c1	1000	pplacer	full	L1503080	0	1.0000
c1	1000	pplacer	full	L1511077	0	1.0000
c1	1000	pplacer	full	L1537084	0	1.0000
c1	1000	pplacer	full	L1545445	1	0.4240
c1	1000	pplacer	full	L1507721	0	1.0000
c1	1000	rs_off	frag	L1545445	6	0.1190
c1	1000	rs_off	frag	L1494927	0	0.8476
c1	1000	rs_off	frag	L1503080	0	0.4681
c1	1000	rs_off	frag	L1511516	0	0.7342
c1	1000	rs_off	frag	L1500792	1	0.4787
c1	1000	rs_off	frag	L1501117	2	0.2447
c1	1000	rs_off	frag	L1501054	0	0.9998
c1	1000	rs_off	frag	L1514059	2	0.2567
c1	1000	rs_off	frag	L1506056	0	0.9708
c1	1000	rs_off	frag	L1511077	1	0.3614
c1	1000	rs_off	frag	L1513453	0	0.6615
c1	1000	rs_off	frag	L1507721	0	0.8658
c1	1000	rs_off	frag	L1509635	0	1.0000
c1	1000	rs_off	frag	L1506305	0	0.9947
c1	1000	rs_off	frag	L1507593	0	0.3623
c1	1000	rs_off	frag	L1525581	0	1.0000
c1	1000	rs_off	frag	L1520281	2	0.1576
c1	1000	rs_off	frag	L1522665	0	0.3404
c1	1000	rs_off	frag	L1537084	2	0.6829
c1	1000	rs_off	frag	L1532593	0	0.4416
c1	1000	rs_off	frag	L1527449	1	0.7309
c1	1000	rs_off	frag	L1496723	0	0.9999
c1	1000	rs_off	frag	L1500041	0	0.7825
c1	1000	rs_on	frag	L1545445	6	1.0000
c1	1000	rs_on	frag	L1494927	1	0.8679
c1	1000	rs_on	frag	L1503080	6	1.0000
c1	1000	rs_on	frag	L1511516	9	0.9770
c1	1000	rs_on	frag	L1500792	1	0.8175
c1	1000	rs_on	frag	L1501117	2	0.6951
c1	1000	rs_on	frag	L1501054	0	1.0000
c1	1000	rs_on	frag	L1514059	3	1.0000
c1	1000	rs_on	frag	L1506056	1	1.0000
c1	1000	rs_on	frag	L1511077	1	1.0000
c1	1000	rs_on	frag	L1513453	0	0.5879
c1	1000	rs_on	frag	L1507721	0	0.8658
c1	1000	rs_on	frag	L1509635	0	1.0000
c1	1000	rs_on	frag	L1506305	1	0.7779
c1	1000	rs_on	frag	L1507593	2	1.0000
c1	1000	rs_on	frag	L1525581	0	1.0000
c1	1000	rs_on	frag	L1520281	3	1.0000
c1	1000	rs_on	frag	L1522665	2	0.6015
c1	1000	rs_on	frag	L1537084	4	1.0000
c1	1000	rs_on	frag	L1532593	1	0.6834
c1	1000	rs_on	frag	L1527449	1	0.9283
c1	1000	rs_on	frag	L1496723	0	1.0000
c1	1000	rs_on	frag	L1500041	0	1.0000
c1	1000	simd_rson	frag	L1545445	6	1.0000
c1	1000	simd_rson	frag	L1494927	1	0.8679
c1	1000	simd_rson	frag	L1503080	6	1.0000
c1	1000	simd_rson	frag	L1511516	9	0.9770
c1	1000	simd_rson	frag	L1500792	1	0.8175
c1	1000	simd_rson	frag	L1501117	2	0.6951
c1	1000	simd_rson	frag	L1501054	0	1.0000
c1	1000	simd_rson	frag	L1514059	3	1.0000
c1	1000	simd_rson	frag	L1506056	1	1.0000
c1	1000	simd_rson	frag	L1511077	1	1.0000
c1	1000	simd_rson	frag	L1513453	0	0.5879
c1	1000	simd_rson	frag	L1507721	0	0.8658
c1	1000	simd_rson	frag	L1509635	0	1.0000
c1	1000	simd_rson	frag	L1506305	1	0.7779
c1	1000	simd_rson	frag	L1507593	2	1.0000
c1	1000	simd_rson	frag	L1525581	0	1.0000
c1	1000	simd_rson	frag	L1520281	3	1.0000
c1	1000	simd_rson	frag	L1522665	2	0.6015
c1	1000	simd_rson	frag	L1537084	4	1.0000
c1	1000	simd_rson	frag	L1532593	1	0.6834
c1	1000	simd_rson	frag	L1527449	1	0.9283
c1	1000	simd_rson	frag	L1496723	0	1.0000
c1	1000	simd_rson	frag	L1500041	0	1.0000
c1	2000	auto	frag	L1545445	6	0.1019
c1	2000	auto	frag	L1494927	0	0.8450
c1	2000	auto	frag	L1503080	0	0.4807
c1	2000	auto	frag	L1511516	0	0.7838
c1	2000	auto	frag	L1500792	1	0.4430
c1	2000	auto	frag	L1501117	2	0.2337
c1	2000	auto	frag	L1501054	0	0.9997
c1	2000	auto	frag	L1514059	2	0.2540
c1	2000	auto	frag	L1506056	0	0.9789
c1	2000	auto	frag	L1511077	1	0.3912
c1	2000	auto	frag	L1513453	0	0.6606
c1	2000	auto	frag	L1507721	0	0.8724
c1	2000	auto	frag	L1509635	0	1.0000
c1	2000	auto	frag	L1506305	0	0.9952
c1	2000	auto	frag	L1507593	0	0.3579
c1	2000	auto	frag	L1525581	0	1.0000
c1	2000	auto	frag	L1520281	2	0.1555
c1	2000	auto	frag	L1522665	0	0.3437
c1	2000	auto	frag	L1537084	2	0.8050
c1	2000	auto	frag	L1532593	0	0.4377
c1	2000	auto	frag	L1527449	1	0.7070
c1	2000	auto	frag	L1496723	0	0.9997
c1	2000	auto	frag	L1500041	0	0.7320
c1	2000	auto	full	L1545445	1	0.5334
c1	2000	auto	full	L1503080	0	1.0000
c1	2000	auto	full	L1501054	0	1.0000
c1	2000	auto	full	L1501117	1	0.6150
c1	2000	auto	full	L1500792	0	1.0000
c1	2000	auto	full	L1514059	1	1.0000
c1	2000	auto	full	L1511077	0	1.0000
c1	2000	auto	full	L1511516	1	1.0000
c1	2000	auto	full	L1513453	0	1.0000
c1	2000	auto	full	L1509635	0	1.0000
c1	2000	auto	full	L1506305	0	1.0000
c1	2000	auto	full	L1507721	0	1.0000
c1	2000	auto	full	L1507593	0	1.0000
c1	2000	auto	full	L1506056	0	1.0000
c1	2000	auto	full	L1525581	0	1.0000
c1	2000	auto	full	L1520281	0	0.9931
c1	2000	auto	full	L1522665	0	1.0000
c1	2000	auto	full	L1532593	1	0.6398
c1	2000	auto	full	L1537084	1	1.0000
c1	2000	auto	full	L1527449	0	0.9933
c1	2000	auto	full	L1496723	0	1.0000
c1	2000	auto	full	L1500041	0	1.0000
c1	2000	auto	full	L1494927	0	1.0000
c1	2000	diagcpu	frag	L1545445	6	0.1019
c1	2000	diagcpu	frag	L1494927	0	0.8450
c1	2000	diagcpu	frag	L1503080	0	0.4807
c1	2000	diagcpu	frag	L1511516	0	0.7838
c1	2000	diagcpu	frag	L1500792	1	0.4430
c1	2000	diagcpu	frag	L1501117	2	0.2337
c1	2000	diagcpu	frag	L1501054	0	0.9997
c1	2000	diagcpu	frag	L1514059	2	0.2540
c1	2000	diagcpu	frag	L1506056	0	0.9789
c1	2000	diagcpu	frag	L1511077	1	0.3912
c1	2000	diagcpu	frag	L1513453	0	0.6606
c1	2000	diagcpu	frag	L1507721	0	0.8724
c1	2000	diagcpu	frag	L1509635	0	1.0000
c1	2000	diagcpu	frag	L1506305	0	0.9952
c1	2000	diagcpu	frag	L1507593	0	0.3579
c1	2000	diagcpu	frag	L1525581	0	1.0000
c1	2000	diagcpu	frag	L1520281	2	0.1555
c1	2000	diagcpu	frag	L1522665	0	0.3437
c1	2000	diagcpu	frag	L1537084	2	0.8050
c1	2000	diagcpu	frag	L1532593	0	0.4377
c1	2000	diagcpu	frag	L1527449	1	0.7070
c1	2000	diagcpu	frag	L1496723	0	0.9997
c1	2000	diagcpu	frag	L1500041	0	0.7320
c1	2000	fix	frag	L1545445	6	0.1019
c1	2000	fix	frag	L1494927	0	0.8450
c1	2000	fix	frag	L1503080	0	0.4807
c1	2000	fix	frag	L1511516	0	0.7838
c1	2000	fix	frag	L1500792	1	0.4430
c1	2000	fix	frag	L1501117	2	0.2337
c1	2000	fix	frag	L1501054	0	0.9997
c1	2000	fix	frag	L1514059	2	0.2540
c1	2000	fix	frag	L1506056	0	0.9789
c1	2000	fix	frag	L1511077	1	0.3912
c1	2000	fix	frag	L1513453	0	0.6606
c1	2000	fix	frag	L1507721	0	0.8724
c1	2000	fix	frag	L1509635	0	1.0000
c1	2000	fix	frag	L1506305	0	0.9952
c1	2000	fix	frag	L1507593	0	0.3579
c1	2000	fix	frag	L1525581	0	1.0000
c1	2000	fix	frag	L1520281	2	0.1555
c1	2000	fix	frag	L1522665	0	0.3437
c1	2000	fix	frag	L1537084	2	0.8050
c1	2000	fix	frag	L1532593	0	0.4377
c1	2000	fix	frag	L1527449	1	0.7070
c1	2000	fix	frag	L1496723	0	0.9997
c1	2000	fix	frag	L1500041	0	0.7320
c1	2000	fix	full	L1545445	1	0.5334
c1	2000	fix	full	L1503080	0	1.0000
c1	2000	fix	full	L1501054	0	1.0000
c1	2000	fix	full	L1501117	1	0.6150
c1	2000	fix	full	L1500792	0	1.0000
c1	2000	fix	full	L1514059	1	1.0000
c1	2000	fix	full	L1511077	0	1.0000
c1	2000	fix	full	L1511516	1	1.0000
c1	2000	fix	full	L1513453	0	1.0000
c1	2000	fix	full	L1509635	0	1.0000
c1	2000	fix	full	L1506305	0	1.0000
c1	2000	fix	full	L1507721	0	1.0000
c1	2000	fix	full	L1507593	0	1.0000
c1	2000	fix	full	L1506056	0	1.0000
c1	2000	fix	full	L1525581	0	1.0000
c1	2000	fix	full	L1520281	0	0.9931
c1	2000	fix	full	L1522665	0	1.0000
c1	2000	fix	full	L1532593	1	0.6398
c1	2000	fix	full	L1537084	1	1.0000
c1	2000	fix	full	L1527449	0	0.9933
c1	2000	fix	full	L1496723	0	1.0000
c1	2000	fix	full	L1500041	0	1.0000
c1	2000	fix	full	L1494927	0	1.0000
c1	2000	fix_noheur	frag	L1494927	0	0.8394
c1	2000	fix_noheur	frag	L1496723	0	0.9977
c1	2000	fix_noheur	frag	L1500041	0	0.7320
c1	2000	fix_noheur	frag	L1500792	1	0.4428
c1	2000	fix_noheur	frag	L1501054	0	0.9995
c1	2000	fix_noheur	frag	L1501117	2	0.2337
c1	2000	fix_noheur	frag	L1503080	0	0.4806
c1	2000	fix_noheur	frag	L1506056	0	0.9788
c1	2000	fix_noheur	frag	L1506305	0	0.9950
c1	2000	fix_noheur	frag	L1507593	0	0.3579
c1	2000	fix_noheur	frag	L1507721	0	0.8723
c1	2000	fix_noheur	frag	L1509635	0	1.0000
c1	2000	fix_noheur	frag	L1511077	1	0.3911
c1	2000	fix_noheur	frag	L1511516	0	0.7837
c1	2000	fix_noheur	frag	L1513453	0	0.6606
c1	2000	fix_noheur	frag	L1514059	2	0.2540
c1	2000	fix_noheur	frag	L1520281	2	0.1542
c1	2000	fix_noheur	frag	L1522665	0	0.3437
c1	2000	fix_noheur	frag	L1525581	0	1.0000
c1	2000	fix_noheur	frag	L1527449	1	0.7048
c1	2000	fix_noheur	frag	L1532593	0	0.4377
c1	2000	fix_noheur	frag	L1537084	2	0.8047
c1	2000	fix_noheur	frag	L1545445	6	0.1012
c1	2000	fix_rson	frag	L1545445	6	0.1019
c1	2000	fix_rson	frag	L1494927	0	0.8450
c1	2000	fix_rson	frag	L1503080	0	0.4807
c1	2000	fix_rson	frag	L1511516	0	0.7838
c1	2000	fix_rson	frag	L1500792	1	0.4430
c1	2000	fix_rson	frag	L1501117	2	0.2337
c1	2000	fix_rson	frag	L1501054	0	0.9997
c1	2000	fix_rson	frag	L1514059	2	0.2540
c1	2000	fix_rson	frag	L1506056	0	0.9789
c1	2000	fix_rson	frag	L1511077	1	0.3912
c1	2000	fix_rson	frag	L1513453	0	0.6606
c1	2000	fix_rson	frag	L1507721	0	0.8724
c1	2000	fix_rson	frag	L1509635	0	1.0000
c1	2000	fix_rson	frag	L1506305	0	0.9952
c1	2000	fix_rson	frag	L1507593	0	0.3579
c1	2000	fix_rson	frag	L1525581	0	1.0000
c1	2000	fix_rson	frag	L1520281	2	0.1555
c1	2000	fix_rson	frag	L1522665	0	0.3437
c1	2000	fix_rson	frag	L1537084	2	0.8050
c1	2000	fix_rson	frag	L1532593	0	0.4377
c1	2000	fix_rson	frag	L1527449	1	0.7070
c1	2000	fix_rson	frag	L1496723	0	0.9997
c1	2000	fix_rson	frag	L1500041	0	0.7320
c1	2000	noheur	frag	L1494927	0	0.8394
c1	2000	noheur	frag	L1496723	0	0.9977
c1	2000	noheur	frag	L1500041	0	0.7320
c1	2000	noheur	frag	L1500792	1	0.4428
c1	2000	noheur	frag	L1501054	0	0.9995
c1	2000	noheur	frag	L1501117	2	0.2337
c1	2000	noheur	frag	L1503080	0	0.4806
c1	2000	noheur	frag	L1506056	0	0.9788
c1	2000	noheur	frag	L1506305	0	0.9950
c1	2000	noheur	frag	L1507593	0	0.3579
c1	2000	noheur	frag	L1507721	0	0.8723
c1	2000	noheur	frag	L1509635	0	1.0000
c1	2000	noheur	frag	L1511077	1	0.3911
c1	2000	noheur	frag	L1511516	0	0.7837
c1	2000	noheur	frag	L1513453	0	0.6606
c1	2000	noheur	frag	L1514059	2	0.2540
c1	2000	noheur	frag	L1520281	2	0.1542
c1	2000	noheur	frag	L1522665	0	0.3437
c1	2000	noheur	frag	L1525581	0	1.0000
c1	2000	noheur	frag	L1527449	1	0.7048
c1	2000	noheur	frag	L1532593	0	0.4377
c1	2000	noheur	frag	L1537084	2	0.8047
c1	2000	noheur	frag	L1545445	6	0.1012
c1	2000	nopremask	frag	L1545445	6	0.1094
c1	2000	nopremask	frag	L1494927	0	0.8529
c1	2000	nopremask	frag	L1503080	1	0.4585
c1	2000	nopremask	frag	L1511516	0	0.8285
c1	2000	nopremask	frag	L1500792	1	0.5206
c1	2000	nopremask	frag	L1501117	2	0.5739
c1	2000	nopremask	frag	L1501054	0	0.9997
c1	2000	nopremask	frag	L1514059	2	0.2658
c1	2000	nopremask	frag	L1506056	0	0.9813
c1	2000	nopremask	frag	L1511077	0	0.5187
c1	2000	nopremask	frag	L1513453	0	0.6477
c1	2000	nopremask	frag	L1507721	0	0.8888
c1	2000	nopremask	frag	L1509635	0	1.0000
c1	2000	nopremask	frag	L1506305	0	0.9965
c1	2000	nopremask	frag	L1507593	0	0.5532
c1	2000	nopremask	frag	L1525581	0	1.0000
c1	2000	nopremask	frag	L1520281	2	0.5100
c1	2000	nopremask	frag	L1522665	0	0.4103
c1	2000	nopremask	frag	L1537084	2	0.8593
c1	2000	nopremask	frag	L1532593	1	0.6381
c1	2000	nopremask	frag	L1527449	1	0.7082
c1	2000	nopremask	frag	L1496723	0	0.9992
c1	2000	nopremask	frag	L1500041	0	0.8880
c1	2000	pplacer	frag	L1507721	0	0.8487
c1	2000	pplacer	frag	L1532593	1	0.3334
c1	2000	pplacer	frag	L1545445	6	0.3473
c1	2000	pplacer	frag	L1527449	1	0.4189
c1	2000	pplacer	frag	L1522665	0	0.4085
c1	2000	pplacer	frag	L1511077	0	0.3584
c1	2000	pplacer	frag	L1514059	2	0.1985
c1	2000	pplacer	frag	L1507593	0	0.4478
c1	2000	pplacer	frag	L1496723	0	1.0000
c1	2000	pplacer	frag	L1525581	0	1.0000
c1	2000	pplacer	frag	L1503080	0	0.4167
c1	2000	pplacer	frag	L1500792	1	0.5821
c1	2000	pplacer	frag	L1513453	0	0.7752
c1	2000	pplacer	frag	L1500041	0	0.6443
c1	2000	pplacer	frag	L1511516	0	0.6958
c1	2000	pplacer	frag	L1501054	0	1.0000
c1	2000	pplacer	frag	L1537084	2	0.7329
c1	2000	pplacer	frag	L1506056	0	1.0000
c1	2000	pplacer	frag	L1509635	0	1.0000
c1	2000	pplacer	frag	L1506305	0	1.0000
c1	2000	pplacer	frag	L1501117	2	0.8508
c1	2000	pplacer	frag	L1494927	0	0.9637
c1	2000	pplacer	frag	L1520281	2	0.7042
c1	2000	pplacer	full	L1532593	1	0.3338
c1	2000	pplacer	full	L1520281	0	1.0000
c1	2000	pplacer	full	L1494927	0	1.0000
c1	2000	pplacer	full	L1511516	0	0.5405
c1	2000	pplacer	full	L1522665	0	1.0000
c1	2000	pplacer	full	L1527449	0	0.9326
c1	2000	pplacer	full	L1500041	0	1.0000
c1	2000	pplacer	full	L1506056	0	1.0000
c1	2000	pplacer	full	L1525581	0	1.0000
c1	2000	pplacer	full	L1501054	0	1.0000
c1	2000	pplacer	full	L1496723	0	1.0000
c1	2000	pplacer	full	L1514059	0	0.8718
c1	2000	pplacer	full	L1500792	0	1.0000
c1	2000	pplacer	full	L1506305	0	1.0000
c1	2000	pplacer	full	L1501117	1	0.5965
c1	2000	pplacer	full	L1507593	0	1.0000
c1	2000	pplacer	full	L1509635	0	1.0000
c1	2000	pplacer	full	L1513453	0	1.0000
c1	2000	pplacer	full	L1503080	0	1.0000
c1	2000	pplacer	full	L1511077	0	1.0000
c1	2000	pplacer	full	L1537084	0	1.0000
c1	2000	pplacer	full	L1545445	1	0.4268
c1	2000	pplacer	full	L1507721	0	1.0000
c1	2000	rs_off	frag	L1545445	6	0.1019
c1	2000	rs_off	frag	L1494927	0	0.8450
c1	2000	rs_off	frag	L1503080	0	0.4807
c1	2000	rs_off	frag	L1511516	0	0.7838
c1	2000	rs_off	frag	L1500792	1	0.4430
c1	2000	rs_off	frag	L1501117	2	0.2337
c1	2000	rs_off	frag	L1501054	0	0.9997
c1	2000	rs_off	frag	L1514059	2	0.2540
c1	2000	rs_off	frag	L1506056	0	0.9789
c1	2000	rs_off	frag	L1511077	1	0.3912
c1	2000	rs_off	frag	L1513453	0	0.6606
c1	2000	rs_off	frag	L1507721	0	0.8724
c1	2000	rs_off	frag	L1509635	0	1.0000
c1	2000	rs_off	frag	L1506305	0	0.9952
c1	2000	rs_off	frag	L1507593	0	0.3579
c1	2000	rs_off	frag	L1525581	0	1.0000
c1	2000	rs_off	frag	L1520281	2	0.1555
c1	2000	rs_off	frag	L1522665	0	0.3437
c1	2000	rs_off	frag	L1537084	2	0.8050
c1	2000	rs_off	frag	L1532593	0	0.4377
c1	2000	rs_off	frag	L1527449	1	0.7070
c1	2000	rs_off	frag	L1496723	0	0.9997
c1	2000	rs_off	frag	L1500041	0	0.7320
c1	2000	rs_on	frag	L1545445	4	1.0000
c1	2000	rs_on	frag	L1494927	11	1.0000
c1	2000	rs_on	frag	L1503080	6	1.0000
c1	2000	rs_on	frag	L1511516	3	0.9989
c1	2000	rs_on	frag	L1500792	1	0.9875
c1	2000	rs_on	frag	L1501117	1	0.9900
c1	2000	rs_on	frag	L1501054	1	1.0000
c1	2000	rs_on	frag	L1514059	2	0.9878
c1	2000	rs_on	frag	L1506056	0	1.0000
c1	2000	rs_on	frag	L1511077	1	1.0000
c1	2000	rs_on	frag	L1513453	0	0.6003
c1	2000	rs_on	frag	L1507721	0	0.8724
c1	2000	rs_on	frag	L1509635	0	1.0000
c1	2000	rs_on	frag	L1506305	3	0.9330
c1	2000	rs_on	frag	L1507593	1	0.5240
c1	2000	rs_on	frag	L1525581	0	1.0000
c1	2000	rs_on	frag	L1520281	0	1.0000
c1	2000	rs_on	frag	L1522665	7	1.0000
c1	2000	rs_on	frag	L1537084	3	1.0000
c1	2000	rs_on	frag	L1532593	3	0.7425
c1	2000	rs_on	frag	L1527449	1	0.9738
c1	2000	rs_on	frag	L1496723	1	1.0000
c1	2000	rs_on	frag	L1500041	1	0.6365
c1	2000	simd_rson	frag	L1545445	4	1.0000
c1	2000	simd_rson	frag	L1494927	11	1.0000
c1	2000	simd_rson	frag	L1503080	6	1.0000
c1	2000	simd_rson	frag	L1511516	3	0.9989
c1	2000	simd_rson	frag	L1500792	1	0.9875
c1	2000	simd_rson	frag	L1501117	1	0.9900
c1	2000	simd_rson	frag	L1501054	1	1.0000
c1	2000	simd_rson	frag	L1514059	2	0.9878
c1	2000	simd_rson	frag	L1506056	0	1.0000
c1	2000	simd_rson	frag	L1511077	1	1.0000
c1	2000	simd_rson	frag	L1513453	0	0.6003
c1	2000	simd_rson	frag	L1507721	0	0.8724
c1	2000	simd_rson	frag	L1509635	0	1.0000
c1	2000	simd_rson	frag	L1506305	3	0.9330
c1	2000	simd_rson	frag	L1507593	1	0.5240
c1	2000	simd_rson	frag	L1525581	0	1.0000
c1	2000	simd_rson	frag	L1520281	0	1.0000
c1	2000	simd_rson	frag	L1522665	7	1.0000
c1	2000	simd_rson	frag	L1537084	3	1.0000
c1	2000	simd_rson	frag	L1532593	3	0.7425
c1	2000	simd_rson	frag	L1527449	1	0.9738
c1	2000	simd_rson	frag	L1496723	1	1.0000
c1	2000	simd_rson	frag	L1500041	1	0.6365
c1	3000	auto	frag	L1545445	8	1.0000
c1	3000	auto	frag	L1494927	5	0.9860
c1	3000	auto	frag	L1503080	6	1.0000
c1	3000	auto	frag	L1511516	8	1.0000
c1	3000	auto	frag	L1500792	1	0.9375
c1	3000	auto	frag	L1501117	2	0.9447
c1	3000	auto	frag	L1501054	1	0.9881
c1	3000	auto	frag	L1514059	3	1.0000
c1	3000	auto	frag	L1506056	7	0.5997
c1	3000	auto	frag	L1511077	1	0.5458
c1	3000	auto	frag	L1513453	0	0.5872
c1	3000	auto	frag	L1509635	0	1.0000
c1	3000	auto	frag	L1506305	0	1.0000
c1	3000	auto	frag	L1507721	0	0.8668
c1	3000	auto	frag	L1507593	1	1.0000
c1	3000	auto	frag	L1525581	0	1.0000
c1	3000	auto	frag	L1520281	5	0.5026
c1	3000	auto	frag	L1522665	7	1.0000
c1	3000	auto	frag	L1537084	2	0.8494
c1	3000	auto	frag	L1532593	1	1.0000
c1	3000	auto	frag	L1527449	1	1.0000
c1	3000	auto	frag	L1496723	0	1.0000
c1	3000	auto	frag	L1500041	1	0.6784
c1	3000	auto	full	L1545445	1	0.5503
c1	3000	auto	full	L1503080	0	1.0000
c1	3000	auto	full	L1501054	0	1.0000
c1	3000	auto	full	L1501117	1	0.6134
c1	3000	auto	full	L1500792	0	1.0000
c1	3000	auto	full	L1514059	1	1.0000
c1	3000	auto	full	L1511077	0	1.0000
c1	3000	auto	full	L1511516	1	1.0000
c1	3000	auto	full	L1513453	0	1.0000
c1	3000	auto	full	L1509635	0	1.0000
c1	3000	auto	full	L1506305	0	1.0000
c1	3000	auto	full	L1507721	0	1.0000
c1	3000	auto	full	L1507593	0	1.0000
c1	3000	auto	full	L1506056	0	1.0000
c1	3000	auto	full	L1525581	0	1.0000
c1	3000	auto	full	L1520281	0	0.9982
c1	3000	auto	full	L1522665	0	1.0000
c1	3000	auto	full	L1532593	1	0.5841
c1	3000	auto	full	L1537084	1	1.0000
c1	3000	auto	full	L1527449	0	0.9967
c1	3000	auto	full	L1496723	0	1.0000
c1	3000	auto	full	L1500041	0	1.0000
c1	3000	auto	full	L1494927	0	1.0000
c1	3000	fix	frag	L1545445	4	0.1142
c1	3000	fix	frag	L1494927	0	0.8549
c1	3000	fix	frag	L1503080	0	0.4669
c1	3000	fix	frag	L1511516	0	0.6789
c1	3000	fix	frag	L1500792	1	0.4734
c1	3000	fix	frag	L1501117	2	0.2542
c1	3000	fix	frag	L1501054	0	1.0000
c1	3000	fix	frag	L1514059	2	0.2498
c1	3000	fix	frag	L1506056	0	0.9931
c1	3000	fix	frag	L1511077	1	0.3841
c1	3000	fix	frag	L1513453	0	0.6621
c1	3000	fix	frag	L1509635	0	1.0000
c1	3000	fix	frag	L1506305	0	0.9981
c1	3000	fix	frag	L1507721	0	0.8668
c1	3000	fix	frag	L1507593	0	0.3572
c1	3000	fix	frag	L1525581	0	1.0000
c1	3000	fix	frag	L1520281	2	0.1611
c1	3000	fix	frag	L1522665	0	0.4109
c1	3000	fix	frag	L1537084	2	0.8061
c1	3000	fix	frag	L1532593	0	0.4414
c1	3000	fix	frag	L1527449	1	0.6535
c1	3000	fix	frag	L1496723	0	0.9999
c1	3000	fix	frag	L1500041	0	0.7909
c1	3000	fix	full	L1545445	1	0.5503
c1	3000	fix	full	L1503080	0	1.0000
c1	3000	fix	full	L1501054	0	1.0000
c1	3000	fix	full	L1501117	1	0.6134
c1	3000	fix	full	L1500792	0	1.0000
c1	3000	fix	full	L1514059	1	1.0000
c1	3000	fix	full	L1511077	0	1.0000
c1	3000	fix	full	L1511516	1	1.0000
c1	3000	fix	full	L1513453	0	1.0000
c1	3000	fix	full	L1509635	0	1.0000
c1	3000	fix	full	L1506305	0	1.0000
c1	3000	fix	full	L1507721	0	1.0000
c1	3000	fix	full	L1507593	0	1.0000
c1	3000	fix	full	L1506056	0	1.0000
c1	3000	fix	full	L1525581	0	1.0000
c1	3000	fix	full	L1520281	0	0.9982
c1	3000	fix	full	L1522665	0	1.0000
c1	3000	fix	full	L1532593	1	0.5841
c1	3000	fix	full	L1537084	1	1.0000
c1	3000	fix	full	L1527449	0	0.9967
c1	3000	fix	full	L1496723	0	1.0000
c1	3000	fix	full	L1500041	0	1.0000
c1	3000	fix	full	L1494927	0	1.0000
c1	3000	fix_noheur	frag	L1494927	0	0.8499
c1	3000	fix_noheur	frag	L1496723	0	0.9991
c1	3000	fix_noheur	frag	L1500041	0	0.7909
c1	3000	fix_noheur	frag	L1500792	1	0.4732
c1	3000	fix_noheur	frag	L1501054	0	0.9999
c1	3000	fix_noheur	frag	L1501117	2	0.2542
c1	3000	fix_noheur	frag	L1503080	0	0.4669
c1	3000	fix_noheur	frag	L1506056	0	0.9928
c1	3000	fix_noheur	frag	L1506305	0	0.9980
c1	3000	fix_noheur	frag	L1507593	0	0.3572
c1	3000	fix_noheur	frag	L1507721	0	0.8667
c1	3000	fix_noheur	frag	L1509635	0	1.0000
c1	3000	fix_noheur	frag	L1511077	1	0.3841
c1	3000	fix_noheur	frag	L1511516	0	0.6787
c1	3000	fix_noheur	frag	L1513453	0	0.6621
c1	3000	fix_noheur	frag	L1514059	2	0.2498
c1	3000	fix_noheur	frag	L1520281	2	0.1597
c1	3000	fix_noheur	frag	L1522665	0	0.4109
c1	3000	fix_noheur	frag	L1525581	0	1.0000
c1	3000	fix_noheur	frag	L1527449	1	0.6514
c1	3000	fix_noheur	frag	L1532593	0	0.4414
c1	3000	fix_noheur	frag	L1537084	2	0.8058
c1	3000	fix_noheur	frag	L1545445	4	0.1121
c1	3000	noheur	frag	L1494927	9	1.0000
c1	3000	noheur	frag	L1496723	11	0.9996
c1	3000	noheur	frag	L1500041	13	1.0000
c1	3000	noheur	frag	L1500792	13	1.0000
c1	3000	noheur	frag	L1501054	13	1.0000
c1	3000	noheur	frag	L1501117	17	1.0000
c1	3000	noheur	frag	L1503080	14	1.0000
c1	3000	noheur	frag	L1506056	17	1.0000
c1	3000	noheur	frag	L1506305	16	1.0000
c1	3000	noheur	frag	L1507593	19	1.0000
c1	3000	noheur	frag	L1507721	0	0.8667
c1	3000	noheur	frag	L1509635	19	1.0000
c1	3000	noheur	frag	L1511077	16	1.0000
c1	3000	noheur	frag	L1511516	17	1.0000
c1	3000	noheur	frag	L1513453	20	1.0000
c1	3000	noheur	frag	L1514059	14	1.0000
c1	3000	noheur	frag	L1520281	20	1.0000
c1	3000	noheur	frag	L1522665	16	1.0000
c1	3000	noheur	frag	L1525581	16	1.0000
c1	3000	noheur	frag	L1527449	18	1.0000
c1	3000	noheur	frag	L1532593	18	1.0000
c1	3000	noheur	frag	L1537084	15	1.0000
c1	3000	noheur	frag	L1545445	8	1.0000
c1	3000	nopremask	frag	L1545445	6	0.1217
c1	3000	nopremask	frag	L1494927	0	0.8471
c1	3000	nopremask	frag	L1503080	1	0.4010
c1	3000	nopremask	frag	L1511516	0	0.6936
c1	3000	nopremask	frag	L1500792	1	0.5385
c1	3000	nopremask	frag	L1501117	2	0.6065
c1	3000	nopremask	frag	L1501054	0	1.0000
c1	3000	nopremask	frag	L1514059	2	0.2355
c1	3000	nopremask	frag	L1506056	0	0.9933
c1	3000	nopremask	frag	L1511077	0	0.4920
c1	3000	nopremask	frag	L1513453	0	0.6389
c1	3000	nopremask	frag	L1509635	0	1.0000
c1	3000	nopremask	frag	L1506305	0	0.9983
c1	3000	nopremask	frag	L1507721	0	0.8746
c1	3000	nopremask	frag	L1507593	0	0.4288
c1	3000	nopremask	frag	L1525581	0	1.0000
c1	3000	nopremask	frag	L1520281	2	0.6956
c1	3000	nopremask	frag	L1522665	0	0.4744
c1	3000	nopremask	frag	L1537084	2	0.8290
c1	3000	nopremask	frag	L1532593	1	0.5710
c1	3000	nopremask	frag	L1527449	1	0.5748
c1	3000	nopremask	frag	L1496723	0	0.9997
c1	3000	nopremask	frag	L1500041	0	0.8238
c1	3000	pplacer	frag	L1507721	0	0.8491
c1	3000	pplacer	frag	L1532593	1	0.3334
c1	3000	pplacer	frag	L1545445	6	0.3461
c1	3000	pplacer	frag	L1527449	1	0.4186
c1	3000	pplacer	frag	L1522665	0	0.4090
c1	3000	pplacer	frag	L1511077	0	0.3582
c1	3000	pplacer	frag	L1514059	2	0.1985
c1	3000	pplacer	frag	L1507593	0	0.4489
c1	3000	pplacer	frag	L1496723	0	1.0000
c1	3000	pplacer	frag	L1525581	0	1.0000
c1	3000	pplacer	frag	L1503080	0	0.4174
c1	3000	pplacer	frag	L1500792	1	0.5810
c1	3000	pplacer	frag	L1513453	0	0.7748
c1	3000	pplacer	frag	L1500041	0	0.6441
c1	3000	pplacer	frag	L1511516	0	0.6957
c1	3000	pplacer	frag	L1501054	0	1.0000
c1	3000	pplacer	frag	L1537084	2	0.7336
c1	3000	pplacer	frag	L1506056	0	1.0000
c1	3000	pplacer	frag	L1509635	0	1.0000
c1	3000	pplacer	frag	L1506305	0	1.0000
c1	3000	pplacer	frag	L1501117	2	0.8517
c1	3000	pplacer	frag	L1494927	0	0.9633
c1	3000	pplacer	frag	L1520281	2	0.7031
c1	3000	pplacer	full	L1532593	1	0.3338
c1	3000	pplacer	full	L1520281	0	1.0000
c1	3000	pplacer	full	L1494927	0	1.0000
c1	3000	pplacer	full	L1511516	0	0.5400
c1	3000	pplacer	full	L1522665	0	1.0000
c1	3000	pplacer	full	L1527449	0	0.9322
c1	3000	pplacer	full	L1500041	0	1.0000
c1	3000	pplacer	full	L1506056	0	1.0000
c1	3000	pplacer	full	L1525581	0	1.0000
c1	3000	pplacer	full	L1501054	0	1.0000
c1	3000	pplacer	full	L1496723	0	1.0000
c1	3000	pplacer	full	L1514059	0	0.8726
c1	3000	pplacer	full	L1500792	0	1.0000
c1	3000	pplacer	full	L1506305	0	1.0000
c1	3000	pplacer	full	L1501117	1	0.5977
c1	3000	pplacer	full	L1507593	0	1.0000
c1	3000	pplacer	full	L1509635	0	1.0000
c1	3000	pplacer	full	L1513453	0	1.0000
c1	3000	pplacer	full	L1503080	0	1.0000
c1	3000	pplacer	full	L1511077	0	1.0000
c1	3000	pplacer	full	L1537084	0	1.0000
c1	3000	pplacer	full	L1545445	1	0.4233
c1	3000	pplacer	full	L1507721	0	1.0000
c1	3000	rs_off	frag	L1545445	4	0.1142
c1	3000	rs_off	frag	L1494927	0	0.8549
c1	3000	rs_off	frag	L1503080	0	0.4669
c1	3000	rs_off	frag	L1511516	0	0.6789
c1	3000	rs_off	frag	L1500792	1	0.4734
c1	3000	rs_off	frag	L1501117	2	0.2542
c1	3000	rs_off	frag	L1501054	0	1.0000
c1	3000	rs_off	frag	L1514059	2	0.2498
c1	3000	rs_off	frag	L1506056	0	0.9931
c1	3000	rs_off	frag	L1511077	1	0.3841
c1	3000	rs_off	frag	L1513453	0	0.6621
c1	3000	rs_off	frag	L1509635	0	1.0000
c1	3000	rs_off	frag	L1506305	0	0.9981
c1	3000	rs_off	frag	L1507721	0	0.8668
c1	3000	rs_off	frag	L1507593	0	0.3572
c1	3000	rs_off	frag	L1525581	0	1.0000
c1	3000	rs_off	frag	L1520281	2	0.1611
c1	3000	rs_off	frag	L1522665	0	0.4109
c1	3000	rs_off	frag	L1537084	2	0.8061
c1	3000	rs_off	frag	L1532593	0	0.4414
c1	3000	rs_off	frag	L1527449	1	0.6535
c1	3000	rs_off	frag	L1496723	0	0.9999
c1	3000	rs_off	frag	L1500041	0	0.7909
c1	3000	rs_on	frag	L1545445	8	1.0000
c1	3000	rs_on	frag	L1494927	5	0.9860
c1	3000	rs_on	frag	L1503080	6	1.0000
c1	3000	rs_on	frag	L1511516	8	1.0000
c1	3000	rs_on	frag	L1500792	1	0.9375
c1	3000	rs_on	frag	L1501117	2	0.9447
c1	3000	rs_on	frag	L1501054	1	0.9881
c1	3000	rs_on	frag	L1514059	3	1.0000
c1	3000	rs_on	frag	L1506056	7	0.5997
c1	3000	rs_on	frag	L1511077	1	0.5458
c1	3000	rs_on	frag	L1513453	0	0.5872
c1	3000	rs_on	frag	L1509635	0	1.0000
c1	3000	rs_on	frag	L1506305	0	1.0000
c1	3000	rs_on	frag	L1507721	0	0.8668
c1	3000	rs_on	frag	L1507593	1	1.0000
c1	3000	rs_on	frag	L1525581	0	1.0000
c1	3000	rs_on	frag	L1520281	5	0.5026
c1	3000	rs_on	frag	L1522665	7	1.0000
c1	3000	rs_on	frag	L1537084	2	0.8494
c1	3000	rs_on	frag	L1532593	1	1.0000
c1	3000	rs_on	frag	L1527449	1	1.0000
c1	3000	rs_on	frag	L1496723	0	1.0000
c1	3000	rs_on	frag	L1500041	1	0.6784
c1	3000	shift	frag	L1545445	4	0.1142
c1	3000	shift	frag	L1494927	0	0.8549
c1	3000	shift	frag	L1503080	0	0.4669
c1	3000	shift	frag	L1511516	0	0.6789
c1	3000	shift	frag	L1500792	1	0.4734
c1	3000	shift	frag	L1501117	2	0.2542
c1	3000	shift	frag	L1501054	0	1.0000
c1	3000	shift	frag	L1514059	2	0.2498
c1	3000	shift	frag	L1506056	0	0.9931
c1	3000	shift	frag	L1511077	1	0.3841
c1	3000	shift	frag	L1513453	0	0.6621
c1	3000	shift	frag	L1509635	0	1.0000
c1	3000	shift	frag	L1506305	0	0.9981
c1	3000	shift	frag	L1507721	0	0.8668
c1	3000	shift	frag	L1507593	0	0.3572
c1	3000	shift	frag	L1525581	0	1.0000
c1	3000	shift	frag	L1520281	2	0.1611
c1	3000	shift	frag	L1522665	0	0.4109
c1	3000	shift	frag	L1537084	2	0.8061
c1	3000	shift	frag	L1532593	0	0.4414
c1	3000	shift	frag	L1527449	1	0.6535
c1	3000	shift	frag	L1496723	0	0.9999
c1	3000	shift	frag	L1500041	0	0.7909
c1	3000	simd	frag	L1545445	8	1.0000
c1	3000	simd	frag	L1494927	5	0.9860
c1	3000	simd	frag	L1503080	6	1.0000
c1	3000	simd	frag	L1511516	8	1.0000
c1	3000	simd	frag	L1500792	1	0.9375
c1	3000	simd	frag	L1501117	2	0.9447
c1	3000	simd	frag	L1501054	1	0.9881
c1	3000	simd	frag	L1514059	3	1.0000
c1	3000	simd	frag	L1506056	7	0.5997
c1	3000	simd	frag	L1511077	1	0.5458
c1	3000	simd	frag	L1513453	0	0.5872
c1	3000	simd	frag	L1509635	0	1.0000
c1	3000	simd	frag	L1506305	0	1.0000
c1	3000	simd	frag	L1507721	0	0.8668
c1	3000	simd	frag	L1507593	1	1.0000
c1	3000	simd	frag	L1525581	0	1.0000
c1	3000	simd	frag	L1520281	5	0.5026
c1	3000	simd	frag	L1522665	7	1.0000
c1	3000	simd	frag	L1537084	2	0.8494
c1	3000	simd	frag	L1532593	1	1.0000
c1	3000	simd	frag	L1527449	1	1.0000
c1	3000	simd	frag	L1496723	0	1.0000
c1	3000	simd	frag	L1500041	1	0.6784
c1	3000	simd_rson	frag	L1545445	8	1.0000
c1	3000	simd_rson	frag	L1494927	5	0.9860
c1	3000	simd_rson	frag	L1503080	6	1.0000
c1	3000	simd_rson	frag	L1511516	8	1.0000
c1	3000	simd_rson	frag	L1500792	1	0.9375
c1	3000	simd_rson	frag	L1501117	2	0.9447
c1	3000	simd_rson	frag	L1501054	1	0.9881
c1	3000	simd_rson	frag	L1514059	3	1.0000
c1	3000	simd_rson	frag	L1506056	7	0.5997
c1	3000	simd_rson	frag	L1511077	1	0.5458
c1	3000	simd_rson	frag	L1513453	0	0.5872
c1	3000	simd_rson	frag	L1509635	0	1.0000
c1	3000	simd_rson	frag	L1506305	0	1.0000
c1	3000	simd_rson	frag	L1507721	0	0.8668
c1	3000	simd_rson	frag	L1507593	1	1.0000
c1	3000	simd_rson	frag	L1525581	0	1.0000
c1	3000	simd_rson	frag	L1520281	5	0.5026
c1	3000	simd_rson	frag	L1522665	7	1.0000
c1	3000	simd_rson	frag	L1537084	2	0.8494
c1	3000	simd_rson	frag	L1532593	1	1.0000
c1	3000	simd_rson	frag	L1527449	1	1.0000
c1	3000	simd_rson	frag	L1496723	0	1.0000
c1	3000	simd_rson	frag	L1500041	1	0.6784
c1	500	auto	frag	L1545445	4	0.1047
c1	500	auto	frag	L1494927	0	0.8294
c1	500	auto	frag	L1503080	0	0.4800
c1	500	auto	frag	L1511516	0	0.6896
c1	500	auto	frag	L1500792	1	0.4671
c1	500	auto	frag	L1501117	2	0.1792
c1	500	auto	frag	L1501054	0	0.9998
c1	500	auto	frag	L1514059	2	0.2596
c1	500	auto	frag	L1506056	0	0.9710
c1	500	auto	frag	L1511077	1	0.3943
c1	500	auto	frag	L1513453	0	0.6600
c1	500	auto	frag	L1507721	0	0.8474
c1	500	auto	frag	L1509635	0	1.0000
c1	500	auto	frag	L1506305	0	0.9951
c1	500	auto	frag	L1507593	0	0.3609
c1	500	auto	frag	L1525581	0	1.0000
c1	500	auto	frag	L1520281	2	0.1598
c1	500	auto	frag	L1522665	0	0.3585
c1	500	auto	frag	L1537084	2	0.6921
c1	500	auto	frag	L1532593	0	0.4450
c1	500	auto	frag	L1527449	1	0.6640
c1	500	auto	frag	L1496723	0	0.9997
c1	500	auto	frag	L1500041	0	0.8315
c1	500	auto	full	L1545445	1	0.6388
c1	500	auto	full	L1503080	0	1.0000
c1	500	auto	full	L1501054	0	1.0000
c1	500	auto	full	L1501117	1	0.5508
c1	500	auto	full	L1500792	0	1.0000
c1	500	auto	full	L1514059	1	1.0000
c1	500	auto	full	L1511077	0	1.0000
c1	500	auto	full	L1511516	1	1.0000
c1	500	auto	full	L1513453	0	1.0000
c1	500	auto	full	L1509635	0	1.0000
c1	500	auto	full	L1506305	0	1.0000
c1	500	auto	full	L1507721	0	1.0000
c1	500	auto	full	L1507593	0	1.0000
c1	500	auto	full	L1506056	0	1.0000
c1	500	auto	full	L1525581	0	1.0000
c1	500	auto	full	L1520281	0	0.9767
c1	500	auto	full	L1522665	0	1.0000
c1	500	auto	full	L1532593	1	0.6665
c1	500	auto	full	L1537084	1	1.0000
c1	500	auto	full	L1527449	0	0.9836
c1	500	auto	full	L1496723	0	1.0000
c1	500	auto	full	L1500041	0	1.0000
c1	500	auto	full	L1494927	0	1.0000
c1	500	diagcpu	frag	L1545445	4	0.1047
c1	500	diagcpu	frag	L1494927	0	0.8294
c1	500	diagcpu	frag	L1503080	0	0.4800
c1	500	diagcpu	frag	L1511516	0	0.6896
c1	500	diagcpu	frag	L1500792	1	0.4671
c1	500	diagcpu	frag	L1501117	2	0.1792
c1	500	diagcpu	frag	L1501054	0	0.9998
c1	500	diagcpu	frag	L1514059	2	0.2596
c1	500	diagcpu	frag	L1506056	0	0.9710
c1	500	diagcpu	frag	L1511077	1	0.3943
c1	500	diagcpu	frag	L1513453	0	0.6600
c1	500	diagcpu	frag	L1507721	0	0.8474
c1	500	diagcpu	frag	L1509635	0	1.0000
c1	500	diagcpu	frag	L1506305	0	0.9951
c1	500	diagcpu	frag	L1507593	0	0.3609
c1	500	diagcpu	frag	L1525581	0	1.0000
c1	500	diagcpu	frag	L1520281	2	0.1598
c1	500	diagcpu	frag	L1522665	0	0.3585
c1	500	diagcpu	frag	L1537084	2	0.6921
c1	500	diagcpu	frag	L1532593	0	0.4450
c1	500	diagcpu	frag	L1527449	1	0.6640
c1	500	diagcpu	frag	L1496723	0	0.9997
c1	500	diagcpu	frag	L1500041	0	0.8315
c1	500	fix	frag	L1545445	4	0.1047
c1	500	fix	frag	L1494927	0	0.8294
c1	500	fix	frag	L1503080	0	0.4800
c1	500	fix	frag	L1511516	0	0.6896
c1	500	fix	frag	L1500792	1	0.4671
c1	500	fix	frag	L1501117	2	0.1792
c1	500	fix	frag	L1501054	0	0.9998
c1	500	fix	frag	L1514059	2	0.2596
c1	500	fix	frag	L1506056	0	0.9710
c1	500	fix	frag	L1511077	1	0.3943
c1	500	fix	frag	L1513453	0	0.6600
c1	500	fix	frag	L1507721	0	0.8474
c1	500	fix	frag	L1509635	0	1.0000
c1	500	fix	frag	L1506305	0	0.9951
c1	500	fix	frag	L1507593	0	0.3609
c1	500	fix	frag	L1525581	0	1.0000
c1	500	fix	frag	L1520281	2	0.1598
c1	500	fix	frag	L1522665	0	0.3585
c1	500	fix	frag	L1537084	2	0.6921
c1	500	fix	frag	L1532593	0	0.4450
c1	500	fix	frag	L1527449	1	0.6640
c1	500	fix	frag	L1496723	0	0.9997
c1	500	fix	frag	L1500041	0	0.8315
c1	500	fix	full	L1545445	1	0.6388
c1	500	fix	full	L1503080	0	1.0000
c1	500	fix	full	L1501054	0	1.0000
c1	500	fix	full	L1501117	1	0.5508
c1	500	fix	full	L1500792	0	1.0000
c1	500	fix	full	L1514059	1	1.0000
c1	500	fix	full	L1511077	0	1.0000
c1	500	fix	full	L1511516	1	1.0000
c1	500	fix	full	L1513453	0	1.0000
c1	500	fix	full	L1509635	0	1.0000
c1	500	fix	full	L1506305	0	1.0000
c1	500	fix	full	L1507721	0	1.0000
c1	500	fix	full	L1507593	0	1.0000
c1	500	fix	full	L1506056	0	1.0000
c1	500	fix	full	L1525581	0	1.0000
c1	500	fix	full	L1520281	0	0.9767
c1	500	fix	full	L1522665	0	1.0000
c1	500	fix	full	L1532593	1	0.6665
c1	500	fix	full	L1537084	1	1.0000
c1	500	fix	full	L1527449	0	0.9836
c1	500	fix	full	L1496723	0	1.0000
c1	500	fix	full	L1500041	0	1.0000
c1	500	fix	full	L1494927	0	1.0000
c1	500	fix_rson	frag	L1545445	4	0.1047
c1	500	fix_rson	frag	L1494927	0	0.8294
c1	500	fix_rson	frag	L1503080	0	0.4800
c1	500	fix_rson	frag	L1511516	0	0.6896
c1	500	fix_rson	frag	L1500792	1	0.4671
c1	500	fix_rson	frag	L1501117	2	0.1792
c1	500	fix_rson	frag	L1501054	0	0.9998
c1	500	fix_rson	frag	L1514059	2	0.2596
c1	500	fix_rson	frag	L1506056	0	0.9710
c1	500	fix_rson	frag	L1511077	1	0.3943
c1	500	fix_rson	frag	L1513453	0	0.6600
c1	500	fix_rson	frag	L1507721	0	0.8474
c1	500	fix_rson	frag	L1509635	0	1.0000
c1	500	fix_rson	frag	L1506305	0	0.9951
c1	500	fix_rson	frag	L1507593	0	0.3609
c1	500	fix_rson	frag	L1525581	0	1.0000
c1	500	fix_rson	frag	L1520281	2	0.1598
c1	500	fix_rson	frag	L1522665	0	0.3585
c1	500	fix_rson	frag	L1537084	2	0.6921
c1	500	fix_rson	frag	L1532593	0	0.4450
c1	500	fix_rson	frag	L1527449	1	0.6640
c1	500	fix_rson	frag	L1496723	0	0.9997
c1	500	fix_rson	frag	L1500041	0	0.8315
c1	500	noheur	frag	L1494927	0	0.8259
c1	500	noheur	frag	L1496723	0	0.9981
c1	500	noheur	frag	L1500041	0	0.8315
c1	500	noheur	frag	L1500792	1	0.4669
c1	500	noheur	frag	L1501054	0	0.9997
c1	500	noheur	frag	L1501117	2	0.1792
c1	500	noheur	frag	L1503080	0	0.4799
c1	500	noheur	frag	L1506056	0	0.9710
c1	500	noheur	frag	L1506305	0	0.9948
c1	500	noheur	frag	L1507593	0	0.3608
c1	500	noheur	frag	L1507721	0	0.8474
c1	500	noheur	frag	L1509635	0	1.0000
c1	500	noheur	frag	L1511077	1	0.3943
c1	500	noheur	frag	L1511516	0	0.6894
c1	500	noheur	frag	L1513453	0	0.6600
c1	500	noheur	frag	L1514059	2	0.2596
c1	500	noheur	frag	L1520281	2	0.1580
c1	500	noheur	frag	L1522665	0	0.3585
c1	500	noheur	frag	L1525581	0	1.0000
c1	500	noheur	frag	L1527449	1	0.6619
c1	500	noheur	frag	L1532593	0	0.4450
c1	500	noheur	frag	L1537084	2	0.6919
c1	500	noheur	frag	L1545445	4	0.1033
c1	500	nopremask	frag	L1545445	3	0.1228
c1	500	nopremask	frag	L1494927	0	0.8477
c1	500	nopremask	frag	L1503080	1	0.4698
c1	500	nopremask	frag	L1511516	0	0.7399
c1	500	nopremask	frag	L1500792	1	0.5600
c1	500	nopremask	frag	L1501117	2	0.4648
c1	500	nopremask	frag	L1501054	0	0.9999
c1	500	nopremask	frag	L1514059	2	0.2691
c1	500	nopremask	frag	L1506056	0	0.9749
c1	500	nopremask	frag	L1511077	0	0.5991
c1	500	nopremask	frag	L1513453	0	0.6631
c1	500	nopremask	frag	L1507721	0	0.8759
c1	500	nopremask	frag	L1509635	0	1.0000
c1	500	nopremask	frag	L1506305	0	0.9964
c1	500	nopremask	frag	L1507593	0	0.5865
c1	500	nopremask	frag	L1525581	0	1.0000
c1	500	nopremask	frag	L1520281	2	0.5188
c1	500	nopremask	frag	L1522665	0	0.3755
c1	500	nopremask	frag	L1537084	2	0.8141
c1	500	nopremask	frag	L1532593	1	0.6667
c1	500	nopremask	frag	L1527449	1	0.7102
c1	500	nopremask	frag	L1496723	0	0.9993
c1	500	nopremask	frag	L1500041	0	0.9080
c1	500	pplacer	frag	L1507721	0	0.8504
c1	500	pplacer	frag	L1532593	1	0.3334
c1	500	pplacer	frag	L1545445	6	0.3265
c1	500	pplacer	frag	L1527449	1	0.4184
c1	500	pplacer	frag	L1522665	0	0.4082
c1	500	pplacer	frag	L1511077	0	0.3583
c1	500	pplacer	frag	L1514059	2	0.1985
c1	500	pplacer	frag	L1507593	0	0.4494
c1	500	pplacer	frag	L1496723	0	1.0000
c1	500	pplacer	frag	L1525581	0	1.0000
c1	500	pplacer	frag	L1503080	0	0.4174
c1	500	pplacer	frag	L1500792	1	0.5822
c1	500	pplacer	frag	L1513453	0	0.7745
c1	500	pplacer	frag	L1500041	0	0.6430
c1	500	pplacer	frag	L1511516	0	0.6959
c1	500	pplacer	frag	L1501054	0	1.0000
c1	500	pplacer	frag	L1537084	2	0.7328
c1	500	pplacer	frag	L1506056	0	1.0000
c1	500	pplacer	frag	L1509635	0	1.0000
c1	500	pplacer	frag	L1506305	0	1.0000
c1	500	pplacer	frag	L1501117	2	0.8510
c1	500	pplacer	frag	L1494927	0	0.9631
c1	500	pplacer	frag	L1520281	2	0.7049
c1	500	pplacer	full	L1532593	1	0.3338
c1	500	pplacer	full	L1520281	0	1.0000
c1	500	pplacer	full	L1494927	0	1.0000
c1	500	pplacer	full	L1511516	0	0.5406
c1	500	pplacer	full	L1522665	0	1.0000
c1	500	pplacer	full	L1527449	0	0.9330
c1	500	pplacer	full	L1500041	0	1.0000
c1	500	pplacer	full	L1506056	0	1.0000
c1	500	pplacer	full	L1525581	0	1.0000
c1	500	pplacer	full	L1501054	0	1.0000
c1	500	pplacer	full	L1496723	0	1.0000
c1	500	pplacer	full	L1514059	0	0.8718
c1	500	pplacer	full	L1500792	0	1.0000
c1	500	pplacer	full	L1506305	0	1.0000
c1	500	pplacer	full	L1501117	1	0.5988
c1	500	pplacer	full	L1507593	0	1.0000
c1	500	pplacer	full	L1509635	0	1.0000
c1	500	pplacer	full	L1513453	0	1.0000
c1	500	pplacer	full	L1503080	0	1.0000
c1	500	pplacer	full	L1511077	0	1.0000
c1	500	pplacer	full	L1537084	0	1.0000
c1	500	pplacer	full	L1545445	1	0.4316
c1	500	pplacer	full	L1507721	0	1.0000
c1	500	rs_off	frag	L1545445	4	0.1047
c1	500	rs_off	frag	L1494927	0	0.8294
c1	500	rs_off	frag	L1503080	0	0.4800
c1	500	rs_off	frag	L1511516	0	0.6896
c1	500	rs_off	frag	L1500792	1	0.4671
c1	500	rs_off	frag	L1501117	2	0.1792
c1	500	rs_off	frag	L1501054	0	0.9998
c1	500	rs_off	frag	L1514059	2	0.2596
c1	500	rs_off	frag	L1506056	0	0.9710
c1	500	rs_off	frag	L1511077	1	0.3943
c1	500	rs_off	frag	L1513453	0	0.6600
c1	500	rs_off	frag	L1507721	0	0.8474
c1	500	rs_off	frag	L1509635	0	1.0000
c1	500	rs_off	frag	L1506305	0	0.9951
c1	500	rs_off	frag	L1507593	0	0.3609
c1	500	rs_off	frag	L1525581	0	1.0000
c1	500	rs_off	frag	L1520281	2	0.1598
c1	500	rs_off	frag	L1522665	0	0.3585
c1	500	rs_off	frag	L1537084	2	0.6921
c1	500	rs_off	frag	L1532593	0	0.4450
c1	500	rs_off	frag	L1527449	1	0.6640
c1	500	rs_off	frag	L1496723	0	0.9997
c1	500	rs_off	frag	L1500041	0	0.8315
c1	500	rs_on	frag	L1545445	7	1.0000
c1	500	rs_on	frag	L1494927	4	1.0000
c1	500	rs_on	frag	L1503080	5	1.0000
c1	500	rs_on	frag	L1511516	10	1.0000
c1	500	rs_on	frag	L1500792	1	1.0000
c1	500	rs_on	frag	L1501117	1	1.0000
c1	500	rs_on	frag	L1501054	2	1.0000
c1	500	rs_on	frag	L1514059	3	0.7509
c1	500	rs_on	frag	L1506056	1	1.0000
c1	500	rs_on	frag	L1511077	0	1.0000
c1	500	rs_on	frag	L1513453	0	1.0000
c1	500	rs_on	frag	L1507721	0	0.8474
c1	500	rs_on	frag	L1509635	0	1.0000
c1	500	rs_on	frag	L1506305	2	1.0000
c1	500	rs_on	frag	L1507593	2	1.0000
c1	500	rs_on	frag	L1525581	0	1.0000
c1	500	rs_on	frag	L1520281	4	1.0000
c1	500	rs_on	frag	L1522665	6	0.9596
c1	500	rs_on	frag	L1537084	3	0.9577
c1	500	rs_on	frag	L1532593	3	1.0000
c1	500	rs_on	frag	L1527449	1	1.0000
c1	500	rs_on	frag	L1496723	1	1.0000
c1	500	rs_on	frag	L1500041	1	1.0000
c1	500	simd_rson	frag	L1545445	7	1.0000
c1	500	simd_rson	frag	L1494927	4	1.0000
c1	500	simd_rson	frag	L1503080	5	1.0000
c1	500	simd_rson	frag	L1511516	10	1.0000
c1	500	simd_rson	frag	L1500792	1	1.0000
c1	500	simd_rson	frag	L1501117	1	1.0000
c1	500	simd_rson	frag	L1501054	2	1.0000
c1	500	simd_rson	frag	L1514059	3	0.7509
c1	500	simd_rson	frag	L1506056	1	1.0000
c1	500	simd_rson	frag	L1511077	0	1.0000
c1	500	simd_rson	frag	L1513453	0	1.0000
c1	500	simd_rson	frag	L1507721	0	0.8474
c1	500	simd_rson	frag	L1509635	0	1.0000
c1	500	simd_rson	frag	L1506305	2	1.0000
c1	500	simd_rson	frag	L1507593	2	1.0000
c1	500	simd_rson	frag	L1525581	0	1.0000
c1	500	simd_rson	frag	L1520281	4	1.0000
c1	500	simd_rson	frag	L1522665	6	0.9596
c1	500	simd_rson	frag	L1537084	3	0.9577
c1	500	simd_rson	frag	L1532593	3	1.0000
c1	500	simd_rson	frag	L1527449	1	1.0000
c1	500	simd_rson	frag	L1496723	1	1.0000
c1	500	simd_rson	frag	L1500041	1	1.0000
c1	5000	auto	frag	L1545445	6	1.0000
c1	5000	auto	frag	L1494927	11	0.9974
c1	5000	auto	frag	L1503080	3	0.9662
c1	5000	auto	frag	L1511516	8	0.5595
c1	5000	auto	frag	L1500792	1	0.9935
c1	5000	auto	frag	L1501117	0	0.8124
c1	5000	auto	frag	L1501054	0	1.0000
c1	5000	auto	frag	L1514059	3	1.0000
c1	5000	auto	frag	L1506056	2	0.8226
c1	5000	auto	frag	L1511077	1	0.8789
c1	5000	auto	frag	L1513453	0	0.5725
c1	5000	auto	frag	L1509635	0	1.0000
c1	5000	auto	frag	L1506305	2	0.7095
c1	5000	auto	frag	L1507721	0	0.8746
c1	5000	auto	frag	L1507593	0	0.9014
c1	5000	auto	frag	L1525581	0	1.0000
c1	5000	auto	frag	L1520281	3	1.0000
c1	5000	auto	frag	L1522665	0	0.9044
c1	5000	auto	frag	L1532593	1	0.5840
c1	5000	auto	frag	L1537084	4	1.0000
c1	5000	auto	frag	L1527449	1	0.9755
c1	5000	auto	frag	L1496723	0	1.0000
c1	5000	auto	frag	L1500041	1	0.6581
c1	5000	auto	full	L1545445	1	0.6330
c1	5000	auto	full	L1503080	0	1.0000
c1	5000	auto	full	L1501054	0	1.0000
c1	5000	auto	full	L1501117	1	0.5653
c1	5000	auto	full	L1500792	0	1.0000
c1	5000	auto	full	L1514059	1	1.0000
c1	5000	auto	full	L1511077	0	1.0000
c1	5000	auto	full	L1511516	1	1.0000
c1	5000	auto	full	L1513453	0	1.0000
c1	5000	auto	full	L1509635	0	1.0000
c1	5000	auto	full	L1506305	0	1.0000
c1	5000	auto	full	L1507721	0	1.0000
c1	5000	auto	full	L1507593	0	1.0000
c1	5000	auto	full	L1506056	0	1.0000
c1	5000	auto	full	L1525581	0	1.0000
c1	5000	auto	full	L1520281	0	0.9982
c1	5000	auto	full	L1522665	0	1.0000
c1	5000	auto	full	L1532593	1	0.5902
c1	5000	auto	full	L1537084	1	1.0000
c1	5000	auto	full	L1527449	0	0.9967
c1	5000	auto	full	L1496723	0	1.0000
c1	5000	auto	full	L1500041	0	1.0000
c1	5000	auto	full	L1494927	0	1.0000
c1	5000	fix	frag	L1545445	4	0.1044
c1	5000	fix	frag	L1494927	0	0.8707
c1	5000	fix	frag	L1503080	0	0.4513
c1	5000	fix	frag	L1511516	0	0.6796
c1	5000	fix	frag	L1500792	1	0.4215
c1	5000	fix	frag	L1501117	2	0.4342
c1	5000	fix	frag	L1501054	0	1.0000
c1	5000	fix	frag	L1514059	2	0.2574
c1	5000	fix	frag	L1506056	0	0.9938
c1	5000	fix	frag	L1511077	1	0.3758
c1	5000	fix	frag	L1513453	0	0.6555
c1	5000	fix	frag	L1509635	0	1.0000
c1	5000	fix	frag	L1506305	0	0.9976
c1	5000	fix	frag	L1507721	0	0.8746
c1	5000	fix	frag	L1507593	0	0.3408
c1	5000	fix	frag	L1525581	0	1.0000
c1	5000	fix	frag	L1520281	2	0.1627
c1	5000	fix	frag	L1522665	0	0.3582
c1	5000	fix	frag	L1532593	0	0.4404
c1	5000	fix	frag	L1537084	2	0.6920
c1	5000	fix	frag	L1527449	1	0.6634
c1	5000	fix	frag	L1496723	0	0.9999
c1	5000	fix	frag	L1500041	0	0.6730
c1	5000	fix	full	L1545445	1	0.6330
c1	5000	fix	full	L1503080	0	1.0000
c1	5000	fix	full	L1501054	0	1.0000
c1	5000	fix	full	L1501117	1	0.5653
c1	5000	fix	full	L1500792	0	1.0000
c1	5000	fix	full	L1514059	1	1.0000
c1	5000	fix	full	L1511077	0	1.0000
c1	5000	fix	full	L1511516	1	1.0000
c1	5000	fix	full	L1513453	0	1.0000
c1	5000	fix	full	L1509635	0	1.0000
c1	5000	fix	full	L1506305	0	1.0000
c1	5000	fix	full	L1507721	0	1.0000
c1	5000	fix	full	L1507593	0	1.0000
c1	5000	fix	full	L1506056	0	1.0000
c1	5000	fix	full	L1525581	0	1.0000
c1	5000	fix	full	L1520281	0	0.9982
c1	5000	fix	full	L1522665	0	1.0000
c1	5000	fix	full	L1532593	1	0.5902
c1	5000	fix	full	L1537084	1	1.0000
c1	5000	fix	full	L1527449	0	0.9967
c1	5000	fix	full	L1496723	0	1.0000
c1	5000	fix	full	L1500041	0	1.0000
c1	5000	fix	full	L1494927	0	1.0000
c1	5000	fix_noheur	frag	L1494927	0	0.8661
c1	5000	fix_noheur	frag	L1496723	0	0.9990
c1	5000	fix_noheur	frag	L1500041	0	0.6730
c1	5000	fix_noheur	frag	L1500792	1	0.4214
c1	5000	fix_noheur	frag	L1501054	0	0.9999
c1	5000	fix_noheur	frag	L1501117	2	0.4342
c1	5000	fix_noheur	frag	L1503080	0	0.4513
c1	5000	fix_noheur	frag	L1506056	0	0.9935
c1	5000	fix_noheur	frag	L1506305	0	0.9973
c1	5000	fix_noheur	frag	L1507593	0	0.3408
c1	5000	fix_noheur	frag	L1507721	0	0.8746
c1	5000	fix_noheur	frag	L1509635	0	1.0000
c1	5000	fix_noheur	frag	L1511077	1	0.3758
c1	5000	fix_noheur	frag	L1511516	0	0.6794
c1	5000	fix_noheur	frag	L1513453	0	0.6555
c1	5000	fix_noheur	frag	L1514059	2	0.2574
c1	5000	fix_noheur	frag	L1520281	2	0.1612
c1	5000	fix_noheur	frag	L1522665	0	0.3582
c1	5000	fix_noheur	frag	L1525581	0	1.0000
c1	5000	fix_noheur	frag	L1527449	1	0.6607
c1	5000	fix_noheur	frag	L1532593	0	0.4404
c1	5000	fix_noheur	frag	L1537084	2	0.6919
c1	5000	fix_noheur	frag	L1545445	4	0.1040
c1	5000	noheur	frag	L1494927	21	0.8795
c1	5000	noheur	frag	L1496723	16	1.0000
c1	5000	noheur	frag	L1500041	15	1.0000
c1	5000	noheur	frag	L1500792	26	1.0000
c1	5000	noheur	frag	L1501054	26	1.0000
c1	5000	noheur	frag	L1501117	25	1.0000
c1	5000	noheur	frag	L1503080	25	1.0000
c1	5000	noheur	frag	L1506056	18	1.0000
c1	5000	noheur	frag	L1506305	27	1.0000
c1	5000	noheur	frag	L1507593	17	1.0000
c1	5000	noheur	frag	L1507721	0	0.8746
c1	5000	noheur	frag	L1509635	24	1.0000
c1	5000	noheur	frag	L1511077	16	1.0000
c1	5000	noheur	frag	L1511516	15	1.0000
c1	5000	noheur	frag	L1513453	18	1.0000
c1	5000	noheur	frag	L1514059	21	1.0000
c1	5000	noheur	frag	L1520281	22	1.0000
c1	5000	noheur	frag	L1522665	31	1.0000
c1	5000	noheur	frag	L1525581	29	1.0000
c1	5000	noheur	frag	L1527449	31	1.0000
c1	5000	noheur	frag	L1532593	27	1.0000
c1	5000	noheur	frag	L1537084	16	1.0000
c1	5000	noheur	frag	L1545445	6	1.0000
c1	5000	nopremask	frag	L1545445	6	0.1245
c1	5000	nopremask	frag	L1494927	0	0.8680
c1	5000	nopremask	frag	L1503080	1	0.4105
c1	5000	nopremask	frag	L1511516	0	0.7051
c1	5000	nopremask	frag	L1500792	1	0.4879
c1	5000	nopremask	frag	L1501117	2	0.7741
c1	5000	nopremask	frag	L1501054	0	1.0000
c1	5000	nopremask	frag	L1514059	2	0.2464
c1	5000	nopremask	frag	L1506056	0	0.9941
c1	5000	nopremask	frag	L1511077	0	0.5078
c1	5000	nopremask	frag	L1513453	0	0.6361
c1	5000	nopremask	frag	L1509635	0	1.0000
c1	5000	nopremask	frag	L1506305	0	0.9979
c1	5000	nopremask	frag	L1507721	0	0.8825
c1	5000	nopremask	frag	L1507593	0	0.4483
c1	5000	nopremask	frag	L1525581	0	1.0000
c1	5000	nopremask	frag	L1520281	2	0.6967
c1	5000	nopremask	frag	L1522665	0	0.4131
c1	5000	nopremask	frag	L1532593	1	0.5803
c1	5000	nopremask	frag	L1537084	2	0.7570
c1	5000	nopremask	frag	L1527449	1	0.6024
c1	5000	nopremask	frag	L1496723	0	0.9997
c1	5000	nopremask	frag	L1500041	0	0.7514
c1	5000	pplacer	frag	L1507721	0	0.8499
c1	5000	pplacer	frag	L1532593	1	0.3334
c1	5000	pplacer	frag	L1545445	6	0.3446
c1	5000	pplacer	frag	L1527449	1	0.4182
c1	5000	pplacer	frag	L1522665	0	0.4095
c1	5000	pplacer	frag	L1511077	0	0.3579
c1	5000	pplacer	frag	L1514059	2	0.1985
c1	5000	pplacer	frag	L1507593	0	0.4502
c1	5000	pplacer	frag	L1496723	0	1.0000
c1	5000	pplacer	frag	L1525581	0	1.0000
c1	5000	pplacer	frag	L1503080	0	0.4184
c1	5000	pplacer	frag	L1500792	1	0.5798
c1	5000	pplacer	frag	L1513453	0	0.7742
c1	5000	pplacer	frag	L1500041	0	0.6434
c1	5000	pplacer	frag	L1511516	0	0.6956
c1	5000	pplacer	frag	L1501054	0	1.0000
c1	5000	pplacer	frag	L1537084	2	0.7345
c1	5000	pplacer	frag	L1506056	0	1.0000
c1	5000	pplacer	frag	L1509635	0	1.0000
c1	5000	pplacer	frag	L1506305	0	1.0000
c1	5000	pplacer	frag	L1501117	2	0.8527
c1	5000	pplacer	frag	L1494927	0	0.9627
c1	5000	pplacer	frag	L1520281	2	0.7020
c1	5000	pplacer	full	L1532593	1	0.3338
c1	5000	pplacer	full	L1520281	0	1.0000
c1	5000	pplacer	full	L1494927	0	1.0000
c1	5000	pplacer	full	L1511516	0	0.5393
c1	5000	pplacer	full	L1522665	0	1.0000
c1	5000	pplacer	full	L1527449	0	0.9318
c1	5000	pplacer	full	L1500041	0	1.0000
c1	5000	pplacer	full	L1506056	0	1.0000
c1	5000	pplacer	full	L1525581	0	1.0000
c1	5000	pplacer	full	L1501054	0	1.0000
c1	5000	pplacer	full	L1496723	0	1.0000
c1	5000	pplacer	full	L1514059	0	0.8734
c1	5000	pplacer	full	L1500792	0	1.0000
c1	5000	pplacer	full	L1506305	0	1.0000
c1	5000	pplacer	full	L1501117	1	0.5994
c1	5000	pplacer	full	L1507593	0	1.0000
c1	5000	pplacer	full	L1509635	0	1.0000
c1	5000	pplacer	full	L1513453	0	1.0000
c1	5000	pplacer	full	L1503080	0	1.0000
c1	5000	pplacer	full	L1511077	0	1.0000
c1	5000	pplacer	full	L1537084	0	1.0000
c1	5000	pplacer	full	L1545445	1	0.4205
c1	5000	pplacer	full	L1507721	0	1.0000
c1	5000	rs_on	frag	L1545445	6	1.0000
c1	5000	rs_on	frag	L1494927	11	0.9974
c1	5000	rs_on	frag	L1503080	3	0.9662
c1	5000	rs_on	frag	L1511516	8	0.5595
c1	5000	rs_on	frag	L1500792	1	0.9935
c1	5000	rs_on	frag	L1501117	0	0.8124
c1	5000	rs_on	frag	L1501054	0	1.0000
c1	5000	rs_on	frag	L1514059	3	1.0000
c1	5000	rs_on	frag	L1506056	2	0.8226
c1	5000	rs_on	frag	L1511077	1	0.8789
c1	5000	rs_on	frag	L1513453	0	0.5725
c1	5000	rs_on	frag	L1509635	0	1.0000
c1	5000	rs_on	frag	L1506305	2	0.7095
c1	5000	rs_on	frag	L1507721	0	0.8746
c1	5000	rs_on	frag	L1507593	0	0.9014
c1	5000	rs_on	frag	L1525581	0	1.0000
c1	5000	rs_on	frag	L1520281	3	1.0000
c1	5000	rs_on	frag	L1522665	0	0.9044
c1	5000	rs_on	frag	L1532593	1	0.5840
c1	5000	rs_on	frag	L1537084	4	1.0000
c1	5000	rs_on	frag	L1527449	1	0.9755
c1	5000	rs_on	frag	L1496723	0	1.0000
c1	5000	rs_on	frag	L1500041	1	0.6581
c1	5000	shift	frag	L1545445	4	0.1044
c1	5000	shift	frag	L1494927	0	0.8707
c1	5000	shift	frag	L1503080	0	0.4513
c1	5000	shift	frag	L1511516	0	0.6796
c1	5000	shift	frag	L1500792	1	0.4215
c1	5000	shift	frag	L1501117	2	0.4342
c1	5000	shift	frag	L1501054	0	1.0000
c1	5000	shift	frag	L1514059	2	0.2574
c1	5000	shift	frag	L1506056	0	0.9938
c1	5000	shift	frag	L1511077	1	0.3758
c1	5000	shift	frag	L1513453	0	0.6555
c1	5000	shift	frag	L1509635	0	1.0000
c1	5000	shift	frag	L1506305	0	0.9976
c1	5000	shift	frag	L1507721	0	0.8746
c1	5000	shift	frag	L1507593	0	0.3408
c1	5000	shift	frag	L1525581	0	1.0000
c1	5000	shift	frag	L1520281	2	0.1627
c1	5000	shift	frag	L1522665	0	0.3582
c1	5000	shift	frag	L1532593	0	0.4404
c1	5000	shift	frag	L1537084	2	0.6920
c1	5000	shift	frag	L1527449	1	0.6634
c1	5000	shift	frag	L1496723	0	0.9999
c1	5000	shift	frag	L1500041	0	0.6730
c1	5000	simd	frag	L1545445	6	1.0000
c1	5000	simd	frag	L1494927	11	0.9974
c1	5000	simd	frag	L1503080	3	0.9662
c1	5000	simd	frag	L1511516	8	0.5595
c1	5000	simd	frag	L1500792	1	0.9935
c1	5000	simd	frag	L1501117	0	0.8124
c1	5000	simd	frag	L1501054	0	1.0000
c1	5000	simd	frag	L1514059	3	1.0000
c1	5000	simd	frag	L1506056	2	0.8226
c1	5000	simd	frag	L1511077	1	0.8789
c1	5000	simd	frag	L1513453	0	0.5725
c1	5000	simd	frag	L1509635	0	1.0000
c1	5000	simd	frag	L1506305	2	0.7095
c1	5000	simd	frag	L1507721	0	0.8746
c1	5000	simd	frag	L1507593	0	0.9014
c1	5000	simd	frag	L1525581	0	1.0000
c1	5000	simd	frag	L1520281	3	1.0000
c1	5000	simd	frag	L1522665	0	0.9044
c1	5000	simd	frag	L1532593	1	0.5840
c1	5000	simd	frag	L1537084	4	1.0000
c1	5000	simd	frag	L1527449	1	0.9755
c1	5000	simd	frag	L1496723	0	1.0000
c1	5000	simd	frag	L1500041	1	0.6581
c10	1000	auto	frag	L1398565	14	0.9196
c10	1000	auto	frag	L1744154	0	0.6980
c10	1000	auto	frag	L1683975	6	0.1188
c10	1000	auto	frag	L1690704	4	0.1399
c10	1000	auto	frag	L1687257	1	0.2322
c10	1000	auto	frag	L1679070	0	0.7516
c10	1000	auto	frag	L1679327	0	0.6874
c10	1000	auto	frag	L1689425	4	0.2343
c10	1000	auto	frag	L1619907	0	1.0000
c10	1000	auto	frag	L1727481	1	0.1634
c10	1000	auto	frag	L1729015	1	0.0830
c10	1000	auto	frag	L1698795	0	1.0000
c10	1000	auto	frag	L1700325	1	0.4015
c10	1000	auto	frag	L1701759	0	0.8085
c10	1000	auto	frag	L1706009	0	0.4107
c10	1000	auto	frag	L1710196	1	0.6823
c10	1000	auto	frag	L1725448	0	0.9667
c10	1000	auto	frag	L1717886	4	0.2121
c10	1000	auto	frag	L1715650	1	0.2277
c10	1000	auto	frag	L1714485	1	0.3415
c10	1000	auto	frag	L1713230	0	0.3112
c10	1000	auto	frag	L1724773	1	0.6616
c10	1000	auto	frag	L1721987	0	1.0000
c10	1000	auto	frag	L1722777	0	1.0000
c10	1000	auto	frag	L1720587	1	0.4724
c10	1000	auto	frag	L1693021	1	0.3581
c10	1000	auto	frag	L1693729	0	0.6946
c10	1000	auto	full	L1744154	0	1.0000
c10	1000	auto	full	L1683975	0	1.0000
c10	1000	auto	full	L1679070	0	0.9999
c10	1000	auto	full	L1679327	0	1.0000
c10	1000	auto	full	L1687257	0	1.0000
c10	1000	auto	full	L1690704	0	0.5954
c10	1000	auto	full	L1689425	1	1.0000
c10	1000	auto	full	L1619907	0	1.0000
c10	1000	auto	full	L1727481	0	0.9816
c10	1000	auto	full	L1729015	0	1.0000
c10	1000	auto	full	L1698795	0	1.0000
c10	1000	auto	full	L1700325	0	1.0000
c10	1000	auto	full	L1701759	0	1.0000
c10	1000	auto	full	L1706009	0	0.9855
c10	1000	auto	full	L1710196	0	1.0000
c10	1000	auto	full	L1717886	0	0.9840
c10	1000	auto	full	L1715650	0	1.0000
c10	1000	auto	full	L1714485	1	0.5799
c10	1000	auto	full	L1713230	0	1.0000
c10	1000	auto	full	L1725448	0	1.0000
c10	1000	auto	full	L1724773	1	0.6909
c10	1000	auto	full	L1721987	0	1.0000
c10	1000	auto	full	L1722777	0	1.0000
c10	1000	auto	full	L1720587	0	1.0000
c10	1000	auto	full	L1693021	0	1.0000
c10	1000	auto	full	L1693729	0	1.0000
c10	1000	auto	full	L1398565	12	1.0000
c10	1000	diagcpu	frag	L1398565	14	0.9196
c10	1000	diagcpu	frag	L1744154	0	0.6980
c10	1000	diagcpu	frag	L1683975	6	0.1188
c10	1000	diagcpu	frag	L1690704	4	0.1399
c10	1000	diagcpu	frag	L1687257	1	0.2322
c10	1000	diagcpu	frag	L1679070	0	0.7516
c10	1000	diagcpu	frag	L1679327	0	0.6874
c10	1000	diagcpu	frag	L1689425	4	0.2343
c10	1000	diagcpu	frag	L1619907	0	1.0000
c10	1000	diagcpu	frag	L1727481	1	0.1634
c10	1000	diagcpu	frag	L1729015	1	0.0830
c10	1000	diagcpu	frag	L1698795	0	1.0000
c10	1000	diagcpu	frag	L1700325	1	0.4015
c10	1000	diagcpu	frag	L1701759	0	0.8085
c10	1000	diagcpu	frag	L1706009	0	0.4107
c10	1000	diagcpu	frag	L1710196	1	0.6823
c10	1000	diagcpu	frag	L1725448	0	0.9667
c10	1000	diagcpu	frag	L1717886	4	0.2121
c10	1000	diagcpu	frag	L1715650	1	0.2277
c10	1000	diagcpu	frag	L1714485	1	0.3415
c10	1000	diagcpu	frag	L1713230	0	0.3112
c10	1000	diagcpu	frag	L1724773	1	0.6616
c10	1000	diagcpu	frag	L1721987	0	1.0000
c10	1000	diagcpu	frag	L1722777	0	1.0000
c10	1000	diagcpu	frag	L1720587	1	0.4724
c10	1000	diagcpu	frag	L1693021	1	0.3581
c10	1000	diagcpu	frag	L1693729	0	0.6946
c10	1000	fix	frag	L1398565	14	0.9196
c10	1000	fix	frag	L1744154	0	0.6980
c10	1000	fix	frag	L1683975	6	0.1188
c10	1000	fix	frag	L1690704	4	0.1399
c10	1000	fix	frag	L1687257	1	0.2322
c10	1000	fix	frag	L1679070	0	0.7516
c10	1000	fix	frag	L1679327	0	0.6874
c10	1000	fix	frag	L1689425	4	0.2343
c10	1000	fix	frag	L1619907	0	1.0000
c10	1000	fix	frag	L1727481	1	0.1634
c10	1000	fix	frag	L1729015	1	0.0830
c10	1000	fix	frag	L1698795	0	1.0000
c10	1000	fix	frag	L1700325	1	0.4015
c10	1000	fix	frag	L1701759	0	0.8085
c10	1000	fix	frag	L1706009	0	0.4107
c10	1000	fix	frag	L1710196	1	0.6823
c10	1000	fix	frag	L1725448	0	0.9667
c10	1000	fix	frag	L1717886	4	0.2121
c10	1000	fix	frag	L1715650	1	0.2277
c10	1000	fix	frag	L1714485	1	0.3415
c10	1000	fix	frag	L1713230	0	0.3112
c10	1000	fix	frag	L1724773	1	0.6616
c10	1000	fix	frag	L1721987	0	1.0000
c10	1000	fix	frag	L1722777	0	1.0000
c10	1000	fix	frag	L1720587	1	0.4724
c10	1000	fix	frag	L1693021	1	0.3581
c10	1000	fix	frag	L1693729	0	0.6946
c10	1000	fix	full	L1744154	0	1.0000
c10	1000	fix	full	L1683975	0	1.0000
c10	1000	fix	full	L1679070	0	0.9999
c10	1000	fix	full	L1679327	0	1.0000
c10	1000	fix	full	L1687257	0	1.0000
c10	1000	fix	full	L1690704	0	0.5954
c10	1000	fix	full	L1689425	1	1.0000
c10	1000	fix	full	L1619907	0	1.0000
c10	1000	fix	full	L1727481	0	0.9816
c10	1000	fix	full	L1729015	0	1.0000
c10	1000	fix	full	L1698795	0	1.0000
c10	1000	fix	full	L1700325	0	1.0000
c10	1000	fix	full	L1701759	0	1.0000
c10	1000	fix	full	L1706009	0	0.9855
c10	1000	fix	full	L1710196	0	1.0000
c10	1000	fix	full	L1717886	0	0.9840
c10	1000	fix	full	L1715650	0	1.0000
c10	1000	fix	full	L1714485	1	0.5799
c10	1000	fix	full	L1713230	0	1.0000
c10	1000	fix	full	L1725448	0	1.0000
c10	1000	fix	full	L1724773	1	0.6909
c10	1000	fix	full	L1721987	0	1.0000
c10	1000	fix	full	L1722777	0	1.0000
c10	1000	fix	full	L1720587	0	1.0000
c10	1000	fix	full	L1693021	0	1.0000
c10	1000	fix	full	L1693729	0	1.0000
c10	1000	fix	full	L1398565	12	1.0000
c10	1000	fix_rson	frag	L1398565	14	0.9196
c10	1000	fix_rson	frag	L1744154	0	0.6980
c10	1000	fix_rson	frag	L1683975	6	0.1188
c10	1000	fix_rson	frag	L1690704	4	0.1399
c10	1000	fix_rson	frag	L1687257	1	0.2322
c10	1000	fix_rson	frag	L1679070	0	0.7516
c10	1000	fix_rson	frag	L1679327	0	0.6874
c10	1000	fix_rson	frag	L1689425	4	0.2343
c10	1000	fix_rson	frag	L1619907	0	1.0000
c10	1000	fix_rson	frag	L1727481	1	0.1634
c10	1000	fix_rson	frag	L1729015	1	0.0830
c10	1000	fix_rson	frag	L1698795	0	1.0000
c10	1000	fix_rson	frag	L1700325	1	0.4015
c10	1000	fix_rson	frag	L1701759	0	0.8085
c10	1000	fix_rson	frag	L1706009	0	0.4107
c10	1000	fix_rson	frag	L1710196	1	0.6823
c10	1000	fix_rson	frag	L1725448	0	0.9667
c10	1000	fix_rson	frag	L1717886	4	0.2121
c10	1000	fix_rson	frag	L1715650	1	0.2277
c10	1000	fix_rson	frag	L1714485	1	0.3415
c10	1000	fix_rson	frag	L1713230	0	0.3112
c10	1000	fix_rson	frag	L1724773	1	0.6616
c10	1000	fix_rson	frag	L1721987	0	1.0000
c10	1000	fix_rson	frag	L1722777	0	1.0000
c10	1000	fix_rson	frag	L1720587	1	0.4724
c10	1000	fix_rson	frag	L1693021	1	0.3581
c10	1000	fix_rson	frag	L1693729	0	0.6946
c10	1000	noheur	frag	L1398565	14	0.5042
c10	1000	noheur	frag	L1619907	0	1.0000
c10	1000	noheur	frag	L1679070	0	0.7049
c10	1000	noheur	frag	L1679327	0	0.6874
c10	1000	noheur	frag	L1683975	6	0.1174
c10	1000	noheur	frag	L1687257	1	0.2321
c10	1000	noheur	frag	L1689425	4	0.2338
c10	1000	noheur	frag	L1690704	4	0.1396
c10	1000	noheur	frag	L1693021	1	0.3505
c10	1000	noheur	frag	L1693729	0	0.6945
c10	1000	noheur	frag	L1698795	0	1.0000
c10	1000	noheur	frag	L1700325	1	0.4014
c10	1000	noheur	frag	L1701759	0	0.8083
c10	1000	noheur	frag	L1706009	0	0.4100
c10	1000	noheur	frag	L1710196	1	0.6823
c10	1000	noheur	frag	L1713230	0	0.3087
c10	1000	noheur	frag	L1714485	1	0.3415
c10	1000	noheur	frag	L1715650	1	0.2275
c10	1000	noheur	frag	L1717886	4	0.2097
c10	1000	noheur	frag	L1720587	1	0.4723
c10	1000	noheur	frag	L1721987	0	1.0000
c10	1000	noheur	frag	L1722777	0	1.0000
c10	1000	noheur	frag	L1724773	1	0.6616
c10	1000	noheur	frag	L1725448	0	0.9583
c10	1000	noheur	frag	L1727481	1	0.1633
c10	1000	noheur	frag	L1729015	1	0.0788
c10	1000	noheur	frag	L1744154	0	0.6978
c10	1000	nopremask	frag	L1398565	14	0.8464
c10	1000	nopremask	frag	L1744154	0	0.6755
c10	1000	nopremask	frag	L1683975	6	0.1267
c10	1000	nopremask	frag	L1690704	4	0.1784
c10	1000	nopremask	frag	L1687257	1	0.3205
c10	1000	nopremask	frag	L1679070	0	0.8420
c10	1000	nopremask	frag	L1679327	0	0.7955
c10	1000	nopremask	frag	L1689425	4	0.1678
c10	1000	nopremask	frag	L1619907	0	1.0000
c10	1000	nopremask	frag	L1727481	1	0.4048
c10	1000	nopremask	frag	L1729015	7	0.4046
c10	1000	nopremask	frag	L1698795	0	1.0000
c10	1000	nopremask	frag	L1700325	1	0.3910
c10	1000	nopremask	frag	L1701759	0	0.7187
c10	1000	nopremask	frag	L1706009	0	0.3906
c10	1000	nopremask	frag	L1710196	0	0.6696
c10	1000	nopremask	frag	L1725448	0	0.9748
c10	1000	nopremask	frag	L1717886	4	0.2511
c10	1000	nopremask	frag	L1715650	1	0.2901
c10	1000	nopremask	frag	L1714485	1	0.3567
c10	1000	nopremask	frag	L1713230	0	0.3539
c10	1000	nopremask	frag	L1724773	1	0.4932
c10	1000	nopremask	frag	L1721987	0	1.0000
c10	1000	nopremask	frag	L1722777	0	1.0000
c10	1000	nopremask	frag	L1720587	1	0.4803
c10	1000	nopremask	frag	L1693021	1	0.4302
c10	1000	nopremask	frag	L1693729	0	0.6475
c10	1000	pplacer	frag	L1727481	1	0.2794
c10	1000	pplacer	frag	L1693729	0	0.6251
c10	1000	pplacer	frag	L1698795	0	1.0000
c10	1000	pplacer	frag	L1687257	1	0.2645
c10	1000	pplacer	frag	L1722777	0	1.0000
c10	1000	pplacer	frag	L1693021	1	0.3041
c10	1000	pplacer	frag	L1717886	4	0.4990
c10	1000	pplacer	frag	L1724773	1	0.3246
c10	1000	pplacer	frag	L1398565	14	0.4263
c10	1000	pplacer	frag	L1713230	0	0.3024
c10	1000	pplacer	frag	L1725448	0	1.0000
c10	1000	pplacer	frag	L1729015	7	0.7306
c10	1000	pplacer	frag	L1714485	0	0.2491
c10	1000	pplacer	frag	L1679070	0	0.6990
c10	1000	pplacer	frag	L1683975	4	0.1438
c10	1000	pplacer	frag	L1701759	0	0.7838
c10	1000	pplacer	frag	L1721987	0	1.0000
c10	1000	pplacer	frag	L1619907	0	1.0000
c10	1000	pplacer	frag	L1715650	1	0.2434
c10	1000	pplacer	frag	L1744154	0	0.8822
c10	1000	pplacer	frag	L1720587	1	0.3713
c10	1000	pplacer	frag	L1710196	1	0.3238
c10	1000	pplacer	frag	L1690704	4	0.4280
c10	1000	pplacer	frag	L1679327	0	0.6469
c10	1000	pplacer	frag	L1689425	4	0.2313
c10	1000	pplacer	frag	L1706009	0	0.4496
c10	1000	pplacer	frag	L1700325	1	0.2871
c10	1000	pplacer	full	L1717886	0	1.0000
c10	1000	pplacer	full	L1727481	0	1.0000
c10	1000	pplacer	full	L1724773	0	0.8855
c10	1000	pplacer	full	L1720587	0	1.0000
c10	1000	pplacer	full	L1398565	10	0.9817
c10	1000	pplacer	full	L1722777	0	1.0000
c10	1000	pplacer	full	L1679327	0	1.0000
c10	1000	pplacer	full	L1714485	0	1.0000
c10	1000	pplacer	full	L1744154	0	1.0000
c10	1000	pplacer	full	L1690704	0	0.5844
c10	1000	pplacer	full	L1710196	1	0.3335
c10	1000	pplacer	full	L1693021	0	1.0000
c10	1000	pplacer	full	L1679070	0	1.0000
c10	1000	pplacer	full	L1619907	0	1.0000
c10	1000	pplacer	full	L1689425	0	1.0000
c10	1000	pplacer	full	L1713230	0	0.3361
c10	1000	pplacer	full	L1701759	0	1.0000
c10	1000	pplacer	full	L1687257	0	1.0000
c10	1000	pplacer	full	L1706009	0	1.0000
c10	1000	pplacer	full	L1700325	0	1.0000
c10	1000	pplacer	full	L1721987	0	1.0000
c10	1000	pplacer	full	L1698795	0	1.0000
c10	1000	pplacer	full	L1725448	0	1.0000
c10	1000	pplacer	full	L1683975	0	1.0000
c10	1000	pplacer	full	L1729015	0	1.0000
c10	1000	pplacer	full	L1693729	0	1.0000
c10	1000	pplacer	full	L1715650	0	1.0000
c10	1000	rs_off	frag	L1398565	14	0.9196
c10	1000	rs_off	frag	L1744154	0	0.6980
c10	1000	rs_off	frag	L1683975	6	0.1188
c10	1000	rs_off	frag	L1690704	4	0.1399
c10	1000	rs_off	frag	L1687257	1	0.2322
c10	1000	rs_off	frag	L1679070	0	0.7516
c10	1000	rs_off	frag	L1679327	0	0.6874
c10	1000	rs_off	frag	L1689425	4	0.2343
c10	1000	rs_off	frag	L1619907	0	1.0000
c10	1000	rs_off	frag	L1727481	1	0.1634
c10	1000	rs_off	frag	L1729015	1	0.0830
c10	1000	rs_off	frag	L1698795	0	1.0000
c10	1000	rs_off	frag	L1700325	1	0.4015
c10	1000	rs_off	frag	L1701759	0	0.8085
c10	1000	rs_off	frag	L1706009	0	0.4107
c10	1000	rs_off	frag	L1710196	1	0.6823
c10	1000	rs_off	frag	L1725448	0	0.9667
c10	1000	rs_off	frag	L1717886	4	0.2121
c10	1000	rs_off	frag	L1715650	1	0.2277
c10	1000	rs_off	frag	L1714485	1	0.3415
c10	1000	rs_off	frag	L1713230	0	0.3112
c10	1000	rs_off	frag	L1724773	1	0.6616
c10	1000	rs_off	frag	L1721987	0	1.0000
c10	1000	rs_off	frag	L1722777	0	1.0000
c10	1000	rs_off	frag	L1720587	1	0.4724
c10	1000	rs_off	frag	L1693021	1	0.3581
c10	1000	rs_off	frag	L1693729	0	0.6946
c10	1000	rs_on	frag	L1398565	24	1.0000
c10	1000	rs_on	frag	L1744154	8	1.0000
c10	1000	rs_on	frag	L1683975	4	0.7926
c10	1000	rs_on	frag	L1690704	7	1.0000
c10	1000	rs_on	frag	L1687257	2	0.7640
c10	1000	rs_on	frag	L1679070	1	1.0000
c10	1000	rs_on	frag	L1679327	1	0.5845
c10	1000	rs_on	frag	L1689425	4	0.5282
c10	1000	rs_on	frag	L1619907	0	1.0000
c10	1000	rs_on	frag	L1727481	2	0.9935
c10	1000	rs_on	frag	L1729015	1	0.0830
c10	1000	rs_on	frag	L1698795	0	1.0000
c10	1000	rs_on	frag	L1700325	2	1.0000
c10	1000	rs_on	frag	L1701759	1	1.0000
c10	1000	rs_on	frag	L1706009	3	0.9230
c10	1000	rs_on	frag	L1710196	1	1.0000
c10	1000	rs_on	frag	L1725448	3	1.0000
c10	1000	rs_on	frag	L1717886	2	0.9946
c10	1000	rs_on	frag	L1715650	3	1.0000
c10	1000	rs_on	frag	L1714485	2	1.0000
c10	1000	rs_on	frag	L1713230	1	1.0000
c10	1000	rs_on	frag	L1724773	1	0.8268
c10	1000	rs_on	frag	L1721987	3	1.0000
c10	1000	rs_on	frag	L1722777	0	1.0000
c10	1000	rs_on	frag	L1720587	3	1.0000
c10	1000	rs_on	frag	L1693021	5	1.0000
c10	1000	rs_on	frag	L1693729	1	1.0000
c10	1000	simd_rson	frag	L1398565	24	1.0000
c10	1000	simd_rson	frag	L1744154	8	1.0000
c10	1000	simd_rson	frag	L1683975	4	0.7926
c10	1000	simd_rson	frag	L1690704	7	1.0000
c10	1000	simd_rson	frag	L1687257	2	0.7640
c10	1000	simd_rson	frag	L1679070	1	1.0000
c10	1000	simd_rson	frag	L1679327	1	0.5845
c10	1000	simd_rson	frag	L1689425	4	0.5282
c10	1000	simd_rson	frag	L1619907	0	1.0000
c10	1000	simd_rson	frag	L1727481	2	0.9935
c10	1000	simd_rson	frag	L1729015	1	0.0830
c10	1000	simd_rson	frag	L1698795	0	1.0000
c10	1000	simd_rson	frag	L1700325	2	1.0000
c10	1000	simd_rson	frag	L1701759	1	1.0000
c10	1000	simd_rson	frag	L1706009	3	0.9230
c10	1000	simd_rson	frag	L1710196	1	1.0000
c10	1000	simd_rson	frag	L1725448	3	1.0000
c10	1000	simd_rson	frag	L1717886	2	0.9946
c10	1000	simd_rson	frag	L1715650	3	1.0000
c10	1000	simd_rson	frag	L1714485	2	1.0000
c10	1000	simd_rson	frag	L1713230	1	1.0000
c10	1000	simd_rson	frag	L1724773	1	0.8268
c10	1000	simd_rson	frag	L1721987	3	1.0000
c10	1000	simd_rson	frag	L1722777	0	1.0000
c10	1000	simd_rson	frag	L1720587	3	1.0000
c10	1000	simd_rson	frag	L1693021	5	1.0000
c10	1000	simd_rson	frag	L1693729	1	1.0000
c10	2000	auto	frag	L1398565	3	0.3236
c10	2000	auto	frag	L1744154	0	0.5897
c10	2000	auto	frag	L1683975	6	0.1055
c10	2000	auto	frag	L1687257	1	0.2280
c10	2000	auto	frag	L1690704	4	0.1763
c10	2000	auto	frag	L1679070	0	0.7938
c10	2000	auto	frag	L1679327	0	0.6523
c10	2000	auto	frag	L1689425	4	0.2250
c10	2000	auto	frag	L1619907	0	1.0000
c10	2000	auto	frag	L1727481	1	0.1488
c10	2000	auto	frag	L1729015	1	0.0769
c10	2000	auto	frag	L1698795	0	1.0000
c10	2000	auto	frag	L1700325	1	0.4027
c10	2000	auto	frag	L1701759	0	0.8176
c10	2000	auto	frag	L1706009	0	0.4294
c10	2000	auto	frag	L1710196	1	0.6568
c10	2000	auto	frag	L1725448	0	0.9260
c10	2000	auto	frag	L1717886	4	0.2508
c10	2000	auto	frag	L1715650	1	0.2269
c10	2000	auto	frag	L1714485	1	0.3422
c10	2000	auto	frag	L1713230	0	0.3164
c10	2000	auto	frag	L1724773	1	0.6793
c10	2000	auto	frag	L1721987	0	1.0000
c10	2000	auto	frag	L1722777	0	1.0000
c10	2000	auto	frag	L1720587	1	0.4687
c10	2000	auto	frag	L1693021	1	0.3978
c10	2000	auto	frag	L1693729	0	0.7631
c10	2000	auto	full	L1744154	0	1.0000
c10	2000	auto	full	L1683975	0	1.0000
c10	2000	auto	full	L1679070	0	0.9996
c10	2000	auto	full	L1679327	0	1.0000
c10	2000	auto	full	L1687257	0	1.0000
c10	2000	auto	full	L1690704	0	0.5864
c10	2000	auto	full	L1689425	1	1.0000
c10	2000	auto	full	L1619907	0	1.0000
c10	2000	auto	full	L1727481	0	0.9079
c10	2000	auto	full	L1729015	0	1.0000
c10	2000	auto	full	L1698795	0	1.0000
c10	2000	auto	full	L1700325	0	1.0000
c10	2000	auto	full	L1701759	0	1.0000
c10	2000	auto	full	L1706009	0	0.9882
c10	2000	auto	full	L1710196	0	1.0000
c10	2000	auto	full	L1717886	0	0.9911
c10	2000	auto	full	L1715650	0	1.0000
c10	2000	auto	full	L1714485	1	0.5771
c10	2000	auto	full	L1713230	0	1.0000
c10	2000	auto	full	L1725448	0	1.0000
c10	2000	auto	full	L1724773	1	0.6891
c10	2000	auto	full	L1721987	0	1.0000
c10	2000	auto	full	L1722777	0	1.0000
c10	2000	auto	full	L1720587	0	1.0000
c10	2000	auto	full	L1693021	0	1.0000
c10	2000	auto	full	L1693729	0	1.0000
c10	2000	auto	full	L1398565	0	1.0000
c10	2000	diagcpu	frag	L1398565	3	0.3236
c10	2000	diagcpu	frag	L1744154	0	0.5897
c10	2000	diagcpu	frag	L1683975	6	0.1055
c10	2000	diagcpu	frag	L1687257	1	0.2280
c10	2000	diagcpu	frag	L1690704	4	0.1763
c10	2000	diagcpu	frag	L1679070	0	0.7938
c10	2000	diagcpu	frag	L1679327	0	0.6523
c10	2000	diagcpu	frag	L1689425	4	0.2250
c10	2000	diagcpu	frag	L1619907	0	1.0000
c10	2000	diagcpu	frag	L1727481	1	0.1488
c10	2000	diagcpu	frag	L1729015	1	0.0769
c10	2000	diagcpu	frag	L1698795	0	1.0000
c10	2000	diagcpu	frag	L1700325	1	0.4027
c10	2000	diagcpu	frag	L1701759	0	0.8176
c10	2000	diagcpu	frag	L1706009	0	0.4294
c10	2000	diagcpu	frag	L1710196	1	0.6568
c10	2000	diagcpu	frag	L1725448	0	0.9260
c10	2000	diagcpu	frag	L1717886	4	0.2508
c10	2000	diagcpu	frag	L1715650	1	0.2269
c10	2000	diagcpu	frag	L1714485	1	0.3422
c10	2000	diagcpu	frag	L1713230	0	0.3164
c10	2000	diagcpu	frag	L1724773	1	0.6793
c10	2000	diagcpu	frag	L1721987	0	1.0000
c10	2000	diagcpu	frag	L1722777	0	1.0000
c10	2000	diagcpu	frag	L1720587	1	0.4687
c10	2000	diagcpu	frag	L1693021	1	0.3978
c10	2000	diagcpu	frag	L1693729	0	0.7631
c10	2000	fix	frag	L1398565	3	0.3236
c10	2000	fix	frag	L1744154	0	0.5897
c10	2000	fix	frag	L1683975	6	0.1055
c10	2000	fix	frag	L1687257	1	0.2280
c10	2000	fix	frag	L1690704	4	0.1763
c10	2000	fix	frag	L1679070	0	0.7938
c10	2000	fix	frag	L1679327	0	0.6523
c10	2000	fix	frag	L1689425	4	0.2250
c10	2000	fix	frag	L1619907	0	1.0000
c10	2000	fix	frag	L1727481	1	0.1488
c10	2000	fix	frag	L1729015	1	0.0769
c10	2000	fix	frag	L1698795	0	1.0000
c10	2000	fix	frag	L1700325	1	0.4027
c10	2000	fix	frag	L1701759	0	0.8176
c10	2000	fix	frag	L1706009	0	0.4294
c10	2000	fix	frag	L1710196	1	0.6568
c10	2000	fix	frag	L1725448	0	0.9260
c10	2000	fix	frag	L1717886	4	0.2508
c10	2000	fix	frag	L1715650	1	0.2269
c10	2000	fix	frag	L1714485	1	0.3422
c10	2000	fix	frag	L1713230	0	0.3164
c10	2000	fix	frag	L1724773	1	0.6793
c10	2000	fix	frag	L1721987	0	1.0000
c10	2000	fix	frag	L1722777	0	1.0000
c10	2000	fix	frag	L1720587	1	0.4687
c10	2000	fix	frag	L1693021	1	0.3978
c10	2000	fix	frag	L1693729	0	0.7631
c10	2000	fix	full	L1744154	0	1.0000
c10	2000	fix	full	L1683975	0	1.0000
c10	2000	fix	full	L1679070	0	0.9996
c10	2000	fix	full	L1679327	0	1.0000
c10	2000	fix	full	L1687257	0	1.0000
c10	2000	fix	full	L1690704	0	0.5864
c10	2000	fix	full	L1689425	1	1.0000
c10	2000	fix	full	L1619907	0	1.0000
c10	2000	fix	full	L1727481	0	0.9079
c10	2000	fix	full	L1729015	0	1.0000
c10	2000	fix	full	L1698795	0	1.0000
c10	2000	fix	full	L1700325	0	1.0000
c10	2000	fix	full	L1701759	0	1.0000
c10	2000	fix	full	L1706009	0	0.9882
c10	2000	fix	full	L1710196	0	1.0000
c10	2000	fix	full	L1717886	0	0.9911
c10	2000	fix	full	L1715650	0	1.0000
c10	2000	fix	full	L1714485	1	0.5771
c10	2000	fix	full	L1713230	0	1.0000
c10	2000	fix	full	L1725448	0	1.0000
c10	2000	fix	full	L1724773	1	0.6891
c10	2000	fix	full	L1721987	0	1.0000
c10	2000	fix	full	L1722777	0	1.0000
c10	2000	fix	full	L1720587	0	1.0000
c10	2000	fix	full	L1693021	0	1.0000
c10	2000	fix	full	L1693729	0	1.0000
c10	2000	fix	full	L1398565	0	1.0000
c10	2000	fix_noheur	frag	L1398565	3	0.2923
c10	2000	fix_noheur	frag	L1619907	0	1.0000
c10	2000	fix_noheur	frag	L1679070	0	0.7524
c10	2000	fix_noheur	frag	L1679327	0	0.6523
c10	2000	fix_noheur	frag	L1683975	6	0.1045
c10	2000	fix_noheur	frag	L1687257	1	0.2279
c10	2000	fix_noheur	frag	L1689425	4	0.2244
c10	2000	fix_noheur	frag	L1690704	4	0.1759
c10	2000	fix_noheur	frag	L1693021	1	0.3840
c10	2000	fix_noheur	frag	L1693729	0	0.7630
c10	2000	fix_noheur	frag	L1698795	0	1.0000
c10	2000	fix_noheur	frag	L1700325	1	0.4026
c10	2000	fix_noheur	frag	L1701759	0	0.8172
c10	2000	fix_noheur	frag	L1706009	0	0.4287
c10	2000	fix_noheur	frag	L1710196	1	0.6568
c10	2000	fix_noheur	frag	L1713230	0	0.3152
c10	2000	fix_noheur	frag	L1714485	1	0.3422
c10	2000	fix_noheur	frag	L1715650	1	0.2267
c10	2000	fix_noheur	frag	L1717886	4	0.2488
c10	2000	fix_noheur	frag	L1720587	1	0.4687
c10	2000	fix_noheur	frag	L1721987	0	1.0000
c10	2000	fix_noheur	frag	L1722777	0	1.0000
c10	2000	fix_noheur	frag	L1724773	1	0.6793
c10	2000	fix_noheur	frag	L1725448	0	0.9102
c10	2000	fix_noheur	frag	L1727481	1	0.1486
c10	2000	fix_noheur	frag	L1729015	1	0.0737
c10	2000	fix_noheur	frag	L1744154	0	0.5859
c10	2000	fix_rson	frag	L1398565	3	0.3236
c10	2000	fix_rson	frag	L1744154	0	0.5897
c10	2000	fix_rson	frag	L1683975	6	0.1055
c10	2000	fix_rson	frag	L1687257	1	0.2280
c10	2000	fix_rson	frag	L1690704	4	0.1763
c10	2000	fix_rson	frag	L1679070	0	0.7938
c10	2000	fix_rson	frag	L1679327	0	0.6523
c10	2000	fix_rson	frag	L1689425	4	0.2250
c10	2000	fix_rson	frag	L1619907	0	1.0000
c10	2000	fix_rson	frag	L1727481	1	0.1488
c10	2000	fix_rson	frag	L1729015	1	0.0769
c10	2000	fix_rson	frag	L1698795	0	1.0000
c10	2000	fix_rson	frag	L1700325	1	0.4027
c10	2000	fix_rson	frag	L1701759	0	0.8176
c10	2000	fix_rson	frag	L1706009	0	0.4294
c10	2000	fix_rson	frag	L1710196	1	0.6568
c10	2000	fix_rson	frag	L1725448	0	0.9260
c10	2000	fix_rson	frag	L1717886	4	0.2508
c10	2000	fix_rson	frag	L1715650	1	0.2269
c10	2000	fix_rson	frag	L1714485	1	0.3422
c10	2000	fix_rson	frag	L1713230	0	0.3164
c10	2000	fix_rson	frag	L1724773	1	0.6793
c10	2000	fix_rson	frag	L1721987	0	1.0000
c10	2000	fix_rson	frag	L1722777	0	1.0000
c10	2000	fix_rson	frag	L1720587	1	0.4687
c10	2000	fix_rson	frag	L1693021	1	0.3978
c10	2000	fix_rson	frag	L1693729	0	0.7631
c10	2000	noheur	frag	L1398565	3	0.2923
c10	2000	noheur	frag	L1619907	0	1.0000
c10	2000	noheur	frag	L1679070	0	0.7524
c10	2000	noheur	frag	L1679327	0	0.6523
c10	2000	noheur	frag	L1683975	6	0.1045
c10	2000	noheur	frag	L1687257	1	0.2279
c10	2000	noheur	frag	L1689425	4	0.2244
c10	2000	noheur	frag	L1690704	4	0.1759
c10	2000	noheur	frag	L1693021	1	0.3840
c10	2000	noheur	frag	L1693729	0	0.7630
c10	2000	noheur	frag	L1698795	0	1.0000
c10	2000	noheur	frag	L1700325	1	0.4026
c10	2000	noheur	frag	L1701759	0	0.8172
c10	2000	noheur	frag	L1706009	0	0.4287
c10	2000	noheur	frag	L1710196	1	0.6568
c10	2000	noheur	frag	L1713230	0	0.3152
c10	2000	noheur	frag	L1714485	1	0.3422
c10	2000	noheur	frag	L1715650	1	0.2267
c10	2000	noheur	frag	L1717886	4	0.2488
c10	2000	noheur	frag	L1720587	1	0.4687
c10	2000	noheur	frag	L1721987	0	1.0000
c10	2000	noheur	frag	L1722777	0	1.0000
c10	2000	noheur	frag	L1724773	1	0.6793
c10	2000	noheur	frag	L1725448	0	0.9102
c10	2000	noheur	frag	L1727481	1	0.1486
c10	2000	noheur	frag	L1729015	1	0.0737
c10	2000	noheur	frag	L1744154	0	0.5859
c10	2000	nopremask	frag	L1398565	3	0.3430
c10	2000	nopremask	frag	L1744154	0	0.5528
c10	2000	nopremask	frag	L1683975	6	0.1178
c10	2000	nopremask	frag	L1687257	1	0.2983
c10	2000	nopremask	frag	L1690704	4	0.2378
c10	2000	nopremask	frag	L1679070	0	0.8465
c10	2000	nopremask	frag	L1679327	0	0.7748
c10	2000	nopremask	frag	L1689425	4	0.1761
c10	2000	nopremask	frag	L1619907	0	1.0000
c10	2000	nopremask	frag	L1727481	1	0.3795
c10	2000	nopremask	frag	L1729015	7	0.4107
c10	2000	nopremask	frag	L1698795	0	1.0000
c10	2000	nopremask	frag	L1700325	1	0.3723
c10	2000	nopremask	frag	L1701759	0	0.7444
c10	2000	nopremask	frag	L1706009	0	0.4023
c10	2000	nopremask	frag	L1710196	0	0.6318
c10	2000	nopremask	frag	L1725448	0	0.9448
c10	2000	nopremask	frag	L1717886	4	0.2937
c10	2000	nopremask	frag	L1715650	1	0.2801
c10	2000	nopremask	frag	L1714485	1	0.3502
c10	2000	nopremask	frag	L1713230	0	0.3501
c10	2000	nopremask	frag	L1724773	1	0.4817
c10	2000	nopremask	frag	L1721987	0	1.0000
c10	2000	nopremask	frag	L1722777	0	1.0000
c10	2000	nopremask	frag	L1720587	1	0.4712
c10	2000	nopremask	frag	L1693021	1	0.3977
c10	2000	nopremask	frag	L1693729	0	0.6996
c10	2000	pplacer	frag	L1744154	0	0.8140
c10	2000	pplacer	frag	L1727481	1	0.2683
c10	2000	pplacer	frag	L1720587	1	0.3710
c10	2000	pplacer	frag	L1689425	4	0.2349
c10	2000	pplacer	frag	L1619907	0	1.0000
c10	2000	pplacer	frag	L1693729	0	0.6236
c10	2000	pplacer	frag	L1715650	1	0.2432
c10	2000	pplacer	frag	L1679070	0	0.6987
c10	2000	pplacer	frag	L1710196	1	0.3239
c10	2000	pplacer	frag	L1724773	1	0.3248
c10	2000	pplacer	frag	L1698795	0	1.0000
c10	2000	pplacer	frag	L1706009	0	0.4495
c10	2000	pplacer	frag	L1690704	4	0.4158
c10	2000	pplacer	frag	L1722777	0	1.0000
c10	2000	pplacer	frag	L1679327	0	0.6398
c10	2000	pplacer	frag	L1729015	7	0.7308
c10	2000	pplacer	frag	L1693021	1	0.3041
c10	2000	pplacer	frag	L1398565	3	0.4392
c10	2000	pplacer	frag	L1687257	1	0.2647
c10	2000	pplacer	frag	L1721987	0	1.0000
c10	2000	pplacer	frag	L1717886	4	0.5011
c10	2000	pplacer	frag	L1713230	0	0.3021
c10	2000	pplacer	frag	L1725448	0	1.0000
c10	2000	pplacer	frag	L1683975	4	0.1438
c10	2000	pplacer	frag	L1714485	0	0.2485
c10	2000	pplacer	frag	L1700325	1	0.2871
c10	2000	pplacer	frag	L1701759	0	0.7844
c10	2000	pplacer	full	L1700325	0	1.0000
c10	2000	pplacer	full	L1721987	0	1.0000
c10	2000	pplacer	full	L1710196	1	0.3335
c10	2000	pplacer	full	L1713230	0	0.3358
c10	2000	pplacer	full	L1693729	0	1.0000
c10	2000	pplacer	full	L1698795	0	1.0000
c10	2000	pplacer	full	L1724773	0	0.8858
c10	2000	pplacer	full	L1679070	0	1.0000
c10	2000	pplacer	full	L1619907	0	1.0000
c10	2000	pplacer	full	L1727481	0	1.0000
c10	2000	pplacer	full	L1701759	0	1.0000
c10	2000	pplacer	full	L1729015	0	1.0000
c10	2000	pplacer	full	L1398565	0	1.0000
c10	2000	pplacer	full	L1720587	0	1.0000
c10	2000	pplacer	full	L1679327	0	1.0000
c10	2000	pplacer	full	L1689425	0	1.0000
c10	2000	pplacer	full	L1717886	0	1.0000
c10	2000	pplacer	full	L1693021	0	1.0000
c10	2000	pplacer	full	L1725448	0	1.0000
c10	2000	pplacer	full	L1714485	0	1.0000
c10	2000	pplacer	full	L1687257	0	1.0000
c10	2000	pplacer	full	L1722777	0	1.0000
c10	2000	pplacer	full	L1683975	0	1.0000
c10	2000	pplacer	full	L1744154	0	1.0000
c10	2000	pplacer	full	L1690704	0	0.5902
c10	2000	pplacer	full	L1706009	0	1.0000
c10	2000	pplacer	full	L1715650	0	1.0000
c10	2000	rs_off	frag	L1398565	3	0.3236
c10	2000	rs_off	frag	L1744154	0	0.5897
c10	2000	rs_off	frag	L1683975	6	0.1055
c10	2000	rs_off	frag	L1687257	1	0.2280
c10	2000	rs_off	frag	L1690704	4	0.1763
c10	2000	rs_off	frag	L1679070	0	0.7938
c10	2000	rs_off	frag	L1679327	0	0.6523
c10	2000	rs_off	frag	L1689425	4	0.2250
c10	2000	rs_off	frag	L1619907	0	1.0000
c10	2000	rs_off	frag	L1727481	1	0.1488
c10	2000	rs_off	frag	L1729015	1	0.0769
c10	2000	rs_off	frag	L1698795	0	1.0000
c10	2000	rs_off	frag	L1700325	1	0.4027
c10	2000	rs_off	frag	L1701759	0	0.8176
c10	2000	rs_off	frag	L1706009	0	0.4294
c10	2000	rs_off	frag	L1710196	1	0.6568
c10	2000	rs_off	frag	L1725448	0	0.9260
c10	2000	rs_off	frag	L1717886	4	0.2508
c10	2000	rs_off	frag	L1715650	1	0.2269
c10	2000	rs_off	frag	L1714485	1	0.3422
c10	2000	rs_off	frag	L1713230	0	0.3164
c10	2000	rs_off	frag	L1724773	1	0.6793
c10	2000	rs_off	frag	L1721987	0	1.0000
c10	2000	rs_off	frag	L1722777	0	1.0000
c10	2000	rs_off	frag	L1720587	1	0.4687
c10	2000	rs_off	frag	L1693021	1	0.3978
c10	2000	rs_off	frag	L1693729	0	0.7631
c10	2000	rs_on	frag	L1398565	2	1.0000
c10	2000	rs_on	frag	L1744154	4	1.0000
c10	2000	rs_on	frag	L1683975	10	1.0000
c10	2000	rs_on	frag	L1687257	3	1.0000
c10	2000	rs_on	frag	L1690704	3	0.9968
c10	2000	rs_on	frag	L1679070	3	1.0000
c10	2000	rs_on	frag	L1679327	3	0.7715
c10	2000	rs_on	frag	L1689425	4	1.0000
c10	2000	rs_on	frag	L1619907	0	1.0000
c10	2000	rs_on	frag	L1727481	5	1.0000
c10	2000	rs_on	frag	L1729015	1	0.0769
c10	2000	rs_on	frag	L1698795	0	1.0000
c10	2000	rs_on	frag	L1700325	0	1.0000
c10	2000	rs_on	frag	L1701759	1	1.0000
c10	2000	rs_on	frag	L1706009	2	1.0000
c10	2000	rs_on	frag	L1710196	1	1.0000
c10	2000	rs_on	frag	L1725448	0	1.0000
c10	2000	rs_on	frag	L1717886	1	1.0000
c10	2000	rs_on	frag	L1715650	0	0.9553
c10	2000	rs_on	frag	L1714485	2	1.0000
c10	2000	rs_on	frag	L1713230	1	0.9992
c10	2000	rs_on	frag	L1724773	2	1.0000
c10	2000	rs_on	frag	L1721987	3	1.0000
c10	2000	rs_on	frag	L1722777	0	1.0000
c10	2000	rs_on	frag	L1720587	2	0.8254
c10	2000	rs_on	frag	L1693021	2	1.0000
c10	2000	rs_on	frag	L1693729	1	1.0000
c10	2000	simd_rson	frag	L1398565	2	1.0000
c10	2000	simd_rson	frag	L1744154	4	1.0000
c10	2000	simd_rson	frag	L1683975	10	1.0000
c10	2000	simd_rson	frag	L1687257	3	1.0000
c10	2000	simd_rson	frag	L1690704	3	0.9968
c10	2000	simd_rson	frag	L1679070	3	1.0000
c10	2000	simd_rson	frag	L1679327	3	0.7715
c10	2000	simd_rson	frag	L1689425	4	1.0000
c10	2000	simd_rson	frag	L1619907	0	1.0000
c10	2000	simd_rson	frag	L1727481	5	1.0000
c10	2000	simd_rson	frag	L1729015	1	0.0769
c10	2000	simd_rson	frag	L1698795	0	1.0000
c10	2000	simd_rson	frag	L1700325	0	1.0000
c10	2000	simd_rson	frag	L1701759	1	1.0000
c10	2000	simd_rson	frag	L1706009	2	1.0000
c10	2000	simd_rson	frag	L1710196	1	1.0000
c10	2000	simd_rson	frag	L1725448	0	1.0000
c10	2000	simd_rson	frag	L1717886	1	1.0000
c10	2000	simd_rson	frag	L1715650	0	0.9553
c10	2000	simd_rson	frag	L1714485	2	1.0000
c10	2000	simd_rson	frag	L1713230	1	0.9992
c10	2000	simd_rson	frag	L1724773	2	1.0000
c10	2000	simd_rson	frag	L1721987	3	1.0000
c10	2000	simd_rson	frag	L1722777	0	1.0000
c10	2000	simd_rson	frag	L1720587	2	0.8254
c10	2000	simd_rson	frag	L1693021	2	1.0000
c10	2000	simd_rson	frag	L1693729	1	1.0000
c10	3000	auto	frag	L1398565	8	1.0000
c10	3000	auto	frag	L1744154	6	1.0000
c10	3000	auto	frag	L1683975	1	0.9370
c10	3000	auto	frag	L1687257	6	1.0000
c10	3000	auto	frag	L1690704	3	0.9768
c10	3000	auto	frag	L1679070	1	1.0000
c10	3000	auto	frag	L1679327	0	0.9982
c10	3000	auto	frag	L1689425	5	0.9988
c10	3000	auto	frag	L1619907	0	1.0000
c10	3000	auto	frag	L1727481	2	1.0000
c10	3000	auto	frag	L1729015	9	0.0717
c10	3000	auto	frag	L1698795	0	1.0000
c10	3000	auto	frag	L1700325	2	1.0000
c10	3000	auto	frag	L1701759	0	0.9941
c10	3000	auto	frag	L1706009	5	1.0000
c10	3000	auto	frag	L1710196	1	1.0000
c10	3000	auto	frag	L1725448	4	1.0000
c10	3000	auto	frag	L1717886	6	0.8182
c10	3000	auto	frag	L1715650	4	0.6874
c10	3000	auto	frag	L1714485	1	0.5234
c10	3000	auto	frag	L1713230	1	1.0000
c10	3000	auto	frag	L1724773	2	1.0000
c10	3000	auto	frag	L1721987	2	1.0000
c10	3000	auto	frag	L1722777	0	1.0000
c10	3000	auto	frag	L1720587	0	1.0000
c10	3000	auto	frag	L1693021	0	1.0000
c10	3000	auto	frag	L1693729	1	1.0000
c10	3000	auto	full	L1744154	0	1.0000
c10	3000	auto	full	L1683975	0	1.0000
c10	3000	auto	full	L1679070	0	0.9997
c10	3000	auto	full	L1679327	0	1.0000
c10	3000	auto	full	L1687257	0	1.0000
c10	3000	auto	full	L1690704	0	0.5741
c10	3000	auto	full	L1689425	1	1.0000
c10	3000	auto	full	L1619907	0	1.0000
c10	3000	auto	full	L1727481	0	0.9452
c10	3000	auto	full	L1729015	0	1.0000
c10	3000	auto	full	L1698795	0	1.0000
c10	3000	auto	full	L1700325	0	1.0000
c10	3000	auto	full	L1701759	0	1.0000
c10	3000	auto	full	L1706009	0	0.9886
c10	3000	auto	full	L1710196	0	1.0000
c10	3000	auto	full	L1717886	0	0.9894
c10	3000	auto	full	L1715650	0	1.0000
c10	3000	auto	full	L1714485	1	0.5744
c10	3000	auto	full	L1713230	0	1.0000
c10	3000	auto	full	L1725448	0	1.0000
c10	3000	auto	full	L1724773	1	0.6845
c10	3000	auto	full	L1721987	0	1.0000
c10	3000	auto	full	L1722777	0	1.0000
c10	3000	auto	full	L1720587	0	1.0000
c10	3000	auto	full	L1693021	0	1.0000
c10	3000	auto	full	L1693729	0	1.0000
c10	3000	auto	full	L1398565	0	1.0000
c10	3000	fix	frag	L1398565	3	0.3324
c10	3000	fix	frag	L1744154	0	0.5814
c10	3000	fix	frag	L1683975	6	0.1180
c10	3000	fix	frag	L1687257	1	0.2310
c10	3000	fix	frag	L1690704	11	0.1527
c10	3000	fix	frag	L1679070	0	0.6803
c10	3000	fix	frag	L1679327	0	0.6624
c10	3000	fix	frag	L1689425	4	0.2162
c10	3000	fix	frag	L1619907	0	1.0000
c10	3000	fix	frag	L1727481	1	0.1473
c10	3000	fix	frag	L1729015	9	0.0717
c10	3000	fix	frag	L1698795	0	1.0000
c10	3000	fix	frag	L1700325	1	0.4038
c10	3000	fix	frag	L1701759	0	0.8136
c10	3000	fix	frag	L1706009	0	0.4264
c10	3000	fix	frag	L1710196	1	0.6747
c10	3000	fix	frag	L1725448	0	0.9351
c10	3000	fix	frag	L1717886	4	0.2309
c10	3000	fix	frag	L1715650	1	0.2403
c10	3000	fix	frag	L1714485	1	0.3445
c10	3000	fix	frag	L1713230	0	0.3176
c10	3000	fix	frag	L1724773	1	0.6369
c10	3000	fix	frag	L1721987	0	1.0000
c10	3000	fix	frag	L1722777	0	1.0000
c10	3000	fix	frag	L1720587	1	0.4617
c10	3000	fix	frag	L1693021	1	0.3609
c10	3000	fix	frag	L1693729	0	0.6010
c10	3000	fix	full	L1744154	0	1.0000
c10	3000	fix	full	L1683975	0	1.0000
c10	3000	fix	full	L1679070	0	0.9997
c10	3000	fix	full	L1679327	0	1.0000
c10	3000	fix	full	L1687257	0	1.0000
c10	3000	fix	full	L1690704	0	0.5741
c10	3000	fix	full	L1689425	1	1.0000
c10	3000	fix	full	L1619907	0	1.0000
c10	3000	fix	full	L1727481	0	0.9452
c10	3000	fix	full	L1729015	0	1.0000
c10	3000	fix	full	L1698795	0	1.0000
c10	3000	fix	full	L1700325	0	1.0000
c10	3000	fix	full	L1701759	0	1.0000
c10	3000	fix	full	L1706009	0	0.9886
c10	3000	fix	full	L1710196	0	1.0000
c10	3000	fix	full	L1717886	0	0.9894
c10	3000	fix	full	L1715650	0	1.0000
c10	3000	fix	full	L1714485	1	0.5744
c10	3000	fix	full	L1713230	0	1.0000
c10	3000	fix	full	L1725448	0	1.0000
c10	3000	fix	full	L1724773	1	0.6845
c10	3000	fix	full	L1721987	0	1.0000
c10	3000	fix	full	L1722777	0	1.0000
c10	3000	fix	full	L1720587	0	1.0000
c10	3000	fix	full	L1693021	0	1.0000
c10	3000	fix	full	L1693729	0	1.0000
c10	3000	fix	full	L1398565	0	1.0000
c10	3000	fix_noheur	frag	L1398565	3	0.3028
c10	3000	fix_noheur	frag	L1619907	0	1.0000
c10	3000	fix_noheur	frag	L1679070	0	0.6462
c10	3000	fix_noheur	frag	L1679327	0	0.6623
c10	3000	fix_noheur	frag	L1683975	6	0.1177
c10	3000	fix_noheur	frag	L1687257	1	0.2310
c10	3000	fix_noheur	frag	L1689425	4	0.2158
c10	3000	fix_noheur	frag	L1690704	11	0.1526
c10	3000	fix_noheur	frag	L1693021	1	0.3571
c10	3000	fix_noheur	frag	L1693729	0	0.6009
c10	3000	fix_noheur	frag	L1698795	0	1.0000
c10	3000	fix_noheur	frag	L1700325	1	0.4037
c10	3000	fix_noheur	frag	L1701759	0	0.8132
c10	3000	fix_noheur	frag	L1706009	0	0.4258
c10	3000	fix_noheur	frag	L1710196	1	0.6747
c10	3000	fix_noheur	frag	L1713230	0	0.3164
c10	3000	fix_noheur	frag	L1714485	1	0.3445
c10	3000	fix_noheur	frag	L1715650	1	0.2401
c10	3000	fix_noheur	frag	L1717886	4	0.2295
c10	3000	fix_noheur	frag	L1720587	1	0.4617
c10	3000	fix_noheur	frag	L1721987	0	1.0000
c10	3000	fix_noheur	frag	L1722777	0	1.0000
c10	3000	fix_noheur	frag	L1724773	1	0.6369
c10	3000	fix_noheur	frag	L1725448	0	0.9225
c10	3000	fix_noheur	frag	L1727481	1	0.1471
c10	3000	fix_noheur	frag	L1729015	9	0.0687
c10	3000	fix_noheur	frag	L1744154	0	0.5796
c10	3000	noheur	frag	L1398565	13	0.9971
c10	3000	noheur	frag	L1619907	22	1.0000
c10	3000	noheur	frag	L1679070	20	1.0000
c10	3000	noheur	frag	L1679327	19	1.0000
c10	3000	noheur	frag	L1683975	19	1.0000
c10	3000	noheur	frag	L1687257	19	1.0000
c10	3000	noheur	frag	L1689425	20	1.0000
c10	3000	noheur	frag	L1690704	24	1.0000
c10	3000	noheur	frag	L1693021	11	1.0000
c10	3000	noheur	frag	L1693729	16	1.0000
c10	3000	noheur	frag	L1698795	28	1.0000
c10	3000	noheur	frag	L1700325	18	1.0000
c10	3000	noheur	frag	L1701759	16	1.0000
c10	3000	noheur	frag	L1706009	21	1.0000
c10	3000	noheur	frag	L1710196	26	1.0000
c10	3000	noheur	frag	L1713230	18	1.0000
c10	3000	noheur	frag	L1714485	26	1.0000
c10	3000	noheur	frag	L1715650	25	1.0000
c10	3000	noheur	frag	L1717886	19	1.0000
c10	3000	noheur	frag	L1720587	27	1.0000
c10	3000	noheur	frag	L1721987	22	1.0000
c10	3000	noheur	frag	L1722777	25	1.0000
c10	3000	noheur	frag	L1724773	25	1.0000
c10	3000	noheur	frag	L1725448	19	1.0000
c10	3000	noheur	frag	L1727481	11	1.0000
c10	3000	noheur	frag	L1729015	9	0.0687
c10	3000	noheur	frag	L1744154	20	1.0000
c10	3000	nopremask	frag	L1398565	3	0.3248
c10	3000	nopremask	frag	L1744154	0	0.5418
c10	3000	nopremask	frag	L1683975	7	0.1185
c10	3000	nopremask	frag	L1687257	1	0.2527
c10	3000	nopremask	frag	L1690704	11	0.2317
c10	3000	nopremask	frag	L1679070	0	0.7495
c10	3000	nopremask	frag	L1679327	0	0.7384
c10	3000	nopremask	frag	L1689425	4	0.1809
c10	3000	nopremask	frag	L1619907	0	1.0000
c10	3000	nopremask	frag	L1727481	1	0.3416
c10	3000	nopremask	frag	L1729015	7	0.5321
c10	3000	nopremask	frag	L1698795	0	1.0000
c10	3000	nopremask	frag	L1700325	1	0.2809
c10	3000	nopremask	frag	L1701759	0	0.7623
c10	3000	nopremask	frag	L1706009	0	0.3822
c10	3000	nopremask	frag	L1710196	0	0.5065
c10	3000	nopremask	frag	L1725448	0	0.9534
c10	3000	nopremask	frag	L1717886	4	0.3310
c10	3000	nopremask	frag	L1715650	1	0.2912
c10	3000	nopremask	frag	L1714485	1	0.3178
c10	3000	nopremask	frag	L1713230	0	0.3141
c10	3000	nopremask	frag	L1724773	1	0.4211
c10	3000	nopremask	frag	L1721987	0	1.0000
c10	3000	nopremask	frag	L1722777	0	1.0000
c10	3000	nopremask	frag	L1720587	1	0.4386
c10	3000	nopremask	frag	L1693021	1	0.4291
c10	3000	nopremask	frag	L1693729	0	0.5257
c10	3000	pplacer	frag	L1744154	0	0.8138
c10	3000	pplacer	frag	L1727481	1	0.2678
c10	3000	pplacer	frag	L1720587	1	0.3699
c10	3000	pplacer	frag	L1689425	4	0.2368
c10	3000	pplacer	frag	L1619907	0	1.0000
c10	3000	pplacer	frag	L1693729	0	0.6234
c10	3000	pplacer	frag	L1715650	1	0.2429
c10	3000	pplacer	frag	L1679070	0	0.6970
c10	3000	pplacer	frag	L1710196	1	0.3240
c10	3000	pplacer	frag	L1724773	1	0.3247
c10	3000	pplacer	frag	L1698795	0	1.0000
c10	3000	pplacer	frag	L1706009	0	0.4497
c10	3000	pplacer	frag	L1690704	4	0.4098
c10	3000	pplacer	frag	L1722777	0	1.0000
c10	3000	pplacer	frag	L1679327	0	0.6392
c10	3000	pplacer	frag	L1729015	7	0.7312
c10	3000	pplacer	frag	L1693021	1	0.3044
c10	3000	pplacer	frag	L1398565	3	0.4807
c10	3000	pplacer	frag	L1687257	1	0.2648
c10	3000	pplacer	frag	L1721987	0	1.0000
c10	3000	pplacer	frag	L1717886	4	0.5028
c10	3000	pplacer	frag	L1713230	0	0.3021
c10	3000	pplacer	frag	L1725448	0	1.0000
c10	3000	pplacer	frag	L1683975	4	0.1438
c10	3000	pplacer	frag	L1714485	0	0.2482
c10	3000	pplacer	frag	L1700325	1	0.2870
c10	3000	pplacer	frag	L1701759	0	0.7842
c10	3000	pplacer	full	L1700325	0	1.0000
c10	3000	pplacer	full	L1721987	0	1.0000
c10	3000	pplacer	full	L1710196	1	0.3335
c10	3000	pplacer	full	L1713230	0	0.3358
c10	3000	pplacer	full	L1693729	0	1.0000
c10	3000	pplacer	full	L1698795	0	1.0000
c10	3000	pplacer	full	L1724773	0	0.8853
c10	3000	pplacer	full	L1679070	0	1.0000
c10	3000	pplacer	full	L1619907	0	1.0000
c10	3000	pplacer	full	L1727481	0	1.0000
c10	3000	pplacer	full	L1701759	0	1.0000
c10	3000	pplacer	full	L1729015	0	1.0000
c10	3000	pplacer	full	L1398565	0	1.0000
c10	3000	pplacer	full	L1720587	0	1.0000
c10	3000	pplacer	full	L1679327	0	1.0000
c10	3000	pplacer	full	L1689425	0	1.0000
c10	3000	pplacer	full	L1717886	0	1.0000
c10	3000	pplacer	full	L1693021	0	1.0000
c10	3000	pplacer	full	L1725448	0	1.0000
c10	3000	pplacer	full	L1714485	0	1.0000
c10	3000	pplacer	full	L1687257	0	1.0000
c10	3000	pplacer	full	L1722777	0	1.0000
c10	3000	pplacer	full	L1683975	0	1.0000
c10	3000	pplacer	full	L1744154	0	1.0000
c10	3000	pplacer	full	L1690704	0	0.5921
c10	3000	pplacer	full	L1706009	0	1.0000
c10	3000	pplacer	full	L1715650	0	1.0000
c10	3000	rs_off	frag	L1398565	3	0.3324
c10	3000	rs_off	frag	L1744154	0	0.5814
c10	3000	rs_off	frag	L1683975	6	0.1180
c10	3000	rs_off	frag	L1687257	1	0.2310
c10	3000	rs_off	frag	L1690704	11	0.1527
c10	3000	rs_off	frag	L1679070	0	0.6803
c10	3000	rs_off	frag	L1679327	0	0.6624
c10	3000	rs_off	frag	L1689425	4	0.2162
c10	3000	rs_off	frag	L1619907	0	1.0000
c10	3000	rs_off	frag	L1727481	1	0.1473
c10	3000	rs_off	frag	L1729015	9	0.0717
c10	3000	rs_off	frag	L1698795	0	1.0000
c10	3000	rs_off	frag	L1700325	1	0.4038
c10	3000	rs_off	frag	L1701759	0	0.8136
c10	3000	rs_off	frag	L1706009	0	0.4264
c10	3000	rs_off	frag	L1710196	1	0.6747
c10	3000	rs_off	frag	L1725448	0	0.9351
c10	3000	rs_off	frag	L1717886	4	0.2309
c10	3000	rs_off	frag	L1715650	1	0.2403
c10	3000	rs_off	frag	L1714485	1	0.3445
c10	3000	rs_off	frag	L1713230	0	0.3176
c10	3000	rs_off	frag	L1724773	1	0.6369
c10	3000	rs_off	frag	L1721987	0	1.0000
c10	3000	rs_off	frag	L1722777	0	1.0000
c10	3000	rs_off	frag	L1720587	1	0.4617
c10	3000	rs_off	frag	L1693021	1	0.3609
c10	3000	rs_off	frag	L1693729	0	0.6010
c10	3000	rs_on	frag	L1398565	8	1.0000
c10	3000	rs_on	frag	L1744154	6	1.0000
c10	3000	rs_on	frag	L1683975	1	0.9370
c10	3000	rs_on	frag	L1687257	6	1.0000
c10	3000	rs_on	frag	L1690704	3	0.9768
c10	3000	rs_on	frag	L1679070	1	1.0000
c10	3000	rs_on	frag	L1679327	0	0.9982
c10	3000	rs_on	frag	L1689425	5	0.9988
c10	3000	rs_on	frag	L1619907	0	1.0000
c10	3000	rs_on	frag	L1727481	2	1.0000
c10	3000	rs_on	frag	L1729015	9	0.0717
c10	3000	rs_on	frag	L1698795	0	1.0000
c10	3000	rs_on	frag	L1700325	2	1.0000
c10	3000	rs_on	frag	L1701759	0	0.9941
c10	3000	rs_on	frag	L1706009	5	1.0000
c10	3000	rs_on	frag	L1710196	1	1.0000
c10	3000	rs_on	frag	L1725448	4	1.0000
c10	3000	rs_on	frag	L1717886	6	0.8182
c10	3000	rs_on	frag	L1715650	4	0.6874
c10	3000	rs_on	frag	L1714485	1	0.5234
c10	3000	rs_on	frag	L1713230	1	1.0000
c10	3000	rs_on	frag	L1724773	2	1.0000
c10	3000	rs_on	frag	L1721987	2	1.0000
c10	3000	rs_on	frag	L1722777	0	1.0000
c10	3000	rs_on	frag	L1720587	0	1.0000
c10	3000	rs_on	frag	L1693021	0	1.0000
c10	3000	rs_on	frag	L1693729	1	1.0000
c10	3000	shift	frag	L1398565	3	0.3324
c10	3000	shift	frag	L1744154	0	0.5814
c10	3000	shift	frag	L1683975	6	0.1180
c10	3000	shift	frag	L1687257	1	0.2310
c10	3000	shift	frag	L1690704	11	0.1527
c10	3000	shift	frag	L1679070	0	0.6803
c10	3000	shift	frag	L1679327	0	0.6624
c10	3000	shift	frag	L1689425	4	0.2162
c10	3000	shift	frag	L1619907	0	1.0000
c10	3000	shift	frag	L1727481	1	0.1473
c10	3000	shift	frag	L1729015	9	0.0717
c10	3000	shift	frag	L1698795	0	1.0000
c10	3000	shift	frag	L1700325	1	0.4038
c10	3000	shift	frag	L1701759	0	0.8136
c10	3000	shift	frag	L1706009	0	0.4264
c10	3000	shift	frag	L1710196	1	0.6747
c10	3000	shift	frag	L1725448	0	0.9351
c10	3000	shift	frag	L1717886	4	0.2309
c10	3000	shift	frag	L1715650	1	0.2403
c10	3000	shift	frag	L1714485	1	0.3445
c10	3000	shift	frag	L1713230	0	0.3176
c10	3000	shift	frag	L1724773	1	0.6369
c10	3000	shift	frag	L1721987	0	1.0000
c10	3000	shift	frag	L1722777	0	1.0000
c10	3000	shift	frag	L1720587	1	0.4617
c10	3000	shift	frag	L1693021	1	0.3609
c10	3000	shift	frag	L1693729	0	0.6010
c10	3000	simd	frag	L1398565	8	1.0000
c10	3000	simd	frag	L1744154	6	1.0000
c10	3000	simd	frag	L1683975	1	0.9370
c10	3000	simd	frag	L1687257	6	1.0000
c10	3000	simd	frag	L1690704	3	0.9768
c10	3000	simd	frag	L1679070	1	1.0000
c10	3000	simd	frag	L1679327	0	0.9982
c10	3000	simd	frag	L1689425	5	0.9988
c10	3000	simd	frag	L1619907	0	1.0000
c10	3000	simd	frag	L1727481	2	1.0000
c10	3000	simd	frag	L1729015	9	0.0717
c10	3000	simd	frag	L1698795	0	1.0000
c10	3000	simd	frag	L1700325	2	1.0000
c10	3000	simd	frag	L1701759	0	0.9941
c10	3000	simd	frag	L1706009	5	1.0000
c10	3000	simd	frag	L1710196	1	1.0000
c10	3000	simd	frag	L1725448	4	1.0000
c10	3000	simd	frag	L1717886	6	0.8182
c10	3000	simd	frag	L1715650	4	0.6874
c10	3000	simd	frag	L1714485	1	0.5234
c10	3000	simd	frag	L1713230	1	1.0000
c10	3000	simd	frag	L1724773	2	1.0000
c10	3000	simd	frag	L1721987	2	1.0000
c10	3000	simd	frag	L1722777	0	1.0000
c10	3000	simd	frag	L1720587	0	1.0000
c10	3000	simd	frag	L1693021	0	1.0000
c10	3000	simd	frag	L1693729	1	1.0000
c10	3000	simd_rson	frag	L1398565	8	1.0000
c10	3000	simd_rson	frag	L1744154	6	1.0000
c10	3000	simd_rson	frag	L1683975	1	0.9370
c10	3000	simd_rson	frag	L1687257	6	1.0000
c10	3000	simd_rson	frag	L1690704	3	0.9768
c10	3000	simd_rson	frag	L1679070	1	1.0000
c10	3000	simd_rson	frag	L1679327	0	0.9982
c10	3000	simd_rson	frag	L1689425	5	0.9988
c10	3000	simd_rson	frag	L1619907	0	1.0000
c10	3000	simd_rson	frag	L1727481	2	1.0000
c10	3000	simd_rson	frag	L1729015	9	0.0717
c10	3000	simd_rson	frag	L1698795	0	1.0000
c10	3000	simd_rson	frag	L1700325	2	1.0000
c10	3000	simd_rson	frag	L1701759	0	0.9941
c10	3000	simd_rson	frag	L1706009	5	1.0000
c10	3000	simd_rson	frag	L1710196	1	1.0000
c10	3000	simd_rson	frag	L1725448	4	1.0000
c10	3000	simd_rson	frag	L1717886	6	0.8182
c10	3000	simd_rson	frag	L1715650	4	0.6874
c10	3000	simd_rson	frag	L1714485	1	0.5234
c10	3000	simd_rson	frag	L1713230	1	1.0000
c10	3000	simd_rson	frag	L1724773	2	1.0000
c10	3000	simd_rson	frag	L1721987	2	1.0000
c10	3000	simd_rson	frag	L1722777	0	1.0000
c10	3000	simd_rson	frag	L1720587	0	1.0000
c10	3000	simd_rson	frag	L1693021	0	1.0000
c10	3000	simd_rson	frag	L1693729	1	1.0000
c10	500	auto	frag	L1398565	34	0.2769
c10	500	auto	frag	L1744154	6	0.4494
c10	500	auto	frag	L1683975	6	0.1154
c10	500	auto	frag	L1690704	1	0.1225
c10	500	auto	frag	L1687257	1	0.2299
c10	500	auto	frag	L1679070	0	0.7741
c10	500	auto	frag	L1679327	0	0.7294
c10	500	auto	frag	L1689425	4	0.2560
c10	500	auto	frag	L1619907	0	1.0000
c10	500	auto	frag	L1727481	1	0.1456
c10	500	auto	frag	L1729015	1	0.0924
c10	500	auto	frag	L1698795	0	1.0000
c10	500	auto	frag	L1700325	1	0.4241
c10	500	auto	frag	L1701759	0	0.8139
c10	500	auto	frag	L1706009	0	0.4378
c10	500	auto	frag	L1710196	1	0.6547
c10	500	auto	frag	L1725448	0	0.9519
c10	500	auto	frag	L1717886	4	0.2253
c10	500	auto	frag	L1715650	1	0.2232
c10	500	auto	frag	L1714485	1	0.3422
c10	500	auto	frag	L1713230	0	0.3042
c10	500	auto	frag	L1724773	1	0.5959
c10	500	auto	frag	L1721987	0	1.0000
c10	500	auto	frag	L1722777	0	1.0000
c10	500	auto	frag	L1720587	1	0.4656
c10	500	auto	frag	L1693021	1	0.3675
c10	500	auto	frag	L1693729	0	0.7543
c10	500	auto	full	L1398565	14	0.9236
c10	500	auto	full	L1744154	4	0.4724
c10	500	auto	full	L1683975	0	1.0000
c10	500	auto	full	L1679070	0	1.0000
c10	500	auto	full	L1679327	0	1.0000
c10	500	auto	full	L1687257	0	0.9999
c10	500	auto	full	L1690704	0	0.5535
c10	500	auto	full	L1689425	1	1.0000
c10	500	auto	full	L1619907	0	1.0000
c10	500	auto	full	L1727481	0	0.9902
c10	500	auto	full	L1729015	0	1.0000
c10	500	auto	full	L1698795	0	1.0000
c10	500	auto	full	L1700325	0	1.0000
c10	500	auto	full	L1701759	0	1.0000
c10	500	auto	full	L1706009	0	0.9759
c10	500	auto	full	L1710196	0	1.0000
c10	500	auto	full	L1717886	0	0.9891
c10	500	auto	full	L1715650	0	1.0000
c10	500	auto	full	L1714485	1	0.6462
c10	500	auto	full	L1713230	0	1.0000
c10	500	auto	full	L1725448	0	1.0000
c10	500	auto	full	L1724773	1	0.6879
c10	500	auto	full	L1721987	0	1.0000
c10	500	auto	full	L1722777	0	1.0000
c10	500	auto	full	L1720587	0	1.0000
c10	500	auto	full	L1693021	0	1.0000
c10	500	auto	full	L1693729	0	1.0000
c10	500	diagcpu	frag	L1398565	34	0.2769
c10	500	diagcpu	frag	L1744154	6	0.4494
c10	500	diagcpu	frag	L1683975	6	0.1154
c10	500	diagcpu	frag	L1690704	1	0.1225
c10	500	diagcpu	frag	L1687257	1	0.2299
c10	500	diagcpu	frag	L1679070	0	0.7741
c10	500	diagcpu	frag	L1679327	0	0.7294
c10	500	diagcpu	frag	L1689425	4	0.2560
c10	500	diagcpu	frag	L1619907	0	1.0000
c10	500	diagcpu	frag	L1727481	1	0.1456
c10	500	diagcpu	frag	L1729015	1	0.0924
c10	500	diagcpu	frag	L1698795	0	1.0000
c10	500	diagcpu	frag	L1700325	1	0.4241
c10	500	diagcpu	frag	L1701759	0	0.8139
c10	500	diagcpu	frag	L1706009	0	0.4378
c10	500	diagcpu	frag	L1710196	1	0.6547
c10	500	diagcpu	frag	L1725448	0	0.9519
c10	500	diagcpu	frag	L1717886	4	0.2253
c10	500	diagcpu	frag	L1715650	1	0.2232
c10	500	diagcpu	frag	L1714485	1	0.3422
c10	500	diagcpu	frag	L1713230	0	0.3042
c10	500	diagcpu	frag	L1724773	1	0.5959
c10	500	diagcpu	frag	L1721987	0	1.0000
c10	500	diagcpu	frag	L1722777	0	1.0000
c10	500	diagcpu	frag	L1720587	1	0.4656
c10	500	diagcpu	frag	L1693021	1	0.3675
c10	500	diagcpu	frag	L1693729	0	0.7543
c10	500	fix	frag	L1398565	34	0.2769
c10	500	fix	frag	L1744154	6	0.4494
c10	500	fix	frag	L1683975	6	0.1154
c10	500	fix	frag	L1690704	1	0.1225
c10	500	fix	frag	L1687257	1	0.2299
c10	500	fix	frag	L1679070	0	0.7741
c10	500	fix	frag	L1679327	0	0.7294
c10	500	fix	frag	L1689425	4	0.2560
c10	500	fix	frag	L1619907	0	1.0000
c10	500	fix	frag	L1727481	1	0.1456
c10	500	fix	frag	L1729015	1	0.0924
c10	500	fix	frag	L1698795	0	1.0000
c10	500	fix	frag	L1700325	1	0.4241
c10	500	fix	frag	L1701759	0	0.8139
c10	500	fix	frag	L1706009	0	0.4378
c10	500	fix	frag	L1710196	1	0.6547
c10	500	fix	frag	L1725448	0	0.9519
c10	500	fix	frag	L1717886	4	0.2253
c10	500	fix	frag	L1715650	1	0.2232
c10	500	fix	frag	L1714485	1	0.3422
c10	500	fix	frag	L1713230	0	0.3042
c10	500	fix	frag	L1724773	1	0.5959
c10	500	fix	frag	L1721987	0	1.0000
c10	500	fix	frag	L1722777	0	1.0000
c10	500	fix	frag	L1720587	1	0.4656
c10	500	fix	frag	L1693021	1	0.3675
c10	500	fix	frag	L1693729	0	0.7543
c10	500	fix	full	L1398565	14	0.9236
c10	500	fix	full	L1744154	4	0.4724
c10	500	fix	full	L1683975	0	1.0000
c10	500	fix	full	L1679070	0	1.0000
c10	500	fix	full	L1679327	0	1.0000
c10	500	fix	full	L1687257	0	0.9999
c10	500	fix	full	L1690704	0	0.5535
c10	500	fix	full	L1689425	1	1.0000
c10	500	fix	full	L1619907	0	1.0000
c10	500	fix	full	L1727481	0	0.9902
c10	500	fix	full	L1729015	0	1.0000
c10	500	fix	full	L1698795	0	1.0000
c10	500	fix	full	L1700325	0	1.0000
c10	500	fix	full	L1701759	0	1.0000
c10	500	fix	full	L1706009	0	0.9759
c10	500	fix	full	L1710196	0	1.0000
c10	500	fix	full	L1717886	0	0.9891
c10	500	fix	full	L1715650	0	1.0000
c10	500	fix	full	L1714485	1	0.6462
c10	500	fix	full	L1713230	0	1.0000
c10	500	fix	full	L1725448	0	1.0000
c10	500	fix	full	L1724773	1	0.6879
c10	500	fix	full	L1721987	0	1.0000
c10	500	fix	full	L1722777	0	1.0000
c10	500	fix	full	L1720587	0	1.0000
c10	500	fix	full	L1693021	0	1.0000
c10	500	fix	full	L1693729	0	1.0000
c10	500	fix_rson	frag	L1398565	34	0.2769
c10	500	fix_rson	frag	L1744154	6	0.4494
c10	500	fix_rson	frag	L1683975	6	0.1154
c10	500	fix_rson	frag	L1690704	1	0.1225
c10	500	fix_rson	frag	L1687257	1	0.2299
c10	500	fix_rson	frag	L1679070	0	0.7741
c10	500	fix_rson	frag	L1679327	0	0.7294
c10	500	fix_rson	frag	L1689425	4	0.2560
c10	500	fix_rson	frag	L1619907	0	1.0000
c10	500	fix_rson	frag	L1727481	1	0.1456
c10	500	fix_rson	frag	L1729015	1	0.0924
c10	500	fix_rson	frag	L1698795	0	1.0000
c10	500	fix_rson	frag	L1700325	1	0.4241
c10	500	fix_rson	frag	L1701759	0	0.8139
c10	500	fix_rson	frag	L1706009	0	0.4378
c10	500	fix_rson	frag	L1710196	1	0.6547
c10	500	fix_rson	frag	L1725448	0	0.9519
c10	500	fix_rson	frag	L1717886	4	0.2253
c10	500	fix_rson	frag	L1715650	1	0.2232
c10	500	fix_rson	frag	L1714485	1	0.3422
c10	500	fix_rson	frag	L1713230	0	0.3042
c10	500	fix_rson	frag	L1724773	1	0.5959
c10	500	fix_rson	frag	L1721987	0	1.0000
c10	500	fix_rson	frag	L1722777	0	1.0000
c10	500	fix_rson	frag	L1720587	1	0.4656
c10	500	fix_rson	frag	L1693021	1	0.3675
c10	500	fix_rson	frag	L1693729	0	0.7543
c10	500	noheur	frag	L1398565	34	0.1873
c10	500	noheur	frag	L1619907	0	1.0000
c10	500	noheur	frag	L1679070	0	0.7289
c10	500	noheur	frag	L1679327	0	0.7293
c10	500	noheur	frag	L1683975	6	0.1137
c10	500	noheur	frag	L1687257	1	0.2298
c10	500	noheur	frag	L1689425	4	0.2556
c10	500	noheur	frag	L1690704	1	0.1222
c10	500	noheur	frag	L1693021	1	0.3598
c10	500	noheur	frag	L1693729	0	0.7542
c10	500	noheur	frag	L1698795	0	1.0000
c10	500	noheur	frag	L1700325	1	0.4239
c10	500	noheur	frag	L1701759	0	0.8137
c10	500	noheur	frag	L1706009	0	0.4167
c10	500	noheur	frag	L1710196	1	0.6547
c10	500	noheur	frag	L1713230	0	0.3042
c10	500	noheur	frag	L1714485	1	0.3422
c10	500	noheur	frag	L1715650	1	0.2229
c10	500	noheur	frag	L1717886	4	0.2237
c10	500	noheur	frag	L1720587	1	0.4655
c10	500	noheur	frag	L1721987	0	1.0000
c10	500	noheur	frag	L1722777	0	1.0000
c10	500	noheur	frag	L1724773	1	0.5959
c10	500	noheur	frag	L1725448	0	0.9408
c10	500	noheur	frag	L1727481	1	0.1454
c10	500	noheur	frag	L1729015	1	0.0881
c10	500	noheur	frag	L1744154	6	0.4494
c10	500	nopremask	frag	L1398565	14	0.2228
c10	500	nopremask	frag	L1744154	5	0.6214
c10	500	nopremask	frag	L1683975	6	0.1303
c10	500	nopremask	frag	L1690704	4	0.1457
c10	500	nopremask	frag	L1687257	1	0.2958
c10	500	nopremask	frag	L1679070	0	0.8403
c10	500	nopremask	frag	L1679327	0	0.7869
c10	500	nopremask	frag	L1689425	4	0.2243
c10	500	nopremask	frag	L1619907	0	1.0000
c10	500	nopremask	frag	L1727481	1	0.3875
c10	500	nopremask	frag	L1729015	7	0.4177
c10	500	nopremask	frag	L1698795	0	1.0000
c10	500	nopremask	frag	L1700325	1	0.3684
c10	500	nopremask	frag	L1701759	0	0.7379
c10	500	nopremask	frag	L1706009	0	0.3733
c10	500	nopremask	frag	L1710196	0	0.6052
c10	500	nopremask	frag	L1725448	0	0.9660
c10	500	nopremask	frag	L1717886	4	0.2408
c10	500	nopremask	frag	L1715650	1	0.2779
c10	500	nopremask	frag	L1714485	1	0.3418
c10	500	nopremask	frag	L1713230	0	0.3334
c10	500	nopremask	frag	L1724773	1	0.4738
c10	500	nopremask	frag	L1721987	0	1.0000
c10	500	nopremask	frag	L1722777	0	1.0000
c10	500	nopremask	frag	L1720587	1	0.4673
c10	500	nopremask	frag	L1693021	5	0.3121
c10	500	nopremask	frag	L1693729	0	0.6752
c10	500	pplacer	frag	L1727481	1	0.2725
c10	500	pplacer	frag	L1693729	0	0.6266
c10	500	pplacer	frag	L1698795	0	1.0000
c10	500	pplacer	frag	L1687257	1	0.2673
c10	500	pplacer	frag	L1722777	0	1.0000
c10	500	pplacer	frag	L1693021	1	0.3115
c10	500	pplacer	frag	L1717886	4	0.4980
c10	500	pplacer	frag	L1724773	1	0.3246
c10	500	pplacer	frag	L1398565	18	0.2719
c10	500	pplacer	frag	L1713230	0	0.3026
c10	500	pplacer	frag	L1725448	0	1.0000
c10	500	pplacer	frag	L1729015	7	0.7292
c10	500	pplacer	frag	L1714485	0	0.2493
c10	500	pplacer	frag	L1679070	0	0.6830
c10	500	pplacer	frag	L1683975	4	0.1597
c10	500	pplacer	frag	L1701759	0	0.7834
c10	500	pplacer	frag	L1721987	0	1.0000
c10	500	pplacer	frag	L1619907	0	1.0000
c10	500	pplacer	frag	L1715650	1	0.2435
c10	500	pplacer	frag	L1744154	6	0.2670
c10	500	pplacer	frag	L1720587	1	0.3713
c10	500	pplacer	frag	L1710196	1	0.3238
c10	500	pplacer	frag	L1690704	11	0.4071
c10	500	pplacer	frag	L1679327	0	0.6488
c10	500	pplacer	frag	L1689425	4	0.4786
c10	500	pplacer	frag	L1706009	0	0.4512
c10	500	pplacer	frag	L1700325	1	0.2872
c10	500	pplacer	full	L1717886	0	1.0000
c10	500	pplacer	full	L1727481	0	1.0000
c10	500	pplacer	full	L1724773	0	0.8853
c10	500	pplacer	full	L1720587	0	1.0000
c10	500	pplacer	full	L1398565	14	1.0000
c10	500	pplacer	full	L1722777	0	1.0000
c10	500	pplacer	full	L1679327	0	1.0000
c10	500	pplacer	full	L1714485	0	1.0000
c10	500	pplacer	full	L1744154	4	0.5260
c10	500	pplacer	full	L1690704	0	0.5272
c10	500	pplacer	full	L1710196	1	0.3335
c10	500	pplacer	full	L1693021	0	1.0000
c10	500	pplacer	full	L1679070	0	1.0000
c10	500	pplacer	full	L1619907	0	1.0000
c10	500	pplacer	full	L1689425	1	1.0000
c10	500	pplacer	full	L1713230	0	0.3362
c10	500	pplacer	full	L1701759	0	1.0000
c10	500	pplacer	full	L1687257	0	1.0000
c10	500	pplacer	full	L1706009	0	1.0000
c10	500	pplacer	full	L1700325	0	1.0000
c10	500	pplacer	full	L1721987	0	1.0000
c10	500	pplacer	full	L1698795	0	1.0000
c10	500	pplacer	full	L1725448	0	1.0000
c10	500	pplacer	full	L1683975	0	1.0000
c10	500	pplacer	full	L1729015	0	1.0000
c10	500	pplacer	full	L1693729	0	1.0000
c10	500	pplacer	full	L1715650	0	1.0000
c10	500	rs_off	frag	L1398565	34	0.2769
c10	500	rs_off	frag	L1744154	6	0.4494
c10	500	rs_off	frag	L1683975	6	0.1154
c10	500	rs_off	frag	L1690704	1	0.1225
c10	500	rs_off	frag	L1687257	1	0.2299
c10	500	rs_off	frag	L1679070	0	0.7741
c10	500	rs_off	frag	L1679327	0	0.7294
c10	500	rs_off	frag	L1689425	4	0.2560
c10	500	rs_off	frag	L1619907	0	1.0000
c10	500	rs_off	frag	L1727481	1	0.1456
c10	500	rs_off	frag	L1729015	1	0.0924
c10	500	rs_off	frag	L1698795	0	1.0000
c10	500	rs_off	frag	L1700325	1	0.4241
c10	500	rs_off	frag	L1701759	0	0.8139
c10	500	rs_off	frag	L1706009	0	0.4378
c10	500	rs_off	frag	L1710196	1	0.6547
c10	500	rs_off	frag	L1725448	0	0.9519
c10	500	rs_off	frag	L1717886	4	0.2253
c10	500	rs_off	frag	L1715650	1	0.2232
c10	500	rs_off	frag	L1714485	1	0.3422
c10	500	rs_off	frag	L1713230	0	0.3042
c10	500	rs_off	frag	L1724773	1	0.5959
c10	500	rs_off	frag	L1721987	0	1.0000
c10	500	rs_off	frag	L1722777	0	1.0000
c10	500	rs_off	frag	L1720587	1	0.4656
c10	500	rs_off	frag	L1693021	1	0.3675
c10	500	rs_off	frag	L1693729	0	0.7543
c10	500	rs_on	frag	L1398565	14	1.0000
c10	500	rs_on	frag	L1744154	6	0.7985
c10	500	rs_on	frag	L1683975	7	1.0000
c10	500	rs_on	frag	L1690704	6	1.0000
c10	500	rs_on	frag	L1687257	2	0.9989
c10	500	rs_on	frag	L1679070	3	1.0000
c10	500	rs_on	frag	L1679327	1	1.0000
c10	500	rs_on	frag	L1689425	4	1.0000
c10	500	rs_on	frag	L1619907	0	1.0000
c10	500	rs_on	frag	L1727481	8	1.0000
c10	500	rs_on	frag	L1729015	1	0.0924
c10	500	rs_on	frag	L1698795	0	1.0000
c10	500	rs_on	frag	L1700325	1	1.0000
c10	500	rs_on	frag	L1701759	1	0.9998
c10	500	rs_on	frag	L1706009	2	0.7936
c10	500	rs_on	frag	L1710196	1	1.0000
c10	500	rs_on	frag	L1725448	6	1.0000
c10	500	rs_on	frag	L1717886	7	1.0000
c10	500	rs_on	frag	L1715650	3	1.0000
c10	500	rs_on	frag	L1714485	3	1.0000
c10	500	rs_on	frag	L1713230	2	1.0000
c10	500	rs_on	frag	L1724773	2	1.0000
c10	500	rs_on	frag	L1721987	0	1.0000
c10	500	rs_on	frag	L1722777	0	1.0000
c10	500	rs_on	frag	L1720587	2	0.9966
c10	500	rs_on	frag	L1693021	1	1.0000
c10	500	rs_on	frag	L1693729	1	1.0000
c10	500	simd_rson	frag	L1398565	14	1.0000
c10	500	simd_rson	frag	L1744154	6	0.7985
c10	500	simd_rson	frag	L1683975	7	1.0000
c10	500	simd_rson	frag	L1690704	6	1.0000
c10	500	simd_rson	frag	L1687257	2	0.9989
c10	500	simd_rson	frag	L1679070	3	1.0000
c10	500	simd_rson	frag	L1679327	1	1.0000
c10	500	simd_rson	frag	L1689425	4	1.0000
c10	500	simd_rson	frag	L1619907	0	1.0000
c10	500	simd_rson	frag	L1727481	8	1.0000
c10	500	simd_rson	frag	L1729015	1	0.0924
c10	500	simd_rson	frag	L1698795	0	1.0000
c10	500	simd_rson	frag	L1700325	1	1.0000
c10	500	simd_rson	frag	L1701759	1	0.9998
c10	500	simd_rson	frag	L1706009	2	0.7936
c10	500	simd_rson	frag	L1710196	1	1.0000
c10	500	simd_rson	frag	L1725448	6	1.0000
c10	500	simd_rson	frag	L1717886	7	1.0000
c10	500	simd_rson	frag	L1715650	3	1.0000
c10	500	simd_rson	frag	L1714485	3	1.0000
c10	500	simd_rson	frag	L1713230	2	1.0000
c10	500	simd_rson	frag	L1724773	2	1.0000
c10	500	simd_rson	frag	L1721987	0	1.0000
c10	500	simd_rson	frag	L1722777	0	1.0000
c10	500	simd_rson	frag	L1720587	2	0.9966
c10	500	simd_rson	frag	L1693021	1	1.0000
c10	500	simd_rson	frag	L1693729	1	1.0000
c10	5000	auto	frag	L1398565	7	1.0000
c10	5000	auto	frag	L1744154	9	1.0000
c10	5000	auto	frag	L1683975	4	0.9842
c10	5000	auto	frag	L1687257	0	0.8004
c10	5000	auto	frag	L1690704	4	0.9982
c10	5000	auto	frag	L1679070	2	0.7293
c10	5000	auto	frag	L1679327	0	0.9869
c10	5000	auto	frag	L1689425	5	1.0000
c10	5000	auto	frag	L1619907	0	1.0000
c10	5000	auto	frag	L1727481	8	0.9786
c10	5000	auto	frag	L1729015	9	0.0808
c10	5000	auto	frag	L1698795	0	1.0000
c10	5000	auto	frag	L1700325	2	0.7849
c10	5000	auto	frag	L1701759	0	0.9828
c10	5000	auto	frag	L1706009	1	0.6900
c10	5000	auto	frag	L1710196	1	1.0000
c10	5000	auto	frag	L1725448	0	1.0000
c10	5000	auto	frag	L1717886	1	1.0000
c10	5000	auto	frag	L1715650	3	0.7999
c10	5000	auto	frag	L1714485	1	0.7754
c10	5000	auto	frag	L1713230	1	0.9846
c10	5000	auto	frag	L1724773	0	0.8221
c10	5000	auto	frag	L1721987	1	0.6471
c10	5000	auto	frag	L1722777	0	1.0000
c10	5000	auto	frag	L1720587	2	1.0000
c10	5000	auto	frag	L1693021	5	0.9467
c10	5000	auto	frag	L1693729	0	0.8972
c10	5000	auto	full	L1744154	0	1.0000
c10	5000	auto	full	L1683975	0	1.0000
c10	5000	auto	full	L1679070	0	0.9997
c10	5000	auto	full	L1679327	0	1.0000
c10	5000	auto	full	L1687257	0	0.9999
c10	5000	auto	full	L1690704	0	0.5628
c10	5000	auto	full	L1689425	1	1.0000
c10	5000	auto	full	L1619907	0	1.0000
c10	5000	auto	full	L1727481	0	0.9290
c10	5000	auto	full	L1729015	0	1.0000
c10	5000	auto	full	L1698795	0	1.0000
c10	5000	auto	full	L1700325	0	1.0000
c10	5000	auto	full	L1701759	0	1.0000
c10	5000	auto	full	L1706009	0	0.9885
c10	5000	auto	full	L1710196	0	1.0000
c10	5000	auto	full	L1717886	0	0.9948
c10	5000	auto	full	L1715650	0	1.0000
c10	5000	auto	full	L1714485	1	0.5755
c10	5000	auto	full	L1713230	0	1.0000
c10	5000	auto	full	L1725448	0	1.0000
c10	5000	auto	full	L1724773	1	0.6859
c10	5000	auto	full	L1721987	0	1.0000
c10	5000	auto	full	L1722777	0	1.0000
c10	5000	auto	full	L1720587	0	1.0000
c10	5000	auto	full	L1693021	0	1.0000
c10	5000	auto	full	L1693729	0	1.0000
c10	5000	auto	full	L1398565	0	1.0000
c10	5000	fix	frag	L1398565	3	0.2800
c10	5000	fix	frag	L1744154	0	0.5881
c10	5000	fix	frag	L1683975	6	0.1179
c10	5000	fix	frag	L1687257	1	0.2323
c10	5000	fix	frag	L1690704	11	0.1748
c10	5000	fix	frag	L1679070	0	0.7542
c10	5000	fix	frag	L1679327	0	0.7286
c10	5000	fix	frag	L1689425	4	0.2428
c10	5000	fix	frag	L1619907	0	1.0000
c10	5000	fix	frag	L1727481	1	0.1803
c10	5000	fix	frag	L1729015	9	0.0808
c10	5000	fix	frag	L1698795	0	1.0000
c10	5000	fix	frag	L1700325	1	0.4007
c10	5000	fix	frag	L1701759	0	0.8183
c10	5000	fix	frag	L1706009	0	0.4505
c10	5000	fix	frag	L1710196	1	0.6596
c10	5000	fix	frag	L1725448	0	0.9360
c10	5000	fix	frag	L1717886	4	0.2355
c10	5000	fix	frag	L1715650	1	0.2474
c10	5000	fix	frag	L1714485	1	0.3431
c10	5000	fix	frag	L1713230	0	0.3208
c10	5000	fix	frag	L1724773	1	0.6793
c10	5000	fix	frag	L1721987	0	1.0000
c10	5000	fix	frag	L1722777	0	1.0000
c10	5000	fix	frag	L1720587	1	0.4622
c10	5000	fix	frag	L1693021	1	0.4085
c10	5000	fix	frag	L1693729	0	0.6935
c10	5000	fix	full	L1744154	0	1.0000
c10	5000	fix	full	L1683975	0	1.0000
c10	5000	fix	full	L1679070	0	0.9997
c10	5000	fix	full	L1679327	0	1.0000
c10	5000	fix	full	L1687257	0	0.9999
c10	5000	fix	full	L1690704	0	0.5628
c10	5000	fix	full	L1689425	1	1.0000
c10	5000	fix	full	L1619907	0	1.0000
c10	5000	fix	full	L1727481	0	0.9290
c10	5000	fix	full	L1729015	0	1.0000
c10	5000	fix	full	L1698795	0	1.0000
c10	5000	fix	full	L1700325	0	1.0000
c10	5000	fix	full	L1701759	0	1.0000
c10	5000	fix	full	L1706009	0	0.9885
c10	5000	fix	full	L1710196	0	1.0000
c10	5000	fix	full	L1717886	0	0.9948
c10	5000	fix	full	L1715650	0	1.0000
c10	5000	fix	full	L1714485	1	0.5755
c10	5000	fix	full	L1713230	0	1.0000
c10	5000	fix	full	L1725448	0	1.0000
c10	5000	fix	full	L1724773	1	0.6859
c10	5000	fix	full	L1721987	0	1.0000
c10	5000	fix	full	L1722777	0	1.0000
c10	5000	fix	full	L1720587	0	1.0000
c10	5000	fix	full	L1693021	0	1.0000
c10	5000	fix	full	L1693729	0	1.0000
c10	5000	fix	full	L1398565	0	1.0000
c10	5000	fix_noheur	frag	L1398565	3	0.2486
c10	5000	fix_noheur	frag	L1619907	0	1.0000
c10	5000	fix_noheur	frag	L1679070	0	0.7305
c10	5000	fix_noheur	frag	L1679327	0	0.7285
c10	5000	fix_noheur	frag	L1683975	6	0.1176
c10	5000	fix_noheur	frag	L1687257	1	0.2322
c10	5000	fix_noheur	frag	L1689425	4	0.2422
c10	5000	fix_noheur	frag	L1690704	11	0.1746
c10	5000	fix_noheur	frag	L1693021	1	0.4036
c10	5000	fix_noheur	frag	L1693729	0	0.6934
c10	5000	fix_noheur	frag	L1698795	0	1.0000
c10	5000	fix_noheur	frag	L1700325	1	0.4006
c10	5000	fix_noheur	frag	L1701759	0	0.8180
c10	5000	fix_noheur	frag	L1706009	0	0.4499
c10	5000	fix_noheur	frag	L1710196	1	0.6596
c10	5000	fix_noheur	frag	L1713230	0	0.3205
c10	5000	fix_noheur	frag	L1714485	1	0.3431
c10	5000	fix_noheur	frag	L1715650	1	0.2473
c10	5000	fix_noheur	frag	L1717886	4	0.2346
c10	5000	fix_noheur	frag	L1720587	1	0.4621
c10	5000	fix_noheur	frag	L1721987	0	1.0000
c10	5000	fix_noheur	frag	L1722777	0	0.9999
c10	5000	fix_noheur	frag	L1724773	1	0.6793
c10	5000	fix_noheur	frag	L1725448	0	0.9240
c10	5000	fix_noheur	frag	L1727481	1	0.1801
c10	5000	fix_noheur	frag	L1729015	9	0.0762
c10	5000	fix_noheur	frag	L1744154	0	0.5861
c10	5000	noheur	frag	L1398565	19	1.0000
c10	5000	noheur	frag	L1619907	30	1.0000
c10	5000	noheur	frag	L1679070	20	1.0000
c10	5000	noheur	frag	L1679327	21	1.0000
c10	5000	noheur	frag	L1683975	33	1.0000
c10	5000	noheur	frag	L1687257	31	1.0000
c10	5000	noheur	frag	L1689425	30	1.0000
c10	5000	noheur	frag	L1690704	25	1.0000
c10	5000	noheur	frag	L1693021	11	1.0000
c10	5000	noheur	frag	L1693729	20	1.0000
c10	5000	noheur	frag	L1698795	19	1.0000
c10	5000	noheur	frag	L1700325	28	1.0000
c10	5000	noheur	frag	L1701759	27	1.0000
c10	5000	noheur	frag	L1706009	30	1.0000
c10	5000	noheur	frag	L1710196	34	1.0000
c10	5000	noheur	frag	L1713230	26	1.0000
c10	5000	noheur	frag	L1714485	34	1.0000
c10	5000	noheur	frag	L1715650	32	1.0000
c10	5000	noheur	frag	L1717886	20	1.0000
c10	5000	noheur	frag	L1720587	29	1.0000
c10	5000	noheur	frag	L1721987	25	1.0000
c10	5000	noheur	frag	L1722777	32	1.0000
c10	5000	noheur	frag	L1724773	28	1.0000
c10	5000	noheur	frag	L1725448	33	1.0000
c10	5000	noheur	frag	L1727481	11	1.0000
c10	5000	noheur	frag	L1729015	9	0.0762
c10	5000	noheur	frag	L1744154	20	1.0000
c10	5000	nopremask	frag	L1398565	3	0.3048
c10	5000	nopremask	frag	L1744154	0	0.5478
c10	5000	nopremask	frag	L1683975	7	0.1236
c10	5000	nopremask	frag	L1687257	1	0.2754
c10	5000	nopremask	frag	L1690704	11	0.2743
c10	5000	nopremask	frag	L1679070	0	0.8174
c10	5000	nopremask	frag	L1679327	0	0.7746
c10	5000	nopremask	frag	L1689425	4	0.1884
c10	5000	nopremask	frag	L1619907	0	1.0000
c10	5000	nopremask	frag	L1727481	1	0.3680
c10	5000	nopremask	frag	L1729015	7	0.5452
c10	5000	nopremask	frag	L1698795	0	1.0000
c10	5000	nopremask	frag	L1700325	1	0.3150
c10	5000	nopremask	frag	L1701759	0	0.7509
c10	5000	nopremask	frag	L1706009	0	0.4002
c10	5000	nopremask	frag	L1710196	0	0.5146
c10	5000	nopremask	frag	L1725448	0	0.9569
c10	5000	nopremask	frag	L1717886	4	0.4662
c10	5000	nopremask	frag	L1715650	1	0.2785
c10	5000	nopremask	frag	L1714485	1	0.3435
c10	5000	nopremask	frag	L1713230	0	0.3299
c10	5000	nopremask	frag	L1724773	1	0.4426
c10	5000	nopremask	frag	L1721987	0	1.0000
c10	5000	nopremask	frag	L1722777	0	1.0000
c10	5000	nopremask	frag	L1720587	1	0.4611
c10	5000	nopremask	frag	L1693021	1	0.4849
c10	5000	nopremask	frag	L1693729	0	0.6904
c10	5000	pplacer	frag	L1744154	0	0.8136
c10	5000	pplacer	frag	L1727481	1	0.2658
c10	5000	pplacer	frag	L1720587	1	0.3690
c10	5000	pplacer	frag	L1689425	4	0.2394
c10	5000	pplacer	frag	L1619907	0	1.0000
c10	5000	pplacer	frag	L1693729	0	0.6231
c10	5000	pplacer	frag	L1715650	1	0.2426
c10	5000	pplacer	frag	L1679070	0	0.6953
c10	5000	pplacer	frag	L1710196	1	0.3241
c10	5000	pplacer	frag	L1724773	1	0.3247
c10	5000	pplacer	frag	L1698795	0	1.0000
c10	5000	pplacer	frag	L1706009	0	0.4498
c10	5000	pplacer	frag	L1690704	4	0.4019
c10	5000	pplacer	frag	L1722777	0	1.0000
c10	5000	pplacer	frag	L1679327	0	0.6380
c10	5000	pplacer	frag	L1729015	7	0.7317
c10	5000	pplacer	frag	L1693021	1	0.3048
c10	5000	pplacer	frag	L1398565	3	0.4787
c10	5000	pplacer	frag	L1687257	1	0.2649
c10	5000	pplacer	frag	L1721987	0	1.0000
c10	5000	pplacer	frag	L1717886	4	0.5071
c10	5000	pplacer	frag	L1713230	0	0.3020
c10	5000	pplacer	frag	L1725448	0	1.0000
c10	5000	pplacer	frag	L1683975	4	0.1438
c10	5000	pplacer	frag	L1714485	0	0.2477
c10	5000	pplacer	frag	L1700325	1	0.2870
c10	5000	pplacer	frag	L1701759	0	0.7841
c10	5000	pplacer	full	L1700325	0	1.0000
c10	5000	pplacer	full	L1721987	0	1.0000
c10	5000	pplacer	full	L1710196	1	0.3335
c10	5000	pplacer	full	L1713230	0	0.3356
c10	5000	pplacer	full	L1693729	0	1.0000
c10	5000	pplacer	full	L1698795	0	1.0000
c10	5000	pplacer	full	L1724773	0	0.8848
c10	5000	pplacer	full	L1679070	0	1.0000
c10	5000	pplacer	full	L1619907	0	1.0000
c10	5000	pplacer	full	L1727481	0	1.0000
c10	5000	pplacer	full	L1701759	0	1.0000
c10	5000	pplacer	full	L1729015	0	1.0000
c10	5000	pplacer	full	L1398565	0	1.0000
c10	5000	pplacer	full	L1720587	0	1.0000
c10	5000	pplacer	full	L1679327	0	1.0000
c10	5000	pplacer	full	L1689425	0	1.0000
c10	5000	pplacer	full	L1717886	0	1.0000
c10	5000	pplacer	full	L1693021	0	1.0000
c10	5000	pplacer	full	L1725448	0	1.0000
c10	5000	pplacer	full	L1714485	0	1.0000
c10	5000	pplacer	full	L1687257	0	1.0000
c10	5000	pplacer	full	L1722777	0	1.0000
c10	5000	pplacer	full	L1683975	0	1.0000
c10	5000	pplacer	full	L1744154	0	1.0000
c10	5000	pplacer	full	L1690704	0	0.5947
c10	5000	pplacer	full	L1706009	0	1.0000
c10	5000	pplacer	full	L1715650	0	1.0000
c10	5000	rs_on	frag	L1398565	7	1.0000
c10	5000	rs_on	frag	L1744154	9	1.0000
c10	5000	rs_on	frag	L1683975	4	0.9842
c10	5000	rs_on	frag	L1687257	0	0.8004
c10	5000	rs_on	frag	L1690704	4	0.9982
c10	5000	rs_on	frag	L1679070	2	0.7293
c10	5000	rs_on	frag	L1679327	0	0.9869
c10	5000	rs_on	frag	L1689425	5	1.0000
c10	5000	rs_on	frag	L1619907	0	1.0000
c10	5000	rs_on	frag	L1727481	8	0.9786
c10	5000	rs_on	frag	L1729015	9	0.0808
c10	5000	rs_on	frag	L1698795	0	1.0000
c10	5000	rs_on	frag	L1700325	2	0.7849
c10	5000	rs_on	frag	L1701759	0	0.9828
c10	5000	rs_on	frag	L1706009	1	0.6900
c10	5000	rs_on	frag	L1710196	1	1.0000
c10	5000	rs_on	frag	L1725448	0	1.0000
c10	5000	rs_on	frag	L1717886	1	1.0000
c10	5000	rs_on	frag	L1715650	3	0.7999
c10	5000	rs_on	frag	L1714485	1	0.7754
c10	5000	rs_on	frag	L1713230	1	0.9846
c10	5000	rs_on	frag	L1724773	0	0.8221
c10	5000	rs_on	frag	L1721987	1	0.6471
c10	5000	rs_on	frag	L1722777	0	1.0000
c10	5000	rs_on	frag	L1720587	2	1.0000
c10	5000	rs_on	frag	L1693021	5	0.9467
c10	5000	rs_on	frag	L1693729	0	0.8972
c10	5000	shift	frag	L1398565	3	0.2800
c10	5000	shift	frag	L1744154	0	0.5881
c10	5000	shift	frag	L1683975	6	0.1179
c10	5000	shift	frag	L1687257	1	0.2323
c10	5000	shift	frag	L1690704	11	0.1748
c10	5000	shift	frag	L1679070	0	0.7542
c10	5000	shift	frag	L1679327	0	0.7286
c10	5000	shift	frag	L1689425	4	0.2428
c10	5000	shift	frag	L1619907	0	1.0000
c10	5000	shift	frag	L1727481	1	0.1803
c10	5000	shift	frag	L1729015	9	0.0808
c10	5000	shift	frag	L1698795	0	1.0000
c10	5000	shift	frag	L1700325	1	0.4007
c10	5000	shift	frag	L1701759	0	0.8183
c10	5000	shift	frag	L1706009	0	0.4505
c10	5000	shift	frag	L1710196	1	0.6596
c10	5000	shift	frag	L1725448	0	0.9360
c10	5000	shift	frag	L1717886	4	0.2355
c10	5000	shift	frag	L1715650	1	0.2474
c10	5000	shift	frag	L1714485	1	0.3431
c10	5000	shift	frag	L1713230	0	0.3208
c10	5000	shift	frag	L1724773	1	0.6793
c10	5000	shift	frag	L1721987	0	1.0000
c10	5000	shift	frag	L1722777	0	1.0000
c10	5000	shift	frag	L1720587	1	0.4622
c10	5000	shift	frag	L1693021	1	0.4085
c10	5000	shift	frag	L1693729	0	0.6935
c10	5000	simd	frag	L1398565	7	1.0000
c10	5000	simd	frag	L1744154	9	1.0000
c10	5000	simd	frag	L1683975	4	0.9842
c10	5000	simd	frag	L1687257	0	0.8004
c10	5000	simd	frag	L1690704	4	0.9982
c10	5000	simd	frag	L1679070	2	0.7293
c10	5000	simd	frag	L1679327	0	0.9869
c10	5000	simd	frag	L1689425	5	1.0000
c10	5000	simd	frag	L1619907	0	1.0000
c10	5000	simd	frag	L1727481	8	0.9786
c10	5000	simd	frag	L1729015	9	0.0808
c10	5000	simd	frag	L1698795	0	1.0000
c10	5000	simd	frag	L1700325	2	0.7849
c10	5000	simd	frag	L1701759	0	0.9828
c10	5000	simd	frag	L1706009	1	0.6900
c10	5000	simd	frag	L1710196	1	1.0000
c10	5000	simd	frag	L1725448	0	1.0000
c10	5000	simd	frag	L1717886	1	1.0000
c10	5000	simd	frag	L1715650	3	0.7999
c10	5000	simd	frag	L1714485	1	0.7754
c10	5000	simd	frag	L1713230	1	0.9846
c10	5000	simd	frag	L1724773	0	0.8221
c10	5000	simd	frag	L1721987	1	0.6471
c10	5000	simd	frag	L1722777	0	1.0000
c10	5000	simd	frag	L1720587	2	1.0000
c10	5000	simd	frag	L1693021	5	0.9467
c10	5000	simd	frag	L1693729	0	0.8972
c10	5000	simd_rson	frag	L1398565	7	1.0000
c10	5000	simd_rson	frag	L1744154	9	1.0000
c10	5000	simd_rson	frag	L1683975	4	0.9842
c10	5000	simd_rson	frag	L1687257	0	0.8004
c10	5000	simd_rson	frag	L1690704	4	0.9982
c10	5000	simd_rson	frag	L1679070	2	0.7293
c10	5000	simd_rson	frag	L1679327	0	0.9869
c10	5000	simd_rson	frag	L1689425	5	1.0000
c10	5000	simd_rson	frag	L1619907	0	1.0000
c10	5000	simd_rson	frag	L1727481	8	0.9786
c10	5000	simd_rson	frag	L1729015	9	0.0808
c10	5000	simd_rson	frag	L1698795	0	1.0000
c10	5000	simd_rson	frag	L1700325	2	0.7849
c10	5000	simd_rson	frag	L1701759	0	0.9828
c10	5000	simd_rson	frag	L1706009	1	0.6900
c10	5000	simd_rson	frag	L1710196	1	1.0000
c10	5000	simd_rson	frag	L1725448	0	1.0000
c10	5000	simd_rson	frag	L1717886	1	1.0000
c10	5000	simd_rson	frag	L1715650	3	0.7999
c10	5000	simd_rson	frag	L1714485	1	0.7754
c10	5000	simd_rson	frag	L1713230	1	0.9846
c10	5000	simd_rson	frag	L1724773	0	0.8221
c10	5000	simd_rson	frag	L1721987	1	0.6471
c10	5000	simd_rson	frag	L1722777	0	1.0000
c10	5000	simd_rson	frag	L1720587	2	1.0000
c10	5000	simd_rson	frag	L1693021	5	0.9467
c10	5000	simd_rson	frag	L1693729	0	0.8972
c11	1000	auto	frag	L1061587	2	0.2842
c11	1000	auto	frag	L1117806	0	1.0000
c11	1000	auto	frag	L1116847	0	0.9996
c11	1000	auto	full	L1061587	1	0.5516
c11	1000	auto	full	L1117806	0	1.0000
c11	1000	auto	full	L1116847	0	1.0000
c11	1000	diagcpu	frag	L1061587	2	0.2842
c11	1000	diagcpu	frag	L1117806	0	1.0000
c11	1000	diagcpu	frag	L1116847	0	0.9996
c11	1000	fix	frag	L1061587	2	0.2842
c11	1000	fix	frag	L1117806	0	1.0000
c11	1000	fix	frag	L1116847	0	0.9996
c11	1000	fix	full	L1061587	1	0.5516
c11	1000	fix	full	L1117806	0	1.0000
c11	1000	fix	full	L1116847	0	1.0000
c11	1000	fix_rson	frag	L1061587	2	0.2842
c11	1000	fix_rson	frag	L1117806	0	1.0000
c11	1000	fix_rson	frag	L1116847	0	0.9996
c11	1000	noheur	frag	L1061587	2	0.2816
c11	1000	noheur	frag	L1116847	0	0.9995
c11	1000	noheur	frag	L1117806	0	1.0000
c11	1000	nopremask	frag	L1061587	2	0.2897
c11	1000	nopremask	frag	L1117806	0	1.0000
c11	1000	nopremask	frag	L1116847	0	0.9997
c11	1000	pplacer	frag	L1116847	0	1.0000
c11	1000	pplacer	frag	L1117806	0	1.0000
c11	1000	pplacer	frag	L1061587	3	0.2466
c11	1000	pplacer	full	L1117806	0	1.0000
c11	1000	pplacer	full	L1061587	0	0.4901
c11	1000	pplacer	full	L1116847	0	1.0000
c11	1000	rs_off	frag	L1061587	2	0.2842
c11	1000	rs_off	frag	L1117806	0	1.0000
c11	1000	rs_off	frag	L1116847	0	0.9996
c11	1000	rs_on	frag	L1061587	3	0.5554
c11	1000	rs_on	frag	L1117806	0	1.0000
c11	1000	rs_on	frag	L1116847	0	1.0000
c11	1000	simd_rson	frag	L1061587	3	0.5554
c11	1000	simd_rson	frag	L1117806	0	1.0000
c11	1000	simd_rson	frag	L1116847	0	1.0000
c11	2000	auto	frag	L1061587	2	0.2304
c11	2000	auto	frag	L1117806	0	1.0000
c11	2000	auto	frag	L1116847	0	0.9996
c11	2000	auto	full	L1061587	1	0.5132
c11	2000	auto	full	L1117806	0	1.0000
c11	2000	auto	full	L1116847	0	1.0000
c11	2000	diagcpu	frag	L1061587	2	0.2304
c11	2000	diagcpu	frag	L1117806	0	1.0000
c11	2000	diagcpu	frag	L1116847	0	0.9996
c11	2000	fix	frag	L1061587	2	0.2304
c11	2000	fix	frag	L1117806	0	1.0000
c11	2000	fix	frag	L1116847	0	0.9996
c11	2000	fix	full	L1061587	1	0.5132
c11	2000	fix	full	L1117806	0	1.0000
c11	2000	fix	full	L1116847	0	1.0000
c11	2000	fix_noheur	frag	L1061587	2	0.2285
c11	2000	fix_noheur	frag	L1116847	0	0.9995
c11	2000	fix_noheur	frag	L1117806	0	1.0000
c11	2000	fix_rson	frag	L1061587	2	0.2304
c11	2000	fix_rson	frag	L1117806	0	1.0000
c11	2000	fix_rson	frag	L1116847	0	0.9996
c11	2000	noheur	frag	L1061587	2	0.2285
c11	2000	noheur	frag	L1116847	0	0.9995
c11	2000	noheur	frag	L1117806	0	1.0000
c11	2000	nopremask	frag	L1061587	2	0.1842
c11	2000	nopremask	frag	L1117806	0	1.0000
c11	2000	nopremask	frag	L1116847	0	0.9997
c11	2000	pplacer	frag	L1116847	0	1.0000
c11	2000	pplacer	frag	L1117806	0	1.0000
c11	2000	pplacer	frag	L1061587	3	0.2196
c11	2000	pplacer	full	L1117806	0	1.0000
c11	2000	pplacer	full	L1116847	0	1.0000
c11	2000	pplacer	full	L1061587	0	0.4586
c11	2000	rs_off	frag	L1061587	2	0.2304
c11	2000	rs_off	frag	L1117806	0	1.0000
c11	2000	rs_off	frag	L1116847	0	0.9996
c11	2000	rs_on	frag	L1061587	3	0.9997
c11	2000	rs_on	frag	L1117806	0	1.0000
c11	2000	rs_on	frag	L1116847	1	1.0000
c11	2000	simd_rson	frag	L1061587	3	0.9997
c11	2000	simd_rson	frag	L1117806	0	1.0000
c11	2000	simd_rson	frag	L1116847	1	1.0000
c11	3000	auto	frag	L1061587	3	1.0000
c11	3000	auto	frag	L1117806	0	1.0000
c11	3000	auto	frag	L1116847	1	1.0000
c11	3000	auto	full	L1061587	1	0.5685
c11	3000	auto	full	L1117806	0	1.0000
c11	3000	auto	full	L1116847	0	1.0000
c11	3000	fix	frag	L1061587	2	0.2262
c11	3000	fix	frag	L1117806	0	1.0000
c11	3000	fix	frag	L1116847	0	0.9998
c11	3000	fix	full	L1061587	1	0.5685
c11	3000	fix	full	L1117806	0	1.0000
c11	3000	fix	full	L1116847	0	1.0000
c11	3000	fix_noheur	frag	L1061587	2	0.2244
c11	3000	fix_noheur	frag	L1116847	0	0.9996
c11	3000	fix_noheur	frag	L1117806	0	1.0000
c11	3000	noheur	frag	L1061587	7	1.0000
c11	3000	noheur	frag	L1116847	17	1.0000
c11	3000	noheur	frag	L1117806	0	1.0000
c11	3000	nopremask	frag	L1061587	2	0.1776
c11	3000	nopremask	frag	L1117806	0	1.0000
c11	3000	nopremask	frag	L1116847	0	0.9998
c11	3000	pplacer	frag	L1116847	0	1.0000
c11	3000	pplacer	frag	L1117806	0	1.0000
c11	3000	pplacer	frag	L1061587	3	0.2186
c11	3000	pplacer	full	L1117806	0	1.0000
c11	3000	pplacer	full	L1116847	0	1.0000
c11	3000	pplacer	full	L1061587	0	0.4588
c11	3000	rs_off	frag	L1061587	2	0.2262
c11	3000	rs_off	frag	L1117806	0	1.0000
c11	3000	rs_off	frag	L1116847	0	0.9998
c11	3000	rs_on	frag	L1061587	3	1.0000
c11	3000	rs_on	frag	L1117806	0	1.0000
c11	3000	rs_on	frag	L1116847	1	1.0000
c11	3000	shift	frag	L1061587	2	0.2262
c11	3000	shift	frag	L1117806	0	1.0000
c11	3000	shift	frag	L1116847	0	0.9998
c11	3000	simd	frag	L1061587	3	1.0000
c11	3000	simd	frag	L1117806	0	1.0000
c11	3000	simd	frag	L1116847	1	1.0000
c11	3000	simd_rson	frag	L1061587	3	1.0000
c11	3000	simd_rson	frag	L1117806	0	1.0000
c11	3000	simd_rson	frag	L1116847	1	1.0000
c11	500	auto	frag	L1061587	4	0.1489
c11	500	auto	frag	L1117806	0	1.0000
c11	500	auto	frag	L1116847	0	0.9996
c11	500	auto	full	L1061587	3	1.0000
c11	500	auto	full	L1117806	0	1.0000
c11	500	auto	full	L1116847	0	1.0000
c11	500	diagcpu	frag	L1061587	4	0.1489
c11	500	diagcpu	frag	L1117806	0	1.0000
c11	500	diagcpu	frag	L1116847	0	0.9996
c11	500	fix	frag	L1061587	4	0.1489
c11	500	fix	frag	L1117806	0	1.0000
c11	500	fix	frag	L1116847	0	0.9996
c11	500	fix	full	L1061587	3	1.0000
c11	500	fix	full	L1117806	0	1.0000
c11	500	fix	full	L1116847	0	1.0000
c11	500	fix_rson	frag	L1061587	4	0.1489
c11	500	fix_rson	frag	L1117806	0	1.0000
c11	500	fix_rson	frag	L1116847	0	0.9996
c11	500	noheur	frag	L1061587	4	0.1408
c11	500	noheur	frag	L1116847	0	0.9995
c11	500	noheur	frag	L1117806	0	1.0000
c11	500	nopremask	frag	L1061587	4	0.1959
c11	500	nopremask	frag	L1117806	0	1.0000
c11	500	nopremask	frag	L1116847	0	0.9997
c11	500	pplacer	frag	L1116847	0	1.0000
c11	500	pplacer	frag	L1117806	0	1.0000
c11	500	pplacer	frag	L1061587	4	0.3125
c11	500	pplacer	full	L1117806	0	1.0000
c11	500	pplacer	full	L1061587	3	0.9357
c11	500	pplacer	full	L1116847	0	1.0000
c11	500	rs_off	frag	L1061587	4	0.1489
c11	500	rs_off	frag	L1117806	0	1.0000
c11	500	rs_off	frag	L1116847	0	0.9996
c11	500	rs_on	frag	L1061587	7	1.0000
c11	500	rs_on	frag	L1117806	0	1.0000
c11	500	rs_on	frag	L1116847	1	1.0000
c11	500	simd_rson	frag	L1061587	7	1.0000
c11	500	simd_rson	frag	L1117806	0	1.0000
c11	500	simd_rson	frag	L1116847	1	1.0000
c11	5000	auto	frag	L1061587	3	0.7189
c11	5000	auto	frag	L1117806	0	1.0000
c11	5000	auto	frag	L1116847	0	1.0000
c11	5000	auto	full	L1061587	1	0.6278
c11	5000	auto	full	L1117806	0	1.0000
c11	5000	auto	full	L1116847	0	1.0000
c11	5000	fix	frag	L1061587	2	0.2267
c11	5000	fix	frag	L1117806	0	1.0000
c11	5000	fix	frag	L1116847	0	0.9995
c11	5000	fix	full	L1061587	1	0.6278
c11	5000	fix	full	L1117806	0	1.0000
c11	5000	fix	full	L1116847	0	1.0000
c11	5000	fix_noheur	frag	L1061587	2	0.2248
c11	5000	fix_noheur	frag	L1116847	0	0.9993
c11	5000	fix_noheur	frag	L1117806	0	1.0000
c11	5000	noheur	frag	L1061587	13	1.0000
c11	5000	noheur	frag	L1116847	15	1.0000
c11	5000	noheur	frag	L1117806	0	1.0000
c11	5000	nopremask	frag	L1061587	2	0.1702
c11	5000	nopremask	frag	L1117806	0	1.0000
c11	5000	nopremask	frag	L1116847	0	0.9996
c11	5000	pplacer	frag	L1116847	0	1.0000
c11	5000	pplacer	frag	L1117806	0	1.0000
c11	5000	pplacer	frag	L1061587	3	0.2181
c11	5000	pplacer	full	L1117806	0	1.0000
c11	5000	pplacer	full	L1116847	0	1.0000
c11	5000	pplacer	full	L1061587	0	0.4552
c11	5000	rs_on	frag	L1061587	3	0.7189
c11	5000	rs_on	frag	L1117806	0	1.0000
c11	5000	rs_on	frag	L1116847	0	1.0000
c11	5000	shift	frag	L1061587	2	0.2267
c11	5000	shift	frag	L1117806	0	1.0000
c11	5000	shift	frag	L1116847	0	0.9995
c11	5000	simd	frag	L1061587	3	0.7189
c11	5000	simd	frag	L1117806	0	1.0000
c11	5000	simd	frag	L1116847	0	1.0000
c11	5000	simd_rson	frag	L1061587	3	0.7189
c11	5000	simd_rson	frag	L1117806	0	1.0000
c11	5000	simd_rson	frag	L1116847	0	1.0000
c12	1000	auto	frag	L1286758	0	0.3981
c12	1000	auto	frag	L1284558	1	0.3462
c12	1000	auto	frag	L1283746	0	1.0000
c12	1000	auto	frag	L1281298	0	0.6220
c12	1000	auto	frag	L1228316	0	0.4176
c12	1000	auto	frag	L1228313	1	0.4190
c12	1000	auto	full	L1286758	0	1.0000
c12	1000	auto	full	L1284558	0	0.8688
c12	1000	auto	full	L1283746	0	1.0000
c12	1000	auto	full	L1281298	0	1.0000
c12	1000	auto	full	L1228313	0	1.0000
c12	1000	auto	full	L1228316	0	1.0000
c12	1000	diagcpu	frag	L1286758	0	0.3981
c12	1000	diagcpu	frag	L1284558	1	0.3462
c12	1000	diagcpu	frag	L1283746	0	1.0000
c12	1000	diagcpu	frag	L1281298	0	0.6220
c12	1000	diagcpu	frag	L1228316	0	0.4176
c12	1000	diagcpu	frag	L1228313	1	0.4190
c12	1000	fix	frag	L1286758	0	0.3981
c12	1000	fix	frag	L1284558	1	0.3462
c12	1000	fix	frag	L1283746	0	1.0000
c12	1000	fix	frag	L1281298	0	0.6220
c12	1000	fix	frag	L1228316	0	0.4176
c12	1000	fix	frag	L1228313	1	0.4190
c12	1000	fix	full	L1286758	0	1.0000
c12	1000	fix	full	L1284558	0	0.8688
c12	1000	fix	full	L1283746	0	1.0000
c12	1000	fix	full	L1281298	0	1.0000
c12	1000	fix	full	L1228313	0	1.0000
c12	1000	fix	full	L1228316	0	1.0000
c12	1000	fix_rson	frag	L1286758	0	0.3981
c12	1000	fix_rson	frag	L1284558	1	0.3462
c12	1000	fix_rson	frag	L1283746	0	1.0000
c12	1000	fix_rson	frag	L1281298	0	0.6220
c12	1000	fix_rson	frag	L1228316	0	0.4176
c12	1000	fix_rson	frag	L1228313	1	0.4190
c12	1000	noheur	frag	L1228313	1	0.4189
c12	1000	noheur	frag	L1228316	0	0.4176
c12	1000	noheur	frag	L1281298	0	0.5902
c12	1000	noheur	frag	L1283746	0	1.0000
c12	1000	noheur	frag	L1284558	1	0.3335
c12	1000	noheur	frag	L1286758	0	0.3977
c12	1000	nopremask	frag	L1286758	0	0.5401
c12	1000	nopremask	frag	L1284558	2	0.2585
c12	1000	nopremask	frag	L1283746	0	1.0000
c12	1000	nopremask	frag	L1281298	2	0.5541
c12	1000	nopremask	frag	L1228316	0	0.4607
c12	1000	nopremask	frag	L1228313	0	0.6809
c12	1000	pplacer	frag	L1284558	1	0.2266
c12	1000	pplacer	frag	L1228316	0	0.3412
c12	1000	pplacer	frag	L1228313	0	0.3334
c12	1000	pplacer	frag	L1281298	0	0.6182
c12	1000	pplacer	frag	L1283746	0	1.0000
c12	1000	pplacer	frag	L1286758	0	0.4948
c12	1000	pplacer	full	L1284558	0	0.9435
c12	1000	pplacer	full	L1228316	0	1.0000
c12	1000	pplacer	full	L1281298	0	1.0000
c12	1000	pplacer	full	L1228313	0	1.0000
c12	1000	pplacer	full	L1286758	0	1.0000
c12	1000	pplacer	full	L1283746	0	1.0000
c12	1000	rs_off	frag	L1286758	0	0.3981
c12	1000	rs_off	frag	L1284558	1	0.3462
c12	1000	rs_off	frag	L1283746	0	1.0000
c12	1000	rs_off	frag	L1281298	0	0.6220
c12	1000	rs_off	frag	L1228316	0	0.4176
c12	1000	rs_off	frag	L1228313	1	0.4190
c12	1000	rs_on	frag	L1286758	0	1.0000
c12	1000	rs_on	frag	L1284558	0	1.0000
c12	1000	rs_on	frag	L1283746	0	1.0000
c12	1000	rs_on	frag	L1281298	2	1.0000
c12	1000	rs_on	frag	L1228316	1	0.5088
c12	1000	rs_on	frag	L1228313	1	1.0000
c12	1000	simd_rson	frag	L1286758	0	1.0000
c12	1000	simd_rson	frag	L1284558	0	1.0000
c12	1000	simd_rson	frag	L1283746	0	1.0000
c12	1000	simd_rson	frag	L1281298	2	1.0000
c12	1000	simd_rson	frag	L1228316	1	0.5088
c12	1000	simd_rson	frag	L1228313	1	1.0000
c12	2000	auto	frag	L1286758	0	0.4242
c12	2000	auto	frag	L1284558	1	0.3583
c12	2000	auto	frag	L1283746	0	1.0000
c12	2000	auto	frag	L1281298	0	0.6076
c12	2000	auto	frag	L1228316	0	0.4251
c12	2000	auto	frag	L1228313	1	0.4124
c12	2000	auto	full	L1286758	0	1.0000
c12	2000	auto	full	L1284558	0	0.8576
c12	2000	auto	full	L1283746	0	1.0000
c12	2000	auto	full	L1281298	0	1.0000
c12	2000	auto	full	L1228313	0	1.0000
c12	2000	auto	full	L1228316	0	1.0000
c12	2000	diagcpu	frag	L1286758	0	0.4242
c12	2000	diagcpu	frag	L1284558	1	0.3583
c12	2000	diagcpu	frag	L1283746	0	1.0000
c12	2000	diagcpu	frag	L1281298	0	0.6076
c12	2000	diagcpu	frag	L1228316	0	0.4251
c12	2000	diagcpu	frag	L1228313	1	0.4124
c12	2000	fix	frag	L1286758	0	0.4242
c12	2000	fix	frag	L1284558	1	0.3583
c12	2000	fix	frag	L1283746	0	1.0000
c12	2000	fix	frag	L1281298	0	0.6076
c12	2000	fix	frag	L1228316	0	0.4251
c12	2000	fix	frag	L1228313	1	0.4124
c12	2000	fix	full	L1286758	0	1.0000
c12	2000	fix	full	L1284558	0	0.8576
c12	2000	fix	full	L1283746	0	1.0000
c12	2000	fix	full	L1281298	0	1.0000
c12	2000	fix	full	L1228313	0	1.0000
c12	2000	fix	full	L1228316	0	1.0000
c12	2000	fix_noheur	frag	L1228313	1	0.4123
c12	2000	fix_noheur	frag	L1228316	0	0.4251
c12	2000	fix_noheur	frag	L1281298	0	0.5786
c12	2000	fix_noheur	frag	L1283746	0	1.0000
c12	2000	fix_noheur	frag	L1284558	1	0.3447
c12	2000	fix_noheur	frag	L1286758	0	0.4239
c12	2000	fix_rson	frag	L1286758	0	0.4242
c12	2000	fix_rson	frag	L1284558	1	0.3583
c12	2000	fix_rson	frag	L1283746	0	1.0000
c12	2000	fix_rson	frag	L1281298	0	0.6076
c12	2000	fix_rson	frag	L1228316	0	0.4251
c12	2000	fix_rson	frag	L1228313	1	0.4124
c12	2000	noheur	frag	L1228313	1	0.4123
c12	2000	noheur	frag	L1228316	0	0.4251
c12	2000	noheur	frag	L1281298	0	0.5786
c12	2000	noheur	frag	L1283746	0	1.0000
c12	2000	noheur	frag	L1284558	1	0.3447
c12	2000	noheur	frag	L1286758	0	0.4239
c12	2000	nopremask	frag	L1286758	0	0.5950
c12	2000	nopremask	frag	L1284558	2	0.2301
c12	2000	nopremask	frag	L1283746	0	1.0000
c12	2000	nopremask	frag	L1281298	2	0.5359
c12	2000	nopremask	frag	L1228316	0	0.3800
c12	2000	nopremask	frag	L1228313	0	0.5453
c12	2000	pplacer	frag	L1284558	1	0.2254
c12	2000	pplacer	frag	L1228316	0	0.3411
c12	2000	pplacer	frag	L1228313	0	0.3334
c12	2000	pplacer	frag	L1281298	0	0.6235
c12	2000	pplacer	frag	L1283746	0	1.0000
c12	2000	pplacer	frag	L1286758	0	0.4934
c12	2000	pplacer	full	L1284558	0	0.9431
c12	2000	pplacer	full	L1228316	0	1.0000
c12	2000	pplacer	full	L1281298	0	1.0000
c12	2000	pplacer	full	L1228313	0	1.0000
c12	2000	pplacer	full	L1286758	0	1.0000
c12	2000	pplacer	full	L1283746	0	1.0000
c12	2000	rs_off	frag	L1286758	0	0.4242
c12	2000	rs_off	frag	L1284558	1	0.3583
c12	2000	rs_off	frag	L1283746	0	1.0000
c12	2000	rs_off	frag	L1281298	0	0.6076
c12	2000	rs_off	frag	L1228316	0	0.4251
c12	2000	rs_off	frag	L1228313	1	0.4124
c12	2000	rs_on	frag	L1286758	2	0.9988
c12	2000	rs_on	frag	L1284558	1	1.0000
c12	2000	rs_on	frag	L1283746	0	1.0000
c12	2000	rs_on	frag	L1281298	2	1.0000
c12	2000	rs_on	frag	L1228316	1	1.0000
c12	2000	rs_on	frag	L1228313	1	1.0000
c12	2000	simd_rson	frag	L1286758	2	0.9988
c12	2000	simd_rson	frag	L1284558	1	1.0000
c12	2000	simd_rson	frag	L1283746	0	1.0000
c12	2000	simd_rson	frag	L1281298	2	1.0000
c12	2000	simd_rson	frag	L1228316	1	1.0000
c12	2000	simd_rson	frag	L1228313	1	1.0000
c12	3000	auto	frag	L1286758	1	1.0000
c12	3000	auto	frag	L1284558	0	1.0000
c12	3000	auto	frag	L1283746	0	1.0000
c12	3000	auto	frag	L1281298	0	1.0000
c12	3000	auto	frag	L1228316	1	1.0000
c12	3000	auto	frag	L1228313	0	0.6825
c12	3000	auto	full	L1286758	0	1.0000
c12	3000	auto	full	L1284558	0	0.8799
c12	3000	auto	full	L1283746	0	1.0000
c12	3000	auto	full	L1281298	0	1.0000
c12	3000	auto	full	L1228313	0	1.0000
c12	3000	auto	full	L1228316	0	1.0000
c12	3000	fix	frag	L1286758	0	0.4626
c12	3000	fix	frag	L1284558	1	0.3551
c12	3000	fix	frag	L1283746	0	1.0000
c12	3000	fix	frag	L1281298	0	0.5941
c12	3000	fix	frag	L1228316	0	0.4329
c12	3000	fix	frag	L1228313	1	0.4131
c12	3000	fix	full	L1286758	0	1.0000
c12	3000	fix	full	L1284558	0	0.8799
c12	3000	fix	full	L1283746	0	1.0000
c12	3000	fix	full	L1281298	0	1.0000
c12	3000	fix	full	L1228313	0	1.0000
c12	3000	fix	full	L1228316	0	1.0000
c12	3000	fix_noheur	frag	L1228313	1	0.4131
c12	3000	fix_noheur	frag	L1228316	0	0.4329
c12	3000	fix_noheur	frag	L1281298	0	0.5667
c12	3000	fix_noheur	frag	L1283746	0	1.0000
c12	3000	fix_noheur	frag	L1284558	1	0.3418
c12	3000	fix_noheur	frag	L1286758	0	0.4624
c12	3000	noheur	frag	L1228313	8	1.0000
c12	3000	noheur	frag	L1228316	14	1.0000
c12	3000	noheur	frag	L1281298	11	1.0000
c12	3000	noheur	frag	L1283746	0	1.0000
c12	3000	noheur	frag	L1284558	10	1.0000
c12	3000	noheur	frag	L1286758	5	1.0000
c12	3000	nopremask	frag	L1286758	0	0.6390
c12	3000	nopremask	frag	L1284558	2	0.2224
c12	3000	nopremask	frag	L1283746	0	1.0000
c12	3000	nopremask	frag	L1281298	2	0.5330
c12	3000	nopremask	frag	L1228316	0	0.3911
c12	3000	nopremask	frag	L1228313	0	0.5576
c12	3000	pplacer	frag	L1284558	1	0.2249
c12	3000	pplacer	frag	L1228316	0	0.3405
c12	3000	pplacer	frag	L1228313	0	0.3334
c12	3000	pplacer	frag	L1281298	0	0.6233
c12	3000	pplacer	frag	L1283746	0	1.0000
c12	3000	pplacer	frag	L1286758	0	0.5007
c12	3000	pplacer	full	L1284558	0	0.9436
c12	3000	pplacer	full	L1228316	0	1.0000
c12	3000	pplacer	full	L1281298	0	1.0000
c12	3000	pplacer	full	L1228313	0	1.0000
c12	3000	pplacer	full	L1286758	0	1.0000
c12	3000	pplacer	full	L1283746	0	1.0000
c12	3000	rs_off	frag	L1286758	0	0.4626
c12	3000	rs_off	frag	L1284558	1	0.3551
c12	3000	rs_off	frag	L1283746	0	1.0000
c12	3000	rs_off	frag	L1281298	0	0.5941
c12	3000	rs_off	frag	L1228316	0	0.4329
c12	3000	rs_off	frag	L1228313	1	0.4131
c12	3000	rs_on	frag	L1286758	1	1.0000
c12	3000	rs_on	frag	L1284558	0	1.0000
c12	3000	rs_on	frag	L1283746	0	1.0000
c12	3000	rs_on	frag	L1281298	0	1.0000
c12	3000	rs_on	frag	L1228316	1	1.0000
c12	3000	rs_on	frag	L1228313	0	0.6825
c12	3000	shift	frag	L1286758	0	0.4626
c12	3000	shift	frag	L1284558	1	0.3551
c12	3000	shift	frag	L1283746	0	1.0000
c12	3000	shift	frag	L1281298	0	0.5941
c12	3000	shift	frag	L1228316	0	0.4329
c12	3000	shift	frag	L1228313	1	0.4131
c12	3000	simd	frag	L1286758	1	1.0000
c12	3000	simd	frag	L1284558	0	1.0000
c12	3000	simd	frag	L1283746	0	1.0000
c12	3000	simd	frag	L1281298	0	1.0000
c12	3000	simd	frag	L1228316	1	1.0000
c12	3000	simd	frag	L1228313	0	0.6825
c12	3000	simd_rson	frag	L1286758	1	1.0000
c12	3000	simd_rson	frag	L1284558	0	1.0000
c12	3000	simd_rson	frag	L1283746	0	1.0000
c12	3000	simd_rson	frag	L1281298	0	1.0000
c12	3000	simd_rson	frag	L1228316	1	1.0000
c12	3000	simd_rson	frag	L1228313	0	0.6825
c12	500	auto	frag	L1286758	0	0.3938
c12	500	auto	frag	L1284558	1	0.3536
c12	500	auto	frag	L1283746	0	1.0000
c12	500	auto	frag	L1281298	0	0.5748
c12	500	auto	frag	L1228316	0	0.4296
c12	500	auto	frag	L1228313	1	0.4164
c12	500	auto	full	L1286758	0	1.0000
c12	500	auto	full	L1284558	0	0.8059
c12	500	auto	full	L1283746	0	1.0000
c12	500	auto	full	L1281298	0	1.0000
c12	500	auto	full	L1228313	0	1.0000
c12	500	auto	full	L1228316	0	1.0000
c12	500	diagcpu	frag	L1286758	0	0.3938
c12	500	diagcpu	frag	L1284558	1	0.3536
c12	500	diagcpu	frag	L1283746	0	1.0000
c12	500	diagcpu	frag	L1281298	0	0.5748
c12	500	diagcpu	frag	L1228316	0	0.4296
c12	500	diagcpu	frag	L1228313	1	0.4164
c12	500	fix	frag	L1286758	0	0.3938
c12	500	fix	frag	L1284558	1	0.3536
c12	500	fix	frag	L1283746	0	1.0000
c12	500	fix	frag	L1281298	0	0.5748
c12	500	fix	frag	L1228316	0	0.4296
c12	500	fix	frag	L1228313	1	0.4164
c12	500	fix	full	L1286758	0	1.0000
c12	500	fix	full	L1284558	0	0.8059
c12	500	fix	full	L1283746	0	1.0000
c12	500	fix	full	L1281298	0	1.0000
c12	500	fix	full	L1228313	0	1.0000
c12	500	fix	full	L1228316	0	1.0000
c12	500	fix_rson	frag	L1286758	0	0.3938
c12	500	fix_rson	frag	L1284558	1	0.3536
c12	500	fix_rson	frag	L1283746	0	1.0000
c12	500	fix_rson	frag	L1281298	0	0.5748
c12	500	fix_rson	frag	L1228316	0	0.4296
c12	500	fix_rson	frag	L1228313	1	0.4164
c12	500	noheur	frag	L1228313	1	0.4163
c12	500	noheur	frag	L1228316	0	0.4296
c12	500	noheur	frag	L1281298	0	0.5482
c12	500	noheur	frag	L1283746	0	1.0000
c12	500	noheur	frag	L1284558	1	0.3409
c12	500	noheur	frag	L1286758	0	0.3935
c12	500	nopremask	frag	L1286758	0	0.5406
c12	500	nopremask	frag	L1284558	2	0.2656
c12	500	nopremask	frag	L1283746	0	1.0000
c12	500	nopremask	frag	L1281298	2	0.5641
c12	500	nopremask	frag	L1228316	0	0.5256
c12	500	nopremask	frag	L1228313	0	0.7305
c12	500	pplacer	frag	L1284558	1	0.2256
c12	500	pplacer	frag	L1228316	0	0.3409
c12	500	pplacer	frag	L1228313	0	0.3334
c12	500	pplacer	frag	L1281298	0	0.6180
c12	500	pplacer	frag	L1283746	0	1.0000
c12	500	pplacer	frag	L1286758	0	0.4933
c12	500	pplacer	full	L1228316	0	1.0000
c12	500	pplacer	full	L1228313	0	1.0000
c12	500	pplacer	full	L1283746	0	1.0000
c12	500	pplacer	full	L1286758	0	1.0000
c12	500	pplacer	full	L1284558	0	0.9446
c12	500	pplacer	full	L1281298	0	1.0000
c12	500	rs_off	frag	L1286758	0	0.3938
c12	500	rs_off	frag	L1284558	1	0.3536
c12	500	rs_off	frag	L1283746	0	1.0000
c12	500	rs_off	frag	L1281298	0	0.5748
c12	500	rs_off	frag	L1228316	0	0.4296
c12	500	rs_off	frag	L1228313	1	0.4164
c12	500	rs_on	frag	L1286758	0	0.9014
c12	500	rs_on	frag	L1284558	1	0.5758
c12	500	rs_on	frag	L1283746	0	1.0000
c12	500	rs_on	frag	L1281298	0	1.0000
c12	500	rs_on	frag	L1228316	3	1.0000
c12	500	rs_on	frag	L1228313	1	1.0000
c12	500	simd_rson	frag	L1286758	0	0.9014
c12	500	simd_rson	frag	L1284558	1	0.5758
c12	500	simd_rson	frag	L1283746	0	1.0000
c12	500	simd_rson	frag	L1281298	0	1.0000
c12	500	simd_rson	frag	L1228316	3	1.0000
c12	500	simd_rson	frag	L1228313	1	1.0000
c12	5000	auto	frag	L1286758	2	1.0000
c12	5000	auto	frag	L1284558	1	0.9982
c12	5000	auto	frag	L1283746	0	1.0000
c12	5000	auto	frag	L1281298	3	1.0000
c12	5000	auto	frag	L1228316	1	0.8566
c12	5000	auto	frag	L1228313	1	0.5385
c12	5000	auto	full	L1286758	0	1.0000
c12	5000	auto	full	L1284558	0	0.9051
c12	5000	auto	full	L1283746	0	1.0000
c12	5000	auto	full	L1281298	0	1.0000
c12	5000	auto	full	L1228313	0	1.0000
c12	5000	auto	full	L1228316	0	1.0000
c12	5000	fix	frag	L1286758	0	0.4327
c12	5000	fix	frag	L1284558	1	0.3366
c12	5000	fix	frag	L1283746	0	1.0000
c12	5000	fix	frag	L1281298	0	0.5650
c12	5000	fix	frag	L1228316	0	0.3842
c12	5000	fix	frag	L1228313	1	0.4146
c12	5000	fix	full	L1286758	0	1.0000
c12	5000	fix	full	L1284558	0	0.9051
c12	5000	fix	full	L1283746	0	1.0000
c12	5000	fix	full	L1281298	0	1.0000
c12	5000	fix	full	L1228313	0	1.0000
c12	5000	fix	full	L1228316	0	1.0000
c12	5000	fix_noheur	frag	L1228313	1	0.4145
c12	5000	fix_noheur	frag	L1228316	0	0.3842
c12	5000	fix_noheur	frag	L1281298	0	0.5391
c12	5000	fix_noheur	frag	L1283746	0	1.0000
c12	5000	fix_noheur	frag	L1284558	1	0.3182
c12	5000	fix_noheur	frag	L1286758	0	0.4323
c12	5000	noheur	frag	L1228313	14	1.0000
c12	5000	noheur	frag	L1228316	14	1.0000
c12	5000	noheur	frag	L1281298	13	1.0000
c12	5000	noheur	frag	L1283746	0	1.0000
c12	5000	noheur	frag	L1284558	15	1.0000
c12	5000	noheur	frag	L1286758	11	1.0000
c12	5000	nopremask	frag	L1286758	0	0.5875
c12	5000	nopremask	frag	L1284558	0	0.2507
c12	5000	nopremask	frag	L1283746	0	1.0000
c12	5000	nopremask	frag	L1281298	2	0.5341
c12	5000	nopremask	frag	L1228316	0	0.3166
c12	5000	nopremask	frag	L1228313	0	0.4661
c12	5000	pplacer	frag	L1284558	1	0.2254
c12	5000	pplacer	frag	L1228316	0	0.3412
c12	5000	pplacer	frag	L1228313	0	0.3334
c12	5000	pplacer	frag	L1281298	0	0.6238
c12	5000	pplacer	frag	L1283746	0	1.0000
c12	5000	pplacer	frag	L1286758	0	0.4995
c12	5000	pplacer	full	L1284558	0	0.9429
c12	5000	pplacer	full	L1228316	0	1.0000
c12	5000	pplacer	full	L1281298	0	1.0000
c12	5000	pplacer	full	L1228313	0	1.0000
c12	5000	pplacer	full	L1286758	0	1.0000
c12	5000	pplacer	full	L1283746	0	1.0000
c12	5000	rs_off	frag	L1286758	0	0.4327
c12	5000	rs_off	frag	L1284558	1	0.3366
c12	5000	rs_off	frag	L1283746	0	1.0000
c12	5000	rs_off	frag	L1281298	0	0.5650
c12	5000	rs_off	frag	L1228316	0	0.3842
c12	5000	rs_off	frag	L1228313	1	0.4146
c12	5000	rs_on	frag	L1286758	2	1.0000
c12	5000	rs_on	frag	L1284558	1	0.9982
c12	5000	rs_on	frag	L1283746	0	1.0000
c12	5000	rs_on	frag	L1281298	3	1.0000
c12	5000	rs_on	frag	L1228316	1	0.8566
c12	5000	rs_on	frag	L1228313	1	0.5385
c12	5000	shift	frag	L1286758	0	0.4327
c12	5000	shift	frag	L1284558	1	0.3366
c12	5000	shift	frag	L1283746	0	1.0000
c12	5000	shift	frag	L1281298	0	0.5650
c12	5000	shift	frag	L1228316	0	0.3842
c12	5000	shift	frag	L1228313	1	0.4146
c12	5000	simd	frag	L1286758	2	1.0000
c12	5000	simd	frag	L1284558	1	0.9982
c12	5000	simd	frag	L1283746	0	1.0000
c12	5000	simd	frag	L1281298	3	1.0000
c12	5000	simd	frag	L1228316	1	0.8566
c12	5000	simd	frag	L1228313	1	0.5385
c12	5000	simd_rson	frag	L1286758	2	1.0000
c12	5000	simd_rson	frag	L1284558	1	0.9982
c12	5000	simd_rson	frag	L1283746	0	1.0000
c12	5000	simd_rson	frag	L1281298	3	1.0000
c12	5000	simd_rson	frag	L1228316	1	0.8566
c12	5000	simd_rson	frag	L1228313	1	0.5385
c13	1000	auto	frag	L501837	1	0.6712
c13	1000	auto	frag	L617862	1	0.3994
c13	1000	auto	frag	L614050	0	0.9998
c13	1000	auto	frag	L620966	5	0.3978
c13	1000	auto	frag	L632457	0	0.5687
c13	1000	auto	frag	L623278	0	0.2741
c13	1000	auto	frag	L626238	0	0.5555
c13	1000	auto	frag	L626353	0	0.4843
c13	1000	auto	frag	L636888	1	0.3166
c13	1000	auto	frag	L635118	0	1.0000
c13	1000	auto	frag	L649091	2	0.3858
c13	1000	auto	frag	L646751	0	1.0000
c13	1000	auto	frag	L639959	0	1.0000
c13	1000	auto	frag	L641936	1	0.1237
c13	1000	auto	frag	L644406	1	0.2726
c13	1000	auto	frag	L644497	1	0.3877
c13	1000	auto	frag	L642984	0	1.0000
c13	1000	auto	frag	L640160	0	1.0000
c13	1000	auto	frag	L652753	0	0.6240
c13	1000	auto	full	L501837	1	1.0000
c13	1000	auto	full	L617862	1	0.7780
c13	1000	auto	full	L614050	0	1.0000
c13	1000	auto	full	L620966	0	1.0000
c13	1000	auto	full	L632457	0	1.0000
c13	1000	auto	full	L623278	1	1.0000
c13	1000	auto	full	L626238	0	0.9918
c13	1000	auto	full	L626353	1	0.8296
c13	1000	auto	full	L636888	0	1.0000
c13	1000	auto	full	L635118	0	1.0000
c13	1000	auto	full	L649091	1	1.0000
c13	1000	auto	full	L646751	0	1.0000
c13	1000	auto	full	L639959	0	1.0000
c13	1000	auto	full	L644497	0	1.0000
c13	1000	auto	full	L644406	0	0.9849
c13	1000	auto	full	L641936	0	0.7348
c13	1000	auto	full	L642984	0	1.0000
c13	1000	auto	full	L640160	0	1.0000
c13	1000	auto	full	L652753	0	1.0000
c13	1000	diagcpu	frag	L501837	1	0.6712
c13	1000	diagcpu	frag	L617862	1	0.3994
c13	1000	diagcpu	frag	L614050	0	0.9998
c13	1000	diagcpu	frag	L620966	5	0.3978
c13	1000	diagcpu	frag	L632457	0	0.5687
c13	1000	diagcpu	frag	L623278	0	0.2741
c13	1000	diagcpu	frag	L626238	0	0.5555
c13	1000	diagcpu	frag	L626353	0	0.4843
c13	1000	diagcpu	frag	L636888	1	0.3166
c13	1000	diagcpu	frag	L635118	0	1.0000
c13	1000	diagcpu	frag	L649091	2	0.3858
c13	1000	diagcpu	frag	L646751	0	1.0000
c13	1000	diagcpu	frag	L639959	0	1.0000
c13	1000	diagcpu	frag	L641936	1	0.1237
c13	1000	diagcpu	frag	L644406	1	0.2726
c13	1000	diagcpu	frag	L644497	1	0.3877
c13	1000	diagcpu	frag	L642984	0	1.0000
c13	1000	diagcpu	frag	L640160	0	1.0000
c13	1000	diagcpu	frag	L652753	0	0.6240
c13	1000	fix	frag	L501837	1	0.6712
c13	1000	fix	frag	L617862	1	0.3994
c13	1000	fix	frag	L614050	0	0.9998
c13	1000	fix	frag	L620966	5	0.3978
c13	1000	fix	frag	L632457	0	0.5687
c13	1000	fix	frag	L623278	0	0.2741
c13	1000	fix	frag	L626238	0	0.5555
c13	1000	fix	frag	L626353	0	0.4843
c13	1000	fix	frag	L636888	1	0.3166
c13	1000	fix	frag	L635118	0	1.0000
c13	1000	fix	frag	L649091	2	0.3858
c13	1000	fix	frag	L646751	0	1.0000
c13	1000	fix	frag	L639959	0	1.0000
c13	1000	fix	frag	L641936	1	0.1237
c13	1000	fix	frag	L644406	1	0.2726
c13	1000	fix	frag	L644497	1	0.3877
c13	1000	fix	frag	L642984	0	1.0000
c13	1000	fix	frag	L640160	0	1.0000
c13	1000	fix	frag	L652753	0	0.6240
c13	1000	fix	full	L501837	1	1.0000
c13	1000	fix	full	L617862	1	0.7780
c13	1000	fix	full	L614050	0	1.0000
c13	1000	fix	full	L620966	0	1.0000
c13	1000	fix	full	L632457	0	1.0000
c13	1000	fix	full	L623278	1	1.0000
c13	1000	fix	full	L626238	0	0.9918
c13	1000	fix	full	L626353	1	0.8296
c13	1000	fix	full	L636888	0	1.0000
c13	1000	fix	full	L635118	0	1.0000
c13	1000	fix	full	L649091	1	1.0000
c13	1000	fix	full	L646751	0	1.0000
c13	1000	fix	full	L639959	0	1.0000
c13	1000	fix	full	L644497	0	1.0000
c13	1000	fix	full	L644406	0	0.9849
c13	1000	fix	full	L641936	0	0.7348
c13	1000	fix	full	L642984	0	1.0000
c13	1000	fix	full	L640160	0	1.0000
c13	1000	fix	full	L652753	0	1.0000
c13	1000	fix_rson	frag	L501837	1	0.6712
c13	1000	fix_rson	frag	L617862	1	0.3994
c13	1000	fix_rson	frag	L614050	0	0.9998
c13	1000	fix_rson	frag	L620966	5	0.3978
c13	1000	fix_rson	frag	L632457	0	0.5687
c13	1000	fix_rson	frag	L623278	0	0.2741
c13	1000	fix_rson	frag	L626238	0	0.5555
c13	1000	fix_rson	frag	L626353	0	0.4843
c13	1000	fix_rson	frag	L636888	1	0.3166
c13	1000	fix_rson	frag	L635118	0	1.0000
c13	1000	fix_rson	frag	L649091	2	0.3858
c13	1000	fix_rson	frag	L646751	0	1.0000
c13	1000	fix_rson	frag	L639959	0	1.0000
c13	1000	fix_rson	frag	L641936	1	0.1237
c13	1000	fix_rson	frag	L644406	1	0.2726
c13	1000	fix_rson	frag	L644497	1	0.3877
c13	1000	fix_rson	frag	L642984	0	1.0000
c13	1000	fix_rson	frag	L640160	0	1.0000
c13	1000	fix_rson	frag	L652753	0	0.6240
c13	1000	noheur	frag	L501837	1	0.6681
c13	1000	noheur	frag	L614050	0	0.9998
c13	1000	noheur	frag	L617862	1	0.3993
c13	1000	noheur	frag	L620966	5	0.3978
c13	1000	noheur	frag	L623278	0	0.2741
c13	1000	noheur	frag	L626238	0	0.5529
c13	1000	noheur	frag	L626353	0	0.4840
c13	1000	noheur	frag	L632457	0	0.5652
c13	1000	noheur	frag	L635118	0	1.0000
c13	1000	noheur	frag	L636888	1	0.3166
c13	1000	noheur	frag	L639959	0	0.9999
c13	1000	noheur	frag	L640160	0	1.0000
c13	1000	noheur	frag	L641936	1	0.1237
c13	1000	noheur	frag	L642984	0	1.0000
c13	1000	noheur	frag	L644406	1	0.2725
c13	1000	noheur	frag	L644497	1	0.3877
c13	1000	noheur	frag	L646751	0	0.9955
c13	1000	noheur	frag	L649091	2	0.3828
c13	1000	noheur	frag	L652753	0	0.6236
c13	1000	nopremask	frag	L501837	1	0.4636
c13	1000	nopremask	frag	L617862	1	0.6455
c13	1000	nopremask	frag	L614050	0	0.9998
c13	1000	nopremask	frag	L620966	5	0.2560
c13	1000	nopremask	frag	L632457	0	0.4146
c13	1000	nopremask	frag	L623278	2	0.5785
c13	1000	nopremask	frag	L626238	0	0.4208
c13	1000	nopremask	frag	L626353	1	0.3075
c13	1000	nopremask	frag	L636888	0	0.5148
c13	1000	nopremask	frag	L635118	0	1.0000
c13	1000	nopremask	frag	L649091	2	0.5968
c13	1000	nopremask	frag	L646751	0	1.0000
c13	1000	nopremask	frag	L639959	0	1.0000
c13	1000	nopremask	frag	L641936	0	0.2721
c13	1000	nopremask	frag	L644406	1	0.3592
c13	1000	nopremask	frag	L644497	0	0.4404
c13	1000	nopremask	frag	L642984	0	1.0000
c13	1000	nopremask	frag	L640160	0	1.0000
c13	1000	nopremask	frag	L652753	0	0.6460
c13	1000	pplacer	frag	L501837	1	0.4336
c13	1000	pplacer	frag	L636888	1	0.2992
c13	1000	pplacer	frag	L644497	1	0.7014
c13	1000	pplacer	frag	L642984	0	1.0000
c13	1000	pplacer	frag	L640160	0	1.0000
c13	1000	pplacer	frag	L626238	0	0.4229
c13	1000	pplacer	frag	L641936	2	0.2073
c13	1000	pplacer	frag	L614050	0	1.0000
c13	1000	pplacer	frag	L623278	2	0.5959
c13	1000	pplacer	frag	L617862	0	0.4007
c13	1000	pplacer	frag	L635118	0	1.0000
c13	1000	pplacer	frag	L626353	0	0.3665
c13	1000	pplacer	frag	L632457	0	0.7948
c13	1000	pplacer	frag	L639959	0	1.0000
c13	1000	pplacer	frag	L652753	1	0.4864
c13	1000	pplacer	frag	L649091	2	0.4139
c13	1000	pplacer	frag	L646751	0	1.0000
c13	1000	pplacer	frag	L644406	1	0.3052
c13	1000	pplacer	frag	L620966	2	0.2780
c13	1000	pplacer	full	L501837	1	0.5278
c13	1000	pplacer	full	L644497	1	0.6832
c13	1000	pplacer	full	L623278	0	1.0000
c13	1000	pplacer	full	L632457	0	1.0000
c13	1000	pplacer	full	L644406	0	0.9119
c13	1000	pplacer	full	L642984	0	1.0000
c13	1000	pplacer	full	L614050	0	1.0000
c13	1000	pplacer	full	L620966	0	1.0000
c13	1000	pplacer	full	L617862	1	0.4952
c13	1000	pplacer	full	L646751	0	1.0000
c13	1000	pplacer	full	L636888	0	1.0000
c13	1000	pplacer	full	L641936	0	0.8698
c13	1000	pplacer	full	L652753	0	0.9733
c13	1000	pplacer	full	L626353	0	1.0000
c13	1000	pplacer	full	L639959	0	1.0000
c13	1000	pplacer	full	L626238	0	1.0000
c13	1000	pplacer	full	L635118	0	1.0000
c13	1000	pplacer	full	L640160	0	1.0000
c13	1000	pplacer	full	L649091	1	1.0000
c13	1000	rs_off	frag	L501837	1	0.6712
c13	1000	rs_off	frag	L617862	1	0.3994
c13	1000	rs_off	frag	L614050	0	0.9998
c13	1000	rs_off	frag	L620966	5	0.3978
c13	1000	rs_off	frag	L632457	0	0.5687
c13	1000	rs_off	frag	L623278	0	0.2741
c13	1000	rs_off	frag	L626238	0	0.5555
c13	1000	rs_off	frag	L626353	0	0.4843
c13	1000	rs_off	frag	L636888	1	0.3166
c13	1000	rs_off	frag	L635118	0	1.0000
c13	1000	rs_off	frag	L649091	2	0.3858
c13	1000	rs_off	frag	L646751	0	1.0000
c13	1000	rs_off	frag	L639959	0	1.0000
c13	1000	rs_off	frag	L641936	1	0.1237
c13	1000	rs_off	frag	L644406	1	0.2726
c13	1000	rs_off	frag	L644497	1	0.3877
c13	1000	rs_off	frag	L642984	0	1.0000
c13	1000	rs_off	frag	L640160	0	1.0000
c13	1000	rs_off	frag	L652753	0	0.6240
c13	1000	rs_on	frag	L501837	1	1.0000
c13	1000	rs_on	frag	L617862	3	1.0000
c13	1000	rs_on	frag	L614050	0	1.0000
c13	1000	rs_on	frag	L620966	5	1.0000
c13	1000	rs_on	frag	L632457	2	1.0000
c13	1000	rs_on	frag	L623278	1	0.9999
c13	1000	rs_on	frag	L626238	1	1.0000
c13	1000	rs_on	frag	L626353	1	1.0000
c13	1000	rs_on	frag	L636888	1	0.9824
c13	1000	rs_on	frag	L635118	0	1.0000
c13	1000	rs_on	frag	L649091	3	1.0000
c13	1000	rs_on	frag	L646751	0	1.0000
c13	1000	rs_on	frag	L639959	0	1.0000
c13	1000	rs_on	frag	L641936	1	1.0000
c13	1000	rs_on	frag	L644406	1	1.0000
c13	1000	rs_on	frag	L644497	0	0.9979
c13	1000	rs_on	frag	L642984	0	1.0000
c13	1000	rs_on	frag	L640160	0	1.0000
c13	1000	rs_on	frag	L652753	0	1.0000
c13	1000	simd_rson	frag	L501837	1	1.0000
c13	1000	simd_rson	frag	L617862	3	1.0000
c13	1000	simd_rson	frag	L614050	0	1.0000
c13	1000	simd_rson	frag	L620966	5	1.0000
c13	1000	simd_rson	frag	L632457	2	1.0000
c13	1000	simd_rson	frag	L623278	1	0.9999
c13	1000	simd_rson	frag	L626238	1	1.0000
c13	1000	simd_rson	frag	L626353	1	1.0000
c13	1000	simd_rson	frag	L636888	1	0.9824
c13	1000	simd_rson	frag	L635118	0	1.0000
c13	1000	simd_rson	frag	L649091	3	1.0000
c13	1000	simd_rson	frag	L646751	0	1.0000
c13	1000	simd_rson	frag	L639959	0	1.0000
c13	1000	simd_rson	frag	L641936	1	1.0000
c13	1000	simd_rson	frag	L644406	1	1.0000
c13	1000	simd_rson	frag	L644497	0	0.9979
c13	1000	simd_rson	frag	L642984	0	1.0000
c13	1000	simd_rson	frag	L640160	0	1.0000
c13	1000	simd_rson	frag	L652753	0	1.0000
c13	2000	auto	frag	L501837	1	0.6353
c13	2000	auto	frag	L617862	0	0.3945
c13	2000	auto	frag	L614050	0	0.9996
c13	2000	auto	frag	L620966	5	0.3948
c13	2000	auto	frag	L632457	0	0.5642
c13	2000	auto	frag	L623278	0	0.2587
c13	2000	auto	frag	L626238	0	0.4713
c13	2000	auto	frag	L626353	0	0.4691
c13	2000	auto	frag	L636888	1	0.3172
c13	2000	auto	frag	L635118	0	1.0000
c13	2000	auto	frag	L649091	2	0.3779
c13	2000	auto	frag	L646751	0	1.0000
c13	2000	auto	frag	L639959	0	1.0000
c13	2000	auto	frag	L644406	1	0.2677
c13	2000	auto	frag	L641936	1	0.1594
c13	2000	auto	frag	L644497	1	0.3782
c13	2000	auto	frag	L642984	0	1.0000
c13	2000	auto	frag	L640160	0	1.0000
c13	2000	auto	frag	L652753	0	0.6290
c13	2000	auto	full	L501837	1	0.9045
c13	2000	auto	full	L617862	1	0.5614
c13	2000	auto	full	L614050	0	1.0000
c13	2000	auto	full	L620966	0	1.0000
c13	2000	auto	full	L632457	0	1.0000
c13	2000	auto	full	L623278	1	1.0000
c13	2000	auto	full	L626238	0	0.9952
c13	2000	auto	full	L626353	1	0.8937
c13	2000	auto	full	L636888	0	1.0000
c13	2000	auto	full	L635118	0	1.0000
c13	2000	auto	full	L649091	1	1.0000
c13	2000	auto	full	L646751	0	1.0000
c13	2000	auto	full	L639959	0	1.0000
c13	2000	auto	full	L644497	0	1.0000
c13	2000	auto	full	L644406	0	0.9846
c13	2000	auto	full	L641936	0	0.7282
c13	2000	auto	full	L642984	0	1.0000
c13	2000	auto	full	L640160	0	1.0000
c13	2000	auto	full	L652753	0	1.0000
c13	2000	diagcpu	frag	L501837	1	0.6353
c13	2000	diagcpu	frag	L617862	0	0.3945
c13	2000	diagcpu	frag	L614050	0	0.9996
c13	2000	diagcpu	frag	L620966	5	0.3948
c13	2000	diagcpu	frag	L632457	0	0.5642
c13	2000	diagcpu	frag	L623278	0	0.2587
c13	2000	diagcpu	frag	L626238	0	0.4713
c13	2000	diagcpu	frag	L626353	0	0.4691
c13	2000	diagcpu	frag	L636888	1	0.3172
c13	2000	diagcpu	frag	L635118	0	1.0000
c13	2000	diagcpu	frag	L649091	2	0.3779
c13	2000	diagcpu	frag	L646751	0	1.0000
c13	2000	diagcpu	frag	L639959	0	1.0000
c13	2000	diagcpu	frag	L644406	1	0.2677
c13	2000	diagcpu	frag	L641936	1	0.1594
c13	2000	diagcpu	frag	L644497	1	0.3782
c13	2000	diagcpu	frag	L642984	0	1.0000
c13	2000	diagcpu	frag	L640160	0	1.0000
c13	2000	diagcpu	frag	L652753	0	0.6290
c13	2000	fix	frag	L501837	1	0.6353
c13	2000	fix	frag	L617862	0	0.3945
c13	2000	fix	frag	L614050	0	0.9996
c13	2000	fix	frag	L620966	5	0.3948
c13	2000	fix	frag	L632457	0	0.5642
c13	2000	fix	frag	L623278	0	0.2587
c13	2000	fix	frag	L626238	0	0.4713
c13	2000	fix	frag	L626353	0	0.4691
c13	2000	fix	frag	L636888	1	0.3172
c13	2000	fix	frag	L635118	0	1.0000
c13	2000	fix	frag	L649091	2	0.3779
c13	2000	fix	frag	L646751	0	1.0000
c13	2000	fix	frag	L639959	0	1.0000
c13	2000	fix	frag	L644406	1	0.2677
c13	2000	fix	frag	L641936	1	0.1594
c13	2000	fix	frag	L644497	1	0.3782
c13	2000	fix	frag	L642984	0	1.0000
c13	2000	fix	frag	L640160	0	1.0000
c13	2000	fix	frag	L652753	0	0.6290
c13	2000	fix	full	L501837	1	0.9045
c13	2000	fix	full	L617862	1	0.5614
c13	2000	fix	full	L614050	0	1.0000
c13	2000	fix	full	L620966	0	1.0000
c13	2000	fix	full	L632457	0	1.0000
c13	2000	fix	full	L623278	1	1.0000
c13	2000	fix	full	L626238	0	0.9952
c13	2000	fix	full	L626353	1	0.8937
c13	2000	fix	full	L636888	0	1.0000
c13	2000	fix	full	L635118	0	1.0000
c13	2000	fix	full	L649091	1	1.0000
c13	2000	fix	full	L646751	0	1.0000
c13	2000	fix	full	L639959	0	1.0000
c13	2000	fix	full	L644497	0	1.0000
c13	2000	fix	full	L644406	0	0.9846
c13	2000	fix	full	L641936	0	0.7282
c13	2000	fix	full	L642984	0	1.0000
c13	2000	fix	full	L640160	0	1.0000
c13	2000	fix	full	L652753	0	1.0000
c13	2000	fix_noheur	frag	L501837	1	0.6279
c13	2000	fix_noheur	frag	L614050	0	0.9995
c13	2000	fix_noheur	frag	L617862	0	0.3944
c13	2000	fix_noheur	frag	L620966	5	0.3948
c13	2000	fix_noheur	frag	L623278	0	0.2587
c13	2000	fix_noheur	frag	L626238	0	0.4677
c13	2000	fix_noheur	frag	L626353	0	0.4688
c13	2000	fix_noheur	frag	L632457	0	0.5608
c13	2000	fix_noheur	frag	L635118	0	1.0000
c13	2000	fix_noheur	frag	L636888	1	0.3172
c13	2000	fix_noheur	frag	L639959	0	0.9998
c13	2000	fix_noheur	frag	L640160	0	1.0000
c13	2000	fix_noheur	frag	L641936	1	0.1594
c13	2000	fix_noheur	frag	L642984	0	1.0000
c13	2000	fix_noheur	frag	L644406	1	0.2676
c13	2000	fix_noheur	frag	L644497	1	0.3782
c13	2000	fix_noheur	frag	L646751	0	0.9976
c13	2000	fix_noheur	frag	L649091	2	0.3751
c13	2000	fix_noheur	frag	L652753	0	0.6286
c13	2000	fix_rson	frag	L501837	1	0.6353
c13	2000	fix_rson	frag	L617862	0	0.3945
c13	2000	fix_rson	frag	L614050	0	0.9996
c13	2000	fix_rson	frag	L620966	5	0.3948
c13	2000	fix_rson	frag	L632457	0	0.5642
c13	2000	fix_rson	frag	L623278	0	0.2587
c13	2000	fix_rson	frag	L626238	0	0.4713
c13	2000	fix_rson	frag	L626353	0	0.4691
c13	2000	fix_rson	frag	L636888	1	0.3172
c13	2000	fix_rson	frag	L635118	0	1.0000
c13	2000	fix_rson	frag	L649091	2	0.3779
c13	2000	fix_rson	frag	L646751	0	1.0000
c13	2000	fix_rson	frag	L639959	0	1.0000
c13	2000	fix_rson	frag	L644406	1	0.2677
c13	2000	fix_rson	frag	L641936	1	0.1594
c13	2000	fix_rson	frag	L644497	1	0.3782
c13	2000	fix_rson	frag	L642984	0	1.0000
c13	2000	fix_rson	frag	L640160	0	1.0000
c13	2000	fix_rson	frag	L652753	0	0.6290
c13	2000	noheur	frag	L501837	1	0.6279
c13	2000	noheur	frag	L614050	0	0.9995
c13	2000	noheur	frag	L617862	0	0.3944
c13	2000	noheur	frag	L620966	5	0.3948
c13	2000	noheur	frag	L623278	0	0.2587
c13	2000	noheur	frag	L626238	0	0.4677
c13	2000	noheur	frag	L626353	0	0.4688
c13	2000	noheur	frag	L632457	0	0.5608
c13	2000	noheur	frag	L635118	0	1.0000
c13	2000	noheur	frag	L636888	1	0.3172
c13	2000	noheur	frag	L639959	0	0.9998
c13	2000	noheur	frag	L640160	0	1.0000
c13	2000	noheur	frag	L641936	1	0.1594
c13	2000	noheur	frag	L642984	0	1.0000
c13	2000	noheur	frag	L644406	1	0.2676
c13	2000	noheur	frag	L644497	1	0.3782
c13	2000	noheur	frag	L646751	0	0.9976
c13	2000	noheur	frag	L649091	2	0.3751
c13	2000	noheur	frag	L652753	0	0.6286
c13	2000	nopremask	frag	L501837	1	0.5146
c13	2000	nopremask	frag	L617862	1	0.5851
c13	2000	nopremask	frag	L614050	0	0.9996
c13	2000	nopremask	frag	L620966	5	0.3023
c13	2000	nopremask	frag	L632457	0	0.5411
c13	2000	nopremask	frag	L623278	2	0.5899
c13	2000	nopremask	frag	L626238	1	0.3724
c13	2000	nopremask	frag	L626353	0	0.3111
c13	2000	nopremask	frag	L636888	0	0.4561
c13	2000	nopremask	frag	L635118	0	1.0000
c13	2000	nopremask	frag	L649091	2	0.5381
c13	2000	nopremask	frag	L646751	0	1.0000
c13	2000	nopremask	frag	L639959	0	1.0000
c13	2000	nopremask	frag	L644406	1	0.3296
c13	2000	nopremask	frag	L641936	0	0.3056
c13	2000	nopremask	frag	L644497	1	0.4159
c13	2000	nopremask	frag	L642984	0	1.0000
c13	2000	nopremask	frag	L640160	0	1.0000
c13	2000	nopremask	frag	L652753	0	0.5429
c13	2000	pplacer	frag	L501837	1	0.4431
c13	2000	pplacer	frag	L636888	1	0.2996
c13	2000	pplacer	frag	L644497	1	0.7012
c13	2000	pplacer	frag	L642984	0	1.0000
c13	2000	pplacer	frag	L640160	0	1.0000
c13	2000	pplacer	frag	L626238	0	0.4232
c13	2000	pplacer	frag	L641936	2	0.2075
c13	2000	pplacer	frag	L614050	0	1.0000
c13	2000	pplacer	frag	L623278	2	0.5956
c13	2000	pplacer	frag	L617862	0	0.4020
c13	2000	pplacer	frag	L635118	0	1.0000
c13	2000	pplacer	frag	L626353	0	0.3636
c13	2000	pplacer	frag	L632457	0	0.7961
c13	2000	pplacer	frag	L639959	0	1.0000
c13	2000	pplacer	frag	L652753	1	0.4830
c13	2000	pplacer	frag	L649091	2	0.4144
c13	2000	pplacer	frag	L646751	0	1.0000
c13	2000	pplacer	frag	L644406	1	0.3049
c13	2000	pplacer	frag	L620966	2	0.2756
c13	2000	pplacer	full	L501837	1	0.5285
c13	2000	pplacer	full	L644497	1	0.6808
c13	2000	pplacer	full	L623278	0	1.0000
c13	2000	pplacer	full	L632457	0	1.0000
c13	2000	pplacer	full	L644406	0	0.9107
c13	2000	pplacer	full	L642984	0	1.0000
c13	2000	pplacer	full	L614050	0	1.0000
c13	2000	pplacer	full	L620966	0	1.0000
c13	2000	pplacer	full	L617862	1	0.4885
c13	2000	pplacer	full	L646751	0	1.0000
c13	2000	pplacer	full	L636888	0	1.0000
c13	2000	pplacer	full	L641936	0	0.8732
c13	2000	pplacer	full	L652753	0	0.9738
c13	2000	pplacer	full	L626353	0	1.0000
c13	2000	pplacer	full	L639959	0	1.0000
c13	2000	pplacer	full	L626238	0	1.0000
c13	2000	pplacer	full	L635118	0	1.0000
c13	2000	pplacer	full	L640160	0	1.0000
c13	2000	pplacer	full	L649091	1	1.0000
c13	2000	rs_off	frag	L501837	1	0.6353
c13	2000	rs_off	frag	L617862	0	0.3945
c13	2000	rs_off	frag	L614050	0	0.9996
c13	2000	rs_off	frag	L620966	5	0.3948
c13	2000	rs_off	frag	L632457	0	0.5642
c13	2000	rs_off	frag	L623278	0	0.2587
c13	2000	rs_off	frag	L626238	0	0.4713
c13	2000	rs_off	frag	L626353	0	0.4691
c13	2000	rs_off	frag	L636888	1	0.3172
c13	2000	rs_off	frag	L635118	0	1.0000
c13	2000	rs_off	frag	L649091	2	0.3779
c13	2000	rs_off	frag	L646751	0	1.0000
c13	2000	rs_off	frag	L639959	0	1.0000
c13	2000	rs_off	frag	L644406	1	0.2677
c13	2000	rs_off	frag	L641936	1	0.1594
c13	2000	rs_off	frag	L644497	1	0.3782
c13	2000	rs_off	frag	L642984	0	1.0000
c13	2000	rs_off	frag	L640160	0	1.0000
c13	2000	rs_off	frag	L652753	0	0.6290
c13	2000	rs_on	frag	L501837	1	1.0000
c13	2000	rs_on	frag	L617862	0	0.7412
c13	2000	rs_on	frag	L614050	1	1.0000
c13	2000	rs_on	frag	L620966	6	1.0000
c13	2000	rs_on	frag	L632457	5	1.0000
c13	2000	rs_on	frag	L623278	2	1.0000
c13	2000	rs_on	frag	L626238	0	0.9998
c13	2000	rs_on	frag	L626353	3	1.0000
c13	2000	rs_on	frag	L636888	0	1.0000
c13	2000	rs_on	frag	L635118	0	1.0000
c13	2000	rs_on	frag	L649091	3	1.0000
c13	2000	rs_on	frag	L646751	0	1.0000
c13	2000	rs_on	frag	L639959	0	1.0000
c13	2000	rs_on	frag	L644406	4	1.0000
c13	2000	rs_on	frag	L641936	1	1.0000
c13	2000	rs_on	frag	L644497	1	1.0000
c13	2000	rs_on	frag	L642984	0	1.0000
c13	2000	rs_on	frag	L640160	0	1.0000
c13	2000	rs_on	frag	L652753	1	1.0000
c13	2000	simd_rson	frag	L501837	1	1.0000
c13	2000	simd_rson	frag	L617862	0	0.7412
c13	2000	simd_rson	frag	L614050	1	1.0000
c13	2000	simd_rson	frag	L620966	6	1.0000
c13	2000	simd_rson	frag	L632457	5	1.0000
c13	2000	simd_rson	frag	L623278	2	1.0000
c13	2000	simd_rson	frag	L626238	0	0.9998
c13	2000	simd_rson	frag	L626353	3	1.0000
c13	2000	simd_rson	frag	L636888	0	1.0000
c13	2000	simd_rson	frag	L635118	0	1.0000
c13	2000	simd_rson	frag	L649091	3	1.0000
c13	2000	simd_rson	frag	L646751	0	1.0000
c13	2000	simd_rson	frag	L639959	0	1.0000
c13	2000	simd_rson	frag	L644406	4	1.0000
c13	2000	simd_rson	frag	L641936	1	1.0000
c13	2000	simd_rson	frag	L644497	1	1.0000
c13	2000	simd_rson	frag	L642984	0	1.0000
c13	2000	simd_rson	frag	L640160	0	1.0000
c13	2000	simd_rson	frag	L652753	1	1.0000
c13	3000	auto	frag	L501837	1	1.0000
c13	3000	auto	frag	L617862	0	0.7757
c13	3000	auto	frag	L614050	0	1.0000
c13	3000	auto	frag	L620966	5	1.0000
c13	3000	auto	frag	L632457	3	0.7258
c13	3000	auto	frag	L623278	2	1.0000
c13	3000	auto	frag	L626238	3	1.0000
c13	3000	auto	frag	L626353	1	0.9786
c13	3000	auto	frag	L636888	2	1.0000
c13	3000	auto	frag	L635118	0	1.0000
c13	3000	auto	frag	L649091	1	1.0000
c13	3000	auto	frag	L646751	0	1.0000
c13	3000	auto	frag	L639959	0	1.0000
c13	3000	auto	frag	L641936	3	0.4699
c13	3000	auto	frag	L644406	5	0.9984
c13	3000	auto	frag	L644497	1	1.0000
c13	3000	auto	frag	L642984	0	1.0000
c13	3000	auto	frag	L640160	0	1.0000
c13	3000	auto	frag	L652753	1	1.0000
c13	3000	auto	full	L501837	1	0.8890
c13	3000	auto	full	L617862	1	0.5164
c13	3000	auto	full	L614050	0	1.0000
c13	3000	auto	full	L620966	0	1.0000
c13	3000	auto	full	L632457	0	1.0000
c13	3000	auto	full	L623278	1	1.0000
c13	3000	auto	full	L626238	0	0.9951
c13	3000	auto	full	L626353	1	0.9084
c13	3000	auto	full	L636888	0	1.0000
c13	3000	auto	full	L635118	0	1.0000
c13	3000	auto	full	L649091	1	1.0000
c13	3000	auto	full	L646751	0	1.0000
c13	3000	auto	full	L639959	0	1.0000
c13	3000	auto	full	L644497	0	1.0000
c13	3000	auto	full	L644406	0	0.9678
c13	3000	auto	full	L641936	0	0.7482
c13	3000	auto	full	L642984	0	1.0000
c13	3000	auto	full	L640160	0	1.0000
c13	3000	auto	full	L652753	0	1.0000
c13	3000	fix	frag	L501837	1	0.6444
c13	3000	fix	frag	L617862	0	0.3954
c13	3000	fix	frag	L614050	0	0.9998
c13	3000	fix	frag	L620966	5	0.3628
c13	3000	fix	frag	L632457	0	0.5816
c13	3000	fix	frag	L623278	1	0.2642
c13	3000	fix	frag	L626238	1	0.4507
c13	3000	fix	frag	L626353	0	0.4742
c13	3000	fix	frag	L636888	1	0.3171
c13	3000	fix	frag	L635118	0	1.0000
c13	3000	fix	frag	L649091	2	0.3662
c13	3000	fix	frag	L646751	0	1.0000
c13	3000	fix	frag	L639959	0	1.0000
c13	3000	fix	frag	L641936	1	0.1755
c13	3000	fix	frag	L644406	1	0.2713
c13	3000	fix	frag	L644497	1	0.3942
c13	3000	fix	frag	L642984	0	1.0000
c13	3000	fix	frag	L640160	0	1.0000
c13	3000	fix	frag	L652753	0	0.6273
c13	3000	fix	full	L501837	1	0.8890
c13	3000	fix	full	L617862	1	0.5164
c13	3000	fix	full	L614050	0	1.0000
c13	3000	fix	full	L620966	0	1.0000
c13	3000	fix	full	L632457	0	1.0000
c13	3000	fix	full	L623278	1	1.0000
c13	3000	fix	full	L626238	0	0.9951
c13	3000	fix	full	L626353	1	0.9084
c13	3000	fix	full	L636888	0	1.0000
c13	3000	fix	full	L635118	0	1.0000
c13	3000	fix	full	L649091	1	1.0000
c13	3000	fix	full	L646751	0	1.0000
c13	3000	fix	full	L639959	0	1.0000
c13	3000	fix	full	L644497	0	1.0000
c13	3000	fix	full	L644406	0	0.9678
c13	3000	fix	full	L641936	0	0.7482
c13	3000	fix	full	L642984	0	1.0000
c13	3000	fix	full	L640160	0	1.0000
c13	3000	fix	full	L652753	0	1.0000
c13	3000	fix_noheur	frag	L501837	1	0.6372
c13	3000	fix_noheur	frag	L614050	0	0.9998
c13	3000	fix_noheur	frag	L617862	0	0.3953
c13	3000	fix_noheur	frag	L620966	5	0.3616
c13	3000	fix_noheur	frag	L623278	1	0.2642
c13	3000	fix_noheur	frag	L626238	1	0.4477
c13	3000	fix_noheur	frag	L626353	0	0.4739
c13	3000	fix_noheur	frag	L632457	0	0.5783
c13	3000	fix_noheur	frag	L635118	0	1.0000
c13	3000	fix_noheur	frag	L636888	1	0.3171
c13	3000	fix_noheur	frag	L639959	0	0.9997
c13	3000	fix_noheur	frag	L640160	0	1.0000
c13	3000	fix_noheur	frag	L641936	1	0.1754
c13	3000	fix_noheur	frag	L642984	0	1.0000
c13	3000	fix_noheur	frag	L644406	1	0.2712
c13	3000	fix_noheur	frag	L644497	1	0.3942
c13	3000	fix_noheur	frag	L646751	0	0.9984
c13	3000	fix_noheur	frag	L649091	2	0.3629
c13	3000	fix_noheur	frag	L652753	0	0.6268
c13	3000	noheur	frag	L501837	9	1.0000
c13	3000	noheur	frag	L614050	13	1.0000
c13	3000	noheur	frag	L617862	14	1.0000
c13	3000	noheur	frag	L620966	18	1.0000
c13	3000	noheur	frag	L623278	19	1.0000
c13	3000	noheur	frag	L626238	18	1.0000
c13	3000	noheur	frag	L626353	20	1.0000
c13	3000	noheur	frag	L632457	15	1.0000
c13	3000	noheur	frag	L635118	0	1.0000
c13	3000	noheur	frag	L636888	12	1.0000
c13	3000	noheur	frag	L639959	15	1.0000
c13	3000	noheur	frag	L640160	16	1.0000
c13	3000	noheur	frag	L641936	24	1.0000
c13	3000	noheur	frag	L642984	24	1.0000
c13	3000	noheur	frag	L644406	22	1.0000
c13	3000	noheur	frag	L644497	23	1.0000
c13	3000	noheur	frag	L646751	14	1.0000
c13	3000	noheur	frag	L649091	13	1.0000
c13	3000	noheur	frag	L652753	14	1.0000
c13	3000	nopremask	frag	L501837	1	0.5332
c13	3000	nopremask	frag	L617862	1	0.5692
c13	3000	nopremask	frag	L614050	0	0.9998
c13	3000	nopremask	frag	L620966	5	0.2891
c13	3000	nopremask	frag	L632457	0	0.5378
c13	3000	nopremask	frag	L623278	2	0.6020
c13	3000	nopremask	frag	L626238	1	0.3690
c13	3000	nopremask	frag	L626353	0	0.3328
c13	3000	nopremask	frag	L636888	0	0.4158
c13	3000	nopremask	frag	L635118	0	1.0000
c13	3000	nopremask	frag	L649091	2	0.5079
c13	3000	nopremask	frag	L646751	0	1.0000
c13	3000	nopremask	frag	L639959	0	1.0000
c13	3000	nopremask	frag	L641936	0	0.3160
c13	3000	nopremask	frag	L644406	1	0.3236
c13	3000	nopremask	frag	L644497	1	0.4356
c13	3000	nopremask	frag	L642984	0	1.0000
c13	3000	nopremask	frag	L640160	0	1.0000
c13	3000	nopremask	frag	L652753	0	0.5276
c13	3000	pplacer	frag	L501837	1	0.4422
c13	3000	pplacer	frag	L636888	1	0.2995
c13	3000	pplacer	frag	L644497	1	0.7009
c13	3000	pplacer	frag	L642984	0	1.0000
c13	3000	pplacer	frag	L640160	0	1.0000
c13	3000	pplacer	frag	L626238	0	0.4233
c13	3000	pplacer	frag	L641936	2	0.2077
c13	3000	pplacer	frag	L614050	0	1.0000
c13	3000	pplacer	frag	L623278	2	0.5955
c13	3000	pplacer	frag	L617862	0	0.4023
c13	3000	pplacer	frag	L635118	0	1.0000
c13	3000	pplacer	frag	L626353	0	0.3636
c13	3000	pplacer	frag	L632457	0	0.7952
c13	3000	pplacer	frag	L639959	0	1.0000
c13	3000	pplacer	frag	L652753	1	0.4835
c13	3000	pplacer	frag	L649091	2	0.4136
c13	3000	pplacer	frag	L646751	0	1.0000
c13	3000	pplacer	frag	L644406	1	0.3048
c13	3000	pplacer	frag	L620966	2	0.2744
c13	3000	pplacer	full	L501837	1	0.5317
c13	3000	pplacer	full	L644497	1	0.6805
c13	3000	pplacer	full	L623278	0	1.0000
c13	3000	pplacer	full	L632457	0	1.0000
c13	3000	pplacer	full	L644406	0	0.9096
c13	3000	pplacer	full	L642984	0	1.0000
c13	3000	pplacer	full	L614050	0	1.0000
c13	3000	pplacer	full	L620966	0	1.0000
c13	3000	pplacer	full	L617862	1	0.4871
c13	3000	pplacer	full	L646751	0	1.0000
c13	3000	pplacer	full	L636888	0	1.0000
c13	3000	pplacer	full	L641936	0	0.8747
c13	3000	pplacer	full	L652753	0	0.9740
c13	3000	pplacer	full	L626353	0	1.0000
c13	3000	pplacer	full	L639959	0	1.0000
c13	3000	pplacer	full	L626238	0	1.0000
c13	3000	pplacer	full	L635118	0	1.0000
c13	3000	pplacer	full	L640160	0	1.0000
c13	3000	pplacer	full	L649091	1	1.0000
c13	3000	rs_off	frag	L501837	1	0.6444
c13	3000	rs_off	frag	L617862	0	0.3954
c13	3000	rs_off	frag	L614050	0	0.9998
c13	3000	rs_off	frag	L620966	5	0.3628
c13	3000	rs_off	frag	L632457	0	0.5816
c13	3000	rs_off	frag	L623278	1	0.2642
c13	3000	rs_off	frag	L626238	1	0.4507
c13	3000	rs_off	frag	L626353	0	0.4742
c13	3000	rs_off	frag	L636888	1	0.3171
c13	3000	rs_off	frag	L635118	0	1.0000
c13	3000	rs_off	frag	L649091	2	0.3662
c13	3000	rs_off	frag	L646751	0	1.0000
c13	3000	rs_off	frag	L639959	0	1.0000
c13	3000	rs_off	frag	L641936	1	0.1755
c13	3000	rs_off	frag	L644406	1	0.2713
c13	3000	rs_off	frag	L644497	1	0.3942
c13	3000	rs_off	frag	L642984	0	1.0000
c13	3000	rs_off	frag	L640160	0	1.0000
c13	3000	rs_off	frag	L652753	0	0.6273
c13	3000	rs_on	frag	L501837	1	1.0000
c13	3000	rs_on	frag	L617862	0	0.7757
c13	3000	rs_on	frag	L614050	0	1.0000
c13	3000	rs_on	frag	L620966	5	1.0000
c13	3000	rs_on	frag	L632457	3	0.7258
c13	3000	rs_on	frag	L623278	2	1.0000
c13	3000	rs_on	frag	L626238	3	1.0000
c13	3000	rs_on	frag	L626353	1	0.9786
c13	3000	rs_on	frag	L636888	2	1.0000
c13	3000	rs_on	frag	L635118	0	1.0000
c13	3000	rs_on	frag	L649091	1	1.0000
c13	3000	rs_on	frag	L646751	0	1.0000
c13	3000	rs_on	frag	L639959	0	1.0000
c13	3000	rs_on	frag	L641936	3	0.4699
c13	3000	rs_on	frag	L644406	5	0.9984
c13	3000	rs_on	frag	L644497	1	1.0000
c13	3000	rs_on	frag	L642984	0	1.0000
c13	3000	rs_on	frag	L640160	0	1.0000
c13	3000	rs_on	frag	L652753	1	1.0000
c13	3000	shift	frag	L501837	1	0.6444
c13	3000	shift	frag	L617862	0	0.3954
c13	3000	shift	frag	L614050	0	0.9998
c13	3000	shift	frag	L620966	5	0.3628
c13	3000	shift	frag	L632457	0	0.5816
c13	3000	shift	frag	L623278	1	0.2642
c13	3000	shift	frag	L626238	1	0.4507
c13	3000	shift	frag	L626353	0	0.4742
c13	3000	shift	frag	L636888	1	0.3171
c13	3000	shift	frag	L635118	0	1.0000
c13	3000	shift	frag	L649091	2	0.3662
c13	3000	shift	frag	L646751	0	1.0000
c13	3000	shift	frag	L639959	0	1.0000
c13	3000	shift	frag	L641936	1	0.1755
c13	3000	shift	frag	L644406	1	0.2713
c13	3000	shift	frag	L644497	1	0.3942
c13	3000	shift	frag	L642984	0	1.0000
c13	3000	shift	frag	L640160	0	1.0000
c13	3000	shift	frag	L652753	0	0.6273
c13	3000	simd	frag	L501837	1	1.0000
c13	3000	simd	frag	L617862	0	0.7757
c13	3000	simd	frag	L614050	0	1.0000
c13	3000	simd	frag	L620966	5	1.0000
c13	3000	simd	frag	L632457	3	0.7258
c13	3000	simd	frag	L623278	2	1.0000
c13	3000	simd	frag	L626238	3	1.0000
c13	3000	simd	frag	L626353	1	0.9786
c13	3000	simd	frag	L636888	2	1.0000
c13	3000	simd	frag	L635118	0	1.0000
c13	3000	simd	frag	L649091	1	1.0000
c13	3000	simd	frag	L646751	0	1.0000
c13	3000	simd	frag	L639959	0	1.0000
c13	3000	simd	frag	L641936	3	0.4699
c13	3000	simd	frag	L644406	5	0.9984
c13	3000	simd	frag	L644497	1	1.0000
c13	3000	simd	frag	L642984	0	1.0000
c13	3000	simd	frag	L640160	0	1.0000
c13	3000	simd	frag	L652753	1	1.0000
c13	3000	simd_rson	frag	L501837	1	1.0000
c13	3000	simd_rson	frag	L617862	0	0.7757
c13	3000	simd_rson	frag	L614050	0	1.0000
c13	3000	simd_rson	frag	L620966	5	1.0000
c13	3000	simd_rson	frag	L632457	3	0.7258
c13	3000	simd_rson	frag	L623278	2	1.0000
c13	3000	simd_rson	frag	L626238	3	1.0000
c13	3000	simd_rson	frag	L626353	1	0.9786
c13	3000	simd_rson	frag	L636888	2	1.0000
c13	3000	simd_rson	frag	L635118	0	1.0000
c13	3000	simd_rson	frag	L649091	1	1.0000
c13	3000	simd_rson	frag	L646751	0	1.0000
c13	3000	simd_rson	frag	L639959	0	1.0000
c13	3000	simd_rson	frag	L641936	3	0.4699
c13	3000	simd_rson	frag	L644406	5	0.9984
c13	3000	simd_rson	frag	L644497	1	1.0000
c13	3000	simd_rson	frag	L642984	0	1.0000
c13	3000	simd_rson	frag	L640160	0	1.0000
c13	3000	simd_rson	frag	L652753	1	1.0000
c13	500	auto	frag	L501837	1	0.4489
c13	500	auto	frag	L617862	1	0.4210
c13	500	auto	frag	L614050	0	0.9994
c13	500	auto	frag	L620966	5	0.2693
c13	500	auto	frag	L632457	0	0.5226
c13	500	auto	frag	L623278	1	0.2714
c13	500	auto	frag	L626238	0	0.5281
c13	500	auto	frag	L626353	0	0.5024
c13	500	auto	frag	L636888	1	0.3155
c13	500	auto	frag	L635118	0	1.0000
c13	500	auto	frag	L649091	1	0.3815
c13	500	auto	frag	L646751	0	1.0000
c13	500	auto	frag	L639959	0	1.0000
c13	500	auto	frag	L641936	1	0.1707
c13	500	auto	frag	L644406	1	0.2697
c13	500	auto	frag	L644497	1	0.4038
c13	500	auto	frag	L642984	0	1.0000
c13	500	auto	frag	L640160	0	1.0000
c13	500	auto	frag	L652753	0	0.6287
c13	500	auto	full	L501837	1	0.7203
c13	500	auto	full	L617862	1	0.5187
c13	500	auto	full	L614050	0	1.0000
c13	500	auto	full	L620966	0	1.0000
c13	500	auto	full	L632457	0	1.0000
c13	500	auto	full	L623278	1	1.0000
c13	500	auto	full	L626238	0	0.9931
c13	500	auto	full	L626353	1	0.5660
c13	500	auto	full	L636888	0	1.0000
c13	500	auto	full	L635118	0	1.0000
c13	500	auto	full	L649091	1	1.0000
c13	500	auto	full	L646751	0	1.0000
c13	500	auto	full	L639959	0	1.0000
c13	500	auto	full	L644497	0	1.0000
c13	500	auto	full	L644406	0	0.9852
c13	500	auto	full	L641936	0	0.8225
c13	500	auto	full	L642984	0	1.0000
c13	500	auto	full	L640160	0	1.0000
c13	500	auto	full	L652753	0	1.0000
c13	500	diagcpu	frag	L501837	1	0.4489
c13	500	diagcpu	frag	L617862	1	0.4210
c13	500	diagcpu	frag	L614050	0	0.9994
c13	500	diagcpu	frag	L620966	5	0.2693
c13	500	diagcpu	frag	L632457	0	0.5226
c13	500	diagcpu	frag	L623278	1	0.2714
c13	500	diagcpu	frag	L626238	0	0.5281
c13	500	diagcpu	frag	L626353	0	0.5024
c13	500	diagcpu	frag	L636888	1	0.3155
c13	500	diagcpu	frag	L635118	0	1.0000
c13	500	diagcpu	frag	L649091	1	0.3815
c13	500	diagcpu	frag	L646751	0	1.0000
c13	500	diagcpu	frag	L639959	0	1.0000
c13	500	diagcpu	frag	L641936	1	0.1707
c13	500	diagcpu	frag	L644406	1	0.2697
c13	500	diagcpu	frag	L644497	1	0.4038
c13	500	diagcpu	frag	L642984	0	1.0000
c13	500	diagcpu	frag	L640160	0	1.0000
c13	500	diagcpu	frag	L652753	0	0.6287
c13	500	fix	frag	L501837	1	0.4489
c13	500	fix	frag	L617862	1	0.4210
c13	500	fix	frag	L614050	0	0.9994
c13	500	fix	frag	L620966	5	0.2693
c13	500	fix	frag	L632457	0	0.5226
c13	500	fix	frag	L623278	1	0.2714
c13	500	fix	frag	L626238	0	0.5281
c13	500	fix	frag	L626353	0	0.5024
c13	500	fix	frag	L636888	1	0.3155
c13	500	fix	frag	L635118	0	1.0000
c13	500	fix	frag	L649091	1	0.3815
c13	500	fix	frag	L646751	0	1.0000
c13	500	fix	frag	L639959	0	1.0000
c13	500	fix	frag	L641936	1	0.1707
c13	500	fix	frag	L644406	1	0.2697
c13	500	fix	frag	L644497	1	0.4038
c13	500	fix	frag	L642984	0	1.0000
c13	500	fix	frag	L640160	0	1.0000
c13	500	fix	frag	L652753	0	0.6287
c13	500	fix	full	L501837	1	0.7203
c13	500	fix	full	L617862	1	0.5187
c13	500	fix	full	L614050	0	1.0000
c13	500	fix	full	L620966	0	1.0000
c13	500	fix	full	L632457	0	1.0000
c13	500	fix	full	L623278	1	1.0000
c13	500	fix	full	L626238	0	0.9931
c13	500	fix	full	L626353	1	0.5660
c13	500	fix	full	L636888	0	1.0000
c13	500	fix	full	L635118	0	1.0000
c13	500	fix	full	L649091	1	1.0000
c13	500	fix	full	L646751	0	1.0000
c13	500	fix	full	L639959	0	1.0000
c13	500	fix	full	L644497	0	1.0000
c13	500	fix	full	L644406	0	0.9852
c13	500	fix	full	L641936	0	0.8225
c13	500	fix	full	L642984	0	1.0000
c13	500	fix	full	L640160	0	1.0000
c13	500	fix	full	L652753	0	1.0000
c13	500	fix_rson	frag	L501837	1	0.4489
c13	500	fix_rson	frag	L617862	1	0.4210
c13	500	fix_rson	frag	L614050	0	0.9994
c13	500	fix_rson	frag	L620966	5	0.2693
c13	500	fix_rson	frag	L632457	0	0.5226
c13	500	fix_rson	frag	L623278	1	0.2714
c13	500	fix_rson	frag	L626238	0	0.5281
c13	500	fix_rson	frag	L626353	0	0.5024
c13	500	fix_rson	frag	L636888	1	0.3155
c13	500	fix_rson	frag	L635118	0	1.0000
c13	500	fix_rson	frag	L649091	1	0.3815
c13	500	fix_rson	frag	L646751	0	1.0000
c13	500	fix_rson	frag	L639959	0	1.0000
c13	500	fix_rson	frag	L641936	1	0.1707
c13	500	fix_rson	frag	L644406	1	0.2697
c13	500	fix_rson	frag	L644497	1	0.4038
c13	500	fix_rson	frag	L642984	0	1.0000
c13	500	fix_rson	frag	L640160	0	1.0000
c13	500	fix_rson	frag	L652753	0	0.6287
c13	500	noheur	frag	L501837	1	0.4488
c13	500	noheur	frag	L614050	0	0.9994
c13	500	noheur	frag	L617862	1	0.4209
c13	500	noheur	frag	L620966	5	0.2692
c13	500	noheur	frag	L623278	1	0.2714
c13	500	noheur	frag	L626238	0	0.5259
c13	500	noheur	frag	L626353	0	0.5020
c13	500	noheur	frag	L632457	0	0.5209
c13	500	noheur	frag	L635118	0	1.0000
c13	500	noheur	frag	L636888	1	0.3155
c13	500	noheur	frag	L639959	0	0.9993
c13	500	noheur	frag	L640160	0	1.0000
c13	500	noheur	frag	L641936	1	0.1706
c13	500	noheur	frag	L642984	0	1.0000
c13	500	noheur	frag	L644406	1	0.2696
c13	500	noheur	frag	L644497	1	0.4038
c13	500	noheur	frag	L646751	0	0.9953
c13	500	noheur	frag	L649091	1	0.3730
c13	500	noheur	frag	L652753	0	0.6281
c13	500	nopremask	frag	L501837	1	0.3419
c13	500	nopremask	frag	L617862	1	0.6048
c13	500	nopremask	frag	L614050	0	0.9995
c13	500	nopremask	frag	L620966	5	0.2105
c13	500	nopremask	frag	L632457	0	0.4180
c13	500	nopremask	frag	L623278	1	0.3729
c13	500	nopremask	frag	L626238	0	0.4218
c13	500	nopremask	frag	L626353	1	0.3055
c13	500	nopremask	frag	L636888	0	0.4820
c13	500	nopremask	frag	L635118	0	1.0000
c13	500	nopremask	frag	L649091	1	0.5570
c13	500	nopremask	frag	L646751	0	1.0000
c13	500	nopremask	frag	L639959	0	1.0000
c13	500	nopremask	frag	L641936	0	0.3527
c13	500	nopremask	frag	L644406	1	0.3480
c13	500	nopremask	frag	L644497	0	0.3905
c13	500	nopremask	frag	L642984	0	1.0000
c13	500	nopremask	frag	L640160	0	1.0000
c13	500	nopremask	frag	L652753	0	0.5664
c13	500	pplacer	frag	L501837	1	0.3029
c13	500	pplacer	frag	L636888	1	0.2988
c13	500	pplacer	frag	L644497	1	0.7016
c13	500	pplacer	frag	L642984	0	1.0000
c13	500	pplacer	frag	L640160	0	1.0000
c13	500	pplacer	frag	L626238	0	0.4221
c13	500	pplacer	frag	L641936	2	0.2068
c13	500	pplacer	frag	L614050	0	1.0000
c13	500	pplacer	frag	L623278	2	0.5954
c13	500	pplacer	frag	L617862	0	0.3991
c13	500	pplacer	frag	L635118	0	1.0000
c13	500	pplacer	frag	L626353	0	0.3693
c13	500	pplacer	frag	L632457	0	0.7941
c13	500	pplacer	frag	L639959	0	1.0000
c13	500	pplacer	frag	L652753	1	0.4907
c13	500	pplacer	frag	L649091	2	0.4156
c13	500	pplacer	frag	L646751	0	1.0000
c13	500	pplacer	frag	L644406	1	0.3052
c13	500	pplacer	frag	L620966	2	0.2798
c13	500	pplacer	full	L501837	1	0.4108
c13	500	pplacer	full	L644497	1	0.6848
c13	500	pplacer	full	L623278	0	1.0000
c13	500	pplacer	full	L632457	0	1.0000
c13	500	pplacer	full	L644406	0	0.9138
c13	500	pplacer	full	L642984	0	1.0000
c13	500	pplacer	full	L614050	0	1.0000
c13	500	pplacer	full	L620966	0	1.0000
c13	500	pplacer	full	L617862	1	0.5027
c13	500	pplacer	full	L646751	0	1.0000
c13	500	pplacer	full	L636888	0	1.0000
c13	500	pplacer	full	L641936	0	0.8654
c13	500	pplacer	full	L652753	0	0.9724
c13	500	pplacer	full	L626353	0	1.0000
c13	500	pplacer	full	L639959	0	1.0000
c13	500	pplacer	full	L626238	0	1.0000
c13	500	pplacer	full	L635118	0	1.0000
c13	500	pplacer	full	L640160	0	1.0000
c13	500	pplacer	full	L649091	1	1.0000
c13	500	rs_off	frag	L501837	1	0.4489
c13	500	rs_off	frag	L617862	1	0.4210
c13	500	rs_off	frag	L614050	0	0.9994
c13	500	rs_off	frag	L620966	5	0.2693
c13	500	rs_off	frag	L632457	0	0.5226
c13	500	rs_off	frag	L623278	1	0.2714
c13	500	rs_off	frag	L626238	0	0.5281
c13	500	rs_off	frag	L626353	0	0.5024
c13	500	rs_off	frag	L636888	1	0.3155
c13	500	rs_off	frag	L635118	0	1.0000
c13	500	rs_off	frag	L649091	1	0.3815
c13	500	rs_off	frag	L646751	0	1.0000
c13	500	rs_off	frag	L639959	0	1.0000
c13	500	rs_off	frag	L641936	1	0.1707
c13	500	rs_off	frag	L644406	1	0.2697
c13	500	rs_off	frag	L644497	1	0.4038
c13	500	rs_off	frag	L642984	0	1.0000
c13	500	rs_off	frag	L640160	0	1.0000
c13	500	rs_off	frag	L652753	0	0.6287
c13	500	rs_on	frag	L501837	1	0.8324
c13	500	rs_on	frag	L617862	0	1.0000
c13	500	rs_on	frag	L614050	1	1.0000
c13	500	rs_on	frag	L620966	3	1.0000
c13	500	rs_on	frag	L632457	2	1.0000
c13	500	rs_on	frag	L623278	1	1.0000
c13	500	rs_on	frag	L626238	2	1.0000
c13	500	rs_on	frag	L626353	0	1.0000
c13	500	rs_on	frag	L636888	1	1.0000
c13	500	rs_on	frag	L635118	0	1.0000
c13	500	rs_on	frag	L649091	2	0.9999
c13	500	rs_on	frag	L646751	0	1.0000
c13	500	rs_on	frag	L639959	0	1.0000
c13	500	rs_on	frag	L641936	2	1.0000
c13	500	rs_on	frag	L644406	7	1.0000
c13	500	rs_on	frag	L644497	2	1.0000
c13	500	rs_on	frag	L642984	0	1.0000
c13	500	rs_on	frag	L640160	0	1.0000
c13	500	rs_on	frag	L652753	0	1.0000
c13	500	simd_rson	frag	L501837	1	0.8324
c13	500	simd_rson	frag	L617862	0	1.0000
c13	500	simd_rson	frag	L614050	1	1.0000
c13	500	simd_rson	frag	L620966	3	1.0000
c13	500	simd_rson	frag	L632457	2	1.0000
c13	500	simd_rson	frag	L623278	1	1.0000
c13	500	simd_rson	frag	L626238	2	1.0000
c13	500	simd_rson	frag	L626353	0	1.0000
c13	500	simd_rson	frag	L636888	1	1.0000
c13	500	simd_rson	frag	L635118	0	1.0000
c13	500	simd_rson	frag	L649091	2	0.9999
c13	500	simd_rson	frag	L646751	0	1.0000
c13	500	simd_rson	frag	L639959	0	1.0000
c13	500	simd_rson	frag	L641936	2	1.0000
c13	500	simd_rson	frag	L644406	7	1.0000
c13	500	simd_rson	frag	L644497	2	1.0000
c13	500	simd_rson	frag	L642984	0	1.0000
c13	500	simd_rson	frag	L640160	0	1.0000
c13	500	simd_rson	frag	L652753	0	1.0000
c13	5000	auto	frag	L501837	1	1.0000
c13	5000	auto	frag	L617862	0	1.0000
c13	5000	auto	frag	L614050	3	0.9897
c13	5000	auto	frag	L620966	5	1.0000
c13	5000	auto	frag	L632457	2	1.0000
c13	5000	auto	frag	L623278	3	1.0000
c13	5000	auto	frag	L626238	1	1.0000
c13	5000	auto	frag	L626353	2	0.5016
c13	5000	auto	frag	L636888	2	1.0000
c13	5000	auto	frag	L635118	0	1.0000
c13	5000	auto	frag	L649091	3	0.8464
c13	5000	auto	frag	L646751	0	1.0000
c13	5000	auto	frag	L639959	0	1.0000
c13	5000	auto	frag	L644406	5	0.9998
c13	5000	auto	frag	L641936	4	1.0000
c13	5000	auto	frag	L644497	1	1.0000
c13	5000	auto	frag	L642984	0	1.0000
c13	5000	auto	frag	L640160	0	1.0000
c13	5000	auto	frag	L652753	1	0.5017
c13	5000	auto	full	L501837	1	1.0000
c13	5000	auto	full	L617862	1	0.5100
c13	5000	auto	full	L614050	0	1.0000
c13	5000	auto	full	L620966	0	1.0000
c13	5000	auto	full	L632457	0	1.0000
c13	5000	auto	full	L623278	1	1.0000
c13	5000	auto	full	L626238	0	0.9961
c13	5000	auto	full	L626353	1	0.9105
c13	5000	auto	full	L636888	0	1.0000
c13	5000	auto	full	L635118	0	1.0000
c13	5000	auto	full	L649091	1	1.0000
c13	5000	auto	full	L646751	0	1.0000
c13	5000	auto	full	L639959	0	1.0000
c13	5000	auto	full	L644497	0	1.0000
c13	5000	auto	full	L644406	0	0.9684
c13	5000	auto	full	L641936	0	0.6857
c13	5000	auto	full	L642984	0	1.0000
c13	5000	auto	full	L640160	0	1.0000
c13	5000	auto	full	L652753	0	1.0000
c13	5000	fix	frag	L501837	1	0.5610
c13	5000	fix	frag	L617862	0	0.3955
c13	5000	fix	frag	L614050	0	0.9998
c13	5000	fix	frag	L620966	5	0.3855
c13	5000	fix	frag	L632457	0	0.5800
c13	5000	fix	frag	L623278	1	0.2590
c13	5000	fix	frag	L626238	1	0.4648
c13	5000	fix	frag	L626353	0	0.4915
c13	5000	fix	frag	L636888	1	0.3170
c13	5000	fix	frag	L635118	0	1.0000
c13	5000	fix	frag	L649091	2	0.3415
c13	5000	fix	frag	L646751	0	1.0000
c13	5000	fix	frag	L639959	0	1.0000
c13	5000	fix	frag	L644406	1	0.2670
c13	5000	fix	frag	L641936	1	0.1211
c13	5000	fix	frag	L644497	1	0.7204
c13	5000	fix	frag	L642984	0	1.0000
c13	5000	fix	frag	L640160	0	1.0000
c13	5000	fix	frag	L652753	0	0.6226
c13	5000	fix	full	L501837	1	1.0000
c13	5000	fix	full	L617862	1	0.5100
c13	5000	fix	full	L614050	0	1.0000
c13	5000	fix	full	L620966	0	1.0000
c13	5000	fix	full	L632457	0	1.0000
c13	5000	fix	full	L623278	1	1.0000
c13	5000	fix	full	L626238	0	0.9961
c13	5000	fix	full	L626353	1	0.9105
c13	5000	fix	full	L636888	0	1.0000
c13	5000	fix	full	L635118	0	1.0000
c13	5000	fix	full	L649091	1	1.0000
c13	5000	fix	full	L646751	0	1.0000
c13	5000	fix	full	L639959	0	1.0000
c13	5000	fix	full	L644497	0	1.0000
c13	5000	fix	full	L644406	0	0.9684
c13	5000	fix	full	L641936	0	0.6857
c13	5000	fix	full	L642984	0	1.0000
c13	5000	fix	full	L640160	0	1.0000
c13	5000	fix	full	L652753	0	1.0000
c13	5000	fix_noheur	frag	L501837	1	0.5541
c13	5000	fix_noheur	frag	L614050	0	0.9997
c13	5000	fix_noheur	frag	L617862	0	0.3954
c13	5000	fix_noheur	frag	L620966	5	0.3854
c13	5000	fix_noheur	frag	L623278	1	0.2590
c13	5000	fix_noheur	frag	L626238	1	0.4629
c13	5000	fix_noheur	frag	L626353	0	0.4912
c13	5000	fix_noheur	frag	L632457	0	0.5769
c13	5000	fix_noheur	frag	L635118	0	1.0000
c13	5000	fix_noheur	frag	L636888	1	0.3170
c13	5000	fix_noheur	frag	L639959	0	0.9999
c13	5000	fix_noheur	frag	L640160	0	1.0000
c13	5000	fix_noheur	frag	L641936	1	0.1211
c13	5000	fix_noheur	frag	L642984	0	1.0000
c13	5000	fix_noheur	frag	L644406	1	0.2670
c13	5000	fix_noheur	frag	L644497	1	0.7204
c13	5000	fix_noheur	frag	L646751	0	0.9993
c13	5000	fix_noheur	frag	L649091	2	0.3364
c13	5000	fix_noheur	frag	L652753	0	0.6222
c13	5000	noheur	frag	L501837	5	0.9868
c13	5000	noheur	frag	L614050	17	1.0000
c13	5000	noheur	frag	L617862	14	1.0000
c13	5000	noheur	frag	L620966	22	0.9913
c13	5000	noheur	frag	L623278	20	1.0000
c13	5000	noheur	frag	L626238	18	1.0000
c13	5000	noheur	frag	L626353	20	1.0000
c13	5000	noheur	frag	L632457	15	1.0000
c13	5000	noheur	frag	L635118	0	1.0000
c13	5000	noheur	frag	L636888	13	1.0000
c13	5000	noheur	frag	L639959	15	1.0000
c13	5000	noheur	frag	L640160	16	1.0000
c13	5000	noheur	frag	L641936	21	1.0000
c13	5000	noheur	frag	L642984	24	1.0000
c13	5000	noheur	frag	L644406	22	1.0000
c13	5000	noheur	frag	L644497	21	1.0000
c13	5000	noheur	frag	L646751	16	1.0000
c13	5000	noheur	frag	L649091	15	1.0000
c13	5000	noheur	frag	L652753	14	1.0000
c13	5000	nopremask	frag	L501837	1	0.4415
c13	5000	nopremask	frag	L617862	1	0.4047
c13	5000	nopremask	frag	L614050	0	0.9998
c13	5000	nopremask	frag	L620966	5	0.3395
c13	5000	nopremask	frag	L632457	0	0.6170
c13	5000	nopremask	frag	L623278	2	0.6131
c13	5000	nopremask	frag	L626238	1	0.3725
c13	5000	nopremask	frag	L626353	0	0.4052
c13	5000	nopremask	frag	L636888	0	0.3762
c13	5000	nopremask	frag	L635118	0	1.0000
c13	5000	nopremask	frag	L649091	1	0.4195
c13	5000	nopremask	frag	L646751	0	1.0000
c13	5000	nopremask	frag	L639959	0	1.0000
c13	5000	nopremask	frag	L644406	1	0.2698
c13	5000	nopremask	frag	L641936	0	0.2183
c13	5000	nopremask	frag	L644497	1	0.7718
c13	5000	nopremask	frag	L642984	0	1.0000
c13	5000	nopremask	frag	L640160	0	1.0000
c13	5000	nopremask	frag	L652753	0	0.4665
c13	5000	pplacer	frag	L501837	1	0.4432
c13	5000	pplacer	frag	L636888	1	0.2992
c13	5000	pplacer	frag	L644497	1	0.7008
c13	5000	pplacer	frag	L642984	0	1.0000
c13	5000	pplacer	frag	L640160	0	1.0000
c13	5000	pplacer	frag	L626238	0	0.4239
c13	5000	pplacer	frag	L641936	2	0.2080
c13	5000	pplacer	frag	L614050	0	1.0000
c13	5000	pplacer	frag	L623278	2	0.5964
c13	5000	pplacer	frag	L617862	0	0.4025
c13	5000	pplacer	frag	L635118	0	1.0000
c13	5000	pplacer	frag	L626353	0	0.3645
c13	5000	pplacer	frag	L632457	0	0.7934
c13	5000	pplacer	frag	L639959	0	1.0000
c13	5000	pplacer	frag	L652753	1	0.4858
c13	5000	pplacer	frag	L649091	2	0.4120
c13	5000	pplacer	frag	L646751	0	1.0000
c13	5000	pplacer	frag	L644406	1	0.3052
c13	5000	pplacer	frag	L620966	2	0.2729
c13	5000	pplacer	full	L501837	1	0.5260
c13	5000	pplacer	full	L644497	1	0.6817
c13	5000	pplacer	full	L623278	0	1.0000
c13	5000	pplacer	full	L632457	0	1.0000
c13	5000	pplacer	full	L644406	0	0.9080
c13	5000	pplacer	full	L642984	0	1.0000
c13	5000	pplacer	full	L614050	0	1.0000
c13	5000	pplacer	full	L620966	0	1.0000
c13	5000	pplacer	full	L617862	0	0.4872
c13	5000	pplacer	full	L646751	0	1.0000
c13	5000	pplacer	full	L636888	0	1.0000
c13	5000	pplacer	full	L641936	0	0.8773
c13	5000	pplacer	full	L652753	0	0.9739
c13	5000	pplacer	full	L626353	0	1.0000
c13	5000	pplacer	full	L639959	0	1.0000
c13	5000	pplacer	full	L626238	0	1.0000
c13	5000	pplacer	full	L635118	0	1.0000
c13	5000	pplacer	full	L640160	0	1.0000
c13	5000	pplacer	full	L649091	1	1.0000
c13	5000	rs_on	frag	L501837	1	1.0000
c13	5000	rs_on	frag	L617862	0	1.0000
c13	5000	rs_on	frag	L614050	3	0.9897
c13	5000	rs_on	frag	L620966	5	1.0000
c13	5000	rs_on	frag	L632457	2	1.0000
c13	5000	rs_on	frag	L623278	3	1.0000
c13	5000	rs_on	frag	L626238	1	1.0000
c13	5000	rs_on	frag	L626353	2	0.5016
c13	5000	rs_on	frag	L636888	2	1.0000
c13	5000	rs_on	frag	L635118	0	1.0000
c13	5000	rs_on	frag	L649091	3	0.8464
c13	5000	rs_on	frag	L646751	0	1.0000
c13	5000	rs_on	frag	L639959	0	1.0000
c13	5000	rs_on	frag	L644406	5	0.9998
c13	5000	rs_on	frag	L641936	4	1.0000
c13	5000	rs_on	frag	L644497	1	1.0000
c13	5000	rs_on	frag	L642984	0	1.0000
c13	5000	rs_on	frag	L640160	0	1.0000
c13	5000	rs_on	frag	L652753	1	0.5017
c13	5000	shift	frag	L501837	1	0.5610
c13	5000	shift	frag	L617862	0	0.3955
c13	5000	shift	frag	L614050	0	0.9998
c13	5000	shift	frag	L620966	5	0.3855
c13	5000	shift	frag	L632457	0	0.5800
c13	5000	shift	frag	L623278	1	0.2590
c13	5000	shift	frag	L626238	1	0.4648
c13	5000	shift	frag	L626353	0	0.4915
c13	5000	shift	frag	L636888	1	0.3170
c13	5000	shift	frag	L635118	0	1.0000
c13	5000	shift	frag	L649091	2	0.3415
c13	5000	shift	frag	L646751	0	1.0000
c13	5000	shift	frag	L639959	0	1.0000
c13	5000	shift	frag	L644406	1	0.2670
c13	5000	shift	frag	L641936	1	0.1211
c13	5000	shift	frag	L644497	1	0.7204
c13	5000	shift	frag	L642984	0	1.0000
c13	5000	shift	frag	L640160	0	1.0000
c13	5000	shift	frag	L652753	0	0.6226
c13	5000	simd	frag	L501837	1	1.0000
c13	5000	simd	frag	L617862	0	1.0000
c13	5000	simd	frag	L614050	3	0.9897
c13	5000	simd	frag	L620966	5	1.0000
c13	5000	simd	frag	L632457	2	1.0000
c13	5000	simd	frag	L623278	3	1.0000
c13	5000	simd	frag	L626238	1	1.0000
c13	5000	simd	frag	L626353	2	0.5016
c13	5000	simd	frag	L636888	2	1.0000
c13	5000	simd	frag	L635118	0	1.0000
c13	5000	simd	frag	L649091	3	0.8464
c13	5000	simd	frag	L646751	0	1.0000
c13	5000	simd	frag	L639959	0	1.0000
c13	5000	simd	frag	L644406	5	0.9998
c13	5000	simd	frag	L641936	4	1.0000
c13	5000	simd	frag	L644497	1	1.0000
c13	5000	simd	frag	L642984	0	1.0000
c13	5000	simd	frag	L640160	0	1.0000
c13	5000	simd	frag	L652753	1	0.5017
c14	1000	auto	frag	L570772	1	0.2240
c14	1000	auto	frag	L568989	0	1.0000
c14	1000	auto	frag	L584866	0	0.4789
c14	1000	auto	frag	L586948	0	0.3974
c14	1000	auto	frag	L590205	0	0.8831
c14	1000	auto	frag	L589777	1	0.2628
c14	1000	auto	frag	L589868	0	0.3146
c14	1000	auto	frag	L572521	0	0.4396
c14	1000	auto	frag	L578197	1	0.9904
c14	1000	auto	frag	L577507	0	0.6560
c14	1000	auto	frag	L599511	2	0.2982
c14	1000	auto	full	L568989	0	1.0000
c14	1000	auto	full	L584866	0	1.0000
c14	1000	auto	full	L586948	1	0.8837
c14	1000	auto	full	L590205	0	1.0000
c14	1000	auto	full	L589868	0	1.0000
c14	1000	auto	full	L589777	1	1.0000
c14	1000	auto	full	L570772	0	1.0000
c14	1000	auto	full	L572521	0	1.0000
c14	1000	auto	full	L577507	0	1.0000
c14	1000	auto	full	L578197	1	0.5582
c14	1000	auto	full	L599511	0	1.0000
c14	1000	diagcpu	frag	L570772	1	0.2240
c14	1000	diagcpu	frag	L568989	0	1.0000
c14	1000	diagcpu	frag	L584866	0	0.4789
c14	1000	diagcpu	frag	L586948	0	0.3974
c14	1000	diagcpu	frag	L590205	0	0.8831
c14	1000	diagcpu	frag	L589777	1	0.2628
c14	1000	diagcpu	frag	L589868	0	0.3146
c14	1000	diagcpu	frag	L572521	0	0.4396
c14	1000	diagcpu	frag	L578197	1	0.9904
c14	1000	diagcpu	frag	L577507	0	0.6560
c14	1000	diagcpu	frag	L599511	2	0.2982
c14	1000	fix	frag	L570772	1	0.2240
c14	1000	fix	frag	L568989	0	1.0000
c14	1000	fix	frag	L584866	0	0.4789
c14	1000	fix	frag	L586948	0	0.3974
c14	1000	fix	frag	L590205	0	0.8831
c14	1000	fix	frag	L589777	1	0.2628
c14	1000	fix	frag	L589868	0	0.3146
c14	1000	fix	frag	L572521	0	0.4396
c14	1000	fix	frag	L578197	1	0.9904
c14	1000	fix	frag	L577507	0	0.6560
c14	1000	fix	frag	L599511	2	0.2982
c14	1000	fix	full	L568989	0	1.0000
c14	1000	fix	full	L584866	0	1.0000
c14	1000	fix	full	L586948	1	0.8837
c14	1000	fix	full	L590205	0	1.0000
c14	1000	fix	full	L589868	0	1.0000
c14	1000	fix	full	L589777	1	1.0000
c14	1000	fix	full	L570772	0	1.0000
c14	1000	fix	full	L572521	0	1.0000
c14	1000	fix	full	L577507	0	1.0000
c14	1000	fix	full	L578197	1	0.5582
c14	1000	fix	full	L599511	0	1.0000
c14	1000	fix_rson	frag	L570772	1	0.2240
c14	1000	fix_rson	frag	L568989	0	1.0000
c14	1000	fix_rson	frag	L584866	0	0.4789
c14	1000	fix_rson	frag	L586948	0	0.3974
c14	1000	fix_rson	frag	L590205	0	0.8831
c14	1000	fix_rson	frag	L589777	1	0.2628
c14	1000	fix_rson	frag	L589868	0	0.3146
c14	1000	fix_rson	frag	L572521	0	0.4396
c14	1000	fix_rson	frag	L578197	1	0.9904
c14	1000	fix_rson	frag	L577507	0	0.6560
c14	1000	fix_rson	frag	L599511	2	0.2982
c14	1000	noheur	frag	L568989	0	0.9848
c14	1000	noheur	frag	L570772	1	0.2232
c14	1000	noheur	frag	L572521	0	0.4396
c14	1000	noheur	frag	L577507	0	0.6558
c14	1000	noheur	frag	L578197	1	0.9893
c14	1000	noheur	frag	L584866	0	0.4772
c14	1000	noheur	frag	L586948	0	0.3974
c14	1000	noheur	frag	L589777	1	0.2579
c14	1000	noheur	frag	L589868	0	0.2527
c14	1000	noheur	frag	L590205	0	0.8831
c14	1000	noheur	frag	L599511	2	0.2982
c14	1000	nopremask	frag	L570772	1	0.3895
c14	1000	nopremask	frag	L568989	0	1.0000
c14	1000	nopremask	frag	L584866	0	0.4948
c14	1000	nopremask	frag	L586948	1	0.2972
c14	1000	nopremask	frag	L590205	0	0.8853
c14	1000	nopremask	frag	L589777	1	0.4135
c14	1000	nopremask	frag	L589868	0	0.3520
c14	1000	nopremask	frag	L572521	1	0.4759
c14	1000	nopremask	frag	L578197	1	0.9924
c14	1000	nopremask	frag	L577507	2	0.6182
c14	1000	nopremask	frag	L599511	2	0.2540
c14	1000	pplacer	frag	L578197	1	1.0000
c14	1000	pplacer	frag	L589868	0	0.4472
c14	1000	pplacer	frag	L584866	0	0.6893
c14	1000	pplacer	frag	L568989	0	0.9878
c14	1000	pplacer	frag	L577507	0	0.5268
c14	1000	pplacer	frag	L590205	0	0.7936
c14	1000	pplacer	frag	L570772	1	0.2716
c14	1000	pplacer	frag	L589777	1	0.2890
c14	1000	pplacer	frag	L586948	0	0.3049
c14	1000	pplacer	frag	L572521	0	0.4881
c14	1000	pplacer	frag	L599511	2	0.2628
c14	1000	pplacer	full	L572521	0	1.0000
c14	1000	pplacer	full	L568989	0	1.0000
c14	1000	pplacer	full	L589777	0	0.9638
c14	1000	pplacer	full	L577507	0	1.0000
c14	1000	pplacer	full	L590205	0	1.0000
c14	1000	pplacer	full	L599511	0	1.0000
c14	1000	pplacer	full	L570772	0	1.0000
c14	1000	pplacer	full	L578197	1	0.6992
c14	1000	pplacer	full	L589868	0	1.0000
c14	1000	pplacer	full	L586948	1	0.6391
c14	1000	pplacer	full	L584866	0	1.0000
c14	1000	rs_off	frag	L570772	1	0.2240
c14	1000	rs_off	frag	L568989	0	1.0000
c14	1000	rs_off	frag	L584866	0	0.4789
c14	1000	rs_off	frag	L586948	0	0.3974
c14	1000	rs_off	frag	L590205	0	0.8831
c14	1000	rs_off	frag	L589777	1	0.2628
c14	1000	rs_off	frag	L589868	0	0.3146
c14	1000	rs_off	frag	L572521	0	0.4396
c14	1000	rs_off	frag	L578197	1	0.9904
c14	1000	rs_off	frag	L577507	0	0.6560
c14	1000	rs_off	frag	L599511	2	0.2982
c14	1000	rs_on	frag	L570772	4	1.0000
c14	1000	rs_on	frag	L568989	0	1.0000
c14	1000	rs_on	frag	L584866	2	1.0000
c14	1000	rs_on	frag	L586948	1	1.0000
c14	1000	rs_on	frag	L590205	0	1.0000
c14	1000	rs_on	frag	L589777	2	1.0000
c14	1000	rs_on	frag	L589868	1	1.0000
c14	1000	rs_on	frag	L572521	1	1.0000
c14	1000	rs_on	frag	L578197	3	1.0000
c14	1000	rs_on	frag	L577507	0	0.6560
c14	1000	rs_on	frag	L599511	2	0.7477
c14	1000	simd_rson	frag	L570772	4	1.0000
c14	1000	simd_rson	frag	L568989	0	1.0000
c14	1000	simd_rson	frag	L584866	2	1.0000
c14	1000	simd_rson	frag	L586948	1	1.0000
c14	1000	simd_rson	frag	L590205	0	1.0000
c14	1000	simd_rson	frag	L589777	2	1.0000
c14	1000	simd_rson	frag	L589868	1	1.0000
c14	1000	simd_rson	frag	L572521	1	1.0000
c14	1000	simd_rson	frag	L578197	3	1.0000
c14	1000	simd_rson	frag	L577507	0	0.6560
c14	1000	simd_rson	frag	L599511	2	0.7477
c14	2000	auto	frag	L570772	1	0.2256
c14	2000	auto	frag	L568989	0	1.0000
c14	2000	auto	frag	L584866	0	0.4833
c14	2000	auto	frag	L586948	0	0.3949
c14	2000	auto	frag	L590205	0	0.8779
c14	2000	auto	frag	L589777	1	0.2622
c14	2000	auto	frag	L589868	0	0.2896
c14	2000	auto	frag	L572521	0	0.4391
c14	2000	auto	frag	L578197	1	0.9902
c14	2000	auto	frag	L577507	2	0.5311
c14	2000	auto	frag	L599511	2	0.2965
c14	2000	auto	full	L568989	0	1.0000
c14	2000	auto	full	L584866	0	1.0000
c14	2000	auto	full	L586948	1	0.8998
c14	2000	auto	full	L590205	0	1.0000
c14	2000	auto	full	L589868	0	1.0000
c14	2000	auto	full	L589777	1	1.0000
c14	2000	auto	full	L570772	0	1.0000
c14	2000	auto	full	L572521	0	1.0000
c14	2000	auto	full	L577507	0	1.0000
c14	2000	auto	full	L578197	1	0.5657
c14	2000	auto	full	L599511	0	1.0000
c14	2000	diagcpu	frag	L570772	1	0.2256
c14	2000	diagcpu	frag	L568989	0	1.0000
c14	2000	diagcpu	frag	L584866	0	0.4833
c14	2000	diagcpu	frag	L586948	0	0.3949
c14	2000	diagcpu	frag	L590205	0	0.8779
c14	2000	diagcpu	frag	L589777	1	0.2622
c14	2000	diagcpu	frag	L589868	0	0.2896
c14	2000	diagcpu	frag	L572521	0	0.4391
c14	2000	diagcpu	frag	L578197	1	0.9902
c14	2000	diagcpu	frag	L577507	2	0.5311
c14	2000	diagcpu	frag	L599511	2	0.2965
c14	2000	fix	frag	L570772	1	0.2256
c14	2000	fix	frag	L568989	0	1.0000
c14	2000	fix	frag	L584866	0	0.4833
c14	2000	fix	frag	L586948	0	0.3949
c14	2000	fix	frag	L590205	0	0.8779
c14	2000	fix	frag	L589777	1	0.2622
c14	2000	fix	frag	L589868	0	0.2896
c14	2000	fix	frag	L572521	0	0.4391
c14	2000	fix	frag	L578197	1	0.9902
c14	2000	fix	frag	L577507	2	0.5311
c14	2000	fix	frag	L599511	2	0.2965
c14	2000	fix	full	L568989	0	1.0000
c14	2000	fix	full	L584866	0	1.0000
c14	2000	fix	full	L586948	1	0.8998
c14	2000	fix	full	L590205	0	1.0000
c14	2000	fix	full	L589868	0	1.0000
c14	2000	fix	full	L589777	1	1.0000
c14	2000	fix	full	L570772	0	1.0000
c14	2000	fix	full	L572521	0	1.0000
c14	2000	fix	full	L577507	0	1.0000
c14	2000	fix	full	L578197	1	0.5657
c14	2000	fix	full	L599511	0	1.0000
c14	2000	fix_noheur	frag	L568989	0	0.9759
c14	2000	fix_noheur	frag	L570772	1	0.2248
c14	2000	fix_noheur	frag	L572521	0	0.4391
c14	2000	fix_noheur	frag	L577507	2	0.5308
c14	2000	fix_noheur	frag	L578197	1	0.9890
c14	2000	fix_noheur	frag	L584866	0	0.4818
c14	2000	fix_noheur	frag	L586948	0	0.3949
c14	2000	fix_noheur	frag	L589777	1	0.2573
c14	2000	fix_noheur	frag	L589868	0	0.2896
c14	2000	fix_noheur	frag	L590205	0	0.8778
c14	2000	fix_noheur	frag	L599511	2	0.2965
c14	2000	fix_rson	frag	L570772	1	0.2256
c14	2000	fix_rson	frag	L568989	0	1.0000
c14	2000	fix_rson	frag	L584866	0	0.4833
c14	2000	fix_rson	frag	L586948	0	0.3949
c14	2000	fix_rson	frag	L590205	0	0.8779
c14	2000	fix_rson	frag	L589777	1	0.2622
c14	2000	fix_rson	frag	L589868	0	0.2896
c14	2000	fix_rson	frag	L572521	0	0.4391
c14	2000	fix_rson	frag	L578197	1	0.9902
c14	2000	fix_rson	frag	L577507	2	0.5311
c14	2000	fix_rson	frag	L599511	2	0.2965
c14	2000	noheur	frag	L568989	0	0.9759
c14	2000	noheur	frag	L570772	1	0.2248
c14	2000	noheur	frag	L572521	0	0.4391
c14	2000	noheur	frag	L577507	2	0.5308
c14	2000	noheur	frag	L578197	1	0.9890
c14	2000	noheur	frag	L584866	0	0.4818
c14	2000	noheur	frag	L586948	0	0.3949
c14	2000	noheur	frag	L589777	1	0.2573
c14	2000	noheur	frag	L589868	0	0.2896
c14	2000	noheur	frag	L590205	0	0.8778
c14	2000	noheur	frag	L599511	2	0.2965
c14	2000	nopremask	frag	L570772	1	0.3661
c14	2000	nopremask	frag	L568989	0	1.0000
c14	2000	nopremask	frag	L584866	0	0.4787
c14	2000	nopremask	frag	L586948	0	0.2993
c14	2000	nopremask	frag	L590205	0	0.8630
c14	2000	nopremask	frag	L589777	1	0.3966
c14	2000	nopremask	frag	L589868	0	0.3449
c14	2000	nopremask	frag	L572521	1	0.4417
c14	2000	nopremask	frag	L578197	1	0.9919
c14	2000	nopremask	frag	L577507	2	0.7557
c14	2000	nopremask	frag	L599511	2	0.2256
c14	2000	pplacer	frag	L578197	1	1.0000
c14	2000	pplacer	frag	L589868	0	0.4466
c14	2000	pplacer	frag	L584866	0	0.6949
c14	2000	pplacer	frag	L568989	0	0.9873
c14	2000	pplacer	frag	L577507	0	0.5246
c14	2000	pplacer	frag	L590205	0	0.7961
c14	2000	pplacer	frag	L570772	1	0.2710
c14	2000	pplacer	frag	L589777	1	0.2899
c14	2000	pplacer	frag	L586948	0	0.3063
c14	2000	pplacer	frag	L572521	0	0.4879
c14	2000	pplacer	frag	L599511	2	0.2633
c14	2000	pplacer	full	L572521	0	1.0000
c14	2000	pplacer	full	L568989	0	1.0000
c14	2000	pplacer	full	L589777	0	0.9643
c14	2000	pplacer	full	L577507	0	1.0000
c14	2000	pplacer	full	L590205	0	1.0000
c14	2000	pplacer	full	L599511	0	1.0000
c14	2000	pplacer	full	L570772	0	1.0000
c14	2000	pplacer	full	L578197	1	0.7057
c14	2000	pplacer	full	L589868	0	1.0000
c14	2000	pplacer	full	L586948	1	0.6427
c14	2000	pplacer	full	L584866	0	1.0000
c14	2000	rs_off	frag	L570772	1	0.2256
c14	2000	rs_off	frag	L568989	0	1.0000
c14	2000	rs_off	frag	L584866	0	0.4833
c14	2000	rs_off	frag	L586948	0	0.3949
c14	2000	rs_off	frag	L590205	0	0.8779
c14	2000	rs_off	frag	L589777	1	0.2622
c14	2000	rs_off	frag	L589868	0	0.2896
c14	2000	rs_off	frag	L572521	0	0.4391
c14	2000	rs_off	frag	L578197	1	0.9902
c14	2000	rs_off	frag	L577507	2	0.5311
c14	2000	rs_off	frag	L599511	2	0.2965
c14	2000	rs_on	frag	L570772	4	1.0000
c14	2000	rs_on	frag	L568989	0	1.0000
c14	2000	rs_on	frag	L584866	3	1.0000
c14	2000	rs_on	frag	L586948	1	1.0000
c14	2000	rs_on	frag	L590205	0	1.0000
c14	2000	rs_on	frag	L589777	3	1.0000
c14	2000	rs_on	frag	L589868	0	1.0000
c14	2000	rs_on	frag	L572521	0	1.0000
c14	2000	rs_on	frag	L578197	1	0.9989
c14	2000	rs_on	frag	L577507	2	0.5311
c14	2000	rs_on	frag	L599511	1	1.0000
c14	2000	simd_rson	frag	L570772	4	1.0000
c14	2000	simd_rson	frag	L568989	0	1.0000
c14	2000	simd_rson	frag	L584866	3	1.0000
c14	2000	simd_rson	frag	L586948	1	1.0000
c14	2000	simd_rson	frag	L590205	0	1.0000
c14	2000	simd_rson	frag	L589777	3	1.0000
c14	2000	simd_rson	frag	L589868	0	1.0000
c14	2000	simd_rson	frag	L572521	0	1.0000
c14	2000	simd_rson	frag	L578197	1	0.9989
c14	2000	simd_rson	frag	L577507	2	0.5311
c14	2000	simd_rson	frag	L599511	1	1.0000
c14	3000	auto	frag	L570772	4	1.0000
c14	3000	auto	frag	L568989	0	1.0000
c14	3000	auto	frag	L584866	2	0.9059
c14	3000	auto	frag	L586948	1	0.9994
c14	3000	auto	frag	L590205	1	0.9390
c14	3000	auto	frag	L589777	3	1.0000
c14	3000	auto	frag	L589868	0	0.6962
c14	3000	auto	frag	L572521	0	0.8065
c14	3000	auto	frag	L578197	0	1.0000
c14	3000	auto	frag	L577507	2	0.5227
c14	3000	auto	frag	L599511	2	0.9999
c14	3000	auto	full	L568989	0	1.0000
c14	3000	auto	full	L584866	0	1.0000
c14	3000	auto	full	L586948	1	0.8941
c14	3000	auto	full	L590205	0	1.0000
c14	3000	auto	full	L589868	0	1.0000
c14	3000	auto	full	L589777	1	1.0000
c14	3000	auto	full	L570772	0	1.0000
c14	3000	auto	full	L572521	0	1.0000
c14	3000	auto	full	L577507	0	1.0000
c14	3000	auto	full	L578197	0	0.5140
c14	3000	auto	full	L599511	0	1.0000
c14	3000	fix	frag	L570772	1	0.2233
c14	3000	fix	frag	L568989	0	1.0000
c14	3000	fix	frag	L584866	0	0.4893
c14	3000	fix	frag	L586948	0	0.3905
c14	3000	fix	frag	L590205	0	0.8764
c14	3000	fix	frag	L589777	1	0.2608
c14	3000	fix	frag	L589868	0	0.2485
c14	3000	fix	frag	L572521	0	0.4353
c14	3000	fix	frag	L578197	1	0.9905
c14	3000	fix	frag	L577507	2	0.5227
c14	3000	fix	frag	L599511	2	0.3315
c14	3000	fix	full	L568989	0	1.0000
c14	3000	fix	full	L584866	0	1.0000
c14	3000	fix	full	L586948	1	0.8941
c14	3000	fix	full	L590205	0	1.0000
c14	3000	fix	full	L589868	0	1.0000
c14	3000	fix	full	L589777	1	1.0000
c14	3000	fix	full	L570772	0	1.0000
c14	3000	fix	full	L572521	0	1.0000
c14	3000	fix	full	L577507	0	1.0000
c14	3000	fix	full	L578197	0	0.5140
c14	3000	fix	full	L599511	0	1.0000
c14	3000	fix_noheur	frag	L568989	0	0.9931
c14	3000	fix_noheur	frag	L570772	1	0.2225
c14	3000	fix_noheur	frag	L572521	0	0.4353
c14	3000	fix_noheur	frag	L577507	2	0.5225
c14	3000	fix_noheur	frag	L578197	1	0.9894
c14	3000	fix_noheur	frag	L584866	0	0.4878
c14	3000	fix_noheur	frag	L586948	0	0.3905
c14	3000	fix_noheur	frag	L589777	1	0.2560
c14	3000	fix_noheur	frag	L589868	0	0.2484
c14	3000	fix_noheur	frag	L590205	0	0.8764
c14	3000	fix_noheur	frag	L599511	2	0.3315
c14	3000	noheur	frag	L568989	7	1.0000
c14	3000	noheur	frag	L570772	8	1.0000
c14	3000	noheur	frag	L572521	16	1.0000
c14	3000	noheur	frag	L577507	2	0.5225
c14	3000	noheur	frag	L578197	14	1.0000
c14	3000	noheur	frag	L584866	9	1.0000
c14	3000	noheur	frag	L586948	12	1.0000
c14	3000	noheur	frag	L589777	12	1.0000
c14	3000	noheur	frag	L589868	19	0.6959
c14	3000	noheur	frag	L590205	11	1.0000
c14	3000	noheur	frag	L599511	17	1.0000
c14	3000	nopremask	frag	L570772	1	0.3590
c14	3000	nopremask	frag	L568989	0	1.0000
c14	3000	nopremask	frag	L584866	0	0.4602
c14	3000	nopremask	frag	L586948	0	0.3056
c14	3000	nopremask	frag	L590205	0	0.7991
c14	3000	nopremask	frag	L589777	1	0.3812
c14	3000	nopremask	frag	L589868	0	0.3473
c14	3000	nopremask	frag	L572521	1	0.4252
c14	3000	nopremask	frag	L578197	1	0.9920
c14	3000	nopremask	frag	L577507	2	0.7420
c14	3000	nopremask	frag	L599511	1	0.2016
c14	3000	pplacer	frag	L578197	1	1.0000
c14	3000	pplacer	frag	L589868	0	0.4465
c14	3000	pplacer	frag	L584866	0	0.6953
c14	3000	pplacer	frag	L568989	0	0.9876
c14	3000	pplacer	frag	L577507	0	0.5243
c14	3000	pplacer	frag	L590205	0	0.7968
c14	3000	pplacer	frag	L570772	1	0.2711
c14	3000	pplacer	frag	L589777	1	0.2901
c14	3000	pplacer	frag	L586948	0	0.3063
c14	3000	pplacer	frag	L572521	0	0.4875
c14	3000	pplacer	frag	L599511	2	0.2632
c14	3000	pplacer	full	L572521	0	1.0000
c14	3000	pplacer	full	L568989	0	1.0000
c14	3000	pplacer	full	L589777	0	0.9645
c14	3000	pplacer	full	L577507	0	1.0000
c14	3000	pplacer	full	L590205	0	1.0000
c14	3000	pplacer	full	L599511	0	1.0000
c14	3000	pplacer	full	L570772	0	1.0000
c14	3000	pplacer	full	L578197	1	0.7067
c14	3000	pplacer	full	L589868	0	1.0000
c14	3000	pplacer	full	L586948	1	0.6461
c14	3000	pplacer	full	L584866	0	1.0000
c14	3000	rs_off	frag	L570772	1	0.2233
c14	3000	rs_off	frag	L568989	0	1.0000
c14	3000	rs_off	frag	L584866	0	0.4893
c14	3000	rs_off	frag	L586948	0	0.3905
c14	3000	rs_off	frag	L590205	0	0.8764
c14	3000	rs_off	frag	L589777	1	0.2608
c14	3000	rs_off	frag	L589868	0	0.2485
c14	3000	rs_off	frag	L572521	0	0.4353
c14	3000	rs_off	frag	L578197	1	0.9905
c14	3000	rs_off	frag	L577507	2	0.5227
c14	3000	rs_off	frag	L599511	2	0.3315
c14	3000	rs_on	frag	L570772	4	1.0000
c14	3000	rs_on	frag	L568989	0	1.0000
c14	3000	rs_on	frag	L584866	2	0.9059
c14	3000	rs_on	frag	L586948	1	0.9994
c14	3000	rs_on	frag	L590205	1	0.9390
c14	3000	rs_on	frag	L589777	3	1.0000
c14	3000	rs_on	frag	L589868	0	0.6962
c14	3000	rs_on	frag	L572521	0	0.8065
c14	3000	rs_on	frag	L578197	0	1.0000
c14	3000	rs_on	frag	L577507	2	0.5227
c14	3000	rs_on	frag	L599511	2	0.9999
c14	3000	shift	frag	L570772	1	0.2233
c14	3000	shift	frag	L568989	0	1.0000
c14	3000	shift	frag	L584866	0	0.4893
c14	3000	shift	frag	L586948	0	0.3905
c14	3000	shift	frag	L590205	0	0.8764
c14	3000	shift	frag	L589777	1	0.2608
c14	3000	shift	frag	L589868	0	0.2485
c14	3000	shift	frag	L572521	0	0.4353
c14	3000	shift	frag	L578197	1	0.9905
c14	3000	shift	frag	L577507	2	0.5227
c14	3000	shift	frag	L599511	2	0.3315
c14	3000	simd	frag	L570772	4	1.0000
c14	3000	simd	frag	L568989	0	1.0000
c14	3000	simd	frag	L584866	2	0.9059
c14	3000	simd	frag	L586948	1	0.9994
c14	3000	simd	frag	L590205	1	0.9390
c14	3000	simd	frag	L589777	3	1.0000
c14	3000	simd	frag	L589868	0	0.6962
c14	3000	simd	frag	L572521	0	0.8065
c14	3000	simd	frag	L578197	0	1.0000
c14	3000	simd	frag	L577507	2	0.5227
c14	3000	simd	frag	L599511	2	0.9999
c14	3000	simd_rson	frag	L570772	4	1.0000
c14	3000	simd_rson	frag	L568989	0	1.0000
c14	3000	simd_rson	frag	L584866	2	0.9059
c14	3000	simd_rson	frag	L586948	1	0.9994
c14	3000	simd_rson	frag	L590205	1	0.9390
c14	3000	simd_rson	frag	L589777	3	1.0000
c14	3000	simd_rson	frag	L589868	0	0.6962
c14	3000	simd_rson	frag	L572521	0	0.8065
c14	3000	simd_rson	frag	L578197	0	1.0000
c14	3000	simd_rson	frag	L577507	2	0.5227
c14	3000	simd_rson	frag	L599511	2	0.9999
c14	500	auto	frag	L570772	1	0.1526
c14	500	auto	frag	L568989	0	1.0000
c14	500	auto	frag	L584866	0	0.4866
c14	500	auto	frag	L586948	0	0.3952
c14	500	auto	frag	L590205	0	0.9133
c14	500	auto	frag	L589777	1	0.2623
c14	500	auto	frag	L589868	0	0.3925
c14	500	auto	frag	L572521	0	0.4608
c14	500	auto	frag	L578197	1	0.9924
c14	500	auto	frag	L577507	2	0.5178
c14	500	auto	frag	L599511	2	0.2989
c14	500	auto	full	L568989	0	1.0000
c14	500	auto	full	L584866	0	1.0000
c14	500	auto	full	L586948	1	0.8737
c14	500	auto	full	L590205	0	1.0000
c14	500	auto	full	L589868	0	1.0000
c14	500	auto	full	L589777	1	1.0000
c14	500	auto	full	L570772	0	1.0000
c14	500	auto	full	L572521	0	1.0000
c14	500	auto	full	L577507	0	1.0000
c14	500	auto	full	L578197	1	0.5929
c14	500	auto	full	L599511	0	1.0000
c14	500	diagcpu	frag	L570772	1	0.1526
c14	500	diagcpu	frag	L568989	0	1.0000
c14	500	diagcpu	frag	L584866	0	0.4866
c14	500	diagcpu	frag	L586948	0	0.3952
c14	500	diagcpu	frag	L590205	0	0.9133
c14	500	diagcpu	frag	L589777	1	0.2623
c14	500	diagcpu	frag	L589868	0	0.3925
c14	500	diagcpu	frag	L572521	0	0.4608
c14	500	diagcpu	frag	L578197	1	0.9924
c14	500	diagcpu	frag	L577507	2	0.5178
c14	500	diagcpu	frag	L599511	2	0.2989
c14	500	fix	frag	L570772	1	0.1526
c14	500	fix	frag	L568989	0	1.0000
c14	500	fix	frag	L584866	0	0.4866
c14	500	fix	frag	L586948	0	0.3952
c14	500	fix	frag	L590205	0	0.9133
c14	500	fix	frag	L589777	1	0.2623
c14	500	fix	frag	L589868	0	0.3925
c14	500	fix	frag	L572521	0	0.4608
c14	500	fix	frag	L578197	1	0.9924
c14	500	fix	frag	L577507	2	0.5178
c14	500	fix	frag	L599511	2	0.2989
c14	500	fix	full	L568989	0	1.0000
c14	500	fix	full	L584866	0	1.0000
c14	500	fix	full	L586948	1	0.8737
c14	500	fix	full	L590205	0	1.0000
c14	500	fix	full	L589868	0	1.0000
c14	500	fix	full	L589777	1	1.0000
c14	500	fix	full	L570772	0	1.0000
c14	500	fix	full	L572521	0	1.0000
c14	500	fix	full	L577507	0	1.0000
c14	500	fix	full	L578197	1	0.5929
c14	500	fix	full	L599511	0	1.0000
c14	500	fix_rson	frag	L570772	1	0.1526
c14	500	fix_rson	frag	L568989	0	1.0000
c14	500	fix_rson	frag	L584866	0	0.4866
c14	500	fix_rson	frag	L586948	0	0.3952
c14	500	fix_rson	frag	L590205	0	0.9133
c14	500	fix_rson	frag	L589777	1	0.2623
c14	500	fix_rson	frag	L589868	0	0.3925
c14	500	fix_rson	frag	L572521	0	0.4608
c14	500	fix_rson	frag	L578197	1	0.9924
c14	500	fix_rson	frag	L577507	2	0.5178
c14	500	fix_rson	frag	L599511	2	0.2989
c14	500	noheur	frag	L568989	0	0.9973
c14	500	noheur	frag	L570772	1	0.1517
c14	500	noheur	frag	L572521	0	0.4608
c14	500	noheur	frag	L577507	2	0.5175
c14	500	noheur	frag	L578197	1	0.9909
c14	500	noheur	frag	L584866	0	0.4854
c14	500	noheur	frag	L586948	0	0.3952
c14	500	noheur	frag	L589777	1	0.2575
c14	500	noheur	frag	L589868	0	0.3212
c14	500	noheur	frag	L590205	0	0.9132
c14	500	noheur	frag	L599511	2	0.2988
c14	500	nopremask	frag	L570772	1	0.2568
c14	500	nopremask	frag	L568989	0	1.0000
c14	500	nopremask	frag	L584866	0	0.4559
c14	500	nopremask	frag	L586948	0	0.2883
c14	500	nopremask	frag	L590205	0	0.9323
c14	500	nopremask	frag	L589777	1	0.4148
c14	500	nopremask	frag	L589868	0	0.4621
c14	500	nopremask	frag	L572521	0	0.4402
c14	500	nopremask	frag	L578197	1	0.9931
c14	500	nopremask	frag	L577507	2	0.7696
c14	500	nopremask	frag	L599511	2	0.2255
c14	500	pplacer	frag	L578197	1	1.0000
c14	500	pplacer	frag	L589868	0	0.4498
c14	500	pplacer	frag	L584866	0	0.6845
c14	500	pplacer	frag	L568989	0	0.9880
c14	500	pplacer	frag	L577507	0	0.5292
c14	500	pplacer	frag	L590205	0	0.7901
c14	500	pplacer	frag	L570772	1	0.2710
c14	500	pplacer	frag	L589777	1	0.2876
c14	500	pplacer	frag	L586948	0	0.3034
c14	500	pplacer	frag	L572521	0	0.4884
c14	500	pplacer	frag	L599511	2	0.2627
c14	500	pplacer	full	L568989	0	1.0000
c14	500	pplacer	full	L586948	1	0.6359
c14	500	pplacer	full	L572521	0	1.0000
c14	500	pplacer	full	L577507	0	1.0000
c14	500	pplacer	full	L578197	1	0.6965
c14	500	pplacer	full	L599511	0	1.0000
c14	500	pplacer	full	L590205	0	1.0000
c14	500	pplacer	full	L589868	0	1.0000
c14	500	pplacer	full	L589777	0	0.9630
c14	500	pplacer	full	L570772	0	1.0000
c14	500	pplacer	full	L584866	0	1.0000
c14	500	rs_off	frag	L570772	1	0.1526
c14	500	rs_off	frag	L568989	0	1.0000
c14	500	rs_off	frag	L584866	0	0.4866
c14	500	rs_off	frag	L586948	0	0.3952
c14	500	rs_off	frag	L590205	0	0.9133
c14	500	rs_off	frag	L589777	1	0.2623
c14	500	rs_off	frag	L589868	0	0.3925
c14	500	rs_off	frag	L572521	0	0.4608
c14	500	rs_off	frag	L578197	1	0.9924
c14	500	rs_off	frag	L577507	2	0.5178
c14	500	rs_off	frag	L599511	2	0.2989
c14	500	rs_on	frag	L570772	5	1.0000
c14	500	rs_on	frag	L568989	0	1.0000
c14	500	rs_on	frag	L584866	1	1.0000
c14	500	rs_on	frag	L586948	1	1.0000
c14	500	rs_on	frag	L590205	1	0.8583
c14	500	rs_on	frag	L589777	3	0.9996
c14	500	rs_on	frag	L589868	1	0.9217
c14	500	rs_on	frag	L572521	0	0.8216
c14	500	rs_on	frag	L578197	3	1.0000
c14	500	rs_on	frag	L577507	2	0.5178
c14	500	rs_on	frag	L599511	3	1.0000
c14	500	simd_rson	frag	L570772	5	1.0000
c14	500	simd_rson	frag	L568989	0	1.0000
c14	500	simd_rson	frag	L584866	1	1.0000
c14	500	simd_rson	frag	L586948	1	1.0000
c14	500	simd_rson	frag	L590205	1	0.8583
c14	500	simd_rson	frag	L589777	3	0.9996
c14	500	simd_rson	frag	L589868	1	0.9217
c14	500	simd_rson	frag	L572521	0	0.8216
c14	500	simd_rson	frag	L578197	3	1.0000
c14	500	simd_rson	frag	L577507	2	0.5178
c14	500	simd_rson	frag	L599511	3	1.0000
c14	5000	auto	frag	L570772	2	1.0000
c14	5000	auto	frag	L568989	0	1.0000
c14	5000	auto	frag	L584866	2	1.0000
c14	5000	auto	frag	L586948	0	0.7057
c14	5000	auto	frag	L590205	0	1.0000
c14	5000	auto	frag	L589777	1	0.7242
c14	5000	auto	frag	L589868	1	1.0000
c14	5000	auto	frag	L572521	0	0.7507
c14	5000	auto	frag	L578197	1	0.9468
c14	5000	auto	frag	L577507	2	0.5267
c14	5000	auto	frag	L599511	2	1.0000
c14	5000	auto	full	L568989	0	1.0000
c14	5000	auto	full	L584866	0	1.0000
c14	5000	auto	full	L586948	1	0.8883
c14	5000	auto	full	L590205	0	1.0000
c14	5000	auto	full	L589868	0	1.0000
c14	5000	auto	full	L589777	1	1.0000
c14	5000	auto	full	L570772	0	1.0000
c14	5000	auto	full	L572521	0	1.0000
c14	5000	auto	full	L577507	0	1.0000
c14	5000	auto	full	L578197	1	0.5782
c14	5000	auto	full	L599511	0	1.0000
c14	5000	fix	frag	L570772	1	0.2261
c14	5000	fix	frag	L568989	0	1.0000
c14	5000	fix	frag	L584866	0	0.4814
c14	5000	fix	frag	L586948	0	0.3745
c14	5000	fix	frag	L590205	0	0.8663
c14	5000	fix	frag	L589777	1	0.2601
c14	5000	fix	frag	L589868	0	0.3312
c14	5000	fix	frag	L572521	0	0.4301
c14	5000	fix	frag	L578197	1	0.9909
c14	5000	fix	frag	L577507	2	0.5267
c14	5000	fix	frag	L599511	2	0.4594
c14	5000	fix	full	L568989	0	1.0000
c14	5000	fix	full	L584866	0	1.0000
c14	5000	fix	full	L586948	1	0.8883
c14	5000	fix	full	L590205	0	1.0000
c14	5000	fix	full	L589868	0	1.0000
c14	5000	fix	full	L589777	1	1.0000
c14	5000	fix	full	L570772	0	1.0000
c14	5000	fix	full	L572521	0	1.0000
c14	5000	fix	full	L577507	0	1.0000
c14	5000	fix	full	L578197	1	0.5782
c14	5000	fix	full	L599511	0	1.0000
c14	5000	fix_noheur	frag	L568989	0	0.9961
c14	5000	fix_noheur	frag	L570772	1	0.2253
c14	5000	fix_noheur	frag	L572521	0	0.4301
c14	5000	fix_noheur	frag	L577507	2	0.5265
c14	5000	fix_noheur	frag	L578197	1	0.9899
c14	5000	fix_noheur	frag	L584866	0	0.4801
c14	5000	fix_noheur	frag	L586948	0	0.3744
c14	5000	fix_noheur	frag	L589777	1	0.2554
c14	5000	fix_noheur	frag	L589868	0	0.2673
c14	5000	fix_noheur	frag	L590205	0	0.8662
c14	5000	fix_noheur	frag	L599511	2	0.4594
c14	5000	noheur	frag	L568989	9	1.0000
c14	5000	noheur	frag	L570772	7	1.0000
c14	5000	noheur	frag	L572521	14	1.0000
c14	5000	noheur	frag	L577507	2	0.5265
c14	5000	noheur	frag	L578197	14	1.0000
c14	5000	noheur	frag	L584866	9	1.0000
c14	5000	noheur	frag	L586948	12	1.0000
c14	5000	noheur	frag	L589777	22	1.0000
c14	5000	noheur	frag	L589868	14	1.0000
c14	5000	noheur	frag	L590205	11	1.0000
c14	5000	noheur	frag	L599511	14	1.0000
c14	5000	nopremask	frag	L570772	1	0.2957
c14	5000	nopremask	frag	L568989	0	1.0000
c14	5000	nopremask	frag	L584866	0	0.4633
c14	5000	nopremask	frag	L586948	0	0.3657
c14	5000	nopremask	frag	L590205	0	0.8412
c14	5000	nopremask	frag	L589777	1	0.3309
c14	5000	nopremask	frag	L589868	0	0.5140
c14	5000	nopremask	frag	L572521	0	0.4052
c14	5000	nopremask	frag	L578197	1	0.9919
c14	5000	nopremask	frag	L577507	2	0.6964
c14	5000	nopremask	frag	L599511	2	0.3536
c14	5000	pplacer	frag	L578197	1	1.0000
c14	5000	pplacer	frag	L589868	0	0.4459
c14	5000	pplacer	frag	L584866	0	0.6953
c14	5000	pplacer	frag	L568989	0	0.9882
c14	5000	pplacer	frag	L577507	0	0.5247
c14	5000	pplacer	frag	L590205	0	0.7971
c14	5000	pplacer	frag	L570772	1	0.2710
c14	5000	pplacer	frag	L589777	1	0.2901
c14	5000	pplacer	frag	L586948	0	0.3064
c14	5000	pplacer	frag	L572521	0	0.4870
c14	5000	pplacer	frag	L599511	2	0.2802
c14	5000	pplacer	full	L572521	0	1.0000
c14	5000	pplacer	full	L568989	0	1.0000
c14	5000	pplacer	full	L589777	0	0.9648
c14	5000	pplacer	full	L577507	0	1.0000
c14	5000	pplacer	full	L590205	0	1.0000
c14	5000	pplacer	full	L599511	0	1.0000
c14	5000	pplacer	full	L570772	0	1.0000
c14	5000	pplacer	full	L578197	1	0.7036
c14	5000	pplacer	full	L589868	0	1.0000
c14	5000	pplacer	full	L586948	1	0.6440
c14	5000	pplacer	full	L584866	0	1.0000
c14	5000	rs_on	frag	L570772	2	1.0000
c14	5000	rs_on	frag	L568989	0	1.0000
c14	5000	rs_on	frag	L584866	2	1.0000
c14	5000	rs_on	frag	L586948	0	0.7057
c14	5000	rs_on	frag	L590205	0	1.0000
c14	5000	rs_on	frag	L589777	1	0.7242
c14	5000	rs_on	frag	L589868	1	1.0000
c14	5000	rs_on	frag	L572521	0	0.7507
c14	5000	rs_on	frag	L578197	1	0.9468
c14	5000	rs_on	frag	L577507	2	0.5267
c14	5000	rs_on	frag	L599511	2	1.0000
c14	5000	shift	frag	L570772	1	0.2261
c14	5000	shift	frag	L568989	0	1.0000
c14	5000	shift	frag	L584866	0	0.4814
c14	5000	shift	frag	L586948	0	0.3745
c14	5000	shift	frag	L590205	0	0.8663
c14	5000	shift	frag	L589777	1	0.2601
c14	5000	shift	frag	L589868	0	0.3312
c14	5000	shift	frag	L572521	0	0.4301
c14	5000	shift	frag	L578197	1	0.9909
c14	5000	shift	frag	L577507	2	0.5267
c14	5000	shift	frag	L599511	2	0.4594
c14	5000	simd	frag	L570772	2	1.0000
c14	5000	simd	frag	L568989	0	1.0000
c14	5000	simd	frag	L584866	2	1.0000
c14	5000	simd	frag	L586948	0	0.7057
c14	5000	simd	frag	L590205	0	1.0000
c14	5000	simd	frag	L589777	1	0.7242
c14	5000	simd	frag	L589868	1	1.0000
c14	5000	simd	frag	L572521	0	0.7507
c14	5000	simd	frag	L578197	1	0.9468
c14	5000	simd	frag	L577507	2	0.5267
c14	5000	simd	frag	L599511	2	1.0000
c14	5000	simd_rson	frag	L570772	2	1.0000
c14	5000	simd_rson	frag	L568989	0	1.0000
c14	5000	simd_rson	frag	L584866	2	1.0000
c14	5000	simd_rson	frag	L586948	0	0.7057
c14	5000	simd_rson	frag	L590205	0	1.0000
c14	5000	simd_rson	frag	L589777	1	0.7242
c14	5000	simd_rson	frag	L589868	1	1.0000
c14	5000	simd_rson	frag	L572521	0	0.7507
c14	5000	simd_rson	frag	L578197	1	0.9468
c14	5000	simd_rson	frag	L577507	2	0.5267
c14	5000	simd_rson	frag	L599511	2	1.0000
c16	1000	auto	frag	L1592890	2	0.1857
c16	1000	auto	frag	L1592464	2	0.5253
c16	1000	auto	frag	L1811231	1	0.2951
c16	1000	auto	frag	L1808966	0	0.6775
c16	1000	auto	frag	L1809234	0	0.5502
c16	1000	auto	frag	L1778239	2	0.2271
c16	1000	auto	frag	L1778753	0	0.9946
c16	1000	auto	frag	L1785009	0	0.2114
c16	1000	auto	frag	L1790481	2	0.3092
c16	1000	auto	frag	L1788156	0	0.9743
c16	1000	auto	frag	L1794712	1	0.3169
c16	1000	auto	frag	L1793065	0	0.5943
c16	1000	auto	frag	L1796826	0	0.9818
c16	1000	auto	frag	L1794839	0	0.9177
c16	1000	auto	frag	L1792265	0	0.9919
c16	1000	auto	frag	L1791527	0	0.9256
c16	1000	auto	frag	L1799840	1	0.4695
c16	1000	auto	frag	L1798302	0	1.0000
c16	1000	auto	frag	L1797546	0	1.0000
c16	1000	auto	frag	L1802345	0	0.9958
c16	1000	auto	frag	L1801258	0	0.7739
c16	1000	auto	full	L1592464	0	1.0000
c16	1000	auto	full	L1592890	0	1.0000
c16	1000	auto	full	L1811231	1	1.0000
c16	1000	auto	full	L1808966	0	1.0000
c16	1000	auto	full	L1809234	0	1.0000
c16	1000	auto	full	L1778753	0	1.0000
c16	1000	auto	full	L1778239	0	0.9989
c16	1000	auto	full	L1785009	1	0.9885
c16	1000	auto	full	L1788156	0	1.0000
c16	1000	auto	full	L1796826	0	0.9993
c16	1000	auto	full	L1794712	0	1.0000
c16	1000	auto	full	L1794839	0	1.0000
c16	1000	auto	full	L1793065	0	1.0000
c16	1000	auto	full	L1792265	0	1.0000
c16	1000	auto	full	L1791527	0	1.0000
c16	1000	auto	full	L1790481	0	1.0000
c16	1000	auto	full	L1799840	0	0.9570
c16	1000	auto	full	L1798302	0	1.0000
c16	1000	auto	full	L1797546	0	1.0000
c16	1000	auto	full	L1801258	0	1.0000
c16	1000	auto	full	L1802345	0	1.0000
c16	1000	diagcpu	frag	L1592890	2	0.1857
c16	1000	diagcpu	frag	L1592464	2	0.5253
c16	1000	diagcpu	frag	L1811231	1	0.2951
c16	1000	diagcpu	frag	L1808966	0	0.6775
c16	1000	diagcpu	frag	L1809234	0	0.5502
c16	1000	diagcpu	frag	L1778239	2	0.2271
c16	1000	diagcpu	frag	L1778753	0	0.9946
c16	1000	diagcpu	frag	L1785009	0	0.2114
c16	1000	diagcpu	frag	L1790481	2	0.3092
c16	1000	diagcpu	frag	L1788156	0	0.9743
c16	1000	diagcpu	frag	L1794712	1	0.3169
c16	1000	diagcpu	frag	L1793065	0	0.5943
c16	1000	diagcpu	frag	L1796826	0	0.9818
c16	1000	diagcpu	frag	L1794839	0	0.9177
c16	1000	diagcpu	frag	L1792265	0	0.9919
c16	1000	diagcpu	frag	L1791527	0	0.9256
c16	1000	diagcpu	frag	L1799840	1	0.4695
c16	1000	diagcpu	frag	L1798302	0	1.0000
c16	1000	diagcpu	frag	L1797546	0	1.0000
c16	1000	diagcpu	frag	L1802345	0	0.9958
c16	1000	diagcpu	frag	L1801258	0	0.7739
c16	1000	fix	frag	L1592890	2	0.1857
c16	1000	fix	frag	L1592464	2	0.5253
c16	1000	fix	frag	L1811231	1	0.2951
c16	1000	fix	frag	L1808966	0	0.6775
c16	1000	fix	frag	L1809234	0	0.5502
c16	1000	fix	frag	L1778239	2	0.2271
c16	1000	fix	frag	L1778753	0	0.9946
c16	1000	fix	frag	L1785009	0	0.2114
c16	1000	fix	frag	L1790481	2	0.3092
c16	1000	fix	frag	L1788156	0	0.9743
c16	1000	fix	frag	L1794712	1	0.3169
c16	1000	fix	frag	L1793065	0	0.5943
c16	1000	fix	frag	L1796826	0	0.9818
c16	1000	fix	frag	L1794839	0	0.9177
c16	1000	fix	frag	L1792265	0	0.9919
c16	1000	fix	frag	L1791527	0	0.9256
c16	1000	fix	frag	L1799840	1	0.4695
c16	1000	fix	frag	L1798302	0	1.0000
c16	1000	fix	frag	L1797546	0	1.0000
c16	1000	fix	frag	L1802345	0	0.9958
c16	1000	fix	frag	L1801258	0	0.7739
c16	1000	fix	full	L1592464	0	1.0000
c16	1000	fix	full	L1592890	0	1.0000
c16	1000	fix	full	L1811231	1	1.0000
c16	1000	fix	full	L1808966	0	1.0000
c16	1000	fix	full	L1809234	0	1.0000
c16	1000	fix	full	L1778753	0	1.0000
c16	1000	fix	full	L1778239	0	0.9989
c16	1000	fix	full	L1785009	1	0.9885
c16	1000	fix	full	L1788156	0	1.0000
c16	1000	fix	full	L1796826	0	0.9993
c16	1000	fix	full	L1794712	0	1.0000
c16	1000	fix	full	L1794839	0	1.0000
c16	1000	fix	full	L1793065	0	1.0000
c16	1000	fix	full	L1792265	0	1.0000
c16	1000	fix	full	L1791527	0	1.0000
c16	1000	fix	full	L1790481	0	1.0000
c16	1000	fix	full	L1799840	0	0.9570
c16	1000	fix	full	L1798302	0	1.0000
c16	1000	fix	full	L1797546	0	1.0000
c16	1000	fix	full	L1801258	0	1.0000
c16	1000	fix	full	L1802345	0	1.0000
c16	1000	fix_rson	frag	L1592890	2	0.1857
c16	1000	fix_rson	frag	L1592464	2	0.5253
c16	1000	fix_rson	frag	L1811231	1	0.2951
c16	1000	fix_rson	frag	L1808966	0	0.6775
c16	1000	fix_rson	frag	L1809234	0	0.5502
c16	1000	fix_rson	frag	L1778239	2	0.2271
c16	1000	fix_rson	frag	L1778753	0	0.9946
c16	1000	fix_rson	frag	L1785009	0	0.2114
c16	1000	fix_rson	frag	L1790481	2	0.3092
c16	1000	fix_rson	frag	L1788156	0	0.9743
c16	1000	fix_rson	frag	L1794712	1	0.3169
c16	1000	fix_rson	frag	L1793065	0	0.5943
c16	1000	fix_rson	frag	L1796826	0	0.9818
c16	1000	fix_rson	frag	L1794839	0	0.9177
c16	1000	fix_rson	frag	L1792265	0	0.9919
c16	1000	fix_rson	frag	L1791527	0	0.9256
c16	1000	fix_rson	frag	L1799840	1	0.4695
c16	1000	fix_rson	frag	L1798302	0	1.0000
c16	1000	fix_rson	frag	L1797546	0	1.0000
c16	1000	fix_rson	frag	L1802345	0	0.9958
c16	1000	fix_rson	frag	L1801258	0	0.7739
c16	1000	noheur	frag	L1592464	2	0.5156
c16	1000	noheur	frag	L1592890	2	0.1850
c16	1000	noheur	frag	L1778239	2	0.2265
c16	1000	noheur	frag	L1778753	0	0.9942
c16	1000	noheur	frag	L1785009	0	0.2110
c16	1000	noheur	frag	L1788156	0	0.9733
c16	1000	noheur	frag	L1790481	2	0.3089
c16	1000	noheur	frag	L1791527	0	0.9234
c16	1000	noheur	frag	L1792265	0	0.9902
c16	1000	noheur	frag	L1793065	0	0.5571
c16	1000	noheur	frag	L1794712	1	0.3167
c16	1000	noheur	frag	L1794839	0	0.8969
c16	1000	noheur	frag	L1796826	0	0.9818
c16	1000	noheur	frag	L1797546	0	1.0000
c16	1000	noheur	frag	L1798302	0	1.0000
c16	1000	noheur	frag	L1799840	1	0.4426
c16	1000	noheur	frag	L1801258	0	0.7728
c16	1000	noheur	frag	L1802345	0	0.9958
c16	1000	noheur	frag	L1808966	0	0.6772
c16	1000	noheur	frag	L1809234	0	0.5502
c16	1000	noheur	frag	L1811231	1	0.2951
c16	1000	nopremask	frag	L1592890	2	0.1626
c16	1000	nopremask	frag	L1592464	2	0.3858
c16	1000	nopremask	frag	L1811231	1	0.3340
c16	1000	nopremask	frag	L1808966	0	0.7004
c16	1000	nopremask	frag	L1809234	0	0.4626
c16	1000	nopremask	frag	L1778239	2	0.2809
c16	1000	nopremask	frag	L1778753	0	0.9956
c16	1000	nopremask	frag	L1785009	1	0.2650
c16	1000	nopremask	frag	L1790481	2	0.3486
c16	1000	nopremask	frag	L1788156	0	0.9884
c16	1000	nopremask	frag	L1794712	1	0.3188
c16	1000	nopremask	frag	L1793065	0	0.6921
c16	1000	nopremask	frag	L1796826	0	0.9751
c16	1000	nopremask	frag	L1794839	0	0.9531
c16	1000	nopremask	frag	L1792265	0	0.9925
c16	1000	nopremask	frag	L1791527	0	0.9275
c16	1000	nopremask	frag	L1799840	1	0.4240
c16	1000	nopremask	frag	L1798302	0	1.0000
c16	1000	nopremask	frag	L1797546	0	1.0000
c16	1000	nopremask	frag	L1802345	0	0.9970
c16	1000	nopremask	frag	L1801258	0	0.7700
c16	1000	pplacer	frag	L1794839	0	0.9885
c16	1000	pplacer	frag	L1788156	0	1.0000
c16	1000	pplacer	frag	L1791527	0	0.8845
c16	1000	pplacer	frag	L1792265	0	1.0000
c16	1000	pplacer	frag	L1790481	3	0.2770
c16	1000	pplacer	frag	L1809234	0	0.4798
c16	1000	pplacer	frag	L1778239	3	0.4414
c16	1000	pplacer	frag	L1778753	0	1.0000
c16	1000	pplacer	frag	L1798302	0	1.0000
c16	1000	pplacer	frag	L1592890	2	0.1960
c16	1000	pplacer	frag	L1802345	0	1.0000
c16	1000	pplacer	frag	L1785009	1	0.1888
c16	1000	pplacer	frag	L1796826	0	1.0000
c16	1000	pplacer	frag	L1793065	0	0.6004
c16	1000	pplacer	frag	L1799840	1	0.4699
c16	1000	pplacer	frag	L1797546	0	1.0000
c16	1000	pplacer	frag	L1801258	0	0.7948
c16	1000	pplacer	frag	L1592464	2	0.5495
c16	1000	pplacer	frag	L1808966	0	0.7224
c16	1000	pplacer	frag	L1811231	1	0.4997
c16	1000	pplacer	frag	L1794712	0	0.3414
c16	1000	pplacer	full	L1592464	0	1.0000
c16	1000	pplacer	full	L1796826	0	1.0000
c16	1000	pplacer	full	L1801258	0	1.0000
c16	1000	pplacer	full	L1811231	1	0.4328
c16	1000	pplacer	full	L1792265	0	1.0000
c16	1000	pplacer	full	L1592890	0	1.0000
c16	1000	pplacer	full	L1793065	0	1.0000
c16	1000	pplacer	full	L1794839	0	1.0000
c16	1000	pplacer	full	L1797546	0	1.0000
c16	1000	pplacer	full	L1778239	0	1.0000
c16	1000	pplacer	full	L1788156	0	1.0000
c16	1000	pplacer	full	L1798302	0	1.0000
c16	1000	pplacer	full	L1809234	0	1.0000
c16	1000	pplacer	full	L1802345	0	1.0000
c16	1000	pplacer	full	L1785009	1	1.0000
c16	1000	pplacer	full	L1791527	0	1.0000
c16	1000	pplacer	full	L1794712	0	1.0000
c16	1000	pplacer	full	L1790481	0	1.0000
c16	1000	pplacer	full	L1778753	0	1.0000
c16	1000	pplacer	full	L1799840	1	0.9766
c16	1000	pplacer	full	L1808966	0	1.0000
c16	1000	rs_off	frag	L1592890	2	0.1857
c16	1000	rs_off	frag	L1592464	2	0.5253
c16	1000	rs_off	frag	L1811231	1	0.2951
c16	1000	rs_off	frag	L1808966	0	0.6775
c16	1000	rs_off	frag	L1809234	0	0.5502
c16	1000	rs_off	frag	L1778239	2	0.2271
c16	1000	rs_off	frag	L1778753	0	0.9946
c16	1000	rs_off	frag	L1785009	0	0.2114
c16	1000	rs_off	frag	L1790481	2	0.3092
c16	1000	rs_off	frag	L1788156	0	0.9743
c16	1000	rs_off	frag	L1794712	1	0.3169
c16	1000	rs_off	frag	L1793065	0	0.5943
c16	1000	rs_off	frag	L1796826	0	0.9818
c16	1000	rs_off	frag	L1794839	0	0.9177
c16	1000	rs_off	frag	L1792265	0	0.9919
c16	1000	rs_off	frag	L1791527	0	0.9256
c16	1000	rs_off	frag	L1799840	1	0.4695
c16	1000	rs_off	frag	L1798302	0	1.0000
c16	1000	rs_off	frag	L1797546	0	1.0000
c16	1000	rs_off	frag	L1802345	0	0.9958
c16	1000	rs_off	frag	L1801258	0	0.7739
c16	1000	rs_on	frag	L1592890	6	1.0000
c16	1000	rs_on	frag	L1592464	3	1.0000
c16	1000	rs_on	frag	L1811231	1	1.0000
c16	1000	rs_on	frag	L1808966	2	1.0000
c16	1000	rs_on	frag	L1809234	3	1.0000
c16	1000	rs_on	frag	L1778239	1	0.9153
c16	1000	rs_on	frag	L1778753	1	1.0000
c16	1000	rs_on	frag	L1785009	0	0.2114
c16	1000	rs_on	frag	L1790481	6	1.0000
c16	1000	rs_on	frag	L1788156	0	1.0000
c16	1000	rs_on	frag	L1794712	6	1.0000
c16	1000	rs_on	frag	L1793065	3	0.9977
c16	1000	rs_on	frag	L1796826	4	1.0000
c16	1000	rs_on	frag	L1794839	1	1.0000
c16	1000	rs_on	frag	L1792265	2	0.5438
c16	1000	rs_on	frag	L1791527	3	1.0000
c16	1000	rs_on	frag	L1799840	6	0.9857
c16	1000	rs_on	frag	L1798302	0	1.0000
c16	1000	rs_on	frag	L1797546	0	1.0000
c16	1000	rs_on	frag	L1802345	3	1.0000
c16	1000	rs_on	frag	L1801258	2	1.0000
c16	1000	simd_rson	frag	L1592890	6	1.0000
c16	1000	simd_rson	frag	L1592464	3	1.0000
c16	1000	simd_rson	frag	L1811231	1	1.0000
c16	1000	simd_rson	frag	L1808966	2	1.0000
c16	1000	simd_rson	frag	L1809234	3	1.0000
c16	1000	simd_rson	frag	L1778239	1	0.9153
c16	1000	simd_rson	frag	L1778753	1	1.0000
c16	1000	simd_rson	frag	L1785009	0	0.2114
c16	1000	simd_rson	frag	L1790481	6	1.0000
c16	1000	simd_rson	frag	L1788156	0	1.0000
c16	1000	simd_rson	frag	L1794712	6	1.0000
c16	1000	simd_rson	frag	L1793065	3	0.9977
c16	1000	simd_rson	frag	L1796826	4	1.0000
c16	1000	simd_rson	frag	L1794839	1	1.0000
c16	1000	simd_rson	frag	L1792265	2	0.5438
c16	1000	simd_rson	frag	L1791527	3	1.0000
c16	1000	simd_rson	frag	L1799840	6	0.9857
c16	1000	simd_rson	frag	L1798302	0	1.0000
c16	1000	simd_rson	frag	L1797546	0	1.0000
c16	1000	simd_rson	frag	L1802345	3	1.0000
c16	1000	simd_rson	frag	L1801258	2	1.0000
c16	2000	auto	frag	L1592890	2	0.1957
c16	2000	auto	frag	L1592464	2	0.4838
c16	2000	auto	frag	L1811231	1	0.3591
c16	2000	auto	frag	L1808966	0	0.8298
c16	2000	auto	frag	L1809234	0	0.5460
c16	2000	auto	frag	L1778239	2	0.3720
c16	2000	auto	frag	L1778753	0	0.9937
c16	2000	auto	frag	L1785009	0	0.2112
c16	2000	auto	frag	L1790481	2	0.1890
c16	2000	auto	frag	L1788156	0	0.9768
c16	2000	auto	frag	L1794712	1	0.3138
c16	2000	auto	frag	L1793065	0	0.5909
c16	2000	auto	frag	L1796826	0	0.9817
c16	2000	auto	frag	L1794839	0	0.9200
c16	2000	auto	frag	L1792265	0	0.9956
c16	2000	auto	frag	L1791527	0	0.9180
c16	2000	auto	frag	L1799840	1	0.4200
c16	2000	auto	frag	L1798302	0	1.0000
c16	2000	auto	frag	L1797546	0	1.0000
c16	2000	auto	frag	L1802345	0	0.9873
c16	2000	auto	frag	L1801258	0	0.7657
c16	2000	auto	full	L1592464	0	1.0000
c16	2000	auto	full	L1592890	0	1.0000
c16	2000	auto	full	L1811231	1	1.0000
c16	2000	auto	full	L1808966	0	1.0000
c16	2000	auto	full	L1809234	0	1.0000
c16	2000	auto	full	L1778753	0	1.0000
c16	2000	auto	full	L1778239	0	0.9990
c16	2000	auto	full	L1785009	1	0.9879
c16	2000	auto	full	L1788156	0	1.0000
c16	2000	auto	full	L1796826	0	0.9996
c16	2000	auto	full	L1794712	0	1.0000
c16	2000	auto	full	L1794839	0	1.0000
c16	2000	auto	full	L1793065	0	1.0000
c16	2000	auto	full	L1792265	0	1.0000
c16	2000	auto	full	L1791527	0	1.0000
c16	2000	auto	full	L1790481	0	1.0000
c16	2000	auto	full	L1799840	0	0.9609
c16	2000	auto	full	L1798302	0	1.0000
c16	2000	auto	full	L1797546	0	1.0000
c16	2000	auto	full	L1801258	0	1.0000
c16	2000	auto	full	L1802345	0	1.0000
c16	2000	diagcpu	frag	L1592890	2	0.1957
c16	2000	diagcpu	frag	L1592464	2	0.4838
c16	2000	diagcpu	frag	L1811231	1	0.3591
c16	2000	diagcpu	frag	L1808966	0	0.8298
c16	2000	diagcpu	frag	L1809234	0	0.5460
c16	2000	diagcpu	frag	L1778239	2	0.3720
c16	2000	diagcpu	frag	L1778753	0	0.9937
c16	2000	diagcpu	frag	L1785009	0	0.2112
c16	2000	diagcpu	frag	L1790481	2	0.1890
c16	2000	diagcpu	frag	L1788156	0	0.9768
c16	2000	diagcpu	frag	L1794712	1	0.3138
c16	2000	diagcpu	frag	L1793065	0	0.5909
c16	2000	diagcpu	frag	L1796826	0	0.9817
c16	2000	diagcpu	frag	L1794839	0	0.9200
c16	2000	diagcpu	frag	L1792265	0	0.9956
c16	2000	diagcpu	frag	L1791527	0	0.9180
c16	2000	diagcpu	frag	L1799840	1	0.4200
c16	2000	diagcpu	frag	L1798302	0	1.0000
c16	2000	diagcpu	frag	L1797546	0	1.0000
c16	2000	diagcpu	frag	L1802345	0	0.9873
c16	2000	diagcpu	frag	L1801258	0	0.7657
c16	2000	fix	frag	L1592890	2	0.1957
c16	2000	fix	frag	L1592464	2	0.4838
c16	2000	fix	frag	L1811231	1	0.3591
c16	2000	fix	frag	L1808966	0	0.8298
c16	2000	fix	frag	L1809234	0	0.5460
c16	2000	fix	frag	L1778239	2	0.3720
c16	2000	fix	frag	L1778753	0	0.9937
c16	2000	fix	frag	L1785009	0	0.2112
c16	2000	fix	frag	L1790481	2	0.1890
c16	2000	fix	frag	L1788156	0	0.9768
c16	2000	fix	frag	L1794712	1	0.3138
c16	2000	fix	frag	L1793065	0	0.5909
c16	2000	fix	frag	L1796826	0	0.9817
c16	2000	fix	frag	L1794839	0	0.9200
c16	2000	fix	frag	L1792265	0	0.9956
c16	2000	fix	frag	L1791527	0	0.9180
c16	2000	fix	frag	L1799840	1	0.4200
c16	2000	fix	frag	L1798302	0	1.0000
c16	2000	fix	frag	L1797546	0	1.0000
c16	2000	fix	frag	L1802345	0	0.9873
c16	2000	fix	frag	L1801258	0	0.7657
c16	2000	fix	full	L1592464	0	1.0000
c16	2000	fix	full	L1592890	0	1.0000
c16	2000	fix	full	L1811231	1	1.0000
c16	2000	fix	full	L1808966	0	1.0000
c16	2000	fix	full	L1809234	0	1.0000
c16	2000	fix	full	L1778753	0	1.0000
c16	2000	fix	full	L1778239	0	0.9990
c16	2000	fix	full	L1785009	1	0.9879
c16	2000	fix	full	L1788156	0	1.0000
c16	2000	fix	full	L1796826	0	0.9996
c16	2000	fix	full	L1794712	0	1.0000
c16	2000	fix	full	L1794839	0	1.0000
c16	2000	fix	full	L1793065	0	1.0000
c16	2000	fix	full	L1792265	0	1.0000
c16	2000	fix	full	L1791527	0	1.0000
c16	2000	fix	full	L1790481	0	1.0000
c16	2000	fix	full	L1799840	0	0.9609
c16	2000	fix	full	L1798302	0	1.0000
c16	2000	fix	full	L1797546	0	1.0000
c16	2000	fix	full	L1801258	0	1.0000
c16	2000	fix	full	L1802345	0	1.0000
c16	2000	fix_noheur	frag	L1592464	2	0.4668
c16	2000	fix_noheur	frag	L1592890	2	0.1952
c16	2000	fix_noheur	frag	L1778239	2	0.3716
c16	2000	fix_noheur	frag	L1778753	0	0.9930
c16	2000	fix_noheur	frag	L1785009	0	0.2108
c16	2000	fix_noheur	frag	L1788156	0	0.9757
c16	2000	fix_noheur	frag	L1790481	2	0.1887
c16	2000	fix_noheur	frag	L1791527	0	0.9152
c16	2000	fix_noheur	frag	L1792265	0	0.9946
c16	2000	fix_noheur	frag	L1793065	0	0.5534
c16	2000	fix_noheur	frag	L1794712	1	0.3135
c16	2000	fix_noheur	frag	L1794839	0	0.8996
c16	2000	fix_noheur	frag	L1796826	0	0.9817
c16	2000	fix_noheur	frag	L1797546	0	1.0000
c16	2000	fix_noheur	frag	L1798302	0	1.0000
c16	2000	fix_noheur	frag	L1799840	1	0.3938
c16	2000	fix_noheur	frag	L1801258	0	0.7648
c16	2000	fix_noheur	frag	L1802345	0	0.9873
c16	2000	fix_noheur	frag	L1808966	0	0.8297
c16	2000	fix_noheur	frag	L1809234	0	0.5460
c16	2000	fix_noheur	frag	L1811231	1	0.3591
c16	2000	fix_rson	frag	L1592890	2	0.1957
c16	2000	fix_rson	frag	L1592464	2	0.4838
c16	2000	fix_rson	frag	L1811231	1	0.3591
c16	2000	fix_rson	frag	L1808966	0	0.8298
c16	2000	fix_rson	frag	L1809234	0	0.5460
c16	2000	fix_rson	frag	L1778239	2	0.3720
c16	2000	fix_rson	frag	L1778753	0	0.9937
c16	2000	fix_rson	frag	L1785009	0	0.2112
c16	2000	fix_rson	frag	L1790481	2	0.1890
c16	2000	fix_rson	frag	L1788156	0	0.9768
c16	2000	fix_rson	frag	L1794712	1	0.3138
c16	2000	fix_rson	frag	L1793065	0	0.5909
c16	2000	fix_rson	frag	L1796826	0	0.9817
c16	2000	fix_rson	frag	L1794839	0	0.9200
c16	2000	fix_rson	frag	L1792265	0	0.9956
c16	2000	fix_rson	frag	L1791527	0	0.9180
c16	2000	fix_rson	frag	L1799840	1	0.4200
c16	2000	fix_rson	frag	L1798302	0	1.0000
c16	2000	fix_rson	frag	L1797546	0	1.0000
c16	2000	fix_rson	frag	L1802345	0	0.9873
c16	2000	fix_rson	frag	L1801258	0	0.7657
c16	2000	noheur	frag	L1592464	2	0.4668
c16	2000	noheur	frag	L1592890	2	0.1952
c16	2000	noheur	frag	L1778239	2	0.3716
c16	2000	noheur	frag	L1778753	0	0.9930
c16	2000	noheur	frag	L1785009	0	0.2108
c16	2000	noheur	frag	L1788156	0	0.9757
c16	2000	noheur	frag	L1790481	2	0.1887
c16	2000	noheur	frag	L1791527	0	0.9152
c16	2000	noheur	frag	L1792265	0	0.9946
c16	2000	noheur	frag	L1793065	0	0.5534
c16	2000	noheur	frag	L1794712	1	0.3135
c16	2000	noheur	frag	L1794839	0	0.8996
c16	2000	noheur	frag	L1796826	0	0.9817
c16	2000	noheur	frag	L1797546	0	1.0000
c16	2000	noheur	frag	L1798302	0	1.0000
c16	2000	noheur	frag	L1799840	1	0.3938
c16	2000	noheur	frag	L1801258	0	0.7648
c16	2000	noheur	frag	L1802345	0	0.9873
c16	2000	noheur	frag	L1808966	0	0.8297
c16	2000	noheur	frag	L1809234	0	0.5460
c16	2000	noheur	frag	L1811231	1	0.3591
c16	2000	nopremask	frag	L1592890	2	0.1647
c16	2000	nopremask	frag	L1592464	2	0.3201
c16	2000	nopremask	frag	L1811231	1	0.3911
c16	2000	nopremask	frag	L1808966	0	0.8428
c16	2000	nopremask	frag	L1809234	0	0.4963
c16	2000	nopremask	frag	L1778239	2	0.5168
c16	2000	nopremask	frag	L1778753	0	0.9946
c16	2000	nopremask	frag	L1785009	1	0.2602
c16	2000	nopremask	frag	L1790481	2	0.2141
c16	2000	nopremask	frag	L1788156	0	0.9907
c16	2000	nopremask	frag	L1794712	1	0.2961
c16	2000	nopremask	frag	L1793065	0	0.6698
c16	2000	nopremask	frag	L1796826	0	0.9746
c16	2000	nopremask	frag	L1794839	0	0.9581
c16	2000	nopremask	frag	L1792265	0	0.9960
c16	2000	nopremask	frag	L1791527	0	0.9199
c16	2000	nopremask	frag	L1799840	1	0.3945
c16	2000	nopremask	frag	L1798302	0	1.0000
c16	2000	nopremask	frag	L1797546	0	1.0000
c16	2000	nopremask	frag	L1802345	0	0.9918
c16	2000	nopremask	frag	L1801258	0	0.7328
c16	2000	pplacer	frag	L1794839	0	0.9883
c16	2000	pplacer	frag	L1788156	0	1.0000
c16	2000	pplacer	frag	L1791527	0	0.8830
c16	2000	pplacer	frag	L1792265	0	1.0000
c16	2000	pplacer	frag	L1790481	3	0.2787
c16	2000	pplacer	frag	L1809234	0	0.4811
c16	2000	pplacer	frag	L1778239	3	0.4417
c16	2000	pplacer	frag	L1778753	0	1.0000
c16	2000	pplacer	frag	L1798302	0	1.0000
c16	2000	pplacer	frag	L1592890	2	0.1942
c16	2000	pplacer	frag	L1802345	0	1.0000
c16	2000	pplacer	frag	L1785009	1	0.1886
c16	2000	pplacer	frag	L1796826	0	1.0000
c16	2000	pplacer	frag	L1793065	0	0.6013
c16	2000	pplacer	frag	L1799840	1	0.4694
c16	2000	pplacer	frag	L1797546	0	1.0000
c16	2000	pplacer	frag	L1801258	0	0.7954
c16	2000	pplacer	frag	L1592464	2	0.5478
c16	2000	pplacer	frag	L1808966	0	0.7212
c16	2000	pplacer	frag	L1811231	1	0.5011
c16	2000	pplacer	frag	L1794712	0	0.3420
c16	2000	pplacer	full	L1592464	0	1.0000
c16	2000	pplacer	full	L1796826	0	1.0000
c16	2000	pplacer	full	L1801258	0	1.0000
c16	2000	pplacer	full	L1811231	1	0.4329
c16	2000	pplacer	full	L1792265	0	1.0000
c16	2000	pplacer	full	L1592890	0	1.0000
c16	2000	pplacer	full	L1793065	0	1.0000
c16	2000	pplacer	full	L1794839	0	1.0000
c16	2000	pplacer	full	L1797546	0	1.0000
c16	2000	pplacer	full	L1778239	0	1.0000
c16	2000	pplacer	full	L1788156	0	1.0000
c16	2000	pplacer	full	L1798302	0	1.0000
c16	2000	pplacer	full	L1809234	0	1.0000
c16	2000	pplacer	full	L1802345	0	1.0000
c16	2000	pplacer	full	L1785009	1	1.0000
c16	2000	pplacer	full	L1791527	0	1.0000
c16	2000	pplacer	full	L1794712	0	1.0000
c16	2000	pplacer	full	L1790481	0	1.0000
c16	2000	pplacer	full	L1778753	0	1.0000
c16	2000	pplacer	full	L1799840	1	0.9766
c16	2000	pplacer	full	L1808966	0	1.0000
c16	2000	rs_off	frag	L1592890	2	0.1957
c16	2000	rs_off	frag	L1592464	2	0.4838
c16	2000	rs_off	frag	L1811231	1	0.3591
c16	2000	rs_off	frag	L1808966	0	0.8298
c16	2000	rs_off	frag	L1809234	0	0.5460
c16	2000	rs_off	frag	L1778239	2	0.3720
c16	2000	rs_off	frag	L1778753	0	0.9937
c16	2000	rs_off	frag	L1785009	0	0.2112
c16	2000	rs_off	frag	L1790481	2	0.1890
c16	2000	rs_off	frag	L1788156	0	0.9768
c16	2000	rs_off	frag	L1794712	1	0.3138
c16	2000	rs_off	frag	L1793065	0	0.5909
c16	2000	rs_off	frag	L1796826	0	0.9817
c16	2000	rs_off	frag	L1794839	0	0.9200
c16	2000	rs_off	frag	L1792265	0	0.9956
c16	2000	rs_off	frag	L1791527	0	0.9180
c16	2000	rs_off	frag	L1799840	1	0.4200
c16	2000	rs_off	frag	L1798302	0	1.0000
c16	2000	rs_off	frag	L1797546	0	1.0000
c16	2000	rs_off	frag	L1802345	0	0.9873
c16	2000	rs_off	frag	L1801258	0	0.7657
c16	2000	rs_on	frag	L1592890	3	0.9997
c16	2000	rs_on	frag	L1592464	3	1.0000
c16	2000	rs_on	frag	L1811231	1	0.7770
c16	2000	rs_on	frag	L1808966	2	1.0000
c16	2000	rs_on	frag	L1809234	1	1.0000
c16	2000	rs_on	frag	L1778239	1	0.9078
c16	2000	rs_on	frag	L1778753	4	1.0000
c16	2000	rs_on	frag	L1785009	0	0.2112
c16	2000	rs_on	frag	L1790481	4	1.0000
c16	2000	rs_on	frag	L1788156	0	1.0000
c16	2000	rs_on	frag	L1794712	4	0.9420
c16	2000	rs_on	frag	L1793065	5	1.0000
c16	2000	rs_on	frag	L1796826	0	0.9944
c16	2000	rs_on	frag	L1794839	0	0.9953
c16	2000	rs_on	frag	L1792265	3	1.0000
c16	2000	rs_on	frag	L1791527	1	1.0000
c16	2000	rs_on	frag	L1799840	1	1.0000
c16	2000	rs_on	frag	L1798302	0	1.0000
c16	2000	rs_on	frag	L1797546	0	1.0000
c16	2000	rs_on	frag	L1802345	6	1.0000
c16	2000	rs_on	frag	L1801258	1	0.5187
c16	2000	simd_rson	frag	L1592890	3	0.9997
c16	2000	simd_rson	frag	L1592464	3	1.0000
c16	2000	simd_rson	frag	L1811231	1	0.7770
c16	2000	simd_rson	frag	L1808966	2	1.0000
c16	2000	simd_rson	frag	L1809234	1	1.0000
c16	2000	simd_rson	frag	L1778239	1	0.9078
c16	2000	simd_rson	frag	L1778753	4	1.0000
c16	2000	simd_rson	frag	L1785009	0	0.2112
c16	2000	simd_rson	frag	L1790481	4	1.0000
c16	2000	simd_rson	frag	L1788156	0	1.0000
c16	2000	simd_rson	frag	L1794712	4	0.9420
c16	2000	simd_rson	frag	L1793065	5	1.0000
c16	2000	simd_rson	frag	L1796826	0	0.9944
c16	2000	simd_rson	frag	L1794839	0	0.9953
c16	2000	simd_rson	frag	L1792265	3	1.0000
c16	2000	simd_rson	frag	L1791527	1	1.0000
c16	2000	simd_rson	frag	L1799840	1	1.0000
c16	2000	simd_rson	frag	L1798302	0	1.0000
c16	2000	simd_rson	frag	L1797546	0	1.0000
c16	2000	simd_rson	frag	L1802345	6	1.0000
c16	2000	simd_rson	frag	L1801258	1	0.5187
c16	3000	auto	frag	L1592890	4	0.7081
c16	3000	auto	frag	L1592464	5	1.0000
c16	3000	auto	frag	L1811231	1	1.0000
c16	3000	auto	frag	L1808966	2	1.0000
c16	3000	auto	frag	L1809234	1	0.8605
c16	3000	auto	frag	L1778239	1	0.8993
c16	3000	auto	frag	L1778753	3	0.9029
c16	3000	auto	frag	L1785009	0	0.2117
c16	3000	auto	frag	L1790481	4	1.0000
c16	3000	auto	frag	L1788156	0	1.0000
c16	3000	auto	frag	L1794712	3	1.0000
c16	3000	auto	frag	L1793065	1	0.9997
c16	3000	auto	frag	L1796826	1	0.9234
c16	3000	auto	frag	L1794839	2	0.9839
c16	3000	auto	frag	L1792265	2	1.0000
c16	3000	auto	frag	L1791527	0	0.9568
c16	3000	auto	frag	L1799840	2	1.0000
c16	3000	auto	frag	L1798302	0	1.0000
c16	3000	auto	frag	L1797546	0	1.0000
c16	3000	auto	frag	L1802345	3	1.0000
c16	3000	auto	frag	L1801258	3	1.0000
c16	3000	auto	full	L1592464	0	1.0000
c16	3000	auto	full	L1592890	0	1.0000
c16	3000	auto	full	L1811231	1	1.0000
c16	3000	auto	full	L1808966	0	1.0000
c16	3000	auto	full	L1809234	0	1.0000
c16	3000	auto	full	L1778753	0	1.0000
c16	3000	auto	full	L1778239	0	0.9995
c16	3000	auto	full	L1785009	1	0.9881
c16	3000	auto	full	L1788156	0	1.0000
c16	3000	auto	full	L1796826	0	0.9999
c16	3000	auto	full	L1794712	0	1.0000
c16	3000	auto	full	L1794839	0	1.0000
c16	3000	auto	full	L1793065	0	1.0000
c16	3000	auto	full	L1792265	0	1.0000
c16	3000	auto	full	L1791527	0	1.0000
c16	3000	auto	full	L1790481	0	1.0000
c16	3000	auto	full	L1799840	0	0.9372
c16	3000	auto	full	L1798302	0	1.0000
c16	3000	auto	full	L1797546	0	1.0000
c16	3000	auto	full	L1801258	0	1.0000
c16	3000	auto	full	L1802345	0	1.0000
c16	3000	fix	frag	L1592890	2	0.1890
c16	3000	fix	frag	L1592464	2	0.4550
c16	3000	fix	frag	L1811231	1	0.4132
c16	3000	fix	frag	L1808966	0	0.7139
c16	3000	fix	frag	L1809234	0	0.5465
c16	3000	fix	frag	L1778239	2	0.4220
c16	3000	fix	frag	L1778753	0	0.9936
c16	3000	fix	frag	L1785009	0	0.2117
c16	3000	fix	frag	L1790481	4	0.1579
c16	3000	fix	frag	L1788156	0	0.9560
c16	3000	fix	frag	L1794712	1	0.3099
c16	3000	fix	frag	L1793065	0	0.5949
c16	3000	fix	frag	L1796826	0	0.9809
c16	3000	fix	frag	L1794839	0	0.9253
c16	3000	fix	frag	L1792265	0	0.9958
c16	3000	fix	frag	L1791527	0	0.9200
c16	3000	fix	frag	L1799840	1	0.4297
c16	3000	fix	frag	L1798302	0	1.0000
c16	3000	fix	frag	L1797546	0	1.0000
c16	3000	fix	frag	L1802345	0	0.9912
c16	3000	fix	frag	L1801258	0	0.8496
c16	3000	fix	full	L1592464	0	1.0000
c16	3000	fix	full	L1592890	0	1.0000
c16	3000	fix	full	L1811231	1	1.0000
c16	3000	fix	full	L1808966	0	1.0000
c16	3000	fix	full	L1809234	0	1.0000
c16	3000	fix	full	L1778753	0	1.0000
c16	3000	fix	full	L1778239	0	0.9995
c16	3000	fix	full	L1785009	1	0.9881
c16	3000	fix	full	L1788156	0	1.0000
c16	3000	fix	full	L1796826	0	0.9999
c16	3000	fix	full	L1794712	0	1.0000
c16	3000	fix	full	L1794839	0	1.0000
c16	3000	fix	full	L1793065	0	1.0000
c16	3000	fix	full	L1792265	0	1.0000
c16	3000	fix	full	L1791527	0	1.0000
c16	3000	fix	full	L1790481	0	1.0000
c16	3000	fix	full	L1799840	0	0.9372
c16	3000	fix	full	L1798302	0	1.0000
c16	3000	fix	full	L1797546	0	1.0000
c16	3000	fix	full	L1801258	0	1.0000
c16	3000	fix	full	L1802345	0	1.0000
c16	3000	fix_noheur	frag	L1592464	2	0.4322
c16	3000	fix_noheur	frag	L1592890	2	0.1882
c16	3000	fix_noheur	frag	L1778239	2	0.4216
c16	3000	fix_noheur	frag	L1778753	0	0.9931
c16	3000	fix_noheur	frag	L1785009	0	0.2114
c16	3000	fix_noheur	frag	L1788156	0	0.9542
c16	3000	fix_noheur	frag	L1790481	4	0.1577
c16	3000	fix_noheur	frag	L1791527	0	0.9173
c16	3000	fix_noheur	frag	L1792265	0	0.9949
c16	3000	fix_noheur	frag	L1793065	0	0.5577
c16	3000	fix_noheur	frag	L1794712	1	0.3097
c16	3000	fix_noheur	frag	L1794839	0	0.9063
c16	3000	fix_noheur	frag	L1796826	0	0.9808
c16	3000	fix_noheur	frag	L1797546	0	1.0000
c16	3000	fix_noheur	frag	L1798302	0	1.0000
c16	3000	fix_noheur	frag	L1799840	1	0.4033
c16	3000	fix_noheur	frag	L1801258	0	0.8494
c16	3000	fix_noheur	frag	L1802345	0	0.9912
c16	3000	fix_noheur	frag	L1808966	0	0.7135
c16	3000	fix_noheur	frag	L1809234	0	0.5465
c16	3000	fix_noheur	frag	L1811231	1	0.4132
c16	3000	noheur	frag	L1592464	15	1.0000
c16	3000	noheur	frag	L1592890	16	1.0000
c16	3000	noheur	frag	L1778239	13	0.9781
c16	3000	noheur	frag	L1778753	15	1.0000
c16	3000	noheur	frag	L1785009	0	0.2114
c16	3000	noheur	frag	L1788156	15	1.0000
c16	3000	noheur	frag	L1790481	20	1.0000
c16	3000	noheur	frag	L1791527	13	1.0000
c16	3000	noheur	frag	L1792265	22	1.0000
c16	3000	noheur	frag	L1793065	18	1.0000
c16	3000	noheur	frag	L1794712	25	1.0000
c16	3000	noheur	frag	L1794839	15	1.0000
c16	3000	noheur	frag	L1796826	19	1.0000
c16	3000	noheur	frag	L1797546	16	1.0000
c16	3000	noheur	frag	L1798302	11	1.0000
c16	3000	noheur	frag	L1799840	11	1.0000
c16	3000	noheur	frag	L1801258	15	1.0000
c16	3000	noheur	frag	L1802345	18	1.0000
c16	3000	noheur	frag	L1808966	13	1.0000
c16	3000	noheur	frag	L1809234	10	1.0000
c16	3000	noheur	frag	L1811231	8	1.0000
c16	3000	nopremask	frag	L1592890	2	0.1395
c16	3000	nopremask	frag	L1592464	2	0.4003
c16	3000	nopremask	frag	L1811231	1	0.5430
c16	3000	nopremask	frag	L1808966	0	0.8765
c16	3000	nopremask	frag	L1809234	0	0.5167
c16	3000	nopremask	frag	L1778239	2	0.3912
c16	3000	nopremask	frag	L1778753	0	0.9937
c16	3000	nopremask	frag	L1785009	1	0.2239
c16	3000	nopremask	frag	L1790481	4	0.2119
c16	3000	nopremask	frag	L1788156	0	0.9894
c16	3000	nopremask	frag	L1794712	0	0.2563
c16	3000	nopremask	frag	L1793065	0	0.6150
c16	3000	nopremask	frag	L1796826	0	0.9689
c16	3000	nopremask	frag	L1794839	0	0.9648
c16	3000	nopremask	frag	L1792265	0	0.9960
c16	3000	nopremask	frag	L1791527	0	0.9052
c16	3000	nopremask	frag	L1799840	1	0.4277
c16	3000	nopremask	frag	L1798302	0	1.0000
c16	3000	nopremask	frag	L1797546	0	1.0000
c16	3000	nopremask	frag	L1802345	0	0.9953
c16	3000	nopremask	frag	L1801258	0	0.8303
c16	3000	pplacer	frag	L1794839	0	0.9881
c16	3000	pplacer	frag	L1788156	0	1.0000
c16	3000	pplacer	frag	L1791527	0	0.8826
c16	3000	pplacer	frag	L1792265	0	1.0000
c16	3000	pplacer	frag	L1790481	3	0.2799
c16	3000	pplacer	frag	L1809234	0	0.4819
c16	3000	pplacer	frag	L1778239	3	0.4416
c16	3000	pplacer	frag	L1778753	0	1.0000
c16	3000	pplacer	frag	L1798302	0	1.0000
c16	3000	pplacer	frag	L1592890	2	0.1944
c16	3000	pplacer	frag	L1802345	0	1.0000
c16	3000	pplacer	frag	L1785009	1	0.1884
c16	3000	pplacer	frag	L1796826	0	1.0000
c16	3000	pplacer	frag	L1793065	0	0.6018
c16	3000	pplacer	frag	L1799840	1	0.4691
c16	3000	pplacer	frag	L1797546	0	1.0000
c16	3000	pplacer	frag	L1801258	0	0.7958
c16	3000	pplacer	frag	L1592464	2	0.5476
c16	3000	pplacer	frag	L1808966	0	0.7204
c16	3000	pplacer	frag	L1811231	1	0.5023
c16	3000	pplacer	frag	L1794712	0	0.3426
c16	3000	pplacer	full	L1592464	0	1.0000
c16	3000	pplacer	full	L1796826	0	1.0000
c16	3000	pplacer	full	L1801258	0	1.0000
c16	3000	pplacer	full	L1811231	1	0.4317
c16	3000	pplacer	full	L1792265	0	1.0000
c16	3000	pplacer	full	L1592890	0	1.0000
c16	3000	pplacer	full	L1793065	0	1.0000
c16	3000	pplacer	full	L1794839	0	1.0000
c16	3000	pplacer	full	L1797546	0	1.0000
c16	3000	pplacer	full	L1778239	0	1.0000
c16	3000	pplacer	full	L1788156	0	1.0000
c16	3000	pplacer	full	L1798302	0	1.0000
c16	3000	pplacer	full	L1809234	0	1.0000
c16	3000	pplacer	full	L1802345	0	1.0000
c16	3000	pplacer	full	L1785009	1	1.0000
c16	3000	pplacer	full	L1791527	0	1.0000
c16	3000	pplacer	full	L1794712	0	1.0000
c16	3000	pplacer	full	L1790481	0	1.0000
c16	3000	pplacer	full	L1778753	0	1.0000
c16	3000	pplacer	full	L1799840	1	0.9768
c16	3000	pplacer	full	L1808966	0	1.0000
c16	3000	rs_off	frag	L1592890	2	0.1890
c16	3000	rs_off	frag	L1592464	2	0.4550
c16	3000	rs_off	frag	L1811231	1	0.4132
c16	3000	rs_off	frag	L1808966	0	0.7139
c16	3000	rs_off	frag	L1809234	0	0.5465
c16	3000	rs_off	frag	L1778239	2	0.4220
c16	3000	rs_off	frag	L1778753	0	0.9936
c16	3000	rs_off	frag	L1785009	0	0.2117
c16	3000	rs_off	frag	L1790481	4	0.1579
c16	3000	rs_off	frag	L1788156	0	0.9560
c16	3000	rs_off	frag	L1794712	1	0.3099
c16	3000	rs_off	frag	L1793065	0	0.5949
c16	3000	rs_off	frag	L1796826	0	0.9809
c16	3000	rs_off	frag	L1794839	0	0.9253
c16	3000	rs_off	frag	L1792265	0	0.9958
c16	3000	rs_off	frag	L1791527	0	0.9200
c16	3000	rs_off	frag	L1799840	1	0.4297
c16	3000	rs_off	frag	L1798302	0	1.0000
c16	3000	rs_off	frag	L1797546	0	1.0000
c16	3000	rs_off	frag	L1802345	0	0.9912
c16	3000	rs_off	frag	L1801258	0	0.8496
c16	3000	rs_on	frag	L1592890	4	0.7081
c16	3000	rs_on	frag	L1592464	5	1.0000
c16	3000	rs_on	frag	L1811231	1	1.0000
c16	3000	rs_on	frag	L1808966	2	1.0000
c16	3000	rs_on	frag	L1809234	1	0.8605
c16	3000	rs_on	frag	L1778239	1	0.8993
c16	3000	rs_on	frag	L1778753	3	0.9029
c16	3000	rs_on	frag	L1785009	0	0.2117
c16	3000	rs_on	frag	L1790481	4	1.0000
c16	3000	rs_on	frag	L1788156	0	1.0000
c16	3000	rs_on	frag	L1794712	3	1.0000
c16	3000	rs_on	frag	L1793065	1	0.9997
c16	3000	rs_on	frag	L1796826	1	0.9234
c16	3000	rs_on	frag	L1794839	2	0.9839
c16	3000	rs_on	frag	L1792265	2	1.0000
c16	3000	rs_on	frag	L1791527	0	0.9568
c16	3000	rs_on	frag	L1799840	2	1.0000
c16	3000	rs_on	frag	L1798302	0	1.0000
c16	3000	rs_on	frag	L1797546	0	1.0000
c16	3000	rs_on	frag	L1802345	3	1.0000
c16	3000	rs_on	frag	L1801258	3	1.0000
c16	3000	shift	frag	L1592890	2	0.1890
c16	3000	shift	frag	L1592464	2	0.4550
c16	3000	shift	frag	L1811231	1	0.4132
c16	3000	shift	frag	L1808966	0	0.7139
c16	3000	shift	frag	L1809234	0	0.5465
c16	3000	shift	frag	L1778239	2	0.4220
c16	3000	shift	frag	L1778753	0	0.9936
c16	3000	shift	frag	L1785009	0	0.2117
c16	3000	shift	frag	L1790481	4	0.1579
c16	3000	shift	frag	L1788156	0	0.9560
c16	3000	shift	frag	L1794712	1	0.3099
c16	3000	shift	frag	L1793065	0	0.5949
c16	3000	shift	frag	L1796826	0	0.9809
c16	3000	shift	frag	L1794839	0	0.9253
c16	3000	shift	frag	L1792265	0	0.9958
c16	3000	shift	frag	L1791527	0	0.9200
c16	3000	shift	frag	L1799840	1	0.4297
c16	3000	shift	frag	L1798302	0	1.0000
c16	3000	shift	frag	L1797546	0	1.0000
c16	3000	shift	frag	L1802345	0	0.9912
c16	3000	shift	frag	L1801258	0	0.8496
c16	3000	simd	frag	L1592890	4	0.7081
c16	3000	simd	frag	L1592464	5	1.0000
c16	3000	simd	frag	L1811231	1	1.0000
c16	3000	simd	frag	L1808966	2	1.0000
c16	3000	simd	frag	L1809234	1	0.8605
c16	3000	simd	frag	L1778239	1	0.8993
c16	3000	simd	frag	L1778753	3	0.9029
c16	3000	simd	frag	L1785009	0	0.2117
c16	3000	simd	frag	L1790481	4	1.0000
c16	3000	simd	frag	L1788156	0	1.0000
c16	3000	simd	frag	L1794712	3	1.0000
c16	3000	simd	frag	L1793065	1	0.9997
c16	3000	simd	frag	L1796826	1	0.9234
c16	3000	simd	frag	L1794839	2	0.9839
c16	3000	simd	frag	L1792265	2	1.0000
c16	3000	simd	frag	L1791527	0	0.9568
c16	3000	simd	frag	L1799840	2	1.0000
c16	3000	simd	frag	L1798302	0	1.0000
c16	3000	simd	frag	L1797546	0	1.0000
c16	3000	simd	frag	L1802345	3	1.0000
c16	3000	simd	frag	L1801258	3	1.0000
c16	3000	simd_rson	frag	L1592890	4	0.7081
c16	3000	simd_rson	frag	L1592464	5	1.0000
c16	3000	simd_rson	frag	L1811231	1	1.0000
c16	3000	simd_rson	frag	L1808966	2	1.0000
c16	3000	simd_rson	frag	L1809234	1	0.8605
c16	3000	simd_rson	frag	L1778239	1	0.8993
c16	3000	simd_rson	frag	L1778753	3	0.9029
c16	3000	simd_rson	frag	L1785009	0	0.2117
c16	3000	simd_rson	frag	L1790481	4	1.0000
c16	3000	simd_rson	frag	L1788156	0	1.0000
c16	3000	simd_rson	frag	L1794712	3	1.0000
c16	3000	simd_rson	frag	L1793065	1	0.9997
c16	3000	simd_rson	frag	L1796826	1	0.9234
c16	3000	simd_rson	frag	L1794839	2	0.9839
c16	3000	simd_rson	frag	L1792265	2	1.0000
c16	3000	simd_rson	frag	L1791527	0	0.9568
c16	3000	simd_rson	frag	L1799840	2	1.0000
c16	3000	simd_rson	frag	L1798302	0	1.0000
c16	3000	simd_rson	frag	L1797546	0	1.0000
c16	3000	simd_rson	frag	L1802345	3	1.0000
c16	3000	simd_rson	frag	L1801258	3	1.0000
c16	500	auto	frag	L1592890	2	0.1845
c16	500	auto	frag	L1592464	2	0.5178
c16	500	auto	frag	L1811231	1	0.2757
c16	500	auto	frag	L1808966	0	0.7677
c16	500	auto	frag	L1809234	0	0.5479
c16	500	auto	frag	L1778239	2	0.2410
c16	500	auto	frag	L1778753	0	0.9941
c16	500	auto	frag	L1785009	0	0.2111
c16	500	auto	frag	L1790481	2	0.1771
c16	500	auto	frag	L1788156	0	0.9658
c16	500	auto	frag	L1794712	4	0.1664
c16	500	auto	frag	L1793065	0	0.5972
c16	500	auto	frag	L1796826	0	0.9823
c16	500	auto	frag	L1794839	0	0.9574
c16	500	auto	frag	L1792265	0	0.9951
c16	500	auto	frag	L1791527	0	0.9239
c16	500	auto	frag	L1799840	1	0.4503
c16	500	auto	frag	L1798302	0	1.0000
c16	500	auto	frag	L1797546	0	1.0000
c16	500	auto	frag	L1801258	0	0.8130
c16	500	auto	frag	L1802345	0	0.9988
c16	500	auto	full	L1592464	1	0.6756
c16	500	auto	full	L1592890	0	1.0000
c16	500	auto	full	L1811231	1	1.0000
c16	500	auto	full	L1808966	0	1.0000
c16	500	auto	full	L1809234	0	1.0000
c16	500	auto	full	L1778753	0	1.0000
c16	500	auto	full	L1778239	0	0.9967
c16	500	auto	full	L1785009	1	0.9796
c16	500	auto	full	L1788156	0	1.0000
c16	500	auto	full	L1796826	0	0.9996
c16	500	auto	full	L1794712	0	1.0000
c16	500	auto	full	L1794839	0	1.0000
c16	500	auto	full	L1793065	0	1.0000
c16	500	auto	full	L1792265	0	1.0000
c16	500	auto	full	L1791527	0	1.0000
c16	500	auto	full	L1790481	0	1.0000
c16	500	auto	full	L1799840	0	0.9797
c16	500	auto	full	L1798302	0	1.0000
c16	500	auto	full	L1797546	0	1.0000
c16	500	auto	full	L1801258	0	1.0000
c16	500	auto	full	L1802345	0	1.0000
c16	500	diagcpu	frag	L1592890	2	0.1845
c16	500	diagcpu	frag	L1592464	2	0.5178
c16	500	diagcpu	frag	L1811231	1	0.2757
c16	500	diagcpu	frag	L1808966	0	0.7677
c16	500	diagcpu	frag	L1809234	0	0.5479
c16	500	diagcpu	frag	L1778239	2	0.2410
c16	500	diagcpu	frag	L1778753	0	0.9941
c16	500	diagcpu	frag	L1785009	0	0.2111
c16	500	diagcpu	frag	L1790481	2	0.1771
c16	500	diagcpu	frag	L1788156	0	0.9658
c16	500	diagcpu	frag	L1794712	4	0.1664
c16	500	diagcpu	frag	L1793065	0	0.5972
c16	500	diagcpu	frag	L1796826	0	0.9823
c16	500	diagcpu	frag	L1794839	0	0.9574
c16	500	diagcpu	frag	L1792265	0	0.9951
c16	500	diagcpu	frag	L1791527	0	0.9239
c16	500	diagcpu	frag	L1799840	1	0.4503
c16	500	diagcpu	frag	L1798302	0	1.0000
c16	500	diagcpu	frag	L1797546	0	1.0000
c16	500	diagcpu	frag	L1801258	0	0.8130
c16	500	diagcpu	frag	L1802345	0	0.9988
c16	500	fix	frag	L1592890	2	0.1845
c16	500	fix	frag	L1592464	2	0.5178
c16	500	fix	frag	L1811231	1	0.2757
c16	500	fix	frag	L1808966	0	0.7677
c16	500	fix	frag	L1809234	0	0.5479
c16	500	fix	frag	L1778239	2	0.2410
c16	500	fix	frag	L1778753	0	0.9941
c16	500	fix	frag	L1785009	0	0.2111
c16	500	fix	frag	L1790481	2	0.1771
c16	500	fix	frag	L1788156	0	0.9658
c16	500	fix	frag	L1794712	4	0.1664
c16	500	fix	frag	L1793065	0	0.5972
c16	500	fix	frag	L1796826	0	0.9823
c16	500	fix	frag	L1794839	0	0.9574
c16	500	fix	frag	L1792265	0	0.9951
c16	500	fix	frag	L1791527	0	0.9239
c16	500	fix	frag	L1799840	1	0.4503
c16	500	fix	frag	L1798302	0	1.0000
c16	500	fix	frag	L1797546	0	1.0000
c16	500	fix	frag	L1801258	0	0.8130
c16	500	fix	frag	L1802345	0	0.9988
c16	500	fix	full	L1592464	1	0.6756
c16	500	fix	full	L1592890	0	1.0000
c16	500	fix	full	L1811231	1	1.0000
c16	500	fix	full	L1808966	0	1.0000
c16	500	fix	full	L1809234	0	1.0000
c16	500	fix	full	L1778753	0	1.0000
c16	500	fix	full	L1778239	0	0.9967
c16	500	fix	full	L1785009	1	0.9796
c16	500	fix	full	L1788156	0	1.0000
c16	500	fix	full	L1796826	0	0.9996
c16	500	fix	full	L1794712	0	1.0000
c16	500	fix	full	L1794839	0	1.0000
c16	500	fix	full	L1793065	0	1.0000
c16	500	fix	full	L1792265	0	1.0000
c16	500	fix	full	L1791527	0	1.0000
c16	500	fix	full	L1790481	0	1.0000
c16	500	fix	full	L1799840	0	0.9797
c16	500	fix	full	L1798302	0	1.0000
c16	500	fix	full	L1797546	0	1.0000
c16	500	fix	full	L1801258	0	1.0000
c16	500	fix	full	L1802345	0	1.0000
c16	500	fix_rson	frag	L1592890	2	0.1845
c16	500	fix_rson	frag	L1592464	2	0.5178
c16	500	fix_rson	frag	L1811231	1	0.2757
c16	500	fix_rson	frag	L1808966	0	0.7677
c16	500	fix_rson	frag	L1809234	0	0.5479
c16	500	fix_rson	frag	L1778239	2	0.2410
c16	500	fix_rson	frag	L1778753	0	0.9941
c16	500	fix_rson	frag	L1785009	0	0.2111
c16	500	fix_rson	frag	L1790481	2	0.1771
c16	500	fix_rson	frag	L1788156	0	0.9658
c16	500	fix_rson	frag	L1794712	4	0.1664
c16	500	fix_rson	frag	L1793065	0	0.5972
c16	500	fix_rson	frag	L1796826	0	0.9823
c16	500	fix_rson	frag	L1794839	0	0.9574
c16	500	fix_rson	frag	L1792265	0	0.9951
c16	500	fix_rson	frag	L1791527	0	0.9239
c16	500	fix_rson	frag	L1799840	1	0.4503
c16	500	fix_rson	frag	L1798302	0	1.0000
c16	500	fix_rson	frag	L1797546	0	1.0000
c16	500	fix_rson	frag	L1801258	0	0.8130
c16	500	fix_rson	frag	L1802345	0	0.9988
c16	500	noheur	frag	L1592464	2	0.4996
c16	500	noheur	frag	L1592890	2	0.1842
c16	500	noheur	frag	L1778239	2	0.2403
c16	500	noheur	frag	L1778753	0	0.9936
c16	500	noheur	frag	L1785009	0	0.2107
c16	500	noheur	frag	L1788156	0	0.9638
c16	500	noheur	frag	L1790481	2	0.1769
c16	500	noheur	frag	L1791527	0	0.9209
c16	500	noheur	frag	L1792265	0	0.9940
c16	500	noheur	frag	L1793065	0	0.5602
c16	500	noheur	frag	L1794712	4	0.1663
c16	500	noheur	frag	L1794839	0	0.9459
c16	500	noheur	frag	L1796826	0	0.9822
c16	500	noheur	frag	L1797546	0	1.0000
c16	500	noheur	frag	L1798302	0	1.0000
c16	500	noheur	frag	L1799840	1	0.4235
c16	500	noheur	frag	L1801258	0	0.8122
c16	500	noheur	frag	L1802345	0	0.9983
c16	500	noheur	frag	L1808966	0	0.7675
c16	500	noheur	frag	L1809234	0	0.5478
c16	500	noheur	frag	L1811231	1	0.2757
c16	500	nopremask	frag	L1592890	2	0.1810
c16	500	nopremask	frag	L1592464	2	0.3774
c16	500	nopremask	frag	L1811231	1	0.4069
c16	500	nopremask	frag	L1808966	0	0.7797
c16	500	nopremask	frag	L1809234	0	0.4501
c16	500	nopremask	frag	L1778239	2	0.2993
c16	500	nopremask	frag	L1778753	0	0.9958
c16	500	nopremask	frag	L1785009	1	0.2858
c16	500	nopremask	frag	L1790481	2	0.2083
c16	500	nopremask	frag	L1788156	0	0.9824
c16	500	nopremask	frag	L1794712	4	0.2205
c16	500	nopremask	frag	L1793065	0	0.7056
c16	500	nopremask	frag	L1796826	0	0.9759
c16	500	nopremask	frag	L1794839	0	0.9750
c16	500	nopremask	frag	L1792265	0	0.9957
c16	500	nopremask	frag	L1791527	0	0.9303
c16	500	nopremask	frag	L1799840	1	0.3409
c16	500	nopremask	frag	L1798302	0	1.0000
c16	500	nopremask	frag	L1797546	0	1.0000
c16	500	nopremask	frag	L1801258	0	0.8213
c16	500	nopremask	frag	L1802345	0	0.9990
c16	500	pplacer	frag	L1794839	0	0.9884
c16	500	pplacer	frag	L1788156	0	1.0000
c16	500	pplacer	frag	L1791527	0	0.8840
c16	500	pplacer	frag	L1792265	0	1.0000
c16	500	pplacer	frag	L1790481	3	0.2772
c16	500	pplacer	frag	L1809234	0	0.4804
c16	500	pplacer	frag	L1778239	3	0.4411
c16	500	pplacer	frag	L1778753	0	1.0000
c16	500	pplacer	frag	L1798302	0	1.0000
c16	500	pplacer	frag	L1592890	2	0.1805
c16	500	pplacer	frag	L1802345	0	1.0000
c16	500	pplacer	frag	L1785009	1	0.1889
c16	500	pplacer	frag	L1796826	0	1.0000
c16	500	pplacer	frag	L1793065	0	0.6000
c16	500	pplacer	frag	L1799840	1	0.4706
c16	500	pplacer	frag	L1797546	0	1.0000
c16	500	pplacer	frag	L1801258	0	0.7956
c16	500	pplacer	frag	L1592464	2	0.4483
c16	500	pplacer	frag	L1808966	0	0.7221
c16	500	pplacer	frag	L1811231	1	0.4999
c16	500	pplacer	frag	L1794712	0	0.3418
c16	500	pplacer	full	L1592464	0	1.0000
c16	500	pplacer	full	L1796826	0	1.0000
c16	500	pplacer	full	L1801258	0	1.0000
c16	500	pplacer	full	L1811231	1	0.4315
c16	500	pplacer	full	L1792265	0	1.0000
c16	500	pplacer	full	L1592890	0	1.0000
c16	500	pplacer	full	L1793065	0	1.0000
c16	500	pplacer	full	L1794839	0	1.0000
c16	500	pplacer	full	L1797546	0	1.0000
c16	500	pplacer	full	L1778239	0	1.0000
c16	500	pplacer	full	L1788156	0	1.0000
c16	500	pplacer	full	L1798302	0	1.0000
c16	500	pplacer	full	L1809234	0	1.0000
c16	500	pplacer	full	L1802345	0	1.0000
c16	500	pplacer	full	L1785009	1	1.0000
c16	500	pplacer	full	L1791527	0	1.0000
c16	500	pplacer	full	L1794712	0	1.0000
c16	500	pplacer	full	L1790481	0	1.0000
c16	500	pplacer	full	L1778753	0	1.0000
c16	500	pplacer	full	L1799840	1	0.9765
c16	500	pplacer	full	L1808966	0	1.0000
c16	500	rs_off	frag	L1592890	2	0.1845
c16	500	rs_off	frag	L1592464	2	0.5178
c16	500	rs_off	frag	L1811231	1	0.2757
c16	500	rs_off	frag	L1808966	0	0.7677
c16	500	rs_off	frag	L1809234	0	0.5479
c16	500	rs_off	frag	L1778239	2	0.2410
c16	500	rs_off	frag	L1778753	0	0.9941
c16	500	rs_off	frag	L1785009	0	0.2111
c16	500	rs_off	frag	L1790481	2	0.1771
c16	500	rs_off	frag	L1788156	0	0.9658
c16	500	rs_off	frag	L1794712	4	0.1664
c16	500	rs_off	frag	L1793065	0	0.5972
c16	500	rs_off	frag	L1796826	0	0.9823
c16	500	rs_off	frag	L1794839	0	0.9574
c16	500	rs_off	frag	L1792265	0	0.9951
c16	500	rs_off	frag	L1791527	0	0.9239
c16	500	rs_off	frag	L1799840	1	0.4503
c16	500	rs_off	frag	L1798302	0	1.0000
c16	500	rs_off	frag	L1797546	0	1.0000
c16	500	rs_off	frag	L1801258	0	0.8130
c16	500	rs_off	frag	L1802345	0	0.9988
c16	500	rs_on	frag	L1592890	0	1.0000
c16	500	rs_on	frag	L1592464	2	1.0000
c16	500	rs_on	frag	L1811231	1	1.0000
c16	500	rs_on	frag	L1808966	0	1.0000
c16	500	rs_on	frag	L1809234	2	0.9881
c16	500	rs_on	frag	L1778239	1	1.0000
c16	500	rs_on	frag	L1778753	4	1.0000
c16	500	rs_on	frag	L1785009	0	0.2111
c16	500	rs_on	frag	L1790481	6	1.0000
c16	500	rs_on	frag	L1788156	2	1.0000
c16	500	rs_on	frag	L1794712	5	1.0000
c16	500	rs_on	frag	L1793065	3	1.0000
c16	500	rs_on	frag	L1796826	3	1.0000
c16	500	rs_on	frag	L1794839	1	1.0000
c16	500	rs_on	frag	L1792265	3	1.0000
c16	500	rs_on	frag	L1791527	1	0.8913
c16	500	rs_on	frag	L1799840	1	1.0000
c16	500	rs_on	frag	L1798302	0	1.0000
c16	500	rs_on	frag	L1797546	0	1.0000
c16	500	rs_on	frag	L1801258	1	1.0000
c16	500	rs_on	frag	L1802345	0	1.0000
c16	500	simd_rson	frag	L1592890	0	1.0000
c16	500	simd_rson	frag	L1592464	2	1.0000
c16	500	simd_rson	frag	L1811231	1	1.0000
c16	500	simd_rson	frag	L1808966	0	1.0000
c16	500	simd_rson	frag	L1809234	2	0.9881
c16	500	simd_rson	frag	L1778239	1	1.0000
c16	500	simd_rson	frag	L1778753	4	1.0000
c16	500	simd_rson	frag	L1785009	0	0.2111
c16	500	simd_rson	frag	L1790481	6	1.0000
c16	500	simd_rson	frag	L1788156	2	1.0000
c16	500	simd_rson	frag	L1794712	5	1.0000
c16	500	simd_rson	frag	L1793065	3	1.0000
c16	500	simd_rson	frag	L1796826	3	1.0000
c16	500	simd_rson	frag	L1794839	1	1.0000
c16	500	simd_rson	frag	L1792265	3	1.0000
c16	500	simd_rson	frag	L1791527	1	0.8913
c16	500	simd_rson	frag	L1799840	1	1.0000
c16	500	simd_rson	frag	L1798302	0	1.0000
c16	500	simd_rson	frag	L1797546	0	1.0000
c16	500	simd_rson	frag	L1801258	1	1.0000
c16	500	simd_rson	frag	L1802345	0	1.0000
c16	5000	auto	frag	L1592890	0	1.0000
c16	5000	auto	frag	L1592464	4	1.0000
c16	5000	auto	frag	L1811231	0	0.9961
c16	5000	auto	frag	L1808966	0	0.9665
c16	5000	auto	frag	L1809234	2	1.0000
c16	5000	auto	frag	L1778239	1	0.4814
c16	5000	auto	frag	L1778753	1	0.5012
c16	5000	auto	frag	L1785009	0	0.2118
c16	5000	auto	frag	L1790481	5	0.9917
c16	5000	auto	frag	L1788156	0	1.0000
c16	5000	auto	frag	L1794712	4	1.0000
c16	5000	auto	frag	L1793065	3	1.0000
c16	5000	auto	frag	L1796826	3	1.0000
c16	5000	auto	frag	L1794839	0	0.9965
c16	5000	auto	frag	L1792265	1	1.0000
c16	5000	auto	frag	L1791527	3	0.9770
c16	5000	auto	frag	L1799840	2	1.0000
c16	5000	auto	frag	L1798302	0	1.0000
c16	5000	auto	frag	L1797546	0	1.0000
c16	5000	auto	frag	L1801258	1	0.4927
c16	5000	auto	frag	L1802345	0	1.0000
c16	5000	auto	full	L1592464	0	1.0000
c16	5000	auto	full	L1592890	0	1.0000
c16	5000	auto	full	L1811231	1	1.0000
c16	5000	auto	full	L1808966	0	1.0000
c16	5000	auto	full	L1809234	0	1.0000
c16	5000	auto	full	L1778753	0	1.0000
c16	5000	auto	full	L1778239	0	0.9998
c16	5000	auto	full	L1785009	1	0.9884
c16	5000	auto	full	L1788156	0	1.0000
c16	5000	auto	full	L1796826	0	0.9997
c16	5000	auto	full	L1794712	0	1.0000
c16	5000	auto	full	L1794839	0	1.0000
c16	5000	auto	full	L1793065	0	1.0000
c16	5000	auto	full	L1792265	0	1.0000
c16	5000	auto	full	L1791527	0	1.0000
c16	5000	auto	full	L1790481	0	1.0000
c16	5000	auto	full	L1799840	0	0.9458
c16	5000	auto	full	L1798302	0	1.0000
c16	5000	auto	full	L1797546	0	1.0000
c16	5000	auto	full	L1801258	0	1.0000
c16	5000	auto	full	L1802345	0	1.0000
c16	5000	fix	frag	L1592890	2	0.1875
c16	5000	fix	frag	L1592464	2	0.4586
c16	5000	fix	frag	L1811231	1	0.4210
c16	5000	fix	frag	L1808966	0	0.6513
c16	5000	fix	frag	L1809234	0	0.5372
c16	5000	fix	frag	L1778239	2	0.4309
c16	5000	fix	frag	L1778753	0	0.9939
c16	5000	fix	frag	L1785009	0	0.2118
c16	5000	fix	frag	L1790481	4	0.1691
c16	5000	fix	frag	L1788156	0	0.9628
c16	5000	fix	frag	L1794712	1	0.3172
c16	5000	fix	frag	L1793065	0	0.5970
c16	5000	fix	frag	L1796826	0	0.9809
c16	5000	fix	frag	L1794839	0	0.9421
c16	5000	fix	frag	L1792265	0	0.9963
c16	5000	fix	frag	L1791527	0	0.9228
c16	5000	fix	frag	L1799840	1	0.4191
c16	5000	fix	frag	L1798302	0	1.0000
c16	5000	fix	frag	L1797546	0	1.0000
c16	5000	fix	frag	L1801258	0	0.7922
c16	5000	fix	frag	L1802345	0	0.9977
c16	5000	fix	full	L1592464	0	1.0000
c16	5000	fix	full	L1592890	0	1.0000
c16	5000	fix	full	L1811231	1	1.0000
c16	5000	fix	full	L1808966	0	1.0000
c16	5000	fix	full	L1809234	0	1.0000
c16	5000	fix	full	L1778753	0	1.0000
c16	5000	fix	full	L1778239	0	0.9998
c16	5000	fix	full	L1785009	1	0.9884
c16	5000	fix	full	L1788156	0	1.0000
c16	5000	fix	full	L1796826	0	0.9997
c16	5000	fix	full	L1794712	0	1.0000
c16	5000	fix	full	L1794839	0	1.0000
c16	5000	fix	full	L1793065	0	1.0000
c16	5000	fix	full	L1792265	0	1.0000
c16	5000	fix	full	L1791527	0	1.0000
c16	5000	fix	full	L1790481	0	1.0000
c16	5000	fix	full	L1799840	0	0.9458
c16	5000	fix	full	L1798302	0	1.0000
c16	5000	fix	full	L1797546	0	1.0000
c16	5000	fix	full	L1801258	0	1.0000
c16	5000	fix	full	L1802345	0	1.0000
c16	5000	fix_noheur	frag	L1592464	2	0.4357
c16	5000	fix_noheur	frag	L1592890	2	0.1863
c16	5000	fix_noheur	frag	L1778239	2	0.4304
c16	5000	fix_noheur	frag	L1778753	0	0.9935
c16	5000	fix_noheur	frag	L1785009	0	0.2117
c16	5000	fix_noheur	frag	L1788156	0	0.9613
c16	5000	fix_noheur	frag	L1790481	4	0.1689
c16	5000	fix_noheur	frag	L1791527	0	0.9203
c16	5000	fix_noheur	frag	L1792265	0	0.9955
c16	5000	fix_noheur	frag	L1793065	0	0.5602
c16	5000	fix_noheur	frag	L1794712	1	0.3170
c16	5000	fix_noheur	frag	L1794839	0	0.9271
c16	5000	fix_noheur	frag	L1796826	0	0.9809
c16	5000	fix_noheur	frag	L1797546	0	1.0000
c16	5000	fix_noheur	frag	L1798302	0	1.0000
c16	5000	fix_noheur	frag	L1799840	1	0.3929
c16	5000	fix_noheur	frag	L1801258	0	0.7919
c16	5000	fix_noheur	frag	L1802345	0	0.9964
c16	5000	fix_noheur	frag	L1808966	0	0.6511
c16	5000	fix_noheur	frag	L1809234	0	0.5372
c16	5000	fix_noheur	frag	L1811231	1	0.4210
c16	5000	noheur	frag	L1592464	15	1.0000
c16	5000	noheur	frag	L1592890	11	1.0000
c16	5000	noheur	frag	L1778239	25	1.0000
c16	5000	noheur	frag	L1778753	25	1.0000
c16	5000	noheur	frag	L1785009	0	0.2117
c16	5000	noheur	frag	L1788156	26	1.0000
c16	5000	noheur	frag	L1790481	27	1.0000
c16	5000	noheur	frag	L1791527	21	1.0000
c16	5000	noheur	frag	L1792265	16	1.0000
c16	5000	noheur	frag	L1793065	29	1.0000
c16	5000	noheur	frag	L1794712	24	1.0000
c16	5000	noheur	frag	L1794839	16	1.0000
c16	5000	noheur	frag	L1796826	21	1.0000
c16	5000	noheur	frag	L1797546	12	1.0000
c16	5000	noheur	frag	L1798302	14	1.0000
c16	5000	noheur	frag	L1799840	25	1.0000
c16	5000	noheur	frag	L1801258	26	1.0000
c16	5000	noheur	frag	L1802345	19	1.0000
c16	5000	noheur	frag	L1808966	22	1.0000
c16	5000	noheur	frag	L1809234	24	1.0000
c16	5000	noheur	frag	L1811231	23	1.0000
c16	5000	nopremask	frag	L1592890	2	0.1437
c16	5000	nopremask	frag	L1592464	2	0.3706
c16	5000	nopremask	frag	L1811231	1	0.5497
c16	5000	nopremask	frag	L1808966	0	0.8687
c16	5000	nopremask	frag	L1809234	0	0.5028
c16	5000	nopremask	frag	L1778239	2	0.4546
c16	5000	nopremask	frag	L1778753	0	0.9944
c16	5000	nopremask	frag	L1785009	1	0.2386
c16	5000	nopremask	frag	L1790481	4	0.2263
c16	5000	nopremask	frag	L1788156	0	0.9900
c16	5000	nopremask	frag	L1794712	1	0.2657
c16	5000	nopremask	frag	L1793065	0	0.6383
c16	5000	nopremask	frag	L1796826	0	0.9702
c16	5000	nopremask	frag	L1794839	0	0.9674
c16	5000	nopremask	frag	L1792265	0	0.9966
c16	5000	nopremask	frag	L1791527	0	0.9103
c16	5000	nopremask	frag	L1799840	1	0.3940
c16	5000	nopremask	frag	L1798302	0	1.0000
c16	5000	nopremask	frag	L1797546	0	1.0000
c16	5000	nopremask	frag	L1801258	0	0.7860
c16	5000	nopremask	frag	L1802345	0	0.9990
c16	5000	pplacer	frag	L1794839	0	0.9879
c16	5000	pplacer	frag	L1788156	0	1.0000
c16	5000	pplacer	frag	L1791527	0	0.8819
c16	5000	pplacer	frag	L1792265	0	1.0000
c16	5000	pplacer	frag	L1790481	3	0.2814
c16	5000	pplacer	frag	L1809234	0	0.4827
c16	5000	pplacer	frag	L1778239	3	0.4415
c16	5000	pplacer	frag	L1778753	0	1.0000
c16	5000	pplacer	frag	L1798302	0	1.0000
c16	5000	pplacer	frag	L1592890	2	0.1947
c16	5000	pplacer	frag	L1802345	0	1.0000
c16	5000	pplacer	frag	L1785009	1	0.1882
c16	5000	pplacer	frag	L1796826	0	1.0000
c16	5000	pplacer	frag	L1793065	0	0.6024
c16	5000	pplacer	frag	L1799840	1	0.4690
c16	5000	pplacer	frag	L1797546	0	1.0000
c16	5000	pplacer	frag	L1801258	0	0.7963
c16	5000	pplacer	frag	L1592464	2	0.5468
c16	5000	pplacer	frag	L1808966	0	0.7193
c16	5000	pplacer	frag	L1811231	1	0.5037
c16	5000	pplacer	frag	L1794712	0	0.3435
c16	5000	pplacer	full	L1592464	0	1.0000
c16	5000	pplacer	full	L1796826	0	1.0000
c16	5000	pplacer	full	L1801258	0	1.0000
c16	5000	pplacer	full	L1811231	1	0.4303
c16	5000	pplacer	full	L1792265	0	1.0000
c16	5000	pplacer	full	L1592890	0	1.0000
c16	5000	pplacer	full	L1793065	0	1.0000
c16	5000	pplacer	full	L1794839	0	1.0000
c16	5000	pplacer	full	L1797546	0	1.0000
c16	5000	pplacer	full	L1778239	0	1.0000
c16	5000	pplacer	full	L1788156	0	1.0000
c16	5000	pplacer	full	L1798302	0	1.0000
c16	5000	pplacer	full	L1809234	0	1.0000
c16	5000	pplacer	full	L1802345	0	1.0000
c16	5000	pplacer	full	L1785009	1	1.0000
c16	5000	pplacer	full	L1791527	0	1.0000
c16	5000	pplacer	full	L1794712	0	1.0000
c16	5000	pplacer	full	L1790481	0	1.0000
c16	5000	pplacer	full	L1778753	0	1.0000
c16	5000	pplacer	full	L1799840	1	0.9771
c16	5000	pplacer	full	L1808966	0	1.0000
c16	5000	rs_on	frag	L1592890	0	1.0000
c16	5000	rs_on	frag	L1592464	4	1.0000
c16	5000	rs_on	frag	L1811231	0	0.9961
c16	5000	rs_on	frag	L1808966	0	0.9665
c16	5000	rs_on	frag	L1809234	2	1.0000
c16	5000	rs_on	frag	L1778239	1	0.4814
c16	5000	rs_on	frag	L1778753	1	0.5012
c16	5000	rs_on	frag	L1785009	0	0.2118
c16	5000	rs_on	frag	L1790481	5	0.9917
c16	5000	rs_on	frag	L1788156	0	1.0000
c16	5000	rs_on	frag	L1794712	4	1.0000
c16	5000	rs_on	frag	L1793065	3	1.0000
c16	5000	rs_on	frag	L1796826	3	1.0000
c16	5000	rs_on	frag	L1794839	0	0.9965
c16	5000	rs_on	frag	L1792265	1	1.0000
c16	5000	rs_on	frag	L1791527	3	0.9770
c16	5000	rs_on	frag	L1799840	2	1.0000
c16	5000	rs_on	frag	L1798302	0	1.0000
c16	5000	rs_on	frag	L1797546	0	1.0000
c16	5000	rs_on	frag	L1801258	1	0.4927
c16	5000	rs_on	frag	L1802345	0	1.0000
c16	5000	shift	frag	L1592890	2	0.1875
c16	5000	shift	frag	L1592464	2	0.4586
c16	5000	shift	frag	L1811231	1	0.4210
c16	5000	shift	frag	L1808966	0	0.6513
c16	5000	shift	frag	L1809234	0	0.5372
c16	5000	shift	frag	L1778239	2	0.4309
c16	5000	shift	frag	L1778753	0	0.9939
c16	5000	shift	frag	L1785009	0	0.2118
c16	5000	shift	frag	L1790481	4	0.1691
c16	5000	shift	frag	L1788156	0	0.9628
c16	5000	shift	frag	L1794712	1	0.3172
c16	5000	shift	frag	L1793065	0	0.5970
c16	5000	shift	frag	L1796826	0	0.9809
c16	5000	shift	frag	L1794839	0	0.9421
c16	5000	shift	frag	L1792265	0	0.9963
c16	5000	shift	frag	L1791527	0	0.9228
c16	5000	shift	frag	L1799840	1	0.4191
c16	5000	shift	frag	L1798302	0	1.0000
c16	5000	shift	frag	L1797546	0	1.0000
c16	5000	shift	frag	L1801258	0	0.7922
c16	5000	shift	frag	L1802345	0	0.9977
c16	5000	simd	frag	L1592890	0	1.0000
c16	5000	simd	frag	L1592464	4	1.0000
c16	5000	simd	frag	L1811231	0	0.9961
c16	5000	simd	frag	L1808966	0	0.9665
c16	5000	simd	frag	L1809234	2	1.0000
c16	5000	simd	frag	L1778239	1	0.4814
c16	5000	simd	frag	L1778753	1	0.5012
c16	5000	simd	frag	L1785009	0	0.2118
c16	5000	simd	frag	L1790481	5	0.9917
c16	5000	simd	frag	L1788156	0	1.0000
c16	5000	simd	frag	L1794712	4	1.0000
c16	5000	simd	frag	L1793065	3	1.0000
c16	5000	simd	frag	L1796826	3	1.0000
c16	5000	simd	frag	L1794839	0	0.9965
c16	5000	simd	frag	L1792265	1	1.0000
c16	5000	simd	frag	L1791527	3	0.9770
c16	5000	simd	frag	L1799840	2	1.0000
c16	5000	simd	frag	L1798302	0	1.0000
c16	5000	simd	frag	L1797546	0	1.0000
c16	5000	simd	frag	L1801258	1	0.4927
c16	5000	simd	frag	L1802345	0	1.0000
c16	5000	simd_rson	frag	L1592890	0	1.0000
c16	5000	simd_rson	frag	L1592464	4	1.0000
c16	5000	simd_rson	frag	L1811231	0	0.9961
c16	5000	simd_rson	frag	L1808966	0	0.9665
c16	5000	simd_rson	frag	L1809234	2	1.0000
c16	5000	simd_rson	frag	L1778239	1	0.4814
c16	5000	simd_rson	frag	L1778753	1	0.5012
c16	5000	simd_rson	frag	L1785009	0	0.2118
c16	5000	simd_rson	frag	L1790481	5	0.9917
c16	5000	simd_rson	frag	L1788156	0	1.0000
c16	5000	simd_rson	frag	L1794712	4	1.0000
c16	5000	simd_rson	frag	L1793065	3	1.0000
c16	5000	simd_rson	frag	L1796826	3	1.0000
c16	5000	simd_rson	frag	L1794839	0	0.9965
c16	5000	simd_rson	frag	L1792265	1	1.0000
c16	5000	simd_rson	frag	L1791527	3	0.9770
c16	5000	simd_rson	frag	L1799840	2	1.0000
c16	5000	simd_rson	frag	L1798302	0	1.0000
c16	5000	simd_rson	frag	L1797546	0	1.0000
c16	5000	simd_rson	frag	L1801258	1	0.4927
c16	5000	simd_rson	frag	L1802345	0	1.0000
c17	1000	auto	frag	L1292363	1	0.2214
c17	1000	auto	frag	L1292503	0	1.0000
c17	1000	auto	frag	L1294408	0	0.4707
c17	1000	auto	frag	L1294453	1	0.5318
c17	1000	auto	frag	L1294952	1	0.5359
c17	1000	auto	frag	L1302458	3	0.3551
c17	1000	auto	frag	L943752	0	0.4090
c17	1000	auto	frag	L1052309	0	1.0000
c17	1000	auto	full	L1292363	0	0.8859
c17	1000	auto	full	L1292503	0	1.0000
c17	1000	auto	full	L1294408	1	0.5949
c17	1000	auto	full	L1294453	0	0.9905
c17	1000	auto	full	L1294952	0	1.0000
c17	1000	auto	full	L1302458	1	1.0000
c17	1000	auto	full	L943752	0	1.0000
c17	1000	auto	full	L1052309	0	1.0000
c17	1000	diagcpu	frag	L1292363	1	0.2214
c17	1000	diagcpu	frag	L1292503	0	1.0000
c17	1000	diagcpu	frag	L1294408	0	0.4707
c17	1000	diagcpu	frag	L1294453	1	0.5318
c17	1000	diagcpu	frag	L1294952	1	0.5359
c17	1000	diagcpu	frag	L1302458	3	0.3551
c17	1000	diagcpu	frag	L943752	0	0.4090
c17	1000	diagcpu	frag	L1052309	0	1.0000
c17	1000	fix	frag	L1292363	1	0.2214
c17	1000	fix	frag	L1292503	0	1.0000
c17	1000	fix	frag	L1294408	0	0.4707
c17	1000	fix	frag	L1294453	1	0.5318
c17	1000	fix	frag	L1294952	1	0.5359
c17	1000	fix	frag	L1302458	3	0.3551
c17	1000	fix	frag	L943752	0	0.4090
c17	1000	fix	frag	L1052309	0	1.0000
c17	1000	fix	full	L1292363	0	0.8859
c17	1000	fix	full	L1292503	0	1.0000
c17	1000	fix	full	L1294408	1	0.5949
c17	1000	fix	full	L1294453	0	0.9905
c17	1000	fix	full	L1294952	0	1.0000
c17	1000	fix	full	L1302458	1	1.0000
c17	1000	fix	full	L943752	0	1.0000
c17	1000	fix	full	L1052309	0	1.0000
c17	1000	fix_rson	frag	L1292363	1	0.2214
c17	1000	fix_rson	frag	L1292503	0	1.0000
c17	1000	fix_rson	frag	L1294408	0	0.4707
c17	1000	fix_rson	frag	L1294453	1	0.5318
c17	1000	fix_rson	frag	L1294952	1	0.5359
c17	1000	fix_rson	frag	L1302458	3	0.3551
c17	1000	fix_rson	frag	L943752	0	0.4090
c17	1000	fix_rson	frag	L1052309	0	1.0000
c17	1000	noheur	frag	L1052309	0	1.0000
c17	1000	noheur	frag	L1292363	1	0.2205
c17	1000	noheur	frag	L1292503	0	0.9999
c17	1000	noheur	frag	L1294408	0	0.4683
c17	1000	noheur	frag	L1294453	1	0.5304
c17	1000	noheur	frag	L1294952	1	0.5359
c17	1000	noheur	frag	L1302458	3	0.3536
c17	1000	noheur	frag	L943752	0	0.4090
c17	1000	nopremask	frag	L1292363	0	0.3419
c17	1000	nopremask	frag	L1292503	0	1.0000
c17	1000	nopremask	frag	L1294408	1	0.5162
c17	1000	nopremask	frag	L1294453	1	0.4652
c17	1000	nopremask	frag	L1294952	1	0.4785
c17	1000	nopremask	frag	L1302458	3	0.2246
c17	1000	nopremask	frag	L943752	0	0.5966
c17	1000	nopremask	frag	L1052309	0	1.0000
c17	1000	pplacer	frag	L1294408	0	0.3285
c17	1000	pplacer	frag	L1052309	0	1.0000
c17	1000	pplacer	frag	L1292503	0	1.0000
c17	1000	pplacer	frag	L1292363	1	0.2247
c17	1000	pplacer	frag	L943752	0	0.4399
c17	1000	pplacer	frag	L1294453	1	0.5251
c17	1000	pplacer	frag	L1302458	3	0.4450
c17	1000	pplacer	frag	L1294952	1	0.5458
c17	1000	pplacer	full	L1052309	0	1.0000
c17	1000	pplacer	full	L1294952	0	1.0000
c17	1000	pplacer	full	L1302458	1	1.0000
c17	1000	pplacer	full	L1294408	1	0.4809
c17	1000	pplacer	full	L943752	0	1.0000
c17	1000	pplacer	full	L1292363	0	0.8594
c17	1000	pplacer	full	L1292503	0	1.0000
c17	1000	pplacer	full	L1294453	0	0.9106
c17	1000	rs_off	frag	L1292363	1	0.2214
c17	1000	rs_off	frag	L1292503	0	1.0000
c17	1000	rs_off	frag	L1294408	0	0.4707
c17	1000	rs_off	frag	L1294453	1	0.5318
c17	1000	rs_off	frag	L1294952	1	0.5359
c17	1000	rs_off	frag	L1302458	3	0.3551
c17	1000	rs_off	frag	L943752	0	0.4090
c17	1000	rs_off	frag	L1052309	0	1.0000
c17	1000	rs_on	frag	L1292363	1	1.0000
c17	1000	rs_on	frag	L1292503	0	1.0000
c17	1000	rs_on	frag	L1294408	2	1.0000
c17	1000	rs_on	frag	L1294453	3	1.0000
c17	1000	rs_on	frag	L1294952	3	1.0000
c17	1000	rs_on	frag	L1302458	3	1.0000
c17	1000	rs_on	frag	L943752	0	0.4090
c17	1000	rs_on	frag	L1052309	0	1.0000
c17	1000	simd_rson	frag	L1292363	1	1.0000
c17	1000	simd_rson	frag	L1292503	0	1.0000
c17	1000	simd_rson	frag	L1294408	2	1.0000
c17	1000	simd_rson	frag	L1294453	3	1.0000
c17	1000	simd_rson	frag	L1294952	3	1.0000
c17	1000	simd_rson	frag	L1302458	3	1.0000
c17	1000	simd_rson	frag	L943752	0	0.4090
c17	1000	simd_rson	frag	L1052309	0	1.0000
c17	2000	auto	frag	L1292363	1	0.2216
c17	2000	auto	frag	L1292503	0	1.0000
c17	2000	auto	frag	L1294408	0	0.4664
c17	2000	auto	frag	L1294453	1	0.6375
c17	2000	auto	frag	L1294952	1	0.5372
c17	2000	auto	frag	L1302458	3	0.3300
c17	2000	auto	frag	L943752	0	0.4242
c17	2000	auto	frag	L1052309	0	1.0000
c17	2000	auto	full	L1292363	0	0.9138
c17	2000	auto	full	L1292503	0	1.0000
c17	2000	auto	full	L1294408	1	0.5274
c17	2000	auto	full	L1294453	0	0.9874
c17	2000	auto	full	L1294952	0	1.0000
c17	2000	auto	full	L1302458	1	1.0000
c17	2000	auto	full	L943752	0	1.0000
c17	2000	auto	full	L1052309	0	1.0000
c17	2000	diagcpu	frag	L1292363	1	0.2216
c17	2000	diagcpu	frag	L1292503	0	1.0000
c17	2000	diagcpu	frag	L1294408	0	0.4664
c17	2000	diagcpu	frag	L1294453	1	0.6375
c17	2000	diagcpu	frag	L1294952	1	0.5372
c17	2000	diagcpu	frag	L1302458	3	0.3300
c17	2000	diagcpu	frag	L943752	0	0.4242
c17	2000	diagcpu	frag	L1052309	0	1.0000
c17	2000	fix	frag	L1292363	1	0.2216
c17	2000	fix	frag	L1292503	0	1.0000
c17	2000	fix	frag	L1294408	0	0.4664
c17	2000	fix	frag	L1294453	1	0.6375
c17	2000	fix	frag	L1294952	1	0.5372
c17	2000	fix	frag	L1302458	3	0.3300
c17	2000	fix	frag	L943752	0	0.4242
c17	2000	fix	frag	L1052309	0	1.0000
c17	2000	fix	full	L1292363	0	0.9138
c17	2000	fix	full	L1292503	0	1.0000
c17	2000	fix	full	L1294408	1	0.5274
c17	2000	fix	full	L1294453	0	0.9874
c17	2000	fix	full	L1294952	0	1.0000
c17	2000	fix	full	L1302458	1	1.0000
c17	2000	fix	full	L943752	0	1.0000
c17	2000	fix	full	L1052309	0	1.0000
c17	2000	fix_noheur	frag	L1052309	0	1.0000
c17	2000	fix_noheur	frag	L1292363	1	0.2208
c17	2000	fix_noheur	frag	L1292503	0	0.9999
c17	2000	fix_noheur	frag	L1294408	0	0.4651
c17	2000	fix_noheur	frag	L1294453	1	0.6364
c17	2000	fix_noheur	frag	L1294952	1	0.5372
c17	2000	fix_noheur	frag	L1302458	3	0.3284
c17	2000	fix_noheur	frag	L943752	0	0.4242
c17	2000	fix_rson	frag	L1292363	1	0.2216
c17	2000	fix_rson	frag	L1292503	0	1.0000
c17	2000	fix_rson	frag	L1294408	0	0.4664
c17	2000	fix_rson	frag	L1294453	1	0.6375
c17	2000	fix_rson	frag	L1294952	1	0.5372
c17	2000	fix_rson	frag	L1302458	3	0.3300
c17	2000	fix_rson	frag	L943752	0	0.4242
c17	2000	fix_rson	frag	L1052309	0	1.0000
c17	2000	noheur	frag	L1052309	0	1.0000
c17	2000	noheur	frag	L1292363	1	0.2208
c17	2000	noheur	frag	L1292503	0	0.9999
c17	2000	noheur	frag	L1294408	0	0.4651
c17	2000	noheur	frag	L1294453	1	0.6364
c17	2000	noheur	frag	L1294952	1	0.5372
c17	2000	noheur	frag	L1302458	3	0.3284
c17	2000	noheur	frag	L943752	0	0.4242
c17	2000	nopremask	frag	L1292363	0	0.2827
c17	2000	nopremask	frag	L1292503	0	1.0000
c17	2000	nopremask	frag	L1294408	1	0.4102
c17	2000	nopremask	frag	L1294453	1	0.5763
c17	2000	nopremask	frag	L1294952	1	0.4889
c17	2000	nopremask	frag	L1302458	3	0.2728
c17	2000	nopremask	frag	L943752	0	0.4981
c17	2000	nopremask	frag	L1052309	0	1.0000
c17	2000	pplacer	frag	L1294408	0	0.3285
c17	2000	pplacer	frag	L1052309	0	1.0000
c17	2000	pplacer	frag	L1292503	0	1.0000
c17	2000	pplacer	frag	L1292363	1	0.2247
c17	2000	pplacer	frag	L943752	0	0.4763
c17	2000	pplacer	frag	L1294453	1	0.5256
c17	2000	pplacer	frag	L1302458	3	0.4449
c17	2000	pplacer	frag	L1294952	1	0.5461
c17	2000	pplacer	full	L1052309	0	1.0000
c17	2000	pplacer	full	L1294952	0	1.0000
c17	2000	pplacer	full	L1302458	1	1.0000
c17	2000	pplacer	full	L1294408	1	0.4788
c17	2000	pplacer	full	L943752	0	1.0000
c17	2000	pplacer	full	L1292363	0	0.8594
c17	2000	pplacer	full	L1292503	0	1.0000
c17	2000	pplacer	full	L1294453	0	0.9106
c17	2000	rs_off	frag	L1292363	1	0.2216
c17	2000	rs_off	frag	L1292503	0	1.0000
c17	2000	rs_off	frag	L1294408	0	0.4664
c17	2000	rs_off	frag	L1294453	1	0.6375
c17	2000	rs_off	frag	L1294952	1	0.5372
c17	2000	rs_off	frag	L1302458	3	0.3300
c17	2000	rs_off	frag	L943752	0	0.4242
c17	2000	rs_off	frag	L1052309	0	1.0000
c17	2000	rs_on	frag	L1292363	0	1.0000
c17	2000	rs_on	frag	L1292503	0	1.0000
c17	2000	rs_on	frag	L1294408	3	1.0000
c17	2000	rs_on	frag	L1294453	2	1.0000
c17	2000	rs_on	frag	L1294952	1	0.9983
c17	2000	rs_on	frag	L1302458	2	1.0000
c17	2000	rs_on	frag	L943752	0	0.4242
c17	2000	rs_on	frag	L1052309	0	1.0000
c17	2000	simd_rson	frag	L1292363	0	1.0000
c17	2000	simd_rson	frag	L1292503	0	1.0000
c17	2000	simd_rson	frag	L1294408	3	1.0000
c17	2000	simd_rson	frag	L1294453	2	1.0000
c17	2000	simd_rson	frag	L1294952	1	0.9983
c17	2000	simd_rson	frag	L1302458	2	1.0000
c17	2000	simd_rson	frag	L943752	0	0.4242
c17	2000	simd_rson	frag	L1052309	0	1.0000
c17	3000	auto	frag	L1292363	2	0.9984
c17	3000	auto	frag	L1292503	0	1.0000
c17	3000	auto	frag	L1294408	2	1.0000
c17	3000	auto	frag	L1294453	2	0.8671
c17	3000	auto	frag	L1294952	1	0.9846
c17	3000	auto	frag	L1302458	3	1.0000
c17	3000	auto	frag	L943752	0	0.4171
c17	3000	auto	frag	L1052309	0	1.0000
c17	3000	auto	full	L1292363	0	0.9326
c17	3000	auto	full	L1292503	0	1.0000
c17	3000	auto	full	L1294408	1	0.6070
c17	3000	auto	full	L1294453	0	0.9833
c17	3000	auto	full	L1294952	0	1.0000
c17	3000	auto	full	L1302458	1	1.0000
c17	3000	auto	full	L943752	0	1.0000
c17	3000	auto	full	L1052309	0	1.0000
c17	3000	fix	frag	L1292363	1	0.2212
c17	3000	fix	frag	L1292503	0	1.0000
c17	3000	fix	frag	L1294408	0	0.4660
c17	3000	fix	frag	L1294453	1	0.6747
c17	3000	fix	frag	L1294952	1	0.5354
c17	3000	fix	frag	L1302458	3	0.3407
c17	3000	fix	frag	L943752	0	0.4171
c17	3000	fix	frag	L1052309	0	1.0000
c17	3000	fix	full	L1292363	0	0.9326
c17	3000	fix	full	L1292503	0	1.0000
c17	3000	fix	full	L1294408	1	0.6070
c17	3000	fix	full	L1294453	0	0.9833
c17	3000	fix	full	L1294952	0	1.0000
c17	3000	fix	full	L1302458	1	1.0000
c17	3000	fix	full	L943752	0	1.0000
c17	3000	fix	full	L1052309	0	1.0000
c17	3000	fix_noheur	frag	L1052309	0	1.0000
c17	3000	fix_noheur	frag	L1292363	1	0.2204
c17	3000	fix_noheur	frag	L1292503	0	0.9999
c17	3000	fix_noheur	frag	L1294408	0	0.4647
c17	3000	fix_noheur	frag	L1294453	1	0.6735
c17	3000	fix_noheur	frag	L1294952	1	0.5354
c17	3000	fix_noheur	frag	L1302458	3	0.3391
c17	3000	fix_noheur	frag	L943752	0	0.4171
c17	3000	noheur	frag	L1052309	8	1.0000
c17	3000	noheur	frag	L1292363	13	1.0000
c17	3000	noheur	frag	L1292503	14	1.0000
c17	3000	noheur	frag	L1294408	25	1.0000
c17	3000	noheur	frag	L1294453	12	1.0000
c17	3000	noheur	frag	L1294952	18	1.0000
c17	3000	noheur	frag	L1302458	18	1.0000
c17	3000	noheur	frag	L943752	0	0.4171
c17	3000	nopremask	frag	L1292363	0	0.2541
c17	3000	nopremask	frag	L1292503	0	1.0000
c17	3000	nopremask	frag	L1294408	1	0.4101
c17	3000	nopremask	frag	L1294453	1	0.6109
c17	3000	nopremask	frag	L1294952	1	0.4837
c17	3000	nopremask	frag	L1302458	3	0.2953
c17	3000	nopremask	frag	L943752	0	0.4569
c17	3000	nopremask	frag	L1052309	0	1.0000
c17	3000	pplacer	frag	L1294408	0	0.3285
c17	3000	pplacer	frag	L1052309	0	1.0000
c17	3000	pplacer	frag	L1292503	0	1.0000
c17	3000	pplacer	frag	L1292363	1	0.2249
c17	3000	pplacer	frag	L943752	0	0.4643
c17	3000	pplacer	frag	L1294453	1	0.5259
c17	3000	pplacer	frag	L1302458	3	0.4426
c17	3000	pplacer	frag	L1294952	1	0.5464
c17	3000	pplacer	full	L1052309	0	1.0000
c17	3000	pplacer	full	L1294952	0	1.0000
c17	3000	pplacer	full	L1302458	1	1.0000
c17	3000	pplacer	full	L1294408	1	0.4762
c17	3000	pplacer	full	L943752	0	1.0000
c17	3000	pplacer	full	L1292363	0	0.8616
c17	3000	pplacer	full	L1292503	0	1.0000
c17	3000	pplacer	full	L1294453	0	0.9104
c17	3000	rs_off	frag	L1292363	1	0.2212
c17	3000	rs_off	frag	L1292503	0	1.0000
c17	3000	rs_off	frag	L1294408	0	0.4660
c17	3000	rs_off	frag	L1294453	1	0.6747
c17	3000	rs_off	frag	L1294952	1	0.5354
c17	3000	rs_off	frag	L1302458	3	0.3407
c17	3000	rs_off	frag	L943752	0	0.4171
c17	3000	rs_off	frag	L1052309	0	1.0000
c17	3000	rs_on	frag	L1292363	2	0.9984
c17	3000	rs_on	frag	L1292503	0	1.0000
c17	3000	rs_on	frag	L1294408	2	1.0000
c17	3000	rs_on	frag	L1294453	2	0.8671
c17	3000	rs_on	frag	L1294952	1	0.9846
c17	3000	rs_on	frag	L1302458	3	1.0000
c17	3000	rs_on	frag	L943752	0	0.4171
c17	3000	rs_on	frag	L1052309	0	1.0000
c17	3000	shift	frag	L1292363	1	0.2212
c17	3000	shift	frag	L1292503	0	1.0000
c17	3000	shift	frag	L1294408	0	0.4660
c17	3000	shift	frag	L1294453	1	0.6747
c17	3000	shift	frag	L1294952	1	0.5354
c17	3000	shift	frag	L1302458	3	0.3407
c17	3000	shift	frag	L943752	0	0.4171
c17	3000	shift	frag	L1052309	0	1.0000
c17	3000	simd	frag	L1292363	2	0.9984
c17	3000	simd	frag	L1292503	0	1.0000
c17	3000	simd	frag	L1294408	2	1.0000
c17	3000	simd	frag	L1294453	2	0.8671
c17	3000	simd	frag	L1294952	1	0.9846
c17	3000	simd	frag	L1302458	3	1.0000
c17	3000	simd	frag	L943752	0	0.4171
c17	3000	simd	frag	L1052309	0	1.0000
c17	3000	simd_rson	frag	L1292363	2	0.9984
c17	3000	simd_rson	frag	L1292503	0	1.0000
c17	3000	simd_rson	frag	L1294408	2	1.0000
c17	3000	simd_rson	frag	L1294453	2	0.8671
c17	3000	simd_rson	frag	L1294952	1	0.9846
c17	3000	simd_rson	frag	L1302458	3	1.0000
c17	3000	simd_rson	frag	L943752	0	0.4171
c17	3000	simd_rson	frag	L1052309	0	1.0000
c17	500	auto	frag	L1292363	1	0.2216
c17	500	auto	frag	L1292503	0	1.0000
c17	500	auto	frag	L1294408	0	0.4690
c17	500	auto	frag	L1294453	1	0.5934
c17	500	auto	frag	L1294952	1	0.3887
c17	500	auto	frag	L1302458	3	0.2966
c17	500	auto	frag	L943752	0	0.4334
c17	500	auto	frag	L1052309	0	1.0000
c17	500	auto	full	L1292363	0	0.9215
c17	500	auto	full	L1292503	0	1.0000
c17	500	auto	full	L1294408	1	0.5523
c17	500	auto	full	L1294453	0	0.9915
c17	500	auto	full	L1294952	0	1.0000
c17	500	auto	full	L1302458	1	1.0000
c17	500	auto	full	L943752	0	1.0000
c17	500	auto	full	L1052309	0	1.0000
c17	500	diagcpu	frag	L1292363	1	0.2216
c17	500	diagcpu	frag	L1292503	0	1.0000
c17	500	diagcpu	frag	L1294408	0	0.4690
c17	500	diagcpu	frag	L1294453	1	0.5934
c17	500	diagcpu	frag	L1294952	1	0.3887
c17	500	diagcpu	frag	L1302458	3	0.2966
c17	500	diagcpu	frag	L943752	0	0.4334
c17	500	diagcpu	frag	L1052309	0	1.0000
c17	500	fix	frag	L1292363	1	0.2216
c17	500	fix	frag	L1292503	0	1.0000
c17	500	fix	frag	L1294408	0	0.4690
c17	500	fix	frag	L1294453	1	0.5934
c17	500	fix	frag	L1294952	1	0.3887
c17	500	fix	frag	L1302458	3	0.2966
c17	500	fix	frag	L943752	0	0.4334
c17	500	fix	frag	L1052309	0	1.0000
c17	500	fix	full	L1292363	0	0.9215
c17	500	fix	full	L1292503	0	1.0000
c17	500	fix	full	L1294408	1	0.5523
c17	500	fix	full	L1294453	0	0.9915
c17	500	fix	full	L1294952	0	1.0000
c17	500	fix	full	L1302458	1	1.0000
c17	500	fix	full	L943752	0	1.0000
c17	500	fix	full	L1052309	0	1.0000
c17	500	fix_rson	frag	L1292363	1	0.2216
c17	500	fix_rson	frag	L1292503	0	1.0000
c17	500	fix_rson	frag	L1294408	0	0.4690
c17	500	fix_rson	frag	L1294453	1	0.5934
c17	500	fix_rson	frag	L1294952	1	0.3887
c17	500	fix_rson	frag	L1302458	3	0.2966
c17	500	fix_rson	frag	L943752	0	0.4334
c17	500	fix_rson	frag	L1052309	0	1.0000
c17	500	noheur	frag	L1052309	0	1.0000
c17	500	noheur	frag	L1292363	1	0.2209
c17	500	noheur	frag	L1292503	0	0.9999
c17	500	noheur	frag	L1294408	0	0.4667
c17	500	noheur	frag	L1294453	1	0.5920
c17	500	noheur	frag	L1294952	1	0.3887
c17	500	noheur	frag	L1302458	3	0.2950
c17	500	noheur	frag	L943752	0	0.4334
c17	500	nopremask	frag	L1292363	0	0.3048
c17	500	nopremask	frag	L1292503	0	1.0000
c17	500	nopremask	frag	L1294408	1	0.4952
c17	500	nopremask	frag	L1294453	1	0.5462
c17	500	nopremask	frag	L1294952	1	0.3533
c17	500	nopremask	frag	L1302458	3	0.2328
c17	500	nopremask	frag	L943752	0	0.4743
c17	500	nopremask	frag	L1052309	0	1.0000
c17	500	pplacer	frag	L1294408	0	0.3285
c17	500	pplacer	frag	L1052309	0	1.0000
c17	500	pplacer	frag	L1292503	0	1.0000
c17	500	pplacer	frag	L1292363	1	0.2246
c17	500	pplacer	frag	L943752	0	0.4450
c17	500	pplacer	frag	L1294453	1	0.5247
c17	500	pplacer	frag	L1302458	3	0.4419
c17	500	pplacer	frag	L1294952	1	0.5458
c17	500	pplacer	full	L1052309	0	1.0000
c17	500	pplacer	full	L1294952	0	1.0000
c17	500	pplacer	full	L1302458	1	1.0000
c17	500	pplacer	full	L1294408	1	0.4812
c17	500	pplacer	full	L943752	0	1.0000
c17	500	pplacer	full	L1292363	0	0.8592
c17	500	pplacer	full	L1292503	0	1.0000
c17	500	pplacer	full	L1294453	0	0.9108
c17	500	rs_off	frag	L1292363	1	0.2216
c17	500	rs_off	frag	L1292503	0	1.0000
c17	500	rs_off	frag	L1294408	0	0.4690
c17	500	rs_off	frag	L1294453	1	0.5934
c17	500	rs_off	frag	L1294952	1	0.3887
c17	500	rs_off	frag	L1302458	3	0.2966
c17	500	rs_off	frag	L943752	0	0.4334
c17	500	rs_off	frag	L1052309	0	1.0000
c17	500	rs_on	frag	L1292363	1	1.0000
c17	500	rs_on	frag	L1292503	0	1.0000
c17	500	rs_on	frag	L1294408	2	1.0000
c17	500	rs_on	frag	L1294453	2	1.0000
c17	500	rs_on	frag	L1294952	0	0.9999
c17	500	rs_on	frag	L1302458	2	0.6803
c17	500	rs_on	frag	L943752	0	0.4334
c17	500	rs_on	frag	L1052309	0	1.0000
c17	500	simd_rson	frag	L1292363	1	1.0000
c17	500	simd_rson	frag	L1292503	0	1.0000
c17	500	simd_rson	frag	L1294408	2	1.0000
c17	500	simd_rson	frag	L1294453	2	1.0000
c17	500	simd_rson	frag	L1294952	0	0.9999
c17	500	simd_rson	frag	L1302458	2	0.6803
c17	500	simd_rson	frag	L943752	0	0.4334
c17	500	simd_rson	frag	L1052309	0	1.0000
c17	5000	auto	frag	L1292363	1	0.3338
c17	5000	auto	frag	L1292503	0	1.0000
c17	5000	auto	frag	L1294408	3	1.0000
c17	5000	auto	frag	L1294453	1	1.0000
c17	5000	auto	frag	L1294952	1	0.7356
c17	5000	auto	frag	L1302458	2	1.0000
c17	5000	auto	frag	L943752	0	0.4180
c17	5000	auto	frag	L1052309	0	1.0000
c17	5000	auto	full	L1292363	0	0.9249
c17	5000	auto	full	L1292503	0	1.0000
c17	5000	auto	full	L1294408	1	0.5974
c17	5000	auto	full	L1294453	0	0.9847
c17	5000	auto	full	L1294952	0	1.0000
c17	5000	auto	full	L1302458	1	1.0000
c17	5000	auto	full	L943752	0	1.0000
c17	5000	auto	full	L1052309	0	1.0000
c17	5000	fix	frag	L1292363	1	0.2213
c17	5000	fix	frag	L1292503	0	1.0000
c17	5000	fix	frag	L1294408	0	0.4585
c17	5000	fix	frag	L1294453	1	0.6779
c17	5000	fix	frag	L1294952	1	0.5490
c17	5000	fix	frag	L1302458	3	0.3326
c17	5000	fix	frag	L943752	0	0.4180
c17	5000	fix	frag	L1052309	0	1.0000
c17	5000	fix	full	L1292363	0	0.9249
c17	5000	fix	full	L1292503	0	1.0000
c17	5000	fix	full	L1294408	1	0.5974
c17	5000	fix	full	L1294453	0	0.9847
c17	5000	fix	full	L1294952	0	1.0000
c17	5000	fix	full	L1302458	1	1.0000
c17	5000	fix	full	L943752	0	1.0000
c17	5000	fix	full	L1052309	0	1.0000
c17	5000	fix_noheur	frag	L1052309	0	1.0000
c17	5000	fix_noheur	frag	L1292363	1	0.2203
c17	5000	fix_noheur	frag	L1292503	0	0.9999
c17	5000	fix_noheur	frag	L1294408	0	0.4561
c17	5000	fix_noheur	frag	L1294453	1	0.6767
c17	5000	fix_noheur	frag	L1294952	1	0.5490
c17	5000	fix_noheur	frag	L1302458	3	0.3310
c17	5000	fix_noheur	frag	L943752	0	0.4180
c17	5000	noheur	frag	L1052309	6	1.0000
c17	5000	noheur	frag	L1292363	10	1.0000
c17	5000	noheur	frag	L1292503	12	1.0000
c17	5000	noheur	frag	L1294408	12	1.0000
c17	5000	noheur	frag	L1294453	12	1.0000
c17	5000	noheur	frag	L1294952	14	1.0000
c17	5000	noheur	frag	L1302458	15	1.0000
c17	5000	noheur	frag	L943752	0	0.4180
c17	5000	nopremask	frag	L1292363	0	0.2285
c17	5000	nopremask	frag	L1292503	0	1.0000
c17	5000	nopremask	frag	L1294408	1	0.3856
c17	5000	nopremask	frag	L1294453	1	0.6169
c17	5000	nopremask	frag	L1294952	1	0.5167
c17	5000	nopremask	frag	L1302458	3	0.3160
c17	5000	nopremask	frag	L943752	0	0.4196
c17	5000	nopremask	frag	L1052309	0	1.0000
c17	5000	pplacer	frag	L1294408	0	0.3284
c17	5000	pplacer	frag	L1052309	0	1.0000
c17	5000	pplacer	frag	L1292503	0	1.0000
c17	5000	pplacer	frag	L1292363	1	0.2249
c17	5000	pplacer	frag	L943752	0	0.4651
c17	5000	pplacer	frag	L1294453	1	0.5246
c17	5000	pplacer	frag	L1302458	3	0.4461
c17	5000	pplacer	frag	L1294952	1	0.5466
c17	5000	pplacer	full	L1052309	0	1.0000
c17	5000	pplacer	full	L1294952	0	1.0000
c17	5000	pplacer	full	L1302458	1	1.0000
c17	5000	pplacer	full	L1294408	1	0.4791
c17	5000	pplacer	full	L943752	0	1.0000
c17	5000	pplacer	full	L1292363	0	0.8618
c17	5000	pplacer	full	L1292503	0	1.0000
c17	5000	pplacer	full	L1294453	0	0.9132
c17	5000	rs_off	frag	L1292363	1	0.2213
c17	5000	rs_off	frag	L1292503	0	1.0000
c17	5000	rs_off	frag	L1294408	0	0.4585
c17	5000	rs_off	frag	L1294453	1	0.6779
c17	5000	rs_off	frag	L1294952	1	0.5490
c17	5000	rs_off	frag	L1302458	3	0.3326
c17	5000	rs_off	frag	L943752	0	0.4180
c17	5000	rs_off	frag	L1052309	0	1.0000
c17	5000	rs_on	frag	L1292363	1	0.3338
c17	5000	rs_on	frag	L1292503	0	1.0000
c17	5000	rs_on	frag	L1294408	3	1.0000
c17	5000	rs_on	frag	L1294453	1	1.0000
c17	5000	rs_on	frag	L1294952	1	0.7356
c17	5000	rs_on	frag	L1302458	2	1.0000
c17	5000	rs_on	frag	L943752	0	0.4180
c17	5000	rs_on	frag	L1052309	0	1.0000
c17	5000	shift	frag	L1292363	1	0.2213
c17	5000	shift	frag	L1292503	0	1.0000
c17	5000	shift	frag	L1294408	0	0.4585
c17	5000	shift	frag	L1294453	1	0.6779
c17	5000	shift	frag	L1294952	1	0.5490
c17	5000	shift	frag	L1302458	3	0.3326
c17	5000	shift	frag	L943752	0	0.4180
c17	5000	shift	frag	L1052309	0	1.0000
c17	5000	simd	frag	L1292363	1	0.3338
c17	5000	simd	frag	L1292503	0	1.0000
c17	5000	simd	frag	L1294408	3	1.0000
c17	5000	simd	frag	L1294453	1	1.0000
c17	5000	simd	frag	L1294952	1	0.7356
c17	5000	simd	frag	L1302458	2	1.0000
c17	5000	simd	frag	L943752	0	0.4180
c17	5000	simd	frag	L1052309	0	1.0000
c17	5000	simd_rson	frag	L1292363	1	0.3338
c17	5000	simd_rson	frag	L1292503	0	1.0000
c17	5000	simd_rson	frag	L1294408	3	1.0000
c17	5000	simd_rson	frag	L1294453	1	1.0000
c17	5000	simd_rson	frag	L1294952	1	0.7356
c17	5000	simd_rson	frag	L1302458	2	1.0000
c17	5000	simd_rson	frag	L943752	0	0.4180
c17	5000	simd_rson	frag	L1052309	0	1.0000
c2	1000	auto	frag	L499837	20	0.0323
c2	1000	auto	frag	L318026	0	0.8695
c2	1000	auto	frag	L327486	0	1.0000
c2	1000	auto	frag	L324946	0	0.9967
c2	1000	auto	frag	L321627	0	1.0000
c2	1000	auto	frag	L343911	0	0.9990
c2	1000	auto	frag	L331807	1	0.6879
c2	1000	auto	frag	L333865	0	1.0000
c2	1000	auto	frag	L331805	0	0.4245
c2	1000	auto	frag	L385595	8	0.2202
c2	1000	auto	frag	L358098	0	0.9974
c2	1000	auto	frag	L358427	0	1.0000
c2	1000	auto	frag	L388838	1	0.2643
c2	1000	auto	frag	L380751	4	0.0901
c2	1000	auto	frag	L409413	1	0.4222
c2	1000	auto	frag	L418437	0	1.0000
c2	1000	auto	frag	L425262	1	0.5798
c2	1000	auto	frag	L411451	0	1.0000
c2	1000	auto	frag	L462461	0	0.4545
c2	1000	auto	frag	L459710	0	0.8168
c2	1000	auto	full	L499837	8	0.9999
c2	1000	auto	full	L318026	0	1.0000
c2	1000	auto	full	L327486	0	1.0000
c2	1000	auto	full	L324946	0	1.0000
c2	1000	auto	full	L321627	0	1.0000
c2	1000	auto	full	L343911	0	1.0000
c2	1000	auto	full	L333865	0	1.0000
c2	1000	auto	full	L331805	1	1.0000
c2	1000	auto	full	L331807	1	1.0000
c2	1000	auto	full	L358098	0	1.0000
c2	1000	auto	full	L358427	0	1.0000
c2	1000	auto	full	L388838	1	1.0000
c2	1000	auto	full	L380751	1	0.5174
c2	1000	auto	full	L385595	0	1.0000
c2	1000	auto	full	L409413	1	0.5133
c2	1000	auto	full	L418437	0	1.0000
c2	1000	auto	full	L425262	1	1.0000
c2	1000	auto	full	L411451	0	1.0000
c2	1000	auto	full	L462461	1	0.6630
c2	1000	auto	full	L459710	1	0.9634
c2	1000	diagcpu	frag	L499837	20	0.0323
c2	1000	diagcpu	frag	L318026	0	0.8695
c2	1000	diagcpu	frag	L327486	0	1.0000
c2	1000	diagcpu	frag	L324946	0	0.9967
c2	1000	diagcpu	frag	L321627	0	1.0000
c2	1000	diagcpu	frag	L343911	0	0.9990
c2	1000	diagcpu	frag	L331807	1	0.6879
c2	1000	diagcpu	frag	L333865	0	1.0000
c2	1000	diagcpu	frag	L331805	0	0.4245
c2	1000	diagcpu	frag	L385595	8	0.2202
c2	1000	diagcpu	frag	L358098	0	0.9974
c2	1000	diagcpu	frag	L358427	0	1.0000
c2	1000	diagcpu	frag	L388838	1	0.2643
c2	1000	diagcpu	frag	L380751	4	0.0901
c2	1000	diagcpu	frag	L409413	1	0.4222
c2	1000	diagcpu	frag	L418437	0	1.0000
c2	1000	diagcpu	frag	L425262	1	0.5798
c2	1000	diagcpu	frag	L411451	0	1.0000
c2	1000	diagcpu	frag	L462461	0	0.4545
c2	1000	diagcpu	frag	L459710	0	0.8168
c2	1000	fix	frag	L499837	20	0.0323
c2	1000	fix	frag	L318026	0	0.8695
c2	1000	fix	frag	L327486	0	1.0000
c2	1000	fix	frag	L324946	0	0.9967
c2	1000	fix	frag	L321627	0	1.0000
c2	1000	fix	frag	L343911	0	0.9990
c2	1000	fix	frag	L331807	1	0.6879
c2	1000	fix	frag	L333865	0	1.0000
c2	1000	fix	frag	L331805	0	0.4245
c2	1000	fix	frag	L385595	8	0.2202
c2	1000	fix	frag	L358098	0	0.9974
c2	1000	fix	frag	L358427	0	1.0000
c2	1000	fix	frag	L388838	1	0.2643
c2	1000	fix	frag	L380751	4	0.0901
c2	1000	fix	frag	L409413	1	0.4222
c2	1000	fix	frag	L418437	0	1.0000
c2	1000	fix	frag	L425262	1	0.5798
c2	1000	fix	frag	L411451	0	1.0000
c2	1000	fix	frag	L462461	0	0.4545
c2	1000	fix	frag	L459710	0	0.8168
c2	1000	fix	full	L499837	8	0.9999
c2	1000	fix	full	L318026	0	1.0000
c2	1000	fix	full	L327486	0	1.0000
c2	1000	fix	full	L324946	0	1.0000
c2	1000	fix	full	L321627	0	1.0000
c2	1000	fix	full	L343911	0	1.0000
c2	1000	fix	full	L333865	0	1.0000
c2	1000	fix	full	L331805	1	1.0000
c2	1000	fix	full	L331807	1	1.0000
c2	1000	fix	full	L358098	0	1.0000
c2	1000	fix	full	L358427	0	1.0000
c2	1000	fix	full	L388838	1	1.0000
c2	1000	fix	full	L380751	1	0.5174
c2	1000	fix	full	L385595	0	1.0000
c2	1000	fix	full	L409413	1	0.5133
c2	1000	fix	full	L418437	0	1.0000
c2	1000	fix	full	L425262	1	1.0000
c2	1000	fix	full	L411451	0	1.0000
c2	1000	fix	full	L462461	1	0.6630
c2	1000	fix	full	L459710	1	0.9634
c2	1000	fix_rson	frag	L499837	20	0.0323
c2	1000	fix_rson	frag	L318026	0	0.8695
c2	1000	fix_rson	frag	L327486	0	1.0000
c2	1000	fix_rson	frag	L324946	0	0.9967
c2	1000	fix_rson	frag	L321627	0	1.0000
c2	1000	fix_rson	frag	L343911	0	0.9990
c2	1000	fix_rson	frag	L331807	1	0.6879
c2	1000	fix_rson	frag	L333865	0	1.0000
c2	1000	fix_rson	frag	L331805	0	0.4245
c2	1000	fix_rson	frag	L385595	8	0.2202
c2	1000	fix_rson	frag	L358098	0	0.9974
c2	1000	fix_rson	frag	L358427	0	1.0000
c2	1000	fix_rson	frag	L388838	1	0.2643
c2	1000	fix_rson	frag	L380751	4	0.0901
c2	1000	fix_rson	frag	L409413	1	0.4222
c2	1000	fix_rson	frag	L418437	0	1.0000
c2	1000	fix_rson	frag	L425262	1	0.5798
c2	1000	fix_rson	frag	L411451	0	1.0000
c2	1000	fix_rson	frag	L462461	0	0.4545
c2	1000	fix_rson	frag	L459710	0	0.8168
c2	1000	noheur	frag	L318026	0	0.8467
c2	1000	noheur	frag	L321627	0	1.0000
c2	1000	noheur	frag	L324946	0	0.9959
c2	1000	noheur	frag	L327486	0	1.0000
c2	1000	noheur	frag	L331805	0	0.4245
c2	1000	noheur	frag	L331807	1	0.6876
c2	1000	noheur	frag	L333865	0	1.0000
c2	1000	noheur	frag	L343911	0	0.9988
c2	1000	noheur	frag	L358098	0	0.9969
c2	1000	noheur	frag	L358427	0	1.0000
c2	1000	noheur	frag	L380751	4	0.0898
c2	1000	noheur	frag	L385595	8	0.2200
c2	1000	noheur	frag	L388838	1	0.2631
c2	1000	noheur	frag	L409413	1	0.4214
c2	1000	noheur	frag	L411451	0	1.0000
c2	1000	noheur	frag	L418437	0	1.0000
c2	1000	noheur	frag	L425262	1	0.5798
c2	1000	noheur	frag	L459710	0	0.8155
c2	1000	noheur	frag	L462461	0	0.4541
c2	1000	noheur	frag	L499837	20	0.0282
c2	1000	nopremask	frag	L499837	19	0.0283
c2	1000	nopremask	frag	L318026	0	0.9064
c2	1000	nopremask	frag	L327486	0	1.0000
c2	1000	nopremask	frag	L324946	0	0.9956
c2	1000	nopremask	frag	L321627	0	1.0000
c2	1000	nopremask	frag	L343911	0	0.9988
c2	1000	nopremask	frag	L331807	1	0.8701
c2	1000	nopremask	frag	L333865	0	1.0000
c2	1000	nopremask	frag	L331805	0	0.6098
c2	1000	nopremask	frag	L385595	8	0.2375
c2	1000	nopremask	frag	L358098	0	0.9981
c2	1000	nopremask	frag	L358427	0	1.0000
c2	1000	nopremask	frag	L388838	1	0.3426
c2	1000	nopremask	frag	L380751	4	0.0977
c2	1000	nopremask	frag	L409413	1	0.3740
c2	1000	nopremask	frag	L418437	0	1.0000
c2	1000	nopremask	frag	L425262	1	0.5699
c2	1000	nopremask	frag	L411451	0	1.0000
c2	1000	nopremask	frag	L462461	0	0.4261
c2	1000	nopremask	frag	L459710	0	0.7398
c2	1000	pplacer	frag	L459710	0	0.5980
c2	1000	pplacer	frag	L331807	1	0.9496
c2	1000	pplacer	frag	L462461	0	0.3563
c2	1000	pplacer	frag	L385595	9	0.2608
c2	1000	pplacer	frag	L358098	0	1.0000
c2	1000	pplacer	frag	L343911	0	1.0000
c2	1000	pplacer	frag	L499837	18	0.2125
c2	1000	pplacer	frag	L411451	0	1.0000
c2	1000	pplacer	frag	L388838	1	0.6593
c2	1000	pplacer	frag	L324946	0	1.0000
c2	1000	pplacer	frag	L418437	0	1.0000
c2	1000	pplacer	frag	L358427	0	1.0000
c2	1000	pplacer	frag	L327486	0	1.0000
c2	1000	pplacer	frag	L425262	1	0.3764
c2	1000	pplacer	frag	L331805	0	0.6346
c2	1000	pplacer	frag	L409413	1	0.2613
c2	1000	pplacer	frag	L321627	0	1.0000
c2	1000	pplacer	frag	L380751	4	0.2498
c2	1000	pplacer	frag	L318026	0	0.9670
c2	1000	pplacer	frag	L333865	0	1.0000
c2	1000	pplacer	full	L324946	0	1.0000
c2	1000	pplacer	full	L462461	0	0.6263
c2	1000	pplacer	full	L425262	1	0.9364
c2	1000	pplacer	full	L388838	1	0.9264
c2	1000	pplacer	full	L385595	0	1.0000
c2	1000	pplacer	full	L327486	0	1.0000
c2	1000	pplacer	full	L358427	0	1.0000
c2	1000	pplacer	full	L411451	0	1.0000
c2	1000	pplacer	full	L418437	0	1.0000
c2	1000	pplacer	full	L321627	0	1.0000
c2	1000	pplacer	full	L499837	8	0.5991
c2	1000	pplacer	full	L343911	0	1.0000
c2	1000	pplacer	full	L333865	0	1.0000
c2	1000	pplacer	full	L331807	0	0.9239
c2	1000	pplacer	full	L358098	0	1.0000
c2	1000	pplacer	full	L409413	0	0.4145
c2	1000	pplacer	full	L318026	0	1.0000
c2	1000	pplacer	full	L331805	0	1.0000
c2	1000	pplacer	full	L380751	0	0.6847
c2	1000	pplacer	full	L459710	0	0.6146
c2	1000	rs_off	frag	L499837	20	0.0323
c2	1000	rs_off	frag	L318026	0	0.8695
c2	1000	rs_off	frag	L327486	0	1.0000
c2	1000	rs_off	frag	L324946	0	0.9967
c2	1000	rs_off	frag	L321627	0	1.0000
c2	1000	rs_off	frag	L343911	0	0.9990
c2	1000	rs_off	frag	L331807	1	0.6879
c2	1000	rs_off	frag	L333865	0	1.0000
c2	1000	rs_off	frag	L331805	0	0.4245
c2	1000	rs_off	frag	L385595	8	0.2202
c2	1000	rs_off	frag	L358098	0	0.9974
c2	1000	rs_off	frag	L358427	0	1.0000
c2	1000	rs_off	frag	L388838	1	0.2643
c2	1000	rs_off	frag	L380751	4	0.0901
c2	1000	rs_off	frag	L409413	1	0.4222
c2	1000	rs_off	frag	L418437	0	1.0000
c2	1000	rs_off	frag	L425262	1	0.5798
c2	1000	rs_off	frag	L411451	0	1.0000
c2	1000	rs_off	frag	L462461	0	0.4545
c2	1000	rs_off	frag	L459710	0	0.8168
c2	1000	rs_on	frag	L499837	12	1.0000
c2	1000	rs_on	frag	L318026	3	1.0000
c2	1000	rs_on	frag	L327486	0	1.0000
c2	1000	rs_on	frag	L324946	1	1.0000
c2	1000	rs_on	frag	L321627	0	1.0000
c2	1000	rs_on	frag	L343911	4	1.0000
c2	1000	rs_on	frag	L331807	2	1.0000
c2	1000	rs_on	frag	L333865	0	1.0000
c2	1000	rs_on	frag	L331805	4	1.0000
c2	1000	rs_on	frag	L385595	4	1.0000
c2	1000	rs_on	frag	L358098	1	1.0000
c2	1000	rs_on	frag	L358427	0	1.0000
c2	1000	rs_on	frag	L388838	7	1.0000
c2	1000	rs_on	frag	L380751	5	0.9982
c2	1000	rs_on	frag	L409413	4	1.0000
c2	1000	rs_on	frag	L418437	0	1.0000
c2	1000	rs_on	frag	L425262	1	1.0000
c2	1000	rs_on	frag	L411451	0	1.0000
c2	1000	rs_on	frag	L462461	2	1.0000
c2	1000	rs_on	frag	L459710	4	1.0000
c2	1000	simd_rson	frag	L499837	12	1.0000
c2	1000	simd_rson	frag	L318026	3	1.0000
c2	1000	simd_rson	frag	L327486	0	1.0000
c2	1000	simd_rson	frag	L324946	1	1.0000
c2	1000	simd_rson	frag	L321627	0	1.0000
c2	1000	simd_rson	frag	L343911	4	1.0000
c2	1000	simd_rson	frag	L331807	2	1.0000
c2	1000	simd_rson	frag	L333865	0	1.0000
c2	1000	simd_rson	frag	L331805	4	1.0000
c2	1000	simd_rson	frag	L385595	4	1.0000
c2	1000	simd_rson	frag	L358098	1	1.0000
c2	1000	simd_rson	frag	L358427	0	1.0000
c2	1000	simd_rson	frag	L388838	7	1.0000
c2	1000	simd_rson	frag	L380751	5	0.9982
c2	1000	simd_rson	frag	L409413	4	1.0000
c2	1000	simd_rson	frag	L418437	0	1.0000
c2	1000	simd_rson	frag	L425262	1	1.0000
c2	1000	simd_rson	frag	L411451	0	1.0000
c2	1000	simd_rson	frag	L462461	2	1.0000
c2	1000	simd_rson	frag	L459710	4	1.0000
c2	2000	auto	frag	L318026	0	0.8732
c2	2000	auto	frag	L409413	1	0.4675
c2	2000	auto	frag	L327486	0	1.0000
c2	2000	auto	frag	L324946	0	0.9971
c2	2000	auto	frag	L321627	0	1.0000
c2	2000	auto	frag	L343911	0	0.9991
c2	2000	auto	frag	L331807	1	0.6636
c2	2000	auto	frag	L333865	0	1.0000
c2	2000	auto	frag	L331805	0	0.4249
c2	2000	auto	frag	L385595	8	0.2171
c2	2000	auto	frag	L358098	0	0.9976
c2	2000	auto	frag	L358427	0	1.0000
c2	2000	auto	frag	L388838	0	0.2301
c2	2000	auto	frag	L380751	4	0.0908
c2	2000	auto	frag	L418437	0	1.0000
c2	2000	auto	frag	L425262	1	0.5900
c2	2000	auto	frag	L411451	0	1.0000
c2	2000	auto	frag	L462461	0	0.4828
c2	2000	auto	frag	L459710	0	0.6605
c2	2000	auto	frag	L499837	1	0.6493
c2	2000	auto	full	L318026	0	1.0000
c2	2000	auto	full	L327486	0	1.0000
c2	2000	auto	full	L324946	0	1.0000
c2	2000	auto	full	L321627	0	1.0000
c2	2000	auto	full	L343911	0	1.0000
c2	2000	auto	full	L333865	0	1.0000
c2	2000	auto	full	L331805	1	1.0000
c2	2000	auto	full	L331807	1	1.0000
c2	2000	auto	full	L358098	0	1.0000
c2	2000	auto	full	L358427	0	1.0000
c2	2000	auto	full	L388838	1	1.0000
c2	2000	auto	full	L380751	0	0.6548
c2	2000	auto	full	L385595	0	1.0000
c2	2000	auto	full	L409413	0	0.5806
c2	2000	auto	full	L418437	0	1.0000
c2	2000	auto	full	L425262	1	1.0000
c2	2000	auto	full	L411451	0	1.0000
c2	2000	auto	full	L462461	0	0.7248
c2	2000	auto	full	L459710	1	0.9720
c2	2000	auto	full	L499837	0	1.0000
c2	2000	diagcpu	frag	L318026	0	0.8732
c2	2000	diagcpu	frag	L409413	1	0.4675
c2	2000	diagcpu	frag	L327486	0	1.0000
c2	2000	diagcpu	frag	L324946	0	0.9971
c2	2000	diagcpu	frag	L321627	0	1.0000
c2	2000	diagcpu	frag	L343911	0	0.9991
c2	2000	diagcpu	frag	L331807	1	0.6636
c2	2000	diagcpu	frag	L333865	0	1.0000
c2	2000	diagcpu	frag	L331805	0	0.4249
c2	2000	diagcpu	frag	L385595	8	0.2171
c2	2000	diagcpu	frag	L358098	0	0.9976
c2	2000	diagcpu	frag	L358427	0	1.0000
c2	2000	diagcpu	frag	L388838	0	0.2301
c2	2000	diagcpu	frag	L380751	4	0.0908
c2	2000	diagcpu	frag	L418437	0	1.0000
c2	2000	diagcpu	frag	L425262	1	0.5900
c2	2000	diagcpu	frag	L411451	0	1.0000
c2	2000	diagcpu	frag	L462461	0	0.4828
c2	2000	diagcpu	frag	L459710	0	0.6605
c2	2000	diagcpu	frag	L499837	1	0.6493
c2	2000	fix	frag	L318026	0	0.8732
c2	2000	fix	frag	L409413	1	0.4675
c2	2000	fix	frag	L327486	0	1.0000
c2	2000	fix	frag	L324946	0	0.9971
c2	2000	fix	frag	L321627	0	1.0000
c2	2000	fix	frag	L343911	0	0.9991
c2	2000	fix	frag	L331807	1	0.6636
c2	2000	fix	frag	L333865	0	1.0000
c2	2000	fix	frag	L331805	0	0.4249
c2	2000	fix	frag	L385595	8	0.2171
c2	2000	fix	frag	L358098	0	0.9976
c2	2000	fix	frag	L358427	0	1.0000
c2	2000	fix	frag	L388838	0	0.2301
c2	2000	fix	frag	L380751	4	0.0908
c2	2000	fix	frag	L418437	0	1.0000
c2	2000	fix	frag	L425262	1	0.5900
c2	2000	fix	frag	L411451	0	1.0000
c2	2000	fix	frag	L462461	0	0.4828
c2	2000	fix	frag	L459710	0	0.6605
c2	2000	fix	frag	L499837	1	0.6493
c2	2000	fix	full	L318026	0	1.0000
c2	2000	fix	full	L327486	0	1.0000
c2	2000	fix	full	L324946	0	1.0000
c2	2000	fix	full	L321627	0	1.0000
c2	2000	fix	full	L343911	0	1.0000
c2	2000	fix	full	L333865	0	1.0000
c2	2000	fix	full	L331805	1	1.0000
c2	2000	fix	full	L331807	1	1.0000
c2	2000	fix	full	L358098	0	1.0000
c2	2000	fix	full	L358427	0	1.0000
c2	2000	fix	full	L388838	1	1.0000
c2	2000	fix	full	L380751	0	0.6548
c2	2000	fix	full	L385595	0	1.0000
c2	2000	fix	full	L409413	0	0.5806
c2	2000	fix	full	L418437	0	1.0000
c2	2000	fix	full	L425262	1	1.0000
c2	2000	fix	full	L411451	0	1.0000
c2	2000	fix	full	L462461	0	0.7248
c2	2000	fix	full	L459710	1	0.9720
c2	2000	fix	full	L499837	0	1.0000
c2	2000	fix_noheur	frag	L318026	0	0.8510
c2	2000	fix_noheur	frag	L321627	0	1.0000
c2	2000	fix_noheur	frag	L324946	0	0.9957
c2	2000	fix_noheur	frag	L327486	0	1.0000
c2	2000	fix_noheur	frag	L331805	0	0.4248
c2	2000	fix_noheur	frag	L331807	1	0.6631
c2	2000	fix_noheur	frag	L333865	0	1.0000
c2	2000	fix_noheur	frag	L343911	0	0.9989
c2	2000	fix_noheur	frag	L358098	0	0.9971
c2	2000	fix_noheur	frag	L358427	0	1.0000
c2	2000	fix_noheur	frag	L380751	4	0.0905
c2	2000	fix_noheur	frag	L385595	8	0.2169
c2	2000	fix_noheur	frag	L388838	0	0.2288
c2	2000	fix_noheur	frag	L409413	1	0.4659
c2	2000	fix_noheur	frag	L411451	0	1.0000
c2	2000	fix_noheur	frag	L418437	0	1.0000
c2	2000	fix_noheur	frag	L425262	1	0.5900
c2	2000	fix_noheur	frag	L459710	0	0.6584
c2	2000	fix_noheur	frag	L462461	0	0.4789
c2	2000	fix_noheur	frag	L499837	1	0.6401
c2	2000	fix_rson	frag	L318026	0	0.8732
c2	2000	fix_rson	frag	L409413	1	0.4675
c2	2000	fix_rson	frag	L327486	0	1.0000
c2	2000	fix_rson	frag	L324946	0	0.9971
c2	2000	fix_rson	frag	L321627	0	1.0000
c2	2000	fix_rson	frag	L343911	0	0.9991
c2	2000	fix_rson	frag	L331807	1	0.6636
c2	2000	fix_rson	frag	L333865	0	1.0000
c2	2000	fix_rson	frag	L331805	0	0.4249
c2	2000	fix_rson	frag	L385595	8	0.2171
c2	2000	fix_rson	frag	L358098	0	0.9976
c2	2000	fix_rson	frag	L358427	0	1.0000
c2	2000	fix_rson	frag	L388838	0	0.2301
c2	2000	fix_rson	frag	L380751	4	0.0908
c2	2000	fix_rson	frag	L418437	0	1.0000
c2	2000	fix_rson	frag	L425262	1	0.5900
c2	2000	fix_rson	frag	L411451	0	1.0000
c2	2000	fix_rson	frag	L462461	0	0.4828
c2	2000	fix_rson	frag	L459710	0	0.6605
c2	2000	fix_rson	frag	L499837	1	0.6493
c2	2000	noheur	frag	L318026	0	0.8510
c2	2000	noheur	frag	L321627	0	1.0000
c2	2000	noheur	frag	L324946	0	0.9957
c2	2000	noheur	frag	L327486	0	1.0000
c2	2000	noheur	frag	L331805	0	0.4248
c2	2000	noheur	frag	L331807	1	0.6631
c2	2000	noheur	frag	L333865	0	1.0000
c2	2000	noheur	frag	L343911	0	0.9989
c2	2000	noheur	frag	L358098	0	0.9971
c2	2000	noheur	frag	L358427	0	1.0000
c2	2000	noheur	frag	L380751	4	0.0905
c2	2000	noheur	frag	L385595	8	0.2169
c2	2000	noheur	frag	L388838	0	0.2288
c2	2000	noheur	frag	L409413	1	0.4659
c2	2000	noheur	frag	L411451	0	1.0000
c2	2000	noheur	frag	L418437	0	1.0000
c2	2000	noheur	frag	L425262	1	0.5900
c2	2000	noheur	frag	L459710	0	0.6584
c2	2000	noheur	frag	L462461	0	0.4789
c2	2000	noheur	frag	L499837	1	0.6401
c2	2000	nopremask	frag	L318026	0	0.8999
c2	2000	nopremask	frag	L409413	1	0.3900
c2	2000	nopremask	frag	L327486	0	1.0000
c2	2000	nopremask	frag	L324946	0	0.9955
c2	2000	nopremask	frag	L321627	0	1.0000
c2	2000	nopremask	frag	L343911	0	0.9989
c2	2000	nopremask	frag	L331807	1	0.7868
c2	2000	nopremask	frag	L333865	0	1.0000
c2	2000	nopremask	frag	L331805	0	0.7119
c2	2000	nopremask	frag	L385595	8	0.2191
c2	2000	nopremask	frag	L358098	0	0.9982
c2	2000	nopremask	frag	L358427	0	1.0000
c2	2000	nopremask	frag	L388838	1	0.4140
c2	2000	nopremask	frag	L380751	4	0.0917
c2	2000	nopremask	frag	L418437	0	1.0000
c2	2000	nopremask	frag	L425262	1	0.5079
c2	2000	nopremask	frag	L411451	0	1.0000
c2	2000	nopremask	frag	L462461	0	0.7835
c2	2000	nopremask	frag	L459710	0	0.5642
c2	2000	nopremask	frag	L499837	1	0.6192
c2	2000	pplacer	frag	L411451	0	1.0000
c2	2000	pplacer	frag	L358427	0	1.0000
c2	2000	pplacer	frag	L409413	1	0.2615
c2	2000	pplacer	frag	L331807	1	0.9500
c2	2000	pplacer	frag	L358098	0	1.0000
c2	2000	pplacer	frag	L385595	9	0.2613
c2	2000	pplacer	frag	L324946	0	1.0000
c2	2000	pplacer	frag	L418437	0	1.0000
c2	2000	pplacer	frag	L380751	4	0.2504
c2	2000	pplacer	frag	L318026	0	0.9677
c2	2000	pplacer	frag	L459710	0	0.5923
c2	2000	pplacer	frag	L331805	0	0.6372
c2	2000	pplacer	frag	L321627	0	1.0000
c2	2000	pplacer	frag	L499837	1	0.3558
c2	2000	pplacer	frag	L343911	0	1.0000
c2	2000	pplacer	frag	L425262	1	0.3770
c2	2000	pplacer	frag	L462461	0	0.7371
c2	2000	pplacer	frag	L333865	0	1.0000
c2	2000	pplacer	frag	L388838	1	0.6554
c2	2000	pplacer	frag	L327486	0	1.0000
c2	2000	pplacer	full	L499837	0	1.0000
c2	2000	pplacer	full	L324946	0	1.0000
c2	2000	pplacer	full	L388838	1	0.9247
c2	2000	pplacer	full	L462461	0	0.8765
c2	2000	pplacer	full	L409413	0	0.4263
c2	2000	pplacer	full	L358098	0	1.0000
c2	2000	pplacer	full	L418437	0	1.0000
c2	2000	pplacer	full	L331805	0	1.0000
c2	2000	pplacer	full	L411451	0	1.0000
c2	2000	pplacer	full	L333865	0	1.0000
c2	2000	pplacer	full	L459710	0	0.6147
c2	2000	pplacer	full	L425262	1	0.9375
c2	2000	pplacer	full	L321627	0	1.0000
c2	2000	pplacer	full	L343911	0	1.0000
c2	2000	pplacer	full	L385595	0	1.0000
c2	2000	pplacer	full	L318026	0	1.0000
c2	2000	pplacer	full	L380751	0	0.6806
c2	2000	pplacer	full	L358427	0	1.0000
c2	2000	pplacer	full	L331807	0	0.9249
c2	2000	pplacer	full	L327486	0	1.0000
c2	2000	rs_off	frag	L318026	0	0.8732
c2	2000	rs_off	frag	L409413	1	0.4675
c2	2000	rs_off	frag	L327486	0	1.0000
c2	2000	rs_off	frag	L324946	0	0.9971
c2	2000	rs_off	frag	L321627	0	1.0000
c2	2000	rs_off	frag	L343911	0	0.9991
c2	2000	rs_off	frag	L331807	1	0.6636
c2	2000	rs_off	frag	L333865	0	1.0000
c2	2000	rs_off	frag	L331805	0	0.4249
c2	2000	rs_off	frag	L385595	8	0.2171
c2	2000	rs_off	frag	L358098	0	0.9976
c2	2000	rs_off	frag	L358427	0	1.0000
c2	2000	rs_off	frag	L388838	0	0.2301
c2	2000	rs_off	frag	L380751	4	0.0908
c2	2000	rs_off	frag	L418437	0	1.0000
c2	2000	rs_off	frag	L425262	1	0.5900
c2	2000	rs_off	frag	L411451	0	1.0000
c2	2000	rs_off	frag	L462461	0	0.4828
c2	2000	rs_off	frag	L459710	0	0.6605
c2	2000	rs_off	frag	L499837	1	0.6493
c2	2000	rs_on	frag	L318026	3	1.0000
c2	2000	rs_on	frag	L409413	5	1.0000
c2	2000	rs_on	frag	L327486	0	1.0000
c2	2000	rs_on	frag	L324946	0	1.0000
c2	2000	rs_on	frag	L321627	0	1.0000
c2	2000	rs_on	frag	L343911	2	1.0000
c2	2000	rs_on	frag	L331807	0	1.0000
c2	2000	rs_on	frag	L333865	0	1.0000
c2	2000	rs_on	frag	L331805	1	1.0000
c2	2000	rs_on	frag	L385595	8	0.5011
c2	2000	rs_on	frag	L358098	1	1.0000
c2	2000	rs_on	frag	L358427	0	1.0000
c2	2000	rs_on	frag	L388838	7	0.8686
c2	2000	rs_on	frag	L380751	13	0.9282
c2	2000	rs_on	frag	L418437	0	1.0000
c2	2000	rs_on	frag	L425262	0	1.0000
c2	2000	rs_on	frag	L411451	0	1.0000
c2	2000	rs_on	frag	L462461	2	0.9953
c2	2000	rs_on	frag	L459710	3	1.0000
c2	2000	rs_on	frag	L499837	1	0.9994
c2	2000	simd_rson	frag	L318026	3	1.0000
c2	2000	simd_rson	frag	L409413	5	1.0000
c2	2000	simd_rson	frag	L327486	0	1.0000
c2	2000	simd_rson	frag	L324946	0	1.0000
c2	2000	simd_rson	frag	L321627	0	1.0000
c2	2000	simd_rson	frag	L343911	2	1.0000
c2	2000	simd_rson	frag	L331807	0	1.0000
c2	2000	simd_rson	frag	L333865	0	1.0000
c2	2000	simd_rson	frag	L331805	1	1.0000
c2	2000	simd_rson	frag	L385595	8	0.5011
c2	2000	simd_rson	frag	L358098	1	1.0000
c2	2000	simd_rson	frag	L358427	0	1.0000
c2	2000	simd_rson	frag	L388838	7	0.8686
c2	2000	simd_rson	frag	L380751	13	0.9282
c2	2000	simd_rson	frag	L418437	0	1.0000
c2	2000	simd_rson	frag	L425262	0	1.0000
c2	2000	simd_rson	frag	L411451	0	1.0000
c2	2000	simd_rson	frag	L462461	2	0.9953
c2	2000	simd_rson	frag	L459710	3	1.0000
c2	2000	simd_rson	frag	L499837	1	0.9994
c2	3000	auto	frag	L318026	5	1.0000
c2	3000	auto	frag	L409413	4	1.0000
c2	3000	auto	frag	L327486	0	1.0000
c2	3000	auto	frag	L324946	0	1.0000
c2	3000	auto	frag	L321627	0	1.0000
c2	3000	auto	frag	L343911	4	0.5961
c2	3000	auto	frag	L331807	2	0.7405
c2	3000	auto	frag	L333865	0	1.0000
c2	3000	auto	frag	L331805	3	1.0000
c2	3000	auto	frag	L385595	2	0.5159
c2	3000	auto	frag	L358098	1	1.0000
c2	3000	auto	frag	L358427	0	1.0000
c2	3000	auto	frag	L388838	4	1.0000
c2	3000	auto	frag	L380751	4	1.0000
c2	3000	auto	frag	L418437	0	1.0000
c2	3000	auto	frag	L425262	0	0.9894
c2	3000	auto	frag	L411451	0	1.0000
c2	3000	auto	frag	L462461	5	0.9428
c2	3000	auto	frag	L459710	4	1.0000
c2	3000	auto	frag	L499837	0	0.9952
c2	3000	auto	full	L318026	0	0.9999
c2	3000	auto	full	L327486	0	1.0000
c2	3000	auto	full	L324946	0	1.0000
c2	3000	auto	full	L321627	0	1.0000
c2	3000	auto	full	L343911	0	1.0000
c2	3000	auto	full	L333865	0	1.0000
c2	3000	auto	full	L331805	1	1.0000
c2	3000	auto	full	L331807	1	1.0000
c2	3000	auto	full	L358098	0	1.0000
c2	3000	auto	full	L358427	0	1.0000
c2	3000	auto	full	L388838	1	1.0000
c2	3000	auto	full	L380751	0	0.6550
c2	3000	auto	full	L385595	0	1.0000
c2	3000	auto	full	L409413	0	0.5794
c2	3000	auto	full	L418437	0	1.0000
c2	3000	auto	full	L425262	1	1.0000
c2	3000	auto	full	L411451	0	1.0000
c2	3000	auto	full	L462461	0	0.7305
c2	3000	auto	full	L459710	1	0.9666
c2	3000	auto	full	L499837	0	1.0000
c2	3000	fix	frag	L318026	0	0.8777
c2	3000	fix	frag	L409413	1	0.4710
c2	3000	fix	frag	L327486	0	1.0000
c2	3000	fix	frag	L324946	0	0.9971
c2	3000	fix	frag	L321627	0	1.0000
c2	3000	fix	frag	L343911	0	0.9993
c2	3000	fix	frag	L331807	1	0.6803
c2	3000	fix	frag	L333865	0	1.0000
c2	3000	fix	frag	L331805	0	0.4186
c2	3000	fix	frag	L385595	8	0.2580
c2	3000	fix	frag	L358098	0	0.9977
c2	3000	fix	frag	L358427	0	1.0000
c2	3000	fix	frag	L388838	0	0.2324
c2	3000	fix	frag	L380751	4	0.0913
c2	3000	fix	frag	L418437	0	1.0000
c2	3000	fix	frag	L425262	1	0.5919
c2	3000	fix	frag	L411451	0	1.0000
c2	3000	fix	frag	L462461	0	0.5305
c2	3000	fix	frag	L459710	0	0.7706
c2	3000	fix	frag	L499837	1	0.4216
c2	3000	fix	full	L318026	0	0.9999
c2	3000	fix	full	L327486	0	1.0000
c2	3000	fix	full	L324946	0	1.0000
c2	3000	fix	full	L321627	0	1.0000
c2	3000	fix	full	L343911	0	1.0000
c2	3000	fix	full	L333865	0	1.0000
c2	3000	fix	full	L331805	1	1.0000
c2	3000	fix	full	L331807	1	1.0000
c2	3000	fix	full	L358098	0	1.0000
c2	3000	fix	full	L358427	0	1.0000
c2	3000	fix	full	L388838	1	1.0000
c2	3000	fix	full	L380751	0	0.6550
c2	3000	fix	full	L385595	0	1.0000
c2	3000	fix	full	L409413	0	0.5794
c2	3000	fix	full	L418437	0	1.0000
c2	3000	fix	full	L425262	1	1.0000
c2	3000	fix	full	L411451	0	1.0000
c2	3000	fix	full	L462461	0	0.7305
c2	3000	fix	full	L459710	1	0.9666
c2	3000	fix	full	L499837	0	1.0000
c2	3000	fix_noheur	frag	L318026	0	0.8585
c2	3000	fix_noheur	frag	L321627	0	1.0000
c2	3000	fix_noheur	frag	L324946	0	0.9957
c2	3000	fix_noheur	frag	L327486	0	1.0000
c2	3000	fix_noheur	frag	L331805	0	0.4186
c2	3000	fix_noheur	frag	L331807	1	0.6801
c2	3000	fix_noheur	frag	L333865	0	1.0000
c2	3000	fix_noheur	frag	L343911	0	0.9991
c2	3000	fix_noheur	frag	L358098	0	0.9972
c2	3000	fix_noheur	frag	L358427	0	1.0000
c2	3000	fix_noheur	frag	L380751	4	0.0911
c2	3000	fix_noheur	frag	L385595	8	0.2578
c2	3000	fix_noheur	frag	L388838	0	0.2313
c2	3000	fix_noheur	frag	L409413	1	0.4693
c2	3000	fix_noheur	frag	L411451	0	1.0000
c2	3000	fix_noheur	frag	L418437	0	1.0000
c2	3000	fix_noheur	frag	L425262	1	0.5919
c2	3000	fix_noheur	frag	L459710	0	0.7688
c2	3000	fix_noheur	frag	L462461	0	0.5271
c2	3000	fix_noheur	frag	L499837	1	0.4112
c2	3000	noheur	frag	L318026	14	1.0000
c2	3000	noheur	frag	L321627	24	1.0000
c2	3000	noheur	frag	L324946	16	1.0000
c2	3000	noheur	frag	L327486	15	1.0000
c2	3000	noheur	frag	L331805	21	1.0000
c2	3000	noheur	frag	L331807	21	1.0000
c2	3000	noheur	frag	L333865	19	1.0000
c2	3000	noheur	frag	L343911	23	1.0000
c2	3000	noheur	frag	L358098	15	1.0000
c2	3000	noheur	frag	L358427	15	1.0000
c2	3000	noheur	frag	L380751	24	1.0000
c2	3000	noheur	frag	L385595	17	1.0000
c2	3000	noheur	frag	L388838	21	1.0000
c2	3000	noheur	frag	L409413	13	1.0000
c2	3000	noheur	frag	L411451	0	1.0000
c2	3000	noheur	frag	L418437	23	1.0000
c2	3000	noheur	frag	L425262	22	1.0000
c2	3000	noheur	frag	L459710	15	1.0000
c2	3000	noheur	frag	L462461	15	1.0000
c2	3000	noheur	frag	L499837	5	1.0000
c2	3000	nopremask	frag	L318026	0	0.9100
c2	3000	nopremask	frag	L409413	1	0.4077
c2	3000	nopremask	frag	L327486	0	1.0000
c2	3000	nopremask	frag	L324946	0	0.9956
c2	3000	nopremask	frag	L321627	0	1.0000
c2	3000	nopremask	frag	L343911	0	0.9991
c2	3000	nopremask	frag	L331807	1	0.8277
c2	3000	nopremask	frag	L333865	0	1.0000
c2	3000	nopremask	frag	L331805	0	0.7019
c2	3000	nopremask	frag	L385595	8	0.2507
c2	3000	nopremask	frag	L358098	0	0.9983
c2	3000	nopremask	frag	L358427	0	1.0000
c2	3000	nopremask	frag	L388838	1	0.4334
c2	3000	nopremask	frag	L380751	4	0.0920
c2	3000	nopremask	frag	L418437	0	1.0000
c2	3000	nopremask	frag	L425262	1	0.5094
c2	3000	nopremask	frag	L411451	0	1.0000
c2	3000	nopremask	frag	L462461	0	0.7912
c2	3000	nopremask	frag	L459710	0	0.6970
c2	3000	nopremask	frag	L499837	1	0.4415
c2	3000	pplacer	frag	L411451	0	1.0000
c2	3000	pplacer	frag	L358427	0	1.0000
c2	3000	pplacer	frag	L409413	1	0.2616
c2	3000	pplacer	frag	L331807	1	0.9500
c2	3000	pplacer	frag	L358098	0	1.0000
c2	3000	pplacer	frag	L385595	9	0.2613
c2	3000	pplacer	frag	L324946	0	1.0000
c2	3000	pplacer	frag	L418437	0	1.0000
c2	3000	pplacer	frag	L380751	4	0.2498
c2	3000	pplacer	frag	L318026	0	0.9681
c2	3000	pplacer	frag	L459710	0	0.5910
c2	3000	pplacer	frag	L331805	0	0.6386
c2	3000	pplacer	frag	L321627	0	1.0000
c2	3000	pplacer	frag	L499837	1	0.3580
c2	3000	pplacer	frag	L343911	0	1.0000
c2	3000	pplacer	frag	L425262	1	0.3771
c2	3000	pplacer	frag	L462461	0	0.7372
c2	3000	pplacer	frag	L333865	0	1.0000
c2	3000	pplacer	frag	L388838	1	0.6544
c2	3000	pplacer	frag	L327486	0	1.0000
c2	3000	pplacer	full	L499837	0	1.0000
c2	3000	pplacer	full	L324946	0	1.0000
c2	3000	pplacer	full	L388838	1	0.9238
c2	3000	pplacer	full	L462461	0	0.8760
c2	3000	pplacer	full	L409413	0	0.4274
c2	3000	pplacer	full	L358098	0	1.0000
c2	3000	pplacer	full	L418437	0	1.0000
c2	3000	pplacer	full	L331805	0	1.0000
c2	3000	pplacer	full	L411451	0	1.0000
c2	3000	pplacer	full	L333865	0	1.0000
c2	3000	pplacer	full	L459710	0	0.6133
c2	3000	pplacer	full	L425262	1	0.9379
c2	3000	pplacer	full	L321627	0	1.0000
c2	3000	pplacer	full	L343911	0	1.0000
c2	3000	pplacer	full	L385595	0	1.0000
c2	3000	pplacer	full	L318026	0	1.0000
c2	3000	pplacer	full	L380751	0	0.6794
c2	3000	pplacer	full	L358427	0	1.0000
c2	3000	pplacer	full	L331807	0	0.9253
c2	3000	pplacer	full	L327486	0	1.0000
c2	3000	rs_off	frag	L318026	0	0.8777
c2	3000	rs_off	frag	L409413	1	0.4710
c2	3000	rs_off	frag	L327486	0	1.0000
c2	3000	rs_off	frag	L324946	0	0.9971
c2	3000	rs_off	frag	L321627	0	1.0000
c2	3000	rs_off	frag	L343911	0	0.9993
c2	3000	rs_off	frag	L331807	1	0.6803
c2	3000	rs_off	frag	L333865	0	1.0000
c2	3000	rs_off	frag	L331805	0	0.4186
c2	3000	rs_off	frag	L385595	8	0.2580
c2	3000	rs_off	frag	L358098	0	0.9977
c2	3000	rs_off	frag	L358427	0	1.0000
c2	3000	rs_off	frag	L388838	0	0.2324
c2	3000	rs_off	frag	L380751	4	0.0913
c2	3000	rs_off	frag	L418437	0	1.0000
c2	3000	rs_off	frag	L425262	1	0.5919
c2	3000	rs_off	frag	L411451	0	1.0000
c2	3000	rs_off	frag	L462461	0	0.5305
c2	3000	rs_off	frag	L459710	0	0.7706
c2	3000	rs_off	frag	L499837	1	0.4216
c2	3000	rs_on	frag	L318026	5	1.0000
c2	3000	rs_on	frag	L409413	4	1.0000
c2	3000	rs_on	frag	L327486	0	1.0000
c2	3000	rs_on	frag	L324946	0	1.0000
c2	3000	rs_on	frag	L321627	0	1.0000
c2	3000	rs_on	frag	L343911	4	0.5961
c2	3000	rs_on	frag	L331807	2	0.7405
c2	3000	rs_on	frag	L333865	0	1.0000
c2	3000	rs_on	frag	L331805	3	1.0000
c2	3000	rs_on	frag	L385595	2	0.5159
c2	3000	rs_on	frag	L358098	1	1.0000
c2	3000	rs_on	frag	L358427	0	1.0000
c2	3000	rs_on	frag	L388838	4	1.0000
c2	3000	rs_on	frag	L380751	4	1.0000
c2	3000	rs_on	frag	L418437	0	1.0000
c2	3000	rs_on	frag	L425262	0	0.9894
c2	3000	rs_on	frag	L411451	0	1.0000
c2	3000	rs_on	frag	L462461	5	0.9428
c2	3000	rs_on	frag	L459710	4	1.0000
c2	3000	rs_on	frag	L499837	0	0.9952
c2	3000	shift	frag	L318026	0	0.8777
c2	3000	shift	frag	L409413	1	0.4710
c2	3000	shift	frag	L327486	0	1.0000
c2	3000	shift	frag	L324946	0	0.9971
c2	3000	shift	frag	L321627	0	1.0000
c2	3000	shift	frag	L343911	0	0.9993
c2	3000	shift	frag	L331807	1	0.6803
c2	3000	shift	frag	L333865	0	1.0000
c2	3000	shift	frag	L331805	0	0.4186
c2	3000	shift	frag	L385595	8	0.2580
c2	3000	shift	frag	L358098	0	0.9977
c2	3000	shift	frag	L358427	0	1.0000
c2	3000	shift	frag	L388838	0	0.2324
c2	3000	shift	frag	L380751	4	0.0913
c2	3000	shift	frag	L418437	0	1.0000
c2	3000	shift	frag	L425262	1	0.5919
c2	3000	shift	frag	L411451	0	1.0000
c2	3000	shift	frag	L462461	0	0.5305
c2	3000	shift	frag	L459710	0	0.7706
c2	3000	shift	frag	L499837	1	0.4216
c2	3000	simd	frag	L318026	5	1.0000
c2	3000	simd	frag	L409413	4	1.0000
c2	3000	simd	frag	L327486	0	1.0000
c2	3000	simd	frag	L324946	0	1.0000
c2	3000	simd	frag	L321627	0	1.0000
c2	3000	simd	frag	L343911	4	0.5961
c2	3000	simd	frag	L331807	2	0.7405
c2	3000	simd	frag	L333865	0	1.0000
c2	3000	simd	frag	L331805	3	1.0000
c2	3000	simd	frag	L385595	2	0.5159
c2	3000	simd	frag	L358098	1	1.0000
c2	3000	simd	frag	L358427	0	1.0000
c2	3000	simd	frag	L388838	4	1.0000
c2	3000	simd	frag	L380751	4	1.0000
c2	3000	simd	frag	L418437	0	1.0000
c2	3000	simd	frag	L425262	0	0.9894
c2	3000	simd	frag	L411451	0	1.0000
c2	3000	simd	frag	L462461	5	0.9428
c2	3000	simd	frag	L459710	4	1.0000
c2	3000	simd	frag	L499837	0	0.9952
c2	500	auto	frag	L499837	17	0.0906
c2	500	auto	frag	L318026	0	0.7773
c2	500	auto	frag	L409413	0	0.3546
c2	500	auto	frag	L327486	0	1.0000
c2	500	auto	frag	L324946	0	0.9993
c2	500	auto	frag	L321627	0	1.0000
c2	500	auto	frag	L343911	0	0.9989
c2	500	auto	frag	L331807	1	0.4193
c2	500	auto	frag	L331805	1	0.9941
c2	500	auto	frag	L333865	0	1.0000
c2	500	auto	frag	L385595	12	0.2970
c2	500	auto	frag	L358098	0	0.9961
c2	500	auto	frag	L358427	0	1.0000
c2	500	auto	frag	L388838	0	0.2825
c2	500	auto	frag	L380751	4	0.1013
c2	500	auto	frag	L418437	0	1.0000
c2	500	auto	frag	L425262	1	0.5974
c2	500	auto	frag	L411451	0	1.0000
c2	500	auto	frag	L459710	3	0.5323
c2	500	auto	frag	L462461	0	0.6994
c2	500	auto	full	L499837	10	1.0000
c2	500	auto	full	L318026	0	1.0000
c2	500	auto	full	L327486	0	1.0000
c2	500	auto	full	L324946	0	1.0000
c2	500	auto	full	L321627	0	1.0000
c2	500	auto	full	L343911	0	1.0000
c2	500	auto	full	L331805	1	1.0000
c2	500	auto	full	L331807	1	1.0000
c2	500	auto	full	L333865	0	1.0000
c2	500	auto	full	L358098	0	1.0000
c2	500	auto	full	L358427	0	1.0000
c2	500	auto	full	L388838	1	1.0000
c2	500	auto	full	L380751	1	0.6246
c2	500	auto	full	L385595	0	1.0000
c2	500	auto	full	L409413	0	0.8276
c2	500	auto	full	L418437	0	1.0000
c2	500	auto	full	L425262	1	1.0000
c2	500	auto	full	L411451	0	1.0000
c2	500	auto	full	L459710	1	1.0000
c2	500	auto	full	L462461	0	0.7963
c2	500	diagcpu	frag	L499837	17	0.0906
c2	500	diagcpu	frag	L318026	0	0.7773
c2	500	diagcpu	frag	L409413	0	0.3546
c2	500	diagcpu	frag	L327486	0	1.0000
c2	500	diagcpu	frag	L324946	0	0.9993
c2	500	diagcpu	frag	L321627	0	1.0000
c2	500	diagcpu	frag	L343911	0	0.9989
c2	500	diagcpu	frag	L331807	1	0.4193
c2	500	diagcpu	frag	L331805	1	0.9941
c2	500	diagcpu	frag	L333865	0	1.0000
c2	500	diagcpu	frag	L385595	12	0.2970
c2	500	diagcpu	frag	L358098	0	0.9961
c2	500	diagcpu	frag	L358427	0	1.0000
c2	500	diagcpu	frag	L388838	0	0.2825
c2	500	diagcpu	frag	L380751	4	0.1013
c2	500	diagcpu	frag	L418437	0	1.0000
c2	500	diagcpu	frag	L425262	1	0.5974
c2	500	diagcpu	frag	L411451	0	1.0000
c2	500	diagcpu	frag	L459710	3	0.5323
c2	500	diagcpu	frag	L462461	0	0.6994
c2	500	fix	frag	L499837	17	0.0906
c2	500	fix	frag	L318026	0	0.7773
c2	500	fix	frag	L409413	0	0.3546
c2	500	fix	frag	L327486	0	1.0000
c2	500	fix	frag	L324946	0	0.9993
c2	500	fix	frag	L321627	0	1.0000
c2	500	fix	frag	L343911	0	0.9989
c2	500	fix	frag	L331807	1	0.4193
c2	500	fix	frag	L331805	1	0.9941
c2	500	fix	frag	L333865	0	1.0000
c2	500	fix	frag	L385595	12	0.2970
c2	500	fix	frag	L358098	0	0.9961
c2	500	fix	frag	L358427	0	1.0000
c2	500	fix	frag	L388838	0	0.2825
c2	500	fix	frag	L380751	4	0.1013
c2	500	fix	frag	L418437	0	1.0000
c2	500	fix	frag	L425262	1	0.5974
c2	500	fix	frag	L411451	0	1.0000
c2	500	fix	frag	L459710	3	0.5323
c2	500	fix	frag	L462461	0	0.6994
c2	500	fix	full	L499837	10	1.0000
c2	500	fix	full	L318026	0	1.0000
c2	500	fix	full	L327486	0	1.0000
c2	500	fix	full	L324946	0	1.0000
c2	500	fix	full	L321627	0	1.0000
c2	500	fix	full	L343911	0	1.0000
c2	500	fix	full	L331805	1	1.0000
c2	500	fix	full	L331807	1	1.0000
c2	500	fix	full	L333865	0	1.0000
c2	500	fix	full	L358098	0	1.0000
c2	500	fix	full	L358427	0	1.0000
c2	500	fix	full	L388838	1	1.0000
c2	500	fix	full	L380751	1	0.6246
c2	500	fix	full	L385595	0	1.0000
c2	500	fix	full	L409413	0	0.8276
c2	500	fix	full	L418437	0	1.0000
c2	500	fix	full	L425262	1	1.0000
c2	500	fix	full	L411451	0	1.0000
c2	500	fix	full	L459710	1	1.0000
c2	500	fix	full	L462461	0	0.7963
c2	500	fix_rson	frag	L499837	17	0.0906
c2	500	fix_rson	frag	L318026	0	0.7773
c2	500	fix_rson	frag	L409413	0	0.3546
c2	500	fix_rson	frag	L327486	0	1.0000
c2	500	fix_rson	frag	L324946	0	0.9993
c2	500	fix_rson	frag	L321627	0	1.0000
c2	500	fix_rson	frag	L343911	0	0.9989
c2	500	fix_rson	frag	L331807	1	0.4193
c2	500	fix_rson	frag	L331805	1	0.9941
c2	500	fix_rson	frag	L333865	0	1.0000
c2	500	fix_rson	frag	L385595	12	0.2970
c2	500	fix_rson	frag	L358098	0	0.9961
c2	500	fix_rson	frag	L358427	0	1.0000
c2	500	fix_rson	frag	L388838	0	0.2825
c2	500	fix_rson	frag	L380751	4	0.1013
c2	500	fix_rson	frag	L418437	0	1.0000
c2	500	fix_rson	frag	L425262	1	0.5974
c2	500	fix_rson	frag	L411451	0	1.0000
c2	500	fix_rson	frag	L459710	3	0.5323
c2	500	fix_rson	frag	L462461	0	0.6994
c2	500	noheur	frag	L318026	0	0.7769
c2	500	noheur	frag	L321627	0	1.0000
c2	500	noheur	frag	L324946	0	0.9993
c2	500	noheur	frag	L327486	0	1.0000
c2	500	noheur	frag	L331805	1	0.9921
c2	500	noheur	frag	L331807	1	0.4191
c2	500	noheur	frag	L333865	0	1.0000
c2	500	noheur	frag	L343911	0	0.9987
c2	500	noheur	frag	L358098	0	0.9954
c2	500	noheur	frag	L358427	0	1.0000
c2	500	noheur	frag	L380751	4	0.1012
c2	500	noheur	frag	L385595	12	0.2957
c2	500	noheur	frag	L388838	0	0.2816
c2	500	noheur	frag	L409413	0	0.3534
c2	500	noheur	frag	L411451	0	1.0000
c2	500	noheur	frag	L418437	0	1.0000
c2	500	noheur	frag	L425262	1	0.5974
c2	500	noheur	frag	L459710	3	0.5313
c2	500	noheur	frag	L462461	0	0.6981
c2	500	noheur	frag	L499837	17	0.0753
c2	500	nopremask	frag	L499837	17	0.1230
c2	500	nopremask	frag	L318026	0	0.7698
c2	500	nopremask	frag	L409413	0	0.3582
c2	500	nopremask	frag	L327486	0	1.0000
c2	500	nopremask	frag	L324946	0	0.9998
c2	500	nopremask	frag	L321627	0	1.0000
c2	500	nopremask	frag	L343911	0	0.9988
c2	500	nopremask	frag	L331807	2	0.3816
c2	500	nopremask	frag	L331805	1	0.9968
c2	500	nopremask	frag	L333865	0	1.0000
c2	500	nopremask	frag	L385595	12	0.3054
c2	500	nopremask	frag	L358098	0	0.9973
c2	500	nopremask	frag	L358427	0	1.0000
c2	500	nopremask	frag	L388838	1	0.3335
c2	500	nopremask	frag	L380751	4	0.1153
c2	500	nopremask	frag	L418437	0	1.0000
c2	500	nopremask	frag	L425262	1	0.4696
c2	500	nopremask	frag	L411451	0	1.0000
c2	500	nopremask	frag	L459710	3	0.5239
c2	500	nopremask	frag	L462461	0	0.7603
c2	500	pplacer	frag	L459710	1	0.3498
c2	500	pplacer	frag	L331807	1	0.5213
c2	500	pplacer	frag	L462461	0	0.6957
c2	500	pplacer	frag	L385595	11	0.5916
c2	500	pplacer	frag	L358098	0	1.0000
c2	500	pplacer	frag	L343911	0	1.0000
c2	500	pplacer	frag	L499837	17	0.1715
c2	500	pplacer	frag	L411451	0	1.0000
c2	500	pplacer	frag	L388838	1	0.5773
c2	500	pplacer	frag	L324946	0	1.0000
c2	500	pplacer	frag	L418437	0	1.0000
c2	500	pplacer	frag	L358427	0	1.0000
c2	500	pplacer	frag	L327486	0	1.0000
c2	500	pplacer	frag	L425262	1	0.3751
c2	500	pplacer	frag	L331805	1	1.0000
c2	500	pplacer	frag	L409413	1	0.2766
c2	500	pplacer	frag	L321627	0	1.0000
c2	500	pplacer	frag	L380751	4	0.1687
c2	500	pplacer	frag	L318026	0	0.6885
c2	500	pplacer	frag	L333865	0	1.0000
c2	500	pplacer	full	L324946	0	1.0000
c2	500	pplacer	full	L462461	0	0.9409
c2	500	pplacer	full	L425262	1	0.9362
c2	500	pplacer	full	L388838	0	0.6135
c2	500	pplacer	full	L385595	0	1.0000
c2	500	pplacer	full	L327486	0	1.0000
c2	500	pplacer	full	L358427	0	1.0000
c2	500	pplacer	full	L411451	0	1.0000
c2	500	pplacer	full	L418437	0	1.0000
c2	500	pplacer	full	L321627	0	1.0000
c2	500	pplacer	full	L499837	9	0.4275
c2	500	pplacer	full	L343911	0	1.0000
c2	500	pplacer	full	L333865	0	1.0000
c2	500	pplacer	full	L331807	1	1.0000
c2	500	pplacer	full	L358098	0	1.0000
c2	500	pplacer	full	L409413	0	0.3461
c2	500	pplacer	full	L318026	0	1.0000
c2	500	pplacer	full	L331805	1	1.0000
c2	500	pplacer	full	L380751	0	0.6660
c2	500	pplacer	full	L459710	1	1.0000
c2	500	rs_off	frag	L499837	17	0.0906
c2	500	rs_off	frag	L318026	0	0.7773
c2	500	rs_off	frag	L409413	0	0.3546
c2	500	rs_off	frag	L327486	0	1.0000
c2	500	rs_off	frag	L324946	0	0.9993
c2	500	rs_off	frag	L321627	0	1.0000
c2	500	rs_off	frag	L343911	0	0.9989
c2	500	rs_off	frag	L331807	1	0.4193
c2	500	rs_off	frag	L331805	1	0.9941
c2	500	rs_off	frag	L333865	0	1.0000
c2	500	rs_off	frag	L385595	12	0.2970
c2	500	rs_off	frag	L358098	0	0.9961
c2	500	rs_off	frag	L358427	0	1.0000
c2	500	rs_off	frag	L388838	0	0.2825
c2	500	rs_off	frag	L380751	4	0.1013
c2	500	rs_off	frag	L418437	0	1.0000
c2	500	rs_off	frag	L425262	1	0.5974
c2	500	rs_off	frag	L411451	0	1.0000
c2	500	rs_off	frag	L459710	3	0.5323
c2	500	rs_off	frag	L462461	0	0.6994
c2	500	rs_on	frag	L499837	19	0.7865
c2	500	rs_on	frag	L318026	1	1.0000
c2	500	rs_on	frag	L409413	10	1.0000
c2	500	rs_on	frag	L327486	0	1.0000
c2	500	rs_on	frag	L324946	0	1.0000
c2	500	rs_on	frag	L321627	1	1.0000
c2	500	rs_on	frag	L343911	0	1.0000
c2	500	rs_on	frag	L331807	3	1.0000
c2	500	rs_on	frag	L331805	1	1.0000
c2	500	rs_on	frag	L333865	0	1.0000
c2	500	rs_on	frag	L385595	10	1.0000
c2	500	rs_on	frag	L358098	1	1.0000
c2	500	rs_on	frag	L358427	0	1.0000
c2	500	rs_on	frag	L388838	7	0.9857
c2	500	rs_on	frag	L380751	5	1.0000
c2	500	rs_on	frag	L418437	0	1.0000
c2	500	rs_on	frag	L425262	0	1.0000
c2	500	rs_on	frag	L411451	0	1.0000
c2	500	rs_on	frag	L459710	4	1.0000
c2	500	rs_on	frag	L462461	1	1.0000
c2	5000	auto	frag	L318026	1	1.0000
c2	5000	auto	frag	L327486	0	1.0000
c2	5000	auto	frag	L324946	0	1.0000
c2	5000	auto	frag	L321627	0	1.0000
c2	5000	auto	frag	L343911	2	1.0000
c2	5000	auto	frag	L331807	2	0.8799
c2	5000	auto	frag	L333865	0	1.0000
c2	5000	auto	frag	L331805	3	1.0000
c2	5000	auto	frag	L385595	8	0.9992
c2	5000	auto	frag	L358098	1	0.7278
c2	5000	auto	frag	L358427	0	1.0000
c2	5000	auto	frag	L388838	3	1.0000
c2	5000	auto	frag	L380751	8	1.0000
c2	5000	auto	frag	L409413	10	1.0000
c2	5000	auto	frag	L418437	0	1.0000
c2	5000	auto	frag	L425262	2	1.0000
c2	5000	auto	frag	L411451	0	1.0000
c2	5000	auto	frag	L462461	1	1.0000
c2	5000	auto	frag	L459710	3	1.0000
c2	5000	auto	frag	L499837	1	1.0000
c2	5000	auto	full	L318026	0	0.9998
c2	5000	auto	full	L327486	0	1.0000
c2	5000	auto	full	L324946	0	1.0000
c2	5000	auto	full	L321627	0	1.0000
c2	5000	auto	full	L343911	0	1.0000
c2	5000	auto	full	L333865	0	1.0000
c2	5000	auto	full	L331805	1	1.0000
c2	5000	auto	full	L331807	1	1.0000
c2	5000	auto	full	L358098	0	1.0000
c2	5000	auto	full	L358427	0	1.0000
c2	5000	auto	full	L388838	1	1.0000
c2	5000	auto	full	L380751	0	0.6538
c2	5000	auto	full	L385595	0	1.0000
c2	5000	auto	full	L409413	0	0.5791
c2	5000	auto	full	L418437	0	1.0000
c2	5000	auto	full	L425262	1	1.0000
c2	5000	auto	full	L411451	0	1.0000
c2	5000	auto	full	L462461	0	0.5732
c2	5000	auto	full	L459710	1	0.9752
c2	5000	auto	full	L499837	0	1.0000
c2	5000	fix	frag	L318026	0	0.9133
c2	5000	fix	frag	L327486	0	1.0000
c2	5000	fix	frag	L324946	0	0.9964
c2	5000	fix	frag	L321627	0	1.0000
c2	5000	fix	frag	L343911	0	0.9992
c2	5000	fix	frag	L331807	1	0.6871
c2	5000	fix	frag	L333865	0	1.0000
c2	5000	fix	frag	L331805	0	0.4321
c2	5000	fix	frag	L385595	8	0.2252
c2	5000	fix	frag	L358098	0	0.9971
c2	5000	fix	frag	L358427	0	1.0000
c2	5000	fix	frag	L388838	1	0.3277
c2	5000	fix	frag	L380751	4	0.0858
c2	5000	fix	frag	L409413	1	0.4611
c2	5000	fix	frag	L418437	0	1.0000
c2	5000	fix	frag	L425262	1	0.5794
c2	5000	fix	frag	L411451	0	1.0000
c2	5000	fix	frag	L462461	0	0.4640
c2	5000	fix	frag	L459710	0	0.6490
c2	5000	fix	frag	L499837	0	0.3307
c2	5000	fix	full	L318026	0	0.9998
c2	5000	fix	full	L327486	0	1.0000
c2	5000	fix	full	L324946	0	1.0000
c2	5000	fix	full	L321627	0	1.0000
c2	5000	fix	full	L343911	0	1.0000
c2	5000	fix	full	L333865	0	1.0000
c2	5000	fix	full	L331805	1	1.0000
c2	5000	fix	full	L331807	1	1.0000
c2	5000	fix	full	L358098	0	1.0000
c2	5000	fix	full	L358427	0	1.0000
c2	5000	fix	full	L388838	1	1.0000
c2	5000	fix	full	L380751	0	0.6538
c2	5000	fix	full	L385595	0	1.0000
c2	5000	fix	full	L409413	0	0.5791
c2	5000	fix	full	L418437	0	1.0000
c2	5000	fix	full	L425262	1	1.0000
c2	5000	fix	full	L411451	0	1.0000
c2	5000	fix	full	L462461	0	0.5732
c2	5000	fix	full	L459710	1	0.9752
c2	5000	fix	full	L499837	0	1.0000
c2	5000	fix_noheur	frag	L318026	0	0.9034
c2	5000	fix_noheur	frag	L321627	0	1.0000
c2	5000	fix_noheur	frag	L324946	0	0.9947
c2	5000	fix_noheur	frag	L327486	0	1.0000
c2	5000	fix_noheur	frag	L331805	0	0.4321
c2	5000	fix_noheur	frag	L331807	1	0.6869
c2	5000	fix_noheur	frag	L333865	0	1.0000
c2	5000	fix_noheur	frag	L343911	0	0.9991
c2	5000	fix_noheur	frag	L358098	0	0.9965
c2	5000	fix_noheur	frag	L358427	0	1.0000
c2	5000	fix_noheur	frag	L380751	4	0.0855
c2	5000	fix_noheur	frag	L385595	8	0.2250
c2	5000	fix_noheur	frag	L388838	1	0.3264
c2	5000	fix_noheur	frag	L409413	1	0.4598
c2	5000	fix_noheur	frag	L411451	0	1.0000
c2	5000	fix_noheur	frag	L418437	0	1.0000
c2	5000	fix_noheur	frag	L425262	1	0.5794
c2	5000	fix_noheur	frag	L459710	0	0.6487
c2	5000	fix_noheur	frag	L462461	0	0.4594
c2	5000	fix_noheur	frag	L499837	0	0.3221
c2	5000	noheur	frag	L318026	14	1.0000
c2	5000	noheur	frag	L321627	19	1.0000
c2	5000	noheur	frag	L324946	16	1.0000
c2	5000	noheur	frag	L327486	17	1.0000
c2	5000	noheur	frag	L331805	21	1.0000
c2	5000	noheur	frag	L331807	23	1.0000
c2	5000	noheur	frag	L333865	18	1.0000
c2	5000	noheur	frag	L343911	24	1.0000
c2	5000	noheur	frag	L358098	15	1.0000
c2	5000	noheur	frag	L358427	15	1.0000
c2	5000	noheur	frag	L380751	24	1.0000
c2	5000	noheur	frag	L385595	15	1.0000
c2	5000	noheur	frag	L388838	21	1.0000
c2	5000	noheur	frag	L409413	13	1.0000
c2	5000	noheur	frag	L411451	0	1.0000
c2	5000	noheur	frag	L418437	36	1.0000
c2	5000	noheur	frag	L425262	23	1.0000
c2	5000	noheur	frag	L459710	18	1.0000
c2	5000	noheur	frag	L462461	15	1.0000
c2	5000	noheur	frag	L499837	6	1.0000
c2	5000	nopremask	frag	L318026	0	0.9310
c2	5000	nopremask	frag	L327486	0	1.0000
c2	5000	nopremask	frag	L324946	0	0.9950
c2	5000	nopremask	frag	L321627	0	1.0000
c2	5000	nopremask	frag	L343911	0	0.9990
c2	5000	nopremask	frag	L331807	1	0.7516
c2	5000	nopremask	frag	L333865	0	1.0000
c2	5000	nopremask	frag	L331805	0	0.5527
c2	5000	nopremask	frag	L385595	8	0.1941
c2	5000	nopremask	frag	L358098	0	0.9979
c2	5000	nopremask	frag	L358427	0	1.0000
c2	5000	nopremask	frag	L388838	1	0.4890
c2	5000	nopremask	frag	L380751	4	0.0825
c2	5000	nopremask	frag	L409413	1	0.3858
c2	5000	nopremask	frag	L418437	0	1.0000
c2	5000	nopremask	frag	L425262	1	0.4575
c2	5000	nopremask	frag	L411451	0	1.0000
c2	5000	nopremask	frag	L462461	0	0.7515
c2	5000	nopremask	frag	L459710	0	0.6071
c2	5000	nopremask	frag	L499837	1	0.3930
c2	5000	pplacer	frag	L411451	0	1.0000
c2	5000	pplacer	frag	L358427	0	1.0000
c2	5000	pplacer	frag	L409413	1	0.2615
c2	5000	pplacer	frag	L331807	1	0.9500
c2	5000	pplacer	frag	L358098	0	1.0000
c2	5000	pplacer	frag	L385595	9	0.2611
c2	5000	pplacer	frag	L324946	0	1.0000
c2	5000	pplacer	frag	L418437	0	1.0000
c2	5000	pplacer	frag	L380751	4	0.2484
c2	5000	pplacer	frag	L318026	0	0.9686
c2	5000	pplacer	frag	L459710	0	0.5903
c2	5000	pplacer	frag	L331805	0	0.6403
c2	5000	pplacer	frag	L321627	0	1.0000
c2	5000	pplacer	frag	L499837	1	0.3584
c2	5000	pplacer	frag	L343911	0	1.0000
c2	5000	pplacer	frag	L425262	1	0.3767
c2	5000	pplacer	frag	L462461	0	0.7362
c2	5000	pplacer	frag	L333865	0	1.0000
c2	5000	pplacer	frag	L388838	1	0.6540
c2	5000	pplacer	frag	L327486	0	1.0000
c2	5000	pplacer	full	L499837	0	1.0000
c2	5000	pplacer	full	L324946	0	1.0000
c2	5000	pplacer	full	L388838	1	0.9225
c2	5000	pplacer	full	L462461	0	0.8738
c2	5000	pplacer	full	L409413	0	0.4284
c2	5000	pplacer	full	L358098	0	1.0000
c2	5000	pplacer	full	L418437	0	1.0000
c2	5000	pplacer	full	L331805	0	1.0000
c2	5000	pplacer	full	L411451	0	1.0000
c2	5000	pplacer	full	L333865	0	1.0000
c2	5000	pplacer	full	L459710	0	0.6130
c2	5000	pplacer	full	L425262	1	0.9384
c2	5000	pplacer	full	L321627	0	1.0000
c2	5000	pplacer	full	L343911	0	1.0000
c2	5000	pplacer	full	L385595	0	1.0000
c2	5000	pplacer	full	L318026	0	1.0000
c2	5000	pplacer	full	L380751	0	0.6792
c2	5000	pplacer	full	L358427	0	1.0000
c2	5000	pplacer	full	L331807	0	0.9261
c2	5000	pplacer	full	L327486	0	1.0000
c2	5000	rs_on	frag	L318026	1	1.0000
c2	5000	rs_on	frag	L327486	0	1.0000
c2	5000	rs_on	frag	L324946	0	1.0000
c2	5000	rs_on	frag	L321627	0	1.0000
c2	5000	rs_on	frag	L343911	2	1.0000
c2	5000	rs_on	frag	L331807	2	0.8799
c2	5000	rs_on	frag	L333865	0	1.0000
c2	5000	rs_on	frag	L331805	3	1.0000
c2	5000	rs_on	frag	L385595	8	0.9992
c2	5000	rs_on	frag	L358098	1	0.7278
c2	5000	rs_on	frag	L358427	0	1.0000
c2	5000	rs_on	frag	L388838	3	1.0000
c2	5000	rs_on	frag	L380751	8	1.0000
c2	5000	rs_on	frag	L409413	10	1.0000
c2	5000	rs_on	frag	L418437	0	1.0000
c2	5000	rs_on	frag	L425262	2	1.0000
c2	5000	rs_on	frag	L411451	0	1.0000
c2	5000	rs_on	frag	L462461	1	1.0000
c2	5000	rs_on	frag	L459710	3	1.0000
c2	5000	rs_on	frag	L499837	1	1.0000
c2	5000	shift	frag	L318026	0	0.9133
c2	5000	shift	frag	L327486	0	1.0000
c2	5000	shift	frag	L324946	0	0.9964
c2	5000	shift	frag	L321627	0	1.0000
c2	5000	shift	frag	L343911	0	0.9992
c2	5000	shift	frag	L331807	1	0.6871
c2	5000	shift	frag	L333865	0	1.0000
c2	5000	shift	frag	L331805	0	0.4321
c2	5000	shift	frag	L385595	8	0.2252
c2	5000	shift	frag	L358098	0	0.9971
c2	5000	shift	frag	L358427	0	1.0000
c2	5000	shift	frag	L388838	1	0.3277
c2	5000	shift	frag	L380751	4	0.0858
c2	5000	shift	frag	L409413	1	0.4611
c2	5000	shift	frag	L418437	0	1.0000
c2	5000	shift	frag	L425262	1	0.5794
c2	5000	shift	frag	L411451	0	1.0000
c2	5000	shift	frag	L462461	0	0.4640
c2	5000	shift	frag	L459710	0	0.6490
c2	5000	shift	frag	L499837	0	0.3307
c2	5000	simd	frag	L318026	1	1.0000
c2	5000	simd	frag	L327486	0	1.0000
c2	5000	simd	frag	L324946	0	1.0000
c2	5000	simd	frag	L321627	0	1.0000
c2	5000	simd	frag	L343911	2	1.0000
c2	5000	simd	frag	L331807	2	0.8799
c2	5000	simd	frag	L333865	0	1.0000
c2	5000	simd	frag	L331805	3	1.0000
c2	5000	simd	frag	L385595	8	0.9992
c2	5000	simd	frag	L358098	1	0.7278
c2	5000	simd	frag	L358427	0	1.0000
c2	5000	simd	frag	L388838	3	1.0000
c2	5000	simd	frag	L380751	8	1.0000
c2	5000	simd	frag	L409413	10	1.0000
c2	5000	simd	frag	L418437	0	1.0000
c2	5000	simd	frag	L425262	2	1.0000
c2	5000	simd	frag	L411451	0	1.0000
c2	5000	simd	frag	L462461	1	1.0000
c2	5000	simd	frag	L459710	3	1.0000
c2	5000	simd	frag	L499837	1	1.0000
c3	1000	auto	frag	L665914	7	0.6656
c3	1000	auto	frag	L1123172	1	0.3328
c3	1000	auto	frag	L1126749	2	0.1706
c3	1000	auto	frag	L1125468	0	0.9846
c3	1000	auto	frag	L1125564	1	0.5177
c3	1000	auto	frag	L1127804	11	0.2596
c3	1000	auto	frag	L1128821	0	0.9974
c3	1000	auto	frag	L1132817	0	1.0000
c3	1000	auto	frag	L1159462	0	0.9800
c3	1000	auto	frag	L1160593	0	0.5755
c3	1000	auto	frag	L1135019	1	0.3356
c3	1000	auto	frag	L1134826	1	0.3068
c3	1000	auto	frag	L1142178	2	0.2066
c3	1000	auto	frag	L1146782	0	0.3703
c3	1000	auto	frag	L1148861	1	0.2559
c3	1000	auto	frag	L1148275	0	0.8336
c3	1000	auto	frag	L1148681	0	0.6369
c3	1000	auto	frag	L1152742	1	0.3787
c3	1000	auto	frag	L1143584	1	0.3337
c3	1000	auto	frag	L1139573	2	0.1710
c3	1000	auto	frag	L1138559	1	0.7041
c3	1000	auto	full	L665914	9	1.0000
c3	1000	auto	full	L1123172	0	1.0000
c3	1000	auto	full	L1125468	0	1.0000
c3	1000	auto	full	L1125564	0	1.0000
c3	1000	auto	full	L1127804	1	0.4274
c3	1000	auto	full	L1126749	0	1.0000
c3	1000	auto	full	L1128821	0	1.0000
c3	1000	auto	full	L1132817	0	1.0000
c3	1000	auto	full	L1159462	0	1.0000
c3	1000	auto	full	L1160593	0	1.0000
c3	1000	auto	full	L1135019	1	0.5471
c3	1000	auto	full	L1134826	1	1.0000
c3	1000	auto	full	L1146782	1	1.0000
c3	1000	auto	full	L1148681	0	1.0000
c3	1000	auto	full	L1148275	1	1.0000
c3	1000	auto	full	L1148861	0	1.0000
c3	1000	auto	full	L1152742	1	0.6177
c3	1000	auto	full	L1142178	1	0.3422
c3	1000	auto	full	L1143584	0	1.0000
c3	1000	auto	full	L1139573	1	1.0000
c3	1000	auto	full	L1138559	1	0.7925
c3	1000	diagcpu	frag	L665914	7	0.6656
c3	1000	diagcpu	frag	L1123172	1	0.3328
c3	1000	diagcpu	frag	L1126749	2	0.1706
c3	1000	diagcpu	frag	L1125468	0	0.9846
c3	1000	diagcpu	frag	L1125564	1	0.5177
c3	1000	diagcpu	frag	L1127804	11	0.2596
c3	1000	diagcpu	frag	L1128821	0	0.9974
c3	1000	diagcpu	frag	L1132817	0	1.0000
c3	1000	diagcpu	frag	L1159462	0	0.9800
c3	1000	diagcpu	frag	L1160593	0	0.5755
c3	1000	diagcpu	frag	L1135019	1	0.3356
c3	1000	diagcpu	frag	L1134826	1	0.3068
c3	1000	diagcpu	frag	L1142178	2	0.2066
c3	1000	diagcpu	frag	L1146782	0	0.3703
c3	1000	diagcpu	frag	L1148861	1	0.2559
c3	1000	diagcpu	frag	L1148275	0	0.8336
c3	1000	diagcpu	frag	L1148681	0	0.6369
c3	1000	diagcpu	frag	L1152742	1	0.3787
c3	1000	diagcpu	frag	L1143584	1	0.3337
c3	1000	diagcpu	frag	L1139573	2	0.1710
c3	1000	diagcpu	frag	L1138559	1	0.7041
c3	1000	fix	frag	L665914	7	0.6656
c3	1000	fix	frag	L1123172	1	0.3328
c3	1000	fix	frag	L1126749	2	0.1706
c3	1000	fix	frag	L1125468	0	0.9846
c3	1000	fix	frag	L1125564	1	0.5177
c3	1000	fix	frag	L1127804	11	0.2596
c3	1000	fix	frag	L1128821	0	0.9974
c3	1000	fix	frag	L1132817	0	1.0000
c3	1000	fix	frag	L1159462	0	0.9800
c3	1000	fix	frag	L1160593	0	0.5755
c3	1000	fix	frag	L1135019	1	0.3356
c3	1000	fix	frag	L1134826	1	0.3068
c3	1000	fix	frag	L1142178	2	0.2066
c3	1000	fix	frag	L1146782	0	0.3703
c3	1000	fix	frag	L1148861	1	0.2559
c3	1000	fix	frag	L1148275	0	0.8336
c3	1000	fix	frag	L1148681	0	0.6369
c3	1000	fix	frag	L1152742	1	0.3787
c3	1000	fix	frag	L1143584	1	0.3337
c3	1000	fix	frag	L1139573	2	0.1710
c3	1000	fix	frag	L1138559	1	0.7041
c3	1000	fix	full	L665914	9	1.0000
c3	1000	fix	full	L1123172	0	1.0000
c3	1000	fix	full	L1125468	0	1.0000
c3	1000	fix	full	L1125564	0	1.0000
c3	1000	fix	full	L1127804	1	0.4274
c3	1000	fix	full	L1126749	0	1.0000
c3	1000	fix	full	L1128821	0	1.0000
c3	1000	fix	full	L1132817	0	1.0000
c3	1000	fix	full	L1159462	0	1.0000
c3	1000	fix	full	L1160593	0	1.0000
c3	1000	fix	full	L1135019	1	0.5471
c3	1000	fix	full	L1134826	1	1.0000
c3	1000	fix	full	L1146782	1	1.0000
c3	1000	fix	full	L1148681	0	1.0000
c3	1000	fix	full	L1148275	1	1.0000
c3	1000	fix	full	L1148861	0	1.0000
c3	1000	fix	full	L1152742	1	0.6177
c3	1000	fix	full	L1142178	1	0.3422
c3	1000	fix	full	L1143584	0	1.0000
c3	1000	fix	full	L1139573	1	1.0000
c3	1000	fix	full	L1138559	1	0.7925
c3	1000	fix_rson	frag	L665914	7	0.6656
c3	1000	fix_rson	frag	L1123172	1	0.3328
c3	1000	fix_rson	frag	L1126749	2	0.1706
c3	1000	fix_rson	frag	L1125468	0	0.9846
c3	1000	fix_rson	frag	L1125564	1	0.5177
c3	1000	fix_rson	frag	L1127804	11	0.2596
c3	1000	fix_rson	frag	L1128821	0	0.9974
c3	1000	fix_rson	frag	L1132817	0	1.0000
c3	1000	fix_rson	frag	L1159462	0	0.9800
c3	1000	fix_rson	frag	L1160593	0	0.5755
c3	1000	fix_rson	frag	L1135019	1	0.3356
c3	1000	fix_rson	frag	L1134826	1	0.3068
c3	1000	fix_rson	frag	L1142178	2	0.2066
c3	1000	fix_rson	frag	L1146782	0	0.3703
c3	1000	fix_rson	frag	L1148861	1	0.2559
c3	1000	fix_rson	frag	L1148275	0	0.8336
c3	1000	fix_rson	frag	L1148681	0	0.6369
c3	1000	fix_rson	frag	L1152742	1	0.3787
c3	1000	fix_rson	frag	L1143584	1	0.3337
c3	1000	fix_rson	frag	L1139573	2	0.1710
c3	1000	fix_rson	frag	L1138559	1	0.7041
c3	1000	noheur	frag	L1123172	1	0.3327
c3	1000	noheur	frag	L1125468	0	0.9841
c3	1000	noheur	frag	L1125564	1	0.5142
c3	1000	noheur	frag	L1126749	2	0.1624
c3	1000	noheur	frag	L1127804	11	0.2467
c3	1000	noheur	frag	L1128821	0	0.9968
c3	1000	noheur	frag	L1132817	0	0.9999
c3	1000	noheur	frag	L1134826	1	0.3045
c3	1000	noheur	frag	L1135019	1	0.3351
c3	1000	noheur	frag	L1138559	1	0.7041
c3	1000	noheur	frag	L1139573	2	0.1710
c3	1000	noheur	frag	L1142178	2	0.2066
c3	1000	noheur	frag	L1143584	1	0.3335
c3	1000	noheur	frag	L1146782	0	0.3703
c3	1000	noheur	frag	L1148275	0	0.8332
c3	1000	noheur	frag	L1148681	0	0.6368
c3	1000	noheur	frag	L1148861	1	0.2505
c3	1000	noheur	frag	L1152742	1	0.3787
c3	1000	noheur	frag	L1159462	0	0.9767
c3	1000	noheur	frag	L1160593	0	0.5755
c3	1000	noheur	frag	L665914	7	0.2713
c3	1000	nopremask	frag	L665914	7	0.6472
c3	1000	nopremask	frag	L1123172	0	0.4703
c3	1000	nopremask	frag	L1126749	0	0.3841
c3	1000	nopremask	frag	L1125468	0	0.9784
c3	1000	nopremask	frag	L1125564	1	0.4413
c3	1000	nopremask	frag	L1127804	11	0.1595
c3	1000	nopremask	frag	L1128821	0	0.9983
c3	1000	nopremask	frag	L1132817	0	1.0000
c3	1000	nopremask	frag	L1159462	0	0.9800
c3	1000	nopremask	frag	L1160593	0	0.5192
c3	1000	nopremask	frag	L1135019	4	0.3209
c3	1000	nopremask	frag	L1134826	1	0.2852
c3	1000	nopremask	frag	L1142178	2	0.2117
c3	1000	nopremask	frag	L1146782	0	0.2843
c3	1000	nopremask	frag	L1148861	1	0.2358
c3	1000	nopremask	frag	L1148275	0	0.9791
c3	1000	nopremask	frag	L1148681	0	0.8435
c3	1000	nopremask	frag	L1152742	0	0.4950
c3	1000	nopremask	frag	L1143584	0	0.5956
c3	1000	nopremask	frag	L1139573	2	0.2134
c3	1000	nopremask	frag	L1138559	1	0.6409
c3	1000	pplacer	frag	L1160593	0	0.6131
c3	1000	pplacer	frag	L1135019	4	0.4325
c3	1000	pplacer	frag	L1148275	0	1.0000
c3	1000	pplacer	frag	L1138559	1	0.7170
c3	1000	pplacer	frag	L1132817	0	1.0000
c3	1000	pplacer	frag	L1125564	1	0.4253
c3	1000	pplacer	frag	L1152742	1	0.3335
c3	1000	pplacer	frag	L1125468	0	0.9593
c3	1000	pplacer	frag	L1159462	0	0.9611
c3	1000	pplacer	frag	L1123172	0	0.3496
c3	1000	pplacer	frag	L1148681	0	0.9070
c3	1000	pplacer	frag	L1142178	0	0.4525
c3	1000	pplacer	frag	L1148861	1	0.2501
c3	1000	pplacer	frag	L1139573	1	0.1757
c3	1000	pplacer	frag	L1146782	1	0.3865
c3	1000	pplacer	frag	L1127804	11	0.3339
c3	1000	pplacer	frag	L1143584	1	0.3334
c3	1000	pplacer	frag	L665914	7	0.5720
c3	1000	pplacer	frag	L1134826	0	0.2875
c3	1000	pplacer	frag	L1126749	0	0.3008
c3	1000	pplacer	frag	L1128821	0	1.0000
c3	1000	pplacer	full	L1132817	0	1.0000
c3	1000	pplacer	full	L1143584	1	0.5739
c3	1000	pplacer	full	L1160593	0	1.0000
c3	1000	pplacer	full	L1138559	1	0.6957
c3	1000	pplacer	full	L1135019	0	0.8768
c3	1000	pplacer	full	L1128821	0	1.0000
c3	1000	pplacer	full	L1159462	0	1.0000
c3	1000	pplacer	full	L1139573	0	0.9636
c3	1000	pplacer	full	L1148681	0	1.0000
c3	1000	pplacer	full	L1125564	0	1.0000
c3	1000	pplacer	full	L1148861	0	1.0000
c3	1000	pplacer	full	L1146782	1	1.0000
c3	1000	pplacer	full	L1152742	0	0.6505
c3	1000	pplacer	full	L1134826	1	0.9216
c3	1000	pplacer	full	L1126749	0	1.0000
c3	1000	pplacer	full	L1125468	0	1.0000
c3	1000	pplacer	full	L1148275	0	1.0000
c3	1000	pplacer	full	L1123172	0	1.0000
c3	1000	pplacer	full	L1142178	0	0.9696
c3	1000	pplacer	full	L665914	7	0.8728
c3	1000	pplacer	full	L1127804	1	0.6341
c3	1000	rs_off	frag	L665914	7	0.6656
c3	1000	rs_off	frag	L1123172	1	0.3328
c3	1000	rs_off	frag	L1126749	2	0.1706
c3	1000	rs_off	frag	L1125468	0	0.9846
c3	1000	rs_off	frag	L1125564	1	0.5177
c3	1000	rs_off	frag	L1127804	11	0.2596
c3	1000	rs_off	frag	L1128821	0	0.9974
c3	1000	rs_off	frag	L1132817	0	1.0000
c3	1000	rs_off	frag	L1159462	0	0.9800
c3	1000	rs_off	frag	L1160593	0	0.5755
c3	1000	rs_off	frag	L1135019	1	0.3356
c3	1000	rs_off	frag	L1134826	1	0.3068
c3	1000	rs_off	frag	L1142178	2	0.2066
c3	1000	rs_off	frag	L1146782	0	0.3703
c3	1000	rs_off	frag	L1148861	1	0.2559
c3	1000	rs_off	frag	L1148275	0	0.8336
c3	1000	rs_off	frag	L1148681	0	0.6369
c3	1000	rs_off	frag	L1152742	1	0.3787
c3	1000	rs_off	frag	L1143584	1	0.3337
c3	1000	rs_off	frag	L1139573	2	0.1710
c3	1000	rs_off	frag	L1138559	1	0.7041
c3	1000	rs_on	frag	L665914	10	1.0000
c3	1000	rs_on	frag	L1123172	1	1.0000
c3	1000	rs_on	frag	L1126749	4	1.0000
c3	1000	rs_on	frag	L1125468	0	1.0000
c3	1000	rs_on	frag	L1125564	1	1.0000
c3	1000	rs_on	frag	L1127804	1	1.0000
c3	1000	rs_on	frag	L1128821	1	1.0000
c3	1000	rs_on	frag	L1132817	0	1.0000
c3	1000	rs_on	frag	L1159462	1	1.0000
c3	1000	rs_on	frag	L1160593	0	0.5755
c3	1000	rs_on	frag	L1135019	4	1.0000
c3	1000	rs_on	frag	L1134826	0	1.0000
c3	1000	rs_on	frag	L1142178	1	1.0000
c3	1000	rs_on	frag	L1146782	4	1.0000
c3	1000	rs_on	frag	L1148861	4	1.0000
c3	1000	rs_on	frag	L1148275	4	1.0000
c3	1000	rs_on	frag	L1148681	5	1.0000
c3	1000	rs_on	frag	L1152742	1	0.9765
c3	1000	rs_on	frag	L1143584	1	1.0000
c3	1000	rs_on	frag	L1139573	4	1.0000
c3	1000	rs_on	frag	L1138559	0	1.0000
c3	2000	auto	frag	L665914	5	0.3584
c3	2000	auto	frag	L1123172	1	0.3933
c3	2000	auto	frag	L1126749	2	0.1586
c3	2000	auto	frag	L1125468	0	0.9838
c3	2000	auto	frag	L1125564	1	0.5192
c3	2000	auto	frag	L1127804	11	0.1987
c3	2000	auto	frag	L1128821	0	0.9968
c3	2000	auto	frag	L1132817	0	1.0000
c3	2000	auto	frag	L1159462	0	0.9730
c3	2000	auto	frag	L1160593	0	0.5558
c3	2000	auto	frag	L1135019	1	0.3319
c3	2000	auto	frag	L1134826	1	0.3016
c3	2000	auto	frag	L1142178	2	0.1981
c3	2000	auto	frag	L1146782	0	0.3639
c3	2000	auto	frag	L1148861	1	0.2614
c3	2000	auto	frag	L1148275	0	0.8783
c3	2000	auto	frag	L1148681	0	0.6403
c3	2000	auto	frag	L1152742	1	0.3761
c3	2000	auto	frag	L1143584	1	0.3337
c3	2000	auto	frag	L1139573	2	0.1733
c3	2000	auto	frag	L1138559	1	0.7095
c3	2000	auto	full	L665914	5	1.0000
c3	2000	auto	full	L1123172	0	1.0000
c3	2000	auto	full	L1125468	0	1.0000
c3	2000	auto	full	L1125564	0	1.0000
c3	2000	auto	full	L1127804	1	0.4022
c3	2000	auto	full	L1126749	0	1.0000
c3	2000	auto	full	L1128821	0	1.0000
c3	2000	auto	full	L1132817	0	1.0000
c3	2000	auto	full	L1159462	0	1.0000
c3	2000	auto	full	L1160593	0	1.0000
c3	2000	auto	full	L1135019	1	0.5112
c3	2000	auto	full	L1134826	1	1.0000
c3	2000	auto	full	L1146782	1	1.0000
c3	2000	auto	full	L1148681	0	1.0000
c3	2000	auto	full	L1148275	1	1.0000
c3	2000	auto	full	L1148861	0	1.0000
c3	2000	auto	full	L1152742	0	0.7493
c3	2000	auto	full	L1142178	1	0.3427
c3	2000	auto	full	L1143584	0	1.0000
c3	2000	auto	full	L1139573	1	1.0000
c3	2000	auto	full	L1138559	1	0.6935
c3	2000	diagcpu	frag	L665914	5	0.3584
c3	2000	diagcpu	frag	L1123172	1	0.3933
c3	2000	diagcpu	frag	L1126749	2	0.1586
c3	2000	diagcpu	frag	L1125468	0	0.9838
c3	2000	diagcpu	frag	L1125564	1	0.5192
c3	2000	diagcpu	frag	L1127804	11	0.1987
c3	2000	diagcpu	frag	L1128821	0	0.9968
c3	2000	diagcpu	frag	L1132817	0	1.0000
c3	2000	diagcpu	frag	L1159462	0	0.9730
c3	2000	diagcpu	frag	L1160593	0	0.5558
c3	2000	diagcpu	frag	L1135019	1	0.3319
c3	2000	diagcpu	frag	L1134826	1	0.3016
c3	2000	diagcpu	frag	L1142178	2	0.1981
c3	2000	diagcpu	frag	L1146782	0	0.3639
c3	2000	diagcpu	frag	L1148861	1	0.2614
c3	2000	diagcpu	frag	L1148275	0	0.8783
c3	2000	diagcpu	frag	L1148681	0	0.6403
c3	2000	diagcpu	frag	L1152742	1	0.3761
c3	2000	diagcpu	frag	L1143584	1	0.3337
c3	2000	diagcpu	frag	L1139573	2	0.1733
c3	2000	diagcpu	frag	L1138559	1	0.7095
c3	2000	fix	frag	L665914	5	0.3584
c3	2000	fix	frag	L1123172	1	0.3933
c3	2000	fix	frag	L1126749	2	0.1586
c3	2000	fix	frag	L1125468	0	0.9838
c3	2000	fix	frag	L1125564	1	0.5192
c3	2000	fix	frag	L1127804	11	0.1987
c3	2000	fix	frag	L1128821	0	0.9968
c3	2000	fix	frag	L1132817	0	1.0000
c3	2000	fix	frag	L1159462	0	0.9730
c3	2000	fix	frag	L1160593	0	0.5558
c3	2000	fix	frag	L1135019	1	0.3319
c3	2000	fix	frag	L1134826	1	0.3016
c3	2000	fix	frag	L1142178	2	0.1981
c3	2000	fix	frag	L1146782	0	0.3639
c3	2000	fix	frag	L1148861	1	0.2614
c3	2000	fix	frag	L1148275	0	0.8783
c3	2000	fix	frag	L1148681	0	0.6403
c3	2000	fix	frag	L1152742	1	0.3761
c3	2000	fix	frag	L1143584	1	0.3337
c3	2000	fix	frag	L1139573	2	0.1733
c3	2000	fix	frag	L1138559	1	0.7095
c3	2000	fix	full	L665914	5	1.0000
c3	2000	fix	full	L1123172	0	1.0000
c3	2000	fix	full	L1125468	0	1.0000
c3	2000	fix	full	L1125564	0	1.0000
c3	2000	fix	full	L1127804	1	0.4022
c3	2000	fix	full	L1126749	0	1.0000
c3	2000	fix	full	L1128821	0	1.0000
c3	2000	fix	full	L1132817	0	1.0000
c3	2000	fix	full	L1159462	0	1.0000
c3	2000	fix	full	L1160593	0	1.0000
c3	2000	fix	full	L1135019	1	0.5112
c3	2000	fix	full	L1134826	1	1.0000
c3	2000	fix	full	L1146782	1	1.0000
c3	2000	fix	full	L1148681	0	1.0000
c3	2000	fix	full	L1148275	1	1.0000
c3	2000	fix	full	L1148861	0	1.0000
c3	2000	fix	full	L1152742	0	0.7493
c3	2000	fix	full	L1142178	1	0.3427
c3	2000	fix	full	L1143584	0	1.0000
c3	2000	fix	full	L1139573	1	1.0000
c3	2000	fix	full	L1138559	1	0.6935
c3	2000	fix_noheur	frag	L1123172	1	0.3930
c3	2000	fix_noheur	frag	L1125468	0	0.9831
c3	2000	fix_noheur	frag	L1125564	1	0.5157
c3	2000	fix_noheur	frag	L1126749	2	0.1511
c3	2000	fix_noheur	frag	L1127804	11	0.1884
c3	2000	fix_noheur	frag	L1128821	0	0.9965
c3	2000	fix_noheur	frag	L1132817	0	0.9998
c3	2000	fix_noheur	frag	L1134826	1	0.2996
c3	2000	fix_noheur	frag	L1135019	1	0.3315
c3	2000	fix_noheur	frag	L1138559	1	0.7095
c3	2000	fix_noheur	frag	L1139573	2	0.1733
c3	2000	fix_noheur	frag	L1142178	2	0.1980
c3	2000	fix_noheur	frag	L1143584	1	0.3335
c3	2000	fix_noheur	frag	L1146782	0	0.3638
c3	2000	fix_noheur	frag	L1148275	0	0.8781
c3	2000	fix_noheur	frag	L1148681	0	0.6401
c3	2000	fix_noheur	frag	L1148861	1	0.2580
c3	2000	fix_noheur	frag	L1152742	1	0.3761
c3	2000	fix_noheur	frag	L1159462	0	0.9730
c3	2000	fix_noheur	frag	L1160593	0	0.5558
c3	2000	fix_noheur	frag	L665914	5	0.2411
c3	2000	fix_rson	frag	L665914	5	0.3584
c3	2000	fix_rson	frag	L1123172	1	0.3933
c3	2000	fix_rson	frag	L1126749	2	0.1586
c3	2000	fix_rson	frag	L1125468	0	0.9838
c3	2000	fix_rson	frag	L1125564	1	0.5192
c3	2000	fix_rson	frag	L1127804	11	0.1987
c3	2000	fix_rson	frag	L1128821	0	0.9968
c3	2000	fix_rson	frag	L1132817	0	1.0000
c3	2000	fix_rson	frag	L1159462	0	0.9730
c3	2000	fix_rson	frag	L1160593	0	0.5558
c3	2000	fix_rson	frag	L1135019	1	0.3319
c3	2000	fix_rson	frag	L1134826	1	0.3016
c3	2000	fix_rson	frag	L1142178	2	0.1981
c3	2000	fix_rson	frag	L1146782	0	0.3639
c3	2000	fix_rson	frag	L1148861	1	0.2614
c3	2000	fix_rson	frag	L1148275	0	0.8783
c3	2000	fix_rson	frag	L1148681	0	0.6403
c3	2000	fix_rson	frag	L1152742	1	0.3761
c3	2000	fix_rson	frag	L1143584	1	0.3337
c3	2000	fix_rson	frag	L1139573	2	0.1733
c3	2000	fix_rson	frag	L1138559	1	0.7095
c3	2000	noheur	frag	L1123172	1	0.3930
c3	2000	noheur	frag	L1125468	0	0.9831
c3	2000	noheur	frag	L1125564	1	0.5157
c3	2000	noheur	frag	L1126749	2	0.1511
c3	2000	noheur	frag	L1127804	11	0.1884
c3	2000	noheur	frag	L1128821	0	0.9965
c3	2000	noheur	frag	L1132817	0	0.9998
c3	2000	noheur	frag	L1134826	1	0.2996
c3	2000	noheur	frag	L1135019	1	0.3315
c3	2000	noheur	frag	L1138559	1	0.7095
c3	2000	noheur	frag	L1139573	2	0.1733
c3	2000	noheur	frag	L1142178	2	0.1980
c3	2000	noheur	frag	L1143584	1	0.3335
c3	2000	noheur	frag	L1146782	0	0.3638
c3	2000	noheur	frag	L1148275	0	0.8781
c3	2000	noheur	frag	L1148681	0	0.6401
c3	2000	noheur	frag	L1148861	1	0.2580
c3	2000	noheur	frag	L1152742	1	0.3761
c3	2000	noheur	frag	L1159462	0	0.9730
c3	2000	noheur	frag	L1160593	0	0.5558
c3	2000	noheur	frag	L665914	5	0.2411
c3	2000	nopremask	frag	L665914	4	0.3938
c3	2000	nopremask	frag	L1123172	1	0.4681
c3	2000	nopremask	frag	L1126749	0	0.3659
c3	2000	nopremask	frag	L1125468	0	0.9777
c3	2000	nopremask	frag	L1125564	1	0.4723
c3	2000	nopremask	frag	L1127804	11	0.1372
c3	2000	nopremask	frag	L1128821	0	0.9986
c3	2000	nopremask	frag	L1132817	0	1.0000
c3	2000	nopremask	frag	L1159462	0	0.9697
c3	2000	nopremask	frag	L1160593	0	0.5128
c3	2000	nopremask	frag	L1135019	4	0.2865
c3	2000	nopremask	frag	L1134826	1	0.2526
c3	2000	nopremask	frag	L1142178	2	0.1895
c3	2000	nopremask	frag	L1146782	0	0.2808
c3	2000	nopremask	frag	L1148861	1	0.2216
c3	2000	nopremask	frag	L1148275	0	0.9826
c3	2000	nopremask	frag	L1148681	0	0.8429
c3	2000	nopremask	frag	L1152742	0	0.4725
c3	2000	nopremask	frag	L1143584	0	0.5532
c3	2000	nopremask	frag	L1139573	2	0.2036
c3	2000	nopremask	frag	L1138559	1	0.6324
c3	2000	pplacer	frag	L1160593	0	0.6124
c3	2000	pplacer	frag	L1135019	4	0.4394
c3	2000	pplacer	frag	L1148275	0	1.0000
c3	2000	pplacer	frag	L1138559	1	0.7167
c3	2000	pplacer	frag	L1132817	0	1.0000
c3	2000	pplacer	frag	L1125564	1	0.4264
c3	2000	pplacer	frag	L1152742	1	0.3335
c3	2000	pplacer	frag	L1125468	0	0.9591
c3	2000	pplacer	frag	L1159462	0	0.9611
c3	2000	pplacer	frag	L1123172	0	0.3514
c3	2000	pplacer	frag	L1148681	0	0.9066
c3	2000	pplacer	frag	L1142178	0	0.4541
c3	2000	pplacer	frag	L1148861	1	0.2513
c3	2000	pplacer	frag	L1139573	1	0.1759
c3	2000	pplacer	frag	L1146782	1	0.3867
c3	2000	pplacer	frag	L1127804	11	0.3427
c3	2000	pplacer	frag	L1143584	1	0.3334
c3	2000	pplacer	frag	L665914	6	0.3089
c3	2000	pplacer	frag	L1134826	0	0.2875
c3	2000	pplacer	frag	L1126749	0	0.2994
c3	2000	pplacer	frag	L1128821	0	1.0000
c3	2000	pplacer	full	L1123172	0	1.0000
c3	2000	pplacer	full	L1126749	0	1.0000
c3	2000	pplacer	full	L1132817	0	1.0000
c3	2000	pplacer	full	L1146782	1	1.0000
c3	2000	pplacer	full	L1125564	0	1.0000
c3	2000	pplacer	full	L1160593	0	1.0000
c3	2000	pplacer	full	L1142178	0	0.9699
c3	2000	pplacer	full	L665914	4	0.4141
c3	2000	pplacer	full	L1152742	0	0.6492
c3	2000	pplacer	full	L1148275	0	1.0000
c3	2000	pplacer	full	L1139573	0	0.9638
c3	2000	pplacer	full	L1138559	1	0.6975
c3	2000	pplacer	full	L1127804	1	0.6281
c3	2000	pplacer	full	L1134826	1	0.9211
c3	2000	pplacer	full	L1159462	0	1.0000
c3	2000	pplacer	full	L1125468	0	1.0000
c3	2000	pplacer	full	L1148861	0	1.0000
c3	2000	pplacer	full	L1135019	0	0.8779
c3	2000	pplacer	full	L1148681	0	1.0000
c3	2000	pplacer	full	L1143584	1	0.5734
c3	2000	pplacer	full	L1128821	0	1.0000
c3	2000	rs_off	frag	L665914	5	0.3584
c3	2000	rs_off	frag	L1123172	1	0.3933
c3	2000	rs_off	frag	L1126749	2	0.1586
c3	2000	rs_off	frag	L1125468	0	0.9838
c3	2000	rs_off	frag	L1125564	1	0.5192
c3	2000	rs_off	frag	L1127804	11	0.1987
c3	2000	rs_off	frag	L1128821	0	0.9968
c3	2000	rs_off	frag	L1132817	0	1.0000
c3	2000	rs_off	frag	L1159462	0	0.9730
c3	2000	rs_off	frag	L1160593	0	0.5558
c3	2000	rs_off	frag	L1135019	1	0.3319
c3	2000	rs_off	frag	L1134826	1	0.3016
c3	2000	rs_off	frag	L1142178	2	0.1981
c3	2000	rs_off	frag	L1146782	0	0.3639
c3	2000	rs_off	frag	L1148861	1	0.2614
c3	2000	rs_off	frag	L1148275	0	0.8783
c3	2000	rs_off	frag	L1148681	0	0.6403
c3	2000	rs_off	frag	L1152742	1	0.3761
c3	2000	rs_off	frag	L1143584	1	0.3337
c3	2000	rs_off	frag	L1139573	2	0.1733
c3	2000	rs_off	frag	L1138559	1	0.7095
c3	2000	rs_on	frag	L665914	14	1.0000
c3	2000	rs_on	frag	L1123172	1	1.0000
c3	2000	rs_on	frag	L1126749	3	1.0000
c3	2000	rs_on	frag	L1125468	1	0.9995
c3	2000	rs_on	frag	L1125564	1	1.0000
c3	2000	rs_on	frag	L1127804	1	1.0000
c3	2000	rs_on	frag	L1128821	1	1.0000
c3	2000	rs_on	frag	L1132817	0	1.0000
c3	2000	rs_on	frag	L1159462	0	1.0000
c3	2000	rs_on	frag	L1160593	0	0.5558
c3	2000	rs_on	frag	L1135019	2	0.7853
c3	2000	rs_on	frag	L1134826	4	0.9997
c3	2000	rs_on	frag	L1142178	5	1.0000
c3	2000	rs_on	frag	L1146782	7	1.0000
c3	2000	rs_on	frag	L1148861	1	1.0000
c3	2000	rs_on	frag	L1148275	3	1.0000
c3	2000	rs_on	frag	L1148681	4	1.0000
c3	2000	rs_on	frag	L1152742	1	1.0000
c3	2000	rs_on	frag	L1143584	1	1.0000
c3	2000	rs_on	frag	L1139573	4	1.0000
c3	2000	rs_on	frag	L1138559	1	0.9999
c3	3000	auto	frag	L665914	2	0.9648
c3	3000	auto	frag	L1123172	3	1.0000
c3	3000	auto	frag	L1126749	4	1.0000
c3	3000	auto	frag	L1125468	0	1.0000
c3	3000	auto	frag	L1125564	2	1.0000
c3	3000	auto	frag	L1127804	11	0.5014
c3	3000	auto	frag	L1128821	1	0.8486
c3	3000	auto	frag	L1132817	0	1.0000
c3	3000	auto	frag	L1159462	1	1.0000
c3	3000	auto	frag	L1160593	0	0.5526
c3	3000	auto	frag	L1135019	0	0.9962
c3	3000	auto	frag	L1134826	4	1.0000
c3	3000	auto	frag	L1142178	3	0.5918
c3	3000	auto	frag	L1146782	3	1.0000
c3	3000	auto	frag	L1148861	0	0.9734
c3	3000	auto	frag	L1148275	4	0.5027
c3	3000	auto	frag	L1148681	6	1.0000
c3	3000	auto	frag	L1152742	0	0.4644
c3	3000	auto	frag	L1143584	1	1.0000
c3	3000	auto	frag	L1139573	4	0.6399
c3	3000	auto	frag	L1138559	0	0.6755
c3	3000	auto	full	L665914	1	1.0000
c3	3000	auto	full	L1123172	0	1.0000
c3	3000	auto	full	L1125468	0	1.0000
c3	3000	auto	full	L1125564	0	1.0000
c3	3000	auto	full	L1127804	1	0.3954
c3	3000	auto	full	L1126749	0	1.0000
c3	3000	auto	full	L1128821	0	1.0000
c3	3000	auto	full	L1132817	0	1.0000
c3	3000	auto	full	L1159462	0	1.0000
c3	3000	auto	full	L1160593	0	1.0000
c3	3000	auto	full	L1135019	1	0.5033
c3	3000	auto	full	L1134826	1	1.0000
c3	3000	auto	full	L1146782	1	1.0000
c3	3000	auto	full	L1148681	0	1.0000
c3	3000	auto	full	L1148275	1	1.0000
c3	3000	auto	full	L1148861	0	1.0000
c3	3000	auto	full	L1152742	0	0.7854
c3	3000	auto	full	L1142178	1	0.3447
c3	3000	auto	full	L1143584	0	1.0000
c3	3000	auto	full	L1139573	1	1.0000
c3	3000	auto	full	L1138559	1	0.6842
c3	3000	fix	frag	L665914	1	0.5109
c3	3000	fix	frag	L1123172	1	0.3495
c3	3000	fix	frag	L1126749	2	0.1569
c3	3000	fix	frag	L1125468	0	0.9868
c3	3000	fix	frag	L1125564	1	0.5200
c3	3000	fix	frag	L1127804	11	0.2213
c3	3000	fix	frag	L1128821	0	0.9968
c3	3000	fix	frag	L1132817	0	1.0000
c3	3000	fix	frag	L1159462	0	0.9713
c3	3000	fix	frag	L1160593	0	0.5526
c3	3000	fix	frag	L1135019	1	0.3317
c3	3000	fix	frag	L1134826	1	0.3038
c3	3000	fix	frag	L1142178	0	0.1887
c3	3000	fix	frag	L1146782	1	0.3724
c3	3000	fix	frag	L1148861	1	0.2931
c3	3000	fix	frag	L1148275	0	0.8788
c3	3000	fix	frag	L1148681	0	0.5152
c3	3000	fix	frag	L1152742	1	0.3744
c3	3000	fix	frag	L1143584	1	0.3337
c3	3000	fix	frag	L1139573	2	0.1740
c3	3000	fix	frag	L1138559	1	0.6970
c3	3000	fix	full	L665914	1	1.0000
c3	3000	fix	full	L1123172	0	1.0000
c3	3000	fix	full	L1125468	0	1.0000
c3	3000	fix	full	L1125564	0	1.0000
c3	3000	fix	full	L1127804	1	0.3954
c3	3000	fix	full	L1126749	0	1.0000
c3	3000	fix	full	L1128821	0	1.0000
c3	3000	fix	full	L1132817	0	1.0000
c3	3000	fix	full	L1159462	0	1.0000
c3	3000	fix	full	L1160593	0	1.0000
c3	3000	fix	full	L1135019	1	0.5033
c3	3000	fix	full	L1134826	1	1.0000
c3	3000	fix	full	L1146782	1	1.0000
c3	3000	fix	full	L1148681	0	1.0000
c3	3000	fix	full	L1148275	1	1.0000
c3	3000	fix	full	L1148861	0	1.0000
c3	3000	fix	full	L1152742	0	0.7854
c3	3000	fix	full	L1142178	1	0.3447
c3	3000	fix	full	L1143584	0	1.0000
c3	3000	fix	full	L1139573	1	1.0000
c3	3000	fix	full	L1138559	1	0.6842
c3	3000	fix_noheur	frag	L1123172	1	0.3492
c3	3000	fix_noheur	frag	L1125468	0	0.9863
c3	3000	fix_noheur	frag	L1125564	1	0.5166
c3	3000	fix_noheur	frag	L1126749	2	0.1533
c3	3000	fix_noheur	frag	L1127804	11	0.2091
c3	3000	fix_noheur	frag	L1128821	0	0.9965
c3	3000	fix_noheur	frag	L1132817	0	0.9998
c3	3000	fix_noheur	frag	L1134826	1	0.3018
c3	3000	fix_noheur	frag	L1135019	1	0.3314
c3	3000	fix_noheur	frag	L1138559	1	0.6970
c3	3000	fix_noheur	frag	L1139573	2	0.1740
c3	3000	fix_noheur	frag	L1142178	0	0.1887
c3	3000	fix_noheur	frag	L1143584	1	0.3335
c3	3000	fix_noheur	frag	L1146782	1	0.3723
c3	3000	fix_noheur	frag	L1148275	0	0.8786
c3	3000	fix_noheur	frag	L1148681	0	0.5151
c3	3000	fix_noheur	frag	L1148861	1	0.2895
c3	3000	fix_noheur	frag	L1152742	1	0.3744
c3	3000	fix_noheur	frag	L1159462	0	0.9713
c3	3000	fix_noheur	frag	L1160593	0	0.5526
c3	3000	fix_noheur	frag	L665914	1	0.5099
c3	3000	noheur	frag	L1123172	13	1.0000
c3	3000	noheur	frag	L1125468	13	1.0000
c3	3000	noheur	frag	L1125564	17	1.0000
c3	3000	noheur	frag	L1126749	13	1.0000
c3	3000	noheur	frag	L1127804	14	1.0000
c3	3000	noheur	frag	L1128821	17	1.0000
c3	3000	noheur	frag	L1132817	6	1.0000
c3	3000	noheur	frag	L1134826	14	1.0000
c3	3000	noheur	frag	L1135019	13	1.0000
c3	3000	noheur	frag	L1138559	19	0.8887
c3	3000	noheur	frag	L1139573	19	1.0000
c3	3000	noheur	frag	L1142178	21	1.0000
c3	3000	noheur	frag	L1143584	18	1.0000
c3	3000	noheur	frag	L1146782	18	1.0000
c3	3000	noheur	frag	L1148275	21	1.0000
c3	3000	noheur	frag	L1148681	19	1.0000
c3	3000	noheur	frag	L1148861	18	1.0000
c3	3000	noheur	frag	L1152742	15	1.0000
c3	3000	noheur	frag	L1159462	14	1.0000
c3	3000	noheur	frag	L1160593	0	0.5526
c3	3000	noheur	frag	L665914	7	1.0000
c3	3000	nopremask	frag	L665914	1	0.3059
c3	3000	nopremask	frag	L1123172	0	0.4339
c3	3000	nopremask	frag	L1126749	0	0.2732
c3	3000	nopremask	frag	L1125468	0	0.9795
c3	3000	nopremask	frag	L1125564	1	0.4796
c3	3000	nopremask	frag	L1127804	11	0.1644
c3	3000	nopremask	frag	L1128821	0	0.9987
c3	3000	nopremask	frag	L1132817	0	1.0000
c3	3000	nopremask	frag	L1159462	0	0.9682
c3	3000	nopremask	frag	L1160593	0	0.5249
c3	3000	nopremask	frag	L1135019	4	0.2844
c3	3000	nopremask	frag	L1134826	1	0.2602
c3	3000	nopremask	frag	L1142178	0	0.1882
c3	3000	nopremask	frag	L1146782	0	0.2872
c3	3000	nopremask	frag	L1148861	1	0.2496
c3	3000	nopremask	frag	L1148275	0	0.9835
c3	3000	nopremask	frag	L1148681	0	0.8328
c3	3000	nopremask	frag	L1152742	0	0.4664
c3	3000	nopremask	frag	L1143584	0	0.5343
c3	3000	nopremask	frag	L1139573	2	0.2017
c3	3000	nopremask	frag	L1138559	1	0.6115
c3	3000	pplacer	frag	L1160593	0	0.6118
c3	3000	pplacer	frag	L1135019	4	0.4406
c3	3000	pplacer	frag	L1148275	0	1.0000
c3	3000	pplacer	frag	L1138559	1	0.7166
c3	3000	pplacer	frag	L1132817	0	1.0000
c3	3000	pplacer	frag	L1125564	1	0.4270
c3	3000	pplacer	frag	L1152742	1	0.3335
c3	3000	pplacer	frag	L1125468	0	0.9592
c3	3000	pplacer	frag	L1159462	0	0.9611
c3	3000	pplacer	frag	L1123172	0	0.3509
c3	3000	pplacer	frag	L1148681	0	0.9064
c3	3000	pplacer	frag	L1142178	0	0.4553
c3	3000	pplacer	frag	L1148861	1	0.2520
c3	3000	pplacer	frag	L1139573	1	0.1761
c3	3000	pplacer	frag	L1146782	1	0.3869
c3	3000	pplacer	frag	L1127804	11	0.3219
c3	3000	pplacer	frag	L1143584	1	0.3334
c3	3000	pplacer	frag	L665914	1	0.3549
c3	3000	pplacer	frag	L1134826	0	0.2880
c3	3000	pplacer	frag	L1126749	0	0.2983
c3	3000	pplacer	frag	L1128821	0	1.0000
c3	3000	pplacer	full	L1123172	0	1.0000
c3	3000	pplacer	full	L1126749	0	1.0000
c3	3000	pplacer	full	L1132817	0	1.0000
c3	3000	pplacer	full	L1146782	1	1.0000
c3	3000	pplacer	full	L1125564	0	1.0000
c3	3000	pplacer	full	L1160593	0	1.0000
c3	3000	pplacer	full	L1142178	0	0.9703
c3	3000	pplacer	full	L665914	1	1.0000
c3	3000	pplacer	full	L1152742	0	0.6483
c3	3000	pplacer	full	L1148275	0	1.0000
c3	3000	pplacer	full	L1139573	0	0.9639
c3	3000	pplacer	full	L1138559	1	0.6981
c3	3000	pplacer	full	L1127804	1	0.6260
c3	3000	pplacer	full	L1134826	1	0.9207
c3	3000	pplacer	full	L1159462	0	1.0000
c3	3000	pplacer	full	L1125468	0	1.0000
c3	3000	pplacer	full	L1148861	0	1.0000
c3	3000	pplacer	full	L1135019	0	0.8783
c3	3000	pplacer	full	L1148681	0	1.0000
c3	3000	pplacer	full	L1143584	1	0.5734
c3	3000	pplacer	full	L1128821	0	1.0000
c3	3000	rs_off	frag	L665914	1	0.5109
c3	3000	rs_off	frag	L1123172	1	0.3495
c3	3000	rs_off	frag	L1126749	2	0.1569
c3	3000	rs_off	frag	L1125468	0	0.9868
c3	3000	rs_off	frag	L1125564	1	0.5200
c3	3000	rs_off	frag	L1127804	11	0.2213
c3	3000	rs_off	frag	L1128821	0	0.9968
c3	3000	rs_off	frag	L1132817	0	1.0000
c3	3000	rs_off	frag	L1159462	0	0.9713
c3	3000	rs_off	frag	L1160593	0	0.5526
c3	3000	rs_off	frag	L1135019	1	0.3317
c3	3000	rs_off	frag	L1134826	1	0.3038
c3	3000	rs_off	frag	L1142178	0	0.1887
c3	3000	rs_off	frag	L1146782	1	0.3724
c3	3000	rs_off	frag	L1148861	1	0.2931
c3	3000	rs_off	frag	L1148275	0	0.8788
c3	3000	rs_off	frag	L1148681	0	0.5152
c3	3000	rs_off	frag	L1152742	1	0.3744
c3	3000	rs_off	frag	L1143584	1	0.3337
c3	3000	rs_off	frag	L1139573	2	0.1740
c3	3000	rs_off	frag	L1138559	1	0.6970
c3	3000	rs_on	frag	L665914	2	0.9648
c3	3000	rs_on	frag	L1123172	3	1.0000
c3	3000	rs_on	frag	L1126749	4	1.0000
c3	3000	rs_on	frag	L1125468	0	1.0000
c3	3000	rs_on	frag	L1125564	2	1.0000
c3	3000	rs_on	frag	L1127804	11	0.5014
c3	3000	rs_on	frag	L1128821	1	0.8486
c3	3000	rs_on	frag	L1132817	0	1.0000
c3	3000	rs_on	frag	L1159462	1	1.0000
c3	3000	rs_on	frag	L1160593	0	0.5526
c3	3000	rs_on	frag	L1135019	0	0.9962
c3	3000	rs_on	frag	L1134826	4	1.0000
c3	3000	rs_on	frag	L1142178	3	0.5918
c3	3000	rs_on	frag	L1146782	3	1.0000
c3	3000	rs_on	frag	L1148861	0	0.9734
c3	3000	rs_on	frag	L1148275	4	0.5027
c3	3000	rs_on	frag	L1148681	6	1.0000
c3	3000	rs_on	frag	L1152742	0	0.4644
c3	3000	rs_on	frag	L1143584	1	1.0000
c3	3000	rs_on	frag	L1139573	4	0.6399
c3	3000	rs_on	frag	L1138559	0	0.6755
c3	3000	shift	frag	L665914	1	0.5109
c3	3000	shift	frag	L1123172	1	0.3495
c3	3000	shift	frag	L1126749	2	0.1569
c3	3000	shift	frag	L1125468	0	0.9868
c3	3000	shift	frag	L1125564	1	0.5200
c3	3000	shift	frag	L1127804	11	0.2213
c3	3000	shift	frag	L1128821	0	0.9968
c3	3000	shift	frag	L1132817	0	1.0000
c3	3000	shift	frag	L1159462	0	0.9713
c3	3000	shift	frag	L1160593	0	0.5526
c3	3000	shift	frag	L1135019	1	0.3317
c3	3000	shift	frag	L1134826	1	0.3038
c3	3000	shift	frag	L1142178	0	0.1887
c3	3000	shift	frag	L1146782	1	0.3724
c3	3000	shift	frag	L1148861	1	0.2931
c3	3000	shift	frag	L1148275	0	0.8788
c3	3000	shift	frag	L1148681	0	0.5152
c3	3000	shift	frag	L1152742	1	0.3744
c3	3000	shift	frag	L1143584	1	0.3337
c3	3000	shift	frag	L1139573	2	0.1740
c3	3000	shift	frag	L1138559	1	0.6970
c3	3000	simd	frag	L665914	2	0.9648
c3	3000	simd	frag	L1123172	3	1.0000
c3	3000	simd	frag	L1126749	4	1.0000
c3	3000	simd	frag	L1125468	0	1.0000
c3	3000	simd	frag	L1125564	2	1.0000
c3	3000	simd	frag	L1127804	11	0.5014
c3	3000	simd	frag	L1128821	1	0.8486
c3	3000	simd	frag	L1132817	0	1.0000
c3	3000	simd	frag	L1159462	1	1.0000
c3	3000	simd	frag	L1160593	0	0.5526
c3	3000	simd	frag	L1135019	0	0.9962
c3	3000	simd	frag	L1134826	4	1.0000
c3	3000	simd	frag	L1142178	3	0.5918
c3	3000	simd	frag	L1146782	3	1.0000
c3	3000	simd	frag	L1148861	0	0.9734
c3	3000	simd	frag	L1148275	4	0.5027
c3	3000	simd	frag	L1148681	6	1.0000
c3	3000	simd	frag	L1152742	0	0.4644
c3	3000	simd	frag	L1143584	1	1.0000
c3	3000	simd	frag	L1139573	4	0.6399
c3	3000	simd	frag	L1138559	0	0.6755
c3	500	auto	frag	L665914	11	0.2067
c3	500	auto	frag	L1123172	0	0.3452
c3	500	auto	frag	L1126749	2	0.1767
c3	500	auto	frag	L1125468	0	0.9861
c3	500	auto	frag	L1125564	1	0.5415
c3	500	auto	frag	L1127804	11	0.2452
c3	500	auto	frag	L1128821	0	0.9972
c3	500	auto	frag	L1132817	0	1.0000
c3	500	auto	frag	L1159462	0	0.9534
c3	500	auto	frag	L1160593	0	0.5806
c3	500	auto	frag	L1135019	1	0.3738
c3	500	auto	frag	L1134826	1	0.2957
c3	500	auto	frag	L1142178	1	0.1710
c3	500	auto	frag	L1146782	0	0.3817
c3	500	auto	frag	L1148861	1	0.4070
c3	500	auto	frag	L1148275	0	0.8076
c3	500	auto	frag	L1148681	0	0.5726
c3	500	auto	frag	L1152742	1	0.3802
c3	500	auto	frag	L1143584	1	0.3338
c3	500	auto	frag	L1139573	2	0.1706
c3	500	auto	frag	L1138559	1	0.7051
c3	500	auto	full	L665914	9	1.0000
c3	500	auto	full	L1123172	0	1.0000
c3	500	auto	full	L1125468	0	1.0000
c3	500	auto	full	L1125564	0	1.0000
c3	500	auto	full	L1127804	1	0.3479
c3	500	auto	full	L1126749	0	1.0000
c3	500	auto	full	L1128821	0	1.0000
c3	500	auto	full	L1132817	0	1.0000
c3	500	auto	full	L1159462	0	1.0000
c3	500	auto	full	L1160593	0	1.0000
c3	500	auto	full	L1135019	1	0.5050
c3	500	auto	full	L1134826	1	1.0000
c3	500	auto	full	L1146782	1	1.0000
c3	500	auto	full	L1148681	0	1.0000
c3	500	auto	full	L1148275	1	1.0000
c3	500	auto	full	L1148861	0	1.0000
c3	500	auto	full	L1152742	0	0.6174
c3	500	auto	full	L1142178	1	0.3500
c3	500	auto	full	L1143584	0	1.0000
c3	500	auto	full	L1139573	1	1.0000
c3	500	auto	full	L1138559	1	0.7956
c3	500	diagcpu	frag	L665914	11	0.2067
c3	500	diagcpu	frag	L1123172	0	0.3452
c3	500	diagcpu	frag	L1126749	2	0.1767
c3	500	diagcpu	frag	L1125468	0	0.9861
c3	500	diagcpu	frag	L1125564	1	0.5415
c3	500	diagcpu	frag	L1127804	11	0.2452
c3	500	diagcpu	frag	L1128821	0	0.9972
c3	500	diagcpu	frag	L1132817	0	1.0000
c3	500	diagcpu	frag	L1159462	0	0.9534
c3	500	diagcpu	frag	L1160593	0	0.5806
c3	500	diagcpu	frag	L1135019	1	0.3738
c3	500	diagcpu	frag	L1134826	1	0.2957
c3	500	diagcpu	frag	L1142178	1	0.1710
c3	500	diagcpu	frag	L1146782	0	0.3817
c3	500	diagcpu	frag	L1148861	1	0.4070
c3	500	diagcpu	frag	L1148275	0	0.8076
c3	500	diagcpu	frag	L1148681	0	0.5726
c3	500	diagcpu	frag	L1152742	1	0.3802
c3	500	diagcpu	frag	L1143584	1	0.3338
c3	500	diagcpu	frag	L1139573	2	0.1706
c3	500	diagcpu	frag	L1138559	1	0.7051
c3	500	fix	frag	L665914	11	0.2067
c3	500	fix	frag	L1123172	0	0.3452
c3	500	fix	frag	L1126749	2	0.1767
c3	500	fix	frag	L1125468	0	0.9861
c3	500	fix	frag	L1125564	1	0.5415
c3	500	fix	frag	L1127804	11	0.2452
c3	500	fix	frag	L1128821	0	0.9972
c3	500	fix	frag	L1132817	0	1.0000
c3	500	fix	frag	L1159462	0	0.9534
c3	500	fix	frag	L1160593	0	0.5806
c3	500	fix	frag	L1135019	1	0.3738
c3	500	fix	frag	L1134826	1	0.2957
c3	500	fix	frag	L1142178	1	0.1710
c3	500	fix	frag	L1146782	0	0.3817
c3	500	fix	frag	L1148861	1	0.4070
c3	500	fix	frag	L1148275	0	0.8076
c3	500	fix	frag	L1148681	0	0.5726
c3	500	fix	frag	L1152742	1	0.3802
c3	500	fix	frag	L1143584	1	0.3338
c3	500	fix	frag	L1139573	2	0.1706
c3	500	fix	frag	L1138559	1	0.7051
c3	500	fix	full	L665914	9	1.0000
c3	500	fix	full	L1123172	0	1.0000
c3	500	fix	full	L1125468	0	1.0000
c3	500	fix	full	L1125564	0	1.0000
c3	500	fix	full	L1127804	1	0.3479
c3	500	fix	full	L1126749	0	1.0000
c3	500	fix	full	L1128821	0	1.0000
c3	500	fix	full	L1132817	0	1.0000
c3	500	fix	full	L1159462	0	1.0000
c3	500	fix	full	L1160593	0	1.0000
c3	500	fix	full	L1135019	1	0.5050
c3	500	fix	full	L1134826	1	1.0000
c3	500	fix	full	L1146782	1	1.0000
c3	500	fix	full	L1148681	0	1.0000
c3	500	fix	full	L1148275	1	1.0000
c3	500	fix	full	L1148861	0	1.0000
c3	500	fix	full	L1152742	0	0.6174
c3	500	fix	full	L1142178	1	0.3500
c3	500	fix	full	L1143584	0	1.0000
c3	500	fix	full	L1139573	1	1.0000
c3	500	fix	full	L1138559	1	0.7956
c3	500	fix_rson	frag	L665914	11	0.2067
c3	500	fix_rson	frag	L1123172	0	0.3452
c3	500	fix_rson	frag	L1126749	2	0.1767
c3	500	fix_rson	frag	L1125468	0	0.9861
c3	500	fix_rson	frag	L1125564	1	0.5415
c3	500	fix_rson	frag	L1127804	11	0.2452
c3	500	fix_rson	frag	L1128821	0	0.9972
c3	500	fix_rson	frag	L1132817	0	1.0000
c3	500	fix_rson	frag	L1159462	0	0.9534
c3	500	fix_rson	frag	L1160593	0	0.5806
c3	500	fix_rson	frag	L1135019	1	0.3738
c3	500	fix_rson	frag	L1134826	1	0.2957
c3	500	fix_rson	frag	L1142178	1	0.1710
c3	500	fix_rson	frag	L1146782	0	0.3817
c3	500	fix_rson	frag	L1148861	1	0.4070
c3	500	fix_rson	frag	L1148275	0	0.8076
c3	500	fix_rson	frag	L1148681	0	0.5726
c3	500	fix_rson	frag	L1152742	1	0.3802
c3	500	fix_rson	frag	L1143584	1	0.3338
c3	500	fix_rson	frag	L1139573	2	0.1706
c3	500	fix_rson	frag	L1138559	1	0.7051
c3	500	noheur	frag	L1123172	0	0.3451
c3	500	noheur	frag	L1125468	0	0.9857
c3	500	noheur	frag	L1125564	1	0.5380
c3	500	noheur	frag	L1126749	2	0.1743
c3	500	noheur	frag	L1127804	11	0.2340
c3	500	noheur	frag	L1128821	0	0.9965
c3	500	noheur	frag	L1132817	0	0.9997
c3	500	noheur	frag	L1134826	1	0.2936
c3	500	noheur	frag	L1135019	1	0.3733
c3	500	noheur	frag	L1138559	1	0.7051
c3	500	noheur	frag	L1139573	2	0.1706
c3	500	noheur	frag	L1142178	1	0.1710
c3	500	noheur	frag	L1143584	1	0.3336
c3	500	noheur	frag	L1146782	0	0.3817
c3	500	noheur	frag	L1148275	0	0.8075
c3	500	noheur	frag	L1148681	0	0.5724
c3	500	noheur	frag	L1148861	1	0.4003
c3	500	noheur	frag	L1152742	1	0.3802
c3	500	noheur	frag	L1159462	0	0.9507
c3	500	noheur	frag	L1160593	0	0.5806
c3	500	noheur	frag	L665914	11	0.1177
c3	500	nopremask	frag	L665914	11	0.1632
c3	500	nopremask	frag	L1123172	0	0.4427
c3	500	nopremask	frag	L1126749	0	0.1726
c3	500	nopremask	frag	L1125468	0	0.9812
c3	500	nopremask	frag	L1125564	1	0.4457
c3	500	nopremask	frag	L1127804	11	0.1938
c3	500	nopremask	frag	L1128821	0	0.9984
c3	500	nopremask	frag	L1132817	0	1.0000
c3	500	nopremask	frag	L1159462	0	0.9566
c3	500	nopremask	frag	L1160593	0	0.5254
c3	500	nopremask	frag	L1135019	4	0.3003
c3	500	nopremask	frag	L1134826	1	0.2974
c3	500	nopremask	frag	L1142178	1	0.1736
c3	500	nopremask	frag	L1146782	0	0.2878
c3	500	nopremask	frag	L1148861	1	0.3596
c3	500	nopremask	frag	L1148275	0	0.9756
c3	500	nopremask	frag	L1148681	0	0.8289
c3	500	nopremask	frag	L1152742	0	0.5039
c3	500	nopremask	frag	L1143584	0	0.5846
c3	500	nopremask	frag	L1139573	2	0.2160
c3	500	nopremask	frag	L1138559	1	0.6466
c3	500	pplacer	frag	L1160593	0	0.6143
c3	500	pplacer	frag	L1135019	4	0.4360
c3	500	pplacer	frag	L1148275	0	1.0000
c3	500	pplacer	frag	L1138559	1	0.7186
c3	500	pplacer	frag	L1132817	0	1.0000
c3	500	pplacer	frag	L1125564	1	0.4257
c3	500	pplacer	frag	L1152742	1	0.3335
c3	500	pplacer	frag	L1125468	0	0.9591
c3	500	pplacer	frag	L1159462	0	0.9607
c3	500	pplacer	frag	L1123172	0	0.3382
c3	500	pplacer	frag	L1148681	0	0.9070
c3	500	pplacer	frag	L1142178	0	0.4489
c3	500	pplacer	frag	L1148861	1	0.2483
c3	500	pplacer	frag	L1139573	1	0.1752
c3	500	pplacer	frag	L1146782	1	0.3860
c3	500	pplacer	frag	L1127804	11	0.3285
c3	500	pplacer	frag	L1143584	1	0.3334
c3	500	pplacer	frag	L665914	12	0.1636
c3	500	pplacer	frag	L1134826	0	0.2928
c3	500	pplacer	frag	L1126749	0	0.3013
c3	500	pplacer	frag	L1128821	0	1.0000
c3	500	pplacer	full	L1132817	0	1.0000
c3	500	pplacer	full	L1143584	1	0.5728
c3	500	pplacer	full	L1160593	0	1.0000
c3	500	pplacer	full	L1138559	1	0.6940
c3	500	pplacer	full	L1135019	0	0.8758
c3	500	pplacer	full	L1128821	0	1.0000
c3	500	pplacer	full	L1159462	0	1.0000
c3	500	pplacer	full	L1139573	0	0.9638
c3	500	pplacer	full	L1148681	0	1.0000
c3	500	pplacer	full	L1125564	0	1.0000
c3	500	pplacer	full	L1148861	0	1.0000
c3	500	pplacer	full	L1146782	1	1.0000
c3	500	pplacer	full	L1152742	0	0.6515
c3	500	pplacer	full	L1134826	1	0.9229
c3	500	pplacer	full	L1126749	0	1.0000
c3	500	pplacer	full	L1125468	0	1.0000
c3	500	pplacer	full	L1148275	0	1.0000
c3	500	pplacer	full	L1123172	0	1.0000
c3	500	pplacer	full	L1142178	0	0.9689
c3	500	pplacer	full	L665914	9	0.9724
c3	500	pplacer	full	L1127804	1	0.6437
c3	500	rs_off	frag	L665914	11	0.2067
c3	500	rs_off	frag	L1123172	0	0.3452
c3	500	rs_off	frag	L1126749	2	0.1767
c3	500	rs_off	frag	L1125468	0	0.9861
c3	500	rs_off	frag	L1125564	1	0.5415
c3	500	rs_off	frag	L1127804	11	0.2452
c3	500	rs_off	frag	L1128821	0	0.9972
c3	500	rs_off	frag	L1132817	0	1.0000
c3	500	rs_off	frag	L1159462	0	0.9534
c3	500	rs_off	frag	L1160593	0	0.5806
c3	500	rs_off	frag	L1135019	1	0.3738
c3	500	rs_off	frag	L1134826	1	0.2957
c3	500	rs_off	frag	L1142178	1	0.1710
c3	500	rs_off	frag	L1146782	0	0.3817
c3	500	rs_off	frag	L1148861	1	0.4070
c3	500	rs_off	frag	L1148275	0	0.8076
c3	500	rs_off	frag	L1148681	0	0.5726
c3	500	rs_off	frag	L1152742	1	0.3802
c3	500	rs_off	frag	L1143584	1	0.3338
c3	500	rs_off	frag	L1139573	2	0.1706
c3	500	rs_off	frag	L1138559	1	0.7051
c3	500	rs_on	frag	L665914	13	1.0000
c3	500	rs_on	frag	L1123172	2	1.0000
c3	500	rs_on	frag	L1126749	7	1.0000
c3	500	rs_on	frag	L1125468	0	0.8253
c3	500	rs_on	frag	L1125564	1	1.0000
c3	500	rs_on	frag	L1127804	9	1.0000
c3	500	rs_on	frag	L1128821	1	1.0000
c3	500	rs_on	frag	L1132817	0	1.0000
c3	500	rs_on	frag	L1159462	1	1.0000
c3	500	rs_on	frag	L1160593	0	0.5806
c3	500	rs_on	frag	L1135019	3	1.0000
c3	500	rs_on	frag	L1134826	3	1.0000
c3	500	rs_on	frag	L1142178	1	1.0000
c3	500	rs_on	frag	L1146782	4	1.0000
c3	500	rs_on	frag	L1148861	1	1.0000
c3	500	rs_on	frag	L1148275	4	1.0000
c3	500	rs_on	frag	L1148681	6	1.0000
c3	500	rs_on	frag	L1152742	1	1.0000
c3	500	rs_on	frag	L1143584	1	1.0000
c3	500	rs_on	frag	L1139573	3	1.0000
c3	500	rs_on	frag	L1138559	1	1.0000
c3	5000	auto	frag	L665914	2	1.0000
c3	5000	auto	frag	L1123172	1	1.0000
c3	5000	auto	frag	L1126749	1	0.7802
c3	5000	auto	frag	L1125468	0	1.0000
c3	5000	auto	frag	L1125564	1	0.9997
c3	5000	auto	frag	L1127804	11	0.9958
c3	5000	auto	frag	L1128821	1	1.0000
c3	5000	auto	frag	L1132817	0	1.0000
c3	5000	auto	frag	L1159462	0	1.0000
c3	5000	auto	frag	L1160593	0	0.5492
c3	5000	auto	frag	L1135019	4	1.0000
c3	5000	auto	frag	L1134826	1	0.9733
c3	5000	auto	frag	L1142178	1	0.6899
c3	5000	auto	frag	L1146782	4	1.0000
c3	5000	auto	frag	L1148861	3	0.9855
c3	5000	auto	frag	L1148275	6	1.0000
c3	5000	auto	frag	L1148681	2	0.9999
c3	5000	auto	frag	L1152742	0	0.7253
c3	5000	auto	frag	L1143584	1	1.0000
c3	5000	auto	frag	L1139573	0	0.9743
c3	5000	auto	frag	L1138559	0	1.0000
c3	5000	auto	full	L665914	1	1.0000
c3	5000	auto	full	L1123172	0	1.0000
c3	5000	auto	full	L1125468	0	1.0000
c3	5000	auto	full	L1125564	0	1.0000
c3	5000	auto	full	L1127804	1	0.4747
c3	5000	auto	full	L1126749	0	1.0000
c3	5000	auto	full	L1128821	0	1.0000
c3	5000	auto	full	L1132817	0	1.0000
c3	5000	auto	full	L1159462	0	1.0000
c3	5000	auto	full	L1160593	0	1.0000
c3	5000	auto	full	L1135019	1	0.5026
c3	5000	auto	full	L1134826	1	1.0000
c3	5000	auto	full	L1146782	1	1.0000
c3	5000	auto	full	L1148681	0	1.0000
c3	5000	auto	full	L1148275	1	1.0000
c3	5000	auto	full	L1148861	0	1.0000
c3	5000	auto	full	L1152742	0	0.7827
c3	5000	auto	full	L1142178	1	0.3438
c3	5000	auto	full	L1143584	0	1.0000
c3	5000	auto	full	L1139573	1	1.0000
c3	5000	auto	full	L1138559	1	0.6820
c3	5000	fix	frag	L665914	1	0.4377
c3	5000	fix	frag	L1123172	1	0.3867
c3	5000	fix	frag	L1126749	3	0.1492
c3	5000	fix	frag	L1125468	0	0.9865
c3	5000	fix	frag	L1125564	1	0.5191
c3	5000	fix	frag	L1127804	11	0.2291
c3	5000	fix	frag	L1128821	0	0.9970
c3	5000	fix	frag	L1132817	0	1.0000
c3	5000	fix	frag	L1159462	0	0.9831
c3	5000	fix	frag	L1160593	0	0.5492
c3	5000	fix	frag	L1135019	1	0.3030
c3	5000	fix	frag	L1134826	1	0.2931
c3	5000	fix	frag	L1142178	0	0.2151
c3	5000	fix	frag	L1146782	0	0.3613
c3	5000	fix	frag	L1148861	1	0.2546
c3	5000	fix	frag	L1148275	0	0.9450
c3	5000	fix	frag	L1148681	0	0.4877
c3	5000	fix	frag	L1152742	1	0.3762
c3	5000	fix	frag	L1143584	1	0.3337
c3	5000	fix	frag	L1139573	2	0.1742
c3	5000	fix	frag	L1138559	1	0.6880
c3	5000	fix	full	L665914	1	1.0000
c3	5000	fix	full	L1123172	0	1.0000
c3	5000	fix	full	L1125468	0	1.0000
c3	5000	fix	full	L1125564	0	1.0000
c3	5000	fix	full	L1127804	1	0.4747
c3	5000	fix	full	L1126749	0	1.0000
c3	5000	fix	full	L1128821	0	1.0000
c3	5000	fix	full	L1132817	0	1.0000
c3	5000	fix	full	L1159462	0	1.0000
c3	5000	fix	full	L1160593	0	1.0000
c3	5000	fix	full	L1135019	1	0.5026
c3	5000	fix	full	L1134826	1	1.0000
c3	5000	fix	full	L1146782	1	1.0000
c3	5000	fix	full	L1148681	0	1.0000
c3	5000	fix	full	L1148275	1	1.0000
c3	5000	fix	full	L1148861	0	1.0000
c3	5000	fix	full	L1152742	0	0.7827
c3	5000	fix	full	L1142178	1	0.3438
c3	5000	fix	full	L1143584	0	1.0000
c3	5000	fix	full	L1139573	1	1.0000
c3	5000	fix	full	L1138559	1	0.6820
c3	5000	fix_noheur	frag	L1123172	1	0.3865
c3	5000	fix_noheur	frag	L1125468	0	0.9860
c3	5000	fix_noheur	frag	L1125564	1	0.5156
c3	5000	fix_noheur	frag	L1126749	3	0.1444
c3	5000	fix_noheur	frag	L1127804	11	0.2167
c3	5000	fix_noheur	frag	L1128821	0	0.9966
c3	5000	fix_noheur	frag	L1132817	0	1.0000
c3	5000	fix_noheur	frag	L1134826	1	0.2913
c3	5000	fix_noheur	frag	L1135019	1	0.3023
c3	5000	fix_noheur	frag	L1138559	1	0.6880
c3	5000	fix_noheur	frag	L1139573	2	0.1742
c3	5000	fix_noheur	frag	L1142178	0	0.2150
c3	5000	fix_noheur	frag	L1143584	1	0.3335
c3	5000	fix_noheur	frag	L1146782	0	0.3613
c3	5000	fix_noheur	frag	L1148275	0	0.9427
c3	5000	fix_noheur	frag	L1148681	0	0.4876
c3	5000	fix_noheur	frag	L1148861	1	0.2514
c3	5000	fix_noheur	frag	L1152742	1	0.3762
c3	5000	fix_noheur	frag	L1159462	0	0.9789
c3	5000	fix_noheur	frag	L1160593	0	0.5492
c3	5000	fix_noheur	frag	L665914	1	0.4368
c3	5000	noheur	frag	L1123172	12	1.0000
c3	5000	noheur	frag	L1125468	19	1.0000
c3	5000	noheur	frag	L1125564	18	1.0000
c3	5000	noheur	frag	L1126749	21	1.0000
c3	5000	noheur	frag	L1127804	12	1.0000
c3	5000	noheur	frag	L1128821	15	1.0000
c3	5000	noheur	frag	L1132817	8	1.0000
c3	5000	noheur	frag	L1134826	10	1.0000
c3	5000	noheur	frag	L1135019	14	1.0000
c3	5000	noheur	frag	L1138559	23	1.0000
c3	5000	noheur	frag	L1139573	18	1.0000
c3	5000	noheur	frag	L1142178	22	1.0000
c3	5000	noheur	frag	L1143584	22	1.0000
c3	5000	noheur	frag	L1146782	19	1.0000
c3	5000	noheur	frag	L1148275	22	1.0000
c3	5000	noheur	frag	L1148681	24	0.9603
c3	5000	noheur	frag	L1148861	19	1.0000
c3	5000	noheur	frag	L1152742	17	1.0000
c3	5000	noheur	frag	L1159462	15	1.0000
c3	5000	noheur	frag	L1160593	0	0.5492
c3	5000	noheur	frag	L665914	4	1.0000
c3	5000	nopremask	frag	L665914	1	0.3177
c3	5000	nopremask	frag	L1123172	1	0.4179
c3	5000	nopremask	frag	L1126749	0	0.3362
c3	5000	nopremask	frag	L1125468	0	0.9758
c3	5000	nopremask	frag	L1125564	1	0.4999
c3	5000	nopremask	frag	L1127804	11	0.1756
c3	5000	nopremask	frag	L1128821	0	0.9988
c3	5000	nopremask	frag	L1132817	0	1.0000
c3	5000	nopremask	frag	L1159462	0	0.9794
c3	5000	nopremask	frag	L1160593	0	0.5470
c3	5000	nopremask	frag	L1135019	4	0.4627
c3	5000	nopremask	frag	L1134826	0	0.2655
c3	5000	nopremask	frag	L1142178	0	0.2229
c3	5000	nopremask	frag	L1146782	0	0.3084
c3	5000	nopremask	frag	L1148861	1	0.2154
c3	5000	nopremask	frag	L1148275	0	0.9924
c3	5000	nopremask	frag	L1148681	0	0.8302
c3	5000	nopremask	frag	L1152742	0	0.4251
c3	5000	nopremask	frag	L1143584	0	0.4896
c3	5000	nopremask	frag	L1139573	1	0.2048
c3	5000	nopremask	frag	L1138559	1	0.6004
c3	5000	pplacer	frag	L1160593	0	0.6098
c3	5000	pplacer	frag	L1135019	4	0.4460
c3	5000	pplacer	frag	L1148275	0	1.0000
c3	5000	pplacer	frag	L1138559	1	0.7172
c3	5000	pplacer	frag	L1132817	0	1.0000
c3	5000	pplacer	frag	L1125564	1	0.4295
c3	5000	pplacer	frag	L1152742	1	0.3335
c3	5000	pplacer	frag	L1125468	0	0.9586
c3	5000	pplacer	frag	L1159462	0	0.9612
c3	5000	pplacer	frag	L1123172	0	0.3517
c3	5000	pplacer	frag	L1148681	0	0.9058
c3	5000	pplacer	frag	L1142178	0	0.4542
c3	5000	pplacer	frag	L1148861	1	0.2526
c3	5000	pplacer	frag	L1139573	1	0.1756
c3	5000	pplacer	frag	L1146782	1	0.3866
c3	5000	pplacer	frag	L1127804	11	0.3275
c3	5000	pplacer	frag	L1143584	1	0.3334
c3	5000	pplacer	frag	L665914	1	0.3527
c3	5000	pplacer	frag	L1134826	0	0.2879
c3	5000	pplacer	frag	L1126749	0	0.2975
c3	5000	pplacer	frag	L1128821	0	1.0000
c3	5000	pplacer	full	L1123172	0	1.0000
c3	5000	pplacer	full	L1126749	0	1.0000
c3	5000	pplacer	full	L1132817	0	1.0000
c3	5000	pplacer	full	L1146782	1	1.0000
c3	5000	pplacer	full	L1125564	0	1.0000
c3	5000	pplacer	full	L1160593	0	1.0000
c3	5000	pplacer	full	L1142178	0	0.9700
c3	5000	pplacer	full	L665914	1	1.0000
c3	5000	pplacer	full	L1152742	0	0.6472
c3	5000	pplacer	full	L1148275	0	1.0000
c3	5000	pplacer	full	L1139573	0	0.9642
c3	5000	pplacer	full	L1138559	1	0.7006
c3	5000	pplacer	full	L1127804	1	0.6218
c3	5000	pplacer	full	L1134826	1	0.9228
c3	5000	pplacer	full	L1159462	0	1.0000
c3	5000	pplacer	full	L1125468	0	1.0000
c3	5000	pplacer	full	L1148861	0	1.0000
c3	5000	pplacer	full	L1135019	0	0.8794
c3	5000	pplacer	full	L1148681	0	1.0000
c3	5000	pplacer	full	L1143584	1	0.5711
c3	5000	pplacer	full	L1128821	0	1.0000
c3	5000	shift	frag	L665914	1	0.4377
c3	5000	shift	frag	L1123172	1	0.3867
c3	5000	shift	frag	L1126749	3	0.1492
c3	5000	shift	frag	L1125468	0	0.9865
c3	5000	shift	frag	L1125564	1	0.5191
c3	5000	shift	frag	L1127804	11	0.2291
c3	5000	shift	frag	L1128821	0	0.9970
c3	5000	shift	frag	L1132817	0	1.0000
c3	5000	shift	frag	L1159462	0	0.9831
c3	5000	shift	frag	L1160593	0	0.5492
c3	5000	shift	frag	L1135019	1	0.3030
c3	5000	shift	frag	L1134826	1	0.2931
c3	5000	shift	frag	L1142178	0	0.2151
c3	5000	shift	frag	L1146782	0	0.3613
c3	5000	shift	frag	L1148861	1	0.2546
c3	5000	shift	frag	L1148275	0	0.9450
c3	5000	shift	frag	L1148681	0	0.4877
c3	5000	shift	frag	L1152742	1	0.3762
c3	5000	shift	frag	L1143584	1	0.3337
c3	5000	shift	frag	L1139573	2	0.1742
c3	5000	shift	frag	L1138559	1	0.6880
c3	5000	simd	frag	L665914	2	1.0000
c3	5000	simd	frag	L1123172	1	1.0000
c3	5000	simd	frag	L1126749	1	0.7802
c3	5000	simd	frag	L1125468	0	1.0000
c3	5000	simd	frag	L1125564	1	0.9997
c3	5000	simd	frag	L1127804	11	0.9958
c3	5000	simd	frag	L1128821	1	1.0000
c3	5000	simd	frag	L1132817	0	1.0000
c3	5000	simd	frag	L1159462	0	1.0000
c3	5000	simd	frag	L1160593	0	0.5492
c3	5000	simd	frag	L1135019	4	1.0000
c3	5000	simd	frag	L1134826	1	0.9733
c3	5000	simd	frag	L1142178	1	0.6899
c3	5000	simd	frag	L1146782	4	1.0000
c3	5000	simd	frag	L1148861	3	0.9855
c3	5000	simd	frag	L1148275	6	1.0000
c3	5000	simd	frag	L1148681	2	0.9999
c3	5000	simd	frag	L1152742	0	0.7253
c3	5000	simd	frag	L1143584	1	1.0000
c3	5000	simd	frag	L1139573	0	0.9743
c3	5000	simd	frag	L1138559	0	1.0000
c4	1000	auto	frag	L1228698	0	0.1741
c4	1000	auto	frag	L1229975	1	0.5556
c4	1000	auto	frag	L1247700	0	1.0000
c4	1000	auto	frag	L1244427	1	0.1718
c4	1000	auto	frag	L1237368	2	0.1342
c4	1000	auto	frag	L1233030	1	0.4012
c4	1000	auto	frag	L1235564	0	0.9238
c4	1000	auto	frag	L1234322	0	0.7693
c4	1000	auto	frag	L1243882	0	0.8909
c4	1000	auto	frag	L1242536	0	0.5167
c4	1000	auto	frag	L1277861	0	0.4696
c4	1000	auto	frag	L1249050	0	0.9988
c4	1000	auto	frag	L1252273	1	0.3161
c4	1000	auto	frag	L1263639	0	1.0000
c4	1000	auto	frag	L1263909	1	0.2515
c4	1000	auto	frag	L1267300	0	0.1979
c4	1000	auto	frag	L1271695	0	0.8458
c4	1000	auto	frag	L1267973	1	0.3192
c4	1000	auto	frag	L1269000	1	0.2058
c4	1000	auto	frag	L1269225	1	0.4227
c4	1000	auto	frag	L1268056	4	0.1724
c4	1000	auto	frag	L1270519	0	0.2660
c4	1000	auto	frag	L1269960	0	0.7705
c4	1000	auto	frag	L1277578	1	0.3451
c4	1000	auto	full	L1229975	0	1.0000
c4	1000	auto	full	L1228698	0	1.0000
c4	1000	auto	full	L1247700	0	1.0000
c4	1000	auto	full	L1237368	1	0.3995
c4	1000	auto	full	L1233030	0	0.9532
c4	1000	auto	full	L1234322	0	1.0000
c4	1000	auto	full	L1235564	0	1.0000
c4	1000	auto	full	L1244427	1	0.8599
c4	1000	auto	full	L1243882	0	1.0000
c4	1000	auto	full	L1242536	0	1.0000
c4	1000	auto	full	L1249050	0	1.0000
c4	1000	auto	full	L1252273	1	1.0000
c4	1000	auto	full	L1263639	0	1.0000
c4	1000	auto	full	L1263909	0	1.0000
c4	1000	auto	full	L1271695	1	1.0000
c4	1000	auto	full	L1269225	0	1.0000
c4	1000	auto	full	L1269000	0	1.0000
c4	1000	auto	full	L1268056	1	0.4149
c4	1000	auto	full	L1270519	1	0.4832
c4	1000	auto	full	L1269960	0	1.0000
c4	1000	auto	full	L1267973	0	0.6635
c4	1000	auto	full	L1267300	0	1.0000
c4	1000	auto	full	L1277861	0	1.0000
c4	1000	auto	full	L1277578	1	1.0000
c4	1000	diagcpu	frag	L1228698	0	0.1741
c4	1000	diagcpu	frag	L1229975	1	0.5556
c4	1000	diagcpu	frag	L1247700	0	1.0000
c4	1000	diagcpu	frag	L1244427	1	0.1718
c4	1000	diagcpu	frag	L1237368	2	0.1342
c4	1000	diagcpu	frag	L1233030	1	0.4012
c4	1000	diagcpu	frag	L1235564	0	0.9238
c4	1000	diagcpu	frag	L1234322	0	0.7693
c4	1000	diagcpu	frag	L1243882	0	0.8909
c4	1000	diagcpu	frag	L1242536	0	0.5167
c4	1000	diagcpu	frag	L1277861	0	0.4696
c4	1000	diagcpu	frag	L1249050	0	0.9988
c4	1000	diagcpu	frag	L1252273	1	0.3161
c4	1000	diagcpu	frag	L1263639	0	1.0000
c4	1000	diagcpu	frag	L1263909	1	0.2515
c4	1000	diagcpu	frag	L1267300	0	0.1979
c4	1000	diagcpu	frag	L1271695	0	0.8458
c4	1000	diagcpu	frag	L1267973	1	0.3192
c4	1000	diagcpu	frag	L1269000	1	0.2058
c4	1000	diagcpu	frag	L1269225	1	0.4227
c4	1000	diagcpu	frag	L1268056	4	0.1724
c4	1000	diagcpu	frag	L1270519	0	0.2660
c4	1000	diagcpu	frag	L1269960	0	0.7705
c4	1000	diagcpu	frag	L1277578	1	0.3451
c4	1000	fix	frag	L1228698	0	0.1741
c4	1000	fix	frag	L1229975	1	0.5556
c4	1000	fix	frag	L1247700	0	1.0000
c4	1000	fix	frag	L1244427	1	0.1718
c4	1000	fix	frag	L1237368	2	0.1342
c4	1000	fix	frag	L1233030	1	0.4012
c4	1000	fix	frag	L1235564	0	0.9238
c4	1000	fix	frag	L1234322	0	0.7693
c4	1000	fix	frag	L1243882	0	0.8909
c4	1000	fix	frag	L1242536	0	0.5167
c4	1000	fix	frag	L1277861	0	0.4696
c4	1000	fix	frag	L1249050	0	0.9988
c4	1000	fix	frag	L1252273	1	0.3161
c4	1000	fix	frag	L1263639	0	1.0000
c4	1000	fix	frag	L1263909	1	0.2515
c4	1000	fix	frag	L1267300	0	0.1979
c4	1000	fix	frag	L1271695	0	0.8458
c4	1000	fix	frag	L1267973	1	0.3192
c4	1000	fix	frag	L1269000	1	0.2058
c4	1000	fix	frag	L1269225	1	0.4227
c4	1000	fix	frag	L1268056	4	0.1724
c4	1000	fix	frag	L1270519	0	0.2660
c4	1000	fix	frag	L1269960	0	0.7705
c4	1000	fix	frag	L1277578	1	0.3451
c4	1000	fix	full	L1229975	0	1.0000
c4	1000	fix	full	L1228698	0	1.0000
c4	1000	fix	full	L1247700	0	1.0000
c4	1000	fix	full	L1237368	1	0.3995
c4	1000	fix	full	L1233030	0	0.9532
c4	1000	fix	full	L1234322	0	1.0000
c4	1000	fix	full	L1235564	0	1.0000
c4	1000	fix	full	L1244427	1	0.8599
c4	1000	fix	full	L1243882	0	1.0000
c4	1000	fix	full	L1242536	0	1.0000
c4	1000	fix	full	L1249050	0	1.0000
c4	1000	fix	full	L1252273	1	1.0000
c4	1000	fix	full	L1263639	0	1.0000
c4	1000	fix	full	L1263909	0	1.0000
c4	1000	fix	full	L1271695	1	1.0000
c4	1000	fix	full	L1269225	0	1.0000
c4	1000	fix	full	L1269000	0	1.0000
c4	1000	fix	full	L1268056	1	0.4149
c4	1000	fix	full	L1270519	1	0.4832
c4	1000	fix	full	L1269960	0	1.0000
c4	1000	fix	full	L1267973	0	0.6635
c4	1000	fix	full	L1267300	0	1.0000
c4	1000	fix	full	L1277861	0	1.0000
c4	1000	fix	full	L1277578	1	1.0000
c4	1000	fix_rson	frag	L1228698	0	0.1741
c4	1000	fix_rson	frag	L1229975	1	0.5556
c4	1000	fix_rson	frag	L1247700	0	1.0000
c4	1000	fix_rson	frag	L1244427	1	0.1718
c4	1000	fix_rson	frag	L1237368	2	0.1342
c4	1000	fix_rson	frag	L1233030	1	0.4012
c4	1000	fix_rson	frag	L1235564	0	0.9238
c4	1000	fix_rson	frag	L1234322	0	0.7693
c4	1000	fix_rson	frag	L1243882	0	0.8909
c4	1000	fix_rson	frag	L1242536	0	0.5167
c4	1000	fix_rson	frag	L1277861	0	0.4696
c4	1000	fix_rson	frag	L1249050	0	0.9988
c4	1000	fix_rson	frag	L1252273	1	0.3161
c4	1000	fix_rson	frag	L1263639	0	1.0000
c4	1000	fix_rson	frag	L1263909	1	0.2515
c4	1000	fix_rson	frag	L1267300	0	0.1979
c4	1000	fix_rson	frag	L1271695	0	0.8458
c4	1000	fix_rson	frag	L1267973	1	0.3192
c4	1000	fix_rson	frag	L1269000	1	0.2058
c4	1000	fix_rson	frag	L1269225	1	0.4227
c4	1000	fix_rson	frag	L1268056	4	0.1724
c4	1000	fix_rson	frag	L1270519	0	0.2660
c4	1000	fix_rson	frag	L1269960	0	0.7705
c4	1000	fix_rson	frag	L1277578	1	0.3451
c4	1000	noheur	frag	L1228698	0	0.1741
c4	1000	noheur	frag	L1229975	1	0.5533
c4	1000	noheur	frag	L1233030	1	0.4011
c4	1000	noheur	frag	L1234322	0	0.7607
c4	1000	noheur	frag	L1235564	0	0.9050
c4	1000	noheur	frag	L1237368	2	0.1338
c4	1000	noheur	frag	L1242536	0	0.5148
c4	1000	noheur	frag	L1243882	0	0.8544
c4	1000	noheur	frag	L1244427	1	0.1715
c4	1000	noheur	frag	L1247700	0	1.0000
c4	1000	noheur	frag	L1249050	0	0.9880
c4	1000	noheur	frag	L1252273	1	0.3161
c4	1000	noheur	frag	L1263639	0	1.0000
c4	1000	noheur	frag	L1263909	1	0.2515
c4	1000	noheur	frag	L1267300	0	0.1972
c4	1000	noheur	frag	L1267973	1	0.3190
c4	1000	noheur	frag	L1268056	4	0.1722
c4	1000	noheur	frag	L1269000	1	0.2057
c4	1000	noheur	frag	L1269225	1	0.4227
c4	1000	noheur	frag	L1269960	0	0.7693
c4	1000	noheur	frag	L1270519	0	0.2650
c4	1000	noheur	frag	L1271695	0	0.8456
c4	1000	noheur	frag	L1277578	1	0.3127
c4	1000	noheur	frag	L1277861	0	0.3118
c4	1000	nopremask	frag	L1228698	2	0.2263
c4	1000	nopremask	frag	L1229975	1	0.5656
c4	1000	nopremask	frag	L1247700	0	1.0000
c4	1000	nopremask	frag	L1244427	1	0.1717
c4	1000	nopremask	frag	L1237368	2	0.1600
c4	1000	nopremask	frag	L1233030	1	0.3684
c4	1000	nopremask	frag	L1235564	0	0.9254
c4	1000	nopremask	frag	L1234322	0	0.8262
c4	1000	nopremask	frag	L1243882	0	0.9383
c4	1000	nopremask	frag	L1242536	1	0.4704
c4	1000	nopremask	frag	L1277861	0	0.2649
c4	1000	nopremask	frag	L1249050	0	0.9989
c4	1000	nopremask	frag	L1252273	0	0.3685
c4	1000	nopremask	frag	L1263639	0	1.0000
c4	1000	nopremask	frag	L1263909	1	0.3641
c4	1000	nopremask	frag	L1267300	0	0.3951
c4	1000	nopremask	frag	L1271695	0	0.8884
c4	1000	nopremask	frag	L1267973	0	0.4756
c4	1000	nopremask	frag	L1269000	1	0.2087
c4	1000	nopremask	frag	L1269225	1	0.5200
c4	1000	nopremask	frag	L1268056	3	0.1827
c4	1000	nopremask	frag	L1270519	0	0.2214
c4	1000	nopremask	frag	L1269960	0	0.7607
c4	1000	nopremask	frag	L1277578	1	0.6316
c4	1000	pplacer	frag	L1277578	1	0.4574
c4	1000	pplacer	frag	L1267300	0	0.3529
c4	1000	pplacer	frag	L1237368	1	0.1696
c4	1000	pplacer	frag	L1249050	0	1.0000
c4	1000	pplacer	frag	L1229975	0	0.4940
c4	1000	pplacer	frag	L1235564	0	1.0000
c4	1000	pplacer	frag	L1269225	0	0.3447
c4	1000	pplacer	frag	L1277861	0	0.5707
c4	1000	pplacer	frag	L1233030	0	0.4936
c4	1000	pplacer	frag	L1247700	0	1.0000
c4	1000	pplacer	frag	L1271695	0	0.8785
c4	1000	pplacer	frag	L1270519	0	0.2580
c4	1000	pplacer	frag	L1242536	0	0.5290
c4	1000	pplacer	frag	L1269960	0	0.6653
c4	1000	pplacer	frag	L1269000	0	0.2006
c4	1000	pplacer	frag	L1263639	0	1.0000
c4	1000	pplacer	frag	L1252273	1	0.3700
c4	1000	pplacer	frag	L1234322	0	0.9631
c4	1000	pplacer	frag	L1243882	0	0.8336
c4	1000	pplacer	frag	L1228698	2	0.2575
c4	1000	pplacer	frag	L1244427	1	0.2231
c4	1000	pplacer	frag	L1263909	1	0.4280
c4	1000	pplacer	frag	L1268056	4	0.2420
c4	1000	pplacer	frag	L1267973	0	0.3051
c4	1000	pplacer	full	L1270519	0	0.9870
c4	1000	pplacer	full	L1233030	0	1.0000
c4	1000	pplacer	full	L1267300	0	1.0000
c4	1000	pplacer	full	L1263909	0	1.0000
c4	1000	pplacer	full	L1267973	0	0.5039
c4	1000	pplacer	full	L1271695	0	1.0000
c4	1000	pplacer	full	L1269960	0	1.0000
c4	1000	pplacer	full	L1263639	0	1.0000
c4	1000	pplacer	full	L1269000	0	1.0000
c4	1000	pplacer	full	L1243882	0	1.0000
c4	1000	pplacer	full	L1249050	0	1.0000
c4	1000	pplacer	full	L1235564	0	1.0000
c4	1000	pplacer	full	L1242536	0	1.0000
c4	1000	pplacer	full	L1247700	0	1.0000
c4	1000	pplacer	full	L1268056	1	0.3335
c4	1000	pplacer	full	L1228698	0	1.0000
c4	1000	pplacer	full	L1269225	0	1.0000
c4	1000	pplacer	full	L1229975	0	1.0000
c4	1000	pplacer	full	L1277861	0	1.0000
c4	1000	pplacer	full	L1277578	1	0.4822
c4	1000	pplacer	full	L1234322	0	1.0000
c4	1000	pplacer	full	L1244427	0	0.7628
c4	1000	pplacer	full	L1237368	1	0.3338
c4	1000	pplacer	full	L1252273	0	1.0000
c4	1000	rs_off	frag	L1228698	0	0.1741
c4	1000	rs_off	frag	L1229975	1	0.5556
c4	1000	rs_off	frag	L1247700	0	1.0000
c4	1000	rs_off	frag	L1244427	1	0.1718
c4	1000	rs_off	frag	L1237368	2	0.1342
c4	1000	rs_off	frag	L1233030	1	0.4012
c4	1000	rs_off	frag	L1235564	0	0.9238
c4	1000	rs_off	frag	L1234322	0	0.7693
c4	1000	rs_off	frag	L1243882	0	0.8909
c4	1000	rs_off	frag	L1242536	0	0.5167
c4	1000	rs_off	frag	L1277861	0	0.4696
c4	1000	rs_off	frag	L1249050	0	0.9988
c4	1000	rs_off	frag	L1252273	1	0.3161
c4	1000	rs_off	frag	L1263639	0	1.0000
c4	1000	rs_off	frag	L1263909	1	0.2515
c4	1000	rs_off	frag	L1267300	0	0.1979
c4	1000	rs_off	frag	L1271695	0	0.8458
c4	1000	rs_off	frag	L1267973	1	0.3192
c4	1000	rs_off	frag	L1269000	1	0.2058
c4	1000	rs_off	frag	L1269225	1	0.4227
c4	1000	rs_off	frag	L1268056	4	0.1724
c4	1000	rs_off	frag	L1270519	0	0.2660
c4	1000	rs_off	frag	L1269960	0	0.7705
c4	1000	rs_off	frag	L1277578	1	0.3451
c4	1000	rs_on	frag	L1228698	4	1.0000
c4	1000	rs_on	frag	L1229975	2	1.0000
c4	1000	rs_on	frag	L1247700	0	1.0000
c4	1000	rs_on	frag	L1244427	2	1.0000
c4	1000	rs_on	frag	L1237368	3	1.0000
c4	1000	rs_on	frag	L1233030	4	1.0000
c4	1000	rs_on	frag	L1235564	3	1.0000
c4	1000	rs_on	frag	L1234322	1	1.0000
c4	1000	rs_on	frag	L1243882	1	1.0000
c4	1000	rs_on	frag	L1242536	4	1.0000
c4	1000	rs_on	frag	L1277861	0	0.4696
c4	1000	rs_on	frag	L1249050	0	1.0000
c4	1000	rs_on	frag	L1252273	1	0.9759
c4	1000	rs_on	frag	L1263639	0	1.0000
c4	1000	rs_on	frag	L1263909	1	0.8453
c4	1000	rs_on	frag	L1267300	4	1.0000
c4	1000	rs_on	frag	L1271695	0	0.9986
c4	1000	rs_on	frag	L1267973	2	1.0000
c4	1000	rs_on	frag	L1269000	1	1.0000
c4	1000	rs_on	frag	L1269225	2	1.0000
c4	1000	rs_on	frag	L1268056	4	1.0000
c4	1000	rs_on	frag	L1270519	0	0.9153
c4	1000	rs_on	frag	L1269960	3	1.0000
c4	1000	rs_on	frag	L1277578	2	1.0000
c4	2000	auto	frag	L1267300	0	0.1809
c4	2000	auto	frag	L1228698	2	0.1728
c4	2000	auto	frag	L1229975	1	0.5548
c4	2000	auto	frag	L1247700	0	1.0000
c4	2000	auto	frag	L1244427	1	0.1641
c4	2000	auto	frag	L1237368	2	0.1369
c4	2000	auto	frag	L1233030	1	0.3676
c4	2000	auto	frag	L1235564	0	0.9307
c4	2000	auto	frag	L1234322	0	0.6942
c4	2000	auto	frag	L1243882	0	0.9409
c4	2000	auto	frag	L1242536	1	0.4969
c4	2000	auto	frag	L1277861	0	0.4666
c4	2000	auto	frag	L1249050	0	0.9991
c4	2000	auto	frag	L1252273	1	0.3215
c4	2000	auto	frag	L1263639	0	1.0000
c4	2000	auto	frag	L1263909	1	0.2913
c4	2000	auto	frag	L1271695	0	0.8892
c4	2000	auto	frag	L1267973	1	0.3196
c4	2000	auto	frag	L1269000	1	0.2086
c4	2000	auto	frag	L1269225	1	0.4268
c4	2000	auto	frag	L1268056	4	0.1658
c4	2000	auto	frag	L1270519	0	0.1873
c4	2000	auto	frag	L1269960	0	0.7132
c4	2000	auto	frag	L1277578	1	0.3218
c4	2000	auto	full	L1229975	0	1.0000
c4	2000	auto	full	L1228698	0	1.0000
c4	2000	auto	full	L1247700	0	1.0000
c4	2000	auto	full	L1237368	0	0.3575
c4	2000	auto	full	L1233030	0	0.9855
c4	2000	auto	full	L1234322	0	1.0000
c4	2000	auto	full	L1235564	0	1.0000
c4	2000	auto	full	L1244427	1	0.9253
c4	2000	auto	full	L1243882	0	1.0000
c4	2000	auto	full	L1242536	0	1.0000
c4	2000	auto	full	L1249050	0	1.0000
c4	2000	auto	full	L1252273	1	1.0000
c4	2000	auto	full	L1263639	0	1.0000
c4	2000	auto	full	L1263909	0	1.0000
c4	2000	auto	full	L1271695	1	1.0000
c4	2000	auto	full	L1269225	0	1.0000
c4	2000	auto	full	L1269000	0	1.0000
c4	2000	auto	full	L1268056	1	0.4032
c4	2000	auto	full	L1270519	1	0.4846
c4	2000	auto	full	L1269960	0	1.0000
c4	2000	auto	full	L1267973	0	0.6487
c4	2000	auto	full	L1267300	0	1.0000
c4	2000	auto	full	L1277861	0	1.0000
c4	2000	auto	full	L1277578	1	1.0000
c4	2000	diagcpu	frag	L1267300	0	0.1809
c4	2000	diagcpu	frag	L1228698	2	0.1728
c4	2000	diagcpu	frag	L1229975	1	0.5548
c4	2000	diagcpu	frag	L1247700	0	1.0000
c4	2000	diagcpu	frag	L1244427	1	0.1641
c4	2000	diagcpu	frag	L1237368	2	0.1369
c4	2000	diagcpu	frag	L1233030	1	0.3676
c4	2000	diagcpu	frag	L1235564	0	0.9307
c4	2000	diagcpu	frag	L1234322	0	0.6942
c4	2000	diagcpu	frag	L1243882	0	0.9409
c4	2000	diagcpu	frag	L1242536	1	0.4969
c4	2000	diagcpu	frag	L1277861	0	0.4666
c4	2000	diagcpu	frag	L1249050	0	0.9991
c4	2000	diagcpu	frag	L1252273	1	0.3215
c4	2000	diagcpu	frag	L1263639	0	1.0000
c4	2000	diagcpu	frag	L1263909	1	0.2913
c4	2000	diagcpu	frag	L1271695	0	0.8892
c4	2000	diagcpu	frag	L1267973	1	0.3196
c4	2000	diagcpu	frag	L1269000	1	0.2086
c4	2000	diagcpu	frag	L1269225	1	0.4268
c4	2000	diagcpu	frag	L1268056	4	0.1658
c4	2000	diagcpu	frag	L1270519	0	0.1873
c4	2000	diagcpu	frag	L1269960	0	0.7132
c4	2000	diagcpu	frag	L1277578	1	0.3218
c4	2000	fix	frag	L1267300	0	0.1809
c4	2000	fix	frag	L1228698	2	0.1728
c4	2000	fix	frag	L1229975	1	0.5548
c4	2000	fix	frag	L1247700	0	1.0000
c4	2000	fix	frag	L1244427	1	0.1641
c4	2000	fix	frag	L1237368	2	0.1369
c4	2000	fix	frag	L1233030	1	0.3676
c4	2000	fix	frag	L1235564	0	0.9307
c4	2000	fix	frag	L1234322	0	0.6942
c4	2000	fix	frag	L1243882	0	0.9409
c4	2000	fix	frag	L1242536	1	0.4969
c4	2000	fix	frag	L1277861	0	0.4666
c4	2000	fix	frag	L1249050	0	0.9991
c4	2000	fix	frag	L1252273	1	0.3215
c4	2000	fix	frag	L1263639	0	1.0000
c4	2000	fix	frag	L1263909	1	0.2913
c4	2000	fix	frag	L1271695	0	0.8892
c4	2000	fix	frag	L1267973	1	0.3196
c4	2000	fix	frag	L1269000	1	0.2086
c4	2000	fix	frag	L1269225	1	0.4268
c4	2000	fix	frag	L1268056	4	0.1658
c4	2000	fix	frag	L1270519	0	0.1873
c4	2000	fix	frag	L1269960	0	0.7132
c4	2000	fix	frag	L1277578	1	0.3218
c4	2000	fix	full	L1229975	0	1.0000
c4	2000	fix	full	L1228698	0	1.0000
c4	2000	fix	full	L1247700	0	1.0000
c4	2000	fix	full	L1237368	0	0.3575
c4	2000	fix	full	L1233030	0	0.9855
c4	2000	fix	full	L1234322	0	1.0000
c4	2000	fix	full	L1235564	0	1.0000
c4	2000	fix	full	L1244427	1	0.9253
c4	2000	fix	full	L1243882	0	1.0000
c4	2000	fix	full	L1242536	0	1.0000
c4	2000	fix	full	L1249050	0	1.0000
c4	2000	fix	full	L1252273	1	1.0000
c4	2000	fix	full	L1263639	0	1.0000
c4	2000	fix	full	L1263909	0	1.0000
c4	2000	fix	full	L1271695	1	1.0000
c4	2000	fix	full	L1269225	0	1.0000
c4	2000	fix	full	L1269000	0	1.0000
c4	2000	fix	full	L1268056	1	0.4032
c4	2000	fix	full	L1270519	1	0.4846
c4	2000	fix	full	L1269960	0	1.0000
c4	2000	fix	full	L1267973	0	0.6487
c4	2000	fix	full	L1267300	0	1.0000
c4	2000	fix	full	L1277861	0	1.0000
c4	2000	fix	full	L1277578	1	1.0000
c4	2000	fix_noheur	frag	L1228698	2	0.1728
c4	2000	fix_noheur	frag	L1229975	1	0.5525
c4	2000	fix_noheur	frag	L1233030	1	0.3676
c4	2000	fix_noheur	frag	L1234322	0	0.6864
c4	2000	fix_noheur	frag	L1235564	0	0.9173
c4	2000	fix_noheur	frag	L1237368	2	0.1366
c4	2000	fix_noheur	frag	L1242536	1	0.4948
c4	2000	fix_noheur	frag	L1243882	0	0.9198
c4	2000	fix_noheur	frag	L1244427	1	0.1638
c4	2000	fix_noheur	frag	L1247700	0	1.0000
c4	2000	fix_noheur	frag	L1249050	0	0.9914
c4	2000	fix_noheur	frag	L1252273	1	0.3215
c4	2000	fix_noheur	frag	L1263639	0	1.0000
c4	2000	fix_noheur	frag	L1263909	1	0.2913
c4	2000	fix_noheur	frag	L1267300	0	0.1803
c4	2000	fix_noheur	frag	L1267973	1	0.3193
c4	2000	fix_noheur	frag	L1268056	4	0.1657
c4	2000	fix_noheur	frag	L1269000	1	0.2086
c4	2000	fix_noheur	frag	L1269225	1	0.4268
c4	2000	fix_noheur	frag	L1269960	0	0.7119
c4	2000	fix_noheur	frag	L1270519	0	0.1865
c4	2000	fix_noheur	frag	L1271695	0	0.8891
c4	2000	fix_noheur	frag	L1277578	1	0.2802
c4	2000	fix_noheur	frag	L1277861	0	0.3071
c4	2000	fix_rson	frag	L1267300	0	0.1809
c4	2000	fix_rson	frag	L1228698	2	0.1728
c4	2000	fix_rson	frag	L1229975	1	0.5548
c4	2000	fix_rson	frag	L1247700	0	1.0000
c4	2000	fix_rson	frag	L1244427	1	0.1641
c4	2000	fix_rson	frag	L1237368	2	0.1369
c4	2000	fix_rson	frag	L1233030	1	0.3676
c4	2000	fix_rson	frag	L1235564	0	0.9307
c4	2000	fix_rson	frag	L1234322	0	0.6942
c4	2000	fix_rson	frag	L1243882	0	0.9409
c4	2000	fix_rson	frag	L1242536	1	0.4969
c4	2000	fix_rson	frag	L1277861	0	0.4666
c4	2000	fix_rson	frag	L1249050	0	0.9991
c4	2000	fix_rson	frag	L1252273	1	0.3215
c4	2000	fix_rson	frag	L1263639	0	1.0000
c4	2000	fix_rson	frag	L1263909	1	0.2913
c4	2000	fix_rson	frag	L1271695	0	0.8892
c4	2000	fix_rson	frag	L1267973	1	0.3196
c4	2000	fix_rson	frag	L1269000	1	0.2086
c4	2000	fix_rson	frag	L1269225	1	0.4268
c4	2000	fix_rson	frag	L1268056	4	0.1658
c4	2000	fix_rson	frag	L1270519	0	0.1873
c4	2000	fix_rson	frag	L1269960	0	0.7132
c4	2000	fix_rson	frag	L1277578	1	0.3218
c4	2000	noheur	frag	L1228698	2	0.1728
c4	2000	noheur	frag	L1229975	1	0.5525
c4	2000	noheur	frag	L1233030	1	0.3676
c4	2000	noheur	frag	L1234322	0	0.6864
c4	2000	noheur	frag	L1235564	0	0.9173
c4	2000	noheur	frag	L1237368	2	0.1366
c4	2000	noheur	frag	L1242536	1	0.4948
c4	2000	noheur	frag	L1243882	0	0.9198
c4	2000	noheur	frag	L1244427	1	0.1638
c4	2000	noheur	frag	L1247700	0	1.0000
c4	2000	noheur	frag	L1249050	0	0.9914
c4	2000	noheur	frag	L1252273	1	0.3215
c4	2000	noheur	frag	L1263639	0	1.0000
c4	2000	noheur	frag	L1263909	1	0.2913
c4	2000	noheur	frag	L1267300	0	0.1803
c4	2000	noheur	frag	L1267973	1	0.3193
c4	2000	noheur	frag	L1268056	4	0.1657
c4	2000	noheur	frag	L1269000	1	0.2086
c4	2000	noheur	frag	L1269225	1	0.4268
c4	2000	noheur	frag	L1269960	0	0.7119
c4	2000	noheur	frag	L1270519	0	0.1865
c4	2000	noheur	frag	L1271695	0	0.8891
c4	2000	noheur	frag	L1277578	1	0.2802
c4	2000	noheur	frag	L1277861	0	0.3071
c4	2000	nopremask	frag	L1267300	0	0.3478
c4	2000	nopremask	frag	L1228698	2	0.1991
c4	2000	nopremask	frag	L1229975	1	0.5124
c4	2000	nopremask	frag	L1247700	0	1.0000
c4	2000	nopremask	frag	L1244427	1	0.1544
c4	2000	nopremask	frag	L1237368	2	0.1468
c4	2000	nopremask	frag	L1233030	1	0.4197
c4	2000	nopremask	frag	L1235564	0	0.9288
c4	2000	nopremask	frag	L1234322	0	0.7905
c4	2000	nopremask	frag	L1243882	0	0.9684
c4	2000	nopremask	frag	L1242536	1	0.5658
c4	2000	nopremask	frag	L1277861	0	0.3173
c4	2000	nopremask	frag	L1249050	0	0.9992
c4	2000	nopremask	frag	L1252273	0	0.3440
c4	2000	nopremask	frag	L1263639	0	1.0000
c4	2000	nopremask	frag	L1263909	1	0.4059
c4	2000	nopremask	frag	L1271695	0	0.8955
c4	2000	nopremask	frag	L1267973	0	0.4493
c4	2000	nopremask	frag	L1269000	2	0.1964
c4	2000	nopremask	frag	L1269225	1	0.4229
c4	2000	nopremask	frag	L1268056	3	0.1504
c4	2000	nopremask	frag	L1270519	0	0.2700
c4	2000	nopremask	frag	L1269960	0	0.7655
c4	2000	nopremask	frag	L1277578	1	0.6127
c4	2000	pplacer	frag	L1277578	1	0.4591
c4	2000	pplacer	frag	L1267300	0	0.3503
c4	2000	pplacer	frag	L1237368	1	0.1690
c4	2000	pplacer	frag	L1249050	0	1.0000
c4	2000	pplacer	frag	L1229975	0	0.4915
c4	2000	pplacer	frag	L1235564	0	1.0000
c4	2000	pplacer	frag	L1269225	0	0.3449
c4	2000	pplacer	frag	L1277861	0	0.5717
c4	2000	pplacer	frag	L1233030	0	0.4924
c4	2000	pplacer	frag	L1247700	0	1.0000
c4	2000	pplacer	frag	L1271695	0	0.8785
c4	2000	pplacer	frag	L1270519	0	0.2568
c4	2000	pplacer	frag	L1242536	0	0.5278
c4	2000	pplacer	frag	L1269960	0	0.6651
c4	2000	pplacer	frag	L1269000	0	0.2003
c4	2000	pplacer	frag	L1263639	0	1.0000
c4	2000	pplacer	frag	L1252273	1	0.3702
c4	2000	pplacer	frag	L1234322	0	0.9546
c4	2000	pplacer	frag	L1243882	0	0.8326
c4	2000	pplacer	frag	L1228698	2	0.2572
c4	2000	pplacer	frag	L1244427	1	0.2230
c4	2000	pplacer	frag	L1263909	1	0.4282
c4	2000	pplacer	frag	L1268056	4	0.2419
c4	2000	pplacer	frag	L1267973	0	0.3049
c4	2000	pplacer	full	L1270519	0	0.9871
c4	2000	pplacer	full	L1233030	0	1.0000
c4	2000	pplacer	full	L1267300	0	1.0000
c4	2000	pplacer	full	L1263909	0	1.0000
c4	2000	pplacer	full	L1267973	0	0.5041
c4	2000	pplacer	full	L1271695	0	1.0000
c4	2000	pplacer	full	L1269960	0	1.0000
c4	2000	pplacer	full	L1263639	0	1.0000
c4	2000	pplacer	full	L1269000	0	1.0000
c4	2000	pplacer	full	L1243882	0	1.0000
c4	2000	pplacer	full	L1249050	0	1.0000
c4	2000	pplacer	full	L1235564	0	1.0000
c4	2000	pplacer	full	L1242536	0	1.0000
c4	2000	pplacer	full	L1247700	0	1.0000
c4	2000	pplacer	full	L1268056	1	0.3335
c4	2000	pplacer	full	L1228698	0	1.0000
c4	2000	pplacer	full	L1269225	0	1.0000
c4	2000	pplacer	full	L1229975	0	1.0000
c4	2000	pplacer	full	L1277861	0	1.0000
c4	2000	pplacer	full	L1277578	1	0.4834
c4	2000	pplacer	full	L1234322	0	1.0000
c4	2000	pplacer	full	L1244427	0	0.7637
c4	2000	pplacer	full	L1237368	1	0.3338
c4	2000	pplacer	full	L1252273	0	1.0000
c4	2000	rs_off	frag	L1267300	0	0.1809
c4	2000	rs_off	frag	L1228698	2	0.1728
c4	2000	rs_off	frag	L1229975	1	0.5548
c4	2000	rs_off	frag	L1247700	0	1.0000
c4	2000	rs_off	frag	L1244427	1	0.1641
c4	2000	rs_off	frag	L1237368	2	0.1369
c4	2000	rs_off	frag	L1233030	1	0.3676
c4	2000	rs_off	frag	L1235564	0	0.9307
c4	2000	rs_off	frag	L1234322	0	0.6942
c4	2000	rs_off	frag	L1243882	0	0.9409
c4	2000	rs_off	frag	L1242536	1	0.4969
c4	2000	rs_off	frag	L1277861	0	0.4666
c4	2000	rs_off	frag	L1249050	0	0.9991
c4	2000	rs_off	frag	L1252273	1	0.3215
c4	2000	rs_off	frag	L1263639	0	1.0000
c4	2000	rs_off	frag	L1263909	1	0.2913
c4	2000	rs_off	frag	L1271695	0	0.8892
c4	2000	rs_off	frag	L1267973	1	0.3196
c4	2000	rs_off	frag	L1269000	1	0.2086
c4	2000	rs_off	frag	L1269225	1	0.4268
c4	2000	rs_off	frag	L1268056	4	0.1658
c4	2000	rs_off	frag	L1270519	0	0.1873
c4	2000	rs_off	frag	L1269960	0	0.7132
c4	2000	rs_off	frag	L1277578	1	0.3218
c4	2000	rs_on	frag	L1267300	5	0.5523
c4	2000	rs_on	frag	L1228698	3	1.0000
c4	2000	rs_on	frag	L1229975	3	1.0000
c4	2000	rs_on	frag	L1247700	0	1.0000
c4	2000	rs_on	frag	L1244427	2	1.0000
c4	2000	rs_on	frag	L1237368	1	0.9113
c4	2000	rs_on	frag	L1233030	3	1.0000
c4	2000	rs_on	frag	L1235564	3	1.0000
c4	2000	rs_on	frag	L1234322	3	1.0000
c4	2000	rs_on	frag	L1243882	0	0.9632
c4	2000	rs_on	frag	L1242536	7	1.0000
c4	2000	rs_on	frag	L1277861	0	0.4666
c4	2000	rs_on	frag	L1249050	0	1.0000
c4	2000	rs_on	frag	L1252273	2	1.0000
c4	2000	rs_on	frag	L1263639	0	1.0000
c4	2000	rs_on	frag	L1263909	0	1.0000
c4	2000	rs_on	frag	L1271695	0	0.9451
c4	2000	rs_on	frag	L1267973	2	0.8848
c4	2000	rs_on	frag	L1269000	5	1.0000
c4	2000	rs_on	frag	L1269225	0	1.0000
c4	2000	rs_on	frag	L1268056	3	0.5096
c4	2000	rs_on	frag	L1270519	1	0.4234
c4	2000	rs_on	frag	L1269960	1	0.7700
c4	2000	rs_on	frag	L1277578	1	1.0000
c4	3000	auto	frag	L1267300	2	1.0000
c4	3000	auto	frag	L1228698	0	0.8487
c4	3000	auto	frag	L1229975	1	1.0000
c4	3000	auto	frag	L1247700	0	1.0000
c4	3000	auto	frag	L1237368	4	0.5924
c4	3000	auto	frag	L1233030	1	1.0000
c4	3000	auto	frag	L1244427	2	0.4385
c4	3000	auto	frag	L1235564	1	0.9937
c4	3000	auto	frag	L1234322	1	1.0000
c4	3000	auto	frag	L1243882	1	1.0000
c4	3000	auto	frag	L1242536	6	0.9806
c4	3000	auto	frag	L1277861	0	0.5143
c4	3000	auto	frag	L1249050	0	1.0000
c4	3000	auto	frag	L1252273	2	1.0000
c4	3000	auto	frag	L1263639	0	1.0000
c4	3000	auto	frag	L1263909	1	0.5779
c4	3000	auto	frag	L1271695	0	0.8828
c4	3000	auto	frag	L1267973	2	0.9894
c4	3000	auto	frag	L1269000	5	1.0000
c4	3000	auto	frag	L1269225	2	0.5013
c4	3000	auto	frag	L1268056	3	1.0000
c4	3000	auto	frag	L1270519	4	1.0000
c4	3000	auto	frag	L1269960	3	1.0000
c4	3000	auto	frag	L1277578	1	0.8482
c4	3000	auto	full	L1229975	0	1.0000
c4	3000	auto	full	L1228698	0	1.0000
c4	3000	auto	full	L1247700	0	1.0000
c4	3000	auto	full	L1237368	0	0.3493
c4	3000	auto	full	L1233030	0	0.9843
c4	3000	auto	full	L1234322	0	1.0000
c4	3000	auto	full	L1235564	0	1.0000
c4	3000	auto	full	L1244427	1	0.8629
c4	3000	auto	full	L1243882	0	1.0000
c4	3000	auto	full	L1242536	0	1.0000
c4	3000	auto	full	L1249050	0	1.0000
c4	3000	auto	full	L1252273	0	0.9570
c4	3000	auto	full	L1263639	0	1.0000
c4	3000	auto	full	L1263909	0	1.0000
c4	3000	auto	full	L1271695	1	1.0000
c4	3000	auto	full	L1269225	0	1.0000
c4	3000	auto	full	L1269000	0	1.0000
c4	3000	auto	full	L1268056	1	0.4032
c4	3000	auto	full	L1270519	1	0.5327
c4	3000	auto	full	L1269960	0	1.0000
c4	3000	auto	full	L1267973	0	0.6376
c4	3000	auto	full	L1267300	0	1.0000
c4	3000	auto	full	L1277861	0	1.0000
c4	3000	auto	full	L1277578	1	1.0000
c4	3000	fix	frag	L1267300	0	0.1944
c4	3000	fix	frag	L1228698	2	0.1736
c4	3000	fix	frag	L1229975	1	0.3902
c4	3000	fix	frag	L1247700	0	1.0000
c4	3000	fix	frag	L1237368	2	0.1367
c4	3000	fix	frag	L1233030	1	0.3859
c4	3000	fix	frag	L1244427	1	0.1735
c4	3000	fix	frag	L1235564	0	0.9328
c4	3000	fix	frag	L1234322	0	0.7637
c4	3000	fix	frag	L1243882	0	0.8894
c4	3000	fix	frag	L1242536	0	0.4968
c4	3000	fix	frag	L1277861	0	0.5143
c4	3000	fix	frag	L1249050	0	1.0000
c4	3000	fix	frag	L1252273	1	0.3562
c4	3000	fix	frag	L1263639	0	1.0000
c4	3000	fix	frag	L1263909	1	0.2939
c4	3000	fix	frag	L1271695	0	0.8467
c4	3000	fix	frag	L1267973	1	0.3192
c4	3000	fix	frag	L1269000	1	0.2102
c4	3000	fix	frag	L1269225	1	0.4193
c4	3000	fix	frag	L1268056	4	0.1719
c4	3000	fix	frag	L1270519	0	0.2158
c4	3000	fix	frag	L1269960	0	0.7397
c4	3000	fix	frag	L1277578	1	0.3224
c4	3000	fix	full	L1229975	0	1.0000
c4	3000	fix	full	L1228698	0	1.0000
c4	3000	fix	full	L1247700	0	1.0000
c4	3000	fix	full	L1237368	0	0.3493
c4	3000	fix	full	L1233030	0	0.9843
c4	3000	fix	full	L1234322	0	1.0000
c4	3000	fix	full	L1235564	0	1.0000
c4	3000	fix	full	L1244427	1	0.8629
c4	3000	fix	full	L1243882	0	1.0000
c4	3000	fix	full	L1242536	0	1.0000
c4	3000	fix	full	L1249050	0	1.0000
c4	3000	fix	full	L1252273	0	0.9570
c4	3000	fix	full	L1263639	0	1.0000
c4	3000	fix	full	L1263909	0	1.0000
c4	3000	fix	full	L1271695	1	1.0000
c4	3000	fix	full	L1269225	0	1.0000
c4	3000	fix	full	L1269000	0	1.0000
c4	3000	fix	full	L1268056	1	0.4032
c4	3000	fix	full	L1270519	1	0.5327
c4	3000	fix	full	L1269960	0	1.0000
c4	3000	fix	full	L1267973	0	0.6376
c4	3000	fix	full	L1267300	0	1.0000
c4	3000	fix	full	L1277861	0	1.0000
c4	3000	fix	full	L1277578	1	1.0000
c4	3000	fix_noheur	frag	L1228698	2	0.1736
c4	3000	fix_noheur	frag	L1229975	1	0.3889
c4	3000	fix_noheur	frag	L1233030	1	0.3858
c4	3000	fix_noheur	frag	L1234322	0	0.7582
c4	3000	fix_noheur	frag	L1235564	0	0.9181
c4	3000	fix_noheur	frag	L1237368	2	0.1365
c4	3000	fix_noheur	frag	L1242536	0	0.4954
c4	3000	fix_noheur	frag	L1243882	0	0.8474
c4	3000	fix_noheur	frag	L1244427	1	0.1733
c4	3000	fix_noheur	frag	L1247700	0	1.0000
c4	3000	fix_noheur	frag	L1249050	0	0.9974
c4	3000	fix_noheur	frag	L1252273	1	0.3562
c4	3000	fix_noheur	frag	L1263639	0	1.0000
c4	3000	fix_noheur	frag	L1263909	1	0.2939
c4	3000	fix_noheur	frag	L1267300	0	0.1935
c4	3000	fix_noheur	frag	L1267973	1	0.3190
c4	3000	fix_noheur	frag	L1268056	4	0.1718
c4	3000	fix_noheur	frag	L1269000	1	0.2102
c4	3000	fix_noheur	frag	L1269225	1	0.4193
c4	3000	fix_noheur	frag	L1269960	0	0.7386
c4	3000	fix_noheur	frag	L1270519	0	0.2149
c4	3000	fix_noheur	frag	L1271695	0	0.8464
c4	3000	fix_noheur	frag	L1277578	1	0.2823
c4	3000	fix_noheur	frag	L1277861	0	0.4034
c4	3000	noheur	frag	L1228698	12	1.0000
c4	3000	noheur	frag	L1229975	10	1.0000
c4	3000	noheur	frag	L1233030	15	1.0000
c4	3000	noheur	frag	L1234322	13	1.0000
c4	3000	noheur	frag	L1235564	16	1.0000
c4	3000	noheur	frag	L1237368	15	1.0000
c4	3000	noheur	frag	L1242536	19	1.0000
c4	3000	noheur	frag	L1243882	9	0.9961
c4	3000	noheur	frag	L1244427	18	1.0000
c4	3000	noheur	frag	L1247700	9	1.0000
c4	3000	noheur	frag	L1249050	15	1.0000
c4	3000	noheur	frag	L1252273	13	1.0000
c4	3000	noheur	frag	L1263639	8	1.0000
c4	3000	noheur	frag	L1263909	16	1.0000
c4	3000	noheur	frag	L1267300	12	1.0000
c4	3000	noheur	frag	L1267973	15	1.0000
c4	3000	noheur	frag	L1268056	16	1.0000
c4	3000	noheur	frag	L1269000	17	1.0000
c4	3000	noheur	frag	L1269225	19	1.0000
c4	3000	noheur	frag	L1269960	17	1.0000
c4	3000	noheur	frag	L1270519	21	1.0000
c4	3000	noheur	frag	L1271695	11	1.0000
c4	3000	noheur	frag	L1277578	13	1.0000
c4	3000	noheur	frag	L1277861	0	0.4034
c4	3000	nopremask	frag	L1267300	0	0.3668
c4	3000	nopremask	frag	L1228698	2	0.2000
c4	3000	nopremask	frag	L1229975	0	0.4493
c4	3000	nopremask	frag	L1247700	0	1.0000
c4	3000	nopremask	frag	L1237368	2	0.1486
c4	3000	nopremask	frag	L1233030	1	0.4399
c4	3000	nopremask	frag	L1244427	1	0.1512
c4	3000	nopremask	frag	L1235564	0	0.9295
c4	3000	nopremask	frag	L1234322	0	0.8334
c4	3000	nopremask	frag	L1243882	0	0.9430
c4	3000	nopremask	frag	L1242536	0	0.4856
c4	3000	nopremask	frag	L1277861	0	0.3670
c4	3000	nopremask	frag	L1249050	0	1.0000
c4	3000	nopremask	frag	L1252273	0	0.3611
c4	3000	nopremask	frag	L1263639	0	1.0000
c4	3000	nopremask	frag	L1263909	1	0.5867
c4	3000	nopremask	frag	L1271695	0	0.8916
c4	3000	nopremask	frag	L1267973	0	0.4462
c4	3000	nopremask	frag	L1269000	2	0.2070
c4	3000	nopremask	frag	L1269225	1	0.3981
c4	3000	nopremask	frag	L1268056	4	0.1710
c4	3000	nopremask	frag	L1270519	0	0.2617
c4	3000	nopremask	frag	L1269960	0	0.7858
c4	3000	nopremask	frag	L1277578	1	0.6048
c4	3000	pplacer	frag	L1277578	1	0.4591
c4	3000	pplacer	frag	L1267300	0	0.3511
c4	3000	pplacer	frag	L1237368	1	0.1687
c4	3000	pplacer	frag	L1249050	0	1.0000
c4	3000	pplacer	frag	L1229975	0	0.4938
c4	3000	pplacer	frag	L1235564	0	1.0000
c4	3000	pplacer	frag	L1269225	0	0.3451
c4	3000	pplacer	frag	L1277861	0	0.5701
c4	3000	pplacer	frag	L1233030	0	0.4916
c4	3000	pplacer	frag	L1247700	0	1.0000
c4	3000	pplacer	frag	L1271695	0	0.8787
c4	3000	pplacer	frag	L1270519	0	0.2562
c4	3000	pplacer	frag	L1242536	0	0.5275
c4	3000	pplacer	frag	L1269960	0	0.6649
c4	3000	pplacer	frag	L1269000	0	0.2002
c4	3000	pplacer	frag	L1263639	0	1.0000
c4	3000	pplacer	frag	L1252273	1	0.3704
c4	3000	pplacer	frag	L1234322	0	0.9548
c4	3000	pplacer	frag	L1243882	0	0.8326
c4	3000	pplacer	frag	L1228698	2	0.2577
c4	3000	pplacer	frag	L1244427	1	0.2232
c4	3000	pplacer	frag	L1263909	1	0.4287
c4	3000	pplacer	frag	L1268056	4	0.2421
c4	3000	pplacer	frag	L1267973	0	0.3050
c4	3000	pplacer	full	L1270519	0	0.9872
c4	3000	pplacer	full	L1233030	0	1.0000
c4	3000	pplacer	full	L1267300	0	1.0000
c4	3000	pplacer	full	L1263909	0	1.0000
c4	3000	pplacer	full	L1267973	0	0.5040
c4	3000	pplacer	full	L1271695	0	1.0000
c4	3000	pplacer	full	L1269960	0	1.0000
c4	3000	pplacer	full	L1263639	0	1.0000
c4	3000	pplacer	full	L1269000	0	1.0000
c4	3000	pplacer	full	L1243882	0	1.0000
c4	3000	pplacer	full	L1249050	0	1.0000
c4	3000	pplacer	full	L1235564	0	1.0000
c4	3000	pplacer	full	L1242536	0	1.0000
c4	3000	pplacer	full	L1247700	0	1.0000
c4	3000	pplacer	full	L1268056	1	0.3335
c4	3000	pplacer	full	L1228698	0	1.0000
c4	3000	pplacer	full	L1269225	0	1.0000
c4	3000	pplacer	full	L1229975	0	1.0000
c4	3000	pplacer	full	L1277861	0	1.0000
c4	3000	pplacer	full	L1277578	1	0.4799
c4	3000	pplacer	full	L1234322	0	1.0000
c4	3000	pplacer	full	L1244427	0	0.7646
c4	3000	pplacer	full	L1237368	1	0.3338
c4	3000	pplacer	full	L1252273	0	1.0000
c4	3000	rs_off	frag	L1267300	0	0.1944
c4	3000	rs_off	frag	L1228698	2	0.1736
c4	3000	rs_off	frag	L1229975	1	0.3902
c4	3000	rs_off	frag	L1247700	0	1.0000
c4	3000	rs_off	frag	L1237368	2	0.1367
c4	3000	rs_off	frag	L1233030	1	0.3859
c4	3000	rs_off	frag	L1244427	1	0.1735
c4	3000	rs_off	frag	L1235564	0	0.9328
c4	3000	rs_off	frag	L1234322	0	0.7637
c4	3000	rs_off	frag	L1243882	0	0.8894
c4	3000	rs_off	frag	L1242536	0	0.4968
c4	3000	rs_off	frag	L1277861	0	0.5143
c4	3000	rs_off	frag	L1249050	0	1.0000
c4	3000	rs_off	frag	L1252273	1	0.3562
c4	3000	rs_off	frag	L1263639	0	1.0000
c4	3000	rs_off	frag	L1263909	1	0.2939
c4	3000	rs_off	frag	L1271695	0	0.8467
c4	3000	rs_off	frag	L1267973	1	0.3192
c4	3000	rs_off	frag	L1269000	1	0.2102
c4	3000	rs_off	frag	L1269225	1	0.4193
c4	3000	rs_off	frag	L1268056	4	0.1719
c4	3000	rs_off	frag	L1270519	0	0.2158
c4	3000	rs_off	frag	L1269960	0	0.7397
c4	3000	rs_off	frag	L1277578	1	0.3224
c4	3000	rs_on	frag	L1267300	2	1.0000
c4	3000	rs_on	frag	L1228698	0	0.8487
c4	3000	rs_on	frag	L1229975	1	1.0000
c4	3000	rs_on	frag	L1247700	0	1.0000
c4	3000	rs_on	frag	L1237368	4	0.5924
c4	3000	rs_on	frag	L1233030	1	1.0000
c4	3000	rs_on	frag	L1244427	2	0.4385
c4	3000	rs_on	frag	L1235564	1	0.9937
c4	3000	rs_on	frag	L1234322	1	1.0000
c4	3000	rs_on	frag	L1243882	1	1.0000
c4	3000	rs_on	frag	L1242536	6	0.9806
c4	3000	rs_on	frag	L1277861	0	0.5143
c4	3000	rs_on	frag	L1249050	0	1.0000
c4	3000	rs_on	frag	L1252273	2	1.0000
c4	3000	rs_on	frag	L1263639	0	1.0000
c4	3000	rs_on	frag	L1263909	1	0.5779
c4	3000	rs_on	frag	L1271695	0	0.8828
c4	3000	rs_on	frag	L1267973	2	0.9894
c4	3000	rs_on	frag	L1269000	5	1.0000
c4	3000	rs_on	frag	L1269225	2	0.5013
c4	3000	rs_on	frag	L1268056	3	1.0000
c4	3000	rs_on	frag	L1270519	4	1.0000
c4	3000	rs_on	frag	L1269960	3	1.0000
c4	3000	rs_on	frag	L1277578	1	0.8482
c4	3000	shift	frag	L1267300	0	0.1944
c4	3000	shift	frag	L1228698	2	0.1736
c4	3000	shift	frag	L1229975	1	0.3902
c4	3000	shift	frag	L1247700	0	1.0000
c4	3000	shift	frag	L1237368	2	0.1367
c4	3000	shift	frag	L1233030	1	0.3859
c4	3000	shift	frag	L1244427	1	0.1735
c4	3000	shift	frag	L1235564	0	0.9328
c4	3000	shift	frag	L1234322	0	0.7637
c4	3000	shift	frag	L1243882	0	0.8894
c4	3000	shift	frag	L1242536	0	0.4968
c4	3000	shift	frag	L1277861	0	0.5143
c4	3000	shift	frag	L1249050	0	1.0000
c4	3000	shift	frag	L1252273	1	0.3562
c4	3000	shift	frag	L1263639	0	1.0000
c4	3000	shift	frag	L1263909	1	0.2939
c4	3000	shift	frag	L1271695	0	0.8467
c4	3000	shift	frag	L1267973	1	0.3192
c4	3000	shift	frag	L1269000	1	0.2102
c4	3000	shift	frag	L1269225	1	0.4193
c4	3000	shift	frag	L1268056	4	0.1719
c4	3000	shift	frag	L1270519	0	0.2158
c4	3000	shift	frag	L1269960	0	0.7397
c4	3000	shift	frag	L1277578	1	0.3224
c4	3000	simd	frag	L1267300	2	1.0000
c4	3000	simd	frag	L1228698	0	0.8487
c4	3000	simd	frag	L1229975	1	1.0000
c4	3000	simd	frag	L1247700	0	1.0000
c4	3000	simd	frag	L1237368	4	0.5924
c4	3000	simd	frag	L1233030	1	1.0000
c4	3000	simd	frag	L1244427	2	0.4385
c4	3000	simd	frag	L1235564	1	0.9937
c4	3000	simd	frag	L1234322	1	1.0000
c4	3000	simd	frag	L1243882	1	1.0000
c4	3000	simd	frag	L1242536	6	0.9806
c4	3000	simd	frag	L1277861	0	0.5143
c4	3000	simd	frag	L1249050	0	1.0000
c4	3000	simd	frag	L1252273	2	1.0000
c4	3000	simd	frag	L1263639	0	1.0000
c4	3000	simd	frag	L1263909	1	0.5779
c4	3000	simd	frag	L1271695	0	0.8828
c4	3000	simd	frag	L1267973	2	0.9894
c4	3000	simd	frag	L1269000	5	1.0000
c4	3000	simd	frag	L1269225	2	0.5013
c4	3000	simd	frag	L1268056	3	1.0000
c4	3000	simd	frag	L1270519	4	1.0000
c4	3000	simd	frag	L1269960	3	1.0000
c4	3000	simd	frag	L1277578	1	0.8482
c4	500	auto	frag	L1267300	0	0.1875
c4	500	auto	frag	L1228698	2	0.1741
c4	500	auto	frag	L1229975	1	0.5921
c4	500	auto	frag	L1247700	0	1.0000
c4	500	auto	frag	L1244427	1	0.1629
c4	500	auto	frag	L1237368	2	0.1605
c4	500	auto	frag	L1233030	0	0.3938
c4	500	auto	frag	L1234322	0	0.7583
c4	500	auto	frag	L1235564	0	0.9307
c4	500	auto	frag	L1243882	0	0.9084
c4	500	auto	frag	L1242536	0	0.5967
c4	500	auto	frag	L1277861	0	0.4941
c4	500	auto	frag	L1249050	0	0.9989
c4	500	auto	frag	L1252273	1	0.3232
c4	500	auto	frag	L1263639	0	1.0000
c4	500	auto	frag	L1263909	1	0.2481
c4	500	auto	frag	L1267973	1	0.3091
c4	500	auto	frag	L1271695	0	0.9416
c4	500	auto	frag	L1269000	1	0.2094
c4	500	auto	frag	L1269225	1	0.4115
c4	500	auto	frag	L1268056	4	0.1725
c4	500	auto	frag	L1270519	0	0.2859
c4	500	auto	frag	L1269960	0	0.7360
c4	500	auto	frag	L1277578	1	0.3457
c4	500	auto	full	L1229975	0	1.0000
c4	500	auto	full	L1228698	0	1.0000
c4	500	auto	full	L1247700	0	1.0000
c4	500	auto	full	L1237368	1	0.3968
c4	500	auto	full	L1233030	0	0.9916
c4	500	auto	full	L1234322	0	1.0000
c4	500	auto	full	L1235564	0	1.0000
c4	500	auto	full	L1244427	1	0.8722
c4	500	auto	full	L1243882	0	1.0000
c4	500	auto	full	L1242536	0	1.0000
c4	500	auto	full	L1249050	0	1.0000
c4	500	auto	full	L1252273	1	1.0000
c4	500	auto	full	L1263639	0	1.0000
c4	500	auto	full	L1263909	0	1.0000
c4	500	auto	full	L1271695	1	1.0000
c4	500	auto	full	L1269225	0	1.0000
c4	500	auto	full	L1269000	0	1.0000
c4	500	auto	full	L1268056	1	0.4362
c4	500	auto	full	L1270519	1	0.4841
c4	500	auto	full	L1269960	0	1.0000
c4	500	auto	full	L1267973	0	0.6662
c4	500	auto	full	L1267300	0	1.0000
c4	500	auto	full	L1277861	0	1.0000
c4	500	auto	full	L1277578	1	1.0000
c4	500	diagcpu	frag	L1267300	0	0.1875
c4	500	diagcpu	frag	L1228698	2	0.1741
c4	500	diagcpu	frag	L1229975	1	0.5921
c4	500	diagcpu	frag	L1247700	0	1.0000
c4	500	diagcpu	frag	L1244427	1	0.1629
c4	500	diagcpu	frag	L1237368	2	0.1605
c4	500	diagcpu	frag	L1233030	0	0.3938
c4	500	diagcpu	frag	L1234322	0	0.7583
c4	500	diagcpu	frag	L1235564	0	0.9307
c4	500	diagcpu	frag	L1243882	0	0.9084
c4	500	diagcpu	frag	L1242536	0	0.5967
c4	500	diagcpu	frag	L1277861	0	0.4941
c4	500	diagcpu	frag	L1249050	0	0.9989
c4	500	diagcpu	frag	L1252273	1	0.3232
c4	500	diagcpu	frag	L1263639	0	1.0000
c4	500	diagcpu	frag	L1263909	1	0.2481
c4	500	diagcpu	frag	L1267973	1	0.3091
c4	500	diagcpu	frag	L1271695	0	0.9416
c4	500	diagcpu	frag	L1269000	1	0.2094
c4	500	diagcpu	frag	L1269225	1	0.4115
c4	500	diagcpu	frag	L1268056	4	0.1725
c4	500	diagcpu	frag	L1270519	0	0.2859
c4	500	diagcpu	frag	L1269960	0	0.7360
c4	500	diagcpu	frag	L1277578	1	0.3457
c4	500	fix	frag	L1267300	0	0.1875
c4	500	fix	frag	L1228698	2	0.1741
c4	500	fix	frag	L1229975	1	0.5921
c4	500	fix	frag	L1247700	0	1.0000
c4	500	fix	frag	L1244427	1	0.1629
c4	500	fix	frag	L1237368	2	0.1605
c4	500	fix	frag	L1233030	0	0.3938
c4	500	fix	frag	L1234322	0	0.7583
c4	500	fix	frag	L1235564	0	0.9307
c4	500	fix	frag	L1243882	0	0.9084
c4	500	fix	frag	L1242536	0	0.5967
c4	500	fix	frag	L1277861	0	0.4941
c4	500	fix	frag	L1249050	0	0.9989
c4	500	fix	frag	L1252273	1	0.3232
c4	500	fix	frag	L1263639	0	1.0000
c4	500	fix	frag	L1263909	1	0.2481
c4	500	fix	frag	L1267973	1	0.3091
c4	500	fix	frag	L1271695	0	0.9416
c4	500	fix	frag	L1269000	1	0.2094
c4	500	fix	frag	L1269225	1	0.4115
c4	500	fix	frag	L1268056	4	0.1725
c4	500	fix	frag	L1270519	0	0.2859
c4	500	fix	frag	L1269960	0	0.7360
c4	500	fix	frag	L1277578	1	0.3457
c4	500	fix	full	L1229975	0	1.0000
c4	500	fix	full	L1228698	0	1.0000
c4	500	fix	full	L1247700	0	1.0000
c4	500	fix	full	L1237368	1	0.3968
c4	500	fix	full	L1233030	0	0.9916
c4	500	fix	full	L1234322	0	1.0000
c4	500	fix	full	L1235564	0	1.0000
c4	500	fix	full	L1244427	1	0.8722
c4	500	fix	full	L1243882	0	1.0000
c4	500	fix	full	L1242536	0	1.0000
c4	500	fix	full	L1249050	0	1.0000
c4	500	fix	full	L1252273	1	1.0000
c4	500	fix	full	L1263639	0	1.0000
c4	500	fix	full	L1263909	0	1.0000
c4	500	fix	full	L1271695	1	1.0000
c4	500	fix	full	L1269225	0	1.0000
c4	500	fix	full	L1269000	0	1.0000
c4	500	fix	full	L1268056	1	0.4362
c4	500	fix	full	L1270519	1	0.4841
c4	500	fix	full	L1269960	0	1.0000
c4	500	fix	full	L1267973	0	0.6662
c4	500	fix	full	L1267300	0	1.0000
c4	500	fix	full	L1277861	0	1.0000
c4	500	fix	full	L1277578	1	1.0000
c4	500	fix_rson	frag	L1267300	0	0.1875
c4	500	fix_rson	frag	L1228698	2	0.1741
c4	500	fix_rson	frag	L1229975	1	0.5921
c4	500	fix_rson	frag	L1247700	0	1.0000
c4	500	fix_rson	frag	L1244427	1	0.1629
c4	500	fix_rson	frag	L1237368	2	0.1605
c4	500	fix_rson	frag	L1233030	0	0.3938
c4	500	fix_rson	frag	L1234322	0	0.7583
c4	500	fix_rson	frag	L1235564	0	0.9307
c4	500	fix_rson	frag	L1243882	0	0.9084
c4	500	fix_rson	frag	L1242536	0	0.5967
c4	500	fix_rson	frag	L1277861	0	0.4941
c4	500	fix_rson	frag	L1249050	0	0.9989
c4	500	fix_rson	frag	L1252273	1	0.3232
c4	500	fix_rson	frag	L1263639	0	1.0000
c4	500	fix_rson	frag	L1263909	1	0.2481
c4	500	fix_rson	frag	L1267973	1	0.3091
c4	500	fix_rson	frag	L1271695	0	0.9416
c4	500	fix_rson	frag	L1269000	1	0.2094
c4	500	fix_rson	frag	L1269225	1	0.4115
c4	500	fix_rson	frag	L1268056	4	0.1725
c4	500	fix_rson	frag	L1270519	0	0.2859
c4	500	fix_rson	frag	L1269960	0	0.7360
c4	500	fix_rson	frag	L1277578	1	0.3457
c4	500	noheur	frag	L1228698	2	0.1740
c4	500	noheur	frag	L1229975	1	0.5894
c4	500	noheur	frag	L1233030	0	0.3938
c4	500	noheur	frag	L1234322	0	0.7465
c4	500	noheur	frag	L1235564	0	0.9133
c4	500	noheur	frag	L1237368	2	0.1599
c4	500	noheur	frag	L1242536	0	0.5949
c4	500	noheur	frag	L1243882	0	0.8733
c4	500	noheur	frag	L1244427	1	0.1537
c4	500	noheur	frag	L1247700	0	1.0000
c4	500	noheur	frag	L1249050	0	0.9897
c4	500	noheur	frag	L1252273	1	0.3232
c4	500	noheur	frag	L1263639	0	1.0000
c4	500	noheur	frag	L1263909	1	0.2481
c4	500	noheur	frag	L1267300	0	0.1868
c4	500	noheur	frag	L1267973	1	0.3089
c4	500	noheur	frag	L1268056	4	0.1723
c4	500	noheur	frag	L1269000	1	0.2093
c4	500	noheur	frag	L1269225	1	0.4115
c4	500	noheur	frag	L1269960	0	0.7349
c4	500	noheur	frag	L1270519	0	0.2859
c4	500	noheur	frag	L1271695	0	0.9416
c4	500	noheur	frag	L1277578	1	0.3242
c4	500	noheur	frag	L1277861	0	0.3337
c4	500	nopremask	frag	L1267300	0	0.3809
c4	500	nopremask	frag	L1228698	2	0.2356
c4	500	nopremask	frag	L1229975	1	0.5917
c4	500	nopremask	frag	L1247700	0	1.0000
c4	500	nopremask	frag	L1244427	1	0.1559
c4	500	nopremask	frag	L1237368	2	0.1894
c4	500	nopremask	frag	L1233030	0	0.3797
c4	500	nopremask	frag	L1234322	0	0.8121
c4	500	nopremask	frag	L1235564	0	0.9363
c4	500	nopremask	frag	L1243882	0	0.9483
c4	500	nopremask	frag	L1242536	0	0.5302
c4	500	nopremask	frag	L1277861	3	0.3685
c4	500	nopremask	frag	L1249050	0	0.9990
c4	500	nopremask	frag	L1252273	0	0.3760
c4	500	nopremask	frag	L1263639	0	1.0000
c4	500	nopremask	frag	L1263909	1	0.3889
c4	500	nopremask	frag	L1267973	0	0.4631
c4	500	nopremask	frag	L1271695	0	0.9039
c4	500	nopremask	frag	L1269000	1	0.2147
c4	500	nopremask	frag	L1269225	1	0.5336
c4	500	nopremask	frag	L1268056	3	0.1922
c4	500	nopremask	frag	L1270519	1	0.2158
c4	500	nopremask	frag	L1269960	0	0.7635
c4	500	nopremask	frag	L1277578	1	0.6427
c4	500	pplacer	frag	L1277578	1	0.4575
c4	500	pplacer	frag	L1267300	0	0.3722
c4	500	pplacer	frag	L1237368	1	0.1698
c4	500	pplacer	frag	L1249050	0	1.0000
c4	500	pplacer	frag	L1229975	0	0.4979
c4	500	pplacer	frag	L1235564	0	1.0000
c4	500	pplacer	frag	L1269225	0	0.3447
c4	500	pplacer	frag	L1277861	0	0.5719
c4	500	pplacer	frag	L1233030	0	0.4940
c4	500	pplacer	frag	L1247700	0	1.0000
c4	500	pplacer	frag	L1271695	0	0.8789
c4	500	pplacer	frag	L1270519	0	0.2584
c4	500	pplacer	frag	L1242536	0	0.5294
c4	500	pplacer	frag	L1269960	0	0.6653
c4	500	pplacer	frag	L1269000	0	0.2007
c4	500	pplacer	frag	L1263639	0	1.0000
c4	500	pplacer	frag	L1252273	1	0.3700
c4	500	pplacer	frag	L1234322	0	0.9632
c4	500	pplacer	frag	L1243882	0	0.8331
c4	500	pplacer	frag	L1228698	2	0.2581
c4	500	pplacer	frag	L1244427	1	0.2226
c4	500	pplacer	frag	L1263909	1	0.4277
c4	500	pplacer	frag	L1268056	4	0.2421
c4	500	pplacer	frag	L1267973	0	0.3058
c4	500	pplacer	full	L1270519	0	0.9869
c4	500	pplacer	full	L1233030	0	1.0000
c4	500	pplacer	full	L1267300	0	1.0000
c4	500	pplacer	full	L1263909	0	1.0000
c4	500	pplacer	full	L1267973	0	0.5040
c4	500	pplacer	full	L1271695	0	1.0000
c4	500	pplacer	full	L1269960	0	1.0000
c4	500	pplacer	full	L1263639	0	1.0000
c4	500	pplacer	full	L1269000	0	1.0000
c4	500	pplacer	full	L1243882	0	1.0000
c4	500	pplacer	full	L1249050	0	1.0000
c4	500	pplacer	full	L1235564	0	1.0000
c4	500	pplacer	full	L1242536	0	1.0000
c4	500	pplacer	full	L1247700	0	1.0000
c4	500	pplacer	full	L1268056	1	0.3335
c4	500	pplacer	full	L1228698	0	1.0000
c4	500	pplacer	full	L1269225	0	1.0000
c4	500	pplacer	full	L1229975	0	1.0000
c4	500	pplacer	full	L1277861	0	1.0000
c4	500	pplacer	full	L1277578	1	0.4811
c4	500	pplacer	full	L1234322	0	1.0000
c4	500	pplacer	full	L1244427	0	0.7565
c4	500	pplacer	full	L1237368	1	0.3338
c4	500	pplacer	full	L1252273	0	1.0000
c4	500	rs_off	frag	L1267300	0	0.1875
c4	500	rs_off	frag	L1228698	2	0.1741
c4	500	rs_off	frag	L1229975	1	0.5921
c4	500	rs_off	frag	L1247700	0	1.0000
c4	500	rs_off	frag	L1244427	1	0.1629
c4	500	rs_off	frag	L1237368	2	0.1605
c4	500	rs_off	frag	L1233030	0	0.3938
c4	500	rs_off	frag	L1234322	0	0.7583
c4	500	rs_off	frag	L1235564	0	0.9307
c4	500	rs_off	frag	L1243882	0	0.9084
c4	500	rs_off	frag	L1242536	0	0.5967
c4	500	rs_off	frag	L1277861	0	0.4941
c4	500	rs_off	frag	L1249050	0	0.9989
c4	500	rs_off	frag	L1252273	1	0.3232
c4	500	rs_off	frag	L1263639	0	1.0000
c4	500	rs_off	frag	L1263909	1	0.2481
c4	500	rs_off	frag	L1267973	1	0.3091
c4	500	rs_off	frag	L1271695	0	0.9416
c4	500	rs_off	frag	L1269000	1	0.2094
c4	500	rs_off	frag	L1269225	1	0.4115
c4	500	rs_off	frag	L1268056	4	0.1725
c4	500	rs_off	frag	L1270519	0	0.2859
c4	500	rs_off	frag	L1269960	0	0.7360
c4	500	rs_off	frag	L1277578	1	0.3457
c4	500	rs_on	frag	L1267300	2	1.0000
c4	500	rs_on	frag	L1228698	4	1.0000
c4	500	rs_on	frag	L1229975	1	1.0000
c4	500	rs_on	frag	L1247700	0	1.0000
c4	500	rs_on	frag	L1244427	2	0.9962
c4	500	rs_on	frag	L1237368	4	0.9662
c4	500	rs_on	frag	L1233030	2	0.9998
c4	500	rs_on	frag	L1234322	1	0.9980
c4	500	rs_on	frag	L1235564	1	1.0000
c4	500	rs_on	frag	L1243882	1	1.0000
c4	500	rs_on	frag	L1242536	2	0.7571
c4	500	rs_on	frag	L1277861	0	0.4941
c4	500	rs_on	frag	L1249050	5	1.0000
c4	500	rs_on	frag	L1252273	1	1.0000
c4	500	rs_on	frag	L1263639	0	1.0000
c4	500	rs_on	frag	L1263909	2	1.0000
c4	500	rs_on	frag	L1267973	2	1.0000
c4	500	rs_on	frag	L1271695	1	1.0000
c4	500	rs_on	frag	L1269000	0	1.0000
c4	500	rs_on	frag	L1269225	3	1.0000
c4	500	rs_on	frag	L1268056	1	1.0000
c4	500	rs_on	frag	L1270519	2	0.9666
c4	500	rs_on	frag	L1269960	3	1.0000
c4	500	rs_on	frag	L1277578	2	1.0000
c4	5000	auto	frag	L1267300	3	1.0000
c4	5000	auto	frag	L1228698	2	1.0000
c4	5000	auto	frag	L1229975	0	1.0000
c4	5000	auto	frag	L1247700	0	1.0000
c4	5000	auto	frag	L1244427	5	1.0000
c4	5000	auto	frag	L1237368	3	0.8386
c4	5000	auto	frag	L1233030	2	1.0000
c4	5000	auto	frag	L1235564	2	1.0000
c4	5000	auto	frag	L1234322	1	1.0000
c4	5000	auto	frag	L1243882	1	1.0000
c4	5000	auto	frag	L1242536	3	0.9134
c4	5000	auto	frag	L1277861	0	0.5311
c4	5000	auto	frag	L1249050	0	1.0000
c4	5000	auto	frag	L1252273	1	1.0000
c4	5000	auto	frag	L1263639	0	1.0000
c4	5000	auto	frag	L1263909	1	1.0000
c4	5000	auto	frag	L1271695	2	1.0000
c4	5000	auto	frag	L1267973	2	0.7642
c4	5000	auto	frag	L1269000	6	0.6323
c4	5000	auto	frag	L1269225	1	0.3797
c4	5000	auto	frag	L1268056	1	1.0000
c4	5000	auto	frag	L1270519	3	1.0000
c4	5000	auto	frag	L1269960	3	1.0000
c4	5000	auto	frag	L1277578	1	0.7585
c4	5000	auto	full	L1229975	0	1.0000
c4	5000	auto	full	L1228698	0	1.0000
c4	5000	auto	full	L1247700	0	1.0000
c4	5000	auto	full	L1237368	1	0.3362
c4	5000	auto	full	L1233030	0	0.9843
c4	5000	auto	full	L1234322	0	1.0000
c4	5000	auto	full	L1235564	0	1.0000
c4	5000	auto	full	L1244427	1	0.8596
c4	5000	auto	full	L1243882	0	1.0000
c4	5000	auto	full	L1242536	0	1.0000
c4	5000	auto	full	L1249050	0	1.0000
c4	5000	auto	full	L1252273	0	0.9553
c4	5000	auto	full	L1263639	0	1.0000
c4	5000	auto	full	L1263909	0	1.0000
c4	5000	auto	full	L1271695	1	1.0000
c4	5000	auto	full	L1269225	0	1.0000
c4	5000	auto	full	L1269000	0	1.0000
c4	5000	auto	full	L1268056	1	0.3993
c4	5000	auto	full	L1270519	1	0.5114
c4	5000	auto	full	L1269960	0	1.0000
c4	5000	auto	full	L1267973	0	0.6264
c4	5000	auto	full	L1267300	0	1.0000
c4	5000	auto	full	L1277861	0	1.0000
c4	5000	auto	full	L1277578	1	1.0000
c4	5000	fix	frag	L1267300	0	0.1940
c4	5000	fix	frag	L1228698	2	0.1747
c4	5000	fix	frag	L1229975	1	0.4068
c4	5000	fix	frag	L1247700	0	1.0000
c4	5000	fix	frag	L1244427	1	0.1468
c4	5000	fix	frag	L1237368	2	0.1358
c4	5000	fix	frag	L1233030	1	0.4005
c4	5000	fix	frag	L1235564	0	0.9726
c4	5000	fix	frag	L1234322	0	0.8972
c4	5000	fix	frag	L1243882	0	0.8773
c4	5000	fix	frag	L1242536	0	0.5061
c4	5000	fix	frag	L1277861	0	0.5311
c4	5000	fix	frag	L1249050	0	0.9962
c4	5000	fix	frag	L1252273	1	0.3580
c4	5000	fix	frag	L1263639	0	1.0000
c4	5000	fix	frag	L1263909	1	0.2953
c4	5000	fix	frag	L1271695	0	0.8985
c4	5000	fix	frag	L1267973	1	0.3184
c4	5000	fix	frag	L1269000	1	0.2055
c4	5000	fix	frag	L1269225	1	0.4166
c4	5000	fix	frag	L1268056	4	0.1630
c4	5000	fix	frag	L1270519	0	0.2108
c4	5000	fix	frag	L1269960	0	0.7171
c4	5000	fix	frag	L1277578	1	0.3233
c4	5000	fix	full	L1229975	0	1.0000
c4	5000	fix	full	L1228698	0	1.0000
c4	5000	fix	full	L1247700	0	1.0000
c4	5000	fix	full	L1237368	1	0.3362
c4	5000	fix	full	L1233030	0	0.9843
c4	5000	fix	full	L1234322	0	1.0000
c4	5000	fix	full	L1235564	0	1.0000
c4	5000	fix	full	L1244427	1	0.8596
c4	5000	fix	full	L1243882	0	1.0000
c4	5000	fix	full	L1242536	0	1.0000
c4	5000	fix	full	L1249050	0	1.0000
c4	5000	fix	full	L1252273	0	0.9553
c4	5000	fix	full	L1263639	0	1.0000
c4	5000	fix	full	L1263909	0	1.0000
c4	5000	fix	full	L1271695	1	1.0000
c4	5000	fix	full	L1269225	0	1.0000
c4	5000	fix	full	L1269000	0	1.0000
c4	5000	fix	full	L1268056	1	0.3993
c4	5000	fix	full	L1270519	1	0.5114
c4	5000	fix	full	L1269960	0	1.0000
c4	5000	fix	full	L1267973	0	0.6264
c4	5000	fix	full	L1267300	0	1.0000
c4	5000	fix	full	L1277861	0	1.0000
c4	5000	fix	full	L1277578	1	1.0000
c4	5000	fix_noheur	frag	L1228698	2	0.1747
c4	5000	fix_noheur	frag	L1229975	1	0.4050
c4	5000	fix_noheur	frag	L1233030	1	0.4004
c4	5000	fix_noheur	frag	L1234322	0	0.8932
c4	5000	fix_noheur	frag	L1235564	0	0.9666
c4	5000	fix_noheur	frag	L1237368	2	0.1357
c4	5000	fix_noheur	frag	L1242536	0	0.5046
c4	5000	fix_noheur	frag	L1243882	0	0.8379
c4	5000	fix_noheur	frag	L1244427	1	0.1464
c4	5000	fix_noheur	frag	L1247700	0	1.0000
c4	5000	fix_noheur	frag	L1249050	0	0.9882
c4	5000	fix_noheur	frag	L1252273	1	0.3580
c4	5000	fix_noheur	frag	L1263639	0	1.0000
c4	5000	fix_noheur	frag	L1263909	1	0.2953
c4	5000	fix_noheur	frag	L1267300	0	0.1924
c4	5000	fix_noheur	frag	L1267973	1	0.3182
c4	5000	fix_noheur	frag	L1268056	4	0.1629
c4	5000	fix_noheur	frag	L1269000	1	0.2055
c4	5000	fix_noheur	frag	L1269225	1	0.4166
c4	5000	fix_noheur	frag	L1269960	0	0.7159
c4	5000	fix_noheur	frag	L1270519	0	0.2108
c4	5000	fix_noheur	frag	L1271695	0	0.8983
c4	5000	fix_noheur	frag	L1277578	1	0.2840
c4	5000	fix_noheur	frag	L1277861	0	0.4244
c4	5000	noheur	frag	L1228698	13	1.0000
c4	5000	noheur	frag	L1229975	11	1.0000
c4	5000	noheur	frag	L1233030	16	1.0000
c4	5000	noheur	frag	L1234322	12	0.5682
c4	5000	noheur	frag	L1235564	12	1.0000
c4	5000	noheur	frag	L1237368	16	1.0000
c4	5000	noheur	frag	L1242536	22	1.0000
c4	5000	noheur	frag	L1243882	15	1.0000
c4	5000	noheur	frag	L1244427	17	1.0000
c4	5000	noheur	frag	L1247700	12	1.0000
c4	5000	noheur	frag	L1249050	16	1.0000
c4	5000	noheur	frag	L1252273	14	1.0000
c4	5000	noheur	frag	L1263639	14	1.0000
c4	5000	noheur	frag	L1263909	14	1.0000
c4	5000	noheur	frag	L1267300	14	1.0000
c4	5000	noheur	frag	L1267973	14	1.0000
c4	5000	noheur	frag	L1268056	18	1.0000
c4	5000	noheur	frag	L1269000	22	1.0000
c4	5000	noheur	frag	L1269225	17	1.0000
c4	5000	noheur	frag	L1269960	22	1.0000
c4	5000	noheur	frag	L1270519	19	1.0000
c4	5000	noheur	frag	L1271695	20	1.0000
c4	5000	noheur	frag	L1277578	13	1.0000
c4	5000	noheur	frag	L1277861	0	0.4244
c4	5000	nopremask	frag	L1267300	0	0.3475
c4	5000	nopremask	frag	L1228698	2	0.1847
c4	5000	nopremask	frag	L1229975	0	0.4448
c4	5000	nopremask	frag	L1247700	0	1.0000
c4	5000	nopremask	frag	L1244427	1	0.1242
c4	5000	nopremask	frag	L1237368	2	0.1401
c4	5000	nopremask	frag	L1233030	0	0.4400
c4	5000	nopremask	frag	L1235564	0	0.9710
c4	5000	nopremask	frag	L1234322	0	0.9284
c4	5000	nopremask	frag	L1243882	0	0.9361
c4	5000	nopremask	frag	L1242536	0	0.4883
c4	5000	nopremask	frag	L1277861	0	0.3871
c4	5000	nopremask	frag	L1249050	0	0.9972
c4	5000	nopremask	frag	L1252273	0	0.3484
c4	5000	nopremask	frag	L1263639	0	1.0000
c4	5000	nopremask	frag	L1263909	1	0.5940
c4	5000	nopremask	frag	L1271695	0	0.9247
c4	5000	nopremask	frag	L1267973	0	0.4195
c4	5000	nopremask	frag	L1269000	2	0.2018
c4	5000	nopremask	frag	L1269225	1	0.3460
c4	5000	nopremask	frag	L1268056	4	0.1499
c4	5000	nopremask	frag	L1270519	0	0.2802
c4	5000	nopremask	frag	L1269960	0	0.7746
c4	5000	nopremask	frag	L1277578	1	0.6009
c4	5000	pplacer	frag	L1277578	1	0.4607
c4	5000	pplacer	frag	L1267300	0	0.3483
c4	5000	pplacer	frag	L1237368	1	0.1681
c4	5000	pplacer	frag	L1249050	0	1.0000
c4	5000	pplacer	frag	L1229975	0	0.4830
c4	5000	pplacer	frag	L1235564	0	1.0000
c4	5000	pplacer	frag	L1269225	0	0.3448
c4	5000	pplacer	frag	L1277861	0	0.5727
c4	5000	pplacer	frag	L1233030	0	0.4896
c4	5000	pplacer	frag	L1247700	0	1.0000
c4	5000	pplacer	frag	L1271695	0	0.8774
c4	5000	pplacer	frag	L1270519	0	0.2539
c4	5000	pplacer	frag	L1242536	0	0.5253
c4	5000	pplacer	frag	L1269960	0	0.6651
c4	5000	pplacer	frag	L1269000	0	0.1997
c4	5000	pplacer	frag	L1263639	0	1.0000
c4	5000	pplacer	frag	L1252273	1	0.3716
c4	5000	pplacer	frag	L1234322	0	0.9557
c4	5000	pplacer	frag	L1243882	0	0.8294
c4	5000	pplacer	frag	L1228698	2	0.2573
c4	5000	pplacer	frag	L1244427	1	0.2235
c4	5000	pplacer	frag	L1263909	1	0.4302
c4	5000	pplacer	frag	L1268056	4	0.2427
c4	5000	pplacer	frag	L1267973	0	0.3031
c4	5000	pplacer	full	L1270519	0	0.9873
c4	5000	pplacer	full	L1233030	0	1.0000
c4	5000	pplacer	full	L1267300	0	1.0000
c4	5000	pplacer	full	L1263909	0	1.0000
c4	5000	pplacer	full	L1267973	0	0.5046
c4	5000	pplacer	full	L1271695	0	1.0000
c4	5000	pplacer	full	L1269960	0	1.0000
c4	5000	pplacer	full	L1263639	0	1.0000
c4	5000	pplacer	full	L1269000	0	1.0000
c4	5000	pplacer	full	L1243882	0	1.0000
c4	5000	pplacer	full	L1249050	0	1.0000
c4	5000	pplacer	full	L1235564	0	1.0000
c4	5000	pplacer	full	L1242536	0	1.0000
c4	5000	pplacer	full	L1247700	0	1.0000
c4	5000	pplacer	full	L1268056	1	0.3334
c4	5000	pplacer	full	L1228698	0	1.0000
c4	5000	pplacer	full	L1269225	0	1.0000
c4	5000	pplacer	full	L1229975	0	1.0000
c4	5000	pplacer	full	L1277861	0	1.0000
c4	5000	pplacer	full	L1277578	1	0.4803
c4	5000	pplacer	full	L1234322	0	1.0000
c4	5000	pplacer	full	L1244427	0	0.7630
c4	5000	pplacer	full	L1237368	1	0.3338
c4	5000	pplacer	full	L1252273	0	1.0000
c4	5000	shift	frag	L1267300	0	0.1940
c4	5000	shift	frag	L1228698	2	0.1747
c4	5000	shift	frag	L1229975	1	0.4068
c4	5000	shift	frag	L1247700	0	1.0000
c4	5000	shift	frag	L1244427	1	0.1468
c4	5000	shift	frag	L1237368	2	0.1358
c4	5000	shift	frag	L1233030	1	0.4005
c4	5000	shift	frag	L1235564	0	0.9726
c4	5000	shift	frag	L1234322	0	0.8972
c4	5000	shift	frag	L1243882	0	0.8773
c4	5000	shift	frag	L1242536	0	0.5061
c4	5000	shift	frag	L1277861	0	0.5311
c4	5000	shift	frag	L1249050	0	0.9962
c4	5000	shift	frag	L1252273	1	0.3580
c4	5000	shift	frag	L1263639	0	1.0000
c4	5000	shift	frag	L1263909	1	0.2953
c4	5000	shift	frag	L1271695	0	0.8985
c4	5000	shift	frag	L1267973	1	0.3184
c4	5000	shift	frag	L1269000	1	0.2055
c4	5000	shift	frag	L1269225	1	0.4166
c4	5000	shift	frag	L1268056	4	0.1630
c4	5000	shift	frag	L1270519	0	0.2108
c4	5000	shift	frag	L1269960	0	0.7171
c4	5000	shift	frag	L1277578	1	0.3233
c4	5000	simd	frag	L1267300	3	1.0000
c4	5000	simd	frag	L1228698	2	1.0000
c4	5000	simd	frag	L1229975	0	1.0000
c4	5000	simd	frag	L1247700	0	1.0000
c4	5000	simd	frag	L1244427	5	1.0000
c4	5000	simd	frag	L1237368	3	0.8386
c4	5000	simd	frag	L1233030	2	1.0000
c4	5000	simd	frag	L1235564	2	1.0000
c4	5000	simd	frag	L1234322	1	1.0000
c4	5000	simd	frag	L1243882	1	1.0000
c4	5000	simd	frag	L1242536	3	0.9134
c4	5000	simd	frag	L1277861	0	0.5311
c4	5000	simd	frag	L1249050	0	1.0000
c4	5000	simd	frag	L1252273	1	1.0000
c4	5000	simd	frag	L1263639	0	1.0000
c4	5000	simd	frag	L1263909	1	1.0000
c4	5000	simd	frag	L1271695	2	1.0000
c4	5000	simd	frag	L1267973	2	0.7642
c4	5000	simd	frag	L1269000	6	0.6323
c4	5000	simd	frag	L1269225	1	0.3797
c4	5000	simd	frag	L1268056	1	1.0000
c4	5000	simd	frag	L1270519	3	1.0000
c4	5000	simd	frag	L1269960	3	1.0000
c4	5000	simd	frag	L1277578	1	0.7585
c5	1000	auto	frag	L994491	0	0.7691
c5	1000	auto	frag	L986820	1	0.4904
c5	1000	auto	frag	L997717	0	0.3572
c5	1000	auto	frag	L962289	2	0.6105
c5	1000	auto	frag	L957565	0	0.3476
c5	1000	auto	frag	L960419	1	0.4543
c5	1000	auto	frag	L967795	1	0.3898
c5	1000	auto	frag	L968437	0	1.0000
c5	1000	auto	frag	L969615	1	0.3177
c5	1000	auto	frag	L970400	1	0.4108
c5	1000	auto	frag	L972698	0	1.0000
c5	1000	auto	frag	L962680	0	0.8824
c5	1000	auto	frag	L1046966	0	0.5418
c5	1000	auto	frag	L1044163	1	0.3854
c5	1000	auto	frag	L1044444	0	0.4658
c5	1000	auto	frag	L1046348	3	0.4084
c5	1000	auto	frag	L1036266	0	0.9790
c5	1000	auto	frag	L1036426	0	0.9999
c5	1000	auto	frag	L1024044	0	0.3344
c5	1000	auto	frag	L1016849	0	0.9755
c5	1000	auto	frag	L1002585	0	0.8488
c5	1000	auto	full	L994491	0	1.0000
c5	1000	auto	full	L986820	1	1.0000
c5	1000	auto	full	L997717	1	1.0000
c5	1000	auto	full	L957565	0	1.0000
c5	1000	auto	full	L960419	0	1.0000
c5	1000	auto	full	L967795	0	1.0000
c5	1000	auto	full	L968437	0	1.0000
c5	1000	auto	full	L969615	1	0.5274
c5	1000	auto	full	L970400	1	0.6065
c5	1000	auto	full	L972698	0	1.0000
c5	1000	auto	full	L962680	0	1.0000
c5	1000	auto	full	L962289	0	0.9955
c5	1000	auto	full	L1046966	0	1.0000
c5	1000	auto	full	L1044444	0	0.9994
c5	1000	auto	full	L1046348	0	1.0000
c5	1000	auto	full	L1044163	0	0.5402
c5	1000	auto	full	L1036266	0	1.0000
c5	1000	auto	full	L1036426	0	1.0000
c5	1000	auto	full	L1024044	0	1.0000
c5	1000	auto	full	L1016849	0	1.0000
c5	1000	auto	full	L1002585	0	1.0000
c5	1000	diagcpu	frag	L994491	0	0.7691
c5	1000	diagcpu	frag	L986820	1	0.4904
c5	1000	diagcpu	frag	L997717	0	0.3572
c5	1000	diagcpu	frag	L962289	2	0.6105
c5	1000	diagcpu	frag	L957565	0	0.3476
c5	1000	diagcpu	frag	L960419	1	0.4543
c5	1000	diagcpu	frag	L967795	1	0.3898
c5	1000	diagcpu	frag	L968437	0	1.0000
c5	1000	diagcpu	frag	L969615	1	0.3177
c5	1000	diagcpu	frag	L970400	1	0.4108
c5	1000	diagcpu	frag	L972698	0	1.0000
c5	1000	diagcpu	frag	L962680	0	0.8824
c5	1000	diagcpu	frag	L1046966	0	0.5418
c5	1000	diagcpu	frag	L1044163	1	0.3854
c5	1000	diagcpu	frag	L1044444	0	0.4658
c5	1000	diagcpu	frag	L1046348	3	0.4084
c5	1000	diagcpu	frag	L1036266	0	0.9790
c5	1000	diagcpu	frag	L1036426	0	0.9999
c5	1000	diagcpu	frag	L1024044	0	0.3344
c5	1000	diagcpu	frag	L1016849	0	0.9755
c5	1000	diagcpu	frag	L1002585	0	0.8488
c5	1000	fix	frag	L994491	0	0.7691
c5	1000	fix	frag	L986820	1	0.4904
c5	1000	fix	frag	L997717	0	0.3572
c5	1000	fix	frag	L962289	2	0.6105
c5	1000	fix	frag	L957565	0	0.3476
c5	1000	fix	frag	L960419	1	0.4543
c5	1000	fix	frag	L967795	1	0.3898
c5	1000	fix	frag	L968437	0	1.0000
c5	1000	fix	frag	L969615	1	0.3177
c5	1000	fix	frag	L970400	1	0.4108
c5	1000	fix	frag	L972698	0	1.0000
c5	1000	fix	frag	L962680	0	0.8824
c5	1000	fix	frag	L1046966	0	0.5418
c5	1000	fix	frag	L1044163	1	0.3854
c5	1000	fix	frag	L1044444	0	0.4658
c5	1000	fix	frag	L1046348	3	0.4084
c5	1000	fix	frag	L1036266	0	0.9790
c5	1000	fix	frag	L1036426	0	0.9999
c5	1000	fix	frag	L1024044	0	0.3344
c5	1000	fix	frag	L1016849	0	0.9755
c5	1000	fix	frag	L1002585	0	0.8488
c5	1000	fix	full	L994491	0	1.0000
c5	1000	fix	full	L986820	1	1.0000
c5	1000	fix	full	L997717	1	1.0000
c5	1000	fix	full	L957565	0	1.0000
c5	1000	fix	full	L960419	0	1.0000
c5	1000	fix	full	L967795	0	1.0000
c5	1000	fix	full	L968437	0	1.0000
c5	1000	fix	full	L969615	1	0.5274
c5	1000	fix	full	L970400	1	0.6065
c5	1000	fix	full	L972698	0	1.0000
c5	1000	fix	full	L962680	0	1.0000
c5	1000	fix	full	L962289	0	0.9955
c5	1000	fix	full	L1046966	0	1.0000
c5	1000	fix	full	L1044444	0	0.9994
c5	1000	fix	full	L1046348	0	1.0000
c5	1000	fix	full	L1044163	0	0.5402
c5	1000	fix	full	L1036266	0	1.0000
c5	1000	fix	full	L1036426	0	1.0000
c5	1000	fix	full	L1024044	0	1.0000
c5	1000	fix	full	L1016849	0	1.0000
c5	1000	fix	full	L1002585	0	1.0000
c5	1000	fix_rson	frag	L994491	0	0.7691
c5	1000	fix_rson	frag	L986820	1	0.4904
c5	1000	fix_rson	frag	L997717	0	0.3572
c5	1000	fix_rson	frag	L962289	2	0.6105
c5	1000	fix_rson	frag	L957565	0	0.3476
c5	1000	fix_rson	frag	L960419	1	0.4543
c5	1000	fix_rson	frag	L967795	1	0.3898
c5	1000	fix_rson	frag	L968437	0	1.0000
c5	1000	fix_rson	frag	L969615	1	0.3177
c5	1000	fix_rson	frag	L970400	1	0.4108
c5	1000	fix_rson	frag	L972698	0	1.0000
c5	1000	fix_rson	frag	L962680	0	0.8824
c5	1000	fix_rson	frag	L1046966	0	0.5418
c5	1000	fix_rson	frag	L1044163	1	0.3854
c5	1000	fix_rson	frag	L1044444	0	0.4658
c5	1000	fix_rson	frag	L1046348	3	0.4084
c5	1000	fix_rson	frag	L1036266	0	0.9790
c5	1000	fix_rson	frag	L1036426	0	0.9999
c5	1000	fix_rson	frag	L1024044	0	0.3344
c5	1000	fix_rson	frag	L1016849	0	0.9755
c5	1000	fix_rson	frag	L1002585	0	0.8488
c5	1000	noheur	frag	L1002585	0	0.7472
c5	1000	noheur	frag	L1016849	0	0.9755
c5	1000	noheur	frag	L1024044	0	0.3344
c5	1000	noheur	frag	L1036266	0	0.9752
c5	1000	noheur	frag	L1036426	0	0.9999
c5	1000	noheur	frag	L1044163	1	0.3851
c5	1000	noheur	frag	L1044444	0	0.4651
c5	1000	noheur	frag	L1046348	3	0.4083
c5	1000	noheur	frag	L1046966	0	0.5417
c5	1000	noheur	frag	L957565	0	0.3476
c5	1000	noheur	frag	L960419	1	0.4543
c5	1000	noheur	frag	L962289	2	0.5969
c5	1000	noheur	frag	L962680	0	0.8795
c5	1000	noheur	frag	L967795	1	0.3897
c5	1000	noheur	frag	L968437	0	1.0000
c5	1000	noheur	frag	L969615	1	0.3159
c5	1000	noheur	frag	L970400	1	0.4052
c5	1000	noheur	frag	L972698	0	1.0000
c5	1000	noheur	frag	L986820	1	0.4902
c5	1000	noheur	frag	L994491	0	0.7268
c5	1000	noheur	frag	L997717	0	0.3566
c5	1000	nopremask	frag	L994491	0	0.8533
c5	1000	nopremask	frag	L986820	1	0.3714
c5	1000	nopremask	frag	L997717	1	0.4038
c5	1000	nopremask	frag	L962289	2	0.4225
c5	1000	nopremask	frag	L957565	1	0.4385
c5	1000	nopremask	frag	L960419	1	0.4903
c5	1000	nopremask	frag	L967795	1	0.3103
c5	1000	nopremask	frag	L968437	0	1.0000
c5	1000	nopremask	frag	L969615	0	0.3313
c5	1000	nopremask	frag	L970400	0	0.4430
c5	1000	nopremask	frag	L972698	0	1.0000
c5	1000	nopremask	frag	L962680	0	0.8839
c5	1000	nopremask	frag	L1046966	0	0.6070
c5	1000	nopremask	frag	L1044163	1	0.3387
c5	1000	nopremask	frag	L1044444	0	0.4810
c5	1000	nopremask	frag	L1046348	3	0.3189
c5	1000	nopremask	frag	L1036266	0	0.9924
c5	1000	nopremask	frag	L1036426	0	0.9999
c5	1000	nopremask	frag	L1024044	1	0.3853
c5	1000	nopremask	frag	L1016849	0	0.9214
c5	1000	nopremask	frag	L1002585	0	0.8931
c5	1000	pplacer	frag	L1024044	0	0.4862
c5	1000	pplacer	frag	L1036426	0	1.0000
c5	1000	pplacer	frag	L986820	1	0.3343
c5	1000	pplacer	frag	L967795	1	0.2967
c5	1000	pplacer	frag	L1046348	0	0.3180
c5	1000	pplacer	frag	L962680	0	0.8992
c5	1000	pplacer	frag	L969615	1	0.3667
c5	1000	pplacer	frag	L970400	0	0.3232
c5	1000	pplacer	frag	L1016849	0	0.9368
c5	1000	pplacer	frag	L957565	1	0.4109
c5	1000	pplacer	frag	L960419	1	0.4485
c5	1000	pplacer	frag	L997717	1	0.2766
c5	1000	pplacer	frag	L994491	0	0.9388
c5	1000	pplacer	frag	L1044444	1	0.5306
c5	1000	pplacer	frag	L1002585	0	0.9108
c5	1000	pplacer	frag	L1036266	0	1.0000
c5	1000	pplacer	frag	L972698	0	1.0000
c5	1000	pplacer	frag	L968437	0	1.0000
c5	1000	pplacer	frag	L962289	2	0.7717
c5	1000	pplacer	frag	L1046966	0	0.6821
c5	1000	pplacer	frag	L1044163	1	0.2897
c5	1000	pplacer	full	L994491	0	1.0000
c5	1000	pplacer	full	L1036426	0	1.0000
c5	1000	pplacer	full	L969615	0	0.3342
c5	1000	pplacer	full	L986820	0	0.9442
c5	1000	pplacer	full	L962680	0	1.0000
c5	1000	pplacer	full	L970400	0	0.9783
c5	1000	pplacer	full	L1046348	0	1.0000
c5	1000	pplacer	full	L1044444	0	1.0000
c5	1000	pplacer	full	L1002585	0	1.0000
c5	1000	pplacer	full	L972698	0	1.0000
c5	1000	pplacer	full	L1044163	1	0.5011
c5	1000	pplacer	full	L957565	0	1.0000
c5	1000	pplacer	full	L1024044	0	1.0000
c5	1000	pplacer	full	L962289	0	0.9550
c5	1000	pplacer	full	L967795	0	0.7678
c5	1000	pplacer	full	L960419	0	1.0000
c5	1000	pplacer	full	L1016849	0	1.0000
c5	1000	pplacer	full	L997717	0	0.8802
c5	1000	pplacer	full	L1036266	0	1.0000
c5	1000	pplacer	full	L968437	0	1.0000
c5	1000	pplacer	full	L1046966	0	1.0000
c5	1000	rs_off	frag	L994491	0	0.7691
c5	1000	rs_off	frag	L986820	1	0.4904
c5	1000	rs_off	frag	L997717	0	0.3572
c5	1000	rs_off	frag	L962289	2	0.6105
c5	1000	rs_off	frag	L957565	0	0.3476
c5	1000	rs_off	frag	L960419	1	0.4543
c5	1000	rs_off	frag	L967795	1	0.3898
c5	1000	rs_off	frag	L968437	0	1.0000
c5	1000	rs_off	frag	L969615	1	0.3177
c5	1000	rs_off	frag	L970400	1	0.4108
c5	1000	rs_off	frag	L972698	0	1.0000
c5	1000	rs_off	frag	L962680	0	0.8824
c5	1000	rs_off	frag	L1046966	0	0.5418
c5	1000	rs_off	frag	L1044163	1	0.3854
c5	1000	rs_off	frag	L1044444	0	0.4658
c5	1000	rs_off	frag	L1046348	3	0.4084
c5	1000	rs_off	frag	L1036266	0	0.9790
c5	1000	rs_off	frag	L1036426	0	0.9999
c5	1000	rs_off	frag	L1024044	0	0.3344
c5	1000	rs_off	frag	L1016849	0	0.9755
c5	1000	rs_off	frag	L1002585	0	0.8488
c5	1000	rs_on	frag	L994491	2	0.9933
c5	1000	rs_on	frag	L986820	1	0.4904
c5	1000	rs_on	frag	L997717	2	1.0000
c5	1000	rs_on	frag	L962289	1	1.0000
c5	1000	rs_on	frag	L957565	0	1.0000
c5	1000	rs_on	frag	L960419	0	0.9079
c5	1000	rs_on	frag	L967795	4	1.0000
c5	1000	rs_on	frag	L968437	0	1.0000
c5	1000	rs_on	frag	L969615	1	1.0000
c5	1000	rs_on	frag	L970400	0	1.0000
c5	1000	rs_on	frag	L972698	0	1.0000
c5	1000	rs_on	frag	L962680	0	1.0000
c5	1000	rs_on	frag	L1046966	4	1.0000
c5	1000	rs_on	frag	L1044163	2	0.9360
c5	1000	rs_on	frag	L1044444	2	1.0000
c5	1000	rs_on	frag	L1046348	4	1.0000
c5	1000	rs_on	frag	L1036266	0	1.0000
c5	1000	rs_on	frag	L1036426	1	1.0000
c5	1000	rs_on	frag	L1024044	0	1.0000
c5	1000	rs_on	frag	L1016849	0	1.0000
c5	1000	rs_on	frag	L1002585	1	1.0000
c5	2000	auto	frag	L994491	0	0.9121
c5	2000	auto	frag	L986820	1	0.4805
c5	2000	auto	frag	L997717	0	0.3310
c5	2000	auto	frag	L957565	0	0.3572
c5	2000	auto	frag	L960419	1	0.4437
c5	2000	auto	frag	L967795	1	0.3914
c5	2000	auto	frag	L968437	0	1.0000
c5	2000	auto	frag	L969615	1	0.3129
c5	2000	auto	frag	L970400	1	0.3989
c5	2000	auto	frag	L972698	0	1.0000
c5	2000	auto	frag	L962289	2	0.7514
c5	2000	auto	frag	L962680	0	0.8647
c5	2000	auto	frag	L1044163	1	0.3823
c5	2000	auto	frag	L1044444	0	0.4072
c5	2000	auto	frag	L1046348	3	0.4073
c5	2000	auto	frag	L1046966	0	0.5632
c5	2000	auto	frag	L1036266	0	0.9394
c5	2000	auto	frag	L1036426	0	1.0000
c5	2000	auto	frag	L1024044	0	0.3344
c5	2000	auto	frag	L1016849	0	0.9777
c5	2000	auto	frag	L1002585	0	0.8593
c5	2000	auto	full	L994491	0	1.0000
c5	2000	auto	full	L986820	1	1.0000
c5	2000	auto	full	L997717	1	1.0000
c5	2000	auto	full	L957565	0	1.0000
c5	2000	auto	full	L960419	0	1.0000
c5	2000	auto	full	L967795	0	1.0000
c5	2000	auto	full	L968437	0	1.0000
c5	2000	auto	full	L969615	0	0.5550
c5	2000	auto	full	L970400	1	0.6095
c5	2000	auto	full	L972698	0	1.0000
c5	2000	auto	full	L962680	0	1.0000
c5	2000	auto	full	L962289	0	0.9962
c5	2000	auto	full	L1046966	0	1.0000
c5	2000	auto	full	L1044444	0	0.9997
c5	2000	auto	full	L1046348	0	1.0000
c5	2000	auto	full	L1044163	0	0.5507
c5	2000	auto	full	L1036266	0	1.0000
c5	2000	auto	full	L1036426	0	1.0000
c5	2000	auto	full	L1024044	0	1.0000
c5	2000	auto	full	L1016849	0	1.0000
c5	2000	auto	full	L1002585	0	1.0000
c5	2000	diagcpu	frag	L994491	0	0.9121
c5	2000	diagcpu	frag	L986820	1	0.4805
c5	2000	diagcpu	frag	L997717	0	0.3310
c5	2000	diagcpu	frag	L957565	0	0.3572
c5	2000	diagcpu	frag	L960419	1	0.4437
c5	2000	diagcpu	frag	L967795	1	0.3914
c5	2000	diagcpu	frag	L968437	0	1.0000
c5	2000	diagcpu	frag	L969615	1	0.3129
c5	2000	diagcpu	frag	L970400	1	0.3989
c5	2000	diagcpu	frag	L972698	0	1.0000
c5	2000	diagcpu	frag	L962289	2	0.7514
c5	2000	diagcpu	frag	L962680	0	0.8647
c5	2000	diagcpu	frag	L1044163	1	0.3823
c5	2000	diagcpu	frag	L1044444	0	0.4072
c5	2000	diagcpu	frag	L1046348	3	0.4073
c5	2000	diagcpu	frag	L1046966	0	0.5632
c5	2000	diagcpu	frag	L1036266	0	0.9394
c5	2000	diagcpu	frag	L1036426	0	1.0000
c5	2000	diagcpu	frag	L1024044	0	0.3344
c5	2000	diagcpu	frag	L1016849	0	0.9777
c5	2000	diagcpu	frag	L1002585	0	0.8593
c5	2000	fix	frag	L994491	0	0.9121
c5	2000	fix	frag	L986820	1	0.4805
c5	2000	fix	frag	L997717	0	0.3310
c5	2000	fix	frag	L957565	0	0.3572
c5	2000	fix	frag	L960419	1	0.4437
c5	2000	fix	frag	L967795	1	0.3914
c5	2000	fix	frag	L968437	0	1.0000
c5	2000	fix	frag	L969615	1	0.3129
c5	2000	fix	frag	L970400	1	0.3989
c5	2000	fix	frag	L972698	0	1.0000
c5	2000	fix	frag	L962289	2	0.7514
c5	2000	fix	frag	L962680	0	0.8647
c5	2000	fix	frag	L1044163	1	0.3823
c5	2000	fix	frag	L1044444	0	0.4072
c5	2000	fix	frag	L1046348	3	0.4073
c5	2000	fix	frag	L1046966	0	0.5632
c5	2000	fix	frag	L1036266	0	0.9394
c5	2000	fix	frag	L1036426	0	1.0000
c5	2000	fix	frag	L1024044	0	0.3344
c5	2000	fix	frag	L1016849	0	0.9777
c5	2000	fix	frag	L1002585	0	0.8593
c5	2000	fix	full	L994491	0	1.0000
c5	2000	fix	full	L986820	1	1.0000
c5	2000	fix	full	L997717	1	1.0000
c5	2000	fix	full	L957565	0	1.0000
c5	2000	fix	full	L960419	0	1.0000
c5	2000	fix	full	L967795	0	1.0000
c5	2000	fix	full	L968437	0	1.0000
c5	2000	fix	full	L969615	0	0.5550
c5	2000	fix	full	L970400	1	0.6095
c5	2000	fix	full	L972698	0	1.0000
c5	2000	fix	full	L962680	0	1.0000
c5	2000	fix	full	L962289	0	0.9962
c5	2000	fix	full	L1046966	0	1.0000
c5	2000	fix	full	L1044444	0	0.9997
c5	2000	fix	full	L1046348	0	1.0000
c5	2000	fix	full	L1044163	0	0.5507
c5	2000	fix	full	L1036266	0	1.0000
c5	2000	fix	full	L1036426	0	1.0000
c5	2000	fix	full	L1024044	0	1.0000
c5	2000	fix	full	L1016849	0	1.0000
c5	2000	fix	full	L1002585	0	1.0000
c5	2000	fix_noheur	frag	L1002585	0	0.7740
c5	2000	fix_noheur	frag	L1016849	0	0.9777
c5	2000	fix_noheur	frag	L1024044	0	0.3344
c5	2000	fix_noheur	frag	L1036266	0	0.9382
c5	2000	fix_noheur	frag	L1036426	0	0.9999
c5	2000	fix_noheur	frag	L1044163	1	0.3820
c5	2000	fix_noheur	frag	L1044444	0	0.4065
c5	2000	fix_noheur	frag	L1046348	3	0.4072
c5	2000	fix_noheur	frag	L1046966	0	0.5632
c5	2000	fix_noheur	frag	L957565	0	0.3572
c5	2000	fix_noheur	frag	L960419	1	0.4437
c5	2000	fix_noheur	frag	L962289	2	0.7412
c5	2000	fix_noheur	frag	L962680	0	0.8614
c5	2000	fix_noheur	frag	L967795	1	0.3913
c5	2000	fix_noheur	frag	L968437	0	1.0000
c5	2000	fix_noheur	frag	L969615	1	0.3109
c5	2000	fix_noheur	frag	L970400	1	0.3936
c5	2000	fix_noheur	frag	L972698	0	1.0000
c5	2000	fix_noheur	frag	L986820	1	0.4802
c5	2000	fix_noheur	frag	L994491	0	0.8634
c5	2000	fix_noheur	frag	L997717	0	0.3305
c5	2000	fix_rson	frag	L994491	0	0.9121
c5	2000	fix_rson	frag	L986820	1	0.4805
c5	2000	fix_rson	frag	L997717	0	0.3310
c5	2000	fix_rson	frag	L957565	0	0.3572
c5	2000	fix_rson	frag	L960419	1	0.4437
c5	2000	fix_rson	frag	L967795	1	0.3914
c5	2000	fix_rson	frag	L968437	0	1.0000
c5	2000	fix_rson	frag	L969615	1	0.3129
c5	2000	fix_rson	frag	L970400	1	0.3989
c5	2000	fix_rson	frag	L972698	0	1.0000
c5	2000	fix_rson	frag	L962289	2	0.7514
c5	2000	fix_rson	frag	L962680	0	0.8647
c5	2000	fix_rson	frag	L1044163	1	0.3823
c5	2000	fix_rson	frag	L1044444	0	0.4072
c5	2000	fix_rson	frag	L1046348	3	0.4073
c5	2000	fix_rson	frag	L1046966	0	0.5632
c5	2000	fix_rson	frag	L1036266	0	0.9394
c5	2000	fix_rson	frag	L1036426	0	1.0000
c5	2000	fix_rson	frag	L1024044	0	0.3344
c5	2000	fix_rson	frag	L1016849	0	0.9777
c5	2000	fix_rson	frag	L1002585	0	0.8593
c5	2000	noheur	frag	L1002585	0	0.7740
c5	2000	noheur	frag	L1016849	0	0.9777
c5	2000	noheur	frag	L1024044	0	0.3344
c5	2000	noheur	frag	L1036266	0	0.9382
c5	2000	noheur	frag	L1036426	0	0.9999
c5	2000	noheur	frag	L1044163	1	0.3820
c5	2000	noheur	frag	L1044444	0	0.4065
c5	2000	noheur	frag	L1046348	3	0.4072
c5	2000	noheur	frag	L1046966	0	0.5632
c5	2000	noheur	frag	L957565	0	0.3572
c5	2000	noheur	frag	L960419	1	0.4437
c5	2000	noheur	frag	L962289	2	0.7412
c5	2000	noheur	frag	L962680	0	0.8614
c5	2000	noheur	frag	L967795	1	0.3913
c5	2000	noheur	frag	L968437	0	1.0000
c5	2000	noheur	frag	L969615	1	0.3109
c5	2000	noheur	frag	L970400	1	0.3936
c5	2000	noheur	frag	L972698	0	1.0000
c5	2000	noheur	frag	L986820	1	0.4802
c5	2000	noheur	frag	L994491	0	0.8634
c5	2000	noheur	frag	L997717	0	0.3305
c5	2000	nopremask	frag	L994491	0	0.9568
c5	2000	nopremask	frag	L986820	0	0.3528
c5	2000	nopremask	frag	L997717	1	0.3885
c5	2000	nopremask	frag	L957565	1	0.3862
c5	2000	nopremask	frag	L960419	1	0.4779
c5	2000	nopremask	frag	L967795	1	0.3613
c5	2000	nopremask	frag	L968437	0	1.0000
c5	2000	nopremask	frag	L969615	0	0.3406
c5	2000	nopremask	frag	L970400	1	0.4793
c5	2000	nopremask	frag	L972698	0	1.0000
c5	2000	nopremask	frag	L962289	2	0.6743
c5	2000	nopremask	frag	L962680	0	0.8711
c5	2000	nopremask	frag	L1044163	1	0.3530
c5	2000	nopremask	frag	L1044444	0	0.4811
c5	2000	nopremask	frag	L1046348	3	0.3242
c5	2000	nopremask	frag	L1046966	0	0.6216
c5	2000	nopremask	frag	L1036266	0	0.9739
c5	2000	nopremask	frag	L1036426	0	1.0000
c5	2000	nopremask	frag	L1024044	1	0.4071
c5	2000	nopremask	frag	L1016849	0	0.9268
c5	2000	nopremask	frag	L1002585	0	0.9134
c5	2000	pplacer	frag	L1024044	0	0.4850
c5	2000	pplacer	frag	L1036426	0	1.0000
c5	2000	pplacer	frag	L986820	1	0.3343
c5	2000	pplacer	frag	L967795	1	0.2969
c5	2000	pplacer	frag	L1046348	0	0.3156
c5	2000	pplacer	frag	L962680	0	0.9062
c5	2000	pplacer	frag	L969615	1	0.3685
c5	2000	pplacer	frag	L970400	0	0.3237
c5	2000	pplacer	frag	L1016849	0	0.9374
c5	2000	pplacer	frag	L957565	1	0.4086
c5	2000	pplacer	frag	L960419	1	0.4486
c5	2000	pplacer	frag	L997717	1	0.2765
c5	2000	pplacer	frag	L994491	0	0.9389
c5	2000	pplacer	frag	L1044444	1	0.5295
c5	2000	pplacer	frag	L1002585	0	0.9118
c5	2000	pplacer	frag	L1036266	0	1.0000
c5	2000	pplacer	frag	L972698	0	1.0000
c5	2000	pplacer	frag	L968437	0	1.0000
c5	2000	pplacer	frag	L962289	2	0.7731
c5	2000	pplacer	frag	L1046966	0	0.6818
c5	2000	pplacer	frag	L1044163	1	0.2895
c5	2000	pplacer	full	L994491	0	1.0000
c5	2000	pplacer	full	L1036426	0	1.0000
c5	2000	pplacer	full	L969615	0	0.3341
c5	2000	pplacer	full	L986820	0	0.9444
c5	2000	pplacer	full	L962680	0	1.0000
c5	2000	pplacer	full	L970400	0	0.9785
c5	2000	pplacer	full	L1046348	0	1.0000
c5	2000	pplacer	full	L1044444	0	1.0000
c5	2000	pplacer	full	L1002585	0	1.0000
c5	2000	pplacer	full	L972698	0	1.0000
c5	2000	pplacer	full	L1044163	1	0.5010
c5	2000	pplacer	full	L957565	0	1.0000
c5	2000	pplacer	full	L1024044	0	1.0000
c5	2000	pplacer	full	L962289	0	0.9551
c5	2000	pplacer	full	L967795	0	0.7687
c5	2000	pplacer	full	L960419	0	1.0000
c5	2000	pplacer	full	L1016849	0	1.0000
c5	2000	pplacer	full	L997717	0	0.8763
c5	2000	pplacer	full	L1036266	0	1.0000
c5	2000	pplacer	full	L968437	0	1.0000
c5	2000	pplacer	full	L1046966	0	1.0000
c5	2000	rs_on	frag	L994491	2	1.0000
c5	2000	rs_on	frag	L986820	1	0.4805
c5	2000	rs_on	frag	L997717	4	0.9998
c5	2000	rs_on	frag	L957565	0	1.0000
c5	2000	rs_on	frag	L960419	1	0.9732
c5	2000	rs_on	frag	L967795	4	1.0000
c5	2000	rs_on	frag	L968437	0	1.0000
c5	2000	rs_on	frag	L969615	1	1.0000
c5	2000	rs_on	frag	L970400	0	1.0000
c5	2000	rs_on	frag	L972698	0	1.0000
c5	2000	rs_on	frag	L962289	1	1.0000
c5	2000	rs_on	frag	L962680	1	0.9949
c5	2000	rs_on	frag	L1044163	1	0.9977
c5	2000	rs_on	frag	L1044444	3	0.3417
c5	2000	rs_on	frag	L1046348	0	1.0000
c5	2000	rs_on	frag	L1046966	3	1.0000
c5	2000	rs_on	frag	L1036266	2	1.0000
c5	2000	rs_on	frag	L1036426	1	1.0000
c5	2000	rs_on	frag	L1024044	2	0.9493
c5	2000	rs_on	frag	L1016849	5	1.0000
c5	2000	rs_on	frag	L1002585	1	1.0000
c5	3000	auto	frag	L994491	3	0.9987
c5	3000	auto	frag	L986820	1	0.4852
c5	3000	auto	frag	L997717	0	0.8538
c5	3000	auto	frag	L957565	0	0.9605
c5	3000	auto	frag	L960419	1	0.9678
c5	3000	auto	frag	L967795	2	1.0000
c5	3000	auto	frag	L968437	0	1.0000
c5	3000	auto	frag	L969615	1	0.9786
c5	3000	auto	frag	L970400	1	0.8535
c5	3000	auto	frag	L972698	0	1.0000
c5	3000	auto	frag	L962289	0	1.0000
c5	3000	auto	frag	L962680	0	0.9999
c5	3000	auto	frag	L1044163	1	0.7514
c5	3000	auto	frag	L1044444	2	0.5001
c5	3000	auto	frag	L1046348	2	1.0000
c5	3000	auto	frag	L1046966	0	0.9756
c5	3000	auto	frag	L1036266	2	0.9820
c5	3000	auto	frag	L1036426	0	1.0000
c5	3000	auto	frag	L1024044	0	0.9997
c5	3000	auto	frag	L1016849	4	0.4936
c5	3000	auto	frag	L1002585	1	1.0000
c5	3000	auto	full	L994491	0	1.0000
c5	3000	auto	full	L986820	1	1.0000
c5	3000	auto	full	L997717	1	1.0000
c5	3000	auto	full	L957565	0	1.0000
c5	3000	auto	full	L960419	0	1.0000
c5	3000	auto	full	L967795	0	1.0000
c5	3000	auto	full	L968437	0	1.0000
c5	3000	auto	full	L969615	0	0.5561
c5	3000	auto	full	L970400	1	0.6152
c5	3000	auto	full	L972698	0	1.0000
c5	3000	auto	full	L962680	0	1.0000
c5	3000	auto	full	L962289	0	0.9977
c5	3000	auto	full	L1046966	0	1.0000
c5	3000	auto	full	L1044444	0	0.9997
c5	3000	auto	full	L1046348	0	1.0000
c5	3000	auto	full	L1044163	0	0.5373
c5	3000	auto	full	L1036266	0	1.0000
c5	3000	auto	full	L1036426	0	1.0000
c5	3000	auto	full	L1024044	0	1.0000
c5	3000	auto	full	L1016849	0	1.0000
c5	3000	auto	full	L1002585	0	1.0000
c5	3000	fix	frag	L994491	0	0.8941
c5	3000	fix	frag	L986820	1	0.4852
c5	3000	fix	frag	L997717	0	0.3381
c5	3000	fix	frag	L957565	0	0.3571
c5	3000	fix	frag	L960419	1	0.4316
c5	3000	fix	frag	L967795	1	0.3882
c5	3000	fix	frag	L968437	0	1.0000
c5	3000	fix	frag	L969615	1	0.3078
c5	3000	fix	frag	L970400	1	0.4015
c5	3000	fix	frag	L972698	0	1.0000
c5	3000	fix	frag	L962289	2	0.7872
c5	3000	fix	frag	L962680	0	0.8694
c5	3000	fix	frag	L1044163	1	0.3833
c5	3000	fix	frag	L1044444	0	0.4251
c5	3000	fix	frag	L1046348	3	0.4068
c5	3000	fix	frag	L1046966	0	0.5738
c5	3000	fix	frag	L1036266	0	0.9072
c5	3000	fix	frag	L1036426	0	1.0000
c5	3000	fix	frag	L1024044	0	0.3344
c5	3000	fix	frag	L1016849	0	0.9760
c5	3000	fix	frag	L1002585	0	0.8618
c5	3000	fix	full	L994491	0	1.0000
c5	3000	fix	full	L986820	1	1.0000
c5	3000	fix	full	L997717	1	1.0000
c5	3000	fix	full	L957565	0	1.0000
c5	3000	fix	full	L960419	0	1.0000
c5	3000	fix	full	L967795	0	1.0000
c5	3000	fix	full	L968437	0	1.0000
c5	3000	fix	full	L969615	0	0.5561
c5	3000	fix	full	L970400	1	0.6152
c5	3000	fix	full	L972698	0	1.0000
c5	3000	fix	full	L962680	0	1.0000
c5	3000	fix	full	L962289	0	0.9977
c5	3000	fix	full	L1046966	0	1.0000
c5	3000	fix	full	L1044444	0	0.9997
c5	3000	fix	full	L1046348	0	1.0000
c5	3000	fix	full	L1044163	0	0.5373
c5	3000	fix	full	L1036266	0	1.0000
c5	3000	fix	full	L1036426	0	1.0000
c5	3000	fix	full	L1024044	0	1.0000
c5	3000	fix	full	L1016849	0	1.0000
c5	3000	fix	full	L1002585	0	1.0000
c5	3000	fix_noheur	frag	L1002585	0	0.8135
c5	3000	fix_noheur	frag	L1016849	0	0.9759
c5	3000	fix_noheur	frag	L1024044	0	0.3344
c5	3000	fix_noheur	frag	L1036266	0	0.9052
c5	3000	fix_noheur	frag	L1036426	0	0.9999
c5	3000	fix_noheur	frag	L1044163	1	0.3831
c5	3000	fix_noheur	frag	L1044444	0	0.4244
c5	3000	fix_noheur	frag	L1046348	3	0.4067
c5	3000	fix_noheur	frag	L1046966	0	0.5738
c5	3000	fix_noheur	frag	L957565	0	0.3571
c5	3000	fix_noheur	frag	L960419	1	0.4316
c5	3000	fix_noheur	frag	L962289	2	0.7779
c5	3000	fix_noheur	frag	L962680	0	0.8662
c5	3000	fix_noheur	frag	L967795	1	0.3882
c5	3000	fix_noheur	frag	L968437	0	1.0000
c5	3000	fix_noheur	frag	L969615	1	0.3057
c5	3000	fix_noheur	frag	L970400	1	0.3961
c5	3000	fix_noheur	frag	L972698	0	1.0000
c5	3000	fix_noheur	frag	L986820	1	0.4849
c5	3000	fix_noheur	frag	L994491	0	0.8373
c5	3000	fix_noheur	frag	L997717	0	0.3376
c5	3000	noheur	frag	L1002585	7	1.0000
c5	3000	noheur	frag	L1016849	17	1.0000
c5	3000	noheur	frag	L1024044	22	1.0000
c5	3000	noheur	frag	L1036266	9	1.0000
c5	3000	noheur	frag	L1036426	13	1.0000
c5	3000	noheur	frag	L1044163	11	1.0000
c5	3000	noheur	frag	L1044444	12	1.0000
c5	3000	noheur	frag	L1046348	15	1.0000
c5	3000	noheur	frag	L1046966	17	1.0000
c5	3000	noheur	frag	L957565	15	1.0000
c5	3000	noheur	frag	L960419	16	1.0000
c5	3000	noheur	frag	L962289	13	1.0000
c5	3000	noheur	frag	L962680	10	1.0000
c5	3000	noheur	frag	L967795	14	1.0000
c5	3000	noheur	frag	L968437	17	1.0000
c5	3000	noheur	frag	L969615	11	1.0000
c5	3000	noheur	frag	L970400	14	1.0000
c5	3000	noheur	frag	L972698	14	1.0000
c5	3000	noheur	frag	L986820	1	0.4849
c5	3000	noheur	frag	L994491	10	1.0000
c5	3000	noheur	frag	L997717	15	1.0000
c5	3000	nopremask	frag	L994491	0	0.9523
c5	3000	nopremask	frag	L986820	0	0.3752
c5	3000	nopremask	frag	L997717	1	0.3644
c5	3000	nopremask	frag	L957565	1	0.4175
c5	3000	nopremask	frag	L960419	1	0.4787
c5	3000	nopremask	frag	L967795	1	0.3285
c5	3000	nopremask	frag	L968437	0	1.0000
c5	3000	nopremask	frag	L969615	0	0.2718
c5	3000	nopremask	frag	L970400	1	0.4803
c5	3000	nopremask	frag	L972698	0	1.0000
c5	3000	nopremask	frag	L962289	2	0.7206
c5	3000	nopremask	frag	L962680	0	0.8733
c5	3000	nopremask	frag	L1044163	1	0.3662
c5	3000	nopremask	frag	L1044444	0	0.4645
c5	3000	nopremask	frag	L1046348	3	0.3168
c5	3000	nopremask	frag	L1046966	0	0.6329
c5	3000	nopremask	frag	L1036266	0	0.9554
c5	3000	nopremask	frag	L1036426	0	1.0000
c5	3000	nopremask	frag	L1024044	1	0.3849
c5	3000	nopremask	frag	L1016849	0	0.9273
c5	3000	nopremask	frag	L1002585	0	0.9199
c5	3000	pplacer	frag	L1024044	0	0.4850
c5	3000	pplacer	frag	L1036426	0	1.0000
c5	3000	pplacer	frag	L986820	1	0.3343
c5	3000	pplacer	frag	L967795	1	0.2969
c5	3000	pplacer	frag	L1046348	0	0.3155
c5	3000	pplacer	frag	L962680	0	0.9060
c5	3000	pplacer	frag	L969615	1	0.3689
c5	3000	pplacer	frag	L970400	0	0.3237
c5	3000	pplacer	frag	L1016849	0	0.9375
c5	3000	pplacer	frag	L957565	1	0.4083
c5	3000	pplacer	frag	L960419	1	0.4487
c5	3000	pplacer	frag	L997717	1	0.2765
c5	3000	pplacer	frag	L994491	0	0.9390
c5	3000	pplacer	frag	L1044444	1	0.5293
c5	3000	pplacer	frag	L1002585	0	0.9125
c5	3000	pplacer	frag	L1036266	0	1.0000
c5	3000	pplacer	frag	L972698	0	1.0000
c5	3000	pplacer	frag	L968437	0	1.0000
c5	3000	pplacer	frag	L962289	2	0.7722
c5	3000	pplacer	frag	L1046966	0	0.6818
c5	3000	pplacer	frag	L1044163	1	0.2894
c5	3000	pplacer	full	L994491	0	1.0000
c5	3000	pplacer	full	L1036426	0	1.0000
c5	3000	pplacer	full	L969615	0	0.3341
c5	3000	pplacer	full	L986820	0	0.9444
c5	3000	pplacer	full	L962680	0	1.0000
c5	3000	pplacer	full	L970400	0	0.9785
c5	3000	pplacer	full	L1046348	0	1.0000
c5	3000	pplacer	full	L1044444	0	1.0000
c5	3000	pplacer	full	L1002585	0	1.0000
c5	3000	pplacer	full	L972698	0	1.0000
c5	3000	pplacer	full	L1044163	1	0.5010
c5	3000	pplacer	full	L957565	0	1.0000
c5	3000	pplacer	full	L1024044	0	1.0000
c5	3000	pplacer	full	L962289	0	0.9550
c5	3000	pplacer	full	L967795	0	0.7682
c5	3000	pplacer	full	L960419	0	1.0000
c5	3000	pplacer	full	L1016849	0	1.0000
c5	3000	pplacer	full	L997717	0	0.8762
c5	3000	pplacer	full	L1036266	0	1.0000
c5	3000	pplacer	full	L968437	0	1.0000
c5	3000	pplacer	full	L1046966	0	1.0000
c5	3000	rs_off	frag	L994491	0	0.8941
c5	3000	rs_off	frag	L986820	1	0.4852
c5	3000	rs_off	frag	L997717	0	0.3381
c5	3000	rs_off	frag	L957565	0	0.3571
c5	3000	rs_off	frag	L960419	1	0.4316
c5	3000	rs_off	frag	L967795	1	0.3882
c5	3000	rs_off	frag	L968437	0	1.0000
c5	3000	rs_off	frag	L969615	1	0.3078
c5	3000	rs_off	frag	L970400	1	0.4015
c5	3000	rs_off	frag	L972698	0	1.0000
c5	3000	rs_off	frag	L962289	2	0.7872
c5	3000	rs_off	frag	L962680	0	0.8694
c5	3000	rs_off	frag	L1044163	1	0.3833
c5	3000	rs_off	frag	L1044444	0	0.4251
c5	3000	rs_off	frag	L1046348	3	0.4068
c5	3000	rs_off	frag	L1046966	0	0.5738
c5	3000	rs_off	frag	L1036266	0	0.9072
c5	3000	rs_off	frag	L1036426	0	1.0000
c5	3000	rs_off	frag	L1024044	0	0.3344
c5	3000	rs_off	frag	L1016849	0	0.9760
c5	3000	rs_off	frag	L1002585	0	0.8618
c5	3000	rs_on	frag	L994491	3	0.9987
c5	3000	rs_on	frag	L986820	1	0.4852
c5	3000	rs_on	frag	L997717	0	0.8538
c5	3000	rs_on	frag	L957565	0	0.9605
c5	3000	rs_on	frag	L960419	1	0.9678
c5	3000	rs_on	frag	L967795	2	1.0000
c5	3000	rs_on	frag	L968437	0	1.0000
c5	3000	rs_on	frag	L969615	1	0.9786
c5	3000	rs_on	frag	L970400	1	0.8535
c5	3000	rs_on	frag	L972698	0	1.0000
c5	3000	rs_on	frag	L962289	0	1.0000
c5	3000	rs_on	frag	L962680	0	0.9999
c5	3000	rs_on	frag	L1044163	1	0.7514
c5	3000	rs_on	frag	L1044444	2	0.5001
c5	3000	rs_on	frag	L1046348	2	1.0000
c5	3000	rs_on	frag	L1046966	0	0.9756
c5	3000	rs_on	frag	L1036266	2	0.9820
c5	3000	rs_on	frag	L1036426	0	1.0000
c5	3000	rs_on	frag	L1024044	0	0.9997
c5	3000	rs_on	frag	L1016849	4	0.4936
c5	3000	rs_on	frag	L1002585	1	1.0000
c5	3000	shift	frag	L994491	0	0.8941
c5	3000	shift	frag	L986820	1	0.4852
c5	3000	shift	frag	L997717	0	0.3381
c5	3000	shift	frag	L957565	0	0.3571
c5	3000	shift	frag	L960419	1	0.4316
c5	3000	shift	frag	L967795	1	0.3882
c5	3000	shift	frag	L968437	0	1.0000
c5	3000	shift	frag	L969615	1	0.3078
c5	3000	shift	frag	L970400	1	0.4015
c5	3000	shift	frag	L972698	0	1.0000
c5	3000	shift	frag	L962289	2	0.7872
c5	3000	shift	frag	L962680	0	0.8694
c5	3000	shift	frag	L1044163	1	0.3833
c5	3000	shift	frag	L1044444	0	0.4251
c5	3000	shift	frag	L1046348	3	0.4068
c5	3000	shift	frag	L1046966	0	0.5738
c5	3000	shift	frag	L1036266	0	0.9072
c5	3000	shift	frag	L1036426	0	1.0000
c5	3000	shift	frag	L1024044	0	0.3344
c5	3000	shift	frag	L1016849	0	0.9760
c5	3000	shift	frag	L1002585	0	0.8618
c5	3000	simd	frag	L994491	3	0.9987
c5	3000	simd	frag	L986820	1	0.4852
c5	3000	simd	frag	L997717	0	0.8538
c5	3000	simd	frag	L957565	0	0.9605
c5	3000	simd	frag	L960419	1	0.9678
c5	3000	simd	frag	L967795	2	1.0000
c5	3000	simd	frag	L968437	0	1.0000
c5	3000	simd	frag	L969615	1	0.9786
c5	3000	simd	frag	L970400	1	0.8535
c5	3000	simd	frag	L972698	0	1.0000
c5	3000	simd	frag	L962289	0	1.0000
c5	3000	simd	frag	L962680	0	0.9999
c5	3000	simd	frag	L1044163	1	0.7514
c5	3000	simd	frag	L1044444	2	0.5001
c5	3000	simd	frag	L1046348	2	1.0000
c5	3000	simd	frag	L1046966	0	0.9756
c5	3000	simd	frag	L1036266	2	0.9820
c5	3000	simd	frag	L1036426	0	1.0000
c5	3000	simd	frag	L1024044	0	0.9997
c5	3000	simd	frag	L1016849	4	0.4936
c5	3000	simd	frag	L1002585	1	1.0000
c5	500	auto	frag	L994491	0	0.6295
c5	500	auto	frag	L986820	0	0.4015
c5	500	auto	frag	L997717	0	0.3175
c5	500	auto	frag	L962289	2	0.5993
c5	500	auto	frag	L957565	0	0.3556
c5	500	auto	frag	L960419	1	0.4067
c5	500	auto	frag	L967795	1	0.3786
c5	500	auto	frag	L968437	0	1.0000
c5	500	auto	frag	L969615	1	0.3549
c5	500	auto	frag	L970400	1	0.3993
c5	500	auto	frag	L972698	0	1.0000
c5	500	auto	frag	L962680	0	0.8888
c5	500	auto	frag	L1046966	0	0.5990
c5	500	auto	frag	L1044163	1	0.3769
c5	500	auto	frag	L1044444	0	0.2949
c5	500	auto	frag	L1046348	3	0.4069
c5	500	auto	frag	L1036266	0	0.9503
c5	500	auto	frag	L1036426	0	1.0000
c5	500	auto	frag	L1024044	0	0.3344
c5	500	auto	frag	L1016849	0	0.9789
c5	500	auto	frag	L1002585	0	0.8428
c5	500	auto	full	L994491	0	1.0000
c5	500	auto	full	L986820	1	1.0000
c5	500	auto	full	L997717	1	1.0000
c5	500	auto	full	L957565	0	1.0000
c5	500	auto	full	L960419	0	1.0000
c5	500	auto	full	L967795	0	1.0000
c5	500	auto	full	L968437	0	1.0000
c5	500	auto	full	L969615	1	0.6394
c5	500	auto	full	L970400	1	0.6159
c5	500	auto	full	L972698	0	1.0000
c5	500	auto	full	L962680	0	1.0000
c5	500	auto	full	L962289	0	0.9919
c5	500	auto	full	L1046966	0	1.0000
c5	500	auto	full	L1044444	0	0.9990
c5	500	auto	full	L1046348	0	1.0000
c5	500	auto	full	L1044163	1	0.5030
c5	500	auto	full	L1036266	0	1.0000
c5	500	auto	full	L1036426	0	1.0000
c5	500	auto	full	L1024044	0	1.0000
c5	500	auto	full	L1016849	0	1.0000
c5	500	auto	full	L1002585	0	1.0000
c5	500	diagcpu	frag	L994491	0	0.6295
c5	500	diagcpu	frag	L986820	0	0.4015
c5	500	diagcpu	frag	L997717	0	0.3175
c5	500	diagcpu	frag	L962289	2	0.5993
c5	500	diagcpu	frag	L957565	0	0.3556
c5	500	diagcpu	frag	L960419	1	0.4067
c5	500	diagcpu	frag	L967795	1	0.3786
c5	500	diagcpu	frag	L968437	0	1.0000
c5	500	diagcpu	frag	L969615	1	0.3549
c5	500	diagcpu	frag	L970400	1	0.3993
c5	500	diagcpu	frag	L972698	0	1.0000
c5	500	diagcpu	frag	L962680	0	0.8888
c5	500	diagcpu	frag	L1046966	0	0.5990
c5	500	diagcpu	frag	L1044163	1	0.3769
c5	500	diagcpu	frag	L1044444	0	0.2949
c5	500	diagcpu	frag	L1046348	3	0.4069
c5	500	diagcpu	frag	L1036266	0	0.9503
c5	500	diagcpu	frag	L1036426	0	1.0000
c5	500	diagcpu	frag	L1024044	0	0.3344
c5	500	diagcpu	frag	L1016849	0	0.9789
c5	500	diagcpu	frag	L1002585	0	0.8428
c5	500	fix	frag	L994491	0	0.6295
c5	500	fix	frag	L986820	0	0.4015
c5	500	fix	frag	L997717	0	0.3175
c5	500	fix	frag	L962289	2	0.5993
c5	500	fix	frag	L957565	0	0.3556
c5	500	fix	frag	L960419	1	0.4067
c5	500	fix	frag	L967795	1	0.3786
c5	500	fix	frag	L968437	0	1.0000
c5	500	fix	frag	L969615	1	0.3549
c5	500	fix	frag	L970400	1	0.3993
c5	500	fix	frag	L972698	0	1.0000
c5	500	fix	frag	L962680	0	0.8888
c5	500	fix	frag	L1046966	0	0.5990
c5	500	fix	frag	L1044163	1	0.3769
c5	500	fix	frag	L1044444	0	0.2949
c5	500	fix	frag	L1046348	3	0.4069
c5	500	fix	frag	L1036266	0	0.9503
c5	500	fix	frag	L1036426	0	1.0000
c5	500	fix	frag	L1024044	0	0.3344
c5	500	fix	frag	L1016849	0	0.9789
c5	500	fix	frag	L1002585	0	0.8428
c5	500	fix	full	L994491	0	1.0000
c5	500	fix	full	L986820	1	1.0000
c5	500	fix	full	L997717	1	1.0000
c5	500	fix	full	L957565	0	1.0000
c5	500	fix	full	L960419	0	1.0000
c5	500	fix	full	L967795	0	1.0000
c5	500	fix	full	L968437	0	1.0000
c5	500	fix	full	L969615	1	0.6394
c5	500	fix	full	L970400	1	0.6159
c5	500	fix	full	L972698	0	1.0000
c5	500	fix	full	L962680	0	1.0000
c5	500	fix	full	L962289	0	0.9919
c5	500	fix	full	L1046966	0	1.0000
c5	500	fix	full	L1044444	0	0.9990
c5	500	fix	full	L1046348	0	1.0000
c5	500	fix	full	L1044163	1	0.5030
c5	500	fix	full	L1036266	0	1.0000
c5	500	fix	full	L1036426	0	1.0000
c5	500	fix	full	L1024044	0	1.0000
c5	500	fix	full	L1016849	0	1.0000
c5	500	fix	full	L1002585	0	1.0000
c5	500	fix_rson	frag	L994491	0	0.6295
c5	500	fix_rson	frag	L986820	0	0.4015
c5	500	fix_rson	frag	L997717	0	0.3175
c5	500	fix_rson	frag	L962289	2	0.5993
c5	500	fix_rson	frag	L957565	0	0.3556
c5	500	fix_rson	frag	L960419	1	0.4067
c5	500	fix_rson	frag	L967795	1	0.3786
c5	500	fix_rson	frag	L968437	0	1.0000
c5	500	fix_rson	frag	L969615	1	0.3549
c5	500	fix_rson	frag	L970400	1	0.3993
c5	500	fix_rson	frag	L972698	0	1.0000
c5	500	fix_rson	frag	L962680	0	0.8888
c5	500	fix_rson	frag	L1046966	0	0.5990
c5	500	fix_rson	frag	L1044163	1	0.3769
c5	500	fix_rson	frag	L1044444	0	0.2949
c5	500	fix_rson	frag	L1046348	3	0.4069
c5	500	fix_rson	frag	L1036266	0	0.9503
c5	500	fix_rson	frag	L1036426	0	1.0000
c5	500	fix_rson	frag	L1024044	0	0.3344
c5	500	fix_rson	frag	L1016849	0	0.9789
c5	500	fix_rson	frag	L1002585	0	0.8428
c5	500	noheur	frag	L1002585	0	0.7498
c5	500	noheur	frag	L1016849	0	0.9789
c5	500	noheur	frag	L1024044	0	0.3344
c5	500	noheur	frag	L1036266	0	0.9418
c5	500	noheur	frag	L1036426	0	0.9999
c5	500	noheur	frag	L1044163	1	0.3766
c5	500	noheur	frag	L1044444	0	0.2944
c5	500	noheur	frag	L1046348	3	0.4068
c5	500	noheur	frag	L1046966	0	0.5990
c5	500	noheur	frag	L957565	0	0.3556
c5	500	noheur	frag	L960419	1	0.4067
c5	500	noheur	frag	L962289	2	0.5816
c5	500	noheur	frag	L962680	0	0.8861
c5	500	noheur	frag	L967795	1	0.3786
c5	500	noheur	frag	L968437	0	1.0000
c5	500	noheur	frag	L969615	1	0.3537
c5	500	noheur	frag	L970400	1	0.3940
c5	500	noheur	frag	L972698	0	1.0000
c5	500	noheur	frag	L986820	0	0.4010
c5	500	noheur	frag	L994491	0	0.5778
c5	500	noheur	frag	L997717	0	0.3169
c5	500	nopremask	frag	L994491	0	0.7591
c5	500	nopremask	frag	L986820	0	0.4631
c5	500	nopremask	frag	L997717	0	0.3155
c5	500	nopremask	frag	L962289	2	0.4990
c5	500	nopremask	frag	L957565	1	0.6314
c5	500	nopremask	frag	L960419	1	0.5086
c5	500	nopremask	frag	L967795	1	0.3279
c5	500	nopremask	frag	L968437	0	1.0000
c5	500	nopremask	frag	L969615	0	0.2922
c5	500	nopremask	frag	L970400	0	0.4911
c5	500	nopremask	frag	L972698	0	1.0000
c5	500	nopremask	frag	L962680	0	0.8911
c5	500	nopremask	frag	L1046966	0	0.6363
c5	500	nopremask	frag	L1044163	1	0.3410
c5	500	nopremask	frag	L1044444	1	0.3141
c5	500	nopremask	frag	L1046348	3	0.3216
c5	500	nopremask	frag	L1036266	0	0.9853
c5	500	nopremask	frag	L1036426	0	1.0000
c5	500	nopremask	frag	L1024044	0	0.3893
c5	500	nopremask	frag	L1016849	0	0.9286
c5	500	nopremask	frag	L1002585	0	0.8962
c5	500	pplacer	frag	L1024044	0	0.4843
c5	500	pplacer	frag	L1036426	0	1.0000
c5	500	pplacer	frag	L986820	1	0.3343
c5	500	pplacer	frag	L967795	1	0.2968
c5	500	pplacer	frag	L1046348	0	0.3139
c5	500	pplacer	frag	L962680	0	0.8922
c5	500	pplacer	frag	L969615	1	0.3677
c5	500	pplacer	frag	L970400	0	0.3240
c5	500	pplacer	frag	L1016849	0	0.9372
c5	500	pplacer	frag	L957565	1	0.4087
c5	500	pplacer	frag	L960419	1	0.4482
c5	500	pplacer	frag	L997717	0	0.2764
c5	500	pplacer	frag	L994491	0	0.9391
c5	500	pplacer	frag	L1044444	1	0.5298
c5	500	pplacer	frag	L1002585	0	0.9559
c5	500	pplacer	frag	L1036266	0	1.0000
c5	500	pplacer	frag	L972698	0	1.0000
c5	500	pplacer	frag	L968437	0	1.0000
c5	500	pplacer	frag	L962289	2	0.7709
c5	500	pplacer	frag	L1046966	0	0.6816
c5	500	pplacer	frag	L1044163	1	0.2894
c5	500	pplacer	full	L994491	0	1.0000
c5	500	pplacer	full	L1036426	0	1.0000
c5	500	pplacer	full	L969615	0	0.3340
c5	500	pplacer	full	L986820	0	0.9446
c5	500	pplacer	full	L962680	0	1.0000
c5	500	pplacer	full	L970400	0	0.9796
c5	500	pplacer	full	L1046348	0	1.0000
c5	500	pplacer	full	L1044444	0	1.0000
c5	500	pplacer	full	L1002585	0	1.0000
c5	500	pplacer	full	L972698	0	1.0000
c5	500	pplacer	full	L1044163	1	0.5011
c5	500	pplacer	full	L957565	0	1.0000
c5	500	pplacer	full	L1024044	0	1.0000
c5	500	pplacer	full	L962289	0	0.9542
c5	500	pplacer	full	L967795	0	0.7687
c5	500	pplacer	full	L960419	0	1.0000
c5	500	pplacer	full	L1016849	0	1.0000
c5	500	pplacer	full	L997717	0	0.7894
c5	500	pplacer	full	L1036266	0	1.0000
c5	500	pplacer	full	L968437	0	1.0000
c5	500	pplacer	full	L1046966	0	1.0000
c5	500	rs_on	frag	L994491	1	0.5601
c5	500	rs_on	frag	L986820	0	0.4015
c5	500	rs_on	frag	L997717	3	1.0000
c5	500	rs_on	frag	L962289	1	1.0000
c5	500	rs_on	frag	L957565	1	0.9466
c5	500	rs_on	frag	L960419	0	1.0000
c5	500	rs_on	frag	L967795	3	1.0000
c5	500	rs_on	frag	L968437	0	1.0000
c5	500	rs_on	frag	L969615	0	1.0000
c5	500	rs_on	frag	L970400	1	1.0000
c5	500	rs_on	frag	L972698	0	1.0000
c5	500	rs_on	frag	L962680	2	1.0000
c5	500	rs_on	frag	L1046966	2	1.0000
c5	500	rs_on	frag	L1044163	1	1.0000
c5	500	rs_on	frag	L1044444	4	1.0000
c5	500	rs_on	frag	L1046348	1	0.9999
c5	500	rs_on	frag	L1036266	1	1.0000
c5	500	rs_on	frag	L1036426	0	1.0000
c5	500	rs_on	frag	L1024044	1	1.0000
c5	500	rs_on	frag	L1016849	0	0.9998
c5	500	rs_on	frag	L1002585	1	1.0000
c5	5000	auto	frag	L994491	2	1.0000
c5	5000	auto	frag	L986820	1	0.4789
c5	5000	auto	frag	L997717	2	0.9493
c5	5000	auto	frag	L957565	1	1.0000
c5	5000	auto	frag	L960419	1	0.9306
c5	5000	auto	frag	L967795	2	1.0000
c5	5000	auto	frag	L968437	0	1.0000
c5	5000	auto	frag	L969615	1	0.4214
c5	5000	auto	frag	L970400	1	0.9986
c5	5000	auto	frag	L972698	0	1.0000
c5	5000	auto	frag	L962289	2	1.0000
c5	5000	auto	frag	L962680	0	0.9999
c5	5000	auto	frag	L1046966	3	1.0000
c5	5000	auto	frag	L1044163	0	0.9981
c5	5000	auto	frag	L1044444	2	1.0000
c5	5000	auto	frag	L1046348	3	0.6039
c5	5000	auto	frag	L1036266	2	1.0000
c5	5000	auto	frag	L1036426	0	1.0000
c5	5000	auto	frag	L1024044	0	0.9714
c5	5000	auto	frag	L1016849	0	0.9990
c5	5000	auto	frag	L1002585	0	0.8893
c5	5000	auto	full	L994491	0	1.0000
c5	5000	auto	full	L986820	1	1.0000
c5	5000	auto	full	L997717	1	1.0000
c5	5000	auto	full	L957565	0	1.0000
c5	5000	auto	full	L960419	0	1.0000
c5	5000	auto	full	L967795	0	1.0000
c5	5000	auto	full	L968437	0	1.0000
c5	5000	auto	full	L969615	0	0.5581
c5	5000	auto	full	L970400	1	0.6209
c5	5000	auto	full	L972698	0	1.0000
c5	5000	auto	full	L962680	0	1.0000
c5	5000	auto	full	L962289	0	0.9978
c5	5000	auto	full	L1046966	0	1.0000
c5	5000	auto	full	L1044444	0	0.9997
c5	5000	auto	full	L1046348	0	1.0000
c5	5000	auto	full	L1044163	0	0.5215
c5	5000	auto	full	L1036266	0	1.0000
c5	5000	auto	full	L1036426	0	1.0000
c5	5000	auto	full	L1024044	0	1.0000
c5	5000	auto	full	L1016849	0	1.0000
c5	5000	auto	full	L1002585	0	1.0000
c5	5000	fix	frag	L994491	0	0.8596
c5	5000	fix	frag	L986820	1	0.4789
c5	5000	fix	frag	L997717	0	0.3377
c5	5000	fix	frag	L957565	0	0.3527
c5	5000	fix	frag	L960419	1	0.4012
c5	5000	fix	frag	L967795	1	0.3953
c5	5000	fix	frag	L968437	0	1.0000
c5	5000	fix	frag	L969615	1	0.3435
c5	5000	fix	frag	L970400	1	0.3988
c5	5000	fix	frag	L972698	0	1.0000
c5	5000	fix	frag	L962289	2	0.8033
c5	5000	fix	frag	L962680	0	0.8778
c5	5000	fix	frag	L1046966	0	0.5577
c5	5000	fix	frag	L1044163	1	0.3839
c5	5000	fix	frag	L1044444	0	0.4422
c5	5000	fix	frag	L1046348	3	0.4080
c5	5000	fix	frag	L1036266	0	0.8960
c5	5000	fix	frag	L1036426	0	1.0000
c5	5000	fix	frag	L1024044	0	0.3344
c5	5000	fix	frag	L1016849	0	0.9688
c5	5000	fix	frag	L1002585	0	0.9115
c5	5000	fix	full	L994491	0	1.0000
c5	5000	fix	full	L986820	1	1.0000
c5	5000	fix	full	L997717	1	1.0000
c5	5000	fix	full	L957565	0	1.0000
c5	5000	fix	full	L960419	0	1.0000
c5	5000	fix	full	L967795	0	1.0000
c5	5000	fix	full	L968437	0	1.0000
c5	5000	fix	full	L969615	0	0.5581
c5	5000	fix	full	L970400	1	0.6209
c5	5000	fix	full	L972698	0	1.0000
c5	5000	fix	full	L962680	0	1.0000
c5	5000	fix	full	L962289	0	0.9978
c5	5000	fix	full	L1046966	0	1.0000
c5	5000	fix	full	L1044444	0	0.9997
c5	5000	fix	full	L1046348	0	1.0000
c5	5000	fix	full	L1044163	0	0.5215
c5	5000	fix	full	L1036266	0	1.0000
c5	5000	fix	full	L1036426	0	1.0000
c5	5000	fix	full	L1024044	0	1.0000
c5	5000	fix	full	L1016849	0	1.0000
c5	5000	fix	full	L1002585	0	1.0000
c5	5000	fix_noheur	frag	L1002585	0	0.8669
c5	5000	fix_noheur	frag	L1016849	0	0.9687
c5	5000	fix_noheur	frag	L1024044	0	0.3344
c5	5000	fix_noheur	frag	L1036266	0	0.8939
c5	5000	fix_noheur	frag	L1036426	0	1.0000
c5	5000	fix_noheur	frag	L1044163	1	0.3836
c5	5000	fix_noheur	frag	L1044444	0	0.4416
c5	5000	fix_noheur	frag	L1046348	3	0.4079
c5	5000	fix_noheur	frag	L1046966	0	0.5576
c5	5000	fix_noheur	frag	L957565	0	0.3527
c5	5000	fix_noheur	frag	L960419	1	0.4012
c5	5000	fix_noheur	frag	L962289	2	0.7947
c5	5000	fix_noheur	frag	L962680	0	0.8749
c5	5000	fix_noheur	frag	L967795	1	0.3952
c5	5000	fix_noheur	frag	L968437	0	1.0000
c5	5000	fix_noheur	frag	L969615	1	0.3415
c5	5000	fix_noheur	frag	L970400	1	0.3935
c5	5000	fix_noheur	frag	L972698	0	1.0000
c5	5000	fix_noheur	frag	L986820	1	0.4786
c5	5000	fix_noheur	frag	L994491	0	0.7896
c5	5000	fix_noheur	frag	L997717	0	0.3373
c5	5000	noheur	frag	L1002585	14	1.0000
c5	5000	noheur	frag	L1016849	24	1.0000
c5	5000	noheur	frag	L1024044	25	1.0000
c5	5000	noheur	frag	L1036266	17	1.0000
c5	5000	noheur	frag	L1036426	17	1.0000
c5	5000	noheur	frag	L1044163	13	1.0000
c5	5000	noheur	frag	L1044444	14	1.0000
c5	5000	noheur	frag	L1046348	19	1.0000
c5	5000	noheur	frag	L1046966	18	1.0000
c5	5000	noheur	frag	L957565	13	1.0000
c5	5000	noheur	frag	L960419	23	1.0000
c5	5000	noheur	frag	L962289	17	1.0000
c5	5000	noheur	frag	L962680	19	1.0000
c5	5000	noheur	frag	L967795	21	1.0000
c5	5000	noheur	frag	L968437	21	1.0000
c5	5000	noheur	frag	L969615	19	1.0000
c5	5000	noheur	frag	L970400	15	1.0000
c5	5000	noheur	frag	L972698	21	1.0000
c5	5000	noheur	frag	L986820	1	0.4786
c5	5000	noheur	frag	L994491	18	1.0000
c5	5000	noheur	frag	L997717	19	1.0000
c5	5000	nopremask	frag	L994491	0	0.9423
c5	5000	nopremask	frag	L986820	0	0.3723
c5	5000	nopremask	frag	L997717	1	0.3211
c5	5000	nopremask	frag	L957565	1	0.4418
c5	5000	nopremask	frag	L960419	1	0.4824
c5	5000	nopremask	frag	L967795	1	0.2842
c5	5000	nopremask	frag	L968437	0	1.0000
c5	5000	nopremask	frag	L969615	0	0.2706
c5	5000	nopremask	frag	L970400	1	0.4518
c5	5000	nopremask	frag	L972698	0	1.0000
c5	5000	nopremask	frag	L962289	2	0.7607
c5	5000	nopremask	frag	L962680	0	0.8816
c5	5000	nopremask	frag	L1046966	0	0.6426
c5	5000	nopremask	frag	L1044163	1	0.3583
c5	5000	nopremask	frag	L1044444	0	0.4570
c5	5000	nopremask	frag	L1046348	0	0.3129
c5	5000	nopremask	frag	L1036266	0	0.9511
c5	5000	nopremask	frag	L1036426	0	1.0000
c5	5000	nopremask	frag	L1024044	0	0.3792
c5	5000	nopremask	frag	L1016849	0	0.9147
c5	5000	nopremask	frag	L1002585	0	0.9400
c5	5000	pplacer	frag	L1024044	0	0.4846
c5	5000	pplacer	frag	L1036426	0	1.0000
c5	5000	pplacer	frag	L986820	1	0.3343
c5	5000	pplacer	frag	L967795	1	0.2969
c5	5000	pplacer	frag	L1046348	0	0.3156
c5	5000	pplacer	frag	L962680	0	0.9049
c5	5000	pplacer	frag	L969615	1	0.3648
c5	5000	pplacer	frag	L970400	0	0.3235
c5	5000	pplacer	frag	L1016849	0	0.9364
c5	5000	pplacer	frag	L957565	1	0.4115
c5	5000	pplacer	frag	L960419	1	0.4475
c5	5000	pplacer	frag	L997717	1	0.2765
c5	5000	pplacer	frag	L994491	0	0.9390
c5	5000	pplacer	frag	L1044444	1	0.5316
c5	5000	pplacer	frag	L1002585	0	0.9120
c5	5000	pplacer	frag	L1036266	0	1.0000
c5	5000	pplacer	frag	L972698	0	1.0000
c5	5000	pplacer	frag	L968437	0	1.0000
c5	5000	pplacer	frag	L962289	2	0.7724
c5	5000	pplacer	frag	L1046966	0	0.6815
c5	5000	pplacer	frag	L1044163	1	0.2897
c5	5000	pplacer	full	L994491	0	1.0000
c5	5000	pplacer	full	L1036426	0	1.0000
c5	5000	pplacer	full	L969615	0	0.3341
c5	5000	pplacer	full	L986820	0	0.9448
c5	5000	pplacer	full	L962680	0	1.0000
c5	5000	pplacer	full	L970400	0	0.9786
c5	5000	pplacer	full	L1046348	0	1.0000
c5	5000	pplacer	full	L1044444	0	1.0000
c5	5000	pplacer	full	L1002585	0	1.0000
c5	5000	pplacer	full	L972698	0	1.0000
c5	5000	pplacer	full	L1044163	1	0.5011
c5	5000	pplacer	full	L957565	0	1.0000
c5	5000	pplacer	full	L1024044	0	1.0000
c5	5000	pplacer	full	L962289	0	0.9543
c5	5000	pplacer	full	L967795	0	0.7706
c5	5000	pplacer	full	L960419	0	1.0000
c5	5000	pplacer	full	L1016849	0	1.0000
c5	5000	pplacer	full	L997717	0	0.8765
c5	5000	pplacer	full	L1036266	0	1.0000
c5	5000	pplacer	full	L968437	0	1.0000
c5	5000	pplacer	full	L1046966	0	1.0000
c5	5000	rs_on	frag	L994491	2	1.0000
c5	5000	rs_on	frag	L986820	1	0.4789
c5	5000	rs_on	frag	L997717	2	0.9493
c5	5000	rs_on	frag	L957565	1	1.0000
c5	5000	rs_on	frag	L960419	1	0.9306
c5	5000	rs_on	frag	L967795	2	1.0000
c5	5000	rs_on	frag	L968437	0	1.0000
c5	5000	rs_on	frag	L969615	1	0.4214
c5	5000	rs_on	frag	L970400	1	0.9986
c5	5000	rs_on	frag	L972698	0	1.0000
c5	5000	rs_on	frag	L962289	2	1.0000
c5	5000	rs_on	frag	L962680	0	0.9999
c5	5000	rs_on	frag	L1046966	3	1.0000
c5	5000	rs_on	frag	L1044163	0	0.9981
c5	5000	rs_on	frag	L1044444	2	1.0000
c5	5000	rs_on	frag	L1046348	3	0.6039
c5	5000	rs_on	frag	L1036266	2	1.0000
c5	5000	rs_on	frag	L1036426	0	1.0000
c5	5000	rs_on	frag	L1024044	0	0.9714
c5	5000	rs_on	frag	L1016849	0	0.9990
c5	5000	rs_on	frag	L1002585	0	0.8893
c5	5000	shift	frag	L994491	0	0.8596
c5	5000	shift	frag	L986820	1	0.4789
c5	5000	shift	frag	L997717	0	0.3377
c5	5000	shift	frag	L957565	0	0.3527
c5	5000	shift	frag	L960419	1	0.4012
c5	5000	shift	frag	L967795	1	0.3953
c5	5000	shift	frag	L968437	0	1.0000
c5	5000	shift	frag	L969615	1	0.3435
c5	5000	shift	frag	L970400	1	0.3988
c5	5000	shift	frag	L972698	0	1.0000
c5	5000	shift	frag	L962289	2	0.8033
c5	5000	shift	frag	L962680	0	0.8778
c5	5000	shift	frag	L1046966	0	0.5577
c5	5000	shift	frag	L1044163	1	0.3839
c5	5000	shift	frag	L1044444	0	0.4422
c5	5000	shift	frag	L1046348	3	0.4080
c5	5000	shift	frag	L1036266	0	0.8960
c5	5000	shift	frag	L1036426	0	1.0000
c5	5000	shift	frag	L1024044	0	0.3344
c5	5000	shift	frag	L1016849	0	0.9688
c5	5000	shift	frag	L1002585	0	0.9115
c5	5000	simd	frag	L994491	2	1.0000
c5	5000	simd	frag	L986820	1	0.4789
c5	5000	simd	frag	L997717	2	0.9493
c5	5000	simd	frag	L957565	1	1.0000
c5	5000	simd	frag	L960419	1	0.9306
c5	5000	simd	frag	L967795	2	1.0000
c5	5000	simd	frag	L968437	0	1.0000
c5	5000	simd	frag	L969615	1	0.4214
c5	5000	simd	frag	L970400	1	0.9986
c5	5000	simd	frag	L972698	0	1.0000
c5	5000	simd	frag	L962289	2	1.0000
c5	5000	simd	frag	L962680	0	0.9999
c5	5000	simd	frag	L1046966	3	1.0000
c5	5000	simd	frag	L1044163	0	0.9981
c5	5000	simd	frag	L1044444	2	1.0000
c5	5000	simd	frag	L1046348	3	0.6039
c5	5000	simd	frag	L1036266	2	1.0000
c5	5000	simd	frag	L1036426	0	1.0000
c5	5000	simd	frag	L1024044	0	0.9714
c5	5000	simd	frag	L1016849	0	0.9990
c5	5000	simd	frag	L1002585	0	0.8893
c6	1000	auto	frag	L555925	0	0.9935
c6	1000	auto	frag	L1341334	0	1.0000
c6	1000	auto	frag	L1328601	0	0.8521
c6	1000	auto	frag	L1321139	1	0.1676
c6	1000	auto	frag	L1319261	1	0.3472
c6	1000	auto	frag	L1320029	3	0.5443
c6	1000	auto	frag	L1325043	0	1.0000
c6	1000	auto	frag	L1334727	0	0.2337
c6	1000	auto	frag	L1334204	0	0.7633
c6	1000	auto	frag	L681852	0	0.4452
c6	1000	auto	frag	L666180	1	0.4240
c6	1000	auto	frag	L1298142	0	1.0000
c6	1000	auto	frag	L1297512	0	0.8004
c6	1000	auto	frag	L1299862	0	1.0000
c6	1000	auto	frag	L774738	0	1.0000
c6	1000	auto	frag	L762771	0	0.2042
c6	1000	auto	frag	L764916	0	0.7698
c6	1000	auto	frag	L774588	0	1.0000
c6	1000	auto	frag	L1309046	0	0.4470
c6	1000	auto	frag	L174176	3	0.8477
c6	1000	auto	frag	L1314993	1	0.6715
c6	1000	auto	full	L555925	0	1.0000
c6	1000	auto	full	L1341334	0	1.0000
c6	1000	auto	full	L1328601	0	1.0000
c6	1000	auto	full	L1319261	1	1.0000
c6	1000	auto	full	L1320029	1	0.5124
c6	1000	auto	full	L1321139	1	0.9325
c6	1000	auto	full	L1325043	0	1.0000
c6	1000	auto	full	L1334204	0	1.0000
c6	1000	auto	full	L1334727	0	1.0000
c6	1000	auto	full	L681852	0	1.0000
c6	1000	auto	full	L666180	0	1.0000
c6	1000	auto	full	L1298142	0	1.0000
c6	1000	auto	full	L1297512	0	1.0000
c6	1000	auto	full	L1299862	0	1.0000
c6	1000	auto	full	L774738	0	1.0000
c6	1000	auto	full	L762771	0	0.8440
c6	1000	auto	full	L764916	0	0.9999
c6	1000	auto	full	L774588	0	1.0000
c6	1000	auto	full	L1309046	0	1.0000
c6	1000	auto	full	L174176	1	0.9662
c6	1000	auto	full	L1314993	0	1.0000
c6	1000	diagcpu	frag	L555925	0	0.9935
c6	1000	diagcpu	frag	L1341334	0	1.0000
c6	1000	diagcpu	frag	L1328601	0	0.8521
c6	1000	diagcpu	frag	L1321139	1	0.1676
c6	1000	diagcpu	frag	L1319261	1	0.3472
c6	1000	diagcpu	frag	L1320029	3	0.5443
c6	1000	diagcpu	frag	L1325043	0	1.0000
c6	1000	diagcpu	frag	L1334727	0	0.2337
c6	1000	diagcpu	frag	L1334204	0	0.7633
c6	1000	diagcpu	frag	L681852	0	0.4452
c6	1000	diagcpu	frag	L666180	1	0.4240
c6	1000	diagcpu	frag	L1298142	0	1.0000
c6	1000	diagcpu	frag	L1297512	0	0.8004
c6	1000	diagcpu	frag	L1299862	0	1.0000
c6	1000	diagcpu	frag	L774738	0	1.0000
c6	1000	diagcpu	frag	L762771	0	0.2042
c6	1000	diagcpu	frag	L764916	0	0.7698
c6	1000	diagcpu	frag	L774588	0	1.0000
c6	1000	diagcpu	frag	L1309046	0	0.4470
c6	1000	diagcpu	frag	L174176	3	0.8477
c6	1000	diagcpu	frag	L1314993	1	0.6715
c6	1000	fix	frag	L555925	0	0.9935
c6	1000	fix	frag	L1341334	0	1.0000
c6	1000	fix	frag	L1328601	0	0.8521
c6	1000	fix	frag	L1321139	1	0.1676
c6	1000	fix	frag	L1319261	1	0.3472
c6	1000	fix	frag	L1320029	3	0.5443
c6	1000	fix	frag	L1325043	0	1.0000
c6	1000	fix	frag	L1334727	0	0.2337
c6	1000	fix	frag	L1334204	0	0.7633
c6	1000	fix	frag	L681852	0	0.4452
c6	1000	fix	frag	L666180	1	0.4240
c6	1000	fix	frag	L1298142	0	1.0000
c6	1000	fix	frag	L1297512	0	0.8004
c6	1000	fix	frag	L1299862	0	1.0000
c6	1000	fix	frag	L774738	0	1.0000
c6	1000	fix	frag	L762771	0	0.2042
c6	1000	fix	frag	L764916	0	0.7698
c6	1000	fix	frag	L774588	0	1.0000
c6	1000	fix	frag	L1309046	0	0.4470
c6	1000	fix	frag	L174176	3	0.8477
c6	1000	fix	frag	L1314993	1	0.6715
c6	1000	fix	full	L555925	0	1.0000
c6	1000	fix	full	L1341334	0	1.0000
c6	1000	fix	full	L1328601	0	1.0000
c6	1000	fix	full	L1319261	1	1.0000
c6	1000	fix	full	L1320029	1	0.5124
c6	1000	fix	full	L1321139	1	0.9325
c6	1000	fix	full	L1325043	0	1.0000
c6	1000	fix	full	L1334204	0	1.0000
c6	1000	fix	full	L1334727	0	1.0000
c6	1000	fix	full	L681852	0	1.0000
c6	1000	fix	full	L666180	0	1.0000
c6	1000	fix	full	L1298142	0	1.0000
c6	1000	fix	full	L1297512	0	1.0000
c6	1000	fix	full	L1299862	0	1.0000
c6	1000	fix	full	L774738	0	1.0000
c6	1000	fix	full	L762771	0	0.8440
c6	1000	fix	full	L764916	0	0.9999
c6	1000	fix	full	L774588	0	1.0000
c6	1000	fix	full	L1309046	0	1.0000
c6	1000	fix	full	L174176	1	0.9662
c6	1000	fix	full	L1314993	0	1.0000
c6	1000	fix_rson	frag	L555925	0	0.9935
c6	1000	fix_rson	frag	L1341334	0	1.0000
c6	1000	fix_rson	frag	L1328601	0	0.8521
c6	1000	fix_rson	frag	L1321139	1	0.1676
c6	1000	fix_rson	frag	L1319261	1	0.3472
c6	1000	fix_rson	frag	L1320029	3	0.5443
c6	1000	fix_rson	frag	L1325043	0	1.0000
c6	1000	fix_rson	frag	L1334727	0	0.2337
c6	1000	fix_rson	frag	L1334204	0	0.7633
c6	1000	fix_rson	frag	L681852	0	0.4452
c6	1000	fix_rson	frag	L666180	1	0.4240
c6	1000	fix_rson	frag	L1298142	0	1.0000
c6	1000	fix_rson	frag	L1297512	0	0.8004
c6	1000	fix_rson	frag	L1299862	0	1.0000
c6	1000	fix_rson	frag	L774738	0	1.0000
c6	1000	fix_rson	frag	L762771	0	0.2042
c6	1000	fix_rson	frag	L764916	0	0.7698
c6	1000	fix_rson	frag	L774588	0	1.0000
c6	1000	fix_rson	frag	L1309046	0	0.4470
c6	1000	fix_rson	frag	L174176	3	0.8477
c6	1000	fix_rson	frag	L1314993	1	0.6715
c6	1000	noheur	frag	L1297512	0	0.8004
c6	1000	noheur	frag	L1298142	0	1.0000
c6	1000	noheur	frag	L1299862	0	0.9999
c6	1000	noheur	frag	L1309046	0	0.4370
c6	1000	noheur	frag	L1314993	1	0.6715
c6	1000	noheur	frag	L1319261	1	0.3471
c6	1000	noheur	frag	L1320029	3	0.5438
c6	1000	noheur	frag	L1321139	1	0.1674
c6	1000	noheur	frag	L1325043	0	0.9999
c6	1000	noheur	frag	L1328601	0	0.8392
c6	1000	noheur	frag	L1334204	0	0.7633
c6	1000	noheur	frag	L1334727	0	0.2307
c6	1000	noheur	frag	L1341334	0	0.9954
c6	1000	noheur	frag	L174176	3	0.5009
c6	1000	noheur	frag	L555925	0	0.9907
c6	1000	noheur	frag	L666180	1	0.4239
c6	1000	noheur	frag	L681852	0	0.4450
c6	1000	noheur	frag	L762771	0	0.2040
c6	1000	noheur	frag	L764916	0	0.7687
c6	1000	noheur	frag	L774588	0	1.0000
c6	1000	noheur	frag	L774738	0	0.9999
c6	1000	nopremask	frag	L555925	0	0.9974
c6	1000	nopremask	frag	L1341334	0	1.0000
c6	1000	nopremask	frag	L1328601	0	0.7171
c6	1000	nopremask	frag	L1321139	2	0.1562
c6	1000	nopremask	frag	L1319261	1	0.2753
c6	1000	nopremask	frag	L1320029	3	0.4657
c6	1000	nopremask	frag	L1325043	0	1.0000
c6	1000	nopremask	frag	L1334727	0	0.3021
c6	1000	nopremask	frag	L1334204	0	0.8065
c6	1000	nopremask	frag	L681852	0	0.4710
c6	1000	nopremask	frag	L666180	1	0.4730
c6	1000	nopremask	frag	L1298142	0	1.0000
c6	1000	nopremask	frag	L1297512	0	0.7566
c6	1000	nopremask	frag	L1299862	0	1.0000
c6	1000	nopremask	frag	L774738	0	1.0000
c6	1000	nopremask	frag	L762771	0	0.2219
c6	1000	nopremask	frag	L764916	0	0.7250
c6	1000	nopremask	frag	L774588	0	1.0000
c6	1000	nopremask	frag	L1309046	0	0.6278
c6	1000	nopremask	frag	L174176	3	0.9143
c6	1000	nopremask	frag	L1314993	1	0.7999
c6	1000	pplacer	frag	L774738	0	1.0000
c6	1000	pplacer	frag	L1319261	1	0.2113
c6	1000	pplacer	frag	L1314993	1	0.7923
c6	1000	pplacer	frag	L1321139	3	0.2061
c6	1000	pplacer	frag	L681852	0	0.4427
c6	1000	pplacer	frag	L555925	0	1.0000
c6	1000	pplacer	frag	L1298142	0	1.0000
c6	1000	pplacer	frag	L666180	1	0.4250
c6	1000	pplacer	frag	L762771	1	0.3398
c6	1000	pplacer	frag	L774588	0	1.0000
c6	1000	pplacer	frag	L174176	3	0.9429
c6	1000	pplacer	frag	L1334727	0	0.2708
c6	1000	pplacer	frag	L1341334	0	1.0000
c6	1000	pplacer	frag	L1309046	0	0.6250
c6	1000	pplacer	frag	L1334204	0	0.8236
c6	1000	pplacer	frag	L1299862	0	1.0000
c6	1000	pplacer	frag	L1328601	0	0.6230
c6	1000	pplacer	frag	L1320029	3	0.3076
c6	1000	pplacer	frag	L1297512	0	0.8341
c6	1000	pplacer	frag	L1325043	0	1.0000
c6	1000	pplacer	frag	L764916	0	0.5725
c6	1000	pplacer	full	L1298142	0	1.0000
c6	1000	pplacer	full	L1314993	0	1.0000
c6	1000	pplacer	full	L1328601	0	1.0000
c6	1000	pplacer	full	L1341334	0	1.0000
c6	1000	pplacer	full	L764916	0	1.0000
c6	1000	pplacer	full	L1325043	0	1.0000
c6	1000	pplacer	full	L1334727	0	1.0000
c6	1000	pplacer	full	L174176	1	1.0000
c6	1000	pplacer	full	L774588	0	1.0000
c6	1000	pplacer	full	L666180	0	1.0000
c6	1000	pplacer	full	L555925	0	1.0000
c6	1000	pplacer	full	L762771	0	0.5080
c6	1000	pplacer	full	L1334204	0	1.0000
c6	1000	pplacer	full	L1321139	1	0.8737
c6	1000	pplacer	full	L1320029	0	0.7996
c6	1000	pplacer	full	L1297512	0	1.0000
c6	1000	pplacer	full	L774738	0	1.0000
c6	1000	pplacer	full	L681852	0	1.0000
c6	1000	pplacer	full	L1319261	0	1.0000
c6	1000	pplacer	full	L1309046	0	1.0000
c6	1000	pplacer	full	L1299862	0	1.0000
c6	1000	rs_on	frag	L555925	1	1.0000
c6	1000	rs_on	frag	L1341334	0	1.0000
c6	1000	rs_on	frag	L1328601	4	1.0000
c6	1000	rs_on	frag	L1321139	1	0.1676
c6	1000	rs_on	frag	L1319261	2	1.0000
c6	1000	rs_on	frag	L1320029	2	0.9705
c6	1000	rs_on	frag	L1325043	0	1.0000
c6	1000	rs_on	frag	L1334727	2	1.0000
c6	1000	rs_on	frag	L1334204	1	1.0000
c6	1000	rs_on	frag	L681852	1	1.0000
c6	1000	rs_on	frag	L666180	0	1.0000
c6	1000	rs_on	frag	L1298142	0	1.0000
c6	1000	rs_on	frag	L1297512	1	0.8100
c6	1000	rs_on	frag	L1299862	0	1.0000
c6	1000	rs_on	frag	L774738	0	1.0000
c6	1000	rs_on	frag	L762771	4	1.0000
c6	1000	rs_on	frag	L764916	1	0.5332
c6	1000	rs_on	frag	L774588	0	1.0000
c6	1000	rs_on	frag	L1309046	2	1.0000
c6	1000	rs_on	frag	L174176	3	1.0000
c6	1000	rs_on	frag	L1314993	0	1.0000
c6	2000	auto	frag	L1341334	0	1.0000
c6	2000	auto	frag	L1328601	0	0.8567
c6	2000	auto	frag	L1321139	1	0.1783
c6	2000	auto	frag	L1319261	1	0.3553
c6	2000	auto	frag	L1320029	3	0.5307
c6	2000	auto	frag	L1325043	0	1.0000
c6	2000	auto	frag	L1334204	0	0.7118
c6	2000	auto	frag	L1334727	0	0.2437
c6	2000	auto	frag	L681852	0	0.4283
c6	2000	auto	frag	L666180	0	0.5204
c6	2000	auto	frag	L1298142	0	1.0000
c6	2000	auto	frag	L1297512	0	0.8676
c6	2000	auto	frag	L1299862	0	1.0000
c6	2000	auto	frag	L1309046	0	0.4197
c6	2000	auto	frag	L774738	0	1.0000
c6	2000	auto	frag	L762771	0	0.2059
c6	2000	auto	frag	L764916	0	0.6544
c6	2000	auto	frag	L774588	0	1.0000
c6	2000	auto	frag	L174176	3	0.7295
c6	2000	auto	frag	L1314993	1	0.4740
c6	2000	auto	frag	L555925	0	0.9969
c6	2000	auto	full	L1341334	0	1.0000
c6	2000	auto	full	L1328601	0	1.0000
c6	2000	auto	full	L1319261	1	1.0000
c6	2000	auto	full	L1320029	1	0.5139
c6	2000	auto	full	L1321139	1	0.9574
c6	2000	auto	full	L1325043	0	1.0000
c6	2000	auto	full	L1334204	0	1.0000
c6	2000	auto	full	L1334727	0	1.0000
c6	2000	auto	full	L681852	0	1.0000
c6	2000	auto	full	L666180	0	1.0000
c6	2000	auto	full	L1298142	0	1.0000
c6	2000	auto	full	L1297512	0	1.0000
c6	2000	auto	full	L1299862	0	1.0000
c6	2000	auto	full	L774738	0	1.0000
c6	2000	auto	full	L762771	0	0.8621
c6	2000	auto	full	L764916	0	0.9999
c6	2000	auto	full	L774588	0	1.0000
c6	2000	auto	full	L1309046	0	1.0000
c6	2000	auto	full	L1314993	0	1.0000
c6	2000	auto	full	L174176	2	0.6268
c6	2000	auto	full	L555925	0	1.0000
c6	2000	diagcpu	frag	L1341334	0	1.0000
c6	2000	diagcpu	frag	L1328601	0	0.8567
c6	2000	diagcpu	frag	L1321139	1	0.1783
c6	2000	diagcpu	frag	L1319261	1	0.3553
c6	2000	diagcpu	frag	L1320029	3	0.5307
c6	2000	diagcpu	frag	L1325043	0	1.0000
c6	2000	diagcpu	frag	L1334204	0	0.7118
c6	2000	diagcpu	frag	L1334727	0	0.2437
c6	2000	diagcpu	frag	L681852	0	0.4283
c6	2000	diagcpu	frag	L666180	0	0.5204
c6	2000	diagcpu	frag	L1298142	0	1.0000
c6	2000	diagcpu	frag	L1297512	0	0.8676
c6	2000	diagcpu	frag	L1299862	0	1.0000
c6	2000	diagcpu	frag	L1309046	0	0.4197
c6	2000	diagcpu	frag	L774738	0	1.0000
c6	2000	diagcpu	frag	L762771	0	0.2059
c6	2000	diagcpu	frag	L764916	0	0.6544
c6	2000	diagcpu	frag	L774588	0	1.0000
c6	2000	diagcpu	frag	L174176	3	0.7295
c6	2000	diagcpu	frag	L1314993	1	0.4740
c6	2000	diagcpu	frag	L555925	0	0.9969
c6	2000	fix	frag	L1341334	0	1.0000
c6	2000	fix	frag	L1328601	0	0.8567
c6	2000	fix	frag	L1321139	1	0.1783
c6	2000	fix	frag	L1319261	1	0.3553
c6	2000	fix	frag	L1320029	3	0.5307
c6	2000	fix	frag	L1325043	0	1.0000
c6	2000	fix	frag	L1334204	0	0.7118
c6	2000	fix	frag	L1334727	0	0.2437
c6	2000	fix	frag	L681852	0	0.4283
c6	2000	fix	frag	L666180	0	0.5204
c6	2000	fix	frag	L1298142	0	1.0000
c6	2000	fix	frag	L1297512	0	0.8676
c6	2000	fix	frag	L1299862	0	1.0000
c6	2000	fix	frag	L1309046	0	0.4197
c6	2000	fix	frag	L774738	0	1.0000
c6	2000	fix	frag	L762771	0	0.2059
c6	2000	fix	frag	L764916	0	0.6544
c6	2000	fix	frag	L774588	0	1.0000
c6	2000	fix	frag	L174176	3	0.7295
c6	2000	fix	frag	L1314993	1	0.4740
c6	2000	fix	frag	L555925	0	0.9969
c6	2000	fix	full	L1341334	0	1.0000
c6	2000	fix	full	L1328601	0	1.0000
c6	2000	fix	full	L1319261	1	1.0000
c6	2000	fix	full	L1320029	1	0.5139
c6	2000	fix	full	L1321139	1	0.9574
c6	2000	fix	full	L1325043	0	1.0000
c6	2000	fix	full	L1334204	0	1.0000
c6	2000	fix	full	L1334727	0	1.0000
c6	2000	fix	full	L681852	0	1.0000
c6	2000	fix	full	L666180	0	1.0000
c6	2000	fix	full	L1298142	0	1.0000
c6	2000	fix	full	L1297512	0	1.0000
c6	2000	fix	full	L1299862	0	1.0000
c6	2000	fix	full	L774738	0	1.0000
c6	2000	fix	full	L762771	0	0.8621
c6	2000	fix	full	L764916	0	0.9999
c6	2000	fix	full	L774588	0	1.0000
c6	2000	fix	full	L1309046	0	1.0000
c6	2000	fix	full	L1314993	0	1.0000
c6	2000	fix	full	L174176	2	0.6268
c6	2000	fix	full	L555925	0	1.0000
c6	2000	fix_noheur	frag	L1297512	0	0.8676
c6	2000	fix_noheur	frag	L1298142	0	1.0000
c6	2000	fix_noheur	frag	L1299862	0	0.9997
c6	2000	fix_noheur	frag	L1309046	0	0.4095
c6	2000	fix_noheur	frag	L1314993	1	0.4740
c6	2000	fix_noheur	frag	L1319261	1	0.3552
c6	2000	fix_noheur	frag	L1320029	3	0.5302
c6	2000	fix_noheur	frag	L1321139	1	0.1779
c6	2000	fix_noheur	frag	L1325043	0	0.9998
c6	2000	fix_noheur	frag	L1328601	0	0.8433
c6	2000	fix_noheur	frag	L1334204	0	0.7118
c6	2000	fix_noheur	frag	L1334727	0	0.2335
c6	2000	fix_noheur	frag	L1341334	0	0.9961
c6	2000	fix_noheur	frag	L174176	3	0.5139
c6	2000	fix_noheur	frag	L555925	0	0.9932
c6	2000	fix_noheur	frag	L666180	0	0.5202
c6	2000	fix_noheur	frag	L681852	0	0.4282
c6	2000	fix_noheur	frag	L762771	0	0.2058
c6	2000	fix_noheur	frag	L764916	0	0.6537
c6	2000	fix_noheur	frag	L774588	0	1.0000
c6	2000	fix_noheur	frag	L774738	0	1.0000
c6	2000	fix_rson	frag	L1341334	0	1.0000
c6	2000	fix_rson	frag	L1328601	0	0.8567
c6	2000	fix_rson	frag	L1321139	1	0.1783
c6	2000	fix_rson	frag	L1319261	1	0.3553
c6	2000	fix_rson	frag	L1320029	3	0.5307
c6	2000	fix_rson	frag	L1325043	0	1.0000
c6	2000	fix_rson	frag	L1334204	0	0.7118
c6	2000	fix_rson	frag	L1334727	0	0.2437
c6	2000	fix_rson	frag	L681852	0	0.4283
c6	2000	fix_rson	frag	L666180	0	0.5204
c6	2000	fix_rson	frag	L1298142	0	1.0000
c6	2000	fix_rson	frag	L1297512	0	0.8676
c6	2000	fix_rson	frag	L1299862	0	1.0000
c6	2000	fix_rson	frag	L1309046	0	0.4197
c6	2000	fix_rson	frag	L774738	0	1.0000
c6	2000	fix_rson	frag	L762771	0	0.2059
c6	2000	fix_rson	frag	L764916	0	0.6544
c6	2000	fix_rson	frag	L774588	0	1.0000
c6	2000	fix_rson	frag	L174176	3	0.7295
c6	2000	fix_rson	frag	L1314993	1	0.4740
c6	2000	fix_rson	frag	L555925	0	0.9969
c6	2000	noheur	frag	L1297512	0	0.8676
c6	2000	noheur	frag	L1298142	0	1.0000
c6	2000	noheur	frag	L1299862	0	0.9997
c6	2000	noheur	frag	L1309046	0	0.4095
c6	2000	noheur	frag	L1314993	1	0.4740
c6	2000	noheur	frag	L1319261	1	0.3552
c6	2000	noheur	frag	L1320029	3	0.5302
c6	2000	noheur	frag	L1321139	1	0.1779
c6	2000	noheur	frag	L1325043	0	0.9998
c6	2000	noheur	frag	L1328601	0	0.8433
c6	2000	noheur	frag	L1334204	0	0.7118
c6	2000	noheur	frag	L1334727	0	0.2335
c6	2000	noheur	frag	L1341334	0	0.9961
c6	2000	noheur	frag	L174176	3	0.5139
c6	2000	noheur	frag	L555925	0	0.9932
c6	2000	noheur	frag	L666180	0	0.5202
c6	2000	noheur	frag	L681852	0	0.4282
c6	2000	noheur	frag	L762771	0	0.2058
c6	2000	noheur	frag	L764916	0	0.6537
c6	2000	noheur	frag	L774588	0	1.0000
c6	2000	noheur	frag	L774738	0	1.0000
c6	2000	nopremask	frag	L1341334	0	1.0000
c6	2000	nopremask	frag	L1328601	0	0.7057
c6	2000	nopremask	frag	L1321139	2	0.1943
c6	2000	nopremask	frag	L1319261	1	0.2547
c6	2000	nopremask	frag	L1320029	3	0.4595
c6	2000	nopremask	frag	L1325043	0	1.0000
c6	2000	nopremask	frag	L1334204	0	0.7342
c6	2000	nopremask	frag	L1334727	1	0.2430
c6	2000	nopremask	frag	L681852	0	0.4092
c6	2000	nopremask	frag	L666180	0	0.5176
c6	2000	nopremask	frag	L1298142	0	1.0000
c6	2000	nopremask	frag	L1297512	0	0.8312
c6	2000	nopremask	frag	L1299862	0	1.0000
c6	2000	nopremask	frag	L1309046	0	0.6069
c6	2000	nopremask	frag	L774738	0	1.0000
c6	2000	nopremask	frag	L762771	0	0.2367
c6	2000	nopremask	frag	L764916	0	0.5925
c6	2000	nopremask	frag	L774588	0	1.0000
c6	2000	nopremask	frag	L174176	3	0.8281
c6	2000	nopremask	frag	L1314993	1	0.7195
c6	2000	nopremask	frag	L555925	0	0.9987
c6	2000	pplacer	frag	L774738	0	1.0000
c6	2000	pplacer	frag	L1319261	1	0.2089
c6	2000	pplacer	frag	L1314993	1	0.7913
c6	2000	pplacer	frag	L1321139	3	0.2028
c6	2000	pplacer	frag	L681852	0	0.4451
c6	2000	pplacer	frag	L555925	0	1.0000
c6	2000	pplacer	frag	L1298142	0	1.0000
c6	2000	pplacer	frag	L666180	1	0.4129
c6	2000	pplacer	frag	L762771	1	0.3604
c6	2000	pplacer	frag	L774588	0	1.0000
c6	2000	pplacer	frag	L174176	3	0.9620
c6	2000	pplacer	frag	L1334727	0	0.2204
c6	2000	pplacer	frag	L1341334	0	1.0000
c6	2000	pplacer	frag	L1309046	0	0.6172
c6	2000	pplacer	frag	L1334204	0	0.7977
c6	2000	pplacer	frag	L1299862	0	1.0000
c6	2000	pplacer	frag	L1328601	0	0.6250
c6	2000	pplacer	frag	L1320029	3	0.3129
c6	2000	pplacer	frag	L1297512	0	0.8370
c6	2000	pplacer	frag	L1325043	0	1.0000
c6	2000	pplacer	frag	L764916	0	0.5736
c6	2000	pplacer	full	L1298142	0	1.0000
c6	2000	pplacer	full	L1314993	0	1.0000
c6	2000	pplacer	full	L1328601	0	1.0000
c6	2000	pplacer	full	L1341334	0	1.0000
c6	2000	pplacer	full	L764916	0	1.0000
c6	2000	pplacer	full	L1325043	0	1.0000
c6	2000	pplacer	full	L1334727	0	1.0000
c6	2000	pplacer	full	L174176	1	1.0000
c6	2000	pplacer	full	L774588	0	1.0000
c6	2000	pplacer	full	L666180	0	1.0000
c6	2000	pplacer	full	L555925	0	1.0000
c6	2000	pplacer	full	L762771	0	0.5615
c6	2000	pplacer	full	L1334204	0	1.0000
c6	2000	pplacer	full	L1321139	1	0.8889
c6	2000	pplacer	full	L1320029	0	0.8087
c6	2000	pplacer	full	L1297512	0	1.0000
c6	2000	pplacer	full	L774738	0	1.0000
c6	2000	pplacer	full	L681852	0	1.0000
c6	2000	pplacer	full	L1319261	0	1.0000
c6	2000	pplacer	full	L1309046	0	1.0000
c6	2000	pplacer	full	L1299862	0	1.0000
c6	2000	rs_on	frag	L1341334	0	1.0000
c6	2000	rs_on	frag	L1328601	0	1.0000
c6	2000	rs_on	frag	L1321139	1	0.1783
c6	2000	rs_on	frag	L1319261	1	1.0000
c6	2000	rs_on	frag	L1320029	2	0.9481
c6	2000	rs_on	frag	L1325043	0	1.0000
c6	2000	rs_on	frag	L1334204	0	0.5010
c6	2000	rs_on	frag	L1334727	2	0.9982
c6	2000	rs_on	frag	L681852	2	1.0000
c6	2000	rs_on	frag	L666180	2	1.0000
c6	2000	rs_on	frag	L1298142	0	1.0000
c6	2000	rs_on	frag	L1297512	1	1.0000
c6	2000	rs_on	frag	L1299862	0	1.0000
c6	2000	rs_on	frag	L1309046	2	0.9962
c6	2000	rs_on	frag	L774738	0	1.0000
c6	2000	rs_on	frag	L762771	3	0.9554
c6	2000	rs_on	frag	L764916	1	1.0000
c6	2000	rs_on	frag	L774588	0	1.0000
c6	2000	rs_on	frag	L174176	3	1.0000
c6	2000	rs_on	frag	L1314993	0	1.0000
c6	2000	rs_on	frag	L555925	1	1.0000
c6	3000	auto	frag	L1341334	0	1.0000
c6	3000	auto	frag	L1328601	0	0.9907
c6	3000	auto	frag	L1321139	1	0.3347
c6	3000	auto	frag	L1319261	0	1.0000
c6	3000	auto	frag	L1320029	6	1.0000
c6	3000	auto	frag	L1325043	0	1.0000
c6	3000	auto	frag	L1334204	0	1.0000
c6	3000	auto	frag	L1334727	3	1.0000
c6	3000	auto	frag	L681852	1	0.7818
c6	3000	auto	frag	L666180	2	1.0000
c6	3000	auto	frag	L1298142	0	1.0000
c6	3000	auto	frag	L1297512	1	1.0000
c6	3000	auto	frag	L1299862	0	1.0000
c6	3000	auto	frag	L1309046	1	1.0000
c6	3000	auto	frag	L774738	0	1.0000
c6	3000	auto	frag	L762771	4	1.0000
c6	3000	auto	frag	L764916	0	0.9685
c6	3000	auto	frag	L774588	0	1.0000
c6	3000	auto	frag	L174176	3	1.0000
c6	3000	auto	frag	L1314993	1	0.9029
c6	3000	auto	frag	L555925	0	1.0000
c6	3000	auto	full	L1341334	0	1.0000
c6	3000	auto	full	L1328601	0	1.0000
c6	3000	auto	full	L1319261	1	1.0000
c6	3000	auto	full	L1320029	1	0.5166
c6	3000	auto	full	L1321139	0	1.0000
c6	3000	auto	full	L1325043	0	1.0000
c6	3000	auto	full	L1334204	0	1.0000
c6	3000	auto	full	L1334727	0	1.0000
c6	3000	auto	full	L681852	0	1.0000
c6	3000	auto	full	L666180	0	1.0000
c6	3000	auto	full	L1298142	0	1.0000
c6	3000	auto	full	L1297512	0	1.0000
c6	3000	auto	full	L1299862	0	1.0000
c6	3000	auto	full	L774738	0	1.0000
c6	3000	auto	full	L762771	0	0.8779
c6	3000	auto	full	L764916	0	0.9999
c6	3000	auto	full	L774588	0	1.0000
c6	3000	auto	full	L1309046	0	1.0000
c6	3000	auto	full	L1314993	0	1.0000
c6	3000	auto	full	L174176	1	0.9947
c6	3000	auto	full	L555925	0	1.0000
c6	3000	fix	frag	L1341334	0	1.0000
c6	3000	fix	frag	L1328601	0	0.8216
c6	3000	fix	frag	L1321139	1	0.3347
c6	3000	fix	frag	L1319261	1	0.3478
c6	3000	fix	frag	L1320029	3	0.4892
c6	3000	fix	frag	L1325043	0	1.0000
c6	3000	fix	frag	L1334204	0	0.6973
c6	3000	fix	frag	L1334727	0	0.2598
c6	3000	fix	frag	L681852	0	0.4250
c6	3000	fix	frag	L666180	0	0.5266
c6	3000	fix	frag	L1298142	0	1.0000
c6	3000	fix	frag	L1297512	0	0.8597
c6	3000	fix	frag	L1299862	0	1.0000
c6	3000	fix	frag	L1309046	0	0.4446
c6	3000	fix	frag	L774738	0	1.0000
c6	3000	fix	frag	L762771	0	0.2158
c6	3000	fix	frag	L764916	0	0.6298
c6	3000	fix	frag	L774588	0	1.0000
c6	3000	fix	frag	L174176	3	0.7280
c6	3000	fix	frag	L1314993	1	0.5061
c6	3000	fix	frag	L555925	0	0.9974
c6	3000	fix	full	L1341334	0	1.0000
c6	3000	fix	full	L1328601	0	1.0000
c6	3000	fix	full	L1319261	1	1.0000
c6	3000	fix	full	L1320029	1	0.5166
c6	3000	fix	full	L1321139	0	1.0000
c6	3000	fix	full	L1325043	0	1.0000
c6	3000	fix	full	L1334204	0	1.0000
c6	3000	fix	full	L1334727	0	1.0000
c6	3000	fix	full	L681852	0	1.0000
c6	3000	fix	full	L666180	0	1.0000
c6	3000	fix	full	L1298142	0	1.0000
c6	3000	fix	full	L1297512	0	1.0000
c6	3000	fix	full	L1299862	0	1.0000
c6	3000	fix	full	L774738	0	1.0000
c6	3000	fix	full	L762771	0	0.8779
c6	3000	fix	full	L764916	0	0.9999
c6	3000	fix	full	L774588	0	1.0000
c6	3000	fix	full	L1309046	0	1.0000
c6	3000	fix	full	L1314993	0	1.0000
c6	3000	fix	full	L174176	1	0.9947
c6	3000	fix	full	L555925	0	1.0000
c6	3000	fix_noheur	frag	L1297512	0	0.8597
c6	3000	fix_noheur	frag	L1298142	0	1.0000
c6	3000	fix_noheur	frag	L1299862	0	0.9999
c6	3000	fix_noheur	frag	L1309046	0	0.4312
c6	3000	fix_noheur	frag	L1314993	1	0.5060
c6	3000	fix_noheur	frag	L1319261	1	0.3478
c6	3000	fix_noheur	frag	L1320029	3	0.4880
c6	3000	fix_noheur	frag	L1321139	1	0.3188
c6	3000	fix_noheur	frag	L1325043	0	0.9998
c6	3000	fix_noheur	frag	L1328601	0	0.8130
c6	3000	fix_noheur	frag	L1334204	0	0.6973
c6	3000	fix_noheur	frag	L1334727	0	0.2461
c6	3000	fix_noheur	frag	L1341334	0	0.9967
c6	3000	fix_noheur	frag	L174176	3	0.5039
c6	3000	fix_noheur	frag	L555925	0	0.9942
c6	3000	fix_noheur	frag	L666180	0	0.5265
c6	3000	fix_noheur	frag	L681852	0	0.4248
c6	3000	fix_noheur	frag	L762771	0	0.2158
c6	3000	fix_noheur	frag	L764916	0	0.6291
c6	3000	fix_noheur	frag	L774588	0	1.0000
c6	3000	fix_noheur	frag	L774738	0	0.9999
c6	3000	noheur	frag	L1297512	15	1.0000
c6	3000	noheur	frag	L1298142	4	1.0000
c6	3000	noheur	frag	L1299862	30	1.0000
c6	3000	noheur	frag	L1309046	17	1.0000
c6	3000	noheur	frag	L1314993	13	1.0000
c6	3000	noheur	frag	L1319261	13	1.0000
c6	3000	noheur	frag	L1320029	11	1.0000
c6	3000	noheur	frag	L1321139	1	0.3188
c6	3000	noheur	frag	L1325043	21	0.9628
c6	3000	noheur	frag	L1328601	20	0.9420
c6	3000	noheur	frag	L1334204	16	1.0000
c6	3000	noheur	frag	L1334727	11	1.0000
c6	3000	noheur	frag	L1341334	4	1.0000
c6	3000	noheur	frag	L174176	6	1.0000
c6	3000	noheur	frag	L555925	11	1.0000
c6	3000	noheur	frag	L666180	27	1.0000
c6	3000	noheur	frag	L681852	10	1.0000
c6	3000	noheur	frag	L762771	16	1.0000
c6	3000	noheur	frag	L764916	19	1.0000
c6	3000	noheur	frag	L774588	20	0.7204
c6	3000	noheur	frag	L774738	6	1.0000
c6	3000	nopremask	frag	L1341334	0	1.0000
c6	3000	nopremask	frag	L1328601	0	0.6775
c6	3000	nopremask	frag	L1321139	0	0.6365
c6	3000	nopremask	frag	L1319261	1	0.2555
c6	3000	nopremask	frag	L1320029	3	0.3840
c6	3000	nopremask	frag	L1325043	0	1.0000
c6	3000	nopremask	frag	L1334204	0	0.6775
c6	3000	nopremask	frag	L1334727	1	0.2207
c6	3000	nopremask	frag	L681852	0	0.4745
c6	3000	nopremask	frag	L666180	0	0.4965
c6	3000	nopremask	frag	L1298142	0	1.0000
c6	3000	nopremask	frag	L1297512	0	0.8252
c6	3000	nopremask	frag	L1299862	0	1.0000
c6	3000	nopremask	frag	L1309046	0	0.5795
c6	3000	nopremask	frag	L774738	0	1.0000
c6	3000	nopremask	frag	L762771	1	0.2396
c6	3000	nopremask	frag	L764916	0	0.4702
c6	3000	nopremask	frag	L774588	0	1.0000
c6	3000	nopremask	frag	L174176	3	0.8206
c6	3000	nopremask	frag	L1314993	1	0.7694
c6	3000	nopremask	frag	L555925	0	0.9990
c6	3000	pplacer	frag	L774738	0	1.0000
c6	3000	pplacer	frag	L1319261	1	0.2113
c6	3000	pplacer	frag	L1314993	1	0.7899
c6	3000	pplacer	frag	L1321139	0	0.4656
c6	3000	pplacer	frag	L681852	0	0.4443
c6	3000	pplacer	frag	L555925	0	1.0000
c6	3000	pplacer	frag	L1298142	0	1.0000
c6	3000	pplacer	frag	L666180	1	0.4102
c6	3000	pplacer	frag	L762771	1	0.3696
c6	3000	pplacer	frag	L774588	0	1.0000
c6	3000	pplacer	frag	L174176	3	0.9376
c6	3000	pplacer	frag	L1334727	2	0.2054
c6	3000	pplacer	frag	L1341334	0	1.0000
c6	3000	pplacer	frag	L1309046	0	0.6113
c6	3000	pplacer	frag	L1334204	0	0.7976
c6	3000	pplacer	frag	L1299862	0	1.0000
c6	3000	pplacer	frag	L1328601	0	0.6251
c6	3000	pplacer	frag	L1320029	0	0.2746
c6	3000	pplacer	frag	L1297512	0	0.8379
c6	3000	pplacer	frag	L1325043	0	1.0000
c6	3000	pplacer	frag	L764916	0	0.5734
c6	3000	rs_off	frag	L1341334	0	1.0000
c6	3000	rs_off	frag	L1328601	0	0.8216
c6	3000	rs_off	frag	L1321139	1	0.3347
c6	3000	rs_off	frag	L1319261	1	0.3478
c6	3000	rs_off	frag	L1320029	3	0.4892
c6	3000	rs_off	frag	L1325043	0	1.0000
c6	3000	rs_off	frag	L1334204	0	0.6973
c6	3000	rs_off	frag	L1334727	0	0.2598
c6	3000	rs_off	frag	L681852	0	0.4250
c6	3000	rs_off	frag	L666180	0	0.5266
c6	3000	rs_off	frag	L1298142	0	1.0000
c6	3000	rs_off	frag	L1297512	0	0.8597
c6	3000	rs_off	frag	L1299862	0	1.0000
c6	3000	rs_off	frag	L1309046	0	0.4446
c6	3000	rs_off	frag	L774738	0	1.0000
c6	3000	rs_off	frag	L762771	0	0.2158
c6	3000	rs_off	frag	L764916	0	0.6298
c6	3000	rs_off	frag	L774588	0	1.0000
c6	3000	rs_off	frag	L174176	3	0.7280
c6	3000	rs_off	frag	L1314993	1	0.5061
c6	3000	rs_off	frag	L555925	0	0.9974
c6	3000	rs_on	frag	L1341334	0	1.0000
c6	3000	rs_on	frag	L1328601	0	0.9907
c6	3000	rs_on	frag	L1321139	1	0.3347
c6	3000	rs_on	frag	L1319261	0	1.0000
c6	3000	rs_on	frag	L1320029	6	1.0000
c6	3000	rs_on	frag	L1325043	0	1.0000
c6	3000	rs_on	frag	L1334204	0	1.0000
c6	3000	rs_on	frag	L1334727	3	1.0000
c6	3000	rs_on	frag	L681852	1	0.7818
c6	3000	rs_on	frag	L666180	2	1.0000
c6	3000	rs_on	frag	L1298142	0	1.0000
c6	3000	rs_on	frag	L1297512	1	1.0000
c6	3000	rs_on	frag	L1299862	0	1.0000
c6	3000	rs_on	frag	L1309046	1	1.0000
c6	3000	rs_on	frag	L774738	0	1.0000
c6	3000	rs_on	frag	L762771	4	1.0000
c6	3000	rs_on	frag	L764916	0	0.9685
c6	3000	rs_on	frag	L774588	0	1.0000
c6	3000	rs_on	frag	L174176	3	1.0000
c6	3000	rs_on	frag	L1314993	1	0.9029
c6	3000	rs_on	frag	L555925	0	1.0000
c6	3000	shift	frag	L1341334	0	1.0000
c6	3000	shift	frag	L1328601	0	0.8216
c6	3000	shift	frag	L1321139	1	0.3347
c6	3000	shift	frag	L1319261	1	0.3478
c6	3000	shift	frag	L1320029	3	0.4892
c6	3000	shift	frag	L1325043	0	1.0000
c6	3000	shift	frag	L1334204	0	0.6973
c6	3000	shift	frag	L1334727	0	0.2598
c6	3000	shift	frag	L681852	0	0.4250
c6	3000	shift	frag	L666180	0	0.5266
c6	3000	shift	frag	L1298142	0	1.0000
c6	3000	shift	frag	L1297512	0	0.8597
c6	3000	shift	frag	L1299862	0	1.0000
c6	3000	shift	frag	L1309046	0	0.4446
c6	3000	shift	frag	L774738	0	1.0000
c6	3000	shift	frag	L762771	0	0.2158
c6	3000	shift	frag	L764916	0	0.6298
c6	3000	shift	frag	L774588	0	1.0000
c6	3000	shift	frag	L174176	3	0.7280
c6	3000	shift	frag	L1314993	1	0.5061
c6	3000	shift	frag	L555925	0	0.9974
c6	3000	simd	frag	L1341334	0	1.0000
c6	3000	simd	frag	L1328601	0	0.9907
c6	3000	simd	frag	L1321139	1	0.3347
c6	3000	simd	frag	L1319261	0	1.0000
c6	3000	simd	frag	L1320029	6	1.0000
c6	3000	simd	frag	L1325043	0	1.0000
c6	3000	simd	frag	L1334204	0	1.0000
c6	3000	simd	frag	L1334727	3	1.0000
c6	3000	simd	frag	L681852	1	0.7818
c6	3000	simd	frag	L666180	2	1.0000
c6	3000	simd	frag	L1298142	0	1.0000
c6	3000	simd	frag	L1297512	1	1.0000
c6	3000	simd	frag	L1299862	0	1.0000
c6	3000	simd	frag	L1309046	1	1.0000
c6	3000	simd	frag	L774738	0	1.0000
c6	3000	simd	frag	L762771	4	1.0000
c6	3000	simd	frag	L764916	0	0.9685
c6	3000	simd	frag	L774588	0	1.0000
c6	3000	simd	frag	L174176	3	1.0000
c6	3000	simd	frag	L1314993	1	0.9029
c6	3000	simd	frag	L555925	0	1.0000
c6	500	auto	frag	L555925	0	0.9991
c6	500	auto	frag	L1341334	0	1.0000
c6	500	auto	frag	L1328601	0	0.7876
c6	500	auto	frag	L1321139	1	0.1815
c6	500	auto	frag	L1319261	1	0.3634
c6	500	auto	frag	L1320029	3	0.5588
c6	500	auto	frag	L1325043	0	1.0000
c6	500	auto	frag	L1334727	0	0.7449
c6	500	auto	frag	L1334204	0	0.8580
c6	500	auto	frag	L681852	0	0.5240
c6	500	auto	frag	L666180	0	0.4278
c6	500	auto	frag	L1298142	0	1.0000
c6	500	auto	frag	L1297512	0	0.7995
c6	500	auto	frag	L1299862	0	1.0000
c6	500	auto	frag	L774738	0	1.0000
c6	500	auto	frag	L762771	0	0.2293
c6	500	auto	frag	L764916	0	0.7915
c6	500	auto	frag	L774588	0	1.0000
c6	500	auto	frag	L1309046	0	0.4158
c6	500	auto	frag	L174176	3	0.7446
c6	500	auto	frag	L1314993	1	0.6574
c6	500	auto	full	L555925	0	1.0000
c6	500	auto	full	L174176	1	0.9334
c6	500	auto	full	L1341334	0	1.0000
c6	500	auto	full	L1328601	0	1.0000
c6	500	auto	full	L1319261	1	1.0000
c6	500	auto	full	L1320029	1	0.5001
c6	500	auto	full	L1321139	1	0.9605
c6	500	auto	full	L1325043	0	1.0000
c6	500	auto	full	L1334727	0	0.9996
c6	500	auto	full	L1334204	0	1.0000
c6	500	auto	full	L681852	0	1.0000
c6	500	auto	full	L666180	0	1.0000
c6	500	auto	full	L1298142	0	1.0000
c6	500	auto	full	L1297512	0	1.0000
c6	500	auto	full	L1299862	0	1.0000
c6	500	auto	full	L774738	0	1.0000
c6	500	auto	full	L762771	0	0.7806
c6	500	auto	full	L764916	0	0.9999
c6	500	auto	full	L774588	0	1.0000
c6	500	auto	full	L1309046	0	1.0000
c6	500	auto	full	L1314993	0	1.0000
c6	500	diagcpu	frag	L555925	0	0.9991
c6	500	diagcpu	frag	L1341334	0	1.0000
c6	500	diagcpu	frag	L1328601	0	0.7876
c6	500	diagcpu	frag	L1321139	1	0.1815
c6	500	diagcpu	frag	L1319261	1	0.3634
c6	500	diagcpu	frag	L1320029	3	0.5588
c6	500	diagcpu	frag	L1325043	0	1.0000
c6	500	diagcpu	frag	L1334727	0	0.7449
c6	500	diagcpu	frag	L1334204	0	0.8580
c6	500	diagcpu	frag	L681852	0	0.5240
c6	500	diagcpu	frag	L666180	0	0.4278
c6	500	diagcpu	frag	L1298142	0	1.0000
c6	500	diagcpu	frag	L1297512	0	0.7995
c6	500	diagcpu	frag	L1299862	0	1.0000
c6	500	diagcpu	frag	L774738	0	1.0000
c6	500	diagcpu	frag	L762771	0	0.2293
c6	500	diagcpu	frag	L764916	0	0.7915
c6	500	diagcpu	frag	L774588	0	1.0000
c6	500	diagcpu	frag	L1309046	0	0.4158
c6	500	diagcpu	frag	L174176	3	0.7446
c6	500	diagcpu	frag	L1314993	1	0.6574
c6	500	fix	frag	L555925	0	0.9991
c6	500	fix	frag	L1341334	0	1.0000
c6	500	fix	frag	L1328601	0	0.7876
c6	500	fix	frag	L1321139	1	0.1815
c6	500	fix	frag	L1319261	1	0.3634
c6	500	fix	frag	L1320029	3	0.5588
c6	500	fix	frag	L1325043	0	1.0000
c6	500	fix	frag	L1334727	0	0.7449
c6	500	fix	frag	L1334204	0	0.8580
c6	500	fix	frag	L681852	0	0.5240
c6	500	fix	frag	L666180	0	0.4278
c6	500	fix	frag	L1298142	0	1.0000
c6	500	fix	frag	L1297512	0	0.7995
c6	500	fix	frag	L1299862	0	1.0000
c6	500	fix	frag	L774738	0	1.0000
c6	500	fix	frag	L762771	0	0.2293
c6	500	fix	frag	L764916	0	0.7915
c6	500	fix	frag	L774588	0	1.0000
c6	500	fix	frag	L1309046	0	0.4158
c6	500	fix	frag	L174176	3	0.7446
c6	500	fix	frag	L1314993	1	0.6574
c6	500	fix	full	L555925	0	1.0000
c6	500	fix	full	L174176	1	0.9334
c6	500	fix	full	L1341334	0	1.0000
c6	500	fix	full	L1328601	0	1.0000
c6	500	fix	full	L1319261	1	1.0000
c6	500	fix	full	L1320029	1	0.5001
c6	500	fix	full	L1321139	1	0.9605
c6	500	fix	full	L1325043	0	1.0000
c6	500	fix	full	L1334727	0	0.9996
c6	500	fix	full	L1334204	0	1.0000
c6	500	fix	full	L681852	0	1.0000
c6	500	fix	full	L666180	0	1.0000
c6	500	fix	full	L1298142	0	1.0000
c6	500	fix	full	L1297512	0	1.0000
c6	500	fix	full	L1299862	0	1.0000
c6	500	fix	full	L774738	0	1.0000
c6	500	fix	full	L762771	0	0.7806
c6	500	fix	full	L764916	0	0.9999
c6	500	fix	full	L774588	0	1.0000
c6	500	fix	full	L1309046	0	1.0000
c6	500	fix	full	L1314993	0	1.0000
c6	500	fix_rson	frag	L555925	0	0.9991
c6	500	fix_rson	frag	L1341334	0	1.0000
c6	500	fix_rson	frag	L1328601	0	0.7876
c6	500	fix_rson	frag	L1321139	1	0.1815
c6	500	fix_rson	frag	L1319261	1	0.3634
c6	500	fix_rson	frag	L1320029	3	0.5588
c6	500	fix_rson	frag	L1325043	0	1.0000
c6	500	fix_rson	frag	L1334727	0	0.7449
c6	500	fix_rson	frag	L1334204	0	0.8580
c6	500	fix_rson	frag	L681852	0	0.5240
c6	500	fix_rson	frag	L666180	0	0.4278
c6	500	fix_rson	frag	L1298142	0	1.0000
c6	500	fix_rson	frag	L1297512	0	0.7995
c6	500	fix_rson	frag	L1299862	0	1.0000
c6	500	fix_rson	frag	L774738	0	1.0000
c6	500	fix_rson	frag	L762771	0	0.2293
c6	500	fix_rson	frag	L764916	0	0.7915
c6	500	fix_rson	frag	L774588	0	1.0000
c6	500	fix_rson	frag	L1309046	0	0.4158
c6	500	fix_rson	frag	L174176	3	0.7446
c6	500	fix_rson	frag	L1314993	1	0.6574
c6	500	noheur	frag	L1297512	0	0.7995
c6	500	noheur	frag	L1298142	0	1.0000
c6	500	noheur	frag	L1299862	0	0.9997
c6	500	noheur	frag	L1309046	0	0.4089
c6	500	noheur	frag	L1314993	1	0.6574
c6	500	noheur	frag	L1319261	1	0.3634
c6	500	noheur	frag	L1320029	3	0.5583
c6	500	noheur	frag	L1321139	1	0.1811
c6	500	noheur	frag	L1325043	0	1.0000
c6	500	noheur	frag	L1328601	0	0.7826
c6	500	noheur	frag	L1334204	0	0.7557
c6	500	noheur	frag	L1334727	0	0.7263
c6	500	noheur	frag	L1341334	0	0.9951
c6	500	noheur	frag	L174176	3	0.4974
c6	500	noheur	frag	L555925	0	0.9985
c6	500	noheur	frag	L666180	0	0.4277
c6	500	noheur	frag	L681852	0	0.3548
c6	500	noheur	frag	L762771	0	0.2292
c6	500	noheur	frag	L764916	0	0.7886
c6	500	noheur	frag	L774588	0	1.0000
c6	500	noheur	frag	L774738	0	1.0000
c6	500	nopremask	frag	L555925	0	0.9998
c6	500	nopremask	frag	L1341334	0	1.0000
c6	500	nopremask	frag	L1328601	0	0.5669
c6	500	nopremask	frag	L1321139	3	0.1711
c6	500	nopremask	frag	L1319261	1	0.2704
c6	500	nopremask	frag	L1320029	3	0.4118
c6	500	nopremask	frag	L1325043	0	1.0000
c6	500	nopremask	frag	L1334727	1	0.7355
c6	500	nopremask	frag	L1334204	0	0.9424
c6	500	nopremask	frag	L681852	0	0.5582
c6	500	nopremask	frag	L666180	0	0.4694
c6	500	nopremask	frag	L1298142	0	1.0000
c6	500	nopremask	frag	L1297512	0	0.7691
c6	500	nopremask	frag	L1299862	0	1.0000
c6	500	nopremask	frag	L774738	0	1.0000
c6	500	nopremask	frag	L762771	0	0.2688
c6	500	nopremask	frag	L764916	0	0.8259
c6	500	nopremask	frag	L774588	0	1.0000
c6	500	nopremask	frag	L1309046	0	0.6339
c6	500	nopremask	frag	L174176	3	0.8493
c6	500	nopremask	frag	L1314993	1	0.8369
c6	500	pplacer	frag	L774738	0	1.0000
c6	500	pplacer	frag	L1319261	1	0.2158
c6	500	pplacer	frag	L1314993	1	0.7908
c6	500	pplacer	frag	L1321139	3	0.2126
c6	500	pplacer	frag	L681852	0	0.3858
c6	500	pplacer	frag	L555925	0	1.0000
c6	500	pplacer	frag	L1298142	0	1.0000
c6	500	pplacer	frag	L666180	0	0.4615
c6	500	pplacer	frag	L762771	1	0.2996
c6	500	pplacer	frag	L774588	0	1.0000
c6	500	pplacer	frag	L174176	3	0.9432
c6	500	pplacer	frag	L1334727	0	0.7034
c6	500	pplacer	frag	L1341334	0	1.0000
c6	500	pplacer	frag	L1309046	0	0.6193
c6	500	pplacer	frag	L1334204	0	0.7837
c6	500	pplacer	frag	L1299862	0	1.0000
c6	500	pplacer	frag	L1328601	0	0.5579
c6	500	pplacer	frag	L1320029	3	0.2794
c6	500	pplacer	frag	L1297512	0	0.8309
c6	500	pplacer	frag	L1325043	0	1.0000
c6	500	pplacer	frag	L764916	0	0.5612
c6	500	rs_on	frag	L555925	1	1.0000
c6	500	rs_on	frag	L1341334	0	1.0000
c6	500	rs_on	frag	L1328601	3	1.0000
c6	500	rs_on	frag	L1321139	1	0.1815
c6	500	rs_on	frag	L1319261	3	1.0000
c6	500	rs_on	frag	L1320029	6	1.0000
c6	500	rs_on	frag	L1325043	0	1.0000
c6	500	rs_on	frag	L1334727	3	1.0000
c6	500	rs_on	frag	L1334204	1	0.9788
c6	500	rs_on	frag	L681852	3	1.0000
c6	500	rs_on	frag	L666180	1	1.0000
c6	500	rs_on	frag	L1298142	0	1.0000
c6	500	rs_on	frag	L1297512	1	1.0000
c6	500	rs_on	frag	L1299862	0	1.0000
c6	500	rs_on	frag	L774738	0	1.0000
c6	500	rs_on	frag	L762771	3	1.0000
c6	500	rs_on	frag	L764916	0	0.9687
c6	500	rs_on	frag	L774588	0	1.0000
c6	500	rs_on	frag	L1309046	6	1.0000
c6	500	rs_on	frag	L174176	4	1.0000
c6	500	rs_on	frag	L1314993	0	0.7501
c6	5000	auto	frag	L1341334	0	1.0000
c6	5000	auto	frag	L1328601	0	0.9827
c6	5000	auto	frag	L1321139	1	0.3359
c6	5000	auto	frag	L1319261	4	1.0000
c6	5000	auto	frag	L1320029	2	0.9855
c6	5000	auto	frag	L1325043	0	1.0000
c6	5000	auto	frag	L1334204	0	1.0000
c6	5000	auto	frag	L1334727	3	1.0000
c6	5000	auto	frag	L681852	1	1.0000
c6	5000	auto	frag	L666180	2	1.0000
c6	5000	auto	frag	L1298142	0	1.0000
c6	5000	auto	frag	L1297512	0	0.9989
c6	5000	auto	frag	L1299862	0	1.0000
c6	5000	auto	frag	L774738	0	1.0000
c6	5000	auto	frag	L762771	1	1.0000
c6	5000	auto	frag	L764916	0	0.9309
c6	5000	auto	frag	L774588	0	1.0000
c6	5000	auto	frag	L1309046	1	1.0000
c6	5000	auto	frag	L174176	3	1.0000
c6	5000	auto	frag	L1314993	1	1.0000
c6	5000	auto	frag	L555925	0	1.0000
c6	5000	auto	full	L1341334	0	1.0000
c6	5000	auto	full	L1328601	0	1.0000
c6	5000	auto	full	L1319261	1	1.0000
c6	5000	auto	full	L1320029	1	0.5105
c6	5000	auto	full	L1321139	0	1.0000
c6	5000	auto	full	L1325043	0	1.0000
c6	5000	auto	full	L1334204	0	1.0000
c6	5000	auto	full	L1334727	0	1.0000
c6	5000	auto	full	L681852	0	1.0000
c6	5000	auto	full	L666180	0	1.0000
c6	5000	auto	full	L1298142	0	1.0000
c6	5000	auto	full	L1297512	0	1.0000
c6	5000	auto	full	L1299862	0	1.0000
c6	5000	auto	full	L774738	0	1.0000
c6	5000	auto	full	L762771	0	0.8830
c6	5000	auto	full	L764916	0	0.9999
c6	5000	auto	full	L774588	0	1.0000
c6	5000	auto	full	L1309046	0	1.0000
c6	5000	auto	full	L174176	4	0.4923
c6	5000	auto	full	L1314993	0	1.0000
c6	5000	auto	full	L555925	0	1.0000
c6	5000	fix	frag	L1341334	0	1.0000
c6	5000	fix	frag	L1328601	0	0.8166
c6	5000	fix	frag	L1321139	1	0.3359
c6	5000	fix	frag	L1319261	1	0.3492
c6	5000	fix	frag	L1320029	3	0.4920
c6	5000	fix	frag	L1325043	0	1.0000
c6	5000	fix	frag	L1334204	0	0.6945
c6	5000	fix	frag	L1334727	0	0.2676
c6	5000	fix	frag	L681852	0	0.4301
c6	5000	fix	frag	L666180	0	0.5083
c6	5000	fix	frag	L1298142	0	1.0000
c6	5000	fix	frag	L1297512	0	0.8540
c6	5000	fix	frag	L1299862	0	1.0000
c6	5000	fix	frag	L774738	0	1.0000
c6	5000	fix	frag	L762771	0	0.2102
c6	5000	fix	frag	L764916	0	0.7734
c6	5000	fix	frag	L774588	0	1.0000
c6	5000	fix	frag	L1309046	0	0.4171
c6	5000	fix	frag	L174176	3	0.8702
c6	5000	fix	frag	L1314993	1	0.4039
c6	5000	fix	frag	L555925	0	0.9961
c6	5000	fix	full	L1341334	0	1.0000
c6	5000	fix	full	L1328601	0	1.0000
c6	5000	fix	full	L1319261	1	1.0000
c6	5000	fix	full	L1320029	1	0.5105
c6	5000	fix	full	L1321139	0	1.0000
c6	5000	fix	full	L1325043	0	1.0000
c6	5000	fix	full	L1334204	0	1.0000
c6	5000	fix	full	L1334727	0	1.0000
c6	5000	fix	full	L681852	0	1.0000
c6	5000	fix	full	L666180	0	1.0000
c6	5000	fix	full	L1298142	0	1.0000
c6	5000	fix	full	L1297512	0	1.0000
c6	5000	fix	full	L1299862	0	1.0000
c6	5000	fix	full	L774738	0	1.0000
c6	5000	fix	full	L762771	0	0.8830
c6	5000	fix	full	L764916	0	0.9999
c6	5000	fix	full	L774588	0	1.0000
c6	5000	fix	full	L1309046	0	1.0000
c6	5000	fix	full	L174176	4	0.4923
c6	5000	fix	full	L1314993	0	1.0000
c6	5000	fix	full	L555925	0	1.0000
c6	5000	fix_noheur	frag	L1297512	0	0.8540
c6	5000	fix_noheur	frag	L1298142	0	1.0000
c6	5000	fix_noheur	frag	L1299862	0	0.9997
c6	5000	fix_noheur	frag	L1309046	0	0.4112
c6	5000	fix_noheur	frag	L1314993	1	0.4039
c6	5000	fix_noheur	frag	L1319261	1	0.3492
c6	5000	fix_noheur	frag	L1320029	3	0.4910
c6	5000	fix_noheur	frag	L1321139	1	0.3205
c6	5000	fix_noheur	frag	L1325043	0	0.9999
c6	5000	fix_noheur	frag	L1328601	0	0.8020
c6	5000	fix_noheur	frag	L1334204	0	0.6945
c6	5000	fix_noheur	frag	L1334727	0	0.2552
c6	5000	fix_noheur	frag	L1341334	0	0.9960
c6	5000	fix_noheur	frag	L174176	3	0.5423
c6	5000	fix_noheur	frag	L555925	0	0.9920
c6	5000	fix_noheur	frag	L666180	0	0.5082
c6	5000	fix_noheur	frag	L681852	0	0.4299
c6	5000	fix_noheur	frag	L762771	0	0.2102
c6	5000	fix_noheur	frag	L764916	0	0.7723
c6	5000	fix_noheur	frag	L774588	0	1.0000
c6	5000	fix_noheur	frag	L774738	0	1.0000
c6	5000	noheur	frag	L1297512	7	1.0000
c6	5000	noheur	frag	L1298142	4	1.0000
c6	5000	noheur	frag	L1299862	10	1.0000
c6	5000	noheur	frag	L1309046	11	1.0000
c6	5000	noheur	frag	L1314993	6	1.0000
c6	5000	noheur	frag	L1319261	15	1.0000
c6	5000	noheur	frag	L1320029	13	1.0000
c6	5000	noheur	frag	L1321139	1	0.3205
c6	5000	noheur	frag	L1325043	4	1.0000
c6	5000	noheur	frag	L1328601	9	1.0000
c6	5000	noheur	frag	L1334204	11	1.0000
c6	5000	noheur	frag	L1334727	7	1.0000
c6	5000	noheur	frag	L1341334	3	1.0000
c6	5000	noheur	frag	L174176	2	1.0000
c6	5000	noheur	frag	L555925	6	1.0000
c6	5000	noheur	frag	L666180	11	1.0000
c6	5000	noheur	frag	L681852	5	1.0000
c6	5000	noheur	frag	L762771	18	1.0000
c6	5000	noheur	frag	L764916	27	1.0000
c6	5000	noheur	frag	L774588	17	1.0000
c6	5000	noheur	frag	L774738	13	1.0000
c6	5000	nopremask	frag	L1341334	0	1.0000
c6	5000	nopremask	frag	L1328601	0	0.6734
c6	5000	nopremask	frag	L1321139	0	0.6208
c6	5000	nopremask	frag	L1319261	1	0.2564
c6	5000	nopremask	frag	L1320029	3	0.3760
c6	5000	nopremask	frag	L1325043	0	1.0000
c6	5000	nopremask	frag	L1334204	0	0.6775
c6	5000	nopremask	frag	L1334727	1	0.2321
c6	5000	nopremask	frag	L681852	0	0.4429
c6	5000	nopremask	frag	L666180	0	0.4842
c6	5000	nopremask	frag	L1298142	0	1.0000
c6	5000	nopremask	frag	L1297512	0	0.8173
c6	5000	nopremask	frag	L1299862	0	1.0000
c6	5000	nopremask	frag	L774738	0	1.0000
c6	5000	nopremask	frag	L762771	0	0.2408
c6	5000	nopremask	frag	L764916	0	0.6702
c6	5000	nopremask	frag	L774588	0	1.0000
c6	5000	nopremask	frag	L1309046	0	0.5162
c6	5000	nopremask	frag	L174176	3	0.9246
c6	5000	nopremask	frag	L1314993	1	0.7117
c6	5000	nopremask	frag	L555925	0	0.9988
c6	5000	pplacer	frag	L774738	0	1.0000
c6	5000	pplacer	frag	L1319261	1	0.2106
c6	5000	pplacer	frag	L1314993	1	0.7926
c6	5000	pplacer	frag	L1321139	0	0.4671
c6	5000	pplacer	frag	L681852	0	0.4472
c6	5000	pplacer	frag	L555925	0	1.0000
c6	5000	pplacer	frag	L1298142	0	1.0000
c6	5000	pplacer	frag	L666180	1	0.4101
c6	5000	pplacer	frag	L762771	1	0.3818
c6	5000	pplacer	frag	L774588	0	1.0000
c6	5000	pplacer	frag	L174176	3	0.9386
c6	5000	pplacer	frag	L1334727	2	0.2079
c6	5000	pplacer	frag	L1341334	0	1.0000
c6	5000	pplacer	frag	L1309046	0	0.6147
c6	5000	pplacer	frag	L1334204	0	0.7980
c6	5000	pplacer	frag	L1299862	0	1.0000
c6	5000	pplacer	frag	L1328601	0	0.6307
c6	5000	pplacer	frag	L1320029	0	0.2695
c6	5000	pplacer	frag	L1297512	0	0.8382
c6	5000	pplacer	frag	L1325043	0	1.0000
c6	5000	pplacer	frag	L764916	0	0.5730
c6	5000	rs_off	frag	L1341334	0	1.0000
c6	5000	rs_off	frag	L1328601	0	0.8166
c6	5000	rs_off	frag	L1321139	1	0.3359
c6	5000	rs_off	frag	L1319261	1	0.3492
c6	5000	rs_off	frag	L1320029	3	0.4920
c6	5000	rs_off	frag	L1325043	0	1.0000
c6	5000	rs_off	frag	L1334204	0	0.6945
c6	5000	rs_off	frag	L1334727	0	0.2676
c6	5000	rs_off	frag	L681852	0	0.4301
c6	5000	rs_off	frag	L666180	0	0.5083
c6	5000	rs_off	frag	L1298142	0	1.0000
c6	5000	rs_off	frag	L1297512	0	0.8540
c6	5000	rs_off	frag	L1299862	0	1.0000
c6	5000	rs_off	frag	L774738	0	1.0000
c6	5000	rs_off	frag	L762771	0	0.2102
c6	5000	rs_off	frag	L764916	0	0.7734
c6	5000	rs_off	frag	L774588	0	1.0000
c6	5000	rs_off	frag	L1309046	0	0.4171
c6	5000	rs_off	frag	L174176	3	0.8702
c6	5000	rs_off	frag	L1314993	1	0.4039
c6	5000	rs_off	frag	L555925	0	0.9961
c6	5000	shift	frag	L1341334	0	1.0000
c6	5000	shift	frag	L1328601	0	0.8166
c6	5000	shift	frag	L1321139	1	0.3359
c6	5000	shift	frag	L1319261	1	0.3492
c6	5000	shift	frag	L1320029	3	0.4920
c6	5000	shift	frag	L1325043	0	1.0000
c6	5000	shift	frag	L1334204	0	0.6945
c6	5000	shift	frag	L1334727	0	0.2676
c6	5000	shift	frag	L681852	0	0.4301
c6	5000	shift	frag	L666180	0	0.5083
c6	5000	shift	frag	L1298142	0	1.0000
c6	5000	shift	frag	L1297512	0	0.8540
c6	5000	shift	frag	L1299862	0	1.0000
c6	5000	shift	frag	L774738	0	1.0000
c6	5000	shift	frag	L762771	0	0.2102
c6	5000	shift	frag	L764916	0	0.7734
c6	5000	shift	frag	L774588	0	1.0000
c6	5000	shift	frag	L1309046	0	0.4171
c6	5000	shift	frag	L174176	3	0.8702
c6	5000	shift	frag	L1314993	1	0.4039
c6	5000	shift	frag	L555925	0	0.9961
c6	5000	simd	frag	L1341334	0	1.0000
c6	5000	simd	frag	L1328601	0	0.9827
c6	5000	simd	frag	L1321139	1	0.3359
c6	5000	simd	frag	L1319261	4	1.0000
c6	5000	simd	frag	L1320029	2	0.9855
c6	5000	simd	frag	L1325043	0	1.0000
c6	5000	simd	frag	L1334204	0	1.0000
c6	5000	simd	frag	L1334727	3	1.0000
c6	5000	simd	frag	L681852	1	1.0000
c6	5000	simd	frag	L666180	2	1.0000
c6	5000	simd	frag	L1298142	0	1.0000
c6	5000	simd	frag	L1297512	0	0.9989
c6	5000	simd	frag	L1299862	0	1.0000
c6	5000	simd	frag	L774738	0	1.0000
c6	5000	simd	frag	L762771	1	1.0000
c6	5000	simd	frag	L764916	0	0.9309
c6	5000	simd	frag	L774588	0	1.0000
c6	5000	simd	frag	L1309046	1	1.0000
c6	5000	simd	frag	L174176	3	1.0000
c6	5000	simd	frag	L1314993	1	1.0000
c6	5000	simd	frag	L555925	0	1.0000
c7	1000	auto	frag	L222365	18	0.2636
c7	1000	auto	frag	L405687	0	0.4052
c7	1000	auto	frag	L398087	2	0.3169
c7	1000	auto	frag	L403424	0	0.4802
c7	1000	auto	frag	L401127	0	0.9989
c7	1000	auto	frag	L402454	0	0.3022
c7	1000	auto	frag	L431467	0	0.5995
c7	1000	auto	frag	L433013	0	1.0000
c7	1000	auto	frag	L414909	0	0.9978
c7	1000	auto	frag	L414959	0	1.0000
c7	1000	auto	frag	L419149	0	0.6447
c7	1000	auto	frag	L422199	0	1.0000
c7	1000	auto	frag	L425629	1	0.2443
c7	1000	auto	full	L405687	1	0.7108
c7	1000	auto	full	L401127	0	1.0000
c7	1000	auto	full	L402454	0	1.0000
c7	1000	auto	full	L403424	0	1.0000
c7	1000	auto	full	L398087	1	0.5395
c7	1000	auto	full	L431467	1	1.0000
c7	1000	auto	full	L433013	0	1.0000
c7	1000	auto	full	L414909	0	1.0000
c7	1000	auto	full	L414959	0	1.0000
c7	1000	auto	full	L419149	0	1.0000
c7	1000	auto	full	L422199	0	1.0000
c7	1000	auto	full	L425629	0	0.9923
c7	1000	auto	full	L222365	8	1.0000
c7	1000	diagcpu	frag	L222365	18	0.2636
c7	1000	diagcpu	frag	L405687	0	0.4052
c7	1000	diagcpu	frag	L398087	2	0.3169
c7	1000	diagcpu	frag	L403424	0	0.4802
c7	1000	diagcpu	frag	L401127	0	0.9989
c7	1000	diagcpu	frag	L402454	0	0.3022
c7	1000	diagcpu	frag	L431467	0	0.5995
c7	1000	diagcpu	frag	L433013	0	1.0000
c7	1000	diagcpu	frag	L414909	0	0.9978
c7	1000	diagcpu	frag	L414959	0	1.0000
c7	1000	diagcpu	frag	L419149	0	0.6447
c7	1000	diagcpu	frag	L422199	0	1.0000
c7	1000	diagcpu	frag	L425629	1	0.2443
c7	1000	fix	frag	L222365	18	0.2636
c7	1000	fix	frag	L405687	0	0.4052
c7	1000	fix	frag	L398087	2	0.3169
c7	1000	fix	frag	L403424	0	0.4802
c7	1000	fix	frag	L401127	0	0.9989
c7	1000	fix	frag	L402454	0	0.3022
c7	1000	fix	frag	L431467	0	0.5995
c7	1000	fix	frag	L433013	0	1.0000
c7	1000	fix	frag	L414909	0	0.9978
c7	1000	fix	frag	L414959	0	1.0000
c7	1000	fix	frag	L419149	0	0.6447
c7	1000	fix	frag	L422199	0	1.0000
c7	1000	fix	frag	L425629	1	0.2443
c7	1000	fix	full	L405687	1	0.7108
c7	1000	fix	full	L401127	0	1.0000
c7	1000	fix	full	L402454	0	1.0000
c7	1000	fix	full	L403424	0	1.0000
c7	1000	fix	full	L398087	1	0.5395
c7	1000	fix	full	L431467	1	1.0000
c7	1000	fix	full	L433013	0	1.0000
c7	1000	fix	full	L414909	0	1.0000
c7	1000	fix	full	L414959	0	1.0000
c7	1000	fix	full	L419149	0	1.0000
c7	1000	fix	full	L422199	0	1.0000
c7	1000	fix	full	L425629	0	0.9923
c7	1000	fix	full	L222365	8	1.0000
c7	1000	fix_rson	frag	L222365	18	0.2636
c7	1000	fix_rson	frag	L405687	0	0.4052
c7	1000	fix_rson	frag	L398087	2	0.3169
c7	1000	fix_rson	frag	L403424	0	0.4802
c7	1000	fix_rson	frag	L401127	0	0.9989
c7	1000	fix_rson	frag	L402454	0	0.3022
c7	1000	fix_rson	frag	L431467	0	0.5995
c7	1000	fix_rson	frag	L433013	0	1.0000
c7	1000	fix_rson	frag	L414909	0	0.9978
c7	1000	fix_rson	frag	L414959	0	1.0000
c7	1000	fix_rson	frag	L419149	0	0.6447
c7	1000	fix_rson	frag	L422199	0	1.0000
c7	1000	fix_rson	frag	L425629	1	0.2443
c7	1000	noheur	frag	L222365	18	0.1510
c7	1000	noheur	frag	L398087	2	0.3156
c7	1000	noheur	frag	L401127	0	0.9989
c7	1000	noheur	frag	L402454	0	0.3013
c7	1000	noheur	frag	L403424	0	0.4798
c7	1000	noheur	frag	L405687	0	0.4051
c7	1000	noheur	frag	L414909	0	0.9978
c7	1000	noheur	frag	L414959	0	1.0000
c7	1000	noheur	frag	L419149	0	0.6445
c7	1000	noheur	frag	L422199	0	1.0000
c7	1000	noheur	frag	L425629	1	0.2441
c7	1000	noheur	frag	L431467	0	0.5995
c7	1000	noheur	frag	L433013	0	1.0000
c7	1000	nopremask	frag	L222365	18	0.2410
c7	1000	nopremask	frag	L405687	1	0.5627
c7	1000	nopremask	frag	L398087	2	0.4216
c7	1000	nopremask	frag	L403424	0	0.6602
c7	1000	nopremask	frag	L401127	0	0.9985
c7	1000	nopremask	frag	L402454	1	0.2598
c7	1000	nopremask	frag	L431467	1	0.3723
c7	1000	nopremask	frag	L433013	0	1.0000
c7	1000	nopremask	frag	L414909	0	0.9981
c7	1000	nopremask	frag	L414959	0	1.0000
c7	1000	nopremask	frag	L419149	0	0.8971
c7	1000	nopremask	frag	L422199	0	1.0000
c7	1000	nopremask	frag	L425629	0	0.8685
c7	1000	pplacer	frag	L222365	18	0.3082
c7	1000	pplacer	frag	L402454	0	0.2646
c7	1000	pplacer	frag	L414959	0	1.0000
c7	1000	pplacer	frag	L431467	0	0.8486
c7	1000	pplacer	frag	L401127	0	1.0000
c7	1000	pplacer	frag	L414909	0	1.0000
c7	1000	pplacer	frag	L422199	0	1.0000
c7	1000	pplacer	frag	L419149	0	0.8518
c7	1000	pplacer	frag	L405687	0	0.4096
c7	1000	pplacer	frag	L425629	0	0.6965
c7	1000	pplacer	frag	L433013	0	1.0000
c7	1000	pplacer	frag	L403424	1	0.5862
c7	1000	pplacer	frag	L398087	2	0.5387
c7	1000	rs_on	frag	L222365	18	1.0000
c7	1000	rs_on	frag	L405687	2	0.9991
c7	1000	rs_on	frag	L398087	3	1.0000
c7	1000	rs_on	frag	L403424	8	1.0000
c7	1000	rs_on	frag	L401127	1	0.8641
c7	1000	rs_on	frag	L402454	2	1.0000
c7	1000	rs_on	frag	L431467	0	1.0000
c7	1000	rs_on	frag	L433013	0	1.0000
c7	1000	rs_on	frag	L414909	0	1.0000
c7	1000	rs_on	frag	L414959	0	1.0000
c7	1000	rs_on	frag	L419149	1	1.0000
c7	1000	rs_on	frag	L422199	0	1.0000
c7	1000	rs_on	frag	L425629	1	0.9813
c7	2000	auto	frag	L405687	0	0.3951
c7	2000	auto	frag	L398087	2	0.3162
c7	2000	auto	frag	L403424	0	0.4798
c7	2000	auto	frag	L402454	0	0.2614
c7	2000	auto	frag	L401127	0	0.9989
c7	2000	auto	frag	L431467	0	0.7395
c7	2000	auto	frag	L433013	0	1.0000
c7	2000	auto	frag	L414909	0	0.9979
c7	2000	auto	frag	L414959	0	1.0000
c7	2000	auto	frag	L419149	0	0.6617
c7	2000	auto	frag	L422199	0	1.0000
c7	2000	auto	frag	L425629	0	0.2411
c7	2000	auto	frag	L222365	1	0.2833
c7	2000	auto	full	L405687	1	0.6728
c7	2000	auto	full	L401127	0	1.0000
c7	2000	auto	full	L402454	0	1.0000
c7	2000	auto	full	L403424	0	1.0000
c7	2000	auto	full	L398087	1	0.4895
c7	2000	auto	full	L431467	0	1.0000
c7	2000	auto	full	L433013	0	1.0000
c7	2000	auto	full	L414909	0	1.0000
c7	2000	auto	full	L414959	0	1.0000
c7	2000	auto	full	L419149	0	1.0000
c7	2000	auto	full	L422199	0	1.0000
c7	2000	auto	full	L425629	0	0.9813
c7	2000	auto	full	L222365	0	0.9984
c7	2000	diagcpu	frag	L405687	0	0.3951
c7	2000	diagcpu	frag	L398087	2	0.3162
c7	2000	diagcpu	frag	L403424	0	0.4798
c7	2000	diagcpu	frag	L402454	0	0.2614
c7	2000	diagcpu	frag	L401127	0	0.9989
c7	2000	diagcpu	frag	L431467	0	0.7395
c7	2000	diagcpu	frag	L433013	0	1.0000
c7	2000	diagcpu	frag	L414909	0	0.9979
c7	2000	diagcpu	frag	L414959	0	1.0000
c7	2000	diagcpu	frag	L419149	0	0.6617
c7	2000	diagcpu	frag	L422199	0	1.0000
c7	2000	diagcpu	frag	L425629	0	0.2411
c7	2000	diagcpu	frag	L222365	1	0.2833
c7	2000	fix	frag	L405687	0	0.3951
c7	2000	fix	frag	L398087	2	0.3162
c7	2000	fix	frag	L403424	0	0.4798
c7	2000	fix	frag	L402454	0	0.2614
c7	2000	fix	frag	L401127	0	0.9989
c7	2000	fix	frag	L431467	0	0.7395
c7	2000	fix	frag	L433013	0	1.0000
c7	2000	fix	frag	L414909	0	0.9979
c7	2000	fix	frag	L414959	0	1.0000
c7	2000	fix	frag	L419149	0	0.6617
c7	2000	fix	frag	L422199	0	1.0000
c7	2000	fix	frag	L425629	0	0.2411
c7	2000	fix	frag	L222365	1	0.2833
c7	2000	fix	full	L405687	1	0.6728
c7	2000	fix	full	L401127	0	1.0000
c7	2000	fix	full	L402454	0	1.0000
c7	2000	fix	full	L403424	0	1.0000
c7	2000	fix	full	L398087	1	0.4895
c7	2000	fix	full	L431467	0	1.0000
c7	2000	fix	full	L433013	0	1.0000
c7	2000	fix	full	L414909	0	1.0000
c7	2000	fix	full	L414959	0	1.0000
c7	2000	fix	full	L419149	0	1.0000
c7	2000	fix	full	L422199	0	1.0000
c7	2000	fix	full	L425629	0	0.9813
c7	2000	fix	full	L222365	0	0.9984
c7	2000	fix_noheur	frag	L222365	1	0.2802
c7	2000	fix_noheur	frag	L398087	2	0.3152
c7	2000	fix_noheur	frag	L401127	0	0.9989
c7	2000	fix_noheur	frag	L402454	0	0.2607
c7	2000	fix_noheur	frag	L403424	0	0.4795
c7	2000	fix_noheur	frag	L405687	0	0.3949
c7	2000	fix_noheur	frag	L414909	0	0.9979
c7	2000	fix_noheur	frag	L414959	0	1.0000
c7	2000	fix_noheur	frag	L419149	0	0.6614
c7	2000	fix_noheur	frag	L422199	0	1.0000
c7	2000	fix_noheur	frag	L425629	0	0.2408
c7	2000	fix_noheur	frag	L431467	0	0.7395
c7	2000	fix_noheur	frag	L433013	0	1.0000
c7	2000	fix_rson	frag	L405687	0	0.3951
c7	2000	fix_rson	frag	L398087	2	0.3162
c7	2000	fix_rson	frag	L403424	0	0.4798
c7	2000	fix_rson	frag	L402454	0	0.2614
c7	2000	fix_rson	frag	L401127	0	0.9989
c7	2000	fix_rson	frag	L431467	0	0.7395
c7	2000	fix_rson	frag	L433013	0	1.0000
c7	2000	fix_rson	frag	L414909	0	0.9979
c7	2000	fix_rson	frag	L414959	0	1.0000
c7	2000	fix_rson	frag	L419149	0	0.6617
c7	2000	fix_rson	frag	L422199	0	1.0000
c7	2000	fix_rson	frag	L425629	0	0.2411
c7	2000	fix_rson	frag	L222365	1	0.2833
c7	2000	noheur	frag	L222365	1	0.2802
c7	2000	noheur	frag	L398087	2	0.3152
c7	2000	noheur	frag	L401127	0	0.9989
c7	2000	noheur	frag	L402454	0	0.2607
c7	2000	noheur	frag	L403424	0	0.4795
c7	2000	noheur	frag	L405687	0	0.3949
c7	2000	noheur	frag	L414909	0	0.9979
c7	2000	noheur	frag	L414959	0	1.0000
c7	2000	noheur	frag	L419149	0	0.6614
c7	2000	noheur	frag	L422199	0	1.0000
c7	2000	noheur	frag	L425629	0	0.2408
c7	2000	noheur	frag	L431467	0	0.7395
c7	2000	noheur	frag	L433013	0	1.0000
c7	2000	nopremask	frag	L405687	1	0.5094
c7	2000	nopremask	frag	L398087	2	0.4077
c7	2000	nopremask	frag	L403424	0	0.4753
c7	2000	nopremask	frag	L402454	1	0.2439
c7	2000	nopremask	frag	L401127	0	0.9984
c7	2000	nopremask	frag	L431467	0	0.5507
c7	2000	nopremask	frag	L433013	0	1.0000
c7	2000	nopremask	frag	L414909	0	0.9982
c7	2000	nopremask	frag	L414959	0	1.0000
c7	2000	nopremask	frag	L419149	0	0.8876
c7	2000	nopremask	frag	L422199	0	1.0000
c7	2000	nopremask	frag	L425629	0	0.8563
c7	2000	nopremask	frag	L222365	1	0.3177
c7	2000	pplacer	frag	L222365	1	0.2339
c7	2000	pplacer	frag	L402454	0	0.2668
c7	2000	pplacer	frag	L414959	0	1.0000
c7	2000	pplacer	frag	L431467	0	0.8499
c7	2000	pplacer	frag	L401127	0	1.0000
c7	2000	pplacer	frag	L414909	0	1.0000
c7	2000	pplacer	frag	L422199	0	1.0000
c7	2000	pplacer	frag	L419149	0	0.8527
c7	2000	pplacer	frag	L405687	0	0.4102
c7	2000	pplacer	frag	L425629	0	0.6955
c7	2000	pplacer	frag	L433013	0	1.0000
c7	2000	pplacer	frag	L403424	1	0.5938
c7	2000	pplacer	frag	L398087	2	0.5410
c7	2000	rs_on	frag	L405687	0	0.9979
c7	2000	rs_on	frag	L398087	4	1.0000
c7	2000	rs_on	frag	L403424	0	0.9998
c7	2000	rs_on	frag	L402454	7	0.7192
c7	2000	rs_on	frag	L401127	0	0.9996
c7	2000	rs_on	frag	L431467	0	0.9993
c7	2000	rs_on	frag	L433013	0	1.0000
c7	2000	rs_on	frag	L414909	0	1.0000
c7	2000	rs_on	frag	L414959	0	1.0000
c7	2000	rs_on	frag	L419149	1	0.7126
c7	2000	rs_on	frag	L422199	0	1.0000
c7	2000	rs_on	frag	L425629	0	0.9823
c7	2000	rs_on	frag	L222365	5	1.0000
c7	3000	auto	frag	L405687	0	0.9991
c7	3000	auto	frag	L398087	9	0.5143
c7	3000	auto	frag	L403424	11	1.0000
c7	3000	auto	frag	L401127	1	0.9946
c7	3000	auto	frag	L402454	2	0.9070
c7	3000	auto	frag	L431467	3	1.0000
c7	3000	auto	frag	L433013	0	1.0000
c7	3000	auto	frag	L414909	0	1.0000
c7	3000	auto	frag	L414959	0	1.0000
c7	3000	auto	frag	L419149	1	1.0000
c7	3000	auto	frag	L422199	0	1.0000
c7	3000	auto	frag	L425629	1	1.0000
c7	3000	auto	frag	L222365	13	1.0000
c7	3000	auto	full	L405687	1	0.6949
c7	3000	auto	full	L401127	0	1.0000
c7	3000	auto	full	L402454	0	1.0000
c7	3000	auto	full	L403424	0	1.0000
c7	3000	auto	full	L398087	1	0.5038
c7	3000	auto	full	L431467	0	1.0000
c7	3000	auto	full	L433013	0	1.0000
c7	3000	auto	full	L414909	0	1.0000
c7	3000	auto	full	L414959	0	1.0000
c7	3000	auto	full	L419149	0	1.0000
c7	3000	auto	full	L422199	0	1.0000
c7	3000	auto	full	L425629	0	0.9806
c7	3000	auto	full	L222365	0	0.9989
c7	3000	fix	frag	L405687	0	0.3634
c7	3000	fix	frag	L398087	2	0.3200
c7	3000	fix	frag	L403424	0	0.5032
c7	3000	fix	frag	L401127	0	0.9988
c7	3000	fix	frag	L402454	0	0.2563
c7	3000	fix	frag	L431467	0	0.7369
c7	3000	fix	frag	L433013	0	1.0000
c7	3000	fix	frag	L414909	0	0.9980
c7	3000	fix	frag	L414959	0	1.0000
c7	3000	fix	frag	L419149	0	0.6872
c7	3000	fix	frag	L422199	0	1.0000
c7	3000	fix	frag	L425629	0	0.2456
c7	3000	fix	frag	L222365	1	0.2964
c7	3000	fix	full	L405687	1	0.6949
c7	3000	fix	full	L401127	0	1.0000
c7	3000	fix	full	L402454	0	1.0000
c7	3000	fix	full	L403424	0	1.0000
c7	3000	fix	full	L398087	1	0.5038
c7	3000	fix	full	L431467	0	1.0000
c7	3000	fix	full	L433013	0	1.0000
c7	3000	fix	full	L414909	0	1.0000
c7	3000	fix	full	L414959	0	1.0000
c7	3000	fix	full	L419149	0	1.0000
c7	3000	fix	full	L422199	0	1.0000
c7	3000	fix	full	L425629	0	0.9806
c7	3000	fix	full	L222365	0	0.9989
c7	3000	fix_noheur	frag	L222365	1	0.2933
c7	3000	fix_noheur	frag	L398087	2	0.3190
c7	3000	fix_noheur	frag	L401127	0	0.9988
c7	3000	fix_noheur	frag	L402454	0	0.2555
c7	3000	fix_noheur	frag	L403424	0	0.5031
c7	3000	fix_noheur	frag	L405687	0	0.3632
c7	3000	fix_noheur	frag	L414909	0	0.9980
c7	3000	fix_noheur	frag	L414959	0	1.0000
c7	3000	fix_noheur	frag	L419149	0	0.6869
c7	3000	fix_noheur	frag	L422199	0	1.0000
c7	3000	fix_noheur	frag	L425629	0	0.2442
c7	3000	fix_noheur	frag	L431467	0	0.7355
c7	3000	fix_noheur	frag	L433013	0	1.0000
c7	3000	noheur	frag	L222365	6	1.0000
c7	3000	noheur	frag	L398087	17	1.0000
c7	3000	noheur	frag	L401127	24	1.0000
c7	3000	noheur	frag	L402454	22	1.0000
c7	3000	noheur	frag	L403424	24	1.0000
c7	3000	noheur	frag	L405687	16	1.0000
c7	3000	noheur	frag	L414909	21	1.0000
c7	3000	noheur	frag	L414959	18	1.0000
c7	3000	noheur	frag	L419149	21	1.0000
c7	3000	noheur	frag	L422199	0	1.0000
c7	3000	noheur	frag	L425629	22	1.0000
c7	3000	noheur	frag	L431467	17	1.0000
c7	3000	noheur	frag	L433013	16	1.0000
c7	3000	nopremask	frag	L405687	1	0.5401
c7	3000	nopremask	frag	L398087	2	0.4176
c7	3000	nopremask	frag	L403424	0	0.4986
c7	3000	nopremask	frag	L401127	0	0.9985
c7	3000	nopremask	frag	L402454	1	0.2510
c7	3000	nopremask	frag	L431467	0	0.5553
c7	3000	nopremask	frag	L433013	0	1.0000
c7	3000	nopremask	frag	L414909	0	0.9983
c7	3000	nopremask	frag	L414959	0	1.0000
c7	3000	nopremask	frag	L419149	0	0.8940
c7	3000	nopremask	frag	L422199	0	1.0000
c7	3000	nopremask	frag	L425629	0	0.8635
c7	3000	nopremask	frag	L222365	1	0.3440
c7	3000	pplacer	frag	L222365	1	0.2337
c7	3000	pplacer	frag	L402454	0	0.2681
c7	3000	pplacer	frag	L414959	0	1.0000
c7	3000	pplacer	frag	L431467	0	0.8496
c7	3000	pplacer	frag	L401127	0	1.0000
c7	3000	pplacer	frag	L414909	0	1.0000
c7	3000	pplacer	frag	L422199	0	1.0000
c7	3000	pplacer	frag	L419149	0	0.8527
c7	3000	pplacer	frag	L405687	0	0.4097
c7	3000	pplacer	frag	L425629	0	0.6961
c7	3000	pplacer	frag	L433013	0	1.0000
c7	3000	pplacer	frag	L403424	1	0.5939
c7	3000	pplacer	frag	L398087	2	0.5412
c7	3000	rs_off	frag	L405687	0	0.3634
c7	3000	rs_off	frag	L398087	2	0.3200
c7	3000	rs_off	frag	L403424	0	0.5032
c7	3000	rs_off	frag	L401127	0	0.9988
c7	3000	rs_off	frag	L402454	0	0.2563
c7	3000	rs_off	frag	L431467	0	0.7369
c7	3000	rs_off	frag	L433013	0	1.0000
c7	3000	rs_off	frag	L414909	0	0.9980
c7	3000	rs_off	frag	L414959	0	1.0000
c7	3000	rs_off	frag	L419149	0	0.6872
c7	3000	rs_off	frag	L422199	0	1.0000
c7	3000	rs_off	frag	L425629	0	0.2456
c7	3000	rs_off	frag	L222365	1	0.2964
c7	3000	rs_on	frag	L405687	0	0.9991
c7	3000	rs_on	frag	L398087	9	0.5143
c7	3000	rs_on	frag	L403424	11	1.0000
c7	3000	rs_on	frag	L401127	1	0.9946
c7	3000	rs_on	frag	L402454	2	0.9070
c7	3000	rs_on	frag	L431467	3	1.0000
c7	3000	rs_on	frag	L433013	0	1.0000
c7	3000	rs_on	frag	L414909	0	1.0000
c7	3000	rs_on	frag	L414959	0	1.0000
c7	3000	rs_on	frag	L419149	1	1.0000
c7	3000	rs_on	frag	L422199	0	1.0000
c7	3000	rs_on	frag	L425629	1	1.0000
c7	3000	rs_on	frag	L222365	13	1.0000
c7	3000	shift	frag	L405687	0	0.3634
c7	3000	shift	frag	L398087	2	0.3200
c7	3000	shift	frag	L403424	0	0.5032
c7	3000	shift	frag	L401127	0	0.9988
c7	3000	shift	frag	L402454	0	0.2563
c7	3000	shift	frag	L431467	0	0.7369
c7	3000	shift	frag	L433013	0	1.0000
c7	3000	shift	frag	L414909	0	0.9980
c7	3000	shift	frag	L414959	0	1.0000
c7	3000	shift	frag	L419149	0	0.6872
c7	3000	shift	frag	L422199	0	1.0000
c7	3000	shift	frag	L425629	0	0.2456
c7	3000	shift	frag	L222365	1	0.2964
c7	3000	simd	frag	L405687	0	0.9991
c7	3000	simd	frag	L398087	9	0.5143
c7	3000	simd	frag	L403424	11	1.0000
c7	3000	simd	frag	L401127	1	0.9946
c7	3000	simd	frag	L402454	2	0.9070
c7	3000	simd	frag	L431467	3	1.0000
c7	3000	simd	frag	L433013	0	1.0000
c7	3000	simd	frag	L414909	0	1.0000
c7	3000	simd	frag	L414959	0	1.0000
c7	3000	simd	frag	L419149	1	1.0000
c7	3000	simd	frag	L422199	0	1.0000
c7	3000	simd	frag	L425629	1	1.0000
c7	3000	simd	frag	L222365	13	1.0000
c7	500	auto	frag	L222365	18	0.2922
c7	500	auto	frag	L405687	0	0.3864
c7	500	auto	frag	L398087	2	0.3118
c7	500	auto	frag	L403424	0	0.4947
c7	500	auto	frag	L402454	0	0.2999
c7	500	auto	frag	L401127	0	0.9987
c7	500	auto	frag	L431467	0	0.5873
c7	500	auto	frag	L433013	0	1.0000
c7	500	auto	frag	L414909	0	0.9965
c7	500	auto	frag	L414959	0	1.0000
c7	500	auto	frag	L419149	0	0.6853
c7	500	auto	frag	L422199	0	1.0000
c7	500	auto	frag	L425629	0	0.2616
c7	500	auto	full	L222365	11	1.0000
c7	500	auto	full	L405687	1	0.6753
c7	500	auto	full	L401127	0	1.0000
c7	500	auto	full	L402454	0	1.0000
c7	500	auto	full	L403424	0	1.0000
c7	500	auto	full	L398087	1	0.5028
c7	500	auto	full	L431467	1	1.0000
c7	500	auto	full	L433013	0	1.0000
c7	500	auto	full	L414909	0	1.0000
c7	500	auto	full	L414959	0	1.0000
c7	500	auto	full	L419149	0	1.0000
c7	500	auto	full	L422199	0	1.0000
c7	500	auto	full	L425629	0	0.9884
c7	500	diagcpu	frag	L222365	18	0.2922
c7	500	diagcpu	frag	L405687	0	0.3864
c7	500	diagcpu	frag	L398087	2	0.3118
c7	500	diagcpu	frag	L403424	0	0.4947
c7	500	diagcpu	frag	L402454	0	0.2999
c7	500	diagcpu	frag	L401127	0	0.9987
c7	500	diagcpu	frag	L431467	0	0.5873
c7	500	diagcpu	frag	L433013	0	1.0000
c7	500	diagcpu	frag	L414909	0	0.9965
c7	500	diagcpu	frag	L414959	0	1.0000
c7	500	diagcpu	frag	L419149	0	0.6853
c7	500	diagcpu	frag	L422199	0	1.0000
c7	500	diagcpu	frag	L425629	0	0.2616
c7	500	fix	frag	L222365	18	0.2922
c7	500	fix	frag	L405687	0	0.3864
c7	500	fix	frag	L398087	2	0.3118
c7	500	fix	frag	L403424	0	0.4947
c7	500	fix	frag	L402454	0	0.2999
c7	500	fix	frag	L401127	0	0.9987
c7	500	fix	frag	L431467	0	0.5873
c7	500	fix	frag	L433013	0	1.0000
c7	500	fix	frag	L414909	0	0.9965
c7	500	fix	frag	L414959	0	1.0000
c7	500	fix	frag	L419149	0	0.6853
c7	500	fix	frag	L422199	0	1.0000
c7	500	fix	frag	L425629	0	0.2616
c7	500	fix	full	L222365	11	1.0000
c7	500	fix	full	L405687	1	0.6753
c7	500	fix	full	L401127	0	1.0000
c7	500	fix	full	L402454	0	1.0000
c7	500	fix	full	L403424	0	1.0000
c7	500	fix	full	L398087	1	0.5028
c7	500	fix	full	L431467	1	1.0000
c7	500	fix	full	L433013	0	1.0000
c7	500	fix	full	L414909	0	1.0000
c7	500	fix	full	L414959	0	1.0000
c7	500	fix	full	L419149	0	1.0000
c7	500	fix	full	L422199	0	1.0000
c7	500	fix	full	L425629	0	0.9884
c7	500	fix_rson	frag	L222365	18	0.2922
c7	500	fix_rson	frag	L405687	0	0.3864
c7	500	fix_rson	frag	L398087	2	0.3118
c7	500	fix_rson	frag	L403424	0	0.4947
c7	500	fix_rson	frag	L402454	0	0.2999
c7	500	fix_rson	frag	L401127	0	0.9987
c7	500	fix_rson	frag	L431467	0	0.5873
c7	500	fix_rson	frag	L433013	0	1.0000
c7	500	fix_rson	frag	L414909	0	0.9965
c7	500	fix_rson	frag	L414959	0	1.0000
c7	500	fix_rson	frag	L419149	0	0.6853
c7	500	fix_rson	frag	L422199	0	1.0000
c7	500	fix_rson	frag	L425629	0	0.2616
c7	500	noheur	frag	L222365	18	0.2193
c7	500	noheur	frag	L398087	2	0.3106
c7	500	noheur	frag	L401127	0	0.9987
c7	500	noheur	frag	L402454	0	0.2991
c7	500	noheur	frag	L403424	0	0.4945
c7	500	noheur	frag	L405687	0	0.3863
c7	500	noheur	frag	L414909	0	0.9965
c7	500	noheur	frag	L414959	0	1.0000
c7	500	noheur	frag	L419149	0	0.6850
c7	500	noheur	frag	L422199	0	0.9999
c7	500	noheur	frag	L425629	0	0.2613
c7	500	noheur	frag	L431467	0	0.5873
c7	500	noheur	frag	L433013	0	1.0000
c7	500	nopremask	frag	L222365	17	0.2787
c7	500	nopremask	frag	L405687	1	0.5064
c7	500	nopremask	frag	L398087	2	0.3982
c7	500	nopremask	frag	L403424	0	0.6426
c7	500	nopremask	frag	L402454	1	0.2410
c7	500	nopremask	frag	L401127	0	0.9983
c7	500	nopremask	frag	L431467	0	0.3968
c7	500	nopremask	frag	L433013	0	1.0000
c7	500	nopremask	frag	L414909	0	0.9970
c7	500	nopremask	frag	L414959	0	1.0000
c7	500	nopremask	frag	L419149	0	0.8809
c7	500	nopremask	frag	L422199	0	1.0000
c7	500	nopremask	frag	L425629	0	0.8602
c7	500	pplacer	frag	L431467	0	0.8487
c7	500	pplacer	frag	L414909	0	1.0000
c7	500	pplacer	frag	L403424	1	0.5884
c7	500	pplacer	frag	L414959	0	1.0000
c7	500	pplacer	frag	L405687	0	0.4037
c7	500	pplacer	frag	L419149	0	0.8522
c7	500	pplacer	frag	L402454	0	0.2641
c7	500	pplacer	frag	L425629	0	0.6956
c7	500	pplacer	frag	L222365	18	0.3109
c7	500	pplacer	frag	L422199	0	1.0000
c7	500	pplacer	frag	L433013	0	1.0000
c7	500	pplacer	frag	L398087	2	0.5389
c7	500	pplacer	frag	L401127	0	1.0000
c7	500	rs_on	frag	L222365	19	1.0000
c7	500	rs_on	frag	L405687	2	1.0000
c7	500	rs_on	frag	L398087	7	1.0000
c7	500	rs_on	frag	L403424	6	0.5718
c7	500	rs_on	frag	L402454	2	1.0000
c7	500	rs_on	frag	L401127	0	1.0000
c7	500	rs_on	frag	L431467	2	0.9029
c7	500	rs_on	frag	L433013	0	1.0000
c7	500	rs_on	frag	L414909	1	1.0000
c7	500	rs_on	frag	L414959	0	1.0000
c7	500	rs_on	frag	L419149	0	0.9928
c7	500	rs_on	frag	L422199	0	1.0000
c7	500	rs_on	frag	L425629	0	0.9640
c7	5000	auto	frag	L405687	1	0.5035
c7	5000	auto	frag	L398087	0	1.0000
c7	5000	auto	frag	L403424	1	0.7207
c7	5000	auto	frag	L401127	1	1.0000
c7	5000	auto	frag	L402454	2	0.4993
c7	5000	auto	frag	L431467	0	1.0000
c7	5000	auto	frag	L433013	0	1.0000
c7	5000	auto	frag	L414909	0	0.9999
c7	5000	auto	frag	L414959	0	1.0000
c7	5000	auto	frag	L419149	1	0.8543
c7	5000	auto	frag	L422199	0	1.0000
c7	5000	auto	frag	L425629	0	1.0000
c7	5000	auto	frag	L222365	3	1.0000
c7	5000	auto	full	L405687	1	0.6358
c7	5000	auto	full	L401127	0	1.0000
c7	5000	auto	full	L402454	0	1.0000
c7	5000	auto	full	L403424	0	1.0000
c7	5000	auto	full	L398087	1	0.4513
c7	5000	auto	full	L431467	0	1.0000
c7	5000	auto	full	L433013	0	1.0000
c7	5000	auto	full	L414909	0	1.0000
c7	5000	auto	full	L414959	0	1.0000
c7	5000	auto	full	L419149	0	1.0000
c7	5000	auto	full	L422199	0	1.0000
c7	5000	auto	full	L425629	0	0.9806
c7	5000	auto	full	L222365	0	0.9986
c7	5000	fix	frag	L405687	0	0.3718
c7	5000	fix	frag	L398087	2	0.3096
c7	5000	fix	frag	L403424	0	0.5246
c7	5000	fix	frag	L401127	0	0.9989
c7	5000	fix	frag	L402454	0	0.2660
c7	5000	fix	frag	L431467	0	0.9121
c7	5000	fix	frag	L433013	0	1.0000
c7	5000	fix	frag	L414909	0	0.9975
c7	5000	fix	frag	L414959	0	1.0000
c7	5000	fix	frag	L419149	0	0.7371
c7	5000	fix	frag	L422199	0	1.0000
c7	5000	fix	frag	L425629	0	0.2457
c7	5000	fix	frag	L222365	1	0.3013
c7	5000	fix	full	L405687	1	0.6358
c7	5000	fix	full	L401127	0	1.0000
c7	5000	fix	full	L402454	0	1.0000
c7	5000	fix	full	L403424	0	1.0000
c7	5000	fix	full	L398087	1	0.4513
c7	5000	fix	full	L431467	0	1.0000
c7	5000	fix	full	L433013	0	1.0000
c7	5000	fix	full	L414909	0	1.0000
c7	5000	fix	full	L414959	0	1.0000
c7	5000	fix	full	L419149	0	1.0000
c7	5000	fix	full	L422199	0	1.0000
c7	5000	fix	full	L425629	0	0.9806
c7	5000	fix	full	L222365	0	0.9986
c7	5000	fix_noheur	frag	L222365	1	0.2982
c7	5000	fix_noheur	frag	L398087	2	0.3086
c7	5000	fix_noheur	frag	L401127	0	0.9989
c7	5000	fix_noheur	frag	L402454	0	0.2652
c7	5000	fix_noheur	frag	L403424	0	0.5244
c7	5000	fix_noheur	frag	L405687	0	0.3716
c7	5000	fix_noheur	frag	L414909	0	0.9975
c7	5000	fix_noheur	frag	L414959	0	1.0000
c7	5000	fix_noheur	frag	L419149	0	0.7370
c7	5000	fix_noheur	frag	L422199	0	1.0000
c7	5000	fix_noheur	frag	L425629	0	0.2445
c7	5000	fix_noheur	frag	L431467	0	0.9116
c7	5000	fix_noheur	frag	L433013	0	1.0000
c7	5000	noheur	frag	L222365	8	1.0000
c7	5000	noheur	frag	L398087	19	1.0000
c7	5000	noheur	frag	L401127	26	1.0000
c7	5000	noheur	frag	L402454	22	1.0000
c7	5000	noheur	frag	L403424	26	1.0000
c7	5000	noheur	frag	L405687	16	1.0000
c7	5000	noheur	frag	L414909	21	1.0000
c7	5000	noheur	frag	L414959	21	1.0000
c7	5000	noheur	frag	L419149	24	1.0000
c7	5000	noheur	frag	L422199	0	1.0000
c7	5000	noheur	frag	L425629	24	1.0000
c7	5000	noheur	frag	L431467	17	1.0000
c7	5000	noheur	frag	L433013	19	1.0000
c7	5000	nopremask	frag	L405687	1	0.4707
c7	5000	nopremask	frag	L398087	2	0.3875
c7	5000	nopremask	frag	L403424	1	0.7595
c7	5000	nopremask	frag	L401127	0	0.9985
c7	5000	nopremask	frag	L402454	0	0.2514
c7	5000	nopremask	frag	L431467	0	0.8653
c7	5000	nopremask	frag	L433013	0	1.0000
c7	5000	nopremask	frag	L414909	0	0.9978
c7	5000	nopremask	frag	L414959	0	1.0000
c7	5000	nopremask	frag	L419149	0	0.8616
c7	5000	nopremask	frag	L422199	0	1.0000
c7	5000	nopremask	frag	L425629	0	0.8557
c7	5000	nopremask	frag	L222365	1	0.2837
c7	5000	pplacer	frag	L222365	1	0.2336
c7	5000	pplacer	frag	L402454	0	0.2701
c7	5000	pplacer	frag	L414959	0	1.0000
c7	5000	pplacer	frag	L431467	0	0.8487
c7	5000	pplacer	frag	L401127	0	1.0000
c7	5000	pplacer	frag	L414909	0	1.0000
c7	5000	pplacer	frag	L422199	0	1.0000
c7	5000	pplacer	frag	L419149	0	0.8521
c7	5000	pplacer	frag	L405687	0	0.4090
c7	5000	pplacer	frag	L425629	0	0.6984
c7	5000	pplacer	frag	L433013	0	1.0000
c7	5000	pplacer	frag	L403424	1	0.5899
c7	5000	pplacer	frag	L398087	2	0.5410
c7	5000	rs_on	frag	L405687	1	0.5035
c7	5000	rs_on	frag	L398087	0	1.0000
c7	5000	rs_on	frag	L403424	1	0.7207
c7	5000	rs_on	frag	L401127	1	1.0000
c7	5000	rs_on	frag	L402454	2	0.4993
c7	5000	rs_on	frag	L431467	0	1.0000
c7	5000	rs_on	frag	L433013	0	1.0000
c7	5000	rs_on	frag	L414909	0	0.9999
c7	5000	rs_on	frag	L414959	0	1.0000
c7	5000	rs_on	frag	L419149	1	0.8543
c7	5000	rs_on	frag	L422199	0	1.0000
c7	5000	rs_on	frag	L425629	0	1.0000
c7	5000	rs_on	frag	L222365	3	1.0000
c7	5000	shift	frag	L405687	0	0.3718
c7	5000	shift	frag	L398087	2	0.3096
c7	5000	shift	frag	L403424	0	0.5246
c7	5000	shift	frag	L401127	0	0.9989
c7	5000	shift	frag	L402454	0	0.2660
c7	5000	shift	frag	L431467	0	0.9121
c7	5000	shift	frag	L433013	0	1.0000
c7	5000	shift	frag	L414909	0	0.9975
c7	5000	shift	frag	L414959	0	1.0000
c7	5000	shift	frag	L419149	0	0.7371
c7	5000	shift	frag	L422199	0	1.0000
c7	5000	shift	frag	L425629	0	0.2457
c7	5000	shift	frag	L222365	1	0.3013
c7	5000	simd	frag	L405687	1	0.5035
c7	5000	simd	frag	L398087	0	1.0000
c7	5000	simd	frag	L403424	1	0.7207
c7	5000	simd	frag	L401127	1	1.0000
c7	5000	simd	frag	L402454	2	0.4993
c7	5000	simd	frag	L431467	0	1.0000
c7	5000	simd	frag	L433013	0	1.0000
c7	5000	simd	frag	L414909	0	0.9999
c7	5000	simd	frag	L414959	0	1.0000
c7	5000	simd	frag	L419149	1	0.8543
c7	5000	simd	frag	L422199	0	1.0000
c7	5000	simd	frag	L425629	0	1.0000
c7	5000	simd	frag	L222365	3	1.0000
c8	1000	auto	frag	L1316645	26	0.2061
c8	1000	auto	frag	L1192003	0	0.5013
c8	1000	auto	frag	L1175689	0	0.4997
c8	1000	auto	frag	L1176819	4	0.3554
c8	1000	auto	frag	L1176510	0	1.0000
c8	1000	auto	frag	L1181526	0	0.2981
c8	1000	auto	frag	L1184831	0	0.3436
c8	1000	auto	frag	L1166860	2	0.4036
c8	1000	auto	frag	L1171933	0	0.9936
c8	1000	auto	frag	L1169308	0	0.3869
c8	1000	auto	frag	L1194943	0	0.3341
c8	1000	auto	frag	L1193626	0	0.8063
c8	1000	auto	frag	L1193093	1	0.3894
c8	1000	auto	frag	L1189606	0	1.0000
c8	1000	auto	frag	L1190029	0	1.0000
c8	1000	auto	frag	L1188236	0	0.9987
c8	1000	auto	frag	L1200373	1	0.4015
c8	1000	auto	frag	L1200114	0	0.9935
c8	1000	auto	frag	L1203652	0	0.6814
c8	1000	auto	frag	L1202626	0	0.4374
c8	1000	auto	full	L1316645	16	1.0000
c8	1000	auto	full	L1175689	0	1.0000
c8	1000	auto	full	L1176510	0	1.0000
c8	1000	auto	full	L1176819	1	0.5922
c8	1000	auto	full	L1181526	0	1.0000
c8	1000	auto	full	L1184831	0	1.0000
c8	1000	auto	full	L1166860	1	1.0000
c8	1000	auto	full	L1171933	0	1.0000
c8	1000	auto	full	L1169308	1	1.0000
c8	1000	auto	full	L1194943	1	1.0000
c8	1000	auto	full	L1193626	0	1.0000
c8	1000	auto	full	L1192003	0	1.0000
c8	1000	auto	full	L1193093	1	0.9815
c8	1000	auto	full	L1189606	0	1.0000
c8	1000	auto	full	L1190029	0	1.0000
c8	1000	auto	full	L1188236	0	1.0000
c8	1000	auto	full	L1200373	0	1.0000
c8	1000	auto	full	L1200114	0	1.0000
c8	1000	auto	full	L1203652	0	1.0000
c8	1000	auto	full	L1202626	0	1.0000
c8	1000	diagcpu	frag	L1316645	26	0.2061
c8	1000	diagcpu	frag	L1192003	0	0.5013
c8	1000	diagcpu	frag	L1175689	0	0.4997
c8	1000	diagcpu	frag	L1176819	4	0.3554
c8	1000	diagcpu	frag	L1176510	0	1.0000
c8	1000	diagcpu	frag	L1181526	0	0.2981
c8	1000	diagcpu	frag	L1184831	0	0.3436
c8	1000	diagcpu	frag	L1166860	2	0.4036
c8	1000	diagcpu	frag	L1171933	0	0.9936
c8	1000	diagcpu	frag	L1169308	0	0.3869
c8	1000	diagcpu	frag	L1194943	0	0.3341
c8	1000	diagcpu	frag	L1193626	0	0.8063
c8	1000	diagcpu	frag	L1193093	1	0.3894
c8	1000	diagcpu	frag	L1189606	0	1.0000
c8	1000	diagcpu	frag	L1190029	0	1.0000
c8	1000	diagcpu	frag	L1188236	0	0.9987
c8	1000	diagcpu	frag	L1200373	1	0.4015
c8	1000	diagcpu	frag	L1200114	0	0.9935
c8	1000	diagcpu	frag	L1203652	0	0.6814
c8	1000	diagcpu	frag	L1202626	0	0.4374
c8	1000	fix	frag	L1316645	26	0.2061
c8	1000	fix	frag	L1192003	0	0.5013
c8	1000	fix	frag	L1175689	0	0.4997
c8	1000	fix	frag	L1176819	4	0.3554
c8	1000	fix	frag	L1176510	0	1.0000
c8	1000	fix	frag	L1181526	0	0.2981
c8	1000	fix	frag	L1184831	0	0.3436
c8	1000	fix	frag	L1166860	2	0.4036
c8	1000	fix	frag	L1171933	0	0.9936
c8	1000	fix	frag	L1169308	0	0.3869
c8	1000	fix	frag	L1194943	0	0.3341
c8	1000	fix	frag	L1193626	0	0.8063
c8	1000	fix	frag	L1193093	1	0.3894
c8	1000	fix	frag	L1189606	0	1.0000
c8	1000	fix	frag	L1190029	0	1.0000
c8	1000	fix	frag	L1188236	0	0.9987
c8	1000	fix	frag	L1200373	1	0.4015
c8	1000	fix	frag	L1200114	0	0.9935
c8	1000	fix	frag	L1203652	0	0.6814
c8	1000	fix	frag	L1202626	0	0.4374
c8	1000	fix	full	L1316645	16	1.0000
c8	1000	fix	full	L1175689	0	1.0000
c8	1000	fix	full	L1176510	0	1.0000
c8	1000	fix	full	L1176819	1	0.5922
c8	1000	fix	full	L1181526	0	1.0000
c8	1000	fix	full	L1184831	0	1.0000
c8	1000	fix	full	L1166860	1	1.0000
c8	1000	fix	full	L1171933	0	1.0000
c8	1000	fix	full	L1169308	1	1.0000
c8	1000	fix	full	L1194943	1	1.0000
c8	1000	fix	full	L1193626	0	1.0000
c8	1000	fix	full	L1192003	0	1.0000
c8	1000	fix	full	L1193093	1	0.9815
c8	1000	fix	full	L1189606	0	1.0000
c8	1000	fix	full	L1190029	0	1.0000
c8	1000	fix	full	L1188236	0	1.0000
c8	1000	fix	full	L1200373	0	1.0000
c8	1000	fix	full	L1200114	0	1.0000
c8	1000	fix	full	L1203652	0	1.0000
c8	1000	fix	full	L1202626	0	1.0000
c8	1000	fix_rson	frag	L1316645	26	0.2061
c8	1000	fix_rson	frag	L1192003	0	0.5013
c8	1000	fix_rson	frag	L1175689	0	0.4997
c8	1000	fix_rson	frag	L1176819	4	0.3554
c8	1000	fix_rson	frag	L1176510	0	1.0000
c8	1000	fix_rson	frag	L1181526	0	0.2981
c8	1000	fix_rson	frag	L1184831	0	0.3436
c8	1000	fix_rson	frag	L1166860	2	0.4036
c8	1000	fix_rson	frag	L1171933	0	0.9936
c8	1000	fix_rson	frag	L1169308	0	0.3869
c8	1000	fix_rson	frag	L1194943	0	0.3341
c8	1000	fix_rson	frag	L1193626	0	0.8063
c8	1000	fix_rson	frag	L1193093	1	0.3894
c8	1000	fix_rson	frag	L1189606	0	1.0000
c8	1000	fix_rson	frag	L1190029	0	1.0000
c8	1000	fix_rson	frag	L1188236	0	0.9987
c8	1000	fix_rson	frag	L1200373	1	0.4015
c8	1000	fix_rson	frag	L1200114	0	0.9935
c8	1000	fix_rson	frag	L1203652	0	0.6814
c8	1000	fix_rson	frag	L1202626	0	0.4374
c8	1000	noheur	frag	L1166860	2	0.3935
c8	1000	noheur	frag	L1169308	0	0.3869
c8	1000	noheur	frag	L1171933	0	0.9935
c8	1000	noheur	frag	L1175689	0	0.4997
c8	1000	noheur	frag	L1176510	0	1.0000
c8	1000	noheur	frag	L1176819	4	0.3554
c8	1000	noheur	frag	L1181526	0	0.2981
c8	1000	noheur	frag	L1184831	0	0.3436
c8	1000	noheur	frag	L1188236	0	0.9974
c8	1000	noheur	frag	L1189606	0	1.0000
c8	1000	noheur	frag	L1190029	0	1.0000
c8	1000	noheur	frag	L1192003	0	0.4993
c8	1000	noheur	frag	L1193093	1	0.3894
c8	1000	noheur	frag	L1193626	0	0.8063
c8	1000	noheur	frag	L1194943	0	0.3341
c8	1000	noheur	frag	L1200114	0	0.9935
c8	1000	noheur	frag	L1200373	1	0.4014
c8	1000	noheur	frag	L1202626	0	0.4374
c8	1000	noheur	frag	L1203652	0	0.6814
c8	1000	noheur	frag	L1316645	26	0.1714
c8	1000	nopremask	frag	L1316645	26	0.2104
c8	1000	nopremask	frag	L1192003	0	0.5250
c8	1000	nopremask	frag	L1175689	0	0.4817
c8	1000	nopremask	frag	L1176819	4	0.3719
c8	1000	nopremask	frag	L1176510	0	1.0000
c8	1000	nopremask	frag	L1181526	0	0.3078
c8	1000	nopremask	frag	L1184831	0	0.4354
c8	1000	nopremask	frag	L1166860	2	0.9567
c8	1000	nopremask	frag	L1171933	0	0.9965
c8	1000	nopremask	frag	L1169308	0	0.9452
c8	1000	nopremask	frag	L1194943	1	0.4997
c8	1000	nopremask	frag	L1193626	0	0.7918
c8	1000	nopremask	frag	L1193093	1	0.4366
c8	1000	nopremask	frag	L1189606	0	1.0000
c8	1000	nopremask	frag	L1190029	0	1.0000
c8	1000	nopremask	frag	L1188236	0	0.9994
c8	1000	nopremask	frag	L1200373	1	0.4684
c8	1000	nopremask	frag	L1200114	0	0.9937
c8	1000	nopremask	frag	L1203652	0	0.4480
c8	1000	nopremask	frag	L1202626	0	0.4721
c8	1000	pplacer	frag	L1192003	0	0.8594
c8	1000	pplacer	frag	L1184831	0	0.4556
c8	1000	pplacer	frag	L1200373	0	0.3527
c8	1000	pplacer	frag	L1169308	0	0.9454
c8	1000	pplacer	frag	L1176510	0	1.0000
c8	1000	pplacer	frag	L1166860	2	0.9645
c8	1000	pplacer	frag	L1203652	0	0.4878
c8	1000	pplacer	frag	L1181526	2	0.5844
c8	1000	pplacer	frag	L1193626	0	0.8608
c8	1000	pplacer	frag	L1176819	4	0.5211
c8	1000	pplacer	frag	L1200114	0	0.9795
c8	1000	pplacer	frag	L1316645	26	0.4496
c8	1000	pplacer	frag	L1194943	0	0.3334
c8	1000	pplacer	frag	L1202626	0	0.4728
c8	1000	pplacer	frag	L1171933	0	1.0000
c8	1000	pplacer	frag	L1193093	1	0.3791
c8	1000	pplacer	frag	L1188236	0	1.0000
c8	1000	pplacer	frag	L1190029	0	1.0000
c8	1000	pplacer	frag	L1189606	0	1.0000
c8	1000	pplacer	frag	L1175689	0	0.5117
c8	1000	rs_on	frag	L1316645	20	0.9046
c8	1000	rs_on	frag	L1192003	8	1.0000
c8	1000	rs_on	frag	L1175689	1	1.0000
c8	1000	rs_on	frag	L1176819	0	1.0000
c8	1000	rs_on	frag	L1176510	0	1.0000
c8	1000	rs_on	frag	L1181526	2	0.6866
c8	1000	rs_on	frag	L1184831	0	0.3436
c8	1000	rs_on	frag	L1166860	4	1.0000
c8	1000	rs_on	frag	L1171933	0	1.0000
c8	1000	rs_on	frag	L1169308	1	0.9959
c8	1000	rs_on	frag	L1194943	0	0.5001
c8	1000	rs_on	frag	L1193626	0	0.9997
c8	1000	rs_on	frag	L1193093	1	0.3961
c8	1000	rs_on	frag	L1189606	0	1.0000
c8	1000	rs_on	frag	L1190029	0	1.0000
c8	1000	rs_on	frag	L1188236	1	1.0000
c8	1000	rs_on	frag	L1200373	0	1.0000
c8	1000	rs_on	frag	L1200114	1	1.0000
c8	1000	rs_on	frag	L1203652	1	1.0000
c8	1000	rs_on	frag	L1202626	1	0.8582
c8	2000	auto	frag	L1316645	26	0.2577
c8	2000	auto	frag	L1192003	0	0.6913
c8	2000	auto	frag	L1175689	0	0.4916
c8	2000	auto	frag	L1176819	4	0.3540
c8	2000	auto	frag	L1176510	0	1.0000
c8	2000	auto	frag	L1181526	2	0.6329
c8	2000	auto	frag	L1184831	0	0.3448
c8	2000	auto	frag	L1166860	2	0.3337
c8	2000	auto	frag	L1171933	0	0.9937
c8	2000	auto	frag	L1169308	0	0.3087
c8	2000	auto	frag	L1194943	0	0.3341
c8	2000	auto	frag	L1193626	0	0.7982
c8	2000	auto	frag	L1193093	1	0.3893
c8	2000	auto	frag	L1189606	0	1.0000
c8	2000	auto	frag	L1190029	0	1.0000
c8	2000	auto	frag	L1188236	0	0.9986
c8	2000	auto	frag	L1200373	1	0.3895
c8	2000	auto	frag	L1200114	0	0.9936
c8	2000	auto	frag	L1203652	0	0.6999
c8	2000	auto	frag	L1202626	0	0.4356
c8	2000	auto	full	L1316645	8	0.9900
c8	2000	auto	full	L1175689	0	1.0000
c8	2000	auto	full	L1176510	0	1.0000
c8	2000	auto	full	L1176819	1	0.5018
c8	2000	auto	full	L1181526	0	1.0000
c8	2000	auto	full	L1184831	0	1.0000
c8	2000	auto	full	L1166860	1	1.0000
c8	2000	auto	full	L1171933	0	1.0000
c8	2000	auto	full	L1169308	1	1.0000
c8	2000	auto	full	L1194943	1	1.0000
c8	2000	auto	full	L1193626	0	1.0000
c8	2000	auto	full	L1192003	0	1.0000
c8	2000	auto	full	L1193093	1	0.9615
c8	2000	auto	full	L1189606	0	1.0000
c8	2000	auto	full	L1190029	0	1.0000
c8	2000	auto	full	L1188236	0	1.0000
c8	2000	auto	full	L1200373	0	1.0000
c8	2000	auto	full	L1200114	0	1.0000
c8	2000	auto	full	L1203652	0	1.0000
c8	2000	auto	full	L1202626	0	1.0000
c8	2000	diagcpu	frag	L1316645	26	0.2577
c8	2000	diagcpu	frag	L1192003	0	0.6913
c8	2000	diagcpu	frag	L1175689	0	0.4916
c8	2000	diagcpu	frag	L1176819	4	0.3540
c8	2000	diagcpu	frag	L1176510	0	1.0000
c8	2000	diagcpu	frag	L1181526	2	0.6329
c8	2000	diagcpu	frag	L1184831	0	0.3448
c8	2000	diagcpu	frag	L1166860	2	0.3337
c8	2000	diagcpu	frag	L1171933	0	0.9937
c8	2000	diagcpu	frag	L1169308	0	0.3087
c8	2000	diagcpu	frag	L1194943	0	0.3341
c8	2000	diagcpu	frag	L1193626	0	0.7982
c8	2000	diagcpu	frag	L1193093	1	0.3893
c8	2000	diagcpu	frag	L1189606	0	1.0000
c8	2000	diagcpu	frag	L1190029	0	1.0000
c8	2000	diagcpu	frag	L1188236	0	0.9986
c8	2000	diagcpu	frag	L1200373	1	0.3895
c8	2000	diagcpu	frag	L1200114	0	0.9936
c8	2000	diagcpu	frag	L1203652	0	0.6999
c8	2000	diagcpu	frag	L1202626	0	0.4356
c8	2000	fix	frag	L1316645	26	0.2577
c8	2000	fix	frag	L1192003	0	0.6913
c8	2000	fix	frag	L1175689	0	0.4916
c8	2000	fix	frag	L1176819	4	0.3540
c8	2000	fix	frag	L1176510	0	1.0000
c8	2000	fix	frag	L1181526	2	0.6329
c8	2000	fix	frag	L1184831	0	0.3448
c8	2000	fix	frag	L1166860	2	0.3337
c8	2000	fix	frag	L1171933	0	0.9937
c8	2000	fix	frag	L1169308	0	0.3087
c8	2000	fix	frag	L1194943	0	0.3341
c8	2000	fix	frag	L1193626	0	0.7982
c8	2000	fix	frag	L1193093	1	0.3893
c8	2000	fix	frag	L1189606	0	1.0000
c8	2000	fix	frag	L1190029	0	1.0000
c8	2000	fix	frag	L1188236	0	0.9986
c8	2000	fix	frag	L1200373	1	0.3895
c8	2000	fix	frag	L1200114	0	0.9936
c8	2000	fix	frag	L1203652	0	0.6999
c8	2000	fix	frag	L1202626	0	0.4356
c8	2000	fix	full	L1316645	8	0.9900
c8	2000	fix	full	L1175689	0	1.0000
c8	2000	fix	full	L1176510	0	1.0000
c8	2000	fix	full	L1176819	1	0.5018
c8	2000	fix	full	L1181526	0	1.0000
c8	2000	fix	full	L1184831	0	1.0000
c8	2000	fix	full	L1166860	1	1.0000
c8	2000	fix	full	L1171933	0	1.0000
c8	2000	fix	full	L1169308	1	1.0000
c8	2000	fix	full	L1194943	1	1.0000
c8	2000	fix	full	L1193626	0	1.0000
c8	2000	fix	full	L1192003	0	1.0000
c8	2000	fix	full	L1193093	1	0.9615
c8	2000	fix	full	L1189606	0	1.0000
c8	2000	fix	full	L1190029	0	1.0000
c8	2000	fix	full	L1188236	0	1.0000
c8	2000	fix	full	L1200373	0	1.0000
c8	2000	fix	full	L1200114	0	1.0000
c8	2000	fix	full	L1203652	0	1.0000
c8	2000	fix	full	L1202626	0	1.0000
c8	2000	fix_noheur	frag	L1166860	2	0.3281
c8	2000	fix_noheur	frag	L1169308	0	0.3087
c8	2000	fix_noheur	frag	L1171933	0	0.9937
c8	2000	fix_noheur	frag	L1175689	0	0.4916
c8	2000	fix_noheur	frag	L1176510	0	1.0000
c8	2000	fix_noheur	frag	L1176819	4	0.3540
c8	2000	fix_noheur	frag	L1181526	2	0.6328
c8	2000	fix_noheur	frag	L1184831	0	0.3447
c8	2000	fix_noheur	frag	L1188236	0	0.9972
c8	2000	fix_noheur	frag	L1189606	0	1.0000
c8	2000	fix_noheur	frag	L1190029	0	1.0000
c8	2000	fix_noheur	frag	L1192003	0	0.6891
c8	2000	fix_noheur	frag	L1193093	1	0.3893
c8	2000	fix_noheur	frag	L1193626	0	0.7982
c8	2000	fix_noheur	frag	L1194943	0	0.3341
c8	2000	fix_noheur	frag	L1200114	0	0.9936
c8	2000	fix_noheur	frag	L1200373	1	0.3894
c8	2000	fix_noheur	frag	L1202626	0	0.4356
c8	2000	fix_noheur	frag	L1203652	0	0.6999
c8	2000	fix_noheur	frag	L1316645	26	0.2403
c8	2000	fix_rson	frag	L1316645	26	0.2577
c8	2000	fix_rson	frag	L1192003	0	0.6913
c8	2000	fix_rson	frag	L1175689	0	0.4916
c8	2000	fix_rson	frag	L1176819	4	0.3540
c8	2000	fix_rson	frag	L1176510	0	1.0000
c8	2000	fix_rson	frag	L1181526	2	0.6329
c8	2000	fix_rson	frag	L1184831	0	0.3448
c8	2000	fix_rson	frag	L1166860	2	0.3337
c8	2000	fix_rson	frag	L1171933	0	0.9937
c8	2000	fix_rson	frag	L1169308	0	0.3087
c8	2000	fix_rson	frag	L1194943	0	0.3341
c8	2000	fix_rson	frag	L1193626	0	0.7982
c8	2000	fix_rson	frag	L1193093	1	0.3893
c8	2000	fix_rson	frag	L1189606	0	1.0000
c8	2000	fix_rson	frag	L1190029	0	1.0000
c8	2000	fix_rson	frag	L1188236	0	0.9986
c8	2000	fix_rson	frag	L1200373	1	0.3895
c8	2000	fix_rson	frag	L1200114	0	0.9936
c8	2000	fix_rson	frag	L1203652	0	0.6999
c8	2000	fix_rson	frag	L1202626	0	0.4356
c8	2000	noheur	frag	L1166860	2	0.3281
c8	2000	noheur	frag	L1169308	0	0.3087
c8	2000	noheur	frag	L1171933	0	0.9937
c8	2000	noheur	frag	L1175689	0	0.4916
c8	2000	noheur	frag	L1176510	0	1.0000
c8	2000	noheur	frag	L1176819	4	0.3540
c8	2000	noheur	frag	L1181526	2	0.6328
c8	2000	noheur	frag	L1184831	0	0.3447
c8	2000	noheur	frag	L1188236	0	0.9972
c8	2000	noheur	frag	L1189606	0	1.0000
c8	2000	noheur	frag	L1190029	0	1.0000
c8	2000	noheur	frag	L1192003	0	0.6891
c8	2000	noheur	frag	L1193093	1	0.3893
c8	2000	noheur	frag	L1193626	0	0.7982
c8	2000	noheur	frag	L1194943	0	0.3341
c8	2000	noheur	frag	L1200114	0	0.9936
c8	2000	noheur	frag	L1200373	1	0.3894
c8	2000	noheur	frag	L1202626	0	0.4356
c8	2000	noheur	frag	L1203652	0	0.6999
c8	2000	noheur	frag	L1316645	26	0.2403
c8	2000	nopremask	frag	L1316645	26	0.2532
c8	2000	nopremask	frag	L1192003	0	0.7041
c8	2000	nopremask	frag	L1175689	0	0.4841
c8	2000	nopremask	frag	L1176819	4	0.3766
c8	2000	nopremask	frag	L1176510	0	1.0000
c8	2000	nopremask	frag	L1181526	2	0.6132
c8	2000	nopremask	frag	L1184831	1	0.3653
c8	2000	nopremask	frag	L1166860	2	0.9151
c8	2000	nopremask	frag	L1171933	0	0.9967
c8	2000	nopremask	frag	L1169308	0	0.8728
c8	2000	nopremask	frag	L1194943	1	0.5076
c8	2000	nopremask	frag	L1193626	0	0.7845
c8	2000	nopremask	frag	L1193093	0	0.4410
c8	2000	nopremask	frag	L1189606	0	1.0000
c8	2000	nopremask	frag	L1190029	0	1.0000
c8	2000	nopremask	frag	L1188236	0	0.9994
c8	2000	nopremask	frag	L1200373	1	0.4552
c8	2000	nopremask	frag	L1200114	0	0.9938
c8	2000	nopremask	frag	L1203652	0	0.5364
c8	2000	nopremask	frag	L1202626	0	0.4660
c8	2000	pplacer	frag	L1192003	0	0.8596
c8	2000	pplacer	frag	L1184831	0	0.4564
c8	2000	pplacer	frag	L1200373	0	0.3526
c8	2000	pplacer	frag	L1169308	0	0.9454
c8	2000	pplacer	frag	L1176510	0	1.0000
c8	2000	pplacer	frag	L1166860	2	0.9645
c8	2000	pplacer	frag	L1203652	0	0.4902
c8	2000	pplacer	frag	L1181526	2	0.5849
c8	2000	pplacer	frag	L1193626	0	0.8606
c8	2000	pplacer	frag	L1176819	4	0.5218
c8	2000	pplacer	frag	L1200114	0	0.9796
c8	2000	pplacer	frag	L1316645	26	0.4490
c8	2000	pplacer	frag	L1194943	0	0.3334
c8	2000	pplacer	frag	L1202626	0	0.4734
c8	2000	pplacer	frag	L1171933	0	1.0000
c8	2000	pplacer	frag	L1193093	1	0.3790
c8	2000	pplacer	frag	L1188236	0	1.0000
c8	2000	pplacer	frag	L1190029	0	1.0000
c8	2000	pplacer	frag	L1189606	0	1.0000
c8	2000	pplacer	frag	L1175689	0	0.5123
c8	2000	rs_on	frag	L1316645	14	1.0000
c8	2000	rs_on	frag	L1192003	8	1.0000
c8	2000	rs_on	frag	L1175689	1	1.0000
c8	2000	rs_on	frag	L1176819	2	1.0000
c8	2000	rs_on	frag	L1176510	0	1.0000
c8	2000	rs_on	frag	L1181526	1	0.9992
c8	2000	rs_on	frag	L1184831	0	0.3448
c8	2000	rs_on	frag	L1166860	3	1.0000
c8	2000	rs_on	frag	L1171933	1	1.0000
c8	2000	rs_on	frag	L1169308	1	0.9992
c8	2000	rs_on	frag	L1194943	0	1.0000
c8	2000	rs_on	frag	L1193626	0	0.9307
c8	2000	rs_on	frag	L1193093	1	0.4113
c8	2000	rs_on	frag	L1189606	0	1.0000
c8	2000	rs_on	frag	L1190029	0	1.0000
c8	2000	rs_on	frag	L1188236	2	1.0000
c8	2000	rs_on	frag	L1200373	1	1.0000
c8	2000	rs_on	frag	L1200114	1	1.0000
c8	2000	rs_on	frag	L1203652	1	0.5640
c8	2000	rs_on	frag	L1202626	0	1.0000
c8	3000	auto	frag	L1316645	5	1.0000
c8	3000	auto	frag	L1192003	8	1.0000
c8	3000	auto	frag	L1175689	1	0.7866
c8	3000	auto	frag	L1176819	3	0.7877
c8	3000	auto	frag	L1176510	0	1.0000
c8	3000	auto	frag	L1181526	2	0.3519
c8	3000	auto	frag	L1184831	0	0.3456
c8	3000	auto	frag	L1166860	3	1.0000
c8	3000	auto	frag	L1171933	0	1.0000
c8	3000	auto	frag	L1169308	1	0.4949
c8	3000	auto	frag	L1194943	1	0.6246
c8	3000	auto	frag	L1193626	1	0.5012
c8	3000	auto	frag	L1193093	1	0.3669
c8	3000	auto	frag	L1189606	0	1.0000
c8	3000	auto	frag	L1190029	0	1.0000
c8	3000	auto	frag	L1188236	0	1.0000
c8	3000	auto	frag	L1200373	1	1.0000
c8	3000	auto	frag	L1200114	1	1.0000
c8	3000	auto	frag	L1203652	1	0.5619
c8	3000	auto	frag	L1202626	0	0.5012
c8	3000	auto	full	L1316645	2	1.0000
c8	3000	auto	full	L1175689	0	1.0000
c8	3000	auto	full	L1176510	0	1.0000
c8	3000	auto	full	L1176819	1	0.5501
c8	3000	auto	full	L1181526	0	1.0000
c8	3000	auto	full	L1184831	0	1.0000
c8	3000	auto	full	L1166860	1	1.0000
c8	3000	auto	full	L1171933	0	1.0000
c8	3000	auto	full	L1169308	1	1.0000
c8	3000	auto	full	L1194943	1	1.0000
c8	3000	auto	full	L1193626	0	1.0000
c8	3000	auto	full	L1192003	0	1.0000
c8	3000	auto	full	L1193093	1	0.9612
c8	3000	auto	full	L1189606	0	1.0000
c8	3000	auto	full	L1190029	0	1.0000
c8	3000	auto	full	L1188236	0	1.0000
c8	3000	auto	full	L1200373	0	1.0000
c8	3000	auto	full	L1200114	0	1.0000
c8	3000	auto	full	L1203652	0	1.0000
c8	3000	auto	full	L1202626	0	1.0000
c8	3000	fix	frag	L1316645	3	0.2140
c8	3000	fix	frag	L1192003	0	0.5036
c8	3000	fix	frag	L1175689	0	0.4914
c8	3000	fix	frag	L1176819	4	0.3445
c8	3000	fix	frag	L1176510	0	1.0000
c8	3000	fix	frag	L1181526	2	0.6340
c8	3000	fix	frag	L1184831	0	0.3456
c8	3000	fix	frag	L1166860	1	0.3455
c8	3000	fix	frag	L1171933	0	0.9938
c8	3000	fix	frag	L1169308	0	0.3092
c8	3000	fix	frag	L1194943	0	0.3341
c8	3000	fix	frag	L1193626	0	0.7998
c8	3000	fix	frag	L1193093	1	0.3899
c8	3000	fix	frag	L1189606	0	1.0000
c8	3000	fix	frag	L1190029	0	1.0000
c8	3000	fix	frag	L1188236	0	0.9986
c8	3000	fix	frag	L1200373	1	0.3878
c8	3000	fix	frag	L1200114	0	0.9934
c8	3000	fix	frag	L1203652	0	0.6961
c8	3000	fix	frag	L1202626	0	0.4377
c8	3000	fix	full	L1316645	2	1.0000
c8	3000	fix	full	L1175689	0	1.0000
c8	3000	fix	full	L1176510	0	1.0000
c8	3000	fix	full	L1176819	1	0.5501
c8	3000	fix	full	L1181526	0	1.0000
c8	3000	fix	full	L1184831	0	1.0000
c8	3000	fix	full	L1166860	1	1.0000
c8	3000	fix	full	L1171933	0	1.0000
c8	3000	fix	full	L1169308	1	1.0000
c8	3000	fix	full	L1194943	1	1.0000
c8	3000	fix	full	L1193626	0	1.0000
c8	3000	fix	full	L1192003	0	1.0000
c8	3000	fix	full	L1193093	1	0.9612
c8	3000	fix	full	L1189606	0	1.0000
c8	3000	fix	full	L1190029	0	1.0000
c8	3000	fix	full	L1188236	0	1.0000
c8	3000	fix	full	L1200373	0	1.0000
c8	3000	fix	full	L1200114	0	1.0000
c8	3000	fix	full	L1203652	0	1.0000
c8	3000	fix	full	L1202626	0	1.0000
c8	3000	fix_noheur	frag	L1166860	1	0.3360
c8	3000	fix_noheur	frag	L1169308	0	0.3092
c8	3000	fix_noheur	frag	L1171933	0	0.9938
c8	3000	fix_noheur	frag	L1175689	0	0.4914
c8	3000	fix_noheur	frag	L1176510	0	1.0000
c8	3000	fix_noheur	frag	L1176819	4	0.3445
c8	3000	fix_noheur	frag	L1181526	2	0.6339
c8	3000	fix_noheur	frag	L1184831	0	0.3456
c8	3000	fix_noheur	frag	L1188236	0	0.9971
c8	3000	fix_noheur	frag	L1189606	0	1.0000
c8	3000	fix_noheur	frag	L1190029	0	1.0000
c8	3000	fix_noheur	frag	L1192003	0	0.5015
c8	3000	fix_noheur	frag	L1193093	1	0.3899
c8	3000	fix_noheur	frag	L1193626	0	0.7998
c8	3000	fix_noheur	frag	L1194943	0	0.3341
c8	3000	fix_noheur	frag	L1200114	0	0.9934
c8	3000	fix_noheur	frag	L1200373	1	0.3877
c8	3000	fix_noheur	frag	L1202626	0	0.4377
c8	3000	fix_noheur	frag	L1203652	0	0.6961
c8	3000	fix_noheur	frag	L1316645	3	0.2135
c8	3000	noheur	frag	L1166860	14	1.0000
c8	3000	noheur	frag	L1169308	19	0.9994
c8	3000	noheur	frag	L1171933	31	1.0000
c8	3000	noheur	frag	L1175689	12	1.0000
c8	3000	noheur	frag	L1176510	14	1.0000
c8	3000	noheur	frag	L1176819	15	1.0000
c8	3000	noheur	frag	L1181526	18	1.0000
c8	3000	noheur	frag	L1184831	0	0.3456
c8	3000	noheur	frag	L1188236	22	1.0000
c8	3000	noheur	frag	L1189606	7	1.0000
c8	3000	noheur	frag	L1190029	12	1.0000
c8	3000	noheur	frag	L1192003	14	1.0000
c8	3000	noheur	frag	L1193093	14	1.0000
c8	3000	noheur	frag	L1193626	15	1.0000
c8	3000	noheur	frag	L1194943	14	0.5159
c8	3000	noheur	frag	L1200114	12	1.0000
c8	3000	noheur	frag	L1200373	13	1.0000
c8	3000	noheur	frag	L1202626	11	1.0000
c8	3000	noheur	frag	L1203652	13	0.9967
c8	3000	noheur	frag	L1316645	9	1.0000
c8	3000	nopremask	frag	L1316645	3	0.2170
c8	3000	nopremask	frag	L1192003	0	0.5266
c8	3000	nopremask	frag	L1175689	0	0.4880
c8	3000	nopremask	frag	L1176819	4	0.3743
c8	3000	nopremask	frag	L1176510	0	1.0000
c8	3000	nopremask	frag	L1181526	2	0.6154
c8	3000	nopremask	frag	L1184831	1	0.3660
c8	3000	nopremask	frag	L1166860	2	0.9449
c8	3000	nopremask	frag	L1171933	0	0.9968
c8	3000	nopremask	frag	L1169308	0	0.8776
c8	3000	nopremask	frag	L1194943	1	0.4646
c8	3000	nopremask	frag	L1193626	0	0.7860
c8	3000	nopremask	frag	L1193093	0	0.4396
c8	3000	nopremask	frag	L1189606	0	1.0000
c8	3000	nopremask	frag	L1190029	0	1.0000
c8	3000	nopremask	frag	L1188236	0	0.9994
c8	3000	nopremask	frag	L1200373	1	0.4434
c8	3000	nopremask	frag	L1200114	0	0.9936
c8	3000	nopremask	frag	L1203652	0	0.5247
c8	3000	nopremask	frag	L1202626	0	0.4716
c8	3000	pplacer	frag	L1190029	0	1.0000
c8	3000	pplacer	frag	L1176510	0	1.0000
c8	3000	pplacer	frag	L1193626	0	0.8603
c8	3000	pplacer	frag	L1316645	3	0.2054
c8	3000	pplacer	frag	L1181526	2	0.5843
c8	3000	pplacer	frag	L1175689	0	0.5126
c8	3000	pplacer	frag	L1200373	0	0.3512
c8	3000	pplacer	frag	L1193093	1	0.3789
c8	3000	pplacer	frag	L1166860	2	0.9645
c8	3000	pplacer	frag	L1184831	0	0.4565
c8	3000	pplacer	frag	L1188236	0	1.0000
c8	3000	pplacer	frag	L1202626	0	0.4733
c8	3000	pplacer	frag	L1169308	0	0.9454
c8	3000	pplacer	frag	L1189606	0	1.0000
c8	3000	pplacer	frag	L1200114	0	0.9796
c8	3000	pplacer	frag	L1194943	0	0.3334
c8	3000	pplacer	frag	L1203652	0	0.4913
c8	3000	pplacer	frag	L1192003	0	0.8597
c8	3000	pplacer	frag	L1176819	4	0.5221
c8	3000	pplacer	frag	L1171933	0	1.0000
c8	3000	rs_off	frag	L1316645	3	0.2140
c8	3000	rs_off	frag	L1192003	0	0.5036
c8	3000	rs_off	frag	L1175689	0	0.4914
c8	3000	rs_off	frag	L1176819	4	0.3445
c8	3000	rs_off	frag	L1176510	0	1.0000
c8	3000	rs_off	frag	L1181526	2	0.6340
c8	3000	rs_off	frag	L1184831	0	0.3456
c8	3000	rs_off	frag	L1166860	1	0.3455
c8	3000	rs_off	frag	L1171933	0	0.9938
c8	3000	rs_off	frag	L1169308	0	0.3092
c8	3000	rs_off	frag	L1194943	0	0.3341
c8	3000	rs_off	frag	L1193626	0	0.7998
c8	3000	rs_off	frag	L1193093	1	0.3899
c8	3000	rs_off	frag	L1189606	0	1.0000
c8	3000	rs_off	frag	L1190029	0	1.0000
c8	3000	rs_off	frag	L1188236	0	0.9986
c8	3000	rs_off	frag	L1200373	1	0.3878
c8	3000	rs_off	frag	L1200114	0	0.9934
c8	3000	rs_off	frag	L1203652	0	0.6961
c8	3000	rs_off	frag	L1202626	0	0.4377
c8	3000	rs_on	frag	L1316645	5	1.0000
c8	3000	rs_on	frag	L1192003	8	1.0000
c8	3000	rs_on	frag	L1175689	1	0.7866
c8	3000	rs_on	frag	L1176819	3	0.7877
c8	3000	rs_on	frag	L1176510	0	1.0000
c8	3000	rs_on	frag	L1181526	2	0.3519
c8	3000	rs_on	frag	L1184831	0	0.3456
c8	3000	rs_on	frag	L1166860	3	1.0000
c8	3000	rs_on	frag	L1171933	0	1.0000
c8	3000	rs_on	frag	L1169308	1	0.4949
c8	3000	rs_on	frag	L1194943	1	0.6246
c8	3000	rs_on	frag	L1193626	1	0.5012
c8	3000	rs_on	frag	L1193093	1	0.3669
c8	3000	rs_on	frag	L1189606	0	1.0000
c8	3000	rs_on	frag	L1190029	0	1.0000
c8	3000	rs_on	frag	L1188236	0	1.0000
c8	3000	rs_on	frag	L1200373	1	1.0000
c8	3000	rs_on	frag	L1200114	1	1.0000
c8	3000	rs_on	frag	L1203652	1	0.5619
c8	3000	rs_on	frag	L1202626	0	0.5012
c8	3000	shift	frag	L1316645	3	0.2140
c8	3000	shift	frag	L1192003	0	0.5036
c8	3000	shift	frag	L1175689	0	0.4914
c8	3000	shift	frag	L1176819	4	0.3445
c8	3000	shift	frag	L1176510	0	1.0000
c8	3000	shift	frag	L1181526	2	0.6340
c8	3000	shift	frag	L1184831	0	0.3456
c8	3000	shift	frag	L1166860	1	0.3455
c8	3000	shift	frag	L1171933	0	0.9938
c8	3000	shift	frag	L1169308	0	0.3092
c8	3000	shift	frag	L1194943	0	0.3341
c8	3000	shift	frag	L1193626	0	0.7998
c8	3000	shift	frag	L1193093	1	0.3899
c8	3000	shift	frag	L1189606	0	1.0000
c8	3000	shift	frag	L1190029	0	1.0000
c8	3000	shift	frag	L1188236	0	0.9986
c8	3000	shift	frag	L1200373	1	0.3878
c8	3000	shift	frag	L1200114	0	0.9934
c8	3000	shift	frag	L1203652	0	0.6961
c8	3000	shift	frag	L1202626	0	0.4377
c8	3000	simd	frag	L1316645	5	1.0000
c8	3000	simd	frag	L1192003	8	1.0000
c8	3000	simd	frag	L1175689	1	0.7866
c8	3000	simd	frag	L1176819	3	0.7877
c8	3000	simd	frag	L1176510	0	1.0000
c8	3000	simd	frag	L1181526	2	0.3519
c8	3000	simd	frag	L1184831	0	0.3456
c8	3000	simd	frag	L1166860	3	1.0000
c8	3000	simd	frag	L1171933	0	1.0000
c8	3000	simd	frag	L1169308	1	0.4949
c8	3000	simd	frag	L1194943	1	0.6246
c8	3000	simd	frag	L1193626	1	0.5012
c8	3000	simd	frag	L1193093	1	0.3669
c8	3000	simd	frag	L1189606	0	1.0000
c8	3000	simd	frag	L1190029	0	1.0000
c8	3000	simd	frag	L1188236	0	1.0000
c8	3000	simd	frag	L1200373	1	1.0000
c8	3000	simd	frag	L1200114	1	1.0000
c8	3000	simd	frag	L1203652	1	0.5619
c8	3000	simd	frag	L1202626	0	0.5012
c8	500	auto	frag	L1316645	26	0.3519
c8	500	auto	frag	L1192003	0	0.7051
c8	500	auto	frag	L1175689	0	0.5060
c8	500	auto	frag	L1176819	4	0.3536
c8	500	auto	frag	L1176510	0	1.0000
c8	500	auto	frag	L1181526	2	0.3053
c8	500	auto	frag	L1184831	0	0.3449
c8	500	auto	frag	L1166860	2	0.3334
c8	500	auto	frag	L1171933	0	0.9939
c8	500	auto	frag	L1169308	0	0.3675
c8	500	auto	frag	L1194943	0	0.3341
c8	500	auto	frag	L1193626	0	0.7997
c8	500	auto	frag	L1193093	1	0.3878
c8	500	auto	frag	L1189606	0	1.0000
c8	500	auto	frag	L1190029	0	1.0000
c8	500	auto	frag	L1188236	0	0.9987
c8	500	auto	frag	L1200373	1	0.3939
c8	500	auto	frag	L1200114	0	0.9870
c8	500	auto	frag	L1203652	0	0.7108
c8	500	auto	frag	L1202626	0	0.4329
c8	500	auto	full	L1316645	13	1.0000
c8	500	auto	full	L1175689	0	1.0000
c8	500	auto	full	L1176510	0	1.0000
c8	500	auto	full	L1176819	1	0.5848
c8	500	auto	full	L1181526	0	1.0000
c8	500	auto	full	L1184831	0	1.0000
c8	500	auto	full	L1166860	1	1.0000
c8	500	auto	full	L1171933	0	1.0000
c8	500	auto	full	L1169308	1	1.0000
c8	500	auto	full	L1194943	1	1.0000
c8	500	auto	full	L1193626	0	1.0000
c8	500	auto	full	L1192003	0	1.0000
c8	500	auto	full	L1193093	1	0.9692
c8	500	auto	full	L1189606	0	1.0000
c8	500	auto	full	L1190029	0	1.0000
c8	500	auto	full	L1188236	0	1.0000
c8	500	auto	full	L1200373	0	1.0000
c8	500	auto	full	L1200114	0	1.0000
c8	500	auto	full	L1203652	0	1.0000
c8	500	auto	full	L1202626	0	1.0000
c8	500	diagcpu	frag	L1316645	26	0.3519
c8	500	diagcpu	frag	L1192003	0	0.7051
c8	500	diagcpu	frag	L1175689	0	0.5060
c8	500	diagcpu	frag	L1176819	4	0.3536
c8	500	diagcpu	frag	L1176510	0	1.0000
c8	500	diagcpu	frag	L1181526	2	0.3053
c8	500	diagcpu	frag	L1184831	0	0.3449
c8	500	diagcpu	frag	L1166860	2	0.3334
c8	500	diagcpu	frag	L1171933	0	0.9939
c8	500	diagcpu	frag	L1169308	0	0.3675
c8	500	diagcpu	frag	L1194943	0	0.3341
c8	500	diagcpu	frag	L1193626	0	0.7997
c8	500	diagcpu	frag	L1193093	1	0.3878
c8	500	diagcpu	frag	L1189606	0	1.0000
c8	500	diagcpu	frag	L1190029	0	1.0000
c8	500	diagcpu	frag	L1188236	0	0.9987
c8	500	diagcpu	frag	L1200373	1	0.3939
c8	500	diagcpu	frag	L1200114	0	0.9870
c8	500	diagcpu	frag	L1203652	0	0.7108
c8	500	diagcpu	frag	L1202626	0	0.4329
c8	500	fix	frag	L1316645	26	0.3519
c8	500	fix	frag	L1192003	0	0.7051
c8	500	fix	frag	L1175689	0	0.5060
c8	500	fix	frag	L1176819	4	0.3536
c8	500	fix	frag	L1176510	0	1.0000
c8	500	fix	frag	L1181526	2	0.3053
c8	500	fix	frag	L1184831	0	0.3449
c8	500	fix	frag	L1166860	2	0.3334
c8	500	fix	frag	L1171933	0	0.9939
c8	500	fix	frag	L1169308	0	0.3675
c8	500	fix	frag	L1194943	0	0.3341
c8	500	fix	frag	L1193626	0	0.7997
c8	500	fix	frag	L1193093	1	0.3878
c8	500	fix	frag	L1189606	0	1.0000
c8	500	fix	frag	L1190029	0	1.0000
c8	500	fix	frag	L1188236	0	0.9987
c8	500	fix	frag	L1200373	1	0.3939
c8	500	fix	frag	L1200114	0	0.9870
c8	500	fix	frag	L1203652	0	0.7108
c8	500	fix	frag	L1202626	0	0.4329
c8	500	fix	full	L1316645	13	1.0000
c8	500	fix	full	L1175689	0	1.0000
c8	500	fix	full	L1176510	0	1.0000
c8	500	fix	full	L1176819	1	0.5848
c8	500	fix	full	L1181526	0	1.0000
c8	500	fix	full	L1184831	0	1.0000
c8	500	fix	full	L1166860	1	1.0000
c8	500	fix	full	L1171933	0	1.0000
c8	500	fix	full	L1169308	1	1.0000
c8	500	fix	full	L1194943	1	1.0000
c8	500	fix	full	L1193626	0	1.0000
c8	500	fix	full	L1192003	0	1.0000
c8	500	fix	full	L1193093	1	0.9692
c8	500	fix	full	L1189606	0	1.0000
c8	500	fix	full	L1190029	0	1.0000
c8	500	fix	full	L1188236	0	1.0000
c8	500	fix	full	L1200373	0	1.0000
c8	500	fix	full	L1200114	0	1.0000
c8	500	fix	full	L1203652	0	1.0000
c8	500	fix	full	L1202626	0	1.0000
c8	500	fix_rson	frag	L1316645	26	0.3519
c8	500	fix_rson	frag	L1192003	0	0.7051
c8	500	fix_rson	frag	L1175689	0	0.5060
c8	500	fix_rson	frag	L1176819	4	0.3536
c8	500	fix_rson	frag	L1176510	0	1.0000
c8	500	fix_rson	frag	L1181526	2	0.3053
c8	500	fix_rson	frag	L1184831	0	0.3449
c8	500	fix_rson	frag	L1166860	2	0.3334
c8	500	fix_rson	frag	L1171933	0	0.9939
c8	500	fix_rson	frag	L1169308	0	0.3675
c8	500	fix_rson	frag	L1194943	0	0.3341
c8	500	fix_rson	frag	L1193626	0	0.7997
c8	500	fix_rson	frag	L1193093	1	0.3878
c8	500	fix_rson	frag	L1189606	0	1.0000
c8	500	fix_rson	frag	L1190029	0	1.0000
c8	500	fix_rson	frag	L1188236	0	0.9987
c8	500	fix_rson	frag	L1200373	1	0.3939
c8	500	fix_rson	frag	L1200114	0	0.9870
c8	500	fix_rson	frag	L1203652	0	0.7108
c8	500	fix_rson	frag	L1202626	0	0.4329
c8	500	noheur	frag	L1166860	2	0.3242
c8	500	noheur	frag	L1169308	0	0.3675
c8	500	noheur	frag	L1171933	0	0.9939
c8	500	noheur	frag	L1175689	0	0.5060
c8	500	noheur	frag	L1176510	0	1.0000
c8	500	noheur	frag	L1176819	4	0.3536
c8	500	noheur	frag	L1181526	2	0.3053
c8	500	noheur	frag	L1184831	0	0.3449
c8	500	noheur	frag	L1188236	0	0.9974
c8	500	noheur	frag	L1189606	0	1.0000
c8	500	noheur	frag	L1190029	0	1.0000
c8	500	noheur	frag	L1192003	0	0.7029
c8	500	noheur	frag	L1193093	1	0.3878
c8	500	noheur	frag	L1193626	0	0.7997
c8	500	noheur	frag	L1194943	0	0.3341
c8	500	noheur	frag	L1200114	0	0.9869
c8	500	noheur	frag	L1200373	1	0.3938
c8	500	noheur	frag	L1202626	0	0.4329
c8	500	noheur	frag	L1203652	0	0.7108
c8	500	noheur	frag	L1316645	26	0.3088
c8	500	nopremask	frag	L1316645	26	0.3517
c8	500	nopremask	frag	L1192003	0	0.6962
c8	500	nopremask	frag	L1175689	0	0.4359
c8	500	nopremask	frag	L1176819	4	0.4134
c8	500	nopremask	frag	L1176510	0	1.0000
c8	500	nopremask	frag	L1181526	0	0.3058
c8	500	nopremask	frag	L1184831	1	0.4267
c8	500	nopremask	frag	L1166860	2	0.8302
c8	500	nopremask	frag	L1171933	0	0.9972
c8	500	nopremask	frag	L1169308	0	0.9411
c8	500	nopremask	frag	L1194943	1	0.6499
c8	500	nopremask	frag	L1193626	0	0.8109
c8	500	nopremask	frag	L1193093	0	0.4146
c8	500	nopremask	frag	L1189606	0	1.0000
c8	500	nopremask	frag	L1190029	0	1.0000
c8	500	nopremask	frag	L1188236	0	0.9994
c8	500	nopremask	frag	L1200373	0	0.4559
c8	500	nopremask	frag	L1200114	0	0.9877
c8	500	nopremask	frag	L1203652	0	0.4471
c8	500	nopremask	frag	L1202626	0	0.4430
c8	500	pplacer	frag	L1192003	0	0.8593
c8	500	pplacer	frag	L1184831	0	0.4553
c8	500	pplacer	frag	L1200373	0	0.3561
c8	500	pplacer	frag	L1169308	0	0.9453
c8	500	pplacer	frag	L1176510	0	1.0000
c8	500	pplacer	frag	L1166860	2	0.9645
c8	500	pplacer	frag	L1203652	0	0.4856
c8	500	pplacer	frag	L1181526	2	0.5846
c8	500	pplacer	frag	L1193626	0	0.8611
c8	500	pplacer	frag	L1176819	4	0.5206
c8	500	pplacer	frag	L1200114	0	0.9795
c8	500	pplacer	frag	L1316645	26	0.4496
c8	500	pplacer	frag	L1194943	0	0.3334
c8	500	pplacer	frag	L1202626	0	0.4728
c8	500	pplacer	frag	L1171933	0	1.0000
c8	500	pplacer	frag	L1193093	1	0.3791
c8	500	pplacer	frag	L1188236	0	1.0000
c8	500	pplacer	frag	L1190029	0	1.0000
c8	500	pplacer	frag	L1189606	0	1.0000
c8	500	pplacer	frag	L1175689	0	0.5112
c8	500	rs_on	frag	L1316645	16	1.0000
c8	500	rs_on	frag	L1192003	9	1.0000
c8	500	rs_on	frag	L1175689	1	0.6862
c8	500	rs_on	frag	L1176819	0	1.0000
c8	500	rs_on	frag	L1176510	0	1.0000
c8	500	rs_on	frag	L1181526	4	1.0000
c8	500	rs_on	frag	L1184831	0	0.3449
c8	500	rs_on	frag	L1166860	3	1.0000
c8	500	rs_on	frag	L1171933	1	1.0000
c8	500	rs_on	frag	L1169308	2	0.9878
c8	500	rs_on	frag	L1194943	1	1.0000
c8	500	rs_on	frag	L1193626	1	1.0000
c8	500	rs_on	frag	L1193093	1	0.5730
c8	500	rs_on	frag	L1189606	0	1.0000
c8	500	rs_on	frag	L1190029	0	1.0000
c8	500	rs_on	frag	L1188236	0	1.0000
c8	500	rs_on	frag	L1200373	1	1.0000
c8	500	rs_on	frag	L1200114	0	1.0000
c8	500	rs_on	frag	L1203652	1	0.4480
c8	500	rs_on	frag	L1202626	1	1.0000
c8	5000	auto	frag	L1316645	4	1.0000
c8	5000	auto	frag	L1192003	10	1.0000
c8	5000	auto	frag	L1175689	1	0.5919
c8	5000	auto	frag	L1176819	3	0.9982
c8	5000	auto	frag	L1176510	0	1.0000
c8	5000	auto	frag	L1181526	2	0.5524
c8	5000	auto	frag	L1184831	0	0.3460
c8	5000	auto	frag	L1166860	3	1.0000
c8	5000	auto	frag	L1171933	0	1.0000
c8	5000	auto	frag	L1169308	1	0.9877
c8	5000	auto	frag	L1194943	1	1.0000
c8	5000	auto	frag	L1193626	0	0.9228
c8	5000	auto	frag	L1193093	0	1.0000
c8	5000	auto	frag	L1189606	0	1.0000
c8	5000	auto	frag	L1190029	0	1.0000
c8	5000	auto	frag	L1188236	2	1.0000
c8	5000	auto	frag	L1200373	1	0.6102
c8	5000	auto	frag	L1200114	1	1.0000
c8	5000	auto	frag	L1203652	1	0.7034
c8	5000	auto	frag	L1202626	1	1.0000
c8	5000	auto	full	L1316645	1	0.9984
c8	5000	auto	full	L1175689	0	1.0000
c8	5000	auto	full	L1176510	0	1.0000
c8	5000	auto	full	L1176819	1	0.5847
c8	5000	auto	full	L1181526	0	1.0000
c8	5000	auto	full	L1184831	0	1.0000
c8	5000	auto	full	L1166860	1	1.0000
c8	5000	auto	full	L1171933	0	1.0000
c8	5000	auto	full	L1169308	1	1.0000
c8	5000	auto	full	L1194943	1	1.0000
c8	5000	auto	full	L1193626	0	1.0000
c8	5000	auto	full	L1192003	0	1.0000
c8	5000	auto	full	L1193093	1	0.9611
c8	5000	auto	full	L1189606	0	1.0000
c8	5000	auto	full	L1190029	0	1.0000
c8	5000	auto	full	L1188236	0	1.0000
c8	5000	auto	full	L1200373	0	1.0000
c8	5000	auto	full	L1200114	0	1.0000
c8	5000	auto	full	L1203652	0	1.0000
c8	5000	auto	full	L1202626	0	1.0000
c8	5000	fix	frag	L1316645	4	0.1246
c8	5000	fix	frag	L1192003	0	0.4864
c8	5000	fix	frag	L1175689	0	0.5022
c8	5000	fix	frag	L1176819	4	0.3447
c8	5000	fix	frag	L1176510	0	1.0000
c8	5000	fix	frag	L1181526	2	0.6395
c8	5000	fix	frag	L1184831	0	0.3460
c8	5000	fix	frag	L1166860	2	0.3347
c8	5000	fix	frag	L1171933	0	0.9940
c8	5000	fix	frag	L1169308	0	0.3608
c8	5000	fix	frag	L1194943	0	0.3341
c8	5000	fix	frag	L1193626	0	0.7917
c8	5000	fix	frag	L1193093	1	0.3875
c8	5000	fix	frag	L1189606	0	1.0000
c8	5000	fix	frag	L1190029	0	1.0000
c8	5000	fix	frag	L1188236	0	0.9986
c8	5000	fix	frag	L1200373	1	0.4000
c8	5000	fix	frag	L1200114	0	0.9906
c8	5000	fix	frag	L1203652	0	0.7049
c8	5000	fix	frag	L1202626	0	0.4384
c8	5000	fix	full	L1316645	1	0.9984
c8	5000	fix	full	L1175689	0	1.0000
c8	5000	fix	full	L1176510	0	1.0000
c8	5000	fix	full	L1176819	1	0.5847
c8	5000	fix	full	L1181526	0	1.0000
c8	5000	fix	full	L1184831	0	1.0000
c8	5000	fix	full	L1166860	1	1.0000
c8	5000	fix	full	L1171933	0	1.0000
c8	5000	fix	full	L1169308	1	1.0000
c8	5000	fix	full	L1194943	1	1.0000
c8	5000	fix	full	L1193626	0	1.0000
c8	5000	fix	full	L1192003	0	1.0000
c8	5000	fix	full	L1193093	1	0.9611
c8	5000	fix	full	L1189606	0	1.0000
c8	5000	fix	full	L1190029	0	1.0000
c8	5000	fix	full	L1188236	0	1.0000
c8	5000	fix	full	L1200373	0	1.0000
c8	5000	fix	full	L1200114	0	1.0000
c8	5000	fix	full	L1203652	0	1.0000
c8	5000	fix	full	L1202626	0	1.0000
c8	5000	fix_noheur	frag	L1166860	2	0.3321
c8	5000	fix_noheur	frag	L1169308	0	0.3608
c8	5000	fix_noheur	frag	L1171933	0	0.9940
c8	5000	fix_noheur	frag	L1175689	0	0.5022
c8	5000	fix_noheur	frag	L1176510	0	1.0000
c8	5000	fix_noheur	frag	L1176819	4	0.3447
c8	5000	fix_noheur	frag	L1181526	2	0.6395
c8	5000	fix_noheur	frag	L1184831	0	0.3459
c8	5000	fix_noheur	frag	L1188236	0	0.9972
c8	5000	fix_noheur	frag	L1189606	0	1.0000
c8	5000	fix_noheur	frag	L1190029	0	1.0000
c8	5000	fix_noheur	frag	L1192003	0	0.4842
c8	5000	fix_noheur	frag	L1193093	1	0.3875
c8	5000	fix_noheur	frag	L1193626	0	0.7917
c8	5000	fix_noheur	frag	L1194943	0	0.3341
c8	5000	fix_noheur	frag	L1200114	0	0.9906
c8	5000	fix_noheur	frag	L1200373	1	0.3999
c8	5000	fix_noheur	frag	L1202626	0	0.4384
c8	5000	fix_noheur	frag	L1203652	0	0.7049
c8	5000	fix_noheur	frag	L1316645	4	0.1240
c8	5000	noheur	frag	L1166860	19	1.0000
c8	5000	noheur	frag	L1169308	20	1.0000
c8	5000	noheur	frag	L1171933	16	1.0000
c8	5000	noheur	frag	L1175689	14	1.0000
c8	5000	noheur	frag	L1176510	13	1.0000
c8	5000	noheur	frag	L1176819	16	1.0000
c8	5000	noheur	frag	L1181526	19	1.0000
c8	5000	noheur	frag	L1184831	0	0.3459
c8	5000	noheur	frag	L1188236	23	1.0000
c8	5000	noheur	frag	L1189606	18	1.0000
c8	5000	noheur	frag	L1190029	14	1.0000
c8	5000	noheur	frag	L1192003	18	1.0000
c8	5000	noheur	frag	L1193093	21	1.0000
c8	5000	noheur	frag	L1193626	17	1.0000
c8	5000	noheur	frag	L1194943	18	1.0000
c8	5000	noheur	frag	L1200114	13	1.0000
c8	5000	noheur	frag	L1200373	9	1.0000
c8	5000	noheur	frag	L1202626	14	1.0000
c8	5000	noheur	frag	L1203652	14	1.0000
c8	5000	noheur	frag	L1316645	8	1.0000
c8	5000	nopremask	frag	L1316645	4	0.1349
c8	5000	nopremask	frag	L1192003	0	0.4984
c8	5000	nopremask	frag	L1175689	0	0.4862
c8	5000	nopremask	frag	L1176819	4	0.3766
c8	5000	nopremask	frag	L1176510	0	1.0000
c8	5000	nopremask	frag	L1181526	2	0.6229
c8	5000	nopremask	frag	L1184831	1	0.3611
c8	5000	nopremask	frag	L1166860	2	0.9091
c8	5000	nopremask	frag	L1171933	0	0.9968
c8	5000	nopremask	frag	L1169308	0	0.9506
c8	5000	nopremask	frag	L1194943	1	0.4184
c8	5000	nopremask	frag	L1193626	0	0.7832
c8	5000	nopremask	frag	L1193093	0	0.4186
c8	5000	nopremask	frag	L1189606	0	1.0000
c8	5000	nopremask	frag	L1190029	0	1.0000
c8	5000	nopremask	frag	L1188236	0	0.9994
c8	5000	nopremask	frag	L1200373	1	0.4673
c8	5000	nopremask	frag	L1200114	0	0.9902
c8	5000	nopremask	frag	L1203652	0	0.5501
c8	5000	nopremask	frag	L1202626	0	0.4775
c8	5000	pplacer	frag	L1190029	0	1.0000
c8	5000	pplacer	frag	L1176510	0	1.0000
c8	5000	pplacer	frag	L1193626	0	0.8608
c8	5000	pplacer	frag	L1316645	4	0.2251
c8	5000	pplacer	frag	L1181526	2	0.5878
c8	5000	pplacer	frag	L1175689	0	0.5132
c8	5000	pplacer	frag	L1200373	0	0.3514
c8	5000	pplacer	frag	L1193093	1	0.3788
c8	5000	pplacer	frag	L1166860	2	0.9645
c8	5000	pplacer	frag	L1184831	0	0.4581
c8	5000	pplacer	frag	L1188236	0	1.0000
c8	5000	pplacer	frag	L1202626	0	0.4748
c8	5000	pplacer	frag	L1169308	0	0.9457
c8	5000	pplacer	frag	L1189606	0	1.0000
c8	5000	pplacer	frag	L1200114	0	0.9796
c8	5000	pplacer	frag	L1194943	0	0.3334
c8	5000	pplacer	frag	L1203652	0	0.4934
c8	5000	pplacer	frag	L1192003	0	0.8596
c8	5000	pplacer	frag	L1176819	4	0.5228
c8	5000	pplacer	frag	L1171933	0	1.0000
c8	5000	rs_on	frag	L1316645	4	1.0000
c8	5000	rs_on	frag	L1192003	10	1.0000
c8	5000	rs_on	frag	L1175689	1	0.5919
c8	5000	rs_on	frag	L1176819	3	0.9982
c8	5000	rs_on	frag	L1176510	0	1.0000
c8	5000	rs_on	frag	L1181526	2	0.5524
c8	5000	rs_on	frag	L1184831	0	0.3460
c8	5000	rs_on	frag	L1166860	3	1.0000
c8	5000	rs_on	frag	L1171933	0	1.0000
c8	5000	rs_on	frag	L1169308	1	0.9877
c8	5000	rs_on	frag	L1194943	1	1.0000
c8	5000	rs_on	frag	L1193626	0	0.9228
c8	5000	rs_on	frag	L1193093	0	1.0000
c8	5000	rs_on	frag	L1189606	0	1.0000
c8	5000	rs_on	frag	L1190029	0	1.0000
c8	5000	rs_on	frag	L1188236	2	1.0000
c8	5000	rs_on	frag	L1200373	1	0.6102
c8	5000	rs_on	frag	L1200114	1	1.0000
c8	5000	rs_on	frag	L1203652	1	0.7034
c8	5000	rs_on	frag	L1202626	1	1.0000
c8	5000	shift	frag	L1316645	4	0.1246
c8	5000	shift	frag	L1192003	0	0.4864
c8	5000	shift	frag	L1175689	0	0.5022
c8	5000	shift	frag	L1176819	4	0.3447
c8	5000	shift	frag	L1176510	0	1.0000
c8	5000	shift	frag	L1181526	2	0.6395
c8	5000	shift	frag	L1184831	0	0.3460
c8	5000	shift	frag	L1166860	2	0.3347
c8	5000	shift	frag	L1171933	0	0.9940
c8	5000	shift	frag	L1169308	0	0.3608
c8	5000	shift	frag	L1194943	0	0.3341
c8	5000	shift	frag	L1193626	0	0.7917
c8	5000	shift	frag	L1193093	1	0.3875
c8	5000	shift	frag	L1189606	0	1.0000
c8	5000	shift	frag	L1190029	0	1.0000
c8	5000	shift	frag	L1188236	0	0.9986
c8	5000	shift	frag	L1200373	1	0.4000
c8	5000	shift	frag	L1200114	0	0.9906
c8	5000	shift	frag	L1203652	0	0.7049
c8	5000	shift	frag	L1202626	0	0.4384
c8	5000	simd	frag	L1316645	4	1.0000
c8	5000	simd	frag	L1192003	10	1.0000
c8	5000	simd	frag	L1175689	1	0.5919
c8	5000	simd	frag	L1176819	3	0.9982
c8	5000	simd	frag	L1176510	0	1.0000
c8	5000	simd	frag	L1181526	2	0.5524
c8	5000	simd	frag	L1184831	0	0.3460
c8	5000	simd	frag	L1166860	3	1.0000
c8	5000	simd	frag	L1171933	0	1.0000
c8	5000	simd	frag	L1169308	1	0.9877
c8	5000	simd	frag	L1194943	1	1.0000
c8	5000	simd	frag	L1193626	0	0.9228
c8	5000	simd	frag	L1193093	0	1.0000
c8	5000	simd	frag	L1189606	0	1.0000
c8	5000	simd	frag	L1190029	0	1.0000
c8	5000	simd	frag	L1188236	2	1.0000
c8	5000	simd	frag	L1200373	1	0.6102
c8	5000	simd	frag	L1200114	1	1.0000
c8	5000	simd	frag	L1203652	1	0.7034
c8	5000	simd	frag	L1202626	1	1.0000
c9	1000	auto	frag	L847988	1	0.2830
c9	1000	auto	frag	L885624	5	0.0984
c9	1000	auto	frag	L853299	0	1.0000
c9	1000	auto	frag	L894181	8	0.1614
c9	1000	auto	frag	L855747	1	0.2044
c9	1000	auto	frag	L849505	0	0.5690
c9	1000	auto	frag	L883660	0	0.4788
c9	1000	auto	frag	L888692	1	0.1112
c9	1000	auto	frag	L855935	0	0.9850
c9	1000	auto	frag	L858843	0	0.9997
c9	1000	auto	frag	L864050	0	1.0000
c9	1000	auto	frag	L862725	0	1.0000
c9	1000	auto	frag	L856753	0	1.0000
c9	1000	auto	frag	L868640	0	1.0000
c9	1000	auto	frag	L873249	0	0.9837
c9	1000	auto	frag	L869371	0	0.4702
c9	1000	auto	frag	L869433	0	0.9933
c9	1000	auto	frag	L886813	0	0.2823
c9	1000	auto	frag	L886474	7	0.4595
c9	1000	auto	frag	L883133	0	0.9390
c9	1000	auto	frag	L886084	0	0.4517
c9	1000	auto	frag	L888328	0	0.9966
c9	1000	auto	frag	L888339	0	1.0000
c9	1000	auto	frag	L884453	0	0.9119
c9	1000	auto	frag	L885068	0	0.8622
c9	1000	auto	frag	L892540	0	1.0000
c9	1000	auto	full	L853299	0	1.0000
c9	1000	auto	full	L847988	0	1.0000
c9	1000	auto	full	L849505	0	1.0000
c9	1000	auto	full	L855935	0	1.0000
c9	1000	auto	full	L858843	0	1.0000
c9	1000	auto	full	L864050	0	1.0000
c9	1000	auto	full	L862725	0	1.0000
c9	1000	auto	full	L856753	0	1.0000
c9	1000	auto	full	L868640	0	1.0000
c9	1000	auto	full	L873249	0	1.0000
c9	1000	auto	full	L869371	0	1.0000
c9	1000	auto	full	L869433	0	1.0000
c9	1000	auto	full	L855747	0	0.3744
c9	1000	auto	full	L883660	0	1.0000
c9	1000	auto	full	L883133	0	1.0000
c9	1000	auto	full	L888328	0	1.0000
c9	1000	auto	full	L888339	0	1.0000
c9	1000	auto	full	L886813	0	1.0000
c9	1000	auto	full	L888692	1	0.3534
c9	1000	auto	full	L884453	0	1.0000
c9	1000	auto	full	L886474	1	0.7549
c9	1000	auto	full	L885068	0	1.0000
c9	1000	auto	full	L886084	0	1.0000
c9	1000	auto	full	L885624	0	1.0000
c9	1000	auto	full	L892540	0	1.0000
c9	1000	auto	full	L894181	0	1.0000
c9	1000	diagcpu	frag	L847988	1	0.2830
c9	1000	diagcpu	frag	L885624	5	0.0984
c9	1000	diagcpu	frag	L853299	0	1.0000
c9	1000	diagcpu	frag	L894181	8	0.1614
c9	1000	diagcpu	frag	L855747	1	0.2044
c9	1000	diagcpu	frag	L849505	0	0.5690
c9	1000	diagcpu	frag	L883660	0	0.4788
c9	1000	diagcpu	frag	L888692	1	0.1112
c9	1000	diagcpu	frag	L855935	0	0.9850
c9	1000	diagcpu	frag	L858843	0	0.9997
c9	1000	diagcpu	frag	L864050	0	1.0000
c9	1000	diagcpu	frag	L862725	0	1.0000
c9	1000	diagcpu	frag	L856753	0	1.0000
c9	1000	diagcpu	frag	L868640	0	1.0000
c9	1000	diagcpu	frag	L873249	0	0.9837
c9	1000	diagcpu	frag	L869371	0	0.4702
c9	1000	diagcpu	frag	L869433	0	0.9933
c9	1000	diagcpu	frag	L886813	0	0.2823
c9	1000	diagcpu	frag	L886474	7	0.4595
c9	1000	diagcpu	frag	L883133	0	0.9390
c9	1000	diagcpu	frag	L886084	0	0.4517
c9	1000	diagcpu	frag	L888328	0	0.9966
c9	1000	diagcpu	frag	L888339	0	1.0000
c9	1000	diagcpu	frag	L884453	0	0.9119
c9	1000	diagcpu	frag	L885068	0	0.8622
c9	1000	diagcpu	frag	L892540	0	1.0000
c9	1000	fix	frag	L847988	1	0.2830
c9	1000	fix	frag	L885624	5	0.0984
c9	1000	fix	frag	L853299	0	1.0000
c9	1000	fix	frag	L894181	8	0.1614
c9	1000	fix	frag	L855747	1	0.2044
c9	1000	fix	frag	L849505	0	0.5690
c9	1000	fix	frag	L883660	0	0.4788
c9	1000	fix	frag	L888692	1	0.1112
c9	1000	fix	frag	L855935	0	0.9850
c9	1000	fix	frag	L858843	0	0.9997
c9	1000	fix	frag	L864050	0	1.0000
c9	1000	fix	frag	L862725	0	1.0000
c9	1000	fix	frag	L856753	0	1.0000
c9	1000	fix	frag	L868640	0	1.0000
c9	1000	fix	frag	L873249	0	0.9837
c9	1000	fix	frag	L869371	0	0.4702
c9	1000	fix	frag	L869433	0	0.9933
c9	1000	fix	frag	L886813	0	0.2823
c9	1000	fix	frag	L886474	7	0.4595
c9	1000	fix	frag	L883133	0	0.9390
c9	1000	fix	frag	L886084	0	0.4517
c9	1000	fix	frag	L888328	0	0.9966
c9	1000	fix	frag	L888339	0	1.0000
c9	1000	fix	frag	L884453	0	0.9119
c9	1000	fix	frag	L885068	0	0.8622
c9	1000	fix	frag	L892540	0	1.0000
c9	1000	fix	full	L853299	0	1.0000
c9	1000	fix	full	L847988	0	1.0000
c9	1000	fix	full	L849505	0	1.0000
c9	1000	fix	full	L855935	0	1.0000
c9	1000	fix	full	L858843	0	1.0000
c9	1000	fix	full	L864050	0	1.0000
c9	1000	fix	full	L862725	0	1.0000
c9	1000	fix	full	L856753	0	1.0000
c9	1000	fix	full	L868640	0	1.0000
c9	1000	fix	full	L873249	0	1.0000
c9	1000	fix	full	L869371	0	1.0000
c9	1000	fix	full	L869433	0	1.0000
c9	1000	fix	full	L855747	0	0.3744
c9	1000	fix	full	L883660	0	1.0000
c9	1000	fix	full	L883133	0	1.0000
c9	1000	fix	full	L888328	0	1.0000
c9	1000	fix	full	L888339	0	1.0000
c9	1000	fix	full	L886813	0	1.0000
c9	1000	fix	full	L888692	1	0.3534
c9	1000	fix	full	L884453	0	1.0000
c9	1000	fix	full	L886474	1	0.7549
c9	1000	fix	full	L885068	0	1.0000
c9	1000	fix	full	L886084	0	1.0000
c9	1000	fix	full	L885624	0	1.0000
c9	1000	fix	full	L892540	0	1.0000
c9	1000	fix	full	L894181	0	1.0000
c9	1000	fix_rson	frag	L847988	1	0.2830
c9	1000	fix_rson	frag	L885624	5	0.0984
c9	1000	fix_rson	frag	L853299	0	1.0000
c9	1000	fix_rson	frag	L894181	8	0.1614
c9	1000	fix_rson	frag	L855747	1	0.2044
c9	1000	fix_rson	frag	L849505	0	0.5690
c9	1000	fix_rson	frag	L883660	0	0.4788
c9	1000	fix_rson	frag	L888692	1	0.1112
c9	1000	fix_rson	frag	L855935	0	0.9850
c9	1000	fix_rson	frag	L858843	0	0.9997
c9	1000	fix_rson	frag	L864050	0	1.0000
c9	1000	fix_rson	frag	L862725	0	1.0000
c9	1000	fix_rson	frag	L856753	0	1.0000
c9	1000	fix_rson	frag	L868640	0	1.0000
c9	1000	fix_rson	frag	L873249	0	0.9837
c9	1000	fix_rson	frag	L869371	0	0.4702
c9	1000	fix_rson	frag	L869433	0	0.9933
c9	1000	fix_rson	frag	L886813	0	0.2823
c9	1000	fix_rson	frag	L886474	7	0.4595
c9	1000	fix_rson	frag	L883133	0	0.9390
c9	1000	fix_rson	frag	L886084	0	0.4517
c9	1000	fix_rson	frag	L888328	0	0.9966
c9	1000	fix_rson	frag	L888339	0	1.0000
c9	1000	fix_rson	frag	L884453	0	0.9119
c9	1000	fix_rson	frag	L885068	0	0.8622
c9	1000	fix_rson	frag	L892540	0	1.0000
c9	1000	noheur	frag	L847988	1	0.2826
c9	1000	noheur	frag	L849505	0	0.5690
c9	1000	noheur	frag	L853299	0	1.0000
c9	1000	noheur	frag	L855747	1	0.2034
c9	1000	noheur	frag	L855935	0	0.9848
c9	1000	noheur	frag	L856753	0	1.0000
c9	1000	noheur	frag	L858843	0	0.9996
c9	1000	noheur	frag	L862725	0	1.0000
c9	1000	noheur	frag	L864050	0	1.0000
c9	1000	noheur	frag	L868640	0	1.0000
c9	1000	noheur	frag	L869371	0	0.4702
c9	1000	noheur	frag	L869433	0	0.9933
c9	1000	noheur	frag	L873249	0	0.9837
c9	1000	noheur	frag	L883133	0	0.9390
c9	1000	noheur	frag	L883660	0	0.4757
c9	1000	noheur	frag	L884453	0	0.8958
c9	1000	noheur	frag	L885068	0	0.8593
c9	1000	noheur	frag	L885624	5	0.0971
c9	1000	noheur	frag	L886084	0	0.4514
c9	1000	noheur	frag	L886474	7	0.4554
c9	1000	noheur	frag	L886813	0	0.2560
c9	1000	noheur	frag	L888328	0	0.9965
c9	1000	noheur	frag	L888339	0	1.0000
c9	1000	noheur	frag	L888692	1	0.1084
c9	1000	noheur	frag	L892540	0	1.0000
c9	1000	noheur	frag	L894181	8	0.1612
c9	1000	nopremask	frag	L847988	1	0.2786
c9	1000	nopremask	frag	L885624	5	0.1076
c9	1000	nopremask	frag	L853299	0	1.0000
c9	1000	nopremask	frag	L894181	7	0.1502
c9	1000	nopremask	frag	L855747	0	0.2686
c9	1000	nopremask	frag	L849505	0	0.7128
c9	1000	nopremask	frag	L883660	0	0.5024
c9	1000	nopremask	frag	L888692	3	0.0991
c9	1000	nopremask	frag	L855935	0	0.9837
c9	1000	nopremask	frag	L858843	0	0.9996
c9	1000	nopremask	frag	L864050	0	1.0000
c9	1000	nopremask	frag	L862725	0	1.0000
c9	1000	nopremask	frag	L856753	0	1.0000
c9	1000	nopremask	frag	L868640	0	1.0000
c9	1000	nopremask	frag	L873249	0	0.9855
c9	1000	nopremask	frag	L869371	0	0.5501
c9	1000	nopremask	frag	L869433	0	0.9907
c9	1000	nopremask	frag	L886813	0	0.3038
c9	1000	nopremask	frag	L886474	7	0.3941
c9	1000	nopremask	frag	L883133	0	0.9423
c9	1000	nopremask	frag	L886084	0	0.9138
c9	1000	nopremask	frag	L888328	0	0.9975
c9	1000	nopremask	frag	L888339	0	1.0000
c9	1000	nopremask	frag	L884453	0	0.9453
c9	1000	nopremask	frag	L885068	0	0.9024
c9	1000	nopremask	frag	L892540	0	1.0000
c9	1000	pplacer	frag	L888692	1	0.2127
c9	1000	pplacer	frag	L847988	0	0.4899
c9	1000	pplacer	frag	L858843	0	1.0000
c9	1000	pplacer	frag	L885624	3	0.2444
c9	1000	pplacer	frag	L888339	0	1.0000
c9	1000	pplacer	frag	L888328	0	1.0000
c9	1000	pplacer	frag	L886474	1	0.4877
c9	1000	pplacer	frag	L883133	0	0.8827
c9	1000	pplacer	frag	L849505	0	0.4883
c9	1000	pplacer	frag	L892540	0	1.0000
c9	1000	pplacer	frag	L862725	0	1.0000
c9	1000	pplacer	frag	L869433	0	1.0000
c9	1000	pplacer	frag	L853299	0	1.0000
c9	1000	pplacer	frag	L855747	1	0.2454
c9	1000	pplacer	frag	L873249	0	1.0000
c9	1000	pplacer	frag	L883660	0	0.6608
c9	1000	pplacer	frag	L894181	8	0.1528
c9	1000	pplacer	frag	L864050	0	1.0000
c9	1000	pplacer	frag	L886813	0	0.3377
c9	1000	pplacer	frag	L868640	0	1.0000
c9	1000	pplacer	frag	L886084	0	0.9340
c9	1000	pplacer	frag	L885068	0	0.7977
c9	1000	pplacer	frag	L855935	0	1.0000
c9	1000	pplacer	frag	L869371	0	0.6049
c9	1000	pplacer	frag	L856753	0	1.0000
c9	1000	pplacer	frag	L884453	0	0.9181
c9	1000	rs_on	frag	L847988	6	1.0000
c9	1000	rs_on	frag	L885624	13	1.0000
c9	1000	rs_on	frag	L853299	0	1.0000
c9	1000	rs_on	frag	L894181	3	1.0000
c9	1000	rs_on	frag	L855747	2	1.0000
c9	1000	rs_on	frag	L849505	0	0.9792
c9	1000	rs_on	frag	L883660	3	1.0000
c9	1000	rs_on	frag	L888692	2	1.0000
c9	1000	rs_on	frag	L855935	3	1.0000
c9	1000	rs_on	frag	L858843	0	0.9997
c9	1000	rs_on	frag	L864050	0	0.8652
c9	1000	rs_on	frag	L862725	0	1.0000
c9	1000	rs_on	frag	L856753	0	1.0000
c9	1000	rs_on	frag	L868640	0	1.0000
c9	1000	rs_on	frag	L873249	0	1.0000
c9	1000	rs_on	frag	L869371	3	1.0000
c9	1000	rs_on	frag	L869433	1	1.0000
c9	1000	rs_on	frag	L886813	1	1.0000
c9	1000	rs_on	frag	L886474	8	1.0000
c9	1000	rs_on	frag	L883133	1	1.0000
c9	1000	rs_on	frag	L886084	5	1.0000
c9	1000	rs_on	frag	L888328	0	0.9998
c9	1000	rs_on	frag	L888339	0	1.0000
c9	1000	rs_on	frag	L884453	0	1.0000
c9	1000	rs_on	frag	L885068	1	1.0000
c9	1000	rs_on	frag	L892540	0	1.0000
c9	2000	auto	frag	L847988	0	0.1636
c9	2000	auto	frag	L885624	5	0.1047
c9	2000	auto	frag	L853299	0	1.0000
c9	2000	auto	frag	L855747	1	0.2209
c9	2000	auto	frag	L849505	0	0.6232
c9	2000	auto	frag	L883660	0	0.5220
c9	2000	auto	frag	L894181	8	0.1567
c9	2000	auto	frag	L855935	0	0.9888
c9	2000	auto	frag	L858843	0	0.9996
c9	2000	auto	frag	L864050	0	1.0000
c9	2000	auto	frag	L862725	0	1.0000
c9	2000	auto	frag	L856753	0	1.0000
c9	2000	auto	frag	L868640	0	1.0000
c9	2000	auto	frag	L873249	0	0.9842
c9	2000	auto	frag	L869371	0	0.4714
c9	2000	auto	frag	L869433	0	0.9898
c9	2000	auto	frag	L886813	0	0.2806
c9	2000	auto	frag	L886474	7	0.2913
c9	2000	auto	frag	L888692	1	0.1105
c9	2000	auto	frag	L883133	0	0.9422
c9	2000	auto	frag	L886084	0	0.4831
c9	2000	auto	frag	L888328	0	0.9981
c9	2000	auto	frag	L888339	0	1.0000
c9	2000	auto	frag	L884453	0	0.9121
c9	2000	auto	frag	L885068	0	0.8635
c9	2000	auto	frag	L892540	0	1.0000
c9	2000	auto	full	L853299	0	1.0000
c9	2000	auto	full	L847988	0	1.0000
c9	2000	auto	full	L849505	0	1.0000
c9	2000	auto	full	L855935	0	1.0000
c9	2000	auto	full	L858843	0	1.0000
c9	2000	auto	full	L864050	0	1.0000
c9	2000	auto	full	L862725	0	1.0000
c9	2000	auto	full	L856753	0	1.0000
c9	2000	auto	full	L868640	0	1.0000
c9	2000	auto	full	L873249	0	1.0000
c9	2000	auto	full	L869371	0	1.0000
c9	2000	auto	full	L869433	0	1.0000
c9	2000	auto	full	L855747	0	0.4044
c9	2000	auto	full	L883660	0	0.9999
c9	2000	auto	full	L883133	0	1.0000
c9	2000	auto	full	L888328	0	1.0000
c9	2000	auto	full	L888339	0	1.0000
c9	2000	auto	full	L886813	0	1.0000
c9	2000	auto	full	L888692	1	0.3434
c9	2000	auto	full	L884453	0	1.0000
c9	2000	auto	full	L886474	1	0.9148
c9	2000	auto	full	L885068	0	1.0000
c9	2000	auto	full	L886084	0	1.0000
c9	2000	auto	full	L885624	0	1.0000
c9	2000	auto	full	L892540	0	1.0000
c9	2000	auto	full	L894181	0	1.0000
c9	2000	diagcpu	frag	L847988	0	0.1636
c9	2000	diagcpu	frag	L885624	5	0.1047
c9	2000	diagcpu	frag	L853299	0	1.0000
c9	2000	diagcpu	frag	L855747	1	0.2209
c9	2000	diagcpu	frag	L849505	0	0.6232
c9	2000	diagcpu	frag	L883660	0	0.5220
c9	2000	diagcpu	frag	L894181	8	0.1567
c9	2000	diagcpu	frag	L855935	0	0.9888
c9	2000	diagcpu	frag	L858843	0	0.9996
c9	2000	diagcpu	frag	L864050	0	1.0000
c9	2000	diagcpu	frag	L862725	0	1.0000
c9	2000	diagcpu	frag	L856753	0	1.0000
c9	2000	diagcpu	frag	L868640	0	1.0000
c9	2000	diagcpu	frag	L873249	0	0.9842
c9	2000	diagcpu	frag	L869371	0	0.4714
c9	2000	diagcpu	frag	L869433	0	0.9898
c9	2000	diagcpu	frag	L886813	0	0.2806
c9	2000	diagcpu	frag	L886474	7	0.2913
c9	2000	diagcpu	frag	L888692	1	0.1105
c9	2000	diagcpu	frag	L883133	0	0.9422
c9	2000	diagcpu	frag	L886084	0	0.4831
c9	2000	diagcpu	frag	L888328	0	0.9981
c9	2000	diagcpu	frag	L888339	0	1.0000
c9	2000	diagcpu	frag	L884453	0	0.9121
c9	2000	diagcpu	frag	L885068	0	0.8635
c9	2000	diagcpu	frag	L892540	0	1.0000
c9	2000	fix	frag	L847988	0	0.1636
c9	2000	fix	frag	L885624	5	0.1047
c9	2000	fix	frag	L853299	0	1.0000
c9	2000	fix	frag	L855747	1	0.2209
c9	2000	fix	frag	L849505	0	0.6232
c9	2000	fix	frag	L883660	0	0.5220
c9	2000	fix	frag	L894181	8	0.1567
c9	2000	fix	frag	L855935	0	0.9888
c9	2000	fix	frag	L858843	0	0.9996
c9	2000	fix	frag	L864050	0	1.0000
c9	2000	fix	frag	L862725	0	1.0000
c9	2000	fix	frag	L856753	0	1.0000
c9	2000	fix	frag	L868640	0	1.0000
c9	2000	fix	frag	L873249	0	0.9842
c9	2000	fix	frag	L869371	0	0.4714
c9	2000	fix	frag	L869433	0	0.9898
c9	2000	fix	frag	L886813	0	0.2806
c9	2000	fix	frag	L886474	7	0.2913
c9	2000	fix	frag	L888692	1	0.1105
c9	2000	fix	frag	L883133	0	0.9422
c9	2000	fix	frag	L886084	0	0.4831
c9	2000	fix	frag	L888328	0	0.9981
c9	2000	fix	frag	L888339	0	1.0000
c9	2000	fix	frag	L884453	0	0.9121
c9	2000	fix	frag	L885068	0	0.8635
c9	2000	fix	frag	L892540	0	1.0000
c9	2000	fix	full	L853299	0	1.0000
c9	2000	fix	full	L847988	0	1.0000
c9	2000	fix	full	L849505	0	1.0000
c9	2000	fix	full	L855935	0	1.0000
c9	2000	fix	full	L858843	0	1.0000
c9	2000	fix	full	L864050	0	1.0000
c9	2000	fix	full	L862725	0	1.0000
c9	2000	fix	full	L856753	0	1.0000
c9	2000	fix	full	L868640	0	1.0000
c9	2000	fix	full	L873249	0	1.0000
c9	2000	fix	full	L869371	0	1.0000
c9	2000	fix	full	L869433	0	1.0000
c9	2000	fix	full	L855747	0	0.4044
c9	2000	fix	full	L883660	0	0.9999
c9	2000	fix	full	L883133	0	1.0000
c9	2000	fix	full	L888328	0	1.0000
c9	2000	fix	full	L888339	0	1.0000
c9	2000	fix	full	L886813	0	1.0000
c9	2000	fix	full	L888692	1	0.3434
c9	2000	fix	full	L884453	0	1.0000
c9	2000	fix	full	L886474	1	0.9148
c9	2000	fix	full	L885068	0	1.0000
c9	2000	fix	full	L886084	0	1.0000
c9	2000	fix	full	L885624	0	1.0000
c9	2000	fix	full	L892540	0	1.0000
c9	2000	fix	full	L894181	0	1.0000
c9	2000	fix_noheur	frag	L847988	0	0.1631
c9	2000	fix_noheur	frag	L849505	0	0.6232
c9	2000	fix_noheur	frag	L853299	0	1.0000
c9	2000	fix_noheur	frag	L855747	1	0.2200
c9	2000	fix_noheur	frag	L855935	0	0.9886
c9	2000	fix_noheur	frag	L856753	0	1.0000
c9	2000	fix_noheur	frag	L858843	0	0.9995
c9	2000	fix_noheur	frag	L862725	0	1.0000
c9	2000	fix_noheur	frag	L864050	0	1.0000
c9	2000	fix_noheur	frag	L868640	0	1.0000
c9	2000	fix_noheur	frag	L869371	0	0.4714
c9	2000	fix_noheur	frag	L869433	0	0.9898
c9	2000	fix_noheur	frag	L873249	0	0.9842
c9	2000	fix_noheur	frag	L883133	0	0.9422
c9	2000	fix_noheur	frag	L883660	0	0.5191
c9	2000	fix_noheur	frag	L884453	0	0.8960
c9	2000	fix_noheur	frag	L885068	0	0.8606
c9	2000	fix_noheur	frag	L885624	5	0.1032
c9	2000	fix_noheur	frag	L886084	0	0.4829
c9	2000	fix_noheur	frag	L886474	7	0.2891
c9	2000	fix_noheur	frag	L886813	0	0.2537
c9	2000	fix_noheur	frag	L888328	0	0.9981
c9	2000	fix_noheur	frag	L888339	0	1.0000
c9	2000	fix_noheur	frag	L888692	1	0.1077
c9	2000	fix_noheur	frag	L892540	0	1.0000
c9	2000	fix_noheur	frag	L894181	8	0.1566
c9	2000	fix_rson	frag	L847988	0	0.1636
c9	2000	fix_rson	frag	L885624	5	0.1047
c9	2000	fix_rson	frag	L853299	0	1.0000
c9	2000	fix_rson	frag	L855747	1	0.2209
c9	2000	fix_rson	frag	L849505	0	0.6232
c9	2000	fix_rson	frag	L883660	0	0.5220
c9	2000	fix_rson	frag	L894181	8	0.1567
c9	2000	fix_rson	frag	L855935	0	0.9888
c9	2000	fix_rson	frag	L858843	0	0.9996
c9	2000	fix_rson	frag	L864050	0	1.0000
c9	2000	fix_rson	frag	L862725	0	1.0000
c9	2000	fix_rson	frag	L856753	0	1.0000
c9	2000	fix_rson	frag	L868640	0	1.0000
c9	2000	fix_rson	frag	L873249	0	0.9842
c9	2000	fix_rson	frag	L869371	0	0.4714
c9	2000	fix_rson	frag	L869433	0	0.9898
c9	2000	fix_rson	frag	L886813	0	0.2806
c9	2000	fix_rson	frag	L886474	7	0.2913
c9	2000	fix_rson	frag	L888692	1	0.1105
c9	2000	fix_rson	frag	L883133	0	0.9422
c9	2000	fix_rson	frag	L886084	0	0.4831
c9	2000	fix_rson	frag	L888328	0	0.9981
c9	2000	fix_rson	frag	L888339	0	1.0000
c9	2000	fix_rson	frag	L884453	0	0.9121
c9	2000	fix_rson	frag	L885068	0	0.8635
c9	2000	fix_rson	frag	L892540	0	1.0000
c9	2000	noheur	frag	L847988	0	0.1631
c9	2000	noheur	frag	L849505	0	0.6232
c9	2000	noheur	frag	L853299	0	1.0000
c9	2000	noheur	frag	L855747	1	0.2200
c9	2000	noheur	frag	L855935	0	0.9886
c9	2000	noheur	frag	L856753	0	1.0000
c9	2000	noheur	frag	L858843	0	0.9995
c9	2000	noheur	frag	L862725	0	1.0000
c9	2000	noheur	frag	L864050	0	1.0000
c9	2000	noheur	frag	L868640	0	1.0000
c9	2000	noheur	frag	L869371	0	0.4714
c9	2000	noheur	frag	L869433	0	0.9898
c9	2000	noheur	frag	L873249	0	0.9842
c9	2000	noheur	frag	L883133	0	0.9422
c9	2000	noheur	frag	L883660	0	0.5191
c9	2000	noheur	frag	L884453	0	0.8960
c9	2000	noheur	frag	L885068	0	0.8606
c9	2000	noheur	frag	L885624	5	0.1032
c9	2000	noheur	frag	L886084	0	0.4829
c9	2000	noheur	frag	L886474	7	0.2891
c9	2000	noheur	frag	L886813	0	0.2537
c9	2000	noheur	frag	L888328	0	0.9981
c9	2000	noheur	frag	L888339	0	1.0000
c9	2000	noheur	frag	L888692	1	0.1077
c9	2000	noheur	frag	L892540	0	1.0000
c9	2000	noheur	frag	L894181	8	0.1566
c9	2000	nopremask	frag	L847988	0	0.1785
c9	2000	nopremask	frag	L885624	5	0.1171
c9	2000	nopremask	frag	L853299	0	1.0000
c9	2000	nopremask	frag	L855747	0	0.2981
c9	2000	nopremask	frag	L849505	0	0.7711
c9	2000	nopremask	frag	L883660	0	0.5170
c9	2000	nopremask	frag	L894181	8	0.1550
c9	2000	nopremask	frag	L855935	0	0.9880
c9	2000	nopremask	frag	L858843	0	0.9996
c9	2000	nopremask	frag	L864050	0	1.0000
c9	2000	nopremask	frag	L862725	0	1.0000
c9	2000	nopremask	frag	L856753	0	1.0000
c9	2000	nopremask	frag	L868640	0	1.0000
c9	2000	nopremask	frag	L873249	0	0.9865
c9	2000	nopremask	frag	L869371	0	0.5552
c9	2000	nopremask	frag	L869433	0	0.9857
c9	2000	nopremask	frag	L886813	0	0.3189
c9	2000	nopremask	frag	L886474	1	0.4474
c9	2000	nopremask	frag	L888692	3	0.1034
c9	2000	nopremask	frag	L883133	0	0.9394
c9	2000	nopremask	frag	L886084	0	0.9304
c9	2000	nopremask	frag	L888328	0	0.9985
c9	2000	nopremask	frag	L888339	0	1.0000
c9	2000	nopremask	frag	L884453	0	0.9416
c9	2000	nopremask	frag	L885068	0	0.9068
c9	2000	nopremask	frag	L892540	0	1.0000
c9	2000	pplacer	frag	L888692	1	0.2128
c9	2000	pplacer	frag	L847988	0	0.4862
c9	2000	pplacer	frag	L858843	0	1.0000
c9	2000	pplacer	frag	L885624	3	0.2449
c9	2000	pplacer	frag	L888339	0	1.0000
c9	2000	pplacer	frag	L888328	0	1.0000
c9	2000	pplacer	frag	L886474	1	0.4894
c9	2000	pplacer	frag	L883133	0	0.8824
c9	2000	pplacer	frag	L849505	0	0.4892
c9	2000	pplacer	frag	L892540	0	1.0000
c9	2000	pplacer	frag	L862725	0	1.0000
c9	2000	pplacer	frag	L869433	0	1.0000
c9	2000	pplacer	frag	L853299	0	1.0000
c9	2000	pplacer	frag	L855747	1	0.2449
c9	2000	pplacer	frag	L873249	0	1.0000
c9	2000	pplacer	frag	L883660	0	0.6600
c9	2000	pplacer	frag	L894181	8	0.1526
c9	2000	pplacer	frag	L864050	0	1.0000
c9	2000	pplacer	frag	L886813	0	0.3415
c9	2000	pplacer	frag	L868640	0	1.0000
c9	2000	pplacer	frag	L886084	0	0.9330
c9	2000	pplacer	frag	L885068	0	0.7980
c9	2000	pplacer	frag	L855935	0	1.0000
c9	2000	pplacer	frag	L869371	0	0.6038
c9	2000	pplacer	frag	L856753	0	1.0000
c9	2000	pplacer	frag	L884453	0	0.9186
c9	2000	rs_on	frag	L847988	7	1.0000
c9	2000	rs_on	frag	L885624	8	1.0000
c9	2000	rs_on	frag	L853299	0	1.0000
c9	2000	rs_on	frag	L855747	7	1.0000
c9	2000	rs_on	frag	L849505	1	0.9639
c9	2000	rs_on	frag	L883660	0	1.0000
c9	2000	rs_on	frag	L894181	4	1.0000
c9	2000	rs_on	frag	L855935	3	1.0000
c9	2000	rs_on	frag	L858843	0	0.9996
c9	2000	rs_on	frag	L864050	0	1.0000
c9	2000	rs_on	frag	L862725	1	0.5014
c9	2000	rs_on	frag	L856753	0	1.0000
c9	2000	rs_on	frag	L868640	0	1.0000
c9	2000	rs_on	frag	L873249	1	1.0000
c9	2000	rs_on	frag	L869371	1	1.0000
c9	2000	rs_on	frag	L869433	0	0.9978
c9	2000	rs_on	frag	L886813	3	1.0000
c9	2000	rs_on	frag	L886474	7	0.9587
c9	2000	rs_on	frag	L888692	9	1.0000
c9	2000	rs_on	frag	L883133	1	1.0000
c9	2000	rs_on	frag	L886084	5	1.0000
c9	2000	rs_on	frag	L888328	2	1.0000
c9	2000	rs_on	frag	L888339	0	1.0000
c9	2000	rs_on	frag	L884453	0	1.0000
c9	2000	rs_on	frag	L885068	0	0.9829
c9	2000	rs_on	frag	L892540	0	1.0000
c9	3000	auto	frag	L847988	2	1.0000
c9	3000	auto	frag	L885624	9	1.0000
c9	3000	auto	frag	L853299	0	1.0000
c9	3000	auto	frag	L855747	3	1.0000
c9	3000	auto	frag	L849505	0	0.9797
c9	3000	auto	frag	L883660	0	1.0000
c9	3000	auto	frag	L894181	3	1.0000
c9	3000	auto	frag	L855935	3	1.0000
c9	3000	auto	frag	L858843	0	0.9992
c9	3000	auto	frag	L864050	0	1.0000
c9	3000	auto	frag	L862725	1	1.0000
c9	3000	auto	frag	L856753	0	1.0000
c9	3000	auto	frag	L868640	0	1.0000
c9	3000	auto	frag	L873249	0	1.0000
c9	3000	auto	frag	L869371	0	1.0000
c9	3000	auto	frag	L869433	1	0.7933
c9	3000	auto	frag	L886813	2	1.0000
c9	3000	auto	frag	L886474	2	1.0000
c9	3000	auto	frag	L888692	4	0.9916
c9	3000	auto	frag	L883133	1	0.5180
c9	3000	auto	frag	L886084	3	1.0000
c9	3000	auto	frag	L888328	2	1.0000
c9	3000	auto	frag	L888339	0	1.0000
c9	3000	auto	frag	L884453	2	1.0000
c9	3000	auto	frag	L885068	1	1.0000
c9	3000	auto	frag	L892540	0	1.0000
c9	3000	auto	full	L853299	0	1.0000
c9	3000	auto	full	L847988	0	1.0000
c9	3000	auto	full	L849505	0	1.0000
c9	3000	auto	full	L855935	0	1.0000
c9	3000	auto	full	L858843	0	1.0000
c9	3000	auto	full	L864050	0	1.0000
c9	3000	auto	full	L862725	0	1.0000
c9	3000	auto	full	L856753	0	1.0000
c9	3000	auto	full	L868640	0	1.0000
c9	3000	auto	full	L873249	0	1.0000
c9	3000	auto	full	L869371	0	1.0000
c9	3000	auto	full	L869433	0	1.0000
c9	3000	auto	full	L855747	1	0.3733
c9	3000	auto	full	L883660	0	1.0000
c9	3000	auto	full	L883133	0	1.0000
c9	3000	auto	full	L888328	0	1.0000
c9	3000	auto	full	L888339	0	1.0000
c9	3000	auto	full	L886813	0	1.0000
c9	3000	auto	full	L888692	1	0.3375
c9	3000	auto	full	L884453	0	1.0000
c9	3000	auto	full	L886474	1	0.9067
c9	3000	auto	full	L885068	0	1.0000
c9	3000	auto	full	L886084	0	1.0000
c9	3000	auto	full	L885624	0	1.0000
c9	3000	auto	full	L892540	0	1.0000
c9	3000	auto	full	L894181	0	1.0000
c9	3000	fix	frag	L847988	0	0.2401
c9	3000	fix	frag	L885624	5	0.0957
c9	3000	fix	frag	L853299	0	1.0000
c9	3000	fix	frag	L855747	1	0.2235
c9	3000	fix	frag	L849505	0	0.6309
c9	3000	fix	frag	L883660	0	0.4937
c9	3000	fix	frag	L894181	8	0.1550
c9	3000	fix	frag	L855935	0	0.9879
c9	3000	fix	frag	L858843	0	0.9992
c9	3000	fix	frag	L864050	0	1.0000
c9	3000	fix	frag	L862725	0	1.0000
c9	3000	fix	frag	L856753	0	1.0000
c9	3000	fix	frag	L868640	0	1.0000
c9	3000	fix	frag	L873249	0	0.9840
c9	3000	fix	frag	L869371	0	0.4712
c9	3000	fix	frag	L869433	0	0.9937
c9	3000	fix	frag	L886813	0	0.2915
c9	3000	fix	frag	L886474	7	0.2905
c9	3000	fix	frag	L888692	1	0.1118
c9	3000	fix	frag	L883133	0	0.9405
c9	3000	fix	frag	L886084	0	0.6833
c9	3000	fix	frag	L888328	0	0.9981
c9	3000	fix	frag	L888339	0	1.0000
c9	3000	fix	frag	L884453	0	0.9132
c9	3000	fix	frag	L885068	0	0.8611
c9	3000	fix	frag	L892540	0	1.0000
c9	3000	fix	full	L853299	0	1.0000
c9	3000	fix	full	L847988	0	1.0000
c9	3000	fix	full	L849505	0	1.0000
c9	3000	fix	full	L855935	0	1.0000
c9	3000	fix	full	L858843	0	1.0000
c9	3000	fix	full	L864050	0	1.0000
c9	3000	fix	full	L862725	0	1.0000
c9	3000	fix	full	L856753	0	1.0000
c9	3000	fix	full	L868640	0	1.0000
c9	3000	fix	full	L873249	0	1.0000
c9	3000	fix	full	L869371	0	1.0000
c9	3000	fix	full	L869433	0	1.0000
c9	3000	fix	full	L855747	1	0.3733
c9	3000	fix	full	L883660	0	1.0000
c9	3000	fix	full	L883133	0	1.0000
c9	3000	fix	full	L888328	0	1.0000
c9	3000	fix	full	L888339	0	1.0000
c9	3000	fix	full	L886813	0	1.0000
c9	3000	fix	full	L888692	1	0.3375
c9	3000	fix	full	L884453	0	1.0000
c9	3000	fix	full	L886474	1	0.9067
c9	3000	fix	full	L885068	0	1.0000
c9	3000	fix	full	L886084	0	1.0000
c9	3000	fix	full	L885624	0	1.0000
c9	3000	fix	full	L892540	0	1.0000
c9	3000	fix	full	L894181	0	1.0000
c9	3000	fix_noheur	frag	L847988	0	0.2395
c9	3000	fix_noheur	frag	L849505	0	0.6309
c9	3000	fix_noheur	frag	L853299	0	1.0000
c9	3000	fix_noheur	frag	L855747	1	0.2228
c9	3000	fix_noheur	frag	L855935	0	0.9877
c9	3000	fix_noheur	frag	L856753	0	1.0000
c9	3000	fix_noheur	frag	L858843	0	0.9990
c9	3000	fix_noheur	frag	L862725	0	1.0000
c9	3000	fix_noheur	frag	L864050	0	1.0000
c9	3000	fix_noheur	frag	L868640	0	1.0000
c9	3000	fix_noheur	frag	L869371	0	0.4712
c9	3000	fix_noheur	frag	L869433	0	0.9937
c9	3000	fix_noheur	frag	L873249	0	0.9840
c9	3000	fix_noheur	frag	L883133	0	0.9405
c9	3000	fix_noheur	frag	L883660	0	0.4907
c9	3000	fix_noheur	frag	L884453	0	0.8974
c9	3000	fix_noheur	frag	L885068	0	0.8583
c9	3000	fix_noheur	frag	L885624	5	0.0944
c9	3000	fix_noheur	frag	L886084	0	0.6831
c9	3000	fix_noheur	frag	L886474	7	0.2883
c9	3000	fix_noheur	frag	L886813	0	0.2638
c9	3000	fix_noheur	frag	L888328	0	0.9980
c9	3000	fix_noheur	frag	L888339	0	1.0000
c9	3000	fix_noheur	frag	L888692	1	0.1090
c9	3000	fix_noheur	frag	L892540	0	1.0000
c9	3000	fix_noheur	frag	L894181	8	0.1549
c9	3000	noheur	frag	L847988	16	1.0000
c9	3000	noheur	frag	L849505	15	1.0000
c9	3000	noheur	frag	L853299	15	1.0000
c9	3000	noheur	frag	L855747	13	1.0000
c9	3000	noheur	frag	L855935	14	1.0000
c9	3000	noheur	frag	L856753	22	1.0000
c9	3000	noheur	frag	L858843	0	0.9990
c9	3000	noheur	frag	L862725	18	1.0000
c9	3000	noheur	frag	L864050	17	1.0000
c9	3000	noheur	frag	L868640	15	1.0000
c9	3000	noheur	frag	L869371	22	1.0000
c9	3000	noheur	frag	L869433	24	1.0000
c9	3000	noheur	frag	L873249	33	1.0000
c9	3000	noheur	frag	L883133	15	1.0000
c9	3000	noheur	frag	L883660	14	1.0000
c9	3000	noheur	frag	L884453	20	1.0000
c9	3000	noheur	frag	L885068	23	0.9983
c9	3000	noheur	frag	L885624	15	1.0000
c9	3000	noheur	frag	L886084	16	1.0000
c9	3000	noheur	frag	L886474	14	1.0000
c9	3000	noheur	frag	L886813	18	1.0000
c9	3000	noheur	frag	L888328	25	1.0000
c9	3000	noheur	frag	L888339	18	1.0000
c9	3000	noheur	frag	L888692	14	0.9802
c9	3000	noheur	frag	L892540	18	1.0000
c9	3000	noheur	frag	L894181	9	1.0000
c9	3000	nopremask	frag	L847988	0	0.2358
c9	3000	nopremask	frag	L885624	5	0.1145
c9	3000	nopremask	frag	L853299	0	1.0000
c9	3000	nopremask	frag	L855747	0	0.2814
c9	3000	nopremask	frag	L849505	0	0.7622
c9	3000	nopremask	frag	L883660	0	0.5050
c9	3000	nopremask	frag	L894181	8	0.1495
c9	3000	nopremask	frag	L855935	0	0.9867
c9	3000	nopremask	frag	L858843	0	0.9991
c9	3000	nopremask	frag	L864050	0	1.0000
c9	3000	nopremask	frag	L862725	0	1.0000
c9	3000	nopremask	frag	L856753	0	1.0000
c9	3000	nopremask	frag	L868640	0	1.0000
c9	3000	nopremask	frag	L873249	0	0.9856
c9	3000	nopremask	frag	L869371	0	0.5467
c9	3000	nopremask	frag	L869433	0	0.9913
c9	3000	nopremask	frag	L886813	0	0.3207
c9	3000	nopremask	frag	L886474	1	0.4361
c9	3000	nopremask	frag	L888692	3	0.1025
c9	3000	nopremask	frag	L883133	0	0.9412
c9	3000	nopremask	frag	L886084	0	0.9661
c9	3000	nopremask	frag	L888328	0	0.9983
c9	3000	nopremask	frag	L888339	0	1.0000
c9	3000	nopremask	frag	L884453	0	0.9408
c9	3000	nopremask	frag	L885068	0	0.9001
c9	3000	nopremask	frag	L892540	0	1.0000
c9	3000	pplacer	frag	L888692	1	0.2127
c9	3000	pplacer	frag	L847988	0	0.4861
c9	3000	pplacer	frag	L858843	0	1.0000
c9	3000	pplacer	frag	L885624	3	0.2448
c9	3000	pplacer	frag	L888339	0	1.0000
c9	3000	pplacer	frag	L888328	0	1.0000
c9	3000	pplacer	frag	L886474	1	0.4885
c9	3000	pplacer	frag	L883133	0	0.8823
c9	3000	pplacer	frag	L849505	0	0.4890
c9	3000	pplacer	frag	L892540	0	1.0000
c9	3000	pplacer	frag	L862725	0	1.0000
c9	3000	pplacer	frag	L869433	0	1.0000
c9	3000	pplacer	frag	L853299	0	1.0000
c9	3000	pplacer	frag	L855747	1	0.2449
c9	3000	pplacer	frag	L873249	0	1.0000
c9	3000	pplacer	frag	L883660	0	0.6601
c9	3000	pplacer	frag	L894181	8	0.1525
c9	3000	pplacer	frag	L864050	0	1.0000
c9	3000	pplacer	frag	L886813	0	0.3420
c9	3000	pplacer	frag	L868640	0	1.0000
c9	3000	pplacer	frag	L886084	0	0.9330
c9	3000	pplacer	frag	L885068	0	0.7979
c9	3000	pplacer	frag	L855935	0	1.0000
c9	3000	pplacer	frag	L869371	0	0.6038
c9	3000	pplacer	frag	L856753	0	1.0000
c9	3000	pplacer	frag	L884453	0	0.9187
c9	3000	rs_off	frag	L847988	0	0.2401
c9	3000	rs_off	frag	L885624	5	0.0957
c9	3000	rs_off	frag	L853299	0	1.0000
c9	3000	rs_off	frag	L855747	1	0.2235
c9	3000	rs_off	frag	L849505	0	0.6309
c9	3000	rs_off	frag	L883660	0	0.4937
c9	3000	rs_off	frag	L894181	8	0.1550
c9	3000	rs_off	frag	L855935	0	0.9879
c9	3000	rs_off	frag	L858843	0	0.9992
c9	3000	rs_off	frag	L864050	0	1.0000
c9	3000	rs_off	frag	L862725	0	1.0000
c9	3000	rs_off	frag	L856753	0	1.0000
c9	3000	rs_off	frag	L868640	0	1.0000
c9	3000	rs_off	frag	L873249	0	0.9840
c9	3000	rs_off	frag	L869371	0	0.4712
c9	3000	rs_off	frag	L869433	0	0.9937
c9	3000	rs_off	frag	L886813	0	0.2915
c9	3000	rs_off	frag	L886474	7	0.2905
c9	3000	rs_off	frag	L888692	1	0.1118
c9	3000	rs_off	frag	L883133	0	0.9405
c9	3000	rs_off	frag	L886084	0	0.6833
c9	3000	rs_off	frag	L888328	0	0.9981
c9	3000	rs_off	frag	L888339	0	1.0000
c9	3000	rs_off	frag	L884453	0	0.9132
c9	3000	rs_off	frag	L885068	0	0.8611
c9	3000	rs_off	frag	L892540	0	1.0000
c9	3000	rs_on	frag	L847988	2	1.0000
c9	3000	rs_on	frag	L885624	9	1.0000
c9	3000	rs_on	frag	L853299	0	1.0000
c9	3000	rs_on	frag	L855747	3	1.0000
c9	3000	rs_on	frag	L849505	0	0.9797
c9	3000	rs_on	frag	L883660	0	1.0000
c9	3000	rs_on	frag	L894181	3	1.0000
c9	3000	rs_on	frag	L855935	3	1.0000
c9	3000	rs_on	frag	L858843	0	0.9992
c9	3000	rs_on	frag	L864050	0	1.0000
c9	3000	rs_on	frag	L862725	1	1.0000
c9	3000	rs_on	frag	L856753	0	1.0000
c9	3000	rs_on	frag	L868640	0	1.0000
c9	3000	rs_on	frag	L873249	0	1.0000
c9	3000	rs_on	frag	L869371	0	1.0000
c9	3000	rs_on	frag	L869433	1	0.7933
c9	3000	rs_on	frag	L886813	2	1.0000
c9	3000	rs_on	frag	L886474	2	1.0000
c9	3000	rs_on	frag	L888692	4	0.9916
c9	3000	rs_on	frag	L883133	1	0.5180
c9	3000	rs_on	frag	L886084	3	1.0000
c9	3000	rs_on	frag	L888328	2	1.0000
c9	3000	rs_on	frag	L888339	0	1.0000
c9	3000	rs_on	frag	L884453	2	1.0000
c9	3000	rs_on	frag	L885068	1	1.0000
c9	3000	rs_on	frag	L892540	0	1.0000
c9	3000	shift	frag	L847988	0	0.2401
c9	3000	shift	frag	L885624	5	0.0957
c9	3000	shift	frag	L853299	0	1.0000
c9	3000	shift	frag	L855747	1	0.2235
c9	3000	shift	frag	L849505	0	0.6309
c9	3000	shift	frag	L883660	0	0.4937
c9	3000	shift	frag	L894181	8	0.1550
c9	3000	shift	frag	L855935	0	0.9879
c9	3000	shift	frag	L858843	0	0.9992
c9	3000	shift	frag	L864050	0	1.0000
c9	3000	shift	frag	L862725	0	1.0000
c9	3000	shift	frag	L856753	0	1.0000
c9	3000	shift	frag	L868640	0	1.0000
c9	3000	shift	frag	L873249	0	0.9840
c9	3000	shift	frag	L869371	0	0.4712
c9	3000	shift	frag	L869433	0	0.9937
c9	3000	shift	frag	L886813	0	0.2915
c9	3000	shift	frag	L886474	7	0.2905
c9	3000	shift	frag	L888692	1	0.1118
c9	3000	shift	frag	L883133	0	0.9405
c9	3000	shift	frag	L886084	0	0.6833
c9	3000	shift	frag	L888328	0	0.9981
c9	3000	shift	frag	L888339	0	1.0000
c9	3000	shift	frag	L884453	0	0.9132
c9	3000	shift	frag	L885068	0	0.8611
c9	3000	shift	frag	L892540	0	1.0000
c9	3000	simd	frag	L847988	2	1.0000
c9	3000	simd	frag	L885624	9	1.0000
c9	3000	simd	frag	L853299	0	1.0000
c9	3000	simd	frag	L855747	3	1.0000
c9	3000	simd	frag	L849505	0	0.9797
c9	3000	simd	frag	L883660	0	1.0000
c9	3000	simd	frag	L894181	3	1.0000
c9	3000	simd	frag	L855935	3	1.0000
c9	3000	simd	frag	L858843	0	0.9992
c9	3000	simd	frag	L864050	0	1.0000
c9	3000	simd	frag	L862725	1	1.0000
c9	3000	simd	frag	L856753	0	1.0000
c9	3000	simd	frag	L868640	0	1.0000
c9	3000	simd	frag	L873249	0	1.0000
c9	3000	simd	frag	L869371	0	1.0000
c9	3000	simd	frag	L869433	1	0.7933
c9	3000	simd	frag	L886813	2	1.0000
c9	3000	simd	frag	L886474	2	1.0000
c9	3000	simd	frag	L888692	4	0.9916
c9	3000	simd	frag	L883133	1	0.5180
c9	3000	simd	frag	L886084	3	1.0000
c9	3000	simd	frag	L888328	2	1.0000
c9	3000	simd	frag	L888339	0	1.0000
c9	3000	simd	frag	L884453	2	1.0000
c9	3000	simd	frag	L885068	1	1.0000
c9	3000	simd	frag	L892540	0	1.0000
c9	500	auto	frag	L847988	1	0.2594
c9	500	auto	frag	L885624	5	0.0902
c9	500	auto	frag	L853299	0	1.0000
c9	500	auto	frag	L894181	8	0.1673
c9	500	auto	frag	L855747	1	0.2032
c9	500	auto	frag	L849505	0	0.5525
c9	500	auto	frag	L883660	0	0.3912
c9	500	auto	frag	L888692	1	0.1132
c9	500	auto	frag	L855935	0	0.9757
c9	500	auto	frag	L858843	0	0.9972
c9	500	auto	frag	L864050	0	1.0000
c9	500	auto	frag	L862725	0	1.0000
c9	500	auto	frag	L856753	0	1.0000
c9	500	auto	frag	L868640	0	1.0000
c9	500	auto	frag	L873249	0	0.9835
c9	500	auto	frag	L869371	0	0.6910
c9	500	auto	frag	L869433	0	0.9973
c9	500	auto	frag	L886813	0	0.2677
c9	500	auto	frag	L886474	7	0.5519
c9	500	auto	frag	L883133	0	0.8698
c9	500	auto	frag	L886084	0	0.4161
c9	500	auto	frag	L888328	0	0.9975
c9	500	auto	frag	L888339	0	1.0000
c9	500	auto	frag	L884453	0	0.9137
c9	500	auto	frag	L885068	0	0.8601
c9	500	auto	frag	L892540	0	1.0000
c9	500	auto	full	L853299	0	1.0000
c9	500	auto	full	L847988	0	1.0000
c9	500	auto	full	L849505	0	1.0000
c9	500	auto	full	L855935	0	1.0000
c9	500	auto	full	L858843	0	1.0000
c9	500	auto	full	L864050	0	1.0000
c9	500	auto	full	L862725	0	1.0000
c9	500	auto	full	L856753	0	1.0000
c9	500	auto	full	L868640	0	1.0000
c9	500	auto	full	L873249	0	1.0000
c9	500	auto	full	L869371	0	1.0000
c9	500	auto	full	L869433	0	1.0000
c9	500	auto	full	L855747	1	0.4094
c9	500	auto	full	L883660	0	0.9998
c9	500	auto	full	L883133	0	1.0000
c9	500	auto	full	L888328	0	1.0000
c9	500	auto	full	L888339	0	1.0000
c9	500	auto	full	L886813	0	1.0000
c9	500	auto	full	L888692	0	0.3392
c9	500	auto	full	L884453	0	1.0000
c9	500	auto	full	L886474	1	0.5318
c9	500	auto	full	L885068	0	1.0000
c9	500	auto	full	L886084	0	1.0000
c9	500	auto	full	L885624	0	1.0000
c9	500	auto	full	L892540	0	1.0000
c9	500	auto	full	L894181	0	1.0000
c9	500	diagcpu	frag	L847988	1	0.2594
c9	500	diagcpu	frag	L885624	5	0.0902
c9	500	diagcpu	frag	L853299	0	1.0000
c9	500	diagcpu	frag	L894181	8	0.1673
c9	500	diagcpu	frag	L855747	1	0.2032
c9	500	diagcpu	frag	L849505	0	0.5525
c9	500	diagcpu	frag	L883660	0	0.3912
c9	500	diagcpu	frag	L888692	1	0.1132
c9	500	diagcpu	frag	L855935	0	0.9757
c9	500	diagcpu	frag	L858843	0	0.9972
c9	500	diagcpu	frag	L864050	0	1.0000
c9	500	diagcpu	frag	L862725	0	1.0000
c9	500	diagcpu	frag	L856753	0	1.0000
c9	500	diagcpu	frag	L868640	0	1.0000
c9	500	diagcpu	frag	L873249	0	0.9835
c9	500	diagcpu	frag	L869371	0	0.6910
c9	500	diagcpu	frag	L869433	0	0.9973
c9	500	diagcpu	frag	L886813	0	0.2677
c9	500	diagcpu	frag	L886474	7	0.5519
c9	500	diagcpu	frag	L883133	0	0.8698
c9	500	diagcpu	frag	L886084	0	0.4161
c9	500	diagcpu	frag	L888328	0	0.9975
c9	500	diagcpu	frag	L888339	0	1.0000
c9	500	diagcpu	frag	L884453	0	0.9137
c9	500	diagcpu	frag	L885068	0	0.8601
c9	500	diagcpu	frag	L892540	0	1.0000
c9	500	fix	frag	L847988	1	0.2594
c9	500	fix	frag	L885624	5	0.0902
c9	500	fix	frag	L853299	0	1.0000
c9	500	fix	frag	L894181	8	0.1673
c9	500	fix	frag	L855747	1	0.2032
c9	500	fix	frag	L849505	0	0.5525
c9	500	fix	frag	L883660	0	0.3912
c9	500	fix	frag	L888692	1	0.1132
c9	500	fix	frag	L855935	0	0.9757
c9	500	fix	frag	L858843	0	0.9972
c9	500	fix	frag	L864050	0	1.0000
c9	500	fix	frag	L862725	0	1.0000
c9	500	fix	frag	L856753	0	1.0000
c9	500	fix	frag	L868640	0	1.0000
c9	500	fix	frag	L873249	0	0.9835
c9	500	fix	frag	L869371	0	0.6910
c9	500	fix	frag	L869433	0	0.9973
c9	500	fix	frag	L886813	0	0.2677
c9	500	fix	frag	L886474	7	0.5519
c9	500	fix	frag	L883133	0	0.8698
c9	500	fix	frag	L886084	0	0.4161
c9	500	fix	frag	L888328	0	0.9975
c9	500	fix	frag	L888339	0	1.0000
c9	500	fix	frag	L884453	0	0.9137
c9	500	fix	frag	L885068	0	0.8601
c9	500	fix	frag	L892540	0	1.0000
c9	500	fix	full	L853299	0	1.0000
c9	500	fix	full	L847988	0	1.0000
c9	500	fix	full	L849505	0	1.0000
c9	500	fix	full	L855935	0	1.0000
c9	500	fix	full	L858843	0	1.0000
c9	500	fix	full	L864050	0	1.0000
c9	500	fix	full	L862725	0	1.0000
c9	500	fix	full	L856753	0	1.0000
c9	500	fix	full	L868640	0	1.0000
c9	500	fix	full	L873249	0	1.0000
c9	500	fix	full	L869371	0	1.0000
c9	500	fix	full	L869433	0	1.0000
c9	500	fix	full	L855747	1	0.4094
c9	500	fix	full	L883660	0	0.9998
c9	500	fix	full	L883133	0	1.0000
c9	500	fix	full	L888328	0	1.0000
c9	500	fix	full	L888339	0	1.0000
c9	500	fix	full	L886813	0	1.0000
c9	500	fix	full	L888692	0	0.3392
c9	500	fix	full	L884453	0	1.0000
c9	500	fix	full	L886474	1	0.5318
c9	500	fix	full	L885068	0	1.0000
c9	500	fix	full	L886084	0	1.0000
c9	500	fix	full	L885624	0	1.0000
c9	500	fix	full	L892540	0	1.0000
c9	500	fix	full	L894181	0	1.0000
c9	500	fix_rson	frag	L847988	1	0.2594
c9	500	fix_rson	frag	L885624	5	0.0902
c9	500	fix_rson	frag	L853299	0	1.0000
c9	500	fix_rson	frag	L894181	8	0.1673
c9	500	fix_rson	frag	L855747	1	0.2032
c9	500	fix_rson	frag	L849505	0	0.5525
c9	500	fix_rson	frag	L883660	0	0.3912
c9	500	fix_rson	frag	L888692	1	0.1132
c9	500	fix_rson	frag	L855935	0	0.9757
c9	500	fix_rson	frag	L858843	0	0.9972
c9	500	fix_rson	frag	L864050	0	1.0000
c9	500	fix_rson	frag	L862725	0	1.0000
c9	500	fix_rson	frag	L856753	0	1.0000
c9	500	fix_rson	frag	L868640	0	1.0000
c9	500	fix_rson	frag	L873249	0	0.9835
c9	500	fix_rson	frag	L869371	0	0.6910
c9	500	fix_rson	frag	L869433	0	0.9973
c9	500	fix_rson	frag	L886813	0	0.2677
c9	500	fix_rson	frag	L886474	7	0.5519
c9	500	fix_rson	frag	L883133	0	0.8698
c9	500	fix_rson	frag	L886084	0	0.4161
c9	500	fix_rson	frag	L888328	0	0.9975
c9	500	fix_rson	frag	L888339	0	1.0000
c9	500	fix_rson	frag	L884453	0	0.9137
c9	500	fix_rson	frag	L885068	0	0.8601
c9	500	fix_rson	frag	L892540	0	1.0000
c9	500	noheur	frag	L847988	1	0.2587
c9	500	noheur	frag	L849505	0	0.5525
c9	500	noheur	frag	L853299	0	1.0000
c9	500	noheur	frag	L855747	1	0.2023
c9	500	noheur	frag	L855935	0	0.9754
c9	500	noheur	frag	L856753	0	1.0000
c9	500	noheur	frag	L858843	0	0.9965
c9	500	noheur	frag	L862725	0	1.0000
c9	500	noheur	frag	L864050	0	1.0000
c9	500	noheur	frag	L868640	0	1.0000
c9	500	noheur	frag	L869371	0	0.6910
c9	500	noheur	frag	L869433	0	0.9973
c9	500	noheur	frag	L873249	0	0.9835
c9	500	noheur	frag	L883133	0	0.8698
c9	500	noheur	frag	L883660	0	0.3857
c9	500	noheur	frag	L884453	0	0.8979
c9	500	noheur	frag	L885068	0	0.8571
c9	500	noheur	frag	L885624	5	0.0891
c9	500	noheur	frag	L886084	0	0.4158
c9	500	noheur	frag	L886474	7	0.5473
c9	500	noheur	frag	L886813	0	0.2427
c9	500	noheur	frag	L888328	0	0.9975
c9	500	noheur	frag	L888339	0	1.0000
c9	500	noheur	frag	L888692	1	0.1104
c9	500	noheur	frag	L892540	0	1.0000
c9	500	noheur	frag	L894181	8	0.1672
c9	500	nopremask	frag	L847988	1	0.2379
c9	500	nopremask	frag	L885624	5	0.1045
c9	500	nopremask	frag	L853299	0	1.0000
c9	500	nopremask	frag	L894181	7	0.1548
c9	500	nopremask	frag	L855747	0	0.2643
c9	500	nopremask	frag	L849505	0	0.6506
c9	500	nopremask	frag	L883660	0	0.4004
c9	500	nopremask	frag	L888692	3	0.1017
c9	500	nopremask	frag	L855935	0	0.9748
c9	500	nopremask	frag	L858843	0	0.9969
c9	500	nopremask	frag	L864050	0	1.0000
c9	500	nopremask	frag	L862725	0	1.0000
c9	500	nopremask	frag	L856753	0	1.0000
c9	500	nopremask	frag	L868640	0	1.0000
c9	500	nopremask	frag	L873249	0	0.9853
c9	500	nopremask	frag	L869371	0	0.7503
c9	500	nopremask	frag	L869433	0	0.9963
c9	500	nopremask	frag	L886813	0	0.3001
c9	500	nopremask	frag	L886474	7	0.5247
c9	500	nopremask	frag	L883133	0	0.8768
c9	500	nopremask	frag	L886084	0	0.8903
c9	500	nopremask	frag	L888328	0	0.9979
c9	500	nopremask	frag	L888339	0	1.0000
c9	500	nopremask	frag	L884453	0	0.9431
c9	500	nopremask	frag	L885068	0	0.8930
c9	500	nopremask	frag	L892540	0	1.0000
c9	500	pplacer	frag	L888692	1	0.2122
c9	500	pplacer	frag	L847988	0	0.4966
c9	500	pplacer	frag	L858843	0	1.0000
c9	500	pplacer	frag	L885624	3	0.2429
c9	500	pplacer	frag	L888339	0	1.0000
c9	500	pplacer	frag	L888328	0	1.0000
c9	500	pplacer	frag	L886474	1	0.4854
c9	500	pplacer	frag	L883133	0	0.8840
c9	500	pplacer	frag	L849505	0	0.4857
c9	500	pplacer	frag	L892540	0	1.0000
c9	500	pplacer	frag	L862725	0	1.0000
c9	500	pplacer	frag	L869433	0	1.0000
c9	500	pplacer	frag	L853299	0	1.0000
c9	500	pplacer	frag	L855747	1	0.2464
c9	500	pplacer	frag	L873249	0	1.0000
c9	500	pplacer	frag	L883660	0	0.6623
c9	500	pplacer	frag	L894181	8	0.1530
c9	500	pplacer	frag	L864050	0	1.0000
c9	500	pplacer	frag	L886813	0	0.3492
c9	500	pplacer	frag	L868640	0	1.0000
c9	500	pplacer	frag	L886084	0	0.9361
c9	500	pplacer	frag	L885068	0	0.7965
c9	500	pplacer	frag	L855935	0	1.0000
c9	500	pplacer	frag	L869371	0	0.6067
c9	500	pplacer	frag	L856753	0	1.0000
c9	500	pplacer	frag	L884453	0	0.9174
c9	500	rs_on	frag	L847988	8	1.0000
c9	500	rs_on	frag	L885624	1	1.0000
c9	500	rs_on	frag	L853299	0	1.0000
c9	500	rs_on	frag	L894181	4	1.0000
c9	500	rs_on	frag	L855747	2	1.0000
c9	500	rs_on	frag	L849505	1	1.0000
c9	500	rs_on	frag	L883660	0	1.0000
c9	500	rs_on	frag	L888692	2	1.0000
c9	500	rs_on	frag	L855935	1	0.7164
c9	500	rs_on	frag	L858843	0	0.9972
c9	500	rs_on	frag	L864050	0	1.0000
c9	500	rs_on	frag	L862725	0	1.0000
c9	500	rs_on	frag	L856753	0	1.0000
c9	500	rs_on	frag	L868640	0	1.0000
c9	500	rs_on	frag	L873249	0	1.0000
c9	500	rs_on	frag	L869371	0	1.0000
c9	500	rs_on	frag	L869433	0	0.9994
c9	500	rs_on	frag	L886813	2	1.0000
c9	500	rs_on	frag	L886474	3	1.0000
c9	500	rs_on	frag	L883133	1	1.0000
c9	500	rs_on	frag	L886084	7	1.0000
c9	500	rs_on	frag	L888328	2	1.0000
c9	500	rs_on	frag	L888339	0	1.0000
c9	500	rs_on	frag	L884453	2	1.0000
c9	500	rs_on	frag	L885068	1	1.0000
c9	500	rs_on	frag	L892540	0	1.0000
c9	5000	auto	frag	L847988	4	0.5004
c9	5000	auto	frag	L885624	14	1.0000
c9	5000	auto	frag	L853299	0	1.0000
c9	5000	auto	frag	L855747	2	1.0000
c9	5000	auto	frag	L849505	1	0.8504
c9	5000	auto	frag	L883660	1	0.5638
c9	5000	auto	frag	L894181	5	0.9265
c9	5000	auto	frag	L855935	3	1.0000
c9	5000	auto	frag	L858843	0	0.9992
c9	5000	auto	frag	L864050	1	0.3409
c9	5000	auto	frag	L862725	1	1.0000
c9	5000	auto	frag	L856753	0	1.0000
c9	5000	auto	frag	L868640	0	1.0000
c9	5000	auto	frag	L873249	0	0.9996
c9	5000	auto	frag	L869371	3	1.0000
c9	5000	auto	frag	L869433	0	0.9996
c9	5000	auto	frag	L886813	2	0.9432
c9	5000	auto	frag	L886474	11	0.9931
c9	5000	auto	frag	L888692	2	1.0000
c9	5000	auto	frag	L883133	1	1.0000
c9	5000	auto	frag	L886084	2	1.0000
c9	5000	auto	frag	L888328	1	0.9536
c9	5000	auto	frag	L888339	0	1.0000
c9	5000	auto	frag	L884453	2	0.9998
c9	5000	auto	frag	L885068	0	0.9249
c9	5000	auto	frag	L892540	0	1.0000
c9	5000	auto	full	L853299	0	1.0000
c9	5000	auto	full	L847988	0	1.0000
c9	5000	auto	full	L849505	0	1.0000
c9	5000	auto	full	L855935	0	1.0000
c9	5000	auto	full	L858843	0	1.0000
c9	5000	auto	full	L864050	0	1.0000
c9	5000	auto	full	L862725	0	1.0000
c9	5000	auto	full	L856753	0	1.0000
c9	5000	auto	full	L868640	0	1.0000
c9	5000	auto	full	L873249	0	1.0000
c9	5000	auto	full	L869371	0	1.0000
c9	5000	auto	full	L869433	0	1.0000
c9	5000	auto	full	L855747	1	0.4112
c9	5000	auto	full	L883660	0	1.0000
c9	5000	auto	full	L883133	0	1.0000
c9	5000	auto	full	L888328	0	1.0000
c9	5000	auto	full	L888339	0	1.0000
c9	5000	auto	full	L886813	0	1.0000
c9	5000	auto	full	L888692	0	0.3392
c9	5000	auto	full	L884453	0	1.0000
c9	5000	auto	full	L886474	1	0.8566
c9	5000	auto	full	L885068	0	1.0000
c9	5000	auto	full	L886084	0	1.0000
c9	5000	auto	full	L885624	0	1.0000
c9	5000	auto	full	L892540	0	1.0000
c9	5000	auto	full	L894181	0	1.0000
c9	5000	fix	frag	L847988	0	0.2406
c9	5000	fix	frag	L885624	5	0.1611
c9	5000	fix	frag	L853299	0	1.0000
c9	5000	fix	frag	L855747	1	0.2228
c9	5000	fix	frag	L849505	0	0.5096
c9	5000	fix	frag	L883660	0	0.5644
c9	5000	fix	frag	L894181	8	0.1541
c9	5000	fix	frag	L855935	0	0.9880
c9	5000	fix	frag	L858843	0	0.9992
c9	5000	fix	frag	L864050	0	1.0000
c9	5000	fix	frag	L862725	0	1.0000
c9	5000	fix	frag	L856753	0	1.0000
c9	5000	fix	frag	L868640	0	1.0000
c9	5000	fix	frag	L873249	0	0.9844
c9	5000	fix	frag	L869371	0	0.4670
c9	5000	fix	frag	L869433	0	0.9848
c9	5000	fix	frag	L886813	0	0.2804
c9	5000	fix	frag	L886474	7	0.3397
c9	5000	fix	frag	L888692	1	0.1133
c9	5000	fix	frag	L883133	0	0.9364
c9	5000	fix	frag	L886084	0	0.6342
c9	5000	fix	frag	L888328	0	0.9981
c9	5000	fix	frag	L888339	0	1.0000
c9	5000	fix	frag	L884453	0	0.9122
c9	5000	fix	frag	L885068	0	0.8605
c9	5000	fix	frag	L892540	0	1.0000
c9	5000	fix	full	L853299	0	1.0000
c9	5000	fix	full	L847988	0	1.0000
c9	5000	fix	full	L849505	0	1.0000
c9	5000	fix	full	L855935	0	1.0000
c9	5000	fix	full	L858843	0	1.0000
c9	5000	fix	full	L864050	0	1.0000
c9	5000	fix	full	L862725	0	1.0000
c9	5000	fix	full	L856753	0	1.0000
c9	5000	fix	full	L868640	0	1.0000
c9	5000	fix	full	L873249	0	1.0000
c9	5000	fix	full	L869371	0	1.0000
c9	5000	fix	full	L869433	0	1.0000
c9	5000	fix	full	L855747	1	0.4112
c9	5000	fix	full	L883660	0	1.0000
c9	5000	fix	full	L883133	0	1.0000
c9	5000	fix	full	L888328	0	1.0000
c9	5000	fix	full	L888339	0	1.0000
c9	5000	fix	full	L886813	0	1.0000
c9	5000	fix	full	L888692	0	0.3392
c9	5000	fix	full	L884453	0	1.0000
c9	5000	fix	full	L886474	1	0.8566
c9	5000	fix	full	L885068	0	1.0000
c9	5000	fix	full	L886084	0	1.0000
c9	5000	fix	full	L885624	0	1.0000
c9	5000	fix	full	L892540	0	1.0000
c9	5000	fix	full	L894181	0	1.0000
c9	5000	fix_noheur	frag	L847988	0	0.2402
c9	5000	fix_noheur	frag	L849505	0	0.5096
c9	5000	fix_noheur	frag	L853299	0	1.0000
c9	5000	fix_noheur	frag	L855747	1	0.2221
c9	5000	fix_noheur	frag	L855935	0	0.9879
c9	5000	fix_noheur	frag	L856753	0	1.0000
c9	5000	fix_noheur	frag	L858843	0	0.9990
c9	5000	fix_noheur	frag	L862725	0	1.0000
c9	5000	fix_noheur	frag	L864050	0	1.0000
c9	5000	fix_noheur	frag	L868640	0	1.0000
c9	5000	fix_noheur	frag	L869371	0	0.4670
c9	5000	fix_noheur	frag	L869433	0	0.9848
c9	5000	fix_noheur	frag	L873249	0	0.9844
c9	5000	fix_noheur	frag	L883133	0	0.9364
c9	5000	fix_noheur	frag	L883660	0	0.5631
c9	5000	fix_noheur	frag	L884453	0	0.8961
c9	5000	fix_noheur	frag	L885068	0	0.8576
c9	5000	fix_noheur	frag	L885624	5	0.1590
c9	5000	fix_noheur	frag	L886084	0	0.6340
c9	5000	fix_noheur	frag	L886474	7	0.3371
c9	5000	fix_noheur	frag	L886813	0	0.2535
c9	5000	fix_noheur	frag	L888328	0	0.9981
c9	5000	fix_noheur	frag	L888339	0	1.0000
c9	5000	fix_noheur	frag	L888692	1	0.1103
c9	5000	fix_noheur	frag	L892540	0	1.0000
c9	5000	fix_noheur	frag	L894181	8	0.1540
c9	5000	noheur	frag	L847988	19	1.0000
c9	5000	noheur	frag	L849505	22	1.0000
c9	5000	noheur	frag	L853299	23	1.0000
c9	5000	noheur	frag	L855747	16	1.0000
c9	5000	noheur	frag	L855935	19	1.0000
c9	5000	noheur	frag	L856753	24	1.0000
c9	5000	noheur	frag	L858843	0	0.9990
c9	5000	noheur	frag	L862725	25	1.0000
c9	5000	noheur	frag	L864050	18	1.0000
c9	5000	noheur	frag	L868640	21	1.0000
c9	5000	noheur	frag	L869371	29	1.0000
c9	5000	noheur	frag	L869433	29	0.8032
c9	5000	noheur	frag	L873249	28	1.0000
c9	5000	noheur	frag	L883133	16	1.0000
c9	5000	noheur	frag	L883660	20	1.0000
c9	5000	noheur	frag	L884453	19	1.0000
c9	5000	noheur	frag	L885068	27	1.0000
c9	5000	noheur	frag	L885624	22	1.0000
c9	5000	noheur	frag	L886084	23	1.0000
c9	5000	noheur	frag	L886474	22	1.0000
c9	5000	noheur	frag	L886813	21	1.0000
c9	5000	noheur	frag	L888328	21	1.0000
c9	5000	noheur	frag	L888339	21	1.0000
c9	5000	noheur	frag	L888692	21	1.0000
c9	5000	noheur	frag	L892540	20	1.0000
c9	5000	noheur	frag	L894181	14	1.0000
c9	5000	nopremask	frag	L847988	0	0.2291
c9	5000	nopremask	frag	L885624	5	0.1323
c9	5000	nopremask	frag	L853299	0	1.0000
c9	5000	nopremask	frag	L855747	0	0.2741
c9	5000	nopremask	frag	L849505	0	0.6434
c9	5000	nopremask	frag	L883660	0	0.5717
c9	5000	nopremask	frag	L894181	7	0.1451
c9	5000	nopremask	frag	L855935	0	0.9853
c9	5000	nopremask	frag	L858843	0	0.9991
c9	5000	nopremask	frag	L864050	0	1.0000
c9	5000	nopremask	frag	L862725	0	1.0000
c9	5000	nopremask	frag	L856753	0	1.0000
c9	5000	nopremask	frag	L868640	0	1.0000
c9	5000	nopremask	frag	L873249	0	0.9858
c9	5000	nopremask	frag	L869371	0	0.5233
c9	5000	nopremask	frag	L869433	0	0.9792
c9	5000	nopremask	frag	L886813	0	0.2997
c9	5000	nopremask	frag	L886474	1	0.4052
c9	5000	nopremask	frag	L888692	3	0.0995
c9	5000	nopremask	frag	L883133	0	0.9469
c9	5000	nopremask	frag	L886084	0	0.9581
c9	5000	nopremask	frag	L888328	0	0.9989
c9	5000	nopremask	frag	L888339	0	1.0000
c9	5000	nopremask	frag	L884453	0	0.9470
c9	5000	nopremask	frag	L885068	0	0.9005
c9	5000	nopremask	frag	L892540	0	1.0000
c9	5000	pplacer	frag	L888692	1	0.2133
c9	5000	pplacer	frag	L847988	0	0.4851
c9	5000	pplacer	frag	L858843	0	1.0000
c9	5000	pplacer	frag	L885624	3	0.2464
c9	5000	pplacer	frag	L888339	0	1.0000
c9	5000	pplacer	frag	L888328	0	1.0000
c9	5000	pplacer	frag	L886474	1	0.4981
c9	5000	pplacer	frag	L883133	0	0.8830
c9	5000	pplacer	frag	L849505	0	0.4910
c9	5000	pplacer	frag	L892540	0	1.0000
c9	5000	pplacer	frag	L862725	0	1.0000
c9	5000	pplacer	frag	L869433	0	1.0000
c9	5000	pplacer	frag	L853299	0	1.0000
c9	5000	pplacer	frag	L855747	1	0.2450
c9	5000	pplacer	frag	L873249	0	1.0000
c9	5000	pplacer	frag	L883660	0	0.6600
c9	5000	pplacer	frag	L894181	8	0.1528
c9	5000	pplacer	frag	L864050	0	1.0000
c9	5000	pplacer	frag	L886813	0	0.3378
c9	5000	pplacer	frag	L868640	0	1.0000
c9	5000	pplacer	frag	L886084	0	0.9322
c9	5000	pplacer	frag	L885068	0	0.7989
c9	5000	pplacer	frag	L855935	0	1.0000
c9	5000	pplacer	frag	L869371	0	0.6044
c9	5000	pplacer	frag	L856753	0	1.0000
c9	5000	pplacer	frag	L884453	0	0.9179
c9	5000	shift	frag	L847988	0	0.2406
c9	5000	shift	frag	L885624	5	0.1611
c9	5000	shift	frag	L853299	0	1.0000
c9	5000	shift	frag	L855747	1	0.2228
c9	5000	shift	frag	L849505	0	0.5096
c9	5000	shift	frag	L883660	0	0.5644
c9	5000	shift	frag	L894181	8	0.1541
c9	5000	shift	frag	L855935	0	0.9880
c9	5000	shift	frag	L858843	0	0.9992
c9	5000	shift	frag	L864050	0	1.0000
c9	5000	shift	frag	L862725	0	1.0000
c9	5000	shift	frag	L856753	0	1.0000
c9	5000	shift	frag	L868640	0	1.0000
c9	5000	shift	frag	L873249	0	0.9844
c9	5000	shift	frag	L869371	0	0.4670
c9	5000	shift	frag	L869433	0	0.9848
c9	5000	shift	frag	L886813	0	0.2804
c9	5000	shift	frag	L886474	7	0.3397
c9	5000	shift	frag	L888692	1	0.1133
c9	5000	shift	frag	L883133	0	0.9364
c9	5000	shift	frag	L886084	0	0.6342
c9	5000	shift	frag	L888328	0	0.9981
c9	5000	shift	frag	L888339	0	1.0000
c9	5000	shift	frag	L884453	0	0.9122
c9	5000	shift	frag	L885068	0	0.8605
c9	5000	shift	frag	L892540	0	1.0000
c9	5000	simd	frag	L847988	4	0.5004
c9	5000	simd	frag	L885624	14	1.0000
c9	5000	simd	frag	L853299	0	1.0000
c9	5000	simd	frag	L855747	2	1.0000
c9	5000	simd	frag	L849505	1	0.8504
c9	5000	simd	frag	L883660	1	0.5638
c9	5000	simd	frag	L894181	5	0.9265
c9	5000	simd	frag	L855935	3	1.0000
c9	5000	simd	frag	L858843	0	0.9992
c9	5000	simd	frag	L864050	1	0.3409
c9	5000	simd	frag	L862725	1	1.0000
c9	5000	simd	frag	L856753	0	1.0000
c9	5000	simd	frag	L868640	0	1.0000
c9	5000	simd	frag	L873249	0	0.9996
c9	5000	simd	frag	L869371	3	1.0000
c9	5000	simd	frag	L869433	0	0.9996
c9	5000	simd	frag	L886813	2	0.9432
c9	5000	simd	frag	L886474	11	0.9931
c9	5000	simd	frag	L888692	2	1.0000
c9	5000	simd	frag	L883133	1	1.0000
c9	5000	simd	frag	L886084	2	1.0000
c9	5000	simd	frag	L888328	1	0.9536
c9	5000	simd	frag	L888339	0	1.0000
c9	5000	simd	frag	L884453	2	0.9998
c9	5000	simd	frag	L885068	0	0.9249
c9	5000	simd	frag	L892540	0	1.0000
