fix_b2000_frag	L100289	0	0.6137
fix_b2000_frag	L1004865	0	0.7695
fix_b2000_frag	L1006665	1	0.1605
fix_b2000_frag	L1010975	0	0.6443
fix_b2000_frag	L1011724	0	0.9983
fix_b2000_frag	L1012208	1	0.2207
fix_b2000_frag	L1015696	0	0.3335
fix_b2000_frag	L101727	0	0.9915
fix_b2000_frag	L1023217	0	0.9996
fix_b2000_frag	L1025412	0	0.4403
fix_b2000_frag	L1027134	2	0.1480
fix_b2000_frag	L1027481	1	0.3434
fix_b2000_frag	L1028893	0	0.7444
fix_b2000_frag	L1031539	0	1.0000
fix_b2000_frag	L1032369	1	0.2598
fix_b2000_frag	L1033675	1	0.2577
fix_b2000_frag	L1034699	1	0.3262
fix_b2000_frag	L1039147	1	0.5207
fix_b2000_frag	L1039291	0	0.9996
fix_b2000_frag	L1041837	0	0.3770
fix_b2000_frag	L1044293	0	0.9950
fix_b2000_frag	L1044534	0	0.3409
fix_b2000_frag	L1046429	0	1.0000
fix_b2000_frag	L1046729	0	0.9921
fix_b2000_frag	L1049265	0	1.0000
fix_b2000_frag	L1050429	0	0.4176
fix_b2000_frag	L1052304	3	0.4411
fix_b2000_frag	L1053257	0	1.0000
fix_b2000_frag	L1056213	0	0.8582
fix_b2000_frag	L1059470	1	0.6648
fix_b2000_frag	L106110	1	0.2728
fix_b2000_frag	L1062366	0	0.9998
fix_b2000_frag	L1062432	0	0.9309
fix_b2000_frag	L1062927	1	0.4328
fix_b2000_frag	L1064437	0	0.3089
fix_b2000_frag	L1065632	0	0.8723
fix_b2000_frag	L106767	0	0.6551
fix_b2000_frag	L1069926	0	0.9958
fix_b2000_frag	L1070671	1	0.4339
fix_b2000_frag	L1071499	0	0.9850
fix_b2000_frag	L1072629	0	0.9044
fix_b2000_frag	L1073158	0	0.9806
fix_b2000_frag	L1076326	0	1.0000
fix_b2000_frag	L1080809	0	1.0000
fix_b2000_frag	L1081949	0	1.0000
fix_b2000_frag	L1083215	0	1.0000
fix_b2000_frag	L1084315	0	0.1812
fix_b2000_frag	L1085405	0	1.0000
fix_b2000_frag	L1085680	0	0.9990
fix_b2000_frag	L1086867	1	0.2790
fix_b2000_frag	L1088293	0	0.3740
fix_b2000_frag	L1090079	0	0.5473
fix_b2000_frag	L109023	0	0.9837
fix_b2000_frag	L1090288	10	0.3502
fix_b2000_frag	L1090501	1	0.4897
fix_b2000_frag	L1091700	0	0.5165
fix_b2000_frag	L1094809	0	0.7709
fix_b2000_frag	L1096011	0	1.0000
fix_b2000_frag	L1097545	1	0.7426
fix_b2000_frag	L1100323	0	0.4144
fix_b2000_frag	L1100804	0	1.0000
fix_b2000_frag	L1101088	0	0.3295
fix_b2000_frag	L1103740	0	0.4674
fix_b2000_frag	L1104218	0	1.0000
fix_b2000_frag	L1108713	1	0.2890
fix_b2000_frag	L1109452	2	0.3837
fix_b2000_frag	L1113663	0	0.9999
fix_b2000_frag	L1115257	0	0.8996
fix_b2000_frag	L1117268	0	0.4588
fix_b2000_frag	L1117581	0	0.9360
fix_b2000_frag	L1117809	1	0.3337
fix_b2000_frag	L1118699	1	0.7932
fix_b2000_frag	L112129	7	0.2889
fix_b2000_frag	L1126989	0	0.9993
fix_b2000_frag	L1128445	0	0.9995
fix_b2000_frag	L1128464	0	0.9325
fix_b2000_frag	L1133110	0	0.1994
fix_b2000_frag	L1133196	0	0.8588
fix_b2000_frag	L1133707	0	0.7929
fix_b2000_frag	L1134196	1	0.2572
fix_b2000_frag	L1135754	0	1.0000
fix_b2000_frag	L1139882	0	0.6226
fix_b2000_frag	L1142588	0	0.3305
fix_b2000_frag	L1144170	1	0.3033
fix_b2000_frag	L1145262	0	1.0000
fix_b2000_frag	L1147764	2	0.4045
fix_b2000_frag	L114917	0	0.4488
fix_b2000_frag	L1154214	0	0.2318
fix_b2000_frag	L115634	1	0.3759
fix_b2000_frag	L1163405	1	0.2090
fix_b2000_frag	L1165069	0	0.9814
fix_b2000_frag	L1168131	0	0.8770
fix_b2000_frag	L1171356	0	0.9152
fix_b2000_frag	L1172663	0	0.9953
fix_b2000_frag	L1173032	0	0.6434
fix_b2000_frag	L1176966	0	1.0000
fix_b2000_frag	L1178697	0	1.0000
fix_b2000_frag	L1181966	0	0.9676
fix_b2000_frag	L1184289	1	0.1121
fix_b2000_frag	L1184787	0	1.0000
fix_b2000_frag	L1187520	3	0.3111
fix_b2000_frag	L1188064	0	0.6250
fix_b2000_frag	L1188531	1	0.4833
fix_b2000_frag	L119105	1	0.4444
fix_b2000_frag	L1194657	0	0.3839
fix_b2000_frag	L119513	0	1.0000
fix_b2000_frag	L1197033	0	0.7634
fix_b2000_frag	L1197756	0	1.0000
fix_b2000_frag	L1198436	1	0.2244
fix_b2000_frag	L1199013	0	0.9029
fix_b2000_frag	L120088	2	0.9458
fix_b2000_frag	L1201990	1	0.3111
fix_b2000_frag	L1203129	1	0.3544
fix_b2000_frag	L1204138	1	0.3340
fix_b2000_frag	L1204996	0	0.1847
fix_b2000_frag	L1205130	0	0.8590
fix_b2000_frag	L1208208	1	0.3703
fix_b2000_frag	L1210124	1	0.5205
fix_b2000_frag	L1210243	1	0.3587
fix_b2000_frag	L1210738	1	0.8518
fix_b2000_frag	L1211006	1	0.5101
fix_b2000_frag	L1211126	0	0.3674
fix_b2000_frag	L1212929	0	0.8415
fix_b2000_frag	L121345	0	1.0000
fix_b2000_frag	L1216921	0	1.0000
fix_b2000_frag	L1217888	0	0.3518
fix_b2000_frag	L1217909	0	0.8123
fix_b2000_frag	L1221395	0	0.4453
fix_b2000_frag	L122149	0	0.9274
fix_b2000_frag	L1222072	0	0.5748
fix_b2000_frag	L1223120	0	0.7712
fix_b2000_frag	L1226772	1	0.3213
fix_b2000_frag	L12278	0	1.0000
fix_b2000_frag	L1228969	0	1.0000
fix_b2000_frag	L1230909	0	0.9820
fix_b2000_frag	L1234354	0	0.9989
fix_b2000_frag	L1235931	2	0.4765
fix_b2000_frag	L1236533	1	0.5778
fix_b2000_frag	L1239299	1	0.3649
fix_b2000_frag	L1241887	1	0.3334
fix_b2000_frag	L1243845	0	0.1829
fix_b2000_frag	L124425	1	0.2221
fix_b2000_frag	L1246704	0	0.9846
fix_b2000_frag	L1249395	2	0.8410
fix_b2000_frag	L1258357	2	0.2303
fix_b2000_frag	L1258779	0	1.0000
fix_b2000_frag	L1260725	0	0.4799
fix_b2000_frag	L1260761	10	0.2115
fix_b2000_frag	L1261058	4	0.2324
fix_b2000_frag	L1262191	1	0.4755
fix_b2000_frag	L1262555	0	0.6105
fix_b2000_frag	L1263627	5	0.2024
fix_b2000_frag	L1264592	0	0.1904
fix_b2000_frag	L1266072	1	0.4270
fix_b2000_frag	L1268031	0	1.0000
fix_b2000_frag	L1270831	1	0.6151
fix_b2000_frag	L127166	6	0.9315
fix_b2000_frag	L1274721	0	0.9530
fix_b2000_frag	L127737	1	0.2198
fix_b2000_frag	L1277844	0	1.0000
fix_b2000_frag	L1279825	3	0.2259
fix_b2000_frag	L1283592	1	0.2841
fix_b2000_frag	L1284907	0	0.6547
fix_b2000_frag	L1285548	0	0.1620
fix_b2000_frag	L1285656	3	0.1843
fix_b2000_frag	L1288259	0	0.1447
fix_b2000_frag	L1288267	12	0.4062
fix_b2000_frag	L1288822	2	0.3532
fix_b2000_frag	L1292358	2	0.2075
fix_b2000_frag	L1292463	0	1.0000
fix_b2000_frag	L1295598	0	0.9549
fix_b2000_frag	L1298394	0	1.0000
fix_b2000_frag	L1302461	1	0.3167
fix_b2000_frag	L130303	0	1.0000
fix_b2000_frag	L1303986	0	0.6236
fix_b2000_frag	L1310424	6	0.4710
fix_b2000_frag	L1311173	1	0.3520
fix_b2000_frag	L1311292	2	0.5771
fix_b2000_frag	L1314108	2	0.3565
fix_b2000_frag	L1315018	17	0.6054
fix_b2000_frag	L1315334	0	1.0000
fix_b2000_frag	L1318499	0	1.0000
fix_b2000_frag	L1320618	1	0.6560
fix_b2000_frag	L1324414	0	0.1975
fix_b2000_frag	L1325335	16	0.1884
fix_b2000_frag	L1329240	0	0.7959
fix_b2000_frag	L1329981	0	0.9868
fix_b2000_frag	L1332662	0	0.2062
fix_b2000_frag	L133319	1	0.3215
fix_b2000_frag	L1333318	0	0.9204
fix_b2000_frag	L1334282	0	0.9998
fix_b2000_frag	L1335619	0	0.8839
fix_b2000_frag	L1336525	0	0.4280
fix_b2000_frag	L1337140	0	1.0000
fix_b2000_frag	L1340265	0	0.7179
fix_b2000_frag	L1340691	22	0.3703
fix_b2000_frag	L1341879	1	0.3069
fix_b2000_frag	L1342311	0	0.9940
fix_b2000_frag	L1347048	2	0.5303
fix_b2000_frag	L1352161	1	1.0000
fix_b2000_frag	L1354558	1	1.0000
fix_b2000_frag	L1354735	4	0.1553
fix_b2000_frag	L1358691	1	0.9865
fix_b2000_frag	L1360127	2	0.3770
fix_b2000_frag	L1363513	2	0.2169
fix_b2000_frag	L1363984	2	0.1791
fix_b2000_frag	L1365905	1	0.2234
fix_b2000_frag	L1368193	0	0.3004
fix_b2000_frag	L1368338	0	0.3673
fix_b2000_frag	L1369008	0	0.9256
fix_b2000_frag	L1373280	0	0.9990
fix_b2000_frag	L13742	0	0.7970
fix_b2000_frag	L1375580	2	0.6689
fix_b2000_frag	L1377097	0	0.5671
fix_b2000_frag	L1377556	0	0.5407
fix_b2000_frag	L1377693	2	0.3257
fix_b2000_frag	L1378979	0	0.9042
fix_b2000_frag	L1380013	0	0.9943
fix_b2000_frag	L1386597	0	0.9926
fix_b2000_frag	L1387556	0	1.0000
fix_b2000_frag	L1390302	2	0.1742
fix_b2000_frag	L1390641	1	0.4662
fix_b2000_frag	L1392258	2	0.4925
fix_b2000_frag	L1392753	0	0.9998
fix_b2000_frag	L1396454	0	0.3337
fix_b2000_frag	L1400580	0	0.5516
fix_b2000_frag	L1400636	0	0.4303
fix_b2000_frag	L1401014	0	0.9060
fix_b2000_frag	L1401165	1	0.8242
fix_b2000_frag	L1402303	0	0.2629
fix_b2000_frag	L140764	0	0.7121
fix_b2000_frag	L140781	0	0.9641
fix_b2000_frag	L1418049	1	0.3035
fix_b2000_frag	L1421761	0	0.6284
fix_b2000_frag	L1424559	0	0.4377
fix_b2000_frag	L1428063	0	0.3577
fix_b2000_frag	L1428264	1	0.6961
fix_b2000_frag	L1428285	0	0.3896
fix_b2000_frag	L1429187	1	0.2815
fix_b2000_frag	L1431175	1	0.3351
fix_b2000_frag	L1437238	0	1.0000
fix_b2000_frag	L1439974	0	0.3195
fix_b2000_frag	L1440255	0	0.3683
fix_b2000_frag	L1444255	0	0.9939
fix_b2000_frag	L1451358	0	1.0000
fix_b2000_frag	L1452270	0	0.4805
fix_b2000_frag	L1455263	1	0.2032
fix_b2000_frag	L1455658	1	0.4510
fix_b2000_frag	L1458788	2	0.5999
fix_b2000_frag	L1459831	0	0.9988
fix_b2000_frag	L1462414	0	1.0000
fix_b2000_frag	L1463862	1	0.9952
fix_b2000_frag	L1464063	0	1.0000
fix_b2000_frag	L1465929	0	0.7936
fix_b2000_frag	L14662	0	0.3286
fix_b2000_frag	L147167	3	0.1718
fix_b2000_frag	L1472900	0	1.0000
fix_b2000_frag	L1474244	0	1.0000
fix_b2000_frag	L1477899	1	0.1630
fix_b2000_frag	L1478500	0	0.3266
fix_b2000_frag	L1480479	0	0.9320
fix_b2000_frag	L1480710	0	1.0000
fix_b2000_frag	L1481332	0	0.8347
fix_b2000_frag	L1482337	2	0.1494
fix_b2000_frag	L1484353	2	0.5422
fix_b2000_frag	L148591	0	1.0000
fix_b2000_frag	L1486539	0	1.0000
fix_b2000_frag	L1488274	1	0.3645
fix_b2000_frag	L1489414	1	0.4874
fix_b2000_frag	L1489879	0	0.2995
fix_b2000_frag	L149103	0	0.9967
fix_b2000_frag	L1491304	0	1.0000
fix_b2000_frag	L1494813	1	0.3534
fix_b2000_frag	L1494954	2	0.7559
fix_b2000_frag	L1497033	5	0.5590
fix_b2000_frag	L1497246	0	0.2254
fix_b2000_frag	L1499658	0	0.3389
fix_b2000_frag	L1501381	2	0.4311
fix_b2000_frag	L1501916	0	0.9986
fix_b2000_frag	L1503626	0	0.8383
fix_b2000_frag	L1503978	2	0.4600
fix_b2000_frag	L1504511	0	0.2198
fix_b2000_frag	L1505115	2	0.2094
fix_b2000_frag	L1505874	0	0.1717
fix_b2000_frag	L1510976	1	0.3683
fix_b2000_frag	L1513218	0	0.2368
fix_b2000_frag	L1515573	1	0.7460
fix_b2000_frag	L1517373	1	0.4053
fix_b2000_frag	L1519270	0	0.9071
fix_b2000_frag	L1524129	0	0.9746
fix_b2000_frag	L1526979	0	0.3623
fix_b2000_frag	L1532824	0	1.0000
fix_b2000_frag	L1538238	0	1.0000
fix_b2000_frag	L1541433	0	1.0000
fix_b2000_frag	L154435	0	0.3787
fix_b2000_frag	L1544392	1	0.8022
fix_b2000_frag	L1549234	8	0.2076
fix_b2000_frag	L1549395	0	0.6896
fix_b2000_frag	L1552071	0	1.0000
fix_b2000_frag	L1554643	0	0.9393
fix_b2000_frag	L1554665	0	0.9999
fix_b2000_frag	L1554859	0	0.2798
fix_b2000_frag	L1559903	0	0.7009
fix_b2000_frag	L1567518	0	0.9939
fix_b2000_frag	L1572835	5	0.3067
fix_b2000_frag	L157772	1	0.2491
fix_b2000_frag	L1580756	0	0.4813
fix_b2000_frag	L1581099	1	0.3456
fix_b2000_frag	L1582200	1	0.3348
fix_b2000_frag	L1583028	2	0.1890
fix_b2000_frag	L1583912	0	0.8360
fix_b2000_frag	L1584094	0	1.0000
fix_b2000_frag	L1585357	0	0.7596
fix_b2000_frag	L1585994	1	0.2778
fix_b2000_frag	L1586969	0	0.2258
fix_b2000_frag	L1588628	0	0.4303
fix_b2000_frag	L1593023	0	0.4213
fix_b2000_frag	L1594227	1	0.1847
fix_b2000_frag	L1594679	0	0.3506
fix_b2000_frag	L1596050	0	0.9825
fix_b2000_frag	L1597579	0	1.0000
fix_b2000_frag	L1599085	2	0.4663
fix_b2000_frag	L1599113	0	0.7407
fix_b2000_frag	L1600931	2	0.1781
fix_b2000_frag	L1601984	0	0.4999
fix_b2000_frag	L1603557	1	0.4486
fix_b2000_frag	L1604004	1	0.3468
fix_b2000_frag	L1606587	0	0.3896
fix_b2000_frag	L1606797	0	0.9999
fix_b2000_frag	L1607075	1	0.3774
fix_b2000_frag	L161033	0	1.0000
fix_b2000_frag	L1610367	5	0.1422
fix_b2000_frag	L1610874	0	0.8579
fix_b2000_frag	L1613428	0	0.8930
fix_b2000_frag	L1617572	1	0.6108
fix_b2000_frag	L1618167	0	1.0000
fix_b2000_frag	L1618884	1	0.3507
fix_b2000_frag	L1621327	0	0.7354
fix_b2000_frag	L1621345	0	0.9897
fix_b2000_frag	L162378	1	0.4319
fix_b2000_frag	L1628257	1	0.4393
fix_b2000_frag	L1631106	1	0.7637
fix_b2000_frag	L163268	0	0.7252
fix_b2000_frag	L1632948	0	0.9999
fix_b2000_frag	L1637063	0	1.0000
fix_b2000_frag	L1639195	3	0.3302
fix_b2000_frag	L1640626	0	0.8441
fix_b2000_frag	L1642113	0	0.6762
fix_b2000_frag	L1644306	0	0.2711
fix_b2000_frag	L1645207	0	1.0000
fix_b2000_frag	L1647058	1	0.4544
fix_b2000_frag	L1648296	0	0.9273
fix_b2000_frag	L1649255	0	0.3216
fix_b2000_frag	L1653555	0	1.0000
fix_b2000_frag	L1655916	1	0.2503
fix_b2000_frag	L1660415	3	0.1834
fix_b2000_frag	L1661451	3	0.6364
fix_b2000_frag	L1661745	1	0.3712
fix_b2000_frag	L166457	0	1.0000
fix_b2000_frag	L1665975	0	1.0000
fix_b2000_frag	L166638	1	0.2900
fix_b2000_frag	L1670095	0	0.8755
fix_b2000_frag	L1673626	4	0.1294
fix_b2000_frag	L1676619	0	0.9942
fix_b2000_frag	L1679593	0	0.7346
fix_b2000_frag	L168009	1	0.4153
fix_b2000_frag	L1680312	2	0.1910
fix_b2000_frag	L1683860	2	0.3171
fix_b2000_frag	L168501	5	0.2956
fix_b2000_frag	L1686036	3	0.2828
fix_b2000_frag	L1688821	1	0.3480
fix_b2000_frag	L1690091	0	1.0000
fix_b2000_frag	L1691992	0	0.9435
fix_b2000_frag	L1696960	0	0.5318
fix_b2000_frag	L1699862	1	0.4189
fix_b2000_frag	L1703051	2	0.1413
fix_b2000_frag	L1705727	0	0.9950
fix_b2000_frag	L1706743	0	0.3775
fix_b2000_frag	L1707670	0	0.4181
fix_b2000_frag	L1709271	0	1.0000
fix_b2000_frag	L1711120	2	0.3175
fix_b2000_frag	L1712110	0	1.0000
fix_b2000_frag	L1713612	1	0.4245
fix_b2000_frag	L1715186	0	0.9653
fix_b2000_frag	L1717039	0	0.9996
fix_b2000_frag	L1717487	0	0.1765
fix_b2000_frag	L1717679	1	0.1339
fix_b2000_frag	L171872	0	1.0000
fix_b2000_frag	L1720671	2	0.6407
fix_b2000_frag	L1724030	2	0.1657
fix_b2000_frag	L1724603	0	0.3025
fix_b2000_frag	L1725907	1	0.2926
fix_b2000_frag	L1726884	0	0.9991
fix_b2000_frag	L1730039	1	0.2767
fix_b2000_frag	L1731278	1	0.5667
fix_b2000_frag	L1731637	1	0.5120
fix_b2000_frag	L1731806	1	0.3926
fix_b2000_frag	L1731825	0	0.3097
fix_b2000_frag	L1733434	1	0.4393
fix_b2000_frag	L1735605	1	0.2515
fix_b2000_frag	L1738043	0	0.4979
fix_b2000_frag	L173888	0	1.0000
fix_b2000_frag	L1741025	0	0.1900
fix_b2000_frag	L1741283	1	0.2913
fix_b2000_frag	L1743121	2	0.5590
fix_b2000_frag	L1743160	0	0.3946
fix_b2000_frag	L1745840	0	0.2776
fix_b2000_frag	L1747985	5	0.4064
fix_b2000_frag	L1748111	0	0.9998
fix_b2000_frag	L1748189	0	0.1581
fix_b2000_frag	L1748363	0	1.0000
fix_b2000_frag	L175173	0	1.0000
fix_b2000_frag	L1755181	0	0.9991
fix_b2000_frag	L1755241	0	0.5383
fix_b2000_frag	L1756620	0	1.0000
fix_b2000_frag	L1757163	1	0.5312
fix_b2000_frag	L1758219	0	0.9999
fix_b2000_frag	L1758321	0	0.9165
fix_b2000_frag	L1759705	1	0.2855
fix_b2000_frag	L1759939	0	1.0000
fix_b2000_frag	L1760678	6	0.3526
fix_b2000_frag	L1763126	1	0.4567
fix_b2000_frag	L1763366	0	0.4620
fix_b2000_frag	L1765485	0	0.1090
fix_b2000_frag	L176768	0	0.1365
fix_b2000_frag	L176849	1	0.2825
fix_b2000_frag	L1776351	0	0.4116
fix_b2000_frag	L1778817	0	0.9998
fix_b2000_frag	L1780398	0	0.5313
fix_b2000_frag	L1780819	0	0.3923
fix_b2000_frag	L1781469	0	1.0000
fix_b2000_frag	L178235	0	1.0000
fix_b2000_frag	L1783781	0	0.2991
fix_b2000_frag	L1784891	0	0.4848
fix_b2000_frag	L1785029	1	0.4344
fix_b2000_frag	L1787087	0	0.9003
fix_b2000_frag	L1788394	2	0.2851
fix_b2000_frag	L1789260	0	1.0000
fix_b2000_frag	L1790726	0	0.7071
fix_b2000_frag	L1792213	0	0.9995
fix_b2000_frag	L1793164	0	1.0000
fix_b2000_frag	L1794818	1	0.2302
fix_b2000_frag	L1801229	0	0.7207
fix_b2000_frag	L1801776	2	0.2925
fix_b2000_frag	L1802441	0	0.6678
fix_b2000_frag	L180370	1	0.1208
fix_b2000_frag	L1806674	0	0.2615
fix_b2000_frag	L1808057	0	0.9383
fix_b2000_frag	L1809763	0	0.8588
fix_b2000_frag	L1812832	0	0.6986
fix_b2000_frag	L1813363	0	0.2744
fix_b2000_frag	L1814194	1	0.2090
fix_b2000_frag	L1814234	0	0.9979
fix_b2000_frag	L1818724	0	0.7163
fix_b2000_frag	L1819800	1	0.1679
fix_b2000_frag	L1823583	3	0.3836
fix_b2000_frag	L1825133	0	0.4240
fix_b2000_frag	L1825229	0	1.0000
fix_b2000_frag	L1832290	0	0.9434
fix_b2000_frag	L1832446	0	0.8169
fix_b2000_frag	L1833126	1	0.8607
fix_b2000_frag	L1833750	0	0.9999
fix_b2000_frag	L1835210	0	0.9861
fix_b2000_frag	L1842784	0	1.0000
fix_b2000_frag	L185114	19	0.8643
fix_b2000_frag	L1852801	0	1.0000
fix_b2000_frag	L1853941	1	0.5259
fix_b2000_frag	L1854338	0	1.0000
fix_b2000_frag	L1855067	0	0.9984
fix_b2000_frag	L1855202	0	1.0000
fix_b2000_frag	L1861694	1	0.6676
fix_b2000_frag	L1863372	0	0.8626
fix_b2000_frag	L1864158	0	1.0000
fix_b2000_frag	L1866755	1	0.3231
fix_b2000_frag	L1866797	4	0.3399
fix_b2000_frag	L1867100	1	0.3759
fix_b2000_frag	L1868072	1	0.3495
fix_b2000_frag	L1868786	0	0.7403
fix_b2000_frag	L1870755	0	0.8982
fix_b2000_frag	L1873641	0	0.5501
fix_b2000_frag	L1875088	0	0.9895
fix_b2000_frag	L18753	0	0.8796
fix_b2000_frag	L1876216	0	1.0000
fix_b2000_frag	L1877597	0	0.8321
fix_b2000_frag	L1879699	3	0.4794
fix_b2000_frag	L188182	0	0.7532
fix_b2000_frag	L1884979	0	0.9999
fix_b2000_frag	L1887497	0	0.5020
fix_b2000_frag	L1889689	0	0.9982
fix_b2000_frag	L189044	2	0.3635
fix_b2000_frag	L1890907	0	0.2007
fix_b2000_frag	L1892153	0	0.3740
fix_b2000_frag	L1892928	1	0.3731
fix_b2000_frag	L1895412	0	0.6694
fix_b2000_frag	L1896118	4	0.1209
fix_b2000_frag	L1896496	9	0.1032
fix_b2000_frag	L1898387	0	0.9676
fix_b2000_frag	L1899178	3	0.3158
fix_b2000_frag	L1900972	0	0.9804
fix_b2000_frag	L1901522	0	0.4050
fix_b2000_frag	L1905187	8	0.2047
fix_b2000_frag	L1909864	0	0.1953
fix_b2000_frag	L1910829	1	0.5125
fix_b2000_frag	L1913433	4	0.2094
fix_b2000_frag	L1913798	0	0.5862
fix_b2000_frag	L1914992	1	0.3245
fix_b2000_frag	L1915202	0	0.9363
fix_b2000_frag	L1918380	0	0.9351
fix_b2000_frag	L1919010	0	0.9331
fix_b2000_frag	L1920162	0	0.4137
fix_b2000_frag	L1920404	3	0.1784
fix_b2000_frag	L192109	0	1.0000
fix_b2000_frag	L1922907	2	0.4711
fix_b2000_frag	L1927325	0	0.9699
fix_b2000_frag	L1928915	0	1.0000
fix_b2000_frag	L1929090	4	0.2696
fix_b2000_frag	L1929913	0	1.0000
fix_b2000_frag	L1930346	0	0.7514
fix_b2000_frag	L1930461	1	0.9329
fix_b2000_frag	L1931337	0	0.5191
fix_b2000_frag	L1935951	1	0.2984
fix_b2000_frag	L1938073	0	0.6724
fix_b2000_frag	L1938493	17	0.9390
fix_b2000_frag	L1938969	0	0.9959
fix_b2000_frag	L1939654	0	1.0000
fix_b2000_frag	L19410	2	0.3626
fix_b2000_frag	L1941050	0	0.9999
fix_b2000_frag	L1942954	1	0.4103
fix_b2000_frag	L194883	0	1.0000
fix_b2000_frag	L195067	3	0.4086
fix_b2000_frag	L1954724	1	0.4994
fix_b2000_frag	L1954877	0	0.4186
fix_b2000_frag	L1955320	4	0.6435
fix_b2000_frag	L1955689	0	0.9998
fix_b2000_frag	L1956555	0	1.0000
fix_b2000_frag	L1960852	0	0.9970
fix_b2000_frag	L1961648	0	0.9505
fix_b2000_frag	L1961909	0	1.0000
fix_b2000_frag	L1963487	0	0.9998
fix_b2000_frag	L1967977	3	0.1505
fix_b2000_frag	L1968825	0	1.0000
fix_b2000_frag	L1969782	1	0.3963
fix_b2000_frag	L1973357	0	1.0000
fix_b2000_frag	L1976963	0	0.8497
fix_b2000_frag	L1978016	1	0.4993
fix_b2000_frag	L1981874	0	1.0000
fix_b2000_frag	L1982297	1	0.5503
fix_b2000_frag	L1986935	0	1.0000
fix_b2000_frag	L1988468	1	0.3669
fix_b2000_frag	L1993702	0	0.5657
fix_b2000_frag	L1994929	0	0.7954
fix_b2000_frag	L1995502	1	0.8112
fix_b2000_frag	L199621	0	0.3923
fix_b2000_frag	L199741	0	0.6336
fix_b2000_frag	L200062	0	0.3134
fix_b2000_frag	L200339	1	0.3309
fix_b2000_frag	L201693	0	0.7257
fix_b2000_frag	L204755	0	0.3346
fix_b2000_frag	L207526	2	0.3220
fix_b2000_frag	L209164	1	0.7043
fix_b2000_frag	L211149	0	1.0000
fix_b2000_frag	L213058	0	0.3458
fix_b2000_frag	L21416	0	0.3224
fix_b2000_frag	L215127	0	1.0000
fix_b2000_frag	L217152	1	0.5084
fix_b2000_frag	L220237	0	1.0000
fix_b2000_frag	L224269	0	0.9974
fix_b2000_frag	L224492	0	0.2165
fix_b2000_frag	L225627	1	0.3334
fix_b2000_frag	L230051	0	1.0000
fix_b2000_frag	L23270	0	0.2398
fix_b2000_frag	L234353	1	0.6227
fix_b2000_frag	L234368	0	0.3266
fix_b2000_frag	L238830	0	0.5629
fix_b2000_frag	L239409	3	0.2821
fix_b2000_frag	L241654	0	0.9037
fix_b2000_frag	L241655	2	0.4546
fix_b2000_frag	L245384	0	0.9862
fix_b2000_frag	L245820	0	0.3890
fix_b2000_frag	L246104	0	0.5383
fix_b2000_frag	L251332	0	0.3260
fix_b2000_frag	L251678	2	0.4017
fix_b2000_frag	L255307	0	1.0000
fix_b2000_frag	L257527	0	1.0000
fix_b2000_frag	L258589	0	1.0000
fix_b2000_frag	L266408	0	0.3388
fix_b2000_frag	L268084	0	0.3594
fix_b2000_frag	L268984	0	0.9988
fix_b2000_frag	L27508	1	0.5245
fix_b2000_frag	L275193	0	1.0000
fix_b2000_frag	L278395	1	0.3183
fix_b2000_frag	L278593	3	0.1500
fix_b2000_frag	L27964	0	0.9894
fix_b2000_frag	L284367	1	0.4815
fix_b2000_frag	L28444	0	0.7463
fix_b2000_frag	L284476	0	0.9994
fix_b2000_frag	L28553	2	0.1861
fix_b2000_frag	L29036	0	1.0000
fix_b2000_frag	L296959	0	1.0000
fix_b2000_frag	L299623	0	0.9886
fix_b2000_frag	L3055	0	0.6870
fix_b2000_frag	L307255	0	1.0000
fix_b2000_frag	L308212	0	0.4802
fix_b2000_frag	L308969	0	0.9672
fix_b2000_frag	L309051	0	0.4144
fix_b2000_frag	L309322	5	0.2423
fix_b2000_frag	L311702	0	0.7522
fix_b2000_frag	L312583	2	0.3440
fix_b2000_frag	L313358	2	0.3294
fix_b2000_frag	L313697	5	0.2892
fix_b2000_frag	L315634	4	0.1755
fix_b2000_frag	L315700	1	0.1443
fix_b2000_frag	L31685	0	0.9974
fix_b2000_frag	L317033	0	0.3790
fix_b2000_frag	L31899	0	0.7683
fix_b2000_frag	L323351	0	1.0000
fix_b2000_frag	L32395	0	0.2400
fix_b2000_frag	L326685	0	0.9914
fix_b2000_frag	L326694	1	0.2973
fix_b2000_frag	L327568	1	0.2749
fix_b2000_frag	L32832	0	0.8029
fix_b2000_frag	L329474	0	0.9996
fix_b2000_frag	L334900	0	0.3384
fix_b2000_frag	L33647	0	0.6924
fix_b2000_frag	L34212	2	0.1709
fix_b2000_frag	L342129	1	0.6395
fix_b2000_frag	L342665	0	0.3820
fix_b2000_frag	L342801	0	1.0000
fix_b2000_frag	L342978	1	0.8173
fix_b2000_frag	L343956	1	0.3059
fix_b2000_frag	L346141	4	0.2297
fix_b2000_frag	L34800	0	0.5597
fix_b2000_frag	L348481	1	0.5736
fix_b2000_frag	L353810	0	1.0000
fix_b2000_frag	L356341	1	0.1682
fix_b2000_frag	L356443	0	0.1825
fix_b2000_frag	L356686	1	0.2722
fix_b2000_frag	L360886	5	0.2514
fix_b2000_frag	L361342	0	0.6775
fix_b2000_frag	L362904	2	0.1703
fix_b2000_frag	L367241	0	0.9471
fix_b2000_frag	L367843	2	0.2103
fix_b2000_frag	L368076	1	0.4789
fix_b2000_frag	L370099	1	0.6441
fix_b2000_frag	L372147	0	0.5452
fix_b2000_frag	L37428	0	0.9990
fix_b2000_frag	L37487	0	1.0000
fix_b2000_frag	L37506	0	1.0000
fix_b2000_frag	L377747	0	0.9312
fix_b2000_frag	L378292	1	0.5368
fix_b2000_frag	L379881	1	0.2285
fix_b2000_frag	L38020	3	0.3447
fix_b2000_frag	L382144	0	0.3881
fix_b2000_frag	L382805	1	0.3514
fix_b2000_frag	L38293	0	0.9304
fix_b2000_frag	L385542	1	0.3781
fix_b2000_frag	L386709	0	0.9959
fix_b2000_frag	L387070	0	0.4262
fix_b2000_frag	L389418	0	0.9993
fix_b2000_frag	L39295	0	0.3816
fix_b2000_frag	L394806	0	0.4069
fix_b2000_frag	L395376	2	0.1229
fix_b2000_frag	L398208	1	0.4325
fix_b2000_frag	L400063	0	0.0833
fix_b2000_frag	L401172	0	1.0000
fix_b2000_frag	L404610	0	0.9631
fix_b2000_frag	L40463	1	0.4451
fix_b2000_frag	L40743	0	0.7023
fix_b2000_frag	L408206	0	0.9892
fix_b2000_frag	L409731	0	1.0000
fix_b2000_frag	L410067	1	0.4255
fix_b2000_frag	L412722	0	0.5146
fix_b2000_frag	L412963	8	0.1374
fix_b2000_frag	L417292	1	0.1059
fix_b2000_frag	L418430	1	0.3666
fix_b2000_frag	L421624	0	0.3480
fix_b2000_frag	L428880	0	0.9996
fix_b2000_frag	L432029	0	0.6128
fix_b2000_frag	L432071	0	0.9515
fix_b2000_frag	L434883	0	1.0000
fix_b2000_frag	L436548	5	0.2286
fix_b2000_frag	L440015	1	0.6554
fix_b2000_frag	L441824	1	0.1101
fix_b2000_frag	L443589	0	1.0000
fix_b2000_frag	L443976	2	0.3373
fix_b2000_frag	L445230	0	1.0000
fix_b2000_frag	L446017	0	0.8526
fix_b2000_frag	L446776	0	0.4696
fix_b2000_frag	L44774	1	0.4004
fix_b2000_frag	L447866	0	0.3854
fix_b2000_frag	L451459	0	0.8055
fix_b2000_frag	L452100	0	0.3181
fix_b2000_frag	L453027	0	0.6578
fix_b2000_frag	L455667	0	0.9963
fix_b2000_frag	L458918	2	0.2191
fix_b2000_frag	L460660	0	0.7945
fix_b2000_frag	L460944	0	0.8157
fix_b2000_frag	L461664	0	1.0000
fix_b2000_frag	L463867	1	0.9330
fix_b2000_frag	L464238	0	0.5937
fix_b2000_frag	L464909	0	0.2637
fix_b2000_frag	L465321	0	0.4669
fix_b2000_frag	L465380	1	0.9442
fix_b2000_frag	L472494	0	0.9493
fix_b2000_frag	L478647	2	0.1274
fix_b2000_frag	L481639	1	0.4338
fix_b2000_frag	L482576	4	0.3362
fix_b2000_frag	L48305	1	0.3650
fix_b2000_frag	L484367	0	0.5834
fix_b2000_frag	L48470	1	0.7530
fix_b2000_frag	L486859	1	0.5210
fix_b2000_frag	L49167	0	0.3107
fix_b2000_frag	L497252	0	1.0000
fix_b2000_frag	L497478	0	0.3319
fix_b2000_frag	L500974	13	0.5882
fix_b2000_frag	L502206	0	0.3883
fix_b2000_frag	L505867	0	1.0000
fix_b2000_frag	L507299	2	0.3120
fix_b2000_frag	L508411	0	0.6484
fix_b2000_frag	L510079	0	0.4752
fix_b2000_frag	L510795	0	1.0000
fix_b2000_frag	L512309	1	0.3445
fix_b2000_frag	L515174	0	1.0000
fix_b2000_frag	L515848	0	0.3735
fix_b2000_frag	L519283	2	0.3440
fix_b2000_frag	L521776	0	1.0000
fix_b2000_frag	L522160	0	1.0000
fix_b2000_frag	L522318	0	1.0000
fix_b2000_frag	L523327	0	0.6635
fix_b2000_frag	L523370	0	1.0000
fix_b2000_frag	L526262	0	0.9898
fix_b2000_frag	L526516	4	0.3005
fix_b2000_frag	L528212	0	1.0000
fix_b2000_frag	L528692	1	0.2554
fix_b2000_frag	L530014	0	1.0000
fix_b2000_frag	L532143	1	0.7174
fix_b2000_frag	L533793	1	0.2682
fix_b2000_frag	L536321	0	1.0000
fix_b2000_frag	L538070	0	0.6225
fix_b2000_frag	L541636	2	0.3082
fix_b2000_frag	L548193	0	0.9996
fix_b2000_frag	L549658	3	0.4340
fix_b2000_frag	L552457	0	1.0000
fix_b2000_frag	L553070	0	1.0000
fix_b2000_frag	L553796	0	1.0000
fix_b2000_frag	L557356	0	0.9975
fix_b2000_frag	L560445	1	0.5488
fix_b2000_frag	L562316	0	0.9650
fix_b2000_frag	L564346	0	0.9822
fix_b2000_frag	L564945	1	0.4711
fix_b2000_frag	L570022	0	0.0680
fix_b2000_frag	L570410	1	0.3652
fix_b2000_frag	L578894	1	0.4084
fix_b2000_frag	L580515	0	0.5179
fix_b2000_frag	L582232	0	0.9783
fix_b2000_frag	L58230	0	1.0000
fix_b2000_frag	L582596	1	0.2158
fix_b2000_frag	L583540	0	0.4112
fix_b2000_frag	L591002	1	0.5392
fix_b2000_frag	L594898	0	0.4789
fix_b2000_frag	L603993	0	0.6901
fix_b2000_frag	L608579	1	0.2129
fix_b2000_frag	L611247	0	0.5107
fix_b2000_frag	L612525	2	0.2820
fix_b2000_frag	L613607	3	0.7176
fix_b2000_frag	L616384	2	0.4046
fix_b2000_frag	L616608	0	1.0000
fix_b2000_frag	L618876	3	0.8002
fix_b2000_frag	L62362	1	0.3416
fix_b2000_frag	L626867	0	0.5462
fix_b2000_frag	L627892	0	0.9988
fix_b2000_frag	L629447	0	0.6271
fix_b2000_frag	L630054	0	0.1306
fix_b2000_frag	L632248	0	0.9981
fix_b2000_frag	L633134	1	0.1275
fix_b2000_frag	L636292	0	0.4247
fix_b2000_frag	L636628	0	0.6186
fix_b2000_frag	L638515	1	0.4297
fix_b2000_frag	L640623	1	0.4862
fix_b2000_frag	L643973	1	0.3750
fix_b2000_frag	L647704	0	0.4101
fix_b2000_frag	L647846	5	0.1686
fix_b2000_frag	L647960	2	0.1320
fix_b2000_frag	L649179	1	0.1950
fix_b2000_frag	L650666	0	0.6450
fix_b2000_frag	L651714	0	0.3061
fix_b2000_frag	L653750	0	0.9831
fix_b2000_frag	L655372	0	0.9955
fix_b2000_frag	L655384	0	0.9996
fix_b2000_frag	L65596	1	0.3705
fix_b2000_frag	L656694	1	0.2601
fix_b2000_frag	L658042	0	0.9722
fix_b2000_frag	L658497	0	1.0000
fix_b2000_frag	L669210	3	0.4111
fix_b2000_frag	L670330	1	0.2803
fix_b2000_frag	L670613	0	0.4531
fix_b2000_frag	L673602	1	0.3875
fix_b2000_frag	L674223	1	0.3252
fix_b2000_frag	L675700	0	1.0000
fix_b2000_frag	L675990	13	0.2390
fix_b2000_frag	L676345	0	0.9603
fix_b2000_frag	L677042	0	1.0000
fix_b2000_frag	L678590	0	0.3994
fix_b2000_frag	L681297	2	0.1544
fix_b2000_frag	L681978	0	0.4424
fix_b2000_frag	L686347	2	0.1767
fix_b2000_frag	L68830	0	0.5459
fix_b2000_frag	L689497	1	0.4934
fix_b2000_frag	L692518	0	1.0000
fix_b2000_frag	L693078	1	0.6631
fix_b2000_frag	L695087	1	0.2534
fix_b2000_frag	L696140	0	0.5768
fix_b2000_frag	L696284	1	0.9035
fix_b2000_frag	L698369	0	1.0000
fix_b2000_frag	L699934	0	0.9835
fix_b2000_frag	L700319	0	0.1860
fix_b2000_frag	L700376	1	0.7140
fix_b2000_frag	L702155	1	0.3565
fix_b2000_frag	L702232	1	0.3436
fix_b2000_frag	L702417	2	0.2976
fix_b2000_frag	L702602	2	0.4406
fix_b2000_frag	L703962	1	0.3290
fix_b2000_frag	L705651	1	0.1380
fix_b2000_frag	L70618	0	0.5945
fix_b2000_frag	L706311	0	0.9992
fix_b2000_frag	L708354	4	0.1865
fix_b2000_frag	L709354	0	0.8462
fix_b2000_frag	L711289	1	0.3693
fix_b2000_frag	L711549	1	0.5262
fix_b2000_frag	L712265	0	0.7306
fix_b2000_frag	L71335	0	0.5035
fix_b2000_frag	L715388	0	1.0000
fix_b2000_frag	L718862	0	0.5998
fix_b2000_frag	L720458	0	1.0000
fix_b2000_frag	L725718	0	0.2893
fix_b2000_frag	L731065	0	0.5324
fix_b2000_frag	L731308	1	0.2407
fix_b2000_frag	L733646	1	0.3348
fix_b2000_frag	L734133	0	0.9041
fix_b2000_frag	L737457	0	1.0000
fix_b2000_frag	L740821	0	0.9945
fix_b2000_frag	L743068	0	0.1928
fix_b2000_frag	L74316	0	0.3764
fix_b2000_frag	L743890	3	0.4036
fix_b2000_frag	L744275	0	0.8995
fix_b2000_frag	L745574	0	0.3280
fix_b2000_frag	L74731	0	0.5109
fix_b2000_frag	L750954	0	0.1980
fix_b2000_frag	L751703	3	0.1616
fix_b2000_frag	L751958	0	0.9822
fix_b2000_frag	L752278	0	0.1230
fix_b2000_frag	L754591	0	0.7293
fix_b2000_frag	L755244	0	1.0000
fix_b2000_frag	L756992	2	0.3808
fix_b2000_frag	L75760	1	0.3348
fix_b2000_frag	L75765	2	0.1178
fix_b2000_frag	L757775	4	0.2667
fix_b2000_frag	L758305	0	1.0000
fix_b2000_frag	L765760	0	0.9995
fix_b2000_frag	L76713	0	1.0000
fix_b2000_frag	L76922	0	0.9951
fix_b2000_frag	L769388	0	0.8122
fix_b2000_frag	L770244	0	0.9999
fix_b2000_frag	L773323	0	0.4342
fix_b2000_frag	L774762	0	0.2039
fix_b2000_frag	L775829	0	0.8553
fix_b2000_frag	L775913	0	0.9999
fix_b2000_frag	L779987	0	1.0000
fix_b2000_frag	L783260	0	1.0000
fix_b2000_frag	L785799	1	0.4197
fix_b2000_frag	L789159	3	0.4521
fix_b2000_frag	L790398	0	0.9958
fix_b2000_frag	L790433	0	1.0000
fix_b2000_frag	L791637	0	0.9926
fix_b2000_frag	L792255	0	1.0000
fix_b2000_frag	L794487	0	0.5951
fix_b2000_frag	L794834	0	0.9872
fix_b2000_frag	L797144	0	0.1432
fix_b2000_frag	L800738	0	1.0000
fix_b2000_frag	L800847	1	0.7769
fix_b2000_frag	L801514	0	1.0000
fix_b2000_frag	L803685	0	0.2378
fix_b2000_frag	L804478	2	0.3022
fix_b2000_frag	L805558	0	0.9998
fix_b2000_frag	L808991	0	0.6962
fix_b2000_frag	L809814	1	0.2143
fix_b2000_frag	L810684	0	1.0000
fix_b2000_frag	L812222	0	1.0000
fix_b2000_frag	L812290	0	0.9954
fix_b2000_frag	L812450	0	1.0000
fix_b2000_frag	L812783	0	1.0000
fix_b2000_frag	L815933	2	0.0760
fix_b2000_frag	L816930	1	0.4450
fix_b2000_frag	L817748	2	0.2515
fix_b2000_frag	L818516	0	0.3067
fix_b2000_frag	L819561	8	0.2547
fix_b2000_frag	L820879	1	0.5289
fix_b2000_frag	L822130	0	0.9660
fix_b2000_frag	L825457	2	0.1910
fix_b2000_frag	L825873	1	0.2696
fix_b2000_frag	L828109	0	0.9989
fix_b2000_frag	L828870	0	1.0000
fix_b2000_frag	L829044	0	1.0000
fix_b2000_frag	L832242	10	0.1808
fix_b2000_frag	L8343	3	0.4777
fix_b2000_frag	L834344	0	0.9999
fix_b2000_frag	L839806	0	0.1599
fix_b2000_frag	L844851	1	0.3343
fix_b2000_frag	L845595	4	0.2734
fix_b2000_frag	L846580	2	0.2748
fix_b2000_frag	L847676	1	0.1860
fix_b2000_frag	L849015	1	0.2552
fix_b2000_frag	L851950	0	1.0000
fix_b2000_frag	L854818	3	0.2498
fix_b2000_frag	L85825	7	0.2729
fix_b2000_frag	L85840	3	0.1191
fix_b2000_frag	L859958	0	0.9795
fix_b2000_frag	L860612	0	0.9984
fix_b2000_frag	L861318	0	0.9472
fix_b2000_frag	L866049	0	1.0000
fix_b2000_frag	L867466	0	1.0000
fix_b2000_frag	L869627	0	0.4309
fix_b2000_frag	L871416	0	0.5087
fix_b2000_frag	L872091	0	0.9944
fix_b2000_frag	L873200	0	0.2598
fix_b2000_frag	L876650	1	0.1666
fix_b2000_frag	L884104	0	0.2958
fix_b2000_frag	L884785	2	0.1270
fix_b2000_frag	L885277	5	0.3180
fix_b2000_frag	L8861	0	1.0000
fix_b2000_frag	L887140	0	0.9555
fix_b2000_frag	L887277	1	0.4410
fix_b2000_frag	L887364	2	0.2226
fix_b2000_frag	L88795	0	0.9574
fix_b2000_frag	L889560	0	0.9995
fix_b2000_frag	L889604	1	0.3720
fix_b2000_frag	L889976	1	0.6941
fix_b2000_frag	L892910	1	0.2560
fix_b2000_frag	L894743	0	0.9847
fix_b2000_frag	L895481	0	0.4503
fix_b2000_frag	L89624	1	0.2878
fix_b2000_frag	L898110	0	0.1510
fix_b2000_frag	L899934	0	0.9998
fix_b2000_frag	L901557	3	0.2295
fix_b2000_frag	L903060	0	0.9986
fix_b2000_frag	L909174	1	0.4051
fix_b2000_frag	L910438	0	0.9447
fix_b2000_frag	L911123	1	0.4786
fix_b2000_frag	L913104	1	0.7683
fix_b2000_frag	L913132	0	0.3329
fix_b2000_frag	L913296	0	0.3474
fix_b2000_frag	L913615	0	1.0000
fix_b2000_frag	L914330	1	0.7167
fix_b2000_frag	L915554	0	0.9998
fix_b2000_frag	L915671	1	0.9751
fix_b2000_frag	L915744	0	0.4055
fix_b2000_frag	L916223	1	0.2490
fix_b2000_frag	L920408	1	0.2664
fix_b2000_frag	L920940	0	0.2792
fix_b2000_frag	L9266	0	1.0000
fix_b2000_frag	L927953	1	0.8285
fix_b2000_frag	L928327	1	0.5151
fix_b2000_frag	L931161	3	0.1486
fix_b2000_frag	L934785	3	0.2827
fix_b2000_frag	L93700	1	0.3591
fix_b2000_frag	L937336	2	0.2388
fix_b2000_frag	L93870	1	0.3442
fix_b2000_frag	L94108	0	0.9438
fix_b2000_frag	L94384	4	0.2816
fix_b2000_frag	L944991	0	0.9857
fix_b2000_frag	L945211	1	0.2584
fix_b2000_frag	L946926	0	1.0000
fix_b2000_frag	L947812	11	0.1073
fix_b2000_frag	L952666	1	0.3492
fix_b2000_frag	L95463	0	0.6160
fix_b2000_frag	L954661	0	0.6283
fix_b2000_frag	L957035	0	0.5351
fix_b2000_frag	L960491	2	0.6302
fix_b2000_frag	L962773	0	1.0000
fix_b2000_frag	L965392	4	0.7297
fix_b2000_frag	L966579	0	0.7623
fix_b2000_frag	L966704	0	0.2111
fix_b2000_frag	L96702	0	1.0000
fix_b2000_frag	L972885	0	0.6259
fix_b2000_frag	L973165	0	0.8394
fix_b2000_frag	L974460	0	0.9759
fix_b2000_frag	L975279	0	1.0000
fix_b2000_frag	L976794	1	0.2682
fix_b2000_frag	L977480	2	0.1402
fix_b2000_frag	L983396	1	0.7427
fix_b2000_frag	L986207	0	1.0000
fix_b2000_frag	L986844	1	0.2752
fix_b2000_frag	L987024	0	0.1642
fix_b2000_frag	L987386	0	0.7348
fix_b2000_frag	L989146	0	0.7717
fix_b2000_frag	L989266	0	0.9360
fix_b2000_frag	L991824	0	1.0000
fix_b2000_frag	L996093	0	1.0000
fix_b2000_frag	L997656	0	0.9458
fix_b2000_frag	L998814	0	1.0000
fix_b2000_full	L100289	0	1.0000
fix_b2000_full	L1004865	0	1.0000
fix_b2000_full	L1006665	1	0.5905
fix_b2000_full	L1010975	0	1.0000
fix_b2000_full	L1011724	0	1.0000
fix_b2000_full	L1012208	1	0.5111
fix_b2000_full	L1015696	0	1.0000
fix_b2000_full	L101727	0	1.0000
fix_b2000_full	L1023217	0	1.0000
fix_b2000_full	L1025412	0	1.0000
fix_b2000_full	L1027134	1	0.5715
fix_b2000_full	L1027481	0	1.0000
fix_b2000_full	L1028893	0	1.0000
fix_b2000_full	L1031539	0	1.0000
fix_b2000_full	L1032369	0	0.8930
fix_b2000_full	L1033675	0	1.0000
fix_b2000_full	L1034699	1	1.0000
fix_b2000_full	L1039147	1	1.0000
fix_b2000_full	L1039291	0	1.0000
fix_b2000_full	L1041837	0	0.9994
fix_b2000_full	L1044293	0	1.0000
fix_b2000_full	L1044534	0	1.0000
fix_b2000_full	L1046429	0	1.0000
fix_b2000_full	L1046729	0	1.0000
fix_b2000_full	L1049265	0	1.0000
fix_b2000_full	L1050429	0	1.0000
fix_b2000_full	L1052304	0	1.0000
fix_b2000_full	L1053257	0	1.0000
fix_b2000_full	L1056213	1	0.5436
fix_b2000_full	L1059470	0	1.0000
fix_b2000_full	L106110	0	0.9998
fix_b2000_full	L1062366	0	1.0000
fix_b2000_full	L1062432	0	1.0000
fix_b2000_full	L1062927	1	1.0000
fix_b2000_full	L1064437	0	1.0000
fix_b2000_full	L1065632	0	1.0000
fix_b2000_full	L106767	0	1.0000
fix_b2000_full	L1069926	0	1.0000
fix_b2000_full	L1070671	0	1.0000
fix_b2000_full	L1071499	0	1.0000
fix_b2000_full	L1072629	0	1.0000
fix_b2000_full	L1073158	0	1.0000
fix_b2000_full	L1076326	0	1.0000
fix_b2000_full	L1080809	0	1.0000
fix_b2000_full	L1081949	0	1.0000
fix_b2000_full	L1083215	0	1.0000
fix_b2000_full	L1084315	0	1.0000
fix_b2000_full	L1085405	0	1.0000
fix_b2000_full	L1085680	0	1.0000
fix_b2000_full	L1086867	0	0.9272
fix_b2000_full	L1088293	0	1.0000
fix_b2000_full	L1090079	0	1.0000
fix_b2000_full	L109023	0	1.0000
fix_b2000_full	L1090288	0	1.0000
fix_b2000_full	L1090501	1	0.6056
fix_b2000_full	L1091700	0	1.0000
fix_b2000_full	L1094809	0	1.0000
fix_b2000_full	L1096011	0	1.0000
fix_b2000_full	L1097545	0	1.0000
fix_b2000_full	L1100323	0	1.0000
fix_b2000_full	L1100804	0	1.0000
fix_b2000_full	L1101088	0	1.0000
fix_b2000_full	L1103740	0	1.0000
fix_b2000_full	L1104218	0	1.0000
fix_b2000_full	L1108713	1	0.8372
fix_b2000_full	L1109452	0	0.9721
fix_b2000_full	L1113663	0	1.0000
fix_b2000_full	L1115257	0	1.0000
fix_b2000_full	L1117268	1	1.0000
fix_b2000_full	L1117581	0	1.0000
fix_b2000_full	L1117809	0	1.0000
fix_b2000_full	L1118699	0	1.0000
fix_b2000_full	L112129	1	0.9998
fix_b2000_full	L1126989	0	1.0000
fix_b2000_full	L1128445	0	1.0000
fix_b2000_full	L1128464	0	1.0000
fix_b2000_full	L1133110	0	1.0000
fix_b2000_full	L1133196	0	1.0000
fix_b2000_full	L1133707	0	1.0000
fix_b2000_full	L1134196	0	1.0000
fix_b2000_full	L1135754	0	1.0000
fix_b2000_full	L1139882	0	1.0000
fix_b2000_full	L1142588	0	1.0000
fix_b2000_full	L1144170	0	0.9961
fix_b2000_full	L1145262	0	1.0000
fix_b2000_full	L1147764	0	0.9999
fix_b2000_full	L114917	1	0.6973
fix_b2000_full	L1154214	1	0.5025
fix_b2000_full	L115634	0	0.9813
fix_b2000_full	L1163405	0	0.7763
fix_b2000_full	L1165069	0	1.0000
fix_b2000_full	L1168131	0	1.0000
fix_b2000_full	L1171356	1	1.0000
fix_b2000_full	L1172663	0	1.0000
fix_b2000_full	L1173032	0	1.0000
fix_b2000_full	L1176966	0	1.0000
fix_b2000_full	L1178697	0	1.0000
fix_b2000_full	L1181966	0	1.0000
fix_b2000_full	L1184289	1	0.3906
fix_b2000_full	L1184787	0	1.0000
fix_b2000_full	L1187520	0	0.4383
fix_b2000_full	L1188064	1	0.8714
fix_b2000_full	L1188531	0	1.0000
fix_b2000_full	L119105	1	1.0000
fix_b2000_full	L1194657	0	1.0000
fix_b2000_full	L119513	0	1.0000
fix_b2000_full	L1197033	1	0.9518
fix_b2000_full	L1197756	0	1.0000
fix_b2000_full	L1198436	0	1.0000
fix_b2000_full	L1199013	0	1.0000
fix_b2000_full	L120088	1	0.9482
fix_b2000_full	L1201990	0	0.7121
fix_b2000_full	L1203129	1	0.7670
fix_b2000_full	L1204138	0	0.9997
fix_b2000_full	L1204996	0	1.0000
fix_b2000_full	L1205130	0	1.0000
fix_b2000_full	L1208208	0	1.0000
fix_b2000_full	L1210124	1	1.0000
fix_b2000_full	L1210243	0	1.0000
fix_b2000_full	L1210738	0	1.0000
fix_b2000_full	L1211006	0	0.5326
fix_b2000_full	L1211126	0	1.0000
fix_b2000_full	L1212929	0	1.0000
fix_b2000_full	L121345	0	1.0000
fix_b2000_full	L1216921	0	1.0000
fix_b2000_full	L1217888	0	1.0000
fix_b2000_full	L1217909	0	1.0000
fix_b2000_full	L1221395	0	1.0000
fix_b2000_full	L122149	0	1.0000
fix_b2000_full	L1222072	0	1.0000
fix_b2000_full	L1223120	0	1.0000
fix_b2000_full	L1226772	0	0.7869
fix_b2000_full	L12278	0	1.0000
fix_b2000_full	L1228969	0	1.0000
fix_b2000_full	L1230909	1	1.0000
fix_b2000_full	L1234354	0	1.0000
fix_b2000_full	L1235931	0	1.0000
fix_b2000_full	L1236533	0	1.0000
fix_b2000_full	L1239299	1	0.7312
fix_b2000_full	L1241887	0	1.0000
fix_b2000_full	L1243845	0	1.0000
fix_b2000_full	L124425	1	1.0000
fix_b2000_full	L1246704	0	1.0000
fix_b2000_full	L1249395	1	0.7468
fix_b2000_full	L1258357	0	1.0000
fix_b2000_full	L1258779	0	1.0000
fix_b2000_full	L1260725	0	1.0000
fix_b2000_full	L1260761	0	0.5052
fix_b2000_full	L1261058	0	1.0000
fix_b2000_full	L1262191	0	0.6894
fix_b2000_full	L1262555	1	1.0000
fix_b2000_full	L1263627	0	0.3978
fix_b2000_full	L1264592	0	1.0000
fix_b2000_full	L1266072	0	1.0000
fix_b2000_full	L1268031	0	1.0000
fix_b2000_full	L1270831	0	1.0000
fix_b2000_full	L127166	6	1.0000
fix_b2000_full	L1274721	0	1.0000
fix_b2000_full	L127737	0	0.8704
fix_b2000_full	L1277844	0	1.0000
fix_b2000_full	L1279825	0	1.0000
fix_b2000_full	L1283592	0	1.0000
fix_b2000_full	L1284907	0	1.0000
fix_b2000_full	L1285548	0	1.0000
fix_b2000_full	L1285656	0	0.9938
fix_b2000_full	L1288259	0	0.6801
fix_b2000_full	L1288267	0	1.0000
fix_b2000_full	L1288822	1	0.4907
fix_b2000_full	L1292358	0	0.9617
fix_b2000_full	L1292463	0	1.0000
fix_b2000_full	L1295598	0	1.0000
fix_b2000_full	L1298394	0	1.0000
fix_b2000_full	L1302461	1	0.6694
fix_b2000_full	L130303	0	1.0000
fix_b2000_full	L1303986	0	1.0000
fix_b2000_full	L1310424	0	1.0000
fix_b2000_full	L1311173	1	1.0000
fix_b2000_full	L1311292	1	0.5534
fix_b2000_full	L1314108	1	0.9861
fix_b2000_full	L1315018	0	1.0000
fix_b2000_full	L1315334	0	1.0000
fix_b2000_full	L1318499	0	1.0000
fix_b2000_full	L1320618	0	0.7547
fix_b2000_full	L1324414	0	1.0000
fix_b2000_full	L1325335	0	1.0000
fix_b2000_full	L1329240	0	1.0000
fix_b2000_full	L1329981	0	1.0000
fix_b2000_full	L1332662	1	0.6482
fix_b2000_full	L133319	1	0.3942
fix_b2000_full	L1333318	0	1.0000
fix_b2000_full	L1334282	0	1.0000
fix_b2000_full	L1335619	0	0.9999
fix_b2000_full	L1336525	0	1.0000
fix_b2000_full	L1337140	0	1.0000
fix_b2000_full	L1340265	0	1.0000
fix_b2000_full	L1340691	0	1.0000
fix_b2000_full	L1341879	1	1.0000
fix_b2000_full	L1342311	0	1.0000
fix_b2000_full	L1347048	0	0.7767
fix_b2000_full	L1352161	0	1.0000
fix_b2000_full	L1354558	1	1.0000
fix_b2000_full	L1354735	1	1.0000
fix_b2000_full	L1358691	0	1.0000
fix_b2000_full	L1360127	2	1.0000
fix_b2000_full	L1363513	1	1.0000
fix_b2000_full	L1363984	1	0.7190
fix_b2000_full	L1365905	0	0.8472
fix_b2000_full	L1368193	0	0.9459
fix_b2000_full	L1368338	1	0.5250
fix_b2000_full	L1369008	1	0.9958
fix_b2000_full	L1373280	0	1.0000
fix_b2000_full	L13742	1	0.5039
fix_b2000_full	L1375580	0	1.0000
fix_b2000_full	L1377097	0	1.0000
fix_b2000_full	L1377556	0	1.0000
fix_b2000_full	L1377693	0	1.0000
fix_b2000_full	L1378979	0	1.0000
fix_b2000_full	L1380013	0	1.0000
fix_b2000_full	L1386597	0	1.0000
fix_b2000_full	L1387556	0	1.0000
fix_b2000_full	L1390302	0	0.9980
fix_b2000_full	L1390641	1	0.7838
fix_b2000_full	L1392258	1	0.6400
fix_b2000_full	L1392753	0	1.0000
fix_b2000_full	L1396454	0	1.0000
fix_b2000_full	L1400580	0	1.0000
fix_b2000_full	L1400636	0	1.0000
fix_b2000_full	L1401014	0	1.0000
fix_b2000_full	L1401165	1	0.3518
fix_b2000_full	L1402303	1	0.8083
fix_b2000_full	L140764	0	1.0000
fix_b2000_full	L140781	0	1.0000
fix_b2000_full	L1418049	1	1.0000
fix_b2000_full	L1421761	0	1.0000
fix_b2000_full	L1424559	0	0.9991
fix_b2000_full	L1428063	0	0.9996
fix_b2000_full	L1428264	0	1.0000
fix_b2000_full	L1428285	1	1.0000
fix_b2000_full	L1429187	0	1.0000
fix_b2000_full	L1431175	0	1.0000
fix_b2000_full	L1437238	0	1.0000
fix_b2000_full	L1439974	0	1.0000
fix_b2000_full	L1440255	0	1.0000
fix_b2000_full	L1444255	0	1.0000
fix_b2000_full	L1451358	0	1.0000
fix_b2000_full	L1452270	0	1.0000
fix_b2000_full	L1455263	1	0.7129
fix_b2000_full	L1455658	0	0.9992
fix_b2000_full	L1458788	1	0.8335
fix_b2000_full	L1459831	0	1.0000
fix_b2000_full	L1462414	0	1.0000
fix_b2000_full	L1463862	0	1.0000
fix_b2000_full	L1464063	0	1.0000
fix_b2000_full	L1465929	0	1.0000
fix_b2000_full	L14662	0	1.0000
fix_b2000_full	L147167	1	0.9862
fix_b2000_full	L1472900	0	1.0000
fix_b2000_full	L1474244	0	1.0000
fix_b2000_full	L1477899	0	1.0000
fix_b2000_full	L1478500	0	1.0000
fix_b2000_full	L1480479	0	1.0000
fix_b2000_full	L1480710	0	1.0000
fix_b2000_full	L1481332	0	1.0000
fix_b2000_full	L1482337	0	0.9480
fix_b2000_full	L1484353	0	1.0000
fix_b2000_full	L148591	0	1.0000
fix_b2000_full	L1486539	0	1.0000
fix_b2000_full	L1488274	1	0.8886
fix_b2000_full	L1489414	0	1.0000
fix_b2000_full	L1489879	1	0.5257
fix_b2000_full	L149103	0	1.0000
fix_b2000_full	L1491304	0	1.0000
fix_b2000_full	L1494813	0	1.0000
fix_b2000_full	L1494954	0	1.0000
fix_b2000_full	L1497033	0	0.9874
fix_b2000_full	L1497246	0	0.9215
fix_b2000_full	L1499658	0	1.0000
fix_b2000_full	L1501381	1	0.6079
fix_b2000_full	L1501916	0	1.0000
fix_b2000_full	L1503626	0	0.9867
fix_b2000_full	L1503978	1	0.2672
fix_b2000_full	L1504511	0	1.0000
fix_b2000_full	L1505115	0	0.9894
fix_b2000_full	L1505874	0	1.0000
fix_b2000_full	L1510976	1	0.5003
fix_b2000_full	L1513218	0	1.0000
fix_b2000_full	L1515573	0	1.0000
fix_b2000_full	L1517373	0	1.0000
fix_b2000_full	L1519270	0	1.0000
fix_b2000_full	L1524129	0	1.0000
fix_b2000_full	L1526979	1	0.9999
fix_b2000_full	L1532824	0	1.0000
fix_b2000_full	L1538238	0	1.0000
fix_b2000_full	L1541433	0	1.0000
fix_b2000_full	L154435	1	0.5826
fix_b2000_full	L1544392	0	0.9679
fix_b2000_full	L1549234	0	0.5423
fix_b2000_full	L1549395	0	1.0000
fix_b2000_full	L1552071	0	1.0000
fix_b2000_full	L1554643	0	1.0000
fix_b2000_full	L1554665	0	1.0000
fix_b2000_full	L1554859	1	1.0000
fix_b2000_full	L1559903	0	1.0000
fix_b2000_full	L1567518	0	1.0000
fix_b2000_full	L1572835	0	1.0000
fix_b2000_full	L157772	0	1.0000
fix_b2000_full	L1580756	0	0.9997
fix_b2000_full	L1581099	1	0.5394
fix_b2000_full	L1582200	1	0.5081
fix_b2000_full	L1583028	1	0.4507
fix_b2000_full	L1583912	0	1.0000
fix_b2000_full	L1584094	0	1.0000
fix_b2000_full	L1585357	0	1.0000
fix_b2000_full	L1585994	0	0.5752
fix_b2000_full	L1586969	0	1.0000
fix_b2000_full	L1588628	0	1.0000
fix_b2000_full	L1593023	0	1.0000
fix_b2000_full	L1594227	0	0.9999
fix_b2000_full	L1594679	0	0.9936
fix_b2000_full	L1596050	0	1.0000
fix_b2000_full	L1597579	0	1.0000
fix_b2000_full	L1599085	0	1.0000
fix_b2000_full	L1599113	0	1.0000
fix_b2000_full	L1600931	0	1.0000
fix_b2000_full	L1601984	1	1.0000
fix_b2000_full	L1603557	0	0.7848
fix_b2000_full	L1604004	0	1.0000
fix_b2000_full	L1606587	0	1.0000
fix_b2000_full	L1606797	0	1.0000
fix_b2000_full	L1607075	0	1.0000
fix_b2000_full	L161033	0	1.0000
fix_b2000_full	L1610367	0	1.0000
fix_b2000_full	L1610874	0	1.0000
fix_b2000_full	L1613428	0	1.0000
fix_b2000_full	L1617572	0	1.0000
fix_b2000_full	L1618167	0	1.0000
fix_b2000_full	L1618884	1	0.5678
fix_b2000_full	L1621327	1	1.0000
fix_b2000_full	L1621345	0	1.0000
fix_b2000_full	L162378	0	1.0000
fix_b2000_full	L1628257	0	1.0000
fix_b2000_full	L1631106	1	1.0000
fix_b2000_full	L163268	0	1.0000
fix_b2000_full	L1632948	0	1.0000
fix_b2000_full	L1637063	0	1.0000
fix_b2000_full	L1639195	0	1.0000
fix_b2000_full	L1640626	0	1.0000
fix_b2000_full	L1642113	1	0.6751
fix_b2000_full	L1644306	0	1.0000
fix_b2000_full	L1645207	0	1.0000
fix_b2000_full	L1647058	0	1.0000
fix_b2000_full	L1648296	0	0.9745
fix_b2000_full	L1649255	0	1.0000
fix_b2000_full	L1653555	0	1.0000
fix_b2000_full	L1655916	1	0.5016
fix_b2000_full	L1660415	0	1.0000
fix_b2000_full	L1661451	1	0.4189
fix_b2000_full	L1661745	0	1.0000
fix_b2000_full	L166457	0	1.0000
fix_b2000_full	L1665975	0	1.0000
fix_b2000_full	L166638	0	1.0000
fix_b2000_full	L1670095	0	1.0000
fix_b2000_full	L1673626	1	0.9205
fix_b2000_full	L1676619	0	1.0000
fix_b2000_full	L1679593	1	1.0000
fix_b2000_full	L168009	0	1.0000
fix_b2000_full	L1680312	1	0.9669
fix_b2000_full	L1683860	0	0.9815
fix_b2000_full	L168501	0	1.0000
fix_b2000_full	L1686036	1	1.0000
fix_b2000_full	L1688821	0	1.0000
fix_b2000_full	L1690091	0	1.0000
fix_b2000_full	L1691992	0	1.0000
fix_b2000_full	L1696960	0	1.0000
fix_b2000_full	L1699862	1	0.9574
fix_b2000_full	L1703051	0	1.0000
fix_b2000_full	L1705727	0	1.0000
fix_b2000_full	L1706743	0	1.0000
fix_b2000_full	L1707670	0	0.9991
fix_b2000_full	L1709271	0	1.0000
fix_b2000_full	L1711120	1	0.9864
fix_b2000_full	L1712110	0	1.0000
fix_b2000_full	L1713612	0	0.7495
fix_b2000_full	L1715186	0	1.0000
fix_b2000_full	L1717039	0	1.0000
fix_b2000_full	L1717487	1	0.5902
fix_b2000_full	L1717679	1	0.6639
fix_b2000_full	L171872	0	1.0000
fix_b2000_full	L1720671	0	1.0000
fix_b2000_full	L1724030	0	1.0000
fix_b2000_full	L1724603	1	0.6871
fix_b2000_full	L1725907	0	0.5023
fix_b2000_full	L1726884	0	1.0000
fix_b2000_full	L1730039	0	0.9181
fix_b2000_full	L1731278	0	1.0000
fix_b2000_full	L1731637	0	0.9999
fix_b2000_full	L1731806	0	1.0000
fix_b2000_full	L1731825	0	1.0000
fix_b2000_full	L1733434	0	0.9396
fix_b2000_full	L1735605	0	1.0000
fix_b2000_full	L1738043	0	1.0000
fix_b2000_full	L173888	0	1.0000
fix_b2000_full	L1741025	0	1.0000
fix_b2000_full	L1741283	1	0.5888
fix_b2000_full	L1743121	0	1.0000
fix_b2000_full	L1743160	0	1.0000
fix_b2000_full	L1745840	1	1.0000
fix_b2000_full	L1747985	0	1.0000
fix_b2000_full	L1748111	0	1.0000
fix_b2000_full	L1748189	0	1.0000
fix_b2000_full	L1748363	0	1.0000
fix_b2000_full	L175173	0	1.0000
fix_b2000_full	L1755181	0	1.0000
fix_b2000_full	L1755241	0	1.0000
fix_b2000_full	L1756620	0	1.0000
fix_b2000_full	L1757163	0	1.0000
fix_b2000_full	L1758219	0	1.0000
fix_b2000_full	L1758321	0	1.0000
fix_b2000_full	L1759705	1	0.6010
fix_b2000_full	L1759939	0	1.0000
fix_b2000_full	L1760678	0	1.0000
fix_b2000_full	L1763126	1	0.8079
fix_b2000_full	L1763366	1	1.0000
fix_b2000_full	L1765485	1	0.3956
fix_b2000_full	L176768	0	1.0000
fix_b2000_full	L176849	0	0.9985
fix_b2000_full	L1776351	1	0.5268
fix_b2000_full	L1778817	0	1.0000
fix_b2000_full	L1780398	0	1.0000
fix_b2000_full	L1780819	1	1.0000
fix_b2000_full	L1781469	0	1.0000
fix_b2000_full	L178235	0	1.0000
fix_b2000_full	L1783781	0	1.0000
fix_b2000_full	L1784891	0	1.0000
fix_b2000_full	L1785029	1	0.9956
fix_b2000_full	L1787087	0	1.0000
fix_b2000_full	L1788394	1	0.7057
fix_b2000_full	L1789260	0	1.0000
fix_b2000_full	L1790726	0	1.0000
fix_b2000_full	L1792213	0	1.0000
fix_b2000_full	L1793164	0	1.0000
fix_b2000_full	L1794818	0	1.0000
fix_b2000_full	L1801229	0	1.0000
fix_b2000_full	L1801776	0	0.9977
fix_b2000_full	L1802441	0	1.0000
fix_b2000_full	L180370	0	1.0000
fix_b2000_full	L1806674	0	0.9608
fix_b2000_full	L1808057	1	1.0000
fix_b2000_full	L1809763	0	1.0000
fix_b2000_full	L1812832	0	1.0000
fix_b2000_full	L1813363	0	1.0000
fix_b2000_full	L1814194	0	1.0000
fix_b2000_full	L1814234	0	1.0000
fix_b2000_full	L1818724	0	1.0000
fix_b2000_full	L1819800	1	0.6414
fix_b2000_full	L1823583	1	0.5013
fix_b2000_full	L1825133	0	1.0000
fix_b2000_full	L1825229	0	1.0000
fix_b2000_full	L1832290	0	1.0000
fix_b2000_full	L1832446	0	1.0000
fix_b2000_full	L1833126	1	0.8113
fix_b2000_full	L1833750	0	1.0000
fix_b2000_full	L1835210	0	1.0000
fix_b2000_full	L1842784	0	1.0000
fix_b2000_full	L185114	11	1.0000
fix_b2000_full	L1852801	0	1.0000
fix_b2000_full	L1853941	0	1.0000
fix_b2000_full	L1854338	0	1.0000
fix_b2000_full	L1855067	0	1.0000
fix_b2000_full	L1855202	0	1.0000
fix_b2000_full	L1861694	0	1.0000
fix_b2000_full	L1863372	0	1.0000
fix_b2000_full	L1864158	0	1.0000
fix_b2000_full	L1866755	0	1.0000
fix_b2000_full	L1866797	0	1.0000
fix_b2000_full	L1867100	0	1.0000
fix_b2000_full	L1868072	0	1.0000
fix_b2000_full	L1868786	0	1.0000
fix_b2000_full	L1870755	0	0.8890
fix_b2000_full	L1873641	0	1.0000
fix_b2000_full	L1875088	0	1.0000
fix_b2000_full	L18753	0	1.0000
fix_b2000_full	L1876216	0	1.0000
fix_b2000_full	L1877597	0	0.9917
fix_b2000_full	L1879699	0	1.0000
fix_b2000_full	L188182	0	1.0000
fix_b2000_full	L1884979	0	1.0000
fix_b2000_full	L1887497	0	1.0000
fix_b2000_full	L1889689	0	1.0000
fix_b2000_full	L189044	0	1.0000
fix_b2000_full	L1890907	1	1.0000
fix_b2000_full	L1892153	0	0.9961
fix_b2000_full	L1892928	0	1.0000
fix_b2000_full	L1895412	0	1.0000
fix_b2000_full	L1896118	0	1.0000
fix_b2000_full	L1896496	0	1.0000
fix_b2000_full	L1898387	0	0.9999
fix_b2000_full	L1899178	1	0.4216
fix_b2000_full	L1900972	0	1.0000
fix_b2000_full	L1901522	0	1.0000
fix_b2000_full	L1905187	1	0.8526
fix_b2000_full	L1909864	0	1.0000
fix_b2000_full	L1910829	0	1.0000
fix_b2000_full	L1913433	0	0.9962
fix_b2000_full	L1913798	0	1.0000
fix_b2000_full	L1914992	0	1.0000
fix_b2000_full	L1915202	0	1.0000
fix_b2000_full	L1918380	0	1.0000
fix_b2000_full	L1919010	0	1.0000
fix_b2000_full	L1920162	0	0.9089
fix_b2000_full	L1920404	1	0.5483
fix_b2000_full	L192109	0	1.0000
fix_b2000_full	L1922907	0	1.0000
fix_b2000_full	L1927325	0	1.0000
fix_b2000_full	L1928915	0	1.0000
fix_b2000_full	L1929090	1	1.0000
fix_b2000_full	L1929913	0	1.0000
fix_b2000_full	L1930346	0	1.0000
fix_b2000_full	L1930461	1	1.0000
fix_b2000_full	L1931337	0	1.0000
fix_b2000_full	L1935951	0	1.0000
fix_b2000_full	L1938073	0	1.0000
fix_b2000_full	L1938493	0	1.0000
fix_b2000_full	L1938969	0	1.0000
fix_b2000_full	L1939654	0	1.0000
fix_b2000_full	L19410	0	0.5505
fix_b2000_full	L1941050	0	1.0000
fix_b2000_full	L1942954	1	0.7987
fix_b2000_full	L194883	0	1.0000
fix_b2000_full	L195067	0	1.0000
fix_b2000_full	L1954724	0	0.5113
fix_b2000_full	L1954877	0	1.0000
fix_b2000_full	L1955320	0	1.0000
fix_b2000_full	L1955689	0	1.0000
fix_b2000_full	L1956555	0	1.0000
fix_b2000_full	L1960852	0	1.0000
fix_b2000_full	L1961648	0	1.0000
fix_b2000_full	L1961909	0	1.0000
fix_b2000_full	L1963487	0	1.0000
fix_b2000_full	L1967977	0	1.0000
fix_b2000_full	L1968825	0	1.0000
fix_b2000_full	L1969782	0	1.0000
fix_b2000_full	L1973357	0	1.0000
fix_b2000_full	L1976963	1	0.8365
fix_b2000_full	L1978016	0	0.8872
fix_b2000_full	L1981874	0	1.0000
fix_b2000_full	L1982297	0	1.0000
fix_b2000_full	L1986935	0	1.0000
fix_b2000_full	L1988468	0	1.0000
fix_b2000_full	L1993702	0	1.0000
fix_b2000_full	L1994929	0	1.0000
fix_b2000_full	L1995502	0	1.0000
fix_b2000_full	L199621	0	1.0000
fix_b2000_full	L199741	0	1.0000
fix_b2000_full	L200062	0	1.0000
fix_b2000_full	L200339	0	1.0000
fix_b2000_full	L201693	1	0.9226
fix_b2000_full	L204755	0	1.0000
fix_b2000_full	L207526	1	1.0000
fix_b2000_full	L209164	0	1.0000
fix_b2000_full	L211149	0	1.0000
fix_b2000_full	L213058	0	1.0000
fix_b2000_full	L21416	0	0.9988
fix_b2000_full	L215127	0	1.0000
fix_b2000_full	L217152	0	1.0000
fix_b2000_full	L220237	0	1.0000
fix_b2000_full	L224269	0	1.0000
fix_b2000_full	L224492	0	1.0000
fix_b2000_full	L225627	0	1.0000
fix_b2000_full	L230051	0	1.0000
fix_b2000_full	L23270	0	0.9182
fix_b2000_full	L234353	1	1.0000
fix_b2000_full	L234368	1	1.0000
fix_b2000_full	L238830	0	1.0000
fix_b2000_full	L239409	1	0.8840
fix_b2000_full	L241654	1	0.5452
fix_b2000_full	L241655	1	0.5500
fix_b2000_full	L245384	0	1.0000
fix_b2000_full	L245820	0	1.0000
fix_b2000_full	L246104	0	1.0000
fix_b2000_full	L251332	2	0.5095
fix_b2000_full	L251678	1	1.0000
fix_b2000_full	L255307	0	1.0000
fix_b2000_full	L257527	0	1.0000
fix_b2000_full	L258589	0	1.0000
fix_b2000_full	L266408	0	1.0000
fix_b2000_full	L268084	1	0.6801
fix_b2000_full	L268984	0	1.0000
fix_b2000_full	L27508	1	1.0000
fix_b2000_full	L275193	0	1.0000
fix_b2000_full	L278395	0	1.0000
fix_b2000_full	L278593	0	0.9630
fix_b2000_full	L27964	0	1.0000
fix_b2000_full	L284367	1	1.0000
fix_b2000_full	L28444	1	0.5044
fix_b2000_full	L284476	0	1.0000
fix_b2000_full	L28553	1	0.6760
fix_b2000_full	L29036	0	1.0000
fix_b2000_full	L296959	0	1.0000
fix_b2000_full	L299623	0	1.0000
fix_b2000_full	L3055	1	1.0000
fix_b2000_full	L307255	0	1.0000
fix_b2000_full	L308212	0	1.0000
fix_b2000_full	L308969	0	1.0000
fix_b2000_full	L309051	0	1.0000
fix_b2000_full	L309322	0	1.0000
fix_b2000_full	L311702	0	1.0000
fix_b2000_full	L312583	1	1.0000
fix_b2000_full	L313358	1	0.8853
fix_b2000_full	L313697	2	0.7997
fix_b2000_full	L315634	1	0.4828
fix_b2000_full	L315700	1	0.6480
fix_b2000_full	L31685	0	1.0000
fix_b2000_full	L317033	0	1.0000
fix_b2000_full	L31899	1	0.8041
fix_b2000_full	L323351	0	1.0000
fix_b2000_full	L32395	0	1.0000
fix_b2000_full	L326685	0	1.0000
fix_b2000_full	L326694	0	1.0000
fix_b2000_full	L327568	0	1.0000
fix_b2000_full	L32832	1	1.0000
fix_b2000_full	L329474	0	1.0000
fix_b2000_full	L334900	0	1.0000
fix_b2000_full	L33647	0	1.0000
fix_b2000_full	L34212	0	0.7605
fix_b2000_full	L342129	0	1.0000
fix_b2000_full	L342665	0	1.0000
fix_b2000_full	L342801	0	1.0000
fix_b2000_full	L342978	0	1.0000
fix_b2000_full	L343956	0	0.6026
fix_b2000_full	L346141	0	1.0000
fix_b2000_full	L34800	0	1.0000
fix_b2000_full	L348481	1	1.0000
fix_b2000_full	L353810	0	1.0000
fix_b2000_full	L356341	0	1.0000
fix_b2000_full	L356443	0	0.9842
fix_b2000_full	L356686	1	1.0000
fix_b2000_full	L360886	0	0.7622
fix_b2000_full	L361342	0	1.0000
fix_b2000_full	L362904	1	1.0000
fix_b2000_full	L367241	0	1.0000
fix_b2000_full	L367843	0	0.5122
fix_b2000_full	L368076	0	1.0000
fix_b2000_full	L370099	0	1.0000
fix_b2000_full	L372147	0	1.0000
fix_b2000_full	L37428	0	1.0000
fix_b2000_full	L37487	0	1.0000
fix_b2000_full	L37506	0	1.0000
fix_b2000_full	L377747	0	1.0000
fix_b2000_full	L378292	1	1.0000
fix_b2000_full	L379881	0	1.0000
fix_b2000_full	L38020	1	0.5700
fix_b2000_full	L382144	0	1.0000
fix_b2000_full	L382805	0	0.9912
fix_b2000_full	L38293	0	1.0000
fix_b2000_full	L385542	1	1.0000
fix_b2000_full	L386709	0	0.9995
fix_b2000_full	L387070	0	1.0000
fix_b2000_full	L389418	0	1.0000
fix_b2000_full	L39295	0	1.0000
fix_b2000_full	L394806	0	1.0000
fix_b2000_full	L395376	0	0.9205
fix_b2000_full	L398208	1	0.5810
fix_b2000_full	L400063	0	1.0000
fix_b2000_full	L401172	0	1.0000
fix_b2000_full	L404610	0	1.0000
fix_b2000_full	L40463	0	1.0000
fix_b2000_full	L40743	0	1.0000
fix_b2000_full	L408206	0	1.0000
fix_b2000_full	L409731	0	1.0000
fix_b2000_full	L410067	0	0.9879
fix_b2000_full	L412722	1	0.9134
fix_b2000_full	L412963	1	0.9974
fix_b2000_full	L417292	0	1.0000
fix_b2000_full	L418430	0	1.0000
fix_b2000_full	L421624	1	0.4010
fix_b2000_full	L428880	0	1.0000
fix_b2000_full	L432029	0	1.0000
fix_b2000_full	L432071	0	0.9996
fix_b2000_full	L434883	0	1.0000
fix_b2000_full	L436548	0	1.0000
fix_b2000_full	L440015	1	1.0000
fix_b2000_full	L441824	0	1.0000
fix_b2000_full	L443589	0	1.0000
fix_b2000_full	L443976	1	1.0000
fix_b2000_full	L445230	0	1.0000
fix_b2000_full	L446017	0	1.0000
fix_b2000_full	L446776	0	0.7521
fix_b2000_full	L44774	0	1.0000
fix_b2000_full	L447866	0	0.9998
fix_b2000_full	L451459	0	1.0000
fix_b2000_full	L452100	0	1.0000
fix_b2000_full	L453027	1	0.6585
fix_b2000_full	L455667	0	1.0000
fix_b2000_full	L458918	1	0.8272
fix_b2000_full	L460660	0	1.0000
fix_b2000_full	L460944	0	1.0000
fix_b2000_full	L461664	0	1.0000
fix_b2000_full	L463867	1	0.6502
fix_b2000_full	L464238	1	1.0000
fix_b2000_full	L464909	1	0.6182
fix_b2000_full	L465321	1	0.7149
fix_b2000_full	L465380	0	1.0000
fix_b2000_full	L472494	0	1.0000
fix_b2000_full	L478647	2	0.4386
fix_b2000_full	L481639	1	0.4953
fix_b2000_full	L482576	0	0.9637
fix_b2000_full	L48305	0	0.5182
fix_b2000_full	L484367	0	1.0000
fix_b2000_full	L48470	1	0.5432
fix_b2000_full	L486859	1	1.0000
fix_b2000_full	L49167	1	0.4927
fix_b2000_full	L497252	0	1.0000
fix_b2000_full	L497478	0	1.0000
fix_b2000_full	L500974	4	1.0000
fix_b2000_full	L502206	0	0.9998
fix_b2000_full	L505867	0	1.0000
fix_b2000_full	L507299	2	0.8988
fix_b2000_full	L508411	1	1.0000
fix_b2000_full	L510079	0	1.0000
fix_b2000_full	L510795	0	1.0000
fix_b2000_full	L512309	0	1.0000
fix_b2000_full	L515174	0	1.0000
fix_b2000_full	L515848	0	0.8201
fix_b2000_full	L519283	0	1.0000
fix_b2000_full	L521776	0	1.0000
fix_b2000_full	L522160	0	1.0000
fix_b2000_full	L522318	0	1.0000
fix_b2000_full	L523327	0	1.0000
fix_b2000_full	L523370	0	1.0000
fix_b2000_full	L526262	0	1.0000
fix_b2000_full	L526516	1	0.8257
fix_b2000_full	L528212	0	1.0000
fix_b2000_full	L528692	0	1.0000
fix_b2000_full	L530014	0	1.0000
fix_b2000_full	L532143	0	1.0000
fix_b2000_full	L533793	0	1.0000
fix_b2000_full	L536321	0	1.0000
fix_b2000_full	L538070	0	1.0000
fix_b2000_full	L541636	0	1.0000
fix_b2000_full	L548193	0	1.0000
fix_b2000_full	L549658	0	1.0000
fix_b2000_full	L552457	0	1.0000
fix_b2000_full	L553070	0	1.0000
fix_b2000_full	L553796	0	1.0000
fix_b2000_full	L557356	0	1.0000
fix_b2000_full	L560445	1	0.4395
fix_b2000_full	L562316	0	1.0000
fix_b2000_full	L564346	0	1.0000
fix_b2000_full	L564945	0	1.0000
fix_b2000_full	L570022	1	1.0000
fix_b2000_full	L570410	1	0.6142
fix_b2000_full	L578894	1	1.0000
fix_b2000_full	L580515	0	1.0000
fix_b2000_full	L582232	0	1.0000
fix_b2000_full	L58230	0	1.0000
fix_b2000_full	L582596	0	0.9923
fix_b2000_full	L583540	1	0.6716
fix_b2000_full	L591002	0	1.0000
fix_b2000_full	L594898	0	0.9999
fix_b2000_full	L603993	0	1.0000
fix_b2000_full	L608579	0	0.7307
fix_b2000_full	L611247	0	1.0000
fix_b2000_full	L612525	0	0.9412
fix_b2000_full	L613607	1	1.0000
fix_b2000_full	L616384	0	0.8117
fix_b2000_full	L616608	0	1.0000
fix_b2000_full	L618876	0	1.0000
fix_b2000_full	L62362	1	1.0000
fix_b2000_full	L626867	0	1.0000
fix_b2000_full	L627892	0	1.0000
fix_b2000_full	L629447	0	1.0000
fix_b2000_full	L630054	0	1.0000
fix_b2000_full	L632248	0	1.0000
fix_b2000_full	L633134	1	0.5098
fix_b2000_full	L636292	0	1.0000
fix_b2000_full	L636628	0	1.0000
fix_b2000_full	L638515	0	1.0000
fix_b2000_full	L640623	0	0.7488
fix_b2000_full	L643973	0	0.9806
fix_b2000_full	L647704	0	1.0000
fix_b2000_full	L647846	2	0.6522
fix_b2000_full	L647960	0	0.8702
fix_b2000_full	L649179	0	1.0000
fix_b2000_full	L650666	0	1.0000
fix_b2000_full	L651714	0	0.9958
fix_b2000_full	L653750	0	1.0000
fix_b2000_full	L655372	0	1.0000
fix_b2000_full	L655384	0	1.0000
fix_b2000_full	L65596	0	1.0000
fix_b2000_full	L656694	0	1.0000
fix_b2000_full	L658042	0	1.0000
fix_b2000_full	L658497	0	1.0000
fix_b2000_full	L669210	0	1.0000
fix_b2000_full	L670330	1	1.0000
fix_b2000_full	L670613	0	1.0000
fix_b2000_full	L673602	2	1.0000
fix_b2000_full	L674223	1	1.0000
fix_b2000_full	L675700	0	1.0000
fix_b2000_full	L675990	1	1.0000
fix_b2000_full	L676345	1	1.0000
fix_b2000_full	L677042	0	1.0000
fix_b2000_full	L678590	0	1.0000
fix_b2000_full	L681297	10	1.0000
fix_b2000_full	L681978	0	1.0000
fix_b2000_full	L686347	0	1.0000
fix_b2000_full	L68830	1	1.0000
fix_b2000_full	L689497	0	1.0000
fix_b2000_full	L692518	0	1.0000
fix_b2000_full	L693078	1	1.0000
fix_b2000_full	L695087	0	1.0000
fix_b2000_full	L696140	1	1.0000
fix_b2000_full	L696284	1	1.0000
fix_b2000_full	L698369	0	1.0000
fix_b2000_full	L699934	0	1.0000
fix_b2000_full	L700319	0	1.0000
fix_b2000_full	L700376	0	1.0000
fix_b2000_full	L702155	0	1.0000
fix_b2000_full	L702232	0	1.0000
fix_b2000_full	L702417	0	1.0000
fix_b2000_full	L702602	0	1.0000
fix_b2000_full	L703962	0	1.0000
fix_b2000_full	L705651	0	1.0000
fix_b2000_full	L70618	0	1.0000
fix_b2000_full	L706311	0	1.0000
fix_b2000_full	L708354	1	1.0000
fix_b2000_full	L709354	0	1.0000
fix_b2000_full	L711289	0	1.0000
fix_b2000_full	L711549	1	1.0000
fix_b2000_full	L712265	0	1.0000
fix_b2000_full	L71335	0	0.9999
fix_b2000_full	L715388	0	1.0000
fix_b2000_full	L718862	0	1.0000
fix_b2000_full	L720458	0	1.0000
fix_b2000_full	L725718	0	1.0000
fix_b2000_full	L731065	0	1.0000
fix_b2000_full	L731308	1	0.9773
fix_b2000_full	L733646	0	1.0000
fix_b2000_full	L734133	0	1.0000
fix_b2000_full	L737457	0	1.0000
fix_b2000_full	L740821	0	1.0000
fix_b2000_full	L743068	0	1.0000
fix_b2000_full	L74316	0	1.0000
fix_b2000_full	L743890	1	0.4411
fix_b2000_full	L744275	0	1.0000
fix_b2000_full	L745574	0	0.6576
fix_b2000_full	L74731	0	1.0000
fix_b2000_full	L750954	0	0.9491
fix_b2000_full	L751703	0	1.0000
fix_b2000_full	L751958	0	1.0000
fix_b2000_full	L752278	0	0.9998
fix_b2000_full	L754591	0	1.0000
fix_b2000_full	L755244	0	1.0000
fix_b2000_full	L756992	0	1.0000
fix_b2000_full	L75760	1	1.0000
fix_b2000_full	L75765	0	0.9060
fix_b2000_full	L757775	0	1.0000
fix_b2000_full	L758305	0	1.0000
fix_b2000_full	L765760	0	1.0000
fix_b2000_full	L76713	0	1.0000
fix_b2000_full	L76922	0	1.0000
fix_b2000_full	L769388	0	1.0000
fix_b2000_full	L770244	0	1.0000
fix_b2000_full	L773323	0	1.0000
fix_b2000_full	L774762	0	1.0000
fix_b2000_full	L775829	0	1.0000
fix_b2000_full	L775913	0	1.0000
fix_b2000_full	L779987	0	1.0000
fix_b2000_full	L783260	0	1.0000
fix_b2000_full	L785799	1	1.0000
fix_b2000_full	L789159	1	1.0000
fix_b2000_full	L790398	0	1.0000
fix_b2000_full	L790433	0	1.0000
fix_b2000_full	L791637	0	1.0000
fix_b2000_full	L792255	0	1.0000
fix_b2000_full	L794487	0	1.0000
fix_b2000_full	L794834	0	1.0000
fix_b2000_full	L797144	1	0.7093
fix_b2000_full	L800738	0	1.0000
fix_b2000_full	L800847	1	1.0000
fix_b2000_full	L801514	0	1.0000
fix_b2000_full	L803685	1	0.7720
fix_b2000_full	L804478	1	0.5590
fix_b2000_full	L805558	0	1.0000
fix_b2000_full	L808991	0	1.0000
fix_b2000_full	L809814	0	0.9219
fix_b2000_full	L810684	0	1.0000
fix_b2000_full	L812222	0	1.0000
fix_b2000_full	L812290	0	1.0000
fix_b2000_full	L812450	0	1.0000
fix_b2000_full	L812783	0	1.0000
fix_b2000_full	L815933	0	1.0000
fix_b2000_full	L816930	0	1.0000
fix_b2000_full	L817748	0	0.9043
fix_b2000_full	L818516	0	1.0000
fix_b2000_full	L819561	1	0.8271
fix_b2000_full	L820879	1	0.9979
fix_b2000_full	L822130	0	1.0000
fix_b2000_full	L825457	0	0.9991
fix_b2000_full	L825873	0	1.0000
fix_b2000_full	L828109	0	1.0000
fix_b2000_full	L828870	0	1.0000
fix_b2000_full	L829044	0	1.0000
fix_b2000_full	L832242	0	1.0000
fix_b2000_full	L8343	0	1.0000
fix_b2000_full	L834344	0	1.0000
fix_b2000_full	L839806	0	1.0000
fix_b2000_full	L844851	0	0.9530
fix_b2000_full	L845595	1	0.9643
fix_b2000_full	L846580	2	0.7067
fix_b2000_full	L847676	0	1.0000
fix_b2000_full	L849015	0	1.0000
fix_b2000_full	L851950	0	1.0000
fix_b2000_full	L854818	0	1.0000
fix_b2000_full	L85825	1	0.7650
fix_b2000_full	L85840	1	1.0000
fix_b2000_full	L859958	0	1.0000
fix_b2000_full	L860612	0	1.0000
fix_b2000_full	L861318	0	1.0000
fix_b2000_full	L866049	0	1.0000
fix_b2000_full	L867466	0	1.0000
fix_b2000_full	L869627	1	1.0000
fix_b2000_full	L871416	0	1.0000
fix_b2000_full	L872091	0	1.0000
fix_b2000_full	L873200	1	0.8017
fix_b2000_full	L876650	0	1.0000
fix_b2000_full	L884104	0	1.0000
fix_b2000_full	L884785	0	1.0000
fix_b2000_full	L885277	0	1.0000
fix_b2000_full	L8861	0	1.0000
fix_b2000_full	L887140	0	0.9732
fix_b2000_full	L887277	0	1.0000
fix_b2000_full	L887364	0	1.0000
fix_b2000_full	L88795	0	1.0000
fix_b2000_full	L889560	0	1.0000
fix_b2000_full	L889604	0	1.0000
fix_b2000_full	L889976	1	1.0000
fix_b2000_full	L892910	0	0.9975
fix_b2000_full	L894743	0	1.0000
fix_b2000_full	L895481	0	0.9906
fix_b2000_full	L89624	0	1.0000
fix_b2000_full	L898110	0	1.0000
fix_b2000_full	L899934	0	1.0000
fix_b2000_full	L901557	0	1.0000
fix_b2000_full	L903060	0	1.0000
fix_b2000_full	L909174	0	0.9997
fix_b2000_full	L910438	0	1.0000
fix_b2000_full	L911123	1	0.6867
fix_b2000_full	L913104	1	0.5228
fix_b2000_full	L913132	1	0.7852
fix_b2000_full	L913296	1	0.8880
fix_b2000_full	L913615	0	1.0000
fix_b2000_full	L914330	0	1.0000
fix_b2000_full	L915554	0	1.0000
fix_b2000_full	L915671	0	1.0000
fix_b2000_full	L915744	0	1.0000
fix_b2000_full	L916223	0	1.0000
fix_b2000_full	L920408	0	0.7973
fix_b2000_full	L920940	0	0.9880
fix_b2000_full	L9266	0	1.0000
fix_b2000_full	L927953	1	0.8360
fix_b2000_full	L928327	0	0.9605
fix_b2000_full	L931161	1	0.9999
fix_b2000_full	L934785	1	0.5031
fix_b2000_full	L93700	0	0.9974
fix_b2000_full	L937336	1	0.6025
fix_b2000_full	L93870	1	1.0000
fix_b2000_full	L94108	0	1.0000
fix_b2000_full	L94384	2	0.6804
fix_b2000_full	L944991	0	1.0000
fix_b2000_full	L945211	0	0.9988
fix_b2000_full	L946926	0	1.0000
fix_b2000_full	L947812	0	1.0000
fix_b2000_full	L952666	0	1.0000
fix_b2000_full	L95463	0	1.0000
fix_b2000_full	L954661	0	1.0000
fix_b2000_full	L957035	0	1.0000
fix_b2000_full	L960491	1	0.7338
fix_b2000_full	L962773	0	1.0000
fix_b2000_full	L965392	0	1.0000
fix_b2000_full	L966579	0	1.0000
fix_b2000_full	L966704	1	1.0000
fix_b2000_full	L96702	0	1.0000
fix_b2000_full	L972885	0	1.0000
fix_b2000_full	L973165	0	1.0000
fix_b2000_full	L974460	0	1.0000
fix_b2000_full	L975279	0	1.0000
fix_b2000_full	L976794	1	0.5008
fix_b2000_full	L977480	0	1.0000
fix_b2000_full	L983396	1	1.0000
fix_b2000_full	L986207	0	1.0000
fix_b2000_full	L986844	0	0.9999
fix_b2000_full	L987024	0	1.0000
fix_b2000_full	L987386	0	1.0000
fix_b2000_full	L989146	0	1.0000
fix_b2000_full	L989266	0	0.9187
fix_b2000_full	L991824	0	1.0000
fix_b2000_full	L996093	0	1.0000
fix_b2000_full	L997656	0	1.0000
fix_b2000_full	L998814	0	1.0000
fix_b5000_frag	L100289	0	0.5935
fix_b5000_frag	L1004865	0	0.7442
fix_b5000_frag	L1006665	1	0.1629
fix_b5000_frag	L1010975	0	0.6425
fix_b5000_frag	L1011724	0	0.9981
fix_b5000_frag	L1012208	0	0.4172
fix_b5000_frag	L1015696	0	0.3335
fix_b5000_frag	L101727	0	0.9955
fix_b5000_frag	L1023217	0	0.9994
fix_b5000_frag	L1025412	0	0.4602
fix_b5000_frag	L1027134	2	0.1576
fix_b5000_frag	L1027481	0	0.4430
fix_b5000_frag	L1028893	0	0.6918
fix_b5000_frag	L1031539	0	1.0000
fix_b5000_frag	L1032369	1	0.2612
fix_b5000_frag	L1033675	2	0.2348
fix_b5000_frag	L1034699	1	0.3367
fix_b5000_frag	L1039147	1	0.5267
fix_b5000_frag	L1039291	0	0.9995
fix_b5000_frag	L1041837	0	0.3428
fix_b5000_frag	L1044293	0	0.9951
fix_b5000_frag	L1044534	0	0.3362
fix_b5000_frag	L1046429	0	1.0000
fix_b5000_frag	L1046729	0	0.9921
fix_b5000_frag	L1049265	0	1.0000
fix_b5000_frag	L1050429	0	0.3139
fix_b5000_frag	L1052304	3	0.4255
fix_b5000_frag	L1053257	0	1.0000
fix_b5000_frag	L1056213	0	0.8514
fix_b5000_frag	L1059470	1	0.5625
fix_b5000_frag	L106110	1	0.2231
fix_b5000_frag	L1062366	0	0.9995
fix_b5000_frag	L1062432	0	0.8509
fix_b5000_frag	L1062927	1	0.4336
fix_b5000_frag	L1064437	0	0.2738
fix_b5000_frag	L1065632	0	0.8871
fix_b5000_frag	L106767	0	0.6430
fix_b5000_frag	L1069926	0	0.9955
fix_b5000_frag	L1070671	1	0.4687
fix_b5000_frag	L1071499	0	0.9859
fix_b5000_frag	L1072629	0	0.9055
fix_b5000_frag	L1073158	0	0.9784
fix_b5000_frag	L1076326	0	1.0000
fix_b5000_frag	L1080809	0	1.0000
fix_b5000_frag	L1081949	0	1.0000
fix_b5000_frag	L1083215	0	1.0000
fix_b5000_frag	L1084315	0	0.1821
fix_b5000_frag	L1085405	0	1.0000
fix_b5000_frag	L1085680	0	0.9990
fix_b5000_frag	L1086867	1	0.2761
fix_b5000_frag	L1088293	0	0.3884
fix_b5000_frag	L1090079	0	0.5118
fix_b5000_frag	L109023	0	0.9493
fix_b5000_frag	L1090288	10	0.3954
fix_b5000_frag	L1090501	1	0.5755
fix_b5000_frag	L1091700	0	0.5059
fix_b5000_frag	L1094809	0	0.7671
fix_b5000_frag	L1096011	0	0.9989
fix_b5000_frag	L1097545	1	0.7488
fix_b5000_frag	L1100323	0	0.4207
fix_b5000_frag	L1100804	0	1.0000
fix_b5000_frag	L1101088	0	0.3253
fix_b5000_frag	L1103740	0	0.3135
fix_b5000_frag	L1104218	0	1.0000
fix_b5000_frag	L1108713	1	0.2892
fix_b5000_frag	L1109452	2	0.3606
fix_b5000_frag	L1113663	0	0.9999
fix_b5000_frag	L1115257	0	0.8849
fix_b5000_frag	L1117268	0	0.4604
fix_b5000_frag	L1117581	0	0.9357
fix_b5000_frag	L1117809	1	0.3337
fix_b5000_frag	L1118699	1	0.7932
fix_b5000_frag	L112129	7	0.2954
fix_b5000_frag	L1126989	0	0.9992
fix_b5000_frag	L1128445	0	0.9995
fix_b5000_frag	L1128464	0	0.8716
fix_b5000_frag	L1133110	0	0.1966
fix_b5000_frag	L1133196	0	0.9011
fix_b5000_frag	L1133707	0	0.7788
fix_b5000_frag	L1134196	1	0.2654
fix_b5000_frag	L1135754	0	1.0000
fix_b5000_frag	L1139882	0	0.5949
fix_b5000_frag	L1142588	0	0.2901
fix_b5000_frag	L1144170	1	0.2997
fix_b5000_frag	L1145262	0	1.0000
fix_b5000_frag	L1147764	2	0.3974
fix_b5000_frag	L114917	0	0.4501
fix_b5000_frag	L1154214	0	0.2372
fix_b5000_frag	L115634	1	0.3746
fix_b5000_frag	L1163405	1	0.1957
fix_b5000_frag	L1165069	0	0.9792
fix_b5000_frag	L1168131	0	0.9280
fix_b5000_frag	L1171356	0	0.9113
fix_b5000_frag	L1172663	0	0.9938
fix_b5000_frag	L1173032	0	0.5797
fix_b5000_frag	L1176966	0	1.0000
fix_b5000_frag	L1178697	0	1.0000
fix_b5000_frag	L1181966	0	0.9623
fix_b5000_frag	L1184289	1	0.1079
fix_b5000_frag	L1184787	0	1.0000
fix_b5000_frag	L1187520	3	0.3322
fix_b5000_frag	L1188064	0	0.8124
fix_b5000_frag	L1188531	1	0.4975
fix_b5000_frag	L119105	1	0.4400
fix_b5000_frag	L1194657	0	0.3924
fix_b5000_frag	L119513	0	1.0000
fix_b5000_frag	L1197033	0	0.7667
fix_b5000_frag	L1197756	0	1.0000
fix_b5000_frag	L1198436	1	0.2357
fix_b5000_frag	L1199013	0	0.8971
fix_b5000_frag	L120088	2	0.9467
fix_b5000_frag	L1201990	1	0.2806
fix_b5000_frag	L1203129	1	0.3495
fix_b5000_frag	L1204138	1	0.3313
fix_b5000_frag	L1204996	2	0.2705
fix_b5000_frag	L1205130	0	0.9674
fix_b5000_frag	L1208208	1	0.3695
fix_b5000_frag	L1210124	1	0.5126
fix_b5000_frag	L1210243	1	0.3598
fix_b5000_frag	L1210738	1	0.8529
fix_b5000_frag	L1211006	1	0.1638
fix_b5000_frag	L1211126	0	0.3659
fix_b5000_frag	L1212929	0	0.7857
fix_b5000_frag	L121345	0	1.0000
fix_b5000_frag	L1216921	0	1.0000
fix_b5000_frag	L1217888	0	0.3558
fix_b5000_frag	L1217909	0	0.8050
fix_b5000_frag	L1221395	0	0.4423
fix_b5000_frag	L122149	0	0.9259
fix_b5000_frag	L1222072	0	0.6070
fix_b5000_frag	L1223120	0	0.7951
fix_b5000_frag	L1226772	1	0.3215
fix_b5000_frag	L12278	0	1.0000
fix_b5000_frag	L1228969	0	1.0000
fix_b5000_frag	L1230909	0	0.9826
fix_b5000_frag	L1234354	0	0.9990
fix_b5000_frag	L1235931	2	0.4502
fix_b5000_frag	L1236533	1	0.6291
fix_b5000_frag	L1239299	1	0.3735
fix_b5000_frag	L1241887	1	0.3334
fix_b5000_frag	L1243845	0	0.1848
fix_b5000_frag	L124425	1	0.2146
fix_b5000_frag	L1246704	0	0.9898
fix_b5000_frag	L1249395	2	0.8593
fix_b5000_frag	L1258357	2	0.2237
fix_b5000_frag	L1258779	0	1.0000
fix_b5000_frag	L1260725	0	0.4840
fix_b5000_frag	L1260761	10	0.1954
fix_b5000_frag	L1261058	1	0.1792
fix_b5000_frag	L1262191	1	0.4122
fix_b5000_frag	L1262555	0	0.6285
fix_b5000_frag	L1263627	1	0.1883
fix_b5000_frag	L1264592	0	0.1824
fix_b5000_frag	L1266072	1	0.4290
fix_b5000_frag	L1268031	0	1.0000
fix_b5000_frag	L1270831	1	0.6138
fix_b5000_frag	L127166	7	0.9400
fix_b5000_frag	L1274721	0	0.9560
fix_b5000_frag	L127737	1	0.2861
fix_b5000_frag	L1277844	0	1.0000
fix_b5000_frag	L1279825	3	0.2288
fix_b5000_frag	L1283592	1	0.2864
fix_b5000_frag	L1284907	0	0.6507
fix_b5000_frag	L1285548	0	0.1632
fix_b5000_frag	L1285656	3	0.1668
fix_b5000_frag	L1288259	0	0.1496
fix_b5000_frag	L1288267	12	0.4058
fix_b5000_frag	L1288822	2	0.2288
fix_b5000_frag	L1292358	2	0.2119
fix_b5000_frag	L1292463	0	1.0000
fix_b5000_frag	L1295598	0	0.8893
fix_b5000_frag	L1298394	0	1.0000
fix_b5000_frag	L1302461	1	0.3172
fix_b5000_frag	L130303	0	1.0000
fix_b5000_frag	L1303986	0	0.5456
fix_b5000_frag	L1310424	3	0.2706
fix_b5000_frag	L1311173	1	0.3398
fix_b5000_frag	L1311292	2	0.5661
fix_b5000_frag	L1314108	1	0.2325
fix_b5000_frag	L1315018	2	0.1484
fix_b5000_frag	L1315334	0	1.0000
fix_b5000_frag	L1318499	0	1.0000
fix_b5000_frag	L1320618	1	0.6732
fix_b5000_frag	L1324414	0	0.1909
fix_b5000_frag	L1325335	0	0.7357
fix_b5000_frag	L1329240	0	0.7037
fix_b5000_frag	L1329981	0	0.9861
fix_b5000_frag	L1332662	0	0.2070
fix_b5000_frag	L133319	1	0.3212
fix_b5000_frag	L1333318	1	0.5975
fix_b5000_frag	L1334282	0	0.9998
fix_b5000_frag	L1335619	0	0.8876
fix_b5000_frag	L1336525	0	0.4203
fix_b5000_frag	L1337140	0	1.0000
fix_b5000_frag	L1340265	0	0.6722
fix_b5000_frag	L1340691	1	0.3373
fix_b5000_frag	L1341879	1	0.3147
fix_b5000_frag	L1342311	0	1.0000
fix_b5000_frag	L1347048	2	0.4642
fix_b5000_frag	L1352161	1	0.5798
fix_b5000_frag	L1354558	0	1.0000
fix_b5000_frag	L1354735	2	0.3741
fix_b5000_frag	L1358691	0	0.5486
fix_b5000_frag	L1360127	0	0.8642
fix_b5000_frag	L1363513	2	0.2193
fix_b5000_frag	L1363984	2	0.1717
fix_b5000_frag	L1365905	1	0.2234
fix_b5000_frag	L1368193	0	0.2963
fix_b5000_frag	L1368338	0	0.3473
fix_b5000_frag	L1369008	0	0.9217
fix_b5000_frag	L1373280	0	0.9990
fix_b5000_frag	L13742	0	0.7966
fix_b5000_frag	L1375580	2	0.6974
fix_b5000_frag	L1377097	0	0.7392
fix_b5000_frag	L1377556	0	0.5510
fix_b5000_frag	L1377693	4	0.3008
fix_b5000_frag	L1378979	0	0.9060
fix_b5000_frag	L1380013	0	0.9909
fix_b5000_frag	L1386597	0	0.9908
fix_b5000_frag	L1387556	0	1.0000
fix_b5000_frag	L1390302	2	0.1862
fix_b5000_frag	L1390641	1	0.5722
fix_b5000_frag	L1392258	2	0.4554
fix_b5000_frag	L1392753	0	0.9998
fix_b5000_frag	L1396454	0	0.3337
fix_b5000_frag	L1400580	1	0.5652
fix_b5000_frag	L1400636	0	0.4737
fix_b5000_frag	L1401014	0	0.8229
fix_b5000_frag	L1401165	1	0.8575
fix_b5000_frag	L1402303	1	0.2589
fix_b5000_frag	L140764	0	0.7096
fix_b5000_frag	L140781	0	0.9597
fix_b5000_frag	L1418049	1	0.3028
fix_b5000_frag	L1421761	0	0.7125
fix_b5000_frag	L1424559	0	0.6586
fix_b5000_frag	L1428063	0	0.3652
fix_b5000_frag	L1428264	1	0.7400
fix_b5000_frag	L1428285	0	0.4175
fix_b5000_frag	L1429187	1	0.2625
fix_b5000_frag	L1431175	1	0.3454
fix_b5000_frag	L1437238	0	1.0000
fix_b5000_frag	L1439974	0	0.3655
fix_b5000_frag	L1440255	0	0.3754
fix_b5000_frag	L1444255	0	0.9904
fix_b5000_frag	L1451358	0	1.0000
fix_b5000_frag	L1452270	1	0.5679
fix_b5000_frag	L1455263	1	0.1877
fix_b5000_frag	L1455658	1	0.4791
fix_b5000_frag	L1458788	2	0.6383
fix_b5000_frag	L1459831	0	0.9971
fix_b5000_frag	L1462414	0	1.0000
fix_b5000_frag	L1463862	1	0.9872
fix_b5000_frag	L1464063	0	1.0000
fix_b5000_frag	L1465929	0	0.7939
fix_b5000_frag	L14662	0	0.3114
fix_b5000_frag	L147167	1	0.1600
fix_b5000_frag	L1472900	0	1.0000
fix_b5000_frag	L1474244	0	1.0000
fix_b5000_frag	L1477899	1	0.1921
fix_b5000_frag	L1478500	0	0.5287
fix_b5000_frag	L1480479	0	0.9285
fix_b5000_frag	L1480710	0	1.0000
fix_b5000_frag	L1481332	0	0.8360
fix_b5000_frag	L1482337	2	0.1564
fix_b5000_frag	L1484353	2	0.5925
fix_b5000_frag	L148591	0	1.0000
fix_b5000_frag	L1486539	0	1.0000
fix_b5000_frag	L1488274	1	0.3454
fix_b5000_frag	L1489414	1	0.4123
fix_b5000_frag	L1489879	0	0.2786
fix_b5000_frag	L149103	0	0.9954
fix_b5000_frag	L1491304	0	1.0000
fix_b5000_frag	L1494813	1	0.3358
fix_b5000_frag	L1494954	2	0.6964
fix_b5000_frag	L1497033	5	0.6173
fix_b5000_frag	L1497246	0	0.5602
fix_b5000_frag	L1499658	0	0.3413
fix_b5000_frag	L1501381	2	0.4306
fix_b5000_frag	L1501916	0	0.9984
fix_b5000_frag	L1503626	0	0.8318
fix_b5000_frag	L1503978	2	0.3459
fix_b5000_frag	L1504511	0	0.2214
fix_b5000_frag	L1505115	2	0.2204
fix_b5000_frag	L1505874	2	0.2023
fix_b5000_frag	L1510976	1	0.3748
fix_b5000_frag	L1513218	0	0.4175
fix_b5000_frag	L1515573	1	0.8830
fix_b5000_frag	L1517373	1	0.4075
fix_b5000_frag	L1519270	0	0.9004
fix_b5000_frag	L1524129	0	0.9889
fix_b5000_frag	L1526979	0	0.3495
fix_b5000_frag	L1532824	0	1.0000
fix_b5000_frag	L1538238	0	1.0000
fix_b5000_frag	L1541433	0	1.0000
fix_b5000_frag	L154435	0	0.4823
fix_b5000_frag	L1544392	1	0.7989
fix_b5000_frag	L1549234	4	0.1717
fix_b5000_frag	L1549395	0	0.7594
fix_b5000_frag	L1552071	0	1.0000
fix_b5000_frag	L1554643	0	0.8867
fix_b5000_frag	L1554665	0	0.9999
fix_b5000_frag	L1554859	0	0.3636
fix_b5000_frag	L1559903	0	0.8490
fix_b5000_frag	L1567518	0	0.9959
fix_b5000_frag	L1572835	5	0.3395
fix_b5000_frag	L157772	1	0.3301
fix_b5000_frag	L1580756	0	0.4858
fix_b5000_frag	L1581099	1	0.3489
fix_b5000_frag	L1582200	1	0.4290
fix_b5000_frag	L1583028	2	0.1931
fix_b5000_frag	L1583912	0	0.8351
fix_b5000_frag	L1584094	0	1.0000
fix_b5000_frag	L1585357	0	0.7900
fix_b5000_frag	L1585994	1	0.2823
fix_b5000_frag	L1586969	0	0.2265
fix_b5000_frag	L1588628	1	0.3624
fix_b5000_frag	L1593023	0	0.4299
fix_b5000_frag	L1594227	1	0.1861
fix_b5000_frag	L1594679	0	0.3807
fix_b5000_frag	L1596050	0	0.9857
fix_b5000_frag	L1597579	0	1.0000
fix_b5000_frag	L1599085	3	0.4627
fix_b5000_frag	L1599113	0	0.6656
fix_b5000_frag	L1600931	2	0.2028
fix_b5000_frag	L1601984	0	0.4997
fix_b5000_frag	L1603557	1	0.4281
fix_b5000_frag	L1604004	1	0.3437
fix_b5000_frag	L1606587	0	0.3174
fix_b5000_frag	L1606797	0	0.9999
fix_b5000_frag	L1607075	1	0.3781
fix_b5000_frag	L161033	0	1.0000
fix_b5000_frag	L1610367	0	0.3317
fix_b5000_frag	L1610874	0	0.8240
fix_b5000_frag	L1613428	0	0.8932
fix_b5000_frag	L1617572	1	0.6075
fix_b5000_frag	L1618167	0	1.0000
fix_b5000_frag	L1618884	1	0.3490
fix_b5000_frag	L1621327	0	0.7335
fix_b5000_frag	L1621345	0	0.9901
fix_b5000_frag	L162378	1	0.4287
fix_b5000_frag	L1628257	1	0.4346
fix_b5000_frag	L1631106	1	0.6981
fix_b5000_frag	L163268	0	0.7169
fix_b5000_frag	L1632948	0	0.9998
fix_b5000_frag	L1637063	0	1.0000
fix_b5000_frag	L1639195	3	0.3419
fix_b5000_frag	L1640626	0	0.9191
fix_b5000_frag	L1642113	0	0.6792
fix_b5000_frag	L1644306	0	0.5337
fix_b5000_frag	L1645207	0	1.0000
fix_b5000_frag	L1647058	1	0.4686
fix_b5000_frag	L1648296	0	0.8810
fix_b5000_frag	L1649255	0	0.3845
fix_b5000_frag	L1653555	0	1.0000
fix_b5000_frag	L1655916	1	0.2542
fix_b5000_frag	L1660415	3	0.1848
fix_b5000_frag	L1661451	3	0.8672
fix_b5000_frag	L1661745	1	0.3653
fix_b5000_frag	L166457	0	1.0000
fix_b5000_frag	L1665975	0	1.0000
fix_b5000_frag	L166638	1	0.3173
fix_b5000_frag	L1670095	0	0.8669
fix_b5000_frag	L1673626	2	0.1031
fix_b5000_frag	L1676619	0	0.9950
fix_b5000_frag	L1679593	0	0.7496
fix_b5000_frag	L168009	1	0.3408
fix_b5000_frag	L1680312	1	0.1801
fix_b5000_frag	L1683860	2	0.3209
fix_b5000_frag	L168501	1	0.2696
fix_b5000_frag	L1686036	3	0.2230
fix_b5000_frag	L1688821	1	0.3405
fix_b5000_frag	L1690091	0	1.0000
fix_b5000_frag	L1691992	0	0.9372
fix_b5000_frag	L1696960	0	0.5887
fix_b5000_frag	L1699862	1	0.3802
fix_b5000_frag	L1703051	1	0.1803
fix_b5000_frag	L1705727	0	0.9949
fix_b5000_frag	L1706743	0	0.3871
fix_b5000_frag	L1707670	0	0.4175
fix_b5000_frag	L1709271	0	1.0000
fix_b5000_frag	L1711120	2	0.3134
fix_b5000_frag	L1712110	0	1.0000
fix_b5000_frag	L1713612	1	0.4253
fix_b5000_frag	L1715186	0	0.9633
fix_b5000_frag	L1717039	0	0.9996
fix_b5000_frag	L1717487	0	0.1803
fix_b5000_frag	L1717679	1	0.1334
fix_b5000_frag	L171872	0	1.0000
fix_b5000_frag	L1720671	2	0.4565
fix_b5000_frag	L1724030	2	0.1624
fix_b5000_frag	L1724603	0	0.5163
fix_b5000_frag	L1725907	1	0.1862
fix_b5000_frag	L1726884	0	0.9985
fix_b5000_frag	L1730039	1	0.2757
fix_b5000_frag	L1731278	1	0.5329
fix_b5000_frag	L1731637	0	0.4375
fix_b5000_frag	L1731806	1	0.4103
fix_b5000_frag	L1731825	0	0.2859
fix_b5000_frag	L1733434	1	0.3520
fix_b5000_frag	L1735605	1	0.2566
fix_b5000_frag	L1738043	0	0.4787
fix_b5000_frag	L173888	0	1.0000
fix_b5000_frag	L1741025	4	0.2145
fix_b5000_frag	L1741283	1	0.3166
fix_b5000_frag	L1743121	2	0.5589
fix_b5000_frag	L1743160	0	0.4410
fix_b5000_frag	L1745840	0	0.2837
fix_b5000_frag	L1747985	5	0.3993
fix_b5000_frag	L1748111	0	0.9997
fix_b5000_frag	L1748189	0	0.1685
fix_b5000_frag	L1748363	0	1.0000
fix_b5000_frag	L175173	0	1.0000
fix_b5000_frag	L1755181	0	0.9967
fix_b5000_frag	L1755241	0	0.5399
fix_b5000_frag	L1756620	0	1.0000
fix_b5000_frag	L1757163	1	0.5351
fix_b5000_frag	L1758219	0	0.9999
fix_b5000_frag	L1758321	0	0.9367
fix_b5000_frag	L1759705	1	0.2898
fix_b5000_frag	L1759939	0	1.0000
fix_b5000_frag	L1760678	6	0.3572
fix_b5000_frag	L1763126	1	0.4677
fix_b5000_frag	L1763366	0	0.4607
fix_b5000_frag	L1765485	0	0.1127
fix_b5000_frag	L176768	0	0.1535
fix_b5000_frag	L176849	1	0.2467
fix_b5000_frag	L1776351	1	0.4223
fix_b5000_frag	L1778817	0	0.9987
fix_b5000_frag	L1780398	0	0.5315
fix_b5000_frag	L1780819	0	0.4360
fix_b5000_frag	L1781469	0	1.0000
fix_b5000_frag	L178235	0	1.0000
fix_b5000_frag	L1783781	0	0.4397
fix_b5000_frag	L1784891	0	0.4601
fix_b5000_frag	L1785029	1	0.4445
fix_b5000_frag	L1787087	0	0.9416
fix_b5000_frag	L1788394	2	0.2846
fix_b5000_frag	L1789260	0	1.0000
fix_b5000_frag	L1790726	0	0.7201
fix_b5000_frag	L1792213	0	0.9995
fix_b5000_frag	L1793164	0	1.0000
fix_b5000_frag	L1794818	1	0.2256
fix_b5000_frag	L1801229	0	0.7146
fix_b5000_frag	L1801776	1	0.3552
fix_b5000_frag	L1802441	0	0.6475
fix_b5000_frag	L180370	1	0.1272
fix_b5000_frag	L1806674	0	0.2572
fix_b5000_frag	L1808057	0	0.9310
fix_b5000_frag	L1809763	0	0.8231
fix_b5000_frag	L1812832	0	0.6897
fix_b5000_frag	L1813363	0	0.2872
fix_b5000_frag	L1814194	1	0.2109
fix_b5000_frag	L1814234	0	0.9980
fix_b5000_frag	L1818724	0	0.7134
fix_b5000_frag	L1819800	1	0.1664
fix_b5000_frag	L1823583	3	0.2395
fix_b5000_frag	L1825133	0	0.4022
fix_b5000_frag	L1825229	0	1.0000
fix_b5000_frag	L1832290	0	0.7920
fix_b5000_frag	L1832446	0	0.8045
fix_b5000_frag	L1833126	1	0.8593
fix_b5000_frag	L1833750	0	0.9963
fix_b5000_frag	L1835210	0	0.9844
fix_b5000_frag	L1842784	0	1.0000
fix_b5000_frag	L185114	0	0.7789
fix_b5000_frag	L1852801	0	1.0000
fix_b5000_frag	L1853941	1	0.4551
fix_b5000_frag	L1854338	0	1.0000
fix_b5000_frag	L1855067	0	0.9982
fix_b5000_frag	L1855202	0	1.0000
fix_b5000_frag	L1861694	1	0.7759
fix_b5000_frag	L1863372	0	1.0000
fix_b5000_frag	L1864158	0	1.0000
fix_b5000_frag	L1866755	1	0.3311
fix_b5000_frag	L1866797	4	0.3421
fix_b5000_frag	L1867100	1	0.3852
fix_b5000_frag	L1868072	1	0.3536
fix_b5000_frag	L1868786	0	0.7378
fix_b5000_frag	L1870755	0	0.8957
fix_b5000_frag	L1873641	0	0.6148
fix_b5000_frag	L1875088	0	0.9978
fix_b5000_frag	L18753	0	0.8642
fix_b5000_frag	L1876216	0	1.0000
fix_b5000_frag	L1877597	0	0.9783
fix_b5000_frag	L1879699	3	0.6142
fix_b5000_frag	L188182	1	0.3460
fix_b5000_frag	L1884979	0	0.9999
fix_b5000_frag	L1887497	0	0.4998
fix_b5000_frag	L1889689	0	0.9942
fix_b5000_frag	L189044	0	0.4432
fix_b5000_frag	L1890907	0	0.3000
fix_b5000_frag	L1892153	0	0.3964
fix_b5000_frag	L1892928	1	0.8798
fix_b5000_frag	L1895412	0	0.6760
fix_b5000_frag	L1896118	0	0.3622
fix_b5000_frag	L1896496	0	0.9984
fix_b5000_frag	L1898387	0	0.9711
fix_b5000_frag	L1899178	2	0.2188
fix_b5000_frag	L1900972	0	0.9962
fix_b5000_frag	L1901522	0	0.4627
fix_b5000_frag	L1905187	8	0.1911
fix_b5000_frag	L1909864	0	0.1959
fix_b5000_frag	L1910829	1	0.5188
fix_b5000_frag	L1913433	4	0.2063
fix_b5000_frag	L1913798	0	0.5480
fix_b5000_frag	L1914992	0	0.3219
fix_b5000_frag	L1915202	0	0.8594
fix_b5000_frag	L1918380	0	0.9870
fix_b5000_frag	L1919010	0	0.9110
fix_b5000_frag	L1920162	0	0.4587
fix_b5000_frag	L1920404	3	0.1718
fix_b5000_frag	L192109	0	1.0000
fix_b5000_frag	L1922907	1	0.6803
fix_b5000_frag	L1927325	0	0.9837
fix_b5000_frag	L1928915	0	1.0000
fix_b5000_frag	L1929090	0	0.9430
fix_b5000_frag	L1929913	0	1.0000
fix_b5000_frag	L1930346	0	0.7362
fix_b5000_frag	L1930461	1	0.9284
fix_b5000_frag	L1931337	0	0.4902
fix_b5000_frag	L1935951	1	0.2860
fix_b5000_frag	L1938073	0	0.9423
fix_b5000_frag	L1938493	17	0.8863
fix_b5000_frag	L1938969	0	0.9955
fix_b5000_frag	L1939654	0	1.0000
fix_b5000_frag	L19410	2	0.2826
fix_b5000_frag	L1941050	0	0.9999
fix_b5000_frag	L1942954	1	0.2910
fix_b5000_frag	L194883	0	1.0000
fix_b5000_frag	L195067	3	0.3908
fix_b5000_frag	L1954724	1	0.4912
fix_b5000_frag	L1954877	0	0.4190
fix_b5000_frag	L1955320	4	0.4664
fix_b5000_frag	L1955689	0	0.9960
fix_b5000_frag	L1956555	0	1.0000
fix_b5000_frag	L1960852	0	0.9980
fix_b5000_frag	L1961648	0	0.9342
fix_b5000_frag	L1961909	0	1.0000
fix_b5000_frag	L1963487	0	1.0000
fix_b5000_frag	L1967977	3	0.1623
fix_b5000_frag	L1968825	0	0.9997
fix_b5000_frag	L1969782	1	0.3636
fix_b5000_frag	L1973357	0	1.0000
fix_b5000_frag	L1976963	0	0.8612
fix_b5000_frag	L1978016	1	0.5286
fix_b5000_frag	L1981874	0	1.0000
fix_b5000_frag	L1982297	1	0.7032
fix_b5000_frag	L1986935	0	1.0000
fix_b5000_frag	L1988468	1	0.3641
fix_b5000_frag	L1993702	0	0.5349
fix_b5000_frag	L1994929	0	1.0000
fix_b5000_frag	L1995502	1	0.9168
fix_b5000_frag	L199621	0	0.3004
fix_b5000_frag	L199741	0	0.6389
fix_b5000_frag	L200062	2	0.2744
fix_b5000_frag	L200339	1	0.3312
fix_b5000_frag	L201693	0	0.6928
fix_b5000_frag	L204755	0	0.3399
fix_b5000_frag	L207526	2	0.3210
fix_b5000_frag	L209164	1	0.7249
fix_b5000_frag	L211149	0	1.0000
fix_b5000_frag	L213058	1	0.2776
fix_b5000_frag	L21416	0	0.3084
fix_b5000_frag	L215127	0	1.0000
fix_b5000_frag	L217152	1	0.5039
fix_b5000_frag	L220237	0	1.0000
fix_b5000_frag	L224269	0	0.9995
fix_b5000_frag	L224492	2	0.1939
fix_b5000_frag	L225627	1	0.3334
fix_b5000_frag	L230051	0	1.0000
fix_b5000_frag	L23270	0	0.2389
fix_b5000_frag	L234353	1	0.5428
fix_b5000_frag	L234368	0	0.3201
fix_b5000_frag	L238830	0	0.8200
fix_b5000_frag	L239409	3	0.5220
fix_b5000_frag	L241654	0	0.9355
fix_b5000_frag	L241655	2	0.4507
fix_b5000_frag	L245384	0	0.9727
fix_b5000_frag	L245820	0	0.3739
fix_b5000_frag	L246104	0	0.5360
fix_b5000_frag	L251332	0	0.2963
fix_b5000_frag	L251678	2	0.4020
fix_b5000_frag	L255307	0	1.0000
fix_b5000_frag	L257527	0	1.0000
fix_b5000_frag	L258589	0	1.0000
fix_b5000_frag	L266408	0	0.3687
fix_b5000_frag	L268084	0	0.3368
fix_b5000_frag	L268984	0	0.9990
fix_b5000_frag	L27508	1	0.4764
fix_b5000_frag	L275193	0	1.0000
fix_b5000_frag	L278395	1	0.3223
fix_b5000_frag	L278593	3	0.1500
fix_b5000_frag	L27964	0	0.9898
fix_b5000_frag	L284367	1	0.5114
fix_b5000_frag	L28444	0	0.7215
fix_b5000_frag	L284476	0	0.9995
fix_b5000_frag	L28553	2	0.1827
fix_b5000_frag	L29036	0	1.0000
fix_b5000_frag	L296959	0	1.0000
fix_b5000_frag	L299623	0	0.9876
fix_b5000_frag	L3055	0	0.6573
fix_b5000_frag	L307255	0	1.0000
fix_b5000_frag	L308212	0	0.4812
fix_b5000_frag	L308969	0	0.9160
fix_b5000_frag	L309051	0	0.3961
fix_b5000_frag	L309322	1	0.2323
fix_b5000_frag	L311702	0	0.7541
fix_b5000_frag	L312583	2	0.3400
fix_b5000_frag	L313358	2	0.4253
fix_b5000_frag	L313697	5	0.2856
fix_b5000_frag	L315634	4	0.1772
fix_b5000_frag	L315700	1	0.1387
fix_b5000_frag	L31685	0	0.9984
fix_b5000_frag	L317033	1	0.4198
fix_b5000_frag	L31899	0	0.7395
fix_b5000_frag	L323351	0	1.0000
fix_b5000_frag	L32395	0	0.2427
fix_b5000_frag	L326685	0	0.9886
fix_b5000_frag	L326694	1	0.2963
fix_b5000_frag	L327568	1	0.2505
fix_b5000_frag	L32832	0	0.8400
fix_b5000_frag	L329474	0	0.9997
fix_b5000_frag	L334900	2	0.2742
fix_b5000_frag	L33647	0	0.6960
fix_b5000_frag	L34212	2	0.1707
fix_b5000_frag	L342129	1	0.6253
fix_b5000_frag	L342665	0	0.3369
fix_b5000_frag	L342801	0	1.0000
fix_b5000_frag	L342978	1	0.8221
fix_b5000_frag	L343956	1	0.3073
fix_b5000_frag	L346141	4	0.2388
fix_b5000_frag	L34800	0	0.5657
fix_b5000_frag	L348481	1	0.5868
fix_b5000_frag	L353810	0	1.0000
fix_b5000_frag	L356341	1	0.1596
fix_b5000_frag	L356443	1	0.2259
fix_b5000_frag	L356686	1	0.2852
fix_b5000_frag	L360886	5	0.2906
fix_b5000_frag	L361342	0	0.6833
fix_b5000_frag	L362904	2	0.1803
fix_b5000_frag	L367241	0	0.8915
fix_b5000_frag	L367843	2	0.2085
fix_b5000_frag	L368076	1	0.4792
fix_b5000_frag	L370099	1	0.6496
fix_b5000_frag	L372147	0	0.5377
fix_b5000_frag	L37428	0	0.9994
fix_b5000_frag	L37487	0	1.0000
fix_b5000_frag	L37506	0	1.0000
fix_b5000_frag	L377747	0	0.9261
fix_b5000_frag	L378292	1	0.5115
fix_b5000_frag	L379881	1	0.2285
fix_b5000_frag	L38020	3	0.3429
fix_b5000_frag	L382144	0	0.3742
fix_b5000_frag	L382805	0	0.3729
fix_b5000_frag	L38293	0	0.9261
fix_b5000_frag	L385542	1	0.3491
fix_b5000_frag	L386709	0	0.9957
fix_b5000_frag	L387070	0	0.3951
fix_b5000_frag	L389418	0	0.9993
fix_b5000_frag	L39295	0	0.3788
fix_b5000_frag	L394806	0	0.4025
fix_b5000_frag	L395376	0	0.1052
fix_b5000_frag	L398208	1	0.4327
fix_b5000_frag	L400063	0	0.1841
fix_b5000_frag	L401172	0	1.0000
fix_b5000_frag	L404610	0	0.9790
fix_b5000_frag	L40463	1	0.4195
fix_b5000_frag	L40743	0	0.6839
fix_b5000_frag	L408206	0	0.9811
fix_b5000_frag	L409731	0	1.0000
fix_b5000_frag	L410067	1	0.4306
fix_b5000_frag	L412722	0	0.5052
fix_b5000_frag	L412963	8	0.1370
fix_b5000_frag	L417292	1	0.1025
fix_b5000_frag	L418430	1	0.4003
fix_b5000_frag	L421624	0	0.4767
fix_b5000_frag	L428880	0	0.9996
fix_b5000_frag	L432029	0	0.5923
fix_b5000_frag	L432071	0	0.9743
fix_b5000_frag	L434883	0	1.0000
fix_b5000_frag	L436548	5	0.3954
fix_b5000_frag	L440015	1	0.6568
fix_b5000_frag	L441824	1	0.1730
fix_b5000_frag	L443589	0	1.0000
fix_b5000_frag	L443976	2	0.3310
fix_b5000_frag	L445230	0	1.0000
fix_b5000_frag	L446017	0	0.8540
fix_b5000_frag	L446776	0	0.4623
fix_b5000_frag	L44774	1	0.3897
fix_b5000_frag	L447866	0	0.3863
fix_b5000_frag	L451459	0	0.8040
fix_b5000_frag	L452100	1	0.2357
fix_b5000_frag	L453027	0	0.6388
fix_b5000_frag	L455667	0	0.9965
fix_b5000_frag	L458918	2	0.2280
fix_b5000_frag	L460660	0	0.7967
fix_b5000_frag	L460944	0	0.6527
fix_b5000_frag	L461664	0	1.0000
fix_b5000_frag	L463867	1	0.9251
fix_b5000_frag	L464238	0	0.5837
fix_b5000_frag	L464909	0	0.2655
fix_b5000_frag	L465321	0	0.4669
fix_b5000_frag	L465380	1	0.9392
fix_b5000_frag	L472494	0	0.9547
fix_b5000_frag	L478647	2	0.1214
fix_b5000_frag	L481639	1	0.4317
fix_b5000_frag	L482576	4	0.4251
fix_b5000_frag	L48305	1	0.5340
fix_b5000_frag	L484367	0	0.5696
fix_b5000_frag	L48470	1	0.7530
fix_b5000_frag	L486859	1	0.5034
fix_b5000_frag	L49167	0	0.3106
fix_b5000_frag	L497252	0	1.0000
fix_b5000_frag	L497478	0	0.3322
fix_b5000_frag	L500974	13	0.3496
fix_b5000_frag	L502206	1	0.3207
fix_b5000_frag	L505867	0	1.0000
fix_b5000_frag	L507299	2	0.3128
fix_b5000_frag	L508411	1	0.6550
fix_b5000_frag	L510079	0	0.4779
fix_b5000_frag	L510795	0	1.0000
fix_b5000_frag	L512309	1	0.3295
fix_b5000_frag	L515174	0	1.0000
fix_b5000_frag	L515848	0	0.3608
fix_b5000_frag	L519283	2	0.4307
fix_b5000_frag	L521776	0	1.0000
fix_b5000_frag	L522160	0	1.0000
fix_b5000_frag	L522318	0	1.0000
fix_b5000_frag	L523327	0	0.6579
fix_b5000_frag	L523370	0	1.0000
fix_b5000_frag	L526262	0	0.9443
fix_b5000_frag	L526516	3	0.2906
fix_b5000_frag	L528212	0	0.9222
fix_b5000_frag	L528692	0	0.3146
fix_b5000_frag	L530014	0	1.0000
fix_b5000_frag	L532143	1	0.4931
fix_b5000_frag	L533793	1	0.2710
fix_b5000_frag	L536321	0	1.0000
fix_b5000_frag	L538070	0	0.6831
fix_b5000_frag	L541636	2	0.3071
fix_b5000_frag	L548193	0	0.9996
fix_b5000_frag	L549658	3	0.3890
fix_b5000_frag	L552457	0	1.0000
fix_b5000_frag	L553070	0	1.0000
fix_b5000_frag	L553796	0	1.0000
fix_b5000_frag	L557356	0	0.9975
fix_b5000_frag	L560445	1	0.6828
fix_b5000_frag	L562316	0	0.8861
fix_b5000_frag	L564346	0	0.9811
fix_b5000_frag	L564945	1	0.4926
fix_b5000_frag	L570022	0	0.0683
fix_b5000_frag	L570410	0	0.3345
fix_b5000_frag	L578894	1	0.4166
fix_b5000_frag	L580515	0	0.5196
fix_b5000_frag	L582232	0	0.9783
fix_b5000_frag	L58230	0	1.0000
fix_b5000_frag	L582596	1	0.2125
fix_b5000_frag	L583540	0	0.3886
fix_b5000_frag	L591002	1	0.5430
fix_b5000_frag	L594898	0	0.4725
fix_b5000_frag	L603993	0	0.7232
fix_b5000_frag	L608579	0	0.1939
fix_b5000_frag	L611247	0	0.6884
fix_b5000_frag	L612525	2	0.2708
fix_b5000_frag	L613607	3	0.7252
fix_b5000_frag	L616384	0	0.2165
fix_b5000_frag	L616608	0	1.0000
fix_b5000_frag	L618876	3	0.7710
fix_b5000_frag	L62362	1	0.3315
fix_b5000_frag	L626867	0	0.4711
fix_b5000_frag	L627892	0	0.9992
fix_b5000_frag	L629447	0	0.6013
fix_b5000_frag	L630054	5	0.1177
fix_b5000_frag	L632248	0	0.9982
fix_b5000_frag	L633134	1	0.1331
fix_b5000_frag	L636292	0	0.2891
fix_b5000_frag	L636628	0	0.6244
fix_b5000_frag	L638515	0	0.2934
fix_b5000_frag	L640623	1	0.4868
fix_b5000_frag	L643973	1	0.3356
fix_b5000_frag	L647704	0	0.4516
fix_b5000_frag	L647846	5	0.1670
fix_b5000_frag	L647960	2	0.1638
fix_b5000_frag	L649179	0	0.1974
fix_b5000_frag	L650666	0	0.6442
fix_b5000_frag	L651714	0	0.3041
fix_b5000_frag	L653750	0	0.9823
fix_b5000_frag	L655372	0	0.9983
fix_b5000_frag	L655384	0	0.9996
fix_b5000_frag	L65596	1	0.3691
fix_b5000_frag	L656694	1	0.2613
fix_b5000_frag	L658042	0	0.9707
fix_b5000_frag	L658497	0	1.0000
fix_b5000_frag	L669210	3	0.3487
fix_b5000_frag	L670330	1	0.2787
fix_b5000_frag	L670613	0	0.4471
fix_b5000_frag	L673602	1	0.3819
fix_b5000_frag	L674223	1	0.3226
fix_b5000_frag	L675700	0	1.0000
fix_b5000_frag	L675990	3	0.2330
fix_b5000_frag	L676345	0	0.9586
fix_b5000_frag	L677042	0	1.0000
fix_b5000_frag	L678590	0	0.4017
fix_b5000_frag	L681297	0	0.2812
fix_b5000_frag	L681978	0	0.5047
fix_b5000_frag	L686347	2	0.1748
fix_b5000_frag	L68830	0	0.4673
fix_b5000_frag	L689497	1	0.4454
fix_b5000_frag	L692518	0	1.0000
fix_b5000_frag	L693078	1	0.6814
fix_b5000_frag	L695087	1	0.2562
fix_b5000_frag	L696140	0	0.5906
fix_b5000_frag	L696284	1	0.9181
fix_b5000_frag	L698369	0	1.0000
fix_b5000_frag	L699934	0	0.9820
fix_b5000_frag	L700319	0	0.1567
fix_b5000_frag	L700376	1	0.7426
fix_b5000_frag	L702155	1	0.3665
fix_b5000_frag	L702232	1	0.3511
fix_b5000_frag	L702417	2	0.2958
fix_b5000_frag	L702602	2	0.5231
fix_b5000_frag	L703962	1	0.3998
fix_b5000_frag	L705651	1	0.1374
fix_b5000_frag	L70618	0	0.6218
fix_b5000_frag	L706311	0	0.9994
fix_b5000_frag	L708354	4	0.1839
fix_b5000_frag	L709354	0	0.8481
fix_b5000_frag	L711289	1	0.3684
fix_b5000_frag	L711549	1	0.5292
fix_b5000_frag	L712265	0	0.7421
fix_b5000_frag	L71335	0	0.5707
fix_b5000_frag	L715388	0	1.0000
fix_b5000_frag	L718862	0	0.5865
fix_b5000_frag	L720458	0	1.0000
fix_b5000_frag	L725718	0	0.2921
fix_b5000_frag	L731065	0	0.5686
fix_b5000_frag	L731308	1	0.2428
fix_b5000_frag	L733646	1	0.3369
fix_b5000_frag	L734133	0	0.7863
fix_b5000_frag	L737457	0	1.0000
fix_b5000_frag	L740821	0	0.9944
fix_b5000_frag	L743068	0	0.1931
fix_b5000_frag	L74316	0	0.3844
fix_b5000_frag	L743890	2	0.4125
fix_b5000_frag	L744275	0	0.8045
fix_b5000_frag	L745574	0	0.3140
fix_b5000_frag	L74731	0	0.5151
fix_b5000_frag	L750954	0	0.1844
fix_b5000_frag	L751703	3	0.1637
fix_b5000_frag	L751958	0	0.9799
fix_b5000_frag	L752278	0	0.2538
fix_b5000_frag	L754591	0	0.7231
fix_b5000_frag	L755244	0	1.0000
fix_b5000_frag	L756992	2	0.4024
fix_b5000_frag	L75760	1	0.3114
fix_b5000_frag	L75765	2	0.1237
fix_b5000_frag	L757775	4	0.2337
fix_b5000_frag	L758305	0	1.0000
fix_b5000_frag	L765760	0	0.9998
fix_b5000_frag	L76713	0	1.0000
fix_b5000_frag	L76922	0	0.9986
fix_b5000_frag	L769388	0	0.8187
fix_b5000_frag	L770244	0	0.9998
fix_b5000_frag	L773323	0	0.4274
fix_b5000_frag	L774762	0	0.2292
fix_b5000_frag	L775829	0	0.5668
fix_b5000_frag	L775913	0	1.0000
fix_b5000_frag	L779987	0	1.0000
fix_b5000_frag	L783260	0	1.0000
fix_b5000_frag	L785799	1	0.4533
fix_b5000_frag	L789159	3	0.6553
fix_b5000_frag	L790398	0	0.9955
fix_b5000_frag	L790433	0	1.0000
fix_b5000_frag	L791637	0	0.9941
fix_b5000_frag	L792255	0	1.0000
fix_b5000_frag	L794487	0	0.5885
fix_b5000_frag	L794834	0	0.9787
fix_b5000_frag	L797144	0	0.1457
fix_b5000_frag	L800738	0	1.0000
fix_b5000_frag	L800847	1	0.8077
fix_b5000_frag	L801514	0	1.0000
fix_b5000_frag	L803685	2	0.2128
fix_b5000_frag	L804478	2	0.3225
fix_b5000_frag	L805558	0	1.0000
fix_b5000_frag	L808991	0	0.9298
fix_b5000_frag	L809814	1	0.2178
fix_b5000_frag	L810684	0	0.9999
fix_b5000_frag	L812222	0	1.0000
fix_b5000_frag	L812290	0	0.9964
fix_b5000_frag	L812450	0	1.0000
fix_b5000_frag	L812783	0	1.0000
fix_b5000_frag	L815933	2	0.0788
fix_b5000_frag	L816930	1	0.4444
fix_b5000_frag	L817748	2	0.2615
fix_b5000_frag	L818516	0	0.3421
fix_b5000_frag	L819561	8	0.2646
fix_b5000_frag	L820879	1	0.5329
fix_b5000_frag	L822130	0	0.9667
fix_b5000_frag	L825457	2	0.1897
fix_b5000_frag	L825873	1	0.2124
fix_b5000_frag	L828109	0	0.9994
fix_b5000_frag	L828870	0	1.0000
fix_b5000_frag	L829044	0	1.0000
fix_b5000_frag	L832242	10	0.1939
fix_b5000_frag	L8343	3	0.6384
fix_b5000_frag	L834344	0	1.0000
fix_b5000_frag	L839806	0	0.2033
fix_b5000_frag	L844851	1	0.3343
fix_b5000_frag	L845595	4	0.2561
fix_b5000_frag	L846580	2	0.2706
fix_b5000_frag	L847676	1	0.3989
fix_b5000_frag	L849015	1	0.2538
fix_b5000_frag	L851950	0	1.0000
fix_b5000_frag	L854818	4	0.2416
fix_b5000_frag	L85825	2	0.1964
fix_b5000_frag	L85840	3	0.1223
fix_b5000_frag	L859958	0	0.9409
fix_b5000_frag	L860612	0	0.9984
fix_b5000_frag	L861318	0	0.8490
fix_b5000_frag	L866049	0	1.0000
fix_b5000_frag	L867466	0	1.0000
fix_b5000_frag	L869627	0	0.4235
fix_b5000_frag	L871416	0	0.4398
fix_b5000_frag	L872091	0	0.9925
fix_b5000_frag	L873200	0	0.2490
fix_b5000_frag	L876650	1	0.2410
fix_b5000_frag	L884104	0	0.2894
fix_b5000_frag	L884785	2	0.1269
fix_b5000_frag	L885277	5	0.2565
fix_b5000_frag	L8861	0	1.0000
fix_b5000_frag	L887140	0	0.9034
fix_b5000_frag	L887277	1	0.4152
fix_b5000_frag	L887364	2	0.2378
fix_b5000_frag	L88795	0	0.9646
fix_b5000_frag	L889560	0	0.9996
fix_b5000_frag	L889604	1	0.3620
fix_b5000_frag	L889976	1	0.6604
fix_b5000_frag	L892910	1	0.2541
fix_b5000_frag	L894743	0	0.9845
fix_b5000_frag	L895481	0	0.3969
fix_b5000_frag	L89624	2	0.2775
fix_b5000_frag	L898110	0	0.1770
fix_b5000_frag	L899934	0	0.9998
fix_b5000_frag	L901557	3	0.2548
fix_b5000_frag	L903060	0	0.9984
fix_b5000_frag	L909174	1	0.3972
fix_b5000_frag	L910438	0	0.9450
fix_b5000_frag	L911123	1	0.4817
fix_b5000_frag	L913104	1	0.7424
fix_b5000_frag	L913132	0	0.3335
fix_b5000_frag	L913296	0	0.3447
fix_b5000_frag	L913615	0	1.0000
fix_b5000_frag	L914330	1	0.7251
fix_b5000_frag	L915554	0	0.9997
fix_b5000_frag	L915671	1	0.9761
fix_b5000_frag	L915744	0	0.3959
fix_b5000_frag	L916223	1	0.2459
fix_b5000_frag	L920408	1	0.2684
fix_b5000_frag	L920940	0	0.2787
fix_b5000_frag	L9266	0	1.0000
fix_b5000_frag	L927953	1	0.8286
fix_b5000_frag	L928327	1	0.4723
fix_b5000_frag	L931161	3	0.2081
fix_b5000_frag	L934785	3	0.2115
fix_b5000_frag	L93700	1	0.3600
fix_b5000_frag	L937336	2	0.2397
fix_b5000_frag	L93870	1	0.3443
fix_b5000_frag	L94108	0	0.9741
fix_b5000_frag	L94384	4	0.2781
fix_b5000_frag	L944991	0	0.9882
fix_b5000_frag	L945211	1	0.2298
fix_b5000_frag	L946926	0	1.0000
fix_b5000_frag	L947812	11	0.2043
fix_b5000_frag	L952666	1	0.4414
fix_b5000_frag	L95463	0	0.6144
fix_b5000_frag	L954661	0	0.6244
fix_b5000_frag	L957035	0	0.4808
fix_b5000_frag	L960491	2	0.5979
fix_b5000_frag	L962773	0	1.0000
fix_b5000_frag	L965392	4	0.6812
fix_b5000_frag	L966579	0	0.9406
fix_b5000_frag	L966704	0	0.2277
fix_b5000_frag	L96702	0	1.0000
fix_b5000_frag	L972885	0	0.7093
fix_b5000_frag	L973165	0	0.8448
fix_b5000_frag	L974460	0	0.9782
fix_b5000_frag	L975279	0	1.0000
fix_b5000_frag	L976794	1	0.2746
fix_b5000_frag	L977480	2	0.1736
fix_b5000_frag	L983396	1	0.8355
fix_b5000_frag	L986207	0	1.0000
fix_b5000_frag	L986844	1	0.2771
fix_b5000_frag	L987024	0	0.2297
fix_b5000_frag	L987386	0	0.7495
fix_b5000_frag	L989146	0	0.8597
fix_b5000_frag	L989266	0	0.9833
fix_b5000_frag	L991824	0	1.0000
fix_b5000_frag	L996093	0	1.0000
fix_b5000_frag	L997656	0	0.9529
fix_b5000_frag	L998814	0	1.0000
fix_b5000_full	L100289	0	1.0000
fix_b5000_full	L1004865	0	1.0000
fix_b5000_full	L1006665	1	0.5867
fix_b5000_full	L1010975	0	1.0000
fix_b5000_full	L1011724	0	1.0000
fix_b5000_full	L1012208	1	0.5087
fix_b5000_full	L1015696	0	1.0000
fix_b5000_full	L101727	0	1.0000
fix_b5000_full	L1023217	0	1.0000
fix_b5000_full	L1025412	0	1.0000
fix_b5000_full	L1027134	1	0.5708
fix_b5000_full	L1027481	0	1.0000
fix_b5000_full	L1028893	0	1.0000
fix_b5000_full	L1031539	0	1.0000
fix_b5000_full	L1032369	0	0.8456
fix_b5000_full	L1033675	0	1.0000
fix_b5000_full	L1034699	0	0.9992
fix_b5000_full	L1039147	0	0.9969
fix_b5000_full	L1039291	0	1.0000
fix_b5000_full	L1041837	0	0.9998
fix_b5000_full	L1044293	0	1.0000
fix_b5000_full	L1044534	0	1.0000
fix_b5000_full	L1046429	0	1.0000
fix_b5000_full	L1046729	0	1.0000
fix_b5000_full	L1049265	0	1.0000
fix_b5000_full	L1050429	0	1.0000
fix_b5000_full	L1052304	0	1.0000
fix_b5000_full	L1053257	0	1.0000
fix_b5000_full	L1056213	1	0.6382
fix_b5000_full	L1059470	0	1.0000
fix_b5000_full	L106110	0	0.9999
fix_b5000_full	L1062366	0	1.0000
fix_b5000_full	L1062432	0	1.0000
fix_b5000_full	L1062927	1	1.0000
fix_b5000_full	L1064437	0	1.0000
fix_b5000_full	L1065632	0	1.0000
fix_b5000_full	L106767	0	1.0000
fix_b5000_full	L1069926	0	1.0000
fix_b5000_full	L1070671	0	1.0000
fix_b5000_full	L1071499	0	1.0000
fix_b5000_full	L1072629	0	1.0000
fix_b5000_full	L1073158	0	1.0000
fix_b5000_full	L1076326	0	1.0000
fix_b5000_full	L1080809	0	1.0000
fix_b5000_full	L1081949	0	1.0000
fix_b5000_full	L1083215	0	1.0000
fix_b5000_full	L1084315	0	1.0000
fix_b5000_full	L1085405	0	1.0000
fix_b5000_full	L1085680	0	1.0000
fix_b5000_full	L1086867	0	0.9286
fix_b5000_full	L1088293	0	1.0000
fix_b5000_full	L1090079	0	1.0000
fix_b5000_full	L109023	0	1.0000
fix_b5000_full	L1090288	0	1.0000
fix_b5000_full	L1090501	1	0.6415
fix_b5000_full	L1091700	0	1.0000
fix_b5000_full	L1094809	0	1.0000
fix_b5000_full	L1096011	0	1.0000
fix_b5000_full	L1097545	0	1.0000
fix_b5000_full	L1100323	0	1.0000
fix_b5000_full	L1100804	0	1.0000
fix_b5000_full	L1101088	0	1.0000
fix_b5000_full	L1103740	0	1.0000
fix_b5000_full	L1104218	0	1.0000
fix_b5000_full	L1108713	1	0.9674
fix_b5000_full	L1109452	0	0.9742
fix_b5000_full	L1113663	0	1.0000
fix_b5000_full	L1115257	0	1.0000
fix_b5000_full	L1117268	1	1.0000
fix_b5000_full	L1117581	0	1.0000
fix_b5000_full	L1117809	0	1.0000
fix_b5000_full	L1118699	0	1.0000
fix_b5000_full	L112129	1	0.9996
fix_b5000_full	L1126989	0	1.0000
fix_b5000_full	L1128445	0	1.0000
fix_b5000_full	L1128464	0	1.0000
fix_b5000_full	L1133110	0	1.0000
fix_b5000_full	L1133196	0	1.0000
fix_b5000_full	L1133707	0	1.0000
fix_b5000_full	L1134196	0	1.0000
fix_b5000_full	L1135754	0	1.0000
fix_b5000_full	L1139882	0	1.0000
fix_b5000_full	L1142588	0	1.0000
fix_b5000_full	L1144170	0	0.9963
fix_b5000_full	L1145262	0	1.0000
fix_b5000_full	L1147764	0	0.9999
fix_b5000_full	L114917	1	0.7205
fix_b5000_full	L1154214	1	0.5024
fix_b5000_full	L115634	0	0.9538
fix_b5000_full	L1163405	0	0.7223
fix_b5000_full	L1165069	0	1.0000
fix_b5000_full	L1168131	0	1.0000
fix_b5000_full	L1171356	1	1.0000
fix_b5000_full	L1172663	0	1.0000
fix_b5000_full	L1173032	0	1.0000
fix_b5000_full	L1176966	0	1.0000
fix_b5000_full	L1178697	0	1.0000
fix_b5000_full	L1181966	0	1.0000
fix_b5000_full	L1184289	1	0.4342
fix_b5000_full	L1184787	0	1.0000
fix_b5000_full	L1187520	0	0.4015
fix_b5000_full	L1188064	1	0.8789
fix_b5000_full	L1188531	0	1.0000
fix_b5000_full	L119105	1	1.0000
fix_b5000_full	L1194657	0	1.0000
fix_b5000_full	L119513	0	1.0000
fix_b5000_full	L1197033	1	0.9455
fix_b5000_full	L1197756	0	1.0000
fix_b5000_full	L1198436	0	1.0000
fix_b5000_full	L1199013	0	1.0000
fix_b5000_full	L120088	1	0.9534
fix_b5000_full	L1201990	1	0.7260
fix_b5000_full	L1203129	1	0.8057
fix_b5000_full	L1204138	0	0.9991
fix_b5000_full	L1204996	0	1.0000
fix_b5000_full	L1205130	0	1.0000
fix_b5000_full	L1208208	0	1.0000
fix_b5000_full	L1210124	1	1.0000
fix_b5000_full	L1210243	0	1.0000
fix_b5000_full	L1210738	0	1.0000
fix_b5000_full	L1211006	1	0.6934
fix_b5000_full	L1211126	0	1.0000
fix_b5000_full	L1212929	0	1.0000
fix_b5000_full	L121345	0	1.0000
fix_b5000_full	L1216921	0	1.0000
fix_b5000_full	L1217888	0	1.0000
fix_b5000_full	L1217909	0	1.0000
fix_b5000_full	L1221395	0	1.0000
fix_b5000_full	L122149	0	1.0000
fix_b5000_full	L1222072	0	1.0000
fix_b5000_full	L1223120	0	1.0000
fix_b5000_full	L1226772	0	0.9049
fix_b5000_full	L12278	0	1.0000
fix_b5000_full	L1228969	0	1.0000
fix_b5000_full	L1230909	0	0.9985
fix_b5000_full	L1234354	0	1.0000
fix_b5000_full	L1235931	0	1.0000
fix_b5000_full	L1236533	0	1.0000
fix_b5000_full	L1239299	1	0.7385
fix_b5000_full	L1241887	0	1.0000
fix_b5000_full	L1243845	0	1.0000
fix_b5000_full	L124425	1	1.0000
fix_b5000_full	L1246704	0	1.0000
fix_b5000_full	L1249395	1	0.7643
fix_b5000_full	L1258357	0	1.0000
fix_b5000_full	L1258779	0	1.0000
fix_b5000_full	L1260725	0	1.0000
fix_b5000_full	L1260761	0	0.6649
fix_b5000_full	L1261058	0	1.0000
fix_b5000_full	L1262191	0	0.6820
fix_b5000_full	L1262555	1	1.0000
fix_b5000_full	L1263627	0	0.3899
fix_b5000_full	L1264592	0	1.0000
fix_b5000_full	L1266072	0	1.0000
fix_b5000_full	L1268031	0	1.0000
fix_b5000_full	L1270831	0	1.0000
fix_b5000_full	L127166	3	0.9999
fix_b5000_full	L1274721	0	1.0000
fix_b5000_full	L127737	0	0.7564
fix_b5000_full	L1277844	0	1.0000
fix_b5000_full	L1279825	0	1.0000
fix_b5000_full	L1283592	0	1.0000
fix_b5000_full	L1284907	0	1.0000
fix_b5000_full	L1285548	0	1.0000
fix_b5000_full	L1285656	0	0.9935
fix_b5000_full	L1288259	0	0.7004
fix_b5000_full	L1288267	0	1.0000
fix_b5000_full	L1288822	0	0.3368
fix_b5000_full	L1292358	0	0.9877
fix_b5000_full	L1292463	0	1.0000
fix_b5000_full	L1295598	0	1.0000
fix_b5000_full	L1298394	0	1.0000
fix_b5000_full	L1302461	1	0.5714
fix_b5000_full	L130303	0	1.0000
fix_b5000_full	L1303986	0	1.0000
fix_b5000_full	L1310424	0	1.0000
fix_b5000_full	L1311173	1	1.0000
fix_b5000_full	L1311292	1	0.5398
fix_b5000_full	L1314108	1	0.9949
fix_b5000_full	L1315018	0	1.0000
fix_b5000_full	L1315334	0	1.0000
fix_b5000_full	L1318499	0	1.0000
fix_b5000_full	L1320618	0	0.7460
fix_b5000_full	L1324414	0	1.0000
fix_b5000_full	L1325335	0	1.0000
fix_b5000_full	L1329240	0	1.0000
fix_b5000_full	L1329981	0	1.0000
fix_b5000_full	L1332662	1	0.6286
fix_b5000_full	L133319	1	0.3517
fix_b5000_full	L1333318	0	1.0000
fix_b5000_full	L1334282	0	1.0000
fix_b5000_full	L1335619	0	0.9999
fix_b5000_full	L1336525	0	1.0000
fix_b5000_full	L1337140	0	1.0000
fix_b5000_full	L1340265	0	1.0000
fix_b5000_full	L1340691	0	1.0000
fix_b5000_full	L1341879	1	1.0000
fix_b5000_full	L1342311	0	1.0000
fix_b5000_full	L1347048	0	0.9763
fix_b5000_full	L1352161	0	1.0000
fix_b5000_full	L1354558	0	1.0000
fix_b5000_full	L1354735	0	1.0000
fix_b5000_full	L1358691	0	1.0000
fix_b5000_full	L1360127	1	1.0000
fix_b5000_full	L1363513	1	1.0000
fix_b5000_full	L1363984	0	0.5993
fix_b5000_full	L1365905	0	0.8434
fix_b5000_full	L1368193	0	0.9433
fix_b5000_full	L1368338	1	0.6753
fix_b5000_full	L1369008	1	0.9715
fix_b5000_full	L1373280	0	1.0000
fix_b5000_full	L13742	1	0.5876
fix_b5000_full	L1375580	0	1.0000
fix_b5000_full	L1377097	0	1.0000
fix_b5000_full	L1377556	0	1.0000
fix_b5000_full	L1377693	0	1.0000
fix_b5000_full	L1378979	0	1.0000
fix_b5000_full	L1380013	0	1.0000
fix_b5000_full	L1386597	0	1.0000
fix_b5000_full	L1387556	0	1.0000
fix_b5000_full	L1390302	0	0.9998
fix_b5000_full	L1390641	1	0.7646
fix_b5000_full	L1392258	1	0.7354
fix_b5000_full	L1392753	0	1.0000
fix_b5000_full	L1396454	0	1.0000
fix_b5000_full	L1400580	0	1.0000
fix_b5000_full	L1400636	0	1.0000
fix_b5000_full	L1401014	0	1.0000
fix_b5000_full	L1401165	1	0.3825
fix_b5000_full	L1402303	1	0.7079
fix_b5000_full	L140764	0	1.0000
fix_b5000_full	L140781	0	1.0000
fix_b5000_full	L1418049	1	1.0000
fix_b5000_full	L1421761	0	1.0000
fix_b5000_full	L1424559	0	0.9999
fix_b5000_full	L1428063	0	0.9998
fix_b5000_full	L1428264	0	1.0000
fix_b5000_full	L1428285	1	1.0000
fix_b5000_full	L1429187	0	1.0000
fix_b5000_full	L1431175	0	1.0000
fix_b5000_full	L1437238	0	1.0000
fix_b5000_full	L1439974	0	1.0000
fix_b5000_full	L1440255	0	1.0000
fix_b5000_full	L1444255	0	1.0000
fix_b5000_full	L1451358	0	1.0000
fix_b5000_full	L1452270	0	1.0000
fix_b5000_full	L1455263	1	1.0000
fix_b5000_full	L1455658	0	0.9995
fix_b5000_full	L1458788	1	0.7283
fix_b5000_full	L1459831	0	1.0000
fix_b5000_full	L1462414	0	1.0000
fix_b5000_full	L1463862	1	0.9976
fix_b5000_full	L1464063	0	1.0000
fix_b5000_full	L1465929	0	1.0000
fix_b5000_full	L14662	0	1.0000
fix_b5000_full	L147167	1	0.9979
fix_b5000_full	L1472900	0	1.0000
fix_b5000_full	L1474244	0	1.0000
fix_b5000_full	L1477899	0	1.0000
fix_b5000_full	L1478500	0	1.0000
fix_b5000_full	L1480479	0	1.0000
fix_b5000_full	L1480710	0	1.0000
fix_b5000_full	L1481332	0	1.0000
fix_b5000_full	L1482337	0	0.9696
fix_b5000_full	L1484353	0	1.0000
fix_b5000_full	L148591	0	1.0000
fix_b5000_full	L1486539	0	1.0000
fix_b5000_full	L1488274	1	0.8774
fix_b5000_full	L1489414	0	1.0000
fix_b5000_full	L1489879	1	0.5275
fix_b5000_full	L149103	0	1.0000
fix_b5000_full	L1491304	0	1.0000
fix_b5000_full	L1494813	0	1.0000
fix_b5000_full	L1494954	0	1.0000
fix_b5000_full	L1497033	0	0.9954
fix_b5000_full	L1497246	0	0.9742
fix_b5000_full	L1499658	0	1.0000
fix_b5000_full	L1501381	1	0.6014
fix_b5000_full	L1501916	0	1.0000
fix_b5000_full	L1503626	0	0.9913
fix_b5000_full	L1503978	1	0.2644
fix_b5000_full	L1504511	0	1.0000
fix_b5000_full	L1505115	0	0.9971
fix_b5000_full	L1505874	0	1.0000
fix_b5000_full	L1510976	1	0.5004
fix_b5000_full	L1513218	0	1.0000
fix_b5000_full	L1515573	0	1.0000
fix_b5000_full	L1517373	0	1.0000
fix_b5000_full	L1519270	0	1.0000
fix_b5000_full	L1524129	0	1.0000
fix_b5000_full	L1526979	1	0.9999
fix_b5000_full	L1532824	0	1.0000
fix_b5000_full	L1538238	0	1.0000
fix_b5000_full	L1541433	0	1.0000
fix_b5000_full	L154435	1	0.5788
fix_b5000_full	L1544392	0	0.9891
fix_b5000_full	L1549234	0	0.9426
fix_b5000_full	L1549395	0	1.0000
fix_b5000_full	L1552071	0	1.0000
fix_b5000_full	L1554643	0	1.0000
fix_b5000_full	L1554665	0	1.0000
fix_b5000_full	L1554859	1	1.0000
fix_b5000_full	L1559903	0	1.0000
fix_b5000_full	L1567518	0	1.0000
fix_b5000_full	L1572835	0	1.0000
fix_b5000_full	L157772	0	1.0000
fix_b5000_full	L1580756	0	0.9995
fix_b5000_full	L1581099	1	0.5248
fix_b5000_full	L1582200	1	0.5078
fix_b5000_full	L1583028	1	0.4779
fix_b5000_full	L1583912	0	1.0000
fix_b5000_full	L1584094	0	1.0000
fix_b5000_full	L1585357	0	1.0000
fix_b5000_full	L1585994	0	0.5739
fix_b5000_full	L1586969	0	1.0000
fix_b5000_full	L1588628	0	1.0000
fix_b5000_full	L1593023	0	1.0000
fix_b5000_full	L1594227	0	1.0000
fix_b5000_full	L1594679	0	1.0000
fix_b5000_full	L1596050	0	1.0000
fix_b5000_full	L1597579	0	1.0000
fix_b5000_full	L1599085	0	1.0000
fix_b5000_full	L1599113	0	1.0000
fix_b5000_full	L1600931	0	1.0000
fix_b5000_full	L1601984	1	1.0000
fix_b5000_full	L1603557	0	0.6602
fix_b5000_full	L1604004	0	1.0000
fix_b5000_full	L1606587	0	1.0000
fix_b5000_full	L1606797	0	1.0000
fix_b5000_full	L1607075	0	1.0000
fix_b5000_full	L161033	0	1.0000
fix_b5000_full	L1610367	0	1.0000
fix_b5000_full	L1610874	0	1.0000
fix_b5000_full	L1613428	0	1.0000
fix_b5000_full	L1617572	0	1.0000
fix_b5000_full	L1618167	0	1.0000
fix_b5000_full	L1618884	0	0.5522
fix_b5000_full	L1621327	1	1.0000
fix_b5000_full	L1621345	0	1.0000
fix_b5000_full	L162378	0	1.0000
fix_b5000_full	L1628257	0	1.0000
fix_b5000_full	L1631106	1	1.0000
fix_b5000_full	L163268	0	1.0000
fix_b5000_full	L1632948	0	1.0000
fix_b5000_full	L1637063	0	1.0000
fix_b5000_full	L1639195	0	1.0000
fix_b5000_full	L1640626	0	1.0000
fix_b5000_full	L1642113	1	0.5045
fix_b5000_full	L1644306	0	1.0000
fix_b5000_full	L1645207	0	1.0000
fix_b5000_full	L1647058	0	1.0000
fix_b5000_full	L1648296	0	0.8962
fix_b5000_full	L1649255	0	1.0000
fix_b5000_full	L1653555	0	1.0000
fix_b5000_full	L1655916	1	0.5019
fix_b5000_full	L1660415	0	1.0000
fix_b5000_full	L1661451	1	0.3787
fix_b5000_full	L1661745	0	1.0000
fix_b5000_full	L166457	0	1.0000
fix_b5000_full	L1665975	0	1.0000
fix_b5000_full	L166638	0	1.0000
fix_b5000_full	L1670095	0	1.0000
fix_b5000_full	L1673626	1	0.9185
fix_b5000_full	L1676619	0	1.0000
fix_b5000_full	L1679593	0	1.0000
fix_b5000_full	L168009	0	1.0000
fix_b5000_full	L1680312	1	0.9916
fix_b5000_full	L1683860	0	0.9579
fix_b5000_full	L168501	0	1.0000
fix_b5000_full	L1686036	1	1.0000
fix_b5000_full	L1688821	0	0.9999
fix_b5000_full	L1690091	0	1.0000
fix_b5000_full	L1691992	0	1.0000
fix_b5000_full	L1696960	0	1.0000
fix_b5000_full	L1699862	1	0.9389
fix_b5000_full	L1703051	0	1.0000
fix_b5000_full	L1705727	0	1.0000
fix_b5000_full	L1706743	0	1.0000
fix_b5000_full	L1707670	0	0.9996
fix_b5000_full	L1709271	0	1.0000
fix_b5000_full	L1711120	1	0.9862
fix_b5000_full	L1712110	0	1.0000
fix_b5000_full	L1713612	0	0.7377
fix_b5000_full	L1715186	0	1.0000
fix_b5000_full	L1717039	0	1.0000
fix_b5000_full	L1717487	1	0.5013
fix_b5000_full	L1717679	1	0.5582
fix_b5000_full	L171872	0	1.0000
fix_b5000_full	L1720671	0	1.0000
fix_b5000_full	L1724030	0	1.0000
fix_b5000_full	L1724603	1	0.6866
fix_b5000_full	L1725907	0	0.5179
fix_b5000_full	L1726884	0	1.0000
fix_b5000_full	L1730039	0	0.9202
fix_b5000_full	L1731278	0	1.0000
fix_b5000_full	L1731637	0	0.9996
fix_b5000_full	L1731806	0	1.0000
fix_b5000_full	L1731825	0	1.0000
fix_b5000_full	L1733434	0	0.8897
fix_b5000_full	L1735605	0	1.0000
fix_b5000_full	L1738043	0	1.0000
fix_b5000_full	L173888	0	1.0000
fix_b5000_full	L1741025	0	1.0000
fix_b5000_full	L1741283	1	0.9707
fix_b5000_full	L1743121	0	1.0000
fix_b5000_full	L1743160	0	1.0000
fix_b5000_full	L1745840	1	1.0000
fix_b5000_full	L1747985	0	1.0000
fix_b5000_full	L1748111	0	1.0000
fix_b5000_full	L1748189	0	1.0000
fix_b5000_full	L1748363	0	1.0000
fix_b5000_full	L175173	0	1.0000
fix_b5000_full	L1755181	0	1.0000
fix_b5000_full	L1755241	0	1.0000
fix_b5000_full	L1756620	0	1.0000
fix_b5000_full	L1757163	0	1.0000
fix_b5000_full	L1758219	0	1.0000
fix_b5000_full	L1758321	0	1.0000
fix_b5000_full	L1759705	1	0.5338
fix_b5000_full	L1759939	0	1.0000
fix_b5000_full	L1760678	0	1.0000
fix_b5000_full	L1763126	1	0.8317
fix_b5000_full	L1763366	1	1.0000
fix_b5000_full	L1765485	1	0.3634
fix_b5000_full	L176768	0	1.0000
fix_b5000_full	L176849	0	0.9995
fix_b5000_full	L1776351	1	0.6685
fix_b5000_full	L1778817	0	1.0000
fix_b5000_full	L1780398	0	1.0000
fix_b5000_full	L1780819	1	1.0000
fix_b5000_full	L1781469	0	1.0000
fix_b5000_full	L178235	0	1.0000
fix_b5000_full	L1783781	0	1.0000
fix_b5000_full	L1784891	0	1.0000
fix_b5000_full	L1785029	1	0.9927
fix_b5000_full	L1787087	0	1.0000
fix_b5000_full	L1788394	1	0.6970
fix_b5000_full	L1789260	0	1.0000
fix_b5000_full	L1790726	0	1.0000
fix_b5000_full	L1792213	0	1.0000
fix_b5000_full	L1793164	0	1.0000
fix_b5000_full	L1794818	0	1.0000
fix_b5000_full	L1801229	0	1.0000
fix_b5000_full	L1801776	0	0.9988
fix_b5000_full	L1802441	0	1.0000
fix_b5000_full	L180370	0	1.0000
fix_b5000_full	L1806674	0	0.9724
fix_b5000_full	L1808057	1	1.0000
fix_b5000_full	L1809763	0	1.0000
fix_b5000_full	L1812832	0	1.0000
fix_b5000_full	L1813363	0	1.0000
fix_b5000_full	L1814194	0	1.0000
fix_b5000_full	L1814234	0	1.0000
fix_b5000_full	L1818724	0	1.0000
fix_b5000_full	L1819800	1	0.6289
fix_b5000_full	L1823583	1	0.5013
fix_b5000_full	L1825133	0	1.0000
fix_b5000_full	L1825229	0	1.0000
fix_b5000_full	L1832290	0	1.0000
fix_b5000_full	L1832446	0	1.0000
fix_b5000_full	L1833126	1	0.7604
fix_b5000_full	L1833750	0	1.0000
fix_b5000_full	L1835210	0	1.0000
fix_b5000_full	L1842784	0	1.0000
fix_b5000_full	L185114	0	1.0000
fix_b5000_full	L1852801	0	1.0000
fix_b5000_full	L1853941	0	1.0000
fix_b5000_full	L1854338	0	1.0000
fix_b5000_full	L1855067	0	1.0000
fix_b5000_full	L1855202	0	1.0000
fix_b5000_full	L1861694	0	1.0000
fix_b5000_full	L1863372	0	1.0000
fix_b5000_full	L1864158	0	1.0000
fix_b5000_full	L1866755	0	1.0000
fix_b5000_full	L1866797	0	1.0000
fix_b5000_full	L1867100	0	1.0000
fix_b5000_full	L1868072	0	1.0000
fix_b5000_full	L1868786	0	1.0000
fix_b5000_full	L1870755	0	0.9014
fix_b5000_full	L1873641	0	1.0000
fix_b5000_full	L1875088	0	1.0000
fix_b5000_full	L18753	0	1.0000
fix_b5000_full	L1876216	0	1.0000
fix_b5000_full	L1877597	0	0.9594
fix_b5000_full	L1879699	0	1.0000
fix_b5000_full	L188182	0	1.0000
fix_b5000_full	L1884979	0	1.0000
fix_b5000_full	L1887497	0	1.0000
fix_b5000_full	L1889689	0	1.0000
fix_b5000_full	L189044	0	1.0000
fix_b5000_full	L1890907	1	1.0000
fix_b5000_full	L1892153	0	0.9990
fix_b5000_full	L1892928	0	1.0000
fix_b5000_full	L1895412	0	1.0000
fix_b5000_full	L1896118	0	1.0000
fix_b5000_full	L1896496	0	1.0000
fix_b5000_full	L1898387	0	0.9999
fix_b5000_full	L1899178	0	0.3622
fix_b5000_full	L1900972	0	1.0000
fix_b5000_full	L1901522	0	1.0000
fix_b5000_full	L1905187	1	0.9760
fix_b5000_full	L1909864	0	1.0000
fix_b5000_full	L1910829	0	1.0000
fix_b5000_full	L1913433	0	0.9961
fix_b5000_full	L1913798	0	1.0000
fix_b5000_full	L1914992	0	1.0000
fix_b5000_full	L1915202	0	1.0000
fix_b5000_full	L1918380	0	1.0000
fix_b5000_full	L1919010	0	1.0000
fix_b5000_full	L1920162	0	0.8871
fix_b5000_full	L1920404	1	0.5821
fix_b5000_full	L192109	0	1.0000
fix_b5000_full	L1922907	0	0.9999
fix_b5000_full	L1927325	0	1.0000
fix_b5000_full	L1928915	0	1.0000
fix_b5000_full	L1929090	1	1.0000
fix_b5000_full	L1929913	0	1.0000
fix_b5000_full	L1930346	0	1.0000
fix_b5000_full	L1930461	1	1.0000
fix_b5000_full	L1931337	0	1.0000
fix_b5000_full	L1935951	0	1.0000
fix_b5000_full	L1938073	0	1.0000
fix_b5000_full	L1938493	0	1.0000
fix_b5000_full	L1938969	0	1.0000
fix_b5000_full	L1939654	0	1.0000
fix_b5000_full	L19410	1	0.5366
fix_b5000_full	L1941050	0	1.0000
fix_b5000_full	L1942954	1	0.7284
fix_b5000_full	L194883	0	1.0000
fix_b5000_full	L195067	0	1.0000
fix_b5000_full	L1954724	1	0.7495
fix_b5000_full	L1954877	0	1.0000
fix_b5000_full	L1955320	0	1.0000
fix_b5000_full	L1955689	0	1.0000
fix_b5000_full	L1956555	0	1.0000
fix_b5000_full	L1960852	0	1.0000
fix_b5000_full	L1961648	0	1.0000
fix_b5000_full	L1961909	0	1.0000
fix_b5000_full	L1963487	0	1.0000
fix_b5000_full	L1967977	0	1.0000
fix_b5000_full	L1968825	0	1.0000
fix_b5000_full	L1969782	0	1.0000
fix_b5000_full	L1973357	0	1.0000
fix_b5000_full	L1976963	1	0.8414
fix_b5000_full	L1978016	0	0.8964
fix_b5000_full	L1981874	0	1.0000
fix_b5000_full	L1982297	0	1.0000
fix_b5000_full	L1986935	0	1.0000
fix_b5000_full	L1988468	0	1.0000
fix_b5000_full	L1993702	0	1.0000
fix_b5000_full	L1994929	0	1.0000
fix_b5000_full	L1995502	0	1.0000
fix_b5000_full	L199621	0	1.0000
fix_b5000_full	L199741	0	1.0000
fix_b5000_full	L200062	0	1.0000
fix_b5000_full	L200339	0	1.0000
fix_b5000_full	L201693	1	0.9554
fix_b5000_full	L204755	0	1.0000
fix_b5000_full	L207526	1	1.0000
fix_b5000_full	L209164	0	1.0000
fix_b5000_full	L211149	0	1.0000
fix_b5000_full	L213058	0	1.0000
fix_b5000_full	L21416	0	1.0000
fix_b5000_full	L215127	0	1.0000
fix_b5000_full	L217152	0	1.0000
fix_b5000_full	L220237	0	1.0000
fix_b5000_full	L224269	0	1.0000
fix_b5000_full	L224492	0	1.0000
fix_b5000_full	L225627	0	1.0000
fix_b5000_full	L230051	0	1.0000
fix_b5000_full	L23270	0	0.9325
fix_b5000_full	L234353	1	1.0000
fix_b5000_full	L234368	1	1.0000
fix_b5000_full	L238830	0	1.0000
fix_b5000_full	L239409	1	0.9397
fix_b5000_full	L241654	2	0.6253
fix_b5000_full	L241655	2	0.6066
fix_b5000_full	L245384	0	1.0000
fix_b5000_full	L245820	0	0.9995
fix_b5000_full	L246104	0	1.0000
fix_b5000_full	L251332	2	0.5681
fix_b5000_full	L251678	1	1.0000
fix_b5000_full	L255307	0	1.0000
fix_b5000_full	L257527	0	1.0000
fix_b5000_full	L258589	0	1.0000
fix_b5000_full	L266408	0	1.0000
fix_b5000_full	L268084	1	0.6498
fix_b5000_full	L268984	0	1.0000
fix_b5000_full	L27508	1	1.0000
fix_b5000_full	L275193	0	1.0000
fix_b5000_full	L278395	0	1.0000
fix_b5000_full	L278593	0	0.9644
fix_b5000_full	L27964	0	1.0000
fix_b5000_full	L284367	1	1.0000
fix_b5000_full	L28444	1	0.4800
fix_b5000_full	L284476	0	1.0000
fix_b5000_full	L28553	1	0.4826
fix_b5000_full	L29036	0	1.0000
fix_b5000_full	L296959	0	1.0000
fix_b5000_full	L299623	0	1.0000
fix_b5000_full	L3055	1	1.0000
fix_b5000_full	L307255	0	1.0000
fix_b5000_full	L308212	1	0.9866
fix_b5000_full	L308969	0	1.0000
fix_b5000_full	L309051	0	1.0000
fix_b5000_full	L309322	0	1.0000
fix_b5000_full	L311702	0	1.0000
fix_b5000_full	L312583	1	1.0000
fix_b5000_full	L313358	1	0.9797
fix_b5000_full	L313697	2	0.7779
fix_b5000_full	L315634	1	0.4048
fix_b5000_full	L315700	1	0.6392
fix_b5000_full	L31685	0	1.0000
fix_b5000_full	L317033	0	1.0000
fix_b5000_full	L31899	1	0.8310
fix_b5000_full	L323351	0	1.0000
fix_b5000_full	L32395	0	1.0000
fix_b5000_full	L326685	0	1.0000
fix_b5000_full	L326694	0	1.0000
fix_b5000_full	L327568	0	1.0000
fix_b5000_full	L32832	1	1.0000
fix_b5000_full	L329474	0	1.0000
fix_b5000_full	L334900	0	1.0000
fix_b5000_full	L33647	0	1.0000
fix_b5000_full	L34212	0	0.8405
fix_b5000_full	L342129	0	1.0000
fix_b5000_full	L342665	0	1.0000
fix_b5000_full	L342801	0	1.0000
fix_b5000_full	L342978	0	1.0000
fix_b5000_full	L343956	0	0.5530
fix_b5000_full	L346141	0	1.0000
fix_b5000_full	L34800	0	1.0000
fix_b5000_full	L348481	1	1.0000
fix_b5000_full	L353810	0	1.0000
fix_b5000_full	L356341	0	1.0000
fix_b5000_full	L356443	0	0.9856
fix_b5000_full	L356686	1	1.0000
fix_b5000_full	L360886	0	0.7549
fix_b5000_full	L361342	0	1.0000
fix_b5000_full	L362904	1	1.0000
fix_b5000_full	L367241	0	1.0000
fix_b5000_full	L367843	0	0.5227
fix_b5000_full	L368076	0	1.0000
fix_b5000_full	L370099	0	1.0000
fix_b5000_full	L372147	0	1.0000
fix_b5000_full	L37428	0	1.0000
fix_b5000_full	L37487	0	1.0000
fix_b5000_full	L37506	0	1.0000
fix_b5000_full	L377747	0	1.0000
fix_b5000_full	L378292	1	1.0000
fix_b5000_full	L379881	0	1.0000
fix_b5000_full	L38020	1	0.6134
fix_b5000_full	L382144	0	1.0000
fix_b5000_full	L382805	0	0.9908
fix_b5000_full	L38293	0	1.0000
fix_b5000_full	L385542	1	1.0000
fix_b5000_full	L386709	0	0.9993
fix_b5000_full	L387070	0	1.0000
fix_b5000_full	L389418	0	1.0000
fix_b5000_full	L39295	0	1.0000
fix_b5000_full	L394806	0	1.0000
fix_b5000_full	L395376	0	0.9574
fix_b5000_full	L398208	0	0.5221
fix_b5000_full	L400063	0	1.0000
fix_b5000_full	L401172	0	1.0000
fix_b5000_full	L404610	0	1.0000
fix_b5000_full	L40463	0	1.0000
fix_b5000_full	L40743	0	1.0000
fix_b5000_full	L408206	0	1.0000
fix_b5000_full	L409731	0	1.0000
fix_b5000_full	L410067	0	0.9897
fix_b5000_full	L412722	0	0.9995
fix_b5000_full	L412963	1	0.9989
fix_b5000_full	L417292	0	1.0000
fix_b5000_full	L418430	0	1.0000
fix_b5000_full	L421624	1	0.3722
fix_b5000_full	L428880	0	1.0000
fix_b5000_full	L432029	0	1.0000
fix_b5000_full	L432071	0	1.0000
fix_b5000_full	L434883	0	1.0000
fix_b5000_full	L436548	0	1.0000
fix_b5000_full	L440015	1	1.0000
fix_b5000_full	L441824	0	1.0000
fix_b5000_full	L443589	0	1.0000
fix_b5000_full	L443976	1	1.0000
fix_b5000_full	L445230	0	1.0000
fix_b5000_full	L446017	0	1.0000
fix_b5000_full	L446776	0	0.7576
fix_b5000_full	L44774	0	1.0000
fix_b5000_full	L447866	0	1.0000
fix_b5000_full	L451459	0	1.0000
fix_b5000_full	L452100	0	1.0000
fix_b5000_full	L453027	1	0.6171
fix_b5000_full	L455667	0	1.0000
fix_b5000_full	L458918	1	0.9298
fix_b5000_full	L460660	0	1.0000
fix_b5000_full	L460944	0	1.0000
fix_b5000_full	L461664	0	1.0000
fix_b5000_full	L463867	0	0.5566
fix_b5000_full	L464238	1	0.7542
fix_b5000_full	L464909	1	0.8474
fix_b5000_full	L465321	0	1.0000
fix_b5000_full	L465380	0	1.0000
fix_b5000_full	L472494	0	1.0000
fix_b5000_full	L478647	2	0.4387
fix_b5000_full	L481639	1	0.4986
fix_b5000_full	L482576	0	0.9617
fix_b5000_full	L48305	1	0.5019
fix_b5000_full	L484367	0	1.0000
fix_b5000_full	L48470	1	0.5100
fix_b5000_full	L486859	1	1.0000
fix_b5000_full	L49167	1	0.4949
fix_b5000_full	L497252	0	1.0000
fix_b5000_full	L497478	0	1.0000
fix_b5000_full	L500974	4	1.0000
fix_b5000_full	L502206	0	0.9998
fix_b5000_full	L505867	0	1.0000
fix_b5000_full	L507299	2	0.9301
fix_b5000_full	L508411	1	1.0000
fix_b5000_full	L510079	0	1.0000
fix_b5000_full	L510795	0	1.0000
fix_b5000_full	L512309	0	1.0000
fix_b5000_full	L515174	0	1.0000
fix_b5000_full	L515848	0	0.8260
fix_b5000_full	L519283	0	1.0000
fix_b5000_full	L521776	0	1.0000
fix_b5000_full	L522160	0	1.0000
fix_b5000_full	L522318	0	1.0000
fix_b5000_full	L523327	0	1.0000
fix_b5000_full	L523370	0	1.0000
fix_b5000_full	L526262	0	1.0000
fix_b5000_full	L526516	1	0.7035
fix_b5000_full	L528212	0	1.0000
fix_b5000_full	L528692	0	1.0000
fix_b5000_full	L530014	0	1.0000
fix_b5000_full	L532143	0	1.0000
fix_b5000_full	L533793	0	1.0000
fix_b5000_full	L536321	0	1.0000
fix_b5000_full	L538070	0	1.0000
fix_b5000_full	L541636	0	1.0000
fix_b5000_full	L548193	0	1.0000
fix_b5000_full	L549658	0	1.0000
fix_b5000_full	L552457	0	1.0000
fix_b5000_full	L553070	0	1.0000
fix_b5000_full	L553796	0	1.0000
fix_b5000_full	L557356	0	1.0000
fix_b5000_full	L560445	0	0.7322
fix_b5000_full	L562316	0	1.0000
fix_b5000_full	L564346	0	1.0000
fix_b5000_full	L564945	0	1.0000
fix_b5000_full	L570022	1	1.0000
fix_b5000_full	L570410	1	0.5945
fix_b5000_full	L578894	1	1.0000
fix_b5000_full	L580515	0	1.0000
fix_b5000_full	L582232	0	1.0000
fix_b5000_full	L58230	0	1.0000
fix_b5000_full	L582596	0	0.9968
fix_b5000_full	L583540	1	0.6814
fix_b5000_full	L591002	0	1.0000
fix_b5000_full	L594898	0	0.9997
fix_b5000_full	L603993	0	1.0000
fix_b5000_full	L608579	0	0.7572
fix_b5000_full	L611247	0	1.0000
fix_b5000_full	L612525	0	0.9653
fix_b5000_full	L613607	1	1.0000
fix_b5000_full	L616384	0	0.8104
fix_b5000_full	L616608	0	1.0000
fix_b5000_full	L618876	0	1.0000
fix_b5000_full	L62362	1	1.0000
fix_b5000_full	L626867	0	1.0000
fix_b5000_full	L627892	0	1.0000
fix_b5000_full	L629447	0	1.0000
fix_b5000_full	L630054	0	1.0000
fix_b5000_full	L632248	0	1.0000
fix_b5000_full	L633134	1	0.5636
fix_b5000_full	L636292	0	1.0000
fix_b5000_full	L636628	0	1.0000
fix_b5000_full	L638515	0	1.0000
fix_b5000_full	L640623	0	0.8127
fix_b5000_full	L643973	0	0.9794
fix_b5000_full	L647704	0	1.0000
fix_b5000_full	L647846	2	0.5584
fix_b5000_full	L647960	0	0.9706
fix_b5000_full	L649179	0	1.0000
fix_b5000_full	L650666	0	1.0000
fix_b5000_full	L651714	0	0.9982
fix_b5000_full	L653750	0	1.0000
fix_b5000_full	L655372	0	1.0000
fix_b5000_full	L655384	0	1.0000
fix_b5000_full	L65596	0	1.0000
fix_b5000_full	L656694	0	1.0000
fix_b5000_full	L658042	0	1.0000
fix_b5000_full	L658497	0	1.0000
fix_b5000_full	L669210	0	1.0000
fix_b5000_full	L670330	0	1.0000
fix_b5000_full	L670613	0	1.0000
fix_b5000_full	L673602	1	1.0000
fix_b5000_full	L674223	1	0.7116
fix_b5000_full	L675700	0	1.0000
fix_b5000_full	L675990	0	0.5358
fix_b5000_full	L676345	0	1.0000
fix_b5000_full	L677042	0	1.0000
fix_b5000_full	L678590	1	0.8426
fix_b5000_full	L681297	0	1.0000
fix_b5000_full	L681978	0	1.0000
fix_b5000_full	L686347	0	1.0000
fix_b5000_full	L68830	1	1.0000
fix_b5000_full	L689497	0	1.0000
fix_b5000_full	L692518	0	1.0000
fix_b5000_full	L693078	1	1.0000
fix_b5000_full	L695087	0	1.0000
fix_b5000_full	L696140	1	1.0000
fix_b5000_full	L696284	1	1.0000
fix_b5000_full	L698369	0	1.0000
fix_b5000_full	L699934	0	1.0000
fix_b5000_full	L700319	0	1.0000
fix_b5000_full	L700376	0	1.0000
fix_b5000_full	L702155	0	1.0000
fix_b5000_full	L702232	0	1.0000
fix_b5000_full	L702417	0	1.0000
fix_b5000_full	L702602	0	1.0000
fix_b5000_full	L703962	0	0.9224
fix_b5000_full	L705651	0	1.0000
fix_b5000_full	L70618	0	1.0000
fix_b5000_full	L706311	0	1.0000
fix_b5000_full	L708354	1	1.0000
fix_b5000_full	L709354	0	1.0000
fix_b5000_full	L711289	0	1.0000
fix_b5000_full	L711549	1	1.0000
fix_b5000_full	L712265	0	1.0000
fix_b5000_full	L71335	0	0.9999
fix_b5000_full	L715388	0	1.0000
fix_b5000_full	L718862	0	1.0000
fix_b5000_full	L720458	0	1.0000
fix_b5000_full	L725718	0	1.0000
fix_b5000_full	L731065	0	1.0000
fix_b5000_full	L731308	1	0.9232
fix_b5000_full	L733646	0	1.0000
fix_b5000_full	L734133	0	1.0000
fix_b5000_full	L737457	0	1.0000
fix_b5000_full	L740821	0	1.0000
fix_b5000_full	L743068	0	1.0000
fix_b5000_full	L74316	0	1.0000
fix_b5000_full	L743890	1	0.4248
fix_b5000_full	L744275	0	1.0000
fix_b5000_full	L745574	0	0.5767
fix_b5000_full	L74731	0	1.0000
fix_b5000_full	L750954	0	0.9086
fix_b5000_full	L751703	0	1.0000
fix_b5000_full	L751958	0	1.0000
fix_b5000_full	L752278	0	1.0000
fix_b5000_full	L754591	0	1.0000
fix_b5000_full	L755244	0	1.0000
fix_b5000_full	L756992	0	1.0000
fix_b5000_full	L75760	1	1.0000
fix_b5000_full	L75765	0	0.9570
fix_b5000_full	L757775	0	1.0000
fix_b5000_full	L758305	0	1.0000
fix_b5000_full	L765760	0	1.0000
fix_b5000_full	L76713	0	1.0000
fix_b5000_full	L76922	0	1.0000
fix_b5000_full	L769388	0	1.0000
fix_b5000_full	L770244	0	1.0000
fix_b5000_full	L773323	0	1.0000
fix_b5000_full	L774762	0	1.0000
fix_b5000_full	L775829	0	0.9999
fix_b5000_full	L775913	0	1.0000
fix_b5000_full	L779987	0	1.0000
fix_b5000_full	L783260	0	1.0000
fix_b5000_full	L785799	1	1.0000
fix_b5000_full	L789159	1	1.0000
fix_b5000_full	L790398	0	1.0000
fix_b5000_full	L790433	0	1.0000
fix_b5000_full	L791637	0	1.0000
fix_b5000_full	L792255	0	1.0000
fix_b5000_full	L794487	0	1.0000
fix_b5000_full	L794834	0	1.0000
fix_b5000_full	L797144	1	0.6935
fix_b5000_full	L800738	0	1.0000
fix_b5000_full	L800847	1	1.0000
fix_b5000_full	L801514	0	1.0000
fix_b5000_full	L803685	1	0.9281
fix_b5000_full	L804478	1	0.6424
fix_b5000_full	L805558	0	1.0000
fix_b5000_full	L808991	0	1.0000
fix_b5000_full	L809814	0	0.9071
fix_b5000_full	L810684	0	1.0000
fix_b5000_full	L812222	0	1.0000
fix_b5000_full	L812290	0	1.0000
fix_b5000_full	L812450	0	1.0000
fix_b5000_full	L812783	0	1.0000
fix_b5000_full	L815933	0	1.0000
fix_b5000_full	L816930	0	1.0000
fix_b5000_full	L817748	0	0.9858
fix_b5000_full	L818516	0	1.0000
fix_b5000_full	L819561	1	0.8363
fix_b5000_full	L820879	1	0.9981
fix_b5000_full	L822130	0	1.0000
fix_b5000_full	L825457	0	0.9997
fix_b5000_full	L825873	0	1.0000
fix_b5000_full	L828109	0	1.0000
fix_b5000_full	L828870	0	1.0000
fix_b5000_full	L829044	0	1.0000
fix_b5000_full	L832242	0	1.0000
fix_b5000_full	L8343	0	1.0000
fix_b5000_full	L834344	0	1.0000
fix_b5000_full	L839806	0	1.0000
fix_b5000_full	L844851	0	0.9194
fix_b5000_full	L845595	1	0.9855
fix_b5000_full	L846580	2	0.6842
fix_b5000_full	L847676	0	1.0000
fix_b5000_full	L849015	0	1.0000
fix_b5000_full	L851950	0	1.0000
fix_b5000_full	L854818	0	1.0000
fix_b5000_full	L85825	1	0.7588
fix_b5000_full	L85840	1	1.0000
fix_b5000_full	L859958	0	1.0000
fix_b5000_full	L860612	0	1.0000
fix_b5000_full	L861318	0	1.0000
fix_b5000_full	L866049	0	1.0000
fix_b5000_full	L867466	0	1.0000
fix_b5000_full	L869627	1	1.0000
fix_b5000_full	L871416	0	1.0000
fix_b5000_full	L872091	0	1.0000
fix_b5000_full	L873200	1	0.8373
fix_b5000_full	L876650	0	1.0000
fix_b5000_full	L884104	0	1.0000
fix_b5000_full	L884785	0	1.0000
fix_b5000_full	L885277	0	1.0000
fix_b5000_full	L8861	0	1.0000
fix_b5000_full	L887140	0	0.9494
fix_b5000_full	L887277	0	1.0000
fix_b5000_full	L887364	0	1.0000
fix_b5000_full	L88795	0	1.0000
fix_b5000_full	L889560	0	1.0000
fix_b5000_full	L889604	0	1.0000
fix_b5000_full	L889976	1	1.0000
fix_b5000_full	L892910	0	0.9979
fix_b5000_full	L894743	0	1.0000
fix_b5000_full	L895481	0	0.9933
fix_b5000_full	L89624	0	1.0000
fix_b5000_full	L898110	0	1.0000
fix_b5000_full	L899934	0	1.0000
fix_b5000_full	L901557	0	1.0000
fix_b5000_full	L903060	0	1.0000
fix_b5000_full	L909174	0	0.9994
fix_b5000_full	L910438	0	1.0000
fix_b5000_full	L911123	1	0.7156
fix_b5000_full	L913104	1	0.5430
fix_b5000_full	L913132	1	0.8493
fix_b5000_full	L913296	1	0.9006
fix_b5000_full	L913615	0	1.0000
fix_b5000_full	L914330	0	1.0000
fix_b5000_full	L915554	0	1.0000
fix_b5000_full	L915671	0	1.0000
fix_b5000_full	L915744	0	1.0000
fix_b5000_full	L916223	0	1.0000
fix_b5000_full	L920408	0	0.7891
fix_b5000_full	L920940	0	0.9882
fix_b5000_full	L9266	0	1.0000
fix_b5000_full	L927953	1	0.8349
fix_b5000_full	L928327	0	0.9603
fix_b5000_full	L931161	1	0.9999
fix_b5000_full	L934785	1	0.5059
fix_b5000_full	L93700	0	0.9970
fix_b5000_full	L937336	1	0.7711
fix_b5000_full	L93870	1	1.0000
fix_b5000_full	L94108	0	1.0000
fix_b5000_full	L94384	2	0.5211
fix_b5000_full	L944991	0	1.0000
fix_b5000_full	L945211	0	0.9990
fix_b5000_full	L946926	0	1.0000
fix_b5000_full	L947812	0	1.0000
fix_b5000_full	L952666	0	1.0000
fix_b5000_full	L95463	0	1.0000
fix_b5000_full	L954661	0	1.0000
fix_b5000_full	L957035	0	1.0000
fix_b5000_full	L960491	1	0.7465
fix_b5000_full	L962773	0	1.0000
fix_b5000_full	L965392	0	1.0000
fix_b5000_full	L966579	0	1.0000
fix_b5000_full	L966704	1	1.0000
fix_b5000_full	L96702	0	1.0000
fix_b5000_full	L972885	0	1.0000
fix_b5000_full	L973165	0	1.0000
fix_b5000_full	L974460	0	1.0000
fix_b5000_full	L975279	0	1.0000
fix_b5000_full	L976794	1	0.5008
fix_b5000_full	L977480	0	1.0000
fix_b5000_full	L983396	1	1.0000
fix_b5000_full	L986207	0	1.0000
fix_b5000_full	L986844	0	0.9999
fix_b5000_full	L987024	0	1.0000
fix_b5000_full	L987386	0	1.0000
fix_b5000_full	L989146	0	1.0000
fix_b5000_full	L989266	0	0.9860
fix_b5000_full	L991824	0	1.0000
fix_b5000_full	L996093	0	1.0000
fix_b5000_full	L997656	0	1.0000
fix_b5000_full	L998814	0	1.0000
stock_b2000_frag	L100289	0	0.6137
stock_b2000_frag	L1004865	0	0.7695
stock_b2000_frag	L1006665	1	0.1605
stock_b2000_frag	L1010975	0	0.6443
stock_b2000_frag	L1011724	0	0.9983
stock_b2000_frag	L1012208	1	0.2207
stock_b2000_frag	L1015696	0	0.3335
stock_b2000_frag	L101727	0	0.9915
stock_b2000_frag	L1023217	0	0.9996
stock_b2000_frag	L1025412	0	0.4403
stock_b2000_frag	L1027134	2	0.1480
stock_b2000_frag	L1027481	1	0.3434
stock_b2000_frag	L1028893	0	0.7444
stock_b2000_frag	L1031539	0	1.0000
stock_b2000_frag	L1032369	1	0.2598
stock_b2000_frag	L1033675	1	0.2577
stock_b2000_frag	L1034699	1	0.3262
stock_b2000_frag	L1039147	1	0.5207
stock_b2000_frag	L1039291	0	0.9996
stock_b2000_frag	L1041837	0	0.3770
stock_b2000_frag	L1044293	0	0.9950
stock_b2000_frag	L1044534	0	0.3409
stock_b2000_frag	L1046429	0	1.0000
stock_b2000_frag	L1046729	0	0.9921
stock_b2000_frag	L1049265	0	1.0000
stock_b2000_frag	L1050429	0	0.4176
stock_b2000_frag	L1052304	3	0.4411
stock_b2000_frag	L1053257	0	1.0000
stock_b2000_frag	L1056213	0	0.8582
stock_b2000_frag	L1059470	1	0.6648
stock_b2000_frag	L106110	1	0.2728
stock_b2000_frag	L1062366	0	0.9998
stock_b2000_frag	L1062432	0	0.9309
stock_b2000_frag	L1062927	1	0.4328
stock_b2000_frag	L1064437	0	0.3089
stock_b2000_frag	L1065632	0	0.8723
stock_b2000_frag	L106767	0	0.6551
stock_b2000_frag	L1069926	0	0.9958
stock_b2000_frag	L1070671	1	0.4339
stock_b2000_frag	L1071499	0	0.9850
stock_b2000_frag	L1072629	0	0.9044
stock_b2000_frag	L1073158	0	0.9806
stock_b2000_frag	L1076326	0	1.0000
stock_b2000_frag	L1080809	0	1.0000
stock_b2000_frag	L1081949	0	1.0000
stock_b2000_frag	L1083215	0	1.0000
stock_b2000_frag	L1084315	0	0.1812
stock_b2000_frag	L1085405	0	1.0000
stock_b2000_frag	L1085680	0	0.9990
stock_b2000_frag	L1086867	1	0.2790
stock_b2000_frag	L1088293	0	0.3740
stock_b2000_frag	L1090079	0	0.5473
stock_b2000_frag	L109023	0	0.9837
stock_b2000_frag	L1090288	10	0.3502
stock_b2000_frag	L1090501	1	0.4897
stock_b2000_frag	L1091700	0	0.5165
stock_b2000_frag	L1094809	0	0.7709
stock_b2000_frag	L1096011	0	1.0000
stock_b2000_frag	L1097545	1	0.7426
stock_b2000_frag	L1100323	0	0.4144
stock_b2000_frag	L1100804	0	1.0000
stock_b2000_frag	L1101088	0	0.3295
stock_b2000_frag	L1103740	0	0.4674
stock_b2000_frag	L1104218	0	1.0000
stock_b2000_frag	L1108713	1	0.2890
stock_b2000_frag	L1109452	2	0.3837
stock_b2000_frag	L1113663	0	0.9999
stock_b2000_frag	L1115257	0	0.8996
stock_b2000_frag	L1117268	0	0.4588
stock_b2000_frag	L1117581	0	0.9360
stock_b2000_frag	L1117809	1	0.3337
stock_b2000_frag	L1118699	1	0.7932
stock_b2000_frag	L112129	7	0.2889
stock_b2000_frag	L1126989	0	0.9993
stock_b2000_frag	L1128445	0	0.9995
stock_b2000_frag	L1128464	0	0.9325
stock_b2000_frag	L1133110	0	0.1994
stock_b2000_frag	L1133196	0	0.8588
stock_b2000_frag	L1133707	0	0.7929
stock_b2000_frag	L1134196	1	0.2572
stock_b2000_frag	L1135754	0	1.0000
stock_b2000_frag	L1139882	0	0.6226
stock_b2000_frag	L1142588	0	0.3305
stock_b2000_frag	L1144170	1	0.3033
stock_b2000_frag	L1145262	0	1.0000
stock_b2000_frag	L1147764	2	0.4045
stock_b2000_frag	L114917	0	0.4488
stock_b2000_frag	L1154214	0	0.2318
stock_b2000_frag	L115634	1	0.3759
stock_b2000_frag	L1163405	1	0.2090
stock_b2000_frag	L1165069	0	0.9814
stock_b2000_frag	L1168131	0	0.8770
stock_b2000_frag	L1171356	0	0.9152
stock_b2000_frag	L1172663	0	0.9953
stock_b2000_frag	L1173032	0	0.6434
stock_b2000_frag	L1176966	0	1.0000
stock_b2000_frag	L1178697	0	1.0000
stock_b2000_frag	L1181966	0	0.9676
stock_b2000_frag	L1184289	1	0.1121
stock_b2000_frag	L1184787	0	1.0000
stock_b2000_frag	L1187520	3	0.3111
stock_b2000_frag	L1188064	0	0.6250
stock_b2000_frag	L1188531	1	0.4833
stock_b2000_frag	L119105	1	0.4444
stock_b2000_frag	L1194657	0	0.3839
stock_b2000_frag	L119513	0	1.0000
stock_b2000_frag	L1197033	0	0.7634
stock_b2000_frag	L1197756	0	1.0000
stock_b2000_frag	L1198436	1	0.2244
stock_b2000_frag	L1199013	0	0.9029
stock_b2000_frag	L120088	2	0.9458
stock_b2000_frag	L1201990	1	0.3111
stock_b2000_frag	L1203129	1	0.3544
stock_b2000_frag	L1204138	1	0.3340
stock_b2000_frag	L1204996	0	0.1847
stock_b2000_frag	L1205130	0	0.8590
stock_b2000_frag	L1208208	1	0.3703
stock_b2000_frag	L1210124	1	0.5205
stock_b2000_frag	L1210243	1	0.3587
stock_b2000_frag	L1210738	1	0.8518
stock_b2000_frag	L1211006	1	0.5101
stock_b2000_frag	L1211126	0	0.3674
stock_b2000_frag	L1212929	0	0.8415
stock_b2000_frag	L121345	0	1.0000
stock_b2000_frag	L1216921	0	1.0000
stock_b2000_frag	L1217888	0	0.3518
stock_b2000_frag	L1217909	0	0.8123
stock_b2000_frag	L1221395	0	0.4453
stock_b2000_frag	L122149	0	0.9274
stock_b2000_frag	L1222072	0	0.5748
stock_b2000_frag	L1223120	0	0.7712
stock_b2000_frag	L1226772	1	0.3213
stock_b2000_frag	L12278	0	1.0000
stock_b2000_frag	L1228969	0	1.0000
stock_b2000_frag	L1230909	0	0.9820
stock_b2000_frag	L1234354	0	0.9989
stock_b2000_frag	L1235931	2	0.4765
stock_b2000_frag	L1236533	1	0.5778
stock_b2000_frag	L1239299	1	0.3649
stock_b2000_frag	L1241887	1	0.3334
stock_b2000_frag	L1243845	0	0.1829
stock_b2000_frag	L124425	1	0.2221
stock_b2000_frag	L1246704	0	0.9846
stock_b2000_frag	L1249395	2	0.8410
stock_b2000_frag	L1258357	2	0.2303
stock_b2000_frag	L1258779	0	1.0000
stock_b2000_frag	L1260725	0	0.4799
stock_b2000_frag	L1260761	10	0.2115
stock_b2000_frag	L1261058	4	0.2324
stock_b2000_frag	L1262191	1	0.4755
stock_b2000_frag	L1262555	0	0.6105
stock_b2000_frag	L1263627	5	0.2024
stock_b2000_frag	L1264592	0	0.1904
stock_b2000_frag	L1266072	1	0.4270
stock_b2000_frag	L1268031	0	1.0000
stock_b2000_frag	L1270831	1	0.6151
stock_b2000_frag	L127166	6	0.9315
stock_b2000_frag	L1274721	0	0.9530
stock_b2000_frag	L127737	1	0.2198
stock_b2000_frag	L1277844	0	1.0000
stock_b2000_frag	L1279825	3	0.2259
stock_b2000_frag	L1283592	1	0.2841
stock_b2000_frag	L1284907	0	0.6547
stock_b2000_frag	L1285548	0	0.1620
stock_b2000_frag	L1285656	3	0.1843
stock_b2000_frag	L1288259	0	0.1447
stock_b2000_frag	L1288267	12	0.4062
stock_b2000_frag	L1288822	2	0.3532
stock_b2000_frag	L1292358	2	0.2075
stock_b2000_frag	L1292463	0	1.0000
stock_b2000_frag	L1295598	0	0.9549
stock_b2000_frag	L1298394	0	1.0000
stock_b2000_frag	L1302461	1	0.3167
stock_b2000_frag	L130303	0	1.0000
stock_b2000_frag	L1303986	0	0.6236
stock_b2000_frag	L1310424	6	0.4710
stock_b2000_frag	L1311173	1	0.3520
stock_b2000_frag	L1311292	2	0.5771
stock_b2000_frag	L1314108	2	0.3565
stock_b2000_frag	L1315018	17	0.6054
stock_b2000_frag	L1315334	0	1.0000
stock_b2000_frag	L1318499	0	1.0000
stock_b2000_frag	L1320618	1	0.6560
stock_b2000_frag	L1324414	0	0.1975
stock_b2000_frag	L1325335	16	0.1884
stock_b2000_frag	L1329240	0	0.7959
stock_b2000_frag	L1329981	0	0.9868
stock_b2000_frag	L1332662	0	0.2062
stock_b2000_frag	L133319	1	0.3215
stock_b2000_frag	L1333318	0	0.9204
stock_b2000_frag	L1334282	0	0.9998
stock_b2000_frag	L1335619	0	0.8839
stock_b2000_frag	L1336525	0	0.4280
stock_b2000_frag	L1337140	0	1.0000
stock_b2000_frag	L1340265	0	0.7179
stock_b2000_frag	L1340691	22	0.3703
stock_b2000_frag	L1341879	1	0.3069
stock_b2000_frag	L1342311	0	0.9940
stock_b2000_frag	L1347048	2	0.5303
stock_b2000_frag	L1352161	1	1.0000
stock_b2000_frag	L1354558	1	1.0000
stock_b2000_frag	L1354735	4	0.1553
stock_b2000_frag	L1358691	1	0.9865
stock_b2000_frag	L1360127	2	0.3770
stock_b2000_frag	L1363513	2	0.2169
stock_b2000_frag	L1363984	2	0.1791
stock_b2000_frag	L1365905	1	0.2234
stock_b2000_frag	L1368193	0	0.3004
stock_b2000_frag	L1368338	0	0.3673
stock_b2000_frag	L1369008	0	0.9256
stock_b2000_frag	L1373280	0	0.9990
stock_b2000_frag	L13742	0	0.7970
stock_b2000_frag	L1375580	2	0.6689
stock_b2000_frag	L1377097	0	0.5671
stock_b2000_frag	L1377556	0	0.5407
stock_b2000_frag	L1377693	2	0.3257
stock_b2000_frag	L1378979	0	0.9042
stock_b2000_frag	L1380013	0	0.9943
stock_b2000_frag	L1386597	0	0.9926
stock_b2000_frag	L1387556	0	1.0000
stock_b2000_frag	L1390302	2	0.1742
stock_b2000_frag	L1390641	1	0.4662
stock_b2000_frag	L1392258	2	0.4925
stock_b2000_frag	L1392753	0	0.9998
stock_b2000_frag	L1396454	0	0.3337
stock_b2000_frag	L1400580	0	0.5516
stock_b2000_frag	L1400636	0	0.4303
stock_b2000_frag	L1401014	0	0.9060
stock_b2000_frag	L1401165	1	0.8242
stock_b2000_frag	L1402303	0	0.2629
stock_b2000_frag	L140764	0	0.7121
stock_b2000_frag	L140781	0	0.9641
stock_b2000_frag	L1418049	1	0.3035
stock_b2000_frag	L1421761	0	0.6284
stock_b2000_frag	L1424559	0	0.4377
stock_b2000_frag	L1428063	0	0.3577
stock_b2000_frag	L1428264	1	0.6961
stock_b2000_frag	L1428285	0	0.3896
stock_b2000_frag	L1429187	1	0.2815
stock_b2000_frag	L1431175	1	0.3351
stock_b2000_frag	L1437238	0	1.0000
stock_b2000_frag	L1439974	0	0.3195
stock_b2000_frag	L1440255	0	0.3683
stock_b2000_frag	L1444255	0	0.9939
stock_b2000_frag	L1451358	0	1.0000
stock_b2000_frag	L1452270	0	0.4805
stock_b2000_frag	L1455263	1	0.2032
stock_b2000_frag	L1455658	1	0.4510
stock_b2000_frag	L1458788	2	0.5999
stock_b2000_frag	L1459831	0	0.9988
stock_b2000_frag	L1462414	0	1.0000
stock_b2000_frag	L1463862	1	0.9952
stock_b2000_frag	L1464063	0	1.0000
stock_b2000_frag	L1465929	0	0.7936
stock_b2000_frag	L14662	0	0.3286
stock_b2000_frag	L147167	3	0.1718
stock_b2000_frag	L1472900	0	1.0000
stock_b2000_frag	L1474244	0	1.0000
stock_b2000_frag	L1477899	1	0.1630
stock_b2000_frag	L1478500	0	0.3266
stock_b2000_frag	L1480479	0	0.9320
stock_b2000_frag	L1480710	0	1.0000
stock_b2000_frag	L1481332	0	0.8347
stock_b2000_frag	L1482337	2	0.1494
stock_b2000_frag	L1484353	2	0.5422
stock_b2000_frag	L148591	0	1.0000
stock_b2000_frag	L1486539	0	1.0000
stock_b2000_frag	L1488274	1	0.3645
stock_b2000_frag	L1489414	1	0.4874
stock_b2000_frag	L1489879	0	0.2995
stock_b2000_frag	L149103	0	0.9967
stock_b2000_frag	L1491304	0	1.0000
stock_b2000_frag	L1494813	1	0.3534
stock_b2000_frag	L1494954	2	0.7559
stock_b2000_frag	L1497033	5	0.5590
stock_b2000_frag	L1497246	0	0.2254
stock_b2000_frag	L1499658	0	0.3389
stock_b2000_frag	L1501381	2	0.4311
stock_b2000_frag	L1501916	0	0.9986
stock_b2000_frag	L1503626	0	0.8383
stock_b2000_frag	L1503978	2	0.4600
stock_b2000_frag	L1504511	0	0.2198
stock_b2000_frag	L1505115	2	0.2094
stock_b2000_frag	L1505874	0	0.1717
stock_b2000_frag	L1510976	1	0.3683
stock_b2000_frag	L1513218	0	0.2368
stock_b2000_frag	L1515573	1	0.7460
stock_b2000_frag	L1517373	1	0.4053
stock_b2000_frag	L1519270	0	0.9071
stock_b2000_frag	L1524129	0	0.9746
stock_b2000_frag	L1526979	0	0.3623
stock_b2000_frag	L1532824	0	1.0000
stock_b2000_frag	L1538238	0	1.0000
stock_b2000_frag	L1541433	0	1.0000
stock_b2000_frag	L154435	0	0.3787
stock_b2000_frag	L1544392	1	0.8022
stock_b2000_frag	L1549234	8	0.2076
stock_b2000_frag	L1549395	0	0.6896
stock_b2000_frag	L1552071	0	1.0000
stock_b2000_frag	L1554643	0	0.9393
stock_b2000_frag	L1554665	0	0.9999
stock_b2000_frag	L1554859	0	0.2798
stock_b2000_frag	L1559903	0	0.7009
stock_b2000_frag	L1567518	0	0.9939
stock_b2000_frag	L1572835	5	0.3067
stock_b2000_frag	L157772	1	0.2491
stock_b2000_frag	L1580756	0	0.4813
stock_b2000_frag	L1581099	1	0.3456
stock_b2000_frag	L1582200	1	0.3348
stock_b2000_frag	L1583028	2	0.1890
stock_b2000_frag	L1583912	0	0.8360
stock_b2000_frag	L1584094	0	1.0000
stock_b2000_frag	L1585357	0	0.7596
stock_b2000_frag	L1585994	1	0.2778
stock_b2000_frag	L1586969	0	0.2258
stock_b2000_frag	L1588628	0	0.4303
stock_b2000_frag	L1593023	0	0.4213
stock_b2000_frag	L1594227	1	0.1847
stock_b2000_frag	L1594679	0	0.3506
stock_b2000_frag	L1596050	0	0.9825
stock_b2000_frag	L1597579	0	1.0000
stock_b2000_frag	L1599085	2	0.4663
stock_b2000_frag	L1599113	0	0.7407
stock_b2000_frag	L1600931	2	0.1781
stock_b2000_frag	L1601984	0	0.4999
stock_b2000_frag	L1603557	1	0.4486
stock_b2000_frag	L1604004	1	0.3468
stock_b2000_frag	L1606587	0	0.3896
stock_b2000_frag	L1606797	0	0.9999
stock_b2000_frag	L1607075	1	0.3774
stock_b2000_frag	L161033	0	1.0000
stock_b2000_frag	L1610367	5	0.1422
stock_b2000_frag	L1610874	0	0.8579
stock_b2000_frag	L1613428	0	0.8930
stock_b2000_frag	L1617572	1	0.6108
stock_b2000_frag	L1618167	0	1.0000
stock_b2000_frag	L1618884	1	0.3507
stock_b2000_frag	L1621327	0	0.7354
stock_b2000_frag	L1621345	0	0.9897
stock_b2000_frag	L162378	1	0.4319
stock_b2000_frag	L1628257	1	0.4393
stock_b2000_frag	L1631106	1	0.7637
stock_b2000_frag	L163268	0	0.7252
stock_b2000_frag	L1632948	0	0.9999
stock_b2000_frag	L1637063	0	1.0000
stock_b2000_frag	L1639195	3	0.3302
stock_b2000_frag	L1640626	0	0.8441
stock_b2000_frag	L1642113	0	0.6762
stock_b2000_frag	L1644306	0	0.2711
stock_b2000_frag	L1645207	0	1.0000
stock_b2000_frag	L1647058	1	0.4544
stock_b2000_frag	L1648296	0	0.9273
stock_b2000_frag	L1649255	0	0.3216
stock_b2000_frag	L1653555	0	1.0000
stock_b2000_frag	L1655916	1	0.2503
stock_b2000_frag	L1660415	3	0.1834
stock_b2000_frag	L1661451	3	0.6364
stock_b2000_frag	L1661745	1	0.3712
stock_b2000_frag	L166457	0	1.0000
stock_b2000_frag	L1665975	0	1.0000
stock_b2000_frag	L166638	1	0.2900
stock_b2000_frag	L1670095	0	0.8755
stock_b2000_frag	L1673626	4	0.1294
stock_b2000_frag	L1676619	0	0.9942
stock_b2000_frag	L1679593	0	0.7346
stock_b2000_frag	L168009	1	0.4153
stock_b2000_frag	L1680312	2	0.1910
stock_b2000_frag	L1683860	2	0.3171
stock_b2000_frag	L168501	5	0.2956
stock_b2000_frag	L1686036	3	0.2828
stock_b2000_frag	L1688821	1	0.3480
stock_b2000_frag	L1690091	0	1.0000
stock_b2000_frag	L1691992	0	0.9435
stock_b2000_frag	L1696960	0	0.5318
stock_b2000_frag	L1699862	1	0.4189
stock_b2000_frag	L1703051	2	0.1413
stock_b2000_frag	L1705727	0	0.9950
stock_b2000_frag	L1706743	0	0.3775
stock_b2000_frag	L1707670	0	0.4181
stock_b2000_frag	L1709271	0	1.0000
stock_b2000_frag	L1711120	2	0.3175
stock_b2000_frag	L1712110	0	1.0000
stock_b2000_frag	L1713612	1	0.4245
stock_b2000_frag	L1715186	0	0.9653
stock_b2000_frag	L1717039	0	0.9996
stock_b2000_frag	L1717487	0	0.1765
stock_b2000_frag	L1717679	1	0.1339
stock_b2000_frag	L171872	0	1.0000
stock_b2000_frag	L1720671	2	0.6407
stock_b2000_frag	L1724030	2	0.1657
stock_b2000_frag	L1724603	0	0.3025
stock_b2000_frag	L1725907	1	0.2926
stock_b2000_frag	L1726884	0	0.9991
stock_b2000_frag	L1730039	1	0.2767
stock_b2000_frag	L1731278	1	0.5667
stock_b2000_frag	L1731637	1	0.5120
stock_b2000_frag	L1731806	1	0.3926
stock_b2000_frag	L1731825	0	0.3097
stock_b2000_frag	L1733434	1	0.4393
stock_b2000_frag	L1735605	1	0.2515
stock_b2000_frag	L1738043	0	0.4979
stock_b2000_frag	L173888	0	1.0000
stock_b2000_frag	L1741025	0	0.1900
stock_b2000_frag	L1741283	1	0.2913
stock_b2000_frag	L1743121	2	0.5590
stock_b2000_frag	L1743160	0	0.3946
stock_b2000_frag	L1745840	0	0.2776
stock_b2000_frag	L1747985	5	0.4064
stock_b2000_frag	L1748111	0	0.9998
stock_b2000_frag	L1748189	0	0.1581
stock_b2000_frag	L1748363	0	1.0000
stock_b2000_frag	L175173	0	1.0000
stock_b2000_frag	L1755181	0	0.9991
stock_b2000_frag	L1755241	0	0.5383
stock_b2000_frag	L1756620	0	1.0000
stock_b2000_frag	L1757163	1	0.5312
stock_b2000_frag	L1758219	0	0.9999
stock_b2000_frag	L1758321	0	0.9165
stock_b2000_frag	L1759705	1	0.2855
stock_b2000_frag	L1759939	0	1.0000
stock_b2000_frag	L1760678	6	0.3526
stock_b2000_frag	L1763126	1	0.4567
stock_b2000_frag	L1763366	0	0.4620
stock_b2000_frag	L1765485	0	0.1090
stock_b2000_frag	L176768	0	0.1365
stock_b2000_frag	L176849	1	0.2825
stock_b2000_frag	L1776351	0	0.4116
stock_b2000_frag	L1778817	0	0.9998
stock_b2000_frag	L1780398	0	0.5313
stock_b2000_frag	L1780819	0	0.3923
stock_b2000_frag	L1781469	0	1.0000
stock_b2000_frag	L178235	0	1.0000
stock_b2000_frag	L1783781	0	0.2991
stock_b2000_frag	L1784891	0	0.4848
stock_b2000_frag	L1785029	1	0.4344
stock_b2000_frag	L1787087	0	0.9003
stock_b2000_frag	L1788394	2	0.2851
stock_b2000_frag	L1789260	0	1.0000
stock_b2000_frag	L1790726	0	0.7071
stock_b2000_frag	L1792213	0	0.9995
stock_b2000_frag	L1793164	0	1.0000
stock_b2000_frag	L1794818	1	0.2302
stock_b2000_frag	L1801229	0	0.7207
stock_b2000_frag	L1801776	2	0.2925
stock_b2000_frag	L1802441	0	0.6678
stock_b2000_frag	L180370	1	0.1208
stock_b2000_frag	L1806674	0	0.2615
stock_b2000_frag	L1808057	0	0.9383
stock_b2000_frag	L1809763	0	0.8588
stock_b2000_frag	L1812832	0	0.6986
stock_b2000_frag	L1813363	0	0.2744
stock_b2000_frag	L1814194	1	0.2090
stock_b2000_frag	L1814234	0	0.9979
stock_b2000_frag	L1818724	0	0.7163
stock_b2000_frag	L1819800	1	0.1679
stock_b2000_frag	L1823583	3	0.3836
stock_b2000_frag	L1825133	0	0.4240
stock_b2000_frag	L1825229	0	1.0000
stock_b2000_frag	L1832290	0	0.9434
stock_b2000_frag	L1832446	0	0.8169
stock_b2000_frag	L1833126	1	0.8607
stock_b2000_frag	L1833750	0	0.9999
stock_b2000_frag	L1835210	0	0.9861
stock_b2000_frag	L1842784	0	1.0000
stock_b2000_frag	L185114	19	0.8643
stock_b2000_frag	L1852801	0	1.0000
stock_b2000_frag	L1853941	1	0.5259
stock_b2000_frag	L1854338	0	1.0000
stock_b2000_frag	L1855067	0	0.9984
stock_b2000_frag	L1855202	0	1.0000
stock_b2000_frag	L1861694	1	0.6676
stock_b2000_frag	L1863372	0	0.8626
stock_b2000_frag	L1864158	0	1.0000
stock_b2000_frag	L1866755	1	0.3231
stock_b2000_frag	L1866797	4	0.3399
stock_b2000_frag	L1867100	1	0.3759
stock_b2000_frag	L1868072	1	0.3495
stock_b2000_frag	L1868786	0	0.7403
stock_b2000_frag	L1870755	0	0.8982
stock_b2000_frag	L1873641	0	0.5501
stock_b2000_frag	L1875088	0	0.9895
stock_b2000_frag	L18753	0	0.8796
stock_b2000_frag	L1876216	0	1.0000
stock_b2000_frag	L1877597	0	0.8321
stock_b2000_frag	L1879699	3	0.4794
stock_b2000_frag	L188182	0	0.7532
stock_b2000_frag	L1884979	0	0.9999
stock_b2000_frag	L1887497	0	0.5020
stock_b2000_frag	L1889689	0	0.9982
stock_b2000_frag	L189044	2	0.3635
stock_b2000_frag	L1890907	0	0.2007
stock_b2000_frag	L1892153	0	0.3740
stock_b2000_frag	L1892928	1	0.3731
stock_b2000_frag	L1895412	0	0.6694
stock_b2000_frag	L1896118	4	0.1209
stock_b2000_frag	L1896496	9	0.1032
stock_b2000_frag	L1898387	0	0.9676
stock_b2000_frag	L1899178	3	0.3158
stock_b2000_frag	L1900972	0	0.9804
stock_b2000_frag	L1901522	0	0.4050
stock_b2000_frag	L1905187	8	0.2047
stock_b2000_frag	L1909864	0	0.1953
stock_b2000_frag	L1910829	1	0.5125
stock_b2000_frag	L1913433	4	0.2094
stock_b2000_frag	L1913798	0	0.5862
stock_b2000_frag	L1914992	1	0.3245
stock_b2000_frag	L1915202	0	0.9363
stock_b2000_frag	L1918380	0	0.9351
stock_b2000_frag	L1919010	0	0.9331
stock_b2000_frag	L1920162	0	0.4137
stock_b2000_frag	L1920404	3	0.1784
stock_b2000_frag	L192109	0	1.0000
stock_b2000_frag	L1922907	2	0.4711
stock_b2000_frag	L1927325	0	0.9699
stock_b2000_frag	L1928915	0	1.0000
stock_b2000_frag	L1929090	4	0.2696
stock_b2000_frag	L1929913	0	1.0000
stock_b2000_frag	L1930346	0	0.7514
stock_b2000_frag	L1930461	1	0.9329
stock_b2000_frag	L1931337	0	0.5191
stock_b2000_frag	L1935951	1	0.2984
stock_b2000_frag	L1938073	0	0.6724
stock_b2000_frag	L1938493	17	0.9390
stock_b2000_frag	L1938969	0	0.9959
stock_b2000_frag	L1939654	0	1.0000
stock_b2000_frag	L19410	2	0.3626
stock_b2000_frag	L1941050	0	0.9999
stock_b2000_frag	L1942954	1	0.4103
stock_b2000_frag	L194883	0	1.0000
stock_b2000_frag	L195067	3	0.4086
stock_b2000_frag	L1954724	1	0.4994
stock_b2000_frag	L1954877	0	0.4186
stock_b2000_frag	L1955320	4	0.6435
stock_b2000_frag	L1955689	0	0.9998
stock_b2000_frag	L1956555	0	1.0000
stock_b2000_frag	L1960852	0	0.9970
stock_b2000_frag	L1961648	0	0.9505
stock_b2000_frag	L1961909	0	1.0000
stock_b2000_frag	L1963487	0	0.9998
stock_b2000_frag	L1967977	3	0.1505
stock_b2000_frag	L1968825	0	1.0000
stock_b2000_frag	L1969782	1	0.3963
stock_b2000_frag	L1973357	0	1.0000
stock_b2000_frag	L1976963	0	0.8497
stock_b2000_frag	L1978016	1	0.4993
stock_b2000_frag	L1981874	0	1.0000
stock_b2000_frag	L1982297	1	0.5503
stock_b2000_frag	L1986935	0	1.0000
stock_b2000_frag	L1988468	1	0.3669
stock_b2000_frag	L1993702	0	0.5657
stock_b2000_frag	L1994929	0	0.7954
stock_b2000_frag	L1995502	1	0.8112
stock_b2000_frag	L199621	0	0.3923
stock_b2000_frag	L199741	0	0.6336
stock_b2000_frag	L200062	0	0.3134
stock_b2000_frag	L200339	1	0.3309
stock_b2000_frag	L201693	0	0.7257
stock_b2000_frag	L204755	0	0.3346
stock_b2000_frag	L207526	2	0.3220
stock_b2000_frag	L209164	1	0.7043
stock_b2000_frag	L211149	0	1.0000
stock_b2000_frag	L213058	0	0.3458
stock_b2000_frag	L21416	0	0.3224
stock_b2000_frag	L215127	0	1.0000
stock_b2000_frag	L217152	1	0.5084
stock_b2000_frag	L220237	0	1.0000
stock_b2000_frag	L224269	0	0.9974
stock_b2000_frag	L224492	0	0.2165
stock_b2000_frag	L225627	1	0.3334
stock_b2000_frag	L230051	0	1.0000
stock_b2000_frag	L23270	0	0.2398
stock_b2000_frag	L234353	1	0.6227
stock_b2000_frag	L234368	0	0.3266
stock_b2000_frag	L238830	0	0.5629
stock_b2000_frag	L239409	3	0.2821
stock_b2000_frag	L241654	0	0.9037
stock_b2000_frag	L241655	2	0.4546
stock_b2000_frag	L245384	0	0.9862
stock_b2000_frag	L245820	0	0.3890
stock_b2000_frag	L246104	0	0.5383
stock_b2000_frag	L251332	0	0.3260
stock_b2000_frag	L251678	2	0.4017
stock_b2000_frag	L255307	0	1.0000
stock_b2000_frag	L257527	0	1.0000
stock_b2000_frag	L258589	0	1.0000
stock_b2000_frag	L266408	0	0.3388
stock_b2000_frag	L268084	0	0.3594
stock_b2000_frag	L268984	0	0.9988
stock_b2000_frag	L27508	1	0.5245
stock_b2000_frag	L275193	0	1.0000
stock_b2000_frag	L278395	1	0.3183
stock_b2000_frag	L278593	3	0.1500
stock_b2000_frag	L27964	0	0.9894
stock_b2000_frag	L284367	1	0.4815
stock_b2000_frag	L28444	0	0.7463
stock_b2000_frag	L284476	0	0.9994
stock_b2000_frag	L28553	2	0.1861
stock_b2000_frag	L29036	0	1.0000
stock_b2000_frag	L296959	0	1.0000
stock_b2000_frag	L299623	0	0.9886
stock_b2000_frag	L3055	0	0.6870
stock_b2000_frag	L307255	0	1.0000
stock_b2000_frag	L308212	0	0.4802
stock_b2000_frag	L308969	0	0.9672
stock_b2000_frag	L309051	0	0.4144
stock_b2000_frag	L309322	5	0.2423
stock_b2000_frag	L311702	0	0.7522
stock_b2000_frag	L312583	2	0.3440
stock_b2000_frag	L313358	2	0.3294
stock_b2000_frag	L313697	5	0.2892
stock_b2000_frag	L315634	4	0.1755
stock_b2000_frag	L315700	1	0.1443
stock_b2000_frag	L31685	0	0.9974
stock_b2000_frag	L317033	0	0.3790
stock_b2000_frag	L31899	0	0.7683
stock_b2000_frag	L323351	0	1.0000
stock_b2000_frag	L32395	0	0.2400
stock_b2000_frag	L326685	0	0.9914
stock_b2000_frag	L326694	1	0.2973
stock_b2000_frag	L327568	1	0.2749
stock_b2000_frag	L32832	0	0.8029
stock_b2000_frag	L329474	0	0.9996
stock_b2000_frag	L334900	0	0.3384
stock_b2000_frag	L33647	0	0.6924
stock_b2000_frag	L34212	2	0.1709
stock_b2000_frag	L342129	1	0.6395
stock_b2000_frag	L342665	0	0.3820
stock_b2000_frag	L342801	0	1.0000
stock_b2000_frag	L342978	1	0.8173
stock_b2000_frag	L343956	1	0.3059
stock_b2000_frag	L346141	4	0.2297
stock_b2000_frag	L34800	0	0.5597
stock_b2000_frag	L348481	1	0.5736
stock_b2000_frag	L353810	0	1.0000
stock_b2000_frag	L356341	1	0.1682
stock_b2000_frag	L356443	0	0.1825
stock_b2000_frag	L356686	1	0.2722
stock_b2000_frag	L360886	5	0.2514
stock_b2000_frag	L361342	0	0.6775
stock_b2000_frag	L362904	2	0.1703
stock_b2000_frag	L367241	0	0.9471
stock_b2000_frag	L367843	2	0.2103
stock_b2000_frag	L368076	1	0.4789
stock_b2000_frag	L370099	1	0.6441
stock_b2000_frag	L372147	0	0.5452
stock_b2000_frag	L37428	0	0.9990
stock_b2000_frag	L37487	0	1.0000
stock_b2000_frag	L37506	0	1.0000
stock_b2000_frag	L377747	0	0.9312
stock_b2000_frag	L378292	1	0.5368
stock_b2000_frag	L379881	1	0.2285
stock_b2000_frag	L38020	3	0.3447
stock_b2000_frag	L382144	0	0.3881
stock_b2000_frag	L382805	1	0.3514
stock_b2000_frag	L38293	0	0.9304
stock_b2000_frag	L385542	1	0.3781
stock_b2000_frag	L386709	0	0.9959
stock_b2000_frag	L387070	0	0.4262
stock_b2000_frag	L389418	0	0.9993
stock_b2000_frag	L39295	0	0.3816
stock_b2000_frag	L394806	0	0.4069
stock_b2000_frag	L395376	2	0.1229
stock_b2000_frag	L398208	1	0.4325
stock_b2000_frag	L400063	0	0.0833
stock_b2000_frag	L401172	0	1.0000
stock_b2000_frag	L404610	0	0.9631
stock_b2000_frag	L40463	1	0.4451
stock_b2000_frag	L40743	0	0.7023
stock_b2000_frag	L408206	0	0.9892
stock_b2000_frag	L409731	0	1.0000
stock_b2000_frag	L410067	1	0.4255
stock_b2000_frag	L412722	0	0.5146
stock_b2000_frag	L412963	8	0.1374
stock_b2000_frag	L417292	1	0.1059
stock_b2000_frag	L418430	1	0.3666
stock_b2000_frag	L421624	0	0.3480
stock_b2000_frag	L428880	0	0.9996
stock_b2000_frag	L432029	0	0.6128
stock_b2000_frag	L432071	0	0.9515
stock_b2000_frag	L434883	0	1.0000
stock_b2000_frag	L436548	5	0.2286
stock_b2000_frag	L440015	1	0.6554
stock_b2000_frag	L441824	1	0.1101
stock_b2000_frag	L443589	0	1.0000
stock_b2000_frag	L443976	2	0.3373
stock_b2000_frag	L445230	0	1.0000
stock_b2000_frag	L446017	0	0.8526
stock_b2000_frag	L446776	0	0.4696
stock_b2000_frag	L44774	1	0.4004
stock_b2000_frag	L447866	0	0.3854
stock_b2000_frag	L451459	0	0.8055
stock_b2000_frag	L452100	0	0.3181
stock_b2000_frag	L453027	0	0.6578
stock_b2000_frag	L455667	0	0.9963
stock_b2000_frag	L458918	2	0.2191
stock_b2000_frag	L460660	0	0.7945
stock_b2000_frag	L460944	0	0.8157
stock_b2000_frag	L461664	0	1.0000
stock_b2000_frag	L463867	1	0.9330
stock_b2000_frag	L464238	0	0.5937
stock_b2000_frag	L464909	0	0.2637
stock_b2000_frag	L465321	0	0.4669
stock_b2000_frag	L465380	1	0.9442
stock_b2000_frag	L472494	0	0.9493
stock_b2000_frag	L478647	2	0.1274
stock_b2000_frag	L481639	1	0.4338
stock_b2000_frag	L482576	4	0.3362
stock_b2000_frag	L48305	1	0.3650
stock_b2000_frag	L484367	0	0.5834
stock_b2000_frag	L48470	1	0.7530
stock_b2000_frag	L486859	1	0.5210
stock_b2000_frag	L49167	0	0.3107
stock_b2000_frag	L497252	0	1.0000
stock_b2000_frag	L497478	0	0.3319
stock_b2000_frag	L500974	13	0.5882
stock_b2000_frag	L502206	0	0.3883
stock_b2000_frag	L505867	0	1.0000
stock_b2000_frag	L507299	2	0.3120
stock_b2000_frag	L508411	0	0.6484
stock_b2000_frag	L510079	0	0.4752
stock_b2000_frag	L510795	0	1.0000
stock_b2000_frag	L512309	1	0.3445
stock_b2000_frag	L515174	0	1.0000
stock_b2000_frag	L515848	0	0.3735
stock_b2000_frag	L519283	2	0.3440
stock_b2000_frag	L521776	0	1.0000
stock_b2000_frag	L522160	0	1.0000
stock_b2000_frag	L522318	0	1.0000
stock_b2000_frag	L523327	0	0.6635
stock_b2000_frag	L523370	0	1.0000
stock_b2000_frag	L526262	0	0.9898
stock_b2000_frag	L526516	4	0.3005
stock_b2000_frag	L528212	0	1.0000
stock_b2000_frag	L528692	1	0.2554
stock_b2000_frag	L530014	0	1.0000
stock_b2000_frag	L532143	1	0.7174
stock_b2000_frag	L533793	1	0.2682
stock_b2000_frag	L536321	0	1.0000
stock_b2000_frag	L538070	0	0.6225
stock_b2000_frag	L541636	2	0.3082
stock_b2000_frag	L548193	0	0.9996
stock_b2000_frag	L549658	3	0.4340
stock_b2000_frag	L552457	0	1.0000
stock_b2000_frag	L553070	0	1.0000
stock_b2000_frag	L553796	0	1.0000
stock_b2000_frag	L557356	0	0.9975
stock_b2000_frag	L560445	1	0.5488
stock_b2000_frag	L562316	0	0.9650
stock_b2000_frag	L564346	0	0.9822
stock_b2000_frag	L564945	1	0.4711
stock_b2000_frag	L570022	0	0.0680
stock_b2000_frag	L570410	1	0.3652
stock_b2000_frag	L578894	1	0.4084
stock_b2000_frag	L580515	0	0.5179
stock_b2000_frag	L582232	0	0.9783
stock_b2000_frag	L58230	0	1.0000
stock_b2000_frag	L582596	1	0.2158
stock_b2000_frag	L583540	0	0.4112
stock_b2000_frag	L591002	1	0.5392
stock_b2000_frag	L594898	0	0.4789
stock_b2000_frag	L603993	0	0.6901
stock_b2000_frag	L608579	1	0.2129
stock_b2000_frag	L611247	0	0.5107
stock_b2000_frag	L612525	2	0.2820
stock_b2000_frag	L613607	3	0.7176
stock_b2000_frag	L616384	2	0.4046
stock_b2000_frag	L616608	0	1.0000
stock_b2000_frag	L618876	3	0.8002
stock_b2000_frag	L62362	1	0.3416
stock_b2000_frag	L626867	0	0.5462
stock_b2000_frag	L627892	0	0.9988
stock_b2000_frag	L629447	0	0.6271
stock_b2000_frag	L630054	0	0.1306
stock_b2000_frag	L632248	0	0.9981
stock_b2000_frag	L633134	1	0.1275
stock_b2000_frag	L636292	0	0.4247
stock_b2000_frag	L636628	0	0.6186
stock_b2000_frag	L638515	1	0.4297
stock_b2000_frag	L640623	1	0.4862
stock_b2000_frag	L643973	1	0.3750
stock_b2000_frag	L647704	0	0.4101
stock_b2000_frag	L647846	5	0.1686
stock_b2000_frag	L647960	2	0.1320
stock_b2000_frag	L649179	1	0.1950
stock_b2000_frag	L650666	0	0.6450
stock_b2000_frag	L651714	0	0.3061
stock_b2000_frag	L653750	0	0.9831
stock_b2000_frag	L655372	0	0.9955
stock_b2000_frag	L655384	0	0.9996
stock_b2000_frag	L65596	1	0.3705
stock_b2000_frag	L656694	1	0.2601
stock_b2000_frag	L658042	0	0.9722
stock_b2000_frag	L658497	0	1.0000
stock_b2000_frag	L669210	3	0.4111
stock_b2000_frag	L670330	1	0.2803
stock_b2000_frag	L670613	0	0.4531
stock_b2000_frag	L673602	1	0.3875
stock_b2000_frag	L674223	1	0.3252
stock_b2000_frag	L675700	0	1.0000
stock_b2000_frag	L675990	13	0.2390
stock_b2000_frag	L676345	0	0.9603
stock_b2000_frag	L677042	0	1.0000
stock_b2000_frag	L678590	0	0.3994
stock_b2000_frag	L681297	2	0.1544
stock_b2000_frag	L681978	0	0.4424
stock_b2000_frag	L686347	2	0.1767
stock_b2000_frag	L68830	0	0.5459
stock_b2000_frag	L689497	1	0.4934
stock_b2000_frag	L692518	0	1.0000
stock_b2000_frag	L693078	1	0.6631
stock_b2000_frag	L695087	1	0.2534
stock_b2000_frag	L696140	0	0.5768
stock_b2000_frag	L696284	1	0.9035
stock_b2000_frag	L698369	0	1.0000
stock_b2000_frag	L699934	0	0.9835
stock_b2000_frag	L700319	0	0.1860
stock_b2000_frag	L700376	1	0.7140
stock_b2000_frag	L702155	1	0.3565
stock_b2000_frag	L702232	1	0.3436
stock_b2000_frag	L702417	2	0.2976
stock_b2000_frag	L702602	2	0.4406
stock_b2000_frag	L703962	1	0.3290
stock_b2000_frag	L705651	1	0.1380
stock_b2000_frag	L70618	0	0.5945
stock_b2000_frag	L706311	0	0.9992
stock_b2000_frag	L708354	4	0.1865
stock_b2000_frag	L709354	0	0.8462
stock_b2000_frag	L711289	1	0.3693
stock_b2000_frag	L711549	1	0.5262
stock_b2000_frag	L712265	0	0.7306
stock_b2000_frag	L71335	0	0.5035
stock_b2000_frag	L715388	0	1.0000
stock_b2000_frag	L718862	0	0.5998
stock_b2000_frag	L720458	0	1.0000
stock_b2000_frag	L725718	0	0.2893
stock_b2000_frag	L731065	0	0.5324
stock_b2000_frag	L731308	1	0.2407
stock_b2000_frag	L733646	1	0.3348
stock_b2000_frag	L734133	0	0.9041
stock_b2000_frag	L737457	0	1.0000
stock_b2000_frag	L740821	0	0.9945
stock_b2000_frag	L743068	0	0.1928
stock_b2000_frag	L74316	0	0.3764
stock_b2000_frag	L743890	3	0.4036
stock_b2000_frag	L744275	0	0.8995
stock_b2000_frag	L745574	0	0.3280
stock_b2000_frag	L74731	0	0.5109
stock_b2000_frag	L750954	0	0.1980
stock_b2000_frag	L751703	3	0.1616
stock_b2000_frag	L751958	0	0.9822
stock_b2000_frag	L752278	0	0.1230
stock_b2000_frag	L754591	0	0.7293
stock_b2000_frag	L755244	0	1.0000
stock_b2000_frag	L756992	2	0.3808
stock_b2000_frag	L75760	1	0.3348
stock_b2000_frag	L75765	2	0.1178
stock_b2000_frag	L757775	4	0.2667
stock_b2000_frag	L758305	0	1.0000
stock_b2000_frag	L765760	0	0.9995
stock_b2000_frag	L76713	0	1.0000
stock_b2000_frag	L76922	0	0.9951
stock_b2000_frag	L769388	0	0.8122
stock_b2000_frag	L770244	0	0.9999
stock_b2000_frag	L773323	0	0.4342
stock_b2000_frag	L774762	0	0.2039
stock_b2000_frag	L775829	0	0.8553
stock_b2000_frag	L775913	0	0.9999
stock_b2000_frag	L779987	0	1.0000
stock_b2000_frag	L783260	0	1.0000
stock_b2000_frag	L785799	1	0.4197
stock_b2000_frag	L789159	3	0.4521
stock_b2000_frag	L790398	0	0.9958
stock_b2000_frag	L790433	0	1.0000
stock_b2000_frag	L791637	0	0.9926
stock_b2000_frag	L792255	0	1.0000
stock_b2000_frag	L794487	0	0.5951
stock_b2000_frag	L794834	0	0.9872
stock_b2000_frag	L797144	0	0.1432
stock_b2000_frag	L800738	0	1.0000
stock_b2000_frag	L800847	1	0.7769
stock_b2000_frag	L801514	0	1.0000
stock_b2000_frag	L803685	0	0.2378
stock_b2000_frag	L804478	2	0.3022
stock_b2000_frag	L805558	0	0.9998
stock_b2000_frag	L808991	0	0.6962
stock_b2000_frag	L809814	1	0.2143
stock_b2000_frag	L810684	0	1.0000
stock_b2000_frag	L812222	0	1.0000
stock_b2000_frag	L812290	0	0.9954
stock_b2000_frag	L812450	0	1.0000
stock_b2000_frag	L812783	0	1.0000
stock_b2000_frag	L815933	2	0.0760
stock_b2000_frag	L816930	1	0.4450
stock_b2000_frag	L817748	2	0.2515
stock_b2000_frag	L818516	0	0.3067
stock_b2000_frag	L819561	8	0.2547
stock_b2000_frag	L820879	1	0.5289
stock_b2000_frag	L822130	0	0.9660
stock_b2000_frag	L825457	2	0.1910
stock_b2000_frag	L825873	1	0.2696
stock_b2000_frag	L828109	0	0.9989
stock_b2000_frag	L828870	0	1.0000
stock_b2000_frag	L829044	0	1.0000
stock_b2000_frag	L832242	10	0.1808
stock_b2000_frag	L8343	3	0.4777
stock_b2000_frag	L834344	0	0.9999
stock_b2000_frag	L839806	0	0.1599
stock_b2000_frag	L844851	1	0.3343
stock_b2000_frag	L845595	4	0.2734
stock_b2000_frag	L846580	2	0.2748
stock_b2000_frag	L847676	1	0.1860
stock_b2000_frag	L849015	1	0.2552
stock_b2000_frag	L851950	0	1.0000
stock_b2000_frag	L854818	3	0.2498
stock_b2000_frag	L85825	7	0.2729
stock_b2000_frag	L85840	3	0.1191
stock_b2000_frag	L859958	0	0.9795
stock_b2000_frag	L860612	0	0.9984
stock_b2000_frag	L861318	0	0.9472
stock_b2000_frag	L866049	0	1.0000
stock_b2000_frag	L867466	0	1.0000
stock_b2000_frag	L869627	0	0.4309
stock_b2000_frag	L871416	0	0.5087
stock_b2000_frag	L872091	0	0.9944
stock_b2000_frag	L873200	0	0.2598
stock_b2000_frag	L876650	1	0.1666
stock_b2000_frag	L884104	0	0.2958
stock_b2000_frag	L884785	2	0.1270
stock_b2000_frag	L885277	5	0.3180
stock_b2000_frag	L8861	0	1.0000
stock_b2000_frag	L887140	0	0.9555
stock_b2000_frag	L887277	1	0.4410
stock_b2000_frag	L887364	2	0.2226
stock_b2000_frag	L88795	0	0.9574
stock_b2000_frag	L889560	0	0.9995
stock_b2000_frag	L889604	1	0.3720
stock_b2000_frag	L889976	1	0.6941
stock_b2000_frag	L892910	1	0.2560
stock_b2000_frag	L894743	0	0.9847
stock_b2000_frag	L895481	0	0.4503
stock_b2000_frag	L89624	1	0.2878
stock_b2000_frag	L898110	0	0.1510
stock_b2000_frag	L899934	0	0.9998
stock_b2000_frag	L901557	3	0.2295
stock_b2000_frag	L903060	0	0.9986
stock_b2000_frag	L909174	1	0.4051
stock_b2000_frag	L910438	0	0.9447
stock_b2000_frag	L911123	1	0.4786
stock_b2000_frag	L913104	1	0.7683
stock_b2000_frag	L913132	0	0.3329
stock_b2000_frag	L913296	0	0.3474
stock_b2000_frag	L913615	0	1.0000
stock_b2000_frag	L914330	1	0.7167
stock_b2000_frag	L915554	0	0.9998
stock_b2000_frag	L915671	1	0.9751
stock_b2000_frag	L915744	0	0.4055
stock_b2000_frag	L916223	1	0.2490
stock_b2000_frag	L920408	1	0.2664
stock_b2000_frag	L920940	0	0.2792
stock_b2000_frag	L9266	0	1.0000
stock_b2000_frag	L927953	1	0.8285
stock_b2000_frag	L928327	1	0.5151
stock_b2000_frag	L931161	3	0.1486
stock_b2000_frag	L934785	3	0.2827
stock_b2000_frag	L93700	1	0.3591
stock_b2000_frag	L937336	2	0.2388
stock_b2000_frag	L93870	1	0.3442
stock_b2000_frag	L94108	0	0.9438
stock_b2000_frag	L94384	4	0.2816
stock_b2000_frag	L944991	0	0.9857
stock_b2000_frag	L945211	1	0.2584
stock_b2000_frag	L946926	0	1.0000
stock_b2000_frag	L947812	11	0.1073
stock_b2000_frag	L952666	1	0.3492
stock_b2000_frag	L95463	0	0.6160
stock_b2000_frag	L954661	0	0.6283
stock_b2000_frag	L957035	0	0.5351
stock_b2000_frag	L960491	2	0.6302
stock_b2000_frag	L962773	0	1.0000
stock_b2000_frag	L965392	4	0.7297
stock_b2000_frag	L966579	0	0.7623
stock_b2000_frag	L966704	0	0.2111
stock_b2000_frag	L96702	0	1.0000
stock_b2000_frag	L972885	0	0.6259
stock_b2000_frag	L973165	0	0.8394
stock_b2000_frag	L974460	0	0.9759
stock_b2000_frag	L975279	0	1.0000
stock_b2000_frag	L976794	1	0.2682
stock_b2000_frag	L977480	2	0.1402
stock_b2000_frag	L983396	1	0.7427
stock_b2000_frag	L986207	0	1.0000
stock_b2000_frag	L986844	1	0.2752
stock_b2000_frag	L987024	0	0.1642
stock_b2000_frag	L987386	0	0.7348
stock_b2000_frag	L989146	0	0.7717
stock_b2000_frag	L989266	0	0.9360
stock_b2000_frag	L991824	0	1.0000
stock_b2000_frag	L996093	0	1.0000
stock_b2000_frag	L997656	0	0.9458
stock_b2000_frag	L998814	0	1.0000
stock_b2000_full	L100289	0	1.0000
stock_b2000_full	L1004865	0	1.0000
stock_b2000_full	L1006665	1	0.5905
stock_b2000_full	L1010975	0	1.0000
stock_b2000_full	L1011724	0	1.0000
stock_b2000_full	L1012208	1	0.5111
stock_b2000_full	L1015696	0	1.0000
stock_b2000_full	L101727	0	1.0000
stock_b2000_full	L1023217	0	1.0000
stock_b2000_full	L1025412	0	1.0000
stock_b2000_full	L1027134	1	0.5715
stock_b2000_full	L1027481	0	1.0000
stock_b2000_full	L1028893	0	1.0000
stock_b2000_full	L1031539	0	1.0000
stock_b2000_full	L1032369	0	0.8930
stock_b2000_full	L1033675	0	1.0000
stock_b2000_full	L1034699	1	1.0000
stock_b2000_full	L1039147	1	1.0000
stock_b2000_full	L1039291	0	1.0000
stock_b2000_full	L1041837	0	0.9994
stock_b2000_full	L1044293	0	1.0000
stock_b2000_full	L1044534	0	1.0000
stock_b2000_full	L1046429	0	1.0000
stock_b2000_full	L1046729	0	1.0000
stock_b2000_full	L1049265	0	1.0000
stock_b2000_full	L1050429	0	1.0000
stock_b2000_full	L1052304	0	1.0000
stock_b2000_full	L1053257	0	1.0000
stock_b2000_full	L1056213	1	0.5436
stock_b2000_full	L1059470	0	1.0000
stock_b2000_full	L106110	0	0.9998
stock_b2000_full	L1062366	0	1.0000
stock_b2000_full	L1062432	0	1.0000
stock_b2000_full	L1062927	1	1.0000
stock_b2000_full	L1064437	0	1.0000
stock_b2000_full	L1065632	0	1.0000
stock_b2000_full	L106767	0	1.0000
stock_b2000_full	L1069926	0	1.0000
stock_b2000_full	L1070671	0	1.0000
stock_b2000_full	L1071499	0	1.0000
stock_b2000_full	L1072629	0	1.0000
stock_b2000_full	L1073158	0	1.0000
stock_b2000_full	L1076326	0	1.0000
stock_b2000_full	L1080809	0	1.0000
stock_b2000_full	L1081949	0	1.0000
stock_b2000_full	L1083215	0	1.0000
stock_b2000_full	L1084315	0	1.0000
stock_b2000_full	L1085405	0	1.0000
stock_b2000_full	L1085680	0	1.0000
stock_b2000_full	L1086867	0	0.9272
stock_b2000_full	L1088293	0	1.0000
stock_b2000_full	L1090079	0	1.0000
stock_b2000_full	L109023	0	1.0000
stock_b2000_full	L1090288	0	1.0000
stock_b2000_full	L1090501	1	0.6056
stock_b2000_full	L1091700	0	1.0000
stock_b2000_full	L1094809	0	1.0000
stock_b2000_full	L1096011	0	1.0000
stock_b2000_full	L1097545	0	1.0000
stock_b2000_full	L1100323	0	1.0000
stock_b2000_full	L1100804	0	1.0000
stock_b2000_full	L1101088	0	1.0000
stock_b2000_full	L1103740	0	1.0000
stock_b2000_full	L1104218	0	1.0000
stock_b2000_full	L1108713	1	0.8372
stock_b2000_full	L1109452	0	0.9721
stock_b2000_full	L1113663	0	1.0000
stock_b2000_full	L1115257	0	1.0000
stock_b2000_full	L1117268	1	1.0000
stock_b2000_full	L1117581	0	1.0000
stock_b2000_full	L1117809	0	1.0000
stock_b2000_full	L1118699	0	1.0000
stock_b2000_full	L112129	1	0.9998
stock_b2000_full	L1126989	0	1.0000
stock_b2000_full	L1128445	0	1.0000
stock_b2000_full	L1128464	0	1.0000
stock_b2000_full	L1133110	0	1.0000
stock_b2000_full	L1133196	0	1.0000
stock_b2000_full	L1133707	0	1.0000
stock_b2000_full	L1134196	0	1.0000
stock_b2000_full	L1135754	0	1.0000
stock_b2000_full	L1139882	0	1.0000
stock_b2000_full	L1142588	0	1.0000
stock_b2000_full	L1144170	0	0.9961
stock_b2000_full	L1145262	0	1.0000
stock_b2000_full	L1147764	0	0.9999
stock_b2000_full	L114917	1	0.6973
stock_b2000_full	L1154214	1	0.5025
stock_b2000_full	L115634	0	0.9813
stock_b2000_full	L1163405	0	0.7763
stock_b2000_full	L1165069	0	1.0000
stock_b2000_full	L1168131	0	1.0000
stock_b2000_full	L1171356	1	1.0000
stock_b2000_full	L1172663	0	1.0000
stock_b2000_full	L1173032	0	1.0000
stock_b2000_full	L1176966	0	1.0000
stock_b2000_full	L1178697	0	1.0000
stock_b2000_full	L1181966	0	1.0000
stock_b2000_full	L1184289	1	0.3906
stock_b2000_full	L1184787	0	1.0000
stock_b2000_full	L1187520	0	0.4383
stock_b2000_full	L1188064	1	0.8714
stock_b2000_full	L1188531	0	1.0000
stock_b2000_full	L119105	1	1.0000
stock_b2000_full	L1194657	0	1.0000
stock_b2000_full	L119513	0	1.0000
stock_b2000_full	L1197033	1	0.9518
stock_b2000_full	L1197756	0	1.0000
stock_b2000_full	L1198436	0	1.0000
stock_b2000_full	L1199013	0	1.0000
stock_b2000_full	L120088	1	0.9482
stock_b2000_full	L1201990	0	0.7121
stock_b2000_full	L1203129	1	0.7670
stock_b2000_full	L1204138	0	0.9997
stock_b2000_full	L1204996	0	1.0000
stock_b2000_full	L1205130	0	1.0000
stock_b2000_full	L1208208	0	1.0000
stock_b2000_full	L1210124	1	1.0000
stock_b2000_full	L1210243	0	1.0000
stock_b2000_full	L1210738	0	1.0000
stock_b2000_full	L1211006	0	0.5326
stock_b2000_full	L1211126	0	1.0000
stock_b2000_full	L1212929	0	1.0000
stock_b2000_full	L121345	0	1.0000
stock_b2000_full	L1216921	0	1.0000
stock_b2000_full	L1217888	0	1.0000
stock_b2000_full	L1217909	0	1.0000
stock_b2000_full	L1221395	0	1.0000
stock_b2000_full	L122149	0	1.0000
stock_b2000_full	L1222072	0	1.0000
stock_b2000_full	L1223120	0	1.0000
stock_b2000_full	L1226772	0	0.7869
stock_b2000_full	L12278	0	1.0000
stock_b2000_full	L1228969	0	1.0000
stock_b2000_full	L1230909	1	1.0000
stock_b2000_full	L1234354	0	1.0000
stock_b2000_full	L1235931	0	1.0000
stock_b2000_full	L1236533	0	1.0000
stock_b2000_full	L1239299	1	0.7312
stock_b2000_full	L1241887	0	1.0000
stock_b2000_full	L1243845	0	1.0000
stock_b2000_full	L124425	1	1.0000
stock_b2000_full	L1246704	0	1.0000
stock_b2000_full	L1249395	1	0.7468
stock_b2000_full	L1258357	0	1.0000
stock_b2000_full	L1258779	0	1.0000
stock_b2000_full	L1260725	0	1.0000
stock_b2000_full	L1260761	0	0.5052
stock_b2000_full	L1261058	0	1.0000
stock_b2000_full	L1262191	0	0.6894
stock_b2000_full	L1262555	1	1.0000
stock_b2000_full	L1263627	0	0.3978
stock_b2000_full	L1264592	0	1.0000
stock_b2000_full	L1266072	0	1.0000
stock_b2000_full	L1268031	0	1.0000
stock_b2000_full	L1270831	0	1.0000
stock_b2000_full	L127166	6	1.0000
stock_b2000_full	L1274721	0	1.0000
stock_b2000_full	L127737	0	0.8704
stock_b2000_full	L1277844	0	1.0000
stock_b2000_full	L1279825	0	1.0000
stock_b2000_full	L1283592	0	1.0000
stock_b2000_full	L1284907	0	1.0000
stock_b2000_full	L1285548	0	1.0000
stock_b2000_full	L1285656	0	0.9938
stock_b2000_full	L1288259	0	0.6801
stock_b2000_full	L1288267	0	1.0000
stock_b2000_full	L1288822	1	0.4907
stock_b2000_full	L1292358	0	0.9617
stock_b2000_full	L1292463	0	1.0000
stock_b2000_full	L1295598	0	1.0000
stock_b2000_full	L1298394	0	1.0000
stock_b2000_full	L1302461	1	0.6694
stock_b2000_full	L130303	0	1.0000
stock_b2000_full	L1303986	0	1.0000
stock_b2000_full	L1310424	0	1.0000
stock_b2000_full	L1311173	1	1.0000
stock_b2000_full	L1311292	1	0.5534
stock_b2000_full	L1314108	1	0.9861
stock_b2000_full	L1315018	0	1.0000
stock_b2000_full	L1315334	0	1.0000
stock_b2000_full	L1318499	0	1.0000
stock_b2000_full	L1320618	0	0.7547
stock_b2000_full	L1324414	0	1.0000
stock_b2000_full	L1325335	0	1.0000
stock_b2000_full	L1329240	0	1.0000
stock_b2000_full	L1329981	0	1.0000
stock_b2000_full	L1332662	1	0.6482
stock_b2000_full	L133319	1	0.3942
stock_b2000_full	L1333318	0	1.0000
stock_b2000_full	L1334282	0	1.0000
stock_b2000_full	L1335619	0	0.9999
stock_b2000_full	L1336525	0	1.0000
stock_b2000_full	L1337140	0	1.0000
stock_b2000_full	L1340265	0	1.0000
stock_b2000_full	L1340691	0	1.0000
stock_b2000_full	L1341879	1	1.0000
stock_b2000_full	L1342311	0	1.0000
stock_b2000_full	L1347048	0	0.7767
stock_b2000_full	L1352161	0	1.0000
stock_b2000_full	L1354558	1	1.0000
stock_b2000_full	L1354735	1	1.0000
stock_b2000_full	L1358691	0	1.0000
stock_b2000_full	L1360127	2	1.0000
stock_b2000_full	L1363513	1	1.0000
stock_b2000_full	L1363984	1	0.7190
stock_b2000_full	L1365905	0	0.8472
stock_b2000_full	L1368193	0	0.9459
stock_b2000_full	L1368338	1	0.5250
stock_b2000_full	L1369008	1	0.9958
stock_b2000_full	L1373280	0	1.0000
stock_b2000_full	L13742	1	0.5039
stock_b2000_full	L1375580	0	1.0000
stock_b2000_full	L1377097	0	1.0000
stock_b2000_full	L1377556	0	1.0000
stock_b2000_full	L1377693	0	1.0000
stock_b2000_full	L1378979	0	1.0000
stock_b2000_full	L1380013	0	1.0000
stock_b2000_full	L1386597	0	1.0000
stock_b2000_full	L1387556	0	1.0000
stock_b2000_full	L1390302	0	0.9980
stock_b2000_full	L1390641	1	0.7838
stock_b2000_full	L1392258	1	0.6400
stock_b2000_full	L1392753	0	1.0000
stock_b2000_full	L1396454	0	1.0000
stock_b2000_full	L1400580	0	1.0000
stock_b2000_full	L1400636	0	1.0000
stock_b2000_full	L1401014	0	1.0000
stock_b2000_full	L1401165	1	0.3518
stock_b2000_full	L1402303	1	0.8083
stock_b2000_full	L140764	0	1.0000
stock_b2000_full	L140781	0	1.0000
stock_b2000_full	L1418049	1	1.0000
stock_b2000_full	L1421761	0	1.0000
stock_b2000_full	L1424559	0	0.9991
stock_b2000_full	L1428063	0	0.9996
stock_b2000_full	L1428264	0	1.0000
stock_b2000_full	L1428285	1	1.0000
stock_b2000_full	L1429187	0	1.0000
stock_b2000_full	L1431175	0	1.0000
stock_b2000_full	L1437238	0	1.0000
stock_b2000_full	L1439974	0	1.0000
stock_b2000_full	L1440255	0	1.0000
stock_b2000_full	L1444255	0	1.0000
stock_b2000_full	L1451358	0	1.0000
stock_b2000_full	L1452270	0	1.0000
stock_b2000_full	L1455263	1	0.7129
stock_b2000_full	L1455658	0	0.9992
stock_b2000_full	L1458788	1	0.8335
stock_b2000_full	L1459831	0	1.0000
stock_b2000_full	L1462414	0	1.0000
stock_b2000_full	L1463862	0	1.0000
stock_b2000_full	L1464063	0	1.0000
stock_b2000_full	L1465929	0	1.0000
stock_b2000_full	L14662	0	1.0000
stock_b2000_full	L147167	1	0.9862
stock_b2000_full	L1472900	0	1.0000
stock_b2000_full	L1474244	0	1.0000
stock_b2000_full	L1477899	0	1.0000
stock_b2000_full	L1478500	0	1.0000
stock_b2000_full	L1480479	0	1.0000
stock_b2000_full	L1480710	0	1.0000
stock_b2000_full	L1481332	0	1.0000
stock_b2000_full	L1482337	0	0.9480
stock_b2000_full	L1484353	0	1.0000
stock_b2000_full	L148591	0	1.0000
stock_b2000_full	L1486539	0	1.0000
stock_b2000_full	L1488274	1	0.8886
stock_b2000_full	L1489414	0	1.0000
stock_b2000_full	L1489879	1	0.5257
stock_b2000_full	L149103	0	1.0000
stock_b2000_full	L1491304	0	1.0000
stock_b2000_full	L1494813	0	1.0000
stock_b2000_full	L1494954	0	1.0000
stock_b2000_full	L1497033	0	0.9874
stock_b2000_full	L1497246	0	0.9215
stock_b2000_full	L1499658	0	1.0000
stock_b2000_full	L1501381	1	0.6079
stock_b2000_full	L1501916	0	1.0000
stock_b2000_full	L1503626	0	0.9867
stock_b2000_full	L1503978	1	0.2672
stock_b2000_full	L1504511	0	1.0000
stock_b2000_full	L1505115	0	0.9894
stock_b2000_full	L1505874	0	1.0000
stock_b2000_full	L1510976	1	0.5003
stock_b2000_full	L1513218	0	1.0000
stock_b2000_full	L1515573	0	1.0000
stock_b2000_full	L1517373	0	1.0000
stock_b2000_full	L1519270	0	1.0000
stock_b2000_full	L1524129	0	1.0000
stock_b2000_full	L1526979	1	0.9999
stock_b2000_full	L1532824	0	1.0000
stock_b2000_full	L1538238	0	1.0000
stock_b2000_full	L1541433	0	1.0000
stock_b2000_full	L154435	1	0.5826
stock_b2000_full	L1544392	0	0.9679
stock_b2000_full	L1549234	0	0.5423
stock_b2000_full	L1549395	0	1.0000
stock_b2000_full	L1552071	0	1.0000
stock_b2000_full	L1554643	0	1.0000
stock_b2000_full	L1554665	0	1.0000
stock_b2000_full	L1554859	1	1.0000
stock_b2000_full	L1559903	0	1.0000
stock_b2000_full	L1567518	0	1.0000
stock_b2000_full	L1572835	0	1.0000
stock_b2000_full	L157772	0	1.0000
stock_b2000_full	L1580756	0	0.9997
stock_b2000_full	L1581099	1	0.5394
stock_b2000_full	L1582200	1	0.5081
stock_b2000_full	L1583028	1	0.4507
stock_b2000_full	L1583912	0	1.0000
stock_b2000_full	L1584094	0	1.0000
stock_b2000_full	L1585357	0	1.0000
stock_b2000_full	L1585994	0	0.5752
stock_b2000_full	L1586969	0	1.0000
stock_b2000_full	L1588628	0	1.0000
stock_b2000_full	L1593023	0	1.0000
stock_b2000_full	L1594227	0	0.9999
stock_b2000_full	L1594679	0	0.9936
stock_b2000_full	L1596050	0	1.0000
stock_b2000_full	L1597579	0	1.0000
stock_b2000_full	L1599085	0	1.0000
stock_b2000_full	L1599113	0	1.0000
stock_b2000_full	L1600931	0	1.0000
stock_b2000_full	L1601984	1	1.0000
stock_b2000_full	L1603557	0	0.7848
stock_b2000_full	L1604004	0	1.0000
stock_b2000_full	L1606587	0	1.0000
stock_b2000_full	L1606797	0	1.0000
stock_b2000_full	L1607075	0	1.0000
stock_b2000_full	L161033	0	1.0000
stock_b2000_full	L1610367	0	1.0000
stock_b2000_full	L1610874	0	1.0000
stock_b2000_full	L1613428	0	1.0000
stock_b2000_full	L1617572	0	1.0000
stock_b2000_full	L1618167	0	1.0000
stock_b2000_full	L1618884	1	0.5678
stock_b2000_full	L1621327	1	1.0000
stock_b2000_full	L1621345	0	1.0000
stock_b2000_full	L162378	0	1.0000
stock_b2000_full	L1628257	0	1.0000
stock_b2000_full	L1631106	1	1.0000
stock_b2000_full	L163268	0	1.0000
stock_b2000_full	L1632948	0	1.0000
stock_b2000_full	L1637063	0	1.0000
stock_b2000_full	L1639195	0	1.0000
stock_b2000_full	L1640626	0	1.0000
stock_b2000_full	L1642113	1	0.6751
stock_b2000_full	L1644306	0	1.0000
stock_b2000_full	L1645207	0	1.0000
stock_b2000_full	L1647058	0	1.0000
stock_b2000_full	L1648296	0	0.9745
stock_b2000_full	L1649255	0	1.0000
stock_b2000_full	L1653555	0	1.0000
stock_b2000_full	L1655916	1	0.5016
stock_b2000_full	L1660415	0	1.0000
stock_b2000_full	L1661451	1	0.4189
stock_b2000_full	L1661745	0	1.0000
stock_b2000_full	L166457	0	1.0000
stock_b2000_full	L1665975	0	1.0000
stock_b2000_full	L166638	0	1.0000
stock_b2000_full	L1670095	0	1.0000
stock_b2000_full	L1673626	1	0.9205
stock_b2000_full	L1676619	0	1.0000
stock_b2000_full	L1679593	1	1.0000
stock_b2000_full	L168009	0	1.0000
stock_b2000_full	L1680312	1	0.9669
stock_b2000_full	L1683860	0	0.9815
stock_b2000_full	L168501	0	1.0000
stock_b2000_full	L1686036	1	1.0000
stock_b2000_full	L1688821	0	1.0000
stock_b2000_full	L1690091	0	1.0000
stock_b2000_full	L1691992	0	1.0000
stock_b2000_full	L1696960	0	1.0000
stock_b2000_full	L1699862	1	0.9574
stock_b2000_full	L1703051	0	1.0000
stock_b2000_full	L1705727	0	1.0000
stock_b2000_full	L1706743	0	1.0000
stock_b2000_full	L1707670	0	0.9991
stock_b2000_full	L1709271	0	1.0000
stock_b2000_full	L1711120	1	0.9864
stock_b2000_full	L1712110	0	1.0000
stock_b2000_full	L1713612	0	0.7495
stock_b2000_full	L1715186	0	1.0000
stock_b2000_full	L1717039	0	1.0000
stock_b2000_full	L1717487	1	0.5902
stock_b2000_full	L1717679	1	0.6639
stock_b2000_full	L171872	0	1.0000
stock_b2000_full	L1720671	0	1.0000
stock_b2000_full	L1724030	0	1.0000
stock_b2000_full	L1724603	1	0.6871
stock_b2000_full	L1725907	0	0.5023
stock_b2000_full	L1726884	0	1.0000
stock_b2000_full	L1730039	0	0.9181
stock_b2000_full	L1731278	0	1.0000
stock_b2000_full	L1731637	0	0.9999
stock_b2000_full	L1731806	0	1.0000
stock_b2000_full	L1731825	0	1.0000
stock_b2000_full	L1733434	0	0.9396
stock_b2000_full	L1735605	0	1.0000
stock_b2000_full	L1738043	0	1.0000
stock_b2000_full	L173888	0	1.0000
stock_b2000_full	L1741025	0	1.0000
stock_b2000_full	L1741283	1	0.5888
stock_b2000_full	L1743121	0	1.0000
stock_b2000_full	L1743160	0	1.0000
stock_b2000_full	L1745840	1	1.0000
stock_b2000_full	L1747985	0	1.0000
stock_b2000_full	L1748111	0	1.0000
stock_b2000_full	L1748189	0	1.0000
stock_b2000_full	L1748363	0	1.0000
stock_b2000_full	L175173	0	1.0000
stock_b2000_full	L1755181	0	1.0000
stock_b2000_full	L1755241	0	1.0000
stock_b2000_full	L1756620	0	1.0000
stock_b2000_full	L1757163	0	1.0000
stock_b2000_full	L1758219	0	1.0000
stock_b2000_full	L1758321	0	1.0000
stock_b2000_full	L1759705	1	0.6010
stock_b2000_full	L1759939	0	1.0000
stock_b2000_full	L1760678	0	1.0000
stock_b2000_full	L1763126	1	0.8079
stock_b2000_full	L1763366	1	1.0000
stock_b2000_full	L1765485	1	0.3956
stock_b2000_full	L176768	0	1.0000
stock_b2000_full	L176849	0	0.9985
stock_b2000_full	L1776351	1	0.5268
stock_b2000_full	L1778817	0	1.0000
stock_b2000_full	L1780398	0	1.0000
stock_b2000_full	L1780819	1	1.0000
stock_b2000_full	L1781469	0	1.0000
stock_b2000_full	L178235	0	1.0000
stock_b2000_full	L1783781	0	1.0000
stock_b2000_full	L1784891	0	1.0000
stock_b2000_full	L1785029	1	0.9956
stock_b2000_full	L1787087	0	1.0000
stock_b2000_full	L1788394	1	0.7057
stock_b2000_full	L1789260	0	1.0000
stock_b2000_full	L1790726	0	1.0000
stock_b2000_full	L1792213	0	1.0000
stock_b2000_full	L1793164	0	1.0000
stock_b2000_full	L1794818	0	1.0000
stock_b2000_full	L1801229	0	1.0000
stock_b2000_full	L1801776	0	0.9977
stock_b2000_full	L1802441	0	1.0000
stock_b2000_full	L180370	0	1.0000
stock_b2000_full	L1806674	0	0.9608
stock_b2000_full	L1808057	1	1.0000
stock_b2000_full	L1809763	0	1.0000
stock_b2000_full	L1812832	0	1.0000
stock_b2000_full	L1813363	0	1.0000
stock_b2000_full	L1814194	0	1.0000
stock_b2000_full	L1814234	0	1.0000
stock_b2000_full	L1818724	0	1.0000
stock_b2000_full	L1819800	1	0.6414
stock_b2000_full	L1823583	1	0.5013
stock_b2000_full	L1825133	0	1.0000
stock_b2000_full	L1825229	0	1.0000
stock_b2000_full	L1832290	0	1.0000
stock_b2000_full	L1832446	0	1.0000
stock_b2000_full	L1833126	1	0.8113
stock_b2000_full	L1833750	0	1.0000
stock_b2000_full	L1835210	0	1.0000
stock_b2000_full	L1842784	0	1.0000
stock_b2000_full	L185114	11	1.0000
stock_b2000_full	L1852801	0	1.0000
stock_b2000_full	L1853941	0	1.0000
stock_b2000_full	L1854338	0	1.0000
stock_b2000_full	L1855067	0	1.0000
stock_b2000_full	L1855202	0	1.0000
stock_b2000_full	L1861694	0	1.0000
stock_b2000_full	L1863372	0	1.0000
stock_b2000_full	L1864158	0	1.0000
stock_b2000_full	L1866755	0	1.0000
stock_b2000_full	L1866797	0	1.0000
stock_b2000_full	L1867100	0	1.0000
stock_b2000_full	L1868072	0	1.0000
stock_b2000_full	L1868786	0	1.0000
stock_b2000_full	L1870755	0	0.8890
stock_b2000_full	L1873641	0	1.0000
stock_b2000_full	L1875088	0	1.0000
stock_b2000_full	L18753	0	1.0000
stock_b2000_full	L1876216	0	1.0000
stock_b2000_full	L1877597	0	0.9917
stock_b2000_full	L1879699	0	1.0000
stock_b2000_full	L188182	0	1.0000
stock_b2000_full	L1884979	0	1.0000
stock_b2000_full	L1887497	0	1.0000
stock_b2000_full	L1889689	0	1.0000
stock_b2000_full	L189044	0	1.0000
stock_b2000_full	L1890907	1	1.0000
stock_b2000_full	L1892153	0	0.9961
stock_b2000_full	L1892928	0	1.0000
stock_b2000_full	L1895412	0	1.0000
stock_b2000_full	L1896118	0	1.0000
stock_b2000_full	L1896496	0	1.0000
stock_b2000_full	L1898387	0	0.9999
stock_b2000_full	L1899178	1	0.4216
stock_b2000_full	L1900972	0	1.0000
stock_b2000_full	L1901522	0	1.0000
stock_b2000_full	L1905187	1	0.8526
stock_b2000_full	L1909864	0	1.0000
stock_b2000_full	L1910829	0	1.0000
stock_b2000_full	L1913433	0	0.9962
stock_b2000_full	L1913798	0	1.0000
stock_b2000_full	L1914992	0	1.0000
stock_b2000_full	L1915202	0	1.0000
stock_b2000_full	L1918380	0	1.0000
stock_b2000_full	L1919010	0	1.0000
stock_b2000_full	L1920162	0	0.9089
stock_b2000_full	L1920404	1	0.5483
stock_b2000_full	L192109	0	1.0000
stock_b2000_full	L1922907	0	1.0000
stock_b2000_full	L1927325	0	1.0000
stock_b2000_full	L1928915	0	1.0000
stock_b2000_full	L1929090	1	1.0000
stock_b2000_full	L1929913	0	1.0000
stock_b2000_full	L1930346	0	1.0000
stock_b2000_full	L1930461	1	1.0000
stock_b2000_full	L1931337	0	1.0000
stock_b2000_full	L1935951	0	1.0000
stock_b2000_full	L1938073	0	1.0000
stock_b2000_full	L1938493	0	1.0000
stock_b2000_full	L1938969	0	1.0000
stock_b2000_full	L1939654	0	1.0000
stock_b2000_full	L19410	0	0.5505
stock_b2000_full	L1941050	0	1.0000
stock_b2000_full	L1942954	1	0.7987
stock_b2000_full	L194883	0	1.0000
stock_b2000_full	L195067	0	1.0000
stock_b2000_full	L1954724	0	0.5113
stock_b2000_full	L1954877	0	1.0000
stock_b2000_full	L1955320	0	1.0000
stock_b2000_full	L1955689	0	1.0000
stock_b2000_full	L1956555	0	1.0000
stock_b2000_full	L1960852	0	1.0000
stock_b2000_full	L1961648	0	1.0000
stock_b2000_full	L1961909	0	1.0000
stock_b2000_full	L1963487	0	1.0000
stock_b2000_full	L1967977	0	1.0000
stock_b2000_full	L1968825	0	1.0000
stock_b2000_full	L1969782	0	1.0000
stock_b2000_full	L1973357	0	1.0000
stock_b2000_full	L1976963	1	0.8365
stock_b2000_full	L1978016	0	0.8872
stock_b2000_full	L1981874	0	1.0000
stock_b2000_full	L1982297	0	1.0000
stock_b2000_full	L1986935	0	1.0000
stock_b2000_full	L1988468	0	1.0000
stock_b2000_full	L1993702	0	1.0000
stock_b2000_full	L1994929	0	1.0000
stock_b2000_full	L1995502	0	1.0000
stock_b2000_full	L199621	0	1.0000
stock_b2000_full	L199741	0	1.0000
stock_b2000_full	L200062	0	1.0000
stock_b2000_full	L200339	0	1.0000
stock_b2000_full	L201693	1	0.9226
stock_b2000_full	L204755	0	1.0000
stock_b2000_full	L207526	1	1.0000
stock_b2000_full	L209164	0	1.0000
stock_b2000_full	L211149	0	1.0000
stock_b2000_full	L213058	0	1.0000
stock_b2000_full	L21416	0	0.9988
stock_b2000_full	L215127	0	1.0000
stock_b2000_full	L217152	0	1.0000
stock_b2000_full	L220237	0	1.0000
stock_b2000_full	L224269	0	1.0000
stock_b2000_full	L224492	0	1.0000
stock_b2000_full	L225627	0	1.0000
stock_b2000_full	L230051	0	1.0000
stock_b2000_full	L23270	0	0.9182
stock_b2000_full	L234353	1	1.0000
stock_b2000_full	L234368	1	1.0000
stock_b2000_full	L238830	0	1.0000
stock_b2000_full	L239409	1	0.8840
stock_b2000_full	L241654	1	0.5452
stock_b2000_full	L241655	1	0.5500
stock_b2000_full	L245384	0	1.0000
stock_b2000_full	L245820	0	1.0000
stock_b2000_full	L246104	0	1.0000
stock_b2000_full	L251332	2	0.5095
stock_b2000_full	L251678	1	1.0000
stock_b2000_full	L255307	0	1.0000
stock_b2000_full	L257527	0	1.0000
stock_b2000_full	L258589	0	1.0000
stock_b2000_full	L266408	0	1.0000
stock_b2000_full	L268084	1	0.6801
stock_b2000_full	L268984	0	1.0000
stock_b2000_full	L27508	1	1.0000
stock_b2000_full	L275193	0	1.0000
stock_b2000_full	L278395	0	1.0000
stock_b2000_full	L278593	0	0.9630
stock_b2000_full	L27964	0	1.0000
stock_b2000_full	L284367	1	1.0000
stock_b2000_full	L28444	1	0.5044
stock_b2000_full	L284476	0	1.0000
stock_b2000_full	L28553	1	0.6760
stock_b2000_full	L29036	0	1.0000
stock_b2000_full	L296959	0	1.0000
stock_b2000_full	L299623	0	1.0000
stock_b2000_full	L3055	1	1.0000
stock_b2000_full	L307255	0	1.0000
stock_b2000_full	L308212	0	1.0000
stock_b2000_full	L308969	0	1.0000
stock_b2000_full	L309051	0	1.0000
stock_b2000_full	L309322	0	1.0000
stock_b2000_full	L311702	0	1.0000
stock_b2000_full	L312583	1	1.0000
stock_b2000_full	L313358	1	0.8853
stock_b2000_full	L313697	2	0.7997
stock_b2000_full	L315634	1	0.4828
stock_b2000_full	L315700	1	0.6480
stock_b2000_full	L31685	0	1.0000
stock_b2000_full	L317033	0	1.0000
stock_b2000_full	L31899	1	0.8041
stock_b2000_full	L323351	0	1.0000
stock_b2000_full	L32395	0	1.0000
stock_b2000_full	L326685	0	1.0000
stock_b2000_full	L326694	0	1.0000
stock_b2000_full	L327568	0	1.0000
stock_b2000_full	L32832	1	1.0000
stock_b2000_full	L329474	0	1.0000
stock_b2000_full	L334900	0	1.0000
stock_b2000_full	L33647	0	1.0000
stock_b2000_full	L34212	0	0.7605
stock_b2000_full	L342129	0	1.0000
stock_b2000_full	L342665	0	1.0000
stock_b2000_full	L342801	0	1.0000
stock_b2000_full	L342978	0	1.0000
stock_b2000_full	L343956	0	0.6026
stock_b2000_full	L346141	0	1.0000
stock_b2000_full	L34800	0	1.0000
stock_b2000_full	L348481	1	1.0000
stock_b2000_full	L353810	0	1.0000
stock_b2000_full	L356341	0	1.0000
stock_b2000_full	L356443	0	0.9842
stock_b2000_full	L356686	1	1.0000
stock_b2000_full	L360886	0	0.7622
stock_b2000_full	L361342	0	1.0000
stock_b2000_full	L362904	1	1.0000
stock_b2000_full	L367241	0	1.0000
stock_b2000_full	L367843	0	0.5122
stock_b2000_full	L368076	0	1.0000
stock_b2000_full	L370099	0	1.0000
stock_b2000_full	L372147	0	1.0000
stock_b2000_full	L37428	0	1.0000
stock_b2000_full	L37487	0	1.0000
stock_b2000_full	L37506	0	1.0000
stock_b2000_full	L377747	0	1.0000
stock_b2000_full	L378292	1	1.0000
stock_b2000_full	L379881	0	1.0000
stock_b2000_full	L38020	1	0.5700
stock_b2000_full	L382144	0	1.0000
stock_b2000_full	L382805	0	0.9912
stock_b2000_full	L38293	0	1.0000
stock_b2000_full	L385542	1	1.0000
stock_b2000_full	L386709	0	0.9995
stock_b2000_full	L387070	0	1.0000
stock_b2000_full	L389418	0	1.0000
stock_b2000_full	L39295	0	1.0000
stock_b2000_full	L394806	0	1.0000
stock_b2000_full	L395376	0	0.9205
stock_b2000_full	L398208	1	0.5810
stock_b2000_full	L400063	0	1.0000
stock_b2000_full	L401172	0	1.0000
stock_b2000_full	L404610	0	1.0000
stock_b2000_full	L40463	0	1.0000
stock_b2000_full	L40743	0	1.0000
stock_b2000_full	L408206	0	1.0000
stock_b2000_full	L409731	0	1.0000
stock_b2000_full	L410067	0	0.9879
stock_b2000_full	L412722	1	0.9134
stock_b2000_full	L412963	1	0.9974
stock_b2000_full	L417292	0	1.0000
stock_b2000_full	L418430	0	1.0000
stock_b2000_full	L421624	1	0.4010
stock_b2000_full	L428880	0	1.0000
stock_b2000_full	L432029	0	1.0000
stock_b2000_full	L432071	0	0.9996
stock_b2000_full	L434883	0	1.0000
stock_b2000_full	L436548	0	1.0000
stock_b2000_full	L440015	1	1.0000
stock_b2000_full	L441824	0	1.0000
stock_b2000_full	L443589	0	1.0000
stock_b2000_full	L443976	1	1.0000
stock_b2000_full	L445230	0	1.0000
stock_b2000_full	L446017	0	1.0000
stock_b2000_full	L446776	0	0.7521
stock_b2000_full	L44774	0	1.0000
stock_b2000_full	L447866	0	0.9998
stock_b2000_full	L451459	0	1.0000
stock_b2000_full	L452100	0	1.0000
stock_b2000_full	L453027	1	0.6585
stock_b2000_full	L455667	0	1.0000
stock_b2000_full	L458918	1	0.8272
stock_b2000_full	L460660	0	1.0000
stock_b2000_full	L460944	0	1.0000
stock_b2000_full	L461664	0	1.0000
stock_b2000_full	L463867	1	0.6502
stock_b2000_full	L464238	1	1.0000
stock_b2000_full	L464909	1	0.6182
stock_b2000_full	L465321	1	0.7149
stock_b2000_full	L465380	0	1.0000
stock_b2000_full	L472494	0	1.0000
stock_b2000_full	L478647	2	0.4386
stock_b2000_full	L481639	1	0.4953
stock_b2000_full	L482576	0	0.9637
stock_b2000_full	L48305	0	0.5182
stock_b2000_full	L484367	0	1.0000
stock_b2000_full	L48470	1	0.5432
stock_b2000_full	L486859	1	1.0000
stock_b2000_full	L49167	1	0.4927
stock_b2000_full	L497252	0	1.0000
stock_b2000_full	L497478	0	1.0000
stock_b2000_full	L500974	4	1.0000
stock_b2000_full	L502206	0	0.9998
stock_b2000_full	L505867	0	1.0000
stock_b2000_full	L507299	2	0.8988
stock_b2000_full	L508411	1	1.0000
stock_b2000_full	L510079	0	1.0000
stock_b2000_full	L510795	0	1.0000
stock_b2000_full	L512309	0	1.0000
stock_b2000_full	L515174	0	1.0000
stock_b2000_full	L515848	0	0.8201
stock_b2000_full	L519283	0	1.0000
stock_b2000_full	L521776	0	1.0000
stock_b2000_full	L522160	0	1.0000
stock_b2000_full	L522318	0	1.0000
stock_b2000_full	L523327	0	1.0000
stock_b2000_full	L523370	0	1.0000
stock_b2000_full	L526262	0	1.0000
stock_b2000_full	L526516	1	0.8257
stock_b2000_full	L528212	0	1.0000
stock_b2000_full	L528692	0	1.0000
stock_b2000_full	L530014	0	1.0000
stock_b2000_full	L532143	0	1.0000
stock_b2000_full	L533793	0	1.0000
stock_b2000_full	L536321	0	1.0000
stock_b2000_full	L538070	0	1.0000
stock_b2000_full	L541636	0	1.0000
stock_b2000_full	L548193	0	1.0000
stock_b2000_full	L549658	0	1.0000
stock_b2000_full	L552457	0	1.0000
stock_b2000_full	L553070	0	1.0000
stock_b2000_full	L553796	0	1.0000
stock_b2000_full	L557356	0	1.0000
stock_b2000_full	L560445	1	0.4395
stock_b2000_full	L562316	0	1.0000
stock_b2000_full	L564346	0	1.0000
stock_b2000_full	L564945	0	1.0000
stock_b2000_full	L570022	1	1.0000
stock_b2000_full	L570410	1	0.6142
stock_b2000_full	L578894	1	1.0000
stock_b2000_full	L580515	0	1.0000
stock_b2000_full	L582232	0	1.0000
stock_b2000_full	L58230	0	1.0000
stock_b2000_full	L582596	0	0.9923
stock_b2000_full	L583540	1	0.6716
stock_b2000_full	L591002	0	1.0000
stock_b2000_full	L594898	0	0.9999
stock_b2000_full	L603993	0	1.0000
stock_b2000_full	L608579	0	0.7307
stock_b2000_full	L611247	0	1.0000
stock_b2000_full	L612525	0	0.9412
stock_b2000_full	L613607	1	1.0000
stock_b2000_full	L616384	0	0.8117
stock_b2000_full	L616608	0	1.0000
stock_b2000_full	L618876	0	1.0000
stock_b2000_full	L62362	1	1.0000
stock_b2000_full	L626867	0	1.0000
stock_b2000_full	L627892	0	1.0000
stock_b2000_full	L629447	0	1.0000
stock_b2000_full	L630054	0	1.0000
stock_b2000_full	L632248	0	1.0000
stock_b2000_full	L633134	1	0.5098
stock_b2000_full	L636292	0	1.0000
stock_b2000_full	L636628	0	1.0000
stock_b2000_full	L638515	0	1.0000
stock_b2000_full	L640623	0	0.7488
stock_b2000_full	L643973	0	0.9806
stock_b2000_full	L647704	0	1.0000
stock_b2000_full	L647846	2	0.6522
stock_b2000_full	L647960	0	0.8702
stock_b2000_full	L649179	0	1.0000
stock_b2000_full	L650666	0	1.0000
stock_b2000_full	L651714	0	0.9958
stock_b2000_full	L653750	0	1.0000
stock_b2000_full	L655372	0	1.0000
stock_b2000_full	L655384	0	1.0000
stock_b2000_full	L65596	0	1.0000
stock_b2000_full	L656694	0	1.0000
stock_b2000_full	L658042	0	1.0000
stock_b2000_full	L658497	0	1.0000
stock_b2000_full	L669210	0	1.0000
stock_b2000_full	L670330	1	1.0000
stock_b2000_full	L670613	0	1.0000
stock_b2000_full	L673602	2	1.0000
stock_b2000_full	L674223	1	1.0000
stock_b2000_full	L675700	0	1.0000
stock_b2000_full	L675990	1	1.0000
stock_b2000_full	L676345	1	1.0000
stock_b2000_full	L677042	0	1.0000
stock_b2000_full	L678590	0	1.0000
stock_b2000_full	L681297	10	1.0000
stock_b2000_full	L681978	0	1.0000
stock_b2000_full	L686347	0	1.0000
stock_b2000_full	L68830	1	1.0000
stock_b2000_full	L689497	0	1.0000
stock_b2000_full	L692518	0	1.0000
stock_b2000_full	L693078	1	1.0000
stock_b2000_full	L695087	0	1.0000
stock_b2000_full	L696140	1	1.0000
stock_b2000_full	L696284	1	1.0000
stock_b2000_full	L698369	0	1.0000
stock_b2000_full	L699934	0	1.0000
stock_b2000_full	L700319	0	1.0000
stock_b2000_full	L700376	0	1.0000
stock_b2000_full	L702155	0	1.0000
stock_b2000_full	L702232	0	1.0000
stock_b2000_full	L702417	0	1.0000
stock_b2000_full	L702602	0	1.0000
stock_b2000_full	L703962	0	1.0000
stock_b2000_full	L705651	0	1.0000
stock_b2000_full	L70618	0	1.0000
stock_b2000_full	L706311	0	1.0000
stock_b2000_full	L708354	1	1.0000
stock_b2000_full	L709354	0	1.0000
stock_b2000_full	L711289	0	1.0000
stock_b2000_full	L711549	1	1.0000
stock_b2000_full	L712265	0	1.0000
stock_b2000_full	L71335	0	0.9999
stock_b2000_full	L715388	0	1.0000
stock_b2000_full	L718862	0	1.0000
stock_b2000_full	L720458	0	1.0000
stock_b2000_full	L725718	0	1.0000
stock_b2000_full	L731065	0	1.0000
stock_b2000_full	L731308	1	0.9773
stock_b2000_full	L733646	0	1.0000
stock_b2000_full	L734133	0	1.0000
stock_b2000_full	L737457	0	1.0000
stock_b2000_full	L740821	0	1.0000
stock_b2000_full	L743068	0	1.0000
stock_b2000_full	L74316	0	1.0000
stock_b2000_full	L743890	1	0.4411
stock_b2000_full	L744275	0	1.0000
stock_b2000_full	L745574	0	0.6576
stock_b2000_full	L74731	0	1.0000
stock_b2000_full	L750954	0	0.9491
stock_b2000_full	L751703	0	1.0000
stock_b2000_full	L751958	0	1.0000
stock_b2000_full	L752278	0	0.9998
stock_b2000_full	L754591	0	1.0000
stock_b2000_full	L755244	0	1.0000
stock_b2000_full	L756992	0	1.0000
stock_b2000_full	L75760	1	1.0000
stock_b2000_full	L75765	0	0.9060
stock_b2000_full	L757775	0	1.0000
stock_b2000_full	L758305	0	1.0000
stock_b2000_full	L765760	0	1.0000
stock_b2000_full	L76713	0	1.0000
stock_b2000_full	L76922	0	1.0000
stock_b2000_full	L769388	0	1.0000
stock_b2000_full	L770244	0	1.0000
stock_b2000_full	L773323	0	1.0000
stock_b2000_full	L774762	0	1.0000
stock_b2000_full	L775829	0	1.0000
stock_b2000_full	L775913	0	1.0000
stock_b2000_full	L779987	0	1.0000
stock_b2000_full	L783260	0	1.0000
stock_b2000_full	L785799	1	1.0000
stock_b2000_full	L789159	1	1.0000
stock_b2000_full	L790398	0	1.0000
stock_b2000_full	L790433	0	1.0000
stock_b2000_full	L791637	0	1.0000
stock_b2000_full	L792255	0	1.0000
stock_b2000_full	L794487	0	1.0000
stock_b2000_full	L794834	0	1.0000
stock_b2000_full	L797144	1	0.7093
stock_b2000_full	L800738	0	1.0000
stock_b2000_full	L800847	1	1.0000
stock_b2000_full	L801514	0	1.0000
stock_b2000_full	L803685	1	0.7720
stock_b2000_full	L804478	1	0.5590
stock_b2000_full	L805558	0	1.0000
stock_b2000_full	L808991	0	1.0000
stock_b2000_full	L809814	0	0.9219
stock_b2000_full	L810684	0	1.0000
stock_b2000_full	L812222	0	1.0000
stock_b2000_full	L812290	0	1.0000
stock_b2000_full	L812450	0	1.0000
stock_b2000_full	L812783	0	1.0000
stock_b2000_full	L815933	0	1.0000
stock_b2000_full	L816930	0	1.0000
stock_b2000_full	L817748	0	0.9043
stock_b2000_full	L818516	0	1.0000
stock_b2000_full	L819561	1	0.8271
stock_b2000_full	L820879	1	0.9979
stock_b2000_full	L822130	0	1.0000
stock_b2000_full	L825457	0	0.9991
stock_b2000_full	L825873	0	1.0000
stock_b2000_full	L828109	0	1.0000
stock_b2000_full	L828870	0	1.0000
stock_b2000_full	L829044	0	1.0000
stock_b2000_full	L832242	0	1.0000
stock_b2000_full	L8343	0	1.0000
stock_b2000_full	L834344	0	1.0000
stock_b2000_full	L839806	0	1.0000
stock_b2000_full	L844851	0	0.9530
stock_b2000_full	L845595	1	0.9643
stock_b2000_full	L846580	2	0.7067
stock_b2000_full	L847676	0	1.0000
stock_b2000_full	L849015	0	1.0000
stock_b2000_full	L851950	0	1.0000
stock_b2000_full	L854818	0	1.0000
stock_b2000_full	L85825	1	0.7650
stock_b2000_full	L85840	1	1.0000
stock_b2000_full	L859958	0	1.0000
stock_b2000_full	L860612	0	1.0000
stock_b2000_full	L861318	0	1.0000
stock_b2000_full	L866049	0	1.0000
stock_b2000_full	L867466	0	1.0000
stock_b2000_full	L869627	1	1.0000
stock_b2000_full	L871416	0	1.0000
stock_b2000_full	L872091	0	1.0000
stock_b2000_full	L873200	1	0.8017
stock_b2000_full	L876650	0	1.0000
stock_b2000_full	L884104	0	1.0000
stock_b2000_full	L884785	0	1.0000
stock_b2000_full	L885277	0	1.0000
stock_b2000_full	L8861	0	1.0000
stock_b2000_full	L887140	0	0.9732
stock_b2000_full	L887277	0	1.0000
stock_b2000_full	L887364	0	1.0000
stock_b2000_full	L88795	0	1.0000
stock_b2000_full	L889560	0	1.0000
stock_b2000_full	L889604	0	1.0000
stock_b2000_full	L889976	1	1.0000
stock_b2000_full	L892910	0	0.9975
stock_b2000_full	L894743	0	1.0000
stock_b2000_full	L895481	0	0.9906
stock_b2000_full	L89624	0	1.0000
stock_b2000_full	L898110	0	1.0000
stock_b2000_full	L899934	0	1.0000
stock_b2000_full	L901557	0	1.0000
stock_b2000_full	L903060	0	1.0000
stock_b2000_full	L909174	0	0.9997
stock_b2000_full	L910438	0	1.0000
stock_b2000_full	L911123	1	0.6867
stock_b2000_full	L913104	1	0.5228
stock_b2000_full	L913132	1	0.7852
stock_b2000_full	L913296	1	0.8880
stock_b2000_full	L913615	0	1.0000
stock_b2000_full	L914330	0	1.0000
stock_b2000_full	L915554	0	1.0000
stock_b2000_full	L915671	0	1.0000
stock_b2000_full	L915744	0	1.0000
stock_b2000_full	L916223	0	1.0000
stock_b2000_full	L920408	0	0.7973
stock_b2000_full	L920940	0	0.9880
stock_b2000_full	L9266	0	1.0000
stock_b2000_full	L927953	1	0.8360
stock_b2000_full	L928327	0	0.9605
stock_b2000_full	L931161	1	0.9999
stock_b2000_full	L934785	1	0.5031
stock_b2000_full	L93700	0	0.9974
stock_b2000_full	L937336	1	0.6025
stock_b2000_full	L93870	1	1.0000
stock_b2000_full	L94108	0	1.0000
stock_b2000_full	L94384	2	0.6804
stock_b2000_full	L944991	0	1.0000
stock_b2000_full	L945211	0	0.9988
stock_b2000_full	L946926	0	1.0000
stock_b2000_full	L947812	0	1.0000
stock_b2000_full	L952666	0	1.0000
stock_b2000_full	L95463	0	1.0000
stock_b2000_full	L954661	0	1.0000
stock_b2000_full	L957035	0	1.0000
stock_b2000_full	L960491	1	0.7338
stock_b2000_full	L962773	0	1.0000
stock_b2000_full	L965392	0	1.0000
stock_b2000_full	L966579	0	1.0000
stock_b2000_full	L966704	1	1.0000
stock_b2000_full	L96702	0	1.0000
stock_b2000_full	L972885	0	1.0000
stock_b2000_full	L973165	0	1.0000
stock_b2000_full	L974460	0	1.0000
stock_b2000_full	L975279	0	1.0000
stock_b2000_full	L976794	1	0.5008
stock_b2000_full	L977480	0	1.0000
stock_b2000_full	L983396	1	1.0000
stock_b2000_full	L986207	0	1.0000
stock_b2000_full	L986844	0	0.9999
stock_b2000_full	L987024	0	1.0000
stock_b2000_full	L987386	0	1.0000
stock_b2000_full	L989146	0	1.0000
stock_b2000_full	L989266	0	0.9187
stock_b2000_full	L991824	0	1.0000
stock_b2000_full	L996093	0	1.0000
stock_b2000_full	L997656	0	1.0000
stock_b2000_full	L998814	0	1.0000
stock_b5000_frag	L100289	4	1.0000
stock_b5000_frag	L1004865	0	0.9316
stock_b5000_frag	L1006665	4	1.0000
stock_b5000_frag	L1010975	4	0.5128
stock_b5000_frag	L1011724	1	1.0000
stock_b5000_frag	L1012208	3	0.5039
stock_b5000_frag	L1015696	2	1.0000
stock_b5000_frag	L101727	1	1.0000
stock_b5000_frag	L1023217	0	0.9999
stock_b5000_frag	L1025412	0	0.7861
stock_b5000_frag	L1027134	4	1.0000
stock_b5000_frag	L1027481	1	0.9908
stock_b5000_frag	L1028893	2	1.0000
stock_b5000_frag	L1031539	0	1.0000
stock_b5000_frag	L1032369	1	0.4946
stock_b5000_frag	L1033675	2	1.0000
stock_b5000_frag	L1034699	3	0.9999
stock_b5000_frag	L1039147	2	1.0000
stock_b5000_frag	L1039291	1	1.0000
stock_b5000_frag	L1041837	3	0.8147
stock_b5000_frag	L1044293	1	1.0000
stock_b5000_frag	L1044534	1	1.0000
stock_b5000_frag	L1046429	0	1.0000
stock_b5000_frag	L1046729	1	1.0000
stock_b5000_frag	L1049265	0	1.0000
stock_b5000_frag	L1050429	0	0.9243
stock_b5000_frag	L1052304	1	1.0000
stock_b5000_frag	L1053257	0	1.0000
stock_b5000_frag	L1056213	1	1.0000
stock_b5000_frag	L1059470	1	1.0000
stock_b5000_frag	L106110	1	1.0000
stock_b5000_frag	L1062366	1	1.0000
stock_b5000_frag	L1062432	2	1.0000
stock_b5000_frag	L1062927	0	1.0000
stock_b5000_frag	L1064437	3	1.0000
stock_b5000_frag	L1065632	6	0.9995
stock_b5000_frag	L106767	0	1.0000
stock_b5000_frag	L1069926	0	1.0000
stock_b5000_frag	L1070671	1	0.9503
stock_b5000_frag	L1071499	1	0.9766
stock_b5000_frag	L1072629	1	0.5017
stock_b5000_frag	L1073158	1	1.0000
stock_b5000_frag	L1076326	0	1.0000
stock_b5000_frag	L1080809	0	1.0000
stock_b5000_frag	L1081949	0	1.0000
stock_b5000_frag	L1083215	0	1.0000
stock_b5000_frag	L1084315	1	1.0000
stock_b5000_frag	L1085405	0	1.0000
stock_b5000_frag	L1085680	0	1.0000
stock_b5000_frag	L1086867	1	0.4566
stock_b5000_frag	L1088293	1	0.9996
stock_b5000_frag	L1090079	4	1.0000
stock_b5000_frag	L109023	0	1.0000
stock_b5000_frag	L1090288	6	1.0000
stock_b5000_frag	L1090501	1	0.9478
stock_b5000_frag	L1091700	2	1.0000
stock_b5000_frag	L1094809	1	1.0000
stock_b5000_frag	L1096011	0	1.0000
stock_b5000_frag	L1097545	1	1.0000
stock_b5000_frag	L1100323	1	0.9992
stock_b5000_frag	L1100804	0	1.0000
stock_b5000_frag	L1101088	10	1.0000
stock_b5000_frag	L1103740	6	1.0000
stock_b5000_frag	L1104218	0	1.0000
stock_b5000_frag	L1108713	1	0.8800
stock_b5000_frag	L1109452	4	0.9824
stock_b5000_frag	L1113663	0	0.9999
stock_b5000_frag	L1115257	1	0.9489
stock_b5000_frag	L1117268	0	0.5786
stock_b5000_frag	L1117581	0	0.9799
stock_b5000_frag	L1117809	0	1.0000
stock_b5000_frag	L1118699	1	0.5465
stock_b5000_frag	L112129	7	1.0000
stock_b5000_frag	L1126989	0	1.0000
stock_b5000_frag	L1128445	1	1.0000
stock_b5000_frag	L1128464	0	1.0000
stock_b5000_frag	L1133110	3	0.4774
stock_b5000_frag	L1133196	1	0.5542
stock_b5000_frag	L1133707	0	0.9797
stock_b5000_frag	L1134196	1	0.5886
stock_b5000_frag	L1135754	0	1.0000
stock_b5000_frag	L1139882	1	0.5278
stock_b5000_frag	L1142588	2	0.9980
stock_b5000_frag	L1144170	2	0.9679
stock_b5000_frag	L1145262	0	1.0000
stock_b5000_frag	L1147764	2	0.5619
stock_b5000_frag	L114917	1	0.9975
stock_b5000_frag	L1154214	0	1.0000
stock_b5000_frag	L115634	2	1.0000
stock_b5000_frag	L1163405	1	0.7901
stock_b5000_frag	L1165069	2	0.9995
stock_b5000_frag	L1168131	1	0.9277
stock_b5000_frag	L1171356	2	1.0000
stock_b5000_frag	L1172663	0	1.0000
stock_b5000_frag	L1173032	0	0.9856
stock_b5000_frag	L1176966	0	1.0000
stock_b5000_frag	L1178697	0	1.0000
stock_b5000_frag	L1181966	0	1.0000
stock_b5000_frag	L1184289	0	0.9986
stock_b5000_frag	L1184787	0	1.0000
stock_b5000_frag	L1187520	5	0.5348
stock_b5000_frag	L1188064	2	1.0000
stock_b5000_frag	L1188531	4	1.0000
stock_b5000_frag	L119105	3	0.5946
stock_b5000_frag	L1194657	1	1.0000
stock_b5000_frag	L119513	0	1.0000
stock_b5000_frag	L1197033	0	1.0000
stock_b5000_frag	L1197756	0	1.0000
stock_b5000_frag	L1198436	9	0.3334
stock_b5000_frag	L1199013	1	0.8802
stock_b5000_frag	L120088	0	1.0000
stock_b5000_frag	L1201990	1	1.0000
stock_b5000_frag	L1203129	0	0.7899
stock_b5000_frag	L1204138	1	1.0000
stock_b5000_frag	L1204996	2	0.8628
stock_b5000_frag	L1205130	0	1.0000
stock_b5000_frag	L1208208	1	0.8394
stock_b5000_frag	L1210124	2	0.5804
stock_b5000_frag	L1210243	1	0.9800
stock_b5000_frag	L1210738	1	1.0000
stock_b5000_frag	L1211006	4	1.0000
stock_b5000_frag	L1211126	0	0.7314
stock_b5000_frag	L1212929	1	0.8255
stock_b5000_frag	L121345	0	1.0000
stock_b5000_frag	L1216921	0	1.0000
stock_b5000_frag	L1217888	1	0.9497
stock_b5000_frag	L1217909	8	1.0000
stock_b5000_frag	L1221395	1	0.9544
stock_b5000_frag	L122149	1	0.6610
stock_b5000_frag	L1222072	0	0.9997
stock_b5000_frag	L1223120	1	1.0000
stock_b5000_frag	L1226772	1	0.9889
stock_b5000_frag	L12278	0	1.0000
stock_b5000_frag	L1228969	0	1.0000
stock_b5000_frag	L1230909	0	1.0000
stock_b5000_frag	L1234354	0	1.0000
stock_b5000_frag	L1235931	3	1.0000
stock_b5000_frag	L1236533	1	1.0000
stock_b5000_frag	L1239299	3	1.0000
stock_b5000_frag	L1241887	0	0.6521
stock_b5000_frag	L1243845	2	0.9997
stock_b5000_frag	L124425	2	0.9711
stock_b5000_frag	L1246704	0	1.0000
stock_b5000_frag	L1249395	2	1.0000
stock_b5000_frag	L1258357	0	0.9887
stock_b5000_frag	L1258779	0	1.0000
stock_b5000_frag	L1260725	2	1.0000
stock_b5000_frag	L1260761	1	0.9856
stock_b5000_frag	L1261058	6	0.5988
stock_b5000_frag	L1262191	3	0.9560
stock_b5000_frag	L1262555	1	1.0000
stock_b5000_frag	L1263627	12	0.9936
stock_b5000_frag	L1264592	3	1.0000
stock_b5000_frag	L1266072	2	1.0000
stock_b5000_frag	L1268031	0	1.0000
stock_b5000_frag	L1270831	0	0.5248
stock_b5000_frag	L127166	7	0.6751
stock_b5000_frag	L1274721	0	1.0000
stock_b5000_frag	L127737	1	0.9852
stock_b5000_frag	L1277844	0	1.0000
stock_b5000_frag	L1279825	5	1.0000
stock_b5000_frag	L1283592	0	1.0000
stock_b5000_frag	L1284907	0	1.0000
stock_b5000_frag	L1285548	4	1.0000
stock_b5000_frag	L1285656	3	0.9875
stock_b5000_frag	L1288259	2	1.0000
stock_b5000_frag	L1288267	13	1.0000
stock_b5000_frag	L1288822	1	1.0000
stock_b5000_frag	L1292358	1	1.0000
stock_b5000_frag	L1292463	0	1.0000
stock_b5000_frag	L1295598	0	1.0000
stock_b5000_frag	L1298394	0	1.0000
stock_b5000_frag	L1302461	0	1.0000
stock_b5000_frag	L130303	0	1.0000
stock_b5000_frag	L1303986	1	0.5257
stock_b5000_frag	L1310424	5	1.0000
stock_b5000_frag	L1311173	25	1.0000
stock_b5000_frag	L1311292	2	0.5378
stock_b5000_frag	L1314108	3	1.0000
stock_b5000_frag	L1315018	4	0.9392
stock_b5000_frag	L1315334	0	1.0000
stock_b5000_frag	L1318499	0	1.0000
stock_b5000_frag	L1320618	1	0.8196
stock_b5000_frag	L1324414	0	0.4206
stock_b5000_frag	L1325335	0	1.0000
stock_b5000_frag	L1329240	2	1.0000
stock_b5000_frag	L1329981	1	1.0000
stock_b5000_frag	L1332662	2	0.9971
stock_b5000_frag	L133319	1	1.0000
stock_b5000_frag	L1333318	0	1.0000
stock_b5000_frag	L1334282	0	1.0000
stock_b5000_frag	L1335619	1	0.7272
stock_b5000_frag	L1336525	3	1.0000
stock_b5000_frag	L1337140	0	1.0000
stock_b5000_frag	L1340265	3	0.7468
stock_b5000_frag	L1340691	1	0.8010
stock_b5000_frag	L1341879	1	1.0000
stock_b5000_frag	L1342311	0	1.0000
stock_b5000_frag	L1347048	1	0.7406
stock_b5000_frag	L1352161	1	1.0000
stock_b5000_frag	L1354558	0	1.0000
stock_b5000_frag	L1354735	3	1.0000
stock_b5000_frag	L1358691	1	1.0000
stock_b5000_frag	L1360127	0	0.9593
stock_b5000_frag	L1363513	1	1.0000
stock_b5000_frag	L1363984	1	1.0000
stock_b5000_frag	L1365905	2	0.7653
stock_b5000_frag	L1368193	1	1.0000
stock_b5000_frag	L1368338	5	0.9969
stock_b5000_frag	L1369008	2	0.9353
stock_b5000_frag	L1373280	0	0.9984
stock_b5000_frag	L13742	2	1.0000
stock_b5000_frag	L1375580	3	1.0000
stock_b5000_frag	L1377097	1	0.9999
stock_b5000_frag	L1377556	4	0.5174
stock_b5000_frag	L1377693	8	0.9955
stock_b5000_frag	L1378979	1	1.0000
stock_b5000_frag	L1380013	3	1.0000
stock_b5000_frag	L1386597	1	1.0000
stock_b5000_frag	L1387556	0	1.0000
stock_b5000_frag	L1390302	3	0.7851
stock_b5000_frag	L1390641	0	1.0000
stock_b5000_frag	L1392258	2	1.0000
stock_b5000_frag	L1392753	0	1.0000
stock_b5000_frag	L1396454	1	0.5002
stock_b5000_frag	L1400580	1	1.0000
stock_b5000_frag	L1400636	1	1.0000
stock_b5000_frag	L1401014	0	1.0000
stock_b5000_frag	L1401165	1	0.9169
stock_b5000_frag	L1402303	1	0.6142
stock_b5000_frag	L140764	1	1.0000
stock_b5000_frag	L140781	1	1.0000
stock_b5000_frag	L1418049	1	0.4894
stock_b5000_frag	L1421761	0	1.0000
stock_b5000_frag	L1424559	5	1.0000
stock_b5000_frag	L1428063	3	1.0000
stock_b5000_frag	L1428264	7	0.4954
stock_b5000_frag	L1428285	2	1.0000
stock_b5000_frag	L1429187	1	1.0000
stock_b5000_frag	L1431175	1	1.0000
stock_b5000_frag	L1437238	0	1.0000
stock_b5000_frag	L1439974	3	0.8168
stock_b5000_frag	L1440255	1	1.0000
stock_b5000_frag	L1444255	0	0.9994
stock_b5000_frag	L1451358	0	1.0000
stock_b5000_frag	L1452270	1	0.9973
stock_b5000_frag	L1455263	3	1.0000
stock_b5000_frag	L1455658	1	1.0000
stock_b5000_frag	L1458788	0	1.0000
stock_b5000_frag	L1459831	1	0.6940
stock_b5000_frag	L1462414	0	1.0000
stock_b5000_frag	L1463862	1	1.0000
stock_b5000_frag	L1464063	0	1.0000
stock_b5000_frag	L1465929	2	0.4427
stock_b5000_frag	L14662	2	1.0000
stock_b5000_frag	L147167	6	1.0000
stock_b5000_frag	L1472900	0	1.0000
stock_b5000_frag	L1474244	0	1.0000
stock_b5000_frag	L1477899	2	1.0000
stock_b5000_frag	L1478500	0	0.9906
stock_b5000_frag	L1480479	1	0.9756
stock_b5000_frag	L1480710	0	1.0000
stock_b5000_frag	L1481332	0	0.8351
stock_b5000_frag	L1482337	1	1.0000
stock_b5000_frag	L1484353	2	1.0000
stock_b5000_frag	L148591	0	1.0000
stock_b5000_frag	L1486539	0	1.0000
stock_b5000_frag	L1488274	1	1.0000
stock_b5000_frag	L1489414	2	1.0000
stock_b5000_frag	L1489879	1	0.5782
stock_b5000_frag	L149103	1	1.0000
stock_b5000_frag	L1491304	0	1.0000
stock_b5000_frag	L1494813	0	1.0000
stock_b5000_frag	L1494954	2	1.0000
stock_b5000_frag	L1497033	0	1.0000
stock_b5000_frag	L1497246	3	0.7220
stock_b5000_frag	L1499658	3	1.0000
stock_b5000_frag	L1501381	2	1.0000
stock_b5000_frag	L1501916	1	1.0000
stock_b5000_frag	L1503626	1	1.0000
stock_b5000_frag	L1503978	2	0.5548
stock_b5000_frag	L1504511	2	1.0000
stock_b5000_frag	L1505115	7	1.0000
stock_b5000_frag	L1505874	3	1.0000
stock_b5000_frag	L1510976	2	1.0000
stock_b5000_frag	L1513218	2	0.4105
stock_b5000_frag	L1515573	1	0.9699
stock_b5000_frag	L1517373	0	0.9978
stock_b5000_frag	L1519270	0	0.9995
stock_b5000_frag	L1524129	0	0.9999
stock_b5000_frag	L1526979	1	0.9999
stock_b5000_frag	L1532824	0	1.0000
stock_b5000_frag	L1538238	0	1.0000
stock_b5000_frag	L1541433	0	1.0000
stock_b5000_frag	L154435	0	1.0000
stock_b5000_frag	L1544392	1	1.0000
stock_b5000_frag	L1549234	4	1.0000
stock_b5000_frag	L1549395	4	0.7163
stock_b5000_frag	L1552071	0	1.0000
stock_b5000_frag	L1554643	6	1.0000
stock_b5000_frag	L1554665	0	1.0000
stock_b5000_frag	L1554859	3	0.9474
stock_b5000_frag	L1559903	1	1.0000
stock_b5000_frag	L1567518	1	1.0000
stock_b5000_frag	L1572835	9	1.0000
stock_b5000_frag	L157772	2	1.0000
stock_b5000_frag	L1580756	1	0.5341
stock_b5000_frag	L1581099	1	0.6450
stock_b5000_frag	L1582200	1	1.0000
stock_b5000_frag	L1583028	15	0.9443
stock_b5000_frag	L1583912	2	1.0000
stock_b5000_frag	L1584094	0	1.0000
stock_b5000_frag	L1585357	0	1.0000
stock_b5000_frag	L1585994	0	0.4740
stock_b5000_frag	L1586969	0	0.5693
stock_b5000_frag	L1588628	0	0.9810
stock_b5000_frag	L1593023	5	0.5819
stock_b5000_frag	L1594227	2	0.9517
stock_b5000_frag	L1594679	1	1.0000
stock_b5000_frag	L1596050	1	1.0000
stock_b5000_frag	L1597579	0	1.0000
stock_b5000_frag	L1599085	3	0.5293
stock_b5000_frag	L1599113	2	0.9275
stock_b5000_frag	L1600931	2	1.0000
stock_b5000_frag	L1601984	0	1.0000
stock_b5000_frag	L1603557	0	0.9932
stock_b5000_frag	L1604004	1	0.7340
stock_b5000_frag	L1606587	12	1.0000
stock_b5000_frag	L1606797	0	1.0000
stock_b5000_frag	L1607075	0	0.5311
stock_b5000_frag	L161033	0	1.0000
stock_b5000_frag	L1610367	1	1.0000
stock_b5000_frag	L1610874	0	0.8105
stock_b5000_frag	L1613428	2	1.0000
stock_b5000_frag	L1617572	1	0.9998
stock_b5000_frag	L1618167	0	1.0000
stock_b5000_frag	L1618884	2	1.0000
stock_b5000_frag	L1621327	1	1.0000
stock_b5000_frag	L1621345	0	0.9298
stock_b5000_frag	L162378	4	0.9982
stock_b5000_frag	L1628257	0	0.8712
stock_b5000_frag	L1631106	1	0.8880
stock_b5000_frag	L163268	0	0.9990
stock_b5000_frag	L1632948	0	1.0000
stock_b5000_frag	L1637063	0	1.0000
stock_b5000_frag	L1639195	0	1.0000
stock_b5000_frag	L1640626	1	1.0000
stock_b5000_frag	L1642113	0	0.9968
stock_b5000_frag	L1644306	8	1.0000
stock_b5000_frag	L1645207	0	1.0000
stock_b5000_frag	L1647058	2	0.9986
stock_b5000_frag	L1648296	1	1.0000
stock_b5000_frag	L1649255	4	1.0000
stock_b5000_frag	L1653555	0	1.0000
stock_b5000_frag	L1655916	5	1.0000
stock_b5000_frag	L1660415	14	1.0000
stock_b5000_frag	L1661451	2	1.0000
stock_b5000_frag	L1661745	1	0.4389
stock_b5000_frag	L166457	0	1.0000
stock_b5000_frag	L1665975	0	1.0000
stock_b5000_frag	L166638	1	0.9978
stock_b5000_frag	L1670095	0	0.9997
stock_b5000_frag	L1673626	4	0.7539
stock_b5000_frag	L1676619	0	1.0000
stock_b5000_frag	L1679593	0	1.0000
stock_b5000_frag	L168009	1	1.0000
stock_b5000_frag	L1680312	2	1.0000
stock_b5000_frag	L1683860	3	1.0000
stock_b5000_frag	L168501	5	1.0000
stock_b5000_frag	L1686036	0	0.5078
stock_b5000_frag	L1688821	1	0.9754
stock_b5000_frag	L1690091	0	1.0000
stock_b5000_frag	L1691992	1	1.0000
stock_b5000_frag	L1696960	1	0.6441
stock_b5000_frag	L1699862	1	1.0000
stock_b5000_frag	L1703051	2	0.9202
stock_b5000_frag	L1705727	0	1.0000
stock_b5000_frag	L1706743	0	1.0000
stock_b5000_frag	L1707670	2	1.0000
stock_b5000_frag	L1709271	0	1.0000
stock_b5000_frag	L1711120	3	0.9928
stock_b5000_frag	L1712110	0	1.0000
stock_b5000_frag	L1713612	3	1.0000
stock_b5000_frag	L1715186	0	1.0000
stock_b5000_frag	L1717039	0	1.0000
stock_b5000_frag	L1717487	4	0.8925
stock_b5000_frag	L1717679	0	0.7240
stock_b5000_frag	L171872	0	1.0000
stock_b5000_frag	L1720671	2	1.0000
stock_b5000_frag	L1724030	2	0.4960
stock_b5000_frag	L1724603	2	0.9873
stock_b5000_frag	L1725907	6	1.0000
stock_b5000_frag	L1726884	0	1.0000
stock_b5000_frag	L1730039	15	1.0000
stock_b5000_frag	L1731278	2	1.0000
stock_b5000_frag	L1731637	2	1.0000
stock_b5000_frag	L1731806	4	0.5843
stock_b5000_frag	L1731825	3	1.0000
stock_b5000_frag	L1733434	0	0.4389
stock_b5000_frag	L1735605	0	0.7589
stock_b5000_frag	L1738043	5	1.0000
stock_b5000_frag	L173888	0	1.0000
stock_b5000_frag	L1741025	2	0.9049
stock_b5000_frag	L1741283	1	0.8070
stock_b5000_frag	L1743121	1	1.0000
stock_b5000_frag	L1743160	3	1.0000
stock_b5000_frag	L1745840	0	0.8018
stock_b5000_frag	L1747985	1	0.5058
stock_b5000_frag	L1748111	4	1.0000
stock_b5000_frag	L1748189	4	0.9977
stock_b5000_frag	L1748363	0	1.0000
stock_b5000_frag	L175173	0	1.0000
stock_b5000_frag	L1755181	1	1.0000
stock_b5000_frag	L1755241	1	1.0000
stock_b5000_frag	L1756620	0	1.0000
stock_b5000_frag	L1757163	0	1.0000
stock_b5000_frag	L1758219	0	1.0000
stock_b5000_frag	L1758321	0	1.0000
stock_b5000_frag	L1759705	5	1.0000
stock_b5000_frag	L1759939	0	1.0000
stock_b5000_frag	L1760678	6	1.0000
stock_b5000_frag	L1763126	3	1.0000
stock_b5000_frag	L1763366	1	0.7707
stock_b5000_frag	L1765485	5	0.3337
stock_b5000_frag	L176768	2	1.0000
stock_b5000_frag	L176849	2	0.9939
stock_b5000_frag	L1776351	3	0.8518
stock_b5000_frag	L1778817	0	0.9997
stock_b5000_frag	L1780398	3	1.0000
stock_b5000_frag	L1780819	5	1.0000
stock_b5000_frag	L1781469	0	1.0000
stock_b5000_frag	L178235	3	1.0000
stock_b5000_frag	L1783781	1	0.9974
stock_b5000_frag	L1784891	0	1.0000
stock_b5000_frag	L1785029	0	1.0000
stock_b5000_frag	L1787087	0	1.0000
stock_b5000_frag	L1788394	2	0.4932
stock_b5000_frag	L1789260	0	1.0000
stock_b5000_frag	L1790726	0	1.0000
stock_b5000_frag	L1792213	0	1.0000
stock_b5000_frag	L1793164	0	1.0000
stock_b5000_frag	L1794818	3	1.0000
stock_b5000_frag	L1801229	0	0.7429
stock_b5000_frag	L1801776	2	1.0000
stock_b5000_frag	L1802441	1	1.0000
stock_b5000_frag	L180370	1	1.0000
stock_b5000_frag	L1806674	4	1.0000
stock_b5000_frag	L1808057	3	1.0000
stock_b5000_frag	L1809763	0	0.9998
stock_b5000_frag	L1812832	1	1.0000
stock_b5000_frag	L1813363	4	1.0000
stock_b5000_frag	L1814194	3	1.0000
stock_b5000_frag	L1814234	0	1.0000
stock_b5000_frag	L1818724	0	0.7134
stock_b5000_frag	L1819800	2	1.0000
stock_b5000_frag	L1823583	2	1.0000
stock_b5000_frag	L1825133	3	1.0000
stock_b5000_frag	L1825229	0	1.0000
stock_b5000_frag	L1832290	3	1.0000
stock_b5000_frag	L1832446	5	1.0000
stock_b5000_frag	L1833126	0	0.8617
stock_b5000_frag	L1833750	3	0.9995
stock_b5000_frag	L1835210	6	1.0000
stock_b5000_frag	L1842784	0	1.0000
stock_b5000_frag	L185114	8	1.0000
stock_b5000_frag	L1852801	0	1.0000
stock_b5000_frag	L1853941	7	1.0000
stock_b5000_frag	L1854338	0	1.0000
stock_b5000_frag	L1855067	0	1.0000
stock_b5000_frag	L1855202	0	1.0000
stock_b5000_frag	L1861694	0	1.0000
stock_b5000_frag	L1863372	0	1.0000
stock_b5000_frag	L1864158	0	1.0000
stock_b5000_frag	L1866755	4	0.8639
stock_b5000_frag	L1866797	4	0.9748
stock_b5000_frag	L1867100	0	1.0000
stock_b5000_frag	L1868072	5	0.5123
stock_b5000_frag	L1868786	1	1.0000
stock_b5000_frag	L1870755	0	1.0000
stock_b5000_frag	L1873641	1	1.0000
stock_b5000_frag	L1875088	1	1.0000
stock_b5000_frag	L18753	1	1.0000
stock_b5000_frag	L1876216	0	1.0000
stock_b5000_frag	L1877597	3	1.0000
stock_b5000_frag	L1879699	3	1.0000
stock_b5000_frag	L188182	0	0.9160
stock_b5000_frag	L1884979	0	1.0000
stock_b5000_frag	L1887497	1	1.0000
stock_b5000_frag	L1889689	2	0.9986
stock_b5000_frag	L189044	2	1.0000
stock_b5000_frag	L1890907	5	1.0000
stock_b5000_frag	L1892153	3	1.0000
stock_b5000_frag	L1892928	1	0.9992
stock_b5000_frag	L1895412	2	1.0000
stock_b5000_frag	L1896118	3	0.9588
stock_b5000_frag	L1896496	0	1.0000
stock_b5000_frag	L1898387	1	0.5004
stock_b5000_frag	L1899178	5	0.4731
stock_b5000_frag	L1900972	0	1.0000
stock_b5000_frag	L1901522	1	1.0000
stock_b5000_frag	L1905187	8	1.0000
stock_b5000_frag	L1909864	1	0.9978
stock_b5000_frag	L1910829	0	0.6996
stock_b5000_frag	L1913433	2	0.9986
stock_b5000_frag	L1913798	1	0.9662
stock_b5000_frag	L1914992	4	1.0000
stock_b5000_frag	L1915202	1	1.0000
stock_b5000_frag	L1918380	0	1.0000
stock_b5000_frag	L1919010	0	1.0000
stock_b5000_frag	L1920162	0	0.4571
stock_b5000_frag	L1920404	5	0.9992
stock_b5000_frag	L192109	0	1.0000
stock_b5000_frag	L1922907	1	1.0000
stock_b5000_frag	L1927325	0	0.9992
stock_b5000_frag	L1928915	0	1.0000
stock_b5000_frag	L1929090	2	1.0000
stock_b5000_frag	L1929913	0	1.0000
stock_b5000_frag	L1930346	1	1.0000
stock_b5000_frag	L1930461	0	0.9948
stock_b5000_frag	L1931337	2	1.0000
stock_b5000_frag	L1935951	1	0.9226
stock_b5000_frag	L1938073	0	1.0000
stock_b5000_frag	L1938493	16	1.0000
stock_b5000_frag	L1938969	2	1.0000
stock_b5000_frag	L1939654	0	1.0000
stock_b5000_frag	L19410	1	0.9994
stock_b5000_frag	L1941050	1	1.0000
stock_b5000_frag	L1942954	2	1.0000
stock_b5000_frag	L194883	0	1.0000
stock_b5000_frag	L195067	2	0.9831
stock_b5000_frag	L1954724	1	1.0000
stock_b5000_frag	L1954877	1	0.9754
stock_b5000_frag	L1955320	2	1.0000
stock_b5000_frag	L1955689	0	1.0000
stock_b5000_frag	L1956555	0	1.0000
stock_b5000_frag	L1960852	1	1.0000
stock_b5000_frag	L1961648	1	1.0000
stock_b5000_frag	L1961909	0	1.0000
stock_b5000_frag	L1963487	0	1.0000
stock_b5000_frag	L1967977	4	1.0000
stock_b5000_frag	L1968825	0	0.9997
stock_b5000_frag	L1969782	1	1.0000
stock_b5000_frag	L1973357	0	1.0000
stock_b5000_frag	L1976963	1	1.0000
stock_b5000_frag	L1978016	3	1.0000
stock_b5000_frag	L1981874	0	1.0000
stock_b5000_frag	L1982297	0	1.0000
stock_b5000_frag	L1986935	0	1.0000
stock_b5000_frag	L1988468	1	1.0000
stock_b5000_frag	L1993702	0	0.7548
stock_b5000_frag	L1994929	0	1.0000
stock_b5000_frag	L1995502	1	0.9752
stock_b5000_frag	L199621	4	1.0000
stock_b5000_frag	L199741	1	1.0000
stock_b5000_frag	L200062	1	1.0000
stock_b5000_frag	L200339	2	1.0000
stock_b5000_frag	L201693	1	0.9985
stock_b5000_frag	L204755	0	0.9756
stock_b5000_frag	L207526	1	0.6210
stock_b5000_frag	L209164	1	1.0000
stock_b5000_frag	L211149	0	1.0000
stock_b5000_frag	L213058	2	1.0000
stock_b5000_frag	L21416	0	1.0000
stock_b5000_frag	L215127	0	1.0000
stock_b5000_frag	L217152	1	1.0000
stock_b5000_frag	L220237	0	1.0000
stock_b5000_frag	L224269	0	1.0000
stock_b5000_frag	L224492	4	1.0000
stock_b5000_frag	L225627	2	1.0000
stock_b5000_frag	L230051	0	1.0000
stock_b5000_frag	L23270	1	0.9999
stock_b5000_frag	L234353	0	0.9916
stock_b5000_frag	L234368	2	1.0000
stock_b5000_frag	L238830	2	1.0000
stock_b5000_frag	L239409	1	1.0000
stock_b5000_frag	L241654	3	1.0000
stock_b5000_frag	L241655	2	1.0000
stock_b5000_frag	L245384	1	1.0000
stock_b5000_frag	L245820	6	0.9829
stock_b5000_frag	L246104	0	0.9879
stock_b5000_frag	L251332	0	1.0000
stock_b5000_frag	L251678	3	1.0000
stock_b5000_frag	L255307	0	1.0000
stock_b5000_frag	L257527	0	1.0000
stock_b5000_frag	L258589	0	1.0000
stock_b5000_frag	L266408	3	1.0000
stock_b5000_frag	L268084	0	0.5935
stock_b5000_frag	L268984	0	1.0000
stock_b5000_frag	L27508	1	0.6722
stock_b5000_frag	L275193	0	1.0000
stock_b5000_frag	L278395	1	1.0000
stock_b5000_frag	L278593	1	1.0000
stock_b5000_frag	L27964	1	1.0000
stock_b5000_frag	L284367	1	0.8203
stock_b5000_frag	L28444	3	1.0000
stock_b5000_frag	L284476	3	0.9175
stock_b5000_frag	L28553	1	0.9063
stock_b5000_frag	L29036	0	1.0000
stock_b5000_frag	L296959	0	1.0000
stock_b5000_frag	L299623	0	1.0000
stock_b5000_frag	L3055	3	1.0000
stock_b5000_frag	L307255	0	1.0000
stock_b5000_frag	L308212	2	1.0000
stock_b5000_frag	L308969	2	1.0000
stock_b5000_frag	L309051	4	1.0000
stock_b5000_frag	L309322	5	1.0000
stock_b5000_frag	L311702	2	1.0000
stock_b5000_frag	L312583	1	1.0000
stock_b5000_frag	L313358	3	0.5092
stock_b5000_frag	L313697	5	1.0000
stock_b5000_frag	L315634	6	1.0000
stock_b5000_frag	L315700	1	0.4201
stock_b5000_frag	L31685	0	0.9649
stock_b5000_frag	L317033	0	1.0000
stock_b5000_frag	L31899	2	1.0000
stock_b5000_frag	L323351	0	1.0000
stock_b5000_frag	L32395	0	0.8115
stock_b5000_frag	L326685	1	1.0000
stock_b5000_frag	L326694	0	1.0000
stock_b5000_frag	L327568	5	0.7607
stock_b5000_frag	L32832	0	0.9725
stock_b5000_frag	L329474	1	0.9221
stock_b5000_frag	L334900	0	0.7513
stock_b5000_frag	L33647	0	1.0000
stock_b5000_frag	L34212	0	0.5702
stock_b5000_frag	L342129	1	0.5720
stock_b5000_frag	L342665	4	1.0000
stock_b5000_frag	L342801	2	1.0000
stock_b5000_frag	L342978	1	1.0000
stock_b5000_frag	L343956	2	0.9998
stock_b5000_frag	L346141	2	1.0000
stock_b5000_frag	L34800	4	0.5910
stock_b5000_frag	L348481	4	1.0000
stock_b5000_frag	L353810	0	1.0000
stock_b5000_frag	L356341	3	1.0000
stock_b5000_frag	L356443	6	0.5000
stock_b5000_frag	L356686	0	0.8301
stock_b5000_frag	L360886	8	1.0000
stock_b5000_frag	L361342	1	0.9061
stock_b5000_frag	L362904	3	0.9998
stock_b5000_frag	L367241	4	1.0000
stock_b5000_frag	L367843	2	0.9487
stock_b5000_frag	L368076	0	1.0000
stock_b5000_frag	L370099	2	1.0000
stock_b5000_frag	L372147	0	1.0000
stock_b5000_frag	L37428	1	1.0000
stock_b5000_frag	L37487	0	1.0000
stock_b5000_frag	L37506	0	1.0000
stock_b5000_frag	L377747	0	1.0000
stock_b5000_frag	L378292	3	0.9933
stock_b5000_frag	L379881	3	1.0000
stock_b5000_frag	L38020	3	1.0000
stock_b5000_frag	L382144	1	1.0000
stock_b5000_frag	L382805	3	1.0000
stock_b5000_frag	L38293	1	0.9832
stock_b5000_frag	L385542	7	1.0000
stock_b5000_frag	L386709	1	1.0000
stock_b5000_frag	L387070	1	0.5003
stock_b5000_frag	L389418	0	1.0000
stock_b5000_frag	L39295	5	1.0000
stock_b5000_frag	L394806	6	1.0000
stock_b5000_frag	L395376	1	1.0000
stock_b5000_frag	L398208	1	0.9336
stock_b5000_frag	L400063	5	0.9852
stock_b5000_frag	L401172	0	1.0000
stock_b5000_frag	L404610	2	1.0000
stock_b5000_frag	L40463	1	0.8152
stock_b5000_frag	L40743	3	1.0000
stock_b5000_frag	L408206	1	1.0000
stock_b5000_frag	L409731	0	1.0000
stock_b5000_frag	L410067	2	1.0000
stock_b5000_frag	L412722	8	1.0000
stock_b5000_frag	L412963	5	0.5770
stock_b5000_frag	L417292	3	1.0000
stock_b5000_frag	L418430	3	1.0000
stock_b5000_frag	L421624	1	1.0000
stock_b5000_frag	L428880	0	1.0000
stock_b5000_frag	L432029	1	1.0000
stock_b5000_frag	L432071	1	1.0000
stock_b5000_frag	L434883	0	1.0000
stock_b5000_frag	L436548	2	0.7260
stock_b5000_frag	L440015	2	1.0000
stock_b5000_frag	L441824	1	1.0000
stock_b5000_frag	L443589	0	1.0000
stock_b5000_frag	L443976	6	1.0000
stock_b5000_frag	L445230	0	1.0000
stock_b5000_frag	L446017	2	0.6362
stock_b5000_frag	L446776	0	1.0000
stock_b5000_frag	L44774	1	1.0000
stock_b5000_frag	L447866	5	1.0000
stock_b5000_frag	L451459	0	0.9703
stock_b5000_frag	L452100	1	1.0000
stock_b5000_frag	L453027	3	0.9913
stock_b5000_frag	L455667	4	1.0000
stock_b5000_frag	L458918	4	1.0000
stock_b5000_frag	L460660	1	0.9999
stock_b5000_frag	L460944	0	1.0000
stock_b5000_frag	L461664	0	1.0000
stock_b5000_frag	L463867	1	1.0000
stock_b5000_frag	L464238	3	0.9995
stock_b5000_frag	L464909	0	0.9858
stock_b5000_frag	L465321	0	1.0000
stock_b5000_frag	L465380	1	1.0000
stock_b5000_frag	L472494	1	0.9796
stock_b5000_frag	L478647	10	1.0000
stock_b5000_frag	L481639	1	0.9228
stock_b5000_frag	L482576	8	0.8444
stock_b5000_frag	L48305	2	1.0000
stock_b5000_frag	L484367	1	1.0000
stock_b5000_frag	L48470	2	0.9935
stock_b5000_frag	L486859	3	1.0000
stock_b5000_frag	L49167	2	1.0000
stock_b5000_frag	L497252	0	1.0000
stock_b5000_frag	L497478	2	1.0000
stock_b5000_frag	L500974	3	1.0000
stock_b5000_frag	L502206	2	1.0000
stock_b5000_frag	L505867	0	1.0000
stock_b5000_frag	L507299	3	0.6057
stock_b5000_frag	L508411	2	1.0000
stock_b5000_frag	L510079	1	1.0000
stock_b5000_frag	L510795	0	1.0000
stock_b5000_frag	L512309	1	1.0000
stock_b5000_frag	L515174	0	1.0000
stock_b5000_frag	L515848	0	0.3608
stock_b5000_frag	L519283	0	1.0000
stock_b5000_frag	L521776	0	1.0000
stock_b5000_frag	L522160	0	1.0000
stock_b5000_frag	L522318	0	1.0000
stock_b5000_frag	L523327	1	1.0000
stock_b5000_frag	L523370	0	1.0000
stock_b5000_frag	L526262	2	1.0000
stock_b5000_frag	L526516	2	1.0000
stock_b5000_frag	L528212	0	1.0000
stock_b5000_frag	L528692	4	1.0000
stock_b5000_frag	L530014	0	1.0000
stock_b5000_frag	L532143	1	1.0000
stock_b5000_frag	L533793	4	0.9973
stock_b5000_frag	L536321	1	1.0000
stock_b5000_frag	L538070	3	1.0000
stock_b5000_frag	L541636	5	1.0000
stock_b5000_frag	L548193	0	1.0000
stock_b5000_frag	L549658	4	1.0000
stock_b5000_frag	L552457	0	1.0000
stock_b5000_frag	L553070	0	1.0000
stock_b5000_frag	L553796	0	1.0000
stock_b5000_frag	L557356	2	1.0000
stock_b5000_frag	L560445	0	1.0000
stock_b5000_frag	L562316	2	0.9123
stock_b5000_frag	L564346	1	1.0000
stock_b5000_frag	L564945	4	1.0000
stock_b5000_frag	L570022	8	1.0000
stock_b5000_frag	L570410	7	1.0000
stock_b5000_frag	L578894	1	0.9837
stock_b5000_frag	L580515	1	1.0000
stock_b5000_frag	L582232	0	1.0000
stock_b5000_frag	L58230	0	1.0000
stock_b5000_frag	L582596	1	0.7289
stock_b5000_frag	L583540	1	0.9521
stock_b5000_frag	L591002	1	1.0000
stock_b5000_frag	L594898	7	1.0000
stock_b5000_frag	L603993	7	1.0000
stock_b5000_frag	L608579	1	1.0000
stock_b5000_frag	L611247	1	0.9807
stock_b5000_frag	L612525	0	1.0000
stock_b5000_frag	L613607	3	0.5524
stock_b5000_frag	L616384	5	1.0000
stock_b5000_frag	L616608	0	1.0000
stock_b5000_frag	L618876	5	1.0000
stock_b5000_frag	L62362	1	0.9334
stock_b5000_frag	L626867	3	1.0000
stock_b5000_frag	L627892	1	1.0000
stock_b5000_frag	L629447	7	1.0000
stock_b5000_frag	L630054	4	1.0000
stock_b5000_frag	L632248	1	1.0000
stock_b5000_frag	L633134	6	1.0000
stock_b5000_frag	L636292	4	1.0000
stock_b5000_frag	L636628	0	1.0000
stock_b5000_frag	L638515	1	0.9726
stock_b5000_frag	L640623	1	1.0000
stock_b5000_frag	L643973	5	1.0000
stock_b5000_frag	L647704	1	1.0000
stock_b5000_frag	L647846	5	1.0000
stock_b5000_frag	L647960	4	1.0000
stock_b5000_frag	L649179	1	0.3352
stock_b5000_frag	L650666	0	1.0000
stock_b5000_frag	L651714	3	1.0000
stock_b5000_frag	L653750	1	1.0000
stock_b5000_frag	L655372	0	1.0000
stock_b5000_frag	L655384	0	1.0000
stock_b5000_frag	L65596	2	1.0000
stock_b5000_frag	L656694	0	0.9994
stock_b5000_frag	L658042	7	1.0000
stock_b5000_frag	L658497	0	1.0000
stock_b5000_frag	L669210	3	1.0000
stock_b5000_frag	L670330	2	1.0000
stock_b5000_frag	L670613	0	1.0000
stock_b5000_frag	L673602	1	1.0000
stock_b5000_frag	L674223	1	0.9955
stock_b5000_frag	L675700	0	1.0000
stock_b5000_frag	L675990	4	1.0000
stock_b5000_frag	L676345	0	0.9994
stock_b5000_frag	L677042	0	1.0000
stock_b5000_frag	L678590	0	0.7228
stock_b5000_frag	L681297	1	0.9309
stock_b5000_frag	L681978	1	1.0000
stock_b5000_frag	L686347	3	1.0000
stock_b5000_frag	L68830	1	0.7663
stock_b5000_frag	L689497	1	0.9116
stock_b5000_frag	L692518	0	1.0000
stock_b5000_frag	L693078	1	0.6946
stock_b5000_frag	L695087	1	0.8930
stock_b5000_frag	L696140	0	0.8523
stock_b5000_frag	L696284	0	0.9457
stock_b5000_frag	L698369	0	1.0000
stock_b5000_frag	L699934	1	1.0000
stock_b5000_frag	L700319	2	0.9772
stock_b5000_frag	L700376	4	1.0000
stock_b5000_frag	L702155	0	0.8906
stock_b5000_frag	L702232	0	1.0000
stock_b5000_frag	L702417	2	0.7065
stock_b5000_frag	L702602	2	1.0000
stock_b5000_frag	L703962	1	0.9993
stock_b5000_frag	L705651	5	0.8877
stock_b5000_frag	L70618	2	1.0000
stock_b5000_frag	L706311	1	1.0000
stock_b5000_frag	L708354	2	0.9954
stock_b5000_frag	L709354	1	1.0000
stock_b5000_frag	L711289	1	1.0000
stock_b5000_frag	L711549	1	0.9386
stock_b5000_frag	L712265	1	0.9639
stock_b5000_frag	L71335	1	0.5538
stock_b5000_frag	L715388	0	1.0000
stock_b5000_frag	L718862	0	0.6036
stock_b5000_frag	L720458	0	1.0000
stock_b5000_frag	L725718	3	0.5316
stock_b5000_frag	L731065	1	0.5714
stock_b5000_frag	L731308	2	0.9735
stock_b5000_frag	L733646	0	1.0000
stock_b5000_frag	L734133	4	0.8192
stock_b5000_frag	L737457	0	1.0000
stock_b5000_frag	L740821	1	1.0000
stock_b5000_frag	L743068	2	0.9619
stock_b5000_frag	L74316	1	1.0000
stock_b5000_frag	L743890	1	1.0000
stock_b5000_frag	L744275	4	1.0000
stock_b5000_frag	L745574	1	1.0000
stock_b5000_frag	L74731	0	1.0000
stock_b5000_frag	L750954	0	0.9999
stock_b5000_frag	L751703	6	0.6963
stock_b5000_frag	L751958	2	0.9823
stock_b5000_frag	L752278	1	0.9955
stock_b5000_frag	L754591	2	1.0000
stock_b5000_frag	L755244	0	1.0000
stock_b5000_frag	L756992	0	1.0000
stock_b5000_frag	L75760	1	0.8536
stock_b5000_frag	L75765	7	0.5056
stock_b5000_frag	L757775	5	0.9976
stock_b5000_frag	L758305	0	1.0000
stock_b5000_frag	L765760	0	0.9992
stock_b5000_frag	L76713	0	1.0000
stock_b5000_frag	L76922	15	1.0000
stock_b5000_frag	L769388	1	1.0000
stock_b5000_frag	L770244	0	1.0000
stock_b5000_frag	L773323	1	0.7408
stock_b5000_frag	L774762	3	1.0000
stock_b5000_frag	L775829	2	0.9794
stock_b5000_frag	L775913	0	1.0000
stock_b5000_frag	L779987	0	1.0000
stock_b5000_frag	L783260	0	1.0000
stock_b5000_frag	L785799	1	0.6590
stock_b5000_frag	L789159	2	0.6128
stock_b5000_frag	L790398	0	0.9999
stock_b5000_frag	L790433	0	1.0000
stock_b5000_frag	L791637	0	1.0000
stock_b5000_frag	L792255	0	1.0000
stock_b5000_frag	L794487	0	0.5885
stock_b5000_frag	L794834	8	0.6732
stock_b5000_frag	L797144	1	0.9014
stock_b5000_frag	L800738	0	1.0000
stock_b5000_frag	L800847	1	0.3887
stock_b5000_frag	L801514	0	1.0000
stock_b5000_frag	L803685	1	1.0000
stock_b5000_frag	L804478	3	0.8780
stock_b5000_frag	L805558	0	0.9995
stock_b5000_frag	L808991	2	1.0000
stock_b5000_frag	L809814	1	0.7937
stock_b5000_frag	L810684	0	1.0000
stock_b5000_frag	L812222	0	1.0000
stock_b5000_frag	L812290	0	1.0000
stock_b5000_frag	L812450	0	1.0000
stock_b5000_frag	L812783	0	1.0000
stock_b5000_frag	L815933	4	0.8068
stock_b5000_frag	L816930	1	1.0000
stock_b5000_frag	L817748	2	0.7922
stock_b5000_frag	L818516	1	1.0000
stock_b5000_frag	L819561	8	0.6930
stock_b5000_frag	L820879	1	1.0000
stock_b5000_frag	L822130	0	0.9997
stock_b5000_frag	L825457	0	0.9997
stock_b5000_frag	L825873	3	0.9992
stock_b5000_frag	L828109	1	1.0000
stock_b5000_frag	L828870	0	1.0000
stock_b5000_frag	L829044	0	1.0000
stock_b5000_frag	L832242	1	1.0000
stock_b5000_frag	L8343	0	1.0000
stock_b5000_frag	L834344	0	1.0000
stock_b5000_frag	L839806	16	1.0000
stock_b5000_frag	L844851	2	0.9932
stock_b5000_frag	L845595	2	1.0000
stock_b5000_frag	L846580	1	0.7150
stock_b5000_frag	L847676	5	0.8861
stock_b5000_frag	L849015	2	0.5689
stock_b5000_frag	L851950	0	1.0000
stock_b5000_frag	L854818	3	0.9210
stock_b5000_frag	L85825	3	0.9836
stock_b5000_frag	L85840	4	1.0000
stock_b5000_frag	L859958	1	0.7697
stock_b5000_frag	L860612	0	0.9996
stock_b5000_frag	L861318	0	1.0000
stock_b5000_frag	L866049	6	0.5023
stock_b5000_frag	L867466	0	1.0000
stock_b5000_frag	L869627	1	1.0000
stock_b5000_frag	L871416	3	1.0000
stock_b5000_frag	L872091	0	1.0000
stock_b5000_frag	L873200	0	0.9478
stock_b5000_frag	L876650	4	0.7501
stock_b5000_frag	L884104	0	1.0000
stock_b5000_frag	L884785	4	0.8298
stock_b5000_frag	L885277	11	0.9419
stock_b5000_frag	L8861	0	1.0000
stock_b5000_frag	L887140	1	0.4563
stock_b5000_frag	L887277	8	0.8944
stock_b5000_frag	L887364	0	0.6265
stock_b5000_frag	L88795	1	0.5140
stock_b5000_frag	L889560	0	1.0000
stock_b5000_frag	L889604	1	0.6539
stock_b5000_frag	L889976	2	0.8444
stock_b5000_frag	L892910	1	1.0000
stock_b5000_frag	L894743	0	1.0000
stock_b5000_frag	L895481	2	0.9705
stock_b5000_frag	L89624	3	1.0000
stock_b5000_frag	L898110	5	0.5580
stock_b5000_frag	L899934	0	1.0000
stock_b5000_frag	L901557	0	0.9980
stock_b5000_frag	L903060	0	1.0000
stock_b5000_frag	L909174	1	0.9538
stock_b5000_frag	L910438	4	1.0000
stock_b5000_frag	L911123	1	1.0000
stock_b5000_frag	L913104	0	1.0000
stock_b5000_frag	L913132	2	0.7421
stock_b5000_frag	L913296	0	0.9918
stock_b5000_frag	L913615	0	1.0000
stock_b5000_frag	L914330	1	1.0000
stock_b5000_frag	L915554	0	1.0000
stock_b5000_frag	L915671	1	1.0000
stock_b5000_frag	L915744	0	0.5596
stock_b5000_frag	L916223	4	0.7600
stock_b5000_frag	L920408	1	0.8367
stock_b5000_frag	L920940	0	1.0000
stock_b5000_frag	L9266	0	1.0000
stock_b5000_frag	L927953	2	1.0000
stock_b5000_frag	L928327	2	1.0000
stock_b5000_frag	L931161	2	0.2091
stock_b5000_frag	L934785	4	1.0000
stock_b5000_frag	L93700	1	0.9874
stock_b5000_frag	L937336	2	0.9963
stock_b5000_frag	L93870	1	1.0000
stock_b5000_frag	L94108	1	1.0000
stock_b5000_frag	L94384	2	0.9970
stock_b5000_frag	L944991	0	1.0000
stock_b5000_frag	L945211	8	1.0000
stock_b5000_frag	L946926	0	1.0000
stock_b5000_frag	L947812	12	0.9039
stock_b5000_frag	L952666	2	1.0000
stock_b5000_frag	L95463	0	0.6144
stock_b5000_frag	L954661	2	1.0000
stock_b5000_frag	L957035	3	1.0000
stock_b5000_frag	L960491	3	1.0000
stock_b5000_frag	L962773	0	1.0000
stock_b5000_frag	L965392	1	1.0000
stock_b5000_frag	L966579	1	1.0000
stock_b5000_frag	L966704	3	0.9971
stock_b5000_frag	L96702	0	1.0000
stock_b5000_frag	L972885	1	0.6924
stock_b5000_frag	L973165	0	0.9993
stock_b5000_frag	L974460	0	1.0000
stock_b5000_frag	L975279	0	1.0000
stock_b5000_frag	L976794	1	0.3657
stock_b5000_frag	L977480	3	1.0000
stock_b5000_frag	L983396	1	0.9985
stock_b5000_frag	L986207	0	1.0000
stock_b5000_frag	L986844	4	0.9969
stock_b5000_frag	L987024	3	0.9250
stock_b5000_frag	L987386	1	0.5076
stock_b5000_frag	L989146	6	0.9706
stock_b5000_frag	L989266	0	1.0000
stock_b5000_frag	L991824	0	1.0000
stock_b5000_frag	L996093	0	1.0000
stock_b5000_frag	L997656	0	0.9794
stock_b5000_frag	L998814	0	1.0000
stock_b5000_full	L100289	0	1.0000
stock_b5000_full	L1004865	0	1.0000
stock_b5000_full	L1006665	1	0.5867
stock_b5000_full	L1010975	0	1.0000
stock_b5000_full	L1011724	0	1.0000
stock_b5000_full	L1012208	1	0.5087
stock_b5000_full	L1015696	0	1.0000
stock_b5000_full	L101727	0	1.0000
stock_b5000_full	L1023217	0	1.0000
stock_b5000_full	L1025412	0	1.0000
stock_b5000_full	L1027134	1	0.5708
stock_b5000_full	L1027481	0	1.0000
stock_b5000_full	L1028893	0	1.0000
stock_b5000_full	L1031539	0	1.0000
stock_b5000_full	L1032369	0	0.8456
stock_b5000_full	L1033675	0	1.0000
stock_b5000_full	L1034699	0	0.9992
stock_b5000_full	L1039147	0	0.9969
stock_b5000_full	L1039291	0	1.0000
stock_b5000_full	L1041837	0	0.9998
stock_b5000_full	L1044293	0	1.0000
stock_b5000_full	L1044534	0	1.0000
stock_b5000_full	L1046429	0	1.0000
stock_b5000_full	L1046729	0	1.0000
stock_b5000_full	L1049265	0	1.0000
stock_b5000_full	L1050429	0	1.0000
stock_b5000_full	L1052304	0	1.0000
stock_b5000_full	L1053257	0	1.0000
stock_b5000_full	L1056213	1	0.6382
stock_b5000_full	L1059470	0	1.0000
stock_b5000_full	L106110	0	0.9999
stock_b5000_full	L1062366	0	1.0000
stock_b5000_full	L1062432	0	1.0000
stock_b5000_full	L1062927	1	1.0000
stock_b5000_full	L1064437	0	1.0000
stock_b5000_full	L1065632	0	1.0000
stock_b5000_full	L106767	0	1.0000
stock_b5000_full	L1069926	0	1.0000
stock_b5000_full	L1070671	0	1.0000
stock_b5000_full	L1071499	0	1.0000
stock_b5000_full	L1072629	0	1.0000
stock_b5000_full	L1073158	0	1.0000
stock_b5000_full	L1076326	0	1.0000
stock_b5000_full	L1080809	0	1.0000
stock_b5000_full	L1081949	0	1.0000
stock_b5000_full	L1083215	0	1.0000
stock_b5000_full	L1084315	0	1.0000
stock_b5000_full	L1085405	0	1.0000
stock_b5000_full	L1085680	0	1.0000
stock_b5000_full	L1086867	0	0.9286
stock_b5000_full	L1088293	0	1.0000
stock_b5000_full	L1090079	0	1.0000
stock_b5000_full	L109023	0	1.0000
stock_b5000_full	L1090288	0	1.0000
stock_b5000_full	L1090501	1	0.6415
stock_b5000_full	L1091700	0	1.0000
stock_b5000_full	L1094809	0	1.0000
stock_b5000_full	L1096011	0	1.0000
stock_b5000_full	L1097545	0	1.0000
stock_b5000_full	L1100323	0	1.0000
stock_b5000_full	L1100804	0	1.0000
stock_b5000_full	L1101088	0	1.0000
stock_b5000_full	L1103740	0	1.0000
stock_b5000_full	L1104218	0	1.0000
stock_b5000_full	L1108713	1	0.9674
stock_b5000_full	L1109452	0	0.9742
stock_b5000_full	L1113663	0	1.0000
stock_b5000_full	L1115257	0	1.0000
stock_b5000_full	L1117268	1	1.0000
stock_b5000_full	L1117581	0	1.0000
stock_b5000_full	L1117809	0	1.0000
stock_b5000_full	L1118699	0	1.0000
stock_b5000_full	L112129	1	0.9996
stock_b5000_full	L1126989	0	1.0000
stock_b5000_full	L1128445	0	1.0000
stock_b5000_full	L1128464	0	1.0000
stock_b5000_full	L1133110	0	1.0000
stock_b5000_full	L1133196	0	1.0000
stock_b5000_full	L1133707	0	1.0000
stock_b5000_full	L1134196	0	1.0000
stock_b5000_full	L1135754	0	1.0000
stock_b5000_full	L1139882	0	1.0000
stock_b5000_full	L1142588	0	1.0000
stock_b5000_full	L1144170	0	0.9963
stock_b5000_full	L1145262	0	1.0000
stock_b5000_full	L1147764	0	0.9999
stock_b5000_full	L114917	1	0.7205
stock_b5000_full	L1154214	1	0.5024
stock_b5000_full	L115634	0	0.9538
stock_b5000_full	L1163405	0	0.7223
stock_b5000_full	L1165069	0	1.0000
stock_b5000_full	L1168131	0	1.0000
stock_b5000_full	L1171356	1	1.0000
stock_b5000_full	L1172663	0	1.0000
stock_b5000_full	L1173032	0	1.0000
stock_b5000_full	L1176966	0	1.0000
stock_b5000_full	L1178697	0	1.0000
stock_b5000_full	L1181966	0	1.0000
stock_b5000_full	L1184289	1	0.4342
stock_b5000_full	L1184787	0	1.0000
stock_b5000_full	L1187520	0	0.4015
stock_b5000_full	L1188064	1	0.8789
stock_b5000_full	L1188531	0	1.0000
stock_b5000_full	L119105	1	1.0000
stock_b5000_full	L1194657	0	1.0000
stock_b5000_full	L119513	0	1.0000
stock_b5000_full	L1197033	1	0.9455
stock_b5000_full	L1197756	0	1.0000
stock_b5000_full	L1198436	0	1.0000
stock_b5000_full	L1199013	0	1.0000
stock_b5000_full	L120088	1	0.9534
stock_b5000_full	L1201990	1	0.7261
stock_b5000_full	L1203129	1	0.8057
stock_b5000_full	L1204138	0	0.9991
stock_b5000_full	L1204996	0	1.0000
stock_b5000_full	L1205130	0	1.0000
stock_b5000_full	L1208208	0	1.0000
stock_b5000_full	L1210124	1	1.0000
stock_b5000_full	L1210243	0	1.0000
stock_b5000_full	L1210738	0	1.0000
stock_b5000_full	L1211006	1	0.6938
stock_b5000_full	L1211126	0	1.0000
stock_b5000_full	L1212929	0	1.0000
stock_b5000_full	L121345	0	1.0000
stock_b5000_full	L1216921	0	1.0000
stock_b5000_full	L1217888	0	1.0000
stock_b5000_full	L1217909	0	1.0000
stock_b5000_full	L1221395	0	1.0000
stock_b5000_full	L122149	0	1.0000
stock_b5000_full	L1222072	0	1.0000
stock_b5000_full	L1223120	0	1.0000
stock_b5000_full	L1226772	0	0.9049
stock_b5000_full	L12278	0	1.0000
stock_b5000_full	L1228969	0	1.0000
stock_b5000_full	L1230909	0	0.9985
stock_b5000_full	L1234354	0	1.0000
stock_b5000_full	L1235931	0	1.0000
stock_b5000_full	L1236533	0	1.0000
stock_b5000_full	L1239299	1	0.7385
stock_b5000_full	L1241887	0	1.0000
stock_b5000_full	L1243845	0	1.0000
stock_b5000_full	L124425	1	1.0000
stock_b5000_full	L1246704	0	1.0000
stock_b5000_full	L1249395	1	0.7643
stock_b5000_full	L1258357	0	1.0000
stock_b5000_full	L1258779	0	1.0000
stock_b5000_full	L1260725	0	1.0000
stock_b5000_full	L1260761	0	0.6649
stock_b5000_full	L1261058	0	1.0000
stock_b5000_full	L1262191	0	0.6820
stock_b5000_full	L1262555	1	1.0000
stock_b5000_full	L1263627	0	0.3898
stock_b5000_full	L1264592	0	1.0000
stock_b5000_full	L1266072	0	1.0000
stock_b5000_full	L1268031	0	1.0000
stock_b5000_full	L1270831	0	1.0000
stock_b5000_full	L127166	3	0.9999
stock_b5000_full	L1274721	0	1.0000
stock_b5000_full	L127737	0	0.7564
stock_b5000_full	L1277844	0	1.0000
stock_b5000_full	L1279825	0	1.0000
stock_b5000_full	L1283592	0	1.0000
stock_b5000_full	L1284907	0	1.0000
stock_b5000_full	L1285548	0	1.0000
stock_b5000_full	L1285656	0	0.9935
stock_b5000_full	L1288259	0	0.7004
stock_b5000_full	L1288267	0	1.0000
stock_b5000_full	L1288822	0	0.3368
stock_b5000_full	L1292358	0	0.9877
stock_b5000_full	L1292463	0	1.0000
stock_b5000_full	L1295598	0	1.0000
stock_b5000_full	L1298394	0	1.0000
stock_b5000_full	L1302461	1	0.5714
stock_b5000_full	L130303	0	1.0000
stock_b5000_full	L1303986	0	1.0000
stock_b5000_full	L1310424	0	1.0000
stock_b5000_full	L1311173	1	1.0000
stock_b5000_full	L1311292	1	0.5096
stock_b5000_full	L1314108	1	0.9931
stock_b5000_full	L1315018	0	1.0000
stock_b5000_full	L1315334	0	1.0000
stock_b5000_full	L1318499	0	1.0000
stock_b5000_full	L1320618	0	0.7361
stock_b5000_full	L1324414	0	1.0000
stock_b5000_full	L1325335	0	1.0000
stock_b5000_full	L1329240	0	1.0000
stock_b5000_full	L1329981	0	1.0000
stock_b5000_full	L1332662	1	0.6291
stock_b5000_full	L133319	1	0.3517
stock_b5000_full	L1333318	0	1.0000
stock_b5000_full	L1334282	0	1.0000
stock_b5000_full	L1335619	0	0.9999
stock_b5000_full	L1336525	0	1.0000
stock_b5000_full	L1337140	0	1.0000
stock_b5000_full	L1340265	0	1.0000
stock_b5000_full	L1340691	0	1.0000
stock_b5000_full	L1341879	1	1.0000
stock_b5000_full	L1342311	0	1.0000
stock_b5000_full	L1347048	0	0.9735
stock_b5000_full	L1352161	0	1.0000
stock_b5000_full	L1354558	0	1.0000
stock_b5000_full	L1354735	0	1.0000
stock_b5000_full	L1358691	0	1.0000
stock_b5000_full	L1360127	1	1.0000
stock_b5000_full	L1363513	1	1.0000
stock_b5000_full	L1363984	0	0.5993
stock_b5000_full	L1365905	0	0.8434
stock_b5000_full	L1368193	0	0.9433
stock_b5000_full	L1368338	1	0.6753
stock_b5000_full	L1369008	1	0.9715
stock_b5000_full	L1373280	0	1.0000
stock_b5000_full	L13742	1	0.5876
stock_b5000_full	L1375580	0	1.0000
stock_b5000_full	L1377097	0	1.0000
stock_b5000_full	L1377556	0	1.0000
stock_b5000_full	L1377693	0	1.0000
stock_b5000_full	L1378979	0	1.0000
stock_b5000_full	L1380013	0	1.0000
stock_b5000_full	L1386597	0	1.0000
stock_b5000_full	L1387556	0	1.0000
stock_b5000_full	L1390302	0	0.9998
stock_b5000_full	L1390641	1	0.7646
stock_b5000_full	L1392258	1	0.7354
stock_b5000_full	L1392753	0	1.0000
stock_b5000_full	L1396454	0	1.0000
stock_b5000_full	L1400580	0	1.0000
stock_b5000_full	L1400636	0	1.0000
stock_b5000_full	L1401014	0	1.0000
stock_b5000_full	L1401165	1	0.3825
stock_b5000_full	L1402303	1	0.7079
stock_b5000_full	L140764	0	1.0000
stock_b5000_full	L140781	0	1.0000
stock_b5000_full	L1418049	1	1.0000
stock_b5000_full	L1421761	0	1.0000
stock_b5000_full	L1424559	0	0.9999
stock_b5000_full	L1428063	0	0.9998
stock_b5000_full	L1428264	0	1.0000
stock_b5000_full	L1428285	1	1.0000
stock_b5000_full	L1429187	0	1.0000
stock_b5000_full	L1431175	0	1.0000
stock_b5000_full	L1437238	0	1.0000
stock_b5000_full	L1439974	0	1.0000
stock_b5000_full	L1440255	0	1.0000
stock_b5000_full	L1444255	0	1.0000
stock_b5000_full	L1451358	0	1.0000
stock_b5000_full	L1452270	0	1.0000
stock_b5000_full	L1455263	1	1.0000
stock_b5000_full	L1455658	0	0.9995
stock_b5000_full	L1458788	1	0.7283
stock_b5000_full	L1459831	0	1.0000
stock_b5000_full	L1462414	0	1.0000
stock_b5000_full	L1463862	1	0.9976
stock_b5000_full	L1464063	0	1.0000
stock_b5000_full	L1465929	0	1.0000
stock_b5000_full	L14662	0	1.0000
stock_b5000_full	L147167	1	0.9979
stock_b5000_full	L1472900	0	1.0000
stock_b5000_full	L1474244	0	1.0000
stock_b5000_full	L1477899	0	1.0000
stock_b5000_full	L1478500	0	1.0000
stock_b5000_full	L1480479	0	1.0000
stock_b5000_full	L1480710	0	1.0000
stock_b5000_full	L1481332	0	1.0000
stock_b5000_full	L1482337	0	0.9696
stock_b5000_full	L1484353	0	1.0000
stock_b5000_full	L148591	0	1.0000
stock_b5000_full	L1486539	0	1.0000
stock_b5000_full	L1488274	1	0.8774
stock_b5000_full	L1489414	0	1.0000
stock_b5000_full	L1489879	1	0.5275
stock_b5000_full	L149103	0	1.0000
stock_b5000_full	L1491304	0	1.0000
stock_b5000_full	L1494813	0	1.0000
stock_b5000_full	L1494954	0	1.0000
stock_b5000_full	L1497033	0	0.9954
stock_b5000_full	L1497246	0	0.9742
stock_b5000_full	L1499658	0	1.0000
stock_b5000_full	L1501381	1	0.6014
stock_b5000_full	L1501916	0	1.0000
stock_b5000_full	L1503626	0	0.9913
stock_b5000_full	L1503978	1	0.2644
stock_b5000_full	L1504511	0	1.0000
stock_b5000_full	L1505115	0	0.9971
stock_b5000_full	L1505874	0	1.0000
stock_b5000_full	L1510976	1	0.5004
stock_b5000_full	L1513218	0	1.0000
stock_b5000_full	L1515573	0	1.0000
stock_b5000_full	L1517373	0	1.0000
stock_b5000_full	L1519270	0	1.0000
stock_b5000_full	L1524129	0	1.0000
stock_b5000_full	L1526979	1	0.9999
stock_b5000_full	L1532824	0	1.0000
stock_b5000_full	L1538238	0	1.0000
stock_b5000_full	L1541433	0	1.0000
stock_b5000_full	L154435	1	0.5788
stock_b5000_full	L1544392	0	0.9891
stock_b5000_full	L1549234	0	0.9426
stock_b5000_full	L1549395	0	1.0000
stock_b5000_full	L1552071	0	1.0000
stock_b5000_full	L1554643	0	1.0000
stock_b5000_full	L1554665	0	1.0000
stock_b5000_full	L1554859	1	1.0000
stock_b5000_full	L1559903	0	1.0000
stock_b5000_full	L1567518	0	1.0000
stock_b5000_full	L1572835	0	1.0000
stock_b5000_full	L157772	0	1.0000
stock_b5000_full	L1580756	0	0.9995
stock_b5000_full	L1581099	1	0.5248
stock_b5000_full	L1582200	1	0.5078
stock_b5000_full	L1583028	1	0.4779
stock_b5000_full	L1583912	0	1.0000
stock_b5000_full	L1584094	0	1.0000
stock_b5000_full	L1585357	0	1.0000
stock_b5000_full	L1585994	0	0.5739
stock_b5000_full	L1586969	0	1.0000
stock_b5000_full	L1588628	0	1.0000
stock_b5000_full	L1593023	0	1.0000
stock_b5000_full	L1594227	0	1.0000
stock_b5000_full	L1594679	0	1.0000
stock_b5000_full	L1596050	0	1.0000
stock_b5000_full	L1597579	0	1.0000
stock_b5000_full	L1599085	0	1.0000
stock_b5000_full	L1599113	0	1.0000
stock_b5000_full	L1600931	0	1.0000
stock_b5000_full	L1601984	1	1.0000
stock_b5000_full	L1603557	0	0.6602
stock_b5000_full	L1604004	0	1.0000
stock_b5000_full	L1606587	0	1.0000
stock_b5000_full	L1606797	0	1.0000
stock_b5000_full	L1607075	0	1.0000
stock_b5000_full	L161033	0	1.0000
stock_b5000_full	L1610367	0	1.0000
stock_b5000_full	L1610874	0	1.0000
stock_b5000_full	L1613428	0	1.0000
stock_b5000_full	L1617572	0	1.0000
stock_b5000_full	L1618167	0	1.0000
stock_b5000_full	L1618884	0	0.5522
stock_b5000_full	L1621327	1	1.0000
stock_b5000_full	L1621345	0	1.0000
stock_b5000_full	L162378	0	1.0000
stock_b5000_full	L1628257	0	1.0000
stock_b5000_full	L1631106	1	1.0000
stock_b5000_full	L163268	0	1.0000
stock_b5000_full	L1632948	0	1.0000
stock_b5000_full	L1637063	0	1.0000
stock_b5000_full	L1639195	0	1.0000
stock_b5000_full	L1640626	0	1.0000
stock_b5000_full	L1642113	1	0.5045
stock_b5000_full	L1644306	0	1.0000
stock_b5000_full	L1645207	0	1.0000
stock_b5000_full	L1647058	0	1.0000
stock_b5000_full	L1648296	0	0.8962
stock_b5000_full	L1649255	0	1.0000
stock_b5000_full	L1653555	0	1.0000
stock_b5000_full	L1655916	1	0.5019
stock_b5000_full	L1660415	0	1.0000
stock_b5000_full	L1661451	1	0.3787
stock_b5000_full	L1661745	0	1.0000
stock_b5000_full	L166457	0	1.0000
stock_b5000_full	L1665975	0	1.0000
stock_b5000_full	L166638	0	1.0000
stock_b5000_full	L1670095	0	1.0000
stock_b5000_full	L1673626	1	0.9185
stock_b5000_full	L1676619	0	1.0000
stock_b5000_full	L1679593	0	1.0000
stock_b5000_full	L168009	0	1.0000
stock_b5000_full	L1680312	1	0.9916
stock_b5000_full	L1683860	0	0.9579
stock_b5000_full	L168501	0	1.0000
stock_b5000_full	L1686036	1	1.0000
stock_b5000_full	L1688821	0	0.9999
stock_b5000_full	L1690091	0	1.0000
stock_b5000_full	L1691992	0	1.0000
stock_b5000_full	L1696960	0	1.0000
stock_b5000_full	L1699862	1	0.9389
stock_b5000_full	L1703051	0	1.0000
stock_b5000_full	L1705727	0	1.0000
stock_b5000_full	L1706743	0	1.0000
stock_b5000_full	L1707670	0	0.9996
stock_b5000_full	L1709271	0	1.0000
stock_b5000_full	L1711120	1	0.9862
stock_b5000_full	L1712110	0	1.0000
stock_b5000_full	L1713612	0	0.7377
stock_b5000_full	L1715186	0	1.0000
stock_b5000_full	L1717039	0	1.0000
stock_b5000_full	L1717487	1	0.5013
stock_b5000_full	L1717679	1	0.5582
stock_b5000_full	L171872	0	1.0000
stock_b5000_full	L1720671	0	1.0000
stock_b5000_full	L1724030	0	1.0000
stock_b5000_full	L1724603	1	0.6866
stock_b5000_full	L1725907	0	0.5179
stock_b5000_full	L1726884	0	1.0000
stock_b5000_full	L1730039	0	0.9202
stock_b5000_full	L1731278	0	1.0000
stock_b5000_full	L1731637	0	0.9996
stock_b5000_full	L1731806	0	1.0000
stock_b5000_full	L1731825	0	1.0000
stock_b5000_full	L1733434	0	0.8897
stock_b5000_full	L1735605	0	1.0000
stock_b5000_full	L1738043	0	1.0000
stock_b5000_full	L173888	0	1.0000
stock_b5000_full	L1741025	0	1.0000
stock_b5000_full	L1741283	1	0.9707
stock_b5000_full	L1743121	0	1.0000
stock_b5000_full	L1743160	0	1.0000
stock_b5000_full	L1745840	1	1.0000
stock_b5000_full	L1747985	0	1.0000
stock_b5000_full	L1748111	0	1.0000
stock_b5000_full	L1748189	0	1.0000
stock_b5000_full	L1748363	0	1.0000
stock_b5000_full	L175173	0	1.0000
stock_b5000_full	L1755181	0	1.0000
stock_b5000_full	L1755241	0	1.0000
stock_b5000_full	L1756620	0	1.0000
stock_b5000_full	L1757163	0	1.0000
stock_b5000_full	L1758219	0	1.0000
stock_b5000_full	L1758321	0	1.0000
stock_b5000_full	L1759705	1	0.5338
stock_b5000_full	L1759939	0	1.0000
stock_b5000_full	L1760678	0	1.0000
stock_b5000_full	L1763126	1	0.8317
stock_b5000_full	L1763366	1	1.0000
stock_b5000_full	L1765485	1	0.3634
stock_b5000_full	L176768	0	1.0000
stock_b5000_full	L176849	0	0.9995
stock_b5000_full	L1776351	1	0.6685
stock_b5000_full	L1778817	0	1.0000
stock_b5000_full	L1780398	0	1.0000
stock_b5000_full	L1780819	1	1.0000
stock_b5000_full	L1781469	0	1.0000
stock_b5000_full	L178235	0	1.0000
stock_b5000_full	L1783781	0	1.0000
stock_b5000_full	L1784891	0	1.0000
stock_b5000_full	L1785029	1	0.9927
stock_b5000_full	L1787087	0	1.0000
stock_b5000_full	L1788394	1	0.6970
stock_b5000_full	L1789260	0	1.0000
stock_b5000_full	L1790726	0	1.0000
stock_b5000_full	L1792213	0	1.0000
stock_b5000_full	L1793164	0	1.0000
stock_b5000_full	L1794818	0	1.0000
stock_b5000_full	L1801229	0	1.0000
stock_b5000_full	L1801776	0	0.9988
stock_b5000_full	L1802441	0	1.0000
stock_b5000_full	L180370	0	1.0000
stock_b5000_full	L1806674	0	0.9724
stock_b5000_full	L1808057	1	1.0000
stock_b5000_full	L1809763	0	1.0000
stock_b5000_full	L1812832	0	1.0000
stock_b5000_full	L1813363	0	1.0000
stock_b5000_full	L1814194	0	1.0000
stock_b5000_full	L1814234	0	1.0000
stock_b5000_full	L1818724	0	1.0000
stock_b5000_full	L1819800	1	0.6289
stock_b5000_full	L1823583	1	0.5013
stock_b5000_full	L1825133	0	1.0000
stock_b5000_full	L1825229	0	1.0000
stock_b5000_full	L1832290	0	1.0000
stock_b5000_full	L1832446	0	1.0000
stock_b5000_full	L1833126	1	0.7604
stock_b5000_full	L1833750	0	1.0000
stock_b5000_full	L1835210	0	1.0000
stock_b5000_full	L1842784	0	1.0000
stock_b5000_full	L185114	0	1.0000
stock_b5000_full	L1852801	0	1.0000
stock_b5000_full	L1853941	0	1.0000
stock_b5000_full	L1854338	0	1.0000
stock_b5000_full	L1855067	0	1.0000
stock_b5000_full	L1855202	0	1.0000
stock_b5000_full	L1861694	0	1.0000
stock_b5000_full	L1863372	0	1.0000
stock_b5000_full	L1864158	0	1.0000
stock_b5000_full	L1866755	0	1.0000
stock_b5000_full	L1866797	0	1.0000
stock_b5000_full	L1867100	0	1.0000
stock_b5000_full	L1868072	0	1.0000
stock_b5000_full	L1868786	0	1.0000
stock_b5000_full	L1870755	0	0.9014
stock_b5000_full	L1873641	0	1.0000
stock_b5000_full	L1875088	0	1.0000
stock_b5000_full	L18753	0	1.0000
stock_b5000_full	L1876216	0	1.0000
stock_b5000_full	L1877597	0	0.9594
stock_b5000_full	L1879699	0	1.0000
stock_b5000_full	L188182	0	1.0000
stock_b5000_full	L1884979	0	1.0000
stock_b5000_full	L1887497	0	1.0000
stock_b5000_full	L1889689	0	1.0000
stock_b5000_full	L189044	0	1.0000
stock_b5000_full	L1890907	1	1.0000
stock_b5000_full	L1892153	0	0.9990
stock_b5000_full	L1892928	0	1.0000
stock_b5000_full	L1895412	0	1.0000
stock_b5000_full	L1896118	0	1.0000
stock_b5000_full	L1896496	0	1.0000
stock_b5000_full	L1898387	0	0.9999
stock_b5000_full	L1899178	0	0.3622
stock_b5000_full	L1900972	0	1.0000
stock_b5000_full	L1901522	0	1.0000
stock_b5000_full	L1905187	1	0.9760
stock_b5000_full	L1909864	0	1.0000
stock_b5000_full	L1910829	0	1.0000
stock_b5000_full	L1913433	0	0.9961
stock_b5000_full	L1913798	0	1.0000
stock_b5000_full	L1914992	0	1.0000
stock_b5000_full	L1915202	0	1.0000
stock_b5000_full	L1918380	0	1.0000
stock_b5000_full	L1919010	0	1.0000
stock_b5000_full	L1920162	0	0.8871
stock_b5000_full	L1920404	1	0.5821
stock_b5000_full	L192109	0	1.0000
stock_b5000_full	L1922907	0	0.9999
stock_b5000_full	L1927325	0	1.0000
stock_b5000_full	L1928915	0	1.0000
stock_b5000_full	L1929090	1	1.0000
stock_b5000_full	L1929913	0	1.0000
stock_b5000_full	L1930346	0	1.0000
stock_b5000_full	L1930461	1	1.0000
stock_b5000_full	L1931337	0	1.0000
stock_b5000_full	L1935951	0	1.0000
stock_b5000_full	L1938073	0	1.0000
stock_b5000_full	L1938493	0	1.0000
stock_b5000_full	L1938969	0	1.0000
stock_b5000_full	L1939654	0	1.0000
stock_b5000_full	L19410	1	0.5366
stock_b5000_full	L1941050	0	1.0000
stock_b5000_full	L1942954	1	0.7284
stock_b5000_full	L194883	0	1.0000
stock_b5000_full	L195067	0	1.0000
stock_b5000_full	L1954724	1	0.7495
stock_b5000_full	L1954877	0	1.0000
stock_b5000_full	L1955320	0	1.0000
stock_b5000_full	L1955689	0	1.0000
stock_b5000_full	L1956555	0	1.0000
stock_b5000_full	L1960852	0	1.0000
stock_b5000_full	L1961648	0	1.0000
stock_b5000_full	L1961909	0	1.0000
stock_b5000_full	L1963487	0	1.0000
stock_b5000_full	L1967977	0	1.0000
stock_b5000_full	L1968825	0	1.0000
stock_b5000_full	L1969782	0	1.0000
stock_b5000_full	L1973357	0	1.0000
stock_b5000_full	L1976963	1	0.8414
stock_b5000_full	L1978016	0	0.8964
stock_b5000_full	L1981874	0	1.0000
stock_b5000_full	L1982297	0	1.0000
stock_b5000_full	L1986935	0	1.0000
stock_b5000_full	L1988468	0	1.0000
stock_b5000_full	L1993702	0	1.0000
stock_b5000_full	L1994929	0	1.0000
stock_b5000_full	L1995502	0	1.0000
stock_b5000_full	L199621	0	1.0000
stock_b5000_full	L199741	0	1.0000
stock_b5000_full	L200062	0	1.0000
stock_b5000_full	L200339	0	1.0000
stock_b5000_full	L201693	1	0.9701
stock_b5000_full	L204755	0	1.0000
stock_b5000_full	L207526	1	1.0000
stock_b5000_full	L209164	0	1.0000
stock_b5000_full	L211149	0	1.0000
stock_b5000_full	L213058	0	1.0000
stock_b5000_full	L21416	0	1.0000
stock_b5000_full	L215127	0	1.0000
stock_b5000_full	L217152	0	1.0000
stock_b5000_full	L220237	0	1.0000
stock_b5000_full	L224269	0	1.0000
stock_b5000_full	L224492	0	1.0000
stock_b5000_full	L225627	0	1.0000
stock_b5000_full	L230051	0	1.0000
stock_b5000_full	L23270	0	0.9325
stock_b5000_full	L234353	1	1.0000
stock_b5000_full	L234368	1	1.0000
stock_b5000_full	L238830	0	1.0000
stock_b5000_full	L239409	1	0.9397
stock_b5000_full	L241654	2	0.6932
stock_b5000_full	L241655	2	0.5789
stock_b5000_full	L245384	0	1.0000
stock_b5000_full	L245820	0	1.0000
stock_b5000_full	L246104	0	1.0000
stock_b5000_full	L251332	2	0.5610
stock_b5000_full	L251678	1	1.0000
stock_b5000_full	L255307	0	1.0000
stock_b5000_full	L257527	0	1.0000
stock_b5000_full	L258589	0	1.0000
stock_b5000_full	L266408	0	1.0000
stock_b5000_full	L268084	1	0.6502
stock_b5000_full	L268984	0	1.0000
stock_b5000_full	L27508	1	1.0000
stock_b5000_full	L275193	0	1.0000
stock_b5000_full	L278395	0	1.0000
stock_b5000_full	L278593	0	1.0000
stock_b5000_full	L27964	0	1.0000
stock_b5000_full	L284367	1	1.0000
stock_b5000_full	L28444	1	0.4800
stock_b5000_full	L284476	0	1.0000
stock_b5000_full	L28553	1	0.4826
stock_b5000_full	L29036	0	1.0000
stock_b5000_full	L296959	0	1.0000
stock_b5000_full	L299623	0	1.0000
stock_b5000_full	L3055	1	1.0000
stock_b5000_full	L307255	0	1.0000
stock_b5000_full	L308212	1	0.9874
stock_b5000_full	L308969	0	1.0000
stock_b5000_full	L309051	0	1.0000
stock_b5000_full	L309322	0	1.0000
stock_b5000_full	L311702	0	1.0000
stock_b5000_full	L312583	1	1.0000
stock_b5000_full	L313358	1	0.9926
stock_b5000_full	L313697	2	0.7706
stock_b5000_full	L315634	1	0.4119
stock_b5000_full	L315700	1	0.6555
stock_b5000_full	L31685	0	1.0000
stock_b5000_full	L317033	0	1.0000
stock_b5000_full	L31899	1	0.8310
stock_b5000_full	L323351	0	1.0000
stock_b5000_full	L32395	0	1.0000
stock_b5000_full	L326685	0	1.0000
stock_b5000_full	L326694	0	1.0000
stock_b5000_full	L327568	0	1.0000
stock_b5000_full	L32832	1	1.0000
stock_b5000_full	L329474	0	1.0000
stock_b5000_full	L334900	0	1.0000
stock_b5000_full	L33647	0	1.0000
stock_b5000_full	L34212	0	0.8405
stock_b5000_full	L342129	0	1.0000
stock_b5000_full	L342665	0	1.0000
stock_b5000_full	L342801	0	1.0000
stock_b5000_full	L342978	0	1.0000
stock_b5000_full	L343956	0	0.5626
stock_b5000_full	L346141	0	1.0000
stock_b5000_full	L34800	0	1.0000
stock_b5000_full	L348481	1	1.0000
stock_b5000_full	L353810	0	1.0000
stock_b5000_full	L356341	0	1.0000
stock_b5000_full	L356443	0	0.9856
stock_b5000_full	L356686	1	1.0000
stock_b5000_full	L360886	0	0.7635
stock_b5000_full	L361342	0	1.0000
stock_b5000_full	L362904	1	1.0000
stock_b5000_full	L367241	0	1.0000
stock_b5000_full	L367843	0	0.5230
stock_b5000_full	L368076	0	1.0000
stock_b5000_full	L370099	0	1.0000
stock_b5000_full	L372147	0	1.0000
stock_b5000_full	L37428	0	1.0000
stock_b5000_full	L37487	0	1.0000
stock_b5000_full	L37506	0	1.0000
stock_b5000_full	L377747	0	1.0000
stock_b5000_full	L378292	1	1.0000
stock_b5000_full	L379881	0	1.0000
stock_b5000_full	L38020	1	0.6134
stock_b5000_full	L382144	0	1.0000
stock_b5000_full	L382805	0	0.9936
stock_b5000_full	L38293	0	1.0000
stock_b5000_full	L385542	1	1.0000
stock_b5000_full	L386709	0	0.9991
stock_b5000_full	L387070	0	1.0000
stock_b5000_full	L389418	0	1.0000
stock_b5000_full	L39295	0	1.0000
stock_b5000_full	L394806	0	1.0000
stock_b5000_full	L395376	0	0.9537
stock_b5000_full	L398208	0	1.0000
stock_b5000_full	L400063	0	1.0000
stock_b5000_full	L401172	0	1.0000
stock_b5000_full	L404610	0	1.0000
stock_b5000_full	L40463	0	1.0000
stock_b5000_full	L40743	0	1.0000
stock_b5000_full	L408206	0	1.0000
stock_b5000_full	L409731	0	1.0000
stock_b5000_full	L410067	1	0.9537
stock_b5000_full	L412722	1	0.5353
stock_b5000_full	L412963	1	0.5036
stock_b5000_full	L417292	0	1.0000
stock_b5000_full	L418430	0	1.0000
stock_b5000_full	L421624	1	0.3722
stock_b5000_full	L428880	1	1.0000
stock_b5000_full	L432029	0	1.0000
stock_b5000_full	L432071	0	1.0000
stock_b5000_full	L434883	0	1.0000
stock_b5000_full	L436548	1	0.9972
stock_b5000_full	L440015	1	1.0000
stock_b5000_full	L441824	0	1.0000
stock_b5000_full	L443589	0	1.0000
stock_b5000_full	L443976	1	1.0000
stock_b5000_full	L445230	0	1.0000
stock_b5000_full	L446017	0	1.0000
stock_b5000_full	L446776	0	0.7651
stock_b5000_full	L44774	0	1.0000
stock_b5000_full	L447866	0	0.9999
stock_b5000_full	L451459	0	1.0000
stock_b5000_full	L452100	0	1.0000
stock_b5000_full	L453027	1	0.6188
stock_b5000_full	L455667	0	1.0000
stock_b5000_full	L458918	1	0.8964
stock_b5000_full	L460660	0	1.0000
stock_b5000_full	L460944	0	1.0000
stock_b5000_full	L461664	0	1.0000
stock_b5000_full	L463867	0	0.5819
stock_b5000_full	L464238	1	0.7624
stock_b5000_full	L464909	1	0.8656
stock_b5000_full	L465321	0	1.0000
stock_b5000_full	L465380	0	1.0000
stock_b5000_full	L472494	0	1.0000
stock_b5000_full	L478647	2	0.4374
stock_b5000_full	L481639	1	0.4991
stock_b5000_full	L482576	0	0.9638
stock_b5000_full	L48305	1	0.5019
stock_b5000_full	L484367	1	1.0000
stock_b5000_full	L48470	1	0.5100
stock_b5000_full	L486859	1	1.0000
stock_b5000_full	L49167	1	0.4949
stock_b5000_full	L497252	0	1.0000
stock_b5000_full	L497478	0	1.0000
stock_b5000_full	L500974	4	1.0000
stock_b5000_full	L502206	0	0.9998
stock_b5000_full	L505867	0	1.0000
stock_b5000_full	L507299	2	0.9170
stock_b5000_full	L508411	1	1.0000
stock_b5000_full	L510079	0	1.0000
stock_b5000_full	L510795	0	1.0000
stock_b5000_full	L512309	0	1.0000
stock_b5000_full	L515174	1	1.0000
stock_b5000_full	L515848	0	0.8260
stock_b5000_full	L519283	0	1.0000
stock_b5000_full	L521776	0	1.0000
stock_b5000_full	L522160	0	1.0000
stock_b5000_full	L522318	0	1.0000
stock_b5000_full	L523327	0	1.0000
stock_b5000_full	L523370	1	1.0000
stock_b5000_full	L526262	0	1.0000
stock_b5000_full	L526516	1	0.7044
stock_b5000_full	L528212	0	1.0000
stock_b5000_full	L528692	0	1.0000
stock_b5000_full	L530014	0	1.0000
stock_b5000_full	L532143	0	1.0000
stock_b5000_full	L533793	0	1.0000
stock_b5000_full	L536321	0	1.0000
stock_b5000_full	L538070	0	1.0000
stock_b5000_full	L541636	0	1.0000
stock_b5000_full	L548193	0	1.0000
stock_b5000_full	L549658	0	1.0000
stock_b5000_full	L552457	0	1.0000
stock_b5000_full	L553070	0	1.0000
stock_b5000_full	L553796	0	1.0000
stock_b5000_full	L557356	0	1.0000
stock_b5000_full	L560445	0	0.7258
stock_b5000_full	L562316	0	1.0000
stock_b5000_full	L564346	0	1.0000
stock_b5000_full	L564945	0	1.0000
stock_b5000_full	L570022	1	1.0000
stock_b5000_full	L570410	1	0.5945
stock_b5000_full	L578894	1	1.0000
stock_b5000_full	L580515	0	1.0000
stock_b5000_full	L582232	0	1.0000
stock_b5000_full	L58230	0	1.0000
stock_b5000_full	L582596	0	0.9968
stock_b5000_full	L583540	1	0.6814
stock_b5000_full	L591002	0	1.0000
stock_b5000_full	L594898	0	0.9997
stock_b5000_full	L603993	0	1.0000
stock_b5000_full	L608579	0	0.7572
stock_b5000_full	L611247	0	1.0000
stock_b5000_full	L612525	0	0.9653
stock_b5000_full	L613607	1	1.0000
stock_b5000_full	L616384	0	0.8104
stock_b5000_full	L616608	0	1.0000
stock_b5000_full	L618876	0	1.0000
stock_b5000_full	L62362	1	1.0000
stock_b5000_full	L626867	0	1.0000
stock_b5000_full	L627892	0	1.0000
stock_b5000_full	L629447	0	1.0000
stock_b5000_full	L630054	0	1.0000
stock_b5000_full	L632248	0	1.0000
stock_b5000_full	L633134	1	0.5636
stock_b5000_full	L636292	0	1.0000
stock_b5000_full	L636628	0	1.0000
stock_b5000_full	L638515	0	1.0000
stock_b5000_full	L640623	0	0.8127
stock_b5000_full	L643973	0	0.9794
stock_b5000_full	L647704	0	1.0000
stock_b5000_full	L647846	2	0.5584
stock_b5000_full	L647960	0	0.9706
stock_b5000_full	L649179	0	1.0000
stock_b5000_full	L650666	0	1.0000
stock_b5000_full	L651714	0	0.9982
stock_b5000_full	L653750	0	1.0000
stock_b5000_full	L655372	0	1.0000
stock_b5000_full	L655384	0	1.0000
stock_b5000_full	L65596	0	1.0000
stock_b5000_full	L656694	0	1.0000
stock_b5000_full	L658042	0	1.0000
stock_b5000_full	L658497	0	1.0000
stock_b5000_full	L669210	0	1.0000
stock_b5000_full	L670330	0	1.0000
stock_b5000_full	L670613	0	1.0000
stock_b5000_full	L673602	1	1.0000
stock_b5000_full	L674223	1	0.7116
stock_b5000_full	L675700	0	1.0000
stock_b5000_full	L675990	0	0.5354
stock_b5000_full	L676345	0	1.0000
stock_b5000_full	L677042	0	1.0000
stock_b5000_full	L678590	1	0.8426
stock_b5000_full	L681297	0	1.0000
stock_b5000_full	L681978	0	1.0000
stock_b5000_full	L686347	0	1.0000
stock_b5000_full	L68830	1	1.0000
stock_b5000_full	L689497	0	1.0000
stock_b5000_full	L692518	0	1.0000
stock_b5000_full	L693078	1	1.0000
stock_b5000_full	L695087	0	1.0000
stock_b5000_full	L696140	1	1.0000
stock_b5000_full	L696284	1	1.0000
stock_b5000_full	L698369	0	1.0000
stock_b5000_full	L699934	0	1.0000
stock_b5000_full	L700319	0	1.0000
stock_b5000_full	L700376	0	1.0000
stock_b5000_full	L702155	0	1.0000
stock_b5000_full	L702232	0	1.0000
stock_b5000_full	L702417	0	1.0000
stock_b5000_full	L702602	0	1.0000
stock_b5000_full	L703962	0	0.9224
stock_b5000_full	L705651	0	1.0000
stock_b5000_full	L70618	0	1.0000
stock_b5000_full	L706311	0	1.0000
stock_b5000_full	L708354	1	1.0000
stock_b5000_full	L709354	0	1.0000
stock_b5000_full	L711289	0	1.0000
stock_b5000_full	L711549	1	1.0000
stock_b5000_full	L712265	0	1.0000
stock_b5000_full	L71335	0	0.9999
stock_b5000_full	L715388	0	1.0000
stock_b5000_full	L718862	0	1.0000
stock_b5000_full	L720458	0	1.0000
stock_b5000_full	L725718	0	1.0000
stock_b5000_full	L731065	0	1.0000
stock_b5000_full	L731308	1	0.9232
stock_b5000_full	L733646	0	1.0000
stock_b5000_full	L734133	0	1.0000
stock_b5000_full	L737457	0	1.0000
stock_b5000_full	L740821	0	1.0000
stock_b5000_full	L743068	0	1.0000
stock_b5000_full	L74316	0	1.0000
stock_b5000_full	L743890	1	0.4248
stock_b5000_full	L744275	0	1.0000
stock_b5000_full	L745574	0	0.5767
stock_b5000_full	L74731	0	1.0000
stock_b5000_full	L750954	0	0.9087
stock_b5000_full	L751703	0	1.0000
stock_b5000_full	L751958	0	1.0000
stock_b5000_full	L752278	0	1.0000
stock_b5000_full	L754591	0	1.0000
stock_b5000_full	L755244	0	1.0000
stock_b5000_full	L756992	0	1.0000
stock_b5000_full	L75760	1	1.0000
stock_b5000_full	L75765	0	0.9570
stock_b5000_full	L757775	0	1.0000
stock_b5000_full	L758305	0	1.0000
stock_b5000_full	L765760	0	1.0000
stock_b5000_full	L76713	0	1.0000
stock_b5000_full	L76922	0	1.0000
stock_b5000_full	L769388	0	1.0000
stock_b5000_full	L770244	0	1.0000
stock_b5000_full	L773323	0	1.0000
stock_b5000_full	L774762	0	1.0000
stock_b5000_full	L775829	0	0.9999
stock_b5000_full	L775913	0	1.0000
stock_b5000_full	L779987	0	1.0000
stock_b5000_full	L783260	0	1.0000
stock_b5000_full	L785799	1	1.0000
stock_b5000_full	L789159	1	1.0000
stock_b5000_full	L790398	0	1.0000
stock_b5000_full	L790433	0	1.0000
stock_b5000_full	L791637	0	1.0000
stock_b5000_full	L792255	0	1.0000
stock_b5000_full	L794487	0	1.0000
stock_b5000_full	L794834	0	1.0000
stock_b5000_full	L797144	1	0.6935
stock_b5000_full	L800738	0	1.0000
stock_b5000_full	L800847	1	1.0000
stock_b5000_full	L801514	0	1.0000
stock_b5000_full	L803685	1	0.9281
stock_b5000_full	L804478	1	0.6426
stock_b5000_full	L805558	0	1.0000
stock_b5000_full	L808991	0	1.0000
stock_b5000_full	L809814	0	0.9071
stock_b5000_full	L810684	0	1.0000
stock_b5000_full	L812222	0	1.0000
stock_b5000_full	L812290	0	1.0000
stock_b5000_full	L812450	0	1.0000
stock_b5000_full	L812783	0	1.0000
stock_b5000_full	L815933	0	1.0000
stock_b5000_full	L816930	0	1.0000
stock_b5000_full	L817748	0	0.9858
stock_b5000_full	L818516	0	1.0000
stock_b5000_full	L819561	1	0.8363
stock_b5000_full	L820879	1	0.9981
stock_b5000_full	L822130	0	1.0000
stock_b5000_full	L825457	0	0.9997
stock_b5000_full	L825873	0	1.0000
stock_b5000_full	L828109	0	1.0000
stock_b5000_full	L828870	0	1.0000
stock_b5000_full	L829044	0	1.0000
stock_b5000_full	L832242	0	1.0000
stock_b5000_full	L8343	0	1.0000
stock_b5000_full	L834344	0	1.0000
stock_b5000_full	L839806	0	1.0000
stock_b5000_full	L844851	0	0.9194
stock_b5000_full	L845595	1	0.9855
stock_b5000_full	L846580	2	0.6842
stock_b5000_full	L847676	0	1.0000
stock_b5000_full	L849015	0	1.0000
stock_b5000_full	L851950	0	1.0000
stock_b5000_full	L854818	0	1.0000
stock_b5000_full	L85825	1	0.7588
stock_b5000_full	L85840	1	1.0000
stock_b5000_full	L859958	0	1.0000
stock_b5000_full	L860612	0	1.0000
stock_b5000_full	L861318	0	1.0000
stock_b5000_full	L866049	0	1.0000
stock_b5000_full	L867466	0	1.0000
stock_b5000_full	L869627	1	1.0000
stock_b5000_full	L871416	0	1.0000
stock_b5000_full	L872091	0	1.0000
stock_b5000_full	L873200	1	0.8373
stock_b5000_full	L876650	0	1.0000
stock_b5000_full	L884104	0	1.0000
stock_b5000_full	L884785	0	1.0000
stock_b5000_full	L885277	0	1.0000
stock_b5000_full	L8861	0	1.0000
stock_b5000_full	L887140	0	0.9494
stock_b5000_full	L887277	0	1.0000
stock_b5000_full	L887364	0	1.0000
stock_b5000_full	L88795	0	1.0000
stock_b5000_full	L889560	0	1.0000
stock_b5000_full	L889604	0	1.0000
stock_b5000_full	L889976	1	1.0000
stock_b5000_full	L892910	0	0.9979
stock_b5000_full	L894743	0	1.0000
stock_b5000_full	L895481	0	0.9933
stock_b5000_full	L89624	0	1.0000
stock_b5000_full	L898110	0	1.0000
stock_b5000_full	L899934	0	1.0000
stock_b5000_full	L901557	0	1.0000
stock_b5000_full	L903060	0	1.0000
stock_b5000_full	L909174	0	0.9994
stock_b5000_full	L910438	0	1.0000
stock_b5000_full	L911123	1	0.7156
stock_b5000_full	L913104	1	0.5430
stock_b5000_full	L913132	1	0.8493
stock_b5000_full	L913296	1	0.9006
stock_b5000_full	L913615	0	1.0000
stock_b5000_full	L914330	0	1.0000
stock_b5000_full	L915554	0	1.0000
stock_b5000_full	L915671	0	1.0000
stock_b5000_full	L915744	0	1.0000
stock_b5000_full	L916223	0	1.0000
stock_b5000_full	L920408	0	0.7889
stock_b5000_full	L920940	0	0.9882
stock_b5000_full	L9266	0	1.0000
stock_b5000_full	L927953	1	0.8349
stock_b5000_full	L928327	0	0.9603
stock_b5000_full	L931161	1	0.9999
stock_b5000_full	L934785	1	0.5059
stock_b5000_full	L93700	0	0.9970
stock_b5000_full	L937336	1	0.7711
stock_b5000_full	L93870	1	1.0000
stock_b5000_full	L94108	0	1.0000
stock_b5000_full	L94384	2	0.5211
stock_b5000_full	L944991	0	1.0000
stock_b5000_full	L945211	0	0.9990
stock_b5000_full	L946926	0	1.0000
stock_b5000_full	L947812	0	1.0000
stock_b5000_full	L952666	0	1.0000
stock_b5000_full	L95463	0	1.0000
stock_b5000_full	L954661	0	1.0000
stock_b5000_full	L957035	0	1.0000
stock_b5000_full	L960491	1	0.7465
stock_b5000_full	L962773	0	1.0000
stock_b5000_full	L965392	0	1.0000
stock_b5000_full	L966579	0	1.0000
stock_b5000_full	L966704	1	1.0000
stock_b5000_full	L96702	0	1.0000
stock_b5000_full	L972885	0	1.0000
stock_b5000_full	L973165	0	1.0000
stock_b5000_full	L974460	0	1.0000
stock_b5000_full	L975279	0	1.0000
stock_b5000_full	L976794	1	0.5008
stock_b5000_full	L977480	0	1.0000
stock_b5000_full	L983396	1	1.0000
stock_b5000_full	L986207	0	1.0000
stock_b5000_full	L986844	0	0.9999
stock_b5000_full	L987024	0	1.0000
stock_b5000_full	L987386	0	1.0000
stock_b5000_full	L989146	0	1.0000
stock_b5000_full	L989266	0	0.9860
stock_b5000_full	L991824	0	1.0000
stock_b5000_full	L996093	0	1.0000
stock_b5000_full	L997656	0	1.0000
stock_b5000_full	L998814	0	1.0000
