fix_b2000_frag	L1002218	0	1.0000
fix_b2000_frag	L100440	0	0.9902
fix_b2000_frag	L1005950	0	1.0000
fix_b2000_frag	L100995	0	0.7228
fix_b2000_frag	L1011290	1	0.3334
fix_b2000_frag	L1011861	0	0.9753
fix_b2000_frag	L10149	13	0.1688
fix_b2000_frag	L101648	0	0.3530
fix_b2000_frag	L1021726	1	0.4609
fix_b2000_frag	L102408	0	1.0000
fix_b2000_frag	L1024268	1	0.2207
fix_b2000_frag	L10251	1	0.2538
fix_b2000_frag	L1027173	2	0.3058
fix_b2000_frag	L1030523	0	0.5150
fix_b2000_frag	L1030919	0	0.8037
fix_b2000_frag	L103388	0	0.9998
fix_b2000_frag	L1034823	1	0.3026
fix_b2000_frag	L1038962	0	0.6495
fix_b2000_frag	L103916	0	1.0000
fix_b2000_frag	L1042693	0	0.6623
fix_b2000_frag	L1046764	0	0.5636
fix_b2000_frag	L1047401	3	0.1593
fix_b2000_frag	L1049690	0	1.0000
fix_b2000_frag	L10510	0	1.0000
fix_b2000_frag	L1055385	0	0.1964
fix_b2000_frag	L1056345	0	0.8406
fix_b2000_frag	L1057201	0	1.0000
fix_b2000_frag	L1057393	0	1.0000
fix_b2000_frag	L1060190	1	0.6518
fix_b2000_frag	L1063723	0	1.0000
fix_b2000_frag	L1064762	0	0.9999
fix_b2000_frag	L1066087	0	0.7731
fix_b2000_frag	L106610	0	0.2663
fix_b2000_frag	L1067332	0	0.9834
fix_b2000_frag	L1068161	0	0.9987
fix_b2000_frag	L1069418	0	0.3455
fix_b2000_frag	L1071065	0	0.2380
fix_b2000_frag	L1074081	1	0.6175
fix_b2000_frag	L1074481	0	0.9988
fix_b2000_frag	L1075882	0	0.4923
fix_b2000_frag	L1076434	7	0.2951
fix_b2000_frag	L1076881	0	0.4706
fix_b2000_frag	L1079220	1	0.4436
fix_b2000_frag	L1082973	4	0.7416
fix_b2000_frag	L1083369	1	0.4552
fix_b2000_frag	L1084248	0	0.9096
fix_b2000_frag	L1085230	0	0.9997
fix_b2000_frag	L1087088	1	0.3185
fix_b2000_frag	L1087228	1	0.4096
fix_b2000_frag	L1089145	2	0.3840
fix_b2000_frag	L1091489	0	0.7779
fix_b2000_frag	L1092106	1	0.1820
fix_b2000_frag	L1092311	1	0.3993
fix_b2000_frag	L1092484	2	0.4664
fix_b2000_frag	L1092539	0	0.3625
fix_b2000_frag	L109260	0	1.0000
fix_b2000_frag	L1094932	0	0.6032
fix_b2000_frag	L1096662	0	1.0000
fix_b2000_frag	L1099514	1	0.4333
fix_b2000_frag	L1101145	0	1.0000
fix_b2000_frag	L1102329	0	0.8908
fix_b2000_frag	L1103403	0	0.6890
fix_b2000_frag	L1104287	0	0.7577
fix_b2000_frag	L1105488	0	0.9875
fix_b2000_frag	L1112429	1	0.4393
fix_b2000_frag	L1113572	0	0.3664
fix_b2000_frag	L1116526	1	0.3795
fix_b2000_frag	L1117241	1	0.4447
fix_b2000_frag	L1118153	0	0.9988
fix_b2000_frag	L1118243	5	0.1327
fix_b2000_frag	L1118908	0	0.5341
fix_b2000_frag	L1119584	1	0.4484
fix_b2000_frag	L112024	0	1.0000
fix_b2000_frag	L1125241	1	0.3000
fix_b2000_frag	L1126546	1	0.2356
fix_b2000_frag	L112658	2	0.3447
fix_b2000_frag	L1132042	2	0.1542
fix_b2000_frag	L1132216	0	0.1888
fix_b2000_frag	L1133030	2	0.2901
fix_b2000_frag	L1133950	0	0.8780
fix_b2000_frag	L1135903	0	0.8993
fix_b2000_frag	L1138787	1	0.3427
fix_b2000_frag	L1141407	0	0.3253
fix_b2000_frag	L1142807	0	1.0000
fix_b2000_frag	L1143013	0	0.3195
fix_b2000_frag	L1145504	0	0.9914
fix_b2000_frag	L1146653	0	1.0000
fix_b2000_frag	L1152702	1	0.6801
fix_b2000_frag	L1154243	1	0.2909
fix_b2000_frag	L1162324	0	0.9973
fix_b2000_frag	L1165463	1	0.3775
fix_b2000_frag	L1168233	0	1.0000
fix_b2000_frag	L1171802	1	0.3578
fix_b2000_frag	L1172998	0	1.0000
fix_b2000_frag	L1173044	0	0.4659
fix_b2000_frag	L1176288	1	0.4419
fix_b2000_frag	L1177377	2	0.2086
fix_b2000_frag	L1182959	0	0.9971
fix_b2000_frag	L11844	1	0.3270
fix_b2000_frag	L1184628	0	0.3596
fix_b2000_frag	L1188622	1	0.2528
fix_b2000_frag	L1189724	0	0.9772
fix_b2000_frag	L1191323	0	0.5669
fix_b2000_frag	L1193114	1	0.1908
fix_b2000_frag	L1199746	3	0.3219
fix_b2000_frag	L1200221	0	0.9978
fix_b2000_frag	L1202868	1	0.5408
fix_b2000_frag	L1204301	0	0.5104
fix_b2000_frag	L1205470	0	1.0000
fix_b2000_frag	L1206005	1	0.3316
fix_b2000_frag	L1206932	1	0.4871
fix_b2000_frag	L1207765	2	0.4418
fix_b2000_frag	L120897	0	0.9336
fix_b2000_frag	L1209853	1	0.7767
fix_b2000_frag	L1210115	0	0.7326
fix_b2000_frag	L1210563	0	1.0000
fix_b2000_frag	L1213461	0	0.9072
fix_b2000_frag	L12157	0	1.0000
fix_b2000_frag	L1215767	1	0.2595
fix_b2000_frag	L12163	0	1.0000
fix_b2000_frag	L121659	0	1.0000
fix_b2000_frag	L1216609	1	0.3901
fix_b2000_frag	L1218138	0	1.0000
fix_b2000_frag	L1218431	1	0.5159
fix_b2000_frag	L1222546	1	0.2396
fix_b2000_frag	L1223429	1	0.4038
fix_b2000_frag	L1223462	0	0.8743
fix_b2000_frag	L1226687	0	0.9943
fix_b2000_frag	L1226989	1	0.6374
fix_b2000_frag	L1227471	0	0.5574
fix_b2000_frag	L1229432	1	0.3571
fix_b2000_frag	L1233719	1	0.1639
fix_b2000_frag	L1234526	0	0.9978
fix_b2000_frag	L1235162	1	0.4698
fix_b2000_frag	L1236957	0	1.0000
fix_b2000_frag	L1244324	0	0.5001
fix_b2000_frag	L1244973	0	1.0000
fix_b2000_frag	L1246142	0	0.5876
fix_b2000_frag	L1249052	0	1.0000
fix_b2000_frag	L1249957	1	0.5953
fix_b2000_frag	L1253500	0	0.1905
fix_b2000_frag	L1254087	0	0.7155
fix_b2000_frag	L1256996	0	0.8478
fix_b2000_frag	L1259882	0	0.4818
fix_b2000_frag	L1268226	1	0.5780
fix_b2000_frag	L1268725	0	0.9545
fix_b2000_frag	L1271254	0	0.9937
fix_b2000_frag	L1271409	0	0.9937
fix_b2000_frag	L127156	9	0.5138
fix_b2000_frag	L1273089	1	0.2031
fix_b2000_frag	L1273188	1	0.3349
fix_b2000_frag	L127409	0	0.1606
fix_b2000_frag	L1274249	0	0.9781
fix_b2000_frag	L1275193	1	0.7206
fix_b2000_frag	L1277797	1	0.2187
fix_b2000_frag	L1281298	1	0.1573
fix_b2000_frag	L1281831	0	0.9990
fix_b2000_frag	L12848	0	0.5081
fix_b2000_frag	L1288345	0	1.0000
fix_b2000_frag	L1288962	0	1.0000
fix_b2000_frag	L1291073	0	0.6887
fix_b2000_frag	L129489	2	0.3655
fix_b2000_frag	L1295495	0	0.2818
fix_b2000_frag	L1296033	2	0.3988
fix_b2000_frag	L1296246	0	1.0000
fix_b2000_frag	L1298804	16	0.1620
fix_b2000_frag	L129889	1	0.3060
fix_b2000_frag	L129894	1	0.5095
fix_b2000_frag	L1302233	1	0.3183
fix_b2000_frag	L1302756	0	1.0000
fix_b2000_frag	L1305953	0	1.0000
fix_b2000_frag	L1307629	0	0.7768
fix_b2000_frag	L1311821	1	0.5419
fix_b2000_frag	L1312129	0	0.2572
fix_b2000_frag	L1313657	1	0.6066
fix_b2000_frag	L1317866	0	0.9884
fix_b2000_frag	L1319065	0	0.9452
fix_b2000_frag	L1319342	1	0.7197
fix_b2000_frag	L1321240	0	1.0000
fix_b2000_frag	L1321927	0	0.4900
fix_b2000_frag	L1322095	1	0.2635
fix_b2000_frag	L1322919	0	0.5012
fix_b2000_frag	L132444	0	0.3364
fix_b2000_frag	L1328011	2	0.7877
fix_b2000_frag	L132859	0	0.9210
fix_b2000_frag	L1333077	0	1.0000
fix_b2000_frag	L1333869	2	0.4711
fix_b2000_frag	L1336242	0	0.9884
fix_b2000_frag	L1336592	0	1.0000
fix_b2000_frag	L1336811	1	0.3097
fix_b2000_frag	L1337441	1	0.4795
fix_b2000_frag	L1337876	0	1.0000
fix_b2000_frag	L1339988	1	0.6616
fix_b2000_frag	L134043	0	0.4582
fix_b2000_frag	L1345336	0	1.0000
fix_b2000_frag	L1346006	0	1.0000
fix_b2000_frag	L1347203	1	0.4867
fix_b2000_frag	L134750	0	0.7868
fix_b2000_frag	L1349951	0	0.9965
fix_b2000_frag	L135606	8	0.2217
fix_b2000_frag	L1359737	1	0.4836
fix_b2000_frag	L1359885	0	1.0000
fix_b2000_frag	L1364769	0	0.3826
fix_b2000_frag	L1367051	1	0.2466
fix_b2000_frag	L1370889	1	0.3790
fix_b2000_frag	L1371345	0	1.0000
fix_b2000_frag	L137216	0	0.3794
fix_b2000_frag	L1374223	0	0.7708
fix_b2000_frag	L1374668	0	1.0000
fix_b2000_frag	L1375718	5	0.1202
fix_b2000_frag	L138026	1	0.3569
fix_b2000_frag	L1381564	0	0.3334
fix_b2000_frag	L1382755	1	0.4550
fix_b2000_frag	L1383713	0	1.0000
fix_b2000_frag	L1384799	2	0.2234
fix_b2000_frag	L1385247	0	1.0000
fix_b2000_frag	L1385993	0	0.9963
fix_b2000_frag	L1386308	1	0.3618
fix_b2000_frag	L1393102	0	1.0000
fix_b2000_frag	L1393473	1	0.4028
fix_b2000_frag	L1395501	0	0.8043
fix_b2000_frag	L1396567	0	0.5084
fix_b2000_frag	L139823	0	0.2902
fix_b2000_frag	L1398710	0	0.4891
fix_b2000_frag	L1401969	0	0.5293
fix_b2000_frag	L140451	0	0.2423
fix_b2000_frag	L140523	0	0.8076
fix_b2000_frag	L1405833	0	0.9847
fix_b2000_frag	L1406124	0	0.5886
fix_b2000_frag	L1408446	0	0.2812
fix_b2000_frag	L1414087	3	0.7382
fix_b2000_frag	L1414670	0	0.9898
fix_b2000_frag	L1427937	1	0.3369
fix_b2000_frag	L1432075	1	0.3120
fix_b2000_frag	L1433990	2	0.7165
fix_b2000_frag	L1436612	0	0.3429
fix_b2000_frag	L1437018	0	1.0000
fix_b2000_frag	L1437092	0	0.9972
fix_b2000_frag	L1438034	2	0.3598
fix_b2000_frag	L1441109	0	0.6798
fix_b2000_frag	L1443886	1	0.2512
fix_b2000_frag	L1447645	1	0.3718
fix_b2000_frag	L1447799	0	1.0000
fix_b2000_frag	L1456105	0	1.0000
fix_b2000_frag	L1460805	0	1.0000
fix_b2000_frag	L1461137	0	0.9807
fix_b2000_frag	L1463034	0	0.9989
fix_b2000_frag	L1463212	0	0.4623
fix_b2000_frag	L1466388	0	0.9986
fix_b2000_frag	L1467157	0	0.9985
fix_b2000_frag	L1469232	0	1.0000
fix_b2000_frag	L1470463	1	0.5348
fix_b2000_frag	L1471165	1	0.2472
fix_b2000_frag	L1472014	0	0.6250
fix_b2000_frag	L1472713	0	0.9987
fix_b2000_frag	L1477149	0	0.6377
fix_b2000_frag	L1478	1	0.4198
fix_b2000_frag	L1479751	0	0.2218
fix_b2000_frag	L148298	0	0.7251
fix_b2000_frag	L1483366	0	0.9999
fix_b2000_frag	L1485382	1	0.5241
fix_b2000_frag	L1485505	0	0.7906
fix_b2000_frag	L1486236	0	0.8463
fix_b2000_frag	L1486972	0	0.4773
fix_b2000_frag	L1489403	0	0.5541
fix_b2000_frag	L1491379	0	1.0000
fix_b2000_frag	L1491419	0	1.0000
fix_b2000_frag	L1492852	3	0.1169
fix_b2000_frag	L1493725	0	1.0000
fix_b2000_frag	L1494355	1	0.0936
fix_b2000_frag	L1496468	3	0.3865
fix_b2000_frag	L1496688	4	0.1987
fix_b2000_frag	L1499308	2	0.1533
fix_b2000_frag	L1499442	0	0.2467
fix_b2000_frag	L1501233	0	0.7494
fix_b2000_frag	L150125	0	0.3499
fix_b2000_frag	L1505560	2	0.2003
fix_b2000_frag	L1507253	0	0.9396
fix_b2000_frag	L1507813	0	0.3015
fix_b2000_frag	L1509077	0	0.8559
fix_b2000_frag	L1509421	1	0.1466
fix_b2000_frag	L151054	3	0.1730
fix_b2000_frag	L1511044	0	0.9383
fix_b2000_frag	L1511216	0	0.9496
fix_b2000_frag	L1516526	1	0.1521
fix_b2000_frag	L1519249	0	0.2738
fix_b2000_frag	L152214	0	0.5363
fix_b2000_frag	L1524073	1	0.4198
fix_b2000_frag	L1524858	0	1.0000
fix_b2000_frag	L1529356	0	0.9928
fix_b2000_frag	L1532590	1	0.4241
fix_b2000_frag	L1541613	1	0.2806
fix_b2000_frag	L1544574	2	0.1436
fix_b2000_frag	L1549024	0	0.9983
fix_b2000_frag	L1551652	0	0.4176
fix_b2000_frag	L1552258	1	0.4913
fix_b2000_frag	L1555218	0	1.0000
fix_b2000_frag	L1555419	7	0.3306
fix_b2000_frag	L1557526	0	1.0000
fix_b2000_frag	L1560322	0	1.0000
fix_b2000_frag	L1560376	0	0.9598
fix_b2000_frag	L1560763	1	0.4183
fix_b2000_frag	L1566484	1	0.4196
fix_b2000_frag	L1571939	0	0.9965
fix_b2000_frag	L1579304	1	0.1713
fix_b2000_frag	L1582185	5	0.1752
fix_b2000_frag	L1586191	0	1.0000
fix_b2000_frag	L1587457	0	0.2585
fix_b2000_frag	L15876	4	0.2196
fix_b2000_frag	L1587747	0	1.0000
fix_b2000_frag	L1588237	1	0.2443
fix_b2000_frag	L1588825	0	1.0000
fix_b2000_frag	L159056	1	0.7149
fix_b2000_frag	L1590560	2	0.5339
fix_b2000_frag	L1591450	1	0.1103
fix_b2000_frag	L1593143	0	0.9995
fix_b2000_frag	L1596884	0	1.0000
fix_b2000_frag	L1598768	0	0.6861
fix_b2000_frag	L1598930	0	0.8299
fix_b2000_frag	L1601341	1	0.1763
fix_b2000_frag	L1602543	0	1.0000
fix_b2000_frag	L1604821	1	0.1960
fix_b2000_frag	L1604892	5	0.7456
fix_b2000_frag	L1605370	2	0.3713
fix_b2000_frag	L1606583	0	1.0000
fix_b2000_frag	L1608076	0	1.0000
fix_b2000_frag	L1608273	0	0.8660
fix_b2000_frag	L1609727	0	0.8859
fix_b2000_frag	L1609811	0	0.3926
fix_b2000_frag	L161032	0	0.9996
fix_b2000_frag	L1612957	2	0.3374
fix_b2000_frag	L1613091	0	0.3716
fix_b2000_frag	L1613268	1	0.2810
fix_b2000_frag	L1615851	1	0.5601
fix_b2000_frag	L1622057	0	0.1362
fix_b2000_frag	L162246	0	1.0000
fix_b2000_frag	L1622713	1	0.2625
fix_b2000_frag	L1625450	0	0.7385
fix_b2000_frag	L162554	0	0.8559
fix_b2000_frag	L1627209	0	0.9972
fix_b2000_frag	L1631328	0	0.2864
fix_b2000_frag	L1635519	0	0.9907
fix_b2000_frag	L1639521	0	1.0000
fix_b2000_frag	L1639821	1	0.4228
fix_b2000_frag	L1642967	1	0.5129
fix_b2000_frag	L1644769	0	1.0000
fix_b2000_frag	L1646853	0	0.9440
fix_b2000_frag	L1647874	1	0.7673
fix_b2000_frag	L1648895	1	0.1718
fix_b2000_frag	L1650875	3	0.3232
fix_b2000_frag	L1652039	1	0.6295
fix_b2000_frag	L1652815	0	0.3070
fix_b2000_frag	L1653263	1	0.4569
fix_b2000_frag	L1655965	0	1.0000
fix_b2000_frag	L1657402	0	0.3719
fix_b2000_frag	L1661513	0	0.4981
fix_b2000_frag	L1662120	5	0.1273
fix_b2000_frag	L1663767	3	0.2391
fix_b2000_frag	L1668184	0	0.7851
fix_b2000_frag	L1669571	1	0.2953
fix_b2000_frag	L1670085	1	0.1087
fix_b2000_frag	L1674481	0	1.0000
fix_b2000_frag	L1677218	1	0.2516
fix_b2000_frag	L1682161	0	0.9872
fix_b2000_frag	L1684393	0	1.0000
fix_b2000_frag	L1685887	3	0.1505
fix_b2000_frag	L1686082	0	1.0000
fix_b2000_frag	L1688510	0	0.4562
fix_b2000_frag	L1688656	3	0.1707
fix_b2000_frag	L1690021	2	0.5043
fix_b2000_frag	L1693386	0	0.1104
fix_b2000_frag	L169487	0	0.9288
fix_b2000_frag	L1695888	1	0.3058
fix_b2000_frag	L1698718	0	0.7807
fix_b2000_frag	L1701935	0	0.1753
fix_b2000_frag	L1705819	0	1.0000
fix_b2000_frag	L1709335	1	0.5712
fix_b2000_frag	L171130	2	0.2970
fix_b2000_frag	L1712949	0	0.4265
fix_b2000_frag	L1714919	0	0.3856
fix_b2000_frag	L171690	1	0.7587
fix_b2000_frag	L1718810	0	0.4197
fix_b2000_frag	L1719751	0	0.7560
fix_b2000_frag	L1720850	1	0.4064
fix_b2000_frag	L1723923	0	1.0000
fix_b2000_frag	L1725020	0	0.7626
fix_b2000_frag	L1725041	1	0.4810
fix_b2000_frag	L1726323	0	0.9367
fix_b2000_frag	L1727858	0	0.9533
fix_b2000_frag	L1729303	11	0.2019
fix_b2000_frag	L1730490	0	0.6713
fix_b2000_frag	L1732200	0	1.0000
fix_b2000_frag	L1732882	0	0.5440
fix_b2000_frag	L1735731	0	0.4538
fix_b2000_frag	L173687	0	0.8820
fix_b2000_frag	L1737129	0	0.6006
fix_b2000_frag	L1737199	0	0.9868
fix_b2000_frag	L1737288	0	0.3653
fix_b2000_frag	L1737697	0	0.6323
fix_b2000_frag	L1739165	2	0.2260
fix_b2000_frag	L1742077	1	0.8729
fix_b2000_frag	L1743059	1	0.3375
fix_b2000_frag	L1744739	1	0.3374
fix_b2000_frag	L1745406	0	1.0000
fix_b2000_frag	L1747911	3	0.1222
fix_b2000_frag	L174794	0	0.4610
fix_b2000_frag	L1750070	0	1.0000
fix_b2000_frag	L175284	0	0.9221
fix_b2000_frag	L1752952	4	0.0938
fix_b2000_frag	L1753490	2	0.1029
fix_b2000_frag	L1753843	2	0.1660
fix_b2000_frag	L1759493	1	0.3663
fix_b2000_frag	L1765301	0	1.0000
fix_b2000_frag	L1765363	0	0.9999
fix_b2000_frag	L1767300	1	0.5406
fix_b2000_frag	L1768658	1	0.4022
fix_b2000_frag	L1769532	1	0.3175
fix_b2000_frag	L1769550	0	0.5587
fix_b2000_frag	L1770605	1	0.3181
fix_b2000_frag	L1771311	1	0.3238
fix_b2000_frag	L1772017	1	0.4190
fix_b2000_frag	L1773543	3	0.0517
fix_b2000_frag	L1773916	0	1.0000
fix_b2000_frag	L1775636	1	0.1517
fix_b2000_frag	L177799	0	0.9172
fix_b2000_frag	L1778413	0	0.9782
fix_b2000_frag	L1787007	0	0.7911
fix_b2000_frag	L1790401	0	0.3197
fix_b2000_frag	L1791936	3	0.5309
fix_b2000_frag	L1792207	0	0.4083
fix_b2000_frag	L1792659	0	0.4263
fix_b2000_frag	L1794068	0	0.8423
fix_b2000_frag	L1795358	0	0.6296
fix_b2000_frag	L1796850	0	0.2995
fix_b2000_frag	L179746	0	0.3773
fix_b2000_frag	L1798544	0	0.9999
fix_b2000_frag	L1799442	0	1.0000
fix_b2000_frag	L1799810	1	0.8505
fix_b2000_frag	L1801178	1	0.3634
fix_b2000_frag	L1801760	0	0.8953
fix_b2000_frag	L1802047	0	0.8145
fix_b2000_frag	L1804120	0	0.9999
fix_b2000_frag	L1811318	2	0.2647
fix_b2000_frag	L1811952	1	0.3979
fix_b2000_frag	L1812704	0	0.7010
fix_b2000_frag	L1814498	0	1.0000
fix_b2000_frag	L1817250	0	0.9946
fix_b2000_frag	L1818712	0	0.6399
fix_b2000_frag	L1821293	1	0.1613
fix_b2000_frag	L182449	2	0.3092
fix_b2000_frag	L1825114	0	0.9723
fix_b2000_frag	L1826149	6	0.5309
fix_b2000_frag	L1826657	0	0.6362
fix_b2000_frag	L1830940	0	0.6053
fix_b2000_frag	L1832293	0	1.0000
fix_b2000_frag	L1837363	1	0.6046
fix_b2000_frag	L1839404	1	0.4356
fix_b2000_frag	L1840072	4	0.2160
fix_b2000_frag	L1848244	1	0.1608
fix_b2000_frag	L1848626	0	0.9941
fix_b2000_frag	L1849088	0	1.0000
fix_b2000_frag	L1849758	1	0.2502
fix_b2000_frag	L1851112	0	0.9925
fix_b2000_frag	L1858638	0	0.9952
fix_b2000_frag	L1864914	1	0.5388
fix_b2000_frag	L1866695	1	0.1608
fix_b2000_frag	L186789	0	0.9732
fix_b2000_frag	L1867920	2	0.3053
fix_b2000_frag	L1869414	0	1.0000
fix_b2000_frag	L1870045	0	0.4652
fix_b2000_frag	L1876859	0	0.4954
fix_b2000_frag	L1879565	0	1.0000
fix_b2000_frag	L1880643	2	0.1663
fix_b2000_frag	L1883051	3	0.1498
fix_b2000_frag	L1883207	1	0.3930
fix_b2000_frag	L1884097	2	0.2178
fix_b2000_frag	L1885861	0	1.0000
fix_b2000_frag	L1886890	0	1.0000
fix_b2000_frag	L1888222	0	1.0000
fix_b2000_frag	L1890397	0	0.6607
fix_b2000_frag	L1891326	2	0.2391
fix_b2000_frag	L1891911	1	0.4434
fix_b2000_frag	L189215	1	0.3682
fix_b2000_frag	L1893124	0	1.0000
fix_b2000_frag	L1895099	0	0.9810
fix_b2000_frag	L1899272	1	0.6220
fix_b2000_frag	L1903273	1	0.4684
fix_b2000_frag	L1906047	0	0.5502
fix_b2000_frag	L1907735	0	0.9716
fix_b2000_frag	L1908855	0	0.9976
fix_b2000_frag	L1908990	1	0.2696
fix_b2000_frag	L191026	2	0.5704
fix_b2000_frag	L191114	1	0.7546
fix_b2000_frag	L1912592	4	0.1293
fix_b2000_frag	L1912663	0	0.9045
fix_b2000_frag	L1912864	0	0.5077
fix_b2000_frag	L1914580	0	0.3303
fix_b2000_frag	L1915361	0	0.8727
fix_b2000_frag	L1916208	0	0.4516
fix_b2000_frag	L1916614	0	0.3653
fix_b2000_frag	L1918666	3	0.3247
fix_b2000_frag	L192226	3	0.2526
fix_b2000_frag	L192344	0	0.4517
fix_b2000_frag	L1924733	1	0.4290
fix_b2000_frag	L1925390	23	0.1019
fix_b2000_frag	L1926543	0	0.2952
fix_b2000_frag	L1926777	0	0.9258
fix_b2000_frag	L1930199	1	0.2553
fix_b2000_frag	L1930682	0	0.7082
fix_b2000_frag	L1931524	1	0.5517
fix_b2000_frag	L1931575	5	0.2586
fix_b2000_frag	L1932786	2	0.2471
fix_b2000_frag	L1935552	0	1.0000
fix_b2000_frag	L1940388	0	0.3577
fix_b2000_frag	L1942057	0	0.3131
fix_b2000_frag	L1942729	0	0.4290
fix_b2000_frag	L1943330	0	1.0000
fix_b2000_frag	L1943510	0	0.7242
fix_b2000_frag	L194417	0	0.8220
fix_b2000_frag	L1944174	0	0.9997
fix_b2000_frag	L1947348	0	1.0000
fix_b2000_frag	L1949352	0	1.0000
fix_b2000_frag	L1950763	1	0.3717
fix_b2000_frag	L1952119	0	1.0000
fix_b2000_frag	L195329	0	1.0000
fix_b2000_frag	L1954256	4	0.3704
fix_b2000_frag	L1954592	2	0.6308
fix_b2000_frag	L1956336	0	0.8866
fix_b2000_frag	L1960549	0	0.9993
fix_b2000_frag	L1961705	0	0.8265
fix_b2000_frag	L196426	1	0.3264
fix_b2000_frag	L1964681	0	0.4982
fix_b2000_frag	L1964818	1	0.2750
fix_b2000_frag	L196522	0	0.9805
fix_b2000_frag	L1965259	0	0.5823
fix_b2000_frag	L1969773	0	0.7357
fix_b2000_frag	L1970176	1	0.5076
fix_b2000_frag	L1970683	0	0.9958
fix_b2000_frag	L1971246	1	0.6534
fix_b2000_frag	L1974484	0	0.9757
fix_b2000_frag	L1975236	0	0.9734
fix_b2000_frag	L1976938	0	0.9368
fix_b2000_frag	L1979502	0	0.4639
fix_b2000_frag	L1982152	0	1.0000
fix_b2000_frag	L1983364	0	0.4840
fix_b2000_frag	L1987108	1	0.3919
fix_b2000_frag	L1988240	0	0.9229
fix_b2000_frag	L1993480	0	0.9959
fix_b2000_frag	L1997288	5	0.3081
fix_b2000_frag	L202779	1	0.1396
fix_b2000_frag	L203024	3	0.1098
fix_b2000_frag	L203055	0	1.0000
fix_b2000_frag	L203427	0	1.0000
fix_b2000_frag	L204207	0	0.9954
fix_b2000_frag	L206162	1	0.2161
fix_b2000_frag	L206291	0	0.9997
fix_b2000_frag	L208103	0	0.1512
fix_b2000_frag	L212706	0	0.9670
fix_b2000_frag	L215236	1	0.3840
fix_b2000_frag	L217232	3	0.5864
fix_b2000_frag	L219855	2	0.3410
fix_b2000_frag	L222503	0	0.3893
fix_b2000_frag	L223078	0	0.7068
fix_b2000_frag	L224386	1	0.3949
fix_b2000_frag	L226823	0	0.5683
fix_b2000_frag	L229848	1	0.3018
fix_b2000_frag	L234068	0	0.5235
fix_b2000_frag	L234358	0	1.0000
fix_b2000_frag	L235827	0	0.9927
fix_b2000_frag	L241922	0	0.2760
fix_b2000_frag	L244167	0	0.7613
fix_b2000_frag	L246252	1	0.2467
fix_b2000_frag	L246615	0	0.9498
fix_b2000_frag	L250491	0	1.0000
fix_b2000_frag	L25148	2	0.5131
fix_b2000_frag	L252565	0	0.9553
fix_b2000_frag	L252740	1	0.2953
fix_b2000_frag	L254881	1	0.2110
fix_b2000_frag	L254921	1	0.3231
fix_b2000_frag	L255184	1	0.1827
fix_b2000_frag	L261281	1	0.3369
fix_b2000_frag	L261593	0	0.2861
fix_b2000_frag	L265738	0	1.0000
fix_b2000_frag	L266704	0	0.3641
fix_b2000_frag	L268711	2	0.6769
fix_b2000_frag	L2753	26	0.1925
fix_b2000_frag	L276686	0	1.0000
fix_b2000_frag	L276932	0	0.6406
fix_b2000_frag	L283567	1	0.2197
fix_b2000_frag	L283821	2	0.6720
fix_b2000_frag	L285782	1	0.9896
fix_b2000_frag	L286111	1	0.5477
fix_b2000_frag	L287950	0	0.3399
fix_b2000_frag	L291918	1	0.3879
fix_b2000_frag	L292129	0	0.4117
fix_b2000_frag	L292548	2	0.3320
fix_b2000_frag	L292863	0	0.5007
fix_b2000_frag	L296516	1	0.3793
fix_b2000_frag	L300887	0	0.9501
fix_b2000_frag	L303947	0	0.3365
fix_b2000_frag	L310800	0	0.7254
fix_b2000_frag	L311177	0	0.7590
fix_b2000_frag	L312164	1	0.1277
fix_b2000_frag	L312598	2	0.6775
fix_b2000_frag	L312652	1	0.4665
fix_b2000_frag	L312971	0	0.9312
fix_b2000_frag	L314589	2	0.2207
fix_b2000_frag	L315824	0	1.0000
fix_b2000_frag	L316559	0	0.3688
fix_b2000_frag	L316830	0	0.2055
fix_b2000_frag	L317667	0	0.8614
fix_b2000_frag	L317918	0	0.9400
fix_b2000_frag	L318506	0	0.9992
fix_b2000_frag	L31880	1	0.3345
fix_b2000_frag	L320498	0	0.5502
fix_b2000_frag	L324044	2	0.8062
fix_b2000_frag	L324251	7	0.2716
fix_b2000_frag	L326217	0	0.4741
fix_b2000_frag	L326411	0	1.0000
fix_b2000_frag	L327637	0	0.9386
fix_b2000_frag	L328091	0	0.9988
fix_b2000_frag	L328588	3	0.2081
fix_b2000_frag	L336455	0	1.0000
fix_b2000_frag	L339807	0	1.0000
fix_b2000_frag	L344836	3	0.1813
fix_b2000_frag	L344866	6	0.6077
fix_b2000_frag	L345604	0	0.6505
fix_b2000_frag	L345618	0	0.1374
fix_b2000_frag	L346137	2	0.1416
fix_b2000_frag	L346812	1	0.2759
fix_b2000_frag	L347499	0	0.9997
fix_b2000_frag	L350046	1	0.3964
fix_b2000_frag	L350778	0	0.3899
fix_b2000_frag	L353558	2	0.5822
fix_b2000_frag	L356036	0	0.4264
fix_b2000_frag	L356521	3	0.1730
fix_b2000_frag	L358105	0	0.5799
fix_b2000_frag	L362575	1	0.4612
fix_b2000_frag	L363535	0	0.3592
fix_b2000_frag	L365492	4	0.3111
fix_b2000_frag	L370362	0	0.3239
fix_b2000_frag	L371034	2	0.2289
fix_b2000_frag	L371285	1	0.4016
fix_b2000_frag	L37304	0	0.4096
fix_b2000_frag	L375096	0	0.6601
fix_b2000_frag	L377059	0	1.0000
fix_b2000_frag	L378276	0	0.7301
fix_b2000_frag	L378760	0	0.9912
fix_b2000_frag	L381737	1	0.5726
fix_b2000_frag	L383499	0	0.4388
fix_b2000_frag	L385407	0	0.8994
fix_b2000_frag	L385857	1	0.4074
fix_b2000_frag	L387343	3	0.0662
fix_b2000_frag	L388473	1	0.3101
fix_b2000_frag	L388574	1	0.2581
fix_b2000_frag	L391186	2	0.5652
fix_b2000_frag	L393092	0	0.3501
fix_b2000_frag	L393585	1	0.2277
fix_b2000_frag	L395193	0	0.9996
fix_b2000_frag	L398354	0	0.3467
fix_b2000_frag	L400134	0	0.9996
fix_b2000_frag	L401020	0	0.9645
fix_b2000_frag	L403345	2	0.1635
fix_b2000_frag	L406216	2	0.2694
fix_b2000_frag	L408859	0	0.4942
fix_b2000_frag	L412899	1	0.4515
fix_b2000_frag	L413023	0	0.6473
fix_b2000_frag	L416668	0	1.0000
fix_b2000_frag	L417704	0	0.1391
fix_b2000_frag	L420714	1	0.2202
fix_b2000_frag	L421059	0	0.9998
fix_b2000_frag	L424212	1	0.3942
fix_b2000_frag	L424222	0	0.4792
fix_b2000_frag	L428706	1	0.2654
fix_b2000_frag	L430076	0	1.0000
fix_b2000_frag	L433212	0	0.8957
fix_b2000_frag	L440395	0	0.9997
fix_b2000_frag	L444119	1	0.9635
fix_b2000_frag	L444988	0	0.8435
fix_b2000_frag	L446876	0	1.0000
fix_b2000_frag	L44824	1	0.4014
fix_b2000_frag	L452432	0	0.9844
fix_b2000_frag	L454528	0	0.9984
fix_b2000_frag	L456725	0	0.9937
fix_b2000_frag	L456944	0	1.0000
fix_b2000_frag	L457550	1	0.3125
fix_b2000_frag	L457956	0	0.4837
fix_b2000_frag	L458381	0	0.9992
fix_b2000_frag	L459582	1	0.2776
fix_b2000_frag	L459755	0	0.5013
fix_b2000_frag	L464332	0	0.7578
fix_b2000_frag	L466429	0	1.0000
fix_b2000_frag	L467481	1	0.1961
fix_b2000_frag	L469401	1	0.2415
fix_b2000_frag	L472520	0	0.9733
fix_b2000_frag	L473747	2	0.2035
fix_b2000_frag	L473938	0	1.0000
fix_b2000_frag	L474231	0	1.0000
fix_b2000_frag	L474923	2	0.2570
fix_b2000_frag	L475106	0	1.0000
fix_b2000_frag	L475154	0	0.4676
fix_b2000_frag	L475467	1	0.2130
fix_b2000_frag	L475886	0	1.0000
fix_b2000_frag	L482306	0	0.3406
fix_b2000_frag	L488158	0	0.9947
fix_b2000_frag	L490475	1	0.2410
fix_b2000_frag	L491427	3	0.1863
fix_b2000_frag	L49176	2	0.2775
fix_b2000_frag	L493771	6	0.3139
fix_b2000_frag	L494062	1	0.4757
fix_b2000_frag	L495340	0	1.0000
fix_b2000_frag	L497951	0	0.8224
fix_b2000_frag	L502789	30	0.1383
fix_b2000_frag	L503437	6	0.2712
fix_b2000_frag	L506327	0	1.0000
fix_b2000_frag	L507694	1	0.4615
fix_b2000_frag	L512101	23	0.4214
fix_b2000_frag	L512434	0	0.3364
fix_b2000_frag	L513464	1	0.1534
fix_b2000_frag	L51442	0	1.0000
fix_b2000_frag	L515801	1	0.8579
fix_b2000_frag	L517009	1	0.3310
fix_b2000_frag	L52027	0	1.0000
fix_b2000_frag	L521456	8	0.6349
fix_b2000_frag	L523674	1	0.5395
fix_b2000_frag	L526178	0	1.0000
fix_b2000_frag	L526326	0	0.5314
fix_b2000_frag	L526554	0	0.9195
fix_b2000_frag	L527149	2	0.6501
fix_b2000_frag	L527166	0	0.4854
fix_b2000_frag	L529765	0	0.5099
fix_b2000_frag	L529835	0	1.0000
fix_b2000_frag	L531488	0	0.3183
fix_b2000_frag	L531618	0	1.0000
fix_b2000_frag	L532585	1	0.3497
fix_b2000_frag	L536268	0	0.7840
fix_b2000_frag	L537137	2	0.1911
fix_b2000_frag	L538751	0	0.5088
fix_b2000_frag	L54071	0	1.0000
fix_b2000_frag	L542741	4	0.6348
fix_b2000_frag	L549351	0	0.4464
fix_b2000_frag	L550835	0	0.8079
fix_b2000_frag	L554229	1	0.7265
fix_b2000_frag	L55570	1	0.8826
fix_b2000_frag	L555852	2	0.2424
fix_b2000_frag	L560327	2	0.4102
fix_b2000_frag	L563200	0	0.9211
fix_b2000_frag	L564410	0	0.9767
fix_b2000_frag	L566336	0	0.8363
fix_b2000_frag	L567906	1	0.3371
fix_b2000_frag	L572634	2	0.2001
fix_b2000_frag	L573155	0	1.0000
fix_b2000_frag	L578914	0	0.8786
fix_b2000_frag	L580430	0	0.9999
fix_b2000_frag	L583954	0	1.0000
fix_b2000_frag	L583966	0	0.8140
fix_b2000_frag	L584601	0	0.8993
fix_b2000_frag	L585369	0	0.9587
fix_b2000_frag	L592310	1	0.3746
fix_b2000_frag	L596301	0	1.0000
fix_b2000_frag	L606734	0	0.9528
fix_b2000_frag	L611423	1	0.4511
fix_b2000_frag	L612992	0	0.7519
fix_b2000_frag	L614585	0	1.0000
fix_b2000_frag	L614901	0	1.0000
fix_b2000_frag	L617172	1	0.3454
fix_b2000_frag	L6172	0	1.0000
fix_b2000_frag	L619139	0	0.9995
fix_b2000_frag	L622864	1	0.1715
fix_b2000_frag	L625620	0	0.2163
fix_b2000_frag	L626370	0	0.3173
fix_b2000_frag	L628280	0	1.0000
fix_b2000_frag	L629068	0	0.9236
fix_b2000_frag	L630016	1	0.4150
fix_b2000_frag	L631639	0	0.9982
fix_b2000_frag	L633712	1	0.9875
fix_b2000_frag	L634203	1	0.5083
fix_b2000_frag	L635881	1	0.4590
fix_b2000_frag	L640723	0	0.9267
fix_b2000_frag	L642903	2	0.2622
fix_b2000_frag	L646631	0	1.0000
fix_b2000_frag	L646882	1	0.6453
fix_b2000_frag	L647279	1	0.1605
fix_b2000_frag	L648131	5	0.1630
fix_b2000_frag	L649912	0	0.2394
fix_b2000_frag	L651987	0	0.9433
fix_b2000_frag	L654924	2	0.3347
fix_b2000_frag	L655778	2	0.2431
fix_b2000_frag	L656138	0	0.3981
fix_b2000_frag	L656836	0	0.4608
fix_b2000_frag	L658170	1	0.4596
fix_b2000_frag	L658943	0	0.5539
fix_b2000_frag	L660197	1	0.5350
fix_b2000_frag	L669638	0	0.3589
fix_b2000_frag	L671026	1	0.2174
fix_b2000_frag	L671573	1	0.3192
fix_b2000_frag	L673092	1	0.2911
fix_b2000_frag	L67588	0	0.5513
fix_b2000_frag	L676518	14	0.0860
fix_b2000_frag	L676670	8	0.1475
fix_b2000_frag	L676732	14	0.2367
fix_b2000_frag	L678705	0	0.9736
fix_b2000_frag	L680938	0	1.0000
fix_b2000_frag	L681748	0	0.5926
fix_b2000_frag	L682598	5	0.6053
fix_b2000_frag	L685587	0	1.0000
fix_b2000_frag	L686599	0	0.3049
fix_b2000_frag	L688258	0	0.7455
fix_b2000_frag	L689994	0	0.9993
fix_b2000_frag	L690892	0	0.9992
fix_b2000_frag	L691999	1	0.5899
fix_b2000_frag	L693288	0	0.9999
fix_b2000_frag	L693741	0	0.7243
fix_b2000_frag	L696558	1	0.9142
fix_b2000_frag	L699126	1	0.7722
fix_b2000_frag	L700583	0	0.8032
fix_b2000_frag	L700632	0	0.9970
fix_b2000_frag	L702054	1	0.4432
fix_b2000_frag	L702280	0	1.0000
fix_b2000_frag	L702910	0	0.2615
fix_b2000_frag	L70303	0	0.2745
fix_b2000_frag	L70480	0	0.9684
fix_b2000_frag	L706867	0	0.4831
fix_b2000_frag	L70707	0	0.5488
fix_b2000_frag	L707104	0	0.9998
fix_b2000_frag	L709497	1	0.3709
fix_b2000_frag	L710351	0	0.8535
fix_b2000_frag	L712623	0	1.0000
fix_b2000_frag	L712839	0	0.8158
fix_b2000_frag	L714138	2	0.2905
fix_b2000_frag	L714322	1	0.2785
fix_b2000_frag	L715539	0	0.9861
fix_b2000_frag	L722473	1	0.3266
fix_b2000_frag	L723388	0	0.5257
fix_b2000_frag	L728677	1	0.3481
fix_b2000_frag	L731795	2	0.9115
fix_b2000_frag	L731901	5	0.5689
fix_b2000_frag	L734741	3	0.2540
fix_b2000_frag	L735367	0	0.4952
fix_b2000_frag	L738514	1	0.3746
fix_b2000_frag	L740729	1	0.8159
fix_b2000_frag	L741868	0	1.0000
fix_b2000_frag	L74196	0	0.9874
fix_b2000_frag	L742362	0	0.5065
fix_b2000_frag	L743265	0	0.7774
fix_b2000_frag	L743865	0	1.0000
fix_b2000_frag	L745530	0	0.3070
fix_b2000_frag	L749377	1	0.3725
fix_b2000_frag	L749553	0	0.7478
fix_b2000_frag	L749881	3	0.2004
fix_b2000_frag	L750841	1	0.9007
fix_b2000_frag	L752916	4	0.2891
fix_b2000_frag	L753506	1	0.5164
fix_b2000_frag	L754882	0	0.7831
fix_b2000_frag	L756452	3	0.2065
fix_b2000_frag	L757	1	0.9612
fix_b2000_frag	L757428	0	0.4565
fix_b2000_frag	L757843	0	0.9681
fix_b2000_frag	L763303	0	1.0000
fix_b2000_frag	L763922	0	1.0000
fix_b2000_frag	L764727	2	0.2590
fix_b2000_frag	L765399	1	0.1837
fix_b2000_frag	L765826	0	0.4598
fix_b2000_frag	L769281	0	0.9165
fix_b2000_frag	L770616	0	1.0000
fix_b2000_frag	L771003	1	0.2298
fix_b2000_frag	L771549	3	0.1963
fix_b2000_frag	L77697	0	1.0000
fix_b2000_frag	L780109	2	0.1610
fix_b2000_frag	L781799	1	0.4977
fix_b2000_frag	L784040	0	0.2187
fix_b2000_frag	L785488	0	0.1722
fix_b2000_frag	L785780	1	0.2186
fix_b2000_frag	L786117	0	1.0000
fix_b2000_frag	L786613	2	0.1952
fix_b2000_frag	L789103	0	0.9918
fix_b2000_frag	L789781	0	0.7928
fix_b2000_frag	L791567	0	0.9297
fix_b2000_frag	L794707	4	0.1389
fix_b2000_frag	L794711	1	0.3362
fix_b2000_frag	L795076	0	0.3866
fix_b2000_frag	L797681	1	0.2844
fix_b2000_frag	L798494	1	0.1663
fix_b2000_frag	L799617	0	0.9955
fix_b2000_frag	L802353	0	0.6455
fix_b2000_frag	L802880	0	0.6034
fix_b2000_frag	L804404	1	0.2097
fix_b2000_frag	L805905	2	0.2669
fix_b2000_frag	L806221	1	0.4731
fix_b2000_frag	L806407	1	0.4916
fix_b2000_frag	L806874	0	0.3937
fix_b2000_frag	L811086	0	0.2948
fix_b2000_frag	L811206	0	0.9991
fix_b2000_frag	L813938	0	0.9580
fix_b2000_frag	L815854	0	1.0000
fix_b2000_frag	L816130	0	0.9690
fix_b2000_frag	L816815	1	0.1394
fix_b2000_frag	L818653	0	1.0000
fix_b2000_frag	L820799	0	1.0000
fix_b2000_frag	L820919	0	0.9866
fix_b2000_frag	L822339	0	0.4224
fix_b2000_frag	L823352	1	0.4093
fix_b2000_frag	L823663	0	0.3503
fix_b2000_frag	L827607	0	0.9887
fix_b2000_frag	L829836	6	0.4229
fix_b2000_frag	L829937	0	1.0000
fix_b2000_frag	L835568	1	0.4229
fix_b2000_frag	L840754	1	0.2363
fix_b2000_frag	L840831	1	0.1653
fix_b2000_frag	L841410	0	1.0000
fix_b2000_frag	L841938	0	1.0000
fix_b2000_frag	L842512	1	0.2213
fix_b2000_frag	L845989	1	0.1892
fix_b2000_frag	L847583	0	0.7412
fix_b2000_frag	L849106	0	0.9550
fix_b2000_frag	L849313	2	0.3650
fix_b2000_frag	L850300	1	0.3008
fix_b2000_frag	L85073	0	0.9289
fix_b2000_frag	L851546	0	1.0000
fix_b2000_frag	L855936	1	0.3359
fix_b2000_frag	L857294	2	0.2947
fix_b2000_frag	L859511	0	0.8363
fix_b2000_frag	L860562	1	0.2364
fix_b2000_frag	L861354	0	0.9980
fix_b2000_frag	L861634	0	0.3200
fix_b2000_frag	L864107	0	1.0000
fix_b2000_frag	L874268	0	0.7967
fix_b2000_frag	L874681	0	1.0000
fix_b2000_frag	L8749	1	0.4264
fix_b2000_frag	L875990	6	0.4278
fix_b2000_frag	L876833	0	0.9995
fix_b2000_frag	L877891	0	1.0000
fix_b2000_frag	L87827	0	0.3567
fix_b2000_frag	L878542	2	0.1747
fix_b2000_frag	L87943	0	0.9996
fix_b2000_frag	L879440	0	0.3016
fix_b2000_frag	L879572	0	1.0000
fix_b2000_frag	L883162	0	0.9774
fix_b2000_frag	L8850	2	0.3177
fix_b2000_frag	L886332	0	0.9997
fix_b2000_frag	L88725	1	0.7144
fix_b2000_frag	L889398	2	0.3977
fix_b2000_frag	L890492	1	0.5007
fix_b2000_frag	L892459	0	1.0000
fix_b2000_frag	L892965	0	0.9090
fix_b2000_frag	L897680	0	1.0000
fix_b2000_frag	L898054	0	0.9920
fix_b2000_frag	L898800	0	0.3564
fix_b2000_frag	L900309	0	0.3092
fix_b2000_frag	L900340	2	0.1849
fix_b2000_frag	L90095	1	0.2251
fix_b2000_frag	L901268	0	1.0000
fix_b2000_frag	L90168	1	0.3670
fix_b2000_frag	L904096	0	0.3664
fix_b2000_frag	L904706	1	0.1765
fix_b2000_frag	L904848	0	0.4575
fix_b2000_frag	L906324	3	0.1865
fix_b2000_frag	L910015	2	0.4589
fix_b2000_frag	L910025	0	0.2035
fix_b2000_frag	L916610	2	0.1505
fix_b2000_frag	L917431	0	1.0000
fix_b2000_frag	L91807	3	0.7679
fix_b2000_frag	L921960	0	0.8725
fix_b2000_frag	L925371	0	0.4576
fix_b2000_frag	L92746	1	0.2315
fix_b2000_frag	L927572	0	1.0000
fix_b2000_frag	L928531	1	0.4390
fix_b2000_frag	L93166	0	1.0000
fix_b2000_frag	L936199	1	0.5930
fix_b2000_frag	L936283	0	0.7190
fix_b2000_frag	L936413	0	0.1964
fix_b2000_frag	L937888	0	1.0000
fix_b2000_frag	L938648	1	0.1655
fix_b2000_frag	L944032	0	0.5518
fix_b2000_frag	L945801	0	1.0000
fix_b2000_frag	L945932	3	0.1961
fix_b2000_frag	L948511	1	0.2912
fix_b2000_frag	L952087	0	0.6664
fix_b2000_frag	L95371	0	0.9999
fix_b2000_frag	L957382	1	0.2778
fix_b2000_frag	L959258	0	0.9978
fix_b2000_frag	L959631	1	0.5279
fix_b2000_frag	L959635	1	0.3294
fix_b2000_frag	L965682	0	0.9332
fix_b2000_frag	L966262	0	0.9921
fix_b2000_frag	L967666	0	0.7393
fix_b2000_frag	L968043	0	0.6001
fix_b2000_frag	L969445	0	0.3279
fix_b2000_frag	L971021	1	0.9886
fix_b2000_frag	L975763	0	1.0000
fix_b2000_frag	L97827	0	0.9954
fix_b2000_frag	L978999	0	1.0000
fix_b2000_frag	L979090	0	0.7158
fix_b2000_frag	L979235	0	0.9824
fix_b2000_frag	L982465	1	0.3123
fix_b2000_frag	L98298	0	1.0000
fix_b2000_frag	L988833	0	0.8814
fix_b2000_frag	L993157	0	0.7490
fix_b2000_frag	L99635	1	0.9787
fix_b2000_frag	L998320	2	0.7254
fix_b2000_full	L1002218	0	1.0000
fix_b2000_full	L100440	0	1.0000
fix_b2000_full	L1005950	0	1.0000
fix_b2000_full	L100995	0	0.9992
fix_b2000_full	L1011290	1	0.9100
fix_b2000_full	L1011861	0	1.0000
fix_b2000_full	L10149	1	0.5007
fix_b2000_full	L101648	0	0.9998
fix_b2000_full	L1021726	0	1.0000
fix_b2000_full	L102408	0	1.0000
fix_b2000_full	L1024268	0	0.9994
fix_b2000_full	L10251	0	0.9051
fix_b2000_full	L1027173	1	1.0000
fix_b2000_full	L1030523	0	1.0000
fix_b2000_full	L1030919	0	1.0000
fix_b2000_full	L103388	0	1.0000
fix_b2000_full	L1034823	1	1.0000
fix_b2000_full	L1038962	0	1.0000
fix_b2000_full	L103916	0	1.0000
fix_b2000_full	L1042693	0	1.0000
fix_b2000_full	L1046764	0	1.0000
fix_b2000_full	L1047401	1	0.9830
fix_b2000_full	L1049690	0	1.0000
fix_b2000_full	L10510	0	1.0000
fix_b2000_full	L1055385	1	0.6888
fix_b2000_full	L1056345	1	0.6501
fix_b2000_full	L1057201	0	1.0000
fix_b2000_full	L1057393	0	1.0000
fix_b2000_full	L1060190	1	1.0000
fix_b2000_full	L1063723	0	1.0000
fix_b2000_full	L1064762	0	1.0000
fix_b2000_full	L1066087	0	1.0000
fix_b2000_full	L106610	0	1.0000
fix_b2000_full	L1067332	0	0.9976
fix_b2000_full	L1068161	0	1.0000
fix_b2000_full	L1069418	0	1.0000
fix_b2000_full	L1071065	0	1.0000
fix_b2000_full	L1074081	0	1.0000
fix_b2000_full	L1074481	0	1.0000
fix_b2000_full	L1075882	0	1.0000
fix_b2000_full	L1076434	0	1.0000
fix_b2000_full	L1076881	0	1.0000
fix_b2000_full	L1079220	0	1.0000
fix_b2000_full	L1082973	0	1.0000
fix_b2000_full	L1083369	0	1.0000
fix_b2000_full	L1084248	0	1.0000
fix_b2000_full	L1085230	0	1.0000
fix_b2000_full	L1087088	0	0.5741
fix_b2000_full	L1087228	1	0.5384
fix_b2000_full	L1089145	0	0.9451
fix_b2000_full	L1091489	0	1.0000
fix_b2000_full	L1092106	0	0.9006
fix_b2000_full	L1092311	0	0.9886
fix_b2000_full	L1092484	0	1.0000
fix_b2000_full	L1092539	1	1.0000
fix_b2000_full	L109260	0	1.0000
fix_b2000_full	L1094932	1	1.0000
fix_b2000_full	L1096662	0	1.0000
fix_b2000_full	L1099514	1	1.0000
fix_b2000_full	L1101145	0	1.0000
fix_b2000_full	L1102329	0	1.0000
fix_b2000_full	L1103403	0	1.0000
fix_b2000_full	L1104287	0	1.0000
fix_b2000_full	L1105488	0	1.0000
fix_b2000_full	L1112429	0	1.0000
fix_b2000_full	L1113572	0	1.0000
fix_b2000_full	L1116526	1	1.0000
fix_b2000_full	L1117241	0	1.0000
fix_b2000_full	L1118153	0	1.0000
fix_b2000_full	L1118243	1	0.8930
fix_b2000_full	L1118908	0	1.0000
fix_b2000_full	L1119584	1	0.9485
fix_b2000_full	L112024	0	1.0000
fix_b2000_full	L1125241	0	1.0000
fix_b2000_full	L1126546	1	0.8612
fix_b2000_full	L112658	0	1.0000
fix_b2000_full	L1132042	0	1.0000
fix_b2000_full	L1132216	0	1.0000
fix_b2000_full	L1133030	0	0.9957
fix_b2000_full	L1133950	0	1.0000
fix_b2000_full	L1135903	0	1.0000
fix_b2000_full	L1138787	0	0.6054
fix_b2000_full	L1141407	0	1.0000
fix_b2000_full	L1142807	0	1.0000
fix_b2000_full	L1143013	0	1.0000
fix_b2000_full	L1145504	0	1.0000
fix_b2000_full	L1146653	0	1.0000
fix_b2000_full	L1152702	0	1.0000
fix_b2000_full	L1154243	0	1.0000
fix_b2000_full	L1162324	0	1.0000
fix_b2000_full	L1165463	1	1.0000
fix_b2000_full	L1168233	0	1.0000
fix_b2000_full	L1171802	0	0.9941
fix_b2000_full	L1172998	0	1.0000
fix_b2000_full	L1173044	0	1.0000
fix_b2000_full	L1176288	0	1.0000
fix_b2000_full	L1177377	1	0.5005
fix_b2000_full	L1182959	0	1.0000
fix_b2000_full	L11844	1	0.8481
fix_b2000_full	L1184628	1	0.9687
fix_b2000_full	L1188622	0	1.0000
fix_b2000_full	L1189724	0	1.0000
fix_b2000_full	L1191323	1	1.0000
fix_b2000_full	L1193114	1	0.3478
fix_b2000_full	L1199746	0	0.9466
fix_b2000_full	L1200221	0	1.0000
fix_b2000_full	L1202868	0	0.9435
fix_b2000_full	L1204301	0	1.0000
fix_b2000_full	L1205470	0	1.0000
fix_b2000_full	L1206005	0	1.0000
fix_b2000_full	L1206932	0	1.0000
fix_b2000_full	L1207765	1	0.7049
fix_b2000_full	L120897	0	1.0000
fix_b2000_full	L1209853	0	1.0000
fix_b2000_full	L1210115	0	1.0000
fix_b2000_full	L1210563	0	1.0000
fix_b2000_full	L1213461	0	1.0000
fix_b2000_full	L12157	0	1.0000
fix_b2000_full	L1215767	1	1.0000
fix_b2000_full	L12163	0	1.0000
fix_b2000_full	L121659	0	1.0000
fix_b2000_full	L1216609	1	1.0000
fix_b2000_full	L1218138	0	1.0000
fix_b2000_full	L1218431	1	1.0000
fix_b2000_full	L1222546	1	0.7557
fix_b2000_full	L1223429	1	1.0000
fix_b2000_full	L1223462	1	1.0000
fix_b2000_full	L1226687	0	1.0000
fix_b2000_full	L1226989	1	1.0000
fix_b2000_full	L1227471	0	1.0000
fix_b2000_full	L1229432	0	1.0000
fix_b2000_full	L1233719	0	0.7618
fix_b2000_full	L1234526	0	1.0000
fix_b2000_full	L1235162	1	0.9655
fix_b2000_full	L1236957	0	1.0000
fix_b2000_full	L1244324	0	1.0000
fix_b2000_full	L1244973	0	1.0000
fix_b2000_full	L1246142	0	1.0000
fix_b2000_full	L1249052	0	1.0000
fix_b2000_full	L1249957	1	0.7332
fix_b2000_full	L1253500	0	1.0000
fix_b2000_full	L1254087	0	1.0000
fix_b2000_full	L1256996	0	1.0000
fix_b2000_full	L1259882	0	1.0000
fix_b2000_full	L1268226	0	1.0000
fix_b2000_full	L1268725	0	1.0000
fix_b2000_full	L1271254	0	1.0000
fix_b2000_full	L1271409	0	1.0000
fix_b2000_full	L127156	6	1.0000
fix_b2000_full	L1273089	0	0.9462
fix_b2000_full	L1273188	0	0.6663
fix_b2000_full	L127409	0	1.0000
fix_b2000_full	L1274249	0	1.0000
fix_b2000_full	L1275193	1	0.8137
fix_b2000_full	L1277797	0	1.0000
fix_b2000_full	L1281298	1	0.5801
fix_b2000_full	L1281831	0	1.0000
fix_b2000_full	L12848	0	1.0000
fix_b2000_full	L1288345	0	1.0000
fix_b2000_full	L1288962	0	1.0000
fix_b2000_full	L1291073	0	1.0000
fix_b2000_full	L129489	0	1.0000
fix_b2000_full	L1295495	0	1.0000
fix_b2000_full	L1296033	1	0.9800
fix_b2000_full	L1296246	0	1.0000
fix_b2000_full	L1298804	0	1.0000
fix_b2000_full	L129889	1	0.6086
fix_b2000_full	L129894	1	0.6870
fix_b2000_full	L1302233	1	0.9641
fix_b2000_full	L1302756	0	1.0000
fix_b2000_full	L1305953	0	1.0000
fix_b2000_full	L1307629	0	1.0000
fix_b2000_full	L1311821	0	0.9874
fix_b2000_full	L1312129	1	0.5168
fix_b2000_full	L1313657	1	1.0000
fix_b2000_full	L1317866	0	1.0000
fix_b2000_full	L1319065	0	1.0000
fix_b2000_full	L1319342	0	1.0000
fix_b2000_full	L1321240	0	1.0000
fix_b2000_full	L1321927	0	1.0000
fix_b2000_full	L1322095	1	0.9675
fix_b2000_full	L1322919	0	1.0000
fix_b2000_full	L132444	0	1.0000
fix_b2000_full	L1328011	0	1.0000
fix_b2000_full	L132859	0	1.0000
fix_b2000_full	L1333077	0	1.0000
fix_b2000_full	L1333869	0	1.0000
fix_b2000_full	L1336242	0	1.0000
fix_b2000_full	L1336592	0	1.0000
fix_b2000_full	L1336811	1	0.6070
fix_b2000_full	L1337441	0	1.0000
fix_b2000_full	L1337876	0	1.0000
fix_b2000_full	L1339988	1	1.0000
fix_b2000_full	L134043	0	1.0000
fix_b2000_full	L1345336	0	1.0000
fix_b2000_full	L1346006	0	1.0000
fix_b2000_full	L1347203	1	1.0000
fix_b2000_full	L134750	0	0.9258
fix_b2000_full	L1349951	0	1.0000
fix_b2000_full	L135606	0	1.0000
fix_b2000_full	L1359737	1	0.9260
fix_b2000_full	L1359885	0	1.0000
fix_b2000_full	L1364769	0	1.0000
fix_b2000_full	L1367051	0	1.0000
fix_b2000_full	L1370889	0	0.5524
fix_b2000_full	L1371345	0	1.0000
fix_b2000_full	L137216	1	1.0000
fix_b2000_full	L1374223	0	1.0000
fix_b2000_full	L1374668	0	1.0000
fix_b2000_full	L1375718	0	1.0000
fix_b2000_full	L138026	1	1.0000
fix_b2000_full	L1381564	0	1.0000
fix_b2000_full	L1382755	1	1.0000
fix_b2000_full	L1383713	0	1.0000
fix_b2000_full	L1384799	0	1.0000
fix_b2000_full	L1385247	0	1.0000
fix_b2000_full	L1385993	0	1.0000
fix_b2000_full	L1386308	1	1.0000
fix_b2000_full	L1393102	0	1.0000
fix_b2000_full	L1393473	0	1.0000
fix_b2000_full	L1395501	0	1.0000
fix_b2000_full	L1396567	0	1.0000
fix_b2000_full	L139823	0	1.0000
fix_b2000_full	L1398710	1	1.0000
fix_b2000_full	L1401969	0	1.0000
fix_b2000_full	L140451	0	1.0000
fix_b2000_full	L140523	0	1.0000
fix_b2000_full	L1405833	0	1.0000
fix_b2000_full	L1406124	0	1.0000
fix_b2000_full	L1408446	0	0.9974
fix_b2000_full	L1414087	0	1.0000
fix_b2000_full	L1414670	0	1.0000
fix_b2000_full	L1427937	0	0.4420
fix_b2000_full	L1432075	0	0.9752
fix_b2000_full	L1433990	0	1.0000
fix_b2000_full	L1436612	0	0.9997
fix_b2000_full	L1437018	0	1.0000
fix_b2000_full	L1437092	0	1.0000
fix_b2000_full	L1438034	0	1.0000
fix_b2000_full	L1441109	0	1.0000
fix_b2000_full	L1443886	0	1.0000
fix_b2000_full	L1447645	0	1.0000
fix_b2000_full	L1447799	0	1.0000
fix_b2000_full	L1456105	0	1.0000
fix_b2000_full	L1460805	0	1.0000
fix_b2000_full	L1461137	0	1.0000
fix_b2000_full	L1463034	0	1.0000
fix_b2000_full	L1463212	0	1.0000
fix_b2000_full	L1466388	0	1.0000
fix_b2000_full	L1467157	0	1.0000
fix_b2000_full	L1469232	1	1.0000
fix_b2000_full	L1470463	1	0.5435
fix_b2000_full	L1471165	0	0.9359
fix_b2000_full	L1472014	1	1.0000
fix_b2000_full	L1472713	0	1.0000
fix_b2000_full	L1477149	0	1.0000
fix_b2000_full	L1478	1	0.9432
fix_b2000_full	L1479751	0	1.0000
fix_b2000_full	L148298	0	1.0000
fix_b2000_full	L1483366	0	1.0000
fix_b2000_full	L1485382	0	1.0000
fix_b2000_full	L1485505	0	1.0000
fix_b2000_full	L1486236	0	1.0000
fix_b2000_full	L1486972	0	1.0000
fix_b2000_full	L1489403	0	1.0000
fix_b2000_full	L1491379	0	1.0000
fix_b2000_full	L1491419	0	1.0000
fix_b2000_full	L1492852	0	1.0000
fix_b2000_full	L1493725	0	1.0000
fix_b2000_full	L1494355	0	0.5094
fix_b2000_full	L1496468	0	0.7077
fix_b2000_full	L1496688	1	0.9842
fix_b2000_full	L1499308	0	1.0000
fix_b2000_full	L1499442	0	1.0000
fix_b2000_full	L1501233	0	1.0000
fix_b2000_full	L150125	0	1.0000
fix_b2000_full	L1505560	1	1.0000
fix_b2000_full	L1507253	0	1.0000
fix_b2000_full	L1507813	0	1.0000
fix_b2000_full	L1509077	0	1.0000
fix_b2000_full	L1509421	0	1.0000
fix_b2000_full	L151054	1	0.5083
fix_b2000_full	L1511044	0	1.0000
fix_b2000_full	L1511216	0	1.0000
fix_b2000_full	L1516526	0	0.6055
fix_b2000_full	L1519249	0	0.9999
fix_b2000_full	L152214	0	1.0000
fix_b2000_full	L1524073	0	1.0000
fix_b2000_full	L1524858	0	1.0000
fix_b2000_full	L1529356	0	1.0000
fix_b2000_full	L1532590	1	1.0000
fix_b2000_full	L1541613	0	1.0000
fix_b2000_full	L1544574	0	1.0000
fix_b2000_full	L1549024	0	1.0000
fix_b2000_full	L1551652	0	1.0000
fix_b2000_full	L1552258	1	0.7061
fix_b2000_full	L1555218	0	1.0000
fix_b2000_full	L1555419	0	0.8064
fix_b2000_full	L1557526	0	1.0000
fix_b2000_full	L1560322	0	1.0000
fix_b2000_full	L1560376	0	1.0000
fix_b2000_full	L1560763	1	1.0000
fix_b2000_full	L1566484	0	1.0000
fix_b2000_full	L1571939	0	1.0000
fix_b2000_full	L1579304	0	1.0000
fix_b2000_full	L1582185	1	0.7796
fix_b2000_full	L1586191	0	1.0000
fix_b2000_full	L1587457	0	1.0000
fix_b2000_full	L15876	0	1.0000
fix_b2000_full	L1587747	0	1.0000
fix_b2000_full	L1588237	2	0.6755
fix_b2000_full	L1588825	0	1.0000
fix_b2000_full	L159056	1	0.7515
fix_b2000_full	L1590560	1	0.3349
fix_b2000_full	L1591450	0	1.0000
fix_b2000_full	L1593143	0	1.0000
fix_b2000_full	L1596884	0	1.0000
fix_b2000_full	L1598768	0	1.0000
fix_b2000_full	L1598930	0	1.0000
fix_b2000_full	L1601341	1	0.4921
fix_b2000_full	L1602543	0	1.0000
fix_b2000_full	L1604821	0	1.0000
fix_b2000_full	L1604892	0	1.0000
fix_b2000_full	L1605370	0	0.9122
fix_b2000_full	L1606583	0	1.0000
fix_b2000_full	L1608076	0	1.0000
fix_b2000_full	L1608273	1	0.9484
fix_b2000_full	L1609727	0	0.9408
fix_b2000_full	L1609811	0	0.9951
fix_b2000_full	L161032	0	1.0000
fix_b2000_full	L1612957	1	1.0000
fix_b2000_full	L1613091	0	1.0000
fix_b2000_full	L1613268	0	1.0000
fix_b2000_full	L1615851	0	1.0000
fix_b2000_full	L1622057	0	1.0000
fix_b2000_full	L162246	0	1.0000
fix_b2000_full	L1622713	0	1.0000
fix_b2000_full	L1625450	0	1.0000
fix_b2000_full	L162554	1	1.0000
fix_b2000_full	L1627209	0	1.0000
fix_b2000_full	L1631328	0	1.0000
fix_b2000_full	L1635519	0	1.0000
fix_b2000_full	L1639521	0	1.0000
fix_b2000_full	L1639821	0	1.0000
fix_b2000_full	L1642967	0	1.0000
fix_b2000_full	L1644769	0	1.0000
fix_b2000_full	L1646853	0	1.0000
fix_b2000_full	L1647874	1	1.0000
fix_b2000_full	L1648895	3	0.6919
fix_b2000_full	L1650875	0	1.0000
fix_b2000_full	L1652039	0	0.9365
fix_b2000_full	L1652815	1	0.5231
fix_b2000_full	L1653263	1	1.0000
fix_b2000_full	L1655965	0	1.0000
fix_b2000_full	L1657402	0	0.9999
fix_b2000_full	L1661513	0	1.0000
fix_b2000_full	L1662120	1	1.0000
fix_b2000_full	L1663767	1	0.9902
fix_b2000_full	L1668184	1	1.0000
fix_b2000_full	L1669571	1	0.6027
fix_b2000_full	L1670085	1	0.3729
fix_b2000_full	L1674481	0	1.0000
fix_b2000_full	L1677218	0	0.9991
fix_b2000_full	L1682161	0	1.0000
fix_b2000_full	L1684393	0	1.0000
fix_b2000_full	L1685887	1	0.9994
fix_b2000_full	L1686082	0	1.0000
fix_b2000_full	L1688510	0	1.0000
fix_b2000_full	L1688656	0	1.0000
fix_b2000_full	L1690021	0	1.0000
fix_b2000_full	L1693386	0	0.9999
fix_b2000_full	L169487	0	1.0000
fix_b2000_full	L1695888	0	1.0000
fix_b2000_full	L1698718	0	1.0000
fix_b2000_full	L1701935	0	0.5842
fix_b2000_full	L1705819	0	1.0000
fix_b2000_full	L1709335	0	1.0000
fix_b2000_full	L171130	0	0.9921
fix_b2000_full	L1712949	1	0.7555
fix_b2000_full	L1714919	1	1.0000
fix_b2000_full	L171690	1	0.6502
fix_b2000_full	L1718810	0	1.0000
fix_b2000_full	L1719751	0	1.0000
fix_b2000_full	L1720850	0	0.9794
fix_b2000_full	L1723923	0	1.0000
fix_b2000_full	L1725020	1	1.0000
fix_b2000_full	L1725041	1	1.0000
fix_b2000_full	L1726323	1	1.0000
fix_b2000_full	L1727858	0	1.0000
fix_b2000_full	L1729303	0	0.9671
fix_b2000_full	L1730490	1	1.0000
fix_b2000_full	L1732200	0	1.0000
fix_b2000_full	L1732882	0	1.0000
fix_b2000_full	L1735731	0	1.0000
fix_b2000_full	L173687	0	1.0000
fix_b2000_full	L1737129	0	1.0000
fix_b2000_full	L1737199	0	1.0000
fix_b2000_full	L1737288	0	1.0000
fix_b2000_full	L1737697	0	1.0000
fix_b2000_full	L1739165	1	1.0000
fix_b2000_full	L1742077	1	0.8275
fix_b2000_full	L1743059	0	1.0000
fix_b2000_full	L1744739	0	1.0000
fix_b2000_full	L1745406	0	1.0000
fix_b2000_full	L1747911	1	0.5803
fix_b2000_full	L174794	0	1.0000
fix_b2000_full	L1750070	0	1.0000
fix_b2000_full	L175284	0	1.0000
fix_b2000_full	L1752952	0	0.9499
fix_b2000_full	L1753490	0	0.9920
fix_b2000_full	L1753843	1	0.6324
fix_b2000_full	L1759493	1	0.9957
fix_b2000_full	L1765301	0	1.0000
fix_b2000_full	L1765363	0	1.0000
fix_b2000_full	L1767300	0	0.8276
fix_b2000_full	L1768658	0	1.0000
fix_b2000_full	L1769532	1	0.6508
fix_b2000_full	L1769550	0	0.7024
fix_b2000_full	L1770605	0	1.0000
fix_b2000_full	L1771311	1	1.0000
fix_b2000_full	L1772017	0	1.0000
fix_b2000_full	L1773543	0	0.7736
fix_b2000_full	L1773916	0	1.0000
fix_b2000_full	L1775636	1	0.6293
fix_b2000_full	L177799	0	1.0000
fix_b2000_full	L1778413	0	1.0000
fix_b2000_full	L1787007	0	1.0000
fix_b2000_full	L1790401	1	0.5219
fix_b2000_full	L1791936	0	0.9999
fix_b2000_full	L1792207	0	1.0000
fix_b2000_full	L1792659	0	1.0000
fix_b2000_full	L1794068	0	1.0000
fix_b2000_full	L1795358	0	0.8688
fix_b2000_full	L1796850	0	1.0000
fix_b2000_full	L179746	1	0.6446
fix_b2000_full	L1798544	0	1.0000
fix_b2000_full	L1799442	0	1.0000
fix_b2000_full	L1799810	0	0.9996
fix_b2000_full	L1801178	1	1.0000
fix_b2000_full	L1801760	0	1.0000
fix_b2000_full	L1802047	1	1.0000
fix_b2000_full	L1804120	0	1.0000
fix_b2000_full	L1811318	0	1.0000
fix_b2000_full	L1811952	1	1.0000
fix_b2000_full	L1812704	0	1.0000
fix_b2000_full	L1814498	0	1.0000
fix_b2000_full	L1817250	0	1.0000
fix_b2000_full	L1818712	0	1.0000
fix_b2000_full	L1821293	0	0.7754
fix_b2000_full	L182449	0	1.0000
fix_b2000_full	L1825114	0	1.0000
fix_b2000_full	L1826149	0	0.9866
fix_b2000_full	L1826657	0	0.9653
fix_b2000_full	L1830940	0	1.0000
fix_b2000_full	L1832293	0	1.0000
fix_b2000_full	L1837363	0	1.0000
fix_b2000_full	L1839404	1	1.0000
fix_b2000_full	L1840072	1	0.9761
fix_b2000_full	L1848244	0	1.0000
fix_b2000_full	L1848626	0	1.0000
fix_b2000_full	L1849088	0	1.0000
fix_b2000_full	L1849758	1	0.5996
fix_b2000_full	L1851112	0	1.0000
fix_b2000_full	L1858638	0	1.0000
fix_b2000_full	L1864914	0	1.0000
fix_b2000_full	L1866695	0	1.0000
fix_b2000_full	L186789	0	1.0000
fix_b2000_full	L1867920	1	1.0000
fix_b2000_full	L1869414	0	1.0000
fix_b2000_full	L1870045	0	1.0000
fix_b2000_full	L1876859	0	1.0000
fix_b2000_full	L1879565	0	1.0000
fix_b2000_full	L1880643	0	0.5109
fix_b2000_full	L1883051	0	0.8720
fix_b2000_full	L1883207	0	1.0000
fix_b2000_full	L1884097	1	0.8689
fix_b2000_full	L1885861	0	1.0000
fix_b2000_full	L1886890	0	1.0000
fix_b2000_full	L1888222	0	1.0000
fix_b2000_full	L1890397	0	1.0000
fix_b2000_full	L1891326	1	0.9781
fix_b2000_full	L1891911	0	1.0000
fix_b2000_full	L189215	0	0.9453
fix_b2000_full	L1893124	0	1.0000
fix_b2000_full	L1895099	0	1.0000
fix_b2000_full	L1899272	1	1.0000
fix_b2000_full	L1903273	1	1.0000
fix_b2000_full	L1906047	0	1.0000
fix_b2000_full	L1907735	0	1.0000
fix_b2000_full	L1908855	0	1.0000
fix_b2000_full	L1908990	0	1.0000
fix_b2000_full	L191026	1	0.9460
fix_b2000_full	L191114	1	0.9751
fix_b2000_full	L1912592	0	1.0000
fix_b2000_full	L1912663	0	1.0000
fix_b2000_full	L1912864	1	1.0000
fix_b2000_full	L1914580	0	0.9979
fix_b2000_full	L1915361	0	1.0000
fix_b2000_full	L1916208	1	0.8358
fix_b2000_full	L1916614	0	1.0000
fix_b2000_full	L1918666	0	1.0000
fix_b2000_full	L192226	1	1.0000
fix_b2000_full	L192344	0	1.0000
fix_b2000_full	L1924733	1	0.6790
fix_b2000_full	L1925390	0	0.9338
fix_b2000_full	L1926543	0	1.0000
fix_b2000_full	L1926777	0	1.0000
fix_b2000_full	L1930199	1	0.8632
fix_b2000_full	L1930682	0	1.0000
fix_b2000_full	L1931524	0	1.0000
fix_b2000_full	L1931575	0	1.0000
fix_b2000_full	L1932786	0	1.0000
fix_b2000_full	L1935552	0	1.0000
fix_b2000_full	L1940388	0	0.9847
fix_b2000_full	L1942057	0	1.0000
fix_b2000_full	L1942729	1	1.0000
fix_b2000_full	L1943330	0	1.0000
fix_b2000_full	L1943510	0	1.0000
fix_b2000_full	L194417	0	1.0000
fix_b2000_full	L1944174	0	1.0000
fix_b2000_full	L1947348	0	1.0000
fix_b2000_full	L1949352	0	1.0000
fix_b2000_full	L1950763	1	1.0000
fix_b2000_full	L1952119	0	1.0000
fix_b2000_full	L195329	0	1.0000
fix_b2000_full	L1954256	0	1.0000
fix_b2000_full	L1954592	0	1.0000
fix_b2000_full	L1956336	0	1.0000
fix_b2000_full	L1960549	0	1.0000
fix_b2000_full	L1961705	0	1.0000
fix_b2000_full	L196426	0	0.8218
fix_b2000_full	L1964681	2	0.8369
fix_b2000_full	L1964818	0	0.9919
fix_b2000_full	L196522	0	1.0000
fix_b2000_full	L1965259	0	1.0000
fix_b2000_full	L1969773	1	1.0000
fix_b2000_full	L1970176	0	1.0000
fix_b2000_full	L1970683	0	1.0000
fix_b2000_full	L1971246	0	1.0000
fix_b2000_full	L1974484	0	1.0000
fix_b2000_full	L1975236	0	1.0000
fix_b2000_full	L1976938	0	1.0000
fix_b2000_full	L1979502	1	0.9863
fix_b2000_full	L1982152	0	1.0000
fix_b2000_full	L1983364	0	1.0000
fix_b2000_full	L1987108	0	1.0000
fix_b2000_full	L1988240	0	1.0000
fix_b2000_full	L1993480	0	1.0000
fix_b2000_full	L1997288	1	1.0000
fix_b2000_full	L202779	0	1.0000
fix_b2000_full	L203024	0	1.0000
fix_b2000_full	L203055	0	1.0000
fix_b2000_full	L203427	0	1.0000
fix_b2000_full	L204207	0	1.0000
fix_b2000_full	L206162	1	1.0000
fix_b2000_full	L206291	0	1.0000
fix_b2000_full	L208103	0	0.9067
fix_b2000_full	L212706	0	1.0000
fix_b2000_full	L215236	1	0.3751
fix_b2000_full	L217232	0	1.0000
fix_b2000_full	L219855	2	0.9737
fix_b2000_full	L222503	0	1.0000
fix_b2000_full	L223078	0	1.0000
fix_b2000_full	L224386	0	1.0000
fix_b2000_full	L226823	0	1.0000
fix_b2000_full	L229848	1	1.0000
fix_b2000_full	L234068	0	1.0000
fix_b2000_full	L234358	0	1.0000
fix_b2000_full	L235827	0	1.0000
fix_b2000_full	L241922	0	0.9859
fix_b2000_full	L244167	0	1.0000
fix_b2000_full	L246252	0	1.0000
fix_b2000_full	L246615	0	1.0000
fix_b2000_full	L250491	0	1.0000
fix_b2000_full	L25148	0	1.0000
fix_b2000_full	L252565	0	1.0000
fix_b2000_full	L252740	0	0.9974
fix_b2000_full	L254881	1	0.9725
fix_b2000_full	L254921	1	0.9310
fix_b2000_full	L255184	0	0.9987
fix_b2000_full	L261281	0	1.0000
fix_b2000_full	L261593	2	0.5554
fix_b2000_full	L265738	0	1.0000
fix_b2000_full	L266704	0	1.0000
fix_b2000_full	L268711	0	1.0000
fix_b2000_full	L2753	0	1.0000
fix_b2000_full	L276686	0	1.0000
fix_b2000_full	L276932	0	1.0000
fix_b2000_full	L283567	0	1.0000
fix_b2000_full	L283821	0	1.0000
fix_b2000_full	L285782	0	1.0000
fix_b2000_full	L286111	0	1.0000
fix_b2000_full	L287950	1	0.6856
fix_b2000_full	L291918	0	1.0000
fix_b2000_full	L292129	0	0.7776
fix_b2000_full	L292548	0	0.8871
fix_b2000_full	L292863	0	1.0000
fix_b2000_full	L296516	0	1.0000
fix_b2000_full	L300887	0	1.0000
fix_b2000_full	L303947	0	1.0000
fix_b2000_full	L310800	0	1.0000
fix_b2000_full	L311177	0	1.0000
fix_b2000_full	L312164	0	0.7998
fix_b2000_full	L312598	1	0.3800
fix_b2000_full	L312652	0	0.9556
fix_b2000_full	L312971	0	1.0000
fix_b2000_full	L314589	1	0.5912
fix_b2000_full	L315824	0	1.0000
fix_b2000_full	L316559	0	1.0000
fix_b2000_full	L316830	0	1.0000
fix_b2000_full	L317667	0	1.0000
fix_b2000_full	L317918	0	0.9979
fix_b2000_full	L318506	0	1.0000
fix_b2000_full	L31880	0	0.9999
fix_b2000_full	L320498	1	1.0000
fix_b2000_full	L324044	0	1.0000
fix_b2000_full	L324251	0	1.0000
fix_b2000_full	L326217	0	1.0000
fix_b2000_full	L326411	0	1.0000
fix_b2000_full	L327637	0	1.0000
fix_b2000_full	L328091	0	1.0000
fix_b2000_full	L328588	1	1.0000
fix_b2000_full	L336455	0	1.0000
fix_b2000_full	L339807	0	1.0000
fix_b2000_full	L344836	0	0.6767
fix_b2000_full	L344866	0	0.7015
fix_b2000_full	L345604	1	0.9826
fix_b2000_full	L345618	1	0.9989
fix_b2000_full	L346137	0	1.0000
fix_b2000_full	L346812	0	1.0000
fix_b2000_full	L347499	0	1.0000
fix_b2000_full	L350046	0	1.0000
fix_b2000_full	L350778	0	1.0000
fix_b2000_full	L353558	0	0.9973
fix_b2000_full	L356036	1	0.9684
fix_b2000_full	L356521	0	0.9999
fix_b2000_full	L358105	0	1.0000
fix_b2000_full	L362575	0	1.0000
fix_b2000_full	L363535	1	1.0000
fix_b2000_full	L365492	0	1.0000
fix_b2000_full	L370362	0	1.0000
fix_b2000_full	L371034	0	1.0000
fix_b2000_full	L371285	0	0.9841
fix_b2000_full	L37304	0	1.0000
fix_b2000_full	L375096	0	1.0000
fix_b2000_full	L377059	0	1.0000
fix_b2000_full	L378276	0	1.0000
fix_b2000_full	L378760	0	1.0000
fix_b2000_full	L381737	0	1.0000
fix_b2000_full	L383499	1	1.0000
fix_b2000_full	L385407	0	1.0000
fix_b2000_full	L385857	1	1.0000
fix_b2000_full	L387343	1	0.3538
fix_b2000_full	L388473	0	1.0000
fix_b2000_full	L388574	0	1.0000
fix_b2000_full	L391186	1	0.8887
fix_b2000_full	L393092	0	1.0000
fix_b2000_full	L393585	0	1.0000
fix_b2000_full	L395193	0	1.0000
fix_b2000_full	L398354	0	1.0000
fix_b2000_full	L400134	0	1.0000
fix_b2000_full	L401020	0	1.0000
fix_b2000_full	L403345	0	0.9993
fix_b2000_full	L406216	0	0.8621
fix_b2000_full	L408859	1	1.0000
fix_b2000_full	L412899	1	0.9848
fix_b2000_full	L413023	0	1.0000
fix_b2000_full	L416668	0	1.0000
fix_b2000_full	L417704	0	0.9654
fix_b2000_full	L420714	0	0.9475
fix_b2000_full	L421059	0	1.0000
fix_b2000_full	L424212	0	1.0000
fix_b2000_full	L424222	0	1.0000
fix_b2000_full	L428706	0	0.9994
fix_b2000_full	L430076	0	1.0000
fix_b2000_full	L433212	0	1.0000
fix_b2000_full	L440395	0	1.0000
fix_b2000_full	L444119	0	0.8734
fix_b2000_full	L444988	0	1.0000
fix_b2000_full	L446876	0	1.0000
fix_b2000_full	L44824	0	1.0000
fix_b2000_full	L452432	0	1.0000
fix_b2000_full	L454528	0	1.0000
fix_b2000_full	L456725	0	1.0000
fix_b2000_full	L456944	0	1.0000
fix_b2000_full	L457550	0	0.9563
fix_b2000_full	L457956	1	1.0000
fix_b2000_full	L458381	0	1.0000
fix_b2000_full	L459582	1	0.4568
fix_b2000_full	L459755	2	0.7837
fix_b2000_full	L464332	0	1.0000
fix_b2000_full	L466429	0	1.0000
fix_b2000_full	L467481	1	0.9999
fix_b2000_full	L469401	0	1.0000
fix_b2000_full	L472520	0	1.0000
fix_b2000_full	L473747	0	1.0000
fix_b2000_full	L473938	0	1.0000
fix_b2000_full	L474231	0	1.0000
fix_b2000_full	L474923	0	1.0000
fix_b2000_full	L475106	0	1.0000
fix_b2000_full	L475154	0	1.0000
fix_b2000_full	L475467	1	0.5262
fix_b2000_full	L475886	0	1.0000
fix_b2000_full	L482306	0	1.0000
fix_b2000_full	L488158	0	1.0000
fix_b2000_full	L490475	0	1.0000
fix_b2000_full	L491427	0	0.9996
fix_b2000_full	L49176	1	1.0000
fix_b2000_full	L493771	0	1.0000
fix_b2000_full	L494062	0	1.0000
fix_b2000_full	L495340	0	1.0000
fix_b2000_full	L497951	0	1.0000
fix_b2000_full	L502789	0	0.9223
fix_b2000_full	L503437	0	1.0000
fix_b2000_full	L506327	0	1.0000
fix_b2000_full	L507694	1	1.0000
fix_b2000_full	L512101	0	1.0000
fix_b2000_full	L512434	1	0.5492
fix_b2000_full	L513464	0	1.0000
fix_b2000_full	L51442	0	1.0000
fix_b2000_full	L515801	0	0.5644
fix_b2000_full	L517009	0	1.0000
fix_b2000_full	L52027	0	1.0000
fix_b2000_full	L521456	0	1.0000
fix_b2000_full	L523674	1	1.0000
fix_b2000_full	L526178	0	1.0000
fix_b2000_full	L526326	0	1.0000
fix_b2000_full	L526554	0	1.0000
fix_b2000_full	L527149	0	0.4896
fix_b2000_full	L527166	0	0.5569
fix_b2000_full	L529765	0	1.0000
fix_b2000_full	L529835	0	1.0000
fix_b2000_full	L531488	0	1.0000
fix_b2000_full	L531618	0	1.0000
fix_b2000_full	L532585	0	0.9983
fix_b2000_full	L536268	0	1.0000
fix_b2000_full	L537137	0	1.0000
fix_b2000_full	L538751	0	1.0000
fix_b2000_full	L54071	0	1.0000
fix_b2000_full	L542741	0	1.0000
fix_b2000_full	L549351	0	1.0000
fix_b2000_full	L550835	0	1.0000
fix_b2000_full	L554229	0	1.0000
fix_b2000_full	L55570	1	1.0000
fix_b2000_full	L555852	0	1.0000
fix_b2000_full	L560327	1	0.8006
fix_b2000_full	L563200	0	1.0000
fix_b2000_full	L564410	0	1.0000
fix_b2000_full	L566336	0	1.0000
fix_b2000_full	L567906	0	1.0000
fix_b2000_full	L572634	0	1.0000
fix_b2000_full	L573155	0	1.0000
fix_b2000_full	L578914	0	1.0000
fix_b2000_full	L580430	0	1.0000
fix_b2000_full	L583954	0	1.0000
fix_b2000_full	L583966	0	1.0000
fix_b2000_full	L584601	0	1.0000
fix_b2000_full	L585369	0	1.0000
fix_b2000_full	L592310	0	1.0000
fix_b2000_full	L596301	0	1.0000
fix_b2000_full	L606734	0	1.0000
fix_b2000_full	L611423	0	0.8801
fix_b2000_full	L612992	0	1.0000
fix_b2000_full	L614585	0	1.0000
fix_b2000_full	L614901	0	1.0000
fix_b2000_full	L617172	1	0.6356
fix_b2000_full	L6172	0	1.0000
fix_b2000_full	L619139	0	1.0000
fix_b2000_full	L622864	1	0.7675
fix_b2000_full	L625620	1	1.0000
fix_b2000_full	L626370	0	1.0000
fix_b2000_full	L628280	0	1.0000
fix_b2000_full	L629068	0	1.0000
fix_b2000_full	L630016	1	1.0000
fix_b2000_full	L631639	0	1.0000
fix_b2000_full	L633712	0	1.0000
fix_b2000_full	L634203	0	1.0000
fix_b2000_full	L635881	0	1.0000
fix_b2000_full	L640723	0	1.0000
fix_b2000_full	L642903	1	1.0000
fix_b2000_full	L646631	0	1.0000
fix_b2000_full	L646882	0	1.0000
fix_b2000_full	L647279	0	0.9697
fix_b2000_full	L648131	0	1.0000
fix_b2000_full	L649912	0	1.0000
fix_b2000_full	L651987	1	1.0000
fix_b2000_full	L654924	0	1.0000
fix_b2000_full	L655778	0	0.8858
fix_b2000_full	L656138	0	0.9980
fix_b2000_full	L656836	0	1.0000
fix_b2000_full	L658170	1	1.0000
fix_b2000_full	L658943	0	1.0000
fix_b2000_full	L660197	0	1.0000
fix_b2000_full	L669638	0	1.0000
fix_b2000_full	L671026	1	0.7036
fix_b2000_full	L671573	0	1.0000
fix_b2000_full	L673092	0	0.9989
fix_b2000_full	L67588	0	1.0000
fix_b2000_full	L676518	0	0.9146
fix_b2000_full	L676670	1	1.0000
fix_b2000_full	L676732	7	1.0000
fix_b2000_full	L678705	0	1.0000
fix_b2000_full	L680938	0	1.0000
fix_b2000_full	L681748	0	0.9984
fix_b2000_full	L682598	0	1.0000
fix_b2000_full	L685587	0	1.0000
fix_b2000_full	L686599	0	1.0000
fix_b2000_full	L688258	0	1.0000
fix_b2000_full	L689994	0	1.0000
fix_b2000_full	L690892	0	1.0000
fix_b2000_full	L691999	0	1.0000
fix_b2000_full	L693288	0	1.0000
fix_b2000_full	L693741	0	1.0000
fix_b2000_full	L696558	1	1.0000
fix_b2000_full	L699126	0	1.0000
fix_b2000_full	L700583	0	1.0000
fix_b2000_full	L700632	0	1.0000
fix_b2000_full	L702054	0	0.9993
fix_b2000_full	L702280	0	1.0000
fix_b2000_full	L702910	0	1.0000
fix_b2000_full	L70303	0	1.0000
fix_b2000_full	L70480	0	1.0000
fix_b2000_full	L706867	0	0.9999
fix_b2000_full	L70707	0	1.0000
fix_b2000_full	L707104	0	1.0000
fix_b2000_full	L709497	1	1.0000
fix_b2000_full	L710351	0	1.0000
fix_b2000_full	L712623	0	1.0000
fix_b2000_full	L712839	0	1.0000
fix_b2000_full	L714138	0	1.0000
fix_b2000_full	L714322	0	0.3441
fix_b2000_full	L715539	0	1.0000
fix_b2000_full	L722473	0	1.0000
fix_b2000_full	L723388	0	0.9997
fix_b2000_full	L728677	1	1.0000
fix_b2000_full	L731795	0	0.5478
fix_b2000_full	L731901	1	0.7147
fix_b2000_full	L734741	0	1.0000
fix_b2000_full	L735367	0	1.0000
fix_b2000_full	L738514	1	1.0000
fix_b2000_full	L740729	1	0.9516
fix_b2000_full	L741868	0	1.0000
fix_b2000_full	L74196	0	1.0000
fix_b2000_full	L742362	0	1.0000
fix_b2000_full	L743265	0	1.0000
fix_b2000_full	L743865	0	1.0000
fix_b2000_full	L745530	0	1.0000
fix_b2000_full	L749377	0	1.0000
fix_b2000_full	L749553	0	1.0000
fix_b2000_full	L749881	0	1.0000
fix_b2000_full	L750841	0	1.0000
fix_b2000_full	L752916	0	1.0000
fix_b2000_full	L753506	0	1.0000
fix_b2000_full	L754882	0	1.0000
fix_b2000_full	L756452	0	1.0000
fix_b2000_full	L757	1	0.9989
fix_b2000_full	L757428	0	1.0000
fix_b2000_full	L757843	1	1.0000
fix_b2000_full	L763303	0	1.0000
fix_b2000_full	L763922	0	1.0000
fix_b2000_full	L764727	1	0.4174
fix_b2000_full	L765399	0	0.5912
fix_b2000_full	L765826	0	1.0000
fix_b2000_full	L769281	0	1.0000
fix_b2000_full	L770616	0	1.0000
fix_b2000_full	L771003	0	1.0000
fix_b2000_full	L771549	0	0.9708
fix_b2000_full	L77697	0	1.0000
fix_b2000_full	L780109	0	0.8623
fix_b2000_full	L781799	0	1.0000
fix_b2000_full	L784040	0	1.0000
fix_b2000_full	L785488	1	0.5258
fix_b2000_full	L785780	1	0.4920
fix_b2000_full	L786117	0	1.0000
fix_b2000_full	L786613	0	1.0000
fix_b2000_full	L789103	0	1.0000
fix_b2000_full	L789781	0	1.0000
fix_b2000_full	L791567	0	1.0000
fix_b2000_full	L794707	0	1.0000
fix_b2000_full	L794711	0	1.0000
fix_b2000_full	L795076	0	1.0000
fix_b2000_full	L797681	1	0.6036
fix_b2000_full	L798494	1	0.6544
fix_b2000_full	L799617	0	1.0000
fix_b2000_full	L802353	0	0.9991
fix_b2000_full	L802880	0	1.0000
fix_b2000_full	L804404	0	1.0000
fix_b2000_full	L805905	1	1.0000
fix_b2000_full	L806221	1	1.0000
fix_b2000_full	L806407	0	1.0000
fix_b2000_full	L806874	1	0.6609
fix_b2000_full	L811086	1	1.0000
fix_b2000_full	L811206	0	1.0000
fix_b2000_full	L813938	0	0.9999
fix_b2000_full	L815854	0	1.0000
fix_b2000_full	L816130	0	1.0000
fix_b2000_full	L816815	1	1.0000
fix_b2000_full	L818653	0	1.0000
fix_b2000_full	L820799	0	1.0000
fix_b2000_full	L820919	0	1.0000
fix_b2000_full	L822339	0	0.9809
fix_b2000_full	L823352	1	1.0000
fix_b2000_full	L823663	0	0.9370
fix_b2000_full	L827607	0	1.0000
fix_b2000_full	L829836	0	1.0000
fix_b2000_full	L829937	0	1.0000
fix_b2000_full	L835568	1	0.5554
fix_b2000_full	L840754	0	0.9998
fix_b2000_full	L840831	1	0.2471
fix_b2000_full	L841410	0	1.0000
fix_b2000_full	L841938	0	1.0000
fix_b2000_full	L842512	0	1.0000
fix_b2000_full	L845989	0	1.0000
fix_b2000_full	L847583	0	1.0000
fix_b2000_full	L849106	0	1.0000
fix_b2000_full	L849313	1	0.9866
fix_b2000_full	L850300	0	1.0000
fix_b2000_full	L85073	0	1.0000
fix_b2000_full	L851546	0	1.0000
fix_b2000_full	L855936	0	1.0000
fix_b2000_full	L857294	1	1.0000
fix_b2000_full	L859511	0	1.0000
fix_b2000_full	L860562	1	0.9578
fix_b2000_full	L861354	0	1.0000
fix_b2000_full	L861634	0	1.0000
fix_b2000_full	L864107	0	1.0000
fix_b2000_full	L874268	0	0.9999
fix_b2000_full	L874681	0	1.0000
fix_b2000_full	L8749	0	0.9454
fix_b2000_full	L875990	1	1.0000
fix_b2000_full	L876833	0	1.0000
fix_b2000_full	L877891	0	1.0000
fix_b2000_full	L87827	0	1.0000
fix_b2000_full	L878542	1	1.0000
fix_b2000_full	L87943	0	1.0000
fix_b2000_full	L879440	0	1.0000
fix_b2000_full	L879572	0	1.0000
fix_b2000_full	L883162	0	1.0000
fix_b2000_full	L8850	0	0.9561
fix_b2000_full	L886332	0	1.0000
fix_b2000_full	L88725	0	0.9285
fix_b2000_full	L889398	1	0.5191
fix_b2000_full	L890492	0	1.0000
fix_b2000_full	L892459	0	1.0000
fix_b2000_full	L892965	0	1.0000
fix_b2000_full	L897680	0	1.0000
fix_b2000_full	L898054	0	1.0000
fix_b2000_full	L898800	0	1.0000
fix_b2000_full	L900309	1	0.9626
fix_b2000_full	L900340	1	0.6047
fix_b2000_full	L90095	0	1.0000
fix_b2000_full	L901268	0	1.0000
fix_b2000_full	L90168	0	1.0000
fix_b2000_full	L904096	0	1.0000
fix_b2000_full	L904706	0	1.0000
fix_b2000_full	L904848	0	0.9993
fix_b2000_full	L906324	0	1.0000
fix_b2000_full	L910015	0	0.9996
fix_b2000_full	L910025	0	0.9276
fix_b2000_full	L916610	0	1.0000
fix_b2000_full	L917431	0	1.0000
fix_b2000_full	L91807	0	1.0000
fix_b2000_full	L921960	0	1.0000
fix_b2000_full	L925371	0	1.0000
fix_b2000_full	L92746	0	0.9801
fix_b2000_full	L927572	0	1.0000
fix_b2000_full	L928531	0	0.8473
fix_b2000_full	L93166	0	1.0000
fix_b2000_full	L936199	0	0.9999
fix_b2000_full	L936283	0	1.0000
fix_b2000_full	L936413	0	1.0000
fix_b2000_full	L937888	0	1.0000
fix_b2000_full	L938648	0	0.5631
fix_b2000_full	L944032	0	1.0000
fix_b2000_full	L945801	0	1.0000
fix_b2000_full	L945932	0	1.0000
fix_b2000_full	L948511	0	1.0000
fix_b2000_full	L952087	0	1.0000
fix_b2000_full	L95371	0	1.0000
fix_b2000_full	L957382	0	0.9893
fix_b2000_full	L959258	0	0.9875
fix_b2000_full	L959631	1	0.9999
fix_b2000_full	L959635	1	0.9996
fix_b2000_full	L965682	0	1.0000
fix_b2000_full	L966262	0	1.0000
fix_b2000_full	L967666	0	0.9944
fix_b2000_full	L968043	0	1.0000
fix_b2000_full	L969445	1	0.5105
fix_b2000_full	L971021	0	1.0000
fix_b2000_full	L975763	0	1.0000
fix_b2000_full	L97827	0	1.0000
fix_b2000_full	L978999	0	1.0000
fix_b2000_full	L979090	0	1.0000
fix_b2000_full	L979235	0	1.0000
fix_b2000_full	L982465	1	1.0000
fix_b2000_full	L98298	0	1.0000
fix_b2000_full	L988833	0	1.0000
fix_b2000_full	L993157	0	1.0000
fix_b2000_full	L99635	1	0.8293
fix_b2000_full	L998320	0	1.0000
fix_b5000_frag	L1002218	0	1.0000
fix_b5000_frag	L100440	0	0.9895
fix_b5000_frag	L1005950	0	1.0000
fix_b5000_frag	L100995	0	0.7265
fix_b5000_frag	L1011290	1	0.3334
fix_b5000_frag	L1011861	0	0.9748
fix_b5000_frag	L10149	11	0.1391
fix_b5000_frag	L101648	0	0.3501
fix_b5000_frag	L1021726	1	0.4506
fix_b5000_frag	L102408	0	1.0000
fix_b5000_frag	L1024268	1	0.2207
fix_b5000_frag	L10251	1	0.2440
fix_b5000_frag	L1027173	2	0.2991
fix_b5000_frag	L1030523	0	0.4802
fix_b5000_frag	L1030919	0	0.8126
fix_b5000_frag	L103388	0	0.9998
fix_b5000_frag	L1034823	1	0.3284
fix_b5000_frag	L1038962	0	0.6560
fix_b5000_frag	L103916	0	1.0000
fix_b5000_frag	L1042693	0	0.5302
fix_b5000_frag	L1046764	0	0.5308
fix_b5000_frag	L1047401	0	0.2177
fix_b5000_frag	L1049690	0	1.0000
fix_b5000_frag	L10510	0	1.0000
fix_b5000_frag	L1055385	1	0.2216
fix_b5000_frag	L1056345	0	0.7896
fix_b5000_frag	L1057201	0	1.0000
fix_b5000_frag	L1057393	0	1.0000
fix_b5000_frag	L1060190	1	0.6628
fix_b5000_frag	L1063723	0	1.0000
fix_b5000_frag	L1064762	0	0.9999
fix_b5000_frag	L1066087	0	0.8208
fix_b5000_frag	L106610	0	0.2648
fix_b5000_frag	L1067332	0	0.9850
fix_b5000_frag	L1068161	0	0.9995
fix_b5000_frag	L1069418	1	0.3580
fix_b5000_frag	L1071065	0	0.2639
fix_b5000_frag	L1074081	1	0.6259
fix_b5000_frag	L1074481	0	0.9988
fix_b5000_frag	L1075882	0	0.7297
fix_b5000_frag	L1076434	7	0.2955
fix_b5000_frag	L1076881	0	0.4693
fix_b5000_frag	L1079220	1	0.4394
fix_b5000_frag	L1082973	4	0.7523
fix_b5000_frag	L1083369	1	0.4474
fix_b5000_frag	L1084248	0	0.9156
fix_b5000_frag	L1085230	0	0.9997
fix_b5000_frag	L1087088	1	0.3204
fix_b5000_frag	L1087228	1	0.3893
fix_b5000_frag	L1089145	2	0.5526
fix_b5000_frag	L1091489	0	0.7916
fix_b5000_frag	L1092106	1	0.2822
fix_b5000_frag	L1092311	1	0.3998
fix_b5000_frag	L1092484	2	0.5014
fix_b5000_frag	L1092539	0	0.3572
fix_b5000_frag	L109260	0	1.0000
fix_b5000_frag	L1094932	0	0.6029
fix_b5000_frag	L1096662	0	1.0000
fix_b5000_frag	L1099514	1	0.4339
fix_b5000_frag	L1101145	0	1.0000
fix_b5000_frag	L1102329	0	0.9391
fix_b5000_frag	L1103403	0	0.6489
fix_b5000_frag	L1104287	0	0.8613
fix_b5000_frag	L1105488	0	0.9783
fix_b5000_frag	L1112429	1	0.4273
fix_b5000_frag	L1113572	0	0.4030
fix_b5000_frag	L1116526	1	0.3627
fix_b5000_frag	L1117241	1	0.4314
fix_b5000_frag	L1118153	0	0.9988
fix_b5000_frag	L1118243	5	0.1199
fix_b5000_frag	L1118908	0	0.5549
fix_b5000_frag	L1119584	1	0.4510
fix_b5000_frag	L112024	0	0.9998
fix_b5000_frag	L1125241	1	0.2977
fix_b5000_frag	L1126546	1	0.2467
fix_b5000_frag	L112658	2	0.3534
fix_b5000_frag	L1132042	2	0.1676
fix_b5000_frag	L1132216	0	0.2511
fix_b5000_frag	L1133030	2	0.2984
fix_b5000_frag	L1133950	0	0.8530
fix_b5000_frag	L1135903	0	0.9019
fix_b5000_frag	L1138787	1	0.3521
fix_b5000_frag	L1141407	0	0.3494
fix_b5000_frag	L1142807	0	1.0000
fix_b5000_frag	L1143013	0	0.3247
fix_b5000_frag	L1145504	0	0.9931
fix_b5000_frag	L1146653	0	1.0000
fix_b5000_frag	L1152702	1	0.6945
fix_b5000_frag	L1154243	1	0.2896
fix_b5000_frag	L1162324	0	0.9979
fix_b5000_frag	L1165463	1	0.3866
fix_b5000_frag	L1168233	0	1.0000
fix_b5000_frag	L1171802	1	0.3588
fix_b5000_frag	L1172998	0	1.0000
fix_b5000_frag	L1173044	0	0.6011
fix_b5000_frag	L1176288	1	0.4451
fix_b5000_frag	L1177377	2	0.2089
fix_b5000_frag	L1182959	0	0.9971
fix_b5000_frag	L11844	1	0.4381
fix_b5000_frag	L1184628	0	0.3681
fix_b5000_frag	L1188622	1	0.2524
fix_b5000_frag	L1189724	0	0.9774
fix_b5000_frag	L1191323	0	0.5647
fix_b5000_frag	L1193114	1	0.1962
fix_b5000_frag	L1199746	3	0.2614
fix_b5000_frag	L1200221	0	0.9982
fix_b5000_frag	L1202868	1	0.5039
fix_b5000_frag	L1204301	0	0.5238
fix_b5000_frag	L1205470	0	1.0000
fix_b5000_frag	L1206005	1	0.3327
fix_b5000_frag	L1206932	1	0.4907
fix_b5000_frag	L1207765	2	0.4364
fix_b5000_frag	L120897	0	0.9518
fix_b5000_frag	L1209853	1	0.6448
fix_b5000_frag	L1210115	0	0.7329
fix_b5000_frag	L1210563	0	1.0000
fix_b5000_frag	L1213461	0	0.9082
fix_b5000_frag	L12157	0	1.0000
fix_b5000_frag	L1215767	1	0.2588
fix_b5000_frag	L12163	0	1.0000
fix_b5000_frag	L121659	0	1.0000
fix_b5000_frag	L1216609	1	0.3914
fix_b5000_frag	L1218138	0	1.0000
fix_b5000_frag	L1218431	1	0.4858
fix_b5000_frag	L1222546	1	0.2418
fix_b5000_frag	L1223429	1	0.3915
fix_b5000_frag	L1223462	0	0.9758
fix_b5000_frag	L1226687	0	0.9941
fix_b5000_frag	L1226989	1	0.3590
fix_b5000_frag	L1227471	0	0.5394
fix_b5000_frag	L1229432	1	0.4284
fix_b5000_frag	L1233719	1	0.1605
fix_b5000_frag	L1234526	0	0.9969
fix_b5000_frag	L1235162	1	0.4931
fix_b5000_frag	L1236957	0	1.0000
fix_b5000_frag	L1244324	0	0.5029
fix_b5000_frag	L1244973	0	1.0000
fix_b5000_frag	L1246142	0	0.6278
fix_b5000_frag	L1249052	0	1.0000
fix_b5000_frag	L1249957	1	0.5778
fix_b5000_frag	L1253500	0	0.1940
fix_b5000_frag	L1254087	0	0.5952
fix_b5000_frag	L1256996	0	0.8410
fix_b5000_frag	L1259882	0	0.4768
fix_b5000_frag	L1268226	1	0.5842
fix_b5000_frag	L1268725	0	0.9545
fix_b5000_frag	L1271254	0	0.9938
fix_b5000_frag	L1271409	0	0.9938
fix_b5000_frag	L127156	9	0.4828
fix_b5000_frag	L1273089	1	0.1964
fix_b5000_frag	L1273188	1	0.3349
fix_b5000_frag	L127409	3	0.2264
fix_b5000_frag	L1274249	0	0.9792
fix_b5000_frag	L1275193	1	0.7199
fix_b5000_frag	L1277797	1	0.2342
fix_b5000_frag	L1281298	1	0.1593
fix_b5000_frag	L1281831	0	0.9978
fix_b5000_frag	L12848	0	0.4776
fix_b5000_frag	L1288345	0	1.0000
fix_b5000_frag	L1288962	0	1.0000
fix_b5000_frag	L1291073	0	0.7911
fix_b5000_frag	L129489	1	0.2876
fix_b5000_frag	L1295495	0	0.2832
fix_b5000_frag	L1296033	2	0.3945
fix_b5000_frag	L1296246	0	1.0000
fix_b5000_frag	L1298804	0	0.3448
fix_b5000_frag	L129889	0	0.2754
fix_b5000_frag	L129894	1	0.5202
fix_b5000_frag	L1302233	1	0.3140
fix_b5000_frag	L1302756	0	1.0000
fix_b5000_frag	L1305953	0	1.0000
fix_b5000_frag	L1307629	0	0.8149
fix_b5000_frag	L1311821	1	0.5837
fix_b5000_frag	L1312129	0	0.2608
fix_b5000_frag	L1313657	1	0.6132
fix_b5000_frag	L1317866	0	0.9896
fix_b5000_frag	L1319065	0	0.9594
fix_b5000_frag	L1319342	1	0.7031
fix_b5000_frag	L1321240	0	1.0000
fix_b5000_frag	L1321927	1	0.5656
fix_b5000_frag	L1322095	1	0.2675
fix_b5000_frag	L1322919	0	0.3742
fix_b5000_frag	L132444	0	0.4263
fix_b5000_frag	L1328011	2	0.8013
fix_b5000_frag	L132859	0	0.9245
fix_b5000_frag	L1333077	0	1.0000
fix_b5000_frag	L1333869	2	0.4690
fix_b5000_frag	L1336242	0	0.9880
fix_b5000_frag	L1336592	0	1.0000
fix_b5000_frag	L1336811	1	0.3002
fix_b5000_frag	L1337441	1	0.4800
fix_b5000_frag	L1337876	0	1.0000
fix_b5000_frag	L1339988	1	0.6414
fix_b5000_frag	L134043	0	0.6553
fix_b5000_frag	L1345336	0	0.8796
fix_b5000_frag	L1346006	0	1.0000
fix_b5000_frag	L1347203	1	0.5073
fix_b5000_frag	L134750	0	0.7838
fix_b5000_frag	L1349951	0	0.9959
fix_b5000_frag	L135606	8	1.0000
fix_b5000_frag	L1359737	1	0.2387
fix_b5000_frag	L1359885	0	1.0000
fix_b5000_frag	L1364769	0	0.3791
fix_b5000_frag	L1367051	1	0.2425
fix_b5000_frag	L1370889	1	0.4482
fix_b5000_frag	L1371345	0	1.0000
fix_b5000_frag	L137216	0	0.3690
fix_b5000_frag	L1374223	0	0.7694
fix_b5000_frag	L1374668	0	1.0000
fix_b5000_frag	L1375718	12	0.2894
fix_b5000_frag	L138026	1	0.3680
fix_b5000_frag	L1381564	1	0.3370
fix_b5000_frag	L1382755	1	0.3427
fix_b5000_frag	L1383713	0	1.0000
fix_b5000_frag	L1384799	2	0.1184
fix_b5000_frag	L1385247	0	1.0000
fix_b5000_frag	L1385993	0	0.9942
fix_b5000_frag	L1386308	1	0.3433
fix_b5000_frag	L1393102	0	1.0000
fix_b5000_frag	L1393473	1	0.4187
fix_b5000_frag	L1395501	0	0.9541
fix_b5000_frag	L1396567	0	0.6177
fix_b5000_frag	L139823	2	0.9157
fix_b5000_frag	L1398710	0	0.6885
fix_b5000_frag	L1401969	0	0.5296
fix_b5000_frag	L140451	0	0.3511
fix_b5000_frag	L140523	0	0.8045
fix_b5000_frag	L1405833	0	0.9861
fix_b5000_frag	L1406124	0	0.5362
fix_b5000_frag	L1408446	0	0.2910
fix_b5000_frag	L1414087	3	0.8889
fix_b5000_frag	L1414670	0	0.9928
fix_b5000_frag	L1427937	1	0.2920
fix_b5000_frag	L1432075	1	0.3932
fix_b5000_frag	L1433990	2	0.7149
fix_b5000_frag	L1436612	0	0.3063
fix_b5000_frag	L1437018	0	1.0000
fix_b5000_frag	L1437092	0	0.9979
fix_b5000_frag	L1438034	3	0.4123
fix_b5000_frag	L1441109	0	0.5489
fix_b5000_frag	L1443886	1	0.3793
fix_b5000_frag	L1447645	1	0.2700
fix_b5000_frag	L1447799	0	1.0000
fix_b5000_frag	L1456105	0	1.0000
fix_b5000_frag	L1460805	0	1.0000
fix_b5000_frag	L1461137	0	0.9787
fix_b5000_frag	L1463034	0	0.9950
fix_b5000_frag	L1463212	1	0.2172
fix_b5000_frag	L1466388	0	0.9982
fix_b5000_frag	L1467157	0	0.9980
fix_b5000_frag	L1469232	0	0.4073
fix_b5000_frag	L1470463	1	0.4066
fix_b5000_frag	L1471165	1	0.2504
fix_b5000_frag	L1472014	0	0.5640
fix_b5000_frag	L1472713	0	0.9997
fix_b5000_frag	L1477149	0	0.5848
fix_b5000_frag	L1478	1	0.4164
fix_b5000_frag	L1479751	0	0.2302
fix_b5000_frag	L148298	0	0.7467
fix_b5000_frag	L1483366	0	1.0000
fix_b5000_frag	L1485382	1	0.6516
fix_b5000_frag	L1485505	0	0.8417
fix_b5000_frag	L1486236	0	0.8371
fix_b5000_frag	L1486972	0	0.4833
fix_b5000_frag	L1489403	0	0.6833
fix_b5000_frag	L1491379	0	1.0000
fix_b5000_frag	L1491419	0	1.0000
fix_b5000_frag	L1492852	3	0.1191
fix_b5000_frag	L1493725	0	1.0000
fix_b5000_frag	L1494355	1	0.1558
fix_b5000_frag	L1496468	3	0.4511
fix_b5000_frag	L1496688	2	0.1616
fix_b5000_frag	L1499308	2	0.1531
fix_b5000_frag	L1499442	0	0.4760
fix_b5000_frag	L1501233	0	0.6912
fix_b5000_frag	L150125	0	0.4809
fix_b5000_frag	L1505560	1	0.2012
fix_b5000_frag	L1507253	0	0.9458
fix_b5000_frag	L1507813	0	0.3271
fix_b5000_frag	L1509077	0	0.8599
fix_b5000_frag	L1509421	1	0.1445
fix_b5000_frag	L151054	3	0.1737
fix_b5000_frag	L1511044	0	0.9761
fix_b5000_frag	L1511216	0	0.9486
fix_b5000_frag	L1516526	10	0.5328
fix_b5000_frag	L1519249	0	0.2740
fix_b5000_frag	L152214	0	0.5421
fix_b5000_frag	L1524073	1	0.4283
fix_b5000_frag	L1524858	0	1.0000
fix_b5000_frag	L1529356	0	0.9927
fix_b5000_frag	L1532590	1	0.4214
fix_b5000_frag	L1541613	1	0.2789
fix_b5000_frag	L1544574	2	0.1821
fix_b5000_frag	L1549024	0	0.9983
fix_b5000_frag	L1551652	0	0.8745
fix_b5000_frag	L1552258	0	0.3213
fix_b5000_frag	L1555218	0	1.0000
fix_b5000_frag	L1555419	7	0.3775
fix_b5000_frag	L1557526	0	1.0000
fix_b5000_frag	L1560322	0	1.0000
fix_b5000_frag	L1560376	0	0.8719
fix_b5000_frag	L1560763	0	0.3438
fix_b5000_frag	L1566484	1	0.4261
fix_b5000_frag	L1571939	0	0.9984
fix_b5000_frag	L1579304	1	0.1787
fix_b5000_frag	L1582185	5	0.1419
fix_b5000_frag	L1586191	0	1.0000
fix_b5000_frag	L1587457	0	0.2558
fix_b5000_frag	L15876	4	0.1955
fix_b5000_frag	L1587747	0	1.0000
fix_b5000_frag	L1588237	1	0.2438
fix_b5000_frag	L1588825	0	1.0000
fix_b5000_frag	L159056	1	0.6551
fix_b5000_frag	L1590560	2	0.5281
fix_b5000_frag	L1591450	1	0.1105
fix_b5000_frag	L1593143	0	0.9995
fix_b5000_frag	L1596884	0	1.0000
fix_b5000_frag	L1598768	0	0.6693
fix_b5000_frag	L1598930	0	0.8453
fix_b5000_frag	L1601341	1	0.1760
fix_b5000_frag	L1602543	0	1.0000
fix_b5000_frag	L1604821	1	0.1793
fix_b5000_frag	L1604892	5	0.8951
fix_b5000_frag	L1605370	2	0.4060
fix_b5000_frag	L1606583	0	1.0000
fix_b5000_frag	L1608076	0	1.0000
fix_b5000_frag	L1608273	0	0.9157
fix_b5000_frag	L1609727	0	0.8774
fix_b5000_frag	L1609811	0	0.3654
fix_b5000_frag	L161032	0	0.9996
fix_b5000_frag	L1612957	2	0.3633
fix_b5000_frag	L1613091	0	0.3917
fix_b5000_frag	L1613268	1	0.2430
fix_b5000_frag	L1615851	1	0.5765
fix_b5000_frag	L1622057	3	0.1361
fix_b5000_frag	L162246	0	1.0000
fix_b5000_frag	L1622713	1	0.3195
fix_b5000_frag	L1625450	0	0.7376
fix_b5000_frag	L162554	0	0.8562
fix_b5000_frag	L1627209	0	0.9993
fix_b5000_frag	L1631328	0	0.2862
fix_b5000_frag	L1635519	0	0.9874
fix_b5000_frag	L1639521	0	1.0000
fix_b5000_frag	L1639821	1	0.4235
fix_b5000_frag	L1642967	1	0.4897
fix_b5000_frag	L1644769	0	1.0000
fix_b5000_frag	L1646853	0	0.6713
fix_b5000_frag	L1647874	1	0.7157
fix_b5000_frag	L1648895	1	0.3079
fix_b5000_frag	L1650875	3	0.3623
fix_b5000_frag	L1652039	1	0.6266
fix_b5000_frag	L1652815	1	0.2813
fix_b5000_frag	L1653263	1	0.4606
fix_b5000_frag	L1655965	0	1.0000
fix_b5000_frag	L1657402	0	0.3733
fix_b5000_frag	L1661513	0	0.5119
fix_b5000_frag	L1662120	0	0.1619
fix_b5000_frag	L1663767	3	0.2231
fix_b5000_frag	L1668184	0	0.7219
fix_b5000_frag	L1669571	1	0.3053
fix_b5000_frag	L1670085	1	0.1097
fix_b5000_frag	L1674481	0	1.0000
fix_b5000_frag	L1677218	1	0.3692
fix_b5000_frag	L1682161	0	0.9898
fix_b5000_frag	L1684393	0	1.0000
fix_b5000_frag	L1685887	1	0.1521
fix_b5000_frag	L1686082	0	1.0000
fix_b5000_frag	L1688510	0	0.7102
fix_b5000_frag	L1688656	1	0.1694
fix_b5000_frag	L1690021	2	0.7985
fix_b5000_frag	L1693386	14	0.1360
fix_b5000_frag	L169487	0	0.8919
fix_b5000_frag	L1695888	1	0.2972
fix_b5000_frag	L1698718	0	0.7948
fix_b5000_frag	L1701935	0	0.1784
fix_b5000_frag	L1705819	0	1.0000
fix_b5000_frag	L1709335	1	0.5634
fix_b5000_frag	L171130	2	0.3001
fix_b5000_frag	L1712949	0	0.4412
fix_b5000_frag	L1714919	0	0.3699
fix_b5000_frag	L171690	1	0.7503
fix_b5000_frag	L1718810	1	0.2854
fix_b5000_frag	L1719751	0	0.6681
fix_b5000_frag	L1720850	1	0.3830
fix_b5000_frag	L1723923	0	1.0000
fix_b5000_frag	L1725020	0	0.7807
fix_b5000_frag	L1725041	1	0.4830
fix_b5000_frag	L1726323	0	0.9353
fix_b5000_frag	L1727858	0	0.9712
fix_b5000_frag	L1729303	11	0.2723
fix_b5000_frag	L1730490	0	0.5233
fix_b5000_frag	L1732200	0	1.0000
fix_b5000_frag	L1732882	0	0.6584
fix_b5000_frag	L1735731	0	0.4671
fix_b5000_frag	L173687	0	0.9186
fix_b5000_frag	L1737129	0	0.5850
fix_b5000_frag	L1737199	0	0.9774
fix_b5000_frag	L1737288	0	0.4426
fix_b5000_frag	L1737697	0	0.5971
fix_b5000_frag	L1739165	2	0.2112
fix_b5000_frag	L1742077	1	0.8768
fix_b5000_frag	L1743059	1	0.3213
fix_b5000_frag	L1744739	0	0.4020
fix_b5000_frag	L1745406	0	1.0000
fix_b5000_frag	L1747911	3	0.1227
fix_b5000_frag	L174794	6	0.9358
fix_b5000_frag	L1750070	0	1.0000
fix_b5000_frag	L175284	0	0.9108
fix_b5000_frag	L1752952	4	0.1890
fix_b5000_frag	L1753490	3	0.0971
fix_b5000_frag	L1753843	2	0.1678
fix_b5000_frag	L1759493	1	0.3524
fix_b5000_frag	L1765301	0	1.0000
fix_b5000_frag	L1765363	0	0.9999
fix_b5000_frag	L1767300	1	0.5362
fix_b5000_frag	L1768658	0	0.6446
fix_b5000_frag	L1769532	1	0.3398
fix_b5000_frag	L1769550	1	0.4439
fix_b5000_frag	L1770605	1	0.3890
fix_b5000_frag	L1771311	1	0.3241
fix_b5000_frag	L1772017	1	0.4073
fix_b5000_frag	L1773543	3	0.0477
fix_b5000_frag	L1773916	0	1.0000
fix_b5000_frag	L1775636	1	0.1516
fix_b5000_frag	L177799	0	0.9038
fix_b5000_frag	L1778413	0	0.9780
fix_b5000_frag	L1787007	0	0.8958
fix_b5000_frag	L1790401	0	0.3186
fix_b5000_frag	L1791936	3	0.3974
fix_b5000_frag	L1792207	0	0.4119
fix_b5000_frag	L1792659	0	0.4285
fix_b5000_frag	L1794068	0	0.8627
fix_b5000_frag	L1795358	0	0.6243
fix_b5000_frag	L1796850	0	0.2931
fix_b5000_frag	L179746	0	0.3857
fix_b5000_frag	L1798544	0	0.9999
fix_b5000_frag	L1799442	0	1.0000
fix_b5000_frag	L1799810	1	0.8927
fix_b5000_frag	L1801178	1	0.3756
fix_b5000_frag	L1801760	0	0.8620
fix_b5000_frag	L1802047	0	0.9479
fix_b5000_frag	L1804120	0	0.9996
fix_b5000_frag	L1811318	2	0.2556
fix_b5000_frag	L1811952	1	0.3973
fix_b5000_frag	L1812704	0	0.5672
fix_b5000_frag	L1814498	0	1.0000
fix_b5000_frag	L1817250	0	0.9952
fix_b5000_frag	L1818712	0	0.7736
fix_b5000_frag	L1821293	1	0.1614
fix_b5000_frag	L182449	2	0.2308
fix_b5000_frag	L1825114	0	0.9802
fix_b5000_frag	L1826149	6	0.5482
fix_b5000_frag	L1826657	0	0.6423
fix_b5000_frag	L1830940	0	0.6005
fix_b5000_frag	L1832293	0	1.0000
fix_b5000_frag	L1837363	1	0.6059
fix_b5000_frag	L1839404	1	0.4166
fix_b5000_frag	L1840072	4	0.2156
fix_b5000_frag	L1848244	1	0.1605
fix_b5000_frag	L1848626	0	0.9942
fix_b5000_frag	L1849088	0	1.0000
fix_b5000_frag	L1849758	1	0.2950
fix_b5000_frag	L1851112	0	0.9887
fix_b5000_frag	L1858638	0	0.9939
fix_b5000_frag	L1864914	1	0.3531
fix_b5000_frag	L1866695	1	0.1522
fix_b5000_frag	L186789	0	0.9153
fix_b5000_frag	L1867920	2	0.3045
fix_b5000_frag	L1869414	0	1.0000
fix_b5000_frag	L1870045	0	0.5155
fix_b5000_frag	L1876859	0	0.5985
fix_b5000_frag	L1879565	0	1.0000
fix_b5000_frag	L1880643	2	0.1718
fix_b5000_frag	L1883051	2	0.2141
fix_b5000_frag	L1883207	0	0.3745
fix_b5000_frag	L1884097	2	0.2077
fix_b5000_frag	L1885861	0	1.0000
fix_b5000_frag	L1886890	0	1.0000
fix_b5000_frag	L1888222	0	1.0000
fix_b5000_frag	L1890397	0	0.6907
fix_b5000_frag	L1891326	2	0.3056
fix_b5000_frag	L1891911	1	0.4709
fix_b5000_frag	L189215	1	0.4882
fix_b5000_frag	L1893124	0	1.0000
fix_b5000_frag	L1895099	0	0.9736
fix_b5000_frag	L1899272	1	0.6166
fix_b5000_frag	L1903273	1	0.4897
fix_b5000_frag	L1906047	0	0.7315
fix_b5000_frag	L1907735	0	0.9877
fix_b5000_frag	L1908855	0	0.9977
fix_b5000_frag	L1908990	2	0.2695
fix_b5000_frag	L191026	2	0.5247
fix_b5000_frag	L191114	1	0.7239
fix_b5000_frag	L1912592	3	0.1291
fix_b5000_frag	L1912663	0	0.9059
fix_b5000_frag	L1912864	0	0.3848
fix_b5000_frag	L1914580	0	0.3531
fix_b5000_frag	L1915361	0	0.8854
fix_b5000_frag	L1916208	0	0.4534
fix_b5000_frag	L1916614	0	0.3737
fix_b5000_frag	L1918666	3	0.3518
fix_b5000_frag	L192226	3	0.2401
fix_b5000_frag	L192344	0	0.4246
fix_b5000_frag	L1924733	1	0.3962
fix_b5000_frag	L1925390	2	0.2373
fix_b5000_frag	L1926543	0	0.3274
fix_b5000_frag	L1926777	0	0.8888
fix_b5000_frag	L1930199	1	0.2543
fix_b5000_frag	L1930682	0	0.7143
fix_b5000_frag	L1931524	1	0.6047
fix_b5000_frag	L1931575	4	0.2691
fix_b5000_frag	L1932786	2	0.2410
fix_b5000_frag	L1935552	0	1.0000
fix_b5000_frag	L1940388	0	0.3269
fix_b5000_frag	L1942057	0	0.2858
fix_b5000_frag	L1942729	0	0.4614
fix_b5000_frag	L1943330	0	1.0000
fix_b5000_frag	L1943510	0	0.7081
fix_b5000_frag	L194417	0	0.7789
fix_b5000_frag	L1944174	0	0.9997
fix_b5000_frag	L1947348	0	1.0000
fix_b5000_frag	L1949352	0	1.0000
fix_b5000_frag	L1950763	1	0.4622
fix_b5000_frag	L1952119	0	1.0000
fix_b5000_frag	L195329	0	1.0000
fix_b5000_frag	L1954256	4	0.2820
fix_b5000_frag	L1954592	2	0.7894
fix_b5000_frag	L1956336	0	0.8793
fix_b5000_frag	L1960549	0	0.9994
fix_b5000_frag	L1961705	0	0.8463
fix_b5000_frag	L196426	1	0.3262
fix_b5000_frag	L1964681	1	0.6601
fix_b5000_frag	L1964818	1	0.2855
fix_b5000_frag	L196522	0	0.8876
fix_b5000_frag	L1965259	0	0.5822
fix_b5000_frag	L1969773	0	0.7561
fix_b5000_frag	L1970176	1	0.5019
fix_b5000_frag	L1970683	0	0.9958
fix_b5000_frag	L1971246	1	0.6977
fix_b5000_frag	L1974484	0	0.9956
fix_b5000_frag	L1975236	0	0.9818
fix_b5000_frag	L1976938	0	0.9423
fix_b5000_frag	L1979502	0	0.4682
fix_b5000_frag	L1982152	0	1.0000
fix_b5000_frag	L1983364	0	0.3947
fix_b5000_frag	L1987108	1	0.3976
fix_b5000_frag	L1988240	0	0.8957
fix_b5000_frag	L1993480	0	0.9960
fix_b5000_frag	L1997288	5	0.2130
fix_b5000_frag	L202779	0	0.1482
fix_b5000_frag	L203024	3	0.1179
fix_b5000_frag	L203055	0	1.0000
fix_b5000_frag	L203427	0	1.0000
fix_b5000_frag	L204207	0	0.9958
fix_b5000_frag	L206162	1	0.3278
fix_b5000_frag	L206291	0	0.9997
fix_b5000_frag	L208103	0	0.1500
fix_b5000_frag	L212706	0	0.9635
fix_b5000_frag	L215236	1	0.3504
fix_b5000_frag	L217232	3	0.6917
fix_b5000_frag	L219855	2	0.7587
fix_b5000_frag	L222503	0	0.3648
fix_b5000_frag	L223078	0	0.7157
fix_b5000_frag	L224386	0	0.4531
fix_b5000_frag	L226823	0	0.5488
fix_b5000_frag	L229848	0	0.2844
fix_b5000_frag	L234068	0	0.4901
fix_b5000_frag	L234358	0	1.0000
fix_b5000_frag	L235827	0	0.9992
fix_b5000_frag	L241922	0	0.2665
fix_b5000_frag	L244167	0	0.8587
fix_b5000_frag	L246252	1	0.2449
fix_b5000_frag	L246615	0	0.9725
fix_b5000_frag	L250491	0	0.9998
fix_b5000_frag	L25148	2	0.5149
fix_b5000_frag	L252565	0	0.9294
fix_b5000_frag	L252740	1	0.3553
fix_b5000_frag	L254881	1	0.2000
fix_b5000_frag	L254921	1	0.3310
fix_b5000_frag	L255184	1	0.1807
fix_b5000_frag	L261281	0	0.3643
fix_b5000_frag	L261593	0	0.2635
fix_b5000_frag	L265738	0	1.0000
fix_b5000_frag	L266704	0	0.4804
fix_b5000_frag	L268711	2	0.5298
fix_b5000_frag	L2753	11	0.2116
fix_b5000_frag	L276686	0	1.0000
fix_b5000_frag	L276932	0	0.6399
fix_b5000_frag	L283567	1	0.2181
fix_b5000_frag	L283821	2	0.6669
fix_b5000_frag	L285782	1	0.9899
fix_b5000_frag	L286111	1	0.7135
fix_b5000_frag	L287950	2	0.3367
fix_b5000_frag	L291918	1	0.3854
fix_b5000_frag	L292129	0	0.4848
fix_b5000_frag	L292548	2	0.3359
fix_b5000_frag	L292863	0	0.4169
fix_b5000_frag	L296516	1	0.3839
fix_b5000_frag	L300887	0	0.9353
fix_b5000_frag	L303947	0	0.5085
fix_b5000_frag	L310800	0	0.8362
fix_b5000_frag	L311177	0	0.7253
fix_b5000_frag	L312164	1	0.1340
fix_b5000_frag	L312598	2	0.3259
fix_b5000_frag	L312652	1	0.5311
fix_b5000_frag	L312971	0	0.9326
fix_b5000_frag	L314589	2	0.1920
fix_b5000_frag	L315824	0	1.0000
fix_b5000_frag	L316559	0	0.3768
fix_b5000_frag	L316830	0	0.2022
fix_b5000_frag	L317667	0	0.8592
fix_b5000_frag	L317918	0	0.9380
fix_b5000_frag	L318506	0	0.9991
fix_b5000_frag	L31880	1	0.3394
fix_b5000_frag	L320498	0	0.5650
fix_b5000_frag	L324044	2	0.8087
fix_b5000_frag	L324251	7	0.3937
fix_b5000_frag	L326217	0	0.4805
fix_b5000_frag	L326411	0	1.0000
fix_b5000_frag	L327637	0	0.8888
fix_b5000_frag	L328091	0	0.9988
fix_b5000_frag	L328588	3	0.2081
fix_b5000_frag	L336455	0	1.0000
fix_b5000_frag	L339807	0	1.0000
fix_b5000_frag	L344836	3	0.1883
fix_b5000_frag	L344866	6	0.4859
fix_b5000_frag	L345604	0	0.6581
fix_b5000_frag	L345618	0	0.1313
fix_b5000_frag	L346137	2	0.1421
fix_b5000_frag	L346812	1	0.2486
fix_b5000_frag	L347499	0	0.9996
fix_b5000_frag	L350046	1	0.3659
fix_b5000_frag	L350778	0	0.3829
fix_b5000_frag	L353558	2	0.4852
fix_b5000_frag	L356036	0	0.4326
fix_b5000_frag	L356521	3	0.1733
fix_b5000_frag	L358105	0	0.6223
fix_b5000_frag	L362575	1	0.4691
fix_b5000_frag	L363535	0	0.3774
fix_b5000_frag	L365492	4	0.6072
fix_b5000_frag	L370362	0	0.3245
fix_b5000_frag	L371034	2	0.2236
fix_b5000_frag	L371285	1	0.4034
fix_b5000_frag	L37304	0	0.3988
fix_b5000_frag	L375096	0	0.6608
fix_b5000_frag	L377059	0	1.0000
fix_b5000_frag	L378276	0	0.6877
fix_b5000_frag	L378760	0	0.9930
fix_b5000_frag	L381737	1	0.5712
fix_b5000_frag	L383499	0	0.4469
fix_b5000_frag	L385407	0	0.9627
fix_b5000_frag	L385857	1	0.4208
fix_b5000_frag	L387343	4	0.0625
fix_b5000_frag	L388473	1	0.3532
fix_b5000_frag	L388574	1	0.2543
fix_b5000_frag	L391186	2	0.5792
fix_b5000_frag	L393092	0	0.3408
fix_b5000_frag	L393585	1	0.2443
fix_b5000_frag	L395193	0	0.9997
fix_b5000_frag	L398354	0	0.3262
fix_b5000_frag	L400134	0	0.9996
fix_b5000_frag	L401020	0	0.9806
fix_b5000_frag	L403345	2	0.1619
fix_b5000_frag	L406216	2	0.2567
fix_b5000_frag	L408859	0	0.5128
fix_b5000_frag	L412899	1	0.4299
fix_b5000_frag	L413023	0	0.6233
fix_b5000_frag	L416668	0	1.0000
fix_b5000_frag	L417704	1	0.1399
fix_b5000_frag	L420714	1	0.2196
fix_b5000_frag	L421059	0	0.9998
fix_b5000_frag	L424212	1	0.3947
fix_b5000_frag	L424222	0	0.4773
fix_b5000_frag	L428706	1	0.2639
fix_b5000_frag	L430076	0	1.0000
fix_b5000_frag	L433212	0	0.8984
fix_b5000_frag	L440395	0	0.9998
fix_b5000_frag	L444119	1	0.8752
fix_b5000_frag	L444988	0	0.8920
fix_b5000_frag	L446876	0	1.0000
fix_b5000_frag	L44824	1	0.3750
fix_b5000_frag	L452432	0	0.9909
fix_b5000_frag	L454528	0	0.9985
fix_b5000_frag	L456725	0	0.9944
fix_b5000_frag	L456944	0	1.0000
fix_b5000_frag	L457550	1	0.3260
fix_b5000_frag	L457956	0	0.4883
fix_b5000_frag	L458381	0	0.9992
fix_b5000_frag	L459582	1	0.2861
fix_b5000_frag	L459755	0	0.4406
fix_b5000_frag	L464332	0	0.8030
fix_b5000_frag	L466429	0	1.0000
fix_b5000_frag	L467481	1	0.2039
fix_b5000_frag	L469401	0	0.2731
fix_b5000_frag	L472520	0	0.9706
fix_b5000_frag	L473747	2	0.3146
fix_b5000_frag	L473938	0	1.0000
fix_b5000_frag	L474231	0	1.0000
fix_b5000_frag	L474923	2	0.2580
fix_b5000_frag	L475106	0	1.0000
fix_b5000_frag	L475154	0	0.4798
fix_b5000_frag	L475467	1	0.1931
fix_b5000_frag	L475886	0	1.0000
fix_b5000_frag	L482306	0	0.3709
fix_b5000_frag	L488158	0	0.9959
fix_b5000_frag	L490475	1	0.2549
fix_b5000_frag	L491427	3	0.2188
fix_b5000_frag	L49176	2	0.2778
fix_b5000_frag	L493771	6	0.3848
fix_b5000_frag	L494062	1	0.3973
fix_b5000_frag	L495340	0	1.0000
fix_b5000_frag	L497951	0	0.7541
fix_b5000_frag	L502789	0	0.7331
fix_b5000_frag	L503437	6	0.2190
fix_b5000_frag	L506327	0	1.0000
fix_b5000_frag	L507694	1	0.4524
fix_b5000_frag	L512101	0	0.3784
fix_b5000_frag	L512434	0	0.3293
fix_b5000_frag	L513464	3	0.1817
fix_b5000_frag	L51442	0	1.0000
fix_b5000_frag	L515801	1	0.8571
fix_b5000_frag	L517009	1	0.3303
fix_b5000_frag	L52027	0	1.0000
fix_b5000_frag	L521456	8	0.6950
fix_b5000_frag	L523674	0	0.4998
fix_b5000_frag	L526178	0	1.0000
fix_b5000_frag	L526326	0	0.5509
fix_b5000_frag	L526554	0	0.9196
fix_b5000_frag	L527149	2	0.8189
fix_b5000_frag	L527166	0	0.3783
fix_b5000_frag	L529765	0	0.5154
fix_b5000_frag	L529835	0	1.0000
fix_b5000_frag	L531488	0	0.3393
fix_b5000_frag	L531618	0	1.0000
fix_b5000_frag	L532585	0	0.7481
fix_b5000_frag	L536268	0	0.7079
fix_b5000_frag	L537137	2	0.2137
fix_b5000_frag	L538751	0	0.5044
fix_b5000_frag	L54071	0	1.0000
fix_b5000_frag	L542741	4	0.5711
fix_b5000_frag	L549351	0	0.4441
fix_b5000_frag	L550835	0	0.8071
fix_b5000_frag	L554229	1	0.8280
fix_b5000_frag	L55570	1	0.8825
fix_b5000_frag	L555852	2	0.1884
fix_b5000_frag	L560327	1	0.3617
fix_b5000_frag	L563200	0	0.9543
fix_b5000_frag	L564410	0	0.9715
fix_b5000_frag	L566336	0	0.6728
fix_b5000_frag	L567906	1	0.2118
fix_b5000_frag	L572634	2	0.2067
fix_b5000_frag	L573155	0	1.0000
fix_b5000_frag	L578914	0	0.8513
fix_b5000_frag	L580430	0	0.9999
fix_b5000_frag	L583954	0	1.0000
fix_b5000_frag	L583966	0	0.8277
fix_b5000_frag	L584601	0	0.8387
fix_b5000_frag	L585369	0	0.8885
fix_b5000_frag	L592310	1	0.3796
fix_b5000_frag	L596301	0	1.0000
fix_b5000_frag	L606734	0	0.8651
fix_b5000_frag	L611423	1	0.4541
fix_b5000_frag	L612992	0	0.7139
fix_b5000_frag	L614585	0	1.0000
fix_b5000_frag	L614901	0	1.0000
fix_b5000_frag	L617172	0	0.3848
fix_b5000_frag	L6172	0	1.0000
fix_b5000_frag	L619139	0	0.9994
fix_b5000_frag	L622864	1	0.1673
fix_b5000_frag	L625620	0	0.2197
fix_b5000_frag	L626370	0	0.3175
fix_b5000_frag	L628280	0	1.0000
fix_b5000_frag	L629068	0	0.9266
fix_b5000_frag	L630016	1	0.4646
fix_b5000_frag	L631639	0	0.9937
fix_b5000_frag	L633712	1	0.9877
fix_b5000_frag	L634203	1	0.5244
fix_b5000_frag	L635881	1	0.5978
fix_b5000_frag	L640723	0	0.8317
fix_b5000_frag	L642903	2	0.2675
fix_b5000_frag	L646631	0	1.0000
fix_b5000_frag	L646882	1	0.6047
fix_b5000_frag	L647279	1	0.1530
fix_b5000_frag	L648131	3	0.1941
fix_b5000_frag	L649912	0	0.3183
fix_b5000_frag	L651987	0	0.6991
fix_b5000_frag	L654924	2	0.4308
fix_b5000_frag	L655778	2	0.1868
fix_b5000_frag	L656138	0	0.3167
fix_b5000_frag	L656836	0	0.4457
fix_b5000_frag	L658170	0	0.4255
fix_b5000_frag	L658943	0	0.5260
fix_b5000_frag	L660197	1	0.5700
fix_b5000_frag	L669638	0	0.3663
fix_b5000_frag	L671026	1	0.2482
fix_b5000_frag	L671573	1	0.3193
fix_b5000_frag	L673092	1	0.2816
fix_b5000_frag	L67588	0	0.5768
fix_b5000_frag	L676518	1	0.3961
fix_b5000_frag	L676670	11	0.0995
fix_b5000_frag	L676732	14	0.1703
fix_b5000_frag	L678705	0	0.9688
fix_b5000_frag	L680938	0	1.0000
fix_b5000_frag	L681748	0	0.5240
fix_b5000_frag	L682598	5	0.2136
fix_b5000_frag	L685587	0	1.0000
fix_b5000_frag	L686599	0	0.4266
fix_b5000_frag	L688258	0	0.7583
fix_b5000_frag	L689994	0	0.9984
fix_b5000_frag	L690892	0	0.9998
fix_b5000_frag	L691999	1	0.2756
fix_b5000_frag	L693288	0	0.9999
fix_b5000_frag	L693741	0	0.7013
fix_b5000_frag	L696558	1	0.9432
fix_b5000_frag	L699126	1	0.7831
fix_b5000_frag	L700583	0	0.7925
fix_b5000_frag	L700632	0	0.9969
fix_b5000_frag	L702054	1	0.4457
fix_b5000_frag	L702280	0	1.0000
fix_b5000_frag	L702910	0	0.2719
fix_b5000_frag	L70303	0	0.2748
fix_b5000_frag	L70480	0	0.9709
fix_b5000_frag	L706867	1	0.3968
fix_b5000_frag	L70707	0	0.9099
fix_b5000_frag	L707104	0	0.9999
fix_b5000_frag	L709497	1	0.4016
fix_b5000_frag	L710351	0	0.8209
fix_b5000_frag	L712623	0	1.0000
fix_b5000_frag	L712839	0	0.8119
fix_b5000_frag	L714138	2	0.2849
fix_b5000_frag	L714322	1	0.2683
fix_b5000_frag	L715539	0	0.9924
fix_b5000_frag	L722473	1	0.3144
fix_b5000_frag	L723388	0	0.5470
fix_b5000_frag	L728677	1	0.3431
fix_b5000_frag	L731795	2	0.9137
fix_b5000_frag	L731901	5	0.4582
fix_b5000_frag	L734741	3	0.2538
fix_b5000_frag	L735367	0	0.4813
fix_b5000_frag	L738514	1	0.3738
fix_b5000_frag	L740729	1	0.8288
fix_b5000_frag	L741868	0	1.0000
fix_b5000_frag	L74196	0	0.9950
fix_b5000_frag	L742362	0	0.5067
fix_b5000_frag	L743265	0	0.6137
fix_b5000_frag	L743865	0	1.0000
fix_b5000_frag	L745530	0	0.2624
fix_b5000_frag	L749377	1	0.3380
fix_b5000_frag	L749553	0	0.7074
fix_b5000_frag	L749881	3	0.2014
fix_b5000_frag	L750841	1	0.8923
fix_b5000_frag	L752916	4	0.2586
fix_b5000_frag	L753506	0	0.5063
fix_b5000_frag	L754882	0	0.7949
fix_b5000_frag	L756452	3	0.3203
fix_b5000_frag	L757	1	0.9605
fix_b5000_frag	L757428	0	0.4512
fix_b5000_frag	L757843	0	0.9677
fix_b5000_frag	L763303	0	1.0000
fix_b5000_frag	L763922	0	1.0000
fix_b5000_frag	L764727	2	0.2631
fix_b5000_frag	L765399	1	0.2050
fix_b5000_frag	L765826	0	0.4527
fix_b5000_frag	L769281	0	0.9126
fix_b5000_frag	L770616	0	1.0000
fix_b5000_frag	L771003	1	0.2208
fix_b5000_frag	L771549	4	0.2519
fix_b5000_frag	L77697	0	1.0000
fix_b5000_frag	L780109	2	0.1614
fix_b5000_frag	L781799	1	0.4958
fix_b5000_frag	L784040	1	0.3158
fix_b5000_frag	L785488	0	0.1824
fix_b5000_frag	L785780	1	0.2194
fix_b5000_frag	L786117	0	1.0000
fix_b5000_frag	L786613	2	0.2506
fix_b5000_frag	L789103	0	0.9919
fix_b5000_frag	L789781	0	0.8882
fix_b5000_frag	L791567	0	0.9310
fix_b5000_frag	L794707	4	0.1461
fix_b5000_frag	L794711	1	0.3500
fix_b5000_frag	L795076	0	0.3668
fix_b5000_frag	L797681	1	0.2915
fix_b5000_frag	L798494	1	0.1731
fix_b5000_frag	L799617	0	0.9951
fix_b5000_frag	L802353	0	0.6053
fix_b5000_frag	L802880	0	0.6132
fix_b5000_frag	L804404	1	0.2264
fix_b5000_frag	L805905	2	0.3070
fix_b5000_frag	L806221	1	0.3913
fix_b5000_frag	L806407	1	0.4995
fix_b5000_frag	L806874	0	0.4268
fix_b5000_frag	L811086	0	0.2953
fix_b5000_frag	L811206	0	0.9979
fix_b5000_frag	L813938	0	0.9517
fix_b5000_frag	L815854	0	1.0000
fix_b5000_frag	L816130	0	0.9679
fix_b5000_frag	L816815	2	0.1464
fix_b5000_frag	L818653	0	1.0000
fix_b5000_frag	L820799	0	1.0000
fix_b5000_frag	L820919	0	0.9868
fix_b5000_frag	L822339	0	0.4218
fix_b5000_frag	L823352	1	0.4135
fix_b5000_frag	L823663	0	0.3596
fix_b5000_frag	L827607	0	0.9790
fix_b5000_frag	L829836	6	0.4065
fix_b5000_frag	L829937	0	1.0000
fix_b5000_frag	L835568	1	0.4129
fix_b5000_frag	L840754	1	0.2416
fix_b5000_frag	L840831	1	0.1673
fix_b5000_frag	L841410	0	1.0000
fix_b5000_frag	L841938	0	1.0000
fix_b5000_frag	L842512	0	0.2215
fix_b5000_frag	L845989	1	0.1957
fix_b5000_frag	L847583	0	0.7495
fix_b5000_frag	L849106	0	0.9647
fix_b5000_frag	L849313	2	0.5933
fix_b5000_frag	L850300	1	0.2991
fix_b5000_frag	L85073	0	0.9304
fix_b5000_frag	L851546	0	1.0000
fix_b5000_frag	L855936	1	0.3431
fix_b5000_frag	L857294	2	0.2946
fix_b5000_frag	L859511	0	0.8251
fix_b5000_frag	L860562	1	0.2379
fix_b5000_frag	L861354	0	0.9983
fix_b5000_frag	L861634	0	0.3224
fix_b5000_frag	L864107	0	1.0000
fix_b5000_frag	L874268	0	0.7956
fix_b5000_frag	L874681	0	1.0000
fix_b5000_frag	L8749	1	0.4016
fix_b5000_frag	L875990	6	0.3024
fix_b5000_frag	L876833	0	0.9995
fix_b5000_frag	L877891	0	1.0000
fix_b5000_frag	L87827	0	0.3525
fix_b5000_frag	L878542	2	0.1751
fix_b5000_frag	L87943	0	0.9996
fix_b5000_frag	L879440	0	0.3259
fix_b5000_frag	L879572	0	1.0000
fix_b5000_frag	L883162	0	0.9782
fix_b5000_frag	L8850	2	0.3494
fix_b5000_frag	L886332	0	0.9998
fix_b5000_frag	L88725	1	0.6872
fix_b5000_frag	L889398	2	0.3977
fix_b5000_frag	L890492	1	0.4931
fix_b5000_frag	L892459	0	1.0000
fix_b5000_frag	L892965	0	0.8622
fix_b5000_frag	L897680	0	1.0000
fix_b5000_frag	L898054	0	0.9936
fix_b5000_frag	L898800	0	0.3424
fix_b5000_frag	L900309	0	0.3041
fix_b5000_frag	L900340	2	0.2279
fix_b5000_frag	L90095	1	0.2223
fix_b5000_frag	L901268	0	1.0000
fix_b5000_frag	L90168	1	0.3639
fix_b5000_frag	L904096	0	0.3589
fix_b5000_frag	L904706	1	0.1676
fix_b5000_frag	L904848	0	0.4579
fix_b5000_frag	L906324	0	0.3559
fix_b5000_frag	L910015	2	0.4613
fix_b5000_frag	L910025	0	0.2032
fix_b5000_frag	L916610	2	0.1506
fix_b5000_frag	L917431	0	1.0000
fix_b5000_frag	L91807	3	0.7690
fix_b5000_frag	L921960	0	0.7887
fix_b5000_frag	L925371	0	0.4598
fix_b5000_frag	L92746	1	0.2592
fix_b5000_frag	L927572	0	1.0000
fix_b5000_frag	L928531	1	0.4362
fix_b5000_frag	L93166	0	1.0000
fix_b5000_frag	L936199	1	0.5953
fix_b5000_frag	L936283	0	0.9134
fix_b5000_frag	L936413	0	0.2025
fix_b5000_frag	L937888	0	1.0000
fix_b5000_frag	L938648	1	0.1443
fix_b5000_frag	L944032	0	0.5338
fix_b5000_frag	L945801	0	1.0000
fix_b5000_frag	L945932	5	0.2049
fix_b5000_frag	L948511	0	0.3107
fix_b5000_frag	L952087	0	0.7500
fix_b5000_frag	L95371	0	0.9999
fix_b5000_frag	L957382	3	0.2738
fix_b5000_frag	L959258	0	0.9947
fix_b5000_frag	L959631	1	0.5537
fix_b5000_frag	L959635	1	0.3853
fix_b5000_frag	L965682	0	0.9403
fix_b5000_frag	L966262	0	0.9911
fix_b5000_frag	L967666	0	0.7398
fix_b5000_frag	L968043	0	0.6085
fix_b5000_frag	L969445	0	0.3812
fix_b5000_frag	L971021	1	0.9905
fix_b5000_frag	L975763	0	1.0000
fix_b5000_frag	L97827	0	0.9956
fix_b5000_frag	L978999	0	1.0000
fix_b5000_frag	L979090	0	0.8418
fix_b5000_frag	L979235	0	0.9797
fix_b5000_frag	L982465	1	0.3151
fix_b5000_frag	L98298	0	1.0000
fix_b5000_frag	L988833	0	0.8549
fix_b5000_frag	L993157	0	0.7271
fix_b5000_frag	L99635	1	0.9786
fix_b5000_frag	L998320	2	0.7698
fix_b5000_full	L1002218	0	1.0000
fix_b5000_full	L100440	0	1.0000
fix_b5000_full	L1005950	0	1.0000
fix_b5000_full	L100995	0	0.9992
fix_b5000_full	L1011290	1	0.9092
fix_b5000_full	L1011861	0	1.0000
fix_b5000_full	L10149	1	0.5004
fix_b5000_full	L101648	0	1.0000
fix_b5000_full	L1021726	0	1.0000
fix_b5000_full	L102408	0	1.0000
fix_b5000_full	L1024268	0	0.9994
fix_b5000_full	L10251	0	0.9037
fix_b5000_full	L1027173	1	1.0000
fix_b5000_full	L1030523	0	1.0000
fix_b5000_full	L1030919	0	1.0000
fix_b5000_full	L103388	0	1.0000
fix_b5000_full	L1034823	0	0.9999
fix_b5000_full	L1038962	0	1.0000
fix_b5000_full	L103916	0	1.0000
fix_b5000_full	L1042693	0	1.0000
fix_b5000_full	L1046764	0	1.0000
fix_b5000_full	L1047401	1	0.9893
fix_b5000_full	L1049690	0	1.0000
fix_b5000_full	L10510	0	1.0000
fix_b5000_full	L1055385	1	0.6797
fix_b5000_full	L1056345	1	0.6531
fix_b5000_full	L1057201	0	1.0000
fix_b5000_full	L1057393	0	1.0000
fix_b5000_full	L1060190	1	1.0000
fix_b5000_full	L1063723	0	1.0000
fix_b5000_full	L1064762	0	1.0000
fix_b5000_full	L1066087	0	1.0000
fix_b5000_full	L106610	0	1.0000
fix_b5000_full	L1067332	0	1.0000
fix_b5000_full	L1068161	0	1.0000
fix_b5000_full	L1069418	0	1.0000
fix_b5000_full	L1071065	0	1.0000
fix_b5000_full	L1074081	0	1.0000
fix_b5000_full	L1074481	0	1.0000
fix_b5000_full	L1075882	0	1.0000
fix_b5000_full	L1076434	0	1.0000
fix_b5000_full	L1076881	0	1.0000
fix_b5000_full	L1079220	0	1.0000
fix_b5000_full	L1082973	0	1.0000
fix_b5000_full	L1083369	0	1.0000
fix_b5000_full	L1084248	0	1.0000
fix_b5000_full	L1085230	0	1.0000
fix_b5000_full	L1087088	0	0.5933
fix_b5000_full	L1087228	0	0.5131
fix_b5000_full	L1089145	0	0.9733
fix_b5000_full	L1091489	0	1.0000
fix_b5000_full	L1092106	0	0.8877
fix_b5000_full	L1092311	0	0.9915
fix_b5000_full	L1092484	0	1.0000
fix_b5000_full	L1092539	1	1.0000
fix_b5000_full	L109260	0	1.0000
fix_b5000_full	L1094932	1	1.0000
fix_b5000_full	L1096662	0	1.0000
fix_b5000_full	L1099514	1	1.0000
fix_b5000_full	L1101145	0	1.0000
fix_b5000_full	L1102329	0	1.0000
fix_b5000_full	L1103403	0	1.0000
fix_b5000_full	L1104287	0	1.0000
fix_b5000_full	L1105488	0	1.0000
fix_b5000_full	L1112429	0	1.0000
fix_b5000_full	L1113572	0	1.0000
fix_b5000_full	L1116526	1	1.0000
fix_b5000_full	L1117241	0	1.0000
fix_b5000_full	L1118153	0	1.0000
fix_b5000_full	L1118243	1	0.8272
fix_b5000_full	L1118908	0	1.0000
fix_b5000_full	L1119584	1	0.9496
fix_b5000_full	L112024	0	1.0000
fix_b5000_full	L1125241	0	1.0000
fix_b5000_full	L1126546	1	0.8461
fix_b5000_full	L112658	0	1.0000
fix_b5000_full	L1132042	0	1.0000
fix_b5000_full	L1132216	0	1.0000
fix_b5000_full	L1133030	0	0.9906
fix_b5000_full	L1133950	0	1.0000
fix_b5000_full	L1135903	0	1.0000
fix_b5000_full	L1138787	0	0.6022
fix_b5000_full	L1141407	0	1.0000
fix_b5000_full	L1142807	0	1.0000
fix_b5000_full	L1143013	0	1.0000
fix_b5000_full	L1145504	0	1.0000
fix_b5000_full	L1146653	0	1.0000
fix_b5000_full	L1152702	0	1.0000
fix_b5000_full	L1154243	0	1.0000
fix_b5000_full	L1162324	0	1.0000
fix_b5000_full	L1165463	1	1.0000
fix_b5000_full	L1168233	0	1.0000
fix_b5000_full	L1171802	0	0.9965
fix_b5000_full	L1172998	0	1.0000
fix_b5000_full	L1173044	0	1.0000
fix_b5000_full	L1176288	0	1.0000
fix_b5000_full	L1177377	1	0.5025
fix_b5000_full	L1182959	0	1.0000
fix_b5000_full	L11844	1	0.8696
fix_b5000_full	L1184628	1	0.9656
fix_b5000_full	L1188622	0	1.0000
fix_b5000_full	L1189724	0	1.0000
fix_b5000_full	L1191323	1	1.0000
fix_b5000_full	L1193114	1	0.3413
fix_b5000_full	L1199746	1	1.0000
fix_b5000_full	L1200221	0	1.0000
fix_b5000_full	L1202868	0	0.9410
fix_b5000_full	L1204301	0	1.0000
fix_b5000_full	L1205470	0	1.0000
fix_b5000_full	L1206005	0	1.0000
fix_b5000_full	L1206932	0	1.0000
fix_b5000_full	L1207765	1	0.7483
fix_b5000_full	L120897	0	1.0000
fix_b5000_full	L1209853	0	1.0000
fix_b5000_full	L1210115	0	1.0000
fix_b5000_full	L1210563	0	1.0000
fix_b5000_full	L1213461	0	1.0000
fix_b5000_full	L12157	0	1.0000
fix_b5000_full	L1215767	1	1.0000
fix_b5000_full	L12163	0	1.0000
fix_b5000_full	L121659	0	1.0000
fix_b5000_full	L1216609	1	1.0000
fix_b5000_full	L1218138	0	1.0000
fix_b5000_full	L1218431	1	1.0000
fix_b5000_full	L1222546	1	0.8182
fix_b5000_full	L1223429	1	1.0000
fix_b5000_full	L1223462	1	1.0000
fix_b5000_full	L1226687	0	1.0000
fix_b5000_full	L1226989	1	1.0000
fix_b5000_full	L1227471	0	1.0000
fix_b5000_full	L1229432	0	1.0000
fix_b5000_full	L1233719	0	0.5562
fix_b5000_full	L1234526	0	1.0000
fix_b5000_full	L1235162	1	0.9692
fix_b5000_full	L1236957	0	1.0000
fix_b5000_full	L1244324	0	1.0000
fix_b5000_full	L1244973	0	1.0000
fix_b5000_full	L1246142	0	1.0000
fix_b5000_full	L1249052	0	1.0000
fix_b5000_full	L1249957	1	0.6933
fix_b5000_full	L1253500	0	1.0000
fix_b5000_full	L1254087	0	1.0000
fix_b5000_full	L1256996	0	1.0000
fix_b5000_full	L1259882	0	1.0000
fix_b5000_full	L1268226	0	1.0000
fix_b5000_full	L1268725	0	1.0000
fix_b5000_full	L1271254	0	1.0000
fix_b5000_full	L1271409	0	1.0000
fix_b5000_full	L127156	0	1.0000
fix_b5000_full	L1273089	0	0.9349
fix_b5000_full	L1273188	0	0.7298
fix_b5000_full	L127409	0	1.0000
fix_b5000_full	L1274249	0	1.0000
fix_b5000_full	L1275193	1	0.7705
fix_b5000_full	L1277797	0	1.0000
fix_b5000_full	L1281298	1	0.6903
fix_b5000_full	L1281831	0	1.0000
fix_b5000_full	L12848	0	1.0000
fix_b5000_full	L1288345	0	1.0000
fix_b5000_full	L1288962	0	1.0000
fix_b5000_full	L1291073	0	1.0000
fix_b5000_full	L129489	0	1.0000
fix_b5000_full	L1295495	0	1.0000
fix_b5000_full	L1296033	1	0.9911
fix_b5000_full	L1296246	0	1.0000
fix_b5000_full	L1298804	0	1.0000
fix_b5000_full	L129889	1	0.5221
fix_b5000_full	L129894	1	0.6522
fix_b5000_full	L1302233	1	0.9652
fix_b5000_full	L1302756	0	1.0000
fix_b5000_full	L1305953	0	1.0000
fix_b5000_full	L1307629	0	1.0000
fix_b5000_full	L1311821	0	0.9915
fix_b5000_full	L1312129	0	0.9584
fix_b5000_full	L1313657	1	1.0000
fix_b5000_full	L1317866	0	1.0000
fix_b5000_full	L1319065	0	1.0000
fix_b5000_full	L1319342	0	1.0000
fix_b5000_full	L1321240	0	1.0000
fix_b5000_full	L1321927	0	1.0000
fix_b5000_full	L1322095	1	0.9685
fix_b5000_full	L1322919	0	1.0000
fix_b5000_full	L132444	0	1.0000
fix_b5000_full	L1328011	0	1.0000
fix_b5000_full	L132859	0	1.0000
fix_b5000_full	L1333077	0	1.0000
fix_b5000_full	L1333869	0	1.0000
fix_b5000_full	L1336242	0	1.0000
fix_b5000_full	L1336592	0	1.0000
fix_b5000_full	L1336811	1	0.6420
fix_b5000_full	L1337441	0	1.0000
fix_b5000_full	L1337876	0	1.0000
fix_b5000_full	L1339988	1	1.0000
fix_b5000_full	L134043	0	1.0000
fix_b5000_full	L1345336	0	1.0000
fix_b5000_full	L1346006	0	1.0000
fix_b5000_full	L1347203	0	1.0000
fix_b5000_full	L134750	0	0.9361
fix_b5000_full	L1349951	0	1.0000
fix_b5000_full	L135606	0	1.0000
fix_b5000_full	L1359737	0	1.0000
fix_b5000_full	L1359885	0	1.0000
fix_b5000_full	L1364769	0	1.0000
fix_b5000_full	L1367051	0	1.0000
fix_b5000_full	L1370889	0	0.5426
fix_b5000_full	L1371345	0	1.0000
fix_b5000_full	L137216	1	1.0000
fix_b5000_full	L1374223	0	1.0000
fix_b5000_full	L1374668	0	1.0000
fix_b5000_full	L1375718	1	1.0000
fix_b5000_full	L138026	1	1.0000
fix_b5000_full	L1381564	0	1.0000
fix_b5000_full	L1382755	1	1.0000
fix_b5000_full	L1383713	0	1.0000
fix_b5000_full	L1384799	0	0.9958
fix_b5000_full	L1385247	0	1.0000
fix_b5000_full	L1385993	0	1.0000
fix_b5000_full	L1386308	1	1.0000
fix_b5000_full	L1393102	0	1.0000
fix_b5000_full	L1393473	0	1.0000
fix_b5000_full	L1395501	0	1.0000
fix_b5000_full	L1396567	0	1.0000
fix_b5000_full	L139823	0	1.0000
fix_b5000_full	L1398710	1	1.0000
fix_b5000_full	L1401969	0	1.0000
fix_b5000_full	L140451	0	1.0000
fix_b5000_full	L140523	0	1.0000
fix_b5000_full	L1405833	0	1.0000
fix_b5000_full	L1406124	0	1.0000
fix_b5000_full	L1408446	0	0.9983
fix_b5000_full	L1414087	0	1.0000
fix_b5000_full	L1414670	0	1.0000
fix_b5000_full	L1427937	0	0.4388
fix_b5000_full	L1432075	0	0.9898
fix_b5000_full	L1433990	0	1.0000
fix_b5000_full	L1436612	0	0.9999
fix_b5000_full	L1437018	0	1.0000
fix_b5000_full	L1437092	0	1.0000
fix_b5000_full	L1438034	0	1.0000
fix_b5000_full	L1441109	0	1.0000
fix_b5000_full	L1443886	0	1.0000
fix_b5000_full	L1447645	0	1.0000
fix_b5000_full	L1447799	0	1.0000
fix_b5000_full	L1456105	0	1.0000
fix_b5000_full	L1460805	0	1.0000
fix_b5000_full	L1461137	0	1.0000
fix_b5000_full	L1463034	0	1.0000
fix_b5000_full	L1463212	0	1.0000
fix_b5000_full	L1466388	0	1.0000
fix_b5000_full	L1467157	0	1.0000
fix_b5000_full	L1469232	1	1.0000
fix_b5000_full	L1470463	1	0.5008
fix_b5000_full	L1471165	0	0.8567
fix_b5000_full	L1472014	1	1.0000
fix_b5000_full	L1472713	0	1.0000
fix_b5000_full	L1477149	0	1.0000
fix_b5000_full	L1478	1	0.9565
fix_b5000_full	L1479751	0	1.0000
fix_b5000_full	L148298	0	1.0000
fix_b5000_full	L1483366	0	1.0000
fix_b5000_full	L1485382	0	1.0000
fix_b5000_full	L1485505	0	1.0000
fix_b5000_full	L1486236	0	1.0000
fix_b5000_full	L1486972	0	1.0000
fix_b5000_full	L1489403	0	1.0000
fix_b5000_full	L1491379	0	1.0000
fix_b5000_full	L1491419	0	1.0000
fix_b5000_full	L1492852	0	1.0000
fix_b5000_full	L1493725	0	1.0000
fix_b5000_full	L1494355	0	0.5137
fix_b5000_full	L1496468	0	0.5494
fix_b5000_full	L1496688	1	0.9966
fix_b5000_full	L1499308	0	1.0000
fix_b5000_full	L1499442	0	1.0000
fix_b5000_full	L1501233	0	1.0000
fix_b5000_full	L150125	0	1.0000
fix_b5000_full	L1505560	1	1.0000
fix_b5000_full	L1507253	0	1.0000
fix_b5000_full	L1507813	0	1.0000
fix_b5000_full	L1509077	0	1.0000
fix_b5000_full	L1509421	0	1.0000
fix_b5000_full	L151054	1	1.0000
fix_b5000_full	L1511044	0	1.0000
fix_b5000_full	L1511216	0	1.0000
fix_b5000_full	L1516526	0	0.5525
fix_b5000_full	L1519249	0	0.9999
fix_b5000_full	L152214	0	1.0000
fix_b5000_full	L1524073	0	1.0000
fix_b5000_full	L1524858	0	1.0000
fix_b5000_full	L1529356	0	1.0000
fix_b5000_full	L1532590	1	1.0000
fix_b5000_full	L1541613	0	1.0000
fix_b5000_full	L1544574	0	1.0000
fix_b5000_full	L1549024	0	1.0000
fix_b5000_full	L1551652	0	1.0000
fix_b5000_full	L1552258	1	0.6464
fix_b5000_full	L1555218	0	1.0000
fix_b5000_full	L1555419	0	0.7557
fix_b5000_full	L1557526	0	1.0000
fix_b5000_full	L1560322	0	1.0000
fix_b5000_full	L1560376	0	1.0000
fix_b5000_full	L1560763	1	1.0000
fix_b5000_full	L1566484	0	1.0000
fix_b5000_full	L1571939	0	1.0000
fix_b5000_full	L1579304	0	1.0000
fix_b5000_full	L1582185	1	0.7603
fix_b5000_full	L1586191	0	1.0000
fix_b5000_full	L1587457	0	1.0000
fix_b5000_full	L15876	0	1.0000
fix_b5000_full	L1587747	0	1.0000
fix_b5000_full	L1588237	1	0.3278
fix_b5000_full	L1588825	0	1.0000
fix_b5000_full	L159056	1	0.7819
fix_b5000_full	L1590560	0	0.3495
fix_b5000_full	L1591450	0	1.0000
fix_b5000_full	L1593143	0	1.0000
fix_b5000_full	L1596884	0	1.0000
fix_b5000_full	L1598768	0	1.0000
fix_b5000_full	L1598930	0	1.0000
fix_b5000_full	L1601341	1	0.5011
fix_b5000_full	L1602543	0	1.0000
fix_b5000_full	L1604821	0	1.0000
fix_b5000_full	L1604892	0	1.0000
fix_b5000_full	L1605370	0	0.8859
fix_b5000_full	L1606583	0	1.0000
fix_b5000_full	L1608076	0	1.0000
fix_b5000_full	L1608273	1	0.9169
fix_b5000_full	L1609727	0	0.9359
fix_b5000_full	L1609811	0	0.9948
fix_b5000_full	L161032	0	1.0000
fix_b5000_full	L1612957	1	1.0000
fix_b5000_full	L1613091	0	1.0000
fix_b5000_full	L1613268	0	1.0000
fix_b5000_full	L1615851	0	1.0000
fix_b5000_full	L1622057	0	1.0000
fix_b5000_full	L162246	0	1.0000
fix_b5000_full	L1622713	0	1.0000
fix_b5000_full	L1625450	0	1.0000
fix_b5000_full	L162554	1	1.0000
fix_b5000_full	L1627209	0	1.0000
fix_b5000_full	L1631328	0	1.0000
fix_b5000_full	L1635519	0	1.0000
fix_b5000_full	L1639521	0	1.0000
fix_b5000_full	L1639821	0	1.0000
fix_b5000_full	L1642967	0	1.0000
fix_b5000_full	L1644769	0	1.0000
fix_b5000_full	L1646853	0	1.0000
fix_b5000_full	L1647874	1	1.0000
fix_b5000_full	L1648895	3	0.5294
fix_b5000_full	L1650875	0	0.9997
fix_b5000_full	L1652039	0	0.9642
fix_b5000_full	L1652815	1	0.5040
fix_b5000_full	L1653263	1	1.0000
fix_b5000_full	L1655965	0	1.0000
fix_b5000_full	L1657402	0	1.0000
fix_b5000_full	L1661513	0	1.0000
fix_b5000_full	L1662120	1	1.0000
fix_b5000_full	L1663767	1	0.9975
fix_b5000_full	L1668184	1	1.0000
fix_b5000_full	L1669571	1	0.6360
fix_b5000_full	L1670085	1	0.3738
fix_b5000_full	L1674481	0	1.0000
fix_b5000_full	L1677218	0	0.9997
fix_b5000_full	L1682161	0	1.0000
fix_b5000_full	L1684393	0	1.0000
fix_b5000_full	L1685887	1	0.9991
fix_b5000_full	L1686082	0	1.0000
fix_b5000_full	L1688510	0	1.0000
fix_b5000_full	L1688656	0	1.0000
fix_b5000_full	L1690021	0	1.0000
fix_b5000_full	L1693386	0	0.9971
fix_b5000_full	L169487	0	1.0000
fix_b5000_full	L1695888	0	1.0000
fix_b5000_full	L1698718	0	1.0000
fix_b5000_full	L1701935	1	0.5099
fix_b5000_full	L1705819	0	1.0000
fix_b5000_full	L1709335	0	1.0000
fix_b5000_full	L171130	0	0.9918
fix_b5000_full	L1712949	1	0.7213
fix_b5000_full	L1714919	1	1.0000
fix_b5000_full	L171690	1	0.6250
fix_b5000_full	L1718810	0	1.0000
fix_b5000_full	L1719751	0	1.0000
fix_b5000_full	L1720850	0	0.8493
fix_b5000_full	L1723923	0	1.0000
fix_b5000_full	L1725020	1	1.0000
fix_b5000_full	L1725041	1	1.0000
fix_b5000_full	L1726323	1	1.0000
fix_b5000_full	L1727858	0	1.0000
fix_b5000_full	L1729303	0	1.0000
fix_b5000_full	L1730490	1	1.0000
fix_b5000_full	L1732200	0	1.0000
fix_b5000_full	L1732882	0	1.0000
fix_b5000_full	L1735731	0	1.0000
fix_b5000_full	L173687	0	1.0000
fix_b5000_full	L1737129	0	1.0000
fix_b5000_full	L1737199	0	1.0000
fix_b5000_full	L1737288	0	1.0000
fix_b5000_full	L1737697	0	1.0000
fix_b5000_full	L1739165	1	1.0000
fix_b5000_full	L1742077	1	0.8448
fix_b5000_full	L1743059	0	1.0000
fix_b5000_full	L1744739	0	1.0000
fix_b5000_full	L1745406	0	1.0000
fix_b5000_full	L1747911	0	0.6111
fix_b5000_full	L174794	1	1.0000
fix_b5000_full	L1750070	0	1.0000
fix_b5000_full	L175284	1	1.0000
fix_b5000_full	L1752952	0	0.9809
fix_b5000_full	L1753490	0	0.9950
fix_b5000_full	L1753843	1	0.4861
fix_b5000_full	L1759493	1	0.9935
fix_b5000_full	L1765301	0	1.0000
fix_b5000_full	L1765363	0	1.0000
fix_b5000_full	L1767300	0	0.9023
fix_b5000_full	L1768658	0	1.0000
fix_b5000_full	L1769532	1	0.6545
fix_b5000_full	L1769550	0	0.7022
fix_b5000_full	L1770605	0	1.0000
fix_b5000_full	L1771311	1	1.0000
fix_b5000_full	L1772017	0	1.0000
fix_b5000_full	L1773543	0	0.7774
fix_b5000_full	L1773916	0	1.0000
fix_b5000_full	L1775636	1	0.8090
fix_b5000_full	L177799	0	1.0000
fix_b5000_full	L1778413	0	1.0000
fix_b5000_full	L1787007	0	1.0000
fix_b5000_full	L1790401	1	0.5423
fix_b5000_full	L1791936	0	0.9999
fix_b5000_full	L1792207	0	0.9999
fix_b5000_full	L1792659	0	1.0000
fix_b5000_full	L1794068	0	1.0000
fix_b5000_full	L1795358	0	0.9377
fix_b5000_full	L1796850	0	1.0000
fix_b5000_full	L179746	1	0.5229
fix_b5000_full	L1798544	0	1.0000
fix_b5000_full	L1799442	0	1.0000
fix_b5000_full	L1799810	0	1.0000
fix_b5000_full	L1801178	1	1.0000
fix_b5000_full	L1801760	0	1.0000
fix_b5000_full	L1802047	1	1.0000
fix_b5000_full	L1804120	0	1.0000
fix_b5000_full	L1811318	0	1.0000
fix_b5000_full	L1811952	1	1.0000
fix_b5000_full	L1812704	0	1.0000
fix_b5000_full	L1814498	0	1.0000
fix_b5000_full	L1817250	0	1.0000
fix_b5000_full	L1818712	0	1.0000
fix_b5000_full	L1821293	0	0.9772
fix_b5000_full	L182449	0	1.0000
fix_b5000_full	L1825114	0	1.0000
fix_b5000_full	L1826149	0	0.9978
fix_b5000_full	L1826657	0	0.9837
fix_b5000_full	L1830940	0	1.0000
fix_b5000_full	L1832293	0	1.0000
fix_b5000_full	L1837363	0	1.0000
fix_b5000_full	L1839404	1	1.0000
fix_b5000_full	L1840072	1	0.9312
fix_b5000_full	L1848244	0	1.0000
fix_b5000_full	L1848626	0	1.0000
fix_b5000_full	L1849088	0	1.0000
fix_b5000_full	L1849758	1	0.5746
fix_b5000_full	L1851112	0	1.0000
fix_b5000_full	L1858638	0	1.0000
fix_b5000_full	L1864914	0	1.0000
fix_b5000_full	L1866695	0	0.9900
fix_b5000_full	L186789	0	1.0000
fix_b5000_full	L1867920	0	0.9933
fix_b5000_full	L1869414	0	1.0000
fix_b5000_full	L1870045	0	1.0000
fix_b5000_full	L1876859	0	1.0000
fix_b5000_full	L1879565	0	1.0000
fix_b5000_full	L1880643	0	0.6605
fix_b5000_full	L1883051	0	0.6678
fix_b5000_full	L1883207	0	1.0000
fix_b5000_full	L1884097	1	0.8789
fix_b5000_full	L1885861	0	1.0000
fix_b5000_full	L1886890	0	1.0000
fix_b5000_full	L1888222	0	1.0000
fix_b5000_full	L1890397	0	1.0000
fix_b5000_full	L1891326	0	1.0000
fix_b5000_full	L1891911	0	1.0000
fix_b5000_full	L189215	0	0.9505
fix_b5000_full	L1893124	0	1.0000
fix_b5000_full	L1895099	0	1.0000
fix_b5000_full	L1899272	1	0.5254
fix_b5000_full	L1903273	1	1.0000
fix_b5000_full	L1906047	0	1.0000
fix_b5000_full	L1907735	0	1.0000
fix_b5000_full	L1908855	0	1.0000
fix_b5000_full	L1908990	0	1.0000
fix_b5000_full	L191026	1	0.9188
fix_b5000_full	L191114	1	0.9745
fix_b5000_full	L1912592	0	1.0000
fix_b5000_full	L1912663	0	1.0000
fix_b5000_full	L1912864	1	1.0000
fix_b5000_full	L1914580	0	0.9965
fix_b5000_full	L1915361	0	1.0000
fix_b5000_full	L1916208	1	0.8364
fix_b5000_full	L1916614	0	1.0000
fix_b5000_full	L1918666	0	1.0000
fix_b5000_full	L192226	1	1.0000
fix_b5000_full	L192344	0	1.0000
fix_b5000_full	L1924733	1	0.7276
fix_b5000_full	L1925390	0	0.9297
fix_b5000_full	L1926543	0	1.0000
fix_b5000_full	L1926777	0	1.0000
fix_b5000_full	L1930199	1	0.8694
fix_b5000_full	L1930682	0	1.0000
fix_b5000_full	L1931524	0	1.0000
fix_b5000_full	L1931575	0	1.0000
fix_b5000_full	L1932786	0	1.0000
fix_b5000_full	L1935552	0	1.0000
fix_b5000_full	L1940388	0	0.9902
fix_b5000_full	L1942057	0	1.0000
fix_b5000_full	L1942729	1	1.0000
fix_b5000_full	L1943330	0	1.0000
fix_b5000_full	L1943510	0	1.0000
fix_b5000_full	L194417	0	1.0000
fix_b5000_full	L1944174	0	1.0000
fix_b5000_full	L1947348	0	1.0000
fix_b5000_full	L1949352	0	1.0000
fix_b5000_full	L1950763	1	1.0000
fix_b5000_full	L1952119	0	1.0000
fix_b5000_full	L195329	0	1.0000
fix_b5000_full	L1954256	0	1.0000
fix_b5000_full	L1954592	0	1.0000
fix_b5000_full	L1956336	0	1.0000
fix_b5000_full	L1960549	0	1.0000
fix_b5000_full	L1961705	0	1.0000
fix_b5000_full	L196426	0	0.6296
fix_b5000_full	L1964681	2	0.9640
fix_b5000_full	L1964818	0	0.9860
fix_b5000_full	L196522	0	1.0000
fix_b5000_full	L1965259	0	1.0000
fix_b5000_full	L1969773	1	1.0000
fix_b5000_full	L1970176	0	1.0000
fix_b5000_full	L1970683	0	1.0000
fix_b5000_full	L1971246	0	1.0000
fix_b5000_full	L1974484	0	1.0000
fix_b5000_full	L1975236	0	1.0000
fix_b5000_full	L1976938	0	1.0000
fix_b5000_full	L1979502	1	0.9961
fix_b5000_full	L1982152	0	1.0000
fix_b5000_full	L1983364	0	1.0000
fix_b5000_full	L1987108	0	1.0000
fix_b5000_full	L1988240	0	1.0000
fix_b5000_full	L1993480	0	1.0000
fix_b5000_full	L1997288	1	1.0000
fix_b5000_full	L202779	0	1.0000
fix_b5000_full	L203024	0	1.0000
fix_b5000_full	L203055	0	1.0000
fix_b5000_full	L203427	0	1.0000
fix_b5000_full	L204207	0	1.0000
fix_b5000_full	L206162	1	1.0000
fix_b5000_full	L206291	0	1.0000
fix_b5000_full	L208103	0	0.9473
fix_b5000_full	L212706	0	1.0000
fix_b5000_full	L215236	1	0.3890
fix_b5000_full	L217232	0	1.0000
fix_b5000_full	L219855	2	0.9785
fix_b5000_full	L222503	0	1.0000
fix_b5000_full	L223078	0	1.0000
fix_b5000_full	L224386	0	1.0000
fix_b5000_full	L226823	0	1.0000
fix_b5000_full	L229848	1	1.0000
fix_b5000_full	L234068	0	1.0000
fix_b5000_full	L234358	0	1.0000
fix_b5000_full	L235827	0	1.0000
fix_b5000_full	L241922	0	0.9873
fix_b5000_full	L244167	0	1.0000
fix_b5000_full	L246252	0	1.0000
fix_b5000_full	L246615	0	1.0000
fix_b5000_full	L250491	0	1.0000
fix_b5000_full	L25148	0	1.0000
fix_b5000_full	L252565	0	1.0000
fix_b5000_full	L252740	0	0.9970
fix_b5000_full	L254881	1	0.9813
fix_b5000_full	L254921	1	0.9322
fix_b5000_full	L255184	0	0.9972
fix_b5000_full	L261281	0	1.0000
fix_b5000_full	L261593	3	0.8618
fix_b5000_full	L265738	0	1.0000
fix_b5000_full	L266704	0	1.0000
fix_b5000_full	L268711	0	1.0000
fix_b5000_full	L2753	0	1.0000
fix_b5000_full	L276686	0	1.0000
fix_b5000_full	L276932	0	1.0000
fix_b5000_full	L283567	0	1.0000
fix_b5000_full	L283821	0	1.0000
fix_b5000_full	L285782	0	1.0000
fix_b5000_full	L286111	0	1.0000
fix_b5000_full	L287950	1	0.7470
fix_b5000_full	L291918	0	1.0000
fix_b5000_full	L292129	0	0.7834
fix_b5000_full	L292548	0	0.9452
fix_b5000_full	L292863	0	1.0000
fix_b5000_full	L296516	0	1.0000
fix_b5000_full	L300887	0	1.0000
fix_b5000_full	L303947	0	1.0000
fix_b5000_full	L310800	0	1.0000
fix_b5000_full	L311177	0	1.0000
fix_b5000_full	L312164	0	0.8963
fix_b5000_full	L312598	1	0.3715
fix_b5000_full	L312652	0	0.9580
fix_b5000_full	L312971	0	1.0000
fix_b5000_full	L314589	1	0.6385
fix_b5000_full	L315824	0	1.0000
fix_b5000_full	L316559	0	1.0000
fix_b5000_full	L316830	0	1.0000
fix_b5000_full	L317667	0	1.0000
fix_b5000_full	L317918	0	0.9979
fix_b5000_full	L318506	0	1.0000
fix_b5000_full	L31880	0	0.9999
fix_b5000_full	L320498	1	1.0000
fix_b5000_full	L324044	0	0.9996
fix_b5000_full	L324251	0	1.0000
fix_b5000_full	L326217	0	1.0000
fix_b5000_full	L326411	0	1.0000
fix_b5000_full	L327637	0	1.0000
fix_b5000_full	L328091	0	1.0000
fix_b5000_full	L328588	1	1.0000
fix_b5000_full	L336455	0	1.0000
fix_b5000_full	L339807	0	1.0000
fix_b5000_full	L344836	0	0.6758
fix_b5000_full	L344866	0	0.6953
fix_b5000_full	L345604	1	0.9904
fix_b5000_full	L345618	1	0.9993
fix_b5000_full	L346137	0	1.0000
fix_b5000_full	L346812	0	1.0000
fix_b5000_full	L347499	0	1.0000
fix_b5000_full	L350046	0	1.0000
fix_b5000_full	L350778	0	1.0000
fix_b5000_full	L353558	0	0.9988
fix_b5000_full	L356036	1	0.9752
fix_b5000_full	L356521	0	0.9999
fix_b5000_full	L358105	0	1.0000
fix_b5000_full	L362575	0	1.0000
fix_b5000_full	L363535	1	1.0000
fix_b5000_full	L365492	0	1.0000
fix_b5000_full	L370362	0	1.0000
fix_b5000_full	L371034	0	1.0000
fix_b5000_full	L371285	0	0.9859
fix_b5000_full	L37304	0	1.0000
fix_b5000_full	L375096	0	1.0000
fix_b5000_full	L377059	0	1.0000
fix_b5000_full	L378276	0	1.0000
fix_b5000_full	L378760	0	1.0000
fix_b5000_full	L381737	0	1.0000
fix_b5000_full	L383499	0	1.0000
fix_b5000_full	L385407	0	1.0000
fix_b5000_full	L385857	1	1.0000
fix_b5000_full	L387343	1	0.3730
fix_b5000_full	L388473	0	1.0000
fix_b5000_full	L388574	0	1.0000
fix_b5000_full	L391186	1	0.9436
fix_b5000_full	L393092	0	1.0000
fix_b5000_full	L393585	0	1.0000
fix_b5000_full	L395193	0	1.0000
fix_b5000_full	L398354	0	1.0000
fix_b5000_full	L400134	0	1.0000
fix_b5000_full	L401020	0	1.0000
fix_b5000_full	L403345	0	0.9992
fix_b5000_full	L406216	0	0.8656
fix_b5000_full	L408859	1	1.0000
fix_b5000_full	L412899	1	0.9938
fix_b5000_full	L413023	0	1.0000
fix_b5000_full	L416668	0	1.0000
fix_b5000_full	L417704	0	0.9622
fix_b5000_full	L420714	0	0.9735
fix_b5000_full	L421059	0	1.0000
fix_b5000_full	L424212	0	1.0000
fix_b5000_full	L424222	0	1.0000
fix_b5000_full	L428706	0	0.9997
fix_b5000_full	L430076	0	1.0000
fix_b5000_full	L433212	0	1.0000
fix_b5000_full	L440395	0	1.0000
fix_b5000_full	L444119	0	0.8736
fix_b5000_full	L444988	0	1.0000
fix_b5000_full	L446876	0	1.0000
fix_b5000_full	L44824	0	1.0000
fix_b5000_full	L452432	0	1.0000
fix_b5000_full	L454528	0	1.0000
fix_b5000_full	L456725	0	1.0000
fix_b5000_full	L456944	0	1.0000
fix_b5000_full	L457550	0	0.9478
fix_b5000_full	L457956	1	1.0000
fix_b5000_full	L458381	0	1.0000
fix_b5000_full	L459582	1	0.3997
fix_b5000_full	L459755	2	0.7831
fix_b5000_full	L464332	0	1.0000
fix_b5000_full	L466429	0	1.0000
fix_b5000_full	L467481	1	0.9999
fix_b5000_full	L469401	0	1.0000
fix_b5000_full	L472520	0	1.0000
fix_b5000_full	L473747	0	1.0000
fix_b5000_full	L473938	0	1.0000
fix_b5000_full	L474231	0	1.0000
fix_b5000_full	L474923	0	1.0000
fix_b5000_full	L475106	0	1.0000
fix_b5000_full	L475154	0	1.0000
fix_b5000_full	L475467	1	0.4991
fix_b5000_full	L475886	0	1.0000
fix_b5000_full	L482306	0	1.0000
fix_b5000_full	L488158	0	1.0000
fix_b5000_full	L490475	0	1.0000
fix_b5000_full	L491427	0	0.9994
fix_b5000_full	L49176	1	1.0000
fix_b5000_full	L493771	0	1.0000
fix_b5000_full	L494062	0	1.0000
fix_b5000_full	L495340	0	1.0000
fix_b5000_full	L497951	0	1.0000
fix_b5000_full	L502789	0	0.9315
fix_b5000_full	L503437	0	1.0000
fix_b5000_full	L506327	0	1.0000
fix_b5000_full	L507694	1	1.0000
fix_b5000_full	L512101	0	1.0000
fix_b5000_full	L512434	1	0.5676
fix_b5000_full	L513464	0	1.0000
fix_b5000_full	L51442	0	1.0000
fix_b5000_full	L515801	0	0.5659
fix_b5000_full	L517009	0	1.0000
fix_b5000_full	L52027	0	1.0000
fix_b5000_full	L521456	0	1.0000
fix_b5000_full	L523674	1	1.0000
fix_b5000_full	L526178	0	1.0000
fix_b5000_full	L526326	0	1.0000
fix_b5000_full	L526554	0	1.0000
fix_b5000_full	L527149	0	0.4618
fix_b5000_full	L527166	0	0.5917
fix_b5000_full	L529765	0	1.0000
fix_b5000_full	L529835	0	1.0000
fix_b5000_full	L531488	0	1.0000
fix_b5000_full	L531618	0	1.0000
fix_b5000_full	L532585	0	0.9981
fix_b5000_full	L536268	0	1.0000
fix_b5000_full	L537137	0	1.0000
fix_b5000_full	L538751	0	1.0000
fix_b5000_full	L54071	0	1.0000
fix_b5000_full	L542741	0	1.0000
fix_b5000_full	L549351	0	1.0000
fix_b5000_full	L550835	0	1.0000
fix_b5000_full	L554229	0	1.0000
fix_b5000_full	L55570	1	1.0000
fix_b5000_full	L555852	0	1.0000
fix_b5000_full	L560327	1	0.7313
fix_b5000_full	L563200	0	1.0000
fix_b5000_full	L564410	0	1.0000
fix_b5000_full	L566336	0	1.0000
fix_b5000_full	L567906	0	0.9999
fix_b5000_full	L572634	0	1.0000
fix_b5000_full	L573155	0	1.0000
fix_b5000_full	L578914	0	1.0000
fix_b5000_full	L580430	0	1.0000
fix_b5000_full	L583954	0	1.0000
fix_b5000_full	L583966	0	1.0000
fix_b5000_full	L584601	0	1.0000
fix_b5000_full	L585369	0	1.0000
fix_b5000_full	L592310	0	1.0000
fix_b5000_full	L596301	0	1.0000
fix_b5000_full	L606734	0	1.0000
fix_b5000_full	L611423	0	0.9285
fix_b5000_full	L612992	0	1.0000
fix_b5000_full	L614585	0	1.0000
fix_b5000_full	L614901	0	1.0000
fix_b5000_full	L617172	1	0.5704
fix_b5000_full	L6172	0	1.0000
fix_b5000_full	L619139	0	1.0000
fix_b5000_full	L622864	1	0.7625
fix_b5000_full	L625620	1	1.0000
fix_b5000_full	L626370	0	1.0000
fix_b5000_full	L628280	0	1.0000
fix_b5000_full	L629068	0	1.0000
fix_b5000_full	L630016	1	1.0000
fix_b5000_full	L631639	0	1.0000
fix_b5000_full	L633712	0	1.0000
fix_b5000_full	L634203	0	1.0000
fix_b5000_full	L635881	0	1.0000
fix_b5000_full	L640723	0	1.0000
fix_b5000_full	L642903	1	1.0000
fix_b5000_full	L646631	0	1.0000
fix_b5000_full	L646882	0	1.0000
fix_b5000_full	L647279	0	0.9702
fix_b5000_full	L648131	0	1.0000
fix_b5000_full	L649912	0	1.0000
fix_b5000_full	L651987	1	1.0000
fix_b5000_full	L654924	0	1.0000
fix_b5000_full	L655778	0	0.8407
fix_b5000_full	L656138	0	0.9995
fix_b5000_full	L656836	0	1.0000
fix_b5000_full	L658170	1	1.0000
fix_b5000_full	L658943	0	1.0000
fix_b5000_full	L660197	0	1.0000
fix_b5000_full	L669638	0	1.0000
fix_b5000_full	L671026	1	0.7019
fix_b5000_full	L671573	0	1.0000
fix_b5000_full	L673092	0	0.9977
fix_b5000_full	L67588	0	1.0000
fix_b5000_full	L676518	0	0.9099
fix_b5000_full	L676670	1	1.0000
fix_b5000_full	L676732	1	1.0000
fix_b5000_full	L678705	0	1.0000
fix_b5000_full	L680938	0	1.0000
fix_b5000_full	L681748	0	0.9974
fix_b5000_full	L682598	0	1.0000
fix_b5000_full	L685587	0	1.0000
fix_b5000_full	L686599	0	1.0000
fix_b5000_full	L688258	0	1.0000
fix_b5000_full	L689994	0	1.0000
fix_b5000_full	L690892	0	1.0000
fix_b5000_full	L691999	0	1.0000
fix_b5000_full	L693288	0	1.0000
fix_b5000_full	L693741	0	1.0000
fix_b5000_full	L696558	1	1.0000
fix_b5000_full	L699126	0	1.0000
fix_b5000_full	L700583	0	1.0000
fix_b5000_full	L700632	0	1.0000
fix_b5000_full	L702054	0	0.9994
fix_b5000_full	L702280	0	1.0000
fix_b5000_full	L702910	0	1.0000
fix_b5000_full	L70303	0	1.0000
fix_b5000_full	L70480	0	1.0000
fix_b5000_full	L706867	0	0.9999
fix_b5000_full	L70707	0	1.0000
fix_b5000_full	L707104	0	1.0000
fix_b5000_full	L709497	1	1.0000
fix_b5000_full	L710351	0	1.0000
fix_b5000_full	L712623	0	1.0000
fix_b5000_full	L712839	0	1.0000
fix_b5000_full	L714138	0	1.0000
fix_b5000_full	L714322	1	0.3411
fix_b5000_full	L715539	0	1.0000
fix_b5000_full	L722473	0	1.0000
fix_b5000_full	L723388	0	0.9999
fix_b5000_full	L728677	1	1.0000
fix_b5000_full	L731795	0	0.5376
fix_b5000_full	L731901	1	0.7224
fix_b5000_full	L734741	0	1.0000
fix_b5000_full	L735367	0	1.0000
fix_b5000_full	L738514	1	1.0000
fix_b5000_full	L740729	1	0.9553
fix_b5000_full	L741868	0	1.0000
fix_b5000_full	L74196	0	1.0000
fix_b5000_full	L742362	0	1.0000
fix_b5000_full	L743265	0	1.0000
fix_b5000_full	L743865	0	1.0000
fix_b5000_full	L745530	0	1.0000
fix_b5000_full	L749377	0	1.0000
fix_b5000_full	L749553	0	1.0000
fix_b5000_full	L749881	0	1.0000
fix_b5000_full	L750841	0	1.0000
fix_b5000_full	L752916	0	1.0000
fix_b5000_full	L753506	0	1.0000
fix_b5000_full	L754882	0	1.0000
fix_b5000_full	L756452	0	1.0000
fix_b5000_full	L757	1	0.9987
fix_b5000_full	L757428	0	1.0000
fix_b5000_full	L757843	1	1.0000
fix_b5000_full	L763303	0	1.0000
fix_b5000_full	L763922	0	1.0000
fix_b5000_full	L764727	2	0.5517
fix_b5000_full	L765399	1	0.3597
fix_b5000_full	L765826	0	1.0000
fix_b5000_full	L769281	0	1.0000
fix_b5000_full	L770616	0	1.0000
fix_b5000_full	L771003	0	1.0000
fix_b5000_full	L771549	0	0.9932
fix_b5000_full	L77697	0	1.0000
fix_b5000_full	L780109	0	0.7495
fix_b5000_full	L781799	0	1.0000
fix_b5000_full	L784040	0	1.0000
fix_b5000_full	L785488	1	0.5216
fix_b5000_full	L785780	1	0.5131
fix_b5000_full	L786117	0	1.0000
fix_b5000_full	L786613	0	1.0000
fix_b5000_full	L789103	0	1.0000
fix_b5000_full	L789781	0	1.0000
fix_b5000_full	L791567	0	1.0000
fix_b5000_full	L794707	0	1.0000
fix_b5000_full	L794711	0	1.0000
fix_b5000_full	L795076	0	1.0000
fix_b5000_full	L797681	1	1.0000
fix_b5000_full	L798494	1	0.6539
fix_b5000_full	L799617	0	1.0000
fix_b5000_full	L802353	0	0.9989
fix_b5000_full	L802880	0	1.0000
fix_b5000_full	L804404	0	1.0000
fix_b5000_full	L805905	1	1.0000
fix_b5000_full	L806221	1	1.0000
fix_b5000_full	L806407	0	1.0000
fix_b5000_full	L806874	1	0.6578
fix_b5000_full	L811086	1	1.0000
fix_b5000_full	L811206	0	1.0000
fix_b5000_full	L813938	0	0.9999
fix_b5000_full	L815854	0	1.0000
fix_b5000_full	L816130	0	1.0000
fix_b5000_full	L816815	1	1.0000
fix_b5000_full	L818653	0	1.0000
fix_b5000_full	L820799	0	1.0000
fix_b5000_full	L820919	0	1.0000
fix_b5000_full	L822339	0	0.9750
fix_b5000_full	L823352	1	1.0000
fix_b5000_full	L823663	0	0.8741
fix_b5000_full	L827607	0	1.0000
fix_b5000_full	L829836	0	1.0000
fix_b5000_full	L829937	0	1.0000
fix_b5000_full	L835568	1	0.6053
fix_b5000_full	L840754	0	0.9999
fix_b5000_full	L840831	1	0.3092
fix_b5000_full	L841410	0	1.0000
fix_b5000_full	L841938	0	1.0000
fix_b5000_full	L842512	0	1.0000
fix_b5000_full	L845989	0	1.0000
fix_b5000_full	L847583	0	1.0000
fix_b5000_full	L849106	0	1.0000
fix_b5000_full	L849313	1	0.9852
fix_b5000_full	L850300	0	1.0000
fix_b5000_full	L85073	0	1.0000
fix_b5000_full	L851546	0	1.0000
fix_b5000_full	L855936	0	1.0000
fix_b5000_full	L857294	1	1.0000
fix_b5000_full	L859511	0	1.0000
fix_b5000_full	L860562	1	0.9281
fix_b5000_full	L861354	0	1.0000
fix_b5000_full	L861634	0	1.0000
fix_b5000_full	L864107	0	1.0000
fix_b5000_full	L874268	0	0.9998
fix_b5000_full	L874681	0	1.0000
fix_b5000_full	L8749	0	0.9851
fix_b5000_full	L875990	1	1.0000
fix_b5000_full	L876833	0	1.0000
fix_b5000_full	L877891	0	1.0000
fix_b5000_full	L87827	0	1.0000
fix_b5000_full	L878542	1	1.0000
fix_b5000_full	L87943	0	1.0000
fix_b5000_full	L879440	0	1.0000
fix_b5000_full	L879572	0	1.0000
fix_b5000_full	L883162	0	1.0000
fix_b5000_full	L8850	0	0.9722
fix_b5000_full	L886332	0	1.0000
fix_b5000_full	L88725	0	0.9672
fix_b5000_full	L889398	1	0.5261
fix_b5000_full	L890492	0	1.0000
fix_b5000_full	L892459	0	1.0000
fix_b5000_full	L892965	0	1.0000
fix_b5000_full	L897680	0	1.0000
fix_b5000_full	L898054	0	1.0000
fix_b5000_full	L898800	0	1.0000
fix_b5000_full	L900309	1	0.8972
fix_b5000_full	L900340	1	0.8159
fix_b5000_full	L90095	0	1.0000
fix_b5000_full	L901268	0	1.0000
fix_b5000_full	L90168	0	1.0000
fix_b5000_full	L904096	0	1.0000
fix_b5000_full	L904706	0	1.0000
fix_b5000_full	L904848	0	0.9969
fix_b5000_full	L906324	0	1.0000
fix_b5000_full	L910015	0	0.9992
fix_b5000_full	L910025	0	0.8484
fix_b5000_full	L916610	0	1.0000
fix_b5000_full	L917431	0	1.0000
fix_b5000_full	L91807	0	1.0000
fix_b5000_full	L921960	0	1.0000
fix_b5000_full	L925371	0	1.0000
fix_b5000_full	L92746	0	0.9892
fix_b5000_full	L927572	0	1.0000
fix_b5000_full	L928531	0	0.8497
fix_b5000_full	L93166	0	1.0000
fix_b5000_full	L936199	0	0.9999
fix_b5000_full	L936283	0	1.0000
fix_b5000_full	L936413	0	1.0000
fix_b5000_full	L937888	0	1.0000
fix_b5000_full	L938648	0	0.6200
fix_b5000_full	L944032	0	1.0000
fix_b5000_full	L945801	0	1.0000
fix_b5000_full	L945932	0	1.0000
fix_b5000_full	L948511	0	1.0000
fix_b5000_full	L952087	0	1.0000
fix_b5000_full	L95371	0	1.0000
fix_b5000_full	L957382	0	0.9933
fix_b5000_full	L959258	0	0.9809
fix_b5000_full	L959631	1	1.0000
fix_b5000_full	L959635	1	0.9996
fix_b5000_full	L965682	0	1.0000
fix_b5000_full	L966262	0	1.0000
fix_b5000_full	L967666	0	0.9942
fix_b5000_full	L968043	0	1.0000
fix_b5000_full	L969445	1	0.5607
fix_b5000_full	L971021	0	1.0000
fix_b5000_full	L975763	0	1.0000
fix_b5000_full	L97827	0	1.0000
fix_b5000_full	L978999	0	1.0000
fix_b5000_full	L979090	0	1.0000
fix_b5000_full	L979235	0	1.0000
fix_b5000_full	L982465	1	1.0000
fix_b5000_full	L98298	0	1.0000
fix_b5000_full	L988833	0	1.0000
fix_b5000_full	L993157	0	0.9990
fix_b5000_full	L99635	1	0.9999
fix_b5000_full	L998320	0	1.0000
fix_b9000_frag	L1002218	0	1.0000
fix_b9000_frag	L100440	0	0.9880
fix_b9000_frag	L1005950	0	1.0000
fix_b9000_frag	L100995	0	0.7241
fix_b9000_frag	L1011290	1	0.3334
fix_b9000_frag	L1011861	0	0.9790
fix_b9000_frag	L10149	1	0.2050
fix_b9000_frag	L101648	0	0.3873
fix_b9000_frag	L1021726	1	0.6669
fix_b9000_frag	L102408	0	1.0000
fix_b9000_frag	L1024268	1	0.2174
fix_b9000_frag	L10251	1	0.2928
fix_b9000_frag	L1027173	2	0.2942
fix_b9000_frag	L1030523	0	0.5171
fix_b9000_frag	L1030919	0	0.8888
fix_b9000_frag	L103388	0	0.9998
fix_b9000_frag	L1034823	1	0.3317
fix_b9000_frag	L1038962	0	0.6640
fix_b9000_frag	L103916	0	1.0000
fix_b9000_frag	L1042693	0	0.5320
fix_b9000_frag	L1046764	0	0.6020
fix_b9000_frag	L1047401	2	0.1791
fix_b9000_frag	L1049690	0	1.0000
fix_b9000_frag	L10510	0	1.0000
fix_b9000_frag	L1055385	1	0.2282
fix_b9000_frag	L1056345	0	0.7647
fix_b9000_frag	L1057201	0	1.0000
fix_b9000_frag	L1057393	0	1.0000
fix_b9000_frag	L1060190	1	0.6449
fix_b9000_frag	L1063723	0	1.0000
fix_b9000_frag	L1064762	0	0.9999
fix_b9000_frag	L1066087	0	0.7464
fix_b9000_frag	L106610	0	0.2632
fix_b9000_frag	L1067332	0	0.9831
fix_b9000_frag	L1068161	0	0.9992
fix_b9000_frag	L1069418	1	0.3567
fix_b9000_frag	L1071065	0	0.2847
fix_b9000_frag	L1074081	1	0.6352
fix_b9000_frag	L1074481	0	0.9988
fix_b9000_frag	L1075882	0	0.6173
fix_b9000_frag	L1076434	7	0.2883
fix_b9000_frag	L1076881	0	0.4685
fix_b9000_frag	L1079220	1	0.4618
fix_b9000_frag	L1082973	4	0.7384
fix_b9000_frag	L1083369	1	0.4401
fix_b9000_frag	L1084248	0	0.8690
fix_b9000_frag	L1085230	0	0.9997
fix_b9000_frag	L1087088	1	0.3179
fix_b9000_frag	L1087228	1	0.3950
fix_b9000_frag	L1089145	2	0.5143
fix_b9000_frag	L1091489	0	0.7995
fix_b9000_frag	L1092106	1	0.2159
fix_b9000_frag	L1092311	1	0.4022
fix_b9000_frag	L1092484	2	0.5240
fix_b9000_frag	L1092539	0	0.3561
fix_b9000_frag	L109260	0	1.0000
fix_b9000_frag	L1094932	0	0.6134
fix_b9000_frag	L1096662	0	1.0000
fix_b9000_frag	L1099514	1	0.4334
fix_b9000_frag	L1101145	0	1.0000
fix_b9000_frag	L1102329	0	0.9443
fix_b9000_frag	L1103403	0	0.6387
fix_b9000_frag	L1104287	0	0.8923
fix_b9000_frag	L1105488	0	0.9925
fix_b9000_frag	L1112429	1	0.4561
fix_b9000_frag	L1113572	0	0.4125
fix_b9000_frag	L1116526	1	0.3331
fix_b9000_frag	L1117241	1	0.4378
fix_b9000_frag	L1118153	0	0.9988
fix_b9000_frag	L1118243	5	0.1219
fix_b9000_frag	L1118908	0	0.5389
fix_b9000_frag	L1119584	1	0.4181
fix_b9000_frag	L112024	0	0.9998
fix_b9000_frag	L1125241	1	0.2979
fix_b9000_frag	L1126546	2	0.2102
fix_b9000_frag	L112658	2	0.3619
fix_b9000_frag	L1132042	2	0.1243
fix_b9000_frag	L1132216	0	0.2652
fix_b9000_frag	L1133030	2	0.2315
fix_b9000_frag	L1133950	0	0.8665
fix_b9000_frag	L1135903	0	0.9267
fix_b9000_frag	L1138787	1	0.3451
fix_b9000_frag	L1141407	0	0.3353
fix_b9000_frag	L1142807	0	1.0000
fix_b9000_frag	L1143013	0	0.3211
fix_b9000_frag	L1145504	0	0.9895
fix_b9000_frag	L1146653	0	1.0000
fix_b9000_frag	L1152702	1	0.6907
fix_b9000_frag	L1154243	1	0.2811
fix_b9000_frag	L1162324	0	0.9980
fix_b9000_frag	L1165463	1	0.3880
fix_b9000_frag	L1168233	0	1.0000
fix_b9000_frag	L1171802	1	0.3567
fix_b9000_frag	L1172998	0	1.0000
fix_b9000_frag	L1173044	0	0.5546
fix_b9000_frag	L1176288	1	0.4486
fix_b9000_frag	L1177377	2	0.2096
fix_b9000_frag	L1182959	0	0.9942
fix_b9000_frag	L11844	1	0.3566
fix_b9000_frag	L1184628	0	0.3679
fix_b9000_frag	L1188622	1	0.2519
fix_b9000_frag	L1189724	0	0.9905
fix_b9000_frag	L1191323	0	0.5638
fix_b9000_frag	L1193114	1	0.2033
fix_b9000_frag	L1199746	3	0.3199
fix_b9000_frag	L1200221	0	1.0000
fix_b9000_frag	L1202868	1	0.5055
fix_b9000_frag	L1204301	0	0.6289
fix_b9000_frag	L1205470	0	1.0000
fix_b9000_frag	L1206005	1	0.3327
fix_b9000_frag	L1206932	1	0.4930
fix_b9000_frag	L1207765	2	0.4433
fix_b9000_frag	L120897	0	0.9149
fix_b9000_frag	L1209853	1	0.6514
fix_b9000_frag	L1210115	0	0.7243
fix_b9000_frag	L1210563	0	1.0000
fix_b9000_frag	L1213461	0	0.9133
fix_b9000_frag	L12157	0	1.0000
fix_b9000_frag	L1215767	1	0.2579
fix_b9000_frag	L12163	0	1.0000
fix_b9000_frag	L121659	0	1.0000
fix_b9000_frag	L1216609	1	0.3897
fix_b9000_frag	L1218138	0	1.0000
fix_b9000_frag	L1218431	1	0.4930
fix_b9000_frag	L1222546	2	0.2371
fix_b9000_frag	L1223429	1	0.3733
fix_b9000_frag	L1223462	0	0.9804
fix_b9000_frag	L1226687	0	0.9940
fix_b9000_frag	L1226989	1	0.4292
fix_b9000_frag	L1227471	0	0.5112
fix_b9000_frag	L1229432	1	0.4497
fix_b9000_frag	L1233719	1	0.1601
fix_b9000_frag	L1234526	0	0.9968
fix_b9000_frag	L1235162	1	0.4499
fix_b9000_frag	L1236957	0	1.0000
fix_b9000_frag	L1244324	0	0.5079
fix_b9000_frag	L1244973	0	1.0000
fix_b9000_frag	L1246142	0	0.5999
fix_b9000_frag	L1249052	0	1.0000
fix_b9000_frag	L1249957	1	0.6612
fix_b9000_frag	L1253500	0	0.2075
fix_b9000_frag	L1254087	0	0.6225
fix_b9000_frag	L1256996	0	0.8787
fix_b9000_frag	L1259882	0	0.4740
fix_b9000_frag	L1268226	1	0.5709
fix_b9000_frag	L1268725	0	0.9619
fix_b9000_frag	L1271254	0	0.9973
fix_b9000_frag	L1271409	0	0.9936
fix_b9000_frag	L127156	0	0.3817
fix_b9000_frag	L1273089	1	0.2730
fix_b9000_frag	L1273188	1	0.3348
fix_b9000_frag	L127409	3	0.2281
fix_b9000_frag	L1274249	0	0.9799
fix_b9000_frag	L1275193	1	0.5287
fix_b9000_frag	L1277797	1	0.2441
fix_b9000_frag	L1281298	1	0.1770
fix_b9000_frag	L1281831	0	0.9991
fix_b9000_frag	L12848	0	0.4893
fix_b9000_frag	L1288345	0	1.0000
fix_b9000_frag	L1288962	0	1.0000
fix_b9000_frag	L1291073	0	0.6158
fix_b9000_frag	L129489	2	0.3157
fix_b9000_frag	L1295495	0	0.2812
fix_b9000_frag	L1296033	2	0.3623
fix_b9000_frag	L1296246	0	1.0000
fix_b9000_frag	L1298804	1	0.4861
fix_b9000_frag	L129889	0	0.2316
fix_b9000_frag	L129894	1	0.5225
fix_b9000_frag	L1302233	1	0.3120
fix_b9000_frag	L1302756	0	0.9999
fix_b9000_frag	L1305953	0	1.0000
fix_b9000_frag	L1307629	0	0.8497
fix_b9000_frag	L1311821	1	0.5721
fix_b9000_frag	L1312129	0	0.2803
fix_b9000_frag	L1313657	1	0.4580
fix_b9000_frag	L1317866	0	0.9779
fix_b9000_frag	L1319065	0	0.9517
fix_b9000_frag	L1319342	1	0.7196
fix_b9000_frag	L1321240	0	1.0000
fix_b9000_frag	L1321927	0	0.5511
fix_b9000_frag	L1322095	1	0.2414
fix_b9000_frag	L1322919	0	0.7777
fix_b9000_frag	L132444	0	0.4596
fix_b9000_frag	L1328011	2	0.8006
fix_b9000_frag	L132859	0	0.8991
fix_b9000_frag	L1333077	0	1.0000
fix_b9000_frag	L1333869	2	0.4596
fix_b9000_frag	L1336242	0	0.9919
fix_b9000_frag	L1336592	0	1.0000
fix_b9000_frag	L1336811	1	0.3030
fix_b9000_frag	L1337441	1	0.4827
fix_b9000_frag	L1337876	0	1.0000
fix_b9000_frag	L1339988	1	0.6131
fix_b9000_frag	L134043	0	0.7692
fix_b9000_frag	L1345336	0	0.9159
fix_b9000_frag	L1346006	0	1.0000
fix_b9000_frag	L1347203	1	0.2547
fix_b9000_frag	L134750	0	0.7809
fix_b9000_frag	L1349951	0	0.9948
fix_b9000_frag	L135606	1	0.1426
fix_b9000_frag	L1359737	1	0.2337
fix_b9000_frag	L1359885	0	1.0000
fix_b9000_frag	L1364769	0	0.3697
fix_b9000_frag	L1367051	1	0.2649
fix_b9000_frag	L1370889	0	0.4429
fix_b9000_frag	L1371345	0	1.0000
fix_b9000_frag	L137216	0	0.3242
fix_b9000_frag	L1374223	0	0.7569
fix_b9000_frag	L1374668	0	1.0000
fix_b9000_frag	L1375718	12	0.2839
fix_b9000_frag	L138026	1	0.3672
fix_b9000_frag	L1381564	1	0.3442
fix_b9000_frag	L1382755	1	0.3350
fix_b9000_frag	L1383713	0	0.9690
fix_b9000_frag	L1384799	2	0.3602
fix_b9000_frag	L1385247	0	1.0000
fix_b9000_frag	L1385993	0	0.9942
fix_b9000_frag	L1386308	1	0.3440
fix_b9000_frag	L1393102	0	1.0000
fix_b9000_frag	L1393473	1	0.4311
fix_b9000_frag	L1395501	0	0.9088
fix_b9000_frag	L1396567	0	0.5974
fix_b9000_frag	L139823	1	0.2835
fix_b9000_frag	L1398710	0	0.6933
fix_b9000_frag	L1401969	0	0.5240
fix_b9000_frag	L140451	0	0.3435
fix_b9000_frag	L140523	0	0.8029
fix_b9000_frag	L1405833	0	0.9862
fix_b9000_frag	L1406124	1	0.5072
fix_b9000_frag	L1408446	0	0.2840
fix_b9000_frag	L1414087	3	0.8729
fix_b9000_frag	L1414670	0	0.9938
fix_b9000_frag	L1427937	1	0.3530
fix_b9000_frag	L1432075	1	0.3981
fix_b9000_frag	L1433990	2	0.7168
fix_b9000_frag	L1436612	0	0.3036
fix_b9000_frag	L1437018	0	1.0000
fix_b9000_frag	L1437092	0	0.9994
fix_b9000_frag	L1438034	3	0.4201
fix_b9000_frag	L1441109	0	0.5011
fix_b9000_frag	L1443886	1	0.1970
fix_b9000_frag	L1447645	1	0.2580
fix_b9000_frag	L1447799	0	1.0000
fix_b9000_frag	L1456105	0	1.0000
fix_b9000_frag	L1460805	0	1.0000
fix_b9000_frag	L1461137	0	0.9783
fix_b9000_frag	L1463034	0	0.9932
fix_b9000_frag	L1463212	1	0.2232
fix_b9000_frag	L1466388	0	0.9986
fix_b9000_frag	L1467157	0	0.9978
fix_b9000_frag	L1469232	0	0.4033
fix_b9000_frag	L1470463	1	0.4110
fix_b9000_frag	L1471165	1	0.2663
fix_b9000_frag	L1472014	0	0.5600
fix_b9000_frag	L1472713	0	0.9996
fix_b9000_frag	L1477149	0	0.5985
fix_b9000_frag	L1478	1	0.3660
fix_b9000_frag	L1479751	0	0.2274
fix_b9000_frag	L148298	0	0.7477
fix_b9000_frag	L1483366	0	1.0000
fix_b9000_frag	L1485382	1	0.7989
fix_b9000_frag	L1485505	0	0.8533
fix_b9000_frag	L1486236	0	0.8339
fix_b9000_frag	L1486972	0	0.4874
fix_b9000_frag	L1489403	0	0.6837
fix_b9000_frag	L1491379	0	1.0000
fix_b9000_frag	L1491419	0	1.0000
fix_b9000_frag	L1492852	3	0.1271
fix_b9000_frag	L1493725	0	1.0000
fix_b9000_frag	L1494355	1	0.1675
fix_b9000_frag	L1496468	3	0.4426
fix_b9000_frag	L1496688	2	0.1687
fix_b9000_frag	L1499308	2	0.1521
fix_b9000_frag	L1499442	0	0.5198
fix_b9000_frag	L1501233	0	0.5430
fix_b9000_frag	L150125	0	0.4965
fix_b9000_frag	L1505560	2	0.2018
fix_b9000_frag	L1507253	0	0.9494
fix_b9000_frag	L1507813	0	0.3303
fix_b9000_frag	L1509077	0	0.8615
fix_b9000_frag	L1509421	1	0.1458
fix_b9000_frag	L151054	3	0.1737
fix_b9000_frag	L1511044	0	0.9761
fix_b9000_frag	L1511216	0	0.9501
fix_b9000_frag	L1516526	10	0.7328
fix_b9000_frag	L1519249	0	0.2718
fix_b9000_frag	L152214	0	0.5393
fix_b9000_frag	L1524073	1	0.4358
fix_b9000_frag	L1524858	0	1.0000
fix_b9000_frag	L1529356	0	0.9927
fix_b9000_frag	L1532590	1	0.4145
fix_b9000_frag	L1541613	1	0.2773
fix_b9000_frag	L1544574	2	0.1822
fix_b9000_frag	L1549024	0	0.9983
fix_b9000_frag	L1551652	0	0.7843
fix_b9000_frag	L1552258	0	0.3109
fix_b9000_frag	L1555218	0	1.0000
fix_b9000_frag	L1555419	7	0.3764
fix_b9000_frag	L1557526	0	1.0000
fix_b9000_frag	L1560322	0	1.0000
fix_b9000_frag	L1560376	0	0.8821
fix_b9000_frag	L1560763	0	0.3528
fix_b9000_frag	L1566484	1	0.4235
fix_b9000_frag	L1571939	0	0.9984
fix_b9000_frag	L1579304	1	0.1812
fix_b9000_frag	L1582185	5	0.1461
fix_b9000_frag	L1586191	0	1.0000
fix_b9000_frag	L1587457	0	0.2556
fix_b9000_frag	L15876	4	0.1913
fix_b9000_frag	L1587747	0	1.0000
fix_b9000_frag	L1588237	1	0.2432
fix_b9000_frag	L1588825	0	1.0000
fix_b9000_frag	L159056	1	0.7608
fix_b9000_frag	L1590560	2	0.5179
fix_b9000_frag	L1591450	1	0.1134
fix_b9000_frag	L1593143	0	0.9995
fix_b9000_frag	L1596884	0	1.0000
fix_b9000_frag	L1598768	0	0.6967
fix_b9000_frag	L1598930	0	0.8441
fix_b9000_frag	L1601341	1	0.1752
fix_b9000_frag	L1602543	0	1.0000
fix_b9000_frag	L1604821	1	0.1851
fix_b9000_frag	L1604892	5	0.9259
fix_b9000_frag	L1605370	2	0.4379
fix_b9000_frag	L1606583	0	1.0000
fix_b9000_frag	L1608076	0	1.0000
fix_b9000_frag	L1608273	0	0.9250
fix_b9000_frag	L1609727	0	0.8794
fix_b9000_frag	L1609811	0	0.3685
fix_b9000_frag	L161032	0	0.9998
fix_b9000_frag	L1612957	2	0.2806
fix_b9000_frag	L1613091	0	0.6150
fix_b9000_frag	L1613268	1	0.2416
fix_b9000_frag	L1615851	1	0.5772
fix_b9000_frag	L1622057	3	0.1317
fix_b9000_frag	L162246	0	1.0000
fix_b9000_frag	L1622713	1	0.3220
fix_b9000_frag	L1625450	0	0.7385
fix_b9000_frag	L162554	0	0.8377
fix_b9000_frag	L1627209	0	0.9993
fix_b9000_frag	L1631328	0	0.2879
fix_b9000_frag	L1635519	0	0.9875
fix_b9000_frag	L1639521	0	1.0000
fix_b9000_frag	L1639821	1	0.4240
fix_b9000_frag	L1642967	1	0.4912
fix_b9000_frag	L1644769	0	1.0000
fix_b9000_frag	L1646853	0	0.7143
fix_b9000_frag	L1647874	1	0.7151
fix_b9000_frag	L1648895	1	0.3104
fix_b9000_frag	L1650875	3	0.3635
fix_b9000_frag	L1652039	1	0.6290
fix_b9000_frag	L1652815	1	0.2334
fix_b9000_frag	L1653263	1	0.4634
fix_b9000_frag	L1655965	0	1.0000
fix_b9000_frag	L1657402	0	0.3733
fix_b9000_frag	L1661513	0	0.5447
fix_b9000_frag	L1662120	0	0.1620
fix_b9000_frag	L1663767	3	0.2141
fix_b9000_frag	L1668184	0	0.7128
fix_b9000_frag	L1669571	1	0.3100
fix_b9000_frag	L1670085	1	0.1101
fix_b9000_frag	L1674481	0	1.0000
fix_b9000_frag	L1677218	1	0.3657
fix_b9000_frag	L1682161	0	0.9897
fix_b9000_frag	L1684393	0	1.0000
fix_b9000_frag	L1685887	1	0.1521
fix_b9000_frag	L1686082	0	1.0000
fix_b9000_frag	L1688510	0	0.7544
fix_b9000_frag	L1688656	1	0.1699
fix_b9000_frag	L1690021	2	0.7982
fix_b9000_frag	L1693386	14	0.0854
fix_b9000_frag	L169487	0	0.9177
fix_b9000_frag	L1695888	1	0.3060
fix_b9000_frag	L1698718	0	0.7987
fix_b9000_frag	L1701935	0	0.1807
fix_b9000_frag	L1705819	0	1.0000
fix_b9000_frag	L1709335	1	0.5625
fix_b9000_frag	L171130	2	0.2868
fix_b9000_frag	L1712949	0	0.6398
fix_b9000_frag	L1714919	0	0.3709
fix_b9000_frag	L171690	1	0.6568
fix_b9000_frag	L1718810	1	0.2894
fix_b9000_frag	L1719751	0	0.6571
fix_b9000_frag	L1720850	1	0.3798
fix_b9000_frag	L1723923	0	1.0000
fix_b9000_frag	L1725020	0	0.7965
fix_b9000_frag	L1725041	1	0.4835
fix_b9000_frag	L1726323	0	0.9345
fix_b9000_frag	L1727858	0	0.9734
fix_b9000_frag	L1729303	11	0.2569
fix_b9000_frag	L1730490	0	0.4989
fix_b9000_frag	L1732200	0	1.0000
fix_b9000_frag	L1732882	0	0.6562
fix_b9000_frag	L1735731	0	0.4673
fix_b9000_frag	L173687	0	0.9463
fix_b9000_frag	L1737129	0	0.5946
fix_b9000_frag	L1737199	0	0.9757
fix_b9000_frag	L1737288	0	0.4499
fix_b9000_frag	L1737697	0	0.5898
fix_b9000_frag	L1739165	2	0.2131
fix_b9000_frag	L1742077	1	0.8769
fix_b9000_frag	L1743059	1	0.3277
fix_b9000_frag	L1744739	0	0.4174
fix_b9000_frag	L1745406	0	1.0000
fix_b9000_frag	L1747911	3	0.2324
fix_b9000_frag	L174794	0	0.5340
fix_b9000_frag	L1750070	0	1.0000
fix_b9000_frag	L175284	0	0.9040
fix_b9000_frag	L1752952	4	0.1871
fix_b9000_frag	L1753490	3	0.0984
fix_b9000_frag	L1753843	2	0.1655
fix_b9000_frag	L1759493	1	0.3467
fix_b9000_frag	L1765301	0	1.0000
fix_b9000_frag	L1765363	0	0.9999
fix_b9000_frag	L1767300	1	0.5346
fix_b9000_frag	L1768658	0	0.6286
fix_b9000_frag	L1769532	1	0.3526
fix_b9000_frag	L1769550	1	0.4499
fix_b9000_frag	L1770605	1	0.3936
fix_b9000_frag	L1771311	1	0.3241
fix_b9000_frag	L1772017	1	0.4069
fix_b9000_frag	L1773543	3	0.0493
fix_b9000_frag	L1773916	0	1.0000
fix_b9000_frag	L1775636	1	0.1544
fix_b9000_frag	L177799	0	0.8792
fix_b9000_frag	L1778413	0	0.9791
fix_b9000_frag	L1787007	0	0.8956
fix_b9000_frag	L1790401	0	0.3186
fix_b9000_frag	L1791936	3	0.4240
fix_b9000_frag	L1792207	0	0.4120
fix_b9000_frag	L1792659	0	0.4274
fix_b9000_frag	L1794068	0	0.8677
fix_b9000_frag	L1795358	0	0.6190
fix_b9000_frag	L1796850	0	0.2910
fix_b9000_frag	L179746	0	0.4036
fix_b9000_frag	L1798544	0	0.9999
fix_b9000_frag	L1799442	0	1.0000
fix_b9000_frag	L1799810	1	0.9011
fix_b9000_frag	L1801178	1	0.3696
fix_b9000_frag	L1801760	0	0.8542
fix_b9000_frag	L1802047	0	0.8707
fix_b9000_frag	L1804120	0	0.9993
fix_b9000_frag	L1811318	2	0.2543
fix_b9000_frag	L1811952	1	0.4026
fix_b9000_frag	L1812704	0	0.5639
fix_b9000_frag	L1814498	0	1.0000
fix_b9000_frag	L1817250	0	0.9968
fix_b9000_frag	L1818712	0	0.7671
fix_b9000_frag	L1821293	1	0.1619
fix_b9000_frag	L182449	2	0.3396
fix_b9000_frag	L1825114	0	0.9816
fix_b9000_frag	L1826149	6	0.5470
fix_b9000_frag	L1826657	0	0.6451
fix_b9000_frag	L1830940	0	0.6079
fix_b9000_frag	L1832293	0	1.0000
fix_b9000_frag	L1837363	1	0.6083
fix_b9000_frag	L1839404	1	0.4253
fix_b9000_frag	L1840072	4	0.2180
fix_b9000_frag	L1848244	1	0.1588
fix_b9000_frag	L1848626	0	0.9974
fix_b9000_frag	L1849088	0	1.0000
fix_b9000_frag	L1849758	1	0.3153
fix_b9000_frag	L1851112	0	0.9875
fix_b9000_frag	L1858638	0	0.9939
fix_b9000_frag	L1864914	1	0.3579
fix_b9000_frag	L1866695	1	0.1521
fix_b9000_frag	L186789	0	0.9687
fix_b9000_frag	L1867920	2	0.2958
fix_b9000_frag	L1869414	0	1.0000
fix_b9000_frag	L1870045	0	0.5153
fix_b9000_frag	L1876859	0	0.6428
fix_b9000_frag	L1879565	0	1.0000
fix_b9000_frag	L1880643	2	0.1793
fix_b9000_frag	L1883051	2	0.2016
fix_b9000_frag	L1883207	0	0.3635
fix_b9000_frag	L1884097	2	0.2057
fix_b9000_frag	L1885861	0	1.0000
fix_b9000_frag	L1886890	0	1.0000
fix_b9000_frag	L1888222	0	1.0000
fix_b9000_frag	L1890397	0	0.6911
fix_b9000_frag	L1891326	2	0.2937
fix_b9000_frag	L1891911	1	0.4712
fix_b9000_frag	L189215	1	0.3651
fix_b9000_frag	L1893124	0	1.0000
fix_b9000_frag	L1895099	0	0.9731
fix_b9000_frag	L1899272	1	0.6213
fix_b9000_frag	L1903273	1	0.4837
fix_b9000_frag	L1906047	0	0.7409
fix_b9000_frag	L1907735	0	0.9879
fix_b9000_frag	L1908855	0	0.9977
fix_b9000_frag	L1908990	2	0.2694
fix_b9000_frag	L191026	2	0.4472
fix_b9000_frag	L191114	1	0.7330
fix_b9000_frag	L1912592	3	0.1292
fix_b9000_frag	L1912663	0	0.9065
fix_b9000_frag	L1912864	0	0.3986
fix_b9000_frag	L1914580	0	0.3548
fix_b9000_frag	L1915361	0	0.8900
fix_b9000_frag	L1916208	0	0.4513
fix_b9000_frag	L1916614	0	0.4249
fix_b9000_frag	L1918666	3	0.3220
fix_b9000_frag	L192226	1	0.2127
fix_b9000_frag	L192344	0	0.4113
fix_b9000_frag	L1924733	1	0.3996
fix_b9000_frag	L1925390	2	0.2417
fix_b9000_frag	L1926543	0	0.3350
fix_b9000_frag	L1926777	0	0.8874
fix_b9000_frag	L1930199	1	0.2582
fix_b9000_frag	L1930682	0	0.6028
fix_b9000_frag	L1931524	1	0.5613
fix_b9000_frag	L1931575	4	0.2895
fix_b9000_frag	L1932786	2	0.2415
fix_b9000_frag	L1935552	0	1.0000
fix_b9000_frag	L1940388	3	0.2573
fix_b9000_frag	L1942057	0	0.2977
fix_b9000_frag	L1942729	0	0.4573
fix_b9000_frag	L1943330	0	1.0000
fix_b9000_frag	L1943510	0	0.7034
fix_b9000_frag	L194417	0	0.7842
fix_b9000_frag	L1944174	0	0.9998
fix_b9000_frag	L1947348	0	1.0000
fix_b9000_frag	L1949352	0	1.0000
fix_b9000_frag	L1950763	1	0.5898
fix_b9000_frag	L1952119	0	1.0000
fix_b9000_frag	L195329	0	1.0000
fix_b9000_frag	L1954256	4	0.3053
fix_b9000_frag	L1954592	2	0.8050
fix_b9000_frag	L1956336	0	0.7771
fix_b9000_frag	L1960549	0	0.9994
fix_b9000_frag	L1961705	0	0.8136
fix_b9000_frag	L196426	1	0.3256
fix_b9000_frag	L1964681	1	0.6513
fix_b9000_frag	L1964818	1	0.2907
fix_b9000_frag	L196522	0	0.9929
fix_b9000_frag	L1965259	0	0.5719
fix_b9000_frag	L1969773	0	0.7833
fix_b9000_frag	L1970176	1	0.5070
fix_b9000_frag	L1970683	0	0.9958
fix_b9000_frag	L1971246	0	0.6187
fix_b9000_frag	L1974484	0	0.9948
fix_b9000_frag	L1975236	0	0.9815
fix_b9000_frag	L1976938	0	0.9268
fix_b9000_frag	L1979502	0	0.4631
fix_b9000_frag	L1982152	0	1.0000
fix_b9000_frag	L1983364	0	0.3770
fix_b9000_frag	L1987108	1	0.4784
fix_b9000_frag	L1988240	0	0.9198
fix_b9000_frag	L1993480	0	0.9962
fix_b9000_frag	L1997288	5	0.3509
fix_b9000_frag	L202779	3	0.2521
fix_b9000_frag	L203024	3	0.1121
fix_b9000_frag	L203055	0	1.0000
fix_b9000_frag	L203427	0	1.0000
fix_b9000_frag	L204207	0	0.9951
fix_b9000_frag	L206162	1	0.2153
fix_b9000_frag	L206291	0	0.9997
fix_b9000_frag	L208103	0	0.1408
fix_b9000_frag	L212706	0	0.9655
fix_b9000_frag	L215236	1	0.3601
fix_b9000_frag	L217232	3	0.7007
fix_b9000_frag	L219855	2	0.3620
fix_b9000_frag	L222503	0	0.2874
fix_b9000_frag	L223078	0	0.8860
fix_b9000_frag	L224386	0	0.5821
fix_b9000_frag	L226823	0	0.6258
fix_b9000_frag	L229848	0	0.2868
fix_b9000_frag	L234068	0	0.5178
fix_b9000_frag	L234358	0	1.0000
fix_b9000_frag	L235827	0	0.9994
fix_b9000_frag	L241922	0	0.2599
fix_b9000_frag	L244167	0	0.9176
fix_b9000_frag	L246252	1	0.2483
fix_b9000_frag	L246615	0	0.9616
fix_b9000_frag	L250491	0	0.9998
fix_b9000_frag	L25148	2	0.7374
fix_b9000_frag	L252565	0	0.9283
fix_b9000_frag	L252740	1	0.3612
fix_b9000_frag	L254881	1	0.1790
fix_b9000_frag	L254921	1	0.3380
fix_b9000_frag	L255184	1	0.1793
fix_b9000_frag	L261281	0	0.3650
fix_b9000_frag	L261593	0	0.2736
fix_b9000_frag	L265738	0	1.0000
fix_b9000_frag	L266704	0	0.4686
fix_b9000_frag	L268711	2	0.5072
fix_b9000_frag	L2753	1	0.5435
fix_b9000_frag	L276686	0	1.0000
fix_b9000_frag	L276932	0	0.6449
fix_b9000_frag	L283567	1	0.2136
fix_b9000_frag	L283821	2	0.6560
fix_b9000_frag	L285782	1	0.9901
fix_b9000_frag	L286111	1	0.7421
fix_b9000_frag	L287950	2	0.3451
fix_b9000_frag	L291918	1	0.3825
fix_b9000_frag	L292129	0	0.4860
fix_b9000_frag	L292548	2	0.3398
fix_b9000_frag	L292863	0	0.4039
fix_b9000_frag	L296516	1	0.3757
fix_b9000_frag	L300887	0	0.9506
fix_b9000_frag	L303947	0	0.3434
fix_b9000_frag	L310800	0	0.9441
fix_b9000_frag	L311177	0	0.6097
fix_b9000_frag	L312164	1	0.1345
fix_b9000_frag	L312598	2	0.6166
fix_b9000_frag	L312652	1	0.5683
fix_b9000_frag	L312971	0	0.9009
fix_b9000_frag	L314589	2	0.1941
fix_b9000_frag	L315824	0	1.0000
fix_b9000_frag	L316559	0	0.3871
fix_b9000_frag	L316830	0	0.2718
fix_b9000_frag	L317667	0	0.8397
fix_b9000_frag	L317918	0	0.9215
fix_b9000_frag	L318506	0	0.9991
fix_b9000_frag	L31880	1	0.3377
fix_b9000_frag	L320498	0	0.5644
fix_b9000_frag	L324044	2	0.4193
fix_b9000_frag	L324251	7	0.2551
fix_b9000_frag	L326217	0	0.5886
fix_b9000_frag	L326411	0	1.0000
fix_b9000_frag	L327637	0	0.8871
fix_b9000_frag	L328091	0	0.9987
fix_b9000_frag	L328588	3	0.2092
fix_b9000_frag	L336455	0	1.0000
fix_b9000_frag	L339807	0	1.0000
fix_b9000_frag	L344836	3	0.1796
fix_b9000_frag	L344866	6	0.4128
fix_b9000_frag	L345604	0	0.6692
fix_b9000_frag	L345618	0	0.1361
fix_b9000_frag	L346137	2	0.1447
fix_b9000_frag	L346812	0	0.2229
fix_b9000_frag	L347499	0	0.9999
fix_b9000_frag	L350046	1	0.3678
fix_b9000_frag	L350778	0	0.4055
fix_b9000_frag	L353558	2	0.5416
fix_b9000_frag	L356036	0	0.4327
fix_b9000_frag	L356521	3	0.1729
fix_b9000_frag	L358105	0	0.5999
fix_b9000_frag	L362575	1	0.4683
fix_b9000_frag	L363535	0	0.3761
fix_b9000_frag	L365492	4	0.6127
fix_b9000_frag	L370362	0	0.3236
fix_b9000_frag	L371034	2	0.2291
fix_b9000_frag	L371285	1	0.4045
fix_b9000_frag	L37304	0	0.4370
fix_b9000_frag	L375096	0	0.4725
fix_b9000_frag	L377059	0	1.0000
fix_b9000_frag	L378276	0	0.6880
fix_b9000_frag	L378760	0	0.9917
fix_b9000_frag	L381737	2	0.5025
fix_b9000_frag	L383499	0	0.3592
fix_b9000_frag	L385407	0	0.9528
fix_b9000_frag	L385857	1	0.4128
fix_b9000_frag	L387343	4	0.0632
fix_b9000_frag	L388473	1	0.3834
fix_b9000_frag	L388574	1	0.2669
fix_b9000_frag	L391186	2	0.5795
fix_b9000_frag	L393092	0	0.3153
fix_b9000_frag	L393585	1	0.2277
fix_b9000_frag	L395193	0	0.9997
fix_b9000_frag	L398354	0	0.3241
fix_b9000_frag	L400134	0	0.9996
fix_b9000_frag	L401020	0	0.9881
fix_b9000_frag	L403345	2	0.1620
fix_b9000_frag	L406216	2	0.2597
fix_b9000_frag	L408859	0	0.5377
fix_b9000_frag	L412899	1	0.4358
fix_b9000_frag	L413023	0	0.6212
fix_b9000_frag	L416668	0	1.0000
fix_b9000_frag	L417704	1	0.1398
fix_b9000_frag	L420714	1	0.2200
fix_b9000_frag	L421059	0	0.9998
fix_b9000_frag	L424212	1	0.3957
fix_b9000_frag	L424222	0	0.4781
fix_b9000_frag	L428706	1	0.2305
fix_b9000_frag	L430076	0	1.0000
fix_b9000_frag	L433212	0	0.9027
fix_b9000_frag	L440395	0	0.9997
fix_b9000_frag	L444119	1	0.8747
fix_b9000_frag	L444988	0	0.9555
fix_b9000_frag	L446876	0	1.0000
fix_b9000_frag	L44824	1	0.3891
fix_b9000_frag	L452432	0	0.9895
fix_b9000_frag	L454528	0	0.9994
fix_b9000_frag	L456725	0	0.9951
fix_b9000_frag	L456944	0	1.0000
fix_b9000_frag	L457550	1	0.3686
fix_b9000_frag	L457956	0	0.4882
fix_b9000_frag	L458381	0	0.9993
fix_b9000_frag	L459582	1	0.2834
fix_b9000_frag	L459755	0	0.4255
fix_b9000_frag	L464332	0	0.7536
fix_b9000_frag	L466429	0	1.0000
fix_b9000_frag	L467481	1	0.2023
fix_b9000_frag	L469401	0	0.2618
fix_b9000_frag	L472520	0	0.9729
fix_b9000_frag	L473747	2	0.2152
fix_b9000_frag	L473938	0	1.0000
fix_b9000_frag	L474231	0	1.0000
fix_b9000_frag	L474923	2	0.2403
fix_b9000_frag	L475106	0	1.0000
fix_b9000_frag	L475154	0	0.4722
fix_b9000_frag	L475467	1	0.1863
fix_b9000_frag	L475886	0	1.0000
fix_b9000_frag	L482306	0	0.3648
fix_b9000_frag	L488158	0	0.9984
fix_b9000_frag	L490475	0	0.2685
fix_b9000_frag	L491427	3	0.2192
fix_b9000_frag	L49176	2	0.2784
fix_b9000_frag	L493771	6	0.4154
fix_b9000_frag	L494062	1	0.4233
fix_b9000_frag	L495340	0	1.0000
fix_b9000_frag	L497951	0	0.7613
fix_b9000_frag	L502789	0	0.6223
fix_b9000_frag	L503437	6	0.1679
fix_b9000_frag	L506327	0	1.0000
fix_b9000_frag	L507694	1	0.4475
fix_b9000_frag	L512101	0	0.8297
fix_b9000_frag	L512434	0	0.3275
fix_b9000_frag	L513464	1	0.1760
fix_b9000_frag	L51442	0	1.0000
fix_b9000_frag	L515801	1	0.9354
fix_b9000_frag	L517009	1	0.3390
fix_b9000_frag	L52027	0	1.0000
fix_b9000_frag	L521456	8	0.3897
fix_b9000_frag	L523674	0	0.4968
fix_b9000_frag	L526178	0	1.0000
fix_b9000_frag	L526326	0	0.5509
fix_b9000_frag	L526554	0	0.9410
fix_b9000_frag	L527149	2	0.5167
fix_b9000_frag	L527166	0	0.2417
fix_b9000_frag	L529765	0	0.5181
fix_b9000_frag	L529835	0	1.0000
fix_b9000_frag	L531488	0	0.3331
fix_b9000_frag	L531618	0	1.0000
fix_b9000_frag	L532585	0	0.6536
fix_b9000_frag	L536268	0	0.7324
fix_b9000_frag	L537137	2	0.2089
fix_b9000_frag	L538751	0	0.5160
fix_b9000_frag	L54071	0	1.0000
fix_b9000_frag	L542741	4	0.4505
fix_b9000_frag	L549351	0	0.4405
fix_b9000_frag	L550835	0	0.9098
fix_b9000_frag	L554229	1	0.8186
fix_b9000_frag	L55570	1	0.8819
fix_b9000_frag	L555852	2	0.1990
fix_b9000_frag	L560327	3	0.3235
fix_b9000_frag	L563200	0	0.9344
fix_b9000_frag	L564410	0	0.9692
fix_b9000_frag	L566336	0	0.5752
fix_b9000_frag	L567906	1	0.2652
fix_b9000_frag	L572634	2	0.2078
fix_b9000_frag	L573155	0	1.0000
fix_b9000_frag	L578914	0	0.8549
fix_b9000_frag	L580430	0	0.9999
fix_b9000_frag	L583954	0	1.0000
fix_b9000_frag	L583966	0	0.8259
fix_b9000_frag	L584601	0	0.8469
fix_b9000_frag	L585369	0	0.9159
fix_b9000_frag	L592310	1	0.3649
fix_b9000_frag	L596301	0	1.0000
fix_b9000_frag	L606734	0	0.7409
fix_b9000_frag	L611423	1	0.5817
fix_b9000_frag	L612992	0	0.7209
fix_b9000_frag	L614585	0	1.0000
fix_b9000_frag	L614901	0	1.0000
fix_b9000_frag	L617172	0	0.4205
fix_b9000_frag	L6172	0	1.0000
fix_b9000_frag	L619139	0	0.9994
fix_b9000_frag	L622864	1	0.1657
fix_b9000_frag	L625620	0	0.2216
fix_b9000_frag	L626370	0	0.3161
fix_b9000_frag	L628280	0	1.0000
fix_b9000_frag	L629068	0	0.9287
fix_b9000_frag	L630016	1	0.4426
fix_b9000_frag	L631639	0	0.9982
fix_b9000_frag	L633712	1	0.9584
fix_b9000_frag	L634203	1	0.5181
fix_b9000_frag	L635881	1	0.6006
fix_b9000_frag	L640723	0	0.8461
fix_b9000_frag	L642903	2	0.2769
fix_b9000_frag	L646631	0	1.0000
fix_b9000_frag	L646882	1	0.5761
fix_b9000_frag	L647279	1	0.1600
fix_b9000_frag	L648131	3	0.1684
fix_b9000_frag	L649912	0	0.3185
fix_b9000_frag	L651987	0	0.9127
fix_b9000_frag	L654924	2	0.3405
fix_b9000_frag	L655778	1	0.2719
fix_b9000_frag	L656138	0	0.2883
fix_b9000_frag	L656836	1	0.3589
fix_b9000_frag	L658170	0	0.4548
fix_b9000_frag	L658943	0	0.5339
fix_b9000_frag	L660197	1	0.5573
fix_b9000_frag	L669638	1	0.3595
fix_b9000_frag	L671026	1	0.2610
fix_b9000_frag	L671573	1	0.4625
fix_b9000_frag	L673092	1	0.2805
fix_b9000_frag	L67588	0	0.6056
fix_b9000_frag	L676518	1	0.3944
fix_b9000_frag	L676670	11	0.1335
fix_b9000_frag	L676732	19	0.1395
fix_b9000_frag	L678705	0	0.9671
fix_b9000_frag	L680938	0	1.0000
fix_b9000_frag	L681748	0	0.7334
fix_b9000_frag	L682598	5	0.3812
fix_b9000_frag	L685587	0	1.0000
fix_b9000_frag	L686599	0	0.3652
fix_b9000_frag	L688258	0	0.7377
fix_b9000_frag	L689994	0	0.9984
fix_b9000_frag	L690892	0	0.9998
fix_b9000_frag	L691999	1	0.3072
fix_b9000_frag	L693288	0	0.9999
fix_b9000_frag	L693741	0	0.7199
fix_b9000_frag	L696558	1	0.9471
fix_b9000_frag	L699126	1	0.7952
fix_b9000_frag	L700583	0	0.9066
fix_b9000_frag	L700632	0	0.9969
fix_b9000_frag	L702054	1	0.4434
fix_b9000_frag	L702280	0	1.0000
fix_b9000_frag	L702910	0	0.2956
fix_b9000_frag	L70303	0	0.2753
fix_b9000_frag	L70480	0	0.9750
fix_b9000_frag	L706867	1	0.4146
fix_b9000_frag	L70707	0	0.8926
fix_b9000_frag	L707104	0	0.9999
fix_b9000_frag	L709497	1	0.4012
fix_b9000_frag	L710351	0	0.7676
fix_b9000_frag	L712623	0	1.0000
fix_b9000_frag	L712839	0	0.9411
fix_b9000_frag	L714138	2	0.2781
fix_b9000_frag	L714322	1	0.2655
fix_b9000_frag	L715539	0	0.9925
fix_b9000_frag	L722473	1	0.3163
fix_b9000_frag	L723388	0	0.4975
fix_b9000_frag	L728677	1	0.3273
fix_b9000_frag	L731795	2	0.7497
fix_b9000_frag	L731901	5	0.4898
fix_b9000_frag	L734741	3	0.2509
fix_b9000_frag	L735367	0	0.4957
fix_b9000_frag	L738514	1	0.3754
fix_b9000_frag	L740729	1	0.8382
fix_b9000_frag	L741868	0	1.0000
fix_b9000_frag	L74196	0	0.9947
fix_b9000_frag	L742362	0	0.4789
fix_b9000_frag	L743265	2	0.5325
fix_b9000_frag	L743865	0	1.0000
fix_b9000_frag	L745530	0	0.2704
fix_b9000_frag	L749377	1	0.3349
fix_b9000_frag	L749553	0	0.5927
fix_b9000_frag	L749881	3	0.2055
fix_b9000_frag	L750841	1	0.9537
fix_b9000_frag	L752916	4	0.2772
fix_b9000_frag	L753506	0	0.5115
fix_b9000_frag	L754882	0	0.8031
fix_b9000_frag	L756452	3	0.2236
fix_b9000_frag	L757	1	0.9842
fix_b9000_frag	L757428	0	0.4371
fix_b9000_frag	L757843	0	0.9661
fix_b9000_frag	L763303	0	1.0000
fix_b9000_frag	L763922	0	1.0000
fix_b9000_frag	L764727	2	0.2651
fix_b9000_frag	L765399	1	0.1585
fix_b9000_frag	L765826	0	0.4512
fix_b9000_frag	L769281	0	0.9273
fix_b9000_frag	L770616	0	1.0000
fix_b9000_frag	L771003	1	0.2255
fix_b9000_frag	L771549	3	0.1766
fix_b9000_frag	L77697	0	1.0000
fix_b9000_frag	L780109	2	0.1595
fix_b9000_frag	L781799	1	0.4936
fix_b9000_frag	L784040	1	0.3092
fix_b9000_frag	L785488	0	0.1830
fix_b9000_frag	L785780	1	0.2344
fix_b9000_frag	L786117	0	1.0000
fix_b9000_frag	L786613	2	0.2581
fix_b9000_frag	L789103	0	0.9919
fix_b9000_frag	L789781	0	0.8768
fix_b9000_frag	L791567	0	0.9313
fix_b9000_frag	L794707	1	0.1653
fix_b9000_frag	L794711	1	0.3897
fix_b9000_frag	L795076	1	0.3366
fix_b9000_frag	L797681	1	0.2947
fix_b9000_frag	L798494	1	0.1854
fix_b9000_frag	L799617	0	0.9909
fix_b9000_frag	L802353	0	0.3843
fix_b9000_frag	L802880	0	0.6048
fix_b9000_frag	L804404	1	0.2681
fix_b9000_frag	L805905	2	0.3001
fix_b9000_frag	L806221	1	0.3763
fix_b9000_frag	L806407	1	0.4914
fix_b9000_frag	L806874	0	0.4142
fix_b9000_frag	L811086	0	0.2978
fix_b9000_frag	L811206	0	0.9978
fix_b9000_frag	L813938	0	0.9848
fix_b9000_frag	L815854	0	1.0000
fix_b9000_frag	L816130	0	0.9672
fix_b9000_frag	L816815	2	0.1326
fix_b9000_frag	L818653	0	1.0000
fix_b9000_frag	L820799	0	1.0000
fix_b9000_frag	L820919	0	0.9866
fix_b9000_frag	L822339	0	0.5634
fix_b9000_frag	L823352	1	0.3924
fix_b9000_frag	L823663	1	0.3328
fix_b9000_frag	L827607	0	0.9890
fix_b9000_frag	L829836	6	0.3842
fix_b9000_frag	L829937	0	1.0000
fix_b9000_frag	L835568	1	0.3702
fix_b9000_frag	L840754	1	0.2249
fix_b9000_frag	L840831	2	0.2001
fix_b9000_frag	L841410	0	1.0000
fix_b9000_frag	L841938	0	1.0000
fix_b9000_frag	L842512	0	0.2206
fix_b9000_frag	L845989	1	0.1919
fix_b9000_frag	L847583	0	0.7331
fix_b9000_frag	L849106	0	0.9603
fix_b9000_frag	L849313	2	0.5915
fix_b9000_frag	L850300	1	0.2911
fix_b9000_frag	L85073	0	0.8996
fix_b9000_frag	L851546	0	1.0000
fix_b9000_frag	L855936	1	0.3061
fix_b9000_frag	L857294	2	0.2947
fix_b9000_frag	L859511	0	0.8251
fix_b9000_frag	L860562	1	0.2372
fix_b9000_frag	L861354	0	0.9984
fix_b9000_frag	L861634	0	0.3780
fix_b9000_frag	L864107	0	1.0000
fix_b9000_frag	L874268	0	0.7945
fix_b9000_frag	L874681	0	1.0000
fix_b9000_frag	L8749	1	0.4143
fix_b9000_frag	L875990	6	0.4209
fix_b9000_frag	L876833	0	0.9992
fix_b9000_frag	L877891	0	1.0000
fix_b9000_frag	L87827	0	0.3530
fix_b9000_frag	L878542	2	0.1792
fix_b9000_frag	L87943	0	0.9990
fix_b9000_frag	L879440	0	0.2547
fix_b9000_frag	L879572	0	1.0000
fix_b9000_frag	L883162	0	0.9769
fix_b9000_frag	L8850	2	0.3461
fix_b9000_frag	L886332	0	0.9998
fix_b9000_frag	L88725	1	0.6956
fix_b9000_frag	L889398	2	0.3925
fix_b9000_frag	L890492	1	0.5323
fix_b9000_frag	L892459	0	1.0000
fix_b9000_frag	L892965	0	0.8465
fix_b9000_frag	L897680	0	1.0000
fix_b9000_frag	L898054	0	0.9895
fix_b9000_frag	L898800	0	0.3520
fix_b9000_frag	L900309	0	0.3296
fix_b9000_frag	L900340	2	0.1912
fix_b9000_frag	L90095	1	0.2268
fix_b9000_frag	L901268	0	1.0000
fix_b9000_frag	L90168	1	0.3220
fix_b9000_frag	L904096	0	0.3746
fix_b9000_frag	L904706	1	0.1470
fix_b9000_frag	L904848	0	0.4571
fix_b9000_frag	L906324	0	0.3235
fix_b9000_frag	L910015	2	0.4517
fix_b9000_frag	L910025	0	0.2050
fix_b9000_frag	L916610	2	0.1492
fix_b9000_frag	L917431	0	1.0000
fix_b9000_frag	L91807	3	0.7165
fix_b9000_frag	L921960	0	0.8929
fix_b9000_frag	L925371	0	0.4604
fix_b9000_frag	L92746	1	0.2344
fix_b9000_frag	L927572	0	1.0000
fix_b9000_frag	L928531	1	0.4351
fix_b9000_frag	L93166	0	1.0000
fix_b9000_frag	L936199	1	0.5614
fix_b9000_frag	L936283	0	0.9087
fix_b9000_frag	L936413	0	0.1930
fix_b9000_frag	L937888	0	1.0000
fix_b9000_frag	L938648	1	0.1479
fix_b9000_frag	L944032	0	0.5577
fix_b9000_frag	L945801	0	1.0000
fix_b9000_frag	L945932	5	0.2173
fix_b9000_frag	L948511	0	0.3057
fix_b9000_frag	L952087	0	0.7356
fix_b9000_frag	L95371	0	0.9999
fix_b9000_frag	L957382	3	0.2955
fix_b9000_frag	L959258	0	0.9894
fix_b9000_frag	L959631	1	0.5786
fix_b9000_frag	L959635	2	0.3542
fix_b9000_frag	L965682	0	0.9309
fix_b9000_frag	L966262	0	0.9915
fix_b9000_frag	L967666	0	0.8564
fix_b9000_frag	L968043	0	0.5722
fix_b9000_frag	L969445	0	0.3849
fix_b9000_frag	L971021	1	0.9843
fix_b9000_frag	L975763	0	1.0000
fix_b9000_frag	L97827	0	0.9904
fix_b9000_frag	L978999	0	1.0000
fix_b9000_frag	L979090	0	0.8502
fix_b9000_frag	L979235	0	0.9743
fix_b9000_frag	L982465	1	0.3149
fix_b9000_frag	L98298	0	1.0000
fix_b9000_frag	L988833	0	0.8508
fix_b9000_frag	L993157	0	0.7149
fix_b9000_frag	L99635	1	0.9564
fix_b9000_frag	L998320	2	0.7273
stock_b2000_frag	L1002218	0	1.0000
stock_b2000_frag	L100440	0	0.9902
stock_b2000_frag	L1005950	0	1.0000
stock_b2000_frag	L100995	0	0.7228
stock_b2000_frag	L1011290	1	0.3334
stock_b2000_frag	L1011861	0	0.9753
stock_b2000_frag	L10149	13	0.1688
stock_b2000_frag	L101648	0	0.3530
stock_b2000_frag	L1021726	1	0.4609
stock_b2000_frag	L102408	0	1.0000
stock_b2000_frag	L1024268	1	0.2207
stock_b2000_frag	L10251	1	0.2538
stock_b2000_frag	L1027173	2	0.3058
stock_b2000_frag	L1030523	0	0.5150
stock_b2000_frag	L1030919	0	0.8037
stock_b2000_frag	L103388	0	0.9998
stock_b2000_frag	L1034823	1	0.3026
stock_b2000_frag	L1038962	0	0.6495
stock_b2000_frag	L103916	0	1.0000
stock_b2000_frag	L1042693	0	0.6623
stock_b2000_frag	L1046764	0	0.5636
stock_b2000_frag	L1047401	3	0.1593
stock_b2000_frag	L1049690	0	1.0000
stock_b2000_frag	L10510	0	1.0000
stock_b2000_frag	L1055385	0	0.1964
stock_b2000_frag	L1056345	0	0.8406
stock_b2000_frag	L1057201	0	1.0000
stock_b2000_frag	L1057393	0	1.0000
stock_b2000_frag	L1060190	1	0.6518
stock_b2000_frag	L1063723	0	1.0000
stock_b2000_frag	L1064762	0	0.9999
stock_b2000_frag	L1066087	0	0.7731
stock_b2000_frag	L106610	0	0.2663
stock_b2000_frag	L1067332	0	0.9834
stock_b2000_frag	L1068161	0	0.9987
stock_b2000_frag	L1069418	0	0.3455
stock_b2000_frag	L1071065	0	0.2380
stock_b2000_frag	L1074081	1	0.6175
stock_b2000_frag	L1074481	0	0.9988
stock_b2000_frag	L1075882	0	0.4923
stock_b2000_frag	L1076434	7	0.2951
stock_b2000_frag	L1076881	0	0.4706
stock_b2000_frag	L1079220	1	0.4436
stock_b2000_frag	L1082973	4	0.7416
stock_b2000_frag	L1083369	1	0.4552
stock_b2000_frag	L1084248	0	0.9096
stock_b2000_frag	L1085230	0	0.9997
stock_b2000_frag	L1087088	1	0.3185
stock_b2000_frag	L1087228	1	0.4096
stock_b2000_frag	L1089145	2	0.3840
stock_b2000_frag	L1091489	0	0.7779
stock_b2000_frag	L1092106	1	0.1820
stock_b2000_frag	L1092311	1	0.3993
stock_b2000_frag	L1092484	2	0.4664
stock_b2000_frag	L1092539	0	0.3625
stock_b2000_frag	L109260	0	1.0000
stock_b2000_frag	L1094932	0	0.6032
stock_b2000_frag	L1096662	0	1.0000
stock_b2000_frag	L1099514	1	0.4333
stock_b2000_frag	L1101145	0	1.0000
stock_b2000_frag	L1102329	0	0.8908
stock_b2000_frag	L1103403	0	0.6890
stock_b2000_frag	L1104287	0	0.7577
stock_b2000_frag	L1105488	0	0.9875
stock_b2000_frag	L1112429	1	0.4393
stock_b2000_frag	L1113572	0	0.3664
stock_b2000_frag	L1116526	1	0.3795
stock_b2000_frag	L1117241	1	0.4447
stock_b2000_frag	L1118153	0	0.9988
stock_b2000_frag	L1118243	5	0.1327
stock_b2000_frag	L1118908	0	0.5341
stock_b2000_frag	L1119584	1	0.4484
stock_b2000_frag	L112024	0	1.0000
stock_b2000_frag	L1125241	1	0.3000
stock_b2000_frag	L1126546	1	0.2356
stock_b2000_frag	L112658	2	0.3447
stock_b2000_frag	L1132042	2	0.1542
stock_b2000_frag	L1132216	0	0.1888
stock_b2000_frag	L1133030	2	0.2901
stock_b2000_frag	L1133950	0	0.8780
stock_b2000_frag	L1135903	0	0.8993
stock_b2000_frag	L1138787	1	0.3427
stock_b2000_frag	L1141407	0	0.3253
stock_b2000_frag	L1142807	0	1.0000
stock_b2000_frag	L1143013	0	0.3195
stock_b2000_frag	L1145504	0	0.9914
stock_b2000_frag	L1146653	0	1.0000
stock_b2000_frag	L1152702	1	0.6801
stock_b2000_frag	L1154243	1	0.2909
stock_b2000_frag	L1162324	0	0.9973
stock_b2000_frag	L1165463	1	0.3775
stock_b2000_frag	L1168233	0	1.0000
stock_b2000_frag	L1171802	1	0.3578
stock_b2000_frag	L1172998	0	1.0000
stock_b2000_frag	L1173044	0	0.4659
stock_b2000_frag	L1176288	1	0.4419
stock_b2000_frag	L1177377	2	0.2086
stock_b2000_frag	L1182959	0	0.9971
stock_b2000_frag	L11844	1	0.3270
stock_b2000_frag	L1184628	0	0.3596
stock_b2000_frag	L1188622	1	0.2528
stock_b2000_frag	L1189724	0	0.9772
stock_b2000_frag	L1191323	0	0.5669
stock_b2000_frag	L1193114	1	0.1908
stock_b2000_frag	L1199746	3	0.3219
stock_b2000_frag	L1200221	0	0.9978
stock_b2000_frag	L1202868	1	0.5408
stock_b2000_frag	L1204301	0	0.5104
stock_b2000_frag	L1205470	0	1.0000
stock_b2000_frag	L1206005	1	0.3316
stock_b2000_frag	L1206932	1	0.4871
stock_b2000_frag	L1207765	2	0.4418
stock_b2000_frag	L120897	0	0.9336
stock_b2000_frag	L1209853	1	0.7767
stock_b2000_frag	L1210115	0	0.7326
stock_b2000_frag	L1210563	0	1.0000
stock_b2000_frag	L1213461	0	0.9072
stock_b2000_frag	L12157	0	1.0000
stock_b2000_frag	L1215767	1	0.2595
stock_b2000_frag	L12163	0	1.0000
stock_b2000_frag	L121659	0	1.0000
stock_b2000_frag	L1216609	1	0.3901
stock_b2000_frag	L1218138	0	1.0000
stock_b2000_frag	L1218431	1	0.5159
stock_b2000_frag	L1222546	1	0.2396
stock_b2000_frag	L1223429	1	0.4038
stock_b2000_frag	L1223462	0	0.8743
stock_b2000_frag	L1226687	0	0.9943
stock_b2000_frag	L1226989	1	0.6374
stock_b2000_frag	L1227471	0	0.5574
stock_b2000_frag	L1229432	1	0.3571
stock_b2000_frag	L1233719	1	0.1639
stock_b2000_frag	L1234526	0	0.9978
stock_b2000_frag	L1235162	1	0.4698
stock_b2000_frag	L1236957	0	1.0000
stock_b2000_frag	L1244324	0	0.5001
stock_b2000_frag	L1244973	0	1.0000
stock_b2000_frag	L1246142	0	0.5876
stock_b2000_frag	L1249052	0	1.0000
stock_b2000_frag	L1249957	1	0.5953
stock_b2000_frag	L1253500	0	0.1905
stock_b2000_frag	L1254087	0	0.7155
stock_b2000_frag	L1256996	0	0.8478
stock_b2000_frag	L1259882	0	0.4818
stock_b2000_frag	L1268226	1	0.5780
stock_b2000_frag	L1268725	0	0.9545
stock_b2000_frag	L1271254	0	0.9937
stock_b2000_frag	L1271409	0	0.9937
stock_b2000_frag	L127156	9	0.5138
stock_b2000_frag	L1273089	1	0.2031
stock_b2000_frag	L1273188	1	0.3349
stock_b2000_frag	L127409	0	0.1606
stock_b2000_frag	L1274249	0	0.9781
stock_b2000_frag	L1275193	1	0.7206
stock_b2000_frag	L1277797	1	0.2187
stock_b2000_frag	L1281298	1	0.1573
stock_b2000_frag	L1281831	0	0.9990
stock_b2000_frag	L12848	0	0.5081
stock_b2000_frag	L1288345	0	1.0000
stock_b2000_frag	L1288962	0	1.0000
stock_b2000_frag	L1291073	0	0.6887
stock_b2000_frag	L129489	2	0.3655
stock_b2000_frag	L1295495	0	0.2818
stock_b2000_frag	L1296033	2	0.3988
stock_b2000_frag	L1296246	0	1.0000
stock_b2000_frag	L1298804	16	0.1620
stock_b2000_frag	L129889	1	0.3060
stock_b2000_frag	L129894	1	0.5095
stock_b2000_frag	L1302233	1	0.3183
stock_b2000_frag	L1302756	0	1.0000
stock_b2000_frag	L1305953	0	1.0000
stock_b2000_frag	L1307629	0	0.7768
stock_b2000_frag	L1311821	1	0.5419
stock_b2000_frag	L1312129	0	0.2572
stock_b2000_frag	L1313657	1	0.6066
stock_b2000_frag	L1317866	0	0.9884
stock_b2000_frag	L1319065	0	0.9452
stock_b2000_frag	L1319342	1	0.7197
stock_b2000_frag	L1321240	0	1.0000
stock_b2000_frag	L1321927	0	0.4900
stock_b2000_frag	L1322095	1	0.2635
stock_b2000_frag	L1322919	0	0.5012
stock_b2000_frag	L132444	0	0.3364
stock_b2000_frag	L1328011	2	0.7877
stock_b2000_frag	L132859	0	0.9210
stock_b2000_frag	L1333077	0	1.0000
stock_b2000_frag	L1333869	2	0.4711
stock_b2000_frag	L1336242	0	0.9884
stock_b2000_frag	L1336592	0	1.0000
stock_b2000_frag	L1336811	1	0.3097
stock_b2000_frag	L1337441	1	0.4795
stock_b2000_frag	L1337876	0	1.0000
stock_b2000_frag	L1339988	1	0.6616
stock_b2000_frag	L134043	0	0.4582
stock_b2000_frag	L1345336	0	1.0000
stock_b2000_frag	L1346006	0	1.0000
stock_b2000_frag	L1347203	1	0.4867
stock_b2000_frag	L134750	0	0.7868
stock_b2000_frag	L1349951	0	0.9965
stock_b2000_frag	L135606	8	0.2217
stock_b2000_frag	L1359737	1	0.4836
stock_b2000_frag	L1359885	0	1.0000
stock_b2000_frag	L1364769	0	0.3826
stock_b2000_frag	L1367051	1	0.2466
stock_b2000_frag	L1370889	1	0.3790
stock_b2000_frag	L1371345	0	1.0000
stock_b2000_frag	L137216	0	0.3794
stock_b2000_frag	L1374223	0	0.7708
stock_b2000_frag	L1374668	0	1.0000
stock_b2000_frag	L1375718	5	0.1202
stock_b2000_frag	L138026	1	0.3569
stock_b2000_frag	L1381564	0	0.3334
stock_b2000_frag	L1382755	1	0.4550
stock_b2000_frag	L1383713	0	1.0000
stock_b2000_frag	L1384799	2	0.2234
stock_b2000_frag	L1385247	0	1.0000
stock_b2000_frag	L1385993	0	0.9963
stock_b2000_frag	L1386308	1	0.3618
stock_b2000_frag	L1393102	0	1.0000
stock_b2000_frag	L1393473	1	0.4028
stock_b2000_frag	L1395501	0	0.8043
stock_b2000_frag	L1396567	0	0.5084
stock_b2000_frag	L139823	0	0.2902
stock_b2000_frag	L1398710	0	0.4891
stock_b2000_frag	L1401969	0	0.5293
stock_b2000_frag	L140451	0	0.2423
stock_b2000_frag	L140523	0	0.8076
stock_b2000_frag	L1405833	0	0.9847
stock_b2000_frag	L1406124	0	0.5886
stock_b2000_frag	L1408446	0	0.2812
stock_b2000_frag	L1414087	3	0.7382
stock_b2000_frag	L1414670	0	0.9898
stock_b2000_frag	L1427937	1	0.3369
stock_b2000_frag	L1432075	1	0.3120
stock_b2000_frag	L1433990	2	0.7165
stock_b2000_frag	L1436612	0	0.3429
stock_b2000_frag	L1437018	0	1.0000
stock_b2000_frag	L1437092	0	0.9972
stock_b2000_frag	L1438034	2	0.3598
stock_b2000_frag	L1441109	0	0.6798
stock_b2000_frag	L1443886	1	0.2512
stock_b2000_frag	L1447645	1	0.3718
stock_b2000_frag	L1447799	0	1.0000
stock_b2000_frag	L1456105	0	1.0000
stock_b2000_frag	L1460805	0	1.0000
stock_b2000_frag	L1461137	0	0.9807
stock_b2000_frag	L1463034	0	0.9989
stock_b2000_frag	L1463212	0	0.4623
stock_b2000_frag	L1466388	0	0.9986
stock_b2000_frag	L1467157	0	0.9985
stock_b2000_frag	L1469232	0	1.0000
stock_b2000_frag	L1470463	1	0.5348
stock_b2000_frag	L1471165	1	0.2472
stock_b2000_frag	L1472014	0	0.6250
stock_b2000_frag	L1472713	0	0.9987
stock_b2000_frag	L1477149	0	0.6377
stock_b2000_frag	L1478	1	0.4198
stock_b2000_frag	L1479751	0	0.2218
stock_b2000_frag	L148298	0	0.7251
stock_b2000_frag	L1483366	0	0.9999
stock_b2000_frag	L1485382	1	0.5241
stock_b2000_frag	L1485505	0	0.7906
stock_b2000_frag	L1486236	0	0.8463
stock_b2000_frag	L1486972	0	0.4773
stock_b2000_frag	L1489403	0	0.5541
stock_b2000_frag	L1491379	0	1.0000
stock_b2000_frag	L1491419	0	1.0000
stock_b2000_frag	L1492852	3	0.1169
stock_b2000_frag	L1493725	0	1.0000
stock_b2000_frag	L1494355	1	0.0936
stock_b2000_frag	L1496468	3	0.3865
stock_b2000_frag	L1496688	4	0.1987
stock_b2000_frag	L1499308	2	0.1533
stock_b2000_frag	L1499442	0	0.2467
stock_b2000_frag	L1501233	0	0.7494
stock_b2000_frag	L150125	0	0.3499
stock_b2000_frag	L1505560	2	0.2003
stock_b2000_frag	L1507253	0	0.9396
stock_b2000_frag	L1507813	0	0.3015
stock_b2000_frag	L1509077	0	0.8559
stock_b2000_frag	L1509421	1	0.1466
stock_b2000_frag	L151054	3	0.1730
stock_b2000_frag	L1511044	0	0.9383
stock_b2000_frag	L1511216	0	0.9496
stock_b2000_frag	L1516526	1	0.1521
stock_b2000_frag	L1519249	0	0.2738
stock_b2000_frag	L152214	0	0.5363
stock_b2000_frag	L1524073	1	0.4198
stock_b2000_frag	L1524858	0	1.0000
stock_b2000_frag	L1529356	0	0.9928
stock_b2000_frag	L1532590	1	0.4241
stock_b2000_frag	L1541613	1	0.2806
stock_b2000_frag	L1544574	2	0.1436
stock_b2000_frag	L1549024	0	0.9983
stock_b2000_frag	L1551652	0	0.4176
stock_b2000_frag	L1552258	1	0.4913
stock_b2000_frag	L1555218	0	1.0000
stock_b2000_frag	L1555419	7	0.3306
stock_b2000_frag	L1557526	0	1.0000
stock_b2000_frag	L1560322	0	1.0000
stock_b2000_frag	L1560376	0	0.9598
stock_b2000_frag	L1560763	1	0.4183
stock_b2000_frag	L1566484	1	0.4196
stock_b2000_frag	L1571939	0	0.9965
stock_b2000_frag	L1579304	1	0.1713
stock_b2000_frag	L1582185	5	0.1752
stock_b2000_frag	L1586191	0	1.0000
stock_b2000_frag	L1587457	0	0.2585
stock_b2000_frag	L15876	4	0.2196
stock_b2000_frag	L1587747	0	1.0000
stock_b2000_frag	L1588237	1	0.2443
stock_b2000_frag	L1588825	0	1.0000
stock_b2000_frag	L159056	1	0.7149
stock_b2000_frag	L1590560	2	0.5339
stock_b2000_frag	L1591450	1	0.1103
stock_b2000_frag	L1593143	0	0.9995
stock_b2000_frag	L1596884	0	1.0000
stock_b2000_frag	L1598768	0	0.6861
stock_b2000_frag	L1598930	0	0.8299
stock_b2000_frag	L1601341	1	0.1763
stock_b2000_frag	L1602543	0	1.0000
stock_b2000_frag	L1604821	1	0.1960
stock_b2000_frag	L1604892	5	0.7456
stock_b2000_frag	L1605370	2	0.3713
stock_b2000_frag	L1606583	0	1.0000
stock_b2000_frag	L1608076	0	1.0000
stock_b2000_frag	L1608273	0	0.8660
stock_b2000_frag	L1609727	0	0.8859
stock_b2000_frag	L1609811	0	0.3926
stock_b2000_frag	L161032	0	0.9996
stock_b2000_frag	L1612957	2	0.3374
stock_b2000_frag	L1613091	0	0.3716
stock_b2000_frag	L1613268	1	0.2810
stock_b2000_frag	L1615851	1	0.5601
stock_b2000_frag	L1622057	0	0.1362
stock_b2000_frag	L162246	0	1.0000
stock_b2000_frag	L1622713	1	0.2625
stock_b2000_frag	L1625450	0	0.7385
stock_b2000_frag	L162554	0	0.8559
stock_b2000_frag	L1627209	0	0.9972
stock_b2000_frag	L1631328	0	0.2864
stock_b2000_frag	L1635519	0	0.9907
stock_b2000_frag	L1639521	0	1.0000
stock_b2000_frag	L1639821	1	0.4228
stock_b2000_frag	L1642967	1	0.5129
stock_b2000_frag	L1644769	0	1.0000
stock_b2000_frag	L1646853	0	0.9440
stock_b2000_frag	L1647874	1	0.7673
stock_b2000_frag	L1648895	1	0.1718
stock_b2000_frag	L1650875	3	0.3232
stock_b2000_frag	L1652039	1	0.6295
stock_b2000_frag	L1652815	0	0.3070
stock_b2000_frag	L1653263	1	0.4569
stock_b2000_frag	L1655965	0	1.0000
stock_b2000_frag	L1657402	0	0.3719
stock_b2000_frag	L1661513	0	0.4981
stock_b2000_frag	L1662120	5	0.1273
stock_b2000_frag	L1663767	3	0.2391
stock_b2000_frag	L1668184	0	0.7851
stock_b2000_frag	L1669571	1	0.2953
stock_b2000_frag	L1670085	1	0.1087
stock_b2000_frag	L1674481	0	1.0000
stock_b2000_frag	L1677218	1	0.2516
stock_b2000_frag	L1682161	0	0.9872
stock_b2000_frag	L1684393	0	1.0000
stock_b2000_frag	L1685887	3	0.1505
stock_b2000_frag	L1686082	0	1.0000
stock_b2000_frag	L1688510	0	0.4562
stock_b2000_frag	L1688656	3	0.1707
stock_b2000_frag	L1690021	2	0.5043
stock_b2000_frag	L1693386	0	0.1104
stock_b2000_frag	L169487	0	0.9288
stock_b2000_frag	L1695888	1	0.3058
stock_b2000_frag	L1698718	0	0.7807
stock_b2000_frag	L1701935	0	0.1753
stock_b2000_frag	L1705819	0	1.0000
stock_b2000_frag	L1709335	1	0.5712
stock_b2000_frag	L171130	2	0.2970
stock_b2000_frag	L1712949	0	0.4265
stock_b2000_frag	L1714919	0	0.3856
stock_b2000_frag	L171690	1	0.7587
stock_b2000_frag	L1718810	0	0.4197
stock_b2000_frag	L1719751	0	0.7560
stock_b2000_frag	L1720850	1	0.4064
stock_b2000_frag	L1723923	0	1.0000
stock_b2000_frag	L1725020	0	0.7626
stock_b2000_frag	L1725041	1	0.4810
stock_b2000_frag	L1726323	0	0.9367
stock_b2000_frag	L1727858	0	0.9533
stock_b2000_frag	L1729303	11	0.2019
stock_b2000_frag	L1730490	0	0.6713
stock_b2000_frag	L1732200	0	1.0000
stock_b2000_frag	L1732882	0	0.5440
stock_b2000_frag	L1735731	0	0.4538
stock_b2000_frag	L173687	0	0.8820
stock_b2000_frag	L1737129	0	0.6006
stock_b2000_frag	L1737199	0	0.9868
stock_b2000_frag	L1737288	0	0.3653
stock_b2000_frag	L1737697	0	0.6323
stock_b2000_frag	L1739165	2	0.2260
stock_b2000_frag	L1742077	1	0.8729
stock_b2000_frag	L1743059	1	0.3375
stock_b2000_frag	L1744739	1	0.3374
stock_b2000_frag	L1745406	0	1.0000
stock_b2000_frag	L1747911	3	0.1222
stock_b2000_frag	L174794	0	0.4610
stock_b2000_frag	L1750070	0	1.0000
stock_b2000_frag	L175284	0	0.9221
stock_b2000_frag	L1752952	4	0.0938
stock_b2000_frag	L1753490	2	0.1029
stock_b2000_frag	L1753843	2	0.1660
stock_b2000_frag	L1759493	1	0.3663
stock_b2000_frag	L1765301	0	1.0000
stock_b2000_frag	L1765363	0	0.9999
stock_b2000_frag	L1767300	1	0.5406
stock_b2000_frag	L1768658	1	0.4022
stock_b2000_frag	L1769532	1	0.3175
stock_b2000_frag	L1769550	0	0.5587
stock_b2000_frag	L1770605	1	0.3181
stock_b2000_frag	L1771311	1	0.3238
stock_b2000_frag	L1772017	1	0.4190
stock_b2000_frag	L1773543	3	0.0517
stock_b2000_frag	L1773916	0	1.0000
stock_b2000_frag	L1775636	1	0.1517
stock_b2000_frag	L177799	0	0.9172
stock_b2000_frag	L1778413	0	0.9782
stock_b2000_frag	L1787007	0	0.7911
stock_b2000_frag	L1790401	0	0.3197
stock_b2000_frag	L1791936	3	0.5309
stock_b2000_frag	L1792207	0	0.4083
stock_b2000_frag	L1792659	0	0.4263
stock_b2000_frag	L1794068	0	0.8423
stock_b2000_frag	L1795358	0	0.6296
stock_b2000_frag	L1796850	0	0.2995
stock_b2000_frag	L179746	0	0.3773
stock_b2000_frag	L1798544	0	0.9999
stock_b2000_frag	L1799442	0	1.0000
stock_b2000_frag	L1799810	1	0.8505
stock_b2000_frag	L1801178	1	0.3634
stock_b2000_frag	L1801760	0	0.8953
stock_b2000_frag	L1802047	0	0.8145
stock_b2000_frag	L1804120	0	0.9999
stock_b2000_frag	L1811318	2	0.2647
stock_b2000_frag	L1811952	1	0.3979
stock_b2000_frag	L1812704	0	0.7010
stock_b2000_frag	L1814498	0	1.0000
stock_b2000_frag	L1817250	0	0.9946
stock_b2000_frag	L1818712	0	0.6399
stock_b2000_frag	L1821293	1	0.1613
stock_b2000_frag	L182449	2	0.3092
stock_b2000_frag	L1825114	0	0.9723
stock_b2000_frag	L1826149	6	0.5309
stock_b2000_frag	L1826657	0	0.6362
stock_b2000_frag	L1830940	0	0.6053
stock_b2000_frag	L1832293	0	1.0000
stock_b2000_frag	L1837363	1	0.6046
stock_b2000_frag	L1839404	1	0.4356
stock_b2000_frag	L1840072	4	0.2160
stock_b2000_frag	L1848244	1	0.1608
stock_b2000_frag	L1848626	0	0.9941
stock_b2000_frag	L1849088	0	1.0000
stock_b2000_frag	L1849758	1	0.2502
stock_b2000_frag	L1851112	0	0.9925
stock_b2000_frag	L1858638	0	0.9952
stock_b2000_frag	L1864914	1	0.5388
stock_b2000_frag	L1866695	1	0.1608
stock_b2000_frag	L186789	0	0.9732
stock_b2000_frag	L1867920	2	0.3053
stock_b2000_frag	L1869414	0	1.0000
stock_b2000_frag	L1870045	0	0.4652
stock_b2000_frag	L1876859	0	0.4954
stock_b2000_frag	L1879565	0	1.0000
stock_b2000_frag	L1880643	2	0.1663
stock_b2000_frag	L1883051	3	0.1498
stock_b2000_frag	L1883207	1	0.3930
stock_b2000_frag	L1884097	2	0.2178
stock_b2000_frag	L1885861	0	1.0000
stock_b2000_frag	L1886890	0	1.0000
stock_b2000_frag	L1888222	0	1.0000
stock_b2000_frag	L1890397	0	0.6607
stock_b2000_frag	L1891326	2	0.2391
stock_b2000_frag	L1891911	1	0.4434
stock_b2000_frag	L189215	1	0.3682
stock_b2000_frag	L1893124	0	1.0000
stock_b2000_frag	L1895099	0	0.9810
stock_b2000_frag	L1899272	1	0.6220
stock_b2000_frag	L1903273	1	0.4684
stock_b2000_frag	L1906047	0	0.5502
stock_b2000_frag	L1907735	0	0.9716
stock_b2000_frag	L1908855	0	0.9976
stock_b2000_frag	L1908990	1	0.2696
stock_b2000_frag	L191026	2	0.5704
stock_b2000_frag	L191114	1	0.7546
stock_b2000_frag	L1912592	4	0.1293
stock_b2000_frag	L1912663	0	0.9045
stock_b2000_frag	L1912864	0	0.5077
stock_b2000_frag	L1914580	0	0.3303
stock_b2000_frag	L1915361	0	0.8727
stock_b2000_frag	L1916208	0	0.4516
stock_b2000_frag	L1916614	0	0.3653
stock_b2000_frag	L1918666	3	0.3247
stock_b2000_frag	L192226	3	0.2526
stock_b2000_frag	L192344	0	0.4517
stock_b2000_frag	L1924733	1	0.4290
stock_b2000_frag	L1925390	23	0.1019
stock_b2000_frag	L1926543	0	0.2952
stock_b2000_frag	L1926777	0	0.9258
stock_b2000_frag	L1930199	1	0.2553
stock_b2000_frag	L1930682	0	0.7082
stock_b2000_frag	L1931524	1	0.5517
stock_b2000_frag	L1931575	5	0.2586
stock_b2000_frag	L1932786	2	0.2471
stock_b2000_frag	L1935552	0	1.0000
stock_b2000_frag	L1940388	0	0.3577
stock_b2000_frag	L1942057	0	0.3131
stock_b2000_frag	L1942729	0	0.4290
stock_b2000_frag	L1943330	0	1.0000
stock_b2000_frag	L1943510	0	0.7242
stock_b2000_frag	L194417	0	0.8220
stock_b2000_frag	L1944174	0	0.9997
stock_b2000_frag	L1947348	0	1.0000
stock_b2000_frag	L1949352	0	1.0000
stock_b2000_frag	L1950763	1	0.3717
stock_b2000_frag	L1952119	0	1.0000
stock_b2000_frag	L195329	0	1.0000
stock_b2000_frag	L1954256	4	0.3704
stock_b2000_frag	L1954592	2	0.6308
stock_b2000_frag	L1956336	0	0.8866
stock_b2000_frag	L1960549	0	0.9993
stock_b2000_frag	L1961705	0	0.8265
stock_b2000_frag	L196426	1	0.3264
stock_b2000_frag	L1964681	0	0.4982
stock_b2000_frag	L1964818	1	0.2750
stock_b2000_frag	L196522	0	0.9805
stock_b2000_frag	L1965259	0	0.5823
stock_b2000_frag	L1969773	0	0.7357
stock_b2000_frag	L1970176	1	0.5076
stock_b2000_frag	L1970683	0	0.9958
stock_b2000_frag	L1971246	1	0.6534
stock_b2000_frag	L1974484	0	0.9757
stock_b2000_frag	L1975236	0	0.9734
stock_b2000_frag	L1976938	0	0.9368
stock_b2000_frag	L1979502	0	0.4639
stock_b2000_frag	L1982152	0	1.0000
stock_b2000_frag	L1983364	0	0.4840
stock_b2000_frag	L1987108	1	0.3919
stock_b2000_frag	L1988240	0	0.9229
stock_b2000_frag	L1993480	0	0.9959
stock_b2000_frag	L1997288	5	0.3081
stock_b2000_frag	L202779	1	0.1396
stock_b2000_frag	L203024	3	0.1098
stock_b2000_frag	L203055	0	1.0000
stock_b2000_frag	L203427	0	1.0000
stock_b2000_frag	L204207	0	0.9954
stock_b2000_frag	L206162	1	0.2161
stock_b2000_frag	L206291	0	0.9997
stock_b2000_frag	L208103	0	0.1512
stock_b2000_frag	L212706	0	0.9670
stock_b2000_frag	L215236	1	0.3840
stock_b2000_frag	L217232	3	0.5864
stock_b2000_frag	L219855	2	0.3410
stock_b2000_frag	L222503	0	0.3893
stock_b2000_frag	L223078	0	0.7068
stock_b2000_frag	L224386	1	0.3949
stock_b2000_frag	L226823	0	0.5683
stock_b2000_frag	L229848	1	0.3018
stock_b2000_frag	L234068	0	0.5235
stock_b2000_frag	L234358	0	1.0000
stock_b2000_frag	L235827	0	0.9927
stock_b2000_frag	L241922	0	0.2760
stock_b2000_frag	L244167	0	0.7613
stock_b2000_frag	L246252	1	0.2467
stock_b2000_frag	L246615	0	0.9498
stock_b2000_frag	L250491	0	1.0000
stock_b2000_frag	L25148	2	0.5131
stock_b2000_frag	L252565	0	0.9553
stock_b2000_frag	L252740	1	0.2953
stock_b2000_frag	L254881	1	0.2110
stock_b2000_frag	L254921	1	0.3231
stock_b2000_frag	L255184	1	0.1827
stock_b2000_frag	L261281	1	0.3369
stock_b2000_frag	L261593	0	0.2861
stock_b2000_frag	L265738	0	1.0000
stock_b2000_frag	L266704	0	0.3641
stock_b2000_frag	L268711	2	0.6769
stock_b2000_frag	L2753	26	0.1925
stock_b2000_frag	L276686	0	1.0000
stock_b2000_frag	L276932	0	0.6406
stock_b2000_frag	L283567	1	0.2197
stock_b2000_frag	L283821	2	0.6720
stock_b2000_frag	L285782	1	0.9896
stock_b2000_frag	L286111	1	0.5477
stock_b2000_frag	L287950	0	0.3399
stock_b2000_frag	L291918	1	0.3879
stock_b2000_frag	L292129	0	0.4117
stock_b2000_frag	L292548	2	0.3320
stock_b2000_frag	L292863	0	0.5007
stock_b2000_frag	L296516	1	0.3793
stock_b2000_frag	L300887	0	0.9501
stock_b2000_frag	L303947	0	0.3365
stock_b2000_frag	L310800	0	0.7254
stock_b2000_frag	L311177	0	0.7590
stock_b2000_frag	L312164	1	0.1277
stock_b2000_frag	L312598	2	0.6775
stock_b2000_frag	L312652	1	0.4665
stock_b2000_frag	L312971	0	0.9312
stock_b2000_frag	L314589	2	0.2207
stock_b2000_frag	L315824	0	1.0000
stock_b2000_frag	L316559	0	0.3688
stock_b2000_frag	L316830	0	0.2055
stock_b2000_frag	L317667	0	0.8614
stock_b2000_frag	L317918	0	0.9400
stock_b2000_frag	L318506	0	0.9992
stock_b2000_frag	L31880	1	0.3345
stock_b2000_frag	L320498	0	0.5502
stock_b2000_frag	L324044	2	0.8062
stock_b2000_frag	L324251	7	0.2716
stock_b2000_frag	L326217	0	0.4741
stock_b2000_frag	L326411	0	1.0000
stock_b2000_frag	L327637	0	0.9386
stock_b2000_frag	L328091	0	0.9988
stock_b2000_frag	L328588	3	0.2081
stock_b2000_frag	L336455	0	1.0000
stock_b2000_frag	L339807	0	1.0000
stock_b2000_frag	L344836	3	0.1813
stock_b2000_frag	L344866	6	0.6077
stock_b2000_frag	L345604	0	0.6505
stock_b2000_frag	L345618	0	0.1374
stock_b2000_frag	L346137	2	0.1416
stock_b2000_frag	L346812	1	0.2759
stock_b2000_frag	L347499	0	0.9997
stock_b2000_frag	L350046	1	0.3964
stock_b2000_frag	L350778	0	0.3899
stock_b2000_frag	L353558	2	0.5822
stock_b2000_frag	L356036	0	0.4264
stock_b2000_frag	L356521	3	0.1730
stock_b2000_frag	L358105	0	0.5799
stock_b2000_frag	L362575	1	0.4612
stock_b2000_frag	L363535	0	0.3592
stock_b2000_frag	L365492	4	0.3111
stock_b2000_frag	L370362	0	0.3239
stock_b2000_frag	L371034	2	0.2289
stock_b2000_frag	L371285	1	0.4016
stock_b2000_frag	L37304	0	0.4096
stock_b2000_frag	L375096	0	0.6601
stock_b2000_frag	L377059	0	1.0000
stock_b2000_frag	L378276	0	0.7301
stock_b2000_frag	L378760	0	0.9912
stock_b2000_frag	L381737	1	0.5726
stock_b2000_frag	L383499	0	0.4388
stock_b2000_frag	L385407	0	0.8994
stock_b2000_frag	L385857	1	0.4074
stock_b2000_frag	L387343	3	0.0662
stock_b2000_frag	L388473	1	0.3101
stock_b2000_frag	L388574	1	0.2581
stock_b2000_frag	L391186	2	0.5652
stock_b2000_frag	L393092	0	0.3501
stock_b2000_frag	L393585	1	0.2277
stock_b2000_frag	L395193	0	0.9996
stock_b2000_frag	L398354	0	0.3467
stock_b2000_frag	L400134	0	0.9996
stock_b2000_frag	L401020	0	0.9645
stock_b2000_frag	L403345	2	0.1635
stock_b2000_frag	L406216	2	0.2694
stock_b2000_frag	L408859	0	0.4942
stock_b2000_frag	L412899	1	0.4515
stock_b2000_frag	L413023	0	0.6473
stock_b2000_frag	L416668	0	1.0000
stock_b2000_frag	L417704	0	0.1391
stock_b2000_frag	L420714	1	0.2202
stock_b2000_frag	L421059	0	0.9998
stock_b2000_frag	L424212	1	0.3942
stock_b2000_frag	L424222	0	0.4792
stock_b2000_frag	L428706	1	0.2654
stock_b2000_frag	L430076	0	1.0000
stock_b2000_frag	L433212	0	0.8957
stock_b2000_frag	L440395	0	0.9997
stock_b2000_frag	L444119	1	0.9635
stock_b2000_frag	L444988	0	0.8435
stock_b2000_frag	L446876	0	1.0000
stock_b2000_frag	L44824	1	0.4014
stock_b2000_frag	L452432	0	0.9844
stock_b2000_frag	L454528	0	0.9984
stock_b2000_frag	L456725	0	0.9937
stock_b2000_frag	L456944	0	1.0000
stock_b2000_frag	L457550	1	0.3125
stock_b2000_frag	L457956	0	0.4837
stock_b2000_frag	L458381	0	0.9992
stock_b2000_frag	L459582	1	0.2776
stock_b2000_frag	L459755	0	0.5013
stock_b2000_frag	L464332	0	0.7578
stock_b2000_frag	L466429	0	1.0000
stock_b2000_frag	L467481	1	0.1961
stock_b2000_frag	L469401	1	0.2415
stock_b2000_frag	L472520	0	0.9733
stock_b2000_frag	L473747	2	0.2035
stock_b2000_frag	L473938	0	1.0000
stock_b2000_frag	L474231	0	1.0000
stock_b2000_frag	L474923	2	0.2570
stock_b2000_frag	L475106	0	1.0000
stock_b2000_frag	L475154	0	0.4676
stock_b2000_frag	L475467	1	0.2130
stock_b2000_frag	L475886	0	1.0000
stock_b2000_frag	L482306	0	0.3406
stock_b2000_frag	L488158	0	0.9947
stock_b2000_frag	L490475	1	0.2410
stock_b2000_frag	L491427	3	0.1863
stock_b2000_frag	L49176	2	0.2775
stock_b2000_frag	L493771	6	0.3139
stock_b2000_frag	L494062	1	0.4757
stock_b2000_frag	L495340	0	1.0000
stock_b2000_frag	L497951	0	0.8224
stock_b2000_frag	L502789	30	0.1383
stock_b2000_frag	L503437	6	0.2712
stock_b2000_frag	L506327	0	1.0000
stock_b2000_frag	L507694	1	0.4615
stock_b2000_frag	L512101	23	0.4214
stock_b2000_frag	L512434	0	0.3364
stock_b2000_frag	L513464	1	0.1534
stock_b2000_frag	L51442	0	1.0000
stock_b2000_frag	L515801	1	0.8579
stock_b2000_frag	L517009	1	0.3310
stock_b2000_frag	L52027	0	1.0000
stock_b2000_frag	L521456	8	0.6349
stock_b2000_frag	L523674	1	0.5395
stock_b2000_frag	L526178	0	1.0000
stock_b2000_frag	L526326	0	0.5314
stock_b2000_frag	L526554	0	0.9195
stock_b2000_frag	L527149	2	0.6501
stock_b2000_frag	L527166	0	0.4854
stock_b2000_frag	L529765	0	0.5099
stock_b2000_frag	L529835	0	1.0000
stock_b2000_frag	L531488	0	0.3183
stock_b2000_frag	L531618	0	1.0000
stock_b2000_frag	L532585	1	0.3497
stock_b2000_frag	L536268	0	0.7840
stock_b2000_frag	L537137	2	0.1911
stock_b2000_frag	L538751	0	0.5088
stock_b2000_frag	L54071	0	1.0000
stock_b2000_frag	L542741	4	0.6348
stock_b2000_frag	L549351	0	0.4464
stock_b2000_frag	L550835	0	0.8079
stock_b2000_frag	L554229	1	0.7265
stock_b2000_frag	L55570	1	0.8826
stock_b2000_frag	L555852	2	0.2424
stock_b2000_frag	L560327	2	0.4102
stock_b2000_frag	L563200	0	0.9211
stock_b2000_frag	L564410	0	0.9767
stock_b2000_frag	L566336	0	0.8363
stock_b2000_frag	L567906	1	0.3371
stock_b2000_frag	L572634	2	0.2001
stock_b2000_frag	L573155	0	1.0000
stock_b2000_frag	L578914	0	0.8786
stock_b2000_frag	L580430	0	0.9999
stock_b2000_frag	L583954	0	1.0000
stock_b2000_frag	L583966	0	0.8140
stock_b2000_frag	L584601	0	0.8993
stock_b2000_frag	L585369	0	0.9587
stock_b2000_frag	L592310	1	0.3746
stock_b2000_frag	L596301	0	1.0000
stock_b2000_frag	L606734	0	0.9528
stock_b2000_frag	L611423	1	0.4511
stock_b2000_frag	L612992	0	0.7519
stock_b2000_frag	L614585	0	1.0000
stock_b2000_frag	L614901	0	1.0000
stock_b2000_frag	L617172	1	0.3454
stock_b2000_frag	L6172	0	1.0000
stock_b2000_frag	L619139	0	0.9995
stock_b2000_frag	L622864	1	0.1715
stock_b2000_frag	L625620	0	0.2163
stock_b2000_frag	L626370	0	0.3173
stock_b2000_frag	L628280	0	1.0000
stock_b2000_frag	L629068	0	0.9236
stock_b2000_frag	L630016	1	0.4150
stock_b2000_frag	L631639	0	0.9982
stock_b2000_frag	L633712	1	0.9875
stock_b2000_frag	L634203	1	0.5083
stock_b2000_frag	L635881	1	0.4590
stock_b2000_frag	L640723	0	0.9267
stock_b2000_frag	L642903	2	0.2622
stock_b2000_frag	L646631	0	1.0000
stock_b2000_frag	L646882	1	0.6453
stock_b2000_frag	L647279	1	0.1605
stock_b2000_frag	L648131	5	0.1630
stock_b2000_frag	L649912	0	0.2394
stock_b2000_frag	L651987	0	0.9433
stock_b2000_frag	L654924	2	0.3347
stock_b2000_frag	L655778	2	0.2431
stock_b2000_frag	L656138	0	0.3981
stock_b2000_frag	L656836	0	0.4608
stock_b2000_frag	L658170	1	0.4596
stock_b2000_frag	L658943	0	0.5539
stock_b2000_frag	L660197	1	0.5350
stock_b2000_frag	L669638	0	0.3589
stock_b2000_frag	L671026	1	0.2174
stock_b2000_frag	L671573	1	0.3192
stock_b2000_frag	L673092	1	0.2911
stock_b2000_frag	L67588	0	0.5513
stock_b2000_frag	L676518	14	0.0860
stock_b2000_frag	L676670	8	0.1475
stock_b2000_frag	L676732	14	0.2367
stock_b2000_frag	L678705	0	0.9736
stock_b2000_frag	L680938	0	1.0000
stock_b2000_frag	L681748	0	0.5926
stock_b2000_frag	L682598	5	0.6053
stock_b2000_frag	L685587	0	1.0000
stock_b2000_frag	L686599	0	0.3049
stock_b2000_frag	L688258	0	0.7455
stock_b2000_frag	L689994	0	0.9993
stock_b2000_frag	L690892	0	0.9992
stock_b2000_frag	L691999	1	0.5899
stock_b2000_frag	L693288	0	0.9999
stock_b2000_frag	L693741	0	0.7243
stock_b2000_frag	L696558	1	0.9142
stock_b2000_frag	L699126	1	0.7722
stock_b2000_frag	L700583	0	0.8032
stock_b2000_frag	L700632	0	0.9970
stock_b2000_frag	L702054	1	0.4432
stock_b2000_frag	L702280	0	1.0000
stock_b2000_frag	L702910	0	0.2615
stock_b2000_frag	L70303	0	0.2745
stock_b2000_frag	L70480	0	0.9684
stock_b2000_frag	L706867	0	0.4831
stock_b2000_frag	L70707	0	0.5488
stock_b2000_frag	L707104	0	0.9998
stock_b2000_frag	L709497	1	0.3709
stock_b2000_frag	L710351	0	0.8535
stock_b2000_frag	L712623	0	1.0000
stock_b2000_frag	L712839	0	0.8158
stock_b2000_frag	L714138	2	0.2905
stock_b2000_frag	L714322	1	0.2785
stock_b2000_frag	L715539	0	0.9861
stock_b2000_frag	L722473	1	0.3266
stock_b2000_frag	L723388	0	0.5257
stock_b2000_frag	L728677	1	0.3481
stock_b2000_frag	L731795	2	0.9115
stock_b2000_frag	L731901	5	0.5689
stock_b2000_frag	L734741	3	0.2540
stock_b2000_frag	L735367	0	0.4952
stock_b2000_frag	L738514	1	0.3746
stock_b2000_frag	L740729	1	0.8159
stock_b2000_frag	L741868	0	1.0000
stock_b2000_frag	L74196	0	0.9874
stock_b2000_frag	L742362	0	0.5065
stock_b2000_frag	L743265	0	0.7774
stock_b2000_frag	L743865	0	1.0000
stock_b2000_frag	L745530	0	0.3070
stock_b2000_frag	L749377	1	0.3725
stock_b2000_frag	L749553	0	0.7478
stock_b2000_frag	L749881	3	0.2004
stock_b2000_frag	L750841	1	0.9007
stock_b2000_frag	L752916	4	0.2891
stock_b2000_frag	L753506	1	0.5164
stock_b2000_frag	L754882	0	0.7831
stock_b2000_frag	L756452	3	0.2065
stock_b2000_frag	L757	1	0.9612
stock_b2000_frag	L757428	0	0.4565
stock_b2000_frag	L757843	0	0.9681
stock_b2000_frag	L763303	0	1.0000
stock_b2000_frag	L763922	0	1.0000
stock_b2000_frag	L764727	2	0.2590
stock_b2000_frag	L765399	1	0.1837
stock_b2000_frag	L765826	0	0.4598
stock_b2000_frag	L769281	0	0.9165
stock_b2000_frag	L770616	0	1.0000
stock_b2000_frag	L771003	1	0.2298
stock_b2000_frag	L771549	3	0.1963
stock_b2000_frag	L77697	0	1.0000
stock_b2000_frag	L780109	2	0.1610
stock_b2000_frag	L781799	1	0.4977
stock_b2000_frag	L784040	0	0.2187
stock_b2000_frag	L785488	0	0.1722
stock_b2000_frag	L785780	1	0.2186
stock_b2000_frag	L786117	0	1.0000
stock_b2000_frag	L786613	2	0.1952
stock_b2000_frag	L789103	0	0.9918
stock_b2000_frag	L789781	0	0.7928
stock_b2000_frag	L791567	0	0.9297
stock_b2000_frag	L794707	4	0.1389
stock_b2000_frag	L794711	1	0.3362
stock_b2000_frag	L795076	0	0.3866
stock_b2000_frag	L797681	1	0.2844
stock_b2000_frag	L798494	1	0.1663
stock_b2000_frag	L799617	0	0.9955
stock_b2000_frag	L802353	0	0.6455
stock_b2000_frag	L802880	0	0.6034
stock_b2000_frag	L804404	1	0.2097
stock_b2000_frag	L805905	2	0.2669
stock_b2000_frag	L806221	1	0.4731
stock_b2000_frag	L806407	1	0.4916
stock_b2000_frag	L806874	0	0.3937
stock_b2000_frag	L811086	0	0.2948
stock_b2000_frag	L811206	0	0.9991
stock_b2000_frag	L813938	0	0.9580
stock_b2000_frag	L815854	0	1.0000
stock_b2000_frag	L816130	0	0.9690
stock_b2000_frag	L816815	1	0.1394
stock_b2000_frag	L818653	0	1.0000
stock_b2000_frag	L820799	0	1.0000
stock_b2000_frag	L820919	0	0.9866
stock_b2000_frag	L822339	0	0.4224
stock_b2000_frag	L823352	1	0.4093
stock_b2000_frag	L823663	0	0.3503
stock_b2000_frag	L827607	0	0.9887
stock_b2000_frag	L829836	6	0.4229
stock_b2000_frag	L829937	0	1.0000
stock_b2000_frag	L835568	1	0.4229
stock_b2000_frag	L840754	1	0.2363
stock_b2000_frag	L840831	1	0.1653
stock_b2000_frag	L841410	0	1.0000
stock_b2000_frag	L841938	0	1.0000
stock_b2000_frag	L842512	1	0.2213
stock_b2000_frag	L845989	1	0.1892
stock_b2000_frag	L847583	0	0.7412
stock_b2000_frag	L849106	0	0.9550
stock_b2000_frag	L849313	2	0.3650
stock_b2000_frag	L850300	1	0.3008
stock_b2000_frag	L85073	0	0.9289
stock_b2000_frag	L851546	0	1.0000
stock_b2000_frag	L855936	1	0.3359
stock_b2000_frag	L857294	2	0.2947
stock_b2000_frag	L859511	0	0.8363
stock_b2000_frag	L860562	1	0.2364
stock_b2000_frag	L861354	0	0.9980
stock_b2000_frag	L861634	0	0.3200
stock_b2000_frag	L864107	0	1.0000
stock_b2000_frag	L874268	0	0.7967
stock_b2000_frag	L874681	0	1.0000
stock_b2000_frag	L8749	1	0.4264
stock_b2000_frag	L875990	6	0.4278
stock_b2000_frag	L876833	0	0.9995
stock_b2000_frag	L877891	0	1.0000
stock_b2000_frag	L87827	0	0.3567
stock_b2000_frag	L878542	2	0.1747
stock_b2000_frag	L87943	0	0.9996
stock_b2000_frag	L879440	0	0.3016
stock_b2000_frag	L879572	0	1.0000
stock_b2000_frag	L883162	0	0.9774
stock_b2000_frag	L8850	2	0.3177
stock_b2000_frag	L886332	0	0.9997
stock_b2000_frag	L88725	1	0.7144
stock_b2000_frag	L889398	2	0.3977
stock_b2000_frag	L890492	1	0.5007
stock_b2000_frag	L892459	0	1.0000
stock_b2000_frag	L892965	0	0.9090
stock_b2000_frag	L897680	0	1.0000
stock_b2000_frag	L898054	0	0.9920
stock_b2000_frag	L898800	0	0.3564
stock_b2000_frag	L900309	0	0.3092
stock_b2000_frag	L900340	2	0.1849
stock_b2000_frag	L90095	1	0.2251
stock_b2000_frag	L901268	0	1.0000
stock_b2000_frag	L90168	1	0.3670
stock_b2000_frag	L904096	0	0.3664
stock_b2000_frag	L904706	1	0.1765
stock_b2000_frag	L904848	0	0.4575
stock_b2000_frag	L906324	3	0.1865
stock_b2000_frag	L910015	2	0.4589
stock_b2000_frag	L910025	0	0.2035
stock_b2000_frag	L916610	2	0.1505
stock_b2000_frag	L917431	0	1.0000
stock_b2000_frag	L91807	3	0.7679
stock_b2000_frag	L921960	0	0.8725
stock_b2000_frag	L925371	0	0.4576
stock_b2000_frag	L92746	1	0.2315
stock_b2000_frag	L927572	0	1.0000
stock_b2000_frag	L928531	1	0.4390
stock_b2000_frag	L93166	0	1.0000
stock_b2000_frag	L936199	1	0.5930
stock_b2000_frag	L936283	0	0.7190
stock_b2000_frag	L936413	0	0.1964
stock_b2000_frag	L937888	0	1.0000
stock_b2000_frag	L938648	1	0.1655
stock_b2000_frag	L944032	0	0.5518
stock_b2000_frag	L945801	0	1.0000
stock_b2000_frag	L945932	3	0.1961
stock_b2000_frag	L948511	1	0.2912
stock_b2000_frag	L952087	0	0.6664
stock_b2000_frag	L95371	0	0.9999
stock_b2000_frag	L957382	1	0.2778
stock_b2000_frag	L959258	0	0.9978
stock_b2000_frag	L959631	1	0.5279
stock_b2000_frag	L959635	1	0.3294
stock_b2000_frag	L965682	0	0.9332
stock_b2000_frag	L966262	0	0.9921
stock_b2000_frag	L967666	0	0.7393
stock_b2000_frag	L968043	0	0.6001
stock_b2000_frag	L969445	0	0.3279
stock_b2000_frag	L971021	1	0.9886
stock_b2000_frag	L975763	0	1.0000
stock_b2000_frag	L97827	0	0.9954
stock_b2000_frag	L978999	0	1.0000
stock_b2000_frag	L979090	0	0.7158
stock_b2000_frag	L979235	0	0.9824
stock_b2000_frag	L982465	1	0.3123
stock_b2000_frag	L98298	0	1.0000
stock_b2000_frag	L988833	0	0.8814
stock_b2000_frag	L993157	0	0.7490
stock_b2000_frag	L99635	1	0.9787
stock_b2000_frag	L998320	2	0.7254
stock_b2000_full	L1002218	0	1.0000
stock_b2000_full	L100440	0	1.0000
stock_b2000_full	L1005950	0	1.0000
stock_b2000_full	L100995	0	0.9992
stock_b2000_full	L1011290	1	0.9100
stock_b2000_full	L1011861	0	1.0000
stock_b2000_full	L10149	1	0.5007
stock_b2000_full	L101648	0	0.9998
stock_b2000_full	L1021726	0	1.0000
stock_b2000_full	L102408	0	1.0000
stock_b2000_full	L1024268	0	0.9994
stock_b2000_full	L10251	0	0.9051
stock_b2000_full	L1027173	1	1.0000
stock_b2000_full	L1030523	0	1.0000
stock_b2000_full	L1030919	0	1.0000
stock_b2000_full	L103388	0	1.0000
stock_b2000_full	L1034823	1	1.0000
stock_b2000_full	L1038962	0	1.0000
stock_b2000_full	L103916	0	1.0000
stock_b2000_full	L1042693	0	1.0000
stock_b2000_full	L1046764	0	1.0000
stock_b2000_full	L1047401	1	0.9830
stock_b2000_full	L1049690	0	1.0000
stock_b2000_full	L10510	0	1.0000
stock_b2000_full	L1055385	1	0.6888
stock_b2000_full	L1056345	1	0.6501
stock_b2000_full	L1057201	0	1.0000
stock_b2000_full	L1057393	0	1.0000
stock_b2000_full	L1060190	1	1.0000
stock_b2000_full	L1063723	0	1.0000
stock_b2000_full	L1064762	0	1.0000
stock_b2000_full	L1066087	0	1.0000
stock_b2000_full	L106610	0	1.0000
stock_b2000_full	L1067332	0	0.9976
stock_b2000_full	L1068161	0	1.0000
stock_b2000_full	L1069418	0	1.0000
stock_b2000_full	L1071065	0	1.0000
stock_b2000_full	L1074081	0	1.0000
stock_b2000_full	L1074481	0	1.0000
stock_b2000_full	L1075882	0	1.0000
stock_b2000_full	L1076434	0	1.0000
stock_b2000_full	L1076881	0	1.0000
stock_b2000_full	L1079220	0	1.0000
stock_b2000_full	L1082973	0	1.0000
stock_b2000_full	L1083369	0	1.0000
stock_b2000_full	L1084248	0	1.0000
stock_b2000_full	L1085230	0	1.0000
stock_b2000_full	L1087088	0	0.5741
stock_b2000_full	L1087228	1	0.5384
stock_b2000_full	L1089145	0	0.9451
stock_b2000_full	L1091489	0	1.0000
stock_b2000_full	L1092106	0	0.9006
stock_b2000_full	L1092311	0	0.9886
stock_b2000_full	L1092484	0	1.0000
stock_b2000_full	L1092539	1	1.0000
stock_b2000_full	L109260	0	1.0000
stock_b2000_full	L1094932	1	1.0000
stock_b2000_full	L1096662	0	1.0000
stock_b2000_full	L1099514	1	1.0000
stock_b2000_full	L1101145	0	1.0000
stock_b2000_full	L1102329	0	1.0000
stock_b2000_full	L1103403	0	1.0000
stock_b2000_full	L1104287	0	1.0000
stock_b2000_full	L1105488	0	1.0000
stock_b2000_full	L1112429	0	1.0000
stock_b2000_full	L1113572	0	1.0000
stock_b2000_full	L1116526	1	1.0000
stock_b2000_full	L1117241	0	1.0000
stock_b2000_full	L1118153	0	1.0000
stock_b2000_full	L1118243	1	0.8930
stock_b2000_full	L1118908	0	1.0000
stock_b2000_full	L1119584	1	0.9485
stock_b2000_full	L112024	0	1.0000
stock_b2000_full	L1125241	0	1.0000
stock_b2000_full	L1126546	1	0.8612
stock_b2000_full	L112658	0	1.0000
stock_b2000_full	L1132042	0	1.0000
stock_b2000_full	L1132216	0	1.0000
stock_b2000_full	L1133030	0	0.9957
stock_b2000_full	L1133950	0	1.0000
stock_b2000_full	L1135903	0	1.0000
stock_b2000_full	L1138787	0	0.6054
stock_b2000_full	L1141407	0	1.0000
stock_b2000_full	L1142807	0	1.0000
stock_b2000_full	L1143013	0	1.0000
stock_b2000_full	L1145504	0	1.0000
stock_b2000_full	L1146653	0	1.0000
stock_b2000_full	L1152702	0	1.0000
stock_b2000_full	L1154243	0	1.0000
stock_b2000_full	L1162324	0	1.0000
stock_b2000_full	L1165463	1	1.0000
stock_b2000_full	L1168233	0	1.0000
stock_b2000_full	L1171802	0	0.9941
stock_b2000_full	L1172998	0	1.0000
stock_b2000_full	L1173044	0	1.0000
stock_b2000_full	L1176288	0	1.0000
stock_b2000_full	L1177377	1	0.5005
stock_b2000_full	L1182959	0	1.0000
stock_b2000_full	L11844	1	0.8481
stock_b2000_full	L1184628	1	0.9687
stock_b2000_full	L1188622	0	1.0000
stock_b2000_full	L1189724	0	1.0000
stock_b2000_full	L1191323	1	1.0000
stock_b2000_full	L1193114	1	0.3478
stock_b2000_full	L1199746	0	0.9466
stock_b2000_full	L1200221	0	1.0000
stock_b2000_full	L1202868	0	0.9435
stock_b2000_full	L1204301	0	1.0000
stock_b2000_full	L1205470	0	1.0000
stock_b2000_full	L1206005	0	1.0000
stock_b2000_full	L1206932	0	1.0000
stock_b2000_full	L1207765	1	0.7049
stock_b2000_full	L120897	0	1.0000
stock_b2000_full	L1209853	0	1.0000
stock_b2000_full	L1210115	0	1.0000
stock_b2000_full	L1210563	0	1.0000
stock_b2000_full	L1213461	0	1.0000
stock_b2000_full	L12157	0	1.0000
stock_b2000_full	L1215767	1	1.0000
stock_b2000_full	L12163	0	1.0000
stock_b2000_full	L121659	0	1.0000
stock_b2000_full	L1216609	1	1.0000
stock_b2000_full	L1218138	0	1.0000
stock_b2000_full	L1218431	1	1.0000
stock_b2000_full	L1222546	1	0.7557
stock_b2000_full	L1223429	1	1.0000
stock_b2000_full	L1223462	1	1.0000
stock_b2000_full	L1226687	0	1.0000
stock_b2000_full	L1226989	1	1.0000
stock_b2000_full	L1227471	0	1.0000
stock_b2000_full	L1229432	0	1.0000
stock_b2000_full	L1233719	0	0.7618
stock_b2000_full	L1234526	0	1.0000
stock_b2000_full	L1235162	1	0.9655
stock_b2000_full	L1236957	0	1.0000
stock_b2000_full	L1244324	0	1.0000
stock_b2000_full	L1244973	0	1.0000
stock_b2000_full	L1246142	0	1.0000
stock_b2000_full	L1249052	0	1.0000
stock_b2000_full	L1249957	1	0.7332
stock_b2000_full	L1253500	0	1.0000
stock_b2000_full	L1254087	0	1.0000
stock_b2000_full	L1256996	0	1.0000
stock_b2000_full	L1259882	0	1.0000
stock_b2000_full	L1268226	0	1.0000
stock_b2000_full	L1268725	0	1.0000
stock_b2000_full	L1271254	0	1.0000
stock_b2000_full	L1271409	0	1.0000
stock_b2000_full	L127156	6	1.0000
stock_b2000_full	L1273089	0	0.9462
stock_b2000_full	L1273188	0	0.6663
stock_b2000_full	L127409	0	1.0000
stock_b2000_full	L1274249	0	1.0000
stock_b2000_full	L1275193	1	0.8137
stock_b2000_full	L1277797	0	1.0000
stock_b2000_full	L1281298	1	0.5801
stock_b2000_full	L1281831	0	1.0000
stock_b2000_full	L12848	0	1.0000
stock_b2000_full	L1288345	0	1.0000
stock_b2000_full	L1288962	0	1.0000
stock_b2000_full	L1291073	0	1.0000
stock_b2000_full	L129489	0	1.0000
stock_b2000_full	L1295495	0	1.0000
stock_b2000_full	L1296033	1	0.9800
stock_b2000_full	L1296246	0	1.0000
stock_b2000_full	L1298804	0	1.0000
stock_b2000_full	L129889	1	0.6086
stock_b2000_full	L129894	1	0.6870
stock_b2000_full	L1302233	1	0.9641
stock_b2000_full	L1302756	0	1.0000
stock_b2000_full	L1305953	0	1.0000
stock_b2000_full	L1307629	0	1.0000
stock_b2000_full	L1311821	0	0.9874
stock_b2000_full	L1312129	1	0.5168
stock_b2000_full	L1313657	1	1.0000
stock_b2000_full	L1317866	0	1.0000
stock_b2000_full	L1319065	0	1.0000
stock_b2000_full	L1319342	0	1.0000
stock_b2000_full	L1321240	0	1.0000
stock_b2000_full	L1321927	0	1.0000
stock_b2000_full	L1322095	1	0.9675
stock_b2000_full	L1322919	0	1.0000
stock_b2000_full	L132444	0	1.0000
stock_b2000_full	L1328011	0	1.0000
stock_b2000_full	L132859	0	1.0000
stock_b2000_full	L1333077	0	1.0000
stock_b2000_full	L1333869	0	1.0000
stock_b2000_full	L1336242	0	1.0000
stock_b2000_full	L1336592	0	1.0000
stock_b2000_full	L1336811	1	0.6070
stock_b2000_full	L1337441	0	1.0000
stock_b2000_full	L1337876	0	1.0000
stock_b2000_full	L1339988	1	1.0000
stock_b2000_full	L134043	0	1.0000
stock_b2000_full	L1345336	0	1.0000
stock_b2000_full	L1346006	0	1.0000
stock_b2000_full	L1347203	1	1.0000
stock_b2000_full	L134750	0	0.9258
stock_b2000_full	L1349951	0	1.0000
stock_b2000_full	L135606	0	1.0000
stock_b2000_full	L1359737	1	0.9260
stock_b2000_full	L1359885	0	1.0000
stock_b2000_full	L1364769	0	1.0000
stock_b2000_full	L1367051	0	1.0000
stock_b2000_full	L1370889	0	0.5524
stock_b2000_full	L1371345	0	1.0000
stock_b2000_full	L137216	1	1.0000
stock_b2000_full	L1374223	0	1.0000
stock_b2000_full	L1374668	0	1.0000
stock_b2000_full	L1375718	0	1.0000
stock_b2000_full	L138026	1	1.0000
stock_b2000_full	L1381564	0	1.0000
stock_b2000_full	L1382755	1	1.0000
stock_b2000_full	L1383713	0	1.0000
stock_b2000_full	L1384799	0	1.0000
stock_b2000_full	L1385247	0	1.0000
stock_b2000_full	L1385993	0	1.0000
stock_b2000_full	L1386308	1	1.0000
stock_b2000_full	L1393102	0	1.0000
stock_b2000_full	L1393473	0	1.0000
stock_b2000_full	L1395501	0	1.0000
stock_b2000_full	L1396567	0	1.0000
stock_b2000_full	L139823	0	1.0000
stock_b2000_full	L1398710	1	1.0000
stock_b2000_full	L1401969	0	1.0000
stock_b2000_full	L140451	0	1.0000
stock_b2000_full	L140523	0	1.0000
stock_b2000_full	L1405833	0	1.0000
stock_b2000_full	L1406124	0	1.0000
stock_b2000_full	L1408446	0	0.9974
stock_b2000_full	L1414087	0	1.0000
stock_b2000_full	L1414670	0	1.0000
stock_b2000_full	L1427937	0	0.4420
stock_b2000_full	L1432075	0	0.9752
stock_b2000_full	L1433990	0	1.0000
stock_b2000_full	L1436612	0	0.9997
stock_b2000_full	L1437018	0	1.0000
stock_b2000_full	L1437092	0	1.0000
stock_b2000_full	L1438034	0	1.0000
stock_b2000_full	L1441109	0	1.0000
stock_b2000_full	L1443886	0	1.0000
stock_b2000_full	L1447645	0	1.0000
stock_b2000_full	L1447799	0	1.0000
stock_b2000_full	L1456105	0	1.0000
stock_b2000_full	L1460805	0	1.0000
stock_b2000_full	L1461137	0	1.0000
stock_b2000_full	L1463034	0	1.0000
stock_b2000_full	L1463212	0	1.0000
stock_b2000_full	L1466388	0	1.0000
stock_b2000_full	L1467157	0	1.0000
stock_b2000_full	L1469232	1	1.0000
stock_b2000_full	L1470463	1	0.5435
stock_b2000_full	L1471165	0	0.9359
stock_b2000_full	L1472014	1	1.0000
stock_b2000_full	L1472713	0	1.0000
stock_b2000_full	L1477149	0	1.0000
stock_b2000_full	L1478	1	0.9432
stock_b2000_full	L1479751	0	1.0000
stock_b2000_full	L148298	0	1.0000
stock_b2000_full	L1483366	0	1.0000
stock_b2000_full	L1485382	0	1.0000
stock_b2000_full	L1485505	0	1.0000
stock_b2000_full	L1486236	0	1.0000
stock_b2000_full	L1486972	0	1.0000
stock_b2000_full	L1489403	0	1.0000
stock_b2000_full	L1491379	0	1.0000
stock_b2000_full	L1491419	0	1.0000
stock_b2000_full	L1492852	0	1.0000
stock_b2000_full	L1493725	0	1.0000
stock_b2000_full	L1494355	0	0.5094
stock_b2000_full	L1496468	0	0.7077
stock_b2000_full	L1496688	1	0.9842
stock_b2000_full	L1499308	0	1.0000
stock_b2000_full	L1499442	0	1.0000
stock_b2000_full	L1501233	0	1.0000
stock_b2000_full	L150125	0	1.0000
stock_b2000_full	L1505560	1	1.0000
stock_b2000_full	L1507253	0	1.0000
stock_b2000_full	L1507813	0	1.0000
stock_b2000_full	L1509077	0	1.0000
stock_b2000_full	L1509421	0	1.0000
stock_b2000_full	L151054	1	0.5083
stock_b2000_full	L1511044	0	1.0000
stock_b2000_full	L1511216	0	1.0000
stock_b2000_full	L1516526	0	0.6055
stock_b2000_full	L1519249	0	0.9999
stock_b2000_full	L152214	0	1.0000
stock_b2000_full	L1524073	0	1.0000
stock_b2000_full	L1524858	0	1.0000
stock_b2000_full	L1529356	0	1.0000
stock_b2000_full	L1532590	1	1.0000
stock_b2000_full	L1541613	0	1.0000
stock_b2000_full	L1544574	0	1.0000
stock_b2000_full	L1549024	0	1.0000
stock_b2000_full	L1551652	0	1.0000
stock_b2000_full	L1552258	1	0.7061
stock_b2000_full	L1555218	0	1.0000
stock_b2000_full	L1555419	0	0.8064
stock_b2000_full	L1557526	0	1.0000
stock_b2000_full	L1560322	0	1.0000
stock_b2000_full	L1560376	0	1.0000
stock_b2000_full	L1560763	1	1.0000
stock_b2000_full	L1566484	0	1.0000
stock_b2000_full	L1571939	0	1.0000
stock_b2000_full	L1579304	0	1.0000
stock_b2000_full	L1582185	1	0.7796
stock_b2000_full	L1586191	0	1.0000
stock_b2000_full	L1587457	0	1.0000
stock_b2000_full	L15876	0	1.0000
stock_b2000_full	L1587747	0	1.0000
stock_b2000_full	L1588237	2	0.6755
stock_b2000_full	L1588825	0	1.0000
stock_b2000_full	L159056	1	0.7515
stock_b2000_full	L1590560	1	0.3349
stock_b2000_full	L1591450	0	1.0000
stock_b2000_full	L1593143	0	1.0000
stock_b2000_full	L1596884	0	1.0000
stock_b2000_full	L1598768	0	1.0000
stock_b2000_full	L1598930	0	1.0000
stock_b2000_full	L1601341	1	0.4921
stock_b2000_full	L1602543	0	1.0000
stock_b2000_full	L1604821	0	1.0000
stock_b2000_full	L1604892	0	1.0000
stock_b2000_full	L1605370	0	0.9122
stock_b2000_full	L1606583	0	1.0000
stock_b2000_full	L1608076	0	1.0000
stock_b2000_full	L1608273	1	0.9484
stock_b2000_full	L1609727	0	0.9408
stock_b2000_full	L1609811	0	0.9951
stock_b2000_full	L161032	0	1.0000
stock_b2000_full	L1612957	1	1.0000
stock_b2000_full	L1613091	0	1.0000
stock_b2000_full	L1613268	0	1.0000
stock_b2000_full	L1615851	0	1.0000
stock_b2000_full	L1622057	0	1.0000
stock_b2000_full	L162246	0	1.0000
stock_b2000_full	L1622713	0	1.0000
stock_b2000_full	L1625450	0	1.0000
stock_b2000_full	L162554	1	1.0000
stock_b2000_full	L1627209	0	1.0000
stock_b2000_full	L1631328	0	1.0000
stock_b2000_full	L1635519	0	1.0000
stock_b2000_full	L1639521	0	1.0000
stock_b2000_full	L1639821	0	1.0000
stock_b2000_full	L1642967	0	1.0000
stock_b2000_full	L1644769	0	1.0000
stock_b2000_full	L1646853	0	1.0000
stock_b2000_full	L1647874	1	1.0000
stock_b2000_full	L1648895	3	0.6919
stock_b2000_full	L1650875	0	1.0000
stock_b2000_full	L1652039	0	0.9365
stock_b2000_full	L1652815	1	0.5231
stock_b2000_full	L1653263	1	1.0000
stock_b2000_full	L1655965	0	1.0000
stock_b2000_full	L1657402	0	0.9999
stock_b2000_full	L1661513	0	1.0000
stock_b2000_full	L1662120	1	1.0000
stock_b2000_full	L1663767	1	0.9902
stock_b2000_full	L1668184	1	1.0000
stock_b2000_full	L1669571	1	0.6027
stock_b2000_full	L1670085	1	0.3729
stock_b2000_full	L1674481	0	1.0000
stock_b2000_full	L1677218	0	0.9991
stock_b2000_full	L1682161	0	1.0000
stock_b2000_full	L1684393	0	1.0000
stock_b2000_full	L1685887	1	0.9994
stock_b2000_full	L1686082	0	1.0000
stock_b2000_full	L1688510	0	1.0000
stock_b2000_full	L1688656	0	1.0000
stock_b2000_full	L1690021	0	1.0000
stock_b2000_full	L1693386	0	0.9999
stock_b2000_full	L169487	0	1.0000
stock_b2000_full	L1695888	0	1.0000
stock_b2000_full	L1698718	0	1.0000
stock_b2000_full	L1701935	0	0.5842
stock_b2000_full	L1705819	0	1.0000
stock_b2000_full	L1709335	0	1.0000
stock_b2000_full	L171130	0	0.9921
stock_b2000_full	L1712949	1	0.7555
stock_b2000_full	L1714919	1	1.0000
stock_b2000_full	L171690	1	0.6502
stock_b2000_full	L1718810	0	1.0000
stock_b2000_full	L1719751	0	1.0000
stock_b2000_full	L1720850	0	0.9794
stock_b2000_full	L1723923	0	1.0000
stock_b2000_full	L1725020	1	1.0000
stock_b2000_full	L1725041	1	1.0000
stock_b2000_full	L1726323	1	1.0000
stock_b2000_full	L1727858	0	1.0000
stock_b2000_full	L1729303	0	0.9671
stock_b2000_full	L1730490	1	1.0000
stock_b2000_full	L1732200	0	1.0000
stock_b2000_full	L1732882	0	1.0000
stock_b2000_full	L1735731	0	1.0000
stock_b2000_full	L173687	0	1.0000
stock_b2000_full	L1737129	0	1.0000
stock_b2000_full	L1737199	0	1.0000
stock_b2000_full	L1737288	0	1.0000
stock_b2000_full	L1737697	0	1.0000
stock_b2000_full	L1739165	1	1.0000
stock_b2000_full	L1742077	1	0.8275
stock_b2000_full	L1743059	0	1.0000
stock_b2000_full	L1744739	0	1.0000
stock_b2000_full	L1745406	0	1.0000
stock_b2000_full	L1747911	1	0.5803
stock_b2000_full	L174794	0	1.0000
stock_b2000_full	L1750070	0	1.0000
stock_b2000_full	L175284	0	1.0000
stock_b2000_full	L1752952	0	0.9499
stock_b2000_full	L1753490	0	0.9920
stock_b2000_full	L1753843	1	0.6324
stock_b2000_full	L1759493	1	0.9957
stock_b2000_full	L1765301	0	1.0000
stock_b2000_full	L1765363	0	1.0000
stock_b2000_full	L1767300	0	0.8276
stock_b2000_full	L1768658	0	1.0000
stock_b2000_full	L1769532	1	0.6508
stock_b2000_full	L1769550	0	0.7024
stock_b2000_full	L1770605	0	1.0000
stock_b2000_full	L1771311	1	1.0000
stock_b2000_full	L1772017	0	1.0000
stock_b2000_full	L1773543	0	0.7736
stock_b2000_full	L1773916	0	1.0000
stock_b2000_full	L1775636	1	0.6293
stock_b2000_full	L177799	0	1.0000
stock_b2000_full	L1778413	0	1.0000
stock_b2000_full	L1787007	0	1.0000
stock_b2000_full	L1790401	1	0.5219
stock_b2000_full	L1791936	0	0.9999
stock_b2000_full	L1792207	0	1.0000
stock_b2000_full	L1792659	0	1.0000
stock_b2000_full	L1794068	0	1.0000
stock_b2000_full	L1795358	0	0.8688
stock_b2000_full	L1796850	0	1.0000
stock_b2000_full	L179746	1	0.6446
stock_b2000_full	L1798544	0	1.0000
stock_b2000_full	L1799442	0	1.0000
stock_b2000_full	L1799810	0	0.9996
stock_b2000_full	L1801178	1	1.0000
stock_b2000_full	L1801760	0	1.0000
stock_b2000_full	L1802047	1	1.0000
stock_b2000_full	L1804120	0	1.0000
stock_b2000_full	L1811318	0	1.0000
stock_b2000_full	L1811952	1	1.0000
stock_b2000_full	L1812704	0	1.0000
stock_b2000_full	L1814498	0	1.0000
stock_b2000_full	L1817250	0	1.0000
stock_b2000_full	L1818712	0	1.0000
stock_b2000_full	L1821293	0	0.7754
stock_b2000_full	L182449	0	1.0000
stock_b2000_full	L1825114	0	1.0000
stock_b2000_full	L1826149	0	0.9866
stock_b2000_full	L1826657	0	0.9653
stock_b2000_full	L1830940	0	1.0000
stock_b2000_full	L1832293	0	1.0000
stock_b2000_full	L1837363	0	1.0000
stock_b2000_full	L1839404	1	1.0000
stock_b2000_full	L1840072	1	0.9761
stock_b2000_full	L1848244	0	1.0000
stock_b2000_full	L1848626	0	1.0000
stock_b2000_full	L1849088	0	1.0000
stock_b2000_full	L1849758	1	0.5996
stock_b2000_full	L1851112	0	1.0000
stock_b2000_full	L1858638	0	1.0000
stock_b2000_full	L1864914	0	1.0000
stock_b2000_full	L1866695	0	1.0000
stock_b2000_full	L186789	0	1.0000
stock_b2000_full	L1867920	1	1.0000
stock_b2000_full	L1869414	0	1.0000
stock_b2000_full	L1870045	0	1.0000
stock_b2000_full	L1876859	0	1.0000
stock_b2000_full	L1879565	0	1.0000
stock_b2000_full	L1880643	0	0.5109
stock_b2000_full	L1883051	0	0.8720
stock_b2000_full	L1883207	0	1.0000
stock_b2000_full	L1884097	1	0.8689
stock_b2000_full	L1885861	0	1.0000
stock_b2000_full	L1886890	0	1.0000
stock_b2000_full	L1888222	0	1.0000
stock_b2000_full	L1890397	0	1.0000
stock_b2000_full	L1891326	1	0.9781
stock_b2000_full	L1891911	0	1.0000
stock_b2000_full	L189215	0	0.9453
stock_b2000_full	L1893124	0	1.0000
stock_b2000_full	L1895099	0	1.0000
stock_b2000_full	L1899272	1	1.0000
stock_b2000_full	L1903273	1	1.0000
stock_b2000_full	L1906047	0	1.0000
stock_b2000_full	L1907735	0	1.0000
stock_b2000_full	L1908855	0	1.0000
stock_b2000_full	L1908990	0	1.0000
stock_b2000_full	L191026	1	0.9460
stock_b2000_full	L191114	1	0.9751
stock_b2000_full	L1912592	0	1.0000
stock_b2000_full	L1912663	0	1.0000
stock_b2000_full	L1912864	1	1.0000
stock_b2000_full	L1914580	0	0.9979
stock_b2000_full	L1915361	0	1.0000
stock_b2000_full	L1916208	1	0.8358
stock_b2000_full	L1916614	0	1.0000
stock_b2000_full	L1918666	0	1.0000
stock_b2000_full	L192226	1	1.0000
stock_b2000_full	L192344	0	1.0000
stock_b2000_full	L1924733	1	0.6790
stock_b2000_full	L1925390	0	0.9338
stock_b2000_full	L1926543	0	1.0000
stock_b2000_full	L1926777	0	1.0000
stock_b2000_full	L1930199	1	0.8632
stock_b2000_full	L1930682	0	1.0000
stock_b2000_full	L1931524	0	1.0000
stock_b2000_full	L1931575	0	1.0000
stock_b2000_full	L1932786	0	1.0000
stock_b2000_full	L1935552	0	1.0000
stock_b2000_full	L1940388	0	0.9847
stock_b2000_full	L1942057	0	1.0000
stock_b2000_full	L1942729	1	1.0000
stock_b2000_full	L1943330	0	1.0000
stock_b2000_full	L1943510	0	1.0000
stock_b2000_full	L194417	0	1.0000
stock_b2000_full	L1944174	0	1.0000
stock_b2000_full	L1947348	0	1.0000
stock_b2000_full	L1949352	0	1.0000
stock_b2000_full	L1950763	1	1.0000
stock_b2000_full	L1952119	0	1.0000
stock_b2000_full	L195329	0	1.0000
stock_b2000_full	L1954256	0	1.0000
stock_b2000_full	L1954592	0	1.0000
stock_b2000_full	L1956336	0	1.0000
stock_b2000_full	L1960549	0	1.0000
stock_b2000_full	L1961705	0	1.0000
stock_b2000_full	L196426	0	0.8218
stock_b2000_full	L1964681	2	0.8369
stock_b2000_full	L1964818	0	0.9919
stock_b2000_full	L196522	0	1.0000
stock_b2000_full	L1965259	0	1.0000
stock_b2000_full	L1969773	1	1.0000
stock_b2000_full	L1970176	0	1.0000
stock_b2000_full	L1970683	0	1.0000
stock_b2000_full	L1971246	0	1.0000
stock_b2000_full	L1974484	0	1.0000
stock_b2000_full	L1975236	0	1.0000
stock_b2000_full	L1976938	0	1.0000
stock_b2000_full	L1979502	1	0.9863
stock_b2000_full	L1982152	0	1.0000
stock_b2000_full	L1983364	0	1.0000
stock_b2000_full	L1987108	0	1.0000
stock_b2000_full	L1988240	0	1.0000
stock_b2000_full	L1993480	0	1.0000
stock_b2000_full	L1997288	1	1.0000
stock_b2000_full	L202779	0	1.0000
stock_b2000_full	L203024	0	1.0000
stock_b2000_full	L203055	0	1.0000
stock_b2000_full	L203427	0	1.0000
stock_b2000_full	L204207	0	1.0000
stock_b2000_full	L206162	1	1.0000
stock_b2000_full	L206291	0	1.0000
stock_b2000_full	L208103	0	0.9067
stock_b2000_full	L212706	0	1.0000
stock_b2000_full	L215236	1	0.3751
stock_b2000_full	L217232	0	1.0000
stock_b2000_full	L219855	2	0.9737
stock_b2000_full	L222503	0	1.0000
stock_b2000_full	L223078	0	1.0000
stock_b2000_full	L224386	0	1.0000
stock_b2000_full	L226823	0	1.0000
stock_b2000_full	L229848	1	1.0000
stock_b2000_full	L234068	0	1.0000
stock_b2000_full	L234358	0	1.0000
stock_b2000_full	L235827	0	1.0000
stock_b2000_full	L241922	0	0.9859
stock_b2000_full	L244167	0	1.0000
stock_b2000_full	L246252	0	1.0000
stock_b2000_full	L246615	0	1.0000
stock_b2000_full	L250491	0	1.0000
stock_b2000_full	L25148	0	1.0000
stock_b2000_full	L252565	0	1.0000
stock_b2000_full	L252740	0	0.9974
stock_b2000_full	L254881	1	0.9725
stock_b2000_full	L254921	1	0.9310
stock_b2000_full	L255184	0	0.9987
stock_b2000_full	L261281	0	1.0000
stock_b2000_full	L261593	2	0.5554
stock_b2000_full	L265738	0	1.0000
stock_b2000_full	L266704	0	1.0000
stock_b2000_full	L268711	0	1.0000
stock_b2000_full	L2753	0	1.0000
stock_b2000_full	L276686	0	1.0000
stock_b2000_full	L276932	0	1.0000
stock_b2000_full	L283567	0	1.0000
stock_b2000_full	L283821	0	1.0000
stock_b2000_full	L285782	0	1.0000
stock_b2000_full	L286111	0	1.0000
stock_b2000_full	L287950	1	0.6856
stock_b2000_full	L291918	0	1.0000
stock_b2000_full	L292129	0	0.7776
stock_b2000_full	L292548	0	0.8871
stock_b2000_full	L292863	0	1.0000
stock_b2000_full	L296516	0	1.0000
stock_b2000_full	L300887	0	1.0000
stock_b2000_full	L303947	0	1.0000
stock_b2000_full	L310800	0	1.0000
stock_b2000_full	L311177	0	1.0000
stock_b2000_full	L312164	0	0.7998
stock_b2000_full	L312598	1	0.3800
stock_b2000_full	L312652	0	0.9556
stock_b2000_full	L312971	0	1.0000
stock_b2000_full	L314589	1	0.5912
stock_b2000_full	L315824	0	1.0000
stock_b2000_full	L316559	0	1.0000
stock_b2000_full	L316830	0	1.0000
stock_b2000_full	L317667	0	1.0000
stock_b2000_full	L317918	0	0.9979
stock_b2000_full	L318506	0	1.0000
stock_b2000_full	L31880	0	0.9999
stock_b2000_full	L320498	1	1.0000
stock_b2000_full	L324044	0	1.0000
stock_b2000_full	L324251	0	1.0000
stock_b2000_full	L326217	0	1.0000
stock_b2000_full	L326411	0	1.0000
stock_b2000_full	L327637	0	1.0000
stock_b2000_full	L328091	0	1.0000
stock_b2000_full	L328588	1	1.0000
stock_b2000_full	L336455	0	1.0000
stock_b2000_full	L339807	0	1.0000
stock_b2000_full	L344836	0	0.6767
stock_b2000_full	L344866	0	0.7015
stock_b2000_full	L345604	1	0.9826
stock_b2000_full	L345618	1	0.9989
stock_b2000_full	L346137	0	1.0000
stock_b2000_full	L346812	0	1.0000
stock_b2000_full	L347499	0	1.0000
stock_b2000_full	L350046	0	1.0000
stock_b2000_full	L350778	0	1.0000
stock_b2000_full	L353558	0	0.9973
stock_b2000_full	L356036	1	0.9684
stock_b2000_full	L356521	0	0.9999
stock_b2000_full	L358105	0	1.0000
stock_b2000_full	L362575	0	1.0000
stock_b2000_full	L363535	1	1.0000
stock_b2000_full	L365492	0	1.0000
stock_b2000_full	L370362	0	1.0000
stock_b2000_full	L371034	0	1.0000
stock_b2000_full	L371285	0	0.9841
stock_b2000_full	L37304	0	1.0000
stock_b2000_full	L375096	0	1.0000
stock_b2000_full	L377059	0	1.0000
stock_b2000_full	L378276	0	1.0000
stock_b2000_full	L378760	0	1.0000
stock_b2000_full	L381737	0	1.0000
stock_b2000_full	L383499	1	1.0000
stock_b2000_full	L385407	0	1.0000
stock_b2000_full	L385857	1	1.0000
stock_b2000_full	L387343	1	0.3538
stock_b2000_full	L388473	0	1.0000
stock_b2000_full	L388574	0	1.0000
stock_b2000_full	L391186	1	0.8887
stock_b2000_full	L393092	0	1.0000
stock_b2000_full	L393585	0	1.0000
stock_b2000_full	L395193	0	1.0000
stock_b2000_full	L398354	0	1.0000
stock_b2000_full	L400134	0	1.0000
stock_b2000_full	L401020	0	1.0000
stock_b2000_full	L403345	0	0.9993
stock_b2000_full	L406216	0	0.8621
stock_b2000_full	L408859	1	1.0000
stock_b2000_full	L412899	1	0.9848
stock_b2000_full	L413023	0	1.0000
stock_b2000_full	L416668	0	1.0000
stock_b2000_full	L417704	0	0.9654
stock_b2000_full	L420714	0	0.9475
stock_b2000_full	L421059	0	1.0000
stock_b2000_full	L424212	0	1.0000
stock_b2000_full	L424222	0	1.0000
stock_b2000_full	L428706	0	0.9994
stock_b2000_full	L430076	0	1.0000
stock_b2000_full	L433212	0	1.0000
stock_b2000_full	L440395	0	1.0000
stock_b2000_full	L444119	0	0.8734
stock_b2000_full	L444988	0	1.0000
stock_b2000_full	L446876	0	1.0000
stock_b2000_full	L44824	0	1.0000
stock_b2000_full	L452432	0	1.0000
stock_b2000_full	L454528	0	1.0000
stock_b2000_full	L456725	0	1.0000
stock_b2000_full	L456944	0	1.0000
stock_b2000_full	L457550	0	0.9563
stock_b2000_full	L457956	1	1.0000
stock_b2000_full	L458381	0	1.0000
stock_b2000_full	L459582	1	0.4568
stock_b2000_full	L459755	2	0.7837
stock_b2000_full	L464332	0	1.0000
stock_b2000_full	L466429	0	1.0000
stock_b2000_full	L467481	1	0.9999
stock_b2000_full	L469401	0	1.0000
stock_b2000_full	L472520	0	1.0000
stock_b2000_full	L473747	0	1.0000
stock_b2000_full	L473938	0	1.0000
stock_b2000_full	L474231	0	1.0000
stock_b2000_full	L474923	0	1.0000
stock_b2000_full	L475106	0	1.0000
stock_b2000_full	L475154	0	1.0000
stock_b2000_full	L475467	1	0.5262
stock_b2000_full	L475886	0	1.0000
stock_b2000_full	L482306	0	1.0000
stock_b2000_full	L488158	0	1.0000
stock_b2000_full	L490475	0	1.0000
stock_b2000_full	L491427	0	0.9996
stock_b2000_full	L49176	1	1.0000
stock_b2000_full	L493771	0	1.0000
stock_b2000_full	L494062	0	1.0000
stock_b2000_full	L495340	0	1.0000
stock_b2000_full	L497951	0	1.0000
stock_b2000_full	L502789	0	0.9223
stock_b2000_full	L503437	0	1.0000
stock_b2000_full	L506327	0	1.0000
stock_b2000_full	L507694	1	1.0000
stock_b2000_full	L512101	0	1.0000
stock_b2000_full	L512434	1	0.5492
stock_b2000_full	L513464	0	1.0000
stock_b2000_full	L51442	0	1.0000
stock_b2000_full	L515801	0	0.5644
stock_b2000_full	L517009	0	1.0000
stock_b2000_full	L52027	0	1.0000
stock_b2000_full	L521456	0	1.0000
stock_b2000_full	L523674	1	1.0000
stock_b2000_full	L526178	0	1.0000
stock_b2000_full	L526326	0	1.0000
stock_b2000_full	L526554	0	1.0000
stock_b2000_full	L527149	0	0.4896
stock_b2000_full	L527166	0	0.5569
stock_b2000_full	L529765	0	1.0000
stock_b2000_full	L529835	0	1.0000
stock_b2000_full	L531488	0	1.0000
stock_b2000_full	L531618	0	1.0000
stock_b2000_full	L532585	0	0.9983
stock_b2000_full	L536268	0	1.0000
stock_b2000_full	L537137	0	1.0000
stock_b2000_full	L538751	0	1.0000
stock_b2000_full	L54071	0	1.0000
stock_b2000_full	L542741	0	1.0000
stock_b2000_full	L549351	0	1.0000
stock_b2000_full	L550835	0	1.0000
stock_b2000_full	L554229	0	1.0000
stock_b2000_full	L55570	1	1.0000
stock_b2000_full	L555852	0	1.0000
stock_b2000_full	L560327	1	0.8006
stock_b2000_full	L563200	0	1.0000
stock_b2000_full	L564410	0	1.0000
stock_b2000_full	L566336	0	1.0000
stock_b2000_full	L567906	0	1.0000
stock_b2000_full	L572634	0	1.0000
stock_b2000_full	L573155	0	1.0000
stock_b2000_full	L578914	0	1.0000
stock_b2000_full	L580430	0	1.0000
stock_b2000_full	L583954	0	1.0000
stock_b2000_full	L583966	0	1.0000
stock_b2000_full	L584601	0	1.0000
stock_b2000_full	L585369	0	1.0000
stock_b2000_full	L592310	0	1.0000
stock_b2000_full	L596301	0	1.0000
stock_b2000_full	L606734	0	1.0000
stock_b2000_full	L611423	0	0.8801
stock_b2000_full	L612992	0	1.0000
stock_b2000_full	L614585	0	1.0000
stock_b2000_full	L614901	0	1.0000
stock_b2000_full	L617172	1	0.6356
stock_b2000_full	L6172	0	1.0000
stock_b2000_full	L619139	0	1.0000
stock_b2000_full	L622864	1	0.7675
stock_b2000_full	L625620	1	1.0000
stock_b2000_full	L626370	0	1.0000
stock_b2000_full	L628280	0	1.0000
stock_b2000_full	L629068	0	1.0000
stock_b2000_full	L630016	1	1.0000
stock_b2000_full	L631639	0	1.0000
stock_b2000_full	L633712	0	1.0000
stock_b2000_full	L634203	0	1.0000
stock_b2000_full	L635881	0	1.0000
stock_b2000_full	L640723	0	1.0000
stock_b2000_full	L642903	1	1.0000
stock_b2000_full	L646631	0	1.0000
stock_b2000_full	L646882	0	1.0000
stock_b2000_full	L647279	0	0.9697
stock_b2000_full	L648131	0	1.0000
stock_b2000_full	L649912	0	1.0000
stock_b2000_full	L651987	1	1.0000
stock_b2000_full	L654924	0	1.0000
stock_b2000_full	L655778	0	0.8858
stock_b2000_full	L656138	0	0.9980
stock_b2000_full	L656836	0	1.0000
stock_b2000_full	L658170	1	1.0000
stock_b2000_full	L658943	0	1.0000
stock_b2000_full	L660197	0	1.0000
stock_b2000_full	L669638	0	1.0000
stock_b2000_full	L671026	1	0.7036
stock_b2000_full	L671573	0	1.0000
stock_b2000_full	L673092	0	0.9989
stock_b2000_full	L67588	0	1.0000
stock_b2000_full	L676518	0	0.9146
stock_b2000_full	L676670	1	1.0000
stock_b2000_full	L676732	7	1.0000
stock_b2000_full	L678705	0	1.0000
stock_b2000_full	L680938	0	1.0000
stock_b2000_full	L681748	0	0.9984
stock_b2000_full	L682598	0	1.0000
stock_b2000_full	L685587	0	1.0000
stock_b2000_full	L686599	0	1.0000
stock_b2000_full	L688258	0	1.0000
stock_b2000_full	L689994	0	1.0000
stock_b2000_full	L690892	0	1.0000
stock_b2000_full	L691999	0	1.0000
stock_b2000_full	L693288	0	1.0000
stock_b2000_full	L693741	0	1.0000
stock_b2000_full	L696558	1	1.0000
stock_b2000_full	L699126	0	1.0000
stock_b2000_full	L700583	0	1.0000
stock_b2000_full	L700632	0	1.0000
stock_b2000_full	L702054	0	0.9993
stock_b2000_full	L702280	0	1.0000
stock_b2000_full	L702910	0	1.0000
stock_b2000_full	L70303	0	1.0000
stock_b2000_full	L70480	0	1.0000
stock_b2000_full	L706867	0	0.9999
stock_b2000_full	L70707	0	1.0000
stock_b2000_full	L707104	0	1.0000
stock_b2000_full	L709497	1	1.0000
stock_b2000_full	L710351	0	1.0000
stock_b2000_full	L712623	0	1.0000
stock_b2000_full	L712839	0	1.0000
stock_b2000_full	L714138	0	1.0000
stock_b2000_full	L714322	0	0.3441
stock_b2000_full	L715539	0	1.0000
stock_b2000_full	L722473	0	1.0000
stock_b2000_full	L723388	0	0.9997
stock_b2000_full	L728677	1	1.0000
stock_b2000_full	L731795	0	0.5478
stock_b2000_full	L731901	1	0.7147
stock_b2000_full	L734741	0	1.0000
stock_b2000_full	L735367	0	1.0000
stock_b2000_full	L738514	1	1.0000
stock_b2000_full	L740729	1	0.9516
stock_b2000_full	L741868	0	1.0000
stock_b2000_full	L74196	0	1.0000
stock_b2000_full	L742362	0	1.0000
stock_b2000_full	L743265	0	1.0000
stock_b2000_full	L743865	0	1.0000
stock_b2000_full	L745530	0	1.0000
stock_b2000_full	L749377	0	1.0000
stock_b2000_full	L749553	0	1.0000
stock_b2000_full	L749881	0	1.0000
stock_b2000_full	L750841	0	1.0000
stock_b2000_full	L752916	0	1.0000
stock_b2000_full	L753506	0	1.0000
stock_b2000_full	L754882	0	1.0000
stock_b2000_full	L756452	0	1.0000
stock_b2000_full	L757	1	0.9989
stock_b2000_full	L757428	0	1.0000
stock_b2000_full	L757843	1	1.0000
stock_b2000_full	L763303	0	1.0000
stock_b2000_full	L763922	0	1.0000
stock_b2000_full	L764727	1	0.4174
stock_b2000_full	L765399	0	0.5912
stock_b2000_full	L765826	0	1.0000
stock_b2000_full	L769281	0	1.0000
stock_b2000_full	L770616	0	1.0000
stock_b2000_full	L771003	0	1.0000
stock_b2000_full	L771549	0	0.9708
stock_b2000_full	L77697	0	1.0000
stock_b2000_full	L780109	0	0.8623
stock_b2000_full	L781799	0	1.0000
stock_b2000_full	L784040	0	1.0000
stock_b2000_full	L785488	1	0.5258
stock_b2000_full	L785780	1	0.4920
stock_b2000_full	L786117	0	1.0000
stock_b2000_full	L786613	0	1.0000
stock_b2000_full	L789103	0	1.0000
stock_b2000_full	L789781	0	1.0000
stock_b2000_full	L791567	0	1.0000
stock_b2000_full	L794707	0	1.0000
stock_b2000_full	L794711	0	1.0000
stock_b2000_full	L795076	0	1.0000
stock_b2000_full	L797681	1	0.6036
stock_b2000_full	L798494	1	0.6544
stock_b2000_full	L799617	0	1.0000
stock_b2000_full	L802353	0	0.9991
stock_b2000_full	L802880	0	1.0000
stock_b2000_full	L804404	0	1.0000
stock_b2000_full	L805905	1	1.0000
stock_b2000_full	L806221	1	1.0000
stock_b2000_full	L806407	0	1.0000
stock_b2000_full	L806874	1	0.6609
stock_b2000_full	L811086	1	1.0000
stock_b2000_full	L811206	0	1.0000
stock_b2000_full	L813938	0	0.9999
stock_b2000_full	L815854	0	1.0000
stock_b2000_full	L816130	0	1.0000
stock_b2000_full	L816815	1	1.0000
stock_b2000_full	L818653	0	1.0000
stock_b2000_full	L820799	0	1.0000
stock_b2000_full	L820919	0	1.0000
stock_b2000_full	L822339	0	0.9809
stock_b2000_full	L823352	1	1.0000
stock_b2000_full	L823663	0	0.9370
stock_b2000_full	L827607	0	1.0000
stock_b2000_full	L829836	0	1.0000
stock_b2000_full	L829937	0	1.0000
stock_b2000_full	L835568	1	0.5554
stock_b2000_full	L840754	0	0.9998
stock_b2000_full	L840831	1	0.2471
stock_b2000_full	L841410	0	1.0000
stock_b2000_full	L841938	0	1.0000
stock_b2000_full	L842512	0	1.0000
stock_b2000_full	L845989	0	1.0000
stock_b2000_full	L847583	0	1.0000
stock_b2000_full	L849106	0	1.0000
stock_b2000_full	L849313	1	0.9866
stock_b2000_full	L850300	0	1.0000
stock_b2000_full	L85073	0	1.0000
stock_b2000_full	L851546	0	1.0000
stock_b2000_full	L855936	0	1.0000
stock_b2000_full	L857294	1	1.0000
stock_b2000_full	L859511	0	1.0000
stock_b2000_full	L860562	1	0.9578
stock_b2000_full	L861354	0	1.0000
stock_b2000_full	L861634	0	1.0000
stock_b2000_full	L864107	0	1.0000
stock_b2000_full	L874268	0	0.9999
stock_b2000_full	L874681	0	1.0000
stock_b2000_full	L8749	0	0.9454
stock_b2000_full	L875990	1	1.0000
stock_b2000_full	L876833	0	1.0000
stock_b2000_full	L877891	0	1.0000
stock_b2000_full	L87827	0	1.0000
stock_b2000_full	L878542	1	1.0000
stock_b2000_full	L87943	0	1.0000
stock_b2000_full	L879440	0	1.0000
stock_b2000_full	L879572	0	1.0000
stock_b2000_full	L883162	0	1.0000
stock_b2000_full	L8850	0	0.9561
stock_b2000_full	L886332	0	1.0000
stock_b2000_full	L88725	0	0.9285
stock_b2000_full	L889398	1	0.5191
stock_b2000_full	L890492	0	1.0000
stock_b2000_full	L892459	0	1.0000
stock_b2000_full	L892965	0	1.0000
stock_b2000_full	L897680	0	1.0000
stock_b2000_full	L898054	0	1.0000
stock_b2000_full	L898800	0	1.0000
stock_b2000_full	L900309	1	0.9626
stock_b2000_full	L900340	1	0.6047
stock_b2000_full	L90095	0	1.0000
stock_b2000_full	L901268	0	1.0000
stock_b2000_full	L90168	0	1.0000
stock_b2000_full	L904096	0	1.0000
stock_b2000_full	L904706	0	1.0000
stock_b2000_full	L904848	0	0.9993
stock_b2000_full	L906324	0	1.0000
stock_b2000_full	L910015	0	0.9996
stock_b2000_full	L910025	0	0.9276
stock_b2000_full	L916610	0	1.0000
stock_b2000_full	L917431	0	1.0000
stock_b2000_full	L91807	0	1.0000
stock_b2000_full	L921960	0	1.0000
stock_b2000_full	L925371	0	1.0000
stock_b2000_full	L92746	0	0.9801
stock_b2000_full	L927572	0	1.0000
stock_b2000_full	L928531	0	0.8473
stock_b2000_full	L93166	0	1.0000
stock_b2000_full	L936199	0	0.9999
stock_b2000_full	L936283	0	1.0000
stock_b2000_full	L936413	0	1.0000
stock_b2000_full	L937888	0	1.0000
stock_b2000_full	L938648	0	0.5631
stock_b2000_full	L944032	0	1.0000
stock_b2000_full	L945801	0	1.0000
stock_b2000_full	L945932	0	1.0000
stock_b2000_full	L948511	0	1.0000
stock_b2000_full	L952087	0	1.0000
stock_b2000_full	L95371	0	1.0000
stock_b2000_full	L957382	0	0.9893
stock_b2000_full	L959258	0	0.9875
stock_b2000_full	L959631	1	0.9999
stock_b2000_full	L959635	1	0.9996
stock_b2000_full	L965682	0	1.0000
stock_b2000_full	L966262	0	1.0000
stock_b2000_full	L967666	0	0.9944
stock_b2000_full	L968043	0	1.0000
stock_b2000_full	L969445	1	0.5105
stock_b2000_full	L971021	0	1.0000
stock_b2000_full	L975763	0	1.0000
stock_b2000_full	L97827	0	1.0000
stock_b2000_full	L978999	0	1.0000
stock_b2000_full	L979090	0	1.0000
stock_b2000_full	L979235	0	1.0000
stock_b2000_full	L982465	1	1.0000
stock_b2000_full	L98298	0	1.0000
stock_b2000_full	L988833	0	1.0000
stock_b2000_full	L993157	0	1.0000
stock_b2000_full	L99635	1	0.8293
stock_b2000_full	L998320	0	1.0000
stock_b5000_frag	L1002218	0	1.0000
stock_b5000_frag	L100440	6	0.5303
stock_b5000_frag	L1005950	0	1.0000
stock_b5000_frag	L100995	1	1.0000
stock_b5000_frag	L1011290	1	1.0000
stock_b5000_frag	L1011861	1	1.0000
stock_b5000_frag	L10149	9	1.0000
stock_b5000_frag	L101648	2	0.7901
stock_b5000_frag	L1021726	2	1.0000
stock_b5000_frag	L102408	0	1.0000
stock_b5000_frag	L1024268	1	1.0000
stock_b5000_frag	L10251	12	1.0000
stock_b5000_frag	L1027173	3	0.9717
stock_b5000_frag	L1030523	0	1.0000
stock_b5000_frag	L1030919	2	1.0000
stock_b5000_frag	L103388	0	1.0000
stock_b5000_frag	L1034823	1	1.0000
stock_b5000_frag	L1038962	0	1.0000
stock_b5000_frag	L103916	0	1.0000
stock_b5000_frag	L1042693	4	0.4391
stock_b5000_frag	L1046764	2	1.0000
stock_b5000_frag	L1047401	2	1.0000
stock_b5000_frag	L1049690	0	1.0000
stock_b5000_frag	L10510	0	1.0000
stock_b5000_frag	L1055385	2	0.9998
stock_b5000_frag	L1056345	2	1.0000
stock_b5000_frag	L1057201	0	1.0000
stock_b5000_frag	L1057393	0	1.0000
stock_b5000_frag	L1060190	1	1.0000
stock_b5000_frag	L1063723	0	1.0000
stock_b5000_frag	L1064762	0	0.9991
stock_b5000_frag	L1066087	1	1.0000
stock_b5000_frag	L106610	2	0.8769
stock_b5000_frag	L1067332	0	0.9970
stock_b5000_frag	L1068161	2	1.0000
stock_b5000_frag	L1069418	0	1.0000
stock_b5000_frag	L1071065	7	1.0000
stock_b5000_frag	L1074081	1	0.5971
stock_b5000_frag	L1074481	0	0.9999
stock_b5000_frag	L1075882	0	1.0000
stock_b5000_frag	L1076434	2	1.0000
stock_b5000_frag	L1076881	2	0.7780
stock_b5000_frag	L1079220	1	0.9947
stock_b5000_frag	L1082973	3	1.0000
stock_b5000_frag	L1083369	1	0.7667
stock_b5000_frag	L1084248	0	1.0000
stock_b5000_frag	L1085230	2	1.0000
stock_b5000_frag	L1087088	4	0.5593
stock_b5000_frag	L1087228	3	1.0000
stock_b5000_frag	L1089145	4	1.0000
stock_b5000_frag	L1091489	1	0.6709
stock_b5000_frag	L1092106	6	1.0000
stock_b5000_frag	L1092311	1	0.9956
stock_b5000_frag	L1092484	2	1.0000
stock_b5000_frag	L1092539	2	0.6096
stock_b5000_frag	L109260	0	1.0000
stock_b5000_frag	L1094932	1	1.0000
stock_b5000_frag	L1096662	0	1.0000
stock_b5000_frag	L1099514	1	0.4253
stock_b5000_frag	L1101145	0	1.0000
stock_b5000_frag	L1102329	2	1.0000
stock_b5000_frag	L1103403	2	0.9320
stock_b5000_frag	L1104287	1	1.0000
stock_b5000_frag	L1105488	0	0.9958
stock_b5000_frag	L1112429	1	0.7272
stock_b5000_frag	L1113572	8	1.0000
stock_b5000_frag	L1116526	2	1.0000
stock_b5000_frag	L1117241	1	0.9371
stock_b5000_frag	L1118153	1	1.0000
stock_b5000_frag	L1118243	3	1.0000
stock_b5000_frag	L1118908	4	1.0000
stock_b5000_frag	L1119584	3	0.9952
stock_b5000_frag	L112024	0	1.0000
stock_b5000_frag	L1125241	1	1.0000
stock_b5000_frag	L1126546	1	0.9051
stock_b5000_frag	L112658	0	0.9659
stock_b5000_frag	L1132042	5	1.0000
stock_b5000_frag	L1132216	1	1.0000
stock_b5000_frag	L1133030	1	0.7991
stock_b5000_frag	L1133950	1	1.0000
stock_b5000_frag	L1135903	0	0.9991
stock_b5000_frag	L1138787	1	1.0000
stock_b5000_frag	L1141407	3	1.0000
stock_b5000_frag	L1142807	0	1.0000
stock_b5000_frag	L1143013	2	1.0000
stock_b5000_frag	L1145504	1	0.6116
stock_b5000_frag	L1146653	0	1.0000
stock_b5000_frag	L1152702	1	0.8515
stock_b5000_frag	L1154243	0	1.0000
stock_b5000_frag	L1162324	0	1.0000
stock_b5000_frag	L1165463	1	1.0000
stock_b5000_frag	L1168233	0	1.0000
stock_b5000_frag	L1171802	3	1.0000
stock_b5000_frag	L1172998	0	1.0000
stock_b5000_frag	L1173044	2	1.0000
stock_b5000_frag	L1176288	2	0.5483
stock_b5000_frag	L1177377	0	1.0000
stock_b5000_frag	L1182959	0	0.9984
stock_b5000_frag	L11844	3	0.9736
stock_b5000_frag	L1184628	2	1.0000
stock_b5000_frag	L1188622	1	1.0000
stock_b5000_frag	L1189724	2	0.5581
stock_b5000_frag	L1191323	5	1.0000
stock_b5000_frag	L1193114	1	0.6736
stock_b5000_frag	L1199746	1	0.9916
stock_b5000_frag	L1200221	0	1.0000
stock_b5000_frag	L1202868	1	0.7843
stock_b5000_frag	L1204301	0	0.9306
stock_b5000_frag	L1205470	0	1.0000
stock_b5000_frag	L1206005	2	0.9994
stock_b5000_frag	L1206932	0	0.6711
stock_b5000_frag	L1207765	2	1.0000
stock_b5000_frag	L120897	0	0.9702
stock_b5000_frag	L1209853	1	1.0000
stock_b5000_frag	L1210115	0	0.5862
stock_b5000_frag	L1210563	0	1.0000
stock_b5000_frag	L1213461	1	1.0000
stock_b5000_frag	L12157	0	1.0000
stock_b5000_frag	L1215767	0	1.0000
stock_b5000_frag	L12163	0	1.0000
stock_b5000_frag	L121659	0	1.0000
stock_b5000_frag	L1216609	1	0.5581
stock_b5000_frag	L1218138	0	1.0000
stock_b5000_frag	L1218431	1	0.9993
stock_b5000_frag	L1222546	0	0.9856
stock_b5000_frag	L1223429	1	1.0000
stock_b5000_frag	L1223462	1	1.0000
stock_b5000_frag	L1226687	1	1.0000
stock_b5000_frag	L1226989	1	0.6059
stock_b5000_frag	L1227471	1	0.6025
stock_b5000_frag	L1229432	4	1.0000
stock_b5000_frag	L1233719	2	1.0000
stock_b5000_frag	L1234526	2	0.9257
stock_b5000_frag	L1235162	4	0.9671
stock_b5000_frag	L1236957	0	1.0000
stock_b5000_frag	L1244324	1	1.0000
stock_b5000_frag	L1244973	0	1.0000
stock_b5000_frag	L1246142	1	0.8660
stock_b5000_frag	L1249052	0	1.0000
stock_b5000_frag	L1249957	1	1.0000
stock_b5000_frag	L1253500	1	1.0000
stock_b5000_frag	L1254087	0	1.0000
stock_b5000_frag	L1256996	0	0.8702
stock_b5000_frag	L1259882	3	1.0000
stock_b5000_frag	L1268226	1	1.0000
stock_b5000_frag	L1268725	0	0.9975
stock_b5000_frag	L1271254	1	0.3362
stock_b5000_frag	L1271409	1	0.8555
stock_b5000_frag	L127156	9	1.0000
stock_b5000_frag	L1273089	4	1.0000
stock_b5000_frag	L1273188	1	0.9538
stock_b5000_frag	L127409	12	1.0000
stock_b5000_frag	L1274249	0	0.9976
stock_b5000_frag	L1275193	0	0.6733
stock_b5000_frag	L1277797	1	1.0000
stock_b5000_frag	L1281298	0	0.8969
stock_b5000_frag	L1281831	1	1.0000
stock_b5000_frag	L12848	0	0.9995
stock_b5000_frag	L1288345	0	1.0000
stock_b5000_frag	L1288962	0	1.0000
stock_b5000_frag	L1291073	0	0.9965
stock_b5000_frag	L129489	3	1.0000
stock_b5000_frag	L1295495	1	1.0000
stock_b5000_frag	L1296033	3	0.9986
stock_b5000_frag	L1296246	0	1.0000
stock_b5000_frag	L1298804	0	0.5952
stock_b5000_frag	L129889	1	0.5993
stock_b5000_frag	L129894	1	0.9545
stock_b5000_frag	L1302233	2	1.0000
stock_b5000_frag	L1302756	1	1.0000
stock_b5000_frag	L1305953	0	1.0000
stock_b5000_frag	L1307629	0	1.0000
stock_b5000_frag	L1311821	2	1.0000
stock_b5000_frag	L1312129	2	1.0000
stock_b5000_frag	L1313657	0	0.7895
stock_b5000_frag	L1317866	1	1.0000
stock_b5000_frag	L1319065	0	1.0000
stock_b5000_frag	L1319342	1	0.9185
stock_b5000_frag	L1321240	0	1.0000
stock_b5000_frag	L1321927	2	1.0000
stock_b5000_frag	L1322095	0	0.9886
stock_b5000_frag	L1322919	1	1.0000
stock_b5000_frag	L132444	3	0.7950
stock_b5000_frag	L1328011	0	0.5072
stock_b5000_frag	L132859	0	1.0000
stock_b5000_frag	L1333077	0	1.0000
stock_b5000_frag	L1333869	1	1.0000
stock_b5000_frag	L1336242	0	1.0000
stock_b5000_frag	L1336592	0	1.0000
stock_b5000_frag	L1336811	0	0.4814
stock_b5000_frag	L1337441	1	1.0000
stock_b5000_frag	L1337876	0	1.0000
stock_b5000_frag	L1339988	1	1.0000
stock_b5000_frag	L134043	0	1.0000
stock_b5000_frag	L1345336	1	1.0000
stock_b5000_frag	L1346006	0	1.0000
stock_b5000_frag	L1347203	1	1.0000
stock_b5000_frag	L134750	1	1.0000
stock_b5000_frag	L1349951	1	1.0000
stock_b5000_frag	L135606	8	1.0000
stock_b5000_frag	L1359737	1	0.5095
stock_b5000_frag	L1359885	0	1.0000
stock_b5000_frag	L1364769	0	1.0000
stock_b5000_frag	L1367051	1	1.0000
stock_b5000_frag	L1370889	7	1.0000
stock_b5000_frag	L1371345	0	1.0000
stock_b5000_frag	L137216	0	0.9984
stock_b5000_frag	L1374223	0	1.0000
stock_b5000_frag	L1374668	0	1.0000
stock_b5000_frag	L1375718	2	1.0000
stock_b5000_frag	L138026	1	0.9989
stock_b5000_frag	L1381564	0	1.0000
stock_b5000_frag	L1382755	1	1.0000
stock_b5000_frag	L1383713	0	1.0000
stock_b5000_frag	L1384799	3	1.0000
stock_b5000_frag	L1385247	0	1.0000
stock_b5000_frag	L1385993	1	1.0000
stock_b5000_frag	L1386308	5	1.0000
stock_b5000_frag	L1393102	0	1.0000
stock_b5000_frag	L1393473	0	0.9957
stock_b5000_frag	L1395501	2	1.0000
stock_b5000_frag	L1396567	3	1.0000
stock_b5000_frag	L139823	2	1.0000
stock_b5000_frag	L1398710	2	1.0000
stock_b5000_frag	L1401969	2	1.0000
stock_b5000_frag	L140451	5	0.9317
stock_b5000_frag	L140523	2	1.0000
stock_b5000_frag	L1405833	0	0.9999
stock_b5000_frag	L1406124	1	1.0000
stock_b5000_frag	L1408446	3	1.0000
stock_b5000_frag	L1414087	3	1.0000
stock_b5000_frag	L1414670	0	0.9973
stock_b5000_frag	L1427937	0	1.0000
stock_b5000_frag	L1432075	2	1.0000
stock_b5000_frag	L1433990	1	0.8257
stock_b5000_frag	L1436612	5	1.0000
stock_b5000_frag	L1437018	0	1.0000
stock_b5000_frag	L1437092	0	1.0000
stock_b5000_frag	L1438034	3	0.7601
stock_b5000_frag	L1441109	0	1.0000
stock_b5000_frag	L1443886	1	0.9340
stock_b5000_frag	L1447645	2	0.9653
stock_b5000_frag	L1447799	0	1.0000
stock_b5000_frag	L1456105	0	1.0000
stock_b5000_frag	L1460805	0	1.0000
stock_b5000_frag	L1461137	0	0.9999
stock_b5000_frag	L1463034	1	1.0000
stock_b5000_frag	L1463212	0	0.9595
stock_b5000_frag	L1466388	0	1.0000
stock_b5000_frag	L1467157	1	1.0000
stock_b5000_frag	L1469232	1	1.0000
stock_b5000_frag	L1470463	1	0.7438
stock_b5000_frag	L1471165	3	1.0000
stock_b5000_frag	L1472014	4	1.0000
stock_b5000_frag	L1472713	1	1.0000
stock_b5000_frag	L1477149	1	1.0000
stock_b5000_frag	L1478	2	1.0000
stock_b5000_frag	L1479751	1	1.0000
stock_b5000_frag	L148298	0	1.0000
stock_b5000_frag	L1483366	0	1.0000
stock_b5000_frag	L1485382	1	1.0000
stock_b5000_frag	L1485505	3	1.0000
stock_b5000_frag	L1486236	0	0.9271
stock_b5000_frag	L1486972	1	0.9999
stock_b5000_frag	L1489403	2	1.0000
stock_b5000_frag	L1491379	0	1.0000
stock_b5000_frag	L1491419	0	1.0000
stock_b5000_frag	L1492852	3	1.0000
stock_b5000_frag	L1493725	0	1.0000
stock_b5000_frag	L1494355	10	0.9541
stock_b5000_frag	L1496468	8	1.0000
stock_b5000_frag	L1496688	4	1.0000
stock_b5000_frag	L1499308	7	1.0000
stock_b5000_frag	L1499442	4	1.0000
stock_b5000_frag	L1501233	1	0.8622
stock_b5000_frag	L150125	1	1.0000
stock_b5000_frag	L1505560	0	1.0000
stock_b5000_frag	L1507253	1	1.0000
stock_b5000_frag	L1507813	13	1.0000
stock_b5000_frag	L1509077	0	0.9742
stock_b5000_frag	L1509421	2	1.0000
stock_b5000_frag	L151054	0	1.0000
stock_b5000_frag	L1511044	2	1.0000
stock_b5000_frag	L1511216	0	0.9993
stock_b5000_frag	L1516526	1	1.0000
stock_b5000_frag	L1519249	7	1.0000
stock_b5000_frag	L152214	0	0.9960
stock_b5000_frag	L1524073	4	0.8284
stock_b5000_frag	L1524858	0	1.0000
stock_b5000_frag	L1529356	0	1.0000
stock_b5000_frag	L1532590	1	0.5001
stock_b5000_frag	L1541613	5	1.0000
stock_b5000_frag	L1544574	6	1.0000
stock_b5000_frag	L1549024	2	1.0000
stock_b5000_frag	L1551652	0	0.9997
stock_b5000_frag	L1552258	5	0.9917
stock_b5000_frag	L1555218	0	1.0000
stock_b5000_frag	L1555419	5	1.0000
stock_b5000_frag	L1557526	0	1.0000
stock_b5000_frag	L1560322	0	1.0000
stock_b5000_frag	L1560376	4	1.0000
stock_b5000_frag	L1560763	1	1.0000
stock_b5000_frag	L1566484	1	0.6674
stock_b5000_frag	L1571939	1	1.0000
stock_b5000_frag	L1579304	16	0.5165
stock_b5000_frag	L1582185	5	1.0000
stock_b5000_frag	L1586191	0	1.0000
stock_b5000_frag	L1587457	1	1.0000
stock_b5000_frag	L15876	3	1.0000
stock_b5000_frag	L1587747	0	1.0000
stock_b5000_frag	L1588237	3	1.0000
stock_b5000_frag	L1588825	0	1.0000
stock_b5000_frag	L159056	1	1.0000
stock_b5000_frag	L1590560	6	0.9498
stock_b5000_frag	L1591450	6	1.0000
stock_b5000_frag	L1593143	1	1.0000
stock_b5000_frag	L1596884	0	1.0000
stock_b5000_frag	L1598768	1	0.6360
stock_b5000_frag	L1598930	0	0.9950
stock_b5000_frag	L1601341	3	0.9961
stock_b5000_frag	L1602543	0	1.0000
stock_b5000_frag	L1604821	2	1.0000
stock_b5000_frag	L1604892	2	1.0000
stock_b5000_frag	L1605370	1	1.0000
stock_b5000_frag	L1606583	0	1.0000
stock_b5000_frag	L1608076	0	1.0000
stock_b5000_frag	L1608273	3	0.3355
stock_b5000_frag	L1609727	3	1.0000
stock_b5000_frag	L1609811	1	0.9507
stock_b5000_frag	L161032	0	0.9996
stock_b5000_frag	L1612957	4	0.3919
stock_b5000_frag	L1613091	1	0.4955
stock_b5000_frag	L1613268	1	1.0000
stock_b5000_frag	L1615851	1	0.9995
stock_b5000_frag	L1622057	8	1.0000
stock_b5000_frag	L162246	0	1.0000
stock_b5000_frag	L1622713	1	1.0000
stock_b5000_frag	L1625450	2	1.0000
stock_b5000_frag	L162554	4	1.0000
stock_b5000_frag	L1627209	0	1.0000
stock_b5000_frag	L1631328	6	1.0000
stock_b5000_frag	L1635519	2	1.0000
stock_b5000_frag	L1639521	0	1.0000
stock_b5000_frag	L1639821	0	1.0000
stock_b5000_frag	L1642967	0	0.9835
stock_b5000_frag	L1644769	0	1.0000
stock_b5000_frag	L1646853	1	0.5432
stock_b5000_frag	L1647874	1	0.9923
stock_b5000_frag	L1648895	2	1.0000
stock_b5000_frag	L1650875	2	0.8043
stock_b5000_frag	L1652039	1	0.9871
stock_b5000_frag	L1652815	8	0.6875
stock_b5000_frag	L1653263	3	1.0000
stock_b5000_frag	L1655965	0	1.0000
stock_b5000_frag	L1657402	1	1.0000
stock_b5000_frag	L1661513	8	1.0000
stock_b5000_frag	L1662120	7	1.0000
stock_b5000_frag	L1663767	0	1.0000
stock_b5000_frag	L1668184	1	1.0000
stock_b5000_frag	L1669571	2	1.0000
stock_b5000_frag	L1670085	3	0.5058
stock_b5000_frag	L1674481	0	1.0000
stock_b5000_frag	L1677218	1	0.9687
stock_b5000_frag	L1682161	0	1.0000
stock_b5000_frag	L1684393	0	1.0000
stock_b5000_frag	L1685887	1	0.9561
stock_b5000_frag	L1686082	0	1.0000
stock_b5000_frag	L1688510	2	0.6117
stock_b5000_frag	L1688656	3	1.0000
stock_b5000_frag	L1690021	2	0.8807
stock_b5000_frag	L1693386	12	1.0000
stock_b5000_frag	L169487	1	0.9607
stock_b5000_frag	L1695888	0	0.5816
stock_b5000_frag	L1698718	0	0.7962
stock_b5000_frag	L1701935	5	0.5871
stock_b5000_frag	L1705819	0	1.0000
stock_b5000_frag	L1709335	0	1.0000
stock_b5000_frag	L171130	2	0.9118
stock_b5000_frag	L1712949	1	0.8427
stock_b5000_frag	L1714919	3	0.8620
stock_b5000_frag	L171690	2	0.5477
stock_b5000_frag	L1718810	1	0.6348
stock_b5000_frag	L1719751	7	0.9680
stock_b5000_frag	L1720850	1	0.9942
stock_b5000_frag	L1723923	0	1.0000
stock_b5000_frag	L1725020	1	0.5611
stock_b5000_frag	L1725041	1	1.0000
stock_b5000_frag	L1726323	1	1.0000
stock_b5000_frag	L1727858	2	1.0000
stock_b5000_frag	L1729303	11	1.0000
stock_b5000_frag	L1730490	1	0.9802
stock_b5000_frag	L1732200	0	1.0000
stock_b5000_frag	L1732882	2	1.0000
stock_b5000_frag	L1735731	0	0.9392
stock_b5000_frag	L173687	0	0.9849
stock_b5000_frag	L1737129	1	1.0000
stock_b5000_frag	L1737199	0	1.0000
stock_b5000_frag	L1737288	4	1.0000
stock_b5000_frag	L1737697	1	1.0000
stock_b5000_frag	L1739165	2	0.9315
stock_b5000_frag	L1742077	2	1.0000
stock_b5000_frag	L1743059	2	1.0000
stock_b5000_frag	L1744739	0	0.9968
stock_b5000_frag	L1745406	0	1.0000
stock_b5000_frag	L1747911	6	1.0000
stock_b5000_frag	L174794	4	1.0000
stock_b5000_frag	L1750070	0	1.0000
stock_b5000_frag	L175284	1	1.0000
stock_b5000_frag	L1752952	2	1.0000
stock_b5000_frag	L1753490	4	1.0000
stock_b5000_frag	L1753843	3	1.0000
stock_b5000_frag	L1759493	1	1.0000
stock_b5000_frag	L1765301	0	1.0000
stock_b5000_frag	L1765363	0	1.0000
stock_b5000_frag	L1767300	2	1.0000
stock_b5000_frag	L1768658	1	1.0000
stock_b5000_frag	L1769532	2	1.0000
stock_b5000_frag	L1769550	3	1.0000
stock_b5000_frag	L1770605	1	1.0000
stock_b5000_frag	L1771311	1	0.3101
stock_b5000_frag	L1772017	1	1.0000
stock_b5000_frag	L1773543	5	1.0000
stock_b5000_frag	L1773916	0	1.0000
stock_b5000_frag	L1775636	7	1.0000
stock_b5000_frag	L177799	0	1.0000
stock_b5000_frag	L1778413	0	0.7373
stock_b5000_frag	L1787007	4	1.0000
stock_b5000_frag	L1790401	3	1.0000
stock_b5000_frag	L1791936	3	0.7807
stock_b5000_frag	L1792207	1	0.9864
stock_b5000_frag	L1792659	0	0.6430
stock_b5000_frag	L1794068	0	0.8566
stock_b5000_frag	L1795358	0	0.9439
stock_b5000_frag	L1796850	4	1.0000
stock_b5000_frag	L179746	0	0.6760
stock_b5000_frag	L1798544	1	1.0000
stock_b5000_frag	L1799442	0	1.0000
stock_b5000_frag	L1799810	1	0.9958
stock_b5000_frag	L1801178	2	1.0000
stock_b5000_frag	L1801760	0	0.9243
stock_b5000_frag	L1802047	5	1.0000
stock_b5000_frag	L1804120	0	1.0000
stock_b5000_frag	L1811318	0	0.9784
stock_b5000_frag	L1811952	3	0.6814
stock_b5000_frag	L1812704	0	1.0000
stock_b5000_frag	L1814498	0	1.0000
stock_b5000_frag	L1817250	1	0.7173
stock_b5000_frag	L1818712	2	0.3589
stock_b5000_frag	L1821293	3	1.0000
stock_b5000_frag	L182449	1	1.0000
stock_b5000_frag	L1825114	0	0.9996
stock_b5000_frag	L1826149	6	0.5482
stock_b5000_frag	L1826657	4	0.5837
stock_b5000_frag	L1830940	3	1.0000
stock_b5000_frag	L1832293	0	1.0000
stock_b5000_frag	L1837363	1	0.9515
stock_b5000_frag	L1839404	7	1.0000
stock_b5000_frag	L1840072	4	1.0000
stock_b5000_frag	L1848244	8	1.0000
stock_b5000_frag	L1848626	3	1.0000
stock_b5000_frag	L1849088	0	1.0000
stock_b5000_frag	L1849758	2	0.9999
stock_b5000_frag	L1851112	0	0.9972
stock_b5000_frag	L1858638	3	1.0000
stock_b5000_frag	L1864914	2	0.9353
stock_b5000_frag	L1866695	0	0.9945
stock_b5000_frag	L186789	2	1.0000
stock_b5000_frag	L1867920	2	1.0000
stock_b5000_frag	L1869414	0	1.0000
stock_b5000_frag	L1870045	1	0.8728
stock_b5000_frag	L1876859	1	1.0000
stock_b5000_frag	L1879565	0	1.0000
stock_b5000_frag	L1880643	2	1.0000
stock_b5000_frag	L1883051	2	0.9999
stock_b5000_frag	L1883207	3	0.9700
stock_b5000_frag	L1884097	1	0.9969
stock_b5000_frag	L1885861	0	1.0000
stock_b5000_frag	L1886890	0	1.0000
stock_b5000_frag	L1888222	0	1.0000
stock_b5000_frag	L1890397	0	0.3742
stock_b5000_frag	L1891326	2	0.9806
stock_b5000_frag	L1891911	1	0.5897
stock_b5000_frag	L189215	1	0.9995
stock_b5000_frag	L1893124	0	1.0000
stock_b5000_frag	L1895099	0	0.9997
stock_b5000_frag	L1899272	5	1.0000
stock_b5000_frag	L1903273	2	1.0000
stock_b5000_frag	L1906047	1	1.0000
stock_b5000_frag	L1907735	1	0.7854
stock_b5000_frag	L1908855	0	1.0000
stock_b5000_frag	L1908990	1	0.6113
stock_b5000_frag	L191026	2	0.6783
stock_b5000_frag	L191114	1	0.8771
stock_b5000_frag	L1912592	1	0.9625
stock_b5000_frag	L1912663	0	1.0000
stock_b5000_frag	L1912864	2	1.0000
stock_b5000_frag	L1914580	2	0.3920
stock_b5000_frag	L1915361	2	1.0000
stock_b5000_frag	L1916208	1	0.6921
stock_b5000_frag	L1916614	2	1.0000
stock_b5000_frag	L1918666	1	1.0000
stock_b5000_frag	L192226	2	1.0000
stock_b5000_frag	L192344	1	0.9953
stock_b5000_frag	L1924733	1	1.0000
stock_b5000_frag	L1925390	3	1.0000
stock_b5000_frag	L1926543	1	0.9984
stock_b5000_frag	L1926777	2	0.5078
stock_b5000_frag	L1930199	1	0.7445
stock_b5000_frag	L1930682	0	0.6249
stock_b5000_frag	L1931524	0	1.0000
stock_b5000_frag	L1931575	1	0.9477
stock_b5000_frag	L1932786	2	1.0000
stock_b5000_frag	L1935552	0	1.0000
stock_b5000_frag	L1940388	0	1.0000
stock_b5000_frag	L1942057	1	0.6765
stock_b5000_frag	L1942729	1	1.0000
stock_b5000_frag	L1943330	0	1.0000
stock_b5000_frag	L1943510	2	1.0000
stock_b5000_frag	L194417	2	1.0000
stock_b5000_frag	L1944174	0	1.0000
stock_b5000_frag	L1947348	0	1.0000
stock_b5000_frag	L1949352	0	1.0000
stock_b5000_frag	L1950763	1	1.0000
stock_b5000_frag	L1952119	0	1.0000
stock_b5000_frag	L195329	0	1.0000
stock_b5000_frag	L1954256	4	1.0000
stock_b5000_frag	L1954592	1	1.0000
stock_b5000_frag	L1956336	0	1.0000
stock_b5000_frag	L1960549	0	1.0000
stock_b5000_frag	L1961705	2	1.0000
stock_b5000_frag	L196426	2	0.9989
stock_b5000_frag	L1964681	1	0.4594
stock_b5000_frag	L1964818	2	1.0000
stock_b5000_frag	L196522	8	0.9954
stock_b5000_frag	L1965259	2	1.0000
stock_b5000_frag	L1969773	0	0.9840
stock_b5000_frag	L1970176	0	1.0000
stock_b5000_frag	L1970683	0	1.0000
stock_b5000_frag	L1971246	1	0.6977
stock_b5000_frag	L1974484	1	0.7425
stock_b5000_frag	L1975236	0	1.0000
stock_b5000_frag	L1976938	1	1.0000
stock_b5000_frag	L1979502	1	1.0000
stock_b5000_frag	L1982152	0	1.0000
stock_b5000_frag	L1983364	2	1.0000
stock_b5000_frag	L1987108	9	1.0000
stock_b5000_frag	L1988240	1	1.0000
stock_b5000_frag	L1993480	1	1.0000
stock_b5000_frag	L1997288	5	1.0000
stock_b5000_frag	L202779	1	0.9935
stock_b5000_frag	L203024	2	1.0000
stock_b5000_frag	L203055	0	1.0000
stock_b5000_frag	L203427	0	1.0000
stock_b5000_frag	L204207	1	1.0000
stock_b5000_frag	L206162	3	1.0000
stock_b5000_frag	L206291	1	1.0000
stock_b5000_frag	L208103	0	1.0000
stock_b5000_frag	L212706	0	1.0000
stock_b5000_frag	L215236	4	1.0000
stock_b5000_frag	L217232	0	0.9965
stock_b5000_frag	L219855	2	1.0000
stock_b5000_frag	L222503	1	0.9999
stock_b5000_frag	L223078	1	1.0000
stock_b5000_frag	L224386	1	0.8363
stock_b5000_frag	L226823	0	1.0000
stock_b5000_frag	L229848	3	0.8559
stock_b5000_frag	L234068	1	1.0000
stock_b5000_frag	L234358	0	1.0000
stock_b5000_frag	L235827	1	1.0000
stock_b5000_frag	L241922	2	1.0000
stock_b5000_frag	L244167	1	0.5002
stock_b5000_frag	L246252	0	1.0000
stock_b5000_frag	L246615	0	1.0000
stock_b5000_frag	L250491	0	1.0000
stock_b5000_frag	L25148	2	1.0000
stock_b5000_frag	L252565	1	0.5008
stock_b5000_frag	L252740	0	0.9781
stock_b5000_frag	L254881	3	1.0000
stock_b5000_frag	L254921	0	0.6349
stock_b5000_frag	L255184	1	0.7363
stock_b5000_frag	L261281	0	1.0000
stock_b5000_frag	L261593	1	1.0000
stock_b5000_frag	L265738	0	1.0000
stock_b5000_frag	L266704	1	0.9174
stock_b5000_frag	L268711	2	0.9968
stock_b5000_frag	L2753	13	0.4373
stock_b5000_frag	L276686	1	1.0000
stock_b5000_frag	L276932	0	0.9957
stock_b5000_frag	L283567	2	0.6482
stock_b5000_frag	L283821	1	0.4161
stock_b5000_frag	L285782	1	1.0000
stock_b5000_frag	L286111	1	1.0000
stock_b5000_frag	L287950	3	1.0000
stock_b5000_frag	L291918	0	0.9439
stock_b5000_frag	L292129	1	0.8489
stock_b5000_frag	L292548	1	0.5003
stock_b5000_frag	L292863	2	1.0000
stock_b5000_frag	L296516	1	0.8054
stock_b5000_frag	L300887	1	1.0000
stock_b5000_frag	L303947	2	1.0000
stock_b5000_frag	L310800	2	0.8104
stock_b5000_frag	L311177	0	1.0000
stock_b5000_frag	L312164	3	1.0000
stock_b5000_frag	L312598	1	0.9963
stock_b5000_frag	L312652	1	0.9982
stock_b5000_frag	L312971	0	0.9405
stock_b5000_frag	L314589	5	1.0000
stock_b5000_frag	L315824	0	1.0000
stock_b5000_frag	L316559	6	1.0000
stock_b5000_frag	L316830	3	1.0000
stock_b5000_frag	L317667	2	1.0000
stock_b5000_frag	L317918	0	1.0000
stock_b5000_frag	L318506	0	1.0000
stock_b5000_frag	L31880	4	1.0000
stock_b5000_frag	L320498	2	0.9505
stock_b5000_frag	L324044	8	0.9999
stock_b5000_frag	L324251	3	1.0000
stock_b5000_frag	L326217	1	1.0000
stock_b5000_frag	L326411	0	1.0000
stock_b5000_frag	L327637	1	1.0000
stock_b5000_frag	L328091	0	1.0000
stock_b5000_frag	L328588	4	0.9775
stock_b5000_frag	L336455	0	1.0000
stock_b5000_frag	L339807	0	1.0000
stock_b5000_frag	L344836	7	1.0000
stock_b5000_frag	L344866	5	0.4877
stock_b5000_frag	L345604	4	0.5104
stock_b5000_frag	L345618	7	1.0000
stock_b5000_frag	L346137	5	1.0000
stock_b5000_frag	L346812	2	0.5986
stock_b5000_frag	L347499	1	0.3461
stock_b5000_frag	L350046	0	1.0000
stock_b5000_frag	L350778	1	1.0000
stock_b5000_frag	L353558	1	1.0000
stock_b5000_frag	L356036	7	1.0000
stock_b5000_frag	L356521	2	1.0000
stock_b5000_frag	L358105	1	1.0000
stock_b5000_frag	L362575	1	0.7210
stock_b5000_frag	L363535	3	1.0000
stock_b5000_frag	L365492	0	0.8541
stock_b5000_frag	L370362	2	1.0000
stock_b5000_frag	L371034	1	0.3663
stock_b5000_frag	L371285	1	1.0000
stock_b5000_frag	L37304	2	0.7909
stock_b5000_frag	L375096	7	0.9997
stock_b5000_frag	L377059	1	1.0000
stock_b5000_frag	L378276	0	0.9248
stock_b5000_frag	L378760	0	0.9995
stock_b5000_frag	L381737	2	0.5635
stock_b5000_frag	L383499	0	0.6405
stock_b5000_frag	L385407	0	1.0000
stock_b5000_frag	L385857	2	0.9375
stock_b5000_frag	L387343	14	0.4974
stock_b5000_frag	L388473	9	0.9958
stock_b5000_frag	L388574	1	0.8046
stock_b5000_frag	L391186	2	0.9974
stock_b5000_frag	L393092	2	0.9995
stock_b5000_frag	L393585	0	0.8272
stock_b5000_frag	L395193	0	1.0000
stock_b5000_frag	L398354	0	0.9081
stock_b5000_frag	L400134	0	1.0000
stock_b5000_frag	L401020	5	1.0000
stock_b5000_frag	L403345	1	0.4267
stock_b5000_frag	L406216	0	0.9852
stock_b5000_frag	L408859	0	1.0000
stock_b5000_frag	L412899	7	1.0000
stock_b5000_frag	L413023	0	0.9375
stock_b5000_frag	L416668	0	1.0000
stock_b5000_frag	L417704	5	1.0000
stock_b5000_frag	L420714	1	1.0000
stock_b5000_frag	L421059	0	0.9999
stock_b5000_frag	L424212	3	1.0000
stock_b5000_frag	L424222	0	0.9990
stock_b5000_frag	L428706	7	0.8879
stock_b5000_frag	L430076	0	1.0000
stock_b5000_frag	L433212	1	1.0000
stock_b5000_frag	L440395	2	1.0000
stock_b5000_frag	L444119	1	0.9999
stock_b5000_frag	L444988	8	1.0000
stock_b5000_frag	L446876	0	1.0000
stock_b5000_frag	L44824	1	0.9719
stock_b5000_frag	L452432	1	1.0000
stock_b5000_frag	L454528	0	1.0000
stock_b5000_frag	L456725	0	1.0000
stock_b5000_frag	L456944	0	1.0000
stock_b5000_frag	L457550	1	0.9382
stock_b5000_frag	L457956	1	1.0000
stock_b5000_frag	L458381	0	1.0000
stock_b5000_frag	L459582	3	0.7786
stock_b5000_frag	L459755	1	1.0000
stock_b5000_frag	L464332	1	1.0000
stock_b5000_frag	L466429	0	1.0000
stock_b5000_frag	L467481	0	1.0000
stock_b5000_frag	L469401	1	1.0000
stock_b5000_frag	L472520	1	0.5027
stock_b5000_frag	L473747	4	0.9612
stock_b5000_frag	L473938	0	1.0000
stock_b5000_frag	L474231	0	1.0000
stock_b5000_frag	L474923	1	0.7639
stock_b5000_frag	L475106	0	1.0000
stock_b5000_frag	L475154	1	0.9736
stock_b5000_frag	L475467	12	0.9423
stock_b5000_frag	L475886	0	1.0000
stock_b5000_frag	L482306	1	0.9891
stock_b5000_frag	L488158	1	0.4885
stock_b5000_frag	L490475	2	1.0000
stock_b5000_frag	L491427	1	0.9875
stock_b5000_frag	L49176	3	0.8403
stock_b5000_frag	L493771	3	1.0000
stock_b5000_frag	L494062	1	0.9999
stock_b5000_frag	L495340	0	1.0000
stock_b5000_frag	L497951	1	0.5719
stock_b5000_frag	L502789	14	0.9990
stock_b5000_frag	L503437	4	1.0000
stock_b5000_frag	L506327	0	1.0000
stock_b5000_frag	L507694	1	0.9993
stock_b5000_frag	L512101	7	1.0000
stock_b5000_frag	L512434	0	0.6130
stock_b5000_frag	L513464	1	1.0000
stock_b5000_frag	L51442	0	1.0000
stock_b5000_frag	L515801	1	0.9078
stock_b5000_frag	L517009	1	0.3303
stock_b5000_frag	L52027	0	1.0000
stock_b5000_frag	L521456	7	1.0000
stock_b5000_frag	L523674	1	0.9996
stock_b5000_frag	L526178	0	1.0000
stock_b5000_frag	L526326	2	1.0000
stock_b5000_frag	L526554	2	1.0000
stock_b5000_frag	L527149	2	1.0000
stock_b5000_frag	L527166	2	0.8009
stock_b5000_frag	L529765	0	1.0000
stock_b5000_frag	L529835	0	1.0000
stock_b5000_frag	L531488	1	0.9991
stock_b5000_frag	L531618	0	1.0000
stock_b5000_frag	L532585	3	1.0000
stock_b5000_frag	L536268	1	0.5267
stock_b5000_frag	L537137	4	0.9988
stock_b5000_frag	L538751	1	0.8586
stock_b5000_frag	L54071	0	1.0000
stock_b5000_frag	L542741	6	1.0000
stock_b5000_frag	L549351	1	0.7817
stock_b5000_frag	L550835	2	1.0000
stock_b5000_frag	L554229	1	0.9882
stock_b5000_frag	L55570	1	0.9306
stock_b5000_frag	L555852	6	1.0000
stock_b5000_frag	L560327	1	1.0000
stock_b5000_frag	L563200	0	1.0000
stock_b5000_frag	L564410	1	1.0000
stock_b5000_frag	L566336	1	1.0000
stock_b5000_frag	L567906	2	0.5217
stock_b5000_frag	L572634	1	0.6567
stock_b5000_frag	L573155	0	1.0000
stock_b5000_frag	L578914	0	1.0000
stock_b5000_frag	L580430	0	1.0000
stock_b5000_frag	L583954	0	1.0000
stock_b5000_frag	L583966	3	1.0000
stock_b5000_frag	L584601	2	1.0000
stock_b5000_frag	L585369	0	0.7860
stock_b5000_frag	L592310	1	0.9687
stock_b5000_frag	L596301	0	1.0000
stock_b5000_frag	L606734	2	1.0000
stock_b5000_frag	L611423	1	0.8787
stock_b5000_frag	L612992	0	0.9316
stock_b5000_frag	L614585	0	1.0000
stock_b5000_frag	L614901	0	1.0000
stock_b5000_frag	L617172	3	1.0000
stock_b5000_frag	L6172	0	1.0000
stock_b5000_frag	L619139	1	1.0000
stock_b5000_frag	L622864	7	1.0000
stock_b5000_frag	L625620	3	0.9902
stock_b5000_frag	L626370	2	1.0000
stock_b5000_frag	L628280	0	1.0000
stock_b5000_frag	L629068	8	0.5818
stock_b5000_frag	L630016	1	0.9214
stock_b5000_frag	L631639	0	0.8904
stock_b5000_frag	L633712	1	1.0000
stock_b5000_frag	L634203	1	1.0000
stock_b5000_frag	L635881	3	1.0000
stock_b5000_frag	L640723	1	1.0000
stock_b5000_frag	L642903	4	0.6975
stock_b5000_frag	L646631	0	1.0000
stock_b5000_frag	L646882	1	1.0000
stock_b5000_frag	L647279	1	0.9996
stock_b5000_frag	L648131	1	1.0000
stock_b5000_frag	L649912	0	1.0000
stock_b5000_frag	L651987	1	1.0000
stock_b5000_frag	L654924	4	1.0000
stock_b5000_frag	L655778	2	0.9357
stock_b5000_frag	L656138	5	1.0000
stock_b5000_frag	L656836	0	1.0000
stock_b5000_frag	L658170	11	1.0000
stock_b5000_frag	L658943	1	0.6735
stock_b5000_frag	L660197	1	0.3946
stock_b5000_frag	L669638	0	0.9828
stock_b5000_frag	L671026	2	0.9386
stock_b5000_frag	L671573	1	0.9443
stock_b5000_frag	L673092	6	1.0000
stock_b5000_frag	L67588	1	0.9886
stock_b5000_frag	L676518	4	1.0000
stock_b5000_frag	L676670	4	1.0000
stock_b5000_frag	L676732	14	0.5138
stock_b5000_frag	L678705	1	1.0000
stock_b5000_frag	L680938	0	1.0000
stock_b5000_frag	L681748	1	1.0000
stock_b5000_frag	L682598	2	1.0000
stock_b5000_frag	L685587	0	1.0000
stock_b5000_frag	L686599	0	1.0000
stock_b5000_frag	L688258	1	0.5789
stock_b5000_frag	L689994	0	1.0000
stock_b5000_frag	L690892	1	1.0000
stock_b5000_frag	L691999	1	0.8757
stock_b5000_frag	L693288	1	1.0000
stock_b5000_frag	L693741	0	1.0000
stock_b5000_frag	L696558	1	1.0000
stock_b5000_frag	L699126	2	1.0000
stock_b5000_frag	L700583	0	1.0000
stock_b5000_frag	L700632	1	1.0000
stock_b5000_frag	L702054	1	1.0000
stock_b5000_frag	L702280	0	1.0000
stock_b5000_frag	L702910	1	0.9973
stock_b5000_frag	L70303	2	0.5109
stock_b5000_frag	L70480	0	1.0000
stock_b5000_frag	L706867	0	1.0000
stock_b5000_frag	L70707	1	1.0000
stock_b5000_frag	L707104	0	1.0000
stock_b5000_frag	L709497	6	0.9889
stock_b5000_frag	L710351	2	1.0000
stock_b5000_frag	L712623	0	1.0000
stock_b5000_frag	L712839	0	0.8917
stock_b5000_frag	L714138	0	1.0000
stock_b5000_frag	L714322	2	1.0000
stock_b5000_frag	L715539	0	1.0000
stock_b5000_frag	L722473	0	1.0000
stock_b5000_frag	L723388	3	1.0000
stock_b5000_frag	L728677	4	0.9997
stock_b5000_frag	L731795	2	0.8205
stock_b5000_frag	L731901	3	0.6517
stock_b5000_frag	L734741	4	0.9978
stock_b5000_frag	L735367	2	1.0000
stock_b5000_frag	L738514	1	0.3974
stock_b5000_frag	L740729	1	1.0000
stock_b5000_frag	L741868	0	1.0000
stock_b5000_frag	L74196	1	1.0000
stock_b5000_frag	L742362	3	1.0000
stock_b5000_frag	L743265	0	0.9883
stock_b5000_frag	L743865	0	1.0000
stock_b5000_frag	L745530	1	1.0000
stock_b5000_frag	L749377	2	1.0000
stock_b5000_frag	L749553	3	1.0000
stock_b5000_frag	L749881	4	0.8802
stock_b5000_frag	L750841	1	1.0000
stock_b5000_frag	L752916	2	1.0000
stock_b5000_frag	L753506	1	1.0000
stock_b5000_frag	L754882	2	1.0000
stock_b5000_frag	L756452	4	1.0000
stock_b5000_frag	L757	1	1.0000
stock_b5000_frag	L757428	1	1.0000
stock_b5000_frag	L757843	1	1.0000
stock_b5000_frag	L763303	0	1.0000
stock_b5000_frag	L763922	0	1.0000
stock_b5000_frag	L764727	2	0.6896
stock_b5000_frag	L765399	2	1.0000
stock_b5000_frag	L765826	3	0.9992
stock_b5000_frag	L769281	4	1.0000
stock_b5000_frag	L770616	0	1.0000
stock_b5000_frag	L771003	0	0.9845
stock_b5000_frag	L771549	1	1.0000
stock_b5000_frag	L77697	0	1.0000
stock_b5000_frag	L780109	7	1.0000
stock_b5000_frag	L781799	2	1.0000
stock_b5000_frag	L784040	0	0.9961
stock_b5000_frag	L785488	1	0.9819
stock_b5000_frag	L785780	2	1.0000
stock_b5000_frag	L786117	0	1.0000
stock_b5000_frag	L786613	3	1.0000
stock_b5000_frag	L789103	0	0.9976
stock_b5000_frag	L789781	1	0.6055
stock_b5000_frag	L791567	0	0.9775
stock_b5000_frag	L794707	2	1.0000
stock_b5000_frag	L794711	3	1.0000
stock_b5000_frag	L795076	1	1.0000
stock_b5000_frag	L797681	2	0.9220
stock_b5000_frag	L798494	0	1.0000
stock_b5000_frag	L799617	0	0.9999
stock_b5000_frag	L802353	0	1.0000
stock_b5000_frag	L802880	1	1.0000
stock_b5000_frag	L804404	1	1.0000
stock_b5000_frag	L805905	4	0.5043
stock_b5000_frag	L806221	1	0.9436
stock_b5000_frag	L806407	1	1.0000
stock_b5000_frag	L806874	1	0.4042
stock_b5000_frag	L811086	0	0.9992
stock_b5000_frag	L811206	1	1.0000
stock_b5000_frag	L813938	2	0.9659
stock_b5000_frag	L815854	0	1.0000
stock_b5000_frag	L816130	1	0.9916
stock_b5000_frag	L816815	0	1.0000
stock_b5000_frag	L818653	0	1.0000
stock_b5000_frag	L820799	0	1.0000
stock_b5000_frag	L820919	1	0.5865
stock_b5000_frag	L822339	1	1.0000
stock_b5000_frag	L823352	2	1.0000
stock_b5000_frag	L823663	0	1.0000
stock_b5000_frag	L827607	0	0.9913
stock_b5000_frag	L829836	12	0.6821
stock_b5000_frag	L829937	0	1.0000
stock_b5000_frag	L835568	2	1.0000
stock_b5000_frag	L840754	9	1.0000
stock_b5000_frag	L840831	2	0.6058
stock_b5000_frag	L841410	0	1.0000
stock_b5000_frag	L841938	0	1.0000
stock_b5000_frag	L842512	1	0.3661
stock_b5000_frag	L845989	1	0.5194
stock_b5000_frag	L847583	1	1.0000
stock_b5000_frag	L849106	1	0.5026
stock_b5000_frag	L849313	0	0.9999
stock_b5000_frag	L850300	2	1.0000
stock_b5000_frag	L85073	0	1.0000
stock_b5000_frag	L851546	0	1.0000
stock_b5000_frag	L855936	3	1.0000
stock_b5000_frag	L857294	3	1.0000
stock_b5000_frag	L859511	5	0.6823
stock_b5000_frag	L860562	1	0.7420
stock_b5000_frag	L861354	0	1.0000
stock_b5000_frag	L861634	2	1.0000
stock_b5000_frag	L864107	0	1.0000
stock_b5000_frag	L874268	3	1.0000
stock_b5000_frag	L874681	0	1.0000
stock_b5000_frag	L8749	2	0.9709
stock_b5000_frag	L875990	7	0.8764
stock_b5000_frag	L876833	1	0.9493
stock_b5000_frag	L877891	0	1.0000
stock_b5000_frag	L87827	0	0.9877
stock_b5000_frag	L878542	2	1.0000
stock_b5000_frag	L87943	2	1.0000
stock_b5000_frag	L879440	2	0.9467
stock_b5000_frag	L879572	0	1.0000
stock_b5000_frag	L883162	0	0.9861
stock_b5000_frag	L8850	1	1.0000
stock_b5000_frag	L886332	0	0.9999
stock_b5000_frag	L88725	1	1.0000
stock_b5000_frag	L889398	1	1.0000
stock_b5000_frag	L890492	0	1.0000
stock_b5000_frag	L892459	0	1.0000
stock_b5000_frag	L892965	2	1.0000
stock_b5000_frag	L897680	0	1.0000
stock_b5000_frag	L898054	1	1.0000
stock_b5000_frag	L898800	1	1.0000
stock_b5000_frag	L900309	0	1.0000
stock_b5000_frag	L900340	5	1.0000
stock_b5000_frag	L90095	1	0.5122
stock_b5000_frag	L901268	0	1.0000
stock_b5000_frag	L90168	0	1.0000
stock_b5000_frag	L904096	1	1.0000
stock_b5000_frag	L904706	6	1.0000
stock_b5000_frag	L904848	1	0.5276
stock_b5000_frag	L906324	6	1.0000
stock_b5000_frag	L910015	1	0.3360
stock_b5000_frag	L910025	2	1.0000
stock_b5000_frag	L916610	3	1.0000
stock_b5000_frag	L917431	0	1.0000
stock_b5000_frag	L91807	3	0.9432
stock_b5000_frag	L921960	7	1.0000
stock_b5000_frag	L925371	0	1.0000
stock_b5000_frag	L92746	1	1.0000
stock_b5000_frag	L927572	0	1.0000
stock_b5000_frag	L928531	2	1.0000
stock_b5000_frag	L93166	0	1.0000
stock_b5000_frag	L936199	1	0.9717
stock_b5000_frag	L936283	4	1.0000
stock_b5000_frag	L936413	9	0.9365
stock_b5000_frag	L937888	0	1.0000
stock_b5000_frag	L938648	4	0.5777
stock_b5000_frag	L944032	0	0.9775
stock_b5000_frag	L945801	0	1.0000
stock_b5000_frag	L945932	5	1.0000
stock_b5000_frag	L948511	1	1.0000
stock_b5000_frag	L952087	2	1.0000
stock_b5000_frag	L95371	0	1.0000
stock_b5000_frag	L957382	5	1.0000
stock_b5000_frag	L959258	1	0.5111
stock_b5000_frag	L959631	4	1.0000
stock_b5000_frag	L959635	2	1.0000
stock_b5000_frag	L965682	2	1.0000
stock_b5000_frag	L966262	1	1.0000
stock_b5000_frag	L967666	0	0.9974
stock_b5000_frag	L968043	1	0.5000
stock_b5000_frag	L969445	3	1.0000
stock_b5000_frag	L971021	1	0.9905
stock_b5000_frag	L975763	0	1.0000
stock_b5000_frag	L97827	1	0.7184
stock_b5000_frag	L978999	0	1.0000
stock_b5000_frag	L979090	1	0.7904
stock_b5000_frag	L979235	0	1.0000
stock_b5000_frag	L982465	3	0.6885
stock_b5000_frag	L98298	0	1.0000
stock_b5000_frag	L988833	0	0.9834
stock_b5000_frag	L993157	2	1.0000
stock_b5000_frag	L99635	0	0.9991
stock_b5000_frag	L998320	2	1.0000
stock_b5000_full	L1002218	0	1.0000
stock_b5000_full	L100440	0	1.0000
stock_b5000_full	L1005950	0	1.0000
stock_b5000_full	L100995	0	0.9992
stock_b5000_full	L1011290	1	0.9092
stock_b5000_full	L1011861	0	1.0000
stock_b5000_full	L10149	1	0.5004
stock_b5000_full	L101648	0	1.0000
stock_b5000_full	L1021726	0	1.0000
stock_b5000_full	L102408	0	1.0000
stock_b5000_full	L1024268	0	0.9994
stock_b5000_full	L10251	0	0.9037
stock_b5000_full	L1027173	1	1.0000
stock_b5000_full	L1030523	0	1.0000
stock_b5000_full	L1030919	0	1.0000
stock_b5000_full	L103388	0	1.0000
stock_b5000_full	L1034823	0	0.9999
stock_b5000_full	L1038962	0	1.0000
stock_b5000_full	L103916	0	1.0000
stock_b5000_full	L1042693	0	1.0000
stock_b5000_full	L1046764	0	1.0000
stock_b5000_full	L1047401	1	0.9893
stock_b5000_full	L1049690	0	1.0000
stock_b5000_full	L10510	0	1.0000
stock_b5000_full	L1055385	1	0.6797
stock_b5000_full	L1056345	1	0.6531
stock_b5000_full	L1057201	0	1.0000
stock_b5000_full	L1057393	0	1.0000
stock_b5000_full	L1060190	1	1.0000
stock_b5000_full	L1063723	0	1.0000
stock_b5000_full	L1064762	0	1.0000
stock_b5000_full	L1066087	0	1.0000
stock_b5000_full	L106610	0	1.0000
stock_b5000_full	L1067332	0	1.0000
stock_b5000_full	L1068161	0	1.0000
stock_b5000_full	L1069418	0	1.0000
stock_b5000_full	L1071065	0	1.0000
stock_b5000_full	L1074081	0	1.0000
stock_b5000_full	L1074481	0	1.0000
stock_b5000_full	L1075882	0	1.0000
stock_b5000_full	L1076434	0	1.0000
stock_b5000_full	L1076881	0	1.0000
stock_b5000_full	L1079220	0	1.0000
stock_b5000_full	L1082973	0	1.0000
stock_b5000_full	L1083369	0	1.0000
stock_b5000_full	L1084248	0	1.0000
stock_b5000_full	L1085230	0	1.0000
stock_b5000_full	L1087088	0	0.5933
stock_b5000_full	L1087228	0	0.5131
stock_b5000_full	L1089145	0	0.9733
stock_b5000_full	L1091489	0	1.0000
stock_b5000_full	L1092106	0	0.8877
stock_b5000_full	L1092311	0	0.9915
stock_b5000_full	L1092484	0	1.0000
stock_b5000_full	L1092539	1	1.0000
stock_b5000_full	L109260	0	1.0000
stock_b5000_full	L1094932	1	1.0000
stock_b5000_full	L1096662	0	1.0000
stock_b5000_full	L1099514	1	1.0000
stock_b5000_full	L1101145	0	1.0000
stock_b5000_full	L1102329	0	1.0000
stock_b5000_full	L1103403	0	1.0000
stock_b5000_full	L1104287	0	1.0000
stock_b5000_full	L1105488	0	1.0000
stock_b5000_full	L1112429	0	1.0000
stock_b5000_full	L1113572	0	1.0000
stock_b5000_full	L1116526	1	1.0000
stock_b5000_full	L1117241	0	1.0000
stock_b5000_full	L1118153	0	1.0000
stock_b5000_full	L1118243	1	0.8272
stock_b5000_full	L1118908	0	1.0000
stock_b5000_full	L1119584	1	0.9496
stock_b5000_full	L112024	0	1.0000
stock_b5000_full	L1125241	0	1.0000
stock_b5000_full	L1126546	1	0.8461
stock_b5000_full	L112658	0	1.0000
stock_b5000_full	L1132042	0	1.0000
stock_b5000_full	L1132216	0	1.0000
stock_b5000_full	L1133030	0	0.9906
stock_b5000_full	L1133950	0	1.0000
stock_b5000_full	L1135903	0	1.0000
stock_b5000_full	L1138787	0	0.6022
stock_b5000_full	L1141407	0	1.0000
stock_b5000_full	L1142807	0	1.0000
stock_b5000_full	L1143013	0	1.0000
stock_b5000_full	L1145504	0	1.0000
stock_b5000_full	L1146653	0	1.0000
stock_b5000_full	L1152702	0	1.0000
stock_b5000_full	L1154243	0	1.0000
stock_b5000_full	L1162324	0	1.0000
stock_b5000_full	L1165463	1	1.0000
stock_b5000_full	L1168233	0	1.0000
stock_b5000_full	L1171802	0	0.9965
stock_b5000_full	L1172998	0	1.0000
stock_b5000_full	L1173044	0	1.0000
stock_b5000_full	L1176288	0	1.0000
stock_b5000_full	L1177377	1	0.5025
stock_b5000_full	L1182959	0	1.0000
stock_b5000_full	L11844	1	0.8696
stock_b5000_full	L1184628	1	0.9656
stock_b5000_full	L1188622	0	1.0000
stock_b5000_full	L1189724	0	1.0000
stock_b5000_full	L1191323	1	1.0000
stock_b5000_full	L1193114	1	0.3413
stock_b5000_full	L1199746	1	1.0000
stock_b5000_full	L1200221	0	1.0000
stock_b5000_full	L1202868	0	0.9410
stock_b5000_full	L1204301	0	1.0000
stock_b5000_full	L1205470	0	1.0000
stock_b5000_full	L1206005	0	1.0000
stock_b5000_full	L1206932	0	1.0000
stock_b5000_full	L1207765	1	0.7483
stock_b5000_full	L120897	0	1.0000
stock_b5000_full	L1209853	0	1.0000
stock_b5000_full	L1210115	0	1.0000
stock_b5000_full	L1210563	0	1.0000
stock_b5000_full	L1213461	0	1.0000
stock_b5000_full	L12157	0	1.0000
stock_b5000_full	L1215767	1	1.0000
stock_b5000_full	L12163	0	1.0000
stock_b5000_full	L121659	0	1.0000
stock_b5000_full	L1216609	1	1.0000
stock_b5000_full	L1218138	0	1.0000
stock_b5000_full	L1218431	1	1.0000
stock_b5000_full	L1222546	1	0.8182
stock_b5000_full	L1223429	1	1.0000
stock_b5000_full	L1223462	1	1.0000
stock_b5000_full	L1226687	0	1.0000
stock_b5000_full	L1226989	1	1.0000
stock_b5000_full	L1227471	0	1.0000
stock_b5000_full	L1229432	0	1.0000
stock_b5000_full	L1233719	0	0.5562
stock_b5000_full	L1234526	0	1.0000
stock_b5000_full	L1235162	1	0.9692
stock_b5000_full	L1236957	0	1.0000
stock_b5000_full	L1244324	0	1.0000
stock_b5000_full	L1244973	0	1.0000
stock_b5000_full	L1246142	0	1.0000
stock_b5000_full	L1249052	0	1.0000
stock_b5000_full	L1249957	1	0.6933
stock_b5000_full	L1253500	0	1.0000
stock_b5000_full	L1254087	0	1.0000
stock_b5000_full	L1256996	0	1.0000
stock_b5000_full	L1259882	0	1.0000
stock_b5000_full	L1268226	0	1.0000
stock_b5000_full	L1268725	0	1.0000
stock_b5000_full	L1271254	0	1.0000
stock_b5000_full	L1271409	0	1.0000
stock_b5000_full	L127156	0	1.0000
stock_b5000_full	L1273089	0	0.9349
stock_b5000_full	L1273188	0	0.7298
stock_b5000_full	L127409	0	1.0000
stock_b5000_full	L1274249	0	1.0000
stock_b5000_full	L1275193	1	0.7705
stock_b5000_full	L1277797	0	1.0000
stock_b5000_full	L1281298	1	0.6903
stock_b5000_full	L1281831	0	1.0000
stock_b5000_full	L12848	0	1.0000
stock_b5000_full	L1288345	0	1.0000
stock_b5000_full	L1288962	0	1.0000
stock_b5000_full	L1291073	0	1.0000
stock_b5000_full	L129489	0	1.0000
stock_b5000_full	L1295495	0	1.0000
stock_b5000_full	L1296033	1	0.9911
stock_b5000_full	L1296246	0	1.0000
stock_b5000_full	L1298804	0	1.0000
stock_b5000_full	L129889	1	0.5221
stock_b5000_full	L129894	1	0.6522
stock_b5000_full	L1302233	1	0.9652
stock_b5000_full	L1302756	0	1.0000
stock_b5000_full	L1305953	0	1.0000
stock_b5000_full	L1307629	0	1.0000
stock_b5000_full	L1311821	0	0.9915
stock_b5000_full	L1312129	0	0.9584
stock_b5000_full	L1313657	1	1.0000
stock_b5000_full	L1317866	0	1.0000
stock_b5000_full	L1319065	0	1.0000
stock_b5000_full	L1319342	0	1.0000
stock_b5000_full	L1321240	0	1.0000
stock_b5000_full	L1321927	0	1.0000
stock_b5000_full	L1322095	1	0.9685
stock_b5000_full	L1322919	0	1.0000
stock_b5000_full	L132444	0	1.0000
stock_b5000_full	L1328011	0	1.0000
stock_b5000_full	L132859	0	1.0000
stock_b5000_full	L1333077	0	1.0000
stock_b5000_full	L1333869	0	1.0000
stock_b5000_full	L1336242	0	1.0000
stock_b5000_full	L1336592	0	1.0000
stock_b5000_full	L1336811	1	0.6420
stock_b5000_full	L1337441	0	1.0000
stock_b5000_full	L1337876	0	1.0000
stock_b5000_full	L1339988	1	1.0000
stock_b5000_full	L134043	0	1.0000
stock_b5000_full	L1345336	0	1.0000
stock_b5000_full	L1346006	0	1.0000
stock_b5000_full	L1347203	0	1.0000
stock_b5000_full	L134750	0	0.9361
stock_b5000_full	L1349951	0	1.0000
stock_b5000_full	L135606	0	1.0000
stock_b5000_full	L1359737	0	1.0000
stock_b5000_full	L1359885	0	1.0000
stock_b5000_full	L1364769	0	1.0000
stock_b5000_full	L1367051	0	1.0000
stock_b5000_full	L1370889	0	0.5426
stock_b5000_full	L1371345	0	1.0000
stock_b5000_full	L137216	1	1.0000
stock_b5000_full	L1374223	0	1.0000
stock_b5000_full	L1374668	0	1.0000
stock_b5000_full	L1375718	1	1.0000
stock_b5000_full	L138026	1	1.0000
stock_b5000_full	L1381564	0	1.0000
stock_b5000_full	L1382755	1	1.0000
stock_b5000_full	L1383713	0	1.0000
stock_b5000_full	L1384799	0	0.9958
stock_b5000_full	L1385247	0	1.0000
stock_b5000_full	L1385993	0	1.0000
stock_b5000_full	L1386308	1	1.0000
stock_b5000_full	L1393102	0	1.0000
stock_b5000_full	L1393473	0	1.0000
stock_b5000_full	L1395501	0	1.0000
stock_b5000_full	L1396567	0	1.0000
stock_b5000_full	L139823	0	1.0000
stock_b5000_full	L1398710	1	1.0000
stock_b5000_full	L1401969	0	1.0000
stock_b5000_full	L140451	0	1.0000
stock_b5000_full	L140523	0	1.0000
stock_b5000_full	L1405833	0	1.0000
stock_b5000_full	L1406124	0	1.0000
stock_b5000_full	L1408446	0	0.9983
stock_b5000_full	L1414087	0	1.0000
stock_b5000_full	L1414670	0	1.0000
stock_b5000_full	L1427937	0	0.4388
stock_b5000_full	L1432075	0	0.9898
stock_b5000_full	L1433990	0	1.0000
stock_b5000_full	L1436612	0	0.9999
stock_b5000_full	L1437018	0	1.0000
stock_b5000_full	L1437092	0	1.0000
stock_b5000_full	L1438034	0	1.0000
stock_b5000_full	L1441109	0	1.0000
stock_b5000_full	L1443886	0	1.0000
stock_b5000_full	L1447645	0	1.0000
stock_b5000_full	L1447799	0	1.0000
stock_b5000_full	L1456105	0	1.0000
stock_b5000_full	L1460805	0	1.0000
stock_b5000_full	L1461137	0	1.0000
stock_b5000_full	L1463034	0	1.0000
stock_b5000_full	L1463212	0	1.0000
stock_b5000_full	L1466388	0	1.0000
stock_b5000_full	L1467157	0	1.0000
stock_b5000_full	L1469232	1	1.0000
stock_b5000_full	L1470463	1	0.5008
stock_b5000_full	L1471165	0	0.8567
stock_b5000_full	L1472014	1	1.0000
stock_b5000_full	L1472713	0	1.0000
stock_b5000_full	L1477149	0	1.0000
stock_b5000_full	L1478	1	0.9565
stock_b5000_full	L1479751	0	1.0000
stock_b5000_full	L148298	0	1.0000
stock_b5000_full	L1483366	0	1.0000
stock_b5000_full	L1485382	0	1.0000
stock_b5000_full	L1485505	0	1.0000
stock_b5000_full	L1486236	0	1.0000
stock_b5000_full	L1486972	0	1.0000
stock_b5000_full	L1489403	0	1.0000
stock_b5000_full	L1491379	0	1.0000
stock_b5000_full	L1491419	0	1.0000
stock_b5000_full	L1492852	0	1.0000
stock_b5000_full	L1493725	0	1.0000
stock_b5000_full	L1494355	0	0.5137
stock_b5000_full	L1496468	0	0.5494
stock_b5000_full	L1496688	1	0.9966
stock_b5000_full	L1499308	0	1.0000
stock_b5000_full	L1499442	0	1.0000
stock_b5000_full	L1501233	0	1.0000
stock_b5000_full	L150125	0	1.0000
stock_b5000_full	L1505560	1	1.0000
stock_b5000_full	L1507253	0	1.0000
stock_b5000_full	L1507813	0	1.0000
stock_b5000_full	L1509077	0	1.0000
stock_b5000_full	L1509421	0	1.0000
stock_b5000_full	L151054	1	1.0000
stock_b5000_full	L1511044	0	1.0000
stock_b5000_full	L1511216	0	1.0000
stock_b5000_full	L1516526	0	0.5525
stock_b5000_full	L1519249	0	0.9999
stock_b5000_full	L152214	0	1.0000
stock_b5000_full	L1524073	0	1.0000
stock_b5000_full	L1524858	0	1.0000
stock_b5000_full	L1529356	0	1.0000
stock_b5000_full	L1532590	1	1.0000
stock_b5000_full	L1541613	0	1.0000
stock_b5000_full	L1544574	0	1.0000
stock_b5000_full	L1549024	0	1.0000
stock_b5000_full	L1551652	0	1.0000
stock_b5000_full	L1552258	1	0.6464
stock_b5000_full	L1555218	0	1.0000
stock_b5000_full	L1555419	0	0.7557
stock_b5000_full	L1557526	0	1.0000
stock_b5000_full	L1560322	0	1.0000
stock_b5000_full	L1560376	0	1.0000
stock_b5000_full	L1560763	1	1.0000
stock_b5000_full	L1566484	0	1.0000
stock_b5000_full	L1571939	0	1.0000
stock_b5000_full	L1579304	0	1.0000
stock_b5000_full	L1582185	1	0.7603
stock_b5000_full	L1586191	0	1.0000
stock_b5000_full	L1587457	0	1.0000
stock_b5000_full	L15876	0	1.0000
stock_b5000_full	L1587747	0	1.0000
stock_b5000_full	L1588237	1	0.3278
stock_b5000_full	L1588825	0	1.0000
stock_b5000_full	L159056	1	0.7819
stock_b5000_full	L1590560	0	0.3495
stock_b5000_full	L1591450	0	1.0000
stock_b5000_full	L1593143	0	1.0000
stock_b5000_full	L1596884	0	1.0000
stock_b5000_full	L1598768	0	1.0000
stock_b5000_full	L1598930	0	1.0000
stock_b5000_full	L1601341	1	0.5011
stock_b5000_full	L1602543	0	1.0000
stock_b5000_full	L1604821	0	1.0000
stock_b5000_full	L1604892	0	1.0000
stock_b5000_full	L1605370	0	0.8859
stock_b5000_full	L1606583	0	1.0000
stock_b5000_full	L1608076	0	1.0000
stock_b5000_full	L1608273	1	0.9169
stock_b5000_full	L1609727	0	0.9359
stock_b5000_full	L1609811	0	0.9948
stock_b5000_full	L161032	0	1.0000
stock_b5000_full	L1612957	1	1.0000
stock_b5000_full	L1613091	0	1.0000
stock_b5000_full	L1613268	0	1.0000
stock_b5000_full	L1615851	0	1.0000
stock_b5000_full	L1622057	0	1.0000
stock_b5000_full	L162246	0	1.0000
stock_b5000_full	L1622713	0	1.0000
stock_b5000_full	L1625450	0	1.0000
stock_b5000_full	L162554	1	1.0000
stock_b5000_full	L1627209	0	1.0000
stock_b5000_full	L1631328	0	1.0000
stock_b5000_full	L1635519	0	1.0000
stock_b5000_full	L1639521	0	1.0000
stock_b5000_full	L1639821	0	1.0000
stock_b5000_full	L1642967	0	1.0000
stock_b5000_full	L1644769	0	1.0000
stock_b5000_full	L1646853	0	1.0000
stock_b5000_full	L1647874	1	1.0000
stock_b5000_full	L1648895	3	0.5294
stock_b5000_full	L1650875	0	0.9997
stock_b5000_full	L1652039	0	0.9642
stock_b5000_full	L1652815	1	0.5040
stock_b5000_full	L1653263	1	1.0000
stock_b5000_full	L1655965	0	1.0000
stock_b5000_full	L1657402	0	1.0000
stock_b5000_full	L1661513	0	1.0000
stock_b5000_full	L1662120	1	1.0000
stock_b5000_full	L1663767	1	0.9975
stock_b5000_full	L1668184	1	1.0000
stock_b5000_full	L1669571	1	0.6360
stock_b5000_full	L1670085	1	0.3738
stock_b5000_full	L1674481	0	1.0000
stock_b5000_full	L1677218	0	0.9997
stock_b5000_full	L1682161	0	1.0000
stock_b5000_full	L1684393	0	1.0000
stock_b5000_full	L1685887	1	0.9991
stock_b5000_full	L1686082	0	1.0000
stock_b5000_full	L1688510	0	1.0000
stock_b5000_full	L1688656	0	1.0000
stock_b5000_full	L1690021	0	1.0000
stock_b5000_full	L1693386	0	0.9971
stock_b5000_full	L169487	0	1.0000
stock_b5000_full	L1695888	0	1.0000
stock_b5000_full	L1698718	0	1.0000
stock_b5000_full	L1701935	1	0.5099
stock_b5000_full	L1705819	0	1.0000
stock_b5000_full	L1709335	0	1.0000
stock_b5000_full	L171130	0	0.9918
stock_b5000_full	L1712949	1	0.7213
stock_b5000_full	L1714919	1	1.0000
stock_b5000_full	L171690	1	0.6250
stock_b5000_full	L1718810	0	1.0000
stock_b5000_full	L1719751	0	1.0000
stock_b5000_full	L1720850	0	0.8493
stock_b5000_full	L1723923	0	1.0000
stock_b5000_full	L1725020	1	1.0000
stock_b5000_full	L1725041	1	1.0000
stock_b5000_full	L1726323	1	1.0000
stock_b5000_full	L1727858	0	1.0000
stock_b5000_full	L1729303	0	1.0000
stock_b5000_full	L1730490	1	1.0000
stock_b5000_full	L1732200	0	1.0000
stock_b5000_full	L1732882	0	1.0000
stock_b5000_full	L1735731	0	1.0000
stock_b5000_full	L173687	0	1.0000
stock_b5000_full	L1737129	0	1.0000
stock_b5000_full	L1737199	0	1.0000
stock_b5000_full	L1737288	0	1.0000
stock_b5000_full	L1737697	0	1.0000
stock_b5000_full	L1739165	1	1.0000
stock_b5000_full	L1742077	1	0.8448
stock_b5000_full	L1743059	0	1.0000
stock_b5000_full	L1744739	0	1.0000
stock_b5000_full	L1745406	0	1.0000
stock_b5000_full	L1747911	0	0.6111
stock_b5000_full	L174794	1	1.0000
stock_b5000_full	L1750070	0	1.0000
stock_b5000_full	L175284	1	1.0000
stock_b5000_full	L1752952	0	0.9809
stock_b5000_full	L1753490	0	0.9950
stock_b5000_full	L1753843	1	0.4861
stock_b5000_full	L1759493	1	0.9935
stock_b5000_full	L1765301	0	1.0000
stock_b5000_full	L1765363	0	1.0000
stock_b5000_full	L1767300	0	0.9023
stock_b5000_full	L1768658	0	1.0000
stock_b5000_full	L1769532	1	0.6545
stock_b5000_full	L1769550	0	0.7022
stock_b5000_full	L1770605	0	1.0000
stock_b5000_full	L1771311	1	1.0000
stock_b5000_full	L1772017	0	1.0000
stock_b5000_full	L1773543	0	0.7774
stock_b5000_full	L1773916	0	1.0000
stock_b5000_full	L1775636	1	0.8090
stock_b5000_full	L177799	0	1.0000
stock_b5000_full	L1778413	0	1.0000
stock_b5000_full	L1787007	0	1.0000
stock_b5000_full	L1790401	1	0.5423
stock_b5000_full	L1791936	0	0.9999
stock_b5000_full	L1792207	0	0.9999
stock_b5000_full	L1792659	0	1.0000
stock_b5000_full	L1794068	0	1.0000
stock_b5000_full	L1795358	0	0.9377
stock_b5000_full	L1796850	0	1.0000
stock_b5000_full	L179746	1	0.5229
stock_b5000_full	L1798544	0	1.0000
stock_b5000_full	L1799442	0	1.0000
stock_b5000_full	L1799810	0	1.0000
stock_b5000_full	L1801178	1	1.0000
stock_b5000_full	L1801760	0	1.0000
stock_b5000_full	L1802047	1	1.0000
stock_b5000_full	L1804120	0	1.0000
stock_b5000_full	L1811318	0	1.0000
stock_b5000_full	L1811952	1	1.0000
stock_b5000_full	L1812704	0	1.0000
stock_b5000_full	L1814498	0	1.0000
stock_b5000_full	L1817250	0	1.0000
stock_b5000_full	L1818712	0	1.0000
stock_b5000_full	L1821293	0	0.9772
stock_b5000_full	L182449	0	1.0000
stock_b5000_full	L1825114	0	1.0000
stock_b5000_full	L1826149	0	0.9978
stock_b5000_full	L1826657	0	0.9837
stock_b5000_full	L1830940	0	1.0000
stock_b5000_full	L1832293	0	1.0000
stock_b5000_full	L1837363	0	1.0000
stock_b5000_full	L1839404	1	1.0000
stock_b5000_full	L1840072	1	0.9312
stock_b5000_full	L1848244	0	1.0000
stock_b5000_full	L1848626	0	1.0000
stock_b5000_full	L1849088	0	1.0000
stock_b5000_full	L1849758	1	0.5746
stock_b5000_full	L1851112	0	1.0000
stock_b5000_full	L1858638	0	1.0000
stock_b5000_full	L1864914	0	1.0000
stock_b5000_full	L1866695	0	0.9900
stock_b5000_full	L186789	0	1.0000
stock_b5000_full	L1867920	0	0.9933
stock_b5000_full	L1869414	0	1.0000
stock_b5000_full	L1870045	0	1.0000
stock_b5000_full	L1876859	0	1.0000
stock_b5000_full	L1879565	0	1.0000
stock_b5000_full	L1880643	0	0.6605
stock_b5000_full	L1883051	0	0.6678
stock_b5000_full	L1883207	0	1.0000
stock_b5000_full	L1884097	1	0.8789
stock_b5000_full	L1885861	0	1.0000
stock_b5000_full	L1886890	0	1.0000
stock_b5000_full	L1888222	0	1.0000
stock_b5000_full	L1890397	0	1.0000
stock_b5000_full	L1891326	0	1.0000
stock_b5000_full	L1891911	0	1.0000
stock_b5000_full	L189215	0	0.9505
stock_b5000_full	L1893124	0	1.0000
stock_b5000_full	L1895099	0	1.0000
stock_b5000_full	L1899272	1	0.5254
stock_b5000_full	L1903273	1	1.0000
stock_b5000_full	L1906047	0	1.0000
stock_b5000_full	L1907735	0	1.0000
stock_b5000_full	L1908855	0	1.0000
stock_b5000_full	L1908990	0	1.0000
stock_b5000_full	L191026	1	0.9188
stock_b5000_full	L191114	1	0.9745
stock_b5000_full	L1912592	0	1.0000
stock_b5000_full	L1912663	0	1.0000
stock_b5000_full	L1912864	1	1.0000
stock_b5000_full	L1914580	0	0.9965
stock_b5000_full	L1915361	0	1.0000
stock_b5000_full	L1916208	1	0.8364
stock_b5000_full	L1916614	0	1.0000
stock_b5000_full	L1918666	0	1.0000
stock_b5000_full	L192226	1	1.0000
stock_b5000_full	L192344	0	1.0000
stock_b5000_full	L1924733	1	0.7276
stock_b5000_full	L1925390	0	0.9297
stock_b5000_full	L1926543	0	1.0000
stock_b5000_full	L1926777	0	1.0000
stock_b5000_full	L1930199	1	0.8694
stock_b5000_full	L1930682	0	1.0000
stock_b5000_full	L1931524	0	1.0000
stock_b5000_full	L1931575	0	1.0000
stock_b5000_full	L1932786	0	1.0000
stock_b5000_full	L1935552	0	1.0000
stock_b5000_full	L1940388	0	0.9902
stock_b5000_full	L1942057	0	1.0000
stock_b5000_full	L1942729	1	1.0000
stock_b5000_full	L1943330	0	1.0000
stock_b5000_full	L1943510	0	1.0000
stock_b5000_full	L194417	0	1.0000
stock_b5000_full	L1944174	0	1.0000
stock_b5000_full	L1947348	0	1.0000
stock_b5000_full	L1949352	0	1.0000
stock_b5000_full	L1950763	1	1.0000
stock_b5000_full	L1952119	0	1.0000
stock_b5000_full	L195329	0	1.0000
stock_b5000_full	L1954256	0	1.0000
stock_b5000_full	L1954592	0	1.0000
stock_b5000_full	L1956336	0	1.0000
stock_b5000_full	L1960549	0	1.0000
stock_b5000_full	L1961705	0	1.0000
stock_b5000_full	L196426	0	0.6296
stock_b5000_full	L1964681	2	0.9640
stock_b5000_full	L1964818	0	0.9860
stock_b5000_full	L196522	0	1.0000
stock_b5000_full	L1965259	0	1.0000
stock_b5000_full	L1969773	1	1.0000
stock_b5000_full	L1970176	0	1.0000
stock_b5000_full	L1970683	0	1.0000
stock_b5000_full	L1971246	0	1.0000
stock_b5000_full	L1974484	0	1.0000
stock_b5000_full	L1975236	0	1.0000
stock_b5000_full	L1976938	0	1.0000
stock_b5000_full	L1979502	1	0.9961
stock_b5000_full	L1982152	0	1.0000
stock_b5000_full	L1983364	0	1.0000
stock_b5000_full	L1987108	0	1.0000
stock_b5000_full	L1988240	0	1.0000
stock_b5000_full	L1993480	0	1.0000
stock_b5000_full	L1997288	1	1.0000
stock_b5000_full	L202779	0	1.0000
stock_b5000_full	L203024	0	1.0000
stock_b5000_full	L203055	0	1.0000
stock_b5000_full	L203427	0	1.0000
stock_b5000_full	L204207	0	1.0000
stock_b5000_full	L206162	1	1.0000
stock_b5000_full	L206291	0	1.0000
stock_b5000_full	L208103	0	0.9473
stock_b5000_full	L212706	0	1.0000
stock_b5000_full	L215236	1	0.3890
stock_b5000_full	L217232	0	1.0000
stock_b5000_full	L219855	2	0.9785
stock_b5000_full	L222503	0	1.0000
stock_b5000_full	L223078	0	1.0000
stock_b5000_full	L224386	0	1.0000
stock_b5000_full	L226823	0	1.0000
stock_b5000_full	L229848	1	1.0000
stock_b5000_full	L234068	0	1.0000
stock_b5000_full	L234358	0	1.0000
stock_b5000_full	L235827	0	1.0000
stock_b5000_full	L241922	0	0.9873
stock_b5000_full	L244167	0	1.0000
stock_b5000_full	L246252	0	1.0000
stock_b5000_full	L246615	0	1.0000
stock_b5000_full	L250491	0	1.0000
stock_b5000_full	L25148	0	1.0000
stock_b5000_full	L252565	0	1.0000
stock_b5000_full	L252740	0	0.9970
stock_b5000_full	L254881	1	0.9813
stock_b5000_full	L254921	1	0.9322
stock_b5000_full	L255184	0	0.9972
stock_b5000_full	L261281	0	1.0000
stock_b5000_full	L261593	3	0.8618
stock_b5000_full	L265738	0	1.0000
stock_b5000_full	L266704	0	1.0000
stock_b5000_full	L268711	0	1.0000
stock_b5000_full	L2753	0	1.0000
stock_b5000_full	L276686	0	1.0000
stock_b5000_full	L276932	0	1.0000
stock_b5000_full	L283567	0	1.0000
stock_b5000_full	L283821	0	1.0000
stock_b5000_full	L285782	0	1.0000
stock_b5000_full	L286111	0	1.0000
stock_b5000_full	L287950	1	0.7470
stock_b5000_full	L291918	0	1.0000
stock_b5000_full	L292129	0	0.7834
stock_b5000_full	L292548	0	0.9452
stock_b5000_full	L292863	0	1.0000
stock_b5000_full	L296516	0	1.0000
stock_b5000_full	L300887	0	1.0000
stock_b5000_full	L303947	0	1.0000
stock_b5000_full	L310800	0	1.0000
stock_b5000_full	L311177	0	1.0000
stock_b5000_full	L312164	0	0.8963
stock_b5000_full	L312598	1	0.3715
stock_b5000_full	L312652	0	0.9580
stock_b5000_full	L312971	0	1.0000
stock_b5000_full	L314589	1	0.6385
stock_b5000_full	L315824	0	1.0000
stock_b5000_full	L316559	0	1.0000
stock_b5000_full	L316830	0	1.0000
stock_b5000_full	L317667	0	1.0000
stock_b5000_full	L317918	0	0.9979
stock_b5000_full	L318506	0	1.0000
stock_b5000_full	L31880	0	0.9999
stock_b5000_full	L320498	1	1.0000
stock_b5000_full	L324044	0	0.9996
stock_b5000_full	L324251	0	1.0000
stock_b5000_full	L326217	0	1.0000
stock_b5000_full	L326411	0	1.0000
stock_b5000_full	L327637	0	1.0000
stock_b5000_full	L328091	0	1.0000
stock_b5000_full	L328588	1	1.0000
stock_b5000_full	L336455	0	1.0000
stock_b5000_full	L339807	0	1.0000
stock_b5000_full	L344836	0	0.6758
stock_b5000_full	L344866	0	0.6953
stock_b5000_full	L345604	1	0.9904
stock_b5000_full	L345618	1	0.9993
stock_b5000_full	L346137	0	1.0000
stock_b5000_full	L346812	0	1.0000
stock_b5000_full	L347499	0	1.0000
stock_b5000_full	L350046	0	1.0000
stock_b5000_full	L350778	0	1.0000
stock_b5000_full	L353558	0	0.9988
stock_b5000_full	L356036	1	0.9752
stock_b5000_full	L356521	0	0.9999
stock_b5000_full	L358105	0	1.0000
stock_b5000_full	L362575	0	1.0000
stock_b5000_full	L363535	1	1.0000
stock_b5000_full	L365492	0	1.0000
stock_b5000_full	L370362	0	1.0000
stock_b5000_full	L371034	0	1.0000
stock_b5000_full	L371285	0	0.9859
stock_b5000_full	L37304	0	1.0000
stock_b5000_full	L375096	0	1.0000
stock_b5000_full	L377059	0	1.0000
stock_b5000_full	L378276	0	1.0000
stock_b5000_full	L378760	0	1.0000
stock_b5000_full	L381737	0	1.0000
stock_b5000_full	L383499	0	1.0000
stock_b5000_full	L385407	0	1.0000
stock_b5000_full	L385857	1	1.0000
stock_b5000_full	L387343	1	0.3730
stock_b5000_full	L388473	0	1.0000
stock_b5000_full	L388574	0	1.0000
stock_b5000_full	L391186	1	0.9436
stock_b5000_full	L393092	0	1.0000
stock_b5000_full	L393585	0	1.0000
stock_b5000_full	L395193	0	1.0000
stock_b5000_full	L398354	0	1.0000
stock_b5000_full	L400134	0	1.0000
stock_b5000_full	L401020	0	1.0000
stock_b5000_full	L403345	0	0.9992
stock_b5000_full	L406216	0	0.8656
stock_b5000_full	L408859	1	1.0000
stock_b5000_full	L412899	1	0.9938
stock_b5000_full	L413023	0	1.0000
stock_b5000_full	L416668	0	1.0000
stock_b5000_full	L417704	0	0.9622
stock_b5000_full	L420714	0	0.9735
stock_b5000_full	L421059	0	1.0000
stock_b5000_full	L424212	0	1.0000
stock_b5000_full	L424222	0	1.0000
stock_b5000_full	L428706	0	0.9997
stock_b5000_full	L430076	0	1.0000
stock_b5000_full	L433212	0	1.0000
stock_b5000_full	L440395	0	1.0000
stock_b5000_full	L444119	0	0.8736
stock_b5000_full	L444988	0	1.0000
stock_b5000_full	L446876	0	1.0000
stock_b5000_full	L44824	0	1.0000
stock_b5000_full	L452432	0	1.0000
stock_b5000_full	L454528	0	1.0000
stock_b5000_full	L456725	0	1.0000
stock_b5000_full	L456944	0	1.0000
stock_b5000_full	L457550	0	0.9478
stock_b5000_full	L457956	1	1.0000
stock_b5000_full	L458381	0	1.0000
stock_b5000_full	L459582	1	0.3997
stock_b5000_full	L459755	2	0.7831
stock_b5000_full	L464332	0	1.0000
stock_b5000_full	L466429	0	1.0000
stock_b5000_full	L467481	1	0.9999
stock_b5000_full	L469401	0	1.0000
stock_b5000_full	L472520	0	1.0000
stock_b5000_full	L473747	0	1.0000
stock_b5000_full	L473938	0	1.0000
stock_b5000_full	L474231	0	1.0000
stock_b5000_full	L474923	0	1.0000
stock_b5000_full	L475106	0	1.0000
stock_b5000_full	L475154	0	1.0000
stock_b5000_full	L475467	1	0.4991
stock_b5000_full	L475886	0	1.0000
stock_b5000_full	L482306	0	1.0000
stock_b5000_full	L488158	0	1.0000
stock_b5000_full	L490475	0	1.0000
stock_b5000_full	L491427	0	0.9994
stock_b5000_full	L49176	1	1.0000
stock_b5000_full	L493771	0	1.0000
stock_b5000_full	L494062	0	1.0000
stock_b5000_full	L495340	0	1.0000
stock_b5000_full	L497951	0	1.0000
stock_b5000_full	L502789	0	0.9315
stock_b5000_full	L503437	0	1.0000
stock_b5000_full	L506327	0	1.0000
stock_b5000_full	L507694	1	1.0000
stock_b5000_full	L512101	0	1.0000
stock_b5000_full	L512434	1	0.5676
stock_b5000_full	L513464	0	1.0000
stock_b5000_full	L51442	0	1.0000
stock_b5000_full	L515801	0	0.5659
stock_b5000_full	L517009	0	1.0000
stock_b5000_full	L52027	0	1.0000
stock_b5000_full	L521456	0	1.0000
stock_b5000_full	L523674	1	1.0000
stock_b5000_full	L526178	0	1.0000
stock_b5000_full	L526326	0	1.0000
stock_b5000_full	L526554	0	1.0000
stock_b5000_full	L527149	0	0.4618
stock_b5000_full	L527166	0	0.5917
stock_b5000_full	L529765	0	1.0000
stock_b5000_full	L529835	0	1.0000
stock_b5000_full	L531488	0	1.0000
stock_b5000_full	L531618	0	1.0000
stock_b5000_full	L532585	0	0.9981
stock_b5000_full	L536268	0	1.0000
stock_b5000_full	L537137	0	1.0000
stock_b5000_full	L538751	0	1.0000
stock_b5000_full	L54071	0	1.0000
stock_b5000_full	L542741	0	1.0000
stock_b5000_full	L549351	0	1.0000
stock_b5000_full	L550835	0	1.0000
stock_b5000_full	L554229	0	1.0000
stock_b5000_full	L55570	1	1.0000
stock_b5000_full	L555852	0	1.0000
stock_b5000_full	L560327	1	0.7313
stock_b5000_full	L563200	0	1.0000
stock_b5000_full	L564410	0	1.0000
stock_b5000_full	L566336	0	1.0000
stock_b5000_full	L567906	0	0.9999
stock_b5000_full	L572634	0	1.0000
stock_b5000_full	L573155	0	1.0000
stock_b5000_full	L578914	0	1.0000
stock_b5000_full	L580430	0	1.0000
stock_b5000_full	L583954	0	1.0000
stock_b5000_full	L583966	0	1.0000
stock_b5000_full	L584601	0	1.0000
stock_b5000_full	L585369	0	1.0000
stock_b5000_full	L592310	0	1.0000
stock_b5000_full	L596301	0	1.0000
stock_b5000_full	L606734	0	1.0000
stock_b5000_full	L611423	0	0.9285
stock_b5000_full	L612992	0	1.0000
stock_b5000_full	L614585	0	1.0000
stock_b5000_full	L614901	0	1.0000
stock_b5000_full	L617172	1	0.5704
stock_b5000_full	L6172	0	1.0000
stock_b5000_full	L619139	0	1.0000
stock_b5000_full	L622864	1	0.7625
stock_b5000_full	L625620	1	1.0000
stock_b5000_full	L626370	0	1.0000
stock_b5000_full	L628280	0	1.0000
stock_b5000_full	L629068	0	1.0000
stock_b5000_full	L630016	1	1.0000
stock_b5000_full	L631639	0	1.0000
stock_b5000_full	L633712	0	1.0000
stock_b5000_full	L634203	0	1.0000
stock_b5000_full	L635881	0	1.0000
stock_b5000_full	L640723	0	1.0000
stock_b5000_full	L642903	1	1.0000
stock_b5000_full	L646631	0	1.0000
stock_b5000_full	L646882	0	1.0000
stock_b5000_full	L647279	0	0.9702
stock_b5000_full	L648131	0	1.0000
stock_b5000_full	L649912	0	1.0000
stock_b5000_full	L651987	1	1.0000
stock_b5000_full	L654924	0	1.0000
stock_b5000_full	L655778	0	0.8407
stock_b5000_full	L656138	0	0.9995
stock_b5000_full	L656836	0	1.0000
stock_b5000_full	L658170	1	1.0000
stock_b5000_full	L658943	0	1.0000
stock_b5000_full	L660197	0	1.0000
stock_b5000_full	L669638	0	1.0000
stock_b5000_full	L671026	1	0.7019
stock_b5000_full	L671573	0	1.0000
stock_b5000_full	L673092	0	0.9977
stock_b5000_full	L67588	0	1.0000
stock_b5000_full	L676518	0	0.9099
stock_b5000_full	L676670	1	1.0000
stock_b5000_full	L676732	1	1.0000
stock_b5000_full	L678705	0	1.0000
stock_b5000_full	L680938	0	1.0000
stock_b5000_full	L681748	0	0.9974
stock_b5000_full	L682598	0	1.0000
stock_b5000_full	L685587	0	1.0000
stock_b5000_full	L686599	0	1.0000
stock_b5000_full	L688258	0	1.0000
stock_b5000_full	L689994	0	1.0000
stock_b5000_full	L690892	0	1.0000
stock_b5000_full	L691999	0	1.0000
stock_b5000_full	L693288	0	1.0000
stock_b5000_full	L693741	0	1.0000
stock_b5000_full	L696558	1	1.0000
stock_b5000_full	L699126	0	1.0000
stock_b5000_full	L700583	0	1.0000
stock_b5000_full	L700632	0	1.0000
stock_b5000_full	L702054	0	0.9994
stock_b5000_full	L702280	0	1.0000
stock_b5000_full	L702910	0	1.0000
stock_b5000_full	L70303	0	1.0000
stock_b5000_full	L70480	0	1.0000
stock_b5000_full	L706867	0	0.9999
stock_b5000_full	L70707	0	1.0000
stock_b5000_full	L707104	0	1.0000
stock_b5000_full	L709497	1	1.0000
stock_b5000_full	L710351	0	1.0000
stock_b5000_full	L712623	0	1.0000
stock_b5000_full	L712839	0	1.0000
stock_b5000_full	L714138	0	1.0000
stock_b5000_full	L714322	1	0.3411
stock_b5000_full	L715539	0	1.0000
stock_b5000_full	L722473	0	1.0000
stock_b5000_full	L723388	0	0.9999
stock_b5000_full	L728677	1	1.0000
stock_b5000_full	L731795	0	0.5376
stock_b5000_full	L731901	1	0.7224
stock_b5000_full	L734741	0	1.0000
stock_b5000_full	L735367	0	1.0000
stock_b5000_full	L738514	1	1.0000
stock_b5000_full	L740729	1	0.9553
stock_b5000_full	L741868	0	1.0000
stock_b5000_full	L74196	0	1.0000
stock_b5000_full	L742362	0	1.0000
stock_b5000_full	L743265	0	1.0000
stock_b5000_full	L743865	0	1.0000
stock_b5000_full	L745530	0	1.0000
stock_b5000_full	L749377	0	1.0000
stock_b5000_full	L749553	0	1.0000
stock_b5000_full	L749881	0	1.0000
stock_b5000_full	L750841	0	1.0000
stock_b5000_full	L752916	0	1.0000
stock_b5000_full	L753506	0	1.0000
stock_b5000_full	L754882	0	1.0000
stock_b5000_full	L756452	0	1.0000
stock_b5000_full	L757	1	0.9987
stock_b5000_full	L757428	0	1.0000
stock_b5000_full	L757843	1	1.0000
stock_b5000_full	L763303	0	1.0000
stock_b5000_full	L763922	0	1.0000
stock_b5000_full	L764727	2	0.5517
stock_b5000_full	L765399	1	0.3597
stock_b5000_full	L765826	0	1.0000
stock_b5000_full	L769281	0	1.0000
stock_b5000_full	L770616	0	1.0000
stock_b5000_full	L771003	0	1.0000
stock_b5000_full	L771549	0	0.9932
stock_b5000_full	L77697	0	1.0000
stock_b5000_full	L780109	0	0.7495
stock_b5000_full	L781799	0	1.0000
stock_b5000_full	L784040	0	1.0000
stock_b5000_full	L785488	1	0.5216
stock_b5000_full	L785780	1	0.5131
stock_b5000_full	L786117	0	1.0000
stock_b5000_full	L786613	0	1.0000
stock_b5000_full	L789103	0	1.0000
stock_b5000_full	L789781	0	1.0000
stock_b5000_full	L791567	0	1.0000
stock_b5000_full	L794707	0	1.0000
stock_b5000_full	L794711	0	1.0000
stock_b5000_full	L795076	0	1.0000
stock_b5000_full	L797681	1	1.0000
stock_b5000_full	L798494	1	0.6539
stock_b5000_full	L799617	0	1.0000
stock_b5000_full	L802353	0	0.9989
stock_b5000_full	L802880	0	1.0000
stock_b5000_full	L804404	0	1.0000
stock_b5000_full	L805905	1	1.0000
stock_b5000_full	L806221	1	1.0000
stock_b5000_full	L806407	0	1.0000
stock_b5000_full	L806874	1	0.6578
stock_b5000_full	L811086	1	1.0000
stock_b5000_full	L811206	0	1.0000
stock_b5000_full	L813938	0	0.9999
stock_b5000_full	L815854	0	1.0000
stock_b5000_full	L816130	0	1.0000
stock_b5000_full	L816815	1	1.0000
stock_b5000_full	L818653	0	1.0000
stock_b5000_full	L820799	0	1.0000
stock_b5000_full	L820919	0	1.0000
stock_b5000_full	L822339	0	0.9750
stock_b5000_full	L823352	1	1.0000
stock_b5000_full	L823663	0	0.8741
stock_b5000_full	L827607	0	1.0000
stock_b5000_full	L829836	0	1.0000
stock_b5000_full	L829937	0	1.0000
stock_b5000_full	L835568	1	0.6053
stock_b5000_full	L840754	0	0.9999
stock_b5000_full	L840831	1	0.3092
stock_b5000_full	L841410	0	1.0000
stock_b5000_full	L841938	0	1.0000
stock_b5000_full	L842512	0	1.0000
stock_b5000_full	L845989	0	1.0000
stock_b5000_full	L847583	0	1.0000
stock_b5000_full	L849106	0	1.0000
stock_b5000_full	L849313	1	0.9852
stock_b5000_full	L850300	0	1.0000
stock_b5000_full	L85073	0	1.0000
stock_b5000_full	L851546	0	1.0000
stock_b5000_full	L855936	0	1.0000
stock_b5000_full	L857294	1	1.0000
stock_b5000_full	L859511	0	1.0000
stock_b5000_full	L860562	1	0.9281
stock_b5000_full	L861354	0	1.0000
stock_b5000_full	L861634	0	1.0000
stock_b5000_full	L864107	0	1.0000
stock_b5000_full	L874268	0	0.9998
stock_b5000_full	L874681	0	1.0000
stock_b5000_full	L8749	0	0.9851
stock_b5000_full	L875990	1	1.0000
stock_b5000_full	L876833	0	1.0000
stock_b5000_full	L877891	0	1.0000
stock_b5000_full	L87827	0	1.0000
stock_b5000_full	L878542	1	1.0000
stock_b5000_full	L87943	0	1.0000
stock_b5000_full	L879440	0	1.0000
stock_b5000_full	L879572	0	1.0000
stock_b5000_full	L883162	0	1.0000
stock_b5000_full	L8850	0	0.9722
stock_b5000_full	L886332	0	1.0000
stock_b5000_full	L88725	0	1.0000
stock_b5000_full	L889398	1	0.5261
stock_b5000_full	L890492	0	1.0000
stock_b5000_full	L892459	0	1.0000
stock_b5000_full	L892965	0	1.0000
stock_b5000_full	L897680	0	1.0000
stock_b5000_full	L898054	0	1.0000
stock_b5000_full	L898800	0	1.0000
stock_b5000_full	L900309	1	0.8972
stock_b5000_full	L900340	1	0.8159
stock_b5000_full	L90095	0	1.0000
stock_b5000_full	L901268	0	1.0000
stock_b5000_full	L90168	0	1.0000
stock_b5000_full	L904096	0	1.0000
stock_b5000_full	L904706	0	1.0000
stock_b5000_full	L904848	0	0.9969
stock_b5000_full	L906324	0	1.0000
stock_b5000_full	L910015	0	0.9992
stock_b5000_full	L910025	0	0.8484
stock_b5000_full	L916610	0	1.0000
stock_b5000_full	L917431	0	1.0000
stock_b5000_full	L91807	0	1.0000
stock_b5000_full	L921960	0	1.0000
stock_b5000_full	L925371	0	1.0000
stock_b5000_full	L92746	0	0.9892
stock_b5000_full	L927572	0	1.0000
stock_b5000_full	L928531	0	0.8497
stock_b5000_full	L93166	0	1.0000
stock_b5000_full	L936199	0	0.9999
stock_b5000_full	L936283	0	1.0000
stock_b5000_full	L936413	0	1.0000
stock_b5000_full	L937888	0	1.0000
stock_b5000_full	L938648	0	0.6200
stock_b5000_full	L944032	0	1.0000
stock_b5000_full	L945801	0	1.0000
stock_b5000_full	L945932	0	1.0000
stock_b5000_full	L948511	0	1.0000
stock_b5000_full	L952087	0	1.0000
stock_b5000_full	L95371	0	1.0000
stock_b5000_full	L957382	0	0.9933
stock_b5000_full	L959258	0	0.9809
stock_b5000_full	L959631	1	1.0000
stock_b5000_full	L959635	1	0.9996
stock_b5000_full	L965682	0	1.0000
stock_b5000_full	L966262	0	1.0000
stock_b5000_full	L967666	0	0.9942
stock_b5000_full	L968043	0	1.0000
stock_b5000_full	L969445	1	0.5607
stock_b5000_full	L971021	0	1.0000
stock_b5000_full	L975763	0	1.0000
stock_b5000_full	L97827	0	1.0000
stock_b5000_full	L978999	0	1.0000
stock_b5000_full	L979090	0	1.0000
stock_b5000_full	L979235	0	1.0000
stock_b5000_full	L982465	1	1.0000
stock_b5000_full	L98298	0	1.0000
stock_b5000_full	L988833	0	1.0000
stock_b5000_full	L993157	0	0.9990
stock_b5000_full	L99635	1	0.9999
stock_b5000_full	L998320	0	1.0000
