fix_b2000_frag	L1001560	0	1.0000
fix_b2000_frag	L1004110	0	0.9822
fix_b2000_frag	L1006060	0	1.0000
fix_b2000_frag	L1009598	1	0.1044
fix_b2000_frag	L1010572	2	0.2687
fix_b2000_frag	L1011172	0	1.0000
fix_b2000_frag	L1014202	0	0.6242
fix_b2000_frag	L1015517	2	0.1434
fix_b2000_frag	L1021619	1	0.4199
fix_b2000_frag	L1024876	0	1.0000
fix_b2000_frag	L1025069	0	0.2661
fix_b2000_frag	L1025529	0	0.9137
fix_b2000_frag	L1026996	1	0.2446
fix_b2000_frag	L1028872	0	0.9883
fix_b2000_frag	L1029320	0	0.5315
fix_b2000_frag	L1029938	0	0.4436
fix_b2000_frag	L1031322	2	0.8439
fix_b2000_frag	L1034006	3	0.2866
fix_b2000_frag	L1034223	0	0.9630
fix_b2000_frag	L1036697	0	0.9914
fix_b2000_frag	L1040082	0	0.8659
fix_b2000_frag	L1040135	0	0.6245
fix_b2000_frag	L1041321	0	1.0000
fix_b2000_frag	L1041572	4	0.1683
fix_b2000_frag	L1045274	0	0.9157
fix_b2000_frag	L1046691	1	0.4526
fix_b2000_frag	L1048629	0	0.3439
fix_b2000_frag	L1048900	0	0.9846
fix_b2000_frag	L1051539	3	0.2263
fix_b2000_frag	L1053671	0	0.7185
fix_b2000_frag	L1056104	0	0.9845
fix_b2000_frag	L1057643	0	1.0000
fix_b2000_frag	L1058777	0	1.0000
fix_b2000_frag	L105923	4	0.3940
fix_b2000_frag	L1060697	1	0.8554
fix_b2000_frag	L1062231	0	1.0000
fix_b2000_frag	L1063655	2	0.4162
fix_b2000_frag	L1066055	0	0.9654
fix_b2000_frag	L1066869	0	0.3622
fix_b2000_frag	L1068256	2	0.3268
fix_b2000_frag	L1069244	0	1.0000
fix_b2000_frag	L1070240	0	0.9683
fix_b2000_frag	L1073738	1	0.5072
fix_b2000_frag	L1079529	0	0.9999
fix_b2000_frag	L1079925	0	0.3342
fix_b2000_frag	L1080779	2	0.2980
fix_b2000_frag	L1081899	0	0.4188
fix_b2000_frag	L1082889	0	0.9639
fix_b2000_frag	L1082966	0	1.0000
fix_b2000_frag	L1084007	0	0.7696
fix_b2000_frag	L1085883	0	0.9337
fix_b2000_frag	L1086391	1	0.1434
fix_b2000_frag	L1086461	0	0.8347
fix_b2000_frag	L108652	0	0.2592
fix_b2000_frag	L1086569	0	1.0000
fix_b2000_frag	L108690	0	0.3334
fix_b2000_frag	L108958	8	0.5828
fix_b2000_frag	L1092340	0	0.8960
fix_b2000_frag	L1094288	0	0.9241
fix_b2000_frag	L1096833	0	0.1858
fix_b2000_frag	L1097479	1	0.1882
fix_b2000_frag	L1097562	0	1.0000
fix_b2000_frag	L1099426	2	0.3639
fix_b2000_frag	L1100273	0	0.9663
fix_b2000_frag	L1106070	0	1.0000
fix_b2000_frag	L1107453	1	0.2464
fix_b2000_frag	L111069	0	1.0000
fix_b2000_frag	L1112051	1	0.3599
fix_b2000_frag	L1113584	1	0.8210
fix_b2000_frag	L1113767	0	1.0000
fix_b2000_frag	L1114404	2	0.2385
fix_b2000_frag	L111487	3	0.3581
fix_b2000_frag	L1115783	0	0.3001
fix_b2000_frag	L1123161	0	1.0000
fix_b2000_frag	L112511	0	0.9687
fix_b2000_frag	L1125144	1	0.9682
fix_b2000_frag	L1129896	1	0.3959
fix_b2000_frag	L112990	1	0.7131
fix_b2000_frag	L1130797	0	0.7417
fix_b2000_frag	L1132085	2	0.3132
fix_b2000_frag	L1134223	0	0.7499
fix_b2000_frag	L1138009	1	0.4795
fix_b2000_frag	L1139559	3	0.1280
fix_b2000_frag	L1139874	0	0.9997
fix_b2000_frag	L114083	1	0.3467
fix_b2000_frag	L1143269	0	1.0000
fix_b2000_frag	L114415	0	0.3320
fix_b2000_frag	L1148897	0	0.9853
fix_b2000_frag	L115053	0	0.2497
fix_b2000_frag	L1157871	0	0.9995
fix_b2000_frag	L1159954	0	0.4775
fix_b2000_frag	L1163982	0	0.9966
fix_b2000_frag	L1166709	0	0.8644
fix_b2000_frag	L1168147	0	1.0000
fix_b2000_frag	L1168246	0	0.9967
fix_b2000_frag	L1174309	0	0.6816
fix_b2000_frag	L1176017	0	0.9814
fix_b2000_frag	L1180799	0	0.9932
fix_b2000_frag	L1182677	0	0.5638
fix_b2000_frag	L1182856	0	0.8969
fix_b2000_frag	L1185198	0	0.9838
fix_b2000_frag	L1185601	1	0.9975
fix_b2000_frag	L118714	2	0.2641
fix_b2000_frag	L1189376	0	0.9827
fix_b2000_frag	L1193103	0	0.6448
fix_b2000_frag	L1193586	0	0.3842
fix_b2000_frag	L1195987	0	0.4178
fix_b2000_frag	L1197653	0	0.7595
fix_b2000_frag	L1198863	1	0.3454
fix_b2000_frag	L1200101	1	0.8048
fix_b2000_frag	L1201939	0	1.0000
fix_b2000_frag	L1202998	0	0.7908
fix_b2000_frag	L1203763	0	0.4331
fix_b2000_frag	L12043	0	0.5067
fix_b2000_frag	L1204855	0	1.0000
fix_b2000_frag	L1205350	1	0.5833
fix_b2000_frag	L1208662	0	0.9194
fix_b2000_frag	L1211682	1	0.6231
fix_b2000_frag	L1211692	0	0.5856
fix_b2000_frag	L1212928	0	0.3319
fix_b2000_frag	L1213032	0	0.4311
fix_b2000_frag	L1213065	0	1.0000
fix_b2000_frag	L1214580	0	1.0000
fix_b2000_frag	L1214865	4	0.2989
fix_b2000_frag	L1220369	0	0.6289
fix_b2000_frag	L1221036	4	0.1842
fix_b2000_frag	L1221084	1	0.1749
fix_b2000_frag	L1224791	0	1.0000
fix_b2000_frag	L1224974	2	0.3718
fix_b2000_frag	L1225803	16	0.0663
fix_b2000_frag	L1228089	0	1.0000
fix_b2000_frag	L1230778	0	0.2147
fix_b2000_frag	L1231586	0	0.4110
fix_b2000_frag	L1232442	0	0.6734
fix_b2000_frag	L1234498	0	0.9999
fix_b2000_frag	L1239009	0	1.0000
fix_b2000_frag	L1239425	0	0.9823
fix_b2000_frag	L1239893	2	0.3359
fix_b2000_frag	L1242428	0	0.9993
fix_b2000_frag	L1243420	0	0.2912
fix_b2000_frag	L1247198	0	0.5045
fix_b2000_frag	L1248117	0	0.9966
fix_b2000_frag	L1250931	1	0.3564
fix_b2000_frag	L1252227	0	0.4992
fix_b2000_frag	L1260978	4	0.2473
fix_b2000_frag	L1261356	0	0.2063
fix_b2000_frag	L1263014	0	1.0000
fix_b2000_frag	L1263342	1	0.4573
fix_b2000_frag	L1263703	0	1.0000
fix_b2000_frag	L1265160	0	1.0000
fix_b2000_frag	L1265653	0	0.3029
fix_b2000_frag	L1266143	1	0.6845
fix_b2000_frag	L1266484	1	0.4013
fix_b2000_frag	L1267289	3	0.4165
fix_b2000_frag	L1270832	1	0.3559
fix_b2000_frag	L1273881	0	0.3881
fix_b2000_frag	L1274778	0	1.0000
fix_b2000_frag	L1278871	0	1.0000
fix_b2000_frag	L1281379	0	1.0000
fix_b2000_frag	L1282064	1	0.8096
fix_b2000_frag	L1284437	0	0.4801
fix_b2000_frag	L1289046	0	0.9290
fix_b2000_frag	L129057	0	1.0000
fix_b2000_frag	L129102	2	0.3157
fix_b2000_frag	L1291159	1	0.2054
fix_b2000_frag	L1293709	1	0.1934
fix_b2000_frag	L1293860	1	0.3205
fix_b2000_frag	L1294148	3	0.6024
fix_b2000_frag	L1296774	0	1.0000
fix_b2000_frag	L1297053	0	0.9991
fix_b2000_frag	L1300073	0	0.9909
fix_b2000_frag	L1301795	0	0.9993
fix_b2000_frag	L1306677	1	0.1837
fix_b2000_frag	L1306855	0	0.9994
fix_b2000_frag	L1307746	7	0.1294
fix_b2000_frag	L1312920	0	1.0000
fix_b2000_frag	L1314145	0	1.0000
fix_b2000_frag	L1314194	0	0.4795
fix_b2000_frag	L13173	2	0.3967
fix_b2000_frag	L1318370	0	0.9414
fix_b2000_frag	L1318861	3	0.2963
fix_b2000_frag	L1321166	2	0.2142
fix_b2000_frag	L1324671	0	0.4065
fix_b2000_frag	L1328117	0	0.4175
fix_b2000_frag	L1330303	1	0.2799
fix_b2000_frag	L1335655	1	0.4131
fix_b2000_frag	L1336052	0	0.9317
fix_b2000_frag	L1337916	2	0.1454
fix_b2000_frag	L133834	0	0.8975
fix_b2000_frag	L1339015	0	1.0000
fix_b2000_frag	L1340208	1	0.5642
fix_b2000_frag	L1341191	0	0.6092
fix_b2000_frag	L1342813	1	0.5541
fix_b2000_frag	L134422	28	0.2605
fix_b2000_frag	L1348437	3	0.1729
fix_b2000_frag	L1349598	0	1.0000
fix_b2000_frag	L1351683	0	1.0000
fix_b2000_frag	L1352311	1	0.2383
fix_b2000_frag	L1354390	1	0.5730
fix_b2000_frag	L1360154	0	0.9998
fix_b2000_frag	L1362062	1	0.9998
fix_b2000_frag	L1362414	3	0.1589
fix_b2000_frag	L136602	1	0.9494
fix_b2000_frag	L1368890	2	0.2824
fix_b2000_frag	L1373240	0	1.0000
fix_b2000_frag	L1373356	0	0.5666
fix_b2000_frag	L1374751	0	1.0000
fix_b2000_frag	L1375799	0	0.9653
fix_b2000_frag	L1375926	0	0.2099
fix_b2000_frag	L1376446	2	0.4155
fix_b2000_frag	L1379897	0	0.2170
fix_b2000_frag	L1382552	0	0.2181
fix_b2000_frag	L1383419	0	0.9759
fix_b2000_frag	L1384623	1	0.5787
fix_b2000_frag	L1385181	0	0.9964
fix_b2000_frag	L1385242	0	0.9972
fix_b2000_frag	L1385670	0	0.9981
fix_b2000_frag	L1385883	1	0.6238
fix_b2000_frag	L1393526	1	0.3095
fix_b2000_frag	L1395495	0	0.4243
fix_b2000_frag	L1398892	0	1.0000
fix_b2000_frag	L1399065	0	0.9956
fix_b2000_frag	L1401252	1	0.3745
fix_b2000_frag	L1401873	0	0.3662
fix_b2000_frag	L1405185	0	0.5028
fix_b2000_frag	L1410964	0	1.0000
fix_b2000_frag	L1411691	0	1.0000
fix_b2000_frag	L1412410	0	0.4408
fix_b2000_frag	L141300	1	0.4709
fix_b2000_frag	L141423	0	1.0000
fix_b2000_frag	L1421031	0	0.9621
fix_b2000_frag	L1421448	1	0.2717
fix_b2000_frag	L1433358	0	0.9413
fix_b2000_frag	L1436058	0	0.3919
fix_b2000_frag	L143945	1	0.4587
fix_b2000_frag	L1441448	0	0.9015
fix_b2000_frag	L1442207	1	0.1714
fix_b2000_frag	L1442390	2	0.2570
fix_b2000_frag	L1442834	2	0.7044
fix_b2000_frag	L144496	0	0.9784
fix_b2000_frag	L144866	0	0.3310
fix_b2000_frag	L1451999	0	1.0000
fix_b2000_frag	L1452352	0	0.2506
fix_b2000_frag	L1458540	0	0.9376
fix_b2000_frag	L1462375	0	0.8283
fix_b2000_frag	L1463410	0	0.2400
fix_b2000_frag	L1465729	0	0.2389
fix_b2000_frag	L1465871	2	0.2576
fix_b2000_frag	L1467997	1	0.4182
fix_b2000_frag	L1469558	0	0.9852
fix_b2000_frag	L1472821	4	0.2045
fix_b2000_frag	L1475044	2	0.4676
fix_b2000_frag	L1475841	0	0.4171
fix_b2000_frag	L1476523	0	1.0000
fix_b2000_frag	L1477044	1	0.1220
fix_b2000_frag	L148171	28	0.2256
fix_b2000_frag	L1482489	1	0.2278
fix_b2000_frag	L1483548	0	0.6657
fix_b2000_frag	L1488072	0	0.3406
fix_b2000_frag	L1489229	0	0.3725
fix_b2000_frag	L1491050	0	0.2115
fix_b2000_frag	L149111	1	0.6041
fix_b2000_frag	L1492134	1	0.4173
fix_b2000_frag	L1492883	1	0.3334
fix_b2000_frag	L149629	1	0.3753
fix_b2000_frag	L1498435	0	0.4291
fix_b2000_frag	L149859	1	0.7192
fix_b2000_frag	L1499391	1	0.3919
fix_b2000_frag	L1500089	0	1.0000
fix_b2000_frag	L1500505	0	0.9385
fix_b2000_frag	L1501858	0	1.0000
fix_b2000_frag	L1502230	0	0.9895
fix_b2000_frag	L1505057	0	0.9346
fix_b2000_frag	L150508	0	0.4556
fix_b2000_frag	L1507305	0	0.9095
fix_b2000_frag	L1507321	2	0.1203
fix_b2000_frag	L1510177	0	0.9816
fix_b2000_frag	L1511573	0	0.3391
fix_b2000_frag	L1512053	3	0.4521
fix_b2000_frag	L1513468	0	1.0000
fix_b2000_frag	L1513628	2	0.2240
fix_b2000_frag	L1513988	0	0.9997
fix_b2000_frag	L1514498	2	0.2431
fix_b2000_frag	L151509	1	0.3051
fix_b2000_frag	L1522704	0	1.0000
fix_b2000_frag	L1524763	1	0.4318
fix_b2000_frag	L1526719	0	1.0000
fix_b2000_frag	L1527010	0	0.7269
fix_b2000_frag	L1528883	0	0.8344
fix_b2000_frag	L1533154	1	0.7668
fix_b2000_frag	L1536652	0	0.8014
fix_b2000_frag	L1544099	0	0.9193
fix_b2000_frag	L1546866	0	0.6470
fix_b2000_frag	L1549292	1	0.0811
fix_b2000_frag	L1551160	0	0.3521
fix_b2000_frag	L155120	0	0.9713
fix_b2000_frag	L1554553	1	0.2879
fix_b2000_frag	L1554815	2	0.1477
fix_b2000_frag	L1555892	0	0.9421
fix_b2000_frag	L155872	0	1.0000
fix_b2000_frag	L1558723	0	0.6198
fix_b2000_frag	L1559320	1	0.2252
fix_b2000_frag	L1566115	0	0.3353
fix_b2000_frag	L1573278	0	0.9060
fix_b2000_frag	L1577928	3	0.1446
fix_b2000_frag	L1582275	0	1.0000
fix_b2000_frag	L1589275	0	0.5859
fix_b2000_frag	L1590049	0	1.0000
fix_b2000_frag	L1590178	0	0.3984
fix_b2000_frag	L1590393	1	0.4635
fix_b2000_frag	L159175	0	1.0000
fix_b2000_frag	L1591963	0	0.9713
fix_b2000_frag	L159450	1	0.1969
fix_b2000_frag	L1594569	0	1.0000
fix_b2000_frag	L1595102	2	0.6280
fix_b2000_frag	L1597	0	1.0000
fix_b2000_frag	L1603321	0	0.6196
fix_b2000_frag	L1604648	1	0.1929
fix_b2000_frag	L1604707	1	0.1388
fix_b2000_frag	L1605891	0	0.4628
fix_b2000_frag	L1607848	2	0.2706
fix_b2000_frag	L1610924	1	0.4512
fix_b2000_frag	L1610942	1	0.6929
fix_b2000_frag	L1612810	0	0.9841
fix_b2000_frag	L161413	0	1.0000
fix_b2000_frag	L1614866	0	0.7756
fix_b2000_frag	L1615197	0	0.9982
fix_b2000_frag	L161808	0	0.3440
fix_b2000_frag	L1618425	2	0.2353
fix_b2000_frag	L1618796	0	0.9982
fix_b2000_frag	L1620831	8	0.1782
fix_b2000_frag	L162176	3	0.1991
fix_b2000_frag	L1622583	0	0.1318
fix_b2000_frag	L1624303	2	0.2174
fix_b2000_frag	L1629891	0	1.0000
fix_b2000_frag	L1630179	0	0.9930
fix_b2000_frag	L1630403	0	0.8358
fix_b2000_frag	L1633625	1	0.1490
fix_b2000_frag	L1633941	0	0.6206
fix_b2000_frag	L1635014	2	0.2276
fix_b2000_frag	L1639277	2	0.1895
fix_b2000_frag	L1642511	2	0.4332
fix_b2000_frag	L1645096	2	0.2606
fix_b2000_frag	L1645247	0	1.0000
fix_b2000_frag	L16488	1	0.4229
fix_b2000_frag	L1651470	0	0.6926
fix_b2000_frag	L1652140	2	0.4152
fix_b2000_frag	L165257	1	0.5362
fix_b2000_frag	L1653194	0	0.5939
fix_b2000_frag	L1655586	2	0.7495
fix_b2000_frag	L1657518	1	0.1542
fix_b2000_frag	L1658593	0	0.9170
fix_b2000_frag	L1659274	0	0.9889
fix_b2000_frag	L1661444	0	1.0000
fix_b2000_frag	L1663258	0	0.2927
fix_b2000_frag	L1665812	0	0.4399
fix_b2000_frag	L1666633	2	0.1905
fix_b2000_frag	L1667262	1	0.3932
fix_b2000_frag	L167017	0	0.1549
fix_b2000_frag	L1671116	3	0.1588
fix_b2000_frag	L1672077	4	0.3702
fix_b2000_frag	L1675894	7	0.2943
fix_b2000_frag	L1677824	0	1.0000
fix_b2000_frag	L1680882	2	0.1471
fix_b2000_frag	L1685144	0	0.5530
fix_b2000_frag	L1686381	0	0.3070
fix_b2000_frag	L1686410	1	0.3334
fix_b2000_frag	L169010	0	0.3021
fix_b2000_frag	L1690320	0	1.0000
fix_b2000_frag	L1690576	0	0.7115
fix_b2000_frag	L1693860	1	0.4215
fix_b2000_frag	L1695239	0	1.0000
fix_b2000_frag	L169730	0	0.4207
fix_b2000_frag	L170111	0	0.7659
fix_b2000_frag	L1703104	0	0.9999
fix_b2000_frag	L1706562	0	0.6153
fix_b2000_frag	L1708904	0	1.0000
fix_b2000_frag	L171027	0	1.0000
fix_b2000_frag	L1711617	1	0.4234
fix_b2000_frag	L171345	0	1.0000
fix_b2000_frag	L1714677	0	0.7545
fix_b2000_frag	L1715085	0	0.8222
fix_b2000_frag	L1716532	1	0.6892
fix_b2000_frag	L1717811	1	0.3238
fix_b2000_frag	L1720542	0	1.0000
fix_b2000_frag	L1720937	0	1.0000
fix_b2000_frag	L1721244	1	0.5357
fix_b2000_frag	L1722568	0	0.9985
fix_b2000_frag	L1723521	1	0.9413
fix_b2000_frag	L1724666	1	0.3400
fix_b2000_frag	L1725447	0	0.3775
fix_b2000_frag	L1726956	0	0.9997
fix_b2000_frag	L1727387	0	0.9863
fix_b2000_frag	L173144	1	0.3746
fix_b2000_frag	L1733543	2	0.8983
fix_b2000_frag	L1733712	1	0.7233
fix_b2000_frag	L1733915	0	0.2852
fix_b2000_frag	L1734030	0	0.6089
fix_b2000_frag	L1735429	0	0.9977
fix_b2000_frag	L1736078	1	0.1340
fix_b2000_frag	L1738522	0	0.8825
fix_b2000_frag	L1739223	1	0.7137
fix_b2000_frag	L1741226	2	0.2981
fix_b2000_frag	L1742005	0	1.0000
fix_b2000_frag	L1743639	3	0.1473
fix_b2000_frag	L174383	28	0.5186
fix_b2000_frag	L1745142	2	0.4317
fix_b2000_frag	L1748562	1	0.5033
fix_b2000_frag	L1749334	1	0.1647
fix_b2000_frag	L174953	0	0.3585
fix_b2000_frag	L1749552	2	0.1942
fix_b2000_frag	L1754368	4	0.1529
fix_b2000_frag	L1758970	0	1.0000
fix_b2000_frag	L1759278	1	0.4242
fix_b2000_frag	L1759881	0	0.2701
fix_b2000_frag	L1760746	0	1.0000
fix_b2000_frag	L1761774	1	0.1095
fix_b2000_frag	L1761913	0	0.3325
fix_b2000_frag	L1762837	1	0.4514
fix_b2000_frag	L1763043	0	0.9616
fix_b2000_frag	L1764232	0	1.0000
fix_b2000_frag	L1765163	1	0.1987
fix_b2000_frag	L1765569	3	0.1468
fix_b2000_frag	L1766820	2	0.2080
fix_b2000_frag	L1768466	2	0.1744
fix_b2000_frag	L1769728	0	0.9981
fix_b2000_frag	L177776	2	0.3049
fix_b2000_frag	L1780877	0	0.4081
fix_b2000_frag	L1782868	0	0.9965
fix_b2000_frag	L1783443	0	1.0000
fix_b2000_frag	L1784347	0	1.0000
fix_b2000_frag	L1785528	0	1.0000
fix_b2000_frag	L1786791	2	0.7405
fix_b2000_frag	L1787838	0	0.2864
fix_b2000_frag	L1787873	0	0.8433
fix_b2000_frag	L1789789	1	0.5922
fix_b2000_frag	L1790513	1	0.3234
fix_b2000_frag	L1790854	4	0.1535
fix_b2000_frag	L179249	0	0.3246
fix_b2000_frag	L1793448	1	0.5540
fix_b2000_frag	L1794406	0	1.0000
fix_b2000_frag	L1796183	3	0.3266
fix_b2000_frag	L1802936	2	0.1407
fix_b2000_frag	L1804008	0	0.9439
fix_b2000_frag	L1805223	3	0.4309
fix_b2000_frag	L1806973	1	0.5376
fix_b2000_frag	L1810207	0	0.9947
fix_b2000_frag	L1812078	0	0.5766
fix_b2000_frag	L1813157	0	0.7293
fix_b2000_frag	L1816925	0	0.3700
fix_b2000_frag	L1817931	0	0.1201
fix_b2000_frag	L1818717	1	0.2531
fix_b2000_frag	L1819006	0	1.0000
fix_b2000_frag	L1822010	0	0.7777
fix_b2000_frag	L1823041	0	0.2804
fix_b2000_frag	L1826491	0	0.7008
fix_b2000_frag	L1827160	0	0.9843
fix_b2000_frag	L1827836	0	0.9747
fix_b2000_frag	L1834800	2	0.1215
fix_b2000_frag	L1834811	2	0.5262
fix_b2000_frag	L1835259	2	0.0598
fix_b2000_frag	L1835687	0	0.2876
fix_b2000_frag	L1837036	0	0.9931
fix_b2000_frag	L1843294	1	0.2854
fix_b2000_frag	L1852360	1	0.5051
fix_b2000_frag	L1854120	0	1.0000
fix_b2000_frag	L1856679	3	0.1236
fix_b2000_frag	L1856763	1	0.2739
fix_b2000_frag	L1857712	0	0.4208
fix_b2000_frag	L1858577	1	0.5045
fix_b2000_frag	L1864191	0	0.9782
fix_b2000_frag	L1866819	0	0.2597
fix_b2000_frag	L1868422	0	1.0000
fix_b2000_frag	L1872054	3	0.1754
fix_b2000_frag	L1872284	8	0.3287
fix_b2000_frag	L1873007	1	0.4553
fix_b2000_frag	L1873641	0	0.5195
fix_b2000_frag	L1875333	1	0.4463
fix_b2000_frag	L1876397	2	0.1496
fix_b2000_frag	L1879003	0	1.0000
fix_b2000_frag	L1880289	2	0.2780
fix_b2000_frag	L1881352	3	0.3210
fix_b2000_frag	L1881900	0	0.6926
fix_b2000_frag	L1882540	0	1.0000
fix_b2000_frag	L1885164	0	0.5410
fix_b2000_frag	L1888143	1	0.3338
fix_b2000_frag	L1893594	0	0.4281
fix_b2000_frag	L1895815	2	0.6184
fix_b2000_frag	L1896675	0	0.4279
fix_b2000_frag	L1897583	0	0.9970
fix_b2000_frag	L1897748	0	0.6945
fix_b2000_frag	L1899785	1	0.4298
fix_b2000_frag	L1900515	0	0.4435
fix_b2000_frag	L1901676	0	0.4627
fix_b2000_frag	L1902373	0	1.0000
fix_b2000_frag	L1903126	0	0.8093
fix_b2000_frag	L1904928	1	0.2410
fix_b2000_frag	L1905953	0	1.0000
fix_b2000_frag	L1907307	0	0.3910
fix_b2000_frag	L1907313	1	0.3005
fix_b2000_frag	L1911407	0	0.2083
fix_b2000_frag	L1914275	0	1.0000
fix_b2000_frag	L1916398	0	1.0000
fix_b2000_frag	L1918876	0	0.9970
fix_b2000_frag	L1919111	0	1.0000
fix_b2000_frag	L1920451	1	0.3202
fix_b2000_frag	L1921342	0	0.4481
fix_b2000_frag	L1923332	0	1.0000
fix_b2000_frag	L1923919	10	0.3032
fix_b2000_frag	L1925099	15	0.6101
fix_b2000_frag	L192528	0	0.9982
fix_b2000_frag	L1926033	9	0.3287
fix_b2000_frag	L192899	0	1.0000
fix_b2000_frag	L1934557	0	0.6855
fix_b2000_frag	L1936090	2	0.4185
fix_b2000_frag	L1936397	0	0.5035
fix_b2000_frag	L1937045	1	0.3483
fix_b2000_frag	L1937296	0	0.8492
fix_b2000_frag	L1937522	0	1.0000
fix_b2000_frag	L1937540	0	1.0000
fix_b2000_frag	L1942590	0	1.0000
fix_b2000_frag	L194456	1	0.8633
fix_b2000_frag	L1945243	0	0.2921
fix_b2000_frag	L1946741	0	0.3493
fix_b2000_frag	L1948509	5	0.3463
fix_b2000_frag	L1949658	20	0.2728
fix_b2000_frag	L1950755	0	1.0000
fix_b2000_frag	L195251	0	0.8404
fix_b2000_frag	L1959004	1	0.3568
fix_b2000_frag	L1961654	1	0.2541
fix_b2000_frag	L1964041	0	0.4265
fix_b2000_frag	L1964145	0	0.7326
fix_b2000_frag	L1964255	1	0.3732
fix_b2000_frag	L1964638	2	0.1776
fix_b2000_frag	L1965455	0	0.9995
fix_b2000_frag	L1970682	0	1.0000
fix_b2000_frag	L1971139	0	0.4859
fix_b2000_frag	L1971415	1	0.8731
fix_b2000_frag	L1972060	0	1.0000
fix_b2000_frag	L197805	23	0.6071
fix_b2000_frag	L1978343	3	0.5995
fix_b2000_frag	L1979241	3	0.5334
fix_b2000_frag	L1982060	0	0.4637
fix_b2000_frag	L1985712	1	0.3040
fix_b2000_frag	L1987156	0	0.3877
fix_b2000_frag	L1992001	0	0.4700
fix_b2000_frag	L1992697	0	0.9568
fix_b2000_frag	L1996996	4	0.5630
fix_b2000_frag	L1999805	0	1.0000
fix_b2000_frag	L20552	0	1.0000
fix_b2000_frag	L205951	1	0.3006
fix_b2000_frag	L206468	1	0.3432
fix_b2000_frag	L206760	0	0.2529
fix_b2000_frag	L207601	1	0.2409
fix_b2000_frag	L209337	4	0.1689
fix_b2000_frag	L21006	0	1.0000
fix_b2000_frag	L212437	1	0.4687
fix_b2000_frag	L21703	0	0.9240
fix_b2000_frag	L21860	0	1.0000
fix_b2000_frag	L21970	0	1.0000
fix_b2000_frag	L221302	1	0.4345
fix_b2000_frag	L222990	1	0.4242
fix_b2000_frag	L223698	0	0.5098
fix_b2000_frag	L224462	1	0.3716
fix_b2000_frag	L226384	0	1.0000
fix_b2000_frag	L230051	1	0.3400
fix_b2000_frag	L233807	0	0.5611
fix_b2000_frag	L234489	0	0.9920
fix_b2000_frag	L23637	0	0.9810
fix_b2000_frag	L242623	0	1.0000
fix_b2000_frag	L246106	0	0.9992
fix_b2000_frag	L247389	0	0.8948
fix_b2000_frag	L247703	0	1.0000
fix_b2000_frag	L251339	6	0.4150
fix_b2000_frag	L252095	1	0.2555
fix_b2000_frag	L253981	1	0.2322
fix_b2000_frag	L254016	1	0.3352
fix_b2000_frag	L256416	0	0.4843
fix_b2000_frag	L256657	5	0.1747
fix_b2000_frag	L256899	1	0.3368
fix_b2000_frag	L263537	0	0.6361
fix_b2000_frag	L264567	0	1.0000
fix_b2000_frag	L268477	13	0.3916
fix_b2000_frag	L270354	3	0.5292
fix_b2000_frag	L271418	0	0.8902
fix_b2000_frag	L278635	0	1.0000
fix_b2000_frag	L279786	0	1.0000
fix_b2000_frag	L280579	7	0.0742
fix_b2000_frag	L287545	1	0.4945
fix_b2000_frag	L287741	0	0.3719
fix_b2000_frag	L290634	4	0.8314
fix_b2000_frag	L291671	0	0.9926
fix_b2000_frag	L292815	0	1.0000
fix_b2000_frag	L296972	1	0.5876
fix_b2000_frag	L297473	5	0.0837
fix_b2000_frag	L297512	2	0.2636
fix_b2000_frag	L298375	0	0.9938
fix_b2000_frag	L301552	0	1.0000
fix_b2000_frag	L307194	0	1.0000
fix_b2000_frag	L309904	0	1.0000
fix_b2000_frag	L3170	1	0.3430
fix_b2000_frag	L317654	0	0.4794
fix_b2000_frag	L3184	0	0.3394
fix_b2000_frag	L318418	17	0.1090
fix_b2000_frag	L318534	1	0.2173
fix_b2000_frag	L319502	0	0.4190
fix_b2000_frag	L320722	0	1.0000
fix_b2000_frag	L322292	1	0.4246
fix_b2000_frag	L322864	1	0.4201
fix_b2000_frag	L323046	0	0.1872
fix_b2000_frag	L324328	1	0.2051
fix_b2000_frag	L324374	0	0.4704
fix_b2000_frag	L325049	0	0.5992
fix_b2000_frag	L325432	1	0.4279
fix_b2000_frag	L326941	1	0.3949
fix_b2000_frag	L331212	2	0.4241
fix_b2000_frag	L331444	4	0.1053
fix_b2000_frag	L333006	0	0.2886
fix_b2000_frag	L333090	0	0.7374
fix_b2000_frag	L333836	0	0.9885
fix_b2000_frag	L335225	0	0.9991
fix_b2000_frag	L335980	0	0.9992
fix_b2000_frag	L342344	1	0.4583
fix_b2000_frag	L34456	0	0.9911
fix_b2000_frag	L348878	1	0.2593
fix_b2000_frag	L348891	1	0.2308
fix_b2000_frag	L350244	0	0.4953
fix_b2000_frag	L350337	1	0.3562
fix_b2000_frag	L350475	0	1.0000
fix_b2000_frag	L351030	0	0.9915
fix_b2000_frag	L351782	0	0.3835
fix_b2000_frag	L353565	2	0.2133
fix_b2000_frag	L353749	0	0.9432
fix_b2000_frag	L356829	3	0.2160
fix_b2000_frag	L358839	0	0.9819
fix_b2000_frag	L358876	0	0.5558
fix_b2000_frag	L35935	1	0.2533
fix_b2000_frag	L362772	0	1.0000
fix_b2000_frag	L363906	1	0.5756
fix_b2000_frag	L365071	0	0.9996
fix_b2000_frag	L366723	0	0.7310
fix_b2000_frag	L367305	3	0.2085
fix_b2000_frag	L367428	0	0.1317
fix_b2000_frag	L368018	2	0.2828
fix_b2000_frag	L371020	6	0.3313
fix_b2000_frag	L3736	6	0.4584
fix_b2000_frag	L37437	2	0.4038
fix_b2000_frag	L375461	2	0.2478
fix_b2000_frag	L377850	0	0.9108
fix_b2000_frag	L378723	0	0.9974
fix_b2000_frag	L380657	2	0.5415
fix_b2000_frag	L380912	0	0.7603
fix_b2000_frag	L381434	1	0.2058
fix_b2000_frag	L382168	1	0.2136
fix_b2000_frag	L382622	0	1.0000
fix_b2000_frag	L386443	0	1.0000
fix_b2000_frag	L38779	0	0.4397
fix_b2000_frag	L388489	1	0.6392
fix_b2000_frag	L390690	1	0.1521
fix_b2000_frag	L392719	0	0.9339
fix_b2000_frag	L394650	1	0.6261
fix_b2000_frag	L396138	1	0.2881
fix_b2000_frag	L399396	0	0.3501
fix_b2000_frag	L401829	0	1.0000
fix_b2000_frag	L403497	0	0.3523
fix_b2000_frag	L408678	0	0.7088
fix_b2000_frag	L408682	0	0.5222
fix_b2000_frag	L411960	0	0.9939
fix_b2000_frag	L413007	0	1.0000
fix_b2000_frag	L415336	0	1.0000
fix_b2000_frag	L415413	2	0.5525
fix_b2000_frag	L418366	0	0.4084
fix_b2000_frag	L418388	1	0.4079
fix_b2000_frag	L423584	1	0.3344
fix_b2000_frag	L424716	1	0.8319
fix_b2000_frag	L427026	0	0.3804
fix_b2000_frag	L434630	0	0.5918
fix_b2000_frag	L439400	0	1.0000
fix_b2000_frag	L439489	0	0.3474
fix_b2000_frag	L442680	0	0.3895
fix_b2000_frag	L443814	0	0.7008
fix_b2000_frag	L449738	1	0.2598
fix_b2000_frag	L451768	0	1.0000
fix_b2000_frag	L453420	1	0.1592
fix_b2000_frag	L453566	1	0.2954
fix_b2000_frag	L454288	1	0.3905
fix_b2000_frag	L454603	0	0.9915
fix_b2000_frag	L454940	1	0.1844
fix_b2000_frag	L45583	0	0.3257
fix_b2000_frag	L455854	0	0.9953
fix_b2000_frag	L460483	2	0.4234
fix_b2000_frag	L461004	0	1.0000
fix_b2000_frag	L462461	0	0.3585
fix_b2000_frag	L465305	0	0.9570
fix_b2000_frag	L467955	0	0.7947
fix_b2000_frag	L469518	1	0.5082
fix_b2000_frag	L470030	0	0.9989
fix_b2000_frag	L471487	1	0.7200
fix_b2000_frag	L472430	1	0.4972
fix_b2000_frag	L472790	4	0.1531
fix_b2000_frag	L473496	0	1.0000
fix_b2000_frag	L474051	0	0.4630
fix_b2000_frag	L474155	0	0.8924
fix_b2000_frag	L479578	0	0.8500
fix_b2000_frag	L485169	0	1.0000
fix_b2000_frag	L487447	1	0.3224
fix_b2000_frag	L487895	1	0.3234
fix_b2000_frag	L488320	1	0.6739
fix_b2000_frag	L489	1	0.4593
fix_b2000_frag	L489204	0	0.9913
fix_b2000_frag	L490152	1	0.3473
fix_b2000_frag	L494947	2	0.2622
fix_b2000_frag	L50067	1	0.4336
fix_b2000_frag	L501047	0	1.0000
fix_b2000_frag	L502660	0	1.0000
fix_b2000_frag	L504133	6	0.1077
fix_b2000_frag	L507963	0	1.0000
fix_b2000_frag	L509062	0	0.9988
fix_b2000_frag	L510232	0	0.5466
fix_b2000_frag	L511198	0	0.9987
fix_b2000_frag	L511998	1	0.2459
fix_b2000_frag	L512885	0	0.4225
fix_b2000_frag	L515527	0	0.6619
fix_b2000_frag	L516621	1	0.4399
fix_b2000_frag	L520061	0	0.4198
fix_b2000_frag	L521854	0	0.9953
fix_b2000_frag	L522361	1	0.2575
fix_b2000_frag	L523007	0	0.9990
fix_b2000_frag	L52377	1	0.4003
fix_b2000_frag	L523780	1	0.3370
fix_b2000_frag	L526348	0	1.0000
fix_b2000_frag	L526362	0	1.0000
fix_b2000_frag	L529128	0	1.0000
fix_b2000_frag	L529259	0	0.6235
fix_b2000_frag	L531183	0	1.0000
fix_b2000_frag	L535176	0	1.0000
fix_b2000_frag	L535927	0	0.4451
fix_b2000_frag	L53900	2	0.2731
fix_b2000_frag	L54140	0	1.0000
fix_b2000_frag	L545290	1	0.3837
fix_b2000_frag	L551516	0	1.0000
fix_b2000_frag	L552430	1	0.6613
fix_b2000_frag	L554769	1	0.6939
fix_b2000_frag	L556620	18	0.9859
fix_b2000_frag	L557148	0	0.8778
fix_b2000_frag	L560741	5	0.3698
fix_b2000_frag	L562253	0	0.9810
fix_b2000_frag	L563575	0	0.9749
fix_b2000_frag	L564960	0	0.5362
fix_b2000_frag	L566111	1	0.8533
fix_b2000_frag	L571479	0	0.2979
fix_b2000_frag	L572100	1	0.2914
fix_b2000_frag	L578549	0	0.2061
fix_b2000_frag	L580412	0	1.0000
fix_b2000_frag	L583359	0	0.9997
fix_b2000_frag	L58398	0	0.3053
fix_b2000_frag	L585434	2	0.3271
fix_b2000_frag	L586104	3	0.2742
fix_b2000_frag	L595406	1	0.2303
fix_b2000_frag	L599093	0	0.5780
fix_b2000_frag	L610583	1	0.2802
fix_b2000_frag	L613767	1	0.4044
fix_b2000_frag	L615521	0	0.9343
fix_b2000_frag	L616720	1	0.3511
fix_b2000_frag	L617134	1	0.2428
fix_b2000_frag	L618884	2	0.2315
fix_b2000_frag	L6189	0	0.9996
fix_b2000_frag	L622600	0	0.3706
fix_b2000_frag	L62692	0	1.0000
fix_b2000_frag	L628634	0	0.5110
fix_b2000_frag	L629842	5	0.7539
fix_b2000_frag	L631992	1	0.1718
fix_b2000_frag	L63248	1	0.3747
fix_b2000_frag	L634575	1	0.5203
fix_b2000_frag	L6356	0	0.7154
fix_b2000_frag	L637890	0	0.4089
fix_b2000_frag	L63791	0	1.0000
fix_b2000_frag	L639649	0	1.0000
fix_b2000_frag	L642602	2	0.2056
fix_b2000_frag	L646762	0	0.8199
fix_b2000_frag	L650498	0	1.0000
fix_b2000_frag	L651242	0	1.0000
fix_b2000_frag	L651264	0	0.8242
fix_b2000_frag	L652790	1	0.5009
fix_b2000_frag	L654346	1	0.3177
fix_b2000_frag	L655133	0	0.9993
fix_b2000_frag	L657223	0	1.0000
fix_b2000_frag	L659271	2	0.1565
fix_b2000_frag	L659432	0	0.3152
fix_b2000_frag	L660496	0	0.9735
fix_b2000_frag	L661586	2	0.4054
fix_b2000_frag	L663357	0	1.0000
fix_b2000_frag	L663649	0	0.7034
fix_b2000_frag	L6727	1	0.3184
fix_b2000_frag	L674570	0	0.3233
fix_b2000_frag	L674945	14	0.0901
fix_b2000_frag	L675853	0	0.6205
fix_b2000_frag	L676330	0	0.3313
fix_b2000_frag	L676359	1	0.3109
fix_b2000_frag	L67715	2	0.2423
fix_b2000_frag	L677200	2	0.1016
fix_b2000_frag	L677943	0	0.8669
fix_b2000_frag	L680508	0	1.0000
fix_b2000_frag	L681757	0	1.0000
fix_b2000_frag	L682589	0	0.6784
fix_b2000_frag	L685735	0	0.7359
fix_b2000_frag	L688428	0	0.9995
fix_b2000_frag	L690836	0	1.0000
fix_b2000_frag	L69227	0	0.9991
fix_b2000_frag	L694001	0	0.3119
fix_b2000_frag	L697211	6	0.2296
fix_b2000_frag	L698980	0	0.2678
fix_b2000_frag	L699299	0	0.7511
fix_b2000_frag	L70184	1	0.3789
fix_b2000_frag	L703700	0	1.0000
fix_b2000_frag	L704052	0	1.0000
fix_b2000_frag	L704079	0	1.0000
fix_b2000_frag	L705648	0	1.0000
fix_b2000_frag	L705664	0	1.0000
fix_b2000_frag	L706887	1	0.2504
fix_b2000_frag	L70693	0	0.9973
fix_b2000_frag	L70846	0	0.9902
fix_b2000_frag	L710516	0	0.4081
fix_b2000_frag	L710854	0	0.3472
fix_b2000_frag	L710875	0	0.9232
fix_b2000_frag	L713284	0	0.9993
fix_b2000_frag	L714291	2	0.2375
fix_b2000_frag	L718210	0	0.9997
fix_b2000_frag	L71837	0	0.3917
fix_b2000_frag	L719293	0	0.4618
fix_b2000_frag	L719453	1	0.4457
fix_b2000_frag	L721929	1	0.1798
fix_b2000_frag	L72644	0	1.0000
fix_b2000_frag	L727915	1	0.3536
fix_b2000_frag	L733225	0	0.9777
fix_b2000_frag	L738291	5	0.1612
fix_b2000_frag	L738471	3	0.0976
fix_b2000_frag	L741947	1	0.7878
fix_b2000_frag	L742305	0	1.0000
fix_b2000_frag	L744434	0	0.8782
fix_b2000_frag	L747615	0	0.3356
fix_b2000_frag	L749719	7	0.7028
fix_b2000_frag	L749755	2	0.2026
fix_b2000_frag	L750040	1	0.0920
fix_b2000_frag	L751250	1	0.9442
fix_b2000_frag	L752781	2	0.2961
fix_b2000_frag	L753459	0	0.3090
fix_b2000_frag	L756119	1	0.3829
fix_b2000_frag	L756273	1	0.2981
fix_b2000_frag	L756947	2	0.7198
fix_b2000_frag	L757056	1	0.6454
fix_b2000_frag	L759101	0	1.0000
fix_b2000_frag	L760182	1	0.6941
fix_b2000_frag	L761191	3	0.3523
fix_b2000_frag	L762001	4	0.3061
fix_b2000_frag	L762093	0	0.2116
fix_b2000_frag	L762176	2	0.1706
fix_b2000_frag	L763379	0	0.9501
fix_b2000_frag	L768450	0	1.0000
fix_b2000_frag	L769757	0	0.3406
fix_b2000_frag	L771085	0	0.9483
fix_b2000_frag	L77116	2	0.1639
fix_b2000_frag	L772427	1	0.5296
fix_b2000_frag	L776030	1	0.8955
fix_b2000_frag	L777299	1	0.4226
fix_b2000_frag	L777823	0	0.9978
fix_b2000_frag	L777910	3	0.2317
fix_b2000_frag	L781446	3	0.5822
fix_b2000_frag	L784431	0	0.7118
fix_b2000_frag	L786569	0	1.0000
fix_b2000_frag	L787602	0	0.4796
fix_b2000_frag	L789348	0	0.2526
fix_b2000_frag	L789708	0	0.3581
fix_b2000_frag	L790161	0	0.4131
fix_b2000_frag	L791251	0	0.9656
fix_b2000_frag	L79329	0	0.6297
fix_b2000_frag	L793756	3	0.1317
fix_b2000_frag	L795446	0	0.9511
fix_b2000_frag	L799472	1	0.1542
fix_b2000_frag	L799778	1	0.1981
fix_b2000_frag	L800622	0	0.7300
fix_b2000_frag	L802530	1	0.3189
fix_b2000_frag	L803200	1	0.8763
fix_b2000_frag	L804499	0	1.0000
fix_b2000_frag	L807590	0	0.9454
fix_b2000_frag	L808265	1	0.3340
fix_b2000_frag	L808905	1	0.6356
fix_b2000_frag	L811697	0	0.9768
fix_b2000_frag	L811790	0	0.9946
fix_b2000_frag	L811826	0	1.0000
fix_b2000_frag	L812045	0	1.0000
fix_b2000_frag	L816143	0	1.0000
fix_b2000_frag	L816490	0	0.3491
fix_b2000_frag	L817904	0	0.5744
fix_b2000_frag	L818701	3	0.2236
fix_b2000_frag	L819185	1	0.3614
fix_b2000_frag	L819987	0	0.3514
fix_b2000_frag	L821601	0	0.8591
fix_b2000_frag	L824597	0	0.8101
fix_b2000_frag	L825004	0	0.9240
fix_b2000_frag	L827047	2	0.3757
fix_b2000_frag	L827519	1	0.2749
fix_b2000_frag	L827898	1	0.4618
fix_b2000_frag	L83179	0	0.6653
fix_b2000_frag	L832817	0	1.0000
fix_b2000_frag	L832855	1	0.5407
fix_b2000_frag	L838317	1	0.1995
fix_b2000_frag	L845507	3	0.1451
fix_b2000_frag	L846147	0	1.0000
fix_b2000_frag	L847407	0	1.0000
fix_b2000_frag	L847827	0	1.0000
fix_b2000_frag	L849392	0	0.4155
fix_b2000_frag	L852778	1	0.4514
fix_b2000_frag	L855478	0	1.0000
fix_b2000_frag	L857135	0	0.3882
fix_b2000_frag	L858314	1	0.2302
fix_b2000_frag	L859198	0	0.4208
fix_b2000_frag	L861067	2	0.3321
fix_b2000_frag	L861612	0	0.7180
fix_b2000_frag	L865768	7	0.1524
fix_b2000_frag	L868031	1	0.5813
fix_b2000_frag	L869962	0	0.2544
fix_b2000_frag	L871757	0	0.9999
fix_b2000_frag	L87227	0	0.4002
fix_b2000_frag	L872641	1	0.4558
fix_b2000_frag	L875345	0	0.7972
fix_b2000_frag	L883421	1	0.4210
fix_b2000_frag	L883981	0	0.9809
fix_b2000_frag	L884210	1	0.1040
fix_b2000_frag	L885983	0	1.0000
fix_b2000_frag	L887768	0	0.9565
fix_b2000_frag	L88843	2	0.2021
fix_b2000_frag	L888705	2	0.2242
fix_b2000_frag	L889436	1	0.1950
fix_b2000_frag	L890611	1	0.1739
fix_b2000_frag	L890861	0	0.3679
fix_b2000_frag	L890978	1	0.5769
fix_b2000_frag	L894458	1	0.7374
fix_b2000_frag	L895635	0	0.7305
fix_b2000_frag	L896421	0	0.4798
fix_b2000_frag	L89769	0	0.8528
fix_b2000_frag	L899685	0	1.0000
fix_b2000_frag	L901803	1	0.1799
fix_b2000_frag	L903650	0	0.3364
fix_b2000_frag	L904813	0	0.2897
fix_b2000_frag	L908878	0	0.2076
fix_b2000_frag	L909692	3	0.1980
fix_b2000_frag	L910078	0	0.7964
fix_b2000_frag	L912103	0	0.6007
fix_b2000_frag	L912322	0	0.9443
fix_b2000_frag	L912719	0	0.6378
fix_b2000_frag	L912815	0	0.3966
fix_b2000_frag	L913531	0	0.9626
fix_b2000_frag	L91563	1	0.6893
fix_b2000_frag	L915786	4	0.3994
fix_b2000_frag	L915789	1	0.2693
fix_b2000_frag	L9163	0	1.0000
fix_b2000_frag	L919590	1	0.4074
fix_b2000_frag	L919603	1	0.5519
fix_b2000_frag	L928032	0	0.9693
fix_b2000_frag	L928536	2	0.1682
fix_b2000_frag	L929320	2	0.2527
fix_b2000_frag	L931629	1	0.4053
fix_b2000_frag	L935668	2	0.4006
fix_b2000_frag	L937448	1	0.1645
fix_b2000_frag	L938502	1	0.1342
fix_b2000_frag	L939729	0	0.8730
fix_b2000_frag	L943549	0	0.2442
fix_b2000_frag	L946755	0	0.5645
fix_b2000_frag	L946983	0	1.0000
fix_b2000_frag	L947120	0	0.2190
fix_b2000_frag	L94829	1	0.6057
fix_b2000_frag	L948707	2	0.2780
fix_b2000_frag	L954478	0	0.9440
fix_b2000_frag	L956192	0	1.0000
fix_b2000_frag	L956318	0	0.8188
fix_b2000_frag	L95996	1	0.2085
fix_b2000_frag	L963059	0	1.0000
fix_b2000_frag	L964150	0	1.0000
fix_b2000_frag	L966865	0	0.2242
fix_b2000_frag	L968281	0	0.9972
fix_b2000_frag	L968389	0	1.0000
fix_b2000_frag	L968426	1	0.2924
fix_b2000_frag	L97211	0	0.8938
fix_b2000_frag	L973556	0	0.2465
fix_b2000_frag	L974644	2	0.2413
fix_b2000_frag	L97491	0	0.8244
fix_b2000_frag	L976334	0	0.6210
fix_b2000_frag	L977262	0	0.7699
fix_b2000_frag	L983031	0	0.9987
fix_b2000_frag	L985883	1	0.5337
fix_b2000_frag	L986248	1	0.2653
fix_b2000_frag	L986264	1	0.2264
fix_b2000_frag	L986750	1	0.2562
fix_b2000_frag	L988510	0	0.9525
fix_b2000_frag	L98918	1	0.3196
fix_b2000_frag	L99225	0	0.9997
fix_b2000_frag	L99629	0	1.0000
fix_b2000_frag	L998137	0	0.6430
fix_b2000_frag	L998626	2	0.1620
fix_b2000_full	L1001560	0	1.0000
fix_b2000_full	L1004110	0	1.0000
fix_b2000_full	L1006060	0	1.0000
fix_b2000_full	L1009598	0	1.0000
fix_b2000_full	L1010572	0	1.0000
fix_b2000_full	L1011172	0	1.0000
fix_b2000_full	L1014202	0	1.0000
fix_b2000_full	L1015517	0	1.0000
fix_b2000_full	L1021619	0	1.0000
fix_b2000_full	L1024876	0	1.0000
fix_b2000_full	L1025069	0	0.9993
fix_b2000_full	L1025529	0	1.0000
fix_b2000_full	L1026996	1	0.5011
fix_b2000_full	L1028872	0	1.0000
fix_b2000_full	L1029320	0	1.0000
fix_b2000_full	L1029938	1	1.0000
fix_b2000_full	L1031322	1	0.4983
fix_b2000_full	L1034006	0	1.0000
fix_b2000_full	L1034223	0	1.0000
fix_b2000_full	L1036697	0	1.0000
fix_b2000_full	L1040082	0	1.0000
fix_b2000_full	L1040135	0	1.0000
fix_b2000_full	L1041321	0	1.0000
fix_b2000_full	L1041572	0	1.0000
fix_b2000_full	L1045274	0	1.0000
fix_b2000_full	L1046691	0	1.0000
fix_b2000_full	L1048629	0	0.9999
fix_b2000_full	L1048900	0	1.0000
fix_b2000_full	L1051539	1	0.9223
fix_b2000_full	L1053671	0	1.0000
fix_b2000_full	L1056104	1	0.7961
fix_b2000_full	L1057643	0	1.0000
fix_b2000_full	L1058777	0	1.0000
fix_b2000_full	L105923	0	0.5049
fix_b2000_full	L1060697	1	1.0000
fix_b2000_full	L1062231	0	1.0000
fix_b2000_full	L1063655	0	1.0000
fix_b2000_full	L1066055	0	1.0000
fix_b2000_full	L1066869	0	0.9998
fix_b2000_full	L1068256	1	1.0000
fix_b2000_full	L1069244	0	1.0000
fix_b2000_full	L1070240	0	1.0000
fix_b2000_full	L1073738	0	1.0000
fix_b2000_full	L1079529	0	1.0000
fix_b2000_full	L1079925	1	1.0000
fix_b2000_full	L1080779	0	1.0000
fix_b2000_full	L1081899	0	1.0000
fix_b2000_full	L1082889	0	1.0000
fix_b2000_full	L1082966	0	1.0000
fix_b2000_full	L1084007	0	1.0000
fix_b2000_full	L1085883	0	1.0000
fix_b2000_full	L1086391	0	1.0000
fix_b2000_full	L1086461	0	1.0000
fix_b2000_full	L108652	0	1.0000
fix_b2000_full	L1086569	0	1.0000
fix_b2000_full	L108690	1	1.0000
fix_b2000_full	L108958	0	1.0000
fix_b2000_full	L1092340	0	1.0000
fix_b2000_full	L1094288	0	1.0000
fix_b2000_full	L1096833	0	1.0000
fix_b2000_full	L1097479	1	0.8471
fix_b2000_full	L1097562	0	1.0000
fix_b2000_full	L1099426	1	1.0000
fix_b2000_full	L1100273	0	1.0000
fix_b2000_full	L1106070	0	1.0000
fix_b2000_full	L1107453	0	1.0000
fix_b2000_full	L111069	0	1.0000
fix_b2000_full	L1112051	0	1.0000
fix_b2000_full	L1113584	0	1.0000
fix_b2000_full	L1113767	0	1.0000
fix_b2000_full	L1114404	0	1.0000
fix_b2000_full	L111487	0	0.9995
fix_b2000_full	L1115783	1	1.0000
fix_b2000_full	L1123161	0	1.0000
fix_b2000_full	L112511	0	1.0000
fix_b2000_full	L1125144	1	0.5524
fix_b2000_full	L1129896	0	1.0000
fix_b2000_full	L112990	0	1.0000
fix_b2000_full	L1130797	0	1.0000
fix_b2000_full	L1132085	0	1.0000
fix_b2000_full	L1134223	0	1.0000
fix_b2000_full	L1138009	0	1.0000
fix_b2000_full	L1139559	0	1.0000
fix_b2000_full	L1139874	0	1.0000
fix_b2000_full	L114083	0	1.0000
fix_b2000_full	L1143269	0	1.0000
fix_b2000_full	L114415	1	1.0000
fix_b2000_full	L1148897	0	1.0000
fix_b2000_full	L115053	1	0.7247
fix_b2000_full	L1157871	0	1.0000
fix_b2000_full	L1159954	0	1.0000
fix_b2000_full	L1163982	0	1.0000
fix_b2000_full	L1166709	0	1.0000
fix_b2000_full	L1168147	0	1.0000
fix_b2000_full	L1168246	0	1.0000
fix_b2000_full	L1174309	0	1.0000
fix_b2000_full	L1176017	0	1.0000
fix_b2000_full	L1180799	0	1.0000
fix_b2000_full	L1182677	0	1.0000
fix_b2000_full	L1182856	0	1.0000
fix_b2000_full	L1185198	0	1.0000
fix_b2000_full	L1185601	1	1.0000
fix_b2000_full	L118714	1	0.8718
fix_b2000_full	L1189376	0	1.0000
fix_b2000_full	L1193103	0	1.0000
fix_b2000_full	L1193586	0	1.0000
fix_b2000_full	L1195987	0	1.0000
fix_b2000_full	L1197653	0	1.0000
fix_b2000_full	L1198863	0	1.0000
fix_b2000_full	L1200101	0	1.0000
fix_b2000_full	L1201939	0	1.0000
fix_b2000_full	L1202998	0	1.0000
fix_b2000_full	L1203763	1	1.0000
fix_b2000_full	L12043	0	0.9992
fix_b2000_full	L1204855	0	1.0000
fix_b2000_full	L1205350	0	0.9995
fix_b2000_full	L1208662	0	1.0000
fix_b2000_full	L1211682	1	1.0000
fix_b2000_full	L1211692	1	0.8578
fix_b2000_full	L1212928	0	1.0000
fix_b2000_full	L1213032	0	1.0000
fix_b2000_full	L1213065	0	1.0000
fix_b2000_full	L1214580	0	1.0000
fix_b2000_full	L1214865	0	0.9465
fix_b2000_full	L1220369	0	1.0000
fix_b2000_full	L1221036	0	0.9951
fix_b2000_full	L1221084	0	0.9574
fix_b2000_full	L1224791	0	1.0000
fix_b2000_full	L1224974	0	1.0000
fix_b2000_full	L1225803	1	0.5899
fix_b2000_full	L1228089	0	1.0000
fix_b2000_full	L1230778	1	1.0000
fix_b2000_full	L1231586	1	1.0000
fix_b2000_full	L1232442	1	0.9997
fix_b2000_full	L1234498	0	1.0000
fix_b2000_full	L1239009	0	1.0000
fix_b2000_full	L1239425	0	1.0000
fix_b2000_full	L1239893	0	1.0000
fix_b2000_full	L1242428	0	1.0000
fix_b2000_full	L1243420	0	1.0000
fix_b2000_full	L1247198	0	0.4770
fix_b2000_full	L1248117	0	1.0000
fix_b2000_full	L1250931	0	0.9612
fix_b2000_full	L1252227	1	0.4228
fix_b2000_full	L1260978	1	0.8886
fix_b2000_full	L1261356	0	1.0000
fix_b2000_full	L1263014	0	1.0000
fix_b2000_full	L1263342	1	0.9427
fix_b2000_full	L1263703	0	1.0000
fix_b2000_full	L1265160	0	1.0000
fix_b2000_full	L1265653	0	1.0000
fix_b2000_full	L1266143	0	1.0000
fix_b2000_full	L1266484	1	0.5648
fix_b2000_full	L1267289	0	1.0000
fix_b2000_full	L1270832	0	1.0000
fix_b2000_full	L1273881	0	1.0000
fix_b2000_full	L1274778	0	1.0000
fix_b2000_full	L1278871	0	1.0000
fix_b2000_full	L1281379	0	1.0000
fix_b2000_full	L1282064	0	0.9995
fix_b2000_full	L1284437	0	1.0000
fix_b2000_full	L1289046	0	1.0000
fix_b2000_full	L129057	0	1.0000
fix_b2000_full	L129102	0	1.0000
fix_b2000_full	L1291159	0	1.0000
fix_b2000_full	L1293709	1	0.2364
fix_b2000_full	L1293860	1	0.4960
fix_b2000_full	L1294148	1	0.7593
fix_b2000_full	L1296774	0	1.0000
fix_b2000_full	L1297053	0	1.0000
fix_b2000_full	L1300073	0	1.0000
fix_b2000_full	L1301795	0	1.0000
fix_b2000_full	L1306677	1	0.4073
fix_b2000_full	L1306855	0	1.0000
fix_b2000_full	L1307746	0	1.0000
fix_b2000_full	L1312920	0	1.0000
fix_b2000_full	L1314145	0	1.0000
fix_b2000_full	L1314194	0	1.0000
fix_b2000_full	L13173	1	1.0000
fix_b2000_full	L1318370	1	0.9207
fix_b2000_full	L1318861	1	1.0000
fix_b2000_full	L1321166	2	1.0000
fix_b2000_full	L1324671	1	1.0000
fix_b2000_full	L1328117	1	1.0000
fix_b2000_full	L1330303	1	1.0000
fix_b2000_full	L1335655	1	0.9347
fix_b2000_full	L1336052	1	1.0000
fix_b2000_full	L1337916	2	0.5032
fix_b2000_full	L133834	0	1.0000
fix_b2000_full	L1339015	0	1.0000
fix_b2000_full	L1340208	0	1.0000
fix_b2000_full	L1341191	0	1.0000
fix_b2000_full	L1342813	0	1.0000
fix_b2000_full	L134422	0	1.0000
fix_b2000_full	L1348437	0	1.0000
fix_b2000_full	L1349598	0	1.0000
fix_b2000_full	L1351683	0	1.0000
fix_b2000_full	L1352311	1	1.0000
fix_b2000_full	L1354390	1	0.9938
fix_b2000_full	L1360154	0	1.0000
fix_b2000_full	L1362062	0	1.0000
fix_b2000_full	L1362414	1	1.0000
fix_b2000_full	L136602	0	1.0000
fix_b2000_full	L1368890	1	1.0000
fix_b2000_full	L1373240	0	1.0000
fix_b2000_full	L1373356	0	1.0000
fix_b2000_full	L1374751	0	1.0000
fix_b2000_full	L1375799	0	1.0000
fix_b2000_full	L1375926	0	1.0000
fix_b2000_full	L1376446	0	1.0000
fix_b2000_full	L1379897	0	1.0000
fix_b2000_full	L1382552	0	1.0000
fix_b2000_full	L1383419	0	1.0000
fix_b2000_full	L1384623	0	1.0000
fix_b2000_full	L1385181	0	1.0000
fix_b2000_full	L1385242	0	1.0000
fix_b2000_full	L1385670	0	1.0000
fix_b2000_full	L1385883	0	1.0000
fix_b2000_full	L1393526	1	0.5004
fix_b2000_full	L1395495	0	1.0000
fix_b2000_full	L1398892	0	1.0000
fix_b2000_full	L1399065	0	1.0000
fix_b2000_full	L1401252	1	0.9951
fix_b2000_full	L1401873	0	1.0000
fix_b2000_full	L1405185	0	0.9917
fix_b2000_full	L1410964	0	1.0000
fix_b2000_full	L1411691	0	1.0000
fix_b2000_full	L1412410	0	0.9999
fix_b2000_full	L141300	0	1.0000
fix_b2000_full	L141423	0	1.0000
fix_b2000_full	L1421031	0	1.0000
fix_b2000_full	L1421448	0	0.9990
fix_b2000_full	L1433358	0	1.0000
fix_b2000_full	L1436058	1	0.9703
fix_b2000_full	L143945	1	1.0000
fix_b2000_full	L1441448	0	1.0000
fix_b2000_full	L1442207	1	0.6688
fix_b2000_full	L1442390	0	0.9330
fix_b2000_full	L1442834	1	0.5991
fix_b2000_full	L144496	0	1.0000
fix_b2000_full	L144866	0	1.0000
fix_b2000_full	L1451999	0	1.0000
fix_b2000_full	L1452352	0	1.0000
fix_b2000_full	L1458540	0	1.0000
fix_b2000_full	L1462375	0	1.0000
fix_b2000_full	L1463410	0	0.8913
fix_b2000_full	L1465729	1	0.7362
fix_b2000_full	L1465871	0	0.9980
fix_b2000_full	L1467997	0	1.0000
fix_b2000_full	L1469558	0	1.0000
fix_b2000_full	L1472821	1	0.5961
fix_b2000_full	L1475044	1	1.0000
fix_b2000_full	L1475841	1	1.0000
fix_b2000_full	L1476523	0	1.0000
fix_b2000_full	L1477044	0	0.7355
fix_b2000_full	L148171	0	1.0000
fix_b2000_full	L1482489	1	0.8282
fix_b2000_full	L1483548	0	1.0000
fix_b2000_full	L1488072	0	1.0000
fix_b2000_full	L1489229	0	1.0000
fix_b2000_full	L1491050	0	1.0000
fix_b2000_full	L149111	0	1.0000
fix_b2000_full	L1492134	0	1.0000
fix_b2000_full	L1492883	0	1.0000
fix_b2000_full	L149629	0	1.0000
fix_b2000_full	L1498435	0	1.0000
fix_b2000_full	L149859	0	1.0000
fix_b2000_full	L1499391	1	1.0000
fix_b2000_full	L1500089	0	1.0000
fix_b2000_full	L1500505	0	1.0000
fix_b2000_full	L1501858	0	1.0000
fix_b2000_full	L1502230	0	1.0000
fix_b2000_full	L1505057	0	1.0000
fix_b2000_full	L150508	1	1.0000
fix_b2000_full	L1507305	0	1.0000
fix_b2000_full	L1507321	0	1.0000
fix_b2000_full	L1510177	0	1.0000
fix_b2000_full	L1511573	0	1.0000
fix_b2000_full	L1512053	0	1.0000
fix_b2000_full	L1513468	0	1.0000
fix_b2000_full	L1513628	0	0.9981
fix_b2000_full	L1513988	0	1.0000
fix_b2000_full	L1514498	0	1.0000
fix_b2000_full	L151509	0	0.9955
fix_b2000_full	L1522704	0	1.0000
fix_b2000_full	L1524763	0	1.0000
fix_b2000_full	L1526719	0	1.0000
fix_b2000_full	L1527010	0	1.0000
fix_b2000_full	L1528883	0	1.0000
fix_b2000_full	L1533154	0	1.0000
fix_b2000_full	L1536652	0	1.0000
fix_b2000_full	L1544099	0	1.0000
fix_b2000_full	L1546866	0	1.0000
fix_b2000_full	L1549292	0	1.0000
fix_b2000_full	L1551160	0	1.0000
fix_b2000_full	L155120	0	1.0000
fix_b2000_full	L1554553	0	1.0000
fix_b2000_full	L1554815	0	1.0000
fix_b2000_full	L1555892	0	1.0000
fix_b2000_full	L155872	0	1.0000
fix_b2000_full	L1558723	0	1.0000
fix_b2000_full	L1559320	0	0.9842
fix_b2000_full	L1566115	0	0.5255
fix_b2000_full	L1573278	0	1.0000
fix_b2000_full	L1577928	0	1.0000
fix_b2000_full	L1582275	0	1.0000
fix_b2000_full	L1589275	0	1.0000
fix_b2000_full	L1590049	0	1.0000
fix_b2000_full	L1590178	0	0.9950
fix_b2000_full	L1590393	1	1.0000
fix_b2000_full	L159175	0	1.0000
fix_b2000_full	L1591963	0	1.0000
fix_b2000_full	L159450	0	0.9995
fix_b2000_full	L1594569	0	1.0000
fix_b2000_full	L1595102	0	1.0000
fix_b2000_full	L1597	0	1.0000
fix_b2000_full	L1603321	0	1.0000
fix_b2000_full	L1604648	0	0.9999
fix_b2000_full	L1604707	0	0.9801
fix_b2000_full	L1605891	0	1.0000
fix_b2000_full	L1607848	1	0.5992
fix_b2000_full	L1610924	0	1.0000
fix_b2000_full	L1610942	0	0.9998
fix_b2000_full	L1612810	0	1.0000
fix_b2000_full	L161413	0	1.0000
fix_b2000_full	L1614866	0	1.0000
fix_b2000_full	L1615197	0	1.0000
fix_b2000_full	L161808	0	0.9828
fix_b2000_full	L1618425	0	0.9993
fix_b2000_full	L1618796	0	1.0000
fix_b2000_full	L1620831	0	0.9524
fix_b2000_full	L162176	1	1.0000
fix_b2000_full	L1622583	0	0.6402
fix_b2000_full	L1624303	1	1.0000
fix_b2000_full	L1629891	0	1.0000
fix_b2000_full	L1630179	0	1.0000
fix_b2000_full	L1630403	0	1.0000
fix_b2000_full	L1633625	0	1.0000
fix_b2000_full	L1633941	1	1.0000
fix_b2000_full	L1635014	0	1.0000
fix_b2000_full	L1639277	0	0.9962
fix_b2000_full	L1642511	1	0.4301
fix_b2000_full	L1645096	1	1.0000
fix_b2000_full	L1645247	0	1.0000
fix_b2000_full	L16488	0	1.0000
fix_b2000_full	L1651470	1	1.0000
fix_b2000_full	L1652140	0	1.0000
fix_b2000_full	L165257	1	0.7365
fix_b2000_full	L1653194	0	0.7267
fix_b2000_full	L1655586	1	1.0000
fix_b2000_full	L1657518	0	1.0000
fix_b2000_full	L1658593	0	1.0000
fix_b2000_full	L1659274	0	1.0000
fix_b2000_full	L1661444	0	1.0000
fix_b2000_full	L1663258	0	1.0000
fix_b2000_full	L1665812	0	1.0000
fix_b2000_full	L1666633	1	1.0000
fix_b2000_full	L1667262	0	0.9999
fix_b2000_full	L167017	0	0.9788
fix_b2000_full	L1671116	0	0.9593
fix_b2000_full	L1672077	0	0.9991
fix_b2000_full	L1675894	0	1.0000
fix_b2000_full	L1677824	0	1.0000
fix_b2000_full	L1680882	0	1.0000
fix_b2000_full	L1685144	0	1.0000
fix_b2000_full	L1686381	0	1.0000
fix_b2000_full	L1686410	0	1.0000
fix_b2000_full	L169010	0	1.0000
fix_b2000_full	L1690320	0	1.0000
fix_b2000_full	L1690576	0	1.0000
fix_b2000_full	L1693860	0	1.0000
fix_b2000_full	L1695239	0	1.0000
fix_b2000_full	L169730	0	1.0000
fix_b2000_full	L170111	0	1.0000
fix_b2000_full	L1703104	0	1.0000
fix_b2000_full	L1706562	0	0.5086
fix_b2000_full	L1708904	0	1.0000
fix_b2000_full	L171027	0	1.0000
fix_b2000_full	L1711617	0	1.0000
fix_b2000_full	L171345	0	1.0000
fix_b2000_full	L1714677	0	1.0000
fix_b2000_full	L1715085	0	1.0000
fix_b2000_full	L1716532	0	0.8972
fix_b2000_full	L1717811	0	1.0000
fix_b2000_full	L1720542	0	1.0000
fix_b2000_full	L1720937	0	1.0000
fix_b2000_full	L1721244	0	0.6770
fix_b2000_full	L1722568	0	1.0000
fix_b2000_full	L1723521	1	1.0000
fix_b2000_full	L1724666	0	1.0000
fix_b2000_full	L1725447	0	1.0000
fix_b2000_full	L1726956	0	1.0000
fix_b2000_full	L1727387	0	1.0000
fix_b2000_full	L173144	1	1.0000
fix_b2000_full	L1733543	1	1.0000
fix_b2000_full	L1733712	0	0.6182
fix_b2000_full	L1733915	1	0.9426
fix_b2000_full	L1734030	1	0.6951
fix_b2000_full	L1735429	0	1.0000
fix_b2000_full	L1736078	0	0.4417
fix_b2000_full	L1738522	0	1.0000
fix_b2000_full	L1739223	0	1.0000
fix_b2000_full	L1741226	1	0.5115
fix_b2000_full	L1742005	0	1.0000
fix_b2000_full	L1743639	0	0.5721
fix_b2000_full	L174383	0	1.0000
fix_b2000_full	L1745142	1	0.7630
fix_b2000_full	L1748562	1	0.3843
fix_b2000_full	L1749334	1	0.6945
fix_b2000_full	L174953	0	0.9998
fix_b2000_full	L1749552	1	0.8817
fix_b2000_full	L1754368	1	1.0000
fix_b2000_full	L1758970	0	1.0000
fix_b2000_full	L1759278	1	0.4051
fix_b2000_full	L1759881	1	1.0000
fix_b2000_full	L1760746	0	1.0000
fix_b2000_full	L1761774	0	0.3535
fix_b2000_full	L1761913	1	0.3853
fix_b2000_full	L1762837	0	0.9834
fix_b2000_full	L1763043	0	1.0000
fix_b2000_full	L1764232	0	1.0000
fix_b2000_full	L1765163	0	0.9504
fix_b2000_full	L1765569	1	0.6950
fix_b2000_full	L1766820	0	1.0000
fix_b2000_full	L1768466	0	0.9963
fix_b2000_full	L1769728	0	1.0000
fix_b2000_full	L177776	1	0.7505
fix_b2000_full	L1780877	1	1.0000
fix_b2000_full	L1782868	0	1.0000
fix_b2000_full	L1783443	0	1.0000
fix_b2000_full	L1784347	0	1.0000
fix_b2000_full	L1785528	0	1.0000
fix_b2000_full	L1786791	0	0.6116
fix_b2000_full	L1787838	1	1.0000
fix_b2000_full	L1787873	0	0.9999
fix_b2000_full	L1789789	0	0.9382
fix_b2000_full	L1790513	1	0.3996
fix_b2000_full	L1790854	1	1.0000
fix_b2000_full	L179249	0	1.0000
fix_b2000_full	L1793448	0	1.0000
fix_b2000_full	L1794406	0	1.0000
fix_b2000_full	L1796183	0	1.0000
fix_b2000_full	L1802936	1	0.5310
fix_b2000_full	L1804008	0	1.0000
fix_b2000_full	L1805223	0	0.9590
fix_b2000_full	L1806973	0	1.0000
fix_b2000_full	L1810207	0	1.0000
fix_b2000_full	L1812078	0	1.0000
fix_b2000_full	L1813157	0	1.0000
fix_b2000_full	L1816925	1	1.0000
fix_b2000_full	L1817931	0	0.9998
fix_b2000_full	L1818717	1	1.0000
fix_b2000_full	L1819006	0	1.0000
fix_b2000_full	L1822010	2	0.3812
fix_b2000_full	L1823041	0	1.0000
fix_b2000_full	L1826491	0	1.0000
fix_b2000_full	L1827160	0	1.0000
fix_b2000_full	L1827836	0	1.0000
fix_b2000_full	L1834800	1	0.5612
fix_b2000_full	L1834811	1	0.5518
fix_b2000_full	L1835259	1	0.4876
fix_b2000_full	L1835687	1	0.5683
fix_b2000_full	L1837036	0	1.0000
fix_b2000_full	L1843294	0	0.4523
fix_b2000_full	L1852360	1	0.9850
fix_b2000_full	L1854120	0	1.0000
fix_b2000_full	L1856679	1	0.4944
fix_b2000_full	L1856763	1	0.7618
fix_b2000_full	L1857712	0	0.9978
fix_b2000_full	L1858577	1	0.5601
fix_b2000_full	L1864191	0	1.0000
fix_b2000_full	L1866819	0	1.0000
fix_b2000_full	L1868422	0	1.0000
fix_b2000_full	L1872054	1	0.5080
fix_b2000_full	L1872284	0	1.0000
fix_b2000_full	L1873007	0	0.9996
fix_b2000_full	L1873641	0	1.0000
fix_b2000_full	L1875333	0	1.0000
fix_b2000_full	L1876397	0	0.7584
fix_b2000_full	L1879003	0	1.0000
fix_b2000_full	L1880289	0	0.9999
fix_b2000_full	L1881352	0	1.0000
fix_b2000_full	L1881900	0	1.0000
fix_b2000_full	L1882540	0	1.0000
fix_b2000_full	L1885164	0	1.0000
fix_b2000_full	L1888143	0	1.0000
fix_b2000_full	L1893594	0	1.0000
fix_b2000_full	L1895815	1	1.0000
fix_b2000_full	L1896675	0	1.0000
fix_b2000_full	L1897583	0	0.9558
fix_b2000_full	L1897748	0	0.9998
fix_b2000_full	L1899785	0	1.0000
fix_b2000_full	L1900515	0	1.0000
fix_b2000_full	L1901676	0	1.0000
fix_b2000_full	L1902373	0	1.0000
fix_b2000_full	L1903126	0	1.0000
fix_b2000_full	L1904928	1	0.6264
fix_b2000_full	L1905953	0	1.0000
fix_b2000_full	L1907307	1	0.8895
fix_b2000_full	L1907313	0	0.6307
fix_b2000_full	L1911407	1	1.0000
fix_b2000_full	L1914275	0	1.0000
fix_b2000_full	L1916398	0	1.0000
fix_b2000_full	L1918876	0	1.0000
fix_b2000_full	L1919111	0	1.0000
fix_b2000_full	L1920451	0	0.9373
fix_b2000_full	L1921342	0	1.0000
fix_b2000_full	L1923332	0	1.0000
fix_b2000_full	L1923919	0	1.0000
fix_b2000_full	L1925099	1	1.0000
fix_b2000_full	L192528	0	1.0000
fix_b2000_full	L1926033	0	0.9999
fix_b2000_full	L192899	0	1.0000
fix_b2000_full	L1934557	0	1.0000
fix_b2000_full	L1936090	0	1.0000
fix_b2000_full	L1936397	0	1.0000
fix_b2000_full	L1937045	0	0.9334
fix_b2000_full	L1937296	0	1.0000
fix_b2000_full	L1937522	0	1.0000
fix_b2000_full	L1937540	0	1.0000
fix_b2000_full	L1942590	0	1.0000
fix_b2000_full	L194456	1	1.0000
fix_b2000_full	L1945243	0	1.0000
fix_b2000_full	L1946741	0	1.0000
fix_b2000_full	L1948509	0	1.0000
fix_b2000_full	L1949658	0	1.0000
fix_b2000_full	L1950755	0	1.0000
fix_b2000_full	L195251	0	1.0000
fix_b2000_full	L1959004	0	1.0000
fix_b2000_full	L1961654	0	1.0000
fix_b2000_full	L1964041	0	1.0000
fix_b2000_full	L1964145	0	1.0000
fix_b2000_full	L1964255	0	1.0000
fix_b2000_full	L1964638	0	1.0000
fix_b2000_full	L1965455	0	1.0000
fix_b2000_full	L1970682	0	1.0000
fix_b2000_full	L1971139	0	1.0000
fix_b2000_full	L1971415	0	1.0000
fix_b2000_full	L1972060	0	1.0000
fix_b2000_full	L197805	0	1.0000
fix_b2000_full	L1978343	0	1.0000
fix_b2000_full	L1979241	0	1.0000
fix_b2000_full	L1982060	0	1.0000
fix_b2000_full	L1985712	4	1.0000
fix_b2000_full	L1987156	0	1.0000
fix_b2000_full	L1992001	1	1.0000
fix_b2000_full	L1992697	0	1.0000
fix_b2000_full	L1996996	0	1.0000
fix_b2000_full	L1999805	0	1.0000
fix_b2000_full	L20552	0	1.0000
fix_b2000_full	L205951	1	0.8324
fix_b2000_full	L206468	0	1.0000
fix_b2000_full	L206760	0	1.0000
fix_b2000_full	L207601	0	1.0000
fix_b2000_full	L209337	0	0.6269
fix_b2000_full	L21006	0	1.0000
fix_b2000_full	L212437	0	1.0000
fix_b2000_full	L21703	0	1.0000
fix_b2000_full	L21860	0	1.0000
fix_b2000_full	L21970	0	1.0000
fix_b2000_full	L221302	0	1.0000
fix_b2000_full	L222990	0	0.9899
fix_b2000_full	L223698	0	0.7965
fix_b2000_full	L224462	1	0.7788
fix_b2000_full	L226384	0	1.0000
fix_b2000_full	L230051	0	1.0000
fix_b2000_full	L233807	0	1.0000
fix_b2000_full	L234489	0	1.0000
fix_b2000_full	L23637	0	1.0000
fix_b2000_full	L242623	0	1.0000
fix_b2000_full	L246106	1	1.0000
fix_b2000_full	L247389	0	0.9968
fix_b2000_full	L247703	0	1.0000
fix_b2000_full	L251339	2	0.9844
fix_b2000_full	L252095	0	0.4684
fix_b2000_full	L253981	1	0.5186
fix_b2000_full	L254016	1	0.7867
fix_b2000_full	L256416	0	1.0000
fix_b2000_full	L256657	0	1.0000
fix_b2000_full	L256899	0	1.0000
fix_b2000_full	L263537	0	1.0000
fix_b2000_full	L264567	0	1.0000
fix_b2000_full	L268477	0	1.0000
fix_b2000_full	L270354	0	0.9989
fix_b2000_full	L271418	0	1.0000
fix_b2000_full	L278635	0	1.0000
fix_b2000_full	L279786	0	1.0000
fix_b2000_full	L280579	0	1.0000
fix_b2000_full	L287545	0	0.9987
fix_b2000_full	L287741	0	0.9985
fix_b2000_full	L290634	0	1.0000
fix_b2000_full	L291671	0	1.0000
fix_b2000_full	L292815	0	1.0000
fix_b2000_full	L296972	0	1.0000
fix_b2000_full	L297473	0	1.0000
fix_b2000_full	L297512	0	0.6698
fix_b2000_full	L298375	0	1.0000
fix_b2000_full	L301552	0	1.0000
fix_b2000_full	L307194	0	1.0000
fix_b2000_full	L309904	0	1.0000
fix_b2000_full	L3170	1	0.6163
fix_b2000_full	L317654	0	1.0000
fix_b2000_full	L3184	1	0.8032
fix_b2000_full	L318418	2	0.6241
fix_b2000_full	L318534	0	0.6668
fix_b2000_full	L319502	0	1.0000
fix_b2000_full	L320722	0	1.0000
fix_b2000_full	L322292	0	1.0000
fix_b2000_full	L322864	0	1.0000
fix_b2000_full	L323046	0	1.0000
fix_b2000_full	L324328	0	1.0000
fix_b2000_full	L324374	0	1.0000
fix_b2000_full	L325049	0	1.0000
fix_b2000_full	L325432	0	1.0000
fix_b2000_full	L326941	1	1.0000
fix_b2000_full	L331212	1	0.8773
fix_b2000_full	L331444	0	1.0000
fix_b2000_full	L333006	0	1.0000
fix_b2000_full	L333090	0	1.0000
fix_b2000_full	L333836	0	1.0000
fix_b2000_full	L335225	0	1.0000
fix_b2000_full	L335980	0	1.0000
fix_b2000_full	L342344	0	0.8274
fix_b2000_full	L34456	0	1.0000
fix_b2000_full	L348878	0	0.7248
fix_b2000_full	L348891	0	0.7193
fix_b2000_full	L350244	0	1.0000
fix_b2000_full	L350337	0	1.0000
fix_b2000_full	L350475	0	1.0000
fix_b2000_full	L351030	0	1.0000
fix_b2000_full	L351782	0	1.0000
fix_b2000_full	L353565	1	0.9900
fix_b2000_full	L353749	0	1.0000
fix_b2000_full	L356829	0	0.7570
fix_b2000_full	L358839	0	1.0000
fix_b2000_full	L358876	0	1.0000
fix_b2000_full	L35935	0	0.9997
fix_b2000_full	L362772	0	1.0000
fix_b2000_full	L363906	0	0.9827
fix_b2000_full	L365071	0	1.0000
fix_b2000_full	L366723	0	1.0000
fix_b2000_full	L367305	0	1.0000
fix_b2000_full	L367428	0	1.0000
fix_b2000_full	L368018	0	1.0000
fix_b2000_full	L371020	1	0.5700
fix_b2000_full	L3736	0	1.0000
fix_b2000_full	L37437	0	1.0000
fix_b2000_full	L375461	1	1.0000
fix_b2000_full	L377850	0	1.0000
fix_b2000_full	L378723	0	1.0000
fix_b2000_full	L380657	0	0.7519
fix_b2000_full	L380912	0	1.0000
fix_b2000_full	L381434	0	1.0000
fix_b2000_full	L382168	0	0.9989
fix_b2000_full	L382622	0	1.0000
fix_b2000_full	L386443	0	1.0000
fix_b2000_full	L38779	0	1.0000
fix_b2000_full	L388489	0	1.0000
fix_b2000_full	L390690	1	0.3217
fix_b2000_full	L392719	0	1.0000
fix_b2000_full	L394650	0	1.0000
fix_b2000_full	L396138	0	1.0000
fix_b2000_full	L399396	0	0.9604
fix_b2000_full	L401829	0	1.0000
fix_b2000_full	L403497	1	1.0000
fix_b2000_full	L408678	0	1.0000
fix_b2000_full	L408682	0	1.0000
fix_b2000_full	L411960	0	1.0000
fix_b2000_full	L413007	0	1.0000
fix_b2000_full	L415336	0	1.0000
fix_b2000_full	L415413	1	1.0000
fix_b2000_full	L418366	1	0.5240
fix_b2000_full	L418388	0	1.0000
fix_b2000_full	L423584	0	1.0000
fix_b2000_full	L424716	0	1.0000
fix_b2000_full	L427026	1	1.0000
fix_b2000_full	L434630	0	1.0000
fix_b2000_full	L439400	0	1.0000
fix_b2000_full	L439489	0	1.0000
fix_b2000_full	L442680	0	1.0000
fix_b2000_full	L443814	0	0.9994
fix_b2000_full	L449738	1	0.4638
fix_b2000_full	L451768	0	1.0000
fix_b2000_full	L453420	1	1.0000
fix_b2000_full	L453566	1	0.9932
fix_b2000_full	L454288	1	1.0000
fix_b2000_full	L454603	0	1.0000
fix_b2000_full	L454940	1	0.5891
fix_b2000_full	L45583	0	1.0000
fix_b2000_full	L455854	0	1.0000
fix_b2000_full	L460483	1	1.0000
fix_b2000_full	L461004	0	1.0000
fix_b2000_full	L462461	1	1.0000
fix_b2000_full	L465305	0	1.0000
fix_b2000_full	L467955	0	1.0000
fix_b2000_full	L469518	0	1.0000
fix_b2000_full	L470030	0	1.0000
fix_b2000_full	L471487	0	1.0000
fix_b2000_full	L472430	1	1.0000
fix_b2000_full	L472790	0	1.0000
fix_b2000_full	L473496	0	1.0000
fix_b2000_full	L474051	0	0.9168
fix_b2000_full	L474155	0	1.0000
fix_b2000_full	L479578	0	0.9993
fix_b2000_full	L485169	0	1.0000
fix_b2000_full	L487447	0	1.0000
fix_b2000_full	L487895	1	1.0000
fix_b2000_full	L488320	0	0.9998
fix_b2000_full	L489	0	1.0000
fix_b2000_full	L489204	0	1.0000
fix_b2000_full	L490152	0	1.0000
fix_b2000_full	L494947	0	0.5839
fix_b2000_full	L50067	0	1.0000
fix_b2000_full	L501047	0	1.0000
fix_b2000_full	L502660	0	1.0000
fix_b2000_full	L504133	0	1.0000
fix_b2000_full	L507963	0	1.0000
fix_b2000_full	L509062	0	1.0000
fix_b2000_full	L510232	0	1.0000
fix_b2000_full	L511198	0	1.0000
fix_b2000_full	L511998	0	0.6094
fix_b2000_full	L512885	0	1.0000
fix_b2000_full	L515527	0	1.0000
fix_b2000_full	L516621	0	0.6772
fix_b2000_full	L520061	1	1.0000
fix_b2000_full	L521854	0	1.0000
fix_b2000_full	L522361	1	0.7802
fix_b2000_full	L523007	0	1.0000
fix_b2000_full	L52377	1	1.0000
fix_b2000_full	L523780	1	0.4315
fix_b2000_full	L526348	0	1.0000
fix_b2000_full	L526362	0	1.0000
fix_b2000_full	L529128	0	1.0000
fix_b2000_full	L529259	1	1.0000
fix_b2000_full	L531183	0	1.0000
fix_b2000_full	L535176	0	1.0000
fix_b2000_full	L535927	1	1.0000
fix_b2000_full	L53900	0	1.0000
fix_b2000_full	L54140	0	1.0000
fix_b2000_full	L545290	0	1.0000
fix_b2000_full	L551516	0	1.0000
fix_b2000_full	L552430	0	1.0000
fix_b2000_full	L554769	0	1.0000
fix_b2000_full	L556620	0	1.0000
fix_b2000_full	L557148	0	1.0000
fix_b2000_full	L560741	1	0.8067
fix_b2000_full	L562253	0	1.0000
fix_b2000_full	L563575	0	1.0000
fix_b2000_full	L564960	1	0.6577
fix_b2000_full	L566111	0	0.5628
fix_b2000_full	L571479	1	0.9773
fix_b2000_full	L572100	0	1.0000
fix_b2000_full	L578549	0	0.4180
fix_b2000_full	L580412	0	1.0000
fix_b2000_full	L583359	0	0.9998
fix_b2000_full	L58398	1	0.9457
fix_b2000_full	L585434	1	0.9013
fix_b2000_full	L586104	0	1.0000
fix_b2000_full	L595406	0	0.8699
fix_b2000_full	L599093	0	1.0000
fix_b2000_full	L610583	0	1.0000
fix_b2000_full	L613767	0	0.9300
fix_b2000_full	L615521	0	1.0000
fix_b2000_full	L616720	0	1.0000
fix_b2000_full	L617134	1	1.0000
fix_b2000_full	L618884	0	1.0000
fix_b2000_full	L6189	0	1.0000
fix_b2000_full	L622600	0	0.9999
fix_b2000_full	L62692	0	1.0000
fix_b2000_full	L628634	0	0.9714
fix_b2000_full	L629842	0	1.0000
fix_b2000_full	L631992	0	0.9381
fix_b2000_full	L63248	1	0.9842
fix_b2000_full	L634575	1	1.0000
fix_b2000_full	L6356	0	1.0000
fix_b2000_full	L637890	0	1.0000
fix_b2000_full	L63791	0	1.0000
fix_b2000_full	L639649	0	1.0000
fix_b2000_full	L642602	1	0.9570
fix_b2000_full	L646762	0	1.0000
fix_b2000_full	L650498	0	1.0000
fix_b2000_full	L651242	0	1.0000
fix_b2000_full	L651264	0	1.0000
fix_b2000_full	L652790	0	1.0000
fix_b2000_full	L654346	1	0.5847
fix_b2000_full	L655133	0	1.0000
fix_b2000_full	L657223	0	1.0000
fix_b2000_full	L659271	1	0.7788
fix_b2000_full	L659432	1	0.5030
fix_b2000_full	L660496	0	0.8264
fix_b2000_full	L661586	0	1.0000
fix_b2000_full	L663357	0	1.0000
fix_b2000_full	L663649	0	0.9987
fix_b2000_full	L6727	1	0.4713
fix_b2000_full	L674570	0	1.0000
fix_b2000_full	L674945	0	1.0000
fix_b2000_full	L675853	0	1.0000
fix_b2000_full	L676330	0	1.0000
fix_b2000_full	L676359	0	1.0000
fix_b2000_full	L67715	0	0.9886
fix_b2000_full	L677200	0	1.0000
fix_b2000_full	L677943	0	1.0000
fix_b2000_full	L680508	0	1.0000
fix_b2000_full	L681757	0	1.0000
fix_b2000_full	L682589	0	1.0000
fix_b2000_full	L685735	0	1.0000
fix_b2000_full	L688428	0	1.0000
fix_b2000_full	L690836	0	1.0000
fix_b2000_full	L69227	0	1.0000
fix_b2000_full	L694001	1	1.0000
fix_b2000_full	L697211	1	1.0000
fix_b2000_full	L698980	0	1.0000
fix_b2000_full	L699299	0	1.0000
fix_b2000_full	L70184	0	1.0000
fix_b2000_full	L703700	0	1.0000
fix_b2000_full	L704052	0	1.0000
fix_b2000_full	L704079	0	1.0000
fix_b2000_full	L705648	0	1.0000
fix_b2000_full	L705664	0	1.0000
fix_b2000_full	L706887	0	1.0000
fix_b2000_full	L70693	0	1.0000
fix_b2000_full	L70846	0	1.0000
fix_b2000_full	L710516	0	1.0000
fix_b2000_full	L710854	0	1.0000
fix_b2000_full	L710875	0	1.0000
fix_b2000_full	L713284	0	1.0000
fix_b2000_full	L714291	0	1.0000
fix_b2000_full	L718210	0	1.0000
fix_b2000_full	L71837	1	0.6208
fix_b2000_full	L719293	0	0.8952
fix_b2000_full	L719453	0	1.0000
fix_b2000_full	L721929	1	1.0000
fix_b2000_full	L72644	0	1.0000
fix_b2000_full	L727915	0	1.0000
fix_b2000_full	L733225	0	1.0000
fix_b2000_full	L738291	0	1.0000
fix_b2000_full	L738471	0	1.0000
fix_b2000_full	L741947	1	1.0000
fix_b2000_full	L742305	0	1.0000
fix_b2000_full	L744434	0	1.0000
fix_b2000_full	L747615	0	1.0000
fix_b2000_full	L749719	0	1.0000
fix_b2000_full	L749755	0	1.0000
fix_b2000_full	L750040	1	1.0000
fix_b2000_full	L751250	0	0.9998
fix_b2000_full	L752781	1	0.5132
fix_b2000_full	L753459	1	0.5604
fix_b2000_full	L756119	0	0.8359
fix_b2000_full	L756273	0	0.8255
fix_b2000_full	L756947	1	0.7579
fix_b2000_full	L757056	1	1.0000
fix_b2000_full	L759101	0	1.0000
fix_b2000_full	L760182	0	1.0000
fix_b2000_full	L761191	0	0.7692
fix_b2000_full	L762001	0	0.9977
fix_b2000_full	L762093	0	1.0000
fix_b2000_full	L762176	0	1.0000
fix_b2000_full	L763379	0	1.0000
fix_b2000_full	L768450	0	1.0000
fix_b2000_full	L769757	0	1.0000
fix_b2000_full	L771085	0	0.9994
fix_b2000_full	L77116	0	0.7832
fix_b2000_full	L772427	0	1.0000
fix_b2000_full	L776030	0	1.0000
fix_b2000_full	L777299	1	1.0000
fix_b2000_full	L777823	0	1.0000
fix_b2000_full	L777910	1	0.7065
fix_b2000_full	L781446	0	0.7562
fix_b2000_full	L784431	1	1.0000
fix_b2000_full	L786569	0	1.0000
fix_b2000_full	L787602	0	1.0000
fix_b2000_full	L789348	1	1.0000
fix_b2000_full	L789708	0	0.9984
fix_b2000_full	L790161	0	1.0000
fix_b2000_full	L791251	0	1.0000
fix_b2000_full	L79329	0	1.0000
fix_b2000_full	L793756	0	0.9879
fix_b2000_full	L795446	0	1.0000
fix_b2000_full	L799472	1	0.7423
fix_b2000_full	L799778	1	0.5340
fix_b2000_full	L800622	0	1.0000
fix_b2000_full	L802530	1	0.7109
fix_b2000_full	L803200	1	0.9825
fix_b2000_full	L804499	0	1.0000
fix_b2000_full	L807590	0	1.0000
fix_b2000_full	L808265	0	1.0000
fix_b2000_full	L808905	1	1.0000
fix_b2000_full	L811697	0	0.7011
fix_b2000_full	L811790	0	1.0000
fix_b2000_full	L811826	0	1.0000
fix_b2000_full	L812045	0	1.0000
fix_b2000_full	L816143	0	1.0000
fix_b2000_full	L816490	0	1.0000
fix_b2000_full	L817904	0	1.0000
fix_b2000_full	L818701	1	0.9249
fix_b2000_full	L819185	1	1.0000
fix_b2000_full	L819987	1	0.9951
fix_b2000_full	L821601	0	1.0000
fix_b2000_full	L824597	0	0.9429
fix_b2000_full	L825004	0	1.0000
fix_b2000_full	L827047	0	0.9312
fix_b2000_full	L827519	1	0.6369
fix_b2000_full	L827898	0	0.9936
fix_b2000_full	L83179	0	1.0000
fix_b2000_full	L832817	0	1.0000
fix_b2000_full	L832855	0	1.0000
fix_b2000_full	L838317	1	0.9504
fix_b2000_full	L845507	0	0.6018
fix_b2000_full	L846147	0	1.0000
fix_b2000_full	L847407	0	1.0000
fix_b2000_full	L847827	0	1.0000
fix_b2000_full	L849392	0	1.0000
fix_b2000_full	L852778	0	1.0000
fix_b2000_full	L855478	0	1.0000
fix_b2000_full	L857135	0	1.0000
fix_b2000_full	L858314	0	0.9340
fix_b2000_full	L859198	0	0.9988
fix_b2000_full	L861067	1	0.8100
fix_b2000_full	L861612	0	1.0000
fix_b2000_full	L865768	1	0.8499
fix_b2000_full	L868031	1	1.0000
fix_b2000_full	L869962	0	1.0000
fix_b2000_full	L871757	0	1.0000
fix_b2000_full	L87227	0	1.0000
fix_b2000_full	L872641	0	1.0000
fix_b2000_full	L875345	0	1.0000
fix_b2000_full	L883421	0	1.0000
fix_b2000_full	L883981	0	1.0000
fix_b2000_full	L884210	1	0.4262
fix_b2000_full	L885983	0	1.0000
fix_b2000_full	L887768	0	1.0000
fix_b2000_full	L88843	1	0.5920
fix_b2000_full	L888705	0	0.7193
fix_b2000_full	L889436	0	1.0000
fix_b2000_full	L890611	1	0.4669
fix_b2000_full	L890861	0	1.0000
fix_b2000_full	L890978	0	1.0000
fix_b2000_full	L894458	0	1.0000
fix_b2000_full	L895635	0	1.0000
fix_b2000_full	L896421	0	1.0000
fix_b2000_full	L89769	0	1.0000
fix_b2000_full	L899685	0	1.0000
fix_b2000_full	L901803	1	0.7091
fix_b2000_full	L903650	1	1.0000
fix_b2000_full	L904813	1	0.6753
fix_b2000_full	L908878	1	1.0000
fix_b2000_full	L909692	2	0.3975
fix_b2000_full	L910078	0	1.0000
fix_b2000_full	L912103	0	1.0000
fix_b2000_full	L912322	0	1.0000
fix_b2000_full	L912719	0	1.0000
fix_b2000_full	L912815	0	1.0000
fix_b2000_full	L913531	0	1.0000
fix_b2000_full	L91563	0	0.5493
fix_b2000_full	L915786	0	0.6503
fix_b2000_full	L915789	0	0.5686
fix_b2000_full	L9163	0	1.0000
fix_b2000_full	L919590	1	1.0000
fix_b2000_full	L919603	1	0.8986
fix_b2000_full	L928032	0	1.0000
fix_b2000_full	L928536	0	0.9948
fix_b2000_full	L929320	0	0.5339
fix_b2000_full	L931629	1	1.0000
fix_b2000_full	L935668	1	0.5679
fix_b2000_full	L937448	1	0.5651
fix_b2000_full	L938502	2	0.4302
fix_b2000_full	L939729	0	1.0000
fix_b2000_full	L943549	1	0.5054
fix_b2000_full	L946755	0	1.0000
fix_b2000_full	L946983	0	1.0000
fix_b2000_full	L947120	0	1.0000
fix_b2000_full	L94829	0	1.0000
fix_b2000_full	L948707	0	0.9998
fix_b2000_full	L954478	0	1.0000
fix_b2000_full	L956192	0	1.0000
fix_b2000_full	L956318	0	1.0000
fix_b2000_full	L95996	0	1.0000
fix_b2000_full	L963059	0	1.0000
fix_b2000_full	L964150	0	1.0000
fix_b2000_full	L966865	0	1.0000
fix_b2000_full	L968281	0	1.0000
fix_b2000_full	L968389	0	1.0000
fix_b2000_full	L968426	0	1.0000
fix_b2000_full	L97211	1	1.0000
fix_b2000_full	L973556	0	0.9969
fix_b2000_full	L974644	1	1.0000
fix_b2000_full	L97491	0	1.0000
fix_b2000_full	L976334	0	1.0000
fix_b2000_full	L977262	0	1.0000
fix_b2000_full	L983031	0	1.0000
fix_b2000_full	L985883	1	0.5310
fix_b2000_full	L986248	0	0.9874
fix_b2000_full	L986264	0	0.9408
fix_b2000_full	L986750	0	1.0000
fix_b2000_full	L988510	0	1.0000
fix_b2000_full	L98918	0	1.0000
fix_b2000_full	L99225	0	1.0000
fix_b2000_full	L99629	0	1.0000
fix_b2000_full	L998137	0	1.0000
fix_b2000_full	L998626	0	0.9999
fix_b5000_frag	L1001560	0	1.0000
fix_b5000_frag	L1004110	0	0.9813
fix_b5000_frag	L1006060	0	1.0000
fix_b5000_frag	L1009598	1	0.1034
fix_b5000_frag	L1010572	2	0.2512
fix_b5000_frag	L1011172	0	1.0000
fix_b5000_frag	L1014202	0	0.7213
fix_b5000_frag	L1015517	2	0.1510
fix_b5000_frag	L1021619	1	0.4773
fix_b5000_frag	L1024876	0	0.9998
fix_b5000_frag	L1025069	0	0.2663
fix_b5000_frag	L1025529	0	0.8333
fix_b5000_frag	L1026996	1	0.2454
fix_b5000_frag	L1028872	0	0.9919
fix_b5000_frag	L1029320	0	0.6396
fix_b5000_frag	L1029938	0	0.4478
fix_b5000_frag	L1031322	2	0.8492
fix_b5000_frag	L1034006	3	0.2118
fix_b5000_frag	L1034223	0	0.9591
fix_b5000_frag	L1036697	0	0.9979
fix_b5000_frag	L1040082	0	0.8538
fix_b5000_frag	L1040135	0	0.6326
fix_b5000_frag	L1041321	0	1.0000
fix_b5000_frag	L1041572	4	0.2007
fix_b5000_frag	L1045274	0	0.8444
fix_b5000_frag	L1046691	1	0.4492
fix_b5000_frag	L1048629	0	0.3463
fix_b5000_frag	L1048900	0	0.9889
fix_b5000_frag	L1051539	3	0.2545
fix_b5000_frag	L1053671	0	0.5311
fix_b5000_frag	L1056104	0	0.9769
fix_b5000_frag	L1057643	0	1.0000
fix_b5000_frag	L1058777	0	1.0000
fix_b5000_frag	L105923	4	0.3656
fix_b5000_frag	L1060697	1	0.9802
fix_b5000_frag	L1062231	0	1.0000
fix_b5000_frag	L1063655	2	0.6988
fix_b5000_frag	L1066055	0	0.9863
fix_b5000_frag	L1066869	0	0.3448
fix_b5000_frag	L1068256	2	0.3240
fix_b5000_frag	L1069244	0	1.0000
fix_b5000_frag	L1070240	0	0.9540
fix_b5000_frag	L1073738	1	0.4421
fix_b5000_frag	L1079529	0	0.9999
fix_b5000_frag	L1079925	1	0.3336
fix_b5000_frag	L1080779	2	0.2984
fix_b5000_frag	L1081899	0	0.4776
fix_b5000_frag	L1082889	0	0.9667
fix_b5000_frag	L1082966	0	1.0000
fix_b5000_frag	L1084007	0	0.7702
fix_b5000_frag	L1085883	0	0.9431
fix_b5000_frag	L1086391	1	0.1383
fix_b5000_frag	L1086461	0	0.8347
fix_b5000_frag	L108652	1	0.3194
fix_b5000_frag	L1086569	0	1.0000
fix_b5000_frag	L108690	0	0.3334
fix_b5000_frag	L108958	8	0.7223
fix_b5000_frag	L1092340	0	0.8880
fix_b5000_frag	L1094288	0	0.9270
fix_b5000_frag	L1096833	0	0.1970
fix_b5000_frag	L1097479	1	0.1879
fix_b5000_frag	L1097562	0	1.0000
fix_b5000_frag	L1099426	2	0.3735
fix_b5000_frag	L1100273	0	0.9591
fix_b5000_frag	L1106070	0	1.0000
fix_b5000_frag	L1107453	1	0.3317
fix_b5000_frag	L111069	0	1.0000
fix_b5000_frag	L1112051	1	0.3550
fix_b5000_frag	L1113584	1	0.8723
fix_b5000_frag	L1113767	0	1.0000
fix_b5000_frag	L1114404	0	0.2536
fix_b5000_frag	L111487	3	0.3348
fix_b5000_frag	L1115783	0	0.2985
fix_b5000_frag	L1123161	0	1.0000
fix_b5000_frag	L112511	0	0.9605
fix_b5000_frag	L1125144	1	0.9811
fix_b5000_frag	L1129896	1	0.4211
fix_b5000_frag	L112990	1	0.8197
fix_b5000_frag	L1130797	0	0.7488
fix_b5000_frag	L1132085	0	0.3501
fix_b5000_frag	L1134223	0	0.7769
fix_b5000_frag	L1138009	1	0.4649
fix_b5000_frag	L1139559	3	0.1253
fix_b5000_frag	L1139874	0	0.9997
fix_b5000_frag	L114083	1	0.3830
fix_b5000_frag	L1143269	0	1.0000
fix_b5000_frag	L114415	0	0.3321
fix_b5000_frag	L1148897	0	0.9840
fix_b5000_frag	L115053	0	0.2468
fix_b5000_frag	L1157871	0	1.0000
fix_b5000_frag	L1159954	0	0.4895
fix_b5000_frag	L1163982	0	0.9980
fix_b5000_frag	L1166709	0	0.7382
fix_b5000_frag	L1168147	0	1.0000
fix_b5000_frag	L1168246	0	0.9953
fix_b5000_frag	L1174309	2	0.2039
fix_b5000_frag	L1176017	0	0.9816
fix_b5000_frag	L1180799	0	0.9932
fix_b5000_frag	L1182677	0	0.4676
fix_b5000_frag	L1182856	0	0.8467
fix_b5000_frag	L1185198	0	0.9789
fix_b5000_frag	L1185601	1	0.4018
fix_b5000_frag	L118714	2	0.3986
fix_b5000_frag	L1189376	0	0.9815
fix_b5000_frag	L1193103	0	0.6518
fix_b5000_frag	L1193586	0	0.3857
fix_b5000_frag	L1195987	0	0.4103
fix_b5000_frag	L1197653	0	0.8407
fix_b5000_frag	L1198863	1	0.3429
fix_b5000_frag	L1200101	1	0.8064
fix_b5000_frag	L1201939	0	1.0000
fix_b5000_frag	L1202998	0	0.7841
fix_b5000_frag	L1203763	0	0.4264
fix_b5000_frag	L12043	0	0.5316
fix_b5000_frag	L1204855	0	1.0000
fix_b5000_frag	L1205350	1	0.6199
fix_b5000_frag	L1208662	0	0.9349
fix_b5000_frag	L1211682	1	0.4865
fix_b5000_frag	L1211692	0	0.5338
fix_b5000_frag	L1212928	0	0.2795
fix_b5000_frag	L1213032	1	0.5007
fix_b5000_frag	L1213065	0	1.0000
fix_b5000_frag	L1214580	0	1.0000
fix_b5000_frag	L1214865	4	0.2913
fix_b5000_frag	L1220369	0	0.6577
fix_b5000_frag	L1221036	1	0.1515
fix_b5000_frag	L1221084	1	0.1829
fix_b5000_frag	L1224791	0	1.0000
fix_b5000_frag	L1224974	2	0.1923
fix_b5000_frag	L1225803	16	0.0658
fix_b5000_frag	L1228089	0	1.0000
fix_b5000_frag	L1230778	0	0.2157
fix_b5000_frag	L1231586	0	0.4112
fix_b5000_frag	L1232442	0	0.6238
fix_b5000_frag	L1234498	0	0.9999
fix_b5000_frag	L1239009	0	1.0000
fix_b5000_frag	L1239425	0	0.9797
fix_b5000_frag	L1239893	2	0.3946
fix_b5000_frag	L1242428	0	0.9993
fix_b5000_frag	L1243420	0	0.2958
fix_b5000_frag	L1247198	0	0.8397
fix_b5000_frag	L1248117	0	0.9940
fix_b5000_frag	L1250931	1	0.3557
fix_b5000_frag	L1252227	0	0.4986
fix_b5000_frag	L1260978	4	0.2749
fix_b5000_frag	L1261356	0	0.2025
fix_b5000_frag	L1263014	0	1.0000
fix_b5000_frag	L1263342	1	0.3854
fix_b5000_frag	L1263703	0	1.0000
fix_b5000_frag	L1265160	0	1.0000
fix_b5000_frag	L1265653	1	0.3031
fix_b5000_frag	L1266143	1	0.6763
fix_b5000_frag	L1266484	1	0.3316
fix_b5000_frag	L1267289	3	0.4203
fix_b5000_frag	L1270832	0	0.3346
fix_b5000_frag	L1273881	1	0.4169
fix_b5000_frag	L1274778	0	1.0000
fix_b5000_frag	L1278871	0	1.0000
fix_b5000_frag	L1281379	0	1.0000
fix_b5000_frag	L1282064	1	0.8095
fix_b5000_frag	L1284437	0	0.3206
fix_b5000_frag	L1289046	0	0.9254
fix_b5000_frag	L129057	0	1.0000
fix_b5000_frag	L129102	2	0.2868
fix_b5000_frag	L1291159	1	0.2016
fix_b5000_frag	L1293709	1	0.2792
fix_b5000_frag	L1293860	1	0.3155
fix_b5000_frag	L1294148	3	0.5927
fix_b5000_frag	L1296774	0	1.0000
fix_b5000_frag	L1297053	0	0.9999
fix_b5000_frag	L1300073	0	0.9826
fix_b5000_frag	L1301795	0	0.9985
fix_b5000_frag	L1306677	1	0.1729
fix_b5000_frag	L1306855	0	1.0000
fix_b5000_frag	L1307746	2	0.3293
fix_b5000_frag	L1312920	0	0.9673
fix_b5000_frag	L1314145	0	1.0000
fix_b5000_frag	L1314194	0	0.6018
fix_b5000_frag	L13173	2	0.4014
fix_b5000_frag	L1318370	0	0.9127
fix_b5000_frag	L1318861	3	0.2644
fix_b5000_frag	L1321166	2	0.2856
fix_b5000_frag	L1324671	0	0.3937
fix_b5000_frag	L1328117	0	0.4270
fix_b5000_frag	L1330303	1	0.3107
fix_b5000_frag	L1335655	1	0.4761
fix_b5000_frag	L1336052	0	0.9414
fix_b5000_frag	L1337916	1	0.1577
fix_b5000_frag	L133834	0	0.9017
fix_b5000_frag	L1339015	0	1.0000
fix_b5000_frag	L1340208	1	0.5469
fix_b5000_frag	L1341191	0	0.5996
fix_b5000_frag	L1342813	1	0.5952
fix_b5000_frag	L134422	3	1.0000
fix_b5000_frag	L1348437	3	0.1911
fix_b5000_frag	L1349598	0	1.0000
fix_b5000_frag	L1351683	0	1.0000
fix_b5000_frag	L1352311	0	0.2579
fix_b5000_frag	L1354390	1	0.5581
fix_b5000_frag	L1360154	0	1.0000
fix_b5000_frag	L1362062	1	0.9998
fix_b5000_frag	L1362414	3	0.2573
fix_b5000_frag	L136602	1	0.8977
fix_b5000_frag	L1368890	2	0.2506
fix_b5000_frag	L1373240	0	1.0000
fix_b5000_frag	L1373356	0	0.4851
fix_b5000_frag	L1374751	0	1.0000
fix_b5000_frag	L1375799	0	0.9746
fix_b5000_frag	L1375926	10	0.3101
fix_b5000_frag	L1376446	2	0.4754
fix_b5000_frag	L1379897	1	0.2184
fix_b5000_frag	L1382552	0	0.2357
fix_b5000_frag	L1383419	0	0.8974
fix_b5000_frag	L1384623	1	0.5642
fix_b5000_frag	L1385181	0	0.9982
fix_b5000_frag	L1385242	0	0.9912
fix_b5000_frag	L1385670	0	0.9985
fix_b5000_frag	L1385883	1	0.5984
fix_b5000_frag	L1393526	1	0.3565
fix_b5000_frag	L1395495	0	0.3703
fix_b5000_frag	L1398892	0	1.0000
fix_b5000_frag	L1399065	0	0.9981
fix_b5000_frag	L1401252	1	0.4169
fix_b5000_frag	L1401873	0	0.3648
fix_b5000_frag	L1405185	0	0.5773
fix_b5000_frag	L1410964	0	1.0000
fix_b5000_frag	L1411691	0	1.0000
fix_b5000_frag	L1412410	0	0.4460
fix_b5000_frag	L141300	1	0.4980
fix_b5000_frag	L141423	0	1.0000
fix_b5000_frag	L1421031	0	0.9638
fix_b5000_frag	L1421448	1	0.2614
fix_b5000_frag	L1433358	0	0.9641
fix_b5000_frag	L1436058	0	0.3969
fix_b5000_frag	L143945	1	0.4832
fix_b5000_frag	L1441448	0	0.8993
fix_b5000_frag	L1442207	3	0.1105
fix_b5000_frag	L1442390	2	0.2620
fix_b5000_frag	L1442834	2	0.8372
fix_b5000_frag	L144496	0	0.9565
fix_b5000_frag	L144866	0	0.3310
fix_b5000_frag	L1451999	0	1.0000
fix_b5000_frag	L1452352	0	0.3450
fix_b5000_frag	L1458540	0	0.8716
fix_b5000_frag	L1462375	0	0.7111
fix_b5000_frag	L1463410	0	0.1715
fix_b5000_frag	L1465729	0	0.2386
fix_b5000_frag	L1465871	2	0.2630
fix_b5000_frag	L1467997	0	0.4195
fix_b5000_frag	L1469558	0	0.9867
fix_b5000_frag	L1472821	4	0.1564
fix_b5000_frag	L1475044	2	0.6769
fix_b5000_frag	L1475841	0	0.3658
fix_b5000_frag	L1476523	0	1.0000
fix_b5000_frag	L1477044	1	0.1335
fix_b5000_frag	L148171	13	0.4628
fix_b5000_frag	L1482489	1	0.2746
fix_b5000_frag	L1483548	0	0.5277
fix_b5000_frag	L1488072	0	0.3489
fix_b5000_frag	L1489229	0	0.3692
fix_b5000_frag	L1491050	0	0.2084
fix_b5000_frag	L149111	1	0.5744
fix_b5000_frag	L1492134	1	0.3759
fix_b5000_frag	L1492883	1	0.3334
fix_b5000_frag	L149629	1	0.7351
fix_b5000_frag	L1498435	0	0.4169
fix_b5000_frag	L149859	1	0.6895
fix_b5000_frag	L1499391	1	0.4330
fix_b5000_frag	L1500089	0	1.0000
fix_b5000_frag	L1500505	0	0.9638
fix_b5000_frag	L1501858	0	1.0000
fix_b5000_frag	L1502230	0	0.9901
fix_b5000_frag	L1505057	0	0.8601
fix_b5000_frag	L150508	0	0.7606
fix_b5000_frag	L1507305	0	0.9653
fix_b5000_frag	L1507321	2	0.1586
fix_b5000_frag	L1510177	0	0.9962
fix_b5000_frag	L1511573	0	0.3406
fix_b5000_frag	L1512053	3	0.4480
fix_b5000_frag	L1513468	0	1.0000
fix_b5000_frag	L1513628	2	0.1821
fix_b5000_frag	L1513988	0	0.9994
fix_b5000_frag	L1514498	2	0.2477
fix_b5000_frag	L151509	1	0.4003
fix_b5000_frag	L1522704	0	1.0000
fix_b5000_frag	L1524763	1	0.4761
fix_b5000_frag	L1526719	0	1.0000
fix_b5000_frag	L1527010	0	0.7559
fix_b5000_frag	L1528883	0	0.8340
fix_b5000_frag	L1533154	1	0.7868
fix_b5000_frag	L1536652	0	0.9260
fix_b5000_frag	L1544099	0	0.9016
fix_b5000_frag	L1546866	0	0.6123
fix_b5000_frag	L1549292	2	0.0800
fix_b5000_frag	L1551160	0	0.3933
fix_b5000_frag	L155120	0	0.9697
fix_b5000_frag	L1554553	1	0.2890
fix_b5000_frag	L1554815	2	0.1456
fix_b5000_frag	L1555892	0	0.9503
fix_b5000_frag	L155872	0	1.0000
fix_b5000_frag	L1558723	0	0.5566
fix_b5000_frag	L1559320	1	0.2274
fix_b5000_frag	L1566115	0	0.4158
fix_b5000_frag	L1573278	0	0.8947
fix_b5000_frag	L1577928	3	0.1484
fix_b5000_frag	L1582275	0	1.0000
fix_b5000_frag	L1589275	0	0.5673
fix_b5000_frag	L1590049	0	1.0000
fix_b5000_frag	L1590178	0	0.4000
fix_b5000_frag	L1590393	1	0.4903
fix_b5000_frag	L159175	0	1.0000
fix_b5000_frag	L1591963	0	0.9908
fix_b5000_frag	L159450	1	0.3019
fix_b5000_frag	L1594569	0	1.0000
fix_b5000_frag	L1595102	2	0.6447
fix_b5000_frag	L1597	0	1.0000
fix_b5000_frag	L1603321	0	0.5927
fix_b5000_frag	L1604648	1	0.1873
fix_b5000_frag	L1604707	1	0.1448
fix_b5000_frag	L1605891	1	0.5139
fix_b5000_frag	L1607848	2	0.2313
fix_b5000_frag	L1610924	0	0.3804
fix_b5000_frag	L1610942	1	0.4896
fix_b5000_frag	L1612810	0	0.9364
fix_b5000_frag	L161413	0	1.0000
fix_b5000_frag	L1614866	0	0.7627
fix_b5000_frag	L1615197	0	0.9989
fix_b5000_frag	L161808	1	0.3428
fix_b5000_frag	L1618425	0	0.3135
fix_b5000_frag	L1618796	0	0.9981
fix_b5000_frag	L1620831	8	0.2903
fix_b5000_frag	L162176	3	0.3154
fix_b5000_frag	L1622583	0	0.1314
fix_b5000_frag	L1624303	2	0.2175
fix_b5000_frag	L1629891	0	1.0000
fix_b5000_frag	L1630179	0	0.9952
fix_b5000_frag	L1630403	0	0.8353
fix_b5000_frag	L1633625	1	0.1501
fix_b5000_frag	L1633941	0	0.7695
fix_b5000_frag	L1635014	2	0.2230
fix_b5000_frag	L1639277	2	0.2041
fix_b5000_frag	L1642511	2	0.3945
fix_b5000_frag	L1645096	2	0.2572
fix_b5000_frag	L1645247	0	1.0000
fix_b5000_frag	L16488	1	0.4012
fix_b5000_frag	L1651470	0	0.6899
fix_b5000_frag	L1652140	2	0.6497
fix_b5000_frag	L165257	1	0.5251
fix_b5000_frag	L1653194	0	0.6318
fix_b5000_frag	L1655586	2	0.7457
fix_b5000_frag	L1657518	1	0.1543
fix_b5000_frag	L1658593	0	0.9235
fix_b5000_frag	L1659274	0	0.9893
fix_b5000_frag	L1661444	0	1.0000
fix_b5000_frag	L1663258	0	0.2965
fix_b5000_frag	L1665812	0	0.4631
fix_b5000_frag	L1666633	2	0.1923
fix_b5000_frag	L1667262	1	0.4173
fix_b5000_frag	L167017	2	0.1411
fix_b5000_frag	L1671116	3	0.1471
fix_b5000_frag	L1672077	4	0.3246
fix_b5000_frag	L1675894	7	0.3982
fix_b5000_frag	L1677824	0	1.0000
fix_b5000_frag	L1680882	0	0.4696
fix_b5000_frag	L1685144	0	0.5735
fix_b5000_frag	L1686381	0	0.2984
fix_b5000_frag	L1686410	1	0.3380
fix_b5000_frag	L169010	0	0.2981
fix_b5000_frag	L1690320	0	1.0000
fix_b5000_frag	L1690576	0	0.7663
fix_b5000_frag	L1693860	1	0.1970
fix_b5000_frag	L1695239	0	1.0000
fix_b5000_frag	L169730	0	0.4182
fix_b5000_frag	L170111	0	0.7623
fix_b5000_frag	L1703104	0	0.9999
fix_b5000_frag	L1706562	0	0.5643
fix_b5000_frag	L1708904	0	1.0000
fix_b5000_frag	L171027	0	1.0000
fix_b5000_frag	L1711617	1	0.3708
fix_b5000_frag	L171345	0	1.0000
fix_b5000_frag	L1714677	0	0.7716
fix_b5000_frag	L1715085	0	0.8214
fix_b5000_frag	L1716532	1	0.6975
fix_b5000_frag	L1717811	1	0.3236
fix_b5000_frag	L1720542	0	1.0000
fix_b5000_frag	L1720937	0	1.0000
fix_b5000_frag	L1721244	1	0.5367
fix_b5000_frag	L1722568	0	0.9986
fix_b5000_frag	L1723521	1	0.8549
fix_b5000_frag	L1724666	1	0.4374
fix_b5000_frag	L1725447	0	0.3821
fix_b5000_frag	L1726956	0	0.9996
fix_b5000_frag	L1727387	0	0.9857
fix_b5000_frag	L173144	1	0.3765
fix_b5000_frag	L1733543	2	0.9070
fix_b5000_frag	L1733712	1	0.7109
fix_b5000_frag	L1733915	0	0.3026
fix_b5000_frag	L1734030	0	0.6350
fix_b5000_frag	L1735429	0	0.9986
fix_b5000_frag	L1736078	1	0.1073
fix_b5000_frag	L1738522	0	0.8773
fix_b5000_frag	L1739223	1	0.7062
fix_b5000_frag	L1741226	2	0.3179
fix_b5000_frag	L1742005	0	1.0000
fix_b5000_frag	L1743639	3	0.1477
fix_b5000_frag	L174383	2	0.9926
fix_b5000_frag	L1745142	2	0.3772
fix_b5000_frag	L1748562	1	0.7422
fix_b5000_frag	L1749334	2	0.1717
fix_b5000_frag	L174953	3	0.3148
fix_b5000_frag	L1749552	2	0.1923
fix_b5000_frag	L1754368	4	0.1547
fix_b5000_frag	L1758970	0	1.0000
fix_b5000_frag	L1759278	1	0.4384
fix_b5000_frag	L1759881	0	0.2012
fix_b5000_frag	L1760746	0	1.0000
fix_b5000_frag	L1761774	1	0.1141
fix_b5000_frag	L1761913	0	0.3325
fix_b5000_frag	L1762837	1	0.4514
fix_b5000_frag	L1763043	0	0.9669
fix_b5000_frag	L1764232	0	1.0000
fix_b5000_frag	L1765163	1	0.1634
fix_b5000_frag	L1765569	3	0.1452
fix_b5000_frag	L1766820	2	0.2030
fix_b5000_frag	L1768466	2	0.1025
fix_b5000_frag	L1769728	0	0.9958
fix_b5000_frag	L177776	2	0.3047
fix_b5000_frag	L1780877	0	0.3393
fix_b5000_frag	L1782868	0	0.9951
fix_b5000_frag	L1783443	0	1.0000
fix_b5000_frag	L1784347	0	1.0000
fix_b5000_frag	L1785528	0	1.0000
fix_b5000_frag	L1786791	2	0.7253
fix_b5000_frag	L1787838	0	0.2471
fix_b5000_frag	L1787873	0	0.9066
fix_b5000_frag	L1789789	0	0.4719
fix_b5000_frag	L1790513	2	0.2946
fix_b5000_frag	L1790854	4	0.1436
fix_b5000_frag	L179249	0	0.3172
fix_b5000_frag	L1793448	1	0.5352
fix_b5000_frag	L1794406	0	1.0000
fix_b5000_frag	L1796183	3	0.3925
fix_b5000_frag	L1802936	2	0.1402
fix_b5000_frag	L1804008	0	0.9830
fix_b5000_frag	L1805223	3	0.4403
fix_b5000_frag	L1806973	0	0.7512
fix_b5000_frag	L1810207	0	0.9979
fix_b5000_frag	L1812078	0	0.5989
fix_b5000_frag	L1813157	0	0.7533
fix_b5000_frag	L1816925	0	0.4108
fix_b5000_frag	L1817931	3	0.3063
fix_b5000_frag	L1818717	1	0.2490
fix_b5000_frag	L1819006	0	1.0000
fix_b5000_frag	L1822010	0	0.9499
fix_b5000_frag	L1823041	0	0.7214
fix_b5000_frag	L1826491	0	0.6962
fix_b5000_frag	L1827160	0	0.9815
fix_b5000_frag	L1827836	0	0.9770
fix_b5000_frag	L1834800	2	0.1244
fix_b5000_frag	L1834811	2	0.5152
fix_b5000_frag	L1835259	2	0.0610
fix_b5000_frag	L1835687	0	0.2949
fix_b5000_frag	L1837036	0	0.9937
fix_b5000_frag	L1843294	1	0.2747
fix_b5000_frag	L1852360	1	0.5457
fix_b5000_frag	L1854120	0	1.0000
fix_b5000_frag	L1856679	3	0.2378
fix_b5000_frag	L1856763	1	0.2908
fix_b5000_frag	L1857712	0	0.4201
fix_b5000_frag	L1858577	1	0.4518
fix_b5000_frag	L1864191	0	0.9757
fix_b5000_frag	L1866819	3	0.2891
fix_b5000_frag	L1868422	0	1.0000
fix_b5000_frag	L1872054	3	0.1597
fix_b5000_frag	L1872284	8	0.3274
fix_b5000_frag	L1873007	1	0.4635
fix_b5000_frag	L1873641	0	0.5167
fix_b5000_frag	L1875333	1	0.3553
fix_b5000_frag	L1876397	2	0.1492
fix_b5000_frag	L1879003	0	1.0000
fix_b5000_frag	L1880289	2	0.2935
fix_b5000_frag	L1881352	3	0.2991
fix_b5000_frag	L1881900	0	0.5790
fix_b5000_frag	L1882540	0	1.0000
fix_b5000_frag	L1885164	0	0.6671
fix_b5000_frag	L1888143	1	0.3353
fix_b5000_frag	L1893594	0	0.5123
fix_b5000_frag	L1895815	2	0.6329
fix_b5000_frag	L1896675	0	0.4302
fix_b5000_frag	L1897583	0	0.9976
fix_b5000_frag	L1897748	0	0.6829
fix_b5000_frag	L1899785	1	0.5233
fix_b5000_frag	L1900515	0	0.4584
fix_b5000_frag	L1901676	0	0.4990
fix_b5000_frag	L1902373	0	1.0000
fix_b5000_frag	L1903126	0	0.6517
fix_b5000_frag	L1904928	1	0.2455
fix_b5000_frag	L1905953	0	1.0000
fix_b5000_frag	L1907307	0	0.3749
fix_b5000_frag	L1907313	1	0.2966
fix_b5000_frag	L1911407	0	0.2070
fix_b5000_frag	L1914275	0	1.0000
fix_b5000_frag	L1916398	0	1.0000
fix_b5000_frag	L1918876	0	0.9969
fix_b5000_frag	L1919111	0	1.0000
fix_b5000_frag	L1920451	1	0.3266
fix_b5000_frag	L1921342	0	0.3128
fix_b5000_frag	L1923332	0	1.0000
fix_b5000_frag	L1923919	0	0.4193
fix_b5000_frag	L1925099	0	0.2923
fix_b5000_frag	L192528	0	0.9996
fix_b5000_frag	L1926033	0	0.2376
fix_b5000_frag	L192899	0	1.0000
fix_b5000_frag	L1934557	0	0.4684
fix_b5000_frag	L1936090	2	0.4381
fix_b5000_frag	L1936397	0	0.5103
fix_b5000_frag	L1937045	1	0.3626
fix_b5000_frag	L1937296	0	0.8171
fix_b5000_frag	L1937522	0	1.0000
fix_b5000_frag	L1937540	0	1.0000
fix_b5000_frag	L1942590	0	1.0000
fix_b5000_frag	L194456	1	0.8573
fix_b5000_frag	L1945243	0	0.2735
fix_b5000_frag	L1946741	0	0.3893
fix_b5000_frag	L1948509	5	0.3408
fix_b5000_frag	L1949658	21	0.4009
fix_b5000_frag	L1950755	0	1.0000
fix_b5000_frag	L195251	0	0.8229
fix_b5000_frag	L1959004	1	0.3982
fix_b5000_frag	L1961654	1	0.3010
fix_b5000_frag	L1964041	0	0.4385
fix_b5000_frag	L1964145	0	0.7136
fix_b5000_frag	L1964255	1	0.3788
fix_b5000_frag	L1964638	3	0.1883
fix_b5000_frag	L1965455	0	0.9993
fix_b5000_frag	L1970682	0	1.0000
fix_b5000_frag	L1971139	1	0.4253
fix_b5000_frag	L1971415	1	0.9016
fix_b5000_frag	L1972060	0	1.0000
fix_b5000_frag	L197805	0	0.8822
fix_b5000_frag	L1978343	3	0.8000
fix_b5000_frag	L1979241	3	0.6620
fix_b5000_frag	L1982060	3	0.7565
fix_b5000_frag	L1985712	1	0.4106
fix_b5000_frag	L1987156	0	0.4069
fix_b5000_frag	L1992001	0	0.4697
fix_b5000_frag	L1992697	0	0.9907
fix_b5000_frag	L1996996	4	0.8358
fix_b5000_frag	L1999805	0	1.0000
fix_b5000_frag	L20552	0	1.0000
fix_b5000_frag	L205951	1	0.2690
fix_b5000_frag	L206468	1	0.3491
fix_b5000_frag	L206760	0	0.2481
fix_b5000_frag	L207601	1	0.2421
fix_b5000_frag	L209337	4	0.1703
fix_b5000_frag	L21006	0	1.0000
fix_b5000_frag	L212437	1	0.4628
fix_b5000_frag	L21703	0	0.9284
fix_b5000_frag	L21860	0	1.0000
fix_b5000_frag	L21970	0	1.0000
fix_b5000_frag	L221302	1	0.4389
fix_b5000_frag	L222990	1	0.3740
fix_b5000_frag	L223698	0	0.3849
fix_b5000_frag	L224462	1	0.3721
fix_b5000_frag	L226384	0	1.0000
fix_b5000_frag	L230051	1	0.3340
fix_b5000_frag	L233807	0	0.5495
fix_b5000_frag	L234489	0	0.9927
fix_b5000_frag	L23637	0	0.9765
fix_b5000_frag	L242623	0	1.0000
fix_b5000_frag	L246106	0	0.9998
fix_b5000_frag	L247389	0	0.7713
fix_b5000_frag	L247703	0	1.0000
fix_b5000_frag	L251339	6	0.4189
fix_b5000_frag	L252095	1	0.2479
fix_b5000_frag	L253981	1	0.2300
fix_b5000_frag	L254016	1	0.3047
fix_b5000_frag	L256416	0	0.4792
fix_b5000_frag	L256657	5	0.1700
fix_b5000_frag	L256899	1	0.2977
fix_b5000_frag	L263537	0	0.4408
fix_b5000_frag	L264567	0	1.0000
fix_b5000_frag	L268477	13	0.4333
fix_b5000_frag	L270354	3	0.5779
fix_b5000_frag	L271418	0	0.9001
fix_b5000_frag	L278635	0	1.0000
fix_b5000_frag	L279786	0	1.0000
fix_b5000_frag	L280579	7	0.0750
fix_b5000_frag	L287545	1	0.5061
fix_b5000_frag	L287741	4	0.2258
fix_b5000_frag	L290634	4	0.9157
fix_b5000_frag	L291671	0	0.9984
fix_b5000_frag	L292815	0	1.0000
fix_b5000_frag	L296972	1	0.5818
fix_b5000_frag	L297473	5	0.0860
fix_b5000_frag	L297512	1	0.2207
fix_b5000_frag	L298375	0	0.9945
fix_b5000_frag	L301552	0	1.0000
fix_b5000_frag	L307194	0	1.0000
fix_b5000_frag	L309904	0	1.0000
fix_b5000_frag	L3170	1	0.3419
fix_b5000_frag	L317654	0	0.3805
fix_b5000_frag	L3184	1	0.3388
fix_b5000_frag	L318418	17	0.1367
fix_b5000_frag	L318534	1	0.2209
fix_b5000_frag	L319502	0	0.4217
fix_b5000_frag	L320722	0	1.0000
fix_b5000_frag	L322292	1	0.4434
fix_b5000_frag	L322864	1	0.4076
fix_b5000_frag	L323046	6	0.3523
fix_b5000_frag	L324328	1	0.2352
fix_b5000_frag	L324374	0	0.5591
fix_b5000_frag	L325049	0	0.6072
fix_b5000_frag	L325432	1	0.4281
fix_b5000_frag	L326941	1	0.3468
fix_b5000_frag	L331212	2	0.4201
fix_b5000_frag	L331444	4	0.1059
fix_b5000_frag	L333006	0	0.2822
fix_b5000_frag	L333090	0	0.7393
fix_b5000_frag	L333836	0	0.9892
fix_b5000_frag	L335225	0	0.9992
fix_b5000_frag	L335980	0	0.9993
fix_b5000_frag	L342344	1	0.4600
fix_b5000_frag	L34456	0	0.9904
fix_b5000_frag	L348878	1	0.2609
fix_b5000_frag	L348891	1	0.2311
fix_b5000_frag	L350244	0	0.4888
fix_b5000_frag	L350337	1	0.3617
fix_b5000_frag	L350475	0	0.9999
fix_b5000_frag	L351030	0	0.9904
fix_b5000_frag	L351782	0	0.7424
fix_b5000_frag	L353565	2	0.2570
fix_b5000_frag	L353749	0	0.9423
fix_b5000_frag	L356829	3	0.1905
fix_b5000_frag	L358839	0	0.9879
fix_b5000_frag	L358876	0	0.6010
fix_b5000_frag	L35935	1	0.2538
fix_b5000_frag	L362772	0	1.0000
fix_b5000_frag	L363906	1	0.5682
fix_b5000_frag	L365071	0	0.9995
fix_b5000_frag	L366723	0	0.7251
fix_b5000_frag	L367305	3	0.2169
fix_b5000_frag	L367428	0	0.1315
fix_b5000_frag	L368018	2	0.2911
fix_b5000_frag	L371020	6	0.3346
fix_b5000_frag	L3736	6	0.4345
fix_b5000_frag	L37437	2	0.3924
fix_b5000_frag	L375461	2	0.2469
fix_b5000_frag	L377850	0	0.9165
fix_b5000_frag	L378723	0	0.9972
fix_b5000_frag	L380657	2	0.5457
fix_b5000_frag	L380912	0	0.7629
fix_b5000_frag	L381434	1	0.2031
fix_b5000_frag	L382168	1	0.2143
fix_b5000_frag	L382622	0	1.0000
fix_b5000_frag	L386443	0	1.0000
fix_b5000_frag	L38779	0	0.4273
fix_b5000_frag	L388489	1	0.6531
fix_b5000_frag	L390690	1	0.1601
fix_b5000_frag	L392719	0	0.9355
fix_b5000_frag	L394650	1	0.6234
fix_b5000_frag	L396138	1	0.3066
fix_b5000_frag	L399396	0	0.3571
fix_b5000_frag	L401829	0	1.0000
fix_b5000_frag	L403497	0	0.3146
fix_b5000_frag	L408678	0	0.7035
fix_b5000_frag	L408682	0	0.5173
fix_b5000_frag	L411960	0	0.9974
fix_b5000_frag	L413007	0	1.0000
fix_b5000_frag	L415336	0	1.0000
fix_b5000_frag	L415413	2	0.5506
fix_b5000_frag	L418366	0	0.4129
fix_b5000_frag	L418388	1	0.4115
fix_b5000_frag	L423584	1	0.3421
fix_b5000_frag	L424716	1	0.8304
fix_b5000_frag	L427026	0	0.3800
fix_b5000_frag	L434630	0	0.4135
fix_b5000_frag	L439400	0	1.0000
fix_b5000_frag	L439489	1	0.3576
fix_b5000_frag	L442680	0	0.3950
fix_b5000_frag	L443814	0	0.6979
fix_b5000_frag	L449738	1	0.2427
fix_b5000_frag	L451768	0	1.0000
fix_b5000_frag	L453420	1	0.1593
fix_b5000_frag	L453566	1	0.2932
fix_b5000_frag	L454288	1	0.3935
fix_b5000_frag	L454603	0	0.9941
fix_b5000_frag	L454940	1	0.1982
fix_b5000_frag	L45583	0	0.3173
fix_b5000_frag	L455854	0	0.9890
fix_b5000_frag	L460483	2	0.4266
fix_b5000_frag	L461004	0	1.0000
fix_b5000_frag	L462461	0	0.3727
fix_b5000_frag	L465305	0	0.9587
fix_b5000_frag	L467955	0	0.7872
fix_b5000_frag	L469518	1	0.5139
fix_b5000_frag	L470030	0	0.9989
fix_b5000_frag	L471487	1	0.6724
fix_b5000_frag	L472430	1	0.5558
fix_b5000_frag	L472790	4	0.1529
fix_b5000_frag	L473496	0	1.0000
fix_b5000_frag	L474051	0	0.4291
fix_b5000_frag	L474155	0	0.8815
fix_b5000_frag	L479578	0	0.5715
fix_b5000_frag	L485169	0	1.0000
fix_b5000_frag	L487447	1	0.3667
fix_b5000_frag	L487895	1	0.3240
fix_b5000_frag	L488320	1	0.6617
fix_b5000_frag	L489	1	0.4811
fix_b5000_frag	L489204	0	0.9892
fix_b5000_frag	L490152	1	0.3511
fix_b5000_frag	L494947	2	0.4222
fix_b5000_frag	L50067	1	0.4349
fix_b5000_frag	L501047	0	1.0000
fix_b5000_frag	L502660	0	1.0000
fix_b5000_frag	L504133	6	0.1094
fix_b5000_frag	L507963	0	1.0000
fix_b5000_frag	L509062	0	0.9981
fix_b5000_frag	L510232	0	0.5579
fix_b5000_frag	L511198	0	0.9982
fix_b5000_frag	L511998	1	0.2465
fix_b5000_frag	L512885	0	0.3293
fix_b5000_frag	L515527	0	0.6653
fix_b5000_frag	L516621	1	0.4134
fix_b5000_frag	L520061	0	0.4616
fix_b5000_frag	L521854	0	0.9966
fix_b5000_frag	L522361	1	0.3220
fix_b5000_frag	L523007	0	0.9990
fix_b5000_frag	L52377	1	0.3624
fix_b5000_frag	L523780	1	0.3800
fix_b5000_frag	L526348	0	1.0000
fix_b5000_frag	L526362	0	1.0000
fix_b5000_frag	L529128	0	1.0000
fix_b5000_frag	L529259	0	0.6117
fix_b5000_frag	L531183	0	1.0000
fix_b5000_frag	L535176	0	0.9999
fix_b5000_frag	L535927	0	0.4503
fix_b5000_frag	L53900	2	0.2706
fix_b5000_frag	L54140	0	1.0000
fix_b5000_frag	L545290	1	0.3848
fix_b5000_frag	L551516	0	1.0000
fix_b5000_frag	L552430	1	0.6436
fix_b5000_frag	L554769	1	0.6480
fix_b5000_frag	L556620	0	0.4472
fix_b5000_frag	L557148	0	0.8849
fix_b5000_frag	L560741	5	0.4394
fix_b5000_frag	L562253	0	0.9869
fix_b5000_frag	L563575	0	0.9759
fix_b5000_frag	L564960	0	0.5370
fix_b5000_frag	L566111	1	0.8495
fix_b5000_frag	L571479	0	0.2904
fix_b5000_frag	L572100	1	0.2953
fix_b5000_frag	L578549	0	0.2622
fix_b5000_frag	L580412	0	1.0000
fix_b5000_frag	L583359	0	0.9996
fix_b5000_frag	L58398	0	0.3168
fix_b5000_frag	L585434	1	0.3238
fix_b5000_frag	L586104	3	0.2616
fix_b5000_frag	L595406	1	0.2262
fix_b5000_frag	L599093	0	0.3284
fix_b5000_frag	L610583	1	0.2789
fix_b5000_frag	L613767	2	0.4025
fix_b5000_frag	L615521	0	0.9341
fix_b5000_frag	L616720	0	0.4748
fix_b5000_frag	L617134	1	0.2391
fix_b5000_frag	L618884	2	0.3229
fix_b5000_frag	L6189	0	0.9999
fix_b5000_frag	L622600	0	0.4034
fix_b5000_frag	L62692	0	1.0000
fix_b5000_frag	L628634	0	0.5106
fix_b5000_frag	L629842	5	0.7375
fix_b5000_frag	L631992	1	0.1728
fix_b5000_frag	L63248	1	0.3766
fix_b5000_frag	L634575	1	0.5208
fix_b5000_frag	L6356	0	0.6739
fix_b5000_frag	L637890	0	0.4134
fix_b5000_frag	L63791	0	1.0000
fix_b5000_frag	L639649	0	1.0000
fix_b5000_frag	L642602	2	0.2066
fix_b5000_frag	L646762	0	0.7884
fix_b5000_frag	L650498	0	1.0000
fix_b5000_frag	L651242	0	1.0000
fix_b5000_frag	L651264	0	0.7867
fix_b5000_frag	L652790	1	0.4959
fix_b5000_frag	L654346	1	0.2494
fix_b5000_frag	L655133	0	0.9993
fix_b5000_frag	L657223	0	1.0000
fix_b5000_frag	L659271	2	0.1770
fix_b5000_frag	L659432	0	0.3204
fix_b5000_frag	L660496	0	0.9743
fix_b5000_frag	L661586	1	0.6204
fix_b5000_frag	L663357	0	1.0000
fix_b5000_frag	L663649	0	0.6844
fix_b5000_frag	L6727	1	0.3210
fix_b5000_frag	L674570	0	0.3231
fix_b5000_frag	L674945	1	0.8180
fix_b5000_frag	L675853	0	0.6182
fix_b5000_frag	L676330	0	0.3359
fix_b5000_frag	L676359	2	0.3225
fix_b5000_frag	L67715	2	0.2615
fix_b5000_frag	L677200	2	0.0804
fix_b5000_frag	L677943	0	0.8441
fix_b5000_frag	L680508	0	0.9997
fix_b5000_frag	L681757	0	1.0000
fix_b5000_frag	L682589	0	0.6840
fix_b5000_frag	L685735	0	0.7517
fix_b5000_frag	L688428	0	0.9994
fix_b5000_frag	L690836	0	1.0000
fix_b5000_frag	L69227	0	0.9996
fix_b5000_frag	L694001	0	0.3182
fix_b5000_frag	L697211	6	0.3606
fix_b5000_frag	L698980	0	0.2679
fix_b5000_frag	L699299	0	0.7618
fix_b5000_frag	L70184	1	0.3769
fix_b5000_frag	L703700	0	1.0000
fix_b5000_frag	L704052	0	1.0000
fix_b5000_frag	L704079	0	1.0000
fix_b5000_frag	L705648	0	1.0000
fix_b5000_frag	L705664	0	1.0000
fix_b5000_frag	L706887	1	0.2563
fix_b5000_frag	L70693	0	0.9972
fix_b5000_frag	L70846	0	0.9895
fix_b5000_frag	L710516	0	0.4622
fix_b5000_frag	L710854	0	0.3374
fix_b5000_frag	L710875	0	0.8740
fix_b5000_frag	L713284	0	0.9993
fix_b5000_frag	L714291	2	0.2423
fix_b5000_frag	L718210	0	0.9997
fix_b5000_frag	L71837	0	0.3809
fix_b5000_frag	L719293	0	0.4606
fix_b5000_frag	L719453	1	0.4406
fix_b5000_frag	L721929	1	0.1919
fix_b5000_frag	L72644	0	1.0000
fix_b5000_frag	L727915	1	0.3534
fix_b5000_frag	L733225	0	0.9890
fix_b5000_frag	L738291	5	0.1422
fix_b5000_frag	L738471	3	0.1429
fix_b5000_frag	L741947	1	0.8080
fix_b5000_frag	L742305	0	1.0000
fix_b5000_frag	L744434	0	0.8843
fix_b5000_frag	L747615	0	0.5433
fix_b5000_frag	L749719	7	0.7339
fix_b5000_frag	L749755	2	0.2022
fix_b5000_frag	L750040	5	0.1009
fix_b5000_frag	L751250	1	0.9106
fix_b5000_frag	L752781	2	0.2975
fix_b5000_frag	L753459	0	0.3594
fix_b5000_frag	L756119	1	0.5214
fix_b5000_frag	L756273	1	0.3089
fix_b5000_frag	L756947	2	0.7181
fix_b5000_frag	L757056	1	0.6533
fix_b5000_frag	L759101	0	1.0000
fix_b5000_frag	L760182	1	0.5909
fix_b5000_frag	L761191	3	0.3263
fix_b5000_frag	L762001	4	0.3104
fix_b5000_frag	L762093	0	0.2149
fix_b5000_frag	L762176	2	0.1691
fix_b5000_frag	L763379	0	0.9780
fix_b5000_frag	L768450	0	1.0000
fix_b5000_frag	L769757	0	0.3390
fix_b5000_frag	L771085	0	0.9439
fix_b5000_frag	L77116	2	0.1646
fix_b5000_frag	L772427	1	0.5816
fix_b5000_frag	L776030	1	0.8967
fix_b5000_frag	L777299	1	0.4106
fix_b5000_frag	L777823	0	0.9992
fix_b5000_frag	L777910	3	0.2683
fix_b5000_frag	L781446	3	0.5690
fix_b5000_frag	L784431	0	0.7053
fix_b5000_frag	L786569	0	1.0000
fix_b5000_frag	L787602	0	0.4276
fix_b5000_frag	L789348	1	0.2538
fix_b5000_frag	L789708	0	0.3783
fix_b5000_frag	L790161	0	0.4049
fix_b5000_frag	L791251	0	0.9858
fix_b5000_frag	L79329	0	0.6301
fix_b5000_frag	L793756	3	0.1375
fix_b5000_frag	L795446	0	0.9513
fix_b5000_frag	L799472	1	0.1537
fix_b5000_frag	L799778	1	0.2125
fix_b5000_frag	L800622	0	0.6227
fix_b5000_frag	L802530	1	0.7285
fix_b5000_frag	L803200	1	0.9554
fix_b5000_frag	L804499	0	1.0000
fix_b5000_frag	L807590	0	0.9358
fix_b5000_frag	L808265	0	0.3591
fix_b5000_frag	L808905	1	0.6295
fix_b5000_frag	L811697	0	0.9823
fix_b5000_frag	L811790	0	0.9864
fix_b5000_frag	L811826	0	1.0000
fix_b5000_frag	L812045	0	1.0000
fix_b5000_frag	L816143	0	1.0000
fix_b5000_frag	L816490	0	0.3389
fix_b5000_frag	L817904	0	0.5825
fix_b5000_frag	L818701	3	0.2875
fix_b5000_frag	L819185	1	0.3568
fix_b5000_frag	L819987	0	0.2961
fix_b5000_frag	L821601	0	0.8609
fix_b5000_frag	L824597	0	0.7987
fix_b5000_frag	L825004	0	0.9516
fix_b5000_frag	L827047	2	0.4440
fix_b5000_frag	L827519	1	0.2793
fix_b5000_frag	L827898	1	0.4484
fix_b5000_frag	L83179	0	0.6683
fix_b5000_frag	L832817	0	1.0000
fix_b5000_frag	L832855	1	0.5286
fix_b5000_frag	L838317	1	0.2535
fix_b5000_frag	L845507	3	0.1323
fix_b5000_frag	L846147	0	1.0000
fix_b5000_frag	L847407	0	1.0000
fix_b5000_frag	L847827	0	1.0000
fix_b5000_frag	L849392	0	0.4737
fix_b5000_frag	L852778	1	0.4136
fix_b5000_frag	L855478	0	1.0000
fix_b5000_frag	L857135	0	0.4253
fix_b5000_frag	L858314	1	0.2306
fix_b5000_frag	L859198	0	0.4204
fix_b5000_frag	L861067	2	0.3648
fix_b5000_frag	L861612	0	0.6688
fix_b5000_frag	L865768	7	0.1236
fix_b5000_frag	L868031	1	0.5768
fix_b5000_frag	L869962	0	0.2461
fix_b5000_frag	L871757	0	1.0000
fix_b5000_frag	L87227	0	0.3994
fix_b5000_frag	L872641	1	0.4524
fix_b5000_frag	L875345	0	0.7941
fix_b5000_frag	L883421	1	0.4216
fix_b5000_frag	L883981	0	0.9501
fix_b5000_frag	L884210	2	0.1714
fix_b5000_frag	L885983	0	0.9998
fix_b5000_frag	L887768	0	0.9463
fix_b5000_frag	L88843	2	0.2025
fix_b5000_frag	L888705	2	0.1952
fix_b5000_frag	L889436	1	0.2057
fix_b5000_frag	L890611	1	0.1875
fix_b5000_frag	L890861	0	0.3653
fix_b5000_frag	L890978	1	0.5794
fix_b5000_frag	L894458	1	0.8565
fix_b5000_frag	L895635	0	0.6128
fix_b5000_frag	L896421	0	0.4756
fix_b5000_frag	L89769	0	0.9851
fix_b5000_frag	L899685	0	1.0000
fix_b5000_frag	L901803	1	0.1812
fix_b5000_frag	L903650	0	0.3363
fix_b5000_frag	L904813	0	0.2199
fix_b5000_frag	L908878	0	0.2042
fix_b5000_frag	L909692	3	0.1985
fix_b5000_frag	L910078	0	0.7975
fix_b5000_frag	L912103	0	0.5987
fix_b5000_frag	L912322	0	0.8889
fix_b5000_frag	L912719	0	0.6430
fix_b5000_frag	L912815	0	0.3963
fix_b5000_frag	L913531	0	0.9657
fix_b5000_frag	L91563	1	0.6803
fix_b5000_frag	L915786	4	0.3647
fix_b5000_frag	L915789	1	0.2658
fix_b5000_frag	L9163	0	1.0000
fix_b5000_frag	L919590	1	0.4222
fix_b5000_frag	L919603	1	0.5258
fix_b5000_frag	L928032	0	0.9658
fix_b5000_frag	L928536	2	0.1679
fix_b5000_frag	L929320	2	0.2508
fix_b5000_frag	L931629	1	0.3948
fix_b5000_frag	L935668	2	0.4020
fix_b5000_frag	L937448	6	0.1992
fix_b5000_frag	L938502	1	0.1338
fix_b5000_frag	L939729	0	0.8796
fix_b5000_frag	L943549	0	0.3993
fix_b5000_frag	L946755	0	0.5453
fix_b5000_frag	L946983	0	1.0000
fix_b5000_frag	L947120	0	0.2150
fix_b5000_frag	L94829	1	0.6147
fix_b5000_frag	L948707	2	0.2901
fix_b5000_frag	L954478	0	0.9434
fix_b5000_frag	L956192	0	1.0000
fix_b5000_frag	L956318	0	0.8192
fix_b5000_frag	L95996	4	0.2462
fix_b5000_frag	L963059	0	1.0000
fix_b5000_frag	L964150	0	1.0000
fix_b5000_frag	L966865	0	0.2671
fix_b5000_frag	L968281	0	0.9946
fix_b5000_frag	L968389	0	1.0000
fix_b5000_frag	L968426	1	0.2596
fix_b5000_frag	L97211	0	0.8950
fix_b5000_frag	L973556	0	0.2490
fix_b5000_frag	L974644	2	0.2407
fix_b5000_frag	L97491	0	0.8297
fix_b5000_frag	L976334	0	0.7619
fix_b5000_frag	L977262	0	0.7723
fix_b5000_frag	L983031	0	0.9989
fix_b5000_frag	L985883	1	0.5409
fix_b5000_frag	L986248	1	0.2653
fix_b5000_frag	L986264	1	0.2259
fix_b5000_frag	L986750	1	0.2701
fix_b5000_frag	L988510	0	0.9498
fix_b5000_frag	L98918	1	0.2921
fix_b5000_frag	L99225	0	0.9997
fix_b5000_frag	L99629	0	1.0000
fix_b5000_frag	L998137	0	0.6532
fix_b5000_frag	L998626	2	0.1560
fix_b5000_full	L1001560	0	1.0000
fix_b5000_full	L1004110	0	1.0000
fix_b5000_full	L1006060	0	1.0000
fix_b5000_full	L1009598	0	1.0000
fix_b5000_full	L1010572	0	1.0000
fix_b5000_full	L1011172	0	1.0000
fix_b5000_full	L1014202	0	1.0000
fix_b5000_full	L1015517	0	1.0000
fix_b5000_full	L1021619	0	1.0000
fix_b5000_full	L1024876	0	1.0000
fix_b5000_full	L1025069	0	0.9997
fix_b5000_full	L1025529	0	1.0000
fix_b5000_full	L1026996	1	0.5016
fix_b5000_full	L1028872	0	1.0000
fix_b5000_full	L1029320	0	1.0000
fix_b5000_full	L1029938	1	1.0000
fix_b5000_full	L1031322	1	0.4792
fix_b5000_full	L1034006	0	1.0000
fix_b5000_full	L1034223	0	1.0000
fix_b5000_full	L1036697	0	1.0000
fix_b5000_full	L1040082	0	1.0000
fix_b5000_full	L1040135	0	1.0000
fix_b5000_full	L1041321	0	1.0000
fix_b5000_full	L1041572	0	1.0000
fix_b5000_full	L1045274	0	1.0000
fix_b5000_full	L1046691	0	1.0000
fix_b5000_full	L1048629	0	0.9999
fix_b5000_full	L1048900	0	1.0000
fix_b5000_full	L1051539	1	0.9014
fix_b5000_full	L1053671	0	1.0000
fix_b5000_full	L1056104	1	0.8426
fix_b5000_full	L1057643	0	1.0000
fix_b5000_full	L1058777	0	1.0000
fix_b5000_full	L105923	0	0.5000
fix_b5000_full	L1060697	1	1.0000
fix_b5000_full	L1062231	0	1.0000
fix_b5000_full	L1063655	0	1.0000
fix_b5000_full	L1066055	0	1.0000
fix_b5000_full	L1066869	0	1.0000
fix_b5000_full	L1068256	1	1.0000
fix_b5000_full	L1069244	0	1.0000
fix_b5000_full	L1070240	0	1.0000
fix_b5000_full	L1073738	0	1.0000
fix_b5000_full	L1079529	0	1.0000
fix_b5000_full	L1079925	1	1.0000
fix_b5000_full	L1080779	0	1.0000
fix_b5000_full	L1081899	0	1.0000
fix_b5000_full	L1082889	0	1.0000
fix_b5000_full	L1082966	0	1.0000
fix_b5000_full	L1084007	0	1.0000
fix_b5000_full	L1085883	0	1.0000
fix_b5000_full	L1086391	0	1.0000
fix_b5000_full	L1086461	0	1.0000
fix_b5000_full	L108652	0	1.0000
fix_b5000_full	L1086569	0	1.0000
fix_b5000_full	L108690	1	1.0000
fix_b5000_full	L108958	0	1.0000
fix_b5000_full	L1092340	0	1.0000
fix_b5000_full	L1094288	0	1.0000
fix_b5000_full	L1096833	0	1.0000
fix_b5000_full	L1097479	1	0.8290
fix_b5000_full	L1097562	0	1.0000
fix_b5000_full	L1099426	1	1.0000
fix_b5000_full	L1100273	0	1.0000
fix_b5000_full	L1106070	0	1.0000
fix_b5000_full	L1107453	0	1.0000
fix_b5000_full	L111069	0	1.0000
fix_b5000_full	L1112051	0	1.0000
fix_b5000_full	L1113584	0	1.0000
fix_b5000_full	L1113767	0	1.0000
fix_b5000_full	L1114404	0	1.0000
fix_b5000_full	L111487	0	0.9997
fix_b5000_full	L1115783	0	0.9934
fix_b5000_full	L1123161	0	1.0000
fix_b5000_full	L112511	0	1.0000
fix_b5000_full	L1125144	0	0.5609
fix_b5000_full	L1129896	0	1.0000
fix_b5000_full	L112990	0	1.0000
fix_b5000_full	L1130797	0	1.0000
fix_b5000_full	L1132085	0	1.0000
fix_b5000_full	L1134223	0	1.0000
fix_b5000_full	L1138009	0	1.0000
fix_b5000_full	L1139559	0	1.0000
fix_b5000_full	L1139874	0	1.0000
fix_b5000_full	L114083	0	1.0000
fix_b5000_full	L1143269	0	1.0000
fix_b5000_full	L114415	1	1.0000
fix_b5000_full	L1148897	0	1.0000
fix_b5000_full	L115053	1	0.7239
fix_b5000_full	L1157871	0	1.0000
fix_b5000_full	L1159954	0	1.0000
fix_b5000_full	L1163982	0	1.0000
fix_b5000_full	L1166709	0	1.0000
fix_b5000_full	L1168147	0	1.0000
fix_b5000_full	L1168246	0	1.0000
fix_b5000_full	L1174309	0	1.0000
fix_b5000_full	L1176017	0	1.0000
fix_b5000_full	L1180799	0	1.0000
fix_b5000_full	L1182677	0	1.0000
fix_b5000_full	L1182856	0	1.0000
fix_b5000_full	L1185198	0	1.0000
fix_b5000_full	L1185601	1	1.0000
fix_b5000_full	L118714	1	0.9112
fix_b5000_full	L1189376	0	1.0000
fix_b5000_full	L1193103	0	1.0000
fix_b5000_full	L1193586	0	1.0000
fix_b5000_full	L1195987	0	1.0000
fix_b5000_full	L1197653	0	1.0000
fix_b5000_full	L1198863	0	1.0000
fix_b5000_full	L1200101	0	1.0000
fix_b5000_full	L1201939	0	1.0000
fix_b5000_full	L1202998	0	1.0000
fix_b5000_full	L1203763	1	1.0000
fix_b5000_full	L12043	0	0.9996
fix_b5000_full	L1204855	0	1.0000
fix_b5000_full	L1205350	0	0.9990
fix_b5000_full	L1208662	0	1.0000
fix_b5000_full	L1211682	1	1.0000
fix_b5000_full	L1211692	1	0.7473
fix_b5000_full	L1212928	0	1.0000
fix_b5000_full	L1213032	0	1.0000
fix_b5000_full	L1213065	0	1.0000
fix_b5000_full	L1214580	0	1.0000
fix_b5000_full	L1214865	0	0.9871
fix_b5000_full	L1220369	0	1.0000
fix_b5000_full	L1221036	0	0.8773
fix_b5000_full	L1221084	0	0.8198
fix_b5000_full	L1224791	0	1.0000
fix_b5000_full	L1224974	0	1.0000
fix_b5000_full	L1225803	1	0.4119
fix_b5000_full	L1228089	0	1.0000
fix_b5000_full	L1230778	1	0.9999
fix_b5000_full	L1231586	1	1.0000
fix_b5000_full	L1232442	1	1.0000
fix_b5000_full	L1234498	0	1.0000
fix_b5000_full	L1239009	0	1.0000
fix_b5000_full	L1239425	0	1.0000
fix_b5000_full	L1239893	0	1.0000
fix_b5000_full	L1242428	0	1.0000
fix_b5000_full	L1243420	0	1.0000
fix_b5000_full	L1247198	0	0.8374
fix_b5000_full	L1248117	0	1.0000
fix_b5000_full	L1250931	1	0.5886
fix_b5000_full	L1252227	1	0.4206
fix_b5000_full	L1260978	1	0.9095
fix_b5000_full	L1261356	0	1.0000
fix_b5000_full	L1263014	0	1.0000
fix_b5000_full	L1263342	1	0.9681
fix_b5000_full	L1263703	0	1.0000
fix_b5000_full	L1265160	0	1.0000
fix_b5000_full	L1265653	0	1.0000
fix_b5000_full	L1266143	0	1.0000
fix_b5000_full	L1266484	0	0.5075
fix_b5000_full	L1267289	0	1.0000
fix_b5000_full	L1270832	0	1.0000
fix_b5000_full	L1273881	0	1.0000
fix_b5000_full	L1274778	0	1.0000
fix_b5000_full	L1278871	0	1.0000
fix_b5000_full	L1281379	0	1.0000
fix_b5000_full	L1282064	0	1.0000
fix_b5000_full	L1284437	0	1.0000
fix_b5000_full	L1289046	0	1.0000
fix_b5000_full	L129057	0	1.0000
fix_b5000_full	L129102	0	1.0000
fix_b5000_full	L1291159	0	1.0000
fix_b5000_full	L1293709	1	0.2639
fix_b5000_full	L1293860	1	0.3347
fix_b5000_full	L1294148	1	0.8405
fix_b5000_full	L1296774	0	1.0000
fix_b5000_full	L1297053	0	1.0000
fix_b5000_full	L1300073	0	1.0000
fix_b5000_full	L1301795	0	0.9999
fix_b5000_full	L1306677	1	0.3319
fix_b5000_full	L1306855	0	1.0000
fix_b5000_full	L1307746	0	1.0000
fix_b5000_full	L1312920	0	1.0000
fix_b5000_full	L1314145	0	1.0000
fix_b5000_full	L1314194	0	1.0000
fix_b5000_full	L13173	1	1.0000
fix_b5000_full	L1318370	0	0.9989
fix_b5000_full	L1318861	1	0.9393
fix_b5000_full	L1321166	1	0.7017
fix_b5000_full	L1324671	1	0.9836
fix_b5000_full	L1328117	1	1.0000
fix_b5000_full	L1330303	1	0.7846
fix_b5000_full	L1335655	1	0.9689
fix_b5000_full	L1336052	0	0.8928
fix_b5000_full	L1337916	1	0.4084
fix_b5000_full	L133834	0	1.0000
fix_b5000_full	L1339015	0	1.0000
fix_b5000_full	L1340208	0	1.0000
fix_b5000_full	L1341191	1	1.0000
fix_b5000_full	L1342813	0	1.0000
fix_b5000_full	L134422	0	0.9997
fix_b5000_full	L1348437	0	1.0000
fix_b5000_full	L1349598	0	1.0000
fix_b5000_full	L1351683	0	1.0000
fix_b5000_full	L1352311	0	0.9977
fix_b5000_full	L1354390	1	0.9937
fix_b5000_full	L1360154	0	1.0000
fix_b5000_full	L1362062	0	1.0000
fix_b5000_full	L1362414	1	1.0000
fix_b5000_full	L136602	0	1.0000
fix_b5000_full	L1368890	1	1.0000
fix_b5000_full	L1373240	0	1.0000
fix_b5000_full	L1373356	0	1.0000
fix_b5000_full	L1374751	0	1.0000
fix_b5000_full	L1375799	0	1.0000
fix_b5000_full	L1375926	0	1.0000
fix_b5000_full	L1376446	0	1.0000
fix_b5000_full	L1379897	0	1.0000
fix_b5000_full	L1382552	0	1.0000
fix_b5000_full	L1383419	0	1.0000
fix_b5000_full	L1384623	0	1.0000
fix_b5000_full	L1385181	0	1.0000
fix_b5000_full	L1385242	0	1.0000
fix_b5000_full	L1385670	0	1.0000
fix_b5000_full	L1385883	0	1.0000
fix_b5000_full	L1393526	1	0.5040
fix_b5000_full	L1395495	0	1.0000
fix_b5000_full	L1398892	0	1.0000
fix_b5000_full	L1399065	0	1.0000
fix_b5000_full	L1401252	1	0.9963
fix_b5000_full	L1401873	0	1.0000
fix_b5000_full	L1405185	0	0.9972
fix_b5000_full	L1410964	0	1.0000
fix_b5000_full	L1411691	0	1.0000
fix_b5000_full	L1412410	0	0.9999
fix_b5000_full	L141300	0	1.0000
fix_b5000_full	L141423	0	1.0000
fix_b5000_full	L1421031	0	1.0000
fix_b5000_full	L1421448	0	0.9992
fix_b5000_full	L1433358	0	1.0000
fix_b5000_full	L1436058	1	0.9694
fix_b5000_full	L143945	1	1.0000
fix_b5000_full	L1441448	0	1.0000
fix_b5000_full	L1442207	1	0.5161
fix_b5000_full	L1442390	0	0.7763
fix_b5000_full	L1442834	1	0.5704
fix_b5000_full	L144496	0	1.0000
fix_b5000_full	L144866	0	1.0000
fix_b5000_full	L1451999	0	1.0000
fix_b5000_full	L1452352	0	1.0000
fix_b5000_full	L1458540	0	1.0000
fix_b5000_full	L1462375	0	1.0000
fix_b5000_full	L1463410	0	0.7153
fix_b5000_full	L1465729	1	0.7857
fix_b5000_full	L1465871	0	0.9981
fix_b5000_full	L1467997	0	1.0000
fix_b5000_full	L1469558	0	1.0000
fix_b5000_full	L1472821	1	0.6730
fix_b5000_full	L1475044	0	0.9984
fix_b5000_full	L1475841	1	1.0000
fix_b5000_full	L1476523	0	1.0000
fix_b5000_full	L1477044	0	0.6654
fix_b5000_full	L148171	0	1.0000
fix_b5000_full	L1482489	1	0.9069
fix_b5000_full	L1483548	0	1.0000
fix_b5000_full	L1488072	0	1.0000
fix_b5000_full	L1489229	0	1.0000
fix_b5000_full	L1491050	0	1.0000
fix_b5000_full	L149111	0	1.0000
fix_b5000_full	L1492134	0	1.0000
fix_b5000_full	L1492883	0	1.0000
fix_b5000_full	L149629	0	1.0000
fix_b5000_full	L1498435	0	1.0000
fix_b5000_full	L149859	0	1.0000
fix_b5000_full	L1499391	1	1.0000
fix_b5000_full	L1500089	0	1.0000
fix_b5000_full	L1500505	0	1.0000
fix_b5000_full	L1501858	0	1.0000
fix_b5000_full	L1502230	0	1.0000
fix_b5000_full	L1505057	0	1.0000
fix_b5000_full	L150508	1	1.0000
fix_b5000_full	L1507305	0	1.0000
fix_b5000_full	L1507321	0	1.0000
fix_b5000_full	L1510177	0	1.0000
fix_b5000_full	L1511573	0	1.0000
fix_b5000_full	L1512053	0	1.0000
fix_b5000_full	L1513468	0	1.0000
fix_b5000_full	L1513628	1	1.0000
fix_b5000_full	L1513988	0	1.0000
fix_b5000_full	L1514498	0	1.0000
fix_b5000_full	L151509	0	0.9950
fix_b5000_full	L1522704	0	1.0000
fix_b5000_full	L1524763	0	1.0000
fix_b5000_full	L1526719	0	1.0000
fix_b5000_full	L1527010	0	1.0000
fix_b5000_full	L1528883	0	1.0000
fix_b5000_full	L1533154	0	1.0000
fix_b5000_full	L1536652	0	1.0000
fix_b5000_full	L1544099	0	1.0000
fix_b5000_full	L1546866	0	1.0000
fix_b5000_full	L1549292	0	1.0000
fix_b5000_full	L1551160	0	1.0000
fix_b5000_full	L155120	0	1.0000
fix_b5000_full	L1554553	0	1.0000
fix_b5000_full	L1554815	0	1.0000
fix_b5000_full	L1555892	0	1.0000
fix_b5000_full	L155872	0	1.0000
fix_b5000_full	L1558723	0	1.0000
fix_b5000_full	L1559320	0	0.9676
fix_b5000_full	L1566115	0	0.5365
fix_b5000_full	L1573278	0	1.0000
fix_b5000_full	L1577928	0	1.0000
fix_b5000_full	L1582275	0	1.0000
fix_b5000_full	L1589275	0	1.0000
fix_b5000_full	L1590049	0	1.0000
fix_b5000_full	L1590178	0	0.9951
fix_b5000_full	L1590393	1	1.0000
fix_b5000_full	L159175	0	1.0000
fix_b5000_full	L1591963	0	1.0000
fix_b5000_full	L159450	0	0.9997
fix_b5000_full	L1594569	0	1.0000
fix_b5000_full	L1595102	0	1.0000
fix_b5000_full	L1597	0	1.0000
fix_b5000_full	L1603321	0	1.0000
fix_b5000_full	L1604648	0	0.9969
fix_b5000_full	L1604707	0	0.9933
fix_b5000_full	L1605891	0	1.0000
fix_b5000_full	L1607848	1	0.5348
fix_b5000_full	L1610924	0	1.0000
fix_b5000_full	L1610942	0	0.9999
fix_b5000_full	L1612810	0	1.0000
fix_b5000_full	L161413	0	1.0000
fix_b5000_full	L1614866	0	1.0000
fix_b5000_full	L1615197	0	1.0000
fix_b5000_full	L161808	0	0.9870
fix_b5000_full	L1618425	0	1.0000
fix_b5000_full	L1618796	0	1.0000
fix_b5000_full	L1620831	0	0.9219
fix_b5000_full	L162176	1	1.0000
fix_b5000_full	L1622583	0	0.6211
fix_b5000_full	L1624303	1	1.0000
fix_b5000_full	L1629891	0	1.0000
fix_b5000_full	L1630179	0	1.0000
fix_b5000_full	L1630403	0	1.0000
fix_b5000_full	L1633625	0	1.0000
fix_b5000_full	L1633941	1	1.0000
fix_b5000_full	L1635014	0	1.0000
fix_b5000_full	L1639277	0	0.9983
fix_b5000_full	L1642511	1	0.3934
fix_b5000_full	L1645096	1	1.0000
fix_b5000_full	L1645247	0	1.0000
fix_b5000_full	L16488	0	1.0000
fix_b5000_full	L1651470	0	0.7996
fix_b5000_full	L1652140	0	1.0000
fix_b5000_full	L165257	1	0.7485
fix_b5000_full	L1653194	0	0.7589
fix_b5000_full	L1655586	1	1.0000
fix_b5000_full	L1657518	0	1.0000
fix_b5000_full	L1658593	0	1.0000
fix_b5000_full	L1659274	0	1.0000
fix_b5000_full	L1661444	0	1.0000
fix_b5000_full	L1663258	0	1.0000
fix_b5000_full	L1665812	0	1.0000
fix_b5000_full	L1666633	1	1.0000
fix_b5000_full	L1667262	0	0.9999
fix_b5000_full	L167017	0	0.9764
fix_b5000_full	L1671116	0	0.9873
fix_b5000_full	L1672077	0	0.9991
fix_b5000_full	L1675894	0	1.0000
fix_b5000_full	L1677824	0	1.0000
fix_b5000_full	L1680882	0	1.0000
fix_b5000_full	L1685144	0	1.0000
fix_b5000_full	L1686381	0	1.0000
fix_b5000_full	L1686410	0	1.0000
fix_b5000_full	L169010	0	1.0000
fix_b5000_full	L1690320	0	1.0000
fix_b5000_full	L1690576	0	1.0000
fix_b5000_full	L1693860	0	1.0000
fix_b5000_full	L1695239	0	1.0000
fix_b5000_full	L169730	0	1.0000
fix_b5000_full	L170111	0	1.0000
fix_b5000_full	L1703104	0	1.0000
fix_b5000_full	L1706562	0	0.4301
fix_b5000_full	L1708904	0	1.0000
fix_b5000_full	L171027	0	1.0000
fix_b5000_full	L1711617	0	1.0000
fix_b5000_full	L171345	0	1.0000
fix_b5000_full	L1714677	0	1.0000
fix_b5000_full	L1715085	0	1.0000
fix_b5000_full	L1716532	0	0.7848
fix_b5000_full	L1717811	0	1.0000
fix_b5000_full	L1720542	0	1.0000
fix_b5000_full	L1720937	0	1.0000
fix_b5000_full	L1721244	0	0.5665
fix_b5000_full	L1722568	0	1.0000
fix_b5000_full	L1723521	1	1.0000
fix_b5000_full	L1724666	0	1.0000
fix_b5000_full	L1725447	0	1.0000
fix_b5000_full	L1726956	0	1.0000
fix_b5000_full	L1727387	0	1.0000
fix_b5000_full	L173144	1	1.0000
fix_b5000_full	L1733543	1	1.0000
fix_b5000_full	L1733712	0	0.6284
fix_b5000_full	L1733915	1	0.9579
fix_b5000_full	L1734030	1	0.6912
fix_b5000_full	L1735429	0	1.0000
fix_b5000_full	L1736078	1	0.6963
fix_b5000_full	L1738522	0	1.0000
fix_b5000_full	L1739223	0	1.0000
fix_b5000_full	L1741226	1	0.7330
fix_b5000_full	L1742005	0	1.0000
fix_b5000_full	L1743639	0	0.6617
fix_b5000_full	L174383	0	1.0000
fix_b5000_full	L1745142	1	0.7865
fix_b5000_full	L1748562	1	0.7402
fix_b5000_full	L1749334	1	0.5595
fix_b5000_full	L174953	0	1.0000
fix_b5000_full	L1749552	1	0.9561
fix_b5000_full	L1754368	1	1.0000
fix_b5000_full	L1758970	0	1.0000
fix_b5000_full	L1759278	1	0.4052
fix_b5000_full	L1759881	1	1.0000
fix_b5000_full	L1760746	0	1.0000
fix_b5000_full	L1761774	0	0.4352
fix_b5000_full	L1761913	1	0.3725
fix_b5000_full	L1762837	0	0.9849
fix_b5000_full	L1763043	0	1.0000
fix_b5000_full	L1764232	0	1.0000
fix_b5000_full	L1765163	0	0.9966
fix_b5000_full	L1765569	1	0.9032
fix_b5000_full	L1766820	0	1.0000
fix_b5000_full	L1768466	0	0.9989
fix_b5000_full	L1769728	0	1.0000
fix_b5000_full	L177776	1	0.7508
fix_b5000_full	L1780877	1	1.0000
fix_b5000_full	L1782868	0	1.0000
fix_b5000_full	L1783443	0	1.0000
fix_b5000_full	L1784347	0	1.0000
fix_b5000_full	L1785528	0	1.0000
fix_b5000_full	L1786791	0	0.6767
fix_b5000_full	L1787838	1	1.0000
fix_b5000_full	L1787873	0	1.0000
fix_b5000_full	L1789789	0	0.9811
fix_b5000_full	L1790513	1	0.3437
fix_b5000_full	L1790854	1	1.0000
fix_b5000_full	L179249	0	1.0000
fix_b5000_full	L1793448	0	1.0000
fix_b5000_full	L1794406	0	1.0000
fix_b5000_full	L1796183	0	1.0000
fix_b5000_full	L1802936	1	0.6059
fix_b5000_full	L1804008	0	1.0000
fix_b5000_full	L1805223	0	0.9945
fix_b5000_full	L1806973	0	1.0000
fix_b5000_full	L1810207	0	1.0000
fix_b5000_full	L1812078	0	1.0000
fix_b5000_full	L1813157	0	1.0000
fix_b5000_full	L1816925	1	1.0000
fix_b5000_full	L1817931	0	1.0000
fix_b5000_full	L1818717	1	1.0000
fix_b5000_full	L1819006	0	1.0000
fix_b5000_full	L1822010	2	0.3826
fix_b5000_full	L1823041	0	1.0000
fix_b5000_full	L1826491	0	1.0000
fix_b5000_full	L1827160	0	1.0000
fix_b5000_full	L1827836	0	1.0000
fix_b5000_full	L1834800	1	0.5614
fix_b5000_full	L1834811	1	0.5544
fix_b5000_full	L1835259	1	0.5981
fix_b5000_full	L1835687	1	0.5647
fix_b5000_full	L1837036	0	1.0000
fix_b5000_full	L1843294	0	0.4366
fix_b5000_full	L1852360	1	0.9784
fix_b5000_full	L1854120	0	1.0000
fix_b5000_full	L1856679	1	0.6553
fix_b5000_full	L1856763	1	0.8387
fix_b5000_full	L1857712	0	0.9993
fix_b5000_full	L1858577	1	0.6049
fix_b5000_full	L1864191	0	1.0000
fix_b5000_full	L1866819	0	1.0000
fix_b5000_full	L1868422	0	1.0000
fix_b5000_full	L1872054	1	0.5084
fix_b5000_full	L1872284	0	1.0000
fix_b5000_full	L1873007	0	0.9996
fix_b5000_full	L1873641	0	1.0000
fix_b5000_full	L1875333	0	1.0000
fix_b5000_full	L1876397	0	0.6477
fix_b5000_full	L1879003	0	1.0000
fix_b5000_full	L1880289	0	1.0000
fix_b5000_full	L1881352	0	1.0000
fix_b5000_full	L1881900	0	1.0000
fix_b5000_full	L1882540	0	1.0000
fix_b5000_full	L1885164	0	1.0000
fix_b5000_full	L1888143	0	1.0000
fix_b5000_full	L1893594	0	1.0000
fix_b5000_full	L1895815	1	1.0000
fix_b5000_full	L1896675	0	1.0000
fix_b5000_full	L1897583	0	0.9505
fix_b5000_full	L1897748	0	0.9995
fix_b5000_full	L1899785	0	1.0000
fix_b5000_full	L1900515	0	1.0000
fix_b5000_full	L1901676	0	1.0000
fix_b5000_full	L1902373	0	1.0000
fix_b5000_full	L1903126	0	1.0000
fix_b5000_full	L1904928	1	0.6348
fix_b5000_full	L1905953	0	1.0000
fix_b5000_full	L1907307	1	0.9309
fix_b5000_full	L1907313	0	0.6147
fix_b5000_full	L1911407	1	1.0000
fix_b5000_full	L1914275	0	1.0000
fix_b5000_full	L1916398	0	1.0000
fix_b5000_full	L1918876	0	1.0000
fix_b5000_full	L1919111	0	1.0000
fix_b5000_full	L1920451	0	0.8729
fix_b5000_full	L1921342	0	1.0000
fix_b5000_full	L1923332	0	1.0000
fix_b5000_full	L1923919	0	1.0000
fix_b5000_full	L1925099	1	1.0000
fix_b5000_full	L192528	0	1.0000
fix_b5000_full	L1926033	0	0.9996
fix_b5000_full	L192899	0	1.0000
fix_b5000_full	L1934557	0	1.0000
fix_b5000_full	L1936090	0	1.0000
fix_b5000_full	L1936397	0	1.0000
fix_b5000_full	L1937045	0	0.9810
fix_b5000_full	L1937296	0	0.5780
fix_b5000_full	L1937522	0	1.0000
fix_b5000_full	L1937540	0	1.0000
fix_b5000_full	L1942590	0	1.0000
fix_b5000_full	L194456	1	1.0000
fix_b5000_full	L1945243	0	1.0000
fix_b5000_full	L1946741	0	1.0000
fix_b5000_full	L1948509	0	1.0000
fix_b5000_full	L1949658	0	1.0000
fix_b5000_full	L1950755	0	1.0000
fix_b5000_full	L195251	0	1.0000
fix_b5000_full	L1959004	0	1.0000
fix_b5000_full	L1961654	0	1.0000
fix_b5000_full	L1964041	0	1.0000
fix_b5000_full	L1964145	0	1.0000
fix_b5000_full	L1964255	0	1.0000
fix_b5000_full	L1964638	0	1.0000
fix_b5000_full	L1965455	0	1.0000
fix_b5000_full	L1970682	0	1.0000
fix_b5000_full	L1971139	0	1.0000
fix_b5000_full	L1971415	0	1.0000
fix_b5000_full	L1972060	0	1.0000
fix_b5000_full	L197805	0	1.0000
fix_b5000_full	L1978343	0	1.0000
fix_b5000_full	L1979241	0	1.0000
fix_b5000_full	L1982060	0	1.0000
fix_b5000_full	L1985712	4	1.0000
fix_b5000_full	L1987156	0	1.0000
fix_b5000_full	L1992001	1	1.0000
fix_b5000_full	L1992697	0	1.0000
fix_b5000_full	L1996996	0	1.0000
fix_b5000_full	L1999805	0	1.0000
fix_b5000_full	L20552	0	1.0000
fix_b5000_full	L205951	1	0.7246
fix_b5000_full	L206468	0	1.0000
fix_b5000_full	L206760	0	1.0000
fix_b5000_full	L207601	0	1.0000
fix_b5000_full	L209337	0	0.6679
fix_b5000_full	L21006	0	1.0000
fix_b5000_full	L212437	0	1.0000
fix_b5000_full	L21703	0	1.0000
fix_b5000_full	L21860	0	1.0000
fix_b5000_full	L21970	0	1.0000
fix_b5000_full	L221302	0	1.0000
fix_b5000_full	L222990	0	0.9889
fix_b5000_full	L223698	0	0.5950
fix_b5000_full	L224462	1	0.7706
fix_b5000_full	L226384	0	1.0000
fix_b5000_full	L230051	0	1.0000
fix_b5000_full	L233807	0	1.0000
fix_b5000_full	L234489	0	1.0000
fix_b5000_full	L23637	0	1.0000
fix_b5000_full	L242623	0	1.0000
fix_b5000_full	L246106	1	1.0000
fix_b5000_full	L247389	0	0.9932
fix_b5000_full	L247703	0	1.0000
fix_b5000_full	L251339	2	0.9866
fix_b5000_full	L252095	0	0.5473
fix_b5000_full	L253981	1	0.5206
fix_b5000_full	L254016	1	0.7820
fix_b5000_full	L256416	0	1.0000
fix_b5000_full	L256657	0	1.0000
fix_b5000_full	L256899	0	1.0000
fix_b5000_full	L263537	0	1.0000
fix_b5000_full	L264567	0	1.0000
fix_b5000_full	L268477	0	1.0000
fix_b5000_full	L270354	0	0.9997
fix_b5000_full	L271418	0	1.0000
fix_b5000_full	L278635	0	1.0000
fix_b5000_full	L279786	0	1.0000
fix_b5000_full	L280579	0	1.0000
fix_b5000_full	L287545	0	0.9970
fix_b5000_full	L287741	0	0.9937
fix_b5000_full	L290634	0	1.0000
fix_b5000_full	L291671	0	1.0000
fix_b5000_full	L292815	0	1.0000
fix_b5000_full	L296972	0	1.0000
fix_b5000_full	L297473	0	1.0000
fix_b5000_full	L297512	1	0.5801
fix_b5000_full	L298375	0	1.0000
fix_b5000_full	L301552	0	1.0000
fix_b5000_full	L307194	0	1.0000
fix_b5000_full	L309904	0	1.0000
fix_b5000_full	L3170	1	0.6077
fix_b5000_full	L317654	0	1.0000
fix_b5000_full	L3184	1	0.8080
fix_b5000_full	L318418	2	0.6558
fix_b5000_full	L318534	0	0.6630
fix_b5000_full	L319502	0	1.0000
fix_b5000_full	L320722	0	1.0000
fix_b5000_full	L322292	0	1.0000
fix_b5000_full	L322864	0	1.0000
fix_b5000_full	L323046	0	1.0000
fix_b5000_full	L324328	0	1.0000
fix_b5000_full	L324374	0	1.0000
fix_b5000_full	L325049	0	1.0000
fix_b5000_full	L325432	0	1.0000
fix_b5000_full	L326941	1	1.0000
fix_b5000_full	L331212	1	0.8737
fix_b5000_full	L331444	0	1.0000
fix_b5000_full	L333006	0	1.0000
fix_b5000_full	L333090	0	1.0000
fix_b5000_full	L333836	0	1.0000
fix_b5000_full	L335225	0	1.0000
fix_b5000_full	L335980	0	1.0000
fix_b5000_full	L342344	0	0.8294
fix_b5000_full	L34456	0	1.0000
fix_b5000_full	L348878	0	0.7058
fix_b5000_full	L348891	0	0.6997
fix_b5000_full	L350244	0	1.0000
fix_b5000_full	L350337	0	1.0000
fix_b5000_full	L350475	0	1.0000
fix_b5000_full	L351030	0	1.0000
fix_b5000_full	L351782	0	1.0000
fix_b5000_full	L353565	1	0.9891
fix_b5000_full	L353749	0	1.0000
fix_b5000_full	L356829	0	0.8555
fix_b5000_full	L358839	0	1.0000
fix_b5000_full	L358876	0	1.0000
fix_b5000_full	L35935	0	0.9993
fix_b5000_full	L362772	0	1.0000
fix_b5000_full	L363906	0	0.9744
fix_b5000_full	L365071	0	1.0000
fix_b5000_full	L366723	0	1.0000
fix_b5000_full	L367305	0	0.9999
fix_b5000_full	L367428	0	1.0000
fix_b5000_full	L368018	0	1.0000
fix_b5000_full	L371020	1	0.5647
fix_b5000_full	L3736	0	1.0000
fix_b5000_full	L37437	0	1.0000
fix_b5000_full	L375461	1	1.0000
fix_b5000_full	L377850	0	1.0000
fix_b5000_full	L378723	0	1.0000
fix_b5000_full	L380657	0	0.7445
fix_b5000_full	L380912	0	1.0000
fix_b5000_full	L381434	0	1.0000
fix_b5000_full	L382168	0	0.9990
fix_b5000_full	L382622	0	1.0000
fix_b5000_full	L386443	0	1.0000
fix_b5000_full	L38779	0	1.0000
fix_b5000_full	L388489	0	1.0000
fix_b5000_full	L390690	1	0.3233
fix_b5000_full	L392719	0	1.0000
fix_b5000_full	L394650	0	1.0000
fix_b5000_full	L396138	0	1.0000
fix_b5000_full	L399396	0	0.9611
fix_b5000_full	L401829	0	1.0000
fix_b5000_full	L403497	1	1.0000
fix_b5000_full	L408678	0	1.0000
fix_b5000_full	L408682	0	1.0000
fix_b5000_full	L411960	0	1.0000
fix_b5000_full	L413007	0	1.0000
fix_b5000_full	L415336	0	1.0000
fix_b5000_full	L415413	1	1.0000
fix_b5000_full	L418366	1	0.5180
fix_b5000_full	L418388	0	1.0000
fix_b5000_full	L423584	0	1.0000
fix_b5000_full	L424716	0	1.0000
fix_b5000_full	L427026	1	1.0000
fix_b5000_full	L434630	0	1.0000
fix_b5000_full	L439400	0	1.0000
fix_b5000_full	L439489	0	1.0000
fix_b5000_full	L442680	0	1.0000
fix_b5000_full	L443814	0	0.9997
fix_b5000_full	L449738	1	0.4374
fix_b5000_full	L451768	0	1.0000
fix_b5000_full	L453420	1	1.0000
fix_b5000_full	L453566	1	0.9917
fix_b5000_full	L454288	1	1.0000
fix_b5000_full	L454603	0	1.0000
fix_b5000_full	L454940	1	0.6194
fix_b5000_full	L45583	0	1.0000
fix_b5000_full	L455854	0	1.0000
fix_b5000_full	L460483	1	1.0000
fix_b5000_full	L461004	0	1.0000
fix_b5000_full	L462461	1	1.0000
fix_b5000_full	L465305	0	1.0000
fix_b5000_full	L467955	0	1.0000
fix_b5000_full	L469518	0	1.0000
fix_b5000_full	L470030	0	1.0000
fix_b5000_full	L471487	0	1.0000
fix_b5000_full	L472430	1	1.0000
fix_b5000_full	L472790	0	1.0000
fix_b5000_full	L473496	0	1.0000
fix_b5000_full	L474051	0	0.9301
fix_b5000_full	L474155	0	1.0000
fix_b5000_full	L479578	0	0.9970
fix_b5000_full	L485169	0	1.0000
fix_b5000_full	L487447	0	1.0000
fix_b5000_full	L487895	1	1.0000
fix_b5000_full	L488320	0	0.9999
fix_b5000_full	L489	0	1.0000
fix_b5000_full	L489204	0	1.0000
fix_b5000_full	L490152	0	1.0000
fix_b5000_full	L494947	0	0.5866
fix_b5000_full	L50067	0	1.0000
fix_b5000_full	L501047	0	1.0000
fix_b5000_full	L502660	0	1.0000
fix_b5000_full	L504133	0	1.0000
fix_b5000_full	L507963	0	1.0000
fix_b5000_full	L509062	0	1.0000
fix_b5000_full	L510232	0	1.0000
fix_b5000_full	L511198	0	1.0000
fix_b5000_full	L511998	0	0.5582
fix_b5000_full	L512885	0	1.0000
fix_b5000_full	L515527	0	1.0000
fix_b5000_full	L516621	0	0.7043
fix_b5000_full	L520061	1	1.0000
fix_b5000_full	L521854	0	1.0000
fix_b5000_full	L522361	1	0.7451
fix_b5000_full	L523007	0	1.0000
fix_b5000_full	L52377	1	1.0000
fix_b5000_full	L523780	1	0.4611
fix_b5000_full	L526348	0	1.0000
fix_b5000_full	L526362	0	1.0000
fix_b5000_full	L529128	0	1.0000
fix_b5000_full	L529259	1	1.0000
fix_b5000_full	L531183	0	1.0000
fix_b5000_full	L535176	0	1.0000
fix_b5000_full	L535927	1	1.0000
fix_b5000_full	L53900	0	1.0000
fix_b5000_full	L54140	0	1.0000
fix_b5000_full	L545290	0	1.0000
fix_b5000_full	L551516	0	1.0000
fix_b5000_full	L552430	0	1.0000
fix_b5000_full	L554769	0	1.0000
fix_b5000_full	L556620	0	1.0000
fix_b5000_full	L557148	0	1.0000
fix_b5000_full	L560741	1	0.5041
fix_b5000_full	L562253	0	1.0000
fix_b5000_full	L563575	0	1.0000
fix_b5000_full	L564960	1	0.5212
fix_b5000_full	L566111	0	0.6125
fix_b5000_full	L571479	1	0.9736
fix_b5000_full	L572100	0	1.0000
fix_b5000_full	L578549	1	0.4981
fix_b5000_full	L580412	0	1.0000
fix_b5000_full	L583359	0	0.9996
fix_b5000_full	L58398	1	0.9529
fix_b5000_full	L585434	1	0.9392
fix_b5000_full	L586104	0	1.0000
fix_b5000_full	L595406	0	0.8718
fix_b5000_full	L599093	0	1.0000
fix_b5000_full	L610583	0	1.0000
fix_b5000_full	L613767	0	0.9266
fix_b5000_full	L615521	0	1.0000
fix_b5000_full	L616720	0	1.0000
fix_b5000_full	L617134	1	1.0000
fix_b5000_full	L618884	0	1.0000
fix_b5000_full	L6189	0	1.0000
fix_b5000_full	L622600	0	1.0000
fix_b5000_full	L62692	0	1.0000
fix_b5000_full	L628634	0	0.9886
fix_b5000_full	L629842	0	1.0000
fix_b5000_full	L631992	0	0.9370
fix_b5000_full	L63248	1	0.9789
fix_b5000_full	L634575	1	1.0000
fix_b5000_full	L6356	0	1.0000
fix_b5000_full	L637890	0	1.0000
fix_b5000_full	L63791	0	1.0000
fix_b5000_full	L639649	0	1.0000
fix_b5000_full	L642602	1	0.9420
fix_b5000_full	L646762	0	1.0000
fix_b5000_full	L650498	0	1.0000
fix_b5000_full	L651242	0	1.0000
fix_b5000_full	L651264	0	1.0000
fix_b5000_full	L652790	0	1.0000
fix_b5000_full	L654346	1	0.5818
fix_b5000_full	L655133	0	1.0000
fix_b5000_full	L657223	0	1.0000
fix_b5000_full	L659271	1	0.7740
fix_b5000_full	L659432	1	0.5019
fix_b5000_full	L660496	0	0.6746
fix_b5000_full	L661586	0	1.0000
fix_b5000_full	L663357	0	1.0000
fix_b5000_full	L663649	0	0.9983
fix_b5000_full	L6727	2	0.4959
fix_b5000_full	L674570	0	1.0000
fix_b5000_full	L674945	0	1.0000
fix_b5000_full	L675853	0	1.0000
fix_b5000_full	L676330	0	1.0000
fix_b5000_full	L676359	0	1.0000
fix_b5000_full	L67715	0	0.9861
fix_b5000_full	L677200	0	1.0000
fix_b5000_full	L677943	0	1.0000
fix_b5000_full	L680508	0	1.0000
fix_b5000_full	L681757	0	1.0000
fix_b5000_full	L682589	0	1.0000
fix_b5000_full	L685735	0	1.0000
fix_b5000_full	L688428	0	1.0000
fix_b5000_full	L690836	0	1.0000
fix_b5000_full	L69227	0	1.0000
fix_b5000_full	L694001	1	1.0000
fix_b5000_full	L697211	1	1.0000
fix_b5000_full	L698980	0	1.0000
fix_b5000_full	L699299	0	1.0000
fix_b5000_full	L70184	0	1.0000
fix_b5000_full	L703700	0	1.0000
fix_b5000_full	L704052	0	1.0000
fix_b5000_full	L704079	0	1.0000
fix_b5000_full	L705648	0	1.0000
fix_b5000_full	L705664	0	1.0000
fix_b5000_full	L706887	0	1.0000
fix_b5000_full	L70693	0	1.0000
fix_b5000_full	L70846	0	1.0000
fix_b5000_full	L710516	0	1.0000
fix_b5000_full	L710854	0	1.0000
fix_b5000_full	L710875	0	1.0000
fix_b5000_full	L713284	0	1.0000
fix_b5000_full	L714291	0	1.0000
fix_b5000_full	L718210	0	1.0000
fix_b5000_full	L71837	1	0.5781
fix_b5000_full	L719293	0	0.8900
fix_b5000_full	L719453	0	1.0000
fix_b5000_full	L721929	1	1.0000
fix_b5000_full	L72644	0	1.0000
fix_b5000_full	L727915	0	1.0000
fix_b5000_full	L733225	0	1.0000
fix_b5000_full	L738291	0	1.0000
fix_b5000_full	L738471	0	1.0000
fix_b5000_full	L741947	1	1.0000
fix_b5000_full	L742305	0	1.0000
fix_b5000_full	L744434	0	1.0000
fix_b5000_full	L747615	0	1.0000
fix_b5000_full	L749719	0	1.0000
fix_b5000_full	L749755	0	1.0000
fix_b5000_full	L750040	1	1.0000
fix_b5000_full	L751250	0	0.9998
fix_b5000_full	L752781	1	0.8584
fix_b5000_full	L753459	0	0.5607
fix_b5000_full	L756119	0	0.9035
fix_b5000_full	L756273	0	0.8479
fix_b5000_full	L756947	1	0.7512
fix_b5000_full	L757056	1	1.0000
fix_b5000_full	L759101	0	1.0000
fix_b5000_full	L760182	0	1.0000
fix_b5000_full	L761191	0	0.9427
fix_b5000_full	L762001	0	0.9963
fix_b5000_full	L762093	0	1.0000
fix_b5000_full	L762176	0	0.9994
fix_b5000_full	L763379	0	1.0000
fix_b5000_full	L768450	0	1.0000
fix_b5000_full	L769757	0	1.0000
fix_b5000_full	L771085	0	0.9992
fix_b5000_full	L77116	0	0.8146
fix_b5000_full	L772427	0	0.9999
fix_b5000_full	L776030	0	1.0000
fix_b5000_full	L777299	1	1.0000
fix_b5000_full	L777823	0	1.0000
fix_b5000_full	L777910	1	0.6980
fix_b5000_full	L781446	0	0.8247
fix_b5000_full	L784431	1	1.0000
fix_b5000_full	L786569	0	1.0000
fix_b5000_full	L787602	0	1.0000
fix_b5000_full	L789348	1	1.0000
fix_b5000_full	L789708	0	0.9970
fix_b5000_full	L790161	0	1.0000
fix_b5000_full	L791251	0	1.0000
fix_b5000_full	L79329	0	1.0000
fix_b5000_full	L793756	0	1.0000
fix_b5000_full	L795446	0	1.0000
fix_b5000_full	L799472	1	0.6876
fix_b5000_full	L799778	1	0.5339
fix_b5000_full	L800622	0	1.0000
fix_b5000_full	L802530	1	0.9000
fix_b5000_full	L803200	1	1.0000
fix_b5000_full	L804499	0	1.0000
fix_b5000_full	L807590	0	1.0000
fix_b5000_full	L808265	0	1.0000
fix_b5000_full	L808905	1	1.0000
fix_b5000_full	L811697	0	0.7274
fix_b5000_full	L811790	0	1.0000
fix_b5000_full	L811826	0	1.0000
fix_b5000_full	L812045	0	1.0000
fix_b5000_full	L816143	0	1.0000
fix_b5000_full	L816490	0	1.0000
fix_b5000_full	L817904	0	1.0000
fix_b5000_full	L818701	1	0.8199
fix_b5000_full	L819185	1	1.0000
fix_b5000_full	L819987	1	0.9939
fix_b5000_full	L821601	0	1.0000
fix_b5000_full	L824597	0	0.9297
fix_b5000_full	L825004	0	1.0000
fix_b5000_full	L827047	0	0.9121
fix_b5000_full	L827519	1	0.7953
fix_b5000_full	L827898	0	0.9927
fix_b5000_full	L83179	0	1.0000
fix_b5000_full	L832817	0	1.0000
fix_b5000_full	L832855	0	1.0000
fix_b5000_full	L838317	1	0.6872
fix_b5000_full	L845507	0	0.7836
fix_b5000_full	L846147	0	1.0000
fix_b5000_full	L847407	0	1.0000
fix_b5000_full	L847827	0	1.0000
fix_b5000_full	L849392	0	1.0000
fix_b5000_full	L852778	0	1.0000
fix_b5000_full	L855478	0	1.0000
fix_b5000_full	L857135	0	1.0000
fix_b5000_full	L858314	0	0.9666
fix_b5000_full	L859198	0	1.0000
fix_b5000_full	L861067	1	0.8062
fix_b5000_full	L861612	0	1.0000
fix_b5000_full	L865768	1	0.8519
fix_b5000_full	L868031	1	1.0000
fix_b5000_full	L869962	0	1.0000
fix_b5000_full	L871757	0	1.0000
fix_b5000_full	L87227	0	1.0000
fix_b5000_full	L872641	0	1.0000
fix_b5000_full	L875345	0	1.0000
fix_b5000_full	L883421	0	1.0000
fix_b5000_full	L883981	0	1.0000
fix_b5000_full	L884210	1	0.4356
fix_b5000_full	L885983	0	1.0000
fix_b5000_full	L887768	0	1.0000
fix_b5000_full	L88843	1	0.5837
fix_b5000_full	L888705	0	0.6700
fix_b5000_full	L889436	0	1.0000
fix_b5000_full	L890611	1	0.4653
fix_b5000_full	L890861	0	0.9999
fix_b5000_full	L890978	0	1.0000
fix_b5000_full	L894458	0	1.0000
fix_b5000_full	L895635	0	1.0000
fix_b5000_full	L896421	0	1.0000
fix_b5000_full	L89769	0	1.0000
fix_b5000_full	L899685	0	1.0000
fix_b5000_full	L901803	1	0.6266
fix_b5000_full	L903650	1	1.0000
fix_b5000_full	L904813	1	0.6922
fix_b5000_full	L908878	1	1.0000
fix_b5000_full	L909692	2	0.4145
fix_b5000_full	L910078	0	1.0000
fix_b5000_full	L912103	0	1.0000
fix_b5000_full	L912322	0	1.0000
fix_b5000_full	L912719	0	1.0000
fix_b5000_full	L912815	0	1.0000
fix_b5000_full	L913531	0	1.0000
fix_b5000_full	L91563	0	0.5173
fix_b5000_full	L915786	0	0.6580
fix_b5000_full	L915789	0	0.5711
fix_b5000_full	L9163	0	1.0000
fix_b5000_full	L919590	1	0.9860
fix_b5000_full	L919603	1	0.8959
fix_b5000_full	L928032	0	1.0000
fix_b5000_full	L928536	0	0.9994
fix_b5000_full	L929320	0	0.6740
fix_b5000_full	L931629	1	1.0000
fix_b5000_full	L935668	1	0.5694
fix_b5000_full	L937448	1	0.5827
fix_b5000_full	L938502	2	0.4010
fix_b5000_full	L939729	0	1.0000
fix_b5000_full	L943549	1	0.5041
fix_b5000_full	L946755	0	1.0000
fix_b5000_full	L946983	0	1.0000
fix_b5000_full	L947120	0	1.0000
fix_b5000_full	L94829	0	1.0000
fix_b5000_full	L948707	0	0.9995
fix_b5000_full	L954478	0	1.0000
fix_b5000_full	L956192	0	1.0000
fix_b5000_full	L956318	0	1.0000
fix_b5000_full	L95996	0	1.0000
fix_b5000_full	L963059	0	1.0000
fix_b5000_full	L964150	0	1.0000
fix_b5000_full	L966865	0	1.0000
fix_b5000_full	L968281	0	1.0000
fix_b5000_full	L968389	0	1.0000
fix_b5000_full	L968426	0	1.0000
fix_b5000_full	L97211	1	1.0000
fix_b5000_full	L973556	0	0.9977
fix_b5000_full	L974644	1	1.0000
fix_b5000_full	L97491	0	1.0000
fix_b5000_full	L976334	0	1.0000
fix_b5000_full	L977262	0	1.0000
fix_b5000_full	L983031	0	1.0000
fix_b5000_full	L985883	1	0.5313
fix_b5000_full	L986248	0	0.9869
fix_b5000_full	L986264	0	0.9231
fix_b5000_full	L986750	0	1.0000
fix_b5000_full	L988510	0	1.0000
fix_b5000_full	L98918	0	1.0000
fix_b5000_full	L99225	0	1.0000
fix_b5000_full	L99629	0	1.0000
fix_b5000_full	L998137	0	1.0000
fix_b5000_full	L998626	0	1.0000
fix_b9000_frag	L1001560	0	1.0000
fix_b9000_frag	L1004110	0	0.9823
fix_b9000_frag	L1006060	0	1.0000
fix_b9000_frag	L1009598	1	0.1046
fix_b9000_frag	L1010572	2	0.2294
fix_b9000_frag	L1011172	0	1.0000
fix_b9000_frag	L1014202	0	0.7282
fix_b9000_frag	L1015517	2	0.1632
fix_b9000_frag	L1021619	1	0.4759
fix_b9000_frag	L1024876	0	0.9998
fix_b9000_frag	L1025069	0	0.2674
fix_b9000_frag	L1025529	0	0.8402
fix_b9000_frag	L1026996	1	0.2459
fix_b9000_frag	L1028872	0	0.9909
fix_b9000_frag	L1029320	0	0.5309
fix_b9000_frag	L1029938	0	0.4443
fix_b9000_frag	L1031322	2	0.8261
fix_b9000_frag	L1034006	3	0.2090
fix_b9000_frag	L1034223	0	0.9610
fix_b9000_frag	L1036697	0	0.9976
fix_b9000_frag	L1040082	0	0.7442
fix_b9000_frag	L1040135	0	0.4826
fix_b9000_frag	L1041321	0	1.0000
fix_b9000_frag	L1041572	4	0.1827
fix_b9000_frag	L1045274	0	0.8493
fix_b9000_frag	L1046691	1	0.4527
fix_b9000_frag	L1048629	0	0.3814
fix_b9000_frag	L1048900	0	0.9826
fix_b9000_frag	L1051539	3	0.2481
fix_b9000_frag	L1053671	0	0.7587
fix_b9000_frag	L1056104	0	0.9875
fix_b9000_frag	L1057643	0	1.0000
fix_b9000_frag	L1058777	0	1.0000
fix_b9000_frag	L105923	4	0.2619
fix_b9000_frag	L1060697	1	0.9515
fix_b9000_frag	L1062231	0	1.0000
fix_b9000_frag	L1063655	2	0.5216
fix_b9000_frag	L1066055	0	0.9966
fix_b9000_frag	L1066869	0	0.3593
fix_b9000_frag	L1068256	2	0.3228
fix_b9000_frag	L1069244	0	1.0000
fix_b9000_frag	L1070240	0	0.9466
fix_b9000_frag	L1073738	1	0.5152
fix_b9000_frag	L1079529	0	0.9999
fix_b9000_frag	L1079925	1	0.3336
fix_b9000_frag	L1080779	2	0.2921
fix_b9000_frag	L1081899	3	0.3075
fix_b9000_frag	L1082889	0	0.9608
fix_b9000_frag	L1082966	0	1.0000
fix_b9000_frag	L1084007	0	0.7742
fix_b9000_frag	L1085883	0	0.9233
fix_b9000_frag	L1086391	1	0.1414
fix_b9000_frag	L1086461	0	0.7004
fix_b9000_frag	L108652	1	0.3358
fix_b9000_frag	L1086569	0	1.0000
fix_b9000_frag	L108690	0	0.3334
fix_b9000_frag	L108958	8	0.7161
fix_b9000_frag	L1092340	0	0.9009
fix_b9000_frag	L1094288	0	0.9362
fix_b9000_frag	L1096833	0	0.1022
fix_b9000_frag	L1097479	1	0.1884
fix_b9000_frag	L1097562	0	1.0000
fix_b9000_frag	L1099426	2	0.3476
fix_b9000_frag	L1100273	0	0.9595
fix_b9000_frag	L1106070	0	1.0000
fix_b9000_frag	L1107453	1	0.3399
fix_b9000_frag	L111069	0	1.0000
fix_b9000_frag	L1112051	1	0.3757
fix_b9000_frag	L1113584	1	0.8705
fix_b9000_frag	L1113767	0	1.0000
fix_b9000_frag	L1114404	2	0.3320
fix_b9000_frag	L111487	3	0.3302
fix_b9000_frag	L1115783	1	0.2978
fix_b9000_frag	L1123161	0	1.0000
fix_b9000_frag	L112511	0	0.9619
fix_b9000_frag	L1125144	1	0.9792
fix_b9000_frag	L1129896	1	0.4181
fix_b9000_frag	L112990	1	0.8101
fix_b9000_frag	L1130797	0	0.7639
fix_b9000_frag	L1132085	0	0.4197
fix_b9000_frag	L1134223	0	0.6962
fix_b9000_frag	L1138009	1	0.4738
fix_b9000_frag	L1139559	3	0.1277
fix_b9000_frag	L1139874	0	0.9999
fix_b9000_frag	L114083	1	0.4612
fix_b9000_frag	L1143269	0	1.0000
fix_b9000_frag	L114415	0	0.3320
fix_b9000_frag	L1148897	0	0.9837
fix_b9000_frag	L115053	0	0.2396
fix_b9000_frag	L1157871	0	1.0000
fix_b9000_frag	L1159954	0	0.4900
fix_b9000_frag	L1163982	0	0.9984
fix_b9000_frag	L1166709	0	0.7163
fix_b9000_frag	L1168147	0	1.0000
fix_b9000_frag	L1168246	0	0.9964
fix_b9000_frag	L1174309	0	0.2444
fix_b9000_frag	L1176017	0	0.9344
fix_b9000_frag	L1180799	0	0.9991
fix_b9000_frag	L1182677	0	0.4603
fix_b9000_frag	L1182856	0	0.8401
fix_b9000_frag	L1185198	0	0.9786
fix_b9000_frag	L1185601	1	0.3961
fix_b9000_frag	L118714	2	0.4395
fix_b9000_frag	L1189376	0	0.9898
fix_b9000_frag	L1193103	0	0.6495
fix_b9000_frag	L1193586	0	0.3823
fix_b9000_frag	L1195987	0	0.4050
fix_b9000_frag	L1197653	0	0.7303
fix_b9000_frag	L1198863	1	0.3472
fix_b9000_frag	L1200101	1	0.7960
fix_b9000_frag	L1201939	0	1.0000
fix_b9000_frag	L1202998	0	0.7815
fix_b9000_frag	L1203763	0	0.4392
fix_b9000_frag	L12043	0	0.5442
fix_b9000_frag	L1204855	0	1.0000
fix_b9000_frag	L1205350	1	0.6018
fix_b9000_frag	L1208662	0	0.9010
fix_b9000_frag	L1211682	1	0.6225
fix_b9000_frag	L1211692	0	0.5478
fix_b9000_frag	L1212928	0	0.2645
fix_b9000_frag	L1213032	1	0.5126
fix_b9000_frag	L1213065	0	1.0000
fix_b9000_frag	L1214580	0	1.0000
fix_b9000_frag	L1214865	4	0.2951
fix_b9000_frag	L1220369	0	0.5374
fix_b9000_frag	L1221036	1	0.1772
fix_b9000_frag	L1221084	1	0.1859
fix_b9000_frag	L1224791	0	1.0000
fix_b9000_frag	L1224974	1	0.3763
fix_b9000_frag	L1225803	16	0.0677
fix_b9000_frag	L1228089	0	1.0000
fix_b9000_frag	L1230778	0	0.2175
fix_b9000_frag	L1231586	0	0.4130
fix_b9000_frag	L1232442	0	0.4222
fix_b9000_frag	L1234498	0	1.0000
fix_b9000_frag	L1239009	0	1.0000
fix_b9000_frag	L1239425	0	0.9806
fix_b9000_frag	L1239893	2	0.3663
fix_b9000_frag	L1242428	0	0.9996
fix_b9000_frag	L1243420	0	0.2925
fix_b9000_frag	L1247198	0	0.6090
fix_b9000_frag	L1248117	0	0.9957
fix_b9000_frag	L1250931	1	0.3939
fix_b9000_frag	L1252227	0	0.5205
fix_b9000_frag	L1260978	4	0.2446
fix_b9000_frag	L1261356	3	0.2046
fix_b9000_frag	L1263014	0	1.0000
fix_b9000_frag	L1263342	0	0.4790
fix_b9000_frag	L1263703	0	1.0000
fix_b9000_frag	L1265160	0	1.0000
fix_b9000_frag	L1265653	3	0.2903
fix_b9000_frag	L1266143	1	0.6826
fix_b9000_frag	L1266484	1	0.3266
fix_b9000_frag	L1267289	3	0.3993
fix_b9000_frag	L1270832	0	0.3365
fix_b9000_frag	L1273881	1	0.3844
fix_b9000_frag	L1274778	0	1.0000
fix_b9000_frag	L1278871	0	1.0000
fix_b9000_frag	L1281379	0	1.0000
fix_b9000_frag	L1282064	1	0.8123
fix_b9000_frag	L1284437	0	0.3671
fix_b9000_frag	L1289046	0	0.9186
fix_b9000_frag	L129057	0	1.0000
fix_b9000_frag	L129102	2	0.3228
fix_b9000_frag	L1291159	0	0.2206
fix_b9000_frag	L1293709	1	0.4182
fix_b9000_frag	L1293860	1	0.4947
fix_b9000_frag	L1294148	3	0.5997
fix_b9000_frag	L1296774	0	1.0000
fix_b9000_frag	L1297053	0	0.9997
fix_b9000_frag	L1300073	0	0.9816
fix_b9000_frag	L1301795	0	0.9983
fix_b9000_frag	L1306677	0	0.1752
fix_b9000_frag	L1306855	0	1.0000
fix_b9000_frag	L1307746	2	0.2953
fix_b9000_frag	L1312920	0	0.9824
fix_b9000_frag	L1314145	0	1.0000
fix_b9000_frag	L1314194	0	0.4790
fix_b9000_frag	L13173	2	0.3900
fix_b9000_frag	L1318370	0	0.8364
fix_b9000_frag	L1318861	3	0.2245
fix_b9000_frag	L1321166	2	0.2261
fix_b9000_frag	L1324671	0	0.3588
fix_b9000_frag	L1328117	0	0.3886
fix_b9000_frag	L1330303	1	0.3273
fix_b9000_frag	L1335655	1	0.4636
fix_b9000_frag	L1336052	0	0.9772
fix_b9000_frag	L1337916	1	0.1637
fix_b9000_frag	L133834	0	0.8909
fix_b9000_frag	L1339015	0	1.0000
fix_b9000_frag	L1340208	1	0.5775
fix_b9000_frag	L1341191	0	0.5972
fix_b9000_frag	L1342813	1	0.6322
fix_b9000_frag	L134422	3	0.9352
fix_b9000_frag	L1348437	3	0.1953
fix_b9000_frag	L1349598	0	1.0000
fix_b9000_frag	L1351683	0	1.0000
fix_b9000_frag	L1352311	0	0.4213
fix_b9000_frag	L1354390	1	0.6999
fix_b9000_frag	L1360154	0	1.0000
fix_b9000_frag	L1362062	1	0.9998
fix_b9000_frag	L1362414	3	0.1484
fix_b9000_frag	L136602	1	0.9003
fix_b9000_frag	L1368890	2	0.2631
fix_b9000_frag	L1373240	0	1.0000
fix_b9000_frag	L1373356	0	0.5228
fix_b9000_frag	L1374751	0	0.9999
fix_b9000_frag	L1375799	0	0.9647
fix_b9000_frag	L1375926	10	0.2742
fix_b9000_frag	L1376446	2	0.4675
fix_b9000_frag	L1379897	1	0.2755
fix_b9000_frag	L1382552	0	0.2310
fix_b9000_frag	L1383419	0	0.8781
fix_b9000_frag	L1384623	1	0.5615
fix_b9000_frag	L1385181	0	0.9978
fix_b9000_frag	L1385242	0	0.9902
fix_b9000_frag	L1385670	0	0.9985
fix_b9000_frag	L1385883	1	0.7546
fix_b9000_frag	L1393526	1	0.3588
fix_b9000_frag	L1395495	0	0.3705
fix_b9000_frag	L1398892	0	1.0000
fix_b9000_frag	L1399065	0	0.9980
fix_b9000_frag	L1401252	1	0.3843
fix_b9000_frag	L1401873	0	0.3659
fix_b9000_frag	L1405185	0	0.6051
fix_b9000_frag	L1410964	0	1.0000
fix_b9000_frag	L1411691	0	1.0000
fix_b9000_frag	L1412410	0	0.4486
fix_b9000_frag	L141300	1	0.4356
fix_b9000_frag	L141423	0	1.0000
fix_b9000_frag	L1421031	0	0.9642
fix_b9000_frag	L1421448	1	0.2608
fix_b9000_frag	L1433358	0	0.9660
fix_b9000_frag	L1436058	0	0.3931
fix_b9000_frag	L143945	1	0.5182
fix_b9000_frag	L1441448	0	0.9052
fix_b9000_frag	L1442207	3	0.1401
fix_b9000_frag	L1442390	2	0.2638
fix_b9000_frag	L1442834	2	0.8189
fix_b9000_frag	L144496	0	0.9791
fix_b9000_frag	L144866	0	0.3310
fix_b9000_frag	L1451999	0	1.0000
fix_b9000_frag	L1452352	0	0.3681
fix_b9000_frag	L1458540	0	0.8643
fix_b9000_frag	L1462375	0	0.7171
fix_b9000_frag	L1463410	0	0.1757
fix_b9000_frag	L1465729	0	0.2390
fix_b9000_frag	L1465871	2	0.2657
fix_b9000_frag	L1467997	0	0.3824
fix_b9000_frag	L1469558	0	0.9812
fix_b9000_frag	L1472821	3	0.1576
fix_b9000_frag	L1475044	2	0.6836
fix_b9000_frag	L1475841	0	0.3624
fix_b9000_frag	L1476523	0	1.0000
fix_b9000_frag	L1477044	1	0.1082
fix_b9000_frag	L148171	0	0.3148
fix_b9000_frag	L1482489	1	0.3102
fix_b9000_frag	L1483548	0	0.5213
fix_b9000_frag	L1488072	0	0.3748
fix_b9000_frag	L1489229	0	0.3676
fix_b9000_frag	L1491050	0	0.1994
fix_b9000_frag	L149111	1	0.5599
fix_b9000_frag	L1492134	1	0.3686
fix_b9000_frag	L1492883	1	0.3334
fix_b9000_frag	L149629	0	0.7011
fix_b9000_frag	L1498435	0	0.4141
fix_b9000_frag	L149859	1	0.6540
fix_b9000_frag	L1499391	1	0.4151
fix_b9000_frag	L1500089	0	1.0000
fix_b9000_frag	L1500505	0	0.9717
fix_b9000_frag	L1501858	0	1.0000
fix_b9000_frag	L1502230	0	0.9902
fix_b9000_frag	L1505057	0	0.8639
fix_b9000_frag	L150508	1	0.3687
fix_b9000_frag	L1507305	0	0.9655
fix_b9000_frag	L1507321	2	0.1581
fix_b9000_frag	L1510177	0	0.9893
fix_b9000_frag	L1511573	0	0.3379
fix_b9000_frag	L1512053	3	0.4448
fix_b9000_frag	L1513468	0	1.0000
fix_b9000_frag	L1513628	2	0.2109
fix_b9000_frag	L1513988	0	0.9994
fix_b9000_frag	L1514498	2	0.2439
fix_b9000_frag	L151509	1	0.4096
fix_b9000_frag	L1522704	0	1.0000
fix_b9000_frag	L1524763	1	0.4665
fix_b9000_frag	L1526719	0	1.0000
fix_b9000_frag	L1527010	0	0.7339
fix_b9000_frag	L1528883	0	0.8342
fix_b9000_frag	L1533154	1	0.7835
fix_b9000_frag	L1536652	0	0.9202
fix_b9000_frag	L1544099	0	0.8880
fix_b9000_frag	L1546866	0	0.5473
fix_b9000_frag	L1549292	2	0.0799
fix_b9000_frag	L1551160	0	0.3859
fix_b9000_frag	L155120	0	0.9690
fix_b9000_frag	L1554553	1	0.3212
fix_b9000_frag	L1554815	2	0.1425
fix_b9000_frag	L1555892	0	0.9504
fix_b9000_frag	L155872	0	1.0000
fix_b9000_frag	L1558723	0	0.5152
fix_b9000_frag	L1559320	1	0.2290
fix_b9000_frag	L1566115	0	0.3895
fix_b9000_frag	L1573278	0	0.8922
fix_b9000_frag	L1577928	3	0.1509
fix_b9000_frag	L1582275	0	1.0000
fix_b9000_frag	L1589275	0	0.5613
fix_b9000_frag	L1590049	0	1.0000
fix_b9000_frag	L1590178	0	0.4089
fix_b9000_frag	L1590393	1	0.4996
fix_b9000_frag	L159175	0	1.0000
fix_b9000_frag	L1591963	0	0.9937
fix_b9000_frag	L159450	1	0.2798
fix_b9000_frag	L1594569	0	1.0000
fix_b9000_frag	L1595102	2	0.6389
fix_b9000_frag	L1597	0	1.0000
fix_b9000_frag	L1603321	0	0.6061
fix_b9000_frag	L1604648	1	0.2068
fix_b9000_frag	L1604707	1	0.2647
fix_b9000_frag	L1605891	1	0.5160
fix_b9000_frag	L1607848	2	0.2321
fix_b9000_frag	L1610924	0	0.3807
fix_b9000_frag	L1610942	1	0.5078
fix_b9000_frag	L1612810	0	0.9398
fix_b9000_frag	L161413	0	1.0000
fix_b9000_frag	L1614866	0	0.8548
fix_b9000_frag	L1615197	0	0.9990
fix_b9000_frag	L161808	0	0.3577
fix_b9000_frag	L1618425	0	0.3237
fix_b9000_frag	L1618796	0	0.9984
fix_b9000_frag	L1620831	8	0.3334
fix_b9000_frag	L162176	4	0.2163
fix_b9000_frag	L1622583	0	0.1314
fix_b9000_frag	L1624303	2	0.2213
fix_b9000_frag	L1629891	0	1.0000
fix_b9000_frag	L1630179	0	0.9957
fix_b9000_frag	L1630403	0	0.8414
fix_b9000_frag	L1633625	1	0.1473
fix_b9000_frag	L1633941	0	0.8124
fix_b9000_frag	L1635014	2	0.2318
fix_b9000_frag	L1639277	2	0.2066
fix_b9000_frag	L1642511	2	0.4759
fix_b9000_frag	L1645096	2	0.2584
fix_b9000_frag	L1645247	0	1.0000
fix_b9000_frag	L16488	1	0.4259
fix_b9000_frag	L1651470	0	0.6855
fix_b9000_frag	L1652140	2	0.6417
fix_b9000_frag	L165257	1	0.5177
fix_b9000_frag	L1653194	0	0.6460
fix_b9000_frag	L1655586	2	0.7265
fix_b9000_frag	L1657518	1	0.1530
fix_b9000_frag	L1658593	0	0.9181
fix_b9000_frag	L1659274	0	0.9893
fix_b9000_frag	L1661444	0	1.0000
fix_b9000_frag	L1663258	0	0.2940
fix_b9000_frag	L1665812	0	0.4777
fix_b9000_frag	L1666633	2	0.2310
fix_b9000_frag	L1667262	1	0.4182
fix_b9000_frag	L167017	0	0.1559
fix_b9000_frag	L1671116	4	0.1873
fix_b9000_frag	L1672077	4	0.3248
fix_b9000_frag	L1675894	7	0.3989
fix_b9000_frag	L1677824	0	1.0000
fix_b9000_frag	L1680882	0	0.5067
fix_b9000_frag	L1685144	0	0.5475
fix_b9000_frag	L1686381	0	0.3150
fix_b9000_frag	L1686410	1	0.3375
fix_b9000_frag	L169010	0	0.2897
fix_b9000_frag	L1690320	0	1.0000
fix_b9000_frag	L1690576	0	0.7613
fix_b9000_frag	L1693860	1	0.1864
fix_b9000_frag	L1695239	0	1.0000
fix_b9000_frag	L169730	0	0.4984
fix_b9000_frag	L170111	0	0.7539
fix_b9000_frag	L1703104	0	0.9999
fix_b9000_frag	L1706562	0	0.5434
fix_b9000_frag	L1708904	0	1.0000
fix_b9000_frag	L171027	0	1.0000
fix_b9000_frag	L1711617	1	0.3427
fix_b9000_frag	L171345	0	1.0000
fix_b9000_frag	L1714677	0	0.7494
fix_b9000_frag	L1715085	0	0.8243
fix_b9000_frag	L1716532	1	0.6898
fix_b9000_frag	L1717811	1	0.3230
fix_b9000_frag	L1720542	0	1.0000
fix_b9000_frag	L1720937	0	1.0000
fix_b9000_frag	L1721244	1	0.5333
fix_b9000_frag	L1722568	0	0.9988
fix_b9000_frag	L1723521	1	0.8593
fix_b9000_frag	L1724666	1	0.4177
fix_b9000_frag	L1725447	0	0.3873
fix_b9000_frag	L1726956	0	0.9996
fix_b9000_frag	L1727387	0	0.9841
fix_b9000_frag	L173144	1	0.3709
fix_b9000_frag	L1733543	2	0.9120
fix_b9000_frag	L1733712	1	0.7233
fix_b9000_frag	L1733915	0	0.3029
fix_b9000_frag	L1734030	0	0.6383
fix_b9000_frag	L1735429	0	0.9981
fix_b9000_frag	L1736078	1	0.1103
fix_b9000_frag	L1738522	0	0.8793
fix_b9000_frag	L1739223	1	0.7069
fix_b9000_frag	L1741226	2	0.2856
fix_b9000_frag	L1742005	0	1.0000
fix_b9000_frag	L1743639	3	0.1489
fix_b9000_frag	L174383	0	0.8679
fix_b9000_frag	L1745142	2	0.3553
fix_b9000_frag	L1748562	1	0.7381
fix_b9000_frag	L1749334	1	0.1657
fix_b9000_frag	L174953	3	0.3420
fix_b9000_frag	L1749552	2	0.1925
fix_b9000_frag	L1754368	4	0.1683
fix_b9000_frag	L1758970	0	1.0000
fix_b9000_frag	L1759278	1	0.4236
fix_b9000_frag	L1759881	0	0.1979
fix_b9000_frag	L1760746	0	1.0000
fix_b9000_frag	L1761774	1	0.1181
fix_b9000_frag	L1761913	0	0.3325
fix_b9000_frag	L1762837	1	0.4503
fix_b9000_frag	L1763043	0	0.9620
fix_b9000_frag	L1764232	0	1.0000
fix_b9000_frag	L1765163	1	0.1659
fix_b9000_frag	L1765569	3	0.1606
fix_b9000_frag	L1766820	2	0.2117
fix_b9000_frag	L1768466	0	0.1170
fix_b9000_frag	L1769728	0	0.9959
fix_b9000_frag	L177776	2	0.4164
fix_b9000_frag	L1780877	1	0.4343
fix_b9000_frag	L1782868	0	0.9903
fix_b9000_frag	L1783443	0	1.0000
fix_b9000_frag	L1784347	0	1.0000
fix_b9000_frag	L1785528	0	1.0000
fix_b9000_frag	L1786791	2	0.7355
fix_b9000_frag	L1787838	0	0.2456
fix_b9000_frag	L1787873	0	0.8281
fix_b9000_frag	L1789789	1	0.5681
fix_b9000_frag	L1790513	2	0.2968
fix_b9000_frag	L1790854	4	0.1453
fix_b9000_frag	L179249	0	0.2851
fix_b9000_frag	L1793448	1	0.5403
fix_b9000_frag	L1794406	0	1.0000
fix_b9000_frag	L1796183	3	0.3846
fix_b9000_frag	L1802936	2	0.1397
fix_b9000_frag	L1804008	0	0.9831
fix_b9000_frag	L1805223	3	0.4497
fix_b9000_frag	L1806973	0	0.7244
fix_b9000_frag	L1810207	0	0.9968
fix_b9000_frag	L1812078	0	0.5387
fix_b9000_frag	L1813157	0	0.7394
fix_b9000_frag	L1816925	0	0.3529
fix_b9000_frag	L1817931	3	0.3165
fix_b9000_frag	L1818717	1	0.2546
fix_b9000_frag	L1819006	0	1.0000
fix_b9000_frag	L1822010	0	0.9528
fix_b9000_frag	L1823041	0	0.8059
fix_b9000_frag	L1826491	0	0.6986
fix_b9000_frag	L1827160	0	0.9824
fix_b9000_frag	L1827836	0	0.9773
fix_b9000_frag	L1834800	1	0.1198
fix_b9000_frag	L1834811	2	0.5203
fix_b9000_frag	L1835259	2	0.0618
fix_b9000_frag	L1835687	0	0.2878
fix_b9000_frag	L1837036	0	0.9939
fix_b9000_frag	L1843294	1	0.2751
fix_b9000_frag	L1852360	1	0.5112
fix_b9000_frag	L1854120	0	1.0000
fix_b9000_frag	L1856679	3	0.2379
fix_b9000_frag	L1856763	1	0.2915
fix_b9000_frag	L1857712	0	0.4155
fix_b9000_frag	L1858577	1	0.4432
fix_b9000_frag	L1864191	0	0.9745
fix_b9000_frag	L1866819	3	0.2879
fix_b9000_frag	L1868422	0	1.0000
fix_b9000_frag	L1872054	3	0.1573
fix_b9000_frag	L1872284	8	0.3294
fix_b9000_frag	L1873007	1	0.4754
fix_b9000_frag	L1873641	0	0.5160
fix_b9000_frag	L1875333	1	0.3613
fix_b9000_frag	L1876397	2	0.1475
fix_b9000_frag	L1879003	0	1.0000
fix_b9000_frag	L1880289	2	0.2772
fix_b9000_frag	L1881352	3	0.2717
fix_b9000_frag	L1881900	0	0.5789
fix_b9000_frag	L1882540	0	1.0000
fix_b9000_frag	L1885164	0	0.5387
fix_b9000_frag	L1888143	1	0.3499
fix_b9000_frag	L1893594	0	0.7791
fix_b9000_frag	L1895815	2	0.6335
fix_b9000_frag	L1896675	0	0.4296
fix_b9000_frag	L1897583	0	0.9975
fix_b9000_frag	L1897748	0	0.6672
fix_b9000_frag	L1899785	1	0.4288
fix_b9000_frag	L1900515	0	0.6636
fix_b9000_frag	L1901676	0	0.5401
fix_b9000_frag	L1902373	0	1.0000
fix_b9000_frag	L1903126	0	0.8016
fix_b9000_frag	L1904928	1	0.2448
fix_b9000_frag	L1905953	0	1.0000
fix_b9000_frag	L1907307	0	0.3728
fix_b9000_frag	L1907313	1	0.2962
fix_b9000_frag	L1911407	3	0.2194
fix_b9000_frag	L1914275	0	1.0000
fix_b9000_frag	L1916398	0	1.0000
fix_b9000_frag	L1918876	0	0.9971
fix_b9000_frag	L1919111	0	1.0000
fix_b9000_frag	L1920451	1	0.3371
fix_b9000_frag	L1921342	0	0.3167
fix_b9000_frag	L1923332	0	1.0000
fix_b9000_frag	L1923919	0	0.4640
fix_b9000_frag	L1925099	0	0.3298
fix_b9000_frag	L192528	0	0.9998
fix_b9000_frag	L1926033	0	0.2181
fix_b9000_frag	L192899	0	1.0000
fix_b9000_frag	L1934557	0	0.4909
fix_b9000_frag	L1936090	2	0.4181
fix_b9000_frag	L1936397	0	0.5127
fix_b9000_frag	L1937045	1	0.3538
fix_b9000_frag	L1937296	0	0.8023
fix_b9000_frag	L1937522	0	1.0000
fix_b9000_frag	L1937540	0	1.0000
fix_b9000_frag	L1942590	0	1.0000
fix_b9000_frag	L194456	1	0.8583
fix_b9000_frag	L1945243	0	0.2926
fix_b9000_frag	L1946741	0	0.3521
fix_b9000_frag	L1948509	5	0.3397
fix_b9000_frag	L1949658	6	1.0000
fix_b9000_frag	L1950755	0	1.0000
fix_b9000_frag	L195251	0	0.8315
fix_b9000_frag	L1959004	1	0.4746
fix_b9000_frag	L1961654	0	0.2873
fix_b9000_frag	L1964041	0	0.3865
fix_b9000_frag	L1964145	0	0.7335
fix_b9000_frag	L1964255	1	0.3808
fix_b9000_frag	L1964638	3	0.3506
fix_b9000_frag	L1965455	0	0.9993
fix_b9000_frag	L1970682	0	1.0000
fix_b9000_frag	L1971139	1	0.4339
fix_b9000_frag	L1971415	1	0.8780
fix_b9000_frag	L1972060	0	1.0000
fix_b9000_frag	L197805	0	0.9789
fix_b9000_frag	L1978343	3	0.7116
fix_b9000_frag	L1979241	3	0.4107
fix_b9000_frag	L1982060	3	0.6268
fix_b9000_frag	L1985712	1	0.4161
fix_b9000_frag	L1987156	0	0.5046
fix_b9000_frag	L1992001	0	0.4475
fix_b9000_frag	L1992697	0	0.9950
fix_b9000_frag	L1996996	4	0.7864
fix_b9000_frag	L1999805	0	1.0000
fix_b9000_frag	L20552	0	1.0000
fix_b9000_frag	L205951	1	0.2699
fix_b9000_frag	L206468	1	0.3443
fix_b9000_frag	L206760	0	0.2554
fix_b9000_frag	L207601	1	0.2418
fix_b9000_frag	L209337	4	0.1640
fix_b9000_frag	L21006	0	1.0000
fix_b9000_frag	L212437	1	0.4696
fix_b9000_frag	L21703	0	0.9297
fix_b9000_frag	L21860	0	1.0000
fix_b9000_frag	L21970	0	1.0000
fix_b9000_frag	L221302	1	0.4285
fix_b9000_frag	L222990	1	0.4441
fix_b9000_frag	L223698	0	0.3694
fix_b9000_frag	L224462	1	0.3592
fix_b9000_frag	L226384	0	1.0000
fix_b9000_frag	L230051	0	0.3424
fix_b9000_frag	L233807	0	0.5104
fix_b9000_frag	L234489	0	0.9972
fix_b9000_frag	L23637	0	0.9803
fix_b9000_frag	L242623	0	1.0000
fix_b9000_frag	L246106	0	0.9992
fix_b9000_frag	L247389	0	0.7628
fix_b9000_frag	L247703	0	1.0000
fix_b9000_frag	L251339	6	0.4368
fix_b9000_frag	L252095	1	0.2502
fix_b9000_frag	L253981	1	0.2297
fix_b9000_frag	L254016	1	0.3075
fix_b9000_frag	L256416	0	0.4675
fix_b9000_frag	L256657	5	0.1766
fix_b9000_frag	L256899	1	0.2813
fix_b9000_frag	L263537	0	0.8563
fix_b9000_frag	L264567	0	1.0000
fix_b9000_frag	L268477	13	0.3250
fix_b9000_frag	L270354	3	0.5771
fix_b9000_frag	L271418	0	0.9564
fix_b9000_frag	L278635	0	1.0000
fix_b9000_frag	L279786	0	1.0000
fix_b9000_frag	L280579	7	0.0773
fix_b9000_frag	L287545	1	0.5002
fix_b9000_frag	L287741	0	0.2388
fix_b9000_frag	L290634	4	0.8502
fix_b9000_frag	L291671	0	0.9993
fix_b9000_frag	L292815	0	1.0000
fix_b9000_frag	L296972	1	0.5791
fix_b9000_frag	L297473	5	0.0870
fix_b9000_frag	L297512	1	0.2314
fix_b9000_frag	L298375	0	0.9932
fix_b9000_frag	L301552	0	1.0000
fix_b9000_frag	L307194	0	1.0000
fix_b9000_frag	L309904	0	1.0000
fix_b9000_frag	L3170	1	0.3423
fix_b9000_frag	L317654	0	0.3049
fix_b9000_frag	L3184	0	0.3403
fix_b9000_frag	L318418	2	0.1162
fix_b9000_frag	L318534	1	0.2217
fix_b9000_frag	L319502	0	0.4254
fix_b9000_frag	L320722	0	1.0000
fix_b9000_frag	L322292	1	0.4045
fix_b9000_frag	L322864	1	0.4581
fix_b9000_frag	L323046	2	0.1819
fix_b9000_frag	L324328	1	0.2154
fix_b9000_frag	L324374	0	0.5854
fix_b9000_frag	L325049	0	0.6121
fix_b9000_frag	L325432	1	0.4278
fix_b9000_frag	L326941	0	0.3437
fix_b9000_frag	L331212	2	0.4217
fix_b9000_frag	L331444	4	0.1535
fix_b9000_frag	L333006	0	0.2888
fix_b9000_frag	L333090	0	0.7379
fix_b9000_frag	L333836	0	0.9886
fix_b9000_frag	L335225	0	0.9990
fix_b9000_frag	L335980	0	0.9994
fix_b9000_frag	L342344	1	0.4589
fix_b9000_frag	L34456	0	0.9909
fix_b9000_frag	L348878	1	0.2558
fix_b9000_frag	L348891	1	0.2187
fix_b9000_frag	L350244	0	0.4843
fix_b9000_frag	L350337	1	0.3492
fix_b9000_frag	L350475	0	1.0000
fix_b9000_frag	L351030	0	0.9871
fix_b9000_frag	L351782	0	0.7182
fix_b9000_frag	L353565	2	0.2613
fix_b9000_frag	L353749	0	0.9481
fix_b9000_frag	L356829	3	0.2006
fix_b9000_frag	L358839	0	0.9873
fix_b9000_frag	L358876	0	0.6008
fix_b9000_frag	L35935	1	0.2554
fix_b9000_frag	L362772	0	1.0000
fix_b9000_frag	L363906	1	0.5766
fix_b9000_frag	L365071	0	0.9996
fix_b9000_frag	L366723	0	0.7531
fix_b9000_frag	L367305	3	0.2235
fix_b9000_frag	L367428	0	0.1315
fix_b9000_frag	L368018	2	0.2774
fix_b9000_frag	L371020	6	0.3257
fix_b9000_frag	L3736	6	0.3864
fix_b9000_frag	L37437	2	0.3909
fix_b9000_frag	L375461	2	0.2465
fix_b9000_frag	L377850	0	0.9146
fix_b9000_frag	L378723	0	0.9975
fix_b9000_frag	L380657	2	0.5476
fix_b9000_frag	L380912	0	0.7648
fix_b9000_frag	L381434	1	0.2051
fix_b9000_frag	L382168	0	0.2655
fix_b9000_frag	L382622	0	1.0000
fix_b9000_frag	L386443	0	1.0000
fix_b9000_frag	L38779	0	0.4215
fix_b9000_frag	L388489	1	0.8080
fix_b9000_frag	L390690	1	0.1535
fix_b9000_frag	L392719	0	0.8965
fix_b9000_frag	L394650	1	0.6620
fix_b9000_frag	L396138	0	0.4338
fix_b9000_frag	L399396	0	0.3622
fix_b9000_frag	L401829	0	1.0000
fix_b9000_frag	L403497	0	0.2357
fix_b9000_frag	L408678	0	0.6056
fix_b9000_frag	L408682	0	0.4972
fix_b9000_frag	L411960	0	0.9995
fix_b9000_frag	L413007	0	1.0000
fix_b9000_frag	L415336	0	1.0000
fix_b9000_frag	L415413	2	0.5512
fix_b9000_frag	L418366	0	0.4093
fix_b9000_frag	L418388	1	0.4088
fix_b9000_frag	L423584	1	0.3767
fix_b9000_frag	L424716	1	0.9166
fix_b9000_frag	L427026	0	0.3896
fix_b9000_frag	L434630	0	0.5939
fix_b9000_frag	L439400	0	1.0000
fix_b9000_frag	L439489	1	0.3967
fix_b9000_frag	L442680	0	0.3960
fix_b9000_frag	L443814	0	0.6938
fix_b9000_frag	L449738	1	0.2348
fix_b9000_frag	L451768	0	1.0000
fix_b9000_frag	L453420	1	0.1579
fix_b9000_frag	L453566	1	0.2996
fix_b9000_frag	L454288	1	0.3613
fix_b9000_frag	L454603	0	0.9946
fix_b9000_frag	L454940	1	0.1870
fix_b9000_frag	L45583	0	0.3226
fix_b9000_frag	L455854	0	0.9765
fix_b9000_frag	L460483	2	0.4241
fix_b9000_frag	L461004	0	1.0000
fix_b9000_frag	L462461	0	0.3725
fix_b9000_frag	L465305	0	0.9586
fix_b9000_frag	L467955	0	0.7740
fix_b9000_frag	L469518	1	0.5162
fix_b9000_frag	L470030	0	0.9989
fix_b9000_frag	L471487	1	0.6566
fix_b9000_frag	L472430	1	0.4950
fix_b9000_frag	L472790	4	0.1531
fix_b9000_frag	L473496	0	1.0000
fix_b9000_frag	L474051	0	0.4365
fix_b9000_frag	L474155	0	0.9519
fix_b9000_frag	L479578	0	0.6105
fix_b9000_frag	L485169	0	1.0000
fix_b9000_frag	L487447	1	0.3535
fix_b9000_frag	L487895	1	0.3180
fix_b9000_frag	L488320	1	0.6633
fix_b9000_frag	L489	1	0.4858
fix_b9000_frag	L489204	0	0.9909
fix_b9000_frag	L490152	1	0.3478
fix_b9000_frag	L494947	2	0.4355
fix_b9000_frag	L50067	1	0.4336
fix_b9000_frag	L501047	0	1.0000
fix_b9000_frag	L502660	0	1.0000
fix_b9000_frag	L504133	0	0.2881
fix_b9000_frag	L507963	0	1.0000
fix_b9000_frag	L509062	0	0.9983
fix_b9000_frag	L510232	0	0.5555
fix_b9000_frag	L511198	0	0.9985
fix_b9000_frag	L511998	1	0.2475
fix_b9000_frag	L512885	3	0.1845
fix_b9000_frag	L515527	0	0.6531
fix_b9000_frag	L516621	1	0.4142
fix_b9000_frag	L520061	0	0.4602
fix_b9000_frag	L521854	0	0.9991
fix_b9000_frag	L522361	1	0.4953
fix_b9000_frag	L523007	0	0.9970
fix_b9000_frag	L52377	1	0.3609
fix_b9000_frag	L523780	1	0.3969
fix_b9000_frag	L526348	0	1.0000
fix_b9000_frag	L526362	0	1.0000
fix_b9000_frag	L529128	0	1.0000
fix_b9000_frag	L529259	0	0.7351
fix_b9000_frag	L531183	0	1.0000
fix_b9000_frag	L535176	0	0.9999
fix_b9000_frag	L535927	0	0.4503
fix_b9000_frag	L53900	2	0.2459
fix_b9000_frag	L54140	0	1.0000
fix_b9000_frag	L545290	1	0.3852
fix_b9000_frag	L551516	0	1.0000
fix_b9000_frag	L552430	1	0.6553
fix_b9000_frag	L554769	1	0.6447
fix_b9000_frag	L556620	0	0.5068
fix_b9000_frag	L557148	0	0.8504
fix_b9000_frag	L560741	5	0.4501
fix_b9000_frag	L562253	0	0.9907
fix_b9000_frag	L563575	0	0.9855
fix_b9000_frag	L564960	0	0.5425
fix_b9000_frag	L566111	1	0.8378
fix_b9000_frag	L571479	0	0.3540
fix_b9000_frag	L572100	1	0.2891
fix_b9000_frag	L578549	0	0.2741
fix_b9000_frag	L580412	0	1.0000
fix_b9000_frag	L583359	0	0.9997
fix_b9000_frag	L58398	0	0.3045
fix_b9000_frag	L585434	2	0.3038
fix_b9000_frag	L586104	3	0.2377
fix_b9000_frag	L595406	1	0.2297
fix_b9000_frag	L599093	0	0.3421
fix_b9000_frag	L610583	1	0.2674
fix_b9000_frag	L613767	1	0.4040
fix_b9000_frag	L615521	0	0.9341
fix_b9000_frag	L616720	0	0.4662
fix_b9000_frag	L617134	1	0.2258
fix_b9000_frag	L618884	2	0.2433
fix_b9000_frag	L6189	0	1.0000
fix_b9000_frag	L622600	0	0.3685
fix_b9000_frag	L62692	0	1.0000
fix_b9000_frag	L628634	0	0.5178
fix_b9000_frag	L629842	5	0.4239
fix_b9000_frag	L631992	1	0.2031
fix_b9000_frag	L63248	1	0.3760
fix_b9000_frag	L634575	1	0.5220
fix_b9000_frag	L6356	0	0.7237
fix_b9000_frag	L637890	0	0.4273
fix_b9000_frag	L63791	0	1.0000
fix_b9000_frag	L639649	0	1.0000
fix_b9000_frag	L642602	2	0.2070
fix_b9000_frag	L646762	0	0.6989
fix_b9000_frag	L650498	0	1.0000
fix_b9000_frag	L651242	0	1.0000
fix_b9000_frag	L651264	0	0.7039
fix_b9000_frag	L652790	1	0.5193
fix_b9000_frag	L654346	1	0.2955
fix_b9000_frag	L655133	0	0.9993
fix_b9000_frag	L657223	0	1.0000
fix_b9000_frag	L659271	2	0.1792
fix_b9000_frag	L659432	0	0.3229
fix_b9000_frag	L660496	0	0.9441
fix_b9000_frag	L661586	1	0.6431
fix_b9000_frag	L663357	0	1.0000
fix_b9000_frag	L663649	0	0.6837
fix_b9000_frag	L6727	1	0.3226
fix_b9000_frag	L674570	0	0.3237
fix_b9000_frag	L674945	1	0.8242
fix_b9000_frag	L675853	0	0.6317
fix_b9000_frag	L676330	0	0.3465
fix_b9000_frag	L676359	2	0.3256
fix_b9000_frag	L67715	2	0.2637
fix_b9000_frag	L677200	2	0.0802
fix_b9000_frag	L677943	0	0.8657
fix_b9000_frag	L680508	0	0.9999
fix_b9000_frag	L681757	0	1.0000
fix_b9000_frag	L682589	0	0.8400
fix_b9000_frag	L685735	0	0.7239
fix_b9000_frag	L688428	0	1.0000
fix_b9000_frag	L690836	0	1.0000
fix_b9000_frag	L69227	0	0.9997
fix_b9000_frag	L694001	2	0.2974
fix_b9000_frag	L697211	6	0.3423
fix_b9000_frag	L698980	0	0.2623
fix_b9000_frag	L699299	0	0.7531
fix_b9000_frag	L70184	1	0.3580
fix_b9000_frag	L703700	0	1.0000
fix_b9000_frag	L704052	0	1.0000
fix_b9000_frag	L704079	0	1.0000
fix_b9000_frag	L705648	0	1.0000
fix_b9000_frag	L705664	0	1.0000
fix_b9000_frag	L706887	1	0.1911
fix_b9000_frag	L70693	0	0.9971
fix_b9000_frag	L70846	0	0.9450
fix_b9000_frag	L710516	0	0.4490
fix_b9000_frag	L710854	1	0.3815
fix_b9000_frag	L710875	0	0.8578
fix_b9000_frag	L713284	0	0.9983
fix_b9000_frag	L714291	2	0.3420
fix_b9000_frag	L718210	0	0.9997
fix_b9000_frag	L71837	0	0.3816
fix_b9000_frag	L719293	0	0.4589
fix_b9000_frag	L719453	1	0.4414
fix_b9000_frag	L721929	1	0.1947
fix_b9000_frag	L72644	0	1.0000
fix_b9000_frag	L727915	1	0.4201
fix_b9000_frag	L733225	0	0.9885
fix_b9000_frag	L738291	5	0.1357
fix_b9000_frag	L738471	3	0.1797
fix_b9000_frag	L741947	1	0.7952
fix_b9000_frag	L742305	0	1.0000
fix_b9000_frag	L744434	0	0.8542
fix_b9000_frag	L747615	0	0.5268
fix_b9000_frag	L749719	7	0.6057
fix_b9000_frag	L749755	2	0.2019
fix_b9000_frag	L750040	2	0.1060
fix_b9000_frag	L751250	1	0.9252
fix_b9000_frag	L752781	2	0.3058
fix_b9000_frag	L753459	0	0.4479
fix_b9000_frag	L756119	1	0.4877
fix_b9000_frag	L756273	1	0.3008
fix_b9000_frag	L756947	2	0.7349
fix_b9000_frag	L757056	1	0.7136
fix_b9000_frag	L759101	0	1.0000
fix_b9000_frag	L760182	1	0.6896
fix_b9000_frag	L761191	3	0.3492
fix_b9000_frag	L762001	4	0.3140
fix_b9000_frag	L762093	0	0.1743
fix_b9000_frag	L762176	2	0.1708
fix_b9000_frag	L763379	0	0.9780
fix_b9000_frag	L768450	0	1.0000
fix_b9000_frag	L769757	0	0.3400
fix_b9000_frag	L771085	0	0.9460
fix_b9000_frag	L77116	2	0.1616
fix_b9000_frag	L772427	1	0.5589
fix_b9000_frag	L776030	1	0.9504
fix_b9000_frag	L777299	1	0.4105
fix_b9000_frag	L777823	0	0.9993
fix_b9000_frag	L777910	1	0.2685
fix_b9000_frag	L781446	3	0.6529
fix_b9000_frag	L784431	0	0.7037
fix_b9000_frag	L786569	0	1.0000
fix_b9000_frag	L787602	0	0.4510
fix_b9000_frag	L789348	0	0.2541
fix_b9000_frag	L789708	0	0.3118
fix_b9000_frag	L790161	0	0.4091
fix_b9000_frag	L791251	0	0.9968
fix_b9000_frag	L79329	0	0.6312
fix_b9000_frag	L793756	3	0.1339
fix_b9000_frag	L795446	0	0.9489
fix_b9000_frag	L799472	3	0.1625
fix_b9000_frag	L799778	1	0.2274
fix_b9000_frag	L800622	0	0.3490
fix_b9000_frag	L802530	1	0.7271
fix_b9000_frag	L803200	1	0.9575
fix_b9000_frag	L804499	0	1.0000
fix_b9000_frag	L807590	0	0.9459
fix_b9000_frag	L808265	0	0.3591
fix_b9000_frag	L808905	1	0.6421
fix_b9000_frag	L811697	0	0.9791
fix_b9000_frag	L811790	0	0.9865
fix_b9000_frag	L811826	0	1.0000
fix_b9000_frag	L812045	0	1.0000
fix_b9000_frag	L816143	0	1.0000
fix_b9000_frag	L816490	0	0.3279
fix_b9000_frag	L817904	0	0.4533
fix_b9000_frag	L818701	3	0.2820
fix_b9000_frag	L819185	1	0.3611
fix_b9000_frag	L819987	0	0.3351
fix_b9000_frag	L821601	0	0.8690
fix_b9000_frag	L824597	0	0.8170
fix_b9000_frag	L825004	0	0.9509
fix_b9000_frag	L827047	2	0.4124
fix_b9000_frag	L827519	1	0.2390
fix_b9000_frag	L827898	1	0.2500
fix_b9000_frag	L83179	0	0.6709
fix_b9000_frag	L832817	0	1.0000
fix_b9000_frag	L832855	1	0.5748
fix_b9000_frag	L838317	1	0.2530
fix_b9000_frag	L845507	3	0.1310
fix_b9000_frag	L846147	0	1.0000
fix_b9000_frag	L847407	0	1.0000
fix_b9000_frag	L847827	0	1.0000
fix_b9000_frag	L849392	0	0.4555
fix_b9000_frag	L852778	1	0.4348
fix_b9000_frag	L855478	0	1.0000
fix_b9000_frag	L857135	0	0.4078
fix_b9000_frag	L858314	1	0.2293
fix_b9000_frag	L859198	0	0.4308
fix_b9000_frag	L861067	2	0.3556
fix_b9000_frag	L861612	0	0.4694
fix_b9000_frag	L865768	5	0.0703
fix_b9000_frag	L868031	1	0.5793
fix_b9000_frag	L869962	0	0.2487
fix_b9000_frag	L871757	0	1.0000
fix_b9000_frag	L87227	0	0.3936
fix_b9000_frag	L872641	1	0.4450
fix_b9000_frag	L875345	0	0.7735
fix_b9000_frag	L883421	1	0.4199
fix_b9000_frag	L883981	0	0.9474
fix_b9000_frag	L884210	2	0.1699
fix_b9000_frag	L885983	0	1.0000
fix_b9000_frag	L887768	0	0.9495
fix_b9000_frag	L88843	2	0.2071
fix_b9000_frag	L888705	2	0.1698
fix_b9000_frag	L889436	1	0.2094
fix_b9000_frag	L890611	1	0.1927
fix_b9000_frag	L890861	0	0.3591
fix_b9000_frag	L890978	1	0.5568
fix_b9000_frag	L894458	1	0.8635
fix_b9000_frag	L895635	0	0.6137
fix_b9000_frag	L896421	0	0.4641
fix_b9000_frag	L89769	0	0.9147
fix_b9000_frag	L899685	0	1.0000
fix_b9000_frag	L901803	1	0.1781
fix_b9000_frag	L903650	0	0.3364
fix_b9000_frag	L904813	0	0.2195
fix_b9000_frag	L908878	0	0.2029
fix_b9000_frag	L909692	3	0.1972
fix_b9000_frag	L910078	0	0.7952
fix_b9000_frag	L912103	0	0.7589
fix_b9000_frag	L912322	0	0.8313
fix_b9000_frag	L912719	0	0.6502
fix_b9000_frag	L912815	0	0.3965
fix_b9000_frag	L913531	0	0.9776
fix_b9000_frag	L91563	1	0.6910
fix_b9000_frag	L915786	4	0.3003
fix_b9000_frag	L915789	1	0.2696
fix_b9000_frag	L9163	0	1.0000
fix_b9000_frag	L919590	1	0.4075
fix_b9000_frag	L919603	1	0.7152
fix_b9000_frag	L928032	0	0.9765
fix_b9000_frag	L928536	2	0.1625
fix_b9000_frag	L929320	2	0.2482
fix_b9000_frag	L931629	1	0.3935
fix_b9000_frag	L935668	2	0.4002
fix_b9000_frag	L937448	6	0.2108
fix_b9000_frag	L938502	1	0.1340
fix_b9000_frag	L939729	0	0.8797
fix_b9000_frag	L943549	0	0.4214
fix_b9000_frag	L946755	0	0.5284
fix_b9000_frag	L946983	0	1.0000
fix_b9000_frag	L947120	0	0.1900
fix_b9000_frag	L94829	1	0.8313
fix_b9000_frag	L948707	2	0.2872
fix_b9000_frag	L954478	0	0.8685
fix_b9000_frag	L956192	0	1.0000
fix_b9000_frag	L956318	0	0.8184
fix_b9000_frag	L95996	1	0.2372
fix_b9000_frag	L963059	0	1.0000
fix_b9000_frag	L964150	0	1.0000
fix_b9000_frag	L966865	0	0.2632
fix_b9000_frag	L968281	0	0.9937
fix_b9000_frag	L968389	0	1.0000
fix_b9000_frag	L968426	1	0.3081
fix_b9000_frag	L97211	0	0.8949
fix_b9000_frag	L973556	0	0.2597
fix_b9000_frag	L974644	2	0.2384
fix_b9000_frag	L97491	0	0.8271
fix_b9000_frag	L976334	0	0.7492
fix_b9000_frag	L977262	0	0.7777
fix_b9000_frag	L983031	0	0.9987
fix_b9000_frag	L985883	1	0.5507
fix_b9000_frag	L986248	1	0.2454
fix_b9000_frag	L986264	1	0.2259
fix_b9000_frag	L986750	1	0.2566
fix_b9000_frag	L988510	0	0.9466
fix_b9000_frag	L98918	1	0.2288
fix_b9000_frag	L99225	0	0.9999
fix_b9000_frag	L99629	0	1.0000
fix_b9000_frag	L998137	0	0.7766
fix_b9000_frag	L998626	2	0.1637
stock_b2000_frag	L1001560	0	1.0000
stock_b2000_frag	L1004110	0	0.9822
stock_b2000_frag	L1006060	0	1.0000
stock_b2000_frag	L1009598	1	0.1044
stock_b2000_frag	L1010572	2	0.2687
stock_b2000_frag	L1011172	0	1.0000
stock_b2000_frag	L1014202	0	0.6242
stock_b2000_frag	L1015517	2	0.1434
stock_b2000_frag	L1021619	1	0.4199
stock_b2000_frag	L1024876	0	1.0000
stock_b2000_frag	L1025069	0	0.2661
stock_b2000_frag	L1025529	0	0.9137
stock_b2000_frag	L1026996	1	0.2446
stock_b2000_frag	L1028872	0	0.9883
stock_b2000_frag	L1029320	0	0.5315
stock_b2000_frag	L1029938	0	0.4436
stock_b2000_frag	L1031322	2	0.8439
stock_b2000_frag	L1034006	3	0.2866
stock_b2000_frag	L1034223	0	0.9630
stock_b2000_frag	L1036697	0	0.9914
stock_b2000_frag	L1040082	0	0.8659
stock_b2000_frag	L1040135	0	0.6245
stock_b2000_frag	L1041321	0	1.0000
stock_b2000_frag	L1041572	4	0.1683
stock_b2000_frag	L1045274	0	0.9157
stock_b2000_frag	L1046691	1	0.4526
stock_b2000_frag	L1048629	0	0.3439
stock_b2000_frag	L1048900	0	0.9846
stock_b2000_frag	L1051539	3	0.2263
stock_b2000_frag	L1053671	0	0.7185
stock_b2000_frag	L1056104	0	0.9845
stock_b2000_frag	L1057643	0	1.0000
stock_b2000_frag	L1058777	0	1.0000
stock_b2000_frag	L105923	4	0.3940
stock_b2000_frag	L1060697	1	0.8554
stock_b2000_frag	L1062231	0	1.0000
stock_b2000_frag	L1063655	2	0.4162
stock_b2000_frag	L1066055	0	0.9654
stock_b2000_frag	L1066869	0	0.3622
stock_b2000_frag	L1068256	2	0.3268
stock_b2000_frag	L1069244	0	1.0000
stock_b2000_frag	L1070240	0	0.9683
stock_b2000_frag	L1073738	1	0.5072
stock_b2000_frag	L1079529	0	0.9999
stock_b2000_frag	L1079925	0	0.3342
stock_b2000_frag	L1080779	2	0.2980
stock_b2000_frag	L1081899	0	0.4188
stock_b2000_frag	L1082889	0	0.9639
stock_b2000_frag	L1082966	0	1.0000
stock_b2000_frag	L1084007	0	0.7696
stock_b2000_frag	L1085883	0	0.9337
stock_b2000_frag	L1086391	1	0.1434
stock_b2000_frag	L1086461	0	0.8347
stock_b2000_frag	L108652	0	0.2592
stock_b2000_frag	L1086569	0	1.0000
stock_b2000_frag	L108690	0	0.3334
stock_b2000_frag	L108958	8	0.5828
stock_b2000_frag	L1092340	0	0.8960
stock_b2000_frag	L1094288	0	0.9241
stock_b2000_frag	L1096833	0	0.1858
stock_b2000_frag	L1097479	1	0.1882
stock_b2000_frag	L1097562	0	1.0000
stock_b2000_frag	L1099426	2	0.3639
stock_b2000_frag	L1100273	0	0.9663
stock_b2000_frag	L1106070	0	1.0000
stock_b2000_frag	L1107453	1	0.2464
stock_b2000_frag	L111069	0	1.0000
stock_b2000_frag	L1112051	1	0.3599
stock_b2000_frag	L1113584	1	0.8210
stock_b2000_frag	L1113767	0	1.0000
stock_b2000_frag	L1114404	2	0.2385
stock_b2000_frag	L111487	3	0.3581
stock_b2000_frag	L1115783	0	0.3001
stock_b2000_frag	L1123161	0	1.0000
stock_b2000_frag	L112511	0	0.9687
stock_b2000_frag	L1125144	1	0.9682
stock_b2000_frag	L1129896	1	0.3959
stock_b2000_frag	L112990	1	0.7131
stock_b2000_frag	L1130797	0	0.7417
stock_b2000_frag	L1132085	2	0.3132
stock_b2000_frag	L1134223	0	0.7499
stock_b2000_frag	L1138009	1	0.4795
stock_b2000_frag	L1139559	3	0.1280
stock_b2000_frag	L1139874	0	0.9997
stock_b2000_frag	L114083	1	0.3467
stock_b2000_frag	L1143269	0	1.0000
stock_b2000_frag	L114415	0	0.3320
stock_b2000_frag	L1148897	0	0.9853
stock_b2000_frag	L115053	0	0.2497
stock_b2000_frag	L1157871	0	0.9995
stock_b2000_frag	L1159954	0	0.4775
stock_b2000_frag	L1163982	0	0.9966
stock_b2000_frag	L1166709	0	0.8644
stock_b2000_frag	L1168147	0	1.0000
stock_b2000_frag	L1168246	0	0.9967
stock_b2000_frag	L1174309	0	0.6816
stock_b2000_frag	L1176017	0	0.9814
stock_b2000_frag	L1180799	0	0.9932
stock_b2000_frag	L1182677	0	0.5638
stock_b2000_frag	L1182856	0	0.8969
stock_b2000_frag	L1185198	0	0.9838
stock_b2000_frag	L1185601	1	0.9975
stock_b2000_frag	L118714	2	0.2641
stock_b2000_frag	L1189376	0	0.9827
stock_b2000_frag	L1193103	0	0.6448
stock_b2000_frag	L1193586	0	0.3842
stock_b2000_frag	L1195987	0	0.4178
stock_b2000_frag	L1197653	0	0.7595
stock_b2000_frag	L1198863	1	0.3454
stock_b2000_frag	L1200101	1	0.8048
stock_b2000_frag	L1201939	0	1.0000
stock_b2000_frag	L1202998	0	0.7908
stock_b2000_frag	L1203763	0	0.4331
stock_b2000_frag	L12043	0	0.5067
stock_b2000_frag	L1204855	0	1.0000
stock_b2000_frag	L1205350	1	0.5833
stock_b2000_frag	L1208662	0	0.9194
stock_b2000_frag	L1211682	1	0.6231
stock_b2000_frag	L1211692	0	0.5856
stock_b2000_frag	L1212928	0	0.3319
stock_b2000_frag	L1213032	0	0.4311
stock_b2000_frag	L1213065	0	1.0000
stock_b2000_frag	L1214580	0	1.0000
stock_b2000_frag	L1214865	4	0.2989
stock_b2000_frag	L1220369	0	0.6289
stock_b2000_frag	L1221036	4	0.1842
stock_b2000_frag	L1221084	1	0.1749
stock_b2000_frag	L1224791	0	1.0000
stock_b2000_frag	L1224974	2	0.3718
stock_b2000_frag	L1225803	16	0.0663
stock_b2000_frag	L1228089	0	1.0000
stock_b2000_frag	L1230778	0	0.2147
stock_b2000_frag	L1231586	0	0.4110
stock_b2000_frag	L1232442	0	0.6734
stock_b2000_frag	L1234498	0	0.9999
stock_b2000_frag	L1239009	0	1.0000
stock_b2000_frag	L1239425	0	0.9823
stock_b2000_frag	L1239893	2	0.3359
stock_b2000_frag	L1242428	0	0.9993
stock_b2000_frag	L1243420	0	0.2912
stock_b2000_frag	L1247198	0	0.5045
stock_b2000_frag	L1248117	0	0.9966
stock_b2000_frag	L1250931	1	0.3564
stock_b2000_frag	L1252227	0	0.4992
stock_b2000_frag	L1260978	4	0.2473
stock_b2000_frag	L1261356	0	0.2063
stock_b2000_frag	L1263014	0	1.0000
stock_b2000_frag	L1263342	1	0.4573
stock_b2000_frag	L1263703	0	1.0000
stock_b2000_frag	L1265160	0	1.0000
stock_b2000_frag	L1265653	0	0.3029
stock_b2000_frag	L1266143	1	0.6845
stock_b2000_frag	L1266484	1	0.4013
stock_b2000_frag	L1267289	3	0.4165
stock_b2000_frag	L1270832	1	0.3559
stock_b2000_frag	L1273881	0	0.3881
stock_b2000_frag	L1274778	0	1.0000
stock_b2000_frag	L1278871	0	1.0000
stock_b2000_frag	L1281379	0	1.0000
stock_b2000_frag	L1282064	1	0.8096
stock_b2000_frag	L1284437	0	0.4801
stock_b2000_frag	L1289046	0	0.9290
stock_b2000_frag	L129057	0	1.0000
stock_b2000_frag	L129102	2	0.3157
stock_b2000_frag	L1291159	1	0.2054
stock_b2000_frag	L1293709	1	0.1934
stock_b2000_frag	L1293860	1	0.3205
stock_b2000_frag	L1294148	3	0.6024
stock_b2000_frag	L1296774	0	1.0000
stock_b2000_frag	L1297053	0	0.9991
stock_b2000_frag	L1300073	0	0.9909
stock_b2000_frag	L1301795	0	0.9993
stock_b2000_frag	L1306677	1	0.1837
stock_b2000_frag	L1306855	0	0.9994
stock_b2000_frag	L1307746	7	0.1294
stock_b2000_frag	L1312920	0	1.0000
stock_b2000_frag	L1314145	0	1.0000
stock_b2000_frag	L1314194	0	0.4795
stock_b2000_frag	L13173	2	0.3967
stock_b2000_frag	L1318370	0	0.9414
stock_b2000_frag	L1318861	3	0.2963
stock_b2000_frag	L1321166	2	0.2142
stock_b2000_frag	L1324671	0	0.4065
stock_b2000_frag	L1328117	0	0.4175
stock_b2000_frag	L1330303	1	0.2799
stock_b2000_frag	L1335655	1	0.4131
stock_b2000_frag	L1336052	0	0.9317
stock_b2000_frag	L1337916	2	0.1454
stock_b2000_frag	L133834	0	0.8975
stock_b2000_frag	L1339015	0	1.0000
stock_b2000_frag	L1340208	1	0.5642
stock_b2000_frag	L1341191	0	0.6092
stock_b2000_frag	L1342813	1	0.5541
stock_b2000_frag	L134422	28	0.2605
stock_b2000_frag	L1348437	3	0.1729
stock_b2000_frag	L1349598	0	1.0000
stock_b2000_frag	L1351683	0	1.0000
stock_b2000_frag	L1352311	1	0.2383
stock_b2000_frag	L1354390	1	0.5730
stock_b2000_frag	L1360154	0	0.9998
stock_b2000_frag	L1362062	1	0.9998
stock_b2000_frag	L1362414	3	0.1589
stock_b2000_frag	L136602	1	0.9494
stock_b2000_frag	L1368890	2	0.2824
stock_b2000_frag	L1373240	0	1.0000
stock_b2000_frag	L1373356	0	0.5666
stock_b2000_frag	L1374751	0	1.0000
stock_b2000_frag	L1375799	0	0.9653
stock_b2000_frag	L1375926	0	0.2099
stock_b2000_frag	L1376446	2	0.4155
stock_b2000_frag	L1379897	0	0.2170
stock_b2000_frag	L1382552	0	0.2181
stock_b2000_frag	L1383419	0	0.9759
stock_b2000_frag	L1384623	1	0.5787
stock_b2000_frag	L1385181	0	0.9964
stock_b2000_frag	L1385242	0	0.9972
stock_b2000_frag	L1385670	0	0.9981
stock_b2000_frag	L1385883	1	0.6238
stock_b2000_frag	L1393526	1	0.3095
stock_b2000_frag	L1395495	0	0.4243
stock_b2000_frag	L1398892	0	1.0000
stock_b2000_frag	L1399065	0	0.9956
stock_b2000_frag	L1401252	1	0.3745
stock_b2000_frag	L1401873	0	0.3662
stock_b2000_frag	L1405185	0	0.5028
stock_b2000_frag	L1410964	0	1.0000
stock_b2000_frag	L1411691	0	1.0000
stock_b2000_frag	L1412410	0	0.4408
stock_b2000_frag	L141300	1	0.4709
stock_b2000_frag	L141423	0	1.0000
stock_b2000_frag	L1421031	0	0.9621
stock_b2000_frag	L1421448	1	0.2717
stock_b2000_frag	L1433358	0	0.9413
stock_b2000_frag	L1436058	0	0.3919
stock_b2000_frag	L143945	1	0.4587
stock_b2000_frag	L1441448	0	0.9015
stock_b2000_frag	L1442207	1	0.1714
stock_b2000_frag	L1442390	2	0.2570
stock_b2000_frag	L1442834	2	0.7044
stock_b2000_frag	L144496	0	0.9784
stock_b2000_frag	L144866	0	0.3310
stock_b2000_frag	L1451999	0	1.0000
stock_b2000_frag	L1452352	0	0.2506
stock_b2000_frag	L1458540	0	0.9376
stock_b2000_frag	L1462375	0	0.8283
stock_b2000_frag	L1463410	0	0.2400
stock_b2000_frag	L1465729	0	0.2389
stock_b2000_frag	L1465871	2	0.2576
stock_b2000_frag	L1467997	1	0.4182
stock_b2000_frag	L1469558	0	0.9852
stock_b2000_frag	L1472821	4	0.2045
stock_b2000_frag	L1475044	2	0.4676
stock_b2000_frag	L1475841	0	0.4171
stock_b2000_frag	L1476523	0	1.0000
stock_b2000_frag	L1477044	1	0.1220
stock_b2000_frag	L148171	28	0.2256
stock_b2000_frag	L1482489	1	0.2278
stock_b2000_frag	L1483548	0	0.6657
stock_b2000_frag	L1488072	0	0.3406
stock_b2000_frag	L1489229	0	0.3725
stock_b2000_frag	L1491050	0	0.2115
stock_b2000_frag	L149111	1	0.6041
stock_b2000_frag	L1492134	1	0.4173
stock_b2000_frag	L1492883	1	0.3334
stock_b2000_frag	L149629	1	0.3753
stock_b2000_frag	L1498435	0	0.4291
stock_b2000_frag	L149859	1	0.7192
stock_b2000_frag	L1499391	1	0.3919
stock_b2000_frag	L1500089	0	1.0000
stock_b2000_frag	L1500505	0	0.9385
stock_b2000_frag	L1501858	0	1.0000
stock_b2000_frag	L1502230	0	0.9895
stock_b2000_frag	L1505057	0	0.9346
stock_b2000_frag	L150508	0	0.4556
stock_b2000_frag	L1507305	0	0.9095
stock_b2000_frag	L1507321	2	0.1203
stock_b2000_frag	L1510177	0	0.9816
stock_b2000_frag	L1511573	0	0.3391
stock_b2000_frag	L1512053	3	0.4521
stock_b2000_frag	L1513468	0	1.0000
stock_b2000_frag	L1513628	2	0.2240
stock_b2000_frag	L1513988	0	0.9997
stock_b2000_frag	L1514498	2	0.2431
stock_b2000_frag	L151509	1	0.3051
stock_b2000_frag	L1522704	0	1.0000
stock_b2000_frag	L1524763	1	0.4318
stock_b2000_frag	L1526719	0	1.0000
stock_b2000_frag	L1527010	0	0.7269
stock_b2000_frag	L1528883	0	0.8344
stock_b2000_frag	L1533154	1	0.7668
stock_b2000_frag	L1536652	0	0.8014
stock_b2000_frag	L1544099	0	0.9193
stock_b2000_frag	L1546866	0	0.6470
stock_b2000_frag	L1549292	1	0.0811
stock_b2000_frag	L1551160	0	0.3521
stock_b2000_frag	L155120	0	0.9713
stock_b2000_frag	L1554553	1	0.2879
stock_b2000_frag	L1554815	2	0.1477
stock_b2000_frag	L1555892	0	0.9421
stock_b2000_frag	L155872	0	1.0000
stock_b2000_frag	L1558723	0	0.6198
stock_b2000_frag	L1559320	1	0.2252
stock_b2000_frag	L1566115	0	0.3353
stock_b2000_frag	L1573278	0	0.9060
stock_b2000_frag	L1577928	3	0.1446
stock_b2000_frag	L1582275	0	1.0000
stock_b2000_frag	L1589275	0	0.5859
stock_b2000_frag	L1590049	0	1.0000
stock_b2000_frag	L1590178	0	0.3984
stock_b2000_frag	L1590393	1	0.4635
stock_b2000_frag	L159175	0	1.0000
stock_b2000_frag	L1591963	0	0.9713
stock_b2000_frag	L159450	1	0.1969
stock_b2000_frag	L1594569	0	1.0000
stock_b2000_frag	L1595102	2	0.6280
stock_b2000_frag	L1597	0	1.0000
stock_b2000_frag	L1603321	0	0.6196
stock_b2000_frag	L1604648	1	0.1929
stock_b2000_frag	L1604707	1	0.1388
stock_b2000_frag	L1605891	0	0.4628
stock_b2000_frag	L1607848	2	0.2706
stock_b2000_frag	L1610924	1	0.4512
stock_b2000_frag	L1610942	1	0.6929
stock_b2000_frag	L1612810	0	0.9841
stock_b2000_frag	L161413	0	1.0000
stock_b2000_frag	L1614866	0	0.7756
stock_b2000_frag	L1615197	0	0.9982
stock_b2000_frag	L161808	0	0.3440
stock_b2000_frag	L1618425	2	0.2353
stock_b2000_frag	L1618796	0	0.9982
stock_b2000_frag	L1620831	8	0.1782
stock_b2000_frag	L162176	3	0.1991
stock_b2000_frag	L1622583	0	0.1318
stock_b2000_frag	L1624303	2	0.2174
stock_b2000_frag	L1629891	0	1.0000
stock_b2000_frag	L1630179	0	0.9930
stock_b2000_frag	L1630403	0	0.8358
stock_b2000_frag	L1633625	1	0.1490
stock_b2000_frag	L1633941	0	0.6206
stock_b2000_frag	L1635014	2	0.2276
stock_b2000_frag	L1639277	2	0.1895
stock_b2000_frag	L1642511	2	0.4332
stock_b2000_frag	L1645096	2	0.2606
stock_b2000_frag	L1645247	0	1.0000
stock_b2000_frag	L16488	1	0.4229
stock_b2000_frag	L1651470	0	0.6926
stock_b2000_frag	L1652140	2	0.4152
stock_b2000_frag	L165257	1	0.5362
stock_b2000_frag	L1653194	0	0.5939
stock_b2000_frag	L1655586	2	0.7495
stock_b2000_frag	L1657518	1	0.1542
stock_b2000_frag	L1658593	0	0.9170
stock_b2000_frag	L1659274	0	0.9889
stock_b2000_frag	L1661444	0	1.0000
stock_b2000_frag	L1663258	0	0.2927
stock_b2000_frag	L1665812	0	0.4399
stock_b2000_frag	L1666633	2	0.1905
stock_b2000_frag	L1667262	1	0.3932
stock_b2000_frag	L167017	0	0.1549
stock_b2000_frag	L1671116	3	0.1588
stock_b2000_frag	L1672077	4	0.3702
stock_b2000_frag	L1675894	7	0.2943
stock_b2000_frag	L1677824	0	1.0000
stock_b2000_frag	L1680882	2	0.1471
stock_b2000_frag	L1685144	0	0.5530
stock_b2000_frag	L1686381	0	0.3070
stock_b2000_frag	L1686410	1	0.3334
stock_b2000_frag	L169010	0	0.3021
stock_b2000_frag	L1690320	0	1.0000
stock_b2000_frag	L1690576	0	0.7115
stock_b2000_frag	L1693860	1	0.4215
stock_b2000_frag	L1695239	0	1.0000
stock_b2000_frag	L169730	0	0.4207
stock_b2000_frag	L170111	0	0.7659
stock_b2000_frag	L1703104	0	0.9999
stock_b2000_frag	L1706562	0	0.6153
stock_b2000_frag	L1708904	0	1.0000
stock_b2000_frag	L171027	0	1.0000
stock_b2000_frag	L1711617	1	0.4234
stock_b2000_frag	L171345	0	1.0000
stock_b2000_frag	L1714677	0	0.7545
stock_b2000_frag	L1715085	0	0.8222
stock_b2000_frag	L1716532	1	0.6892
stock_b2000_frag	L1717811	1	0.3238
stock_b2000_frag	L1720542	0	1.0000
stock_b2000_frag	L1720937	0	1.0000
stock_b2000_frag	L1721244	1	0.5357
stock_b2000_frag	L1722568	0	0.9985
stock_b2000_frag	L1723521	1	0.9413
stock_b2000_frag	L1724666	1	0.3400
stock_b2000_frag	L1725447	0	0.3775
stock_b2000_frag	L1726956	0	0.9997
stock_b2000_frag	L1727387	0	0.9863
stock_b2000_frag	L173144	1	0.3746
stock_b2000_frag	L1733543	2	0.8983
stock_b2000_frag	L1733712	1	0.7233
stock_b2000_frag	L1733915	0	0.2852
stock_b2000_frag	L1734030	0	0.6089
stock_b2000_frag	L1735429	0	0.9977
stock_b2000_frag	L1736078	1	0.1340
stock_b2000_frag	L1738522	0	0.8825
stock_b2000_frag	L1739223	1	0.7137
stock_b2000_frag	L1741226	2	0.2981
stock_b2000_frag	L1742005	0	1.0000
stock_b2000_frag	L1743639	3	0.1473
stock_b2000_frag	L174383	28	0.5186
stock_b2000_frag	L1745142	2	0.4317
stock_b2000_frag	L1748562	1	0.5033
stock_b2000_frag	L1749334	1	0.1647
stock_b2000_frag	L174953	0	0.3585
stock_b2000_frag	L1749552	2	0.1942
stock_b2000_frag	L1754368	4	0.1529
stock_b2000_frag	L1758970	0	1.0000
stock_b2000_frag	L1759278	1	0.4242
stock_b2000_frag	L1759881	0	0.2701
stock_b2000_frag	L1760746	0	1.0000
stock_b2000_frag	L1761774	1	0.1095
stock_b2000_frag	L1761913	0	0.3325
stock_b2000_frag	L1762837	1	0.4514
stock_b2000_frag	L1763043	0	0.9616
stock_b2000_frag	L1764232	0	1.0000
stock_b2000_frag	L1765163	1	0.1987
stock_b2000_frag	L1765569	3	0.1468
stock_b2000_frag	L1766820	2	0.2080
stock_b2000_frag	L1768466	2	0.1744
stock_b2000_frag	L1769728	0	0.9981
stock_b2000_frag	L177776	2	0.3049
stock_b2000_frag	L1780877	0	0.4081
stock_b2000_frag	L1782868	0	0.9965
stock_b2000_frag	L1783443	0	1.0000
stock_b2000_frag	L1784347	0	1.0000
stock_b2000_frag	L1785528	0	1.0000
stock_b2000_frag	L1786791	2	0.7405
stock_b2000_frag	L1787838	0	0.2864
stock_b2000_frag	L1787873	0	0.8433
stock_b2000_frag	L1789789	1	0.5922
stock_b2000_frag	L1790513	1	0.3234
stock_b2000_frag	L1790854	4	0.1535
stock_b2000_frag	L179249	0	0.3246
stock_b2000_frag	L1793448	1	0.5540
stock_b2000_frag	L1794406	0	1.0000
stock_b2000_frag	L1796183	3	0.3266
stock_b2000_frag	L1802936	2	0.1407
stock_b2000_frag	L1804008	0	0.9439
stock_b2000_frag	L1805223	3	0.4309
stock_b2000_frag	L1806973	1	0.5376
stock_b2000_frag	L1810207	0	0.9947
stock_b2000_frag	L1812078	0	0.5766
stock_b2000_frag	L1813157	0	0.7293
stock_b2000_frag	L1816925	0	0.3700
stock_b2000_frag	L1817931	0	0.1201
stock_b2000_frag	L1818717	1	0.2531
stock_b2000_frag	L1819006	0	1.0000
stock_b2000_frag	L1822010	0	0.7777
stock_b2000_frag	L1823041	0	0.2804
stock_b2000_frag	L1826491	0	0.7008
stock_b2000_frag	L1827160	0	0.9843
stock_b2000_frag	L1827836	0	0.9747
stock_b2000_frag	L1834800	2	0.1215
stock_b2000_frag	L1834811	2	0.5262
stock_b2000_frag	L1835259	2	0.0598
stock_b2000_frag	L1835687	0	0.2876
stock_b2000_frag	L1837036	0	0.9931
stock_b2000_frag	L1843294	1	0.2854
stock_b2000_frag	L1852360	1	0.5051
stock_b2000_frag	L1854120	0	1.0000
stock_b2000_frag	L1856679	3	0.1236
stock_b2000_frag	L1856763	1	0.2739
stock_b2000_frag	L1857712	0	0.4208
stock_b2000_frag	L1858577	1	0.5045
stock_b2000_frag	L1864191	0	0.9782
stock_b2000_frag	L1866819	0	0.2597
stock_b2000_frag	L1868422	0	1.0000
stock_b2000_frag	L1872054	3	0.1754
stock_b2000_frag	L1872284	8	0.3287
stock_b2000_frag	L1873007	1	0.4553
stock_b2000_frag	L1873641	0	0.5195
stock_b2000_frag	L1875333	1	0.4463
stock_b2000_frag	L1876397	2	0.1496
stock_b2000_frag	L1879003	0	1.0000
stock_b2000_frag	L1880289	2	0.2780
stock_b2000_frag	L1881352	3	0.3210
stock_b2000_frag	L1881900	0	0.6926
stock_b2000_frag	L1882540	0	1.0000
stock_b2000_frag	L1885164	0	0.5410
stock_b2000_frag	L1888143	1	0.3338
stock_b2000_frag	L1893594	0	0.4281
stock_b2000_frag	L1895815	2	0.6184
stock_b2000_frag	L1896675	0	0.4279
stock_b2000_frag	L1897583	0	0.9970
stock_b2000_frag	L1897748	0	0.6945
stock_b2000_frag	L1899785	1	0.4298
stock_b2000_frag	L1900515	0	0.4435
stock_b2000_frag	L1901676	0	0.4627
stock_b2000_frag	L1902373	0	1.0000
stock_b2000_frag	L1903126	0	0.8093
stock_b2000_frag	L1904928	1	0.2410
stock_b2000_frag	L1905953	0	1.0000
stock_b2000_frag	L1907307	0	0.3910
stock_b2000_frag	L1907313	1	0.3005
stock_b2000_frag	L1911407	0	0.2083
stock_b2000_frag	L1914275	0	1.0000
stock_b2000_frag	L1916398	0	1.0000
stock_b2000_frag	L1918876	0	0.9970
stock_b2000_frag	L1919111	0	1.0000
stock_b2000_frag	L1920451	1	0.3202
stock_b2000_frag	L1921342	0	0.4481
stock_b2000_frag	L1923332	0	1.0000
stock_b2000_frag	L1923919	10	0.3032
stock_b2000_frag	L1925099	15	0.6101
stock_b2000_frag	L192528	0	0.9982
stock_b2000_frag	L1926033	9	0.3287
stock_b2000_frag	L192899	0	1.0000
stock_b2000_frag	L1934557	0	0.6855
stock_b2000_frag	L1936090	2	0.4185
stock_b2000_frag	L1936397	0	0.5035
stock_b2000_frag	L1937045	1	0.3483
stock_b2000_frag	L1937296	0	0.8492
stock_b2000_frag	L1937522	0	1.0000
stock_b2000_frag	L1937540	0	1.0000
stock_b2000_frag	L1942590	0	1.0000
stock_b2000_frag	L194456	1	0.8633
stock_b2000_frag	L1945243	0	0.2921
stock_b2000_frag	L1946741	0	0.3493
stock_b2000_frag	L1948509	5	0.3463
stock_b2000_frag	L1949658	20	0.2728
stock_b2000_frag	L1950755	0	1.0000
stock_b2000_frag	L195251	0	0.8404
stock_b2000_frag	L1959004	1	0.3568
stock_b2000_frag	L1961654	1	0.2541
stock_b2000_frag	L1964041	0	0.4265
stock_b2000_frag	L1964145	0	0.7326
stock_b2000_frag	L1964255	1	0.3732
stock_b2000_frag	L1964638	2	0.1776
stock_b2000_frag	L1965455	0	0.9995
stock_b2000_frag	L1970682	0	1.0000
stock_b2000_frag	L1971139	0	0.4859
stock_b2000_frag	L1971415	1	0.8731
stock_b2000_frag	L1972060	0	1.0000
stock_b2000_frag	L197805	23	0.6071
stock_b2000_frag	L1978343	3	0.5995
stock_b2000_frag	L1979241	3	0.5334
stock_b2000_frag	L1982060	0	0.4637
stock_b2000_frag	L1985712	1	0.3040
stock_b2000_frag	L1987156	0	0.3877
stock_b2000_frag	L1992001	0	0.4700
stock_b2000_frag	L1992697	0	0.9568
stock_b2000_frag	L1996996	4	0.5630
stock_b2000_frag	L1999805	0	1.0000
stock_b2000_frag	L20552	0	1.0000
stock_b2000_frag	L205951	1	0.3006
stock_b2000_frag	L206468	1	0.3432
stock_b2000_frag	L206760	0	0.2529
stock_b2000_frag	L207601	1	0.2409
stock_b2000_frag	L209337	4	0.1689
stock_b2000_frag	L21006	0	1.0000
stock_b2000_frag	L212437	1	0.4687
stock_b2000_frag	L21703	0	0.9240
stock_b2000_frag	L21860	0	1.0000
stock_b2000_frag	L21970	0	1.0000
stock_b2000_frag	L221302	1	0.4345
stock_b2000_frag	L222990	1	0.4242
stock_b2000_frag	L223698	0	0.5098
stock_b2000_frag	L224462	1	0.3716
stock_b2000_frag	L226384	0	1.0000
stock_b2000_frag	L230051	1	0.3400
stock_b2000_frag	L233807	0	0.5611
stock_b2000_frag	L234489	0	0.9920
stock_b2000_frag	L23637	0	0.9810
stock_b2000_frag	L242623	0	1.0000
stock_b2000_frag	L246106	0	0.9992
stock_b2000_frag	L247389	0	0.8948
stock_b2000_frag	L247703	0	1.0000
stock_b2000_frag	L251339	6	0.4150
stock_b2000_frag	L252095	1	0.2555
stock_b2000_frag	L253981	1	0.2322
stock_b2000_frag	L254016	1	0.3352
stock_b2000_frag	L256416	0	0.4843
stock_b2000_frag	L256657	5	0.1747
stock_b2000_frag	L256899	1	0.3368
stock_b2000_frag	L263537	0	0.6361
stock_b2000_frag	L264567	0	1.0000
stock_b2000_frag	L268477	13	0.3916
stock_b2000_frag	L270354	3	0.5292
stock_b2000_frag	L271418	0	0.8902
stock_b2000_frag	L278635	0	1.0000
stock_b2000_frag	L279786	0	1.0000
stock_b2000_frag	L280579	7	0.0742
stock_b2000_frag	L287545	1	0.4945
stock_b2000_frag	L287741	0	0.3719
stock_b2000_frag	L290634	4	0.8314
stock_b2000_frag	L291671	0	0.9926
stock_b2000_frag	L292815	0	1.0000
stock_b2000_frag	L296972	1	0.5876
stock_b2000_frag	L297473	5	0.0837
stock_b2000_frag	L297512	2	0.2636
stock_b2000_frag	L298375	0	0.9938
stock_b2000_frag	L301552	0	1.0000
stock_b2000_frag	L307194	0	1.0000
stock_b2000_frag	L309904	0	1.0000
stock_b2000_frag	L3170	1	0.3430
stock_b2000_frag	L317654	0	0.4794
stock_b2000_frag	L3184	0	0.3394
stock_b2000_frag	L318418	17	0.1090
stock_b2000_frag	L318534	1	0.2173
stock_b2000_frag	L319502	0	0.4190
stock_b2000_frag	L320722	0	1.0000
stock_b2000_frag	L322292	1	0.4246
stock_b2000_frag	L322864	1	0.4201
stock_b2000_frag	L323046	0	0.1872
stock_b2000_frag	L324328	1	0.2051
stock_b2000_frag	L324374	0	0.4704
stock_b2000_frag	L325049	0	0.5992
stock_b2000_frag	L325432	1	0.4279
stock_b2000_frag	L326941	1	0.3949
stock_b2000_frag	L331212	2	0.4241
stock_b2000_frag	L331444	4	0.1053
stock_b2000_frag	L333006	0	0.2886
stock_b2000_frag	L333090	0	0.7374
stock_b2000_frag	L333836	0	0.9885
stock_b2000_frag	L335225	0	0.9991
stock_b2000_frag	L335980	0	0.9992
stock_b2000_frag	L342344	1	0.4583
stock_b2000_frag	L34456	0	0.9911
stock_b2000_frag	L348878	1	0.2593
stock_b2000_frag	L348891	1	0.2308
stock_b2000_frag	L350244	0	0.4953
stock_b2000_frag	L350337	1	0.3562
stock_b2000_frag	L350475	0	1.0000
stock_b2000_frag	L351030	0	0.9915
stock_b2000_frag	L351782	0	0.3835
stock_b2000_frag	L353565	2	0.2133
stock_b2000_frag	L353749	0	0.9432
stock_b2000_frag	L356829	3	0.2160
stock_b2000_frag	L358839	0	0.9819
stock_b2000_frag	L358876	0	0.5558
stock_b2000_frag	L35935	1	0.2533
stock_b2000_frag	L362772	0	1.0000
stock_b2000_frag	L363906	1	0.5756
stock_b2000_frag	L365071	0	0.9996
stock_b2000_frag	L366723	0	0.7310
stock_b2000_frag	L367305	3	0.2085
stock_b2000_frag	L367428	0	0.1317
stock_b2000_frag	L368018	2	0.2828
stock_b2000_frag	L371020	6	0.3313
stock_b2000_frag	L3736	6	0.4584
stock_b2000_frag	L37437	2	0.4038
stock_b2000_frag	L375461	2	0.2478
stock_b2000_frag	L377850	0	0.9108
stock_b2000_frag	L378723	0	0.9974
stock_b2000_frag	L380657	2	0.5415
stock_b2000_frag	L380912	0	0.7603
stock_b2000_frag	L381434	1	0.2058
stock_b2000_frag	L382168	1	0.2136
stock_b2000_frag	L382622	0	1.0000
stock_b2000_frag	L386443	0	1.0000
stock_b2000_frag	L38779	0	0.4397
stock_b2000_frag	L388489	1	0.6392
stock_b2000_frag	L390690	1	0.1521
stock_b2000_frag	L392719	0	0.9339
stock_b2000_frag	L394650	1	0.6261
stock_b2000_frag	L396138	1	0.2881
stock_b2000_frag	L399396	0	0.3501
stock_b2000_frag	L401829	0	1.0000
stock_b2000_frag	L403497	0	0.3523
stock_b2000_frag	L408678	0	0.7088
stock_b2000_frag	L408682	0	0.5222
stock_b2000_frag	L411960	0	0.9939
stock_b2000_frag	L413007	0	1.0000
stock_b2000_frag	L415336	0	1.0000
stock_b2000_frag	L415413	2	0.5525
stock_b2000_frag	L418366	0	0.4084
stock_b2000_frag	L418388	1	0.4079
stock_b2000_frag	L423584	1	0.3344
stock_b2000_frag	L424716	1	0.8319
stock_b2000_frag	L427026	0	0.3804
stock_b2000_frag	L434630	0	0.5918
stock_b2000_frag	L439400	0	1.0000
stock_b2000_frag	L439489	0	0.3474
stock_b2000_frag	L442680	0	0.3895
stock_b2000_frag	L443814	0	0.7008
stock_b2000_frag	L449738	1	0.2598
stock_b2000_frag	L451768	0	1.0000
stock_b2000_frag	L453420	1	0.1592
stock_b2000_frag	L453566	1	0.2954
stock_b2000_frag	L454288	1	0.3905
stock_b2000_frag	L454603	0	0.9915
stock_b2000_frag	L454940	1	0.1844
stock_b2000_frag	L45583	0	0.3257
stock_b2000_frag	L455854	0	0.9953
stock_b2000_frag	L460483	2	0.4234
stock_b2000_frag	L461004	0	1.0000
stock_b2000_frag	L462461	0	0.3585
stock_b2000_frag	L465305	0	0.9570
stock_b2000_frag	L467955	0	0.7947
stock_b2000_frag	L469518	1	0.5082
stock_b2000_frag	L470030	0	0.9989
stock_b2000_frag	L471487	1	0.7200
stock_b2000_frag	L472430	1	0.4972
stock_b2000_frag	L472790	4	0.1531
stock_b2000_frag	L473496	0	1.0000
stock_b2000_frag	L474051	0	0.4630
stock_b2000_frag	L474155	0	0.8924
stock_b2000_frag	L479578	0	0.8500
stock_b2000_frag	L485169	0	1.0000
stock_b2000_frag	L487447	1	0.3224
stock_b2000_frag	L487895	1	0.3234
stock_b2000_frag	L488320	1	0.6739
stock_b2000_frag	L489	1	0.4593
stock_b2000_frag	L489204	0	0.9913
stock_b2000_frag	L490152	1	0.3473
stock_b2000_frag	L494947	2	0.2622
stock_b2000_frag	L50067	1	0.4336
stock_b2000_frag	L501047	0	1.0000
stock_b2000_frag	L502660	0	1.0000
stock_b2000_frag	L504133	6	0.1077
stock_b2000_frag	L507963	0	1.0000
stock_b2000_frag	L509062	0	0.9988
stock_b2000_frag	L510232	0	0.5466
stock_b2000_frag	L511198	0	0.9987
stock_b2000_frag	L511998	1	0.2459
stock_b2000_frag	L512885	0	0.4225
stock_b2000_frag	L515527	0	0.6619
stock_b2000_frag	L516621	1	0.4399
stock_b2000_frag	L520061	0	0.4198
stock_b2000_frag	L521854	0	0.9953
stock_b2000_frag	L522361	1	0.2575
stock_b2000_frag	L523007	0	0.9990
stock_b2000_frag	L52377	1	0.4003
stock_b2000_frag	L523780	1	0.3370
stock_b2000_frag	L526348	0	1.0000
stock_b2000_frag	L526362	0	1.0000
stock_b2000_frag	L529128	0	1.0000
stock_b2000_frag	L529259	0	0.6235
stock_b2000_frag	L531183	0	1.0000
stock_b2000_frag	L535176	0	1.0000
stock_b2000_frag	L535927	0	0.4451
stock_b2000_frag	L53900	2	0.2731
stock_b2000_frag	L54140	0	1.0000
stock_b2000_frag	L545290	1	0.3837
stock_b2000_frag	L551516	0	1.0000
stock_b2000_frag	L552430	1	0.6613
stock_b2000_frag	L554769	1	0.6939
stock_b2000_frag	L556620	18	0.9859
stock_b2000_frag	L557148	0	0.8778
stock_b2000_frag	L560741	5	0.3698
stock_b2000_frag	L562253	0	0.9810
stock_b2000_frag	L563575	0	0.9749
stock_b2000_frag	L564960	0	0.5362
stock_b2000_frag	L566111	1	0.8533
stock_b2000_frag	L571479	0	0.2979
stock_b2000_frag	L572100	1	0.2914
stock_b2000_frag	L578549	0	0.2061
stock_b2000_frag	L580412	0	1.0000
stock_b2000_frag	L583359	0	0.9997
stock_b2000_frag	L58398	0	0.3053
stock_b2000_frag	L585434	2	0.3271
stock_b2000_frag	L586104	3	0.2742
stock_b2000_frag	L595406	1	0.2303
stock_b2000_frag	L599093	0	0.5780
stock_b2000_frag	L610583	1	0.2802
stock_b2000_frag	L613767	1	0.4044
stock_b2000_frag	L615521	0	0.9343
stock_b2000_frag	L616720	1	0.3511
stock_b2000_frag	L617134	1	0.2428
stock_b2000_frag	L618884	2	0.2315
stock_b2000_frag	L6189	0	0.9996
stock_b2000_frag	L622600	0	0.3706
stock_b2000_frag	L62692	0	1.0000
stock_b2000_frag	L628634	0	0.5110
stock_b2000_frag	L629842	5	0.7539
stock_b2000_frag	L631992	1	0.1718
stock_b2000_frag	L63248	1	0.3747
stock_b2000_frag	L634575	1	0.5203
stock_b2000_frag	L6356	0	0.7154
stock_b2000_frag	L637890	0	0.4089
stock_b2000_frag	L63791	0	1.0000
stock_b2000_frag	L639649	0	1.0000
stock_b2000_frag	L642602	2	0.2056
stock_b2000_frag	L646762	0	0.8199
stock_b2000_frag	L650498	0	1.0000
stock_b2000_frag	L651242	0	1.0000
stock_b2000_frag	L651264	0	0.8242
stock_b2000_frag	L652790	1	0.5009
stock_b2000_frag	L654346	1	0.3177
stock_b2000_frag	L655133	0	0.9993
stock_b2000_frag	L657223	0	1.0000
stock_b2000_frag	L659271	2	0.1565
stock_b2000_frag	L659432	0	0.3152
stock_b2000_frag	L660496	0	0.9735
stock_b2000_frag	L661586	2	0.4054
stock_b2000_frag	L663357	0	1.0000
stock_b2000_frag	L663649	0	0.7034
stock_b2000_frag	L6727	1	0.3184
stock_b2000_frag	L674570	0	0.3233
stock_b2000_frag	L674945	14	0.0901
stock_b2000_frag	L675853	0	0.6205
stock_b2000_frag	L676330	0	0.3313
stock_b2000_frag	L676359	1	0.3109
stock_b2000_frag	L67715	2	0.2423
stock_b2000_frag	L677200	2	0.1016
stock_b2000_frag	L677943	0	0.8669
stock_b2000_frag	L680508	0	1.0000
stock_b2000_frag	L681757	0	1.0000
stock_b2000_frag	L682589	0	0.6784
stock_b2000_frag	L685735	0	0.7359
stock_b2000_frag	L688428	0	0.9995
stock_b2000_frag	L690836	0	1.0000
stock_b2000_frag	L69227	0	0.9991
stock_b2000_frag	L694001	0	0.3119
stock_b2000_frag	L697211	6	0.2296
stock_b2000_frag	L698980	0	0.2678
stock_b2000_frag	L699299	0	0.7511
stock_b2000_frag	L70184	1	0.3789
stock_b2000_frag	L703700	0	1.0000
stock_b2000_frag	L704052	0	1.0000
stock_b2000_frag	L704079	0	1.0000
stock_b2000_frag	L705648	0	1.0000
stock_b2000_frag	L705664	0	1.0000
stock_b2000_frag	L706887	1	0.2504
stock_b2000_frag	L70693	0	0.9973
stock_b2000_frag	L70846	0	0.9902
stock_b2000_frag	L710516	0	0.4081
stock_b2000_frag	L710854	0	0.3472
stock_b2000_frag	L710875	0	0.9232
stock_b2000_frag	L713284	0	0.9993
stock_b2000_frag	L714291	2	0.2375
stock_b2000_frag	L718210	0	0.9997
stock_b2000_frag	L71837	0	0.3917
stock_b2000_frag	L719293	0	0.4618
stock_b2000_frag	L719453	1	0.4457
stock_b2000_frag	L721929	1	0.1798
stock_b2000_frag	L72644	0	1.0000
stock_b2000_frag	L727915	1	0.3536
stock_b2000_frag	L733225	0	0.9777
stock_b2000_frag	L738291	5	0.1612
stock_b2000_frag	L738471	3	0.0976
stock_b2000_frag	L741947	1	0.7878
stock_b2000_frag	L742305	0	1.0000
stock_b2000_frag	L744434	0	0.8782
stock_b2000_frag	L747615	0	0.3356
stock_b2000_frag	L749719	7	0.7028
stock_b2000_frag	L749755	2	0.2026
stock_b2000_frag	L750040	1	0.0920
stock_b2000_frag	L751250	1	0.9442
stock_b2000_frag	L752781	2	0.2961
stock_b2000_frag	L753459	0	0.3090
stock_b2000_frag	L756119	1	0.3829
stock_b2000_frag	L756273	1	0.2981
stock_b2000_frag	L756947	2	0.7198
stock_b2000_frag	L757056	1	0.6454
stock_b2000_frag	L759101	0	1.0000
stock_b2000_frag	L760182	1	0.6941
stock_b2000_frag	L761191	3	0.3523
stock_b2000_frag	L762001	4	0.3061
stock_b2000_frag	L762093	0	0.2116
stock_b2000_frag	L762176	2	0.1706
stock_b2000_frag	L763379	0	0.9501
stock_b2000_frag	L768450	0	1.0000
stock_b2000_frag	L769757	0	0.3406
stock_b2000_frag	L771085	0	0.9483
stock_b2000_frag	L77116	2	0.1639
stock_b2000_frag	L772427	1	0.5296
stock_b2000_frag	L776030	1	0.8955
stock_b2000_frag	L777299	1	0.4226
stock_b2000_frag	L777823	0	0.9978
stock_b2000_frag	L777910	3	0.2317
stock_b2000_frag	L781446	3	0.5822
stock_b2000_frag	L784431	0	0.7118
stock_b2000_frag	L786569	0	1.0000
stock_b2000_frag	L787602	0	0.4796
stock_b2000_frag	L789348	0	0.2526
stock_b2000_frag	L789708	0	0.3581
stock_b2000_frag	L790161	0	0.4131
stock_b2000_frag	L791251	0	0.9656
stock_b2000_frag	L79329	0	0.6297
stock_b2000_frag	L793756	3	0.1317
stock_b2000_frag	L795446	0	0.9511
stock_b2000_frag	L799472	1	0.1542
stock_b2000_frag	L799778	1	0.1981
stock_b2000_frag	L800622	0	0.7300
stock_b2000_frag	L802530	1	0.3189
stock_b2000_frag	L803200	1	0.8763
stock_b2000_frag	L804499	0	1.0000
stock_b2000_frag	L807590	0	0.9454
stock_b2000_frag	L808265	1	0.3340
stock_b2000_frag	L808905	1	0.6356
stock_b2000_frag	L811697	0	0.9768
stock_b2000_frag	L811790	0	0.9946
stock_b2000_frag	L811826	0	1.0000
stock_b2000_frag	L812045	0	1.0000
stock_b2000_frag	L816143	0	1.0000
stock_b2000_frag	L816490	0	0.3491
stock_b2000_frag	L817904	0	0.5744
stock_b2000_frag	L818701	3	0.2236
stock_b2000_frag	L819185	1	0.3614
stock_b2000_frag	L819987	0	0.3514
stock_b2000_frag	L821601	0	0.8591
stock_b2000_frag	L824597	0	0.8101
stock_b2000_frag	L825004	0	0.9240
stock_b2000_frag	L827047	2	0.3757
stock_b2000_frag	L827519	1	0.2749
stock_b2000_frag	L827898	1	0.4618
stock_b2000_frag	L83179	0	0.6653
stock_b2000_frag	L832817	0	1.0000
stock_b2000_frag	L832855	1	0.5407
stock_b2000_frag	L838317	1	0.1995
stock_b2000_frag	L845507	3	0.1451
stock_b2000_frag	L846147	0	1.0000
stock_b2000_frag	L847407	0	1.0000
stock_b2000_frag	L847827	0	1.0000
stock_b2000_frag	L849392	0	0.4155
stock_b2000_frag	L852778	1	0.4514
stock_b2000_frag	L855478	0	1.0000
stock_b2000_frag	L857135	0	0.3882
stock_b2000_frag	L858314	1	0.2302
stock_b2000_frag	L859198	0	0.4208
stock_b2000_frag	L861067	2	0.3321
stock_b2000_frag	L861612	0	0.7180
stock_b2000_frag	L865768	7	0.1524
stock_b2000_frag	L868031	1	0.5813
stock_b2000_frag	L869962	0	0.2544
stock_b2000_frag	L871757	0	0.9999
stock_b2000_frag	L87227	0	0.4002
stock_b2000_frag	L872641	1	0.4558
stock_b2000_frag	L875345	0	0.7972
stock_b2000_frag	L883421	1	0.4210
stock_b2000_frag	L883981	0	0.9809
stock_b2000_frag	L884210	1	0.1040
stock_b2000_frag	L885983	0	1.0000
stock_b2000_frag	L887768	0	0.9565
stock_b2000_frag	L88843	2	0.2021
stock_b2000_frag	L888705	2	0.2242
stock_b2000_frag	L889436	1	0.1950
stock_b2000_frag	L890611	1	0.1739
stock_b2000_frag	L890861	0	0.3679
stock_b2000_frag	L890978	1	0.5769
stock_b2000_frag	L894458	1	0.7374
stock_b2000_frag	L895635	0	0.7305
stock_b2000_frag	L896421	0	0.4798
stock_b2000_frag	L89769	0	0.8528
stock_b2000_frag	L899685	0	1.0000
stock_b2000_frag	L901803	1	0.1799
stock_b2000_frag	L903650	0	0.3364
stock_b2000_frag	L904813	0	0.2897
stock_b2000_frag	L908878	0	0.2076
stock_b2000_frag	L909692	3	0.1980
stock_b2000_frag	L910078	0	0.7964
stock_b2000_frag	L912103	0	0.6007
stock_b2000_frag	L912322	0	0.9443
stock_b2000_frag	L912719	0	0.6378
stock_b2000_frag	L912815	0	0.3966
stock_b2000_frag	L913531	0	0.9626
stock_b2000_frag	L91563	1	0.6893
stock_b2000_frag	L915786	4	0.3994
stock_b2000_frag	L915789	1	0.2693
stock_b2000_frag	L9163	0	1.0000
stock_b2000_frag	L919590	1	0.4074
stock_b2000_frag	L919603	1	0.5519
stock_b2000_frag	L928032	0	0.9693
stock_b2000_frag	L928536	2	0.1682
stock_b2000_frag	L929320	2	0.2527
stock_b2000_frag	L931629	1	0.4053
stock_b2000_frag	L935668	2	0.4006
stock_b2000_frag	L937448	1	0.1645
stock_b2000_frag	L938502	1	0.1342
stock_b2000_frag	L939729	0	0.8730
stock_b2000_frag	L943549	0	0.2442
stock_b2000_frag	L946755	0	0.5645
stock_b2000_frag	L946983	0	1.0000
stock_b2000_frag	L947120	0	0.2190
stock_b2000_frag	L94829	1	0.6057
stock_b2000_frag	L948707	2	0.2780
stock_b2000_frag	L954478	0	0.9440
stock_b2000_frag	L956192	0	1.0000
stock_b2000_frag	L956318	0	0.8188
stock_b2000_frag	L95996	1	0.2085
stock_b2000_frag	L963059	0	1.0000
stock_b2000_frag	L964150	0	1.0000
stock_b2000_frag	L966865	0	0.2242
stock_b2000_frag	L968281	0	0.9972
stock_b2000_frag	L968389	0	1.0000
stock_b2000_frag	L968426	1	0.2924
stock_b2000_frag	L97211	0	0.8938
stock_b2000_frag	L973556	0	0.2465
stock_b2000_frag	L974644	2	0.2413
stock_b2000_frag	L97491	0	0.8244
stock_b2000_frag	L976334	0	0.6210
stock_b2000_frag	L977262	0	0.7699
stock_b2000_frag	L983031	0	0.9987
stock_b2000_frag	L985883	1	0.5337
stock_b2000_frag	L986248	1	0.2653
stock_b2000_frag	L986264	1	0.2264
stock_b2000_frag	L986750	1	0.2562
stock_b2000_frag	L988510	0	0.9525
stock_b2000_frag	L98918	1	0.3196
stock_b2000_frag	L99225	0	0.9997
stock_b2000_frag	L99629	0	1.0000
stock_b2000_frag	L998137	0	0.6430
stock_b2000_frag	L998626	2	0.1620
stock_b2000_full	L1001560	0	1.0000
stock_b2000_full	L1004110	0	1.0000
stock_b2000_full	L1006060	0	1.0000
stock_b2000_full	L1009598	0	1.0000
stock_b2000_full	L1010572	0	1.0000
stock_b2000_full	L1011172	0	1.0000
stock_b2000_full	L1014202	0	1.0000
stock_b2000_full	L1015517	0	1.0000
stock_b2000_full	L1021619	0	1.0000
stock_b2000_full	L1024876	0	1.0000
stock_b2000_full	L1025069	0	0.9993
stock_b2000_full	L1025529	0	1.0000
stock_b2000_full	L1026996	1	0.5011
stock_b2000_full	L1028872	0	1.0000
stock_b2000_full	L1029320	0	1.0000
stock_b2000_full	L1029938	1	1.0000
stock_b2000_full	L1031322	1	0.4983
stock_b2000_full	L1034006	0	1.0000
stock_b2000_full	L1034223	0	1.0000
stock_b2000_full	L1036697	0	1.0000
stock_b2000_full	L1040082	0	1.0000
stock_b2000_full	L1040135	0	1.0000
stock_b2000_full	L1041321	0	1.0000
stock_b2000_full	L1041572	0	1.0000
stock_b2000_full	L1045274	0	1.0000
stock_b2000_full	L1046691	0	1.0000
stock_b2000_full	L1048629	0	0.9999
stock_b2000_full	L1048900	0	1.0000
stock_b2000_full	L1051539	1	0.9223
stock_b2000_full	L1053671	0	1.0000
stock_b2000_full	L1056104	1	0.7961
stock_b2000_full	L1057643	0	1.0000
stock_b2000_full	L1058777	0	1.0000
stock_b2000_full	L105923	0	0.5049
stock_b2000_full	L1060697	1	1.0000
stock_b2000_full	L1062231	0	1.0000
stock_b2000_full	L1063655	0	1.0000
stock_b2000_full	L1066055	0	1.0000
stock_b2000_full	L1066869	0	0.9998
stock_b2000_full	L1068256	1	1.0000
stock_b2000_full	L1069244	0	1.0000
stock_b2000_full	L1070240	0	1.0000
stock_b2000_full	L1073738	0	1.0000
stock_b2000_full	L1079529	0	1.0000
stock_b2000_full	L1079925	1	1.0000
stock_b2000_full	L1080779	0	1.0000
stock_b2000_full	L1081899	0	1.0000
stock_b2000_full	L1082889	0	1.0000
stock_b2000_full	L1082966	0	1.0000
stock_b2000_full	L1084007	0	1.0000
stock_b2000_full	L1085883	0	1.0000
stock_b2000_full	L1086391	0	1.0000
stock_b2000_full	L1086461	0	1.0000
stock_b2000_full	L108652	0	1.0000
stock_b2000_full	L1086569	0	1.0000
stock_b2000_full	L108690	1	1.0000
stock_b2000_full	L108958	0	1.0000
stock_b2000_full	L1092340	0	1.0000
stock_b2000_full	L1094288	0	1.0000
stock_b2000_full	L1096833	0	1.0000
stock_b2000_full	L1097479	1	0.8471
stock_b2000_full	L1097562	0	1.0000
stock_b2000_full	L1099426	1	1.0000
stock_b2000_full	L1100273	0	1.0000
stock_b2000_full	L1106070	0	1.0000
stock_b2000_full	L1107453	0	1.0000
stock_b2000_full	L111069	0	1.0000
stock_b2000_full	L1112051	0	1.0000
stock_b2000_full	L1113584	0	1.0000
stock_b2000_full	L1113767	0	1.0000
stock_b2000_full	L1114404	0	1.0000
stock_b2000_full	L111487	0	0.9995
stock_b2000_full	L1115783	1	1.0000
stock_b2000_full	L1123161	0	1.0000
stock_b2000_full	L112511	0	1.0000
stock_b2000_full	L1125144	1	0.5524
stock_b2000_full	L1129896	0	1.0000
stock_b2000_full	L112990	0	1.0000
stock_b2000_full	L1130797	0	1.0000
stock_b2000_full	L1132085	0	1.0000
stock_b2000_full	L1134223	0	1.0000
stock_b2000_full	L1138009	0	1.0000
stock_b2000_full	L1139559	0	1.0000
stock_b2000_full	L1139874	0	1.0000
stock_b2000_full	L114083	0	1.0000
stock_b2000_full	L1143269	0	1.0000
stock_b2000_full	L114415	1	1.0000
stock_b2000_full	L1148897	0	1.0000
stock_b2000_full	L115053	1	0.7247
stock_b2000_full	L1157871	0	1.0000
stock_b2000_full	L1159954	0	1.0000
stock_b2000_full	L1163982	0	1.0000
stock_b2000_full	L1166709	0	1.0000
stock_b2000_full	L1168147	0	1.0000
stock_b2000_full	L1168246	0	1.0000
stock_b2000_full	L1174309	0	1.0000
stock_b2000_full	L1176017	0	1.0000
stock_b2000_full	L1180799	0	1.0000
stock_b2000_full	L1182677	0	1.0000
stock_b2000_full	L1182856	0	1.0000
stock_b2000_full	L1185198	0	1.0000
stock_b2000_full	L1185601	1	1.0000
stock_b2000_full	L118714	1	0.8718
stock_b2000_full	L1189376	0	1.0000
stock_b2000_full	L1193103	0	1.0000
stock_b2000_full	L1193586	0	1.0000
stock_b2000_full	L1195987	0	1.0000
stock_b2000_full	L1197653	0	1.0000
stock_b2000_full	L1198863	0	1.0000
stock_b2000_full	L1200101	0	1.0000
stock_b2000_full	L1201939	0	1.0000
stock_b2000_full	L1202998	0	1.0000
stock_b2000_full	L1203763	1	1.0000
stock_b2000_full	L12043	0	0.9992
stock_b2000_full	L1204855	0	1.0000
stock_b2000_full	L1205350	0	0.9995
stock_b2000_full	L1208662	0	1.0000
stock_b2000_full	L1211682	1	1.0000
stock_b2000_full	L1211692	1	0.8578
stock_b2000_full	L1212928	0	1.0000
stock_b2000_full	L1213032	0	1.0000
stock_b2000_full	L1213065	0	1.0000
stock_b2000_full	L1214580	0	1.0000
stock_b2000_full	L1214865	0	0.9465
stock_b2000_full	L1220369	0	1.0000
stock_b2000_full	L1221036	0	0.9951
stock_b2000_full	L1221084	0	0.9574
stock_b2000_full	L1224791	0	1.0000
stock_b2000_full	L1224974	0	1.0000
stock_b2000_full	L1225803	1	0.5899
stock_b2000_full	L1228089	0	1.0000
stock_b2000_full	L1230778	1	1.0000
stock_b2000_full	L1231586	1	1.0000
stock_b2000_full	L1232442	1	0.9997
stock_b2000_full	L1234498	0	1.0000
stock_b2000_full	L1239009	0	1.0000
stock_b2000_full	L1239425	0	1.0000
stock_b2000_full	L1239893	0	1.0000
stock_b2000_full	L1242428	0	1.0000
stock_b2000_full	L1243420	0	1.0000
stock_b2000_full	L1247198	0	0.4770
stock_b2000_full	L1248117	0	1.0000
stock_b2000_full	L1250931	0	0.9612
stock_b2000_full	L1252227	1	0.4228
stock_b2000_full	L1260978	1	0.8886
stock_b2000_full	L1261356	0	1.0000
stock_b2000_full	L1263014	0	1.0000
stock_b2000_full	L1263342	1	0.9427
stock_b2000_full	L1263703	0	1.0000
stock_b2000_full	L1265160	0	1.0000
stock_b2000_full	L1265653	0	1.0000
stock_b2000_full	L1266143	0	1.0000
stock_b2000_full	L1266484	1	0.5648
stock_b2000_full	L1267289	0	1.0000
stock_b2000_full	L1270832	0	1.0000
stock_b2000_full	L1273881	0	1.0000
stock_b2000_full	L1274778	0	1.0000
stock_b2000_full	L1278871	0	1.0000
stock_b2000_full	L1281379	0	1.0000
stock_b2000_full	L1282064	0	0.9995
stock_b2000_full	L1284437	0	1.0000
stock_b2000_full	L1289046	0	1.0000
stock_b2000_full	L129057	0	1.0000
stock_b2000_full	L129102	0	1.0000
stock_b2000_full	L1291159	0	1.0000
stock_b2000_full	L1293709	1	0.2364
stock_b2000_full	L1293860	1	0.4960
stock_b2000_full	L1294148	1	0.7593
stock_b2000_full	L1296774	0	1.0000
stock_b2000_full	L1297053	0	1.0000
stock_b2000_full	L1300073	0	1.0000
stock_b2000_full	L1301795	0	1.0000
stock_b2000_full	L1306677	1	0.4073
stock_b2000_full	L1306855	0	1.0000
stock_b2000_full	L1307746	0	1.0000
stock_b2000_full	L1312920	0	1.0000
stock_b2000_full	L1314145	0	1.0000
stock_b2000_full	L1314194	0	1.0000
stock_b2000_full	L13173	1	1.0000
stock_b2000_full	L1318370	1	0.9207
stock_b2000_full	L1318861	1	1.0000
stock_b2000_full	L1321166	2	1.0000
stock_b2000_full	L1324671	1	1.0000
stock_b2000_full	L1328117	1	1.0000
stock_b2000_full	L1330303	1	1.0000
stock_b2000_full	L1335655	1	0.9347
stock_b2000_full	L1336052	1	1.0000
stock_b2000_full	L1337916	2	0.5032
stock_b2000_full	L133834	0	1.0000
stock_b2000_full	L1339015	0	1.0000
stock_b2000_full	L1340208	0	1.0000
stock_b2000_full	L1341191	0	1.0000
stock_b2000_full	L1342813	0	1.0000
stock_b2000_full	L134422	0	1.0000
stock_b2000_full	L1348437	0	1.0000
stock_b2000_full	L1349598	0	1.0000
stock_b2000_full	L1351683	0	1.0000
stock_b2000_full	L1352311	1	1.0000
stock_b2000_full	L1354390	1	0.9938
stock_b2000_full	L1360154	0	1.0000
stock_b2000_full	L1362062	0	1.0000
stock_b2000_full	L1362414	1	1.0000
stock_b2000_full	L136602	0	1.0000
stock_b2000_full	L1368890	1	1.0000
stock_b2000_full	L1373240	0	1.0000
stock_b2000_full	L1373356	0	1.0000
stock_b2000_full	L1374751	0	1.0000
stock_b2000_full	L1375799	0	1.0000
stock_b2000_full	L1375926	0	1.0000
stock_b2000_full	L1376446	0	1.0000
stock_b2000_full	L1379897	0	1.0000
stock_b2000_full	L1382552	0	1.0000
stock_b2000_full	L1383419	0	1.0000
stock_b2000_full	L1384623	0	1.0000
stock_b2000_full	L1385181	0	1.0000
stock_b2000_full	L1385242	0	1.0000
stock_b2000_full	L1385670	0	1.0000
stock_b2000_full	L1385883	0	1.0000
stock_b2000_full	L1393526	1	0.5004
stock_b2000_full	L1395495	0	1.0000
stock_b2000_full	L1398892	0	1.0000
stock_b2000_full	L1399065	0	1.0000
stock_b2000_full	L1401252	1	0.9951
stock_b2000_full	L1401873	0	1.0000
stock_b2000_full	L1405185	0	0.9917
stock_b2000_full	L1410964	0	1.0000
stock_b2000_full	L1411691	0	1.0000
stock_b2000_full	L1412410	0	0.9999
stock_b2000_full	L141300	0	1.0000
stock_b2000_full	L141423	0	1.0000
stock_b2000_full	L1421031	0	1.0000
stock_b2000_full	L1421448	0	0.9990
stock_b2000_full	L1433358	0	1.0000
stock_b2000_full	L1436058	1	0.9703
stock_b2000_full	L143945	1	1.0000
stock_b2000_full	L1441448	0	1.0000
stock_b2000_full	L1442207	1	0.6688
stock_b2000_full	L1442390	0	0.9330
stock_b2000_full	L1442834	1	0.5991
stock_b2000_full	L144496	0	1.0000
stock_b2000_full	L144866	0	1.0000
stock_b2000_full	L1451999	0	1.0000
stock_b2000_full	L1452352	0	1.0000
stock_b2000_full	L1458540	0	1.0000
stock_b2000_full	L1462375	0	1.0000
stock_b2000_full	L1463410	0	0.8913
stock_b2000_full	L1465729	1	0.7362
stock_b2000_full	L1465871	0	0.9980
stock_b2000_full	L1467997	0	1.0000
stock_b2000_full	L1469558	0	1.0000
stock_b2000_full	L1472821	1	0.5961
stock_b2000_full	L1475044	1	1.0000
stock_b2000_full	L1475841	1	1.0000
stock_b2000_full	L1476523	0	1.0000
stock_b2000_full	L1477044	0	0.7355
stock_b2000_full	L148171	0	1.0000
stock_b2000_full	L1482489	1	0.8282
stock_b2000_full	L1483548	0	1.0000
stock_b2000_full	L1488072	0	1.0000
stock_b2000_full	L1489229	0	1.0000
stock_b2000_full	L1491050	0	1.0000
stock_b2000_full	L149111	0	1.0000
stock_b2000_full	L1492134	0	1.0000
stock_b2000_full	L1492883	0	1.0000
stock_b2000_full	L149629	0	1.0000
stock_b2000_full	L1498435	0	1.0000
stock_b2000_full	L149859	0	1.0000
stock_b2000_full	L1499391	1	1.0000
stock_b2000_full	L1500089	0	1.0000
stock_b2000_full	L1500505	0	1.0000
stock_b2000_full	L1501858	0	1.0000
stock_b2000_full	L1502230	0	1.0000
stock_b2000_full	L1505057	0	1.0000
stock_b2000_full	L150508	1	1.0000
stock_b2000_full	L1507305	0	1.0000
stock_b2000_full	L1507321	0	1.0000
stock_b2000_full	L1510177	0	1.0000
stock_b2000_full	L1511573	0	1.0000
stock_b2000_full	L1512053	0	1.0000
stock_b2000_full	L1513468	0	1.0000
stock_b2000_full	L1513628	0	0.9981
stock_b2000_full	L1513988	0	1.0000
stock_b2000_full	L1514498	0	1.0000
stock_b2000_full	L151509	0	0.9955
stock_b2000_full	L1522704	0	1.0000
stock_b2000_full	L1524763	0	1.0000
stock_b2000_full	L1526719	0	1.0000
stock_b2000_full	L1527010	0	1.0000
stock_b2000_full	L1528883	0	1.0000
stock_b2000_full	L1533154	0	1.0000
stock_b2000_full	L1536652	0	1.0000
stock_b2000_full	L1544099	0	1.0000
stock_b2000_full	L1546866	0	1.0000
stock_b2000_full	L1549292	0	1.0000
stock_b2000_full	L1551160	0	1.0000
stock_b2000_full	L155120	0	1.0000
stock_b2000_full	L1554553	0	1.0000
stock_b2000_full	L1554815	0	1.0000
stock_b2000_full	L1555892	0	1.0000
stock_b2000_full	L155872	0	1.0000
stock_b2000_full	L1558723	0	1.0000
stock_b2000_full	L1559320	0	0.9842
stock_b2000_full	L1566115	0	0.5255
stock_b2000_full	L1573278	0	1.0000
stock_b2000_full	L1577928	0	1.0000
stock_b2000_full	L1582275	0	1.0000
stock_b2000_full	L1589275	0	1.0000
stock_b2000_full	L1590049	0	1.0000
stock_b2000_full	L1590178	0	0.9950
stock_b2000_full	L1590393	1	1.0000
stock_b2000_full	L159175	0	1.0000
stock_b2000_full	L1591963	0	1.0000
stock_b2000_full	L159450	0	0.9995
stock_b2000_full	L1594569	0	1.0000
stock_b2000_full	L1595102	0	1.0000
stock_b2000_full	L1597	0	1.0000
stock_b2000_full	L1603321	0	1.0000
stock_b2000_full	L1604648	0	0.9999
stock_b2000_full	L1604707	0	0.9801
stock_b2000_full	L1605891	0	1.0000
stock_b2000_full	L1607848	1	0.5992
stock_b2000_full	L1610924	0	1.0000
stock_b2000_full	L1610942	0	0.9998
stock_b2000_full	L1612810	0	1.0000
stock_b2000_full	L161413	0	1.0000
stock_b2000_full	L1614866	0	1.0000
stock_b2000_full	L1615197	0	1.0000
stock_b2000_full	L161808	0	0.9828
stock_b2000_full	L1618425	0	0.9993
stock_b2000_full	L1618796	0	1.0000
stock_b2000_full	L1620831	0	0.9524
stock_b2000_full	L162176	1	1.0000
stock_b2000_full	L1622583	0	0.6402
stock_b2000_full	L1624303	1	1.0000
stock_b2000_full	L1629891	0	1.0000
stock_b2000_full	L1630179	0	1.0000
stock_b2000_full	L1630403	0	1.0000
stock_b2000_full	L1633625	0	1.0000
stock_b2000_full	L1633941	1	1.0000
stock_b2000_full	L1635014	0	1.0000
stock_b2000_full	L1639277	0	0.9962
stock_b2000_full	L1642511	1	0.4301
stock_b2000_full	L1645096	1	1.0000
stock_b2000_full	L1645247	0	1.0000
stock_b2000_full	L16488	0	1.0000
stock_b2000_full	L1651470	1	1.0000
stock_b2000_full	L1652140	0	1.0000
stock_b2000_full	L165257	1	0.7365
stock_b2000_full	L1653194	0	0.7267
stock_b2000_full	L1655586	1	1.0000
stock_b2000_full	L1657518	0	1.0000
stock_b2000_full	L1658593	0	1.0000
stock_b2000_full	L1659274	0	1.0000
stock_b2000_full	L1661444	0	1.0000
stock_b2000_full	L1663258	0	1.0000
stock_b2000_full	L1665812	0	1.0000
stock_b2000_full	L1666633	1	1.0000
stock_b2000_full	L1667262	0	0.9999
stock_b2000_full	L167017	0	0.9788
stock_b2000_full	L1671116	0	0.9593
stock_b2000_full	L1672077	0	0.9991
stock_b2000_full	L1675894	0	1.0000
stock_b2000_full	L1677824	0	1.0000
stock_b2000_full	L1680882	0	1.0000
stock_b2000_full	L1685144	0	1.0000
stock_b2000_full	L1686381	0	1.0000
stock_b2000_full	L1686410	0	1.0000
stock_b2000_full	L169010	0	1.0000
stock_b2000_full	L1690320	0	1.0000
stock_b2000_full	L1690576	0	1.0000
stock_b2000_full	L1693860	0	1.0000
stock_b2000_full	L1695239	0	1.0000
stock_b2000_full	L169730	0	1.0000
stock_b2000_full	L170111	0	1.0000
stock_b2000_full	L1703104	0	1.0000
stock_b2000_full	L1706562	0	0.5086
stock_b2000_full	L1708904	0	1.0000
stock_b2000_full	L171027	0	1.0000
stock_b2000_full	L1711617	0	1.0000
stock_b2000_full	L171345	0	1.0000
stock_b2000_full	L1714677	0	1.0000
stock_b2000_full	L1715085	0	1.0000
stock_b2000_full	L1716532	0	0.8972
stock_b2000_full	L1717811	0	1.0000
stock_b2000_full	L1720542	0	1.0000
stock_b2000_full	L1720937	0	1.0000
stock_b2000_full	L1721244	0	0.6770
stock_b2000_full	L1722568	0	1.0000
stock_b2000_full	L1723521	1	1.0000
stock_b2000_full	L1724666	0	1.0000
stock_b2000_full	L1725447	0	1.0000
stock_b2000_full	L1726956	0	1.0000
stock_b2000_full	L1727387	0	1.0000
stock_b2000_full	L173144	1	1.0000
stock_b2000_full	L1733543	1	1.0000
stock_b2000_full	L1733712	0	0.6182
stock_b2000_full	L1733915	1	0.9426
stock_b2000_full	L1734030	1	0.6951
stock_b2000_full	L1735429	0	1.0000
stock_b2000_full	L1736078	0	0.4417
stock_b2000_full	L1738522	0	1.0000
stock_b2000_full	L1739223	0	1.0000
stock_b2000_full	L1741226	1	0.5115
stock_b2000_full	L1742005	0	1.0000
stock_b2000_full	L1743639	0	0.5721
stock_b2000_full	L174383	0	1.0000
stock_b2000_full	L1745142	1	0.7630
stock_b2000_full	L1748562	1	0.3843
stock_b2000_full	L1749334	1	0.6945
stock_b2000_full	L174953	0	0.9998
stock_b2000_full	L1749552	1	0.8817
stock_b2000_full	L1754368	1	1.0000
stock_b2000_full	L1758970	0	1.0000
stock_b2000_full	L1759278	1	0.4051
stock_b2000_full	L1759881	1	1.0000
stock_b2000_full	L1760746	0	1.0000
stock_b2000_full	L1761774	0	0.3535
stock_b2000_full	L1761913	1	0.3853
stock_b2000_full	L1762837	0	0.9834
stock_b2000_full	L1763043	0	1.0000
stock_b2000_full	L1764232	0	1.0000
stock_b2000_full	L1765163	0	0.9504
stock_b2000_full	L1765569	1	0.6950
stock_b2000_full	L1766820	0	1.0000
stock_b2000_full	L1768466	0	0.9963
stock_b2000_full	L1769728	0	1.0000
stock_b2000_full	L177776	1	0.7505
stock_b2000_full	L1780877	1	1.0000
stock_b2000_full	L1782868	0	1.0000
stock_b2000_full	L1783443	0	1.0000
stock_b2000_full	L1784347	0	1.0000
stock_b2000_full	L1785528	0	1.0000
stock_b2000_full	L1786791	0	0.6116
stock_b2000_full	L1787838	1	1.0000
stock_b2000_full	L1787873	0	0.9999
stock_b2000_full	L1789789	0	0.9382
stock_b2000_full	L1790513	1	0.3996
stock_b2000_full	L1790854	1	1.0000
stock_b2000_full	L179249	0	1.0000
stock_b2000_full	L1793448	0	1.0000
stock_b2000_full	L1794406	0	1.0000
stock_b2000_full	L1796183	0	1.0000
stock_b2000_full	L1802936	1	0.5310
stock_b2000_full	L1804008	0	1.0000
stock_b2000_full	L1805223	0	0.9590
stock_b2000_full	L1806973	0	1.0000
stock_b2000_full	L1810207	0	1.0000
stock_b2000_full	L1812078	0	1.0000
stock_b2000_full	L1813157	0	1.0000
stock_b2000_full	L1816925	1	1.0000
stock_b2000_full	L1817931	0	0.9998
stock_b2000_full	L1818717	1	1.0000
stock_b2000_full	L1819006	0	1.0000
stock_b2000_full	L1822010	2	0.3812
stock_b2000_full	L1823041	0	1.0000
stock_b2000_full	L1826491	0	1.0000
stock_b2000_full	L1827160	0	1.0000
stock_b2000_full	L1827836	0	1.0000
stock_b2000_full	L1834800	1	0.5612
stock_b2000_full	L1834811	1	0.5518
stock_b2000_full	L1835259	1	0.4876
stock_b2000_full	L1835687	1	0.5683
stock_b2000_full	L1837036	0	1.0000
stock_b2000_full	L1843294	0	0.4523
stock_b2000_full	L1852360	1	0.9850
stock_b2000_full	L1854120	0	1.0000
stock_b2000_full	L1856679	1	0.4944
stock_b2000_full	L1856763	1	0.7618
stock_b2000_full	L1857712	0	0.9978
stock_b2000_full	L1858577	1	0.5601
stock_b2000_full	L1864191	0	1.0000
stock_b2000_full	L1866819	0	1.0000
stock_b2000_full	L1868422	0	1.0000
stock_b2000_full	L1872054	1	0.5080
stock_b2000_full	L1872284	0	1.0000
stock_b2000_full	L1873007	0	0.9996
stock_b2000_full	L1873641	0	1.0000
stock_b2000_full	L1875333	0	1.0000
stock_b2000_full	L1876397	0	0.7584
stock_b2000_full	L1879003	0	1.0000
stock_b2000_full	L1880289	0	0.9999
stock_b2000_full	L1881352	0	1.0000
stock_b2000_full	L1881900	0	1.0000
stock_b2000_full	L1882540	0	1.0000
stock_b2000_full	L1885164	0	1.0000
stock_b2000_full	L1888143	0	1.0000
stock_b2000_full	L1893594	0	1.0000
stock_b2000_full	L1895815	1	1.0000
stock_b2000_full	L1896675	0	1.0000
stock_b2000_full	L1897583	0	0.9558
stock_b2000_full	L1897748	0	0.9998
stock_b2000_full	L1899785	0	1.0000
stock_b2000_full	L1900515	0	1.0000
stock_b2000_full	L1901676	0	1.0000
stock_b2000_full	L1902373	0	1.0000
stock_b2000_full	L1903126	0	1.0000
stock_b2000_full	L1904928	1	0.6264
stock_b2000_full	L1905953	0	1.0000
stock_b2000_full	L1907307	1	0.8895
stock_b2000_full	L1907313	0	0.6307
stock_b2000_full	L1911407	1	1.0000
stock_b2000_full	L1914275	0	1.0000
stock_b2000_full	L1916398	0	1.0000
stock_b2000_full	L1918876	0	1.0000
stock_b2000_full	L1919111	0	1.0000
stock_b2000_full	L1920451	0	0.9373
stock_b2000_full	L1921342	0	1.0000
stock_b2000_full	L1923332	0	1.0000
stock_b2000_full	L1923919	0	1.0000
stock_b2000_full	L1925099	1	1.0000
stock_b2000_full	L192528	0	1.0000
stock_b2000_full	L1926033	0	0.9999
stock_b2000_full	L192899	0	1.0000
stock_b2000_full	L1934557	0	1.0000
stock_b2000_full	L1936090	0	1.0000
stock_b2000_full	L1936397	0	1.0000
stock_b2000_full	L1937045	0	0.9334
stock_b2000_full	L1937296	0	1.0000
stock_b2000_full	L1937522	0	1.0000
stock_b2000_full	L1937540	0	1.0000
stock_b2000_full	L1942590	0	1.0000
stock_b2000_full	L194456	1	1.0000
stock_b2000_full	L1945243	0	1.0000
stock_b2000_full	L1946741	0	1.0000
stock_b2000_full	L1948509	0	1.0000
stock_b2000_full	L1949658	0	1.0000
stock_b2000_full	L1950755	0	1.0000
stock_b2000_full	L195251	0	1.0000
stock_b2000_full	L1959004	0	1.0000
stock_b2000_full	L1961654	0	1.0000
stock_b2000_full	L1964041	0	1.0000
stock_b2000_full	L1964145	0	1.0000
stock_b2000_full	L1964255	0	1.0000
stock_b2000_full	L1964638	0	1.0000
stock_b2000_full	L1965455	0	1.0000
stock_b2000_full	L1970682	0	1.0000
stock_b2000_full	L1971139	0	1.0000
stock_b2000_full	L1971415	0	1.0000
stock_b2000_full	L1972060	0	1.0000
stock_b2000_full	L197805	0	1.0000
stock_b2000_full	L1978343	0	1.0000
stock_b2000_full	L1979241	0	1.0000
stock_b2000_full	L1982060	0	1.0000
stock_b2000_full	L1985712	4	1.0000
stock_b2000_full	L1987156	0	1.0000
stock_b2000_full	L1992001	1	1.0000
stock_b2000_full	L1992697	0	1.0000
stock_b2000_full	L1996996	0	1.0000
stock_b2000_full	L1999805	0	1.0000
stock_b2000_full	L20552	0	1.0000
stock_b2000_full	L205951	1	0.8324
stock_b2000_full	L206468	0	1.0000
stock_b2000_full	L206760	0	1.0000
stock_b2000_full	L207601	0	1.0000
stock_b2000_full	L209337	0	0.6269
stock_b2000_full	L21006	0	1.0000
stock_b2000_full	L212437	0	1.0000
stock_b2000_full	L21703	0	1.0000
stock_b2000_full	L21860	0	1.0000
stock_b2000_full	L21970	0	1.0000
stock_b2000_full	L221302	0	1.0000
stock_b2000_full	L222990	0	0.9899
stock_b2000_full	L223698	0	0.7965
stock_b2000_full	L224462	1	0.7788
stock_b2000_full	L226384	0	1.0000
stock_b2000_full	L230051	0	1.0000
stock_b2000_full	L233807	0	1.0000
stock_b2000_full	L234489	0	1.0000
stock_b2000_full	L23637	0	1.0000
stock_b2000_full	L242623	0	1.0000
stock_b2000_full	L246106	1	1.0000
stock_b2000_full	L247389	0	0.9968
stock_b2000_full	L247703	0	1.0000
stock_b2000_full	L251339	2	0.9844
stock_b2000_full	L252095	0	0.4684
stock_b2000_full	L253981	1	0.5186
stock_b2000_full	L254016	1	0.7867
stock_b2000_full	L256416	0	1.0000
stock_b2000_full	L256657	0	1.0000
stock_b2000_full	L256899	0	1.0000
stock_b2000_full	L263537	0	1.0000
stock_b2000_full	L264567	0	1.0000
stock_b2000_full	L268477	0	1.0000
stock_b2000_full	L270354	0	0.9989
stock_b2000_full	L271418	0	1.0000
stock_b2000_full	L278635	0	1.0000
stock_b2000_full	L279786	0	1.0000
stock_b2000_full	L280579	0	1.0000
stock_b2000_full	L287545	0	0.9987
stock_b2000_full	L287741	0	0.9985
stock_b2000_full	L290634	0	1.0000
stock_b2000_full	L291671	0	1.0000
stock_b2000_full	L292815	0	1.0000
stock_b2000_full	L296972	0	1.0000
stock_b2000_full	L297473	0	1.0000
stock_b2000_full	L297512	0	0.6698
stock_b2000_full	L298375	0	1.0000
stock_b2000_full	L301552	0	1.0000
stock_b2000_full	L307194	0	1.0000
stock_b2000_full	L309904	0	1.0000
stock_b2000_full	L3170	1	0.6163
stock_b2000_full	L317654	0	1.0000
stock_b2000_full	L3184	1	0.8032
stock_b2000_full	L318418	2	0.6241
stock_b2000_full	L318534	0	0.6668
stock_b2000_full	L319502	0	1.0000
stock_b2000_full	L320722	0	1.0000
stock_b2000_full	L322292	0	1.0000
stock_b2000_full	L322864	0	1.0000
stock_b2000_full	L323046	0	1.0000
stock_b2000_full	L324328	0	1.0000
stock_b2000_full	L324374	0	1.0000
stock_b2000_full	L325049	0	1.0000
stock_b2000_full	L325432	0	1.0000
stock_b2000_full	L326941	1	1.0000
stock_b2000_full	L331212	1	0.8773
stock_b2000_full	L331444	0	1.0000
stock_b2000_full	L333006	0	1.0000
stock_b2000_full	L333090	0	1.0000
stock_b2000_full	L333836	0	1.0000
stock_b2000_full	L335225	0	1.0000
stock_b2000_full	L335980	0	1.0000
stock_b2000_full	L342344	0	0.8274
stock_b2000_full	L34456	0	1.0000
stock_b2000_full	L348878	0	0.7248
stock_b2000_full	L348891	0	0.7193
stock_b2000_full	L350244	0	1.0000
stock_b2000_full	L350337	0	1.0000
stock_b2000_full	L350475	0	1.0000
stock_b2000_full	L351030	0	1.0000
stock_b2000_full	L351782	0	1.0000
stock_b2000_full	L353565	1	0.9900
stock_b2000_full	L353749	0	1.0000
stock_b2000_full	L356829	0	0.7570
stock_b2000_full	L358839	0	1.0000
stock_b2000_full	L358876	0	1.0000
stock_b2000_full	L35935	0	0.9997
stock_b2000_full	L362772	0	1.0000
stock_b2000_full	L363906	0	0.9827
stock_b2000_full	L365071	0	1.0000
stock_b2000_full	L366723	0	1.0000
stock_b2000_full	L367305	0	1.0000
stock_b2000_full	L367428	0	1.0000
stock_b2000_full	L368018	0	1.0000
stock_b2000_full	L371020	1	0.5700
stock_b2000_full	L3736	0	1.0000
stock_b2000_full	L37437	0	1.0000
stock_b2000_full	L375461	1	1.0000
stock_b2000_full	L377850	0	1.0000
stock_b2000_full	L378723	0	1.0000
stock_b2000_full	L380657	0	0.7519
stock_b2000_full	L380912	0	1.0000
stock_b2000_full	L381434	0	1.0000
stock_b2000_full	L382168	0	0.9989
stock_b2000_full	L382622	0	1.0000
stock_b2000_full	L386443	0	1.0000
stock_b2000_full	L38779	0	1.0000
stock_b2000_full	L388489	0	1.0000
stock_b2000_full	L390690	1	0.3217
stock_b2000_full	L392719	0	1.0000
stock_b2000_full	L394650	0	1.0000
stock_b2000_full	L396138	0	1.0000
stock_b2000_full	L399396	0	0.9604
stock_b2000_full	L401829	0	1.0000
stock_b2000_full	L403497	1	1.0000
stock_b2000_full	L408678	0	1.0000
stock_b2000_full	L408682	0	1.0000
stock_b2000_full	L411960	0	1.0000
stock_b2000_full	L413007	0	1.0000
stock_b2000_full	L415336	0	1.0000
stock_b2000_full	L415413	1	1.0000
stock_b2000_full	L418366	1	0.5240
stock_b2000_full	L418388	0	1.0000
stock_b2000_full	L423584	0	1.0000
stock_b2000_full	L424716	0	1.0000
stock_b2000_full	L427026	1	1.0000
stock_b2000_full	L434630	0	1.0000
stock_b2000_full	L439400	0	1.0000
stock_b2000_full	L439489	0	1.0000
stock_b2000_full	L442680	0	1.0000
stock_b2000_full	L443814	0	0.9994
stock_b2000_full	L449738	1	0.4638
stock_b2000_full	L451768	0	1.0000
stock_b2000_full	L453420	1	1.0000
stock_b2000_full	L453566	1	0.9932
stock_b2000_full	L454288	1	1.0000
stock_b2000_full	L454603	0	1.0000
stock_b2000_full	L454940	1	0.5891
stock_b2000_full	L45583	0	1.0000
stock_b2000_full	L455854	0	1.0000
stock_b2000_full	L460483	1	1.0000
stock_b2000_full	L461004	0	1.0000
stock_b2000_full	L462461	1	1.0000
stock_b2000_full	L465305	0	1.0000
stock_b2000_full	L467955	0	1.0000
stock_b2000_full	L469518	0	1.0000
stock_b2000_full	L470030	0	1.0000
stock_b2000_full	L471487	0	1.0000
stock_b2000_full	L472430	1	1.0000
stock_b2000_full	L472790	0	1.0000
stock_b2000_full	L473496	0	1.0000
stock_b2000_full	L474051	0	0.9168
stock_b2000_full	L474155	0	1.0000
stock_b2000_full	L479578	0	0.9993
stock_b2000_full	L485169	0	1.0000
stock_b2000_full	L487447	0	1.0000
stock_b2000_full	L487895	1	1.0000
stock_b2000_full	L488320	0	0.9998
stock_b2000_full	L489	0	1.0000
stock_b2000_full	L489204	0	1.0000
stock_b2000_full	L490152	0	1.0000
stock_b2000_full	L494947	0	0.5839
stock_b2000_full	L50067	0	1.0000
stock_b2000_full	L501047	0	1.0000
stock_b2000_full	L502660	0	1.0000
stock_b2000_full	L504133	0	1.0000
stock_b2000_full	L507963	0	1.0000
stock_b2000_full	L509062	0	1.0000
stock_b2000_full	L510232	0	1.0000
stock_b2000_full	L511198	0	1.0000
stock_b2000_full	L511998	0	0.6094
stock_b2000_full	L512885	0	1.0000
stock_b2000_full	L515527	0	1.0000
stock_b2000_full	L516621	0	0.6772
stock_b2000_full	L520061	1	1.0000
stock_b2000_full	L521854	0	1.0000
stock_b2000_full	L522361	1	0.7802
stock_b2000_full	L523007	0	1.0000
stock_b2000_full	L52377	1	1.0000
stock_b2000_full	L523780	1	0.4315
stock_b2000_full	L526348	0	1.0000
stock_b2000_full	L526362	0	1.0000
stock_b2000_full	L529128	0	1.0000
stock_b2000_full	L529259	1	1.0000
stock_b2000_full	L531183	0	1.0000
stock_b2000_full	L535176	0	1.0000
stock_b2000_full	L535927	1	1.0000
stock_b2000_full	L53900	0	1.0000
stock_b2000_full	L54140	0	1.0000
stock_b2000_full	L545290	0	1.0000
stock_b2000_full	L551516	0	1.0000
stock_b2000_full	L552430	0	1.0000
stock_b2000_full	L554769	0	1.0000
stock_b2000_full	L556620	0	1.0000
stock_b2000_full	L557148	0	1.0000
stock_b2000_full	L560741	1	0.8067
stock_b2000_full	L562253	0	1.0000
stock_b2000_full	L563575	0	1.0000
stock_b2000_full	L564960	1	0.6577
stock_b2000_full	L566111	0	0.5628
stock_b2000_full	L571479	1	0.9773
stock_b2000_full	L572100	0	1.0000
stock_b2000_full	L578549	0	0.4180
stock_b2000_full	L580412	0	1.0000
stock_b2000_full	L583359	0	0.9998
stock_b2000_full	L58398	1	0.9457
stock_b2000_full	L585434	1	0.9013
stock_b2000_full	L586104	0	1.0000
stock_b2000_full	L595406	0	0.8699
stock_b2000_full	L599093	0	1.0000
stock_b2000_full	L610583	0	1.0000
stock_b2000_full	L613767	0	0.9300
stock_b2000_full	L615521	0	1.0000
stock_b2000_full	L616720	0	1.0000
stock_b2000_full	L617134	1	1.0000
stock_b2000_full	L618884	0	1.0000
stock_b2000_full	L6189	0	1.0000
stock_b2000_full	L622600	0	0.9999
stock_b2000_full	L62692	0	1.0000
stock_b2000_full	L628634	0	0.9714
stock_b2000_full	L629842	0	1.0000
stock_b2000_full	L631992	0	0.9381
stock_b2000_full	L63248	1	0.9842
stock_b2000_full	L634575	1	1.0000
stock_b2000_full	L6356	0	1.0000
stock_b2000_full	L637890	0	1.0000
stock_b2000_full	L63791	0	1.0000
stock_b2000_full	L639649	0	1.0000
stock_b2000_full	L642602	1	0.9570
stock_b2000_full	L646762	0	1.0000
stock_b2000_full	L650498	0	1.0000
stock_b2000_full	L651242	0	1.0000
stock_b2000_full	L651264	0	1.0000
stock_b2000_full	L652790	0	1.0000
stock_b2000_full	L654346	1	0.5847
stock_b2000_full	L655133	0	1.0000
stock_b2000_full	L657223	0	1.0000
stock_b2000_full	L659271	1	0.7788
stock_b2000_full	L659432	1	0.5030
stock_b2000_full	L660496	0	0.8264
stock_b2000_full	L661586	0	1.0000
stock_b2000_full	L663357	0	1.0000
stock_b2000_full	L663649	0	0.9987
stock_b2000_full	L6727	1	0.4713
stock_b2000_full	L674570	0	1.0000
stock_b2000_full	L674945	0	1.0000
stock_b2000_full	L675853	0	1.0000
stock_b2000_full	L676330	0	1.0000
stock_b2000_full	L676359	0	1.0000
stock_b2000_full	L67715	0	0.9886
stock_b2000_full	L677200	0	1.0000
stock_b2000_full	L677943	0	1.0000
stock_b2000_full	L680508	0	1.0000
stock_b2000_full	L681757	0	1.0000
stock_b2000_full	L682589	0	1.0000
stock_b2000_full	L685735	0	1.0000
stock_b2000_full	L688428	0	1.0000
stock_b2000_full	L690836	0	1.0000
stock_b2000_full	L69227	0	1.0000
stock_b2000_full	L694001	1	1.0000
stock_b2000_full	L697211	1	1.0000
stock_b2000_full	L698980	0	1.0000
stock_b2000_full	L699299	0	1.0000
stock_b2000_full	L70184	0	1.0000
stock_b2000_full	L703700	0	1.0000
stock_b2000_full	L704052	0	1.0000
stock_b2000_full	L704079	0	1.0000
stock_b2000_full	L705648	0	1.0000
stock_b2000_full	L705664	0	1.0000
stock_b2000_full	L706887	0	1.0000
stock_b2000_full	L70693	0	1.0000
stock_b2000_full	L70846	0	1.0000
stock_b2000_full	L710516	0	1.0000
stock_b2000_full	L710854	0	1.0000
stock_b2000_full	L710875	0	1.0000
stock_b2000_full	L713284	0	1.0000
stock_b2000_full	L714291	0	1.0000
stock_b2000_full	L718210	0	1.0000
stock_b2000_full	L71837	1	0.6208
stock_b2000_full	L719293	0	0.8952
stock_b2000_full	L719453	0	1.0000
stock_b2000_full	L721929	1	1.0000
stock_b2000_full	L72644	0	1.0000
stock_b2000_full	L727915	0	1.0000
stock_b2000_full	L733225	0	1.0000
stock_b2000_full	L738291	0	1.0000
stock_b2000_full	L738471	0	1.0000
stock_b2000_full	L741947	1	1.0000
stock_b2000_full	L742305	0	1.0000
stock_b2000_full	L744434	0	1.0000
stock_b2000_full	L747615	0	1.0000
stock_b2000_full	L749719	0	1.0000
stock_b2000_full	L749755	0	1.0000
stock_b2000_full	L750040	1	1.0000
stock_b2000_full	L751250	0	0.9998
stock_b2000_full	L752781	1	0.5132
stock_b2000_full	L753459	1	0.5604
stock_b2000_full	L756119	0	0.8359
stock_b2000_full	L756273	0	0.8255
stock_b2000_full	L756947	1	0.7579
stock_b2000_full	L757056	1	1.0000
stock_b2000_full	L759101	0	1.0000
stock_b2000_full	L760182	0	1.0000
stock_b2000_full	L761191	0	0.7692
stock_b2000_full	L762001	0	0.9977
stock_b2000_full	L762093	0	1.0000
stock_b2000_full	L762176	0	1.0000
stock_b2000_full	L763379	0	1.0000
stock_b2000_full	L768450	0	1.0000
stock_b2000_full	L769757	0	1.0000
stock_b2000_full	L771085	0	0.9994
stock_b2000_full	L77116	0	0.7832
stock_b2000_full	L772427	0	1.0000
stock_b2000_full	L776030	0	1.0000
stock_b2000_full	L777299	1	1.0000
stock_b2000_full	L777823	0	1.0000
stock_b2000_full	L777910	1	0.7065
stock_b2000_full	L781446	0	0.7562
stock_b2000_full	L784431	1	1.0000
stock_b2000_full	L786569	0	1.0000
stock_b2000_full	L787602	0	1.0000
stock_b2000_full	L789348	1	1.0000
stock_b2000_full	L789708	0	0.9984
stock_b2000_full	L790161	0	1.0000
stock_b2000_full	L791251	0	1.0000
stock_b2000_full	L79329	0	1.0000
stock_b2000_full	L793756	0	0.9879
stock_b2000_full	L795446	0	1.0000
stock_b2000_full	L799472	1	0.7423
stock_b2000_full	L799778	1	0.5340
stock_b2000_full	L800622	0	1.0000
stock_b2000_full	L802530	1	0.7109
stock_b2000_full	L803200	1	0.9825
stock_b2000_full	L804499	0	1.0000
stock_b2000_full	L807590	0	1.0000
stock_b2000_full	L808265	0	1.0000
stock_b2000_full	L808905	1	1.0000
stock_b2000_full	L811697	0	0.7011
stock_b2000_full	L811790	0	1.0000
stock_b2000_full	L811826	0	1.0000
stock_b2000_full	L812045	0	1.0000
stock_b2000_full	L816143	0	1.0000
stock_b2000_full	L816490	0	1.0000
stock_b2000_full	L817904	0	1.0000
stock_b2000_full	L818701	1	0.9249
stock_b2000_full	L819185	1	1.0000
stock_b2000_full	L819987	1	0.9951
stock_b2000_full	L821601	0	1.0000
stock_b2000_full	L824597	0	0.9429
stock_b2000_full	L825004	0	1.0000
stock_b2000_full	L827047	0	0.9312
stock_b2000_full	L827519	1	0.6369
stock_b2000_full	L827898	0	0.9936
stock_b2000_full	L83179	0	1.0000
stock_b2000_full	L832817	0	1.0000
stock_b2000_full	L832855	0	1.0000
stock_b2000_full	L838317	1	0.9504
stock_b2000_full	L845507	0	0.6018
stock_b2000_full	L846147	0	1.0000
stock_b2000_full	L847407	0	1.0000
stock_b2000_full	L847827	0	1.0000
stock_b2000_full	L849392	0	1.0000
stock_b2000_full	L852778	0	1.0000
stock_b2000_full	L855478	0	1.0000
stock_b2000_full	L857135	0	1.0000
stock_b2000_full	L858314	0	0.9340
stock_b2000_full	L859198	0	0.9988
stock_b2000_full	L861067	1	0.8100
stock_b2000_full	L861612	0	1.0000
stock_b2000_full	L865768	1	0.8499
stock_b2000_full	L868031	1	1.0000
stock_b2000_full	L869962	0	1.0000
stock_b2000_full	L871757	0	1.0000
stock_b2000_full	L87227	0	1.0000
stock_b2000_full	L872641	0	1.0000
stock_b2000_full	L875345	0	1.0000
stock_b2000_full	L883421	0	1.0000
stock_b2000_full	L883981	0	1.0000
stock_b2000_full	L884210	1	0.4262
stock_b2000_full	L885983	0	1.0000
stock_b2000_full	L887768	0	1.0000
stock_b2000_full	L88843	1	0.5920
stock_b2000_full	L888705	0	0.7193
stock_b2000_full	L889436	0	1.0000
stock_b2000_full	L890611	1	0.4669
stock_b2000_full	L890861	0	1.0000
stock_b2000_full	L890978	0	1.0000
stock_b2000_full	L894458	0	1.0000
stock_b2000_full	L895635	0	1.0000
stock_b2000_full	L896421	0	1.0000
stock_b2000_full	L89769	0	1.0000
stock_b2000_full	L899685	0	1.0000
stock_b2000_full	L901803	1	0.7091
stock_b2000_full	L903650	1	1.0000
stock_b2000_full	L904813	1	0.6753
stock_b2000_full	L908878	1	1.0000
stock_b2000_full	L909692	2	0.3975
stock_b2000_full	L910078	0	1.0000
stock_b2000_full	L912103	0	1.0000
stock_b2000_full	L912322	0	1.0000
stock_b2000_full	L912719	0	1.0000
stock_b2000_full	L912815	0	1.0000
stock_b2000_full	L913531	0	1.0000
stock_b2000_full	L91563	0	0.5493
stock_b2000_full	L915786	0	0.6503
stock_b2000_full	L915789	0	0.5686
stock_b2000_full	L9163	0	1.0000
stock_b2000_full	L919590	1	1.0000
stock_b2000_full	L919603	1	0.8986
stock_b2000_full	L928032	0	1.0000
stock_b2000_full	L928536	0	0.9948
stock_b2000_full	L929320	0	0.5339
stock_b2000_full	L931629	1	1.0000
stock_b2000_full	L935668	1	0.5679
stock_b2000_full	L937448	1	0.5651
stock_b2000_full	L938502	2	0.4302
stock_b2000_full	L939729	0	1.0000
stock_b2000_full	L943549	1	0.5054
stock_b2000_full	L946755	0	1.0000
stock_b2000_full	L946983	0	1.0000
stock_b2000_full	L947120	0	1.0000
stock_b2000_full	L94829	0	1.0000
stock_b2000_full	L948707	0	0.9998
stock_b2000_full	L954478	0	1.0000
stock_b2000_full	L956192	0	1.0000
stock_b2000_full	L956318	0	1.0000
stock_b2000_full	L95996	0	1.0000
stock_b2000_full	L963059	0	1.0000
stock_b2000_full	L964150	0	1.0000
stock_b2000_full	L966865	0	1.0000
stock_b2000_full	L968281	0	1.0000
stock_b2000_full	L968389	0	1.0000
stock_b2000_full	L968426	0	1.0000
stock_b2000_full	L97211	1	1.0000
stock_b2000_full	L973556	0	0.9969
stock_b2000_full	L974644	1	1.0000
stock_b2000_full	L97491	0	1.0000
stock_b2000_full	L976334	0	1.0000
stock_b2000_full	L977262	0	1.0000
stock_b2000_full	L983031	0	1.0000
stock_b2000_full	L985883	1	0.5310
stock_b2000_full	L986248	0	0.9874
stock_b2000_full	L986264	0	0.9408
stock_b2000_full	L986750	0	1.0000
stock_b2000_full	L988510	0	1.0000
stock_b2000_full	L98918	0	1.0000
stock_b2000_full	L99225	0	1.0000
stock_b2000_full	L99629	0	1.0000
stock_b2000_full	L998137	0	1.0000
stock_b2000_full	L998626	0	0.9999
stock_b5000_frag	L1001560	0	1.0000
stock_b5000_frag	L1004110	0	1.0000
stock_b5000_frag	L1006060	0	1.0000
stock_b5000_frag	L1009598	2	0.9888
stock_b5000_frag	L1010572	3	1.0000
stock_b5000_frag	L1011172	0	1.0000
stock_b5000_frag	L1014202	1	0.9916
stock_b5000_frag	L1015517	2	0.9977
stock_b5000_frag	L1021619	1	1.0000
stock_b5000_frag	L1024876	0	0.9998
stock_b5000_frag	L1025069	5	1.0000
stock_b5000_frag	L1025529	0	1.0000
stock_b5000_frag	L1026996	2	1.0000
stock_b5000_frag	L1028872	1	1.0000
stock_b5000_frag	L1029320	2	0.4873
stock_b5000_frag	L1029938	0	0.9999
stock_b5000_frag	L1031322	2	1.0000
stock_b5000_frag	L1034006	1	1.0000
stock_b5000_frag	L1034223	1	0.8753
stock_b5000_frag	L1036697	0	1.0000
stock_b5000_frag	L1040082	0	0.9989
stock_b5000_frag	L1040135	0	0.9899
stock_b5000_frag	L1041321	0	1.0000
stock_b5000_frag	L1041572	5	1.0000
stock_b5000_frag	L1045274	2	0.8487
stock_b5000_frag	L1046691	1	0.6774
stock_b5000_frag	L1048629	1	1.0000
stock_b5000_frag	L1048900	0	0.9998
stock_b5000_frag	L1051539	4	1.0000
stock_b5000_frag	L1053671	0	1.0000
stock_b5000_frag	L1056104	0	0.5875
stock_b5000_frag	L1057643	0	1.0000
stock_b5000_frag	L1058777	0	1.0000
stock_b5000_frag	L105923	3	1.0000
stock_b5000_frag	L1060697	1	1.0000
stock_b5000_frag	L1062231	0	1.0000
stock_b5000_frag	L1063655	2	0.6872
stock_b5000_frag	L1066055	2	1.0000
stock_b5000_frag	L1066869	0	0.9691
stock_b5000_frag	L1068256	2	0.9990
stock_b5000_frag	L1069244	0	1.0000
stock_b5000_frag	L1070240	0	0.9736
stock_b5000_frag	L1073738	2	1.0000
stock_b5000_frag	L1079529	3	1.0000
stock_b5000_frag	L1079925	1	0.7088
stock_b5000_frag	L1080779	2	1.0000
stock_b5000_frag	L1081899	4	1.0000
stock_b5000_frag	L1082889	0	1.0000
stock_b5000_frag	L1082966	0	1.0000
stock_b5000_frag	L1084007	0	1.0000
stock_b5000_frag	L1085883	0	0.9839
stock_b5000_frag	L1086391	2	1.0000
stock_b5000_frag	L1086461	3	1.0000
stock_b5000_frag	L108652	5	1.0000
stock_b5000_frag	L1086569	0	1.0000
stock_b5000_frag	L108690	0	0.6282
stock_b5000_frag	L108958	8	0.7876
stock_b5000_frag	L1092340	1	1.0000
stock_b5000_frag	L1094288	1	0.5944
stock_b5000_frag	L1096833	0	0.8956
stock_b5000_frag	L1097479	1	0.8906
stock_b5000_frag	L1097562	0	1.0000
stock_b5000_frag	L1099426	1	1.0000
stock_b5000_frag	L1100273	0	0.9952
stock_b5000_frag	L1106070	0	1.0000
stock_b5000_frag	L1107453	1	1.0000
stock_b5000_frag	L111069	0	1.0000
stock_b5000_frag	L1112051	3	1.0000
stock_b5000_frag	L1113584	1	0.5398
stock_b5000_frag	L1113767	0	1.0000
stock_b5000_frag	L1114404	5	1.0000
stock_b5000_frag	L111487	2	1.0000
stock_b5000_frag	L1115783	2	0.8500
stock_b5000_frag	L1123161	0	1.0000
stock_b5000_frag	L112511	0	1.0000
stock_b5000_frag	L1125144	1	0.9928
stock_b5000_frag	L1129896	3	1.0000
stock_b5000_frag	L112990	1	1.0000
stock_b5000_frag	L1130797	5	1.0000
stock_b5000_frag	L1132085	2	1.0000
stock_b5000_frag	L1134223	0	0.8801
stock_b5000_frag	L1138009	1	0.9991
stock_b5000_frag	L1139559	3	0.5852
stock_b5000_frag	L1139874	0	1.0000
stock_b5000_frag	L114083	2	0.5360
stock_b5000_frag	L1143269	0	1.0000
stock_b5000_frag	L114415	1	1.0000
stock_b5000_frag	L1148897	1	1.0000
stock_b5000_frag	L115053	0	0.9998
stock_b5000_frag	L1157871	0	1.0000
stock_b5000_frag	L1159954	1	0.6077
stock_b5000_frag	L1163982	0	1.0000
stock_b5000_frag	L1166709	0	0.5949
stock_b5000_frag	L1168147	0	1.0000
stock_b5000_frag	L1168246	0	1.0000
stock_b5000_frag	L1174309	0	0.9988
stock_b5000_frag	L1176017	1	1.0000
stock_b5000_frag	L1180799	1	1.0000
stock_b5000_frag	L1182677	0	0.7260
stock_b5000_frag	L1182856	8	0.5604
stock_b5000_frag	L1185198	1	1.0000
stock_b5000_frag	L1185601	0	1.0000
stock_b5000_frag	L118714	4	1.0000
stock_b5000_frag	L1189376	0	1.0000
stock_b5000_frag	L1193103	4	0.9896
stock_b5000_frag	L1193586	1	0.9784
stock_b5000_frag	L1195987	0	1.0000
stock_b5000_frag	L1197653	3	1.0000
stock_b5000_frag	L1198863	0	0.9263
stock_b5000_frag	L1200101	0	1.0000
stock_b5000_frag	L1201939	0	1.0000
stock_b5000_frag	L1202998	0	1.0000
stock_b5000_frag	L1203763	0	0.9985
stock_b5000_frag	L12043	3	1.0000
stock_b5000_frag	L1204855	0	1.0000
stock_b5000_frag	L1205350	3	1.0000
stock_b5000_frag	L1208662	2	1.0000
stock_b5000_frag	L1211682	3	0.9962
stock_b5000_frag	L1211692	0	0.9598
stock_b5000_frag	L1212928	1	1.0000
stock_b5000_frag	L1213032	0	1.0000
stock_b5000_frag	L1213065	0	1.0000
stock_b5000_frag	L1214580	0	1.0000
stock_b5000_frag	L1214865	3	1.0000
stock_b5000_frag	L1220369	1	1.0000
stock_b5000_frag	L1221036	2	0.6502
stock_b5000_frag	L1221084	1	0.6495
stock_b5000_frag	L1224791	0	1.0000
stock_b5000_frag	L1224974	2	1.0000
stock_b5000_frag	L1225803	6	1.0000
stock_b5000_frag	L1228089	0	1.0000
stock_b5000_frag	L1230778	1	0.5725
stock_b5000_frag	L1231586	1	0.6596
stock_b5000_frag	L1232442	4	1.0000
stock_b5000_frag	L1234498	0	1.0000
stock_b5000_frag	L1239009	0	1.0000
stock_b5000_frag	L1239425	1	1.0000
stock_b5000_frag	L1239893	1	0.9651
stock_b5000_frag	L1242428	1	0.8956
stock_b5000_frag	L1243420	0	1.0000
stock_b5000_frag	L1247198	1	1.0000
stock_b5000_frag	L1248117	0	1.0000
stock_b5000_frag	L1250931	0	0.9955
stock_b5000_frag	L1252227	2	1.0000
stock_b5000_frag	L1260978	5	1.0000
stock_b5000_frag	L1261356	2	1.0000
stock_b5000_frag	L1263014	0	1.0000
stock_b5000_frag	L1263342	1	0.9589
stock_b5000_frag	L1263703	0	1.0000
stock_b5000_frag	L1265160	0	1.0000
stock_b5000_frag	L1265653	1	1.0000
stock_b5000_frag	L1266143	2	1.0000
stock_b5000_frag	L1266484	5	1.0000
stock_b5000_frag	L1267289	3	0.9477
stock_b5000_frag	L1270832	1	0.8313
stock_b5000_frag	L1273881	2	1.0000
stock_b5000_frag	L1274778	0	1.0000
stock_b5000_frag	L1278871	0	1.0000
stock_b5000_frag	L1281379	0	1.0000
stock_b5000_frag	L1282064	0	1.0000
stock_b5000_frag	L1284437	1	1.0000
stock_b5000_frag	L1289046	4	1.0000
stock_b5000_frag	L129057	0	1.0000
stock_b5000_frag	L129102	2	1.0000
stock_b5000_frag	L1291159	3	1.0000
stock_b5000_frag	L1293709	3	1.0000
stock_b5000_frag	L1293860	1	1.0000
stock_b5000_frag	L1294148	3	1.0000
stock_b5000_frag	L1296774	0	1.0000
stock_b5000_frag	L1297053	0	1.0000
stock_b5000_frag	L1300073	0	1.0000
stock_b5000_frag	L1301795	1	1.0000
stock_b5000_frag	L1306677	3	0.7446
stock_b5000_frag	L1306855	0	1.0000
stock_b5000_frag	L1307746	10	1.0000
stock_b5000_frag	L1312920	1	1.0000
stock_b5000_frag	L1314145	0	1.0000
stock_b5000_frag	L1314194	1	0.9922
stock_b5000_frag	L13173	2	0.6137
stock_b5000_frag	L1318370	2	0.5065
stock_b5000_frag	L1318861	2	1.0000
stock_b5000_frag	L1321166	3	0.8892
stock_b5000_frag	L1324671	1	0.6112
stock_b5000_frag	L1328117	4	1.0000
stock_b5000_frag	L1330303	1	0.7612
stock_b5000_frag	L1335655	1	1.0000
stock_b5000_frag	L1336052	3	1.0000
stock_b5000_frag	L1337916	3	1.0000
stock_b5000_frag	L133834	0	0.9637
stock_b5000_frag	L1339015	0	1.0000
stock_b5000_frag	L1340208	0	0.7275
stock_b5000_frag	L1341191	3	1.0000
stock_b5000_frag	L1342813	1	1.0000
stock_b5000_frag	L134422	3	1.0000
stock_b5000_frag	L1348437	1	1.0000
stock_b5000_frag	L1349598	0	1.0000
stock_b5000_frag	L1351683	0	1.0000
stock_b5000_frag	L1352311	1	1.0000
stock_b5000_frag	L1354390	1	0.5138
stock_b5000_frag	L1360154	0	1.0000
stock_b5000_frag	L1362062	1	0.9204
stock_b5000_frag	L1362414	4	1.0000
stock_b5000_frag	L136602	1	1.0000
stock_b5000_frag	L1368890	1	1.0000
stock_b5000_frag	L1373240	0	1.0000
stock_b5000_frag	L1373356	2	1.0000
stock_b5000_frag	L1374751	1	1.0000
stock_b5000_frag	L1375799	2	1.0000
stock_b5000_frag	L1375926	1	0.5932
stock_b5000_frag	L1376446	4	1.0000
stock_b5000_frag	L1379897	1	0.3574
stock_b5000_frag	L1382552	1	1.0000
stock_b5000_frag	L1383419	0	1.0000
stock_b5000_frag	L1384623	1	1.0000
stock_b5000_frag	L1385181	0	1.0000
stock_b5000_frag	L1385242	0	0.6810
stock_b5000_frag	L1385670	1	0.6979
stock_b5000_frag	L1385883	8	0.8787
stock_b5000_frag	L1393526	4	1.0000
stock_b5000_frag	L1395495	0	0.7799
stock_b5000_frag	L1398892	0	1.0000
stock_b5000_frag	L1399065	0	0.9999
stock_b5000_frag	L1401252	2	0.7762
stock_b5000_frag	L1401873	2	1.0000
stock_b5000_frag	L1405185	1	1.0000
stock_b5000_frag	L1410964	0	1.0000
stock_b5000_frag	L1411691	0	1.0000
stock_b5000_frag	L1412410	1	0.4412
stock_b5000_frag	L141300	1	1.0000
stock_b5000_frag	L141423	0	1.0000
stock_b5000_frag	L1421031	0	1.0000
stock_b5000_frag	L1421448	2	0.5160
stock_b5000_frag	L1433358	0	1.0000
stock_b5000_frag	L1436058	1	0.9991
stock_b5000_frag	L143945	1	1.0000
stock_b5000_frag	L1441448	1	0.6368
stock_b5000_frag	L1442207	12	1.0000
stock_b5000_frag	L1442390	0	1.0000
stock_b5000_frag	L1442834	3	1.0000
stock_b5000_frag	L144496	0	1.0000
stock_b5000_frag	L144866	1	1.0000
stock_b5000_frag	L1451999	0	1.0000
stock_b5000_frag	L1452352	4	0.9997
stock_b5000_frag	L1458540	0	0.9985
stock_b5000_frag	L1462375	1	0.9949
stock_b5000_frag	L1463410	4	1.0000
stock_b5000_frag	L1465729	2	1.0000
stock_b5000_frag	L1465871	11	0.5904
stock_b5000_frag	L1467997	3	1.0000
stock_b5000_frag	L1469558	0	1.0000
stock_b5000_frag	L1472821	4	0.5282
stock_b5000_frag	L1475044	2	0.9998
stock_b5000_frag	L1475841	2	1.0000
stock_b5000_frag	L1476523	0	1.0000
stock_b5000_frag	L1477044	1	1.0000
stock_b5000_frag	L148171	4	1.0000
stock_b5000_frag	L1482489	4	1.0000
stock_b5000_frag	L1483548	0	0.5110
stock_b5000_frag	L1488072	4	1.0000
stock_b5000_frag	L1489229	1	0.9774
stock_b5000_frag	L1491050	2	0.9505
stock_b5000_frag	L149111	1	0.9918
stock_b5000_frag	L1492134	1	1.0000
stock_b5000_frag	L1492883	1	0.5467
stock_b5000_frag	L149629	0	1.0000
stock_b5000_frag	L1498435	0	0.9721
stock_b5000_frag	L149859	0	1.0000
stock_b5000_frag	L1499391	1	0.6069
stock_b5000_frag	L1500089	0	1.0000
stock_b5000_frag	L1500505	6	0.8353
stock_b5000_frag	L1501858	0	1.0000
stock_b5000_frag	L1502230	0	1.0000
stock_b5000_frag	L1505057	4	0.5930
stock_b5000_frag	L150508	0	1.0000
stock_b5000_frag	L1507305	1	1.0000
stock_b5000_frag	L1507321	4	0.9450
stock_b5000_frag	L1510177	0	0.9948
stock_b5000_frag	L1511573	2	1.0000
stock_b5000_frag	L1512053	7	1.0000
stock_b5000_frag	L1513468	0	1.0000
stock_b5000_frag	L1513628	1	1.0000
stock_b5000_frag	L1513988	12	0.9919
stock_b5000_frag	L1514498	3	0.9995
stock_b5000_frag	L151509	0	0.8117
stock_b5000_frag	L1522704	0	1.0000
stock_b5000_frag	L1524763	2	1.0000
stock_b5000_frag	L1526719	0	1.0000
stock_b5000_frag	L1527010	8	1.0000
stock_b5000_frag	L1528883	1	0.9998
stock_b5000_frag	L1533154	1	0.9968
stock_b5000_frag	L1536652	1	1.0000
stock_b5000_frag	L1544099	0	0.9368
stock_b5000_frag	L1546866	0	0.7269
stock_b5000_frag	L1549292	5	1.0000
stock_b5000_frag	L1551160	1	0.9883
stock_b5000_frag	L155120	1	1.0000
stock_b5000_frag	L1554553	1	0.9966
stock_b5000_frag	L1554815	5	0.9960
stock_b5000_frag	L1555892	0	1.0000
stock_b5000_frag	L155872	0	1.0000
stock_b5000_frag	L1558723	3	0.9897
stock_b5000_frag	L1559320	2	1.0000
stock_b5000_frag	L1566115	1	1.0000
stock_b5000_frag	L1573278	0	1.0000
stock_b5000_frag	L1577928	7	1.0000
stock_b5000_frag	L1582275	0	1.0000
stock_b5000_frag	L1589275	2	1.0000
stock_b5000_frag	L1590049	0	1.0000
stock_b5000_frag	L1590178	5	1.0000
stock_b5000_frag	L1590393	2	0.9868
stock_b5000_frag	L159175	0	1.0000
stock_b5000_frag	L1591963	8	0.9906
stock_b5000_frag	L159450	1	1.0000
stock_b5000_frag	L1594569	0	1.0000
stock_b5000_frag	L1595102	2	0.9998
stock_b5000_frag	L1597	0	1.0000
stock_b5000_frag	L1603321	1	0.8344
stock_b5000_frag	L1604648	2	0.8974
stock_b5000_frag	L1604707	1	1.0000
stock_b5000_frag	L1605891	0	0.9845
stock_b5000_frag	L1607848	2	0.8506
stock_b5000_frag	L1610924	1	1.0000
stock_b5000_frag	L1610942	2	1.0000
stock_b5000_frag	L1612810	0	0.9988
stock_b5000_frag	L161413	0	1.0000
stock_b5000_frag	L1614866	0	0.9790
stock_b5000_frag	L1615197	3	1.0000
stock_b5000_frag	L161808	1	0.6003
stock_b5000_frag	L1618425	0	0.9994
stock_b5000_frag	L1618796	0	1.0000
stock_b5000_frag	L1620831	3	1.0000
stock_b5000_frag	L162176	6	1.0000
stock_b5000_frag	L1622583	2	0.2991
stock_b5000_frag	L1624303	3	1.0000
stock_b5000_frag	L1629891	0	1.0000
stock_b5000_frag	L1630179	0	1.0000
stock_b5000_frag	L1630403	4	0.5266
stock_b5000_frag	L1633625	1	0.3666
stock_b5000_frag	L1633941	3	0.5001
stock_b5000_frag	L1635014	2	1.0000
stock_b5000_frag	L1639277	4	1.0000
stock_b5000_frag	L1642511	2	1.0000
stock_b5000_frag	L1645096	2	0.9999
stock_b5000_frag	L1645247	0	1.0000
stock_b5000_frag	L16488	0	0.4741
stock_b5000_frag	L1651470	1	1.0000
stock_b5000_frag	L1652140	8	1.0000
stock_b5000_frag	L165257	1	0.5251
stock_b5000_frag	L1653194	8	1.0000
stock_b5000_frag	L1655586	0	0.8228
stock_b5000_frag	L1657518	4	1.0000
stock_b5000_frag	L1658593	4	1.0000
stock_b5000_frag	L1659274	1	1.0000
stock_b5000_frag	L1661444	0	1.0000
stock_b5000_frag	L1663258	1	0.5602
stock_b5000_frag	L1665812	3	0.7603
stock_b5000_frag	L1666633	1	1.0000
stock_b5000_frag	L1667262	1	0.8456
stock_b5000_frag	L167017	2	1.0000
stock_b5000_frag	L1671116	1	1.0000
stock_b5000_frag	L1672077	3	1.0000
stock_b5000_frag	L1675894	2	1.0000
stock_b5000_frag	L1677824	0	1.0000
stock_b5000_frag	L1680882	2	0.8207
stock_b5000_frag	L1685144	7	0.9992
stock_b5000_frag	L1686381	2	1.0000
stock_b5000_frag	L1686410	1	1.0000
stock_b5000_frag	L169010	1	1.0000
stock_b5000_frag	L1690320	0	1.0000
stock_b5000_frag	L1690576	0	1.0000
stock_b5000_frag	L1693860	0	0.5753
stock_b5000_frag	L1695239	0	1.0000
stock_b5000_frag	L169730	2	1.0000
stock_b5000_frag	L170111	0	0.9358
stock_b5000_frag	L1703104	1	0.9958
stock_b5000_frag	L1706562	1	1.0000
stock_b5000_frag	L1708904	0	1.0000
stock_b5000_frag	L171027	0	1.0000
stock_b5000_frag	L1711617	8	1.0000
stock_b5000_frag	L171345	0	1.0000
stock_b5000_frag	L1714677	1	0.3866
stock_b5000_frag	L1715085	1	1.0000
stock_b5000_frag	L1716532	5	1.0000
stock_b5000_frag	L1717811	0	1.0000
stock_b5000_frag	L1720542	0	1.0000
stock_b5000_frag	L1720937	0	1.0000
stock_b5000_frag	L1721244	3	1.0000
stock_b5000_frag	L1722568	0	1.0000
stock_b5000_frag	L1723521	1	0.9877
stock_b5000_frag	L1724666	0	0.9999
stock_b5000_frag	L1725447	0	0.4541
stock_b5000_frag	L1726956	0	0.9999
stock_b5000_frag	L1727387	1	0.7389
stock_b5000_frag	L173144	1	1.0000
stock_b5000_frag	L1733543	3	1.0000
stock_b5000_frag	L1733712	2	0.8327
stock_b5000_frag	L1733915	2	0.8256
stock_b5000_frag	L1734030	1	0.8352
stock_b5000_frag	L1735429	1	1.0000
stock_b5000_frag	L1736078	3	1.0000
stock_b5000_frag	L1738522	0	1.0000
stock_b5000_frag	L1739223	1	0.9997
stock_b5000_frag	L1741226	6	1.0000
stock_b5000_frag	L1742005	1	0.9965
stock_b5000_frag	L1743639	3	0.9954
stock_b5000_frag	L174383	9	0.9928
stock_b5000_frag	L1745142	3	0.9489
stock_b5000_frag	L1748562	1	0.9999
stock_b5000_frag	L1749334	1	0.5518
stock_b5000_frag	L174953	2	1.0000
stock_b5000_frag	L1749552	4	0.6555
stock_b5000_frag	L1754368	4	1.0000
stock_b5000_frag	L1758970	0	1.0000
stock_b5000_frag	L1759278	1	0.9963
stock_b5000_frag	L1759881	3	1.0000
stock_b5000_frag	L1760746	0	1.0000
stock_b5000_frag	L1761774	2	1.0000
stock_b5000_frag	L1761913	6	0.5645
stock_b5000_frag	L1762837	0	0.7743
stock_b5000_frag	L1763043	1	1.0000
stock_b5000_frag	L1764232	0	1.0000
stock_b5000_frag	L1765163	8	1.0000
stock_b5000_frag	L1765569	8	1.0000
stock_b5000_frag	L1766820	2	1.0000
stock_b5000_frag	L1768466	6	1.0000
stock_b5000_frag	L1769728	1	0.7913
stock_b5000_frag	L177776	3	1.0000
stock_b5000_frag	L1780877	8	0.5447
stock_b5000_frag	L1782868	0	0.9999
stock_b5000_frag	L1783443	0	1.0000
stock_b5000_frag	L1784347	0	1.0000
stock_b5000_frag	L1785528	0	1.0000
stock_b5000_frag	L1786791	2	0.9244
stock_b5000_frag	L1787838	1	0.9813
stock_b5000_frag	L1787873	2	1.0000
stock_b5000_frag	L1789789	0	0.9997
stock_b5000_frag	L1790513	0	0.7960
stock_b5000_frag	L1790854	5	1.0000
stock_b5000_frag	L179249	3	0.6945
stock_b5000_frag	L1793448	3	1.0000
stock_b5000_frag	L1794406	0	1.0000
stock_b5000_frag	L1796183	0	0.9639
stock_b5000_frag	L1802936	0	0.9144
stock_b5000_frag	L1804008	3	1.0000
stock_b5000_frag	L1805223	2	0.6529
stock_b5000_frag	L1806973	0	0.9998
stock_b5000_frag	L1810207	2	0.9956
stock_b5000_frag	L1812078	0	1.0000
stock_b5000_frag	L1813157	1	1.0000
stock_b5000_frag	L1816925	0	0.8137
stock_b5000_frag	L1817931	5	0.5507
stock_b5000_frag	L1818717	1	0.2490
stock_b5000_frag	L1819006	0	1.0000
stock_b5000_frag	L1822010	2	1.0000
stock_b5000_frag	L1823041	0	0.9955
stock_b5000_frag	L1826491	1	0.5010
stock_b5000_frag	L1827160	3	1.0000
stock_b5000_frag	L1827836	0	1.0000
stock_b5000_frag	L1834800	3	0.9388
stock_b5000_frag	L1834811	2	0.8055
stock_b5000_frag	L1835259	2	0.6267
stock_b5000_frag	L1835687	1	0.5825
stock_b5000_frag	L1837036	0	1.0000
stock_b5000_frag	L1843294	4	1.0000
stock_b5000_frag	L1852360	0	0.9657
stock_b5000_frag	L1854120	0	1.0000
stock_b5000_frag	L1856679	2	1.0000
stock_b5000_frag	L1856763	3	0.6098
stock_b5000_frag	L1857712	1	0.8342
stock_b5000_frag	L1858577	0	0.6774
stock_b5000_frag	L1864191	0	0.9747
stock_b5000_frag	L1866819	2	1.0000
stock_b5000_frag	L1868422	0	1.0000
stock_b5000_frag	L1872054	0	0.9106
stock_b5000_frag	L1872284	8	0.7661
stock_b5000_frag	L1873007	4	1.0000
stock_b5000_frag	L1873641	7	1.0000
stock_b5000_frag	L1875333	0	0.5986
stock_b5000_frag	L1876397	1	1.0000
stock_b5000_frag	L1879003	0	1.0000
stock_b5000_frag	L1880289	2	1.0000
stock_b5000_frag	L1881352	5	0.7496
stock_b5000_frag	L1881900	3	1.0000
stock_b5000_frag	L1882540	0	1.0000
stock_b5000_frag	L1885164	0	0.3365
stock_b5000_frag	L1888143	1	1.0000
stock_b5000_frag	L1893594	4	1.0000
stock_b5000_frag	L1895815	1	0.6735
stock_b5000_frag	L1896675	1	0.9985
stock_b5000_frag	L1897583	1	0.7349
stock_b5000_frag	L1897748	2	1.0000
stock_b5000_frag	L1899785	1	1.0000
stock_b5000_frag	L1900515	3	0.7714
stock_b5000_frag	L1901676	4	1.0000
stock_b5000_frag	L1902373	0	1.0000
stock_b5000_frag	L1903126	0	0.7663
stock_b5000_frag	L1904928	1	0.9546
stock_b5000_frag	L1905953	0	1.0000
stock_b5000_frag	L1907307	4	1.0000
stock_b5000_frag	L1907313	3	0.7848
stock_b5000_frag	L1911407	6	1.0000
stock_b5000_frag	L1914275	0	1.0000
stock_b5000_frag	L1916398	0	1.0000
stock_b5000_frag	L1918876	0	1.0000
stock_b5000_frag	L1919111	0	1.0000
stock_b5000_frag	L1920451	2	0.9997
stock_b5000_frag	L1921342	3	0.8232
stock_b5000_frag	L1923332	0	1.0000
stock_b5000_frag	L1923919	1	1.0000
stock_b5000_frag	L1925099	2	0.9820
stock_b5000_frag	L192528	0	0.9994
stock_b5000_frag	L1926033	4	1.0000
stock_b5000_frag	L192899	0	1.0000
stock_b5000_frag	L1934557	1	0.7584
stock_b5000_frag	L1936090	1	0.8357
stock_b5000_frag	L1936397	0	0.9988
stock_b5000_frag	L1937045	2	1.0000
stock_b5000_frag	L1937296	1	1.0000
stock_b5000_frag	L1937522	0	1.0000
stock_b5000_frag	L1937540	0	1.0000
stock_b5000_frag	L1942590	0	1.0000
stock_b5000_frag	L194456	1	0.9798
stock_b5000_frag	L1945243	2	1.0000
stock_b5000_frag	L1946741	1	1.0000
stock_b5000_frag	L1948509	3	1.0000
stock_b5000_frag	L1949658	16	1.0000
stock_b5000_frag	L1950755	0	1.0000
stock_b5000_frag	L195251	1	0.9998
stock_b5000_frag	L1959004	0	0.8948
stock_b5000_frag	L1961654	2	1.0000
stock_b5000_frag	L1964041	1	0.3209
stock_b5000_frag	L1964145	2	1.0000
stock_b5000_frag	L1964255	2	1.0000
stock_b5000_frag	L1964638	2	1.0000
stock_b5000_frag	L1965455	0	0.7410
stock_b5000_frag	L1970682	0	1.0000
stock_b5000_frag	L1971139	1	1.0000
stock_b5000_frag	L1971415	4	1.0000
stock_b5000_frag	L1972060	0	1.0000
stock_b5000_frag	L197805	13	0.9846
stock_b5000_frag	L1978343	3	1.0000
stock_b5000_frag	L1979241	0	0.8012
stock_b5000_frag	L1982060	4	1.0000
stock_b5000_frag	L1985712	1	0.9952
stock_b5000_frag	L1987156	1	1.0000
stock_b5000_frag	L1992001	1	0.4962
stock_b5000_frag	L1992697	1	0.9497
stock_b5000_frag	L1996996	5	1.0000
stock_b5000_frag	L1999805	0	1.0000
stock_b5000_frag	L20552	0	1.0000
stock_b5000_frag	L205951	0	0.6073
stock_b5000_frag	L206468	1	0.3836
stock_b5000_frag	L206760	2	0.9246
stock_b5000_frag	L207601	2	1.0000
stock_b5000_frag	L209337	6	1.0000
stock_b5000_frag	L21006	0	1.0000
stock_b5000_frag	L212437	1	1.0000
stock_b5000_frag	L21703	1	1.0000
stock_b5000_frag	L21860	0	1.0000
stock_b5000_frag	L21970	0	1.0000
stock_b5000_frag	L221302	1	0.3961
stock_b5000_frag	L222990	0	0.9807
stock_b5000_frag	L223698	0	1.0000
stock_b5000_frag	L224462	1	0.9975
stock_b5000_frag	L226384	0	1.0000
stock_b5000_frag	L230051	1	0.8135
stock_b5000_frag	L233807	0	1.0000
stock_b5000_frag	L234489	0	1.0000
stock_b5000_frag	L23637	4	1.0000
stock_b5000_frag	L242623	0	1.0000
stock_b5000_frag	L246106	0	0.9999
stock_b5000_frag	L247389	1	0.9309
stock_b5000_frag	L247703	0	1.0000
stock_b5000_frag	L251339	8	0.9834
stock_b5000_frag	L252095	3	0.9281
stock_b5000_frag	L253981	0	0.9850
stock_b5000_frag	L254016	1	0.9886
stock_b5000_frag	L256416	1	0.9596
stock_b5000_frag	L256657	5	1.0000
stock_b5000_frag	L256899	6	1.0000
stock_b5000_frag	L263537	0	0.7398
stock_b5000_frag	L264567	0	1.0000
stock_b5000_frag	L268477	2	1.0000
stock_b5000_frag	L270354	4	0.7362
stock_b5000_frag	L271418	0	0.9952
stock_b5000_frag	L278635	0	1.0000
stock_b5000_frag	L279786	0	1.0000
stock_b5000_frag	L280579	7	0.9999
stock_b5000_frag	L287545	1	0.9997
stock_b5000_frag	L287741	8	1.0000
stock_b5000_frag	L290634	2	0.9998
stock_b5000_frag	L291671	0	1.0000
stock_b5000_frag	L292815	0	1.0000
stock_b5000_frag	L296972	1	0.8348
stock_b5000_frag	L297473	5	1.0000
stock_b5000_frag	L297512	10	0.9421
stock_b5000_frag	L298375	0	1.0000
stock_b5000_frag	L301552	0	1.0000
stock_b5000_frag	L307194	0	1.0000
stock_b5000_frag	L309904	0	1.0000
stock_b5000_frag	L3170	1	1.0000
stock_b5000_frag	L317654	4	0.7991
stock_b5000_frag	L3184	1	0.9890
stock_b5000_frag	L318418	7	1.0000
stock_b5000_frag	L318534	2	0.5528
stock_b5000_frag	L319502	0	1.0000
stock_b5000_frag	L320722	0	1.0000
stock_b5000_frag	L322292	1	0.9160
stock_b5000_frag	L322864	1	0.5003
stock_b5000_frag	L323046	6	0.5050
stock_b5000_frag	L324328	1	1.0000
stock_b5000_frag	L324374	1	1.0000
stock_b5000_frag	L325049	1	1.0000
stock_b5000_frag	L325432	1	0.7098
stock_b5000_frag	L326941	1	1.0000
stock_b5000_frag	L331212	2	0.9764
stock_b5000_frag	L331444	4	0.8906
stock_b5000_frag	L333006	3	0.9978
stock_b5000_frag	L333090	0	0.9973
stock_b5000_frag	L333836	0	1.0000
stock_b5000_frag	L335225	0	0.9999
stock_b5000_frag	L335980	8	1.0000
stock_b5000_frag	L342344	1	0.9931
stock_b5000_frag	L34456	0	1.0000
stock_b5000_frag	L348878	5	1.0000
stock_b5000_frag	L348891	1	1.0000
stock_b5000_frag	L350244	0	1.0000
stock_b5000_frag	L350337	1	0.7399
stock_b5000_frag	L350475	1	1.0000
stock_b5000_frag	L351030	0	0.9869
stock_b5000_frag	L351782	2	1.0000
stock_b5000_frag	L353565	3	0.6257
stock_b5000_frag	L353749	0	1.0000
stock_b5000_frag	L356829	4	1.0000
stock_b5000_frag	L358839	0	1.0000
stock_b5000_frag	L358876	0	0.6603
stock_b5000_frag	L35935	6	1.0000
stock_b5000_frag	L362772	0	1.0000
stock_b5000_frag	L363906	1	0.8565
stock_b5000_frag	L365071	0	0.9992
stock_b5000_frag	L366723	0	0.9030
stock_b5000_frag	L367305	2	0.8350
stock_b5000_frag	L367428	2	0.9471
stock_b5000_frag	L368018	2	0.9997
stock_b5000_frag	L371020	3	1.0000
stock_b5000_frag	L3736	3	1.0000
stock_b5000_frag	L37437	2	0.3924
stock_b5000_frag	L375461	2	1.0000
stock_b5000_frag	L377850	1	1.0000
stock_b5000_frag	L378723	1	1.0000
stock_b5000_frag	L380657	5	0.9975
stock_b5000_frag	L380912	1	0.5199
stock_b5000_frag	L381434	1	1.0000
stock_b5000_frag	L382168	3	0.9689
stock_b5000_frag	L382622	0	1.0000
stock_b5000_frag	L386443	0	1.0000
stock_b5000_frag	L38779	0	1.0000
stock_b5000_frag	L388489	8	1.0000
stock_b5000_frag	L390690	1	0.6376
stock_b5000_frag	L392719	1	1.0000
stock_b5000_frag	L394650	3	1.0000
stock_b5000_frag	L396138	5	1.0000
stock_b5000_frag	L399396	2	1.0000
stock_b5000_frag	L401829	0	1.0000
stock_b5000_frag	L403497	0	0.6223
stock_b5000_frag	L408678	3	1.0000
stock_b5000_frag	L408682	0	0.9890
stock_b5000_frag	L411960	2	0.5061
stock_b5000_frag	L413007	0	1.0000
stock_b5000_frag	L415336	0	1.0000
stock_b5000_frag	L415413	1	0.9651
stock_b5000_frag	L418366	0	0.7587
stock_b5000_frag	L418388	1	0.4628
stock_b5000_frag	L423584	3	1.0000
stock_b5000_frag	L424716	1	1.0000
stock_b5000_frag	L427026	1	1.0000
stock_b5000_frag	L434630	0	1.0000
stock_b5000_frag	L439400	0	1.0000
stock_b5000_frag	L439489	1	1.0000
stock_b5000_frag	L442680	2	0.3468
stock_b5000_frag	L443814	3	0.9992
stock_b5000_frag	L449738	6	1.0000
stock_b5000_frag	L451768	0	1.0000
stock_b5000_frag	L453420	1	1.0000
stock_b5000_frag	L453566	4	1.0000
stock_b5000_frag	L454288	1	0.6878
stock_b5000_frag	L454603	1	1.0000
stock_b5000_frag	L454940	2	0.7024
stock_b5000_frag	L45583	1	0.9984
stock_b5000_frag	L455854	1	0.8764
stock_b5000_frag	L460483	3	1.0000
stock_b5000_frag	L461004	0	1.0000
stock_b5000_frag	L462461	1	0.9333
stock_b5000_frag	L465305	3	1.0000
stock_b5000_frag	L467955	2	0.8038
stock_b5000_frag	L469518	1	0.7113
stock_b5000_frag	L470030	1	1.0000
stock_b5000_frag	L471487	1	1.0000
stock_b5000_frag	L472430	1	1.0000
stock_b5000_frag	L472790	3	0.7217
stock_b5000_frag	L473496	0	1.0000
stock_b5000_frag	L474051	2	1.0000
stock_b5000_frag	L474155	2	0.5748
stock_b5000_frag	L479578	0	0.5195
stock_b5000_frag	L485169	0	1.0000
stock_b5000_frag	L487447	2	0.9569
stock_b5000_frag	L487895	2	0.3435
stock_b5000_frag	L488320	2	0.7743
stock_b5000_frag	L489	0	0.5618
stock_b5000_frag	L489204	0	0.9986
stock_b5000_frag	L490152	3	0.5289
stock_b5000_frag	L494947	3	1.0000
stock_b5000_frag	L50067	1	0.4758
stock_b5000_frag	L501047	0	1.0000
stock_b5000_frag	L502660	0	1.0000
stock_b5000_frag	L504133	5	0.7662
stock_b5000_frag	L507963	0	1.0000
stock_b5000_frag	L509062	0	1.0000
stock_b5000_frag	L510232	0	0.9936
stock_b5000_frag	L511198	2	1.0000
stock_b5000_frag	L511998	2	0.9999
stock_b5000_frag	L512885	0	0.3293
stock_b5000_frag	L515527	1	0.8304
stock_b5000_frag	L516621	1	1.0000
stock_b5000_frag	L520061	1	0.9500
stock_b5000_frag	L521854	0	1.0000
stock_b5000_frag	L522361	1	1.0000
stock_b5000_frag	L523007	0	1.0000
stock_b5000_frag	L52377	2	0.5022
stock_b5000_frag	L523780	1	0.9996
stock_b5000_frag	L526348	0	1.0000
stock_b5000_frag	L526362	0	1.0000
stock_b5000_frag	L529128	0	1.0000
stock_b5000_frag	L529259	1	1.0000
stock_b5000_frag	L531183	0	1.0000
stock_b5000_frag	L535176	1	1.0000
stock_b5000_frag	L535927	3	0.6050
stock_b5000_frag	L53900	3	1.0000
stock_b5000_frag	L54140	0	1.0000
stock_b5000_frag	L545290	1	0.9789
stock_b5000_frag	L551516	0	1.0000
stock_b5000_frag	L552430	1	1.0000
stock_b5000_frag	L554769	0	0.8897
stock_b5000_frag	L556620	11	1.0000
stock_b5000_frag	L557148	2	0.5746
stock_b5000_frag	L560741	5	1.0000
stock_b5000_frag	L562253	3	0.4588
stock_b5000_frag	L563575	0	0.9999
stock_b5000_frag	L564960	1	1.0000
stock_b5000_frag	L566111	1	1.0000
stock_b5000_frag	L571479	1	0.6705
stock_b5000_frag	L572100	1	0.9020
stock_b5000_frag	L578549	0	1.0000
stock_b5000_frag	L580412	0	1.0000
stock_b5000_frag	L583359	2	1.0000
stock_b5000_frag	L58398	2	1.0000
stock_b5000_frag	L585434	2	0.9832
stock_b5000_frag	L586104	7	1.0000
stock_b5000_frag	L595406	1	1.0000
stock_b5000_frag	L599093	0	1.0000
stock_b5000_frag	L610583	0	0.4732
stock_b5000_frag	L613767	1	0.9887
stock_b5000_frag	L615521	0	1.0000
stock_b5000_frag	L616720	1	1.0000
stock_b5000_frag	L617134	4	0.4242
stock_b5000_frag	L618884	2	0.9174
stock_b5000_frag	L6189	0	1.0000
stock_b5000_frag	L622600	2	0.5050
stock_b5000_frag	L62692	0	1.0000
stock_b5000_frag	L628634	1	0.5490
stock_b5000_frag	L629842	1	1.0000
stock_b5000_frag	L631992	2	0.9994
stock_b5000_frag	L63248	0	1.0000
stock_b5000_frag	L634575	1	0.9889
stock_b5000_frag	L6356	1	1.0000
stock_b5000_frag	L637890	1	0.9553
stock_b5000_frag	L63791	0	1.0000
stock_b5000_frag	L639649	0	1.0000
stock_b5000_frag	L642602	4	0.5006
stock_b5000_frag	L646762	3	1.0000
stock_b5000_frag	L650498	0	1.0000
stock_b5000_frag	L651242	0	1.0000
stock_b5000_frag	L651264	1	0.7195
stock_b5000_frag	L652790	1	1.0000
stock_b5000_frag	L654346	3	0.8214
stock_b5000_frag	L655133	0	0.9993
stock_b5000_frag	L657223	0	1.0000
stock_b5000_frag	L659271	2	0.5487
stock_b5000_frag	L659432	2	1.0000
stock_b5000_frag	L660496	1	1.0000
stock_b5000_frag	L661586	0	1.0000
stock_b5000_frag	L663357	0	1.0000
stock_b5000_frag	L663649	3	0.7641
stock_b5000_frag	L6727	1	1.0000
stock_b5000_frag	L674570	1	1.0000
stock_b5000_frag	L674945	1	0.6482
stock_b5000_frag	L675853	1	0.9090
stock_b5000_frag	L676330	0	0.7960
stock_b5000_frag	L676359	1	0.5649
stock_b5000_frag	L67715	3	1.0000
stock_b5000_frag	L677200	3	1.0000
stock_b5000_frag	L677943	2	0.9988
stock_b5000_frag	L680508	0	1.0000
stock_b5000_frag	L681757	0	1.0000
stock_b5000_frag	L682589	0	0.9956
stock_b5000_frag	L685735	0	1.0000
stock_b5000_frag	L688428	3	1.0000
stock_b5000_frag	L690836	0	1.0000
stock_b5000_frag	L69227	0	1.0000
stock_b5000_frag	L694001	2	1.0000
stock_b5000_frag	L697211	6	1.0000
stock_b5000_frag	L698980	0	1.0000
stock_b5000_frag	L699299	1	0.9684
stock_b5000_frag	L70184	0	0.9980
stock_b5000_frag	L703700	0	1.0000
stock_b5000_frag	L704052	0	1.0000
stock_b5000_frag	L704079	0	1.0000
stock_b5000_frag	L705648	0	1.0000
stock_b5000_frag	L705664	0	1.0000
stock_b5000_frag	L706887	0	0.4170
stock_b5000_frag	L70693	0	0.9999
stock_b5000_frag	L70846	3	1.0000
stock_b5000_frag	L710516	3	1.0000
stock_b5000_frag	L710854	1	0.4966
stock_b5000_frag	L710875	4	1.0000
stock_b5000_frag	L713284	0	1.0000
stock_b5000_frag	L714291	2	1.0000
stock_b5000_frag	L718210	0	1.0000
stock_b5000_frag	L71837	1	0.3469
stock_b5000_frag	L719293	2	0.9997
stock_b5000_frag	L719453	3	1.0000
stock_b5000_frag	L721929	3	1.0000
stock_b5000_frag	L72644	0	1.0000
stock_b5000_frag	L727915	4	1.0000
stock_b5000_frag	L733225	0	0.9058
stock_b5000_frag	L738291	5	1.0000
stock_b5000_frag	L738471	7	1.0000
stock_b5000_frag	L741947	1	0.9988
stock_b5000_frag	L742305	0	1.0000
stock_b5000_frag	L744434	0	0.9950
stock_b5000_frag	L747615	1	1.0000
stock_b5000_frag	L749719	7	1.0000
stock_b5000_frag	L749755	4	1.0000
stock_b5000_frag	L750040	6	0.8443
stock_b5000_frag	L751250	1	0.9993
stock_b5000_frag	L752781	4	1.0000
stock_b5000_frag	L753459	5	1.0000
stock_b5000_frag	L756119	1	1.0000
stock_b5000_frag	L756273	0	1.0000
stock_b5000_frag	L756947	0	1.0000
stock_b5000_frag	L757056	1	1.0000
stock_b5000_frag	L759101	0	1.0000
stock_b5000_frag	L760182	1	0.5743
stock_b5000_frag	L761191	1	1.0000
stock_b5000_frag	L762001	9	0.5450
stock_b5000_frag	L762093	6	1.0000
stock_b5000_frag	L762176	7	1.0000
stock_b5000_frag	L763379	0	0.9452
stock_b5000_frag	L768450	0	1.0000
stock_b5000_frag	L769757	1	1.0000
stock_b5000_frag	L771085	1	1.0000
stock_b5000_frag	L77116	3	1.0000
stock_b5000_frag	L772427	1	0.9491
stock_b5000_frag	L776030	1	1.0000
stock_b5000_frag	L777299	0	0.9422
stock_b5000_frag	L777823	0	1.0000
stock_b5000_frag	L777910	3	1.0000
stock_b5000_frag	L781446	6	0.9243
stock_b5000_frag	L784431	0	1.0000
stock_b5000_frag	L786569	0	1.0000
stock_b5000_frag	L787602	0	1.0000
stock_b5000_frag	L789348	5	1.0000
stock_b5000_frag	L789708	0	1.0000
stock_b5000_frag	L790161	0	0.4049
stock_b5000_frag	L791251	5	0.6973
stock_b5000_frag	L79329	0	0.7688
stock_b5000_frag	L793756	3	1.0000
stock_b5000_frag	L795446	0	0.9997
stock_b5000_frag	L799472	4	1.0000
stock_b5000_frag	L799778	3	1.0000
stock_b5000_frag	L800622	6	1.0000
stock_b5000_frag	L802530	2	0.9462
stock_b5000_frag	L803200	4	1.0000
stock_b5000_frag	L804499	0	1.0000
stock_b5000_frag	L807590	0	0.9998
stock_b5000_frag	L808265	2	0.9899
stock_b5000_frag	L808905	0	1.0000
stock_b5000_frag	L811697	1	0.5839
stock_b5000_frag	L811790	0	1.0000
stock_b5000_frag	L811826	0	1.0000
stock_b5000_frag	L812045	0	1.0000
stock_b5000_frag	L816143	0	1.0000
stock_b5000_frag	L816490	0	0.8410
stock_b5000_frag	L817904	0	1.0000
stock_b5000_frag	L818701	3	1.0000
stock_b5000_frag	L819185	1	1.0000
stock_b5000_frag	L819987	1	1.0000
stock_b5000_frag	L821601	1	1.0000
stock_b5000_frag	L824597	0	1.0000
stock_b5000_frag	L825004	0	0.9997
stock_b5000_frag	L827047	1	1.0000
stock_b5000_frag	L827519	5	1.0000
stock_b5000_frag	L827898	1	0.9083
stock_b5000_frag	L83179	1	0.8818
stock_b5000_frag	L832817	0	1.0000
stock_b5000_frag	L832855	1	1.0000
stock_b5000_frag	L838317	3	1.0000
stock_b5000_frag	L845507	1	0.9957
stock_b5000_frag	L846147	0	1.0000
stock_b5000_frag	L847407	0	1.0000
stock_b5000_frag	L847827	0	1.0000
stock_b5000_frag	L849392	1	0.9018
stock_b5000_frag	L852778	0	1.0000
stock_b5000_frag	L855478	0	1.0000
stock_b5000_frag	L857135	0	0.5037
stock_b5000_frag	L858314	2	0.9934
stock_b5000_frag	L859198	1	1.0000
stock_b5000_frag	L861067	3	1.0000
stock_b5000_frag	L861612	1	0.9652
stock_b5000_frag	L865768	7	1.0000
stock_b5000_frag	L868031	8	1.0000
stock_b5000_frag	L869962	6	1.0000
stock_b5000_frag	L871757	0	1.0000
stock_b5000_frag	L87227	0	1.0000
stock_b5000_frag	L872641	5	1.0000
stock_b5000_frag	L875345	2	1.0000
stock_b5000_frag	L883421	0	1.0000
stock_b5000_frag	L883981	1	1.0000
stock_b5000_frag	L884210	0	1.0000
stock_b5000_frag	L885983	2	1.0000
stock_b5000_frag	L887768	0	1.0000
stock_b5000_frag	L88843	2	1.0000
stock_b5000_frag	L888705	1	1.0000
stock_b5000_frag	L889436	2	0.9981
stock_b5000_frag	L890611	1	1.0000
stock_b5000_frag	L890861	1	1.0000
stock_b5000_frag	L890978	2	1.0000
stock_b5000_frag	L894458	0	0.8664
stock_b5000_frag	L895635	1	1.0000
stock_b5000_frag	L896421	1	1.0000
stock_b5000_frag	L89769	0	1.0000
stock_b5000_frag	L899685	0	1.0000
stock_b5000_frag	L901803	2	1.0000
stock_b5000_frag	L903650	1	0.9095
stock_b5000_frag	L904813	4	1.0000
stock_b5000_frag	L908878	2	1.0000
stock_b5000_frag	L909692	3	0.3525
stock_b5000_frag	L910078	1	0.9960
stock_b5000_frag	L912103	1	0.8914
stock_b5000_frag	L912322	1	1.0000
stock_b5000_frag	L912719	3	1.0000
stock_b5000_frag	L912815	2	1.0000
stock_b5000_frag	L913531	0	1.0000
stock_b5000_frag	L91563	3	1.0000
stock_b5000_frag	L915786	4	0.9988
stock_b5000_frag	L915789	3	1.0000
stock_b5000_frag	L9163	0	1.0000
stock_b5000_frag	L919590	3	0.5102
stock_b5000_frag	L919603	4	0.8260
stock_b5000_frag	L928032	0	0.9467
stock_b5000_frag	L928536	3	1.0000
stock_b5000_frag	L929320	2	1.0000
stock_b5000_frag	L931629	10	1.0000
stock_b5000_frag	L935668	3	0.6477
stock_b5000_frag	L937448	6	0.7283
stock_b5000_frag	L938502	2	1.0000
stock_b5000_frag	L939729	0	0.9995
stock_b5000_frag	L943549	4	1.0000
stock_b5000_frag	L946755	2	1.0000
stock_b5000_frag	L946983	0	1.0000
stock_b5000_frag	L947120	2	0.9997
stock_b5000_frag	L94829	1	1.0000
stock_b5000_frag	L948707	2	1.0000
stock_b5000_frag	L954478	0	1.0000
stock_b5000_frag	L956192	0	1.0000
stock_b5000_frag	L956318	0	0.9959
stock_b5000_frag	L95996	2	1.0000
stock_b5000_frag	L963059	0	1.0000
stock_b5000_frag	L964150	0	1.0000
stock_b5000_frag	L966865	1	0.2378
stock_b5000_frag	L968281	0	1.0000
stock_b5000_frag	L968389	0	1.0000
stock_b5000_frag	L968426	1	1.0000
stock_b5000_frag	L97211	0	0.7846
stock_b5000_frag	L973556	9	0.9450
stock_b5000_frag	L974644	4	1.0000
stock_b5000_frag	L97491	2	1.0000
stock_b5000_frag	L976334	2	0.8617
stock_b5000_frag	L977262	0	1.0000
stock_b5000_frag	L983031	0	0.9081
stock_b5000_frag	L985883	2	0.9773
stock_b5000_frag	L986248	1	0.8315
stock_b5000_frag	L986264	1	0.2094
stock_b5000_frag	L986750	6	1.0000
stock_b5000_frag	L988510	0	0.9993
stock_b5000_frag	L98918	3	1.0000
stock_b5000_frag	L99225	1	1.0000
stock_b5000_frag	L99629	0	1.0000
stock_b5000_frag	L998137	3	0.6849
stock_b5000_frag	L998626	4	0.8792
stock_b5000_full	L1001560	0	1.0000
stock_b5000_full	L1004110	0	1.0000
stock_b5000_full	L1006060	0	1.0000
stock_b5000_full	L1009598	0	1.0000
stock_b5000_full	L1010572	0	1.0000
stock_b5000_full	L1011172	0	1.0000
stock_b5000_full	L1014202	0	1.0000
stock_b5000_full	L1015517	0	1.0000
stock_b5000_full	L1021619	0	1.0000
stock_b5000_full	L1024876	0	1.0000
stock_b5000_full	L1025069	0	0.9997
stock_b5000_full	L1025529	0	1.0000
stock_b5000_full	L1026996	1	0.5016
stock_b5000_full	L1028872	0	1.0000
stock_b5000_full	L1029320	0	1.0000
stock_b5000_full	L1029938	1	1.0000
stock_b5000_full	L1031322	1	0.4792
stock_b5000_full	L1034006	0	1.0000
stock_b5000_full	L1034223	0	1.0000
stock_b5000_full	L1036697	0	1.0000
stock_b5000_full	L1040082	0	1.0000
stock_b5000_full	L1040135	0	1.0000
stock_b5000_full	L1041321	0	1.0000
stock_b5000_full	L1041572	0	1.0000
stock_b5000_full	L1045274	0	1.0000
stock_b5000_full	L1046691	0	1.0000
stock_b5000_full	L1048629	0	0.9999
stock_b5000_full	L1048900	0	1.0000
stock_b5000_full	L1051539	1	0.9014
stock_b5000_full	L1053671	0	1.0000
stock_b5000_full	L1056104	1	0.8426
stock_b5000_full	L1057643	0	1.0000
stock_b5000_full	L1058777	0	1.0000
stock_b5000_full	L105923	0	0.5000
stock_b5000_full	L1060697	1	1.0000
stock_b5000_full	L1062231	0	1.0000
stock_b5000_full	L1063655	0	1.0000
stock_b5000_full	L1066055	0	1.0000
stock_b5000_full	L1066869	0	1.0000
stock_b5000_full	L1068256	1	1.0000
stock_b5000_full	L1069244	0	1.0000
stock_b5000_full	L1070240	0	1.0000
stock_b5000_full	L1073738	0	1.0000
stock_b5000_full	L1079529	0	1.0000
stock_b5000_full	L1079925	1	1.0000
stock_b5000_full	L1080779	0	1.0000
stock_b5000_full	L1081899	0	1.0000
stock_b5000_full	L1082889	0	1.0000
stock_b5000_full	L1082966	0	1.0000
stock_b5000_full	L1084007	0	1.0000
stock_b5000_full	L1085883	0	1.0000
stock_b5000_full	L1086391	0	1.0000
stock_b5000_full	L1086461	0	1.0000
stock_b5000_full	L108652	0	1.0000
stock_b5000_full	L1086569	0	1.0000
stock_b5000_full	L108690	1	1.0000
stock_b5000_full	L108958	0	1.0000
stock_b5000_full	L1092340	0	1.0000
stock_b5000_full	L1094288	0	1.0000
stock_b5000_full	L1096833	0	1.0000
stock_b5000_full	L1097479	1	0.8290
stock_b5000_full	L1097562	0	1.0000
stock_b5000_full	L1099426	1	1.0000
stock_b5000_full	L1100273	0	1.0000
stock_b5000_full	L1106070	0	1.0000
stock_b5000_full	L1107453	0	1.0000
stock_b5000_full	L111069	0	1.0000
stock_b5000_full	L1112051	0	1.0000
stock_b5000_full	L1113584	0	1.0000
stock_b5000_full	L1113767	0	1.0000
stock_b5000_full	L1114404	0	1.0000
stock_b5000_full	L111487	0	0.9997
stock_b5000_full	L1115783	0	0.9934
stock_b5000_full	L1123161	0	1.0000
stock_b5000_full	L112511	0	1.0000
stock_b5000_full	L1125144	0	0.5609
stock_b5000_full	L1129896	0	1.0000
stock_b5000_full	L112990	0	1.0000
stock_b5000_full	L1130797	0	1.0000
stock_b5000_full	L1132085	0	1.0000
stock_b5000_full	L1134223	0	1.0000
stock_b5000_full	L1138009	0	1.0000
stock_b5000_full	L1139559	0	1.0000
stock_b5000_full	L1139874	0	1.0000
stock_b5000_full	L114083	0	1.0000
stock_b5000_full	L1143269	0	1.0000
stock_b5000_full	L114415	1	1.0000
stock_b5000_full	L1148897	0	1.0000
stock_b5000_full	L115053	1	0.7239
stock_b5000_full	L1157871	0	1.0000
stock_b5000_full	L1159954	0	1.0000
stock_b5000_full	L1163982	0	1.0000
stock_b5000_full	L1166709	0	1.0000
stock_b5000_full	L1168147	0	1.0000
stock_b5000_full	L1168246	0	1.0000
stock_b5000_full	L1174309	0	1.0000
stock_b5000_full	L1176017	0	1.0000
stock_b5000_full	L1180799	0	1.0000
stock_b5000_full	L1182677	0	1.0000
stock_b5000_full	L1182856	0	1.0000
stock_b5000_full	L1185198	0	1.0000
stock_b5000_full	L1185601	1	1.0000
stock_b5000_full	L118714	1	0.9112
stock_b5000_full	L1189376	0	1.0000
stock_b5000_full	L1193103	0	1.0000
stock_b5000_full	L1193586	0	1.0000
stock_b5000_full	L1195987	0	1.0000
stock_b5000_full	L1197653	0	1.0000
stock_b5000_full	L1198863	0	1.0000
stock_b5000_full	L1200101	0	1.0000
stock_b5000_full	L1201939	0	1.0000
stock_b5000_full	L1202998	0	1.0000
stock_b5000_full	L1203763	1	1.0000
stock_b5000_full	L12043	0	0.9996
stock_b5000_full	L1204855	0	1.0000
stock_b5000_full	L1205350	0	0.9990
stock_b5000_full	L1208662	0	1.0000
stock_b5000_full	L1211682	1	1.0000
stock_b5000_full	L1211692	1	0.7473
stock_b5000_full	L1212928	0	1.0000
stock_b5000_full	L1213032	0	1.0000
stock_b5000_full	L1213065	0	1.0000
stock_b5000_full	L1214580	0	1.0000
stock_b5000_full	L1214865	0	0.9871
stock_b5000_full	L1220369	0	1.0000
stock_b5000_full	L1221036	0	0.8773
stock_b5000_full	L1221084	0	0.8198
stock_b5000_full	L1224791	0	1.0000
stock_b5000_full	L1224974	0	1.0000
stock_b5000_full	L1225803	1	0.4119
stock_b5000_full	L1228089	0	1.0000
stock_b5000_full	L1230778	1	0.9999
stock_b5000_full	L1231586	1	1.0000
stock_b5000_full	L1232442	1	1.0000
stock_b5000_full	L1234498	0	1.0000
stock_b5000_full	L1239009	0	1.0000
stock_b5000_full	L1239425	0	1.0000
stock_b5000_full	L1239893	0	1.0000
stock_b5000_full	L1242428	0	1.0000
stock_b5000_full	L1243420	0	1.0000
stock_b5000_full	L1247198	0	0.8374
stock_b5000_full	L1248117	0	1.0000
stock_b5000_full	L1250931	1	0.5886
stock_b5000_full	L1252227	1	0.4206
stock_b5000_full	L1260978	1	0.9095
stock_b5000_full	L1261356	0	1.0000
stock_b5000_full	L1263014	0	1.0000
stock_b5000_full	L1263342	1	0.9681
stock_b5000_full	L1263703	0	1.0000
stock_b5000_full	L1265160	0	1.0000
stock_b5000_full	L1265653	0	1.0000
stock_b5000_full	L1266143	0	1.0000
stock_b5000_full	L1266484	0	0.5075
stock_b5000_full	L1267289	0	1.0000
stock_b5000_full	L1270832	0	1.0000
stock_b5000_full	L1273881	0	1.0000
stock_b5000_full	L1274778	0	1.0000
stock_b5000_full	L1278871	0	1.0000
stock_b5000_full	L1281379	0	1.0000
stock_b5000_full	L1282064	0	1.0000
stock_b5000_full	L1284437	0	1.0000
stock_b5000_full	L1289046	0	1.0000
stock_b5000_full	L129057	0	1.0000
stock_b5000_full	L129102	0	1.0000
stock_b5000_full	L1291159	0	1.0000
stock_b5000_full	L1293709	1	0.2639
stock_b5000_full	L1293860	1	0.3347
stock_b5000_full	L1294148	1	0.8405
stock_b5000_full	L1296774	0	1.0000
stock_b5000_full	L1297053	0	1.0000
stock_b5000_full	L1300073	0	1.0000
stock_b5000_full	L1301795	0	0.9999
stock_b5000_full	L1306677	1	0.3319
stock_b5000_full	L1306855	0	1.0000
stock_b5000_full	L1307746	0	1.0000
stock_b5000_full	L1312920	0	1.0000
stock_b5000_full	L1314145	0	1.0000
stock_b5000_full	L1314194	0	1.0000
stock_b5000_full	L13173	1	1.0000
stock_b5000_full	L1318370	0	0.9989
stock_b5000_full	L1318861	1	0.9393
stock_b5000_full	L1321166	1	0.7017
stock_b5000_full	L1324671	1	0.9836
stock_b5000_full	L1328117	1	1.0000
stock_b5000_full	L1330303	1	0.7846
stock_b5000_full	L1335655	1	0.9689
stock_b5000_full	L1336052	0	0.8928
stock_b5000_full	L1337916	1	0.4084
stock_b5000_full	L133834	0	1.0000
stock_b5000_full	L1339015	0	1.0000
stock_b5000_full	L1340208	0	1.0000
stock_b5000_full	L1341191	1	1.0000
stock_b5000_full	L1342813	0	1.0000
stock_b5000_full	L134422	0	0.9997
stock_b5000_full	L1348437	0	1.0000
stock_b5000_full	L1349598	0	1.0000
stock_b5000_full	L1351683	0	1.0000
stock_b5000_full	L1352311	0	0.9977
stock_b5000_full	L1354390	1	0.9937
stock_b5000_full	L1360154	0	1.0000
stock_b5000_full	L1362062	0	1.0000
stock_b5000_full	L1362414	1	1.0000
stock_b5000_full	L136602	0	1.0000
stock_b5000_full	L1368890	1	1.0000
stock_b5000_full	L1373240	0	1.0000
stock_b5000_full	L1373356	0	1.0000
stock_b5000_full	L1374751	0	1.0000
stock_b5000_full	L1375799	0	1.0000
stock_b5000_full	L1375926	0	1.0000
stock_b5000_full	L1376446	0	1.0000
stock_b5000_full	L1379897	0	1.0000
stock_b5000_full	L1382552	0	1.0000
stock_b5000_full	L1383419	0	1.0000
stock_b5000_full	L1384623	0	1.0000
stock_b5000_full	L1385181	0	1.0000
stock_b5000_full	L1385242	0	1.0000
stock_b5000_full	L1385670	0	1.0000
stock_b5000_full	L1385883	0	1.0000
stock_b5000_full	L1393526	1	0.5040
stock_b5000_full	L1395495	0	1.0000
stock_b5000_full	L1398892	0	1.0000
stock_b5000_full	L1399065	0	1.0000
stock_b5000_full	L1401252	1	0.9963
stock_b5000_full	L1401873	0	1.0000
stock_b5000_full	L1405185	0	0.9972
stock_b5000_full	L1410964	0	1.0000
stock_b5000_full	L1411691	0	1.0000
stock_b5000_full	L1412410	0	0.9999
stock_b5000_full	L141300	0	1.0000
stock_b5000_full	L141423	0	1.0000
stock_b5000_full	L1421031	0	1.0000
stock_b5000_full	L1421448	0	0.9992
stock_b5000_full	L1433358	0	1.0000
stock_b5000_full	L1436058	1	0.9694
stock_b5000_full	L143945	1	1.0000
stock_b5000_full	L1441448	0	1.0000
stock_b5000_full	L1442207	1	0.5161
stock_b5000_full	L1442390	0	0.7763
stock_b5000_full	L1442834	1	0.5704
stock_b5000_full	L144496	0	1.0000
stock_b5000_full	L144866	0	1.0000
stock_b5000_full	L1451999	0	1.0000
stock_b5000_full	L1452352	0	1.0000
stock_b5000_full	L1458540	0	1.0000
stock_b5000_full	L1462375	0	1.0000
stock_b5000_full	L1463410	0	0.7153
stock_b5000_full	L1465729	1	0.7857
stock_b5000_full	L1465871	0	0.9981
stock_b5000_full	L1467997	0	1.0000
stock_b5000_full	L1469558	0	1.0000
stock_b5000_full	L1472821	1	0.6730
stock_b5000_full	L1475044	0	0.9984
stock_b5000_full	L1475841	1	1.0000
stock_b5000_full	L1476523	0	1.0000
stock_b5000_full	L1477044	0	0.6654
stock_b5000_full	L148171	0	1.0000
stock_b5000_full	L1482489	1	0.9069
stock_b5000_full	L1483548	0	1.0000
stock_b5000_full	L1488072	0	1.0000
stock_b5000_full	L1489229	0	1.0000
stock_b5000_full	L1491050	0	1.0000
stock_b5000_full	L149111	0	1.0000
stock_b5000_full	L1492134	0	1.0000
stock_b5000_full	L1492883	0	1.0000
stock_b5000_full	L149629	0	1.0000
stock_b5000_full	L1498435	0	1.0000
stock_b5000_full	L149859	0	1.0000
stock_b5000_full	L1499391	1	1.0000
stock_b5000_full	L1500089	0	1.0000
stock_b5000_full	L1500505	0	1.0000
stock_b5000_full	L1501858	0	1.0000
stock_b5000_full	L1502230	0	1.0000
stock_b5000_full	L1505057	0	1.0000
stock_b5000_full	L150508	1	1.0000
stock_b5000_full	L1507305	0	1.0000
stock_b5000_full	L1507321	0	1.0000
stock_b5000_full	L1510177	0	1.0000
stock_b5000_full	L1511573	0	1.0000
stock_b5000_full	L1512053	0	1.0000
stock_b5000_full	L1513468	0	1.0000
stock_b5000_full	L1513628	1	1.0000
stock_b5000_full	L1513988	0	1.0000
stock_b5000_full	L1514498	0	1.0000
stock_b5000_full	L151509	0	0.9950
stock_b5000_full	L1522704	0	1.0000
stock_b5000_full	L1524763	0	1.0000
stock_b5000_full	L1526719	0	1.0000
stock_b5000_full	L1527010	0	1.0000
stock_b5000_full	L1528883	0	1.0000
stock_b5000_full	L1533154	0	1.0000
stock_b5000_full	L1536652	0	1.0000
stock_b5000_full	L1544099	0	1.0000
stock_b5000_full	L1546866	0	1.0000
stock_b5000_full	L1549292	0	1.0000
stock_b5000_full	L1551160	0	1.0000
stock_b5000_full	L155120	0	1.0000
stock_b5000_full	L1554553	0	1.0000
stock_b5000_full	L1554815	0	1.0000
stock_b5000_full	L1555892	0	1.0000
stock_b5000_full	L155872	0	1.0000
stock_b5000_full	L1558723	0	1.0000
stock_b5000_full	L1559320	0	0.9676
stock_b5000_full	L1566115	0	0.5365
stock_b5000_full	L1573278	0	1.0000
stock_b5000_full	L1577928	0	1.0000
stock_b5000_full	L1582275	0	1.0000
stock_b5000_full	L1589275	0	1.0000
stock_b5000_full	L1590049	0	1.0000
stock_b5000_full	L1590178	0	0.9951
stock_b5000_full	L1590393	1	1.0000
stock_b5000_full	L159175	0	1.0000
stock_b5000_full	L1591963	0	1.0000
stock_b5000_full	L159450	0	0.9997
stock_b5000_full	L1594569	0	1.0000
stock_b5000_full	L1595102	0	1.0000
stock_b5000_full	L1597	0	1.0000
stock_b5000_full	L1603321	0	1.0000
stock_b5000_full	L1604648	0	0.9969
stock_b5000_full	L1604707	0	0.9933
stock_b5000_full	L1605891	0	1.0000
stock_b5000_full	L1607848	1	0.5348
stock_b5000_full	L1610924	0	1.0000
stock_b5000_full	L1610942	0	0.9999
stock_b5000_full	L1612810	0	1.0000
stock_b5000_full	L161413	0	1.0000
stock_b5000_full	L1614866	0	1.0000
stock_b5000_full	L1615197	0	1.0000
stock_b5000_full	L161808	0	0.9870
stock_b5000_full	L1618425	0	1.0000
stock_b5000_full	L1618796	0	1.0000
stock_b5000_full	L1620831	0	0.9219
stock_b5000_full	L162176	1	1.0000
stock_b5000_full	L1622583	0	0.6211
stock_b5000_full	L1624303	1	1.0000
stock_b5000_full	L1629891	0	1.0000
stock_b5000_full	L1630179	0	1.0000
stock_b5000_full	L1630403	0	1.0000
stock_b5000_full	L1633625	0	1.0000
stock_b5000_full	L1633941	1	1.0000
stock_b5000_full	L1635014	0	1.0000
stock_b5000_full	L1639277	0	0.9983
stock_b5000_full	L1642511	1	0.3934
stock_b5000_full	L1645096	1	1.0000
stock_b5000_full	L1645247	0	1.0000
stock_b5000_full	L16488	0	1.0000
stock_b5000_full	L1651470	0	0.7996
stock_b5000_full	L1652140	0	1.0000
stock_b5000_full	L165257	1	0.7485
stock_b5000_full	L1653194	0	0.7589
stock_b5000_full	L1655586	1	1.0000
stock_b5000_full	L1657518	0	1.0000
stock_b5000_full	L1658593	0	1.0000
stock_b5000_full	L1659274	0	1.0000
stock_b5000_full	L1661444	0	1.0000
stock_b5000_full	L1663258	0	1.0000
stock_b5000_full	L1665812	0	1.0000
stock_b5000_full	L1666633	1	1.0000
stock_b5000_full	L1667262	0	0.9999
stock_b5000_full	L167017	0	0.9764
stock_b5000_full	L1671116	0	0.9873
stock_b5000_full	L1672077	0	0.9991
stock_b5000_full	L1675894	0	1.0000
stock_b5000_full	L1677824	0	1.0000
stock_b5000_full	L1680882	0	1.0000
stock_b5000_full	L1685144	0	1.0000
stock_b5000_full	L1686381	0	1.0000
stock_b5000_full	L1686410	0	1.0000
stock_b5000_full	L169010	0	1.0000
stock_b5000_full	L1690320	0	1.0000
stock_b5000_full	L1690576	0	1.0000
stock_b5000_full	L1693860	0	1.0000
stock_b5000_full	L1695239	0	1.0000
stock_b5000_full	L169730	0	1.0000
stock_b5000_full	L170111	0	1.0000
stock_b5000_full	L1703104	0	1.0000
stock_b5000_full	L1706562	0	0.4301
stock_b5000_full	L1708904	0	1.0000
stock_b5000_full	L171027	0	1.0000
stock_b5000_full	L1711617	0	1.0000
stock_b5000_full	L171345	0	1.0000
stock_b5000_full	L1714677	0	1.0000
stock_b5000_full	L1715085	0	1.0000
stock_b5000_full	L1716532	0	0.7848
stock_b5000_full	L1717811	0	1.0000
stock_b5000_full	L1720542	0	1.0000
stock_b5000_full	L1720937	0	1.0000
stock_b5000_full	L1721244	0	0.5665
stock_b5000_full	L1722568	0	1.0000
stock_b5000_full	L1723521	1	1.0000
stock_b5000_full	L1724666	0	1.0000
stock_b5000_full	L1725447	0	1.0000
stock_b5000_full	L1726956	0	1.0000
stock_b5000_full	L1727387	0	1.0000
stock_b5000_full	L173144	1	1.0000
stock_b5000_full	L1733543	1	1.0000
stock_b5000_full	L1733712	0	0.6284
stock_b5000_full	L1733915	1	0.9579
stock_b5000_full	L1734030	1	0.6912
stock_b5000_full	L1735429	0	1.0000
stock_b5000_full	L1736078	1	0.6963
stock_b5000_full	L1738522	0	1.0000
stock_b5000_full	L1739223	0	1.0000
stock_b5000_full	L1741226	1	0.7330
stock_b5000_full	L1742005	0	1.0000
stock_b5000_full	L1743639	0	0.6617
stock_b5000_full	L174383	0	1.0000
stock_b5000_full	L1745142	1	0.7865
stock_b5000_full	L1748562	1	0.7402
stock_b5000_full	L1749334	1	0.5595
stock_b5000_full	L174953	0	1.0000
stock_b5000_full	L1749552	1	0.9561
stock_b5000_full	L1754368	1	1.0000
stock_b5000_full	L1758970	0	1.0000
stock_b5000_full	L1759278	1	0.4052
stock_b5000_full	L1759881	1	1.0000
stock_b5000_full	L1760746	0	1.0000
stock_b5000_full	L1761774	0	0.4352
stock_b5000_full	L1761913	1	0.3725
stock_b5000_full	L1762837	0	0.9849
stock_b5000_full	L1763043	0	1.0000
stock_b5000_full	L1764232	0	1.0000
stock_b5000_full	L1765163	0	0.9966
stock_b5000_full	L1765569	1	0.9032
stock_b5000_full	L1766820	0	1.0000
stock_b5000_full	L1768466	0	0.9989
stock_b5000_full	L1769728	0	1.0000
stock_b5000_full	L177776	1	0.7508
stock_b5000_full	L1780877	1	1.0000
stock_b5000_full	L1782868	0	1.0000
stock_b5000_full	L1783443	0	1.0000
stock_b5000_full	L1784347	0	1.0000
stock_b5000_full	L1785528	0	1.0000
stock_b5000_full	L1786791	0	0.6767
stock_b5000_full	L1787838	1	1.0000
stock_b5000_full	L1787873	0	1.0000
stock_b5000_full	L1789789	0	0.9811
stock_b5000_full	L1790513	1	0.3437
stock_b5000_full	L1790854	1	1.0000
stock_b5000_full	L179249	0	1.0000
stock_b5000_full	L1793448	0	1.0000
stock_b5000_full	L1794406	0	1.0000
stock_b5000_full	L1796183	0	1.0000
stock_b5000_full	L1802936	1	0.6059
stock_b5000_full	L1804008	0	1.0000
stock_b5000_full	L1805223	0	0.9945
stock_b5000_full	L1806973	0	1.0000
stock_b5000_full	L1810207	0	1.0000
stock_b5000_full	L1812078	0	1.0000
stock_b5000_full	L1813157	0	1.0000
stock_b5000_full	L1816925	1	1.0000
stock_b5000_full	L1817931	0	1.0000
stock_b5000_full	L1818717	1	1.0000
stock_b5000_full	L1819006	0	1.0000
stock_b5000_full	L1822010	2	0.3826
stock_b5000_full	L1823041	0	1.0000
stock_b5000_full	L1826491	0	1.0000
stock_b5000_full	L1827160	0	1.0000
stock_b5000_full	L1827836	0	1.0000
stock_b5000_full	L1834800	1	0.5614
stock_b5000_full	L1834811	1	0.5544
stock_b5000_full	L1835259	1	0.5981
stock_b5000_full	L1835687	1	0.5647
stock_b5000_full	L1837036	0	1.0000
stock_b5000_full	L1843294	0	0.4366
stock_b5000_full	L1852360	1	0.9784
stock_b5000_full	L1854120	0	1.0000
stock_b5000_full	L1856679	1	0.6553
stock_b5000_full	L1856763	1	0.8387
stock_b5000_full	L1857712	0	0.9993
stock_b5000_full	L1858577	1	0.6049
stock_b5000_full	L1864191	0	1.0000
stock_b5000_full	L1866819	0	1.0000
stock_b5000_full	L1868422	0	1.0000
stock_b5000_full	L1872054	1	0.5084
stock_b5000_full	L1872284	0	1.0000
stock_b5000_full	L1873007	0	0.9996
stock_b5000_full	L1873641	0	1.0000
stock_b5000_full	L1875333	0	1.0000
stock_b5000_full	L1876397	0	0.6477
stock_b5000_full	L1879003	0	1.0000
stock_b5000_full	L1880289	0	1.0000
stock_b5000_full	L1881352	0	1.0000
stock_b5000_full	L1881900	0	1.0000
stock_b5000_full	L1882540	0	1.0000
stock_b5000_full	L1885164	0	1.0000
stock_b5000_full	L1888143	0	1.0000
stock_b5000_full	L1893594	0	1.0000
stock_b5000_full	L1895815	1	1.0000
stock_b5000_full	L1896675	0	1.0000
stock_b5000_full	L1897583	0	0.9505
stock_b5000_full	L1897748	0	0.9995
stock_b5000_full	L1899785	0	1.0000
stock_b5000_full	L1900515	0	1.0000
stock_b5000_full	L1901676	0	1.0000
stock_b5000_full	L1902373	0	1.0000
stock_b5000_full	L1903126	0	1.0000
stock_b5000_full	L1904928	1	0.6348
stock_b5000_full	L1905953	0	1.0000
stock_b5000_full	L1907307	1	0.9309
stock_b5000_full	L1907313	0	0.6147
stock_b5000_full	L1911407	1	1.0000
stock_b5000_full	L1914275	0	1.0000
stock_b5000_full	L1916398	0	1.0000
stock_b5000_full	L1918876	0	1.0000
stock_b5000_full	L1919111	0	1.0000
stock_b5000_full	L1920451	0	0.8729
stock_b5000_full	L1921342	0	1.0000
stock_b5000_full	L1923332	0	1.0000
stock_b5000_full	L1923919	0	1.0000
stock_b5000_full	L1925099	1	1.0000
stock_b5000_full	L192528	0	1.0000
stock_b5000_full	L1926033	0	0.9996
stock_b5000_full	L192899	0	1.0000
stock_b5000_full	L1934557	0	1.0000
stock_b5000_full	L1936090	0	1.0000
stock_b5000_full	L1936397	0	1.0000
stock_b5000_full	L1937045	0	0.9810
stock_b5000_full	L1937296	0	0.5780
stock_b5000_full	L1937522	0	1.0000
stock_b5000_full	L1937540	0	1.0000
stock_b5000_full	L1942590	0	1.0000
stock_b5000_full	L194456	1	1.0000
stock_b5000_full	L1945243	0	1.0000
stock_b5000_full	L1946741	0	1.0000
stock_b5000_full	L1948509	0	1.0000
stock_b5000_full	L1949658	0	1.0000
stock_b5000_full	L1950755	0	1.0000
stock_b5000_full	L195251	0	1.0000
stock_b5000_full	L1959004	0	1.0000
stock_b5000_full	L1961654	0	1.0000
stock_b5000_full	L1964041	0	1.0000
stock_b5000_full	L1964145	0	1.0000
stock_b5000_full	L1964255	0	1.0000
stock_b5000_full	L1964638	0	1.0000
stock_b5000_full	L1965455	0	1.0000
stock_b5000_full	L1970682	0	1.0000
stock_b5000_full	L1971139	0	1.0000
stock_b5000_full	L1971415	0	1.0000
stock_b5000_full	L1972060	0	1.0000
stock_b5000_full	L197805	0	1.0000
stock_b5000_full	L1978343	0	1.0000
stock_b5000_full	L1979241	0	1.0000
stock_b5000_full	L1982060	0	1.0000
stock_b5000_full	L1985712	4	1.0000
stock_b5000_full	L1987156	0	1.0000
stock_b5000_full	L1992001	1	1.0000
stock_b5000_full	L1992697	0	1.0000
stock_b5000_full	L1996996	0	1.0000
stock_b5000_full	L1999805	0	1.0000
stock_b5000_full	L20552	0	1.0000
stock_b5000_full	L205951	1	0.7246
stock_b5000_full	L206468	0	1.0000
stock_b5000_full	L206760	0	1.0000
stock_b5000_full	L207601	0	1.0000
stock_b5000_full	L209337	1	1.0000
stock_b5000_full	L21006	0	1.0000
stock_b5000_full	L212437	0	1.0000
stock_b5000_full	L21703	0	1.0000
stock_b5000_full	L21860	0	1.0000
stock_b5000_full	L21970	0	1.0000
stock_b5000_full	L221302	0	1.0000
stock_b5000_full	L222990	0	0.9889
stock_b5000_full	L223698	0	0.5950
stock_b5000_full	L224462	1	0.7706
stock_b5000_full	L226384	0	1.0000
stock_b5000_full	L230051	0	1.0000
stock_b5000_full	L233807	0	1.0000
stock_b5000_full	L234489	0	1.0000
stock_b5000_full	L23637	0	1.0000
stock_b5000_full	L242623	0	1.0000
stock_b5000_full	L246106	1	1.0000
stock_b5000_full	L247389	0	0.9932
stock_b5000_full	L247703	0	1.0000
stock_b5000_full	L251339	2	0.9866
stock_b5000_full	L252095	0	0.5473
stock_b5000_full	L253981	1	0.5206
stock_b5000_full	L254016	1	0.7820
stock_b5000_full	L256416	0	1.0000
stock_b5000_full	L256657	0	1.0000
stock_b5000_full	L256899	0	1.0000
stock_b5000_full	L263537	0	1.0000
stock_b5000_full	L264567	0	1.0000
stock_b5000_full	L268477	0	1.0000
stock_b5000_full	L270354	0	0.9997
stock_b5000_full	L271418	0	1.0000
stock_b5000_full	L278635	0	1.0000
stock_b5000_full	L279786	0	1.0000
stock_b5000_full	L280579	0	1.0000
stock_b5000_full	L287545	0	0.9970
stock_b5000_full	L287741	0	0.9937
stock_b5000_full	L290634	0	1.0000
stock_b5000_full	L291671	0	1.0000
stock_b5000_full	L292815	0	1.0000
stock_b5000_full	L296972	0	1.0000
stock_b5000_full	L297473	0	1.0000
stock_b5000_full	L297512	1	0.5801
stock_b5000_full	L298375	0	1.0000
stock_b5000_full	L301552	0	1.0000
stock_b5000_full	L307194	0	1.0000
stock_b5000_full	L309904	0	1.0000
stock_b5000_full	L3170	1	0.6077
stock_b5000_full	L317654	0	1.0000
stock_b5000_full	L3184	1	0.8080
stock_b5000_full	L318418	2	0.6558
stock_b5000_full	L318534	0	0.6630
stock_b5000_full	L319502	0	1.0000
stock_b5000_full	L320722	0	1.0000
stock_b5000_full	L322292	0	1.0000
stock_b5000_full	L322864	0	1.0000
stock_b5000_full	L323046	0	1.0000
stock_b5000_full	L324328	0	1.0000
stock_b5000_full	L324374	0	1.0000
stock_b5000_full	L325049	0	1.0000
stock_b5000_full	L325432	0	1.0000
stock_b5000_full	L326941	1	1.0000
stock_b5000_full	L331212	1	0.8737
stock_b5000_full	L331444	0	1.0000
stock_b5000_full	L333006	0	1.0000
stock_b5000_full	L333090	0	1.0000
stock_b5000_full	L333836	0	1.0000
stock_b5000_full	L335225	0	1.0000
stock_b5000_full	L335980	0	1.0000
stock_b5000_full	L342344	0	0.8294
stock_b5000_full	L34456	0	1.0000
stock_b5000_full	L348878	0	0.7058
stock_b5000_full	L348891	0	0.6997
stock_b5000_full	L350244	0	1.0000
stock_b5000_full	L350337	0	1.0000
stock_b5000_full	L350475	0	1.0000
stock_b5000_full	L351030	0	1.0000
stock_b5000_full	L351782	0	1.0000
stock_b5000_full	L353565	1	0.9891
stock_b5000_full	L353749	0	1.0000
stock_b5000_full	L356829	0	0.8555
stock_b5000_full	L358839	0	1.0000
stock_b5000_full	L358876	0	1.0000
stock_b5000_full	L35935	0	0.9993
stock_b5000_full	L362772	0	1.0000
stock_b5000_full	L363906	0	0.9744
stock_b5000_full	L365071	0	1.0000
stock_b5000_full	L366723	0	1.0000
stock_b5000_full	L367305	0	0.9999
stock_b5000_full	L367428	0	1.0000
stock_b5000_full	L368018	0	1.0000
stock_b5000_full	L371020	1	0.5647
stock_b5000_full	L3736	0	1.0000
stock_b5000_full	L37437	0	1.0000
stock_b5000_full	L375461	1	1.0000
stock_b5000_full	L377850	0	1.0000
stock_b5000_full	L378723	0	1.0000
stock_b5000_full	L380657	0	0.7445
stock_b5000_full	L380912	0	1.0000
stock_b5000_full	L381434	0	1.0000
stock_b5000_full	L382168	0	0.9990
stock_b5000_full	L382622	0	1.0000
stock_b5000_full	L386443	0	1.0000
stock_b5000_full	L38779	0	1.0000
stock_b5000_full	L388489	0	1.0000
stock_b5000_full	L390690	1	0.3233
stock_b5000_full	L392719	0	1.0000
stock_b5000_full	L394650	0	1.0000
stock_b5000_full	L396138	0	1.0000
stock_b5000_full	L399396	0	0.9611
stock_b5000_full	L401829	0	1.0000
stock_b5000_full	L403497	1	1.0000
stock_b5000_full	L408678	0	1.0000
stock_b5000_full	L408682	0	1.0000
stock_b5000_full	L411960	0	1.0000
stock_b5000_full	L413007	0	1.0000
stock_b5000_full	L415336	0	1.0000
stock_b5000_full	L415413	1	1.0000
stock_b5000_full	L418366	1	0.5180
stock_b5000_full	L418388	0	1.0000
stock_b5000_full	L423584	0	1.0000
stock_b5000_full	L424716	0	1.0000
stock_b5000_full	L427026	1	1.0000
stock_b5000_full	L434630	0	1.0000
stock_b5000_full	L439400	0	1.0000
stock_b5000_full	L439489	0	1.0000
stock_b5000_full	L442680	0	1.0000
stock_b5000_full	L443814	0	0.9997
stock_b5000_full	L449738	1	0.4374
stock_b5000_full	L451768	0	1.0000
stock_b5000_full	L453420	1	1.0000
stock_b5000_full	L453566	1	0.9917
stock_b5000_full	L454288	1	1.0000
stock_b5000_full	L454603	0	1.0000
stock_b5000_full	L454940	1	0.6194
stock_b5000_full	L45583	0	1.0000
stock_b5000_full	L455854	0	1.0000
stock_b5000_full	L460483	1	1.0000
stock_b5000_full	L461004	0	1.0000
stock_b5000_full	L462461	1	1.0000
stock_b5000_full	L465305	0	1.0000
stock_b5000_full	L467955	0	1.0000
stock_b5000_full	L469518	0	1.0000
stock_b5000_full	L470030	0	1.0000
stock_b5000_full	L471487	0	1.0000
stock_b5000_full	L472430	1	1.0000
stock_b5000_full	L472790	0	1.0000
stock_b5000_full	L473496	0	1.0000
stock_b5000_full	L474051	0	0.9301
stock_b5000_full	L474155	0	1.0000
stock_b5000_full	L479578	0	0.9970
stock_b5000_full	L485169	0	1.0000
stock_b5000_full	L487447	0	1.0000
stock_b5000_full	L487895	1	1.0000
stock_b5000_full	L488320	0	0.9999
stock_b5000_full	L489	0	1.0000
stock_b5000_full	L489204	0	1.0000
stock_b5000_full	L490152	0	1.0000
stock_b5000_full	L494947	0	0.5866
stock_b5000_full	L50067	0	1.0000
stock_b5000_full	L501047	0	1.0000
stock_b5000_full	L502660	0	1.0000
stock_b5000_full	L504133	0	1.0000
stock_b5000_full	L507963	0	1.0000
stock_b5000_full	L509062	0	1.0000
stock_b5000_full	L510232	0	1.0000
stock_b5000_full	L511198	0	1.0000
stock_b5000_full	L511998	0	0.5582
stock_b5000_full	L512885	0	1.0000
stock_b5000_full	L515527	0	1.0000
stock_b5000_full	L516621	0	0.7043
stock_b5000_full	L520061	1	1.0000
stock_b5000_full	L521854	0	1.0000
stock_b5000_full	L522361	1	0.7451
stock_b5000_full	L523007	0	1.0000
stock_b5000_full	L52377	1	1.0000
stock_b5000_full	L523780	1	0.4611
stock_b5000_full	L526348	0	1.0000
stock_b5000_full	L526362	0	1.0000
stock_b5000_full	L529128	0	1.0000
stock_b5000_full	L529259	1	1.0000
stock_b5000_full	L531183	0	1.0000
stock_b5000_full	L535176	0	1.0000
stock_b5000_full	L535927	1	1.0000
stock_b5000_full	L53900	0	1.0000
stock_b5000_full	L54140	0	1.0000
stock_b5000_full	L545290	0	1.0000
stock_b5000_full	L551516	0	1.0000
stock_b5000_full	L552430	0	1.0000
stock_b5000_full	L554769	0	1.0000
stock_b5000_full	L556620	0	1.0000
stock_b5000_full	L557148	0	1.0000
stock_b5000_full	L560741	1	0.5041
stock_b5000_full	L562253	0	1.0000
stock_b5000_full	L563575	0	1.0000
stock_b5000_full	L564960	1	0.5212
stock_b5000_full	L566111	0	0.6125
stock_b5000_full	L571479	1	0.9736
stock_b5000_full	L572100	0	1.0000
stock_b5000_full	L578549	1	0.4981
stock_b5000_full	L580412	0	1.0000
stock_b5000_full	L583359	0	0.9996
stock_b5000_full	L58398	1	0.9529
stock_b5000_full	L585434	1	0.9392
stock_b5000_full	L586104	0	1.0000
stock_b5000_full	L595406	0	0.8718
stock_b5000_full	L599093	0	1.0000
stock_b5000_full	L610583	0	1.0000
stock_b5000_full	L613767	0	0.9266
stock_b5000_full	L615521	0	1.0000
stock_b5000_full	L616720	0	1.0000
stock_b5000_full	L617134	1	1.0000
stock_b5000_full	L618884	0	1.0000
stock_b5000_full	L6189	0	1.0000
stock_b5000_full	L622600	0	1.0000
stock_b5000_full	L62692	0	1.0000
stock_b5000_full	L628634	0	0.9886
stock_b5000_full	L629842	0	1.0000
stock_b5000_full	L631992	0	0.9370
stock_b5000_full	L63248	1	0.9789
stock_b5000_full	L634575	1	1.0000
stock_b5000_full	L6356	0	1.0000
stock_b5000_full	L637890	0	1.0000
stock_b5000_full	L63791	0	1.0000
stock_b5000_full	L639649	0	1.0000
stock_b5000_full	L642602	1	0.9420
stock_b5000_full	L646762	0	1.0000
stock_b5000_full	L650498	0	1.0000
stock_b5000_full	L651242	0	1.0000
stock_b5000_full	L651264	0	1.0000
stock_b5000_full	L652790	0	1.0000
stock_b5000_full	L654346	1	0.5818
stock_b5000_full	L655133	0	1.0000
stock_b5000_full	L657223	0	1.0000
stock_b5000_full	L659271	1	0.7740
stock_b5000_full	L659432	1	0.5019
stock_b5000_full	L660496	0	0.6746
stock_b5000_full	L661586	0	1.0000
stock_b5000_full	L663357	0	1.0000
stock_b5000_full	L663649	0	0.9983
stock_b5000_full	L6727	2	0.4959
stock_b5000_full	L674570	0	1.0000
stock_b5000_full	L674945	0	1.0000
stock_b5000_full	L675853	0	1.0000
stock_b5000_full	L676330	0	1.0000
stock_b5000_full	L676359	0	1.0000
stock_b5000_full	L67715	0	0.9861
stock_b5000_full	L677200	0	1.0000
stock_b5000_full	L677943	0	1.0000
stock_b5000_full	L680508	0	1.0000
stock_b5000_full	L681757	0	1.0000
stock_b5000_full	L682589	0	1.0000
stock_b5000_full	L685735	0	1.0000
stock_b5000_full	L688428	0	1.0000
stock_b5000_full	L690836	0	1.0000
stock_b5000_full	L69227	0	1.0000
stock_b5000_full	L694001	1	1.0000
stock_b5000_full	L697211	1	1.0000
stock_b5000_full	L698980	0	1.0000
stock_b5000_full	L699299	0	1.0000
stock_b5000_full	L70184	0	1.0000
stock_b5000_full	L703700	0	1.0000
stock_b5000_full	L704052	0	1.0000
stock_b5000_full	L704079	0	1.0000
stock_b5000_full	L705648	0	1.0000
stock_b5000_full	L705664	0	1.0000
stock_b5000_full	L706887	0	1.0000
stock_b5000_full	L70693	0	1.0000
stock_b5000_full	L70846	0	1.0000
stock_b5000_full	L710516	0	1.0000
stock_b5000_full	L710854	0	1.0000
stock_b5000_full	L710875	0	1.0000
stock_b5000_full	L713284	0	1.0000
stock_b5000_full	L714291	0	1.0000
stock_b5000_full	L718210	0	1.0000
stock_b5000_full	L71837	1	0.5781
stock_b5000_full	L719293	0	0.8900
stock_b5000_full	L719453	0	1.0000
stock_b5000_full	L721929	1	1.0000
stock_b5000_full	L72644	0	1.0000
stock_b5000_full	L727915	0	1.0000
stock_b5000_full	L733225	0	1.0000
stock_b5000_full	L738291	0	1.0000
stock_b5000_full	L738471	0	1.0000
stock_b5000_full	L741947	1	1.0000
stock_b5000_full	L742305	0	1.0000
stock_b5000_full	L744434	0	1.0000
stock_b5000_full	L747615	0	1.0000
stock_b5000_full	L749719	0	1.0000
stock_b5000_full	L749755	0	1.0000
stock_b5000_full	L750040	1	1.0000
stock_b5000_full	L751250	0	0.9998
stock_b5000_full	L752781	1	0.8584
stock_b5000_full	L753459	0	0.5607
stock_b5000_full	L756119	0	0.9035
stock_b5000_full	L756273	0	0.8479
stock_b5000_full	L756947	1	0.7512
stock_b5000_full	L757056	1	1.0000
stock_b5000_full	L759101	0	1.0000
stock_b5000_full	L760182	0	1.0000
stock_b5000_full	L761191	0	0.9427
stock_b5000_full	L762001	0	0.9963
stock_b5000_full	L762093	0	1.0000
stock_b5000_full	L762176	0	0.9994
stock_b5000_full	L763379	0	1.0000
stock_b5000_full	L768450	0	1.0000
stock_b5000_full	L769757	0	1.0000
stock_b5000_full	L771085	0	0.9992
stock_b5000_full	L77116	0	0.8146
stock_b5000_full	L772427	0	0.9999
stock_b5000_full	L776030	0	1.0000
stock_b5000_full	L777299	1	1.0000
stock_b5000_full	L777823	0	1.0000
stock_b5000_full	L777910	1	0.6980
stock_b5000_full	L781446	0	0.8247
stock_b5000_full	L784431	1	1.0000
stock_b5000_full	L786569	0	1.0000
stock_b5000_full	L787602	0	1.0000
stock_b5000_full	L789348	1	1.0000
stock_b5000_full	L789708	0	0.9970
stock_b5000_full	L790161	0	1.0000
stock_b5000_full	L791251	0	1.0000
stock_b5000_full	L79329	0	1.0000
stock_b5000_full	L793756	0	1.0000
stock_b5000_full	L795446	0	1.0000
stock_b5000_full	L799472	1	0.6876
stock_b5000_full	L799778	1	0.5339
stock_b5000_full	L800622	0	1.0000
stock_b5000_full	L802530	1	0.9000
stock_b5000_full	L803200	1	1.0000
stock_b5000_full	L804499	0	1.0000
stock_b5000_full	L807590	0	1.0000
stock_b5000_full	L808265	0	1.0000
stock_b5000_full	L808905	1	1.0000
stock_b5000_full	L811697	0	0.7274
stock_b5000_full	L811790	0	1.0000
stock_b5000_full	L811826	0	1.0000
stock_b5000_full	L812045	0	1.0000
stock_b5000_full	L816143	0	1.0000
stock_b5000_full	L816490	0	1.0000
stock_b5000_full	L817904	0	1.0000
stock_b5000_full	L818701	1	0.8199
stock_b5000_full	L819185	1	1.0000
stock_b5000_full	L819987	1	0.9939
stock_b5000_full	L821601	0	1.0000
stock_b5000_full	L824597	0	0.9297
stock_b5000_full	L825004	0	1.0000
stock_b5000_full	L827047	0	0.9121
stock_b5000_full	L827519	1	0.7953
stock_b5000_full	L827898	0	0.9927
stock_b5000_full	L83179	0	1.0000
stock_b5000_full	L832817	0	1.0000
stock_b5000_full	L832855	0	1.0000
stock_b5000_full	L838317	1	0.6872
stock_b5000_full	L845507	0	0.7836
stock_b5000_full	L846147	0	1.0000
stock_b5000_full	L847407	0	1.0000
stock_b5000_full	L847827	0	1.0000
stock_b5000_full	L849392	0	1.0000
stock_b5000_full	L852778	0	1.0000
stock_b5000_full	L855478	0	1.0000
stock_b5000_full	L857135	0	1.0000
stock_b5000_full	L858314	0	0.9666
stock_b5000_full	L859198	0	1.0000
stock_b5000_full	L861067	1	0.8062
stock_b5000_full	L861612	0	1.0000
stock_b5000_full	L865768	1	0.8519
stock_b5000_full	L868031	1	1.0000
stock_b5000_full	L869962	0	1.0000
stock_b5000_full	L871757	0	1.0000
stock_b5000_full	L87227	0	1.0000
stock_b5000_full	L872641	0	1.0000
stock_b5000_full	L875345	0	1.0000
stock_b5000_full	L883421	0	1.0000
stock_b5000_full	L883981	0	1.0000
stock_b5000_full	L884210	1	0.4356
stock_b5000_full	L885983	0	1.0000
stock_b5000_full	L887768	0	1.0000
stock_b5000_full	L88843	1	0.5837
stock_b5000_full	L888705	0	0.6700
stock_b5000_full	L889436	0	1.0000
stock_b5000_full	L890611	1	0.4653
stock_b5000_full	L890861	0	0.9999
stock_b5000_full	L890978	0	1.0000
stock_b5000_full	L894458	0	1.0000
stock_b5000_full	L895635	0	1.0000
stock_b5000_full	L896421	0	1.0000
stock_b5000_full	L89769	0	1.0000
stock_b5000_full	L899685	0	1.0000
stock_b5000_full	L901803	1	0.6266
stock_b5000_full	L903650	1	1.0000
stock_b5000_full	L904813	1	0.6922
stock_b5000_full	L908878	1	1.0000
stock_b5000_full	L909692	2	0.4145
stock_b5000_full	L910078	0	1.0000
stock_b5000_full	L912103	0	1.0000
stock_b5000_full	L912322	0	1.0000
stock_b5000_full	L912719	0	1.0000
stock_b5000_full	L912815	0	1.0000
stock_b5000_full	L913531	0	1.0000
stock_b5000_full	L91563	0	0.5173
stock_b5000_full	L915786	0	0.6580
stock_b5000_full	L915789	0	0.5711
stock_b5000_full	L9163	0	1.0000
stock_b5000_full	L919590	1	0.9860
stock_b5000_full	L919603	1	0.8959
stock_b5000_full	L928032	0	1.0000
stock_b5000_full	L928536	0	0.9994
stock_b5000_full	L929320	0	0.6740
stock_b5000_full	L931629	1	1.0000
stock_b5000_full	L935668	1	0.5694
stock_b5000_full	L937448	1	0.5827
stock_b5000_full	L938502	2	0.4010
stock_b5000_full	L939729	0	1.0000
stock_b5000_full	L943549	1	0.5041
stock_b5000_full	L946755	0	1.0000
stock_b5000_full	L946983	0	1.0000
stock_b5000_full	L947120	0	1.0000
stock_b5000_full	L94829	0	1.0000
stock_b5000_full	L948707	0	0.9995
stock_b5000_full	L954478	0	1.0000
stock_b5000_full	L956192	0	1.0000
stock_b5000_full	L956318	0	1.0000
stock_b5000_full	L95996	0	1.0000
stock_b5000_full	L963059	0	1.0000
stock_b5000_full	L964150	0	1.0000
stock_b5000_full	L966865	0	1.0000
stock_b5000_full	L968281	0	1.0000
stock_b5000_full	L968389	0	1.0000
stock_b5000_full	L968426	0	1.0000
stock_b5000_full	L97211	1	1.0000
stock_b5000_full	L973556	0	0.9977
stock_b5000_full	L974644	1	1.0000
stock_b5000_full	L97491	0	1.0000
stock_b5000_full	L976334	0	1.0000
stock_b5000_full	L977262	0	1.0000
stock_b5000_full	L983031	0	1.0000
stock_b5000_full	L985883	1	0.5313
stock_b5000_full	L986248	0	0.9869
stock_b5000_full	L986264	0	0.9231
stock_b5000_full	L986750	0	1.0000
stock_b5000_full	L988510	0	1.0000
stock_b5000_full	L98918	0	1.0000
stock_b5000_full	L99225	0	1.0000
stock_b5000_full	L99629	0	1.0000
stock_b5000_full	L998137	0	1.0000
stock_b5000_full	L998626	0	1.0000
