label	query	delta	lwr
stock_b2000_frag	AAAAAAAABB	29	0.0320
fix_b2000_frag	AAAAAAAABB	5	0.0320
fix_b5000_frag	AAAAAAAABB	29	0.0318
stock_b5000_frag	AAAAAAAABB	15	1.0000
bug2only_b5000_frag	AAAAAAAABB	29	0.0318
bug1only_b5000_frag	AAAAAAAABB	15	1.0000
stock_b2000_frag	AAAAAAAABZ	19	0.0055
fix_b2000_frag	AAAAAAAABZ	8	0.0055
fix_b5000_frag	AAAAAAAABZ	26	0.0055
stock_b5000_frag	AAAAAAAABZ	13	1.0000
bug2only_b5000_frag	AAAAAAAABZ	15	0.0055
bug1only_b5000_frag	AAAAAAAABZ	13	1.0000
stock_b2000_frag	AAAAAAAACR	33	0.0009
fix_b2000_frag	AAAAAAAACR	33	0.0009
fix_b5000_frag	AAAAAAAACR	33	0.0009
stock_b5000_frag	AAAAAAAACR	36	1.0000
bug2only_b5000_frag	AAAAAAAACR	33	0.0009
bug1only_b5000_frag	AAAAAAAACR	36	1.0000
stock_b2000_frag	AAAAAAAAEL	0	0.0260
fix_b2000_frag	AAAAAAAAEL	0	0.0260
fix_b5000_frag	AAAAAAAAEL	0	0.0270
stock_b5000_frag	AAAAAAAAEL	15	1.0000
bug2only_b5000_frag	AAAAAAAAEL	0	0.0270
bug1only_b5000_frag	AAAAAAAAEL	15	1.0000
stock_b2000_frag	AAAAAAAAEW	9	0.0115
fix_b2000_frag	AAAAAAAAEW	4	0.0115
fix_b5000_frag	AAAAAAAAEW	10	0.0115
stock_b5000_frag	AAAAAAAAEW	15	0.0116
bug2only_b5000_frag	AAAAAAAAEW	11	0.0115
bug1only_b5000_frag	AAAAAAAAEW	6	0.0116
stock_b2000_frag	AAAAAAAAFB	3	0.0220
fix_b2000_frag	AAAAAAAAFB	8	0.0220
fix_b5000_frag	AAAAAAAAFB	4	0.0219
stock_b5000_frag	AAAAAAAAFB	86	0.3334
bug2only_b5000_frag	AAAAAAAAFB	9	0.0219
bug1only_b5000_frag	AAAAAAAAFB	86	0.3334
stock_b2000_frag	AAAAAAAAHF	13	0.0217
fix_b2000_frag	AAAAAAAAHF	14	0.0217
fix_b5000_frag	AAAAAAAAHF	14	0.0217
stock_b5000_frag	AAAAAAAAHF	4	0.8501
bug2only_b5000_frag	AAAAAAAAHF	14	0.0217
bug1only_b5000_frag	AAAAAAAAHF	4	0.8501
stock_b2000_frag	AAAAAAAAJL	12	0.0213
fix_b2000_frag	AAAAAAAAJL	10	0.0213
fix_b5000_frag	AAAAAAAAJL	10	0.0213
stock_b5000_frag	AAAAAAAAJL	2	1.0000
bug2only_b5000_frag	AAAAAAAAJL	11	0.0213
bug1only_b5000_frag	AAAAAAAAJL	2	1.0000
stock_b2000_frag	AAAAAAAAKR	19	0.0059
fix_b2000_frag	AAAAAAAAKR	17	0.0059
fix_b5000_frag	AAAAAAAAKR	3	0.0059
stock_b5000_frag	AAAAAAAAKR	28	1.0000
bug2only_b5000_frag	AAAAAAAAKR	11	0.0059
bug1only_b5000_frag	AAAAAAAAKR	28	1.0000
stock_b2000_frag	AAAAAAAALP	106	0.0003
fix_b2000_frag	AAAAAAAALP	184	0.0003
fix_b5000_frag	AAAAAAAALP	6	0.0003
stock_b5000_frag	AAAAAAAALP	68	0.5001
bug2only_b5000_frag	AAAAAAAALP	88	0.0003
bug1only_b5000_frag	AAAAAAAALP	68	0.5001
stock_b2000_frag	AAAAAAAAMM	34	0.0019
fix_b2000_frag	AAAAAAAAMM	28	0.0019
fix_b5000_frag	AAAAAAAAMM	50	0.0019
stock_b5000_frag	AAAAAAAAMM	30	1.0000
bug2only_b5000_frag	AAAAAAAAMM	24	0.0019
bug1only_b5000_frag	AAAAAAAAMM	30	1.0000
stock_b2000_frag	AAAAAAAAMT	1	0.0674
fix_b2000_frag	AAAAAAAAMT	2	0.0674
fix_b5000_frag	AAAAAAAAMT	2	0.0674
stock_b5000_frag	AAAAAAAAMT	1	0.0670
bug2only_b5000_frag	AAAAAAAAMT	2	0.0674
bug1only_b5000_frag	AAAAAAAAMT	1	0.0670
stock_b2000_frag	AAAAAAAANG	56	0.2460
fix_b2000_frag	AAAAAAAANG	56	0.2460
fix_b5000_frag	AAAAAAAANG	56	0.2833
stock_b5000_frag	AAAAAAAANG	31	1.0000
bug2only_b5000_frag	AAAAAAAANG	56	0.2833
bug1only_b5000_frag	AAAAAAAANG	31	1.0000
stock_b2000_frag	AAAAAAAANS	12	0.0103
fix_b2000_frag	AAAAAAAANS	14	0.0103
fix_b5000_frag	AAAAAAAANS	10	0.0103
stock_b5000_frag	AAAAAAAANS	11	0.5000
bug2only_b5000_frag	AAAAAAAANS	6	0.0103
bug1only_b5000_frag	AAAAAAAANS	11	0.5000
stock_b2000_frag	AAAAAAAAPN	21	0.0041
fix_b2000_frag	AAAAAAAAPN	4	0.0041
fix_b5000_frag	AAAAAAAAPN	10	0.0041
stock_b5000_frag	AAAAAAAAPN	11	0.9974
bug2only_b5000_frag	AAAAAAAAPN	11	0.0041
bug1only_b5000_frag	AAAAAAAAPN	11	0.9974
stock_b2000_frag	AAAAAAAAPP	12	0.0009
fix_b2000_frag	AAAAAAAAPP	46	0.0009
fix_b5000_frag	AAAAAAAAPP	23	0.0009
stock_b5000_frag	AAAAAAAAPP	75	1.0000
bug2only_b5000_frag	AAAAAAAAPP	23	0.0009
bug1only_b5000_frag	AAAAAAAAPP	75	1.0000
stock_b2000_frag	AAAAAAAAQR	6	0.0185
fix_b2000_frag	AAAAAAAAQR	6	0.0185
fix_b5000_frag	AAAAAAAAQR	6	0.0194
stock_b5000_frag	AAAAAAAAQR	8	0.2507
bug2only_b5000_frag	AAAAAAAAQR	6	0.0194
bug1only_b5000_frag	AAAAAAAAQR	8	0.2507
stock_b2000_frag	AAAAAAAASI	48	0.0006
fix_b2000_frag	AAAAAAAASI	40	0.0006
fix_b5000_frag	AAAAAAAASI	43	0.0003
stock_b5000_frag	AAAAAAAASI	14	1.0000
bug2only_b5000_frag	AAAAAAAASI	60	0.0003
bug1only_b5000_frag	AAAAAAAASI	14	1.0000
stock_b2000_frag	AAAAAAAASJ	17	0.0032
fix_b2000_frag	AAAAAAAASJ	10	0.0032
fix_b5000_frag	AAAAAAAASJ	11	0.0032
stock_b5000_frag	AAAAAAAASJ	27	0.2010
bug2only_b5000_frag	AAAAAAAASJ	8	0.0032
bug1only_b5000_frag	AAAAAAAASJ	27	0.2010
stock_b2000_frag	AAAAAAAAVA	1	0.0110
fix_b2000_frag	AAAAAAAAVA	16	0.0110
fix_b5000_frag	AAAAAAAAVA	1	0.0108
stock_b5000_frag	AAAAAAAAVA	22	0.9999
bug2only_b5000_frag	AAAAAAAAVA	14	0.0108
bug1only_b5000_frag	AAAAAAAAVA	22	0.9999
stock_b2000_frag	AAAAAAAAVR	1	0.1772
fix_b2000_frag	AAAAAAAAVR	1	0.1772
fix_b5000_frag	AAAAAAAAVR	1	0.1770
stock_b5000_frag	AAAAAAAAVR	21	0.3335
bug2only_b5000_frag	AAAAAAAAVR	1	0.1770
bug1only_b5000_frag	AAAAAAAAVR	21	0.3335
stock_b2000_frag	AAAAAAAAWN	38	0.0171
fix_b2000_frag	AAAAAAAAWN	57	0.0171
fix_b5000_frag	AAAAAAAAWN	31	0.0176
stock_b5000_frag	AAAAAAAAWN	31	0.0303
bug2only_b5000_frag	AAAAAAAAWN	31	0.0176
bug1only_b5000_frag	AAAAAAAAWN	31	0.0303
stock_b2000_frag	AAAAAAAAWU	6	0.0496
fix_b2000_frag	AAAAAAAAWU	6	0.0496
fix_b5000_frag	AAAAAAAAWU	6	0.0497
stock_b5000_frag	AAAAAAAAWU	4	1.0000
bug2only_b5000_frag	AAAAAAAAWU	6	0.0497
bug1only_b5000_frag	AAAAAAAAWU	4	1.0000
stock_b2000_frag	AAAAAAAAXV	0	0.9894
fix_b2000_frag	AAAAAAAAXV	0	0.9894
fix_b5000_frag	AAAAAAAAXV	0	0.9973
stock_b5000_frag	AAAAAAAAXV	12	0.9999
bug2only_b5000_frag	AAAAAAAAXV	0	0.9973
bug1only_b5000_frag	AAAAAAAAXV	12	0.9999
stock_b2000_frag	AAAAAAAAYW	3	0.0101
fix_b2000_frag	AAAAAAAAYW	3	0.0101
fix_b5000_frag	AAAAAAAAYW	3	0.0101
stock_b5000_frag	AAAAAAAAYW	5	0.5000
bug2only_b5000_frag	AAAAAAAAYW	3	0.0101
bug1only_b5000_frag	AAAAAAAAYW	5	0.5000
stock_b2000_frag	AAAAAAAAZR	21	0.0041
fix_b2000_frag	AAAAAAAAZR	37	0.0041
fix_b5000_frag	AAAAAAAAZR	36	0.0041
stock_b5000_frag	AAAAAAAAZR	38	0.0054
bug2only_b5000_frag	AAAAAAAAZR	37	0.0041
bug1only_b5000_frag	AAAAAAAAZR	19	0.0054
stock_b2000_frag	AAAAAAABAE	26	0.0006
fix_b2000_frag	AAAAAAABAE	22	0.0006
fix_b5000_frag	AAAAAAABAE	49	0.0005
stock_b5000_frag	AAAAAAABAE	18	0.6386
bug2only_b5000_frag	AAAAAAABAE	47	0.0005
bug1only_b5000_frag	AAAAAAABAE	18	0.6386
stock_b2000_frag	AAAAAAABAG	15	0.0124
fix_b2000_frag	AAAAAAABAG	10	0.0124
fix_b5000_frag	AAAAAAABAG	1	0.0124
stock_b5000_frag	AAAAAAABAG	5	0.0162
bug2only_b5000_frag	AAAAAAABAG	1	0.0124
bug1only_b5000_frag	AAAAAAABAG	1	0.0162
stock_b2000_frag	AAAAAAABAN	1	0.0048
fix_b2000_frag	AAAAAAABAN	1	0.0048
fix_b5000_frag	AAAAAAABAN	12	0.0048
stock_b5000_frag	AAAAAAABAN	9	1.0000
bug2only_b5000_frag	AAAAAAABAN	31	0.0048
bug1only_b5000_frag	AAAAAAABAN	9	1.0000
stock_b2000_frag	AAAAAAABBC	51	0.0007
fix_b2000_frag	AAAAAAABBC	51	0.0007
fix_b5000_frag	AAAAAAABBC	107	0.0006
stock_b5000_frag	AAAAAAABBC	36	1.0000
bug2only_b5000_frag	AAAAAAABBC	107	0.0006
bug1only_b5000_frag	AAAAAAABBC	36	1.0000
stock_b2000_frag	AAAAAAABCD	7	0.0200
fix_b2000_frag	AAAAAAABCD	7	0.0200
fix_b5000_frag	AAAAAAABCD	7	0.0200
stock_b5000_frag	AAAAAAABCD	0	0.2597
bug2only_b5000_frag	AAAAAAABCD	3	0.0200
bug1only_b5000_frag	AAAAAAABCD	0	0.2597
stock_b2000_frag	AAAAAAABDU	15	0.0016
fix_b2000_frag	AAAAAAABDU	88	0.0016
fix_b5000_frag	AAAAAAABDU	69	0.0016
stock_b5000_frag	AAAAAAABDU	80	1.0000
bug2only_b5000_frag	AAAAAAABDU	100	0.0016
bug1only_b5000_frag	AAAAAAABDU	80	1.0000
stock_b2000_frag	AAAAAAABEL	62	0.0004
fix_b2000_frag	AAAAAAABEL	55	0.0004
fix_b5000_frag	AAAAAAABEL	69	0.0004
stock_b5000_frag	AAAAAAABEL	41	0.9678
bug2only_b5000_frag	AAAAAAABEL	77	0.0004
bug1only_b5000_frag	AAAAAAABEL	41	0.9678
stock_b2000_frag	AAAAAAABET	1	0.0134
fix_b2000_frag	AAAAAAABET	12	0.0134
fix_b5000_frag	AAAAAAABET	9	0.0134
stock_b5000_frag	AAAAAAABET	31	1.0000
bug2only_b5000_frag	AAAAAAABET	3	0.0134
bug1only_b5000_frag	AAAAAAABET	31	1.0000
stock_b2000_frag	AAAAAAABGB	17	0.9594
fix_b2000_frag	AAAAAAABGB	17	0.9594
fix_b5000_frag	AAAAAAABGB	17	0.9624
stock_b5000_frag	AAAAAAABGB	17	0.9974
bug2only_b5000_frag	AAAAAAABGB	17	0.9624
bug1only_b5000_frag	AAAAAAABGB	17	0.9974
stock_b2000_frag	AAAAAAABIJ	57	0.0025
fix_b2000_frag	AAAAAAABIJ	3	0.0025
fix_b5000_frag	AAAAAAABIJ	12	0.0025
stock_b5000_frag	AAAAAAABIJ	53	0.9953
bug2only_b5000_frag	AAAAAAABIJ	73	0.0025
bug1only_b5000_frag	AAAAAAABIJ	53	0.9953
stock_b2000_frag	AAAAAAABJG	10	0.0094
fix_b2000_frag	AAAAAAABJG	18	0.0094
fix_b5000_frag	AAAAAAABJG	8	0.0094
stock_b5000_frag	AAAAAAABJG	7	0.0626
bug2only_b5000_frag	AAAAAAABJG	8	0.0094
bug1only_b5000_frag	AAAAAAABJG	7	0.0626
stock_b2000_frag	AAAAAAABJS	2	0.0044
fix_b2000_frag	AAAAAAABJS	3	0.0044
fix_b5000_frag	AAAAAAABJS	29	0.0043
stock_b5000_frag	AAAAAAABJS	23	1.0000
bug2only_b5000_frag	AAAAAAABJS	29	0.0043
bug1only_b5000_frag	AAAAAAABJS	23	1.0000
stock_b2000_frag	AAAAAAABKP	3	0.0606
fix_b2000_frag	AAAAAAABKP	3	0.0606
fix_b5000_frag	AAAAAAABKP	3	0.0582
stock_b5000_frag	AAAAAAABKP	21	1.0000
bug2only_b5000_frag	AAAAAAABKP	3	0.0582
bug1only_b5000_frag	AAAAAAABKP	21	1.0000
stock_b2000_frag	AAAAAAABLH	9	0.0017
fix_b2000_frag	AAAAAAABLH	21	0.0017
fix_b5000_frag	AAAAAAABLH	9	0.0015
stock_b5000_frag	AAAAAAABLH	28	1.0000
bug2only_b5000_frag	AAAAAAABLH	53	0.0015
bug1only_b5000_frag	AAAAAAABLH	28	1.0000
stock_b2000_frag	AAAAAAABMM	0	0.6405
fix_b2000_frag	AAAAAAABMM	0	0.6405
fix_b5000_frag	AAAAAAABMM	0	0.6615
stock_b5000_frag	AAAAAAABMM	0	0.9312
bug2only_b5000_frag	AAAAAAABMM	0	0.6615
bug1only_b5000_frag	AAAAAAABMM	0	0.9312
stock_b2000_frag	AAAAAAABMO	49	0.0015
fix_b2000_frag	AAAAAAABMO	45	0.0015
fix_b5000_frag	AAAAAAABMO	64	0.0015
stock_b5000_frag	AAAAAAABMO	56	0.3333
bug2only_b5000_frag	AAAAAAABMO	92	0.0015
bug1only_b5000_frag	AAAAAAABMO	56	0.3333
stock_b2000_frag	AAAAAAABMR	0	0.2980
fix_b2000_frag	AAAAAAABMR	0	0.2980
fix_b5000_frag	AAAAAAABMR	2	0.4644
stock_b5000_frag	AAAAAAABMR	2	0.9672
bug2only_b5000_frag	AAAAAAABMR	2	0.4644
bug1only_b5000_frag	AAAAAAABMR	2	0.9672
stock_b2000_frag	AAAAAAABMV	30	0.0005
fix_b2000_frag	AAAAAAABMV	67	0.0005
fix_b5000_frag	AAAAAAABMV	152	0.0005
stock_b5000_frag	AAAAAAABMV	137	0.5048
bug2only_b5000_frag	AAAAAAABMV	79	0.0005
bug1only_b5000_frag	AAAAAAABMV	137	0.5048
stock_b2000_frag	AAAAAAABOA	10	0.0155
fix_b2000_frag	AAAAAAABOA	11	0.0155
fix_b5000_frag	AAAAAAABOA	12	0.0155
stock_b5000_frag	AAAAAAABOA	8	0.2161
bug2only_b5000_frag	AAAAAAABOA	8	0.0155
bug1only_b5000_frag	AAAAAAABOA	8	0.2161
stock_b2000_frag	AAAAAAABOX	24	0.0320
fix_b2000_frag	AAAAAAABOX	24	0.0320
fix_b5000_frag	AAAAAAABOX	24	0.0321
stock_b5000_frag	AAAAAAABOX	7	0.4065
bug2only_b5000_frag	AAAAAAABOX	24	0.0321
bug1only_b5000_frag	AAAAAAABOX	7	0.4065
stock_b2000_frag	AAAAAAABRN	10	0.0030
fix_b2000_frag	AAAAAAABRN	53	0.0030
fix_b5000_frag	AAAAAAABRN	53	0.0030
stock_b5000_frag	AAAAAAABRN	120	0.1429
bug2only_b5000_frag	AAAAAAABRN	3	0.0030
bug1only_b5000_frag	AAAAAAABRN	122	0.1429
stock_b2000_frag	AAAAAAABSN	8	0.1874
fix_b2000_frag	AAAAAAABSN	8	0.1874
fix_b5000_frag	AAAAAAABSN	8	0.1976
stock_b5000_frag	AAAAAAABSN	4	0.8083
bug2only_b5000_frag	AAAAAAABSN	8	0.1976
bug1only_b5000_frag	AAAAAAABSN	4	0.8083
stock_b2000_frag	AAAAAAABVE	4	0.9999
fix_b2000_frag	AAAAAAABVE	4	0.9999
fix_b5000_frag	AAAAAAABVE	4	0.9966
stock_b5000_frag	AAAAAAABVE	3	1.0000
bug2only_b5000_frag	AAAAAAABVE	4	0.9966
bug1only_b5000_frag	AAAAAAABVE	3	1.0000
stock_b2000_frag	AAAAAAABVU	16	0.0091
fix_b2000_frag	AAAAAAABVU	16	0.0091
fix_b5000_frag	AAAAAAABVU	16	0.0091
stock_b5000_frag	AAAAAAABVU	9	1.0000
bug2only_b5000_frag	AAAAAAABVU	21	0.0091
bug1only_b5000_frag	AAAAAAABVU	9	1.0000
stock_b2000_frag	AAAAAAABXI	14	0.0018
fix_b2000_frag	AAAAAAABXI	33	0.0018
fix_b5000_frag	AAAAAAABXI	14	0.0018
stock_b5000_frag	AAAAAAABXI	6	0.5003
bug2only_b5000_frag	AAAAAAABXI	5	0.0018
bug1only_b5000_frag	AAAAAAABXI	6	0.5003
stock_b2000_frag	AAAAAAABXY	10	0.0053
fix_b2000_frag	AAAAAAABXY	33	0.0053
fix_b5000_frag	AAAAAAABXY	42	0.0053
stock_b5000_frag	AAAAAAABXY	34	0.0074
bug2only_b5000_frag	AAAAAAABXY	46	0.0053
bug1only_b5000_frag	AAAAAAABXY	19	0.0074
stock_b2000_frag	AAAAAAABYL	41	0.0006
fix_b2000_frag	AAAAAAABYL	96	0.0006
fix_b5000_frag	AAAAAAABYL	86	0.0006
stock_b5000_frag	AAAAAAABYL	82	1.0000
bug2only_b5000_frag	AAAAAAABYL	118	0.0006
bug1only_b5000_frag	AAAAAAABYL	82	1.0000
stock_b2000_frag	AAAAAAABYX	5	0.0306
fix_b2000_frag	AAAAAAABYX	6	0.0306
fix_b5000_frag	AAAAAAABYX	2	0.0307
stock_b5000_frag	AAAAAAABYX	4	0.0318
bug2only_b5000_frag	AAAAAAABYX	6	0.0307
bug1only_b5000_frag	AAAAAAABYX	2	0.0318
stock_b2000_frag	AAAAAAABZH	21	0.0012
fix_b2000_frag	AAAAAAABZH	39	0.0012
fix_b5000_frag	AAAAAAABZH	18	0.0012
stock_b5000_frag	AAAAAAABZH	14	1.0000
bug2only_b5000_frag	AAAAAAABZH	27	0.0012
bug1only_b5000_frag	AAAAAAABZH	14	1.0000
stock_b2000_frag	AAAAAAABZT	11	0.0069
fix_b2000_frag	AAAAAAABZT	14	0.0069
fix_b5000_frag	AAAAAAABZT	14	0.0069
stock_b5000_frag	AAAAAAABZT	17	0.8811
bug2only_b5000_frag	AAAAAAABZT	10	0.0069
bug1only_b5000_frag	AAAAAAABZT	17	0.8811
stock_b2000_frag	AAAAAAACCU	6	0.0020
fix_b2000_frag	AAAAAAACCU	22	0.0020
fix_b5000_frag	AAAAAAACCU	36	0.0020
stock_b5000_frag	AAAAAAACCU	37	0.0037
bug2only_b5000_frag	AAAAAAACCU	39	0.0020
bug1only_b5000_frag	AAAAAAACCU	61	0.0037
stock_b2000_frag	AAAAAAACFF	1	0.0809
fix_b2000_frag	AAAAAAACFF	1	0.0809
fix_b5000_frag	AAAAAAACFF	1	0.0800
stock_b5000_frag	AAAAAAACFF	7	0.8834
bug2only_b5000_frag	AAAAAAACFF	1	0.0800
bug1only_b5000_frag	AAAAAAACFF	7	0.8834
stock_b2000_frag	AAAAAAACFR	2	0.1178
fix_b2000_frag	AAAAAAACFR	2	0.1178
fix_b5000_frag	AAAAAAACFR	2	0.1169
stock_b5000_frag	AAAAAAACFR	2	0.1396
bug2only_b5000_frag	AAAAAAACFR	2	0.1169
bug1only_b5000_frag	AAAAAAACFR	2	0.1396
stock_b2000_frag	AAAAAAACHU	1	0.0228
fix_b2000_frag	AAAAAAACHU	1	0.0228
fix_b5000_frag	AAAAAAACHU	9	0.0227
stock_b5000_frag	AAAAAAACHU	19	1.0000
bug2only_b5000_frag	AAAAAAACHU	1	0.0227
bug1only_b5000_frag	AAAAAAACHU	19	1.0000
stock_b2000_frag	AAAAAAACIT	2	0.0140
fix_b2000_frag	AAAAAAACIT	10	0.0140
fix_b5000_frag	AAAAAAACIT	12	0.0139
stock_b5000_frag	AAAAAAACIT	10	0.4635
bug2only_b5000_frag	AAAAAAACIT	2	0.0139
bug1only_b5000_frag	AAAAAAACIT	10	0.4635
stock_b2000_frag	AAAAAAACJF	71	0.0244
fix_b2000_frag	AAAAAAACJF	71	0.0244
fix_b5000_frag	AAAAAAACJF	71	0.0093
stock_b5000_frag	AAAAAAACJF	71	1.0000
bug2only_b5000_frag	AAAAAAACJF	71	0.0093
bug1only_b5000_frag	AAAAAAACJF	71	1.0000
stock_b2000_frag	AAAAAAACKR	74	0.0007
fix_b2000_frag	AAAAAAACKR	88	0.0007
fix_b5000_frag	AAAAAAACKR	99	0.0005
stock_b5000_frag	AAAAAAACKR	35	1.0000
bug2only_b5000_frag	AAAAAAACKR	79	0.0005
bug1only_b5000_frag	AAAAAAACKR	35	1.0000
stock_b2000_frag	AAAAAAACNS	6	0.0033
fix_b2000_frag	AAAAAAACNS	6	0.0033
fix_b5000_frag	AAAAAAACNS	7	0.0033
stock_b5000_frag	AAAAAAACNS	13	0.0037
bug2only_b5000_frag	AAAAAAACNS	44	0.0033
bug1only_b5000_frag	AAAAAAACNS	32	0.0037
stock_b2000_frag	AAAAAAACST	16	0.9696
fix_b2000_frag	AAAAAAACST	16	0.9696
fix_b5000_frag	AAAAAAACST	16	0.8203
stock_b5000_frag	AAAAAAACST	14	1.0000
bug2only_b5000_frag	AAAAAAACST	16	0.8203
bug1only_b5000_frag	AAAAAAACST	14	1.0000
stock_b2000_frag	AAAAAAACWC	45	0.0032
fix_b2000_frag	AAAAAAACWC	58	0.0032
fix_b5000_frag	AAAAAAACWC	22	0.0032
stock_b5000_frag	AAAAAAACWC	23	0.0041
bug2only_b5000_frag	AAAAAAACWC	15	0.0032
bug1only_b5000_frag	AAAAAAACWC	21	0.0041
stock_b2000_frag	AAAAAAADAO	17	0.0027
fix_b2000_frag	AAAAAAADAO	93	0.0027
fix_b5000_frag	AAAAAAADAO	74	0.0027
stock_b5000_frag	AAAAAAADAO	14	0.0116
bug2only_b5000_frag	AAAAAAADAO	51	0.0027
bug1only_b5000_frag	AAAAAAADAO	20	0.0116
stock_b2000_frag	AAAAAAADBJ	10	0.0014
fix_b2000_frag	AAAAAAADBJ	23	0.0014
fix_b5000_frag	AAAAAAADBJ	42	0.0013
stock_b5000_frag	AAAAAAADBJ	31	0.3334
bug2only_b5000_frag	AAAAAAADBJ	44	0.0013
bug1only_b5000_frag	AAAAAAADBJ	31	0.3334
stock_b2000_frag	AAAAAAADBN	80	0.0017
fix_b2000_frag	AAAAAAADBN	42	0.0017
fix_b5000_frag	AAAAAAADBN	68	0.0017
stock_b5000_frag	AAAAAAADBN	40	0.9973
bug2only_b5000_frag	AAAAAAADBN	87	0.0017
bug1only_b5000_frag	AAAAAAADBN	40	0.9973
stock_b2000_frag	AAAAAAADCX	10	0.0030
fix_b2000_frag	AAAAAAADCX	66	0.0030
fix_b5000_frag	AAAAAAADCX	6	0.0030
stock_b5000_frag	AAAAAAADCX	73	0.4881
bug2only_b5000_frag	AAAAAAADCX	57	0.0030
bug1only_b5000_frag	AAAAAAADCX	73	0.4881
stock_b2000_frag	AAAAAAADDE	5	0.0131
fix_b2000_frag	AAAAAAADDE	22	0.0131
fix_b5000_frag	AAAAAAADDE	49	0.0131
stock_b5000_frag	AAAAAAADDE	47	0.0238
bug2only_b5000_frag	AAAAAAADDE	48	0.0131
bug1only_b5000_frag	AAAAAAADDE	22	0.0238
stock_b2000_frag	AAAAAAADEI	13	0.0129
fix_b2000_frag	AAAAAAADEI	13	0.0129
fix_b5000_frag	AAAAAAADEI	13	0.0129
stock_b5000_frag	AAAAAAADEI	5	1.0000
bug2only_b5000_frag	AAAAAAADEI	13	0.0129
bug1only_b5000_frag	AAAAAAADEI	5	1.0000
stock_b2000_frag	AAAAAAADGL	61	0.0011
fix_b2000_frag	AAAAAAADGL	61	0.0011
fix_b5000_frag	AAAAAAADGL	61	0.0011
stock_b5000_frag	AAAAAAADGL	48	1.0000
bug2only_b5000_frag	AAAAAAADGL	61	0.0011
bug1only_b5000_frag	AAAAAAADGL	48	1.0000
stock_b2000_frag	AAAAAAADHJ	39	0.0019
fix_b2000_frag	AAAAAAADHJ	24	0.0019
fix_b5000_frag	AAAAAAADHJ	48	0.0014
stock_b5000_frag	AAAAAAADHJ	30	0.8652
bug2only_b5000_frag	AAAAAAADHJ	39	0.0014
bug1only_b5000_frag	AAAAAAADHJ	30	0.8652
stock_b2000_frag	AAAAAAADIK	32	0.0010
fix_b2000_frag	AAAAAAADIK	34	0.0010
fix_b5000_frag	AAAAAAADIK	61	0.0010
stock_b5000_frag	AAAAAAADIK	59	0.4348
bug2only_b5000_frag	AAAAAAADIK	12	0.0010
bug1only_b5000_frag	AAAAAAADIK	59	0.4348
stock_b2000_frag	AAAAAAADJP	20	0.0039
fix_b2000_frag	AAAAAAADJP	21	0.0039
fix_b5000_frag	AAAAAAADJP	23	0.0039
stock_b5000_frag	AAAAAAADJP	76	1.0000
bug2only_b5000_frag	AAAAAAADJP	24	0.0039
bug1only_b5000_frag	AAAAAAADJP	76	1.0000
stock_b2000_frag	AAAAAAADJX	0	0.4412
fix_b2000_frag	AAAAAAADJX	0	0.4412
fix_b5000_frag	AAAAAAADJX	0	0.3411
stock_b5000_frag	AAAAAAADJX	23	1.0000
bug2only_b5000_frag	AAAAAAADJX	0	0.3411
bug1only_b5000_frag	AAAAAAADJX	23	1.0000
stock_b2000_frag	AAAAAAADKU	157	0.0006
fix_b2000_frag	AAAAAAADKU	113	0.0006
fix_b5000_frag	AAAAAAADKU	121	0.0006
stock_b5000_frag	AAAAAAADKU	63	1.0000
bug2only_b5000_frag	AAAAAAADKU	96	0.0006
bug1only_b5000_frag	AAAAAAADKU	63	1.0000
stock_b2000_frag	AAAAAAADLD	8	0.0294
fix_b2000_frag	AAAAAAADLD	8	0.0294
fix_b5000_frag	AAAAAAADLD	6	0.0294
stock_b5000_frag	AAAAAAADLD	2	0.9868
bug2only_b5000_frag	AAAAAAADLD	8	0.0294
bug1only_b5000_frag	AAAAAAADLD	2	0.9868
stock_b2000_frag	AAAAAAADLJ	7	0.0219
fix_b2000_frag	AAAAAAADLJ	7	0.0219
fix_b5000_frag	AAAAAAADLJ	7	0.0221
stock_b5000_frag	AAAAAAADLJ	76	1.0000
bug2only_b5000_frag	AAAAAAADLJ	37	0.0221
bug1only_b5000_frag	AAAAAAADLJ	76	1.0000
stock_b2000_frag	AAAAAAADME	1	0.1186
fix_b2000_frag	AAAAAAADME	1	0.1186
fix_b5000_frag	AAAAAAADME	1	0.1757
stock_b5000_frag	AAAAAAADME	115	1.0000
bug2only_b5000_frag	AAAAAAADME	1	0.1757
bug1only_b5000_frag	AAAAAAADME	115	1.0000
stock_b2000_frag	AAAAAAADNE	71	0.0005
fix_b2000_frag	AAAAAAADNE	125	0.0005
fix_b5000_frag	AAAAAAADNE	125	0.0005
stock_b5000_frag	AAAAAAADNE	47	0.5874
bug2only_b5000_frag	AAAAAAADNE	104	0.0005
bug1only_b5000_frag	AAAAAAADNE	47	0.5874
stock_b2000_frag	AAAAAAADNK	0	0.3710
fix_b2000_frag	AAAAAAADNK	0	0.3710
fix_b5000_frag	AAAAAAADNK	0	0.3610
stock_b5000_frag	AAAAAAADNK	0	0.9906
bug2only_b5000_frag	AAAAAAADNK	0	0.3610
bug1only_b5000_frag	AAAAAAADNK	0	0.9906
stock_b2000_frag	AAAAAAADOG	42	0.0075
fix_b2000_frag	AAAAAAADOG	42	0.0075
fix_b5000_frag	AAAAAAADOG	18	0.0013
stock_b5000_frag	AAAAAAADOG	29	1.0000
bug2only_b5000_frag	AAAAAAADOG	25	0.0013
bug1only_b5000_frag	AAAAAAADOG	29	1.0000
stock_b2000_frag	AAAAAAADON	17	0.0204
fix_b2000_frag	AAAAAAADON	6	0.0204
fix_b5000_frag	AAAAAAADON	18	0.0204
stock_b5000_frag	AAAAAAADON	9	0.0210
bug2only_b5000_frag	AAAAAAADON	15	0.0204
bug1only_b5000_frag	AAAAAAADON	3	0.0210
stock_b2000_frag	AAAAAAADQJ	42	0.0041
fix_b2000_frag	AAAAAAADQJ	12	0.0041
fix_b5000_frag	AAAAAAADQJ	48	0.0041
stock_b5000_frag	AAAAAAADQJ	15	1.0000
bug2only_b5000_frag	AAAAAAADQJ	32	0.0041
bug1only_b5000_frag	AAAAAAADQJ	15	1.0000
stock_b2000_frag	AAAAAAADQR	11	0.0116
fix_b2000_frag	AAAAAAADQR	11	0.0116
fix_b5000_frag	AAAAAAADQR	6	0.0285
stock_b5000_frag	AAAAAAADQR	22	1.0000
bug2only_b5000_frag	AAAAAAADQR	6	0.0285
bug1only_b5000_frag	AAAAAAADQR	22	1.0000
stock_b2000_frag	AAAAAAADQT	127	0.0007
fix_b2000_frag	AAAAAAADQT	16	0.0007
fix_b5000_frag	AAAAAAADQT	126	0.0007
stock_b5000_frag	AAAAAAADQT	242	0.0009
bug2only_b5000_frag	AAAAAAADQT	240	0.0007
bug1only_b5000_frag	AAAAAAADQT	224	0.0009
stock_b2000_frag	AAAAAAADSI	0	0.9997
fix_b2000_frag	AAAAAAADSI	0	0.9997
fix_b5000_frag	AAAAAAADSI	0	0.9997
stock_b5000_frag	AAAAAAADSI	6	0.2500
bug2only_b5000_frag	AAAAAAADSI	0	0.9997
bug1only_b5000_frag	AAAAAAADSI	6	0.2500
stock_b2000_frag	AAAAAAADSP	2	0.0350
fix_b2000_frag	AAAAAAADSP	2	0.0350
fix_b5000_frag	AAAAAAADSP	2	0.0350
stock_b5000_frag	AAAAAAADSP	21	0.1433
bug2only_b5000_frag	AAAAAAADSP	2	0.0350
bug1only_b5000_frag	AAAAAAADSP	21	0.1433
stock_b2000_frag	AAAAAAADTE	35	0.0003
fix_b2000_frag	AAAAAAADTE	158	0.0003
fix_b5000_frag	AAAAAAADTE	84	0.0003
stock_b5000_frag	AAAAAAADTE	98	0.6133
bug2only_b5000_frag	AAAAAAADTE	43	0.0003
bug1only_b5000_frag	AAAAAAADTE	98	0.6133
stock_b2000_frag	AAAAAAADYO	14	0.0195
fix_b2000_frag	AAAAAAADYO	14	0.0195
fix_b5000_frag	AAAAAAADYO	14	0.0196
stock_b5000_frag	AAAAAAADYO	42	1.0000
bug2only_b5000_frag	AAAAAAADYO	16	0.0196
bug1only_b5000_frag	AAAAAAADYO	42	1.0000
stock_b2000_frag	AAAAAAADZA	3	0.3235
fix_b2000_frag	AAAAAAADZA	3	0.3235
fix_b5000_frag	AAAAAAADZA	3	0.3235
stock_b5000_frag	AAAAAAADZA	4	0.3333
bug2only_b5000_frag	AAAAAAADZA	3	0.3235
bug1only_b5000_frag	AAAAAAADZA	4	0.3333
stock_b2000_frag	AAAAAAADZJ	28	0.0074
fix_b2000_frag	AAAAAAADZJ	28	0.0074
fix_b5000_frag	AAAAAAADZJ	28	0.0073
stock_b5000_frag	AAAAAAADZJ	4	0.0906
bug2only_b5000_frag	AAAAAAADZJ	25	0.0073
bug1only_b5000_frag	AAAAAAADZJ	4	0.0906
stock_b2000_frag	AAAAAAAEAX	7	0.0291
fix_b2000_frag	AAAAAAAEAX	4	0.0291
fix_b5000_frag	AAAAAAAEAX	8	0.0291
stock_b5000_frag	AAAAAAAEAX	1	0.0338
bug2only_b5000_frag	AAAAAAAEAX	6	0.0291
bug1only_b5000_frag	AAAAAAAEAX	8	0.0338
stock_b2000_frag	AAAAAAAEBN	4	0.0755
fix_b2000_frag	AAAAAAAEBN	4	0.0755
fix_b5000_frag	AAAAAAAEBN	4	0.0733
stock_b5000_frag	AAAAAAAEBN	12	1.0000
bug2only_b5000_frag	AAAAAAAEBN	4	0.0733
bug1only_b5000_frag	AAAAAAAEBN	12	1.0000
stock_b2000_frag	AAAAAAAECS	28	0.0013
fix_b2000_frag	AAAAAAAECS	17	0.0013
fix_b5000_frag	AAAAAAAECS	41	0.0013
stock_b5000_frag	AAAAAAAECS	9	1.0000
bug2only_b5000_frag	AAAAAAAECS	42	0.0013
bug1only_b5000_frag	AAAAAAAECS	9	1.0000
stock_b2000_frag	AAAAAAAEDC	14	0.0008
fix_b2000_frag	AAAAAAAEDC	9	0.0008
fix_b5000_frag	AAAAAAAEDC	53	0.0008
stock_b5000_frag	AAAAAAAEDC	149	1.0000
bug2only_b5000_frag	AAAAAAAEDC	58	0.0008
bug1only_b5000_frag	AAAAAAAEDC	149	1.0000
stock_b2000_frag	AAAAAAAEEZ	9	0.0262
fix_b2000_frag	AAAAAAAEEZ	9	0.0262
fix_b5000_frag	AAAAAAAEEZ	9	0.0264
stock_b5000_frag	AAAAAAAEEZ	8	0.5080
bug2only_b5000_frag	AAAAAAAEEZ	9	0.0264
bug1only_b5000_frag	AAAAAAAEEZ	8	0.5080
stock_b2000_frag	AAAAAAAEIM	11	0.0931
fix_b2000_frag	AAAAAAAEIM	11	0.0931
fix_b5000_frag	AAAAAAAEIM	11	0.0921
stock_b5000_frag	AAAAAAAEIM	1	0.3384
bug2only_b5000_frag	AAAAAAAEIM	11	0.0921
bug1only_b5000_frag	AAAAAAAEIM	1	0.3384
stock_b2000_frag	AAAAAAAEIR	1	0.2525
fix_b2000_frag	AAAAAAAEIR	1	0.2525
fix_b5000_frag	AAAAAAAEIR	1	0.1918
stock_b5000_frag	AAAAAAAEIR	114	0.2499
bug2only_b5000_frag	AAAAAAAEIR	1	0.1918
bug1only_b5000_frag	AAAAAAAEIR	114	0.2499
stock_b2000_frag	AAAAAAAEJY	1	0.0373
fix_b2000_frag	AAAAAAAEJY	1	0.0373
fix_b5000_frag	AAAAAAAEJY	1	0.0370
stock_b5000_frag	AAAAAAAEJY	5	1.0000
bug2only_b5000_frag	AAAAAAAEJY	1	0.0370
bug1only_b5000_frag	AAAAAAAEJY	5	1.0000
stock_b2000_frag	AAAAAAAEKB	14	0.0190
fix_b2000_frag	AAAAAAAEKB	14	0.0190
fix_b5000_frag	AAAAAAAEKB	5	0.0190
stock_b5000_frag	AAAAAAAEKB	19	1.0000
bug2only_b5000_frag	AAAAAAAEKB	7	0.0190
bug1only_b5000_frag	AAAAAAAEKB	19	1.0000
stock_b2000_frag	AAAAAAAELL	6	0.0169
fix_b2000_frag	AAAAAAAELL	9	0.0169
fix_b5000_frag	AAAAAAAELL	3	0.0169
stock_b5000_frag	AAAAAAAELL	37	0.4058
bug2only_b5000_frag	AAAAAAAELL	4	0.0169
bug1only_b5000_frag	AAAAAAAELL	37	0.4058
stock_b2000_frag	AAAAAAAELO	24	0.0031
fix_b2000_frag	AAAAAAAELO	14	0.0031
fix_b5000_frag	AAAAAAAELO	35	0.0031
stock_b5000_frag	AAAAAAAELO	45	1.0000
bug2only_b5000_frag	AAAAAAAELO	7	0.0031
bug1only_b5000_frag	AAAAAAAELO	45	1.0000
stock_b2000_frag	AAAAAAAEMA	0	0.9972
fix_b2000_frag	AAAAAAAEMA	0	0.9972
fix_b5000_frag	AAAAAAAEMA	0	0.9985
stock_b5000_frag	AAAAAAAEMA	0	1.0000
bug2only_b5000_frag	AAAAAAAEMA	0	0.9985
bug1only_b5000_frag	AAAAAAAEMA	0	1.0000
stock_b2000_frag	AAAAAAAENH	18	0.0027
fix_b2000_frag	AAAAAAAENH	25	0.0027
fix_b5000_frag	AAAAAAAENH	35	0.0026
stock_b5000_frag	AAAAAAAENH	23	0.5001
bug2only_b5000_frag	AAAAAAAENH	14	0.0026
bug1only_b5000_frag	AAAAAAAENH	23	0.5001
stock_b2000_frag	AAAAAAAEOH	7	0.0064
fix_b2000_frag	AAAAAAAEOH	8	0.0064
fix_b5000_frag	AAAAAAAEOH	4	0.0064
stock_b5000_frag	AAAAAAAEOH	11	1.0000
bug2only_b5000_frag	AAAAAAAEOH	10	0.0064
bug1only_b5000_frag	AAAAAAAEOH	11	1.0000
stock_b2000_frag	AAAAAAAERN	12	0.0006
fix_b2000_frag	AAAAAAAERN	93	0.0006
fix_b5000_frag	AAAAAAAERN	159	0.0006
stock_b5000_frag	AAAAAAAERN	94	0.2495
bug2only_b5000_frag	AAAAAAAERN	10	0.0006
bug1only_b5000_frag	AAAAAAAERN	94	0.2495
stock_b2000_frag	AAAAAAAEUH	11	0.0014
fix_b2000_frag	AAAAAAAEUH	37	0.0014
fix_b5000_frag	AAAAAAAEUH	32	0.0014
stock_b5000_frag	AAAAAAAEUH	32	1.0000
bug2only_b5000_frag	AAAAAAAEUH	42	0.0014
bug1only_b5000_frag	AAAAAAAEUH	32	1.0000
stock_b2000_frag	AAAAAAAEUU	40	0.0010
fix_b2000_frag	AAAAAAAEUU	25	0.0010
fix_b5000_frag	AAAAAAAEUU	25	0.0010
stock_b5000_frag	AAAAAAAEUU	23	0.0627
bug2only_b5000_frag	AAAAAAAEUU	23	0.0010
bug1only_b5000_frag	AAAAAAAEUU	23	0.0627
stock_b2000_frag	AAAAAAAEWA	1	0.0047
fix_b2000_frag	AAAAAAAEWA	1	0.0047
fix_b5000_frag	AAAAAAAEWA	19	0.0047
stock_b5000_frag	AAAAAAAEWA	25	0.2025
bug2only_b5000_frag	AAAAAAAEWA	1	0.0047
bug1only_b5000_frag	AAAAAAAEWA	25	0.2025
stock_b2000_frag	AAAAAAAEWF	16	0.0031
fix_b2000_frag	AAAAAAAEWF	15	0.0031
fix_b5000_frag	AAAAAAAEWF	13	0.0031
stock_b5000_frag	AAAAAAAEWF	19	0.9999
bug2only_b5000_frag	AAAAAAAEWF	16	0.0031
bug1only_b5000_frag	AAAAAAAEWF	19	0.9999
stock_b2000_frag	AAAAAAAEXF	42	0.0014
fix_b2000_frag	AAAAAAAEXF	36	0.0014
fix_b5000_frag	AAAAAAAEXF	56	0.0014
stock_b5000_frag	AAAAAAAEXF	21	0.5001
bug2only_b5000_frag	AAAAAAAEXF	67	0.0014
bug1only_b5000_frag	AAAAAAAEXF	21	0.5001
stock_b2000_frag	AAAAAAAEXJ	68	0.0012
fix_b2000_frag	AAAAAAAEXJ	42	0.0012
fix_b5000_frag	AAAAAAAEXJ	43	0.0012
stock_b5000_frag	AAAAAAAEXJ	55	0.0019
bug2only_b5000_frag	AAAAAAAEXJ	20	0.0012
bug1only_b5000_frag	AAAAAAAEXJ	55	0.0019
stock_b2000_frag	AAAAAAAEYV	2	0.1033
fix_b2000_frag	AAAAAAAEYV	2	0.1033
fix_b5000_frag	AAAAAAAEYV	2	0.1028
stock_b5000_frag	AAAAAAAEYV	25	1.0000
bug2only_b5000_frag	AAAAAAAEYV	2	0.1028
bug1only_b5000_frag	AAAAAAAEYV	25	1.0000
stock_b2000_frag	AAAAAAAEZP	1	0.0125
fix_b2000_frag	AAAAAAAEZP	6	0.0125
fix_b5000_frag	AAAAAAAEZP	20	0.0125
stock_b5000_frag	AAAAAAAEZP	26	0.8818
bug2only_b5000_frag	AAAAAAAEZP	6	0.0125
bug1only_b5000_frag	AAAAAAAEZP	26	0.8818
stock_b2000_frag	AAAAAAAFBK	60	0.0055
fix_b2000_frag	AAAAAAAFBK	60	0.0055
fix_b5000_frag	AAAAAAAFBK	52	0.0055
stock_b5000_frag	AAAAAAAFBK	54	1.0000
bug2only_b5000_frag	AAAAAAAFBK	63	0.0055
bug1only_b5000_frag	AAAAAAAFBK	54	1.0000
stock_b2000_frag	AAAAAAAFBP	5	0.0112
fix_b2000_frag	AAAAAAAFBP	16	0.0112
fix_b5000_frag	AAAAAAAFBP	11	0.0112
stock_b5000_frag	AAAAAAAFBP	24	0.5360
bug2only_b5000_frag	AAAAAAAFBP	8	0.0112
bug1only_b5000_frag	AAAAAAAFBP	24	0.5360
stock_b2000_frag	AAAAAAAFES	14	0.0183
fix_b2000_frag	AAAAAAAFES	6	0.0183
fix_b5000_frag	AAAAAAAFES	12	0.0183
stock_b5000_frag	AAAAAAAFES	26	1.0000
bug2only_b5000_frag	AAAAAAAFES	7	0.0183
bug1only_b5000_frag	AAAAAAAFES	26	1.0000
stock_b2000_frag	AAAAAAAFFU	3	0.0007
fix_b2000_frag	AAAAAAAFFU	4	0.0007
fix_b5000_frag	AAAAAAAFFU	46	0.0007
stock_b5000_frag	AAAAAAAFFU	68	0.0666
bug2only_b5000_frag	AAAAAAAFFU	75	0.0007
bug1only_b5000_frag	AAAAAAAFFU	59	0.0666
stock_b2000_frag	AAAAAAAFGA	38	0.0014
fix_b2000_frag	AAAAAAAFGA	59	0.0014
fix_b5000_frag	AAAAAAAFGA	39	0.0014
stock_b5000_frag	AAAAAAAFGA	48	1.0000
bug2only_b5000_frag	AAAAAAAFGA	41	0.0014
bug1only_b5000_frag	AAAAAAAFGA	48	1.0000
stock_b2000_frag	AAAAAAAFGH	2	0.0019
fix_b2000_frag	AAAAAAAFGH	26	0.0019
fix_b5000_frag	AAAAAAAFGH	31	0.0019
stock_b5000_frag	AAAAAAAFGH	39	0.5146
bug2only_b5000_frag	AAAAAAAFGH	27	0.0019
bug1only_b5000_frag	AAAAAAAFGH	39	0.5146
stock_b2000_frag	AAAAAAAFHB	0	0.9688
fix_b2000_frag	AAAAAAAFHB	0	0.9688
fix_b5000_frag	AAAAAAAFHB	0	0.9883
stock_b5000_frag	AAAAAAAFHB	0	0.9903
bug2only_b5000_frag	AAAAAAAFHB	0	0.9883
bug1only_b5000_frag	AAAAAAAFHB	0	0.9903
stock_b2000_frag	AAAAAAAFHZ	5	0.0093
fix_b2000_frag	AAAAAAAFHZ	16	0.0093
fix_b5000_frag	AAAAAAAFHZ	1	0.0093
stock_b5000_frag	AAAAAAAFHZ	11	0.7823
bug2only_b5000_frag	AAAAAAAFHZ	22	0.0093
bug1only_b5000_frag	AAAAAAAFHZ	11	0.7823
stock_b2000_frag	AAAAAAAFKJ	15	0.0028
fix_b2000_frag	AAAAAAAFKJ	30	0.0028
fix_b5000_frag	AAAAAAAFKJ	44	0.0028
stock_b5000_frag	AAAAAAAFKJ	8	1.0000
bug2only_b5000_frag	AAAAAAAFKJ	8	0.0028
bug1only_b5000_frag	AAAAAAAFKJ	8	1.0000
stock_b2000_frag	AAAAAAAFMN	38	0.0132
fix_b2000_frag	AAAAAAAFMN	36	0.0132
fix_b5000_frag	AAAAAAAFMN	59	0.0132
stock_b5000_frag	AAAAAAAFMN	11	0.0238
bug2only_b5000_frag	AAAAAAAFMN	58	0.0132
bug1only_b5000_frag	AAAAAAAFMN	11	0.0238
stock_b2000_frag	AAAAAAAFNO	37	0.0009
fix_b2000_frag	AAAAAAAFNO	130	0.0009
fix_b5000_frag	AAAAAAAFNO	2	0.0009
stock_b5000_frag	AAAAAAAFNO	15	0.1250
bug2only_b5000_frag	AAAAAAAFNO	59	0.0009
bug1only_b5000_frag	AAAAAAAFNO	15	0.1250
stock_b2000_frag	AAAAAAAFNX	39	0.0010
fix_b2000_frag	AAAAAAAFNX	39	0.0010
fix_b5000_frag	AAAAAAAFNX	39	0.0010
stock_b5000_frag	AAAAAAAFNX	59	0.3333
bug2only_b5000_frag	AAAAAAAFNX	39	0.0010
bug1only_b5000_frag	AAAAAAAFNX	59	0.3333
stock_b2000_frag	AAAAAAAFOB	15	0.0068
fix_b2000_frag	AAAAAAAFOB	4	0.0068
fix_b5000_frag	AAAAAAAFOB	16	0.0068
stock_b5000_frag	AAAAAAAFOB	13	0.0082
bug2only_b5000_frag	AAAAAAAFOB	16	0.0068
bug1only_b5000_frag	AAAAAAAFOB	20	0.0082
stock_b2000_frag	AAAAAAAFOO	5	0.0300
fix_b2000_frag	AAAAAAAFOO	3	0.0300
fix_b5000_frag	AAAAAAAFOO	5	0.0297
stock_b5000_frag	AAAAAAAFOO	3	0.0342
bug2only_b5000_frag	AAAAAAAFOO	5	0.0297
bug1only_b5000_frag	AAAAAAAFOO	3	0.0342
stock_b2000_frag	AAAAAAAFPB	8	0.0155
fix_b2000_frag	AAAAAAAFPB	4	0.0155
fix_b5000_frag	AAAAAAAFPB	8	0.0155
stock_b5000_frag	AAAAAAAFPB	2	0.4770
bug2only_b5000_frag	AAAAAAAFPB	4	0.0155
bug1only_b5000_frag	AAAAAAAFPB	2	0.4770
stock_b2000_frag	AAAAAAAFPQ	1	0.4302
fix_b2000_frag	AAAAAAAFPQ	1	0.4302
fix_b5000_frag	AAAAAAAFPQ	1	0.5249
stock_b5000_frag	AAAAAAAFPQ	2	1.0000
bug2only_b5000_frag	AAAAAAAFPQ	1	0.5249
bug1only_b5000_frag	AAAAAAAFPQ	2	1.0000
stock_b2000_frag	AAAAAAAFSP	5	0.0061
fix_b2000_frag	AAAAAAAFSP	1	0.0061
fix_b5000_frag	AAAAAAAFSP	6	0.0061
stock_b5000_frag	AAAAAAAFSP	11	0.3342
bug2only_b5000_frag	AAAAAAAFSP	2	0.0061
bug1only_b5000_frag	AAAAAAAFSP	11	0.3342
stock_b2000_frag	AAAAAAAFSU	8	0.0155
fix_b2000_frag	AAAAAAAFSU	8	0.0155
fix_b5000_frag	AAAAAAAFSU	8	0.0155
stock_b5000_frag	AAAAAAAFSU	12	0.0160
bug2only_b5000_frag	AAAAAAAFSU	8	0.0155
bug1only_b5000_frag	AAAAAAAFSU	12	0.0160
stock_b2000_frag	AAAAAAAFSV	14	0.0032
fix_b2000_frag	AAAAAAAFSV	10	0.0032
fix_b5000_frag	AAAAAAAFSV	13	0.0031
stock_b5000_frag	AAAAAAAFSV	5	0.5000
bug2only_b5000_frag	AAAAAAAFSV	14	0.0031
bug1only_b5000_frag	AAAAAAAFSV	5	0.5000
stock_b2000_frag	AAAAAAAFUF	6	0.0208
fix_b2000_frag	AAAAAAAFUF	6	0.0208
fix_b5000_frag	AAAAAAAFUF	4	0.0208
stock_b5000_frag	AAAAAAAFUF	4	0.0252
bug2only_b5000_frag	AAAAAAAFUF	3	0.0208
bug1only_b5000_frag	AAAAAAAFUF	4	0.0252
stock_b2000_frag	AAAAAAAFWJ	7	0.0192
fix_b2000_frag	AAAAAAAFWJ	11	0.0192
fix_b5000_frag	AAAAAAAFWJ	8	0.0192
stock_b5000_frag	AAAAAAAFWJ	8	0.0251
bug2only_b5000_frag	AAAAAAAFWJ	8	0.0192
bug1only_b5000_frag	AAAAAAAFWJ	7	0.0251
stock_b2000_frag	AAAAAAAFXN	16	0.0075
fix_b2000_frag	AAAAAAAFXN	11	0.0075
fix_b5000_frag	AAAAAAAFXN	8	0.0075
stock_b5000_frag	AAAAAAAFXN	32	0.1111
bug2only_b5000_frag	AAAAAAAFXN	12	0.0075
bug1only_b5000_frag	AAAAAAAFXN	31	0.1111
stock_b2000_frag	AAAAAAAFZI	12	0.0051
fix_b2000_frag	AAAAAAAFZI	22	0.0051
fix_b5000_frag	AAAAAAAFZI	22	0.0051
stock_b5000_frag	AAAAAAAFZI	8	0.0062
bug2only_b5000_frag	AAAAAAAFZI	16	0.0051
bug1only_b5000_frag	AAAAAAAFZI	22	0.0062
stock_b2000_frag	AAAAAAAGAD	49	0.0021
fix_b2000_frag	AAAAAAAGAD	49	0.0021
fix_b5000_frag	AAAAAAAGAD	72	0.0024
stock_b5000_frag	AAAAAAAGAD	91	0.4974
bug2only_b5000_frag	AAAAAAAGAD	72	0.0024
bug1only_b5000_frag	AAAAAAAGAD	91	0.4974
stock_b2000_frag	AAAAAAAGBO	4	0.0451
fix_b2000_frag	AAAAAAAGBO	4	0.0451
fix_b5000_frag	AAAAAAAGBO	4	0.0429
stock_b5000_frag	AAAAAAAGBO	4	0.9983
bug2only_b5000_frag	AAAAAAAGBO	4	0.0429
bug1only_b5000_frag	AAAAAAAGBO	4	0.9983
stock_b2000_frag	AAAAAAAGBS	8	0.0208
fix_b2000_frag	AAAAAAAGBS	8	0.0208
fix_b5000_frag	AAAAAAAGBS	8	0.0208
stock_b5000_frag	AAAAAAAGBS	8	0.0208
bug2only_b5000_frag	AAAAAAAGBS	8	0.0208
bug1only_b5000_frag	AAAAAAAGBS	8	0.0208
stock_b2000_frag	AAAAAAAGCK	5	0.1074
fix_b2000_frag	AAAAAAAGCK	5	0.1074
fix_b5000_frag	AAAAAAAGCK	5	0.1062
stock_b5000_frag	AAAAAAAGCK	5	0.1945
bug2only_b5000_frag	AAAAAAAGCK	5	0.1062
bug1only_b5000_frag	AAAAAAAGCK	5	0.1945
stock_b2000_frag	AAAAAAAGDE	6	0.0238
fix_b2000_frag	AAAAAAAGDE	6	0.0238
fix_b5000_frag	AAAAAAAGDE	7	0.0236
stock_b5000_frag	AAAAAAAGDE	54	1.0000
bug2only_b5000_frag	AAAAAAAGDE	6	0.0236
bug1only_b5000_frag	AAAAAAAGDE	54	1.0000
stock_b2000_frag	AAAAAAAGDF	0	0.0008
fix_b2000_frag	AAAAAAAGDF	0	0.0008
fix_b5000_frag	AAAAAAAGDF	125	0.0006
stock_b5000_frag	AAAAAAAGDF	95	1.0000
bug2only_b5000_frag	AAAAAAAGDF	125	0.0006
bug1only_b5000_frag	AAAAAAAGDF	95	1.0000
stock_b2000_frag	AAAAAAAGGX	59	0.0070
fix_b2000_frag	AAAAAAAGGX	11	0.0070
fix_b5000_frag	AAAAAAAGGX	60	0.0070
stock_b5000_frag	AAAAAAAGGX	27	0.5000
bug2only_b5000_frag	AAAAAAAGGX	5	0.0070
bug1only_b5000_frag	AAAAAAAGGX	27	0.5000
stock_b2000_frag	AAAAAAAGII	30	0.0050
fix_b2000_frag	AAAAAAAGII	23	0.0050
fix_b5000_frag	AAAAAAAGII	15	0.0050
stock_b5000_frag	AAAAAAAGII	33	0.7811
bug2only_b5000_frag	AAAAAAAGII	9	0.0050
bug1only_b5000_frag	AAAAAAAGII	33	0.7811
stock_b2000_frag	AAAAAAAGLQ	0	0.1753
fix_b2000_frag	AAAAAAAGLQ	0	0.1753
fix_b5000_frag	AAAAAAAGLQ	0	0.1742
stock_b5000_frag	AAAAAAAGLQ	12	0.2070
bug2only_b5000_frag	AAAAAAAGLQ	0	0.1742
bug1only_b5000_frag	AAAAAAAGLQ	12	0.2070
stock_b2000_frag	AAAAAAAGNI	1	0.6387
fix_b2000_frag	AAAAAAAGNI	1	0.6387
fix_b5000_frag	AAAAAAAGNI	1	0.6083
stock_b5000_frag	AAAAAAAGNI	1	1.0000
bug2only_b5000_frag	AAAAAAAGNI	1	0.6083
bug1only_b5000_frag	AAAAAAAGNI	1	1.0000
stock_b2000_frag	AAAAAAAGOI	156	0.0029
fix_b2000_frag	AAAAAAAGOI	139	0.0029
fix_b5000_frag	AAAAAAAGOI	159	0.0029
stock_b5000_frag	AAAAAAAGOI	169	0.5000
bug2only_b5000_frag	AAAAAAAGOI	139	0.0029
bug1only_b5000_frag	AAAAAAAGOI	169	0.5000
stock_b2000_frag	AAAAAAAGOP	19	0.0031
fix_b2000_frag	AAAAAAAGOP	20	0.0031
fix_b5000_frag	AAAAAAAGOP	11	0.0030
stock_b5000_frag	AAAAAAAGOP	25	1.0000
bug2only_b5000_frag	AAAAAAAGOP	2	0.0030
bug1only_b5000_frag	AAAAAAAGOP	25	1.0000
stock_b2000_frag	AAAAAAAGQD	0	0.9748
fix_b2000_frag	AAAAAAAGQD	0	0.9748
fix_b5000_frag	AAAAAAAGQD	0	0.9318
stock_b5000_frag	AAAAAAAGQD	22	0.1387
bug2only_b5000_frag	AAAAAAAGQD	0	0.9318
bug1only_b5000_frag	AAAAAAAGQD	23	0.1387
stock_b2000_frag	AAAAAAAGSH	9	0.0192
fix_b2000_frag	AAAAAAAGSH	9	0.0192
fix_b5000_frag	AAAAAAAGSH	13	0.0189
stock_b5000_frag	AAAAAAAGSH	9	0.0216
bug2only_b5000_frag	AAAAAAAGSH	12	0.0189
bug1only_b5000_frag	AAAAAAAGSH	12	0.0216
stock_b2000_frag	AAAAAAAGSO	11	0.0172
fix_b2000_frag	AAAAAAAGSO	13	0.0172
fix_b5000_frag	AAAAAAAGSO	13	0.0171
stock_b5000_frag	AAAAAAAGSO	9	0.5330
bug2only_b5000_frag	AAAAAAAGSO	4	0.0171
bug1only_b5000_frag	AAAAAAAGSO	9	0.5330
stock_b2000_frag	AAAAAAAGTI	59	0.0024
fix_b2000_frag	AAAAAAAGTI	17	0.0024
fix_b5000_frag	AAAAAAAGTI	29	0.0024
stock_b5000_frag	AAAAAAAGTI	16	0.5037
bug2only_b5000_frag	AAAAAAAGTI	24	0.0024
bug1only_b5000_frag	AAAAAAAGTI	16	0.5037
stock_b2000_frag	AAAAAAAGWJ	52	0.0074
fix_b2000_frag	AAAAAAAGWJ	41	0.0074
fix_b5000_frag	AAAAAAAGWJ	52	0.0075
stock_b5000_frag	AAAAAAAGWJ	37	0.4961
bug2only_b5000_frag	AAAAAAAGWJ	48	0.0075
bug1only_b5000_frag	AAAAAAAGWJ	37	0.4961
stock_b2000_frag	AAAAAAAGWO	8	0.0323
fix_b2000_frag	AAAAAAAGWO	1	0.0323
fix_b5000_frag	AAAAAAAGWO	5	0.0323
stock_b5000_frag	AAAAAAAGWO	29	0.0500
bug2only_b5000_frag	AAAAAAAGWO	1	0.0323
bug1only_b5000_frag	AAAAAAAGWO	29	0.0500
stock_b2000_frag	AAAAAAAHCP	103	0.0004
fix_b2000_frag	AAAAAAAHCP	124	0.0004
fix_b5000_frag	AAAAAAAHCP	71	0.0004
stock_b5000_frag	AAAAAAAHCP	76	0.9983
bug2only_b5000_frag	AAAAAAAHCP	82	0.0004
bug1only_b5000_frag	AAAAAAAHCP	76	0.9983
stock_b2000_frag	AAAAAAAHDR	158	0.0003
fix_b2000_frag	AAAAAAAHDR	71	0.0003
fix_b5000_frag	AAAAAAAHDR	130	0.0003
stock_b5000_frag	AAAAAAAHDR	30	1.0000
bug2only_b5000_frag	AAAAAAAHDR	4	0.0003
bug1only_b5000_frag	AAAAAAAHDR	30	1.0000
stock_b2000_frag	AAAAAAAHFB	7	0.0105
fix_b2000_frag	AAAAAAAHFB	8	0.0105
fix_b5000_frag	AAAAAAAHFB	2	0.0104
stock_b5000_frag	AAAAAAAHFB	16	0.9965
bug2only_b5000_frag	AAAAAAAHFB	6	0.0104
bug1only_b5000_frag	AAAAAAAHFB	16	0.9965
stock_b2000_frag	AAAAAAAHGM	2	0.0563
fix_b2000_frag	AAAAAAAHGM	3	0.0563
fix_b5000_frag	AAAAAAAHGM	2	0.0564
stock_b5000_frag	AAAAAAAHGM	14	0.5020
bug2only_b5000_frag	AAAAAAAHGM	2	0.0564
bug1only_b5000_frag	AAAAAAAHGM	14	0.5020
stock_b2000_frag	AAAAAAAHJR	1	0.3567
fix_b2000_frag	AAAAAAAHJR	1	0.3567
fix_b5000_frag	AAAAAAAHJR	1	0.3465
stock_b5000_frag	AAAAAAAHJR	2	0.0208
bug2only_b5000_frag	AAAAAAAHJR	1	0.3465
bug1only_b5000_frag	AAAAAAAHJR	2	0.0208
stock_b2000_frag	AAAAAAAHMI	14	0.0075
fix_b2000_frag	AAAAAAAHMI	9	0.0075
fix_b5000_frag	AAAAAAAHMI	9	0.0074
stock_b5000_frag	AAAAAAAHMI	4	0.0874
bug2only_b5000_frag	AAAAAAAHMI	13	0.0074
bug1only_b5000_frag	AAAAAAAHMI	4	0.0874
stock_b2000_frag	AAAAAAAHOI	37	0.0029
fix_b2000_frag	AAAAAAAHOI	21	0.0029
fix_b5000_frag	AAAAAAAHOI	33	0.0029
stock_b5000_frag	AAAAAAAHOI	16	0.8273
bug2only_b5000_frag	AAAAAAAHOI	14	0.0029
bug1only_b5000_frag	AAAAAAAHOI	16	0.8273
stock_b2000_frag	AAAAAAAHOS	12	0.0109
fix_b2000_frag	AAAAAAAHOS	12	0.0109
fix_b5000_frag	AAAAAAAHOS	5	0.0109
stock_b5000_frag	AAAAAAAHOS	9	0.0136
bug2only_b5000_frag	AAAAAAAHOS	9	0.0109
bug1only_b5000_frag	AAAAAAAHOS	11	0.0136
stock_b2000_frag	AAAAAAAHPV	4	0.0071
fix_b2000_frag	AAAAAAAHPV	6	0.0071
fix_b5000_frag	AAAAAAAHPV	25	0.0072
stock_b5000_frag	AAAAAAAHPV	63	0.5000
bug2only_b5000_frag	AAAAAAAHPV	22	0.0072
bug1only_b5000_frag	AAAAAAAHPV	63	0.5000
stock_b2000_frag	AAAAAAAHQZ	6	0.0767
fix_b2000_frag	AAAAAAAHQZ	6	0.0767
fix_b5000_frag	AAAAAAAHQZ	6	0.0768
stock_b5000_frag	AAAAAAAHQZ	10	0.5007
bug2only_b5000_frag	AAAAAAAHQZ	6	0.0768
bug1only_b5000_frag	AAAAAAAHQZ	10	0.5007
stock_b2000_frag	AAAAAAAHRK	10	0.0257
fix_b2000_frag	AAAAAAAHRK	10	0.0257
fix_b5000_frag	AAAAAAAHRK	10	0.0257
stock_b5000_frag	AAAAAAAHRK	28	1.0000
bug2only_b5000_frag	AAAAAAAHRK	1	0.0257
bug1only_b5000_frag	AAAAAAAHRK	28	1.0000
stock_b2000_frag	AAAAAAAHSI	14	0.0066
fix_b2000_frag	AAAAAAAHSI	14	0.0066
fix_b5000_frag	AAAAAAAHSI	2	0.0066
stock_b5000_frag	AAAAAAAHSI	47	1.0000
bug2only_b5000_frag	AAAAAAAHSI	15	0.0066
bug1only_b5000_frag	AAAAAAAHSI	47	1.0000
stock_b2000_frag	AAAAAAAHSZ	2	0.1100
fix_b2000_frag	AAAAAAAHSZ	2	0.1100
fix_b5000_frag	AAAAAAAHSZ	2	0.1106
stock_b5000_frag	AAAAAAAHSZ	39	0.4995
bug2only_b5000_frag	AAAAAAAHSZ	2	0.1106
bug1only_b5000_frag	AAAAAAAHSZ	39	0.4995
stock_b2000_frag	AAAAAAAHTE	3	0.0325
fix_b2000_frag	AAAAAAAHTE	3	0.0325
fix_b5000_frag	AAAAAAAHTE	3	0.0323
stock_b5000_frag	AAAAAAAHTE	6	0.1946
bug2only_b5000_frag	AAAAAAAHTE	3	0.0323
bug1only_b5000_frag	AAAAAAAHTE	6	0.1946
stock_b2000_frag	AAAAAAAHTY	1	0.0667
fix_b2000_frag	AAAAAAAHTY	4	0.0667
fix_b5000_frag	AAAAAAAHTY	5	0.0667
stock_b5000_frag	AAAAAAAHTY	4	0.0714
bug2only_b5000_frag	AAAAAAAHTY	2	0.0667
bug1only_b5000_frag	AAAAAAAHTY	3	0.0714
stock_b2000_frag	AAAAAAAHVS	4	0.0345
fix_b2000_frag	AAAAAAAHVS	4	0.0345
fix_b5000_frag	AAAAAAAHVS	3	0.0345
stock_b5000_frag	AAAAAAAHVS	4	0.0346
bug2only_b5000_frag	AAAAAAAHVS	4	0.0345
bug1only_b5000_frag	AAAAAAAHVS	6	0.0346
stock_b2000_frag	AAAAAAAHWF	91	0.0006
fix_b2000_frag	AAAAAAAHWF	64	0.0006
fix_b5000_frag	AAAAAAAHWF	88	0.0006
stock_b5000_frag	AAAAAAAHWF	83	0.0324
bug2only_b5000_frag	AAAAAAAHWF	40	0.0006
bug1only_b5000_frag	AAAAAAAHWF	82	0.0324
stock_b2000_frag	AAAAAAAHYI	1	0.0103
fix_b2000_frag	AAAAAAAHYI	13	0.0103
fix_b5000_frag	AAAAAAAHYI	1	0.0104
stock_b5000_frag	AAAAAAAHYI	4	0.4487
bug2only_b5000_frag	AAAAAAAHYI	13	0.0104
bug1only_b5000_frag	AAAAAAAHYI	4	0.4487
stock_b2000_frag	AAAAAAAHYW	7	0.0021
fix_b2000_frag	AAAAAAAHYW	47	0.0021
fix_b5000_frag	AAAAAAAHYW	20	0.0021
stock_b5000_frag	AAAAAAAHYW	71	0.1111
bug2only_b5000_frag	AAAAAAAHYW	86	0.0021
bug1only_b5000_frag	AAAAAAAHYW	71	0.1111
stock_b2000_frag	AAAAAAAHZQ	0	0.2986
fix_b2000_frag	AAAAAAAHZQ	0	0.2986
fix_b5000_frag	AAAAAAAHZQ	0	0.2990
stock_b5000_frag	AAAAAAAHZQ	2	0.5012
bug2only_b5000_frag	AAAAAAAHZQ	0	0.2990
bug1only_b5000_frag	AAAAAAAHZQ	2	0.5012
stock_b2000_frag	AAAAAAAHZS	28	0.0599
fix_b2000_frag	AAAAAAAHZS	28	0.0599
fix_b5000_frag	AAAAAAAHZS	28	0.0589
stock_b5000_frag	AAAAAAAHZS	27	1.0000
bug2only_b5000_frag	AAAAAAAHZS	28	0.0589
bug1only_b5000_frag	AAAAAAAHZS	27	1.0000
stock_b2000_frag	AAAAAAAIAE	3	0.0098
fix_b2000_frag	AAAAAAAIAE	19	0.0098
fix_b5000_frag	AAAAAAAIAE	2	0.0098
stock_b5000_frag	AAAAAAAIAE	9	1.0000
bug2only_b5000_frag	AAAAAAAIAE	22	0.0098
bug1only_b5000_frag	AAAAAAAIAE	9	1.0000
stock_b2000_frag	AAAAAAAIAT	20	0.0287
fix_b2000_frag	AAAAAAAIAT	20	0.0287
fix_b5000_frag	AAAAAAAIAT	20	0.0287
stock_b5000_frag	AAAAAAAIAT	13	0.2363
bug2only_b5000_frag	AAAAAAAIAT	20	0.0287
bug1only_b5000_frag	AAAAAAAIAT	13	0.2363
stock_b2000_frag	AAAAAAAIBX	13	0.0201
fix_b2000_frag	AAAAAAAIBX	7	0.0201
fix_b5000_frag	AAAAAAAIBX	18	0.0075
stock_b5000_frag	AAAAAAAIBX	12	0.5023
bug2only_b5000_frag	AAAAAAAIBX	18	0.0075
bug1only_b5000_frag	AAAAAAAIBX	12	0.5023
stock_b2000_frag	AAAAAAAICY	6	0.0090
fix_b2000_frag	AAAAAAAICY	8	0.0090
fix_b5000_frag	AAAAAAAICY	14	0.0089
stock_b5000_frag	AAAAAAAICY	6	1.0000
bug2only_b5000_frag	AAAAAAAICY	9	0.0089
bug1only_b5000_frag	AAAAAAAICY	6	1.0000
stock_b2000_frag	AAAAAAAIDB	76	0.0017
fix_b2000_frag	AAAAAAAIDB	90	0.0017
fix_b5000_frag	AAAAAAAIDB	65	0.0017
stock_b5000_frag	AAAAAAAIDB	98	1.0000
bug2only_b5000_frag	AAAAAAAIDB	36	0.0017
bug1only_b5000_frag	AAAAAAAIDB	98	1.0000
stock_b2000_frag	AAAAAAAIDS	4	0.0761
fix_b2000_frag	AAAAAAAIDS	4	0.0761
fix_b5000_frag	AAAAAAAIDS	4	0.0765
stock_b5000_frag	AAAAAAAIDS	4	0.0784
bug2only_b5000_frag	AAAAAAAIDS	4	0.0765
bug1only_b5000_frag	AAAAAAAIDS	4	0.0784
stock_b2000_frag	AAAAAAAIDX	57	0.0006
fix_b2000_frag	AAAAAAAIDX	54	0.0006
fix_b5000_frag	AAAAAAAIDX	29	0.0006
stock_b5000_frag	AAAAAAAIDX	37	1.0000
bug2only_b5000_frag	AAAAAAAIDX	71	0.0006
bug1only_b5000_frag	AAAAAAAIDX	37	1.0000
stock_b2000_frag	AAAAAAAIEL	111	0.0007
fix_b2000_frag	AAAAAAAIEL	176	0.0007
fix_b5000_frag	AAAAAAAIEL	193	0.0007
stock_b5000_frag	AAAAAAAIEL	74	0.0769
bug2only_b5000_frag	AAAAAAAIEL	49	0.0007
bug1only_b5000_frag	AAAAAAAIEL	73	0.0769
stock_b2000_frag	AAAAAAAIEM	56	0.0020
fix_b2000_frag	AAAAAAAIEM	56	0.0020
fix_b5000_frag	AAAAAAAIEM	56	0.0020
stock_b5000_frag	AAAAAAAIEM	56	0.0024
bug2only_b5000_frag	AAAAAAAIEM	56	0.0020
bug1only_b5000_frag	AAAAAAAIEM	56	0.0024
stock_b2000_frag	AAAAAAAIFU	13	0.0156
fix_b2000_frag	AAAAAAAIFU	12	0.0156
fix_b5000_frag	AAAAAAAIFU	14	0.0156
stock_b5000_frag	AAAAAAAIFU	10	0.4202
bug2only_b5000_frag	AAAAAAAIFU	3	0.0156
bug1only_b5000_frag	AAAAAAAIFU	10	0.4202
stock_b2000_frag	AAAAAAAIFW	22	0.0017
fix_b2000_frag	AAAAAAAIFW	78	0.0017
fix_b5000_frag	AAAAAAAIFW	82	0.0017
stock_b5000_frag	AAAAAAAIFW	8	1.0000
bug2only_b5000_frag	AAAAAAAIFW	38	0.0017
bug1only_b5000_frag	AAAAAAAIFW	8	1.0000
stock_b2000_frag	AAAAAAAIGQ	26	0.0689
fix_b2000_frag	AAAAAAAIGQ	26	0.0689
fix_b5000_frag	AAAAAAAIGQ	26	0.0552
stock_b5000_frag	AAAAAAAIGQ	113	0.1000
bug2only_b5000_frag	AAAAAAAIGQ	26	0.0552
bug1only_b5000_frag	AAAAAAAIGQ	113	0.1000
stock_b2000_frag	AAAAAAAIGS	3	0.0435
fix_b2000_frag	AAAAAAAIGS	3	0.0435
fix_b5000_frag	AAAAAAAIGS	3	0.0435
stock_b5000_frag	AAAAAAAIGS	8	1.0000
bug2only_b5000_frag	AAAAAAAIGS	3	0.0435
bug1only_b5000_frag	AAAAAAAIGS	8	1.0000
stock_b2000_frag	AAAAAAAIIE	6	0.0632
fix_b2000_frag	AAAAAAAIIE	6	0.0632
fix_b5000_frag	AAAAAAAIIE	6	0.0635
stock_b5000_frag	AAAAAAAIIE	8	0.1110
bug2only_b5000_frag	AAAAAAAIIE	6	0.0635
bug1only_b5000_frag	AAAAAAAIIE	8	0.1110
stock_b2000_frag	AAAAAAAIIZ	26	0.0006
fix_b2000_frag	AAAAAAAIIZ	80	0.0006
fix_b5000_frag	AAAAAAAIIZ	10	0.0006
stock_b5000_frag	AAAAAAAIIZ	62	1.0000
bug2only_b5000_frag	AAAAAAAIIZ	79	0.0006
bug1only_b5000_frag	AAAAAAAIIZ	62	1.0000
stock_b2000_frag	AAAAAAAIJF	31	0.0021
fix_b2000_frag	AAAAAAAIJF	1	0.0021
fix_b5000_frag	AAAAAAAIJF	1	0.0021
stock_b5000_frag	AAAAAAAIJF	25	0.2508
bug2only_b5000_frag	AAAAAAAIJF	37	0.0021
bug1only_b5000_frag	AAAAAAAIJF	25	0.2508
stock_b2000_frag	AAAAAAAIJW	10	0.0026
fix_b2000_frag	AAAAAAAIJW	1	0.0026
fix_b5000_frag	AAAAAAAIJW	43	0.0025
stock_b5000_frag	AAAAAAAIJW	35	1.0000
bug2only_b5000_frag	AAAAAAAIJW	43	0.0025
bug1only_b5000_frag	AAAAAAAIJW	35	1.0000
stock_b2000_frag	AAAAAAAIKB	37	0.0011
fix_b2000_frag	AAAAAAAIKB	51	0.0011
fix_b5000_frag	AAAAAAAIKB	12	0.0011
stock_b5000_frag	AAAAAAAIKB	27	0.0012
bug2only_b5000_frag	AAAAAAAIKB	6	0.0011
bug1only_b5000_frag	AAAAAAAIKB	12	0.0012
stock_b2000_frag	AAAAAAAIKI	79	0.0006
fix_b2000_frag	AAAAAAAIKI	89	0.0006
fix_b5000_frag	AAAAAAAIKI	53	0.0006
stock_b5000_frag	AAAAAAAIKI	4	0.0013
bug2only_b5000_frag	AAAAAAAIKI	68	0.0006
bug1only_b5000_frag	AAAAAAAIKI	86	0.0013
stock_b2000_frag	AAAAAAAIOE	27	0.0242
fix_b2000_frag	AAAAAAAIOE	27	0.0242
fix_b5000_frag	AAAAAAAIOE	7	0.0232
stock_b5000_frag	AAAAAAAIOE	25	1.0000
bug2only_b5000_frag	AAAAAAAIOE	7	0.0232
bug1only_b5000_frag	AAAAAAAIOE	25	1.0000
stock_b2000_frag	AAAAAAAIPI	3	0.0123
fix_b2000_frag	AAAAAAAIPI	9	0.0123
fix_b5000_frag	AAAAAAAIPI	8	0.0123
stock_b5000_frag	AAAAAAAIPI	29	0.8133
bug2only_b5000_frag	AAAAAAAIPI	4	0.0123
bug1only_b5000_frag	AAAAAAAIPI	29	0.8133
stock_b2000_frag	AAAAAAAIPU	51	0.0016
fix_b2000_frag	AAAAAAAIPU	7	0.0016
fix_b5000_frag	AAAAAAAIPU	42	0.0016
stock_b5000_frag	AAAAAAAIPU	47	1.0000
bug2only_b5000_frag	AAAAAAAIPU	79	0.0016
bug1only_b5000_frag	AAAAAAAIPU	47	1.0000
stock_b2000_frag	AAAAAAAIQN	13	0.0058
fix_b2000_frag	AAAAAAAIQN	17	0.0058
fix_b5000_frag	AAAAAAAIQN	25	0.0058
stock_b5000_frag	AAAAAAAIQN	26	1.0000
bug2only_b5000_frag	AAAAAAAIQN	38	0.0058
bug1only_b5000_frag	AAAAAAAIQN	26	1.0000
stock_b2000_frag	AAAAAAAISI	15	0.0029
fix_b2000_frag	AAAAAAAISI	7	0.0029
fix_b5000_frag	AAAAAAAISI	33	0.0029
stock_b5000_frag	AAAAAAAISI	26	1.0000
bug2only_b5000_frag	AAAAAAAISI	15	0.0029
bug1only_b5000_frag	AAAAAAAISI	26	1.0000
stock_b2000_frag	AAAAAAAITV	1	0.6169
fix_b2000_frag	AAAAAAAITV	1	0.6169
fix_b5000_frag	AAAAAAAITV	2	1.0000
stock_b5000_frag	AAAAAAAITV	2	1.0000
bug2only_b5000_frag	AAAAAAAITV	2	1.0000
bug1only_b5000_frag	AAAAAAAITV	2	1.0000
stock_b2000_frag	AAAAAAAIWX	4	0.0884
fix_b2000_frag	AAAAAAAIWX	4	0.0884
fix_b5000_frag	AAAAAAAIWX	4	0.0865
stock_b5000_frag	AAAAAAAIWX	4	0.1249
bug2only_b5000_frag	AAAAAAAIWX	4	0.0865
bug1only_b5000_frag	AAAAAAAIWX	4	0.1249
stock_b2000_frag	AAAAAAAIYR	2	0.3284
fix_b2000_frag	AAAAAAAIYR	2	0.3284
fix_b5000_frag	AAAAAAAIYR	2	0.3293
stock_b5000_frag	AAAAAAAIYR	7	1.0000
bug2only_b5000_frag	AAAAAAAIYR	2	0.3293
bug1only_b5000_frag	AAAAAAAIYR	7	1.0000
stock_b2000_frag	AAAAAAAJAH	31	0.0031
fix_b2000_frag	AAAAAAAJAH	27	0.0031
fix_b5000_frag	AAAAAAAJAH	17	0.0031
stock_b5000_frag	AAAAAAAJAH	10	0.4200
bug2only_b5000_frag	AAAAAAAJAH	13	0.0031
bug1only_b5000_frag	AAAAAAAJAH	10	0.4200
stock_b2000_frag	AAAAAAAJBL	8	0.0007
fix_b2000_frag	AAAAAAAJBL	22	0.0007
fix_b5000_frag	AAAAAAAJBL	30	0.0007
stock_b5000_frag	AAAAAAAJBL	23	1.0000
bug2only_b5000_frag	AAAAAAAJBL	34	0.0007
bug1only_b5000_frag	AAAAAAAJBL	23	1.0000
stock_b2000_frag	AAAAAAAJCV	6	0.0030
fix_b2000_frag	AAAAAAAJCV	4	0.0030
fix_b5000_frag	AAAAAAAJCV	32	0.0030
stock_b5000_frag	AAAAAAAJCV	12	0.0036
bug2only_b5000_frag	AAAAAAAJCV	21	0.0030
bug1only_b5000_frag	AAAAAAAJCV	35	0.0036
stock_b2000_frag	AAAAAAAJCZ	2	0.1483
fix_b2000_frag	AAAAAAAJCZ	2	0.1483
fix_b5000_frag	AAAAAAAJCZ	2	0.1484
stock_b5000_frag	AAAAAAAJCZ	9	0.9907
bug2only_b5000_frag	AAAAAAAJCZ	2	0.1484
bug1only_b5000_frag	AAAAAAAJCZ	9	0.9907
stock_b2000_frag	AAAAAAAJFG	114	0.0008
fix_b2000_frag	AAAAAAAJFG	138	0.0008
fix_b5000_frag	AAAAAAAJFG	214	0.0008
stock_b5000_frag	AAAAAAAJFG	94	0.1250
bug2only_b5000_frag	AAAAAAAJFG	199	0.0008
bug1only_b5000_frag	AAAAAAAJFG	98	0.1250
stock_b2000_frag	AAAAAAAJFI	20	0.0040
fix_b2000_frag	AAAAAAAJFI	9	0.0040
fix_b5000_frag	AAAAAAAJFI	19	0.0041
stock_b5000_frag	AAAAAAAJFI	10	0.0047
bug2only_b5000_frag	AAAAAAAJFI	17	0.0041
bug1only_b5000_frag	AAAAAAAJFI	18	0.0047
stock_b2000_frag	AAAAAAAJKQ	4	0.0108
fix_b2000_frag	AAAAAAAJKQ	16	0.0108
fix_b5000_frag	AAAAAAAJKQ	9	0.0108
stock_b5000_frag	AAAAAAAJKQ	17	0.0108
bug2only_b5000_frag	AAAAAAAJKQ	5	0.0108
bug1only_b5000_frag	AAAAAAAJKQ	4	0.0108
stock_b2000_frag	AAAAAAAJOT	96	0.0007
fix_b2000_frag	AAAAAAAJOT	31	0.0007
fix_b5000_frag	AAAAAAAJOT	34	0.0007
stock_b5000_frag	AAAAAAAJOT	18	1.0000
bug2only_b5000_frag	AAAAAAAJOT	30	0.0007
bug1only_b5000_frag	AAAAAAAJOT	18	1.0000
stock_b2000_frag	AAAAAAAJQQ	9	0.0445
fix_b2000_frag	AAAAAAAJQQ	9	0.0445
fix_b5000_frag	AAAAAAAJQQ	1	0.0445
stock_b5000_frag	AAAAAAAJQQ	9	0.0588
bug2only_b5000_frag	AAAAAAAJQQ	1	0.0445
bug1only_b5000_frag	AAAAAAAJQQ	1	0.0588
stock_b2000_frag	AAAAAAAJRB	47	0.0015
fix_b2000_frag	AAAAAAAJRB	11	0.0015
fix_b5000_frag	AAAAAAAJRB	19	0.0012
stock_b5000_frag	AAAAAAAJRB	10	0.0159
bug2only_b5000_frag	AAAAAAAJRB	14	0.0012
bug1only_b5000_frag	AAAAAAAJRB	10	0.0158
stock_b2000_frag	AAAAAAAJRL	14	0.0680
fix_b2000_frag	AAAAAAAJRL	14	0.0680
fix_b5000_frag	AAAAAAAJRL	14	0.0681
stock_b5000_frag	AAAAAAAJRL	37	0.0501
bug2only_b5000_frag	AAAAAAAJRL	14	0.0681
bug1only_b5000_frag	AAAAAAAJRL	37	0.0501
stock_b2000_frag	AAAAAAAJRW	18	0.0031
fix_b2000_frag	AAAAAAAJRW	22	0.0031
fix_b5000_frag	AAAAAAAJRW	22	0.0031
stock_b5000_frag	AAAAAAAJRW	8	0.9966
bug2only_b5000_frag	AAAAAAAJRW	12	0.0031
bug1only_b5000_frag	AAAAAAAJRW	8	0.9966
stock_b2000_frag	AAAAAAAJSO	73	0.0034
fix_b2000_frag	AAAAAAAJSO	73	0.0034
fix_b5000_frag	AAAAAAAJSO	49	0.0034
stock_b5000_frag	AAAAAAAJSO	34	0.0054
bug2only_b5000_frag	AAAAAAAJSO	101	0.0034
bug1only_b5000_frag	AAAAAAAJSO	109	0.0054
stock_b2000_frag	AAAAAAAJSQ	12	0.0723
fix_b2000_frag	AAAAAAAJSQ	12	0.0723
fix_b5000_frag	AAAAAAAJSQ	12	0.0740
stock_b5000_frag	AAAAAAAJSQ	12	0.0892
bug2only_b5000_frag	AAAAAAAJSQ	12	0.0740
bug1only_b5000_frag	AAAAAAAJSQ	12	0.0892
stock_b2000_frag	AAAAAAAJTD	162	0.0012
fix_b2000_frag	AAAAAAAJTD	115	0.0012
fix_b5000_frag	AAAAAAAJTD	22	0.0012
stock_b5000_frag	AAAAAAAJTD	19	1.0000
bug2only_b5000_frag	AAAAAAAJTD	78	0.0012
bug1only_b5000_frag	AAAAAAAJTD	19	1.0000
stock_b2000_frag	AAAAAAAJWX	25	0.0025
fix_b2000_frag	AAAAAAAJWX	25	0.0025
fix_b5000_frag	AAAAAAAJWX	25	0.0025
stock_b5000_frag	AAAAAAAJWX	16	0.3333
bug2only_b5000_frag	AAAAAAAJWX	25	0.0025
bug1only_b5000_frag	AAAAAAAJWX	16	0.3333
stock_b2000_frag	AAAAAAAJWZ	2	0.1433
fix_b2000_frag	AAAAAAAJWZ	2	0.1433
fix_b5000_frag	AAAAAAAJWZ	2	0.1434
stock_b5000_frag	AAAAAAAJWZ	1	0.1667
bug2only_b5000_frag	AAAAAAAJWZ	1	0.1434
bug1only_b5000_frag	AAAAAAAJWZ	1	0.1667
stock_b2000_frag	AAAAAAAJYD	2	0.7958
fix_b2000_frag	AAAAAAAJYD	2	0.7958
fix_b5000_frag	AAAAAAAJYD	4	0.4896
stock_b5000_frag	AAAAAAAJYD	4	0.8579
bug2only_b5000_frag	AAAAAAAJYD	4	0.4896
bug1only_b5000_frag	AAAAAAAJYD	4	0.8579
stock_b2000_frag	AAAAAAAJYX	10	0.0208
fix_b2000_frag	AAAAAAAJYX	9	0.0208
fix_b5000_frag	AAAAAAAJYX	8	0.0209
stock_b5000_frag	AAAAAAAJYX	8	0.2000
bug2only_b5000_frag	AAAAAAAJYX	9	0.0209
bug1only_b5000_frag	AAAAAAAJYX	8	0.2000
stock_b2000_frag	AAAAAAAJYZ	2	0.1104
fix_b2000_frag	AAAAAAAJYZ	2	0.1104
fix_b5000_frag	AAAAAAAJYZ	2	0.1103
stock_b5000_frag	AAAAAAAJYZ	3	0.9312
bug2only_b5000_frag	AAAAAAAJYZ	2	0.1103
bug1only_b5000_frag	AAAAAAAJYZ	3	0.9312
stock_b2000_frag	AAAAAAAJZI	1	0.3331
fix_b2000_frag	AAAAAAAJZI	1	0.3331
fix_b5000_frag	AAAAAAAJZI	1	0.3331
stock_b5000_frag	AAAAAAAJZI	10	0.6993
bug2only_b5000_frag	AAAAAAAJZI	1	0.3331
bug1only_b5000_frag	AAAAAAAJZI	10	0.6993
stock_b2000_frag	AAAAAAAKAK	1	0.0540
fix_b2000_frag	AAAAAAAKAK	1	0.0540
fix_b5000_frag	AAAAAAAKAK	1	0.0512
stock_b5000_frag	AAAAAAAKAK	1	0.0543
bug2only_b5000_frag	AAAAAAAKAK	1	0.0512
bug1only_b5000_frag	AAAAAAAKAK	1	0.0543
stock_b2000_frag	AAAAAAAKAO	0	0.5229
fix_b2000_frag	AAAAAAAKAO	0	0.5229
fix_b5000_frag	AAAAAAAKAO	0	0.5171
stock_b5000_frag	AAAAAAAKAO	0	0.7608
bug2only_b5000_frag	AAAAAAAKAO	0	0.5171
bug1only_b5000_frag	AAAAAAAKAO	0	0.7608
stock_b2000_frag	AAAAAAAKBR	1	0.1243
fix_b2000_frag	AAAAAAAKBR	1	0.1243
fix_b5000_frag	AAAAAAAKBR	3	0.1243
stock_b5000_frag	AAAAAAAKBR	12	0.5885
bug2only_b5000_frag	AAAAAAAKBR	3	0.1243
bug1only_b5000_frag	AAAAAAAKBR	12	0.5885
stock_b2000_frag	AAAAAAAKBU	36	0.0004
fix_b2000_frag	AAAAAAAKBU	60	0.0004
fix_b5000_frag	AAAAAAAKBU	64	0.0004
stock_b5000_frag	AAAAAAAKBU	21	0.1667
bug2only_b5000_frag	AAAAAAAKBU	65	0.0004
bug1only_b5000_frag	AAAAAAAKBU	21	0.1667
stock_b2000_frag	AAAAAAAKBY	9	0.0137
fix_b2000_frag	AAAAAAAKBY	5	0.0137
fix_b5000_frag	AAAAAAAKBY	5	0.0137
stock_b5000_frag	AAAAAAAKBY	15	1.0000
bug2only_b5000_frag	AAAAAAAKBY	8	0.0137
bug1only_b5000_frag	AAAAAAAKBY	15	1.0000
stock_b2000_frag	AAAAAAAKDG	44	0.0007
fix_b2000_frag	AAAAAAAKDG	76	0.0007
fix_b5000_frag	AAAAAAAKDG	71	0.0007
stock_b5000_frag	AAAAAAAKDG	51	0.1555
bug2only_b5000_frag	AAAAAAAKDG	42	0.0007
bug1only_b5000_frag	AAAAAAAKDG	51	0.1555
stock_b2000_frag	AAAAAAAKDI	38	0.0025
fix_b2000_frag	AAAAAAAKDI	22	0.0025
fix_b5000_frag	AAAAAAAKDI	34	0.0024
stock_b5000_frag	AAAAAAAKDI	35	1.0000
bug2only_b5000_frag	AAAAAAAKDI	36	0.0024
bug1only_b5000_frag	AAAAAAAKDI	35	1.0000
stock_b2000_frag	AAAAAAAKDN	134	0.1668
fix_b2000_frag	AAAAAAAKDN	134	0.1668
fix_b5000_frag	AAAAAAAKDN	134	0.0638
stock_b5000_frag	AAAAAAAKDN	61	0.8506
bug2only_b5000_frag	AAAAAAAKDN	134	0.0638
bug1only_b5000_frag	AAAAAAAKDN	61	0.8506
stock_b2000_frag	AAAAAAAKEP	4	0.0323
fix_b2000_frag	AAAAAAAKEP	4	0.0323
fix_b5000_frag	AAAAAAAKEP	4	0.0323
stock_b5000_frag	AAAAAAAKEP	4	0.0374
bug2only_b5000_frag	AAAAAAAKEP	4	0.0323
bug1only_b5000_frag	AAAAAAAKEP	4	0.0374
stock_b2000_frag	AAAAAAAKHF	1	0.0201
fix_b2000_frag	AAAAAAAKHF	1	0.0201
fix_b5000_frag	AAAAAAAKHF	1	0.0201
stock_b5000_frag	AAAAAAAKHF	1	0.0201
bug2only_b5000_frag	AAAAAAAKHF	1	0.0201
bug1only_b5000_frag	AAAAAAAKHF	2	0.0201
stock_b2000_frag	AAAAAAAKHJ	17	0.0039
fix_b2000_frag	AAAAAAAKHJ	17	0.0039
fix_b5000_frag	AAAAAAAKHJ	17	0.0038
stock_b5000_frag	AAAAAAAKHJ	55	1.0000
bug2only_b5000_frag	AAAAAAAKHJ	17	0.0038
bug1only_b5000_frag	AAAAAAAKHJ	55	1.0000
stock_b2000_frag	AAAAAAAKIK	3	0.7173
fix_b2000_frag	AAAAAAAKIK	3	0.7173
fix_b5000_frag	AAAAAAAKIK	3	0.5732
stock_b5000_frag	AAAAAAAKIK	6	1.0000
bug2only_b5000_frag	AAAAAAAKIK	3	0.5732
bug1only_b5000_frag	AAAAAAAKIK	6	1.0000
stock_b2000_frag	AAAAAAAKIM	20	0.0193
fix_b2000_frag	AAAAAAAKIM	17	0.0193
fix_b5000_frag	AAAAAAAKIM	21	0.0191
stock_b5000_frag	AAAAAAAKIM	46	1.0000
bug2only_b5000_frag	AAAAAAAKIM	21	0.0191
bug1only_b5000_frag	AAAAAAAKIM	46	1.0000
stock_b2000_frag	AAAAAAAKLF	0	0.8671
fix_b2000_frag	AAAAAAAKLF	0	0.8671
fix_b5000_frag	AAAAAAAKLF	0	0.8732
stock_b5000_frag	AAAAAAAKLF	0	0.9948
bug2only_b5000_frag	AAAAAAAKLF	0	0.8732
bug1only_b5000_frag	AAAAAAAKLF	0	0.9948
stock_b2000_frag	AAAAAAAKMZ	33	0.0010
fix_b2000_frag	AAAAAAAKMZ	25	0.0010
fix_b5000_frag	AAAAAAAKMZ	73	0.0010
stock_b5000_frag	AAAAAAAKMZ	7	0.2500
bug2only_b5000_frag	AAAAAAAKMZ	44	0.0010
bug1only_b5000_frag	AAAAAAAKMZ	7	0.2500
stock_b2000_frag	AAAAAAAKOG	86	0.0007
fix_b2000_frag	AAAAAAAKOG	107	0.0007
fix_b5000_frag	AAAAAAAKOG	12	0.0007
stock_b5000_frag	AAAAAAAKOG	14	1.0000
bug2only_b5000_frag	AAAAAAAKOG	86	0.0007
bug1only_b5000_frag	AAAAAAAKOG	14	1.0000
stock_b2000_frag	AAAAAAAKPT	14	0.0042
fix_b2000_frag	AAAAAAAKPT	15	0.0042
fix_b5000_frag	AAAAAAAKPT	14	0.0042
stock_b5000_frag	AAAAAAAKPT	12	0.2025
bug2only_b5000_frag	AAAAAAAKPT	11	0.0042
bug1only_b5000_frag	AAAAAAAKPT	12	0.2025
stock_b2000_frag	AAAAAAAKQP	3	0.0040
fix_b2000_frag	AAAAAAAKQP	10	0.0040
fix_b5000_frag	AAAAAAAKQP	19	0.0040
stock_b5000_frag	AAAAAAAKQP	8	0.2500
bug2only_b5000_frag	AAAAAAAKQP	15	0.0040
bug1only_b5000_frag	AAAAAAAKQP	8	0.2500
stock_b2000_frag	AAAAAAAKRM	37	0.0009
fix_b2000_frag	AAAAAAAKRM	48	0.0009
fix_b5000_frag	AAAAAAAKRM	26	0.0009
stock_b5000_frag	AAAAAAAKRM	12	0.0010
bug2only_b5000_frag	AAAAAAAKRM	44	0.0009
bug1only_b5000_frag	AAAAAAAKRM	42	0.0010
stock_b2000_frag	AAAAAAAKSA	0	0.2215
fix_b2000_frag	AAAAAAAKSA	0	0.2215
fix_b5000_frag	AAAAAAAKSA	0	0.2098
stock_b5000_frag	AAAAAAAKSA	2	0.8232
bug2only_b5000_frag	AAAAAAAKSA	0	0.2098
bug1only_b5000_frag	AAAAAAAKSA	2	0.8232
stock_b2000_frag	AAAAAAAKTK	0	1.0000
fix_b2000_frag	AAAAAAAKTK	0	1.0000
fix_b5000_frag	AAAAAAAKTK	0	1.0000
stock_b5000_frag	AAAAAAAKTK	0	1.0000
bug2only_b5000_frag	AAAAAAAKTK	0	1.0000
bug1only_b5000_frag	AAAAAAAKTK	0	1.0000
stock_b2000_frag	AAAAAAAKUE	40	0.0012
fix_b2000_frag	AAAAAAAKUE	28	0.0012
fix_b5000_frag	AAAAAAAKUE	35	0.0012
stock_b5000_frag	AAAAAAAKUE	75	0.0156
bug2only_b5000_frag	AAAAAAAKUE	40	0.0012
bug1only_b5000_frag	AAAAAAAKUE	56	0.0156
stock_b2000_frag	AAAAAAAKVH	70	0.0007
fix_b2000_frag	AAAAAAAKVH	56	0.0007
fix_b5000_frag	AAAAAAAKVH	64	0.0007
stock_b5000_frag	AAAAAAAKVH	63	1.0000
bug2only_b5000_frag	AAAAAAAKVH	57	0.0007
bug1only_b5000_frag	AAAAAAAKVH	63	1.0000
stock_b2000_frag	AAAAAAAKVY	36	0.0012
fix_b2000_frag	AAAAAAAKVY	33	0.0012
fix_b5000_frag	AAAAAAAKVY	52	0.0012
stock_b5000_frag	AAAAAAAKVY	37	0.1511
bug2only_b5000_frag	AAAAAAAKVY	46	0.0012
bug1only_b5000_frag	AAAAAAAKVY	37	0.1511
stock_b2000_frag	AAAAAAAKXQ	7	0.0175
fix_b2000_frag	AAAAAAAKXQ	8	0.0175
fix_b5000_frag	AAAAAAAKXQ	5	0.0175
stock_b5000_frag	AAAAAAAKXQ	12	0.5000
bug2only_b5000_frag	AAAAAAAKXQ	8	0.0175
bug1only_b5000_frag	AAAAAAAKXQ	12	0.5000
stock_b2000_frag	AAAAAAAKYB	12	0.0256
fix_b2000_frag	AAAAAAAKYB	1	0.0256
fix_b5000_frag	AAAAAAAKYB	2	0.0256
stock_b5000_frag	AAAAAAAKYB	30	1.0000
bug2only_b5000_frag	AAAAAAAKYB	3	0.0256
bug1only_b5000_frag	AAAAAAAKYB	30	1.0000
stock_b2000_frag	AAAAAAAKYM	22	0.0011
fix_b2000_frag	AAAAAAAKYM	59	0.0011
fix_b5000_frag	AAAAAAAKYM	45	0.0011
stock_b5000_frag	AAAAAAAKYM	33	1.0000
bug2only_b5000_frag	AAAAAAAKYM	26	0.0011
bug1only_b5000_frag	AAAAAAAKYM	33	1.0000
stock_b2000_frag	AAAAAAALAA	1	0.2243
fix_b2000_frag	AAAAAAALAA	1	0.2243
fix_b5000_frag	AAAAAAALAA	1	0.2237
stock_b5000_frag	AAAAAAALAA	3	1.0000
bug2only_b5000_frag	AAAAAAALAA	1	0.2237
bug1only_b5000_frag	AAAAAAALAA	3	1.0000
stock_b2000_frag	AAAAAAALAQ	0	0.9997
fix_b2000_frag	AAAAAAALAQ	0	0.9997
fix_b5000_frag	AAAAAAALAQ	0	0.9996
stock_b5000_frag	AAAAAAALAQ	0	0.9999
bug2only_b5000_frag	AAAAAAALAQ	0	0.9996
bug1only_b5000_frag	AAAAAAALAQ	0	0.9999
stock_b2000_frag	AAAAAAALCI	5	0.0305
fix_b2000_frag	AAAAAAALCI	5	0.0305
fix_b5000_frag	AAAAAAALCI	5	0.0305
stock_b5000_frag	AAAAAAALCI	1	0.5003
bug2only_b5000_frag	AAAAAAALCI	5	0.0305
bug1only_b5000_frag	AAAAAAALCI	1	0.5003
stock_b2000_frag	AAAAAAALDJ	31	0.0010
fix_b2000_frag	AAAAAAALDJ	21	0.0010
fix_b5000_frag	AAAAAAALDJ	16	0.0010
stock_b5000_frag	AAAAAAALDJ	15	0.5002
bug2only_b5000_frag	AAAAAAALDJ	16	0.0010
bug1only_b5000_frag	AAAAAAALDJ	15	0.5002
stock_b2000_frag	AAAAAAALEZ	17	0.0006
fix_b2000_frag	AAAAAAALEZ	150	0.0006
fix_b5000_frag	AAAAAAALEZ	209	0.0006
stock_b5000_frag	AAAAAAALEZ	107	1.0000
bug2only_b5000_frag	AAAAAAALEZ	18	0.0006
bug1only_b5000_frag	AAAAAAALEZ	107	1.0000
stock_b2000_frag	AAAAAAALGN	138	0.0005
fix_b2000_frag	AAAAAAALGN	174	0.0005
fix_b5000_frag	AAAAAAALGN	57	0.0005
stock_b5000_frag	AAAAAAALGN	35	0.5031
bug2only_b5000_frag	AAAAAAALGN	60	0.0005
bug1only_b5000_frag	AAAAAAALGN	35	0.5031
stock_b2000_frag	AAAAAAALGP	145	0.0006
fix_b2000_frag	AAAAAAALGP	64	0.0006
fix_b5000_frag	AAAAAAALGP	119	0.0006
stock_b5000_frag	AAAAAAALGP	113	1.0000
bug2only_b5000_frag	AAAAAAALGP	136	0.0006
bug1only_b5000_frag	AAAAAAALGP	113	1.0000
stock_b2000_frag	AAAAAAALHT	44	0.0022
fix_b2000_frag	AAAAAAALHT	40	0.0022
fix_b5000_frag	AAAAAAALHT	42	0.0022
stock_b5000_frag	AAAAAAALHT	38	1.0000
bug2only_b5000_frag	AAAAAAALHT	7	0.0022
bug1only_b5000_frag	AAAAAAALHT	38	1.0000
stock_b2000_frag	AAAAAAALII	0	1.0000
fix_b2000_frag	AAAAAAALII	0	1.0000
fix_b5000_frag	AAAAAAALII	0	0.9999
stock_b5000_frag	AAAAAAALII	1	1.0000
bug2only_b5000_frag	AAAAAAALII	0	0.9999
bug1only_b5000_frag	AAAAAAALII	1	1.0000
stock_b2000_frag	AAAAAAALJS	20	0.0794
fix_b2000_frag	AAAAAAALJS	20	0.0794
fix_b5000_frag	AAAAAAALJS	23	0.0032
stock_b5000_frag	AAAAAAALJS	38	0.5160
bug2only_b5000_frag	AAAAAAALJS	16	0.0032
bug1only_b5000_frag	AAAAAAALJS	38	0.5160
stock_b2000_frag	AAAAAAALKK	54	0.0016
fix_b2000_frag	AAAAAAALKK	25	0.0016
fix_b5000_frag	AAAAAAALKK	8	0.0016
stock_b5000_frag	AAAAAAALKK	68	1.0000
bug2only_b5000_frag	AAAAAAALKK	7	0.0016
bug1only_b5000_frag	AAAAAAALKK	68	1.0000
stock_b2000_frag	AAAAAAALMZ	50	0.0017
fix_b2000_frag	AAAAAAALMZ	55	0.0017
fix_b5000_frag	AAAAAAALMZ	58	0.0016
stock_b5000_frag	AAAAAAALMZ	40	1.0000
bug2only_b5000_frag	AAAAAAALMZ	58	0.0016
bug1only_b5000_frag	AAAAAAALMZ	40	1.0000
stock_b2000_frag	AAAAAAALOL	61	0.0013
fix_b2000_frag	AAAAAAALOL	60	0.0013
fix_b5000_frag	AAAAAAALOL	42	0.0014
stock_b5000_frag	AAAAAAALOL	42	0.1666
bug2only_b5000_frag	AAAAAAALOL	34	0.0014
bug1only_b5000_frag	AAAAAAALOL	42	0.1666
stock_b2000_frag	AAAAAAALQA	2	0.0520
fix_b2000_frag	AAAAAAALQA	2	0.0520
fix_b5000_frag	AAAAAAALQA	2	0.0522
stock_b5000_frag	AAAAAAALQA	40	0.9964
bug2only_b5000_frag	AAAAAAALQA	2	0.0522
bug1only_b5000_frag	AAAAAAALQA	40	0.9964
stock_b2000_frag	AAAAAAALRS	14	0.0143
fix_b2000_frag	AAAAAAALRS	14	0.0143
fix_b5000_frag	AAAAAAALRS	14	0.0140
stock_b5000_frag	AAAAAAALRS	17	0.1179
bug2only_b5000_frag	AAAAAAALRS	14	0.0140
bug1only_b5000_frag	AAAAAAALRS	17	0.1179
stock_b2000_frag	AAAAAAALSG	17	0.0076
fix_b2000_frag	AAAAAAALSG	1	0.0076
fix_b5000_frag	AAAAAAALSG	10	0.0076
stock_b5000_frag	AAAAAAALSG	24	1.0000
bug2only_b5000_frag	AAAAAAALSG	24	0.0076
bug1only_b5000_frag	AAAAAAALSG	24	1.0000
stock_b2000_frag	AAAAAAALTH	10	0.0034
fix_b2000_frag	AAAAAAALTH	12	0.0034
fix_b5000_frag	AAAAAAALTH	3	0.0034
stock_b5000_frag	AAAAAAALTH	21	1.0000
bug2only_b5000_frag	AAAAAAALTH	7	0.0034
bug1only_b5000_frag	AAAAAAALTH	21	1.0000
stock_b2000_frag	AAAAAAALTY	0	0.1944
fix_b2000_frag	AAAAAAALTY	0	0.1944
fix_b5000_frag	AAAAAAALTY	0	0.1923
stock_b5000_frag	AAAAAAALTY	21	0.1000
bug2only_b5000_frag	AAAAAAALTY	0	0.1923
bug1only_b5000_frag	AAAAAAALTY	21	0.1000
stock_b2000_frag	AAAAAAALVF	52	0.0003
fix_b2000_frag	AAAAAAALVF	18	0.0003
fix_b5000_frag	AAAAAAALVF	92	0.0002
stock_b5000_frag	AAAAAAALVF	17	0.5042
bug2only_b5000_frag	AAAAAAALVF	152	0.0002
bug1only_b5000_frag	AAAAAAALVF	17	0.5042
stock_b2000_frag	AAAAAAALVU	53	0.0015
fix_b2000_frag	AAAAAAALVU	8	0.0015
fix_b5000_frag	AAAAAAALVU	9	0.0012
stock_b5000_frag	AAAAAAALVU	9	0.6103
bug2only_b5000_frag	AAAAAAALVU	19	0.0012
bug1only_b5000_frag	AAAAAAALVU	9	0.6103
stock_b2000_frag	AAAAAAALWX	4	0.2571
fix_b2000_frag	AAAAAAALWX	4	0.2571
fix_b5000_frag	AAAAAAALWX	2	0.1846
stock_b5000_frag	AAAAAAALWX	2	1.0000
bug2only_b5000_frag	AAAAAAALWX	2	0.1846
bug1only_b5000_frag	AAAAAAALWX	2	1.0000
stock_b2000_frag	AAAAAAALXV	6	0.0232
fix_b2000_frag	AAAAAAALXV	5	0.0232
fix_b5000_frag	AAAAAAALXV	3	0.0233
stock_b5000_frag	AAAAAAALXV	26	0.9994
bug2only_b5000_frag	AAAAAAALXV	6	0.0233
bug1only_b5000_frag	AAAAAAALXV	26	0.9994
stock_b2000_frag	AAAAAAALYN	10	0.0043
fix_b2000_frag	AAAAAAALYN	7	0.0043
fix_b5000_frag	AAAAAAALYN	17	0.0043
stock_b5000_frag	AAAAAAALYN	45	0.0052
bug2only_b5000_frag	AAAAAAALYN	19	0.0043
bug1only_b5000_frag	AAAAAAALYN	45	0.0052
stock_b2000_frag	AAAAAAALZR	23	0.0275
fix_b2000_frag	AAAAAAALZR	23	0.0275
fix_b5000_frag	AAAAAAALZR	23	0.0277
stock_b5000_frag	AAAAAAALZR	16	0.0544
bug2only_b5000_frag	AAAAAAALZR	23	0.0277
bug1only_b5000_frag	AAAAAAALZR	16	0.0544
stock_b2000_frag	AAAAAAAMAC	102	0.0774
fix_b2000_frag	AAAAAAAMAC	102	0.0774
fix_b5000_frag	AAAAAAAMAC	105	0.0858
stock_b5000_frag	AAAAAAAMAC	102	0.0407
bug2only_b5000_frag	AAAAAAAMAC	105	0.0858
bug1only_b5000_frag	AAAAAAAMAC	102	0.0407
stock_b2000_frag	AAAAAAAMAV	1	0.2266
fix_b2000_frag	AAAAAAAMAV	1	0.2266
fix_b5000_frag	AAAAAAAMAV	1	0.2451
stock_b5000_frag	AAAAAAAMAV	1	0.9164
bug2only_b5000_frag	AAAAAAAMAV	1	0.2451
bug1only_b5000_frag	AAAAAAAMAV	1	0.9164
stock_b2000_frag	AAAAAAAMBC	1	0.2052
fix_b2000_frag	AAAAAAAMBC	1	0.2052
fix_b5000_frag	AAAAAAAMBC	2	0.2280
stock_b5000_frag	AAAAAAAMBC	1	0.5402
bug2only_b5000_frag	AAAAAAAMBC	2	0.2280
bug1only_b5000_frag	AAAAAAAMBC	1	0.5402
stock_b2000_frag	AAAAAAAMCN	47	0.0015
fix_b2000_frag	AAAAAAAMCN	20	0.0015
fix_b5000_frag	AAAAAAAMCN	102	0.0015
stock_b5000_frag	AAAAAAAMCN	132	0.4990
bug2only_b5000_frag	AAAAAAAMCN	17	0.0015
bug1only_b5000_frag	AAAAAAAMCN	132	0.4990
stock_b2000_frag	AAAAAAAMDE	20	0.0048
fix_b2000_frag	AAAAAAAMDE	16	0.0048
fix_b5000_frag	AAAAAAAMDE	9	0.0047
stock_b5000_frag	AAAAAAAMDE	44	1.0000
bug2only_b5000_frag	AAAAAAAMDE	7	0.0047
bug1only_b5000_frag	AAAAAAAMDE	44	1.0000
stock_b2000_frag	AAAAAAAMDJ	6	0.0470
fix_b2000_frag	AAAAAAAMDJ	6	0.0470
fix_b5000_frag	AAAAAAAMDJ	6	0.0471
stock_b5000_frag	AAAAAAAMDJ	11	1.0000
bug2only_b5000_frag	AAAAAAAMDJ	6	0.0471
bug1only_b5000_frag	AAAAAAAMDJ	11	1.0000
stock_b2000_frag	AAAAAAAMDV	14	0.0154
fix_b2000_frag	AAAAAAAMDV	7	0.0154
fix_b5000_frag	AAAAAAAMDV	5	0.0154
stock_b5000_frag	AAAAAAAMDV	12	0.0204
bug2only_b5000_frag	AAAAAAAMDV	4	0.0154
bug1only_b5000_frag	AAAAAAAMDV	4	0.0204
stock_b2000_frag	AAAAAAAMEE	39	0.0014
fix_b2000_frag	AAAAAAAMEE	37	0.0014
fix_b5000_frag	AAAAAAAMEE	25	0.0012
stock_b5000_frag	AAAAAAAMEE	29	1.0000
bug2only_b5000_frag	AAAAAAAMEE	32	0.0012
bug1only_b5000_frag	AAAAAAAMEE	29	1.0000
stock_b2000_frag	AAAAAAAMGB	20	0.0037
fix_b2000_frag	AAAAAAAMGB	28	0.0037
fix_b5000_frag	AAAAAAAMGB	60	0.0037
stock_b5000_frag	AAAAAAAMGB	4	0.3108
bug2only_b5000_frag	AAAAAAAMGB	7	0.0037
bug1only_b5000_frag	AAAAAAAMGB	4	0.3108
stock_b2000_frag	AAAAAAAMGI	47	0.0003
fix_b2000_frag	AAAAAAAMGI	150	0.0003
fix_b5000_frag	AAAAAAAMGI	146	0.0003
stock_b5000_frag	AAAAAAAMGI	44	0.6238
bug2only_b5000_frag	AAAAAAAMGI	39	0.0003
bug1only_b5000_frag	AAAAAAAMGI	44	0.6238
stock_b2000_frag	AAAAAAAMHJ	53	0.0059
fix_b2000_frag	AAAAAAAMHJ	23	0.0059
fix_b5000_frag	AAAAAAAMHJ	53	0.0059
stock_b5000_frag	AAAAAAAMHJ	43	0.9809
bug2only_b5000_frag	AAAAAAAMHJ	1	0.0059
bug1only_b5000_frag	AAAAAAAMHJ	43	0.9809
stock_b2000_frag	AAAAAAAMHL	84	0.0003
fix_b2000_frag	AAAAAAAMHL	123	0.0003
fix_b5000_frag	AAAAAAAMHL	104	0.0003
stock_b5000_frag	AAAAAAAMHL	25	0.0059
bug2only_b5000_frag	AAAAAAAMHL	23	0.0003
bug1only_b5000_frag	AAAAAAAMHL	25	0.0059
stock_b2000_frag	AAAAAAAMJM	3	0.0712
fix_b2000_frag	AAAAAAAMJM	3	0.0712
fix_b5000_frag	AAAAAAAMJM	3	0.0712
stock_b5000_frag	AAAAAAAMJM	30	1.0000
bug2only_b5000_frag	AAAAAAAMJM	3	0.0712
bug1only_b5000_frag	AAAAAAAMJM	30	1.0000
stock_b2000_frag	AAAAAAAMJP	32	0.0017
fix_b2000_frag	AAAAAAAMJP	25	0.0017
fix_b5000_frag	AAAAAAAMJP	54	0.0014
stock_b5000_frag	AAAAAAAMJP	59	1.0000
bug2only_b5000_frag	AAAAAAAMJP	8	0.0014
bug1only_b5000_frag	AAAAAAAMJP	59	1.0000
stock_b2000_frag	AAAAAAAMJQ	14	0.0186
fix_b2000_frag	AAAAAAAMJQ	11	0.0186
fix_b5000_frag	AAAAAAAMJQ	12	0.0187
stock_b5000_frag	AAAAAAAMJQ	9	1.0000
bug2only_b5000_frag	AAAAAAAMJQ	12	0.0187
bug1only_b5000_frag	AAAAAAAMJQ	9	1.0000
stock_b2000_frag	AAAAAAAMJT	25	0.0015
fix_b2000_frag	AAAAAAAMJT	25	0.0015
fix_b5000_frag	AAAAAAAMJT	27	0.0015
stock_b5000_frag	AAAAAAAMJT	24	1.0000
bug2only_b5000_frag	AAAAAAAMJT	28	0.0015
bug1only_b5000_frag	AAAAAAAMJT	24	1.0000
stock_b2000_frag	AAAAAAAMND	6	0.0217
fix_b2000_frag	AAAAAAAMND	6	0.0217
fix_b5000_frag	AAAAAAAMND	1	0.0216
stock_b5000_frag	AAAAAAAMND	8	0.0302
bug2only_b5000_frag	AAAAAAAMND	8	0.0216
bug1only_b5000_frag	AAAAAAAMND	6	0.0302
stock_b2000_frag	AAAAAAAMNR	49	0.0017
fix_b2000_frag	AAAAAAAMNR	47	0.0017
fix_b5000_frag	AAAAAAAMNR	46	0.0017
stock_b5000_frag	AAAAAAAMNR	35	1.0000
bug2only_b5000_frag	AAAAAAAMNR	22	0.0017
bug1only_b5000_frag	AAAAAAAMNR	35	1.0000
stock_b2000_frag	AAAAAAAMOD	51	0.0012
fix_b2000_frag	AAAAAAAMOD	47	0.0012
fix_b5000_frag	AAAAAAAMOD	94	0.0012
stock_b5000_frag	AAAAAAAMOD	41	0.9999
bug2only_b5000_frag	AAAAAAAMOD	90	0.0012
bug1only_b5000_frag	AAAAAAAMOD	41	0.9999
stock_b2000_frag	AAAAAAAMON	32	0.0043
fix_b2000_frag	AAAAAAAMON	32	0.0043
fix_b5000_frag	AAAAAAAMON	10	0.0043
stock_b5000_frag	AAAAAAAMON	12	0.3367
bug2only_b5000_frag	AAAAAAAMON	12	0.0043
bug1only_b5000_frag	AAAAAAAMON	12	0.3367
stock_b2000_frag	AAAAAAAMOO	56	0.0244
fix_b2000_frag	AAAAAAAMOO	56	0.0244
fix_b5000_frag	AAAAAAAMOO	69	0.0046
stock_b5000_frag	AAAAAAAMOO	8	0.0733
bug2only_b5000_frag	AAAAAAAMOO	8	0.0046
bug1only_b5000_frag	AAAAAAAMOO	8	0.0733
stock_b2000_frag	AAAAAAAMOW	19	0.0060
fix_b2000_frag	AAAAAAAMOW	19	0.0060
fix_b5000_frag	AAAAAAAMOW	15	0.0060
stock_b5000_frag	AAAAAAAMOW	19	0.0769
bug2only_b5000_frag	AAAAAAAMOW	22	0.0060
bug1only_b5000_frag	AAAAAAAMOW	20	0.0769
stock_b2000_frag	AAAAAAAMPC	89	0.0004
fix_b2000_frag	AAAAAAAMPC	89	0.0004
fix_b5000_frag	AAAAAAAMPC	49	0.0003
stock_b5000_frag	AAAAAAAMPC	21	0.7756
bug2only_b5000_frag	AAAAAAAMPC	22	0.0003
bug1only_b5000_frag	AAAAAAAMPC	21	0.7756
stock_b2000_frag	AAAAAAAMQE	35	0.0004
fix_b2000_frag	AAAAAAAMQE	35	0.0004
fix_b5000_frag	AAAAAAAMQE	22	0.0007
stock_b5000_frag	AAAAAAAMQE	19	1.0000
bug2only_b5000_frag	AAAAAAAMQE	22	0.0007
bug1only_b5000_frag	AAAAAAAMQE	19	1.0000
stock_b2000_frag	AAAAAAAMVL	1	0.1109
fix_b2000_frag	AAAAAAAMVL	1	0.1109
fix_b5000_frag	AAAAAAAMVL	3	0.1111
stock_b5000_frag	AAAAAAAMVL	6	0.2539
bug2only_b5000_frag	AAAAAAAMVL	4	0.1111
bug1only_b5000_frag	AAAAAAAMVL	6	0.2539
stock_b2000_frag	AAAAAAAMXR	43	0.0010
fix_b2000_frag	AAAAAAAMXR	39	0.0010
fix_b5000_frag	AAAAAAAMXR	25	0.0010
stock_b5000_frag	AAAAAAAMXR	13	1.0000
bug2only_b5000_frag	AAAAAAAMXR	43	0.0010
bug1only_b5000_frag	AAAAAAAMXR	13	1.0000
stock_b2000_frag	AAAAAAAMXX	1	0.5760
fix_b2000_frag	AAAAAAAMXX	1	0.5760
fix_b5000_frag	AAAAAAAMXX	1	0.6051
stock_b5000_frag	AAAAAAAMXX	0	0.9764
bug2only_b5000_frag	AAAAAAAMXX	1	0.6051
bug1only_b5000_frag	AAAAAAAMXX	0	0.9764
stock_b2000_frag	AAAAAAAMYE	18	0.0006
fix_b2000_frag	AAAAAAAMYE	27	0.0006
fix_b5000_frag	AAAAAAAMYE	9	0.0006
stock_b5000_frag	AAAAAAAMYE	21	1.0000
bug2only_b5000_frag	AAAAAAAMYE	83	0.0006
bug1only_b5000_frag	AAAAAAAMYE	21	1.0000
stock_b2000_frag	AAAAAAAMZE	43	0.0028
fix_b2000_frag	AAAAAAAMZE	19	0.0028
fix_b5000_frag	AAAAAAAMZE	22	0.0028
stock_b5000_frag	AAAAAAAMZE	21	0.0030
bug2only_b5000_frag	AAAAAAAMZE	24	0.0028
bug1only_b5000_frag	AAAAAAAMZE	24	0.0030
stock_b2000_frag	AAAAAAAMZU	30	0.0415
fix_b2000_frag	AAAAAAAMZU	30	0.0415
fix_b5000_frag	AAAAAAAMZU	31	0.0416
stock_b5000_frag	AAAAAAAMZU	30	0.0435
bug2only_b5000_frag	AAAAAAAMZU	31	0.0416
bug1only_b5000_frag	AAAAAAAMZU	30	0.0435
stock_b2000_frag	AAAAAAAMZV	44	0.9975
fix_b2000_frag	AAAAAAAMZV	44	0.9975
fix_b5000_frag	AAAAAAAMZV	44	0.9990
stock_b5000_frag	AAAAAAAMZV	44	1.0000
bug2only_b5000_frag	AAAAAAAMZV	44	0.9990
bug1only_b5000_frag	AAAAAAAMZV	44	1.0000
stock_b2000_frag	AAAAAAANAO	29	0.0012
fix_b2000_frag	AAAAAAANAO	31	0.0012
fix_b5000_frag	AAAAAAANAO	18	0.0012
stock_b5000_frag	AAAAAAANAO	14	0.5000
bug2only_b5000_frag	AAAAAAANAO	30	0.0012
bug1only_b5000_frag	AAAAAAANAO	14	0.5000
stock_b2000_frag	AAAAAAANBC	0	0.9999
fix_b2000_frag	AAAAAAANBC	0	0.9999
fix_b5000_frag	AAAAAAANBC	0	0.9999
stock_b5000_frag	AAAAAAANBC	5	1.0000
bug2only_b5000_frag	AAAAAAANBC	0	0.9999
bug1only_b5000_frag	AAAAAAANBC	5	1.0000
stock_b2000_frag	AAAAAAANBD	31	0.0026
fix_b2000_frag	AAAAAAANBD	13	0.0026
fix_b5000_frag	AAAAAAANBD	40	0.0026
stock_b5000_frag	AAAAAAANBD	23	1.0000
bug2only_b5000_frag	AAAAAAANBD	46	0.0025
bug1only_b5000_frag	AAAAAAANBD	23	1.0000
stock_b2000_frag	AAAAAAANBJ	21	0.0658
fix_b2000_frag	AAAAAAANBJ	21	0.0658
fix_b5000_frag	AAAAAAANBJ	21	0.0659
stock_b5000_frag	AAAAAAANBJ	21	0.0752
bug2only_b5000_frag	AAAAAAANBJ	21	0.0659
bug1only_b5000_frag	AAAAAAANBJ	21	0.0752
stock_b2000_frag	AAAAAAANBZ	3	0.0544
fix_b2000_frag	AAAAAAANBZ	3	0.0544
fix_b5000_frag	AAAAAAANBZ	1	0.0527
stock_b5000_frag	AAAAAAANBZ	16	1.0000
bug2only_b5000_frag	AAAAAAANBZ	1	0.0527
bug1only_b5000_frag	AAAAAAANBZ	16	1.0000
stock_b2000_frag	AAAAAAANCP	20	0.1444
fix_b2000_frag	AAAAAAANCP	20	0.1444
fix_b5000_frag	AAAAAAANCP	20	0.1421
stock_b5000_frag	AAAAAAANCP	7	0.9979
bug2only_b5000_frag	AAAAAAANCP	20	0.1421
bug1only_b5000_frag	AAAAAAANCP	7	0.9979
stock_b2000_frag	AAAAAAANDI	7	0.0488
fix_b2000_frag	AAAAAAANDI	7	0.0488
fix_b5000_frag	AAAAAAANDI	7	0.0487
stock_b5000_frag	AAAAAAANDI	7	0.0558
bug2only_b5000_frag	AAAAAAANDI	7	0.0487
bug1only_b5000_frag	AAAAAAANDI	7	0.0558
stock_b2000_frag	AAAAAAANFY	1	0.3335
fix_b2000_frag	AAAAAAANFY	1	0.3335
fix_b5000_frag	AAAAAAANFY	1	0.3335
stock_b5000_frag	AAAAAAANFY	2	0.9887
bug2only_b5000_frag	AAAAAAANFY	1	0.3335
bug1only_b5000_frag	AAAAAAANFY	2	0.9887
stock_b2000_frag	AAAAAAANGJ	1	0.0294
fix_b2000_frag	AAAAAAANGJ	8	0.0294
fix_b5000_frag	AAAAAAANGJ	6	0.0294
stock_b5000_frag	AAAAAAANGJ	7	0.0385
bug2only_b5000_frag	AAAAAAANGJ	7	0.0294
bug1only_b5000_frag	AAAAAAANGJ	7	0.0385
stock_b2000_frag	AAAAAAANIW	10	0.0052
fix_b2000_frag	AAAAAAANIW	11	0.0052
fix_b5000_frag	AAAAAAANIW	12	0.0052
stock_b5000_frag	AAAAAAANIW	10	0.0056
bug2only_b5000_frag	AAAAAAANIW	7	0.0052
bug1only_b5000_frag	AAAAAAANIW	10	0.0056
stock_b2000_frag	AAAAAAANJP	2	0.0730
fix_b2000_frag	AAAAAAANJP	2	0.0730
fix_b5000_frag	AAAAAAANJP	2	0.0726
stock_b5000_frag	AAAAAAANJP	3	1.0000
bug2only_b5000_frag	AAAAAAANJP	2	0.0726
bug1only_b5000_frag	AAAAAAANJP	3	1.0000
stock_b2000_frag	AAAAAAANKZ	19	0.0022
fix_b2000_frag	AAAAAAANKZ	19	0.0022
fix_b5000_frag	AAAAAAANKZ	15	0.0022
stock_b5000_frag	AAAAAAANKZ	10	0.3333
bug2only_b5000_frag	AAAAAAANKZ	11	0.0022
bug1only_b5000_frag	AAAAAAANKZ	10	0.3333
stock_b2000_frag	AAAAAAANLI	0	0.9860
fix_b2000_frag	AAAAAAANLI	0	0.9860
fix_b5000_frag	AAAAAAANLI	0	0.9860
stock_b5000_frag	AAAAAAANLI	4	1.0000
bug2only_b5000_frag	AAAAAAANLI	0	0.9860
bug1only_b5000_frag	AAAAAAANLI	4	1.0000
stock_b2000_frag	AAAAAAANLX	10	0.0092
fix_b2000_frag	AAAAAAANLX	7	0.0092
fix_b5000_frag	AAAAAAANLX	22	0.0092
stock_b5000_frag	AAAAAAANLX	15	1.0000
bug2only_b5000_frag	AAAAAAANLX	16	0.0092
bug1only_b5000_frag	AAAAAAANLX	15	1.0000
stock_b2000_frag	AAAAAAANLY	32	0.0007
fix_b2000_frag	AAAAAAANLY	22	0.0007
fix_b5000_frag	AAAAAAANLY	28	0.0007
stock_b5000_frag	AAAAAAANLY	94	1.0000
bug2only_b5000_frag	AAAAAAANLY	119	0.0007
bug1only_b5000_frag	AAAAAAANLY	94	1.0000
stock_b2000_frag	AAAAAAANPW	54	0.0006
fix_b2000_frag	AAAAAAANPW	47	0.0006
fix_b5000_frag	AAAAAAANPW	38	0.0006
stock_b5000_frag	AAAAAAANPW	45	0.0009
bug2only_b5000_frag	AAAAAAANPW	54	0.0006
bug1only_b5000_frag	AAAAAAANPW	40	0.0009
stock_b2000_frag	AAAAAAANQK	33	0.0008
fix_b2000_frag	AAAAAAANQK	26	0.0008
fix_b5000_frag	AAAAAAANQK	50	0.0008
stock_b5000_frag	AAAAAAANQK	39	0.5005
bug2only_b5000_frag	AAAAAAANQK	36	0.0008
bug1only_b5000_frag	AAAAAAANQK	39	0.5005
stock_b2000_frag	AAAAAAANQP	9	0.0011
fix_b2000_frag	AAAAAAANQP	9	0.0011
fix_b5000_frag	AAAAAAANQP	9	0.0012
stock_b5000_frag	AAAAAAANQP	103	0.2000
bug2only_b5000_frag	AAAAAAANQP	9	0.0012
bug1only_b5000_frag	AAAAAAANQP	103	0.2000
stock_b2000_frag	AAAAAAANTZ	8	0.0436
fix_b2000_frag	AAAAAAANTZ	8	0.0436
fix_b5000_frag	AAAAAAANTZ	2	0.0436
stock_b5000_frag	AAAAAAANTZ	4	1.0000
bug2only_b5000_frag	AAAAAAANTZ	8	0.0436
bug1only_b5000_frag	AAAAAAANTZ	4	1.0000
stock_b2000_frag	AAAAAAANUD	131	0.0006
fix_b2000_frag	AAAAAAANUD	156	0.0006
fix_b5000_frag	AAAAAAANUD	156	0.0006
stock_b5000_frag	AAAAAAANUD	91	0.5000
bug2only_b5000_frag	AAAAAAANUD	16	0.0006
bug1only_b5000_frag	AAAAAAANUD	91	0.5000
stock_b2000_frag	AAAAAAANUX	4	0.0142
fix_b2000_frag	AAAAAAANUX	4	0.0142
fix_b5000_frag	AAAAAAANUX	2	0.0142
stock_b5000_frag	AAAAAAANUX	13	0.1749
bug2only_b5000_frag	AAAAAAANUX	4	0.0142
bug1only_b5000_frag	AAAAAAANUX	13	0.1749
stock_b2000_frag	AAAAAAAOBF	19	0.0009
fix_b2000_frag	AAAAAAAOBF	83	0.0009
fix_b5000_frag	AAAAAAAOBF	94	0.0009
stock_b5000_frag	AAAAAAAOBF	93	0.0011
bug2only_b5000_frag	AAAAAAAOBF	102	0.0009
bug1only_b5000_frag	AAAAAAAOBF	92	0.0011
stock_b2000_frag	AAAAAAAOBW	52	0.0009
fix_b2000_frag	AAAAAAAOBW	68	0.0009
fix_b5000_frag	AAAAAAAOBW	69	0.0009
stock_b5000_frag	AAAAAAAOBW	94	0.4206
bug2only_b5000_frag	AAAAAAAOBW	49	0.0009
bug1only_b5000_frag	AAAAAAAOBW	94	0.4206
stock_b2000_frag	AAAAAAAOCN	3	0.0345
fix_b2000_frag	AAAAAAAOCN	4	0.0345
fix_b5000_frag	AAAAAAAOCN	12	0.0345
stock_b5000_frag	AAAAAAAOCN	11	0.0363
bug2only_b5000_frag	AAAAAAAOCN	11	0.0345
bug1only_b5000_frag	AAAAAAAOCN	12	0.0363
stock_b2000_frag	AAAAAAAOCP	16	0.0019
fix_b2000_frag	AAAAAAAOCP	28	0.0019
fix_b5000_frag	AAAAAAAOCP	51	0.0019
stock_b5000_frag	AAAAAAAOCP	38	0.1247
bug2only_b5000_frag	AAAAAAAOCP	38	0.0019
bug1only_b5000_frag	AAAAAAAOCP	38	0.1247
stock_b2000_frag	AAAAAAAODA	6	0.0703
fix_b2000_frag	AAAAAAAODA	6	0.0703
fix_b5000_frag	AAAAAAAODA	6	0.0703
stock_b5000_frag	AAAAAAAODA	6	0.3333
bug2only_b5000_frag	AAAAAAAODA	6	0.0703
bug1only_b5000_frag	AAAAAAAODA	6	0.3333
stock_b2000_frag	AAAAAAAOFX	6	0.0177
fix_b2000_frag	AAAAAAAOFX	14	0.0177
fix_b5000_frag	AAAAAAAOFX	3	0.0177
stock_b5000_frag	AAAAAAAOFX	3	0.0179
bug2only_b5000_frag	AAAAAAAOFX	13	0.0177
bug1only_b5000_frag	AAAAAAAOFX	3	0.0179
stock_b2000_frag	AAAAAAAOGO	24	0.0044
fix_b2000_frag	AAAAAAAOGO	14	0.0044
fix_b5000_frag	AAAAAAAOGO	14	0.0044
stock_b5000_frag	AAAAAAAOGO	14	0.8220
bug2only_b5000_frag	AAAAAAAOGO	12	0.0044
bug1only_b5000_frag	AAAAAAAOGO	14	0.8220
stock_b2000_frag	AAAAAAAOHD	1	0.0449
fix_b2000_frag	AAAAAAAOHD	1	0.0449
fix_b5000_frag	AAAAAAAOHD	1	0.0445
stock_b5000_frag	AAAAAAAOHD	20	0.4987
bug2only_b5000_frag	AAAAAAAOHD	1	0.0445
bug1only_b5000_frag	AAAAAAAOHD	20	0.4987
stock_b2000_frag	AAAAAAAOIK	55	0.0018
fix_b2000_frag	AAAAAAAOIK	55	0.0018
fix_b5000_frag	AAAAAAAOIK	55	0.0018
stock_b5000_frag	AAAAAAAOIK	85	1.0000
bug2only_b5000_frag	AAAAAAAOIK	55	0.0018
bug1only_b5000_frag	AAAAAAAOIK	85	1.0000
stock_b2000_frag	AAAAAAAOIM	0	0.9939
fix_b2000_frag	AAAAAAAOIM	0	0.9939
fix_b5000_frag	AAAAAAAOIM	0	0.9936
stock_b5000_frag	AAAAAAAOIM	0	1.0000
bug2only_b5000_frag	AAAAAAAOIM	0	0.9936
bug1only_b5000_frag	AAAAAAAOIM	0	1.0000
stock_b2000_frag	AAAAAAAOIS	11	0.0034
fix_b2000_frag	AAAAAAAOIS	5	0.0034
fix_b5000_frag	AAAAAAAOIS	19	0.0034
stock_b5000_frag	AAAAAAAOIS	8	0.0036
bug2only_b5000_frag	AAAAAAAOIS	9	0.0034
bug1only_b5000_frag	AAAAAAAOIS	7	0.0036
stock_b2000_frag	AAAAAAAOJD	153	0.0373
fix_b2000_frag	AAAAAAAOJD	153	0.0373
fix_b5000_frag	AAAAAAAOJD	153	0.0373
stock_b5000_frag	AAAAAAAOJD	147	0.1250
bug2only_b5000_frag	AAAAAAAOJD	153	0.0373
bug1only_b5000_frag	AAAAAAAOJD	143	0.1250
stock_b2000_frag	AAAAAAAOJO	13	0.0122
fix_b2000_frag	AAAAAAAOJO	13	0.0122
fix_b5000_frag	AAAAAAAOJO	12	0.0123
stock_b5000_frag	AAAAAAAOJO	13	0.0294
bug2only_b5000_frag	AAAAAAAOJO	12	0.0123
bug1only_b5000_frag	AAAAAAAOJO	12	0.0294
stock_b2000_frag	AAAAAAAOKE	20	0.0012
fix_b2000_frag	AAAAAAAOKE	21	0.0012
fix_b5000_frag	AAAAAAAOKE	23	0.0012
stock_b5000_frag	AAAAAAAOKE	88	0.3355
bug2only_b5000_frag	AAAAAAAOKE	23	0.0012
bug1only_b5000_frag	AAAAAAAOKE	88	0.3355
stock_b2000_frag	AAAAAAAOLK	14	0.0056
fix_b2000_frag	AAAAAAAOLK	13	0.0056
fix_b5000_frag	AAAAAAAOLK	12	0.0056
stock_b5000_frag	AAAAAAAOLK	15	0.0069
bug2only_b5000_frag	AAAAAAAOLK	10	0.0056
bug1only_b5000_frag	AAAAAAAOLK	13	0.0069
stock_b2000_frag	AAAAAAAOMI	1	0.0668
fix_b2000_frag	AAAAAAAOMI	4	0.0668
fix_b5000_frag	AAAAAAAOMI	4	0.0668
stock_b5000_frag	AAAAAAAOMI	8	1.0000
bug2only_b5000_frag	AAAAAAAOMI	1	0.0668
bug1only_b5000_frag	AAAAAAAOMI	8	1.0000
stock_b2000_frag	AAAAAAAOMM	10	0.0067
fix_b2000_frag	AAAAAAAOMM	24	0.0067
fix_b5000_frag	AAAAAAAOMM	15	0.0067
stock_b5000_frag	AAAAAAAOMM	6	1.0000
bug2only_b5000_frag	AAAAAAAOMM	12	0.0067
bug1only_b5000_frag	AAAAAAAOMM	6	1.0000
stock_b2000_frag	AAAAAAAOMT	2	0.0306
fix_b2000_frag	AAAAAAAOMT	2	0.0306
fix_b5000_frag	AAAAAAAOMT	5	0.0308
stock_b5000_frag	AAAAAAAOMT	2	0.0417
bug2only_b5000_frag	AAAAAAAOMT	2	0.0308
bug1only_b5000_frag	AAAAAAAOMT	2	0.0417
stock_b2000_frag	AAAAAAAONO	2	0.0320
fix_b2000_frag	AAAAAAAONO	4	0.0320
fix_b5000_frag	AAAAAAAONO	4	0.0323
stock_b5000_frag	AAAAAAAONO	4	0.0418
bug2only_b5000_frag	AAAAAAAONO	1	0.0323
bug1only_b5000_frag	AAAAAAAONO	4	0.0418
stock_b2000_frag	AAAAAAAORQ	2	0.0529
fix_b2000_frag	AAAAAAAORQ	2	0.0529
fix_b5000_frag	AAAAAAAORQ	2	0.0528
stock_b5000_frag	AAAAAAAORQ	18	1.0000
bug2only_b5000_frag	AAAAAAAORQ	1	0.0528
bug1only_b5000_frag	AAAAAAAORQ	18	1.0000
stock_b2000_frag	AAAAAAAOSI	27	0.0016
fix_b2000_frag	AAAAAAAOSI	8	0.0016
fix_b5000_frag	AAAAAAAOSI	26	0.0016
stock_b5000_frag	AAAAAAAOSI	11	1.0000
bug2only_b5000_frag	AAAAAAAOSI	5	0.0016
bug1only_b5000_frag	AAAAAAAOSI	11	1.0000
stock_b2000_frag	AAAAAAAOSS	9	0.0075
fix_b2000_frag	AAAAAAAOSS	7	0.0075
fix_b5000_frag	AAAAAAAOSS	8	0.0074
stock_b5000_frag	AAAAAAAOSS	11	0.0074
bug2only_b5000_frag	AAAAAAAOSS	7	0.0074
bug1only_b5000_frag	AAAAAAAOSS	8	0.0074
stock_b2000_frag	AAAAAAAOTQ	1	0.0565
fix_b2000_frag	AAAAAAAOTQ	1	0.0565
fix_b5000_frag	AAAAAAAOTQ	1	0.0565
stock_b5000_frag	AAAAAAAOTQ	31	1.0000
bug2only_b5000_frag	AAAAAAAOTQ	2	0.0565
bug1only_b5000_frag	AAAAAAAOTQ	31	1.0000
stock_b2000_frag	AAAAAAAOUD	25	0.0011
fix_b2000_frag	AAAAAAAOUD	25	0.0011
fix_b5000_frag	AAAAAAAOUD	25	0.0011
stock_b5000_frag	AAAAAAAOUD	12	0.0278
bug2only_b5000_frag	AAAAAAAOUD	25	0.0011
bug1only_b5000_frag	AAAAAAAOUD	8	0.0278
stock_b2000_frag	AAAAAAAOUV	16	0.0055
fix_b2000_frag	AAAAAAAOUV	12	0.0055
fix_b5000_frag	AAAAAAAOUV	14	0.0055
stock_b5000_frag	AAAAAAAOUV	17	1.0000
bug2only_b5000_frag	AAAAAAAOUV	11	0.0055
bug1only_b5000_frag	AAAAAAAOUV	17	1.0000
stock_b2000_frag	AAAAAAAOVE	20	0.0015
fix_b2000_frag	AAAAAAAOVE	20	0.0015
fix_b5000_frag	AAAAAAAOVE	27	0.0015
stock_b5000_frag	AAAAAAAOVE	32	1.0000
bug2only_b5000_frag	AAAAAAAOVE	5	0.0015
bug1only_b5000_frag	AAAAAAAOVE	32	1.0000
stock_b2000_frag	AAAAAAAOWD	128	0.0015
fix_b2000_frag	AAAAAAAOWD	19	0.0015
fix_b5000_frag	AAAAAAAOWD	6	0.0015
stock_b5000_frag	AAAAAAAOWD	146	1.0000
bug2only_b5000_frag	AAAAAAAOWD	9	0.0015
bug1only_b5000_frag	AAAAAAAOWD	146	1.0000
stock_b2000_frag	AAAAAAAOWQ	3	0.3387
fix_b2000_frag	AAAAAAAOWQ	3	0.3387
fix_b5000_frag	AAAAAAAOWQ	3	0.3325
stock_b5000_frag	AAAAAAAOWQ	21	0.3249
bug2only_b5000_frag	AAAAAAAOWQ	3	0.3325
bug1only_b5000_frag	AAAAAAAOWQ	21	0.3249
stock_b2000_frag	AAAAAAAOXI	5	0.0339
fix_b2000_frag	AAAAAAAOXI	5	0.0339
fix_b5000_frag	AAAAAAAOXI	0	0.0547
stock_b5000_frag	AAAAAAAOXI	3	0.0556
bug2only_b5000_frag	AAAAAAAOXI	0	0.0547
bug1only_b5000_frag	AAAAAAAOXI	2	0.0556
stock_b2000_frag	AAAAAAAOYV	25	0.0014
fix_b2000_frag	AAAAAAAOYV	25	0.0014
fix_b5000_frag	AAAAAAAOYV	44	0.0014
stock_b5000_frag	AAAAAAAOYV	13	0.0016
bug2only_b5000_frag	AAAAAAAOYV	27	0.0014
bug1only_b5000_frag	AAAAAAAOYV	52	0.0016
stock_b2000_frag	AAAAAAAPBD	54	0.0024
fix_b2000_frag	AAAAAAAPBD	30	0.0024
fix_b5000_frag	AAAAAAAPBD	24	0.0021
stock_b5000_frag	AAAAAAAPBD	14	0.1099
bug2only_b5000_frag	AAAAAAAPBD	55	0.0021
bug1only_b5000_frag	AAAAAAAPBD	14	0.1099
stock_b2000_frag	AAAAAAAPCD	20	0.0034
fix_b2000_frag	AAAAAAAPCD	11	0.0034
fix_b5000_frag	AAAAAAAPCD	7	0.0034
stock_b5000_frag	AAAAAAAPCD	18	0.9972
bug2only_b5000_frag	AAAAAAAPCD	32	0.0034
bug1only_b5000_frag	AAAAAAAPCD	18	0.9972
stock_b2000_frag	AAAAAAAPCH	58	0.0014
fix_b2000_frag	AAAAAAAPCH	37	0.0014
fix_b5000_frag	AAAAAAAPCH	68	0.0014
stock_b5000_frag	AAAAAAAPCH	44	1.0000
bug2only_b5000_frag	AAAAAAAPCH	15	0.0014
bug1only_b5000_frag	AAAAAAAPCH	44	1.0000
stock_b2000_frag	AAAAAAAPCZ	47	0.3649
fix_b2000_frag	AAAAAAAPCZ	47	0.3649
fix_b5000_frag	AAAAAAAPCZ	47	0.3602
stock_b5000_frag	AAAAAAAPCZ	9	0.3333
bug2only_b5000_frag	AAAAAAAPCZ	47	0.3602
bug1only_b5000_frag	AAAAAAAPCZ	9	0.3333
stock_b2000_frag	AAAAAAAPDF	41	0.0117
fix_b2000_frag	AAAAAAAPDF	37	0.0117
fix_b5000_frag	AAAAAAAPDF	41	0.0118
stock_b5000_frag	AAAAAAAPDF	31	1.0000
bug2only_b5000_frag	AAAAAAAPDF	41	0.0118
bug1only_b5000_frag	AAAAAAAPDF	31	1.0000
stock_b2000_frag	AAAAAAAPEL	25	0.0025
fix_b2000_frag	AAAAAAAPEL	22	0.0025
fix_b5000_frag	AAAAAAAPEL	11	0.0025
stock_b5000_frag	AAAAAAAPEL	32	1.0000
bug2only_b5000_frag	AAAAAAAPEL	24	0.0025
bug1only_b5000_frag	AAAAAAAPEL	32	1.0000
stock_b2000_frag	AAAAAAAPEV	8	0.0123
fix_b2000_frag	AAAAAAAPEV	3	0.0123
fix_b5000_frag	AAAAAAAPEV	15	0.0120
stock_b5000_frag	AAAAAAAPEV	3	0.1429
bug2only_b5000_frag	AAAAAAAPEV	5	0.0120
bug1only_b5000_frag	AAAAAAAPEV	3	0.1429
stock_b2000_frag	AAAAAAAPGI	5	0.0176
fix_b2000_frag	AAAAAAAPGI	4	0.0176
fix_b5000_frag	AAAAAAAPGI	4	0.0178
stock_b5000_frag	AAAAAAAPGI	9	0.8042
bug2only_b5000_frag	AAAAAAAPGI	17	0.0178
bug1only_b5000_frag	AAAAAAAPGI	9	0.8042
stock_b2000_frag	AAAAAAAPII	73	0.0011
fix_b2000_frag	AAAAAAAPII	23	0.0011
fix_b5000_frag	AAAAAAAPII	66	0.0011
stock_b5000_frag	AAAAAAAPII	42	0.9945
bug2only_b5000_frag	AAAAAAAPII	29	0.0011
bug1only_b5000_frag	AAAAAAAPII	42	0.9945
stock_b2000_frag	AAAAAAAPIY	40	0.0027
fix_b2000_frag	AAAAAAAPIY	39	0.0027
fix_b5000_frag	AAAAAAAPIY	65	0.0017
stock_b5000_frag	AAAAAAAPIY	58	0.9934
bug2only_b5000_frag	AAAAAAAPIY	48	0.0017
bug1only_b5000_frag	AAAAAAAPIY	58	0.9934
stock_b2000_frag	AAAAAAAPJE	168	0.0006
fix_b2000_frag	AAAAAAAPJE	49	0.0006
fix_b5000_frag	AAAAAAAPJE	81	0.0006
stock_b5000_frag	AAAAAAAPJE	79	1.0000
bug2only_b5000_frag	AAAAAAAPJE	119	0.0006
bug1only_b5000_frag	AAAAAAAPJE	79	1.0000
stock_b2000_frag	AAAAAAAPJV	94	0.0004
fix_b2000_frag	AAAAAAAPJV	73	0.0004
fix_b5000_frag	AAAAAAAPJV	36	0.0004
stock_b5000_frag	AAAAAAAPJV	34	1.0000
bug2only_b5000_frag	AAAAAAAPJV	82	0.0004
bug1only_b5000_frag	AAAAAAAPJV	34	1.0000
stock_b2000_frag	AAAAAAAPJY	30	0.0008
fix_b2000_frag	AAAAAAAPJY	34	0.0008
fix_b5000_frag	AAAAAAAPJY	58	0.0008
stock_b5000_frag	AAAAAAAPJY	44	0.0959
bug2only_b5000_frag	AAAAAAAPJY	26	0.0008
bug1only_b5000_frag	AAAAAAAPJY	44	0.0959
stock_b2000_frag	AAAAAAAPKB	10	0.0063
fix_b2000_frag	AAAAAAAPKB	21	0.0063
fix_b5000_frag	AAAAAAAPKB	10	0.0063
stock_b5000_frag	AAAAAAAPKB	36	0.0588
bug2only_b5000_frag	AAAAAAAPKB	18	0.0063
bug1only_b5000_frag	AAAAAAAPKB	36	0.0588
stock_b2000_frag	AAAAAAAPNA	32	0.0004
fix_b2000_frag	AAAAAAAPNA	34	0.0004
fix_b5000_frag	AAAAAAAPNA	59	0.0004
stock_b5000_frag	AAAAAAAPNA	92	0.0347
bug2only_b5000_frag	AAAAAAAPNA	109	0.0004
bug1only_b5000_frag	AAAAAAAPNA	92	0.0347
stock_b2000_frag	AAAAAAAPNP	72	0.0004
fix_b2000_frag	AAAAAAAPNP	73	0.0004
fix_b5000_frag	AAAAAAAPNP	77	0.0003
stock_b5000_frag	AAAAAAAPNP	21	0.5209
bug2only_b5000_frag	AAAAAAAPNP	33	0.0003
bug1only_b5000_frag	AAAAAAAPNP	21	0.5209
stock_b2000_frag	AAAAAAAPOF	57	0.0008
fix_b2000_frag	AAAAAAAPOF	98	0.0008
fix_b5000_frag	AAAAAAAPOF	101	0.0008
stock_b5000_frag	AAAAAAAPOF	24	0.4314
bug2only_b5000_frag	AAAAAAAPOF	28	0.0008
bug1only_b5000_frag	AAAAAAAPOF	24	0.4314
stock_b2000_frag	AAAAAAAPOW	18	0.0122
fix_b2000_frag	AAAAAAAPOW	12	0.0122
fix_b5000_frag	AAAAAAAPOW	10	0.0122
stock_b5000_frag	AAAAAAAPOW	11	0.9999
bug2only_b5000_frag	AAAAAAAPOW	18	0.0122
bug1only_b5000_frag	AAAAAAAPOW	11	0.9999
stock_b2000_frag	AAAAAAAPPV	3	0.0910
fix_b2000_frag	AAAAAAAPPV	3	0.0910
fix_b5000_frag	AAAAAAAPPV	3	0.0909
stock_b5000_frag	AAAAAAAPPV	1	0.5005
bug2only_b5000_frag	AAAAAAAPPV	3	0.0909
bug1only_b5000_frag	AAAAAAAPPV	1	0.5005
stock_b2000_frag	AAAAAAAPRY	25	0.0038
fix_b2000_frag	AAAAAAAPRY	25	0.0038
fix_b5000_frag	AAAAAAAPRY	18	0.0038
stock_b5000_frag	AAAAAAAPRY	23	1.0000
bug2only_b5000_frag	AAAAAAAPRY	2	0.0038
bug1only_b5000_frag	AAAAAAAPRY	23	1.0000
stock_b2000_frag	AAAAAAAPUA	0	0.5021
fix_b2000_frag	AAAAAAAPUA	0	0.5021
fix_b5000_frag	AAAAAAAPUA	0	0.5983
stock_b5000_frag	AAAAAAAPUA	1	1.0000
bug2only_b5000_frag	AAAAAAAPUA	0	0.5983
bug1only_b5000_frag	AAAAAAAPUA	1	1.0000
stock_b2000_frag	AAAAAAAPUE	53	0.0006
fix_b2000_frag	AAAAAAAPUE	87	0.0006
fix_b5000_frag	AAAAAAAPUE	32	0.0006
stock_b5000_frag	AAAAAAAPUE	55	1.0000
bug2only_b5000_frag	AAAAAAAPUE	80	0.0006
bug1only_b5000_frag	AAAAAAAPUE	55	1.0000
stock_b2000_frag	AAAAAAAPWL	14	0.0138
fix_b2000_frag	AAAAAAAPWL	14	0.0138
fix_b5000_frag	AAAAAAAPWL	14	0.0136
stock_b5000_frag	AAAAAAAPWL	12	0.2006
bug2only_b5000_frag	AAAAAAAPWL	14	0.0136
bug1only_b5000_frag	AAAAAAAPWL	12	0.2006
stock_b2000_frag	AAAAAAAPXB	4	0.2672
fix_b2000_frag	AAAAAAAPXB	4	0.2672
fix_b5000_frag	AAAAAAAPXB	4	0.2736
stock_b5000_frag	AAAAAAAPXB	8	0.0150
bug2only_b5000_frag	AAAAAAAPXB	4	0.2736
bug1only_b5000_frag	AAAAAAAPXB	8	0.0150
stock_b2000_frag	AAAAAAAPXM	78	0.0007
fix_b2000_frag	AAAAAAAPXM	26	0.0007
fix_b5000_frag	AAAAAAAPXM	19	0.0007
stock_b5000_frag	AAAAAAAPXM	35	1.0000
bug2only_b5000_frag	AAAAAAAPXM	62	0.0007
bug1only_b5000_frag	AAAAAAAPXM	35	1.0000
stock_b2000_frag	AAAAAAAPZL	1	0.0015
fix_b2000_frag	AAAAAAAPZL	140	0.0015
fix_b5000_frag	AAAAAAAPZL	108	0.0015
stock_b5000_frag	AAAAAAAPZL	21	0.5048
bug2only_b5000_frag	AAAAAAAPZL	107	0.0015
bug1only_b5000_frag	AAAAAAAPZL	21	0.5048
stock_b2000_frag	AAAAAAAQBI	18	0.0016
fix_b2000_frag	AAAAAAAQBI	17	0.0016
fix_b5000_frag	AAAAAAAQBI	7	0.0016
stock_b5000_frag	AAAAAAAQBI	3	0.0557
bug2only_b5000_frag	AAAAAAAQBI	12	0.0016
bug1only_b5000_frag	AAAAAAAQBI	3	0.0557
stock_b2000_frag	AAAAAAAQCS	2	0.0908
fix_b2000_frag	AAAAAAAQCS	3	0.0908
fix_b5000_frag	AAAAAAAQCS	3	0.0902
stock_b5000_frag	AAAAAAAQCS	6	0.5005
bug2only_b5000_frag	AAAAAAAQCS	3	0.0902
bug1only_b5000_frag	AAAAAAAQCS	6	0.5005
stock_b2000_frag	AAAAAAAQDH	1	0.0580
fix_b2000_frag	AAAAAAAQDH	1	0.0580
fix_b5000_frag	AAAAAAAQDH	1	0.0580
stock_b5000_frag	AAAAAAAQDH	18	1.0000
bug2only_b5000_frag	AAAAAAAQDH	1	0.0580
bug1only_b5000_frag	AAAAAAAQDH	18	1.0000
stock_b2000_frag	AAAAAAAQEW	47	0.0008
fix_b2000_frag	AAAAAAAQEW	45	0.0008
fix_b5000_frag	AAAAAAAQEW	41	0.0008
stock_b5000_frag	AAAAAAAQEW	9	1.0000
bug2only_b5000_frag	AAAAAAAQEW	34	0.0008
bug1only_b5000_frag	AAAAAAAQEW	9	1.0000
stock_b2000_frag	AAAAAAAQFJ	23	0.0081
fix_b2000_frag	AAAAAAAQFJ	33	0.0081
fix_b5000_frag	AAAAAAAQFJ	27	0.0081
stock_b5000_frag	AAAAAAAQFJ	33	0.0100
bug2only_b5000_frag	AAAAAAAQFJ	31	0.0081
bug1only_b5000_frag	AAAAAAAQFJ	32	0.0100
stock_b2000_frag	AAAAAAAQHM	2	0.2841
fix_b2000_frag	AAAAAAAQHM	2	0.2841
fix_b5000_frag	AAAAAAAQHM	2	0.2953
stock_b5000_frag	AAAAAAAQHM	4	0.3332
bug2only_b5000_frag	AAAAAAAQHM	2	0.2953
bug1only_b5000_frag	AAAAAAAQHM	4	0.3332
stock_b2000_frag	AAAAAAAQIR	6	0.0603
fix_b2000_frag	AAAAAAAQIR	6	0.0603
fix_b5000_frag	AAAAAAAQIR	6	0.0595
stock_b5000_frag	AAAAAAAQIR	6	0.0815
bug2only_b5000_frag	AAAAAAAQIR	6	0.0595
bug1only_b5000_frag	AAAAAAAQIR	6	0.0815
stock_b2000_frag	AAAAAAAQKV	1	0.3281
fix_b2000_frag	AAAAAAAQKV	1	0.3281
fix_b5000_frag	AAAAAAAQKV	1	0.3305
stock_b5000_frag	AAAAAAAQKV	1	0.3337
bug2only_b5000_frag	AAAAAAAQKV	1	0.3305
bug1only_b5000_frag	AAAAAAAQKV	1	0.3337
stock_b2000_frag	AAAAAAAQLB	3	0.0261
fix_b2000_frag	AAAAAAAQLB	3	0.0261
fix_b5000_frag	AAAAAAAQLB	3	0.0261
stock_b5000_frag	AAAAAAAQLB	8	0.1001
bug2only_b5000_frag	AAAAAAAQLB	3	0.0261
bug1only_b5000_frag	AAAAAAAQLB	8	0.1001
stock_b2000_frag	AAAAAAAQLC	9	0.0059
fix_b2000_frag	AAAAAAAQLC	7	0.0059
fix_b5000_frag	AAAAAAAQLC	14	0.0059
stock_b5000_frag	AAAAAAAQLC	9	0.9969
bug2only_b5000_frag	AAAAAAAQLC	8	0.0059
bug1only_b5000_frag	AAAAAAAQLC	9	0.9969
stock_b2000_frag	AAAAAAAQLJ	0	0.7472
fix_b2000_frag	AAAAAAAQLJ	0	0.7472
fix_b5000_frag	AAAAAAAQLJ	0	0.7479
stock_b5000_frag	AAAAAAAQLJ	1	1.0000
bug2only_b5000_frag	AAAAAAAQLJ	0	0.7479
bug1only_b5000_frag	AAAAAAAQLJ	1	1.0000
stock_b2000_frag	AAAAAAAQLS	40	0.0621
fix_b2000_frag	AAAAAAAQLS	40	0.0621
fix_b5000_frag	AAAAAAAQLS	40	0.1838
stock_b5000_frag	AAAAAAAQLS	33	1.0000
bug2only_b5000_frag	AAAAAAAQLS	40	0.1838
bug1only_b5000_frag	AAAAAAAQLS	33	1.0000
stock_b2000_frag	AAAAAAAQMW	10	0.0034
fix_b2000_frag	AAAAAAAQMW	5	0.0034
fix_b5000_frag	AAAAAAAQMW	25	0.0034
stock_b5000_frag	AAAAAAAQMW	20	0.9673
bug2only_b5000_frag	AAAAAAAQMW	27	0.0034
bug1only_b5000_frag	AAAAAAAQMW	20	0.9673
stock_b2000_frag	AAAAAAAQNQ	43	0.0003
fix_b2000_frag	AAAAAAAQNQ	48	0.0003
fix_b5000_frag	AAAAAAAQNQ	160	0.0002
stock_b5000_frag	AAAAAAAQNQ	36	0.5001
bug2only_b5000_frag	AAAAAAAQNQ	59	0.0002
bug1only_b5000_frag	AAAAAAAQNQ	36	0.5001
stock_b2000_frag	AAAAAAAQQS	3	0.0158
fix_b2000_frag	AAAAAAAQQS	6	0.0158
fix_b5000_frag	AAAAAAAQQS	5	0.0158
stock_b5000_frag	AAAAAAAQQS	6	0.0161
bug2only_b5000_frag	AAAAAAAQQS	6	0.0158
bug1only_b5000_frag	AAAAAAAQQS	3	0.0161
stock_b2000_frag	AAAAAAAQRI	10	0.0109
fix_b2000_frag	AAAAAAAQRI	10	0.0109
fix_b5000_frag	AAAAAAAQRI	10	0.0109
stock_b5000_frag	AAAAAAAQRI	26	1.0000
bug2only_b5000_frag	AAAAAAAQRI	12	0.0109
bug1only_b5000_frag	AAAAAAAQRI	26	1.0000
stock_b2000_frag	AAAAAAAQRJ	2	0.1115
fix_b2000_frag	AAAAAAAQRJ	2	0.1115
fix_b5000_frag	AAAAAAAQRJ	2	0.1115
stock_b5000_frag	AAAAAAAQRJ	5	0.3392
bug2only_b5000_frag	AAAAAAAQRJ	2	0.1115
bug1only_b5000_frag	AAAAAAAQRJ	5	0.3392
stock_b2000_frag	AAAAAAAQSC	56	0.0009
fix_b2000_frag	AAAAAAAQSC	68	0.0009
fix_b5000_frag	AAAAAAAQSC	24	0.0009
stock_b5000_frag	AAAAAAAQSC	62	1.0000
bug2only_b5000_frag	AAAAAAAQSC	38	0.0009
bug1only_b5000_frag	AAAAAAAQSC	62	1.0000
stock_b2000_frag	AAAAAAAQTR	25	0.0976
fix_b2000_frag	AAAAAAAQTR	25	0.0976
fix_b5000_frag	AAAAAAAQTR	25	0.0976
stock_b5000_frag	AAAAAAAQTR	25	0.1710
bug2only_b5000_frag	AAAAAAAQTR	25	0.0976
bug1only_b5000_frag	AAAAAAAQTR	25	0.1710
stock_b2000_frag	AAAAAAAQUE	89	0.0010
fix_b2000_frag	AAAAAAAQUE	37	0.0010
fix_b5000_frag	AAAAAAAQUE	64	0.0010
stock_b5000_frag	AAAAAAAQUE	66	1.0000
bug2only_b5000_frag	AAAAAAAQUE	34	0.0010
bug1only_b5000_frag	AAAAAAAQUE	66	1.0000
stock_b2000_frag	AAAAAAAQVG	14	0.0010
fix_b2000_frag	AAAAAAAQVG	14	0.0010
fix_b5000_frag	AAAAAAAQVG	21	0.0010
stock_b5000_frag	AAAAAAAQVG	48	1.0000
bug2only_b5000_frag	AAAAAAAQVG	17	0.0010
bug1only_b5000_frag	AAAAAAAQVG	48	1.0000
stock_b2000_frag	AAAAAAAQWO	18	0.0009
fix_b2000_frag	AAAAAAAQWO	44	0.0009
fix_b5000_frag	AAAAAAAQWO	78	0.0002
stock_b5000_frag	AAAAAAAQWO	29	0.5036
bug2only_b5000_frag	AAAAAAAQWO	93	0.0002
bug1only_b5000_frag	AAAAAAAQWO	29	0.5036
stock_b2000_frag	AAAAAAAQYK	7	0.0012
fix_b2000_frag	AAAAAAAQYK	8	0.0012
fix_b5000_frag	AAAAAAAQYK	19	0.0012
stock_b5000_frag	AAAAAAAQYK	36	0.2494
bug2only_b5000_frag	AAAAAAAQYK	16	0.0012
bug1only_b5000_frag	AAAAAAAQYK	36	0.2494
stock_b2000_frag	AAAAAAAQZJ	0	0.1971
fix_b2000_frag	AAAAAAAQZJ	0	0.1971
fix_b5000_frag	AAAAAAAQZJ	0	0.1972
stock_b5000_frag	AAAAAAAQZJ	0	0.1972
bug2only_b5000_frag	AAAAAAAQZJ	0	0.1972
bug1only_b5000_frag	AAAAAAAQZJ	0	0.1972
stock_b2000_frag	AAAAAAARDG	111	0.1382
fix_b2000_frag	AAAAAAARDG	111	0.1382
fix_b5000_frag	AAAAAAARDG	111	0.0744
stock_b5000_frag	AAAAAAARDG	158	0.3333
bug2only_b5000_frag	AAAAAAARDG	111	0.0744
bug1only_b5000_frag	AAAAAAARDG	158	0.3333
stock_b2000_frag	AAAAAAARFI	3	0.0601
fix_b2000_frag	AAAAAAARFI	3	0.0601
fix_b5000_frag	AAAAAAARFI	3	0.0602
stock_b5000_frag	AAAAAAARFI	16	1.0000
bug2only_b5000_frag	AAAAAAARFI	3	0.0602
bug1only_b5000_frag	AAAAAAARFI	16	1.0000
stock_b2000_frag	AAAAAAARFQ	12	0.0145
fix_b2000_frag	AAAAAAARFQ	11	0.0145
fix_b5000_frag	AAAAAAARFQ	10	0.0145
stock_b5000_frag	AAAAAAARFQ	5	0.0144
bug2only_b5000_frag	AAAAAAARFQ	13	0.0145
bug1only_b5000_frag	AAAAAAARFQ	5	0.0144
stock_b2000_frag	AAAAAAARGL	68	0.0017
fix_b2000_frag	AAAAAAARGL	49	0.0017
fix_b5000_frag	AAAAAAARGL	26	0.0017
stock_b5000_frag	AAAAAAARGL	102	0.5528
bug2only_b5000_frag	AAAAAAARGL	20	0.0017
bug1only_b5000_frag	AAAAAAARGL	102	0.5528
stock_b2000_frag	AAAAAAARGM	15	0.0067
fix_b2000_frag	AAAAAAARGM	12	0.0067
fix_b5000_frag	AAAAAAARGM	16	0.0067
stock_b5000_frag	AAAAAAARGM	21	1.0000
bug2only_b5000_frag	AAAAAAARGM	16	0.0067
bug1only_b5000_frag	AAAAAAARGM	21	1.0000
stock_b2000_frag	AAAAAAARHR	19	0.0014
fix_b2000_frag	AAAAAAARHR	32	0.0014
fix_b5000_frag	AAAAAAARHR	42	0.0014
stock_b5000_frag	AAAAAAARHR	38	1.0000
bug2only_b5000_frag	AAAAAAARHR	19	0.0014
bug1only_b5000_frag	AAAAAAARHR	38	1.0000
stock_b2000_frag	AAAAAAARHS	24	0.0164
fix_b2000_frag	AAAAAAARHS	22	0.0164
fix_b5000_frag	AAAAAAARHS	13	0.0164
stock_b5000_frag	AAAAAAARHS	22	0.0202
bug2only_b5000_frag	AAAAAAARHS	18	0.0164
bug1only_b5000_frag	AAAAAAARHS	13	0.0202
stock_b2000_frag	AAAAAAARHW	31	0.0051
fix_b2000_frag	AAAAAAARHW	9	0.0051
fix_b5000_frag	AAAAAAARHW	29	0.0051
stock_b5000_frag	AAAAAAARHW	15	1.0000
bug2only_b5000_frag	AAAAAAARHW	9	0.0051
bug1only_b5000_frag	AAAAAAARHW	15	1.0000
stock_b2000_frag	AAAAAAARKR	26	0.0006
fix_b2000_frag	AAAAAAARKR	52	0.0006
fix_b5000_frag	AAAAAAARKR	15	0.0006
stock_b5000_frag	AAAAAAARKR	18	1.0000
bug2only_b5000_frag	AAAAAAARKR	10	0.0006
bug1only_b5000_frag	AAAAAAARKR	18	1.0000
stock_b2000_frag	AAAAAAARKZ	95	0.0003
fix_b2000_frag	AAAAAAARKZ	86	0.0003
fix_b5000_frag	AAAAAAARKZ	87	0.0003
stock_b5000_frag	AAAAAAARKZ	35	1.0000
bug2only_b5000_frag	AAAAAAARKZ	45	0.0003
bug1only_b5000_frag	AAAAAAARKZ	35	1.0000
stock_b2000_frag	AAAAAAARMH	1	0.3302
fix_b2000_frag	AAAAAAARMH	1	0.3302
fix_b5000_frag	AAAAAAARMH	1	0.3342
stock_b5000_frag	AAAAAAARMH	23	0.1196
bug2only_b5000_frag	AAAAAAARMH	1	0.3342
bug1only_b5000_frag	AAAAAAARMH	24	0.1196
stock_b2000_frag	AAAAAAARRR	0	0.9551
fix_b2000_frag	AAAAAAARRR	0	0.9551
fix_b5000_frag	AAAAAAARRR	0	0.9595
stock_b5000_frag	AAAAAAARRR	0	0.9998
bug2only_b5000_frag	AAAAAAARRR	0	0.9595
bug1only_b5000_frag	AAAAAAARRR	0	0.9998
stock_b2000_frag	AAAAAAARRW	11	0.0113
fix_b2000_frag	AAAAAAARRW	11	0.0113
fix_b5000_frag	AAAAAAARRW	14	0.0113
stock_b5000_frag	AAAAAAARRW	28	0.5000
bug2only_b5000_frag	AAAAAAARRW	11	0.0113
bug1only_b5000_frag	AAAAAAARRW	28	0.5000
stock_b2000_frag	AAAAAAARUR	35	0.0006
fix_b2000_frag	AAAAAAARUR	69	0.0006
fix_b5000_frag	AAAAAAARUR	31	0.0006
stock_b5000_frag	AAAAAAARUR	44	0.5017
bug2only_b5000_frag	AAAAAAARUR	34	0.0006
bug1only_b5000_frag	AAAAAAARUR	44	0.5017
stock_b2000_frag	AAAAAAARVY	14	0.0131
fix_b2000_frag	AAAAAAARVY	14	0.0131
fix_b5000_frag	AAAAAAARVY	14	0.0133
stock_b5000_frag	AAAAAAARVY	8	0.4185
bug2only_b5000_frag	AAAAAAARVY	14	0.0133
bug1only_b5000_frag	AAAAAAARVY	8	0.4185
stock_b2000_frag	AAAAAAARWB	34	0.0404
fix_b2000_frag	AAAAAAARWB	34	0.0404
fix_b5000_frag	AAAAAAARWB	34	0.0482
stock_b5000_frag	AAAAAAARWB	118	0.3341
bug2only_b5000_frag	AAAAAAARWB	34	0.0482
bug1only_b5000_frag	AAAAAAARWB	118	0.3341
stock_b2000_frag	AAAAAAARWR	42	0.0010
fix_b2000_frag	AAAAAAARWR	51	0.0010
fix_b5000_frag	AAAAAAARWR	20	0.0010
stock_b5000_frag	AAAAAAARWR	89	0.0012
bug2only_b5000_frag	AAAAAAARWR	17	0.0010
bug1only_b5000_frag	AAAAAAARWR	89	0.0012
stock_b2000_frag	AAAAAAARYZ	4	0.2534
fix_b2000_frag	AAAAAAARYZ	4	0.2534
fix_b5000_frag	AAAAAAARYZ	1	0.3657
stock_b5000_frag	AAAAAAARYZ	4	1.0000
bug2only_b5000_frag	AAAAAAARYZ	1	0.3657
bug1only_b5000_frag	AAAAAAARYZ	4	1.0000
stock_b2000_frag	AAAAAAASAJ	35	0.0007
fix_b2000_frag	AAAAAAASAJ	19	0.0007
fix_b5000_frag	AAAAAAASAJ	53	0.0007
stock_b5000_frag	AAAAAAASAJ	9	1.0000
bug2only_b5000_frag	AAAAAAASAJ	81	0.0007
bug1only_b5000_frag	AAAAAAASAJ	9	1.0000
stock_b2000_frag	AAAAAAASDA	7	0.3536
fix_b2000_frag	AAAAAAASDA	7	0.3536
fix_b5000_frag	AAAAAAASDA	7	0.3535
stock_b5000_frag	AAAAAAASDA	3	1.0000
bug2only_b5000_frag	AAAAAAASDA	7	0.3535
bug1only_b5000_frag	AAAAAAASDA	3	1.0000
stock_b2000_frag	AAAAAAASEG	1	0.0418
fix_b2000_frag	AAAAAAASEG	1	0.0418
fix_b5000_frag	AAAAAAASEG	1	0.0420
stock_b5000_frag	AAAAAAASEG	11	0.7410
bug2only_b5000_frag	AAAAAAASEG	1	0.0420
bug1only_b5000_frag	AAAAAAASEG	11	0.7410
stock_b2000_frag	AAAAAAASHK	22	0.0014
fix_b2000_frag	AAAAAAASHK	23	0.0014
fix_b5000_frag	AAAAAAASHK	35	0.0010
stock_b5000_frag	AAAAAAASHK	35	0.3913
bug2only_b5000_frag	AAAAAAASHK	39	0.0010
bug1only_b5000_frag	AAAAAAASHK	35	0.3913
stock_b2000_frag	AAAAAAASHV	1	0.1419
fix_b2000_frag	AAAAAAASHV	1	0.1419
fix_b5000_frag	AAAAAAASHV	1	0.1426
stock_b5000_frag	AAAAAAASHV	2	0.4907
bug2only_b5000_frag	AAAAAAASHV	1	0.1426
bug1only_b5000_frag	AAAAAAASHV	2	0.4907
stock_b2000_frag	AAAAAAASIJ	48	0.0021
fix_b2000_frag	AAAAAAASIJ	19	0.0021
fix_b5000_frag	AAAAAAASIJ	19	0.0017
stock_b5000_frag	AAAAAAASIJ	0	1.0000
bug2only_b5000_frag	AAAAAAASIJ	7	0.0017
bug1only_b5000_frag	AAAAAAASIJ	0	1.0000
stock_b2000_frag	AAAAAAASIL	26	0.0004
fix_b2000_frag	AAAAAAASIL	96	0.0004
fix_b5000_frag	AAAAAAASIL	13	0.0004
stock_b5000_frag	AAAAAAASIL	106	1.0000
bug2only_b5000_frag	AAAAAAASIL	80	0.0004
bug1only_b5000_frag	AAAAAAASIL	106	1.0000
stock_b2000_frag	AAAAAAASIT	1	0.3206
fix_b2000_frag	AAAAAAASIT	1	0.3206
fix_b5000_frag	AAAAAAASIT	1	0.3229
stock_b5000_frag	AAAAAAASIT	2	1.0000
bug2only_b5000_frag	AAAAAAASIT	1	0.3229
bug1only_b5000_frag	AAAAAAASIT	2	1.0000
stock_b2000_frag	AAAAAAASJM	40	0.0034
fix_b2000_frag	AAAAAAASJM	50	0.0034
fix_b5000_frag	AAAAAAASJM	17	0.0034
stock_b5000_frag	AAAAAAASJM	8	1.0000
bug2only_b5000_frag	AAAAAAASJM	32	0.0034
bug1only_b5000_frag	AAAAAAASJM	8	1.0000
stock_b2000_frag	AAAAAAASJY	64	0.0027
fix_b2000_frag	AAAAAAASJY	18	0.0027
fix_b5000_frag	AAAAAAASJY	13	0.0027
stock_b5000_frag	AAAAAAASJY	81	1.0000
bug2only_b5000_frag	AAAAAAASJY	58	0.0027
bug1only_b5000_frag	AAAAAAASJY	81	1.0000
stock_b2000_frag	AAAAAAASKL	6	0.0616
fix_b2000_frag	AAAAAAASKL	6	0.0616
fix_b5000_frag	AAAAAAASKL	6	0.0635
stock_b5000_frag	AAAAAAASKL	21	1.0000
bug2only_b5000_frag	AAAAAAASKL	6	0.0635
bug1only_b5000_frag	AAAAAAASKL	21	1.0000
stock_b2000_frag	AAAAAAASLF	29	0.0012
fix_b2000_frag	AAAAAAASLF	27	0.0012
fix_b5000_frag	AAAAAAASLF	24	0.0012
stock_b5000_frag	AAAAAAASLF	27	0.0124
bug2only_b5000_frag	AAAAAAASLF	47	0.0012
bug1only_b5000_frag	AAAAAAASLF	48	0.0124
stock_b2000_frag	AAAAAAASML	26	0.1566
fix_b2000_frag	AAAAAAASML	26	0.1566
fix_b5000_frag	AAAAAAASML	26	0.2823
stock_b5000_frag	AAAAAAASML	25	1.0000
bug2only_b5000_frag	AAAAAAASML	26	0.2823
bug1only_b5000_frag	AAAAAAASML	25	1.0000
stock_b2000_frag	AAAAAAASNW	12	0.0101
fix_b2000_frag	AAAAAAASNW	12	0.0101
fix_b5000_frag	AAAAAAASNW	13	0.0101
stock_b5000_frag	AAAAAAASNW	15	0.9678
bug2only_b5000_frag	AAAAAAASNW	12	0.0101
bug1only_b5000_frag	AAAAAAASNW	15	0.9678
stock_b2000_frag	AAAAAAASNY	3	0.1430
fix_b2000_frag	AAAAAAASNY	3	0.1430
fix_b5000_frag	AAAAAAASNY	3	0.1430
stock_b5000_frag	AAAAAAASNY	3	0.1430
bug2only_b5000_frag	AAAAAAASNY	3	0.1430
bug1only_b5000_frag	AAAAAAASNY	3	0.1430
stock_b2000_frag	AAAAAAASPA	126	0.0005
fix_b2000_frag	AAAAAAASPA	120	0.0005
fix_b5000_frag	AAAAAAASPA	152	0.0005
stock_b5000_frag	AAAAAAASPA	18	1.0000
bug2only_b5000_frag	AAAAAAASPA	87	0.0005
bug1only_b5000_frag	AAAAAAASPA	18	1.0000
stock_b2000_frag	AAAAAAASPO	2	0.2322
fix_b2000_frag	AAAAAAASPO	2	0.2322
fix_b5000_frag	AAAAAAASPO	3	0.4131
stock_b5000_frag	AAAAAAASPO	2	0.5215
bug2only_b5000_frag	AAAAAAASPO	3	0.4131
bug1only_b5000_frag	AAAAAAASPO	2	0.5215
stock_b2000_frag	AAAAAAASPY	31	0.7108
fix_b2000_frag	AAAAAAASPY	31	0.7108
fix_b5000_frag	AAAAAAASPY	31	0.9082
stock_b5000_frag	AAAAAAASPY	31	0.8639
bug2only_b5000_frag	AAAAAAASPY	31	0.9082
bug1only_b5000_frag	AAAAAAASPY	31	0.8639
stock_b2000_frag	AAAAAAASTE	5	0.0473
fix_b2000_frag	AAAAAAASTE	2	0.0473
fix_b5000_frag	AAAAAAASTE	3	0.0474
stock_b5000_frag	AAAAAAASTE	14	1.0000
bug2only_b5000_frag	AAAAAAASTE	1	0.0474
bug1only_b5000_frag	AAAAAAASTE	14	1.0000
stock_b2000_frag	AAAAAAASWM	40	0.0018
fix_b2000_frag	AAAAAAASWM	37	0.0018
fix_b5000_frag	AAAAAAASWM	75	0.0018
stock_b5000_frag	AAAAAAASWM	49	1.0000
bug2only_b5000_frag	AAAAAAASWM	81	0.0018
bug1only_b5000_frag	AAAAAAASWM	49	1.0000
stock_b2000_frag	AAAAAAASXH	1	0.0912
fix_b2000_frag	AAAAAAASXH	1	0.0912
fix_b5000_frag	AAAAAAASXH	1	0.0912
stock_b5000_frag	AAAAAAASXH	1	0.1000
bug2only_b5000_frag	AAAAAAASXH	1	0.0912
bug1only_b5000_frag	AAAAAAASXH	1	0.1000
stock_b2000_frag	AAAAAAASXP	23	0.0025
fix_b2000_frag	AAAAAAASXP	17	0.0025
fix_b5000_frag	AAAAAAASXP	13	0.0025
stock_b5000_frag	AAAAAAASXP	47	0.8965
bug2only_b5000_frag	AAAAAAASXP	14	0.0025
bug1only_b5000_frag	AAAAAAASXP	47	0.8965
stock_b2000_frag	AAAAAAASYD	19	0.0122
fix_b2000_frag	AAAAAAASYD	8	0.0122
fix_b5000_frag	AAAAAAASYD	13	0.0123
stock_b5000_frag	AAAAAAASYD	15	0.5939
bug2only_b5000_frag	AAAAAAASYD	13	0.0123
bug1only_b5000_frag	AAAAAAASYD	15	0.5939
stock_b2000_frag	AAAAAAASZD	1	0.2583
fix_b2000_frag	AAAAAAASZD	1	0.2583
fix_b5000_frag	AAAAAAASZD	1	0.2583
stock_b5000_frag	AAAAAAASZD	0	0.2515
bug2only_b5000_frag	AAAAAAASZD	1	0.2583
bug1only_b5000_frag	AAAAAAASZD	0	0.2515
stock_b2000_frag	AAAAAAATAT	48	0.0034
fix_b2000_frag	AAAAAAATAT	66	0.0034
fix_b5000_frag	AAAAAAATAT	19	0.0034
stock_b5000_frag	AAAAAAATAT	11	0.0658
bug2only_b5000_frag	AAAAAAATAT	4	0.0034
bug1only_b5000_frag	AAAAAAATAT	17	0.0658
stock_b2000_frag	AAAAAAATBQ	21	0.0030
fix_b2000_frag	AAAAAAATBQ	41	0.0030
fix_b5000_frag	AAAAAAATBQ	21	0.0030
stock_b5000_frag	AAAAAAATBQ	44	0.5544
bug2only_b5000_frag	AAAAAAATBQ	36	0.0030
bug1only_b5000_frag	AAAAAAATBQ	44	0.5544
stock_b2000_frag	AAAAAAATBT	73	0.0006
fix_b2000_frag	AAAAAAATBT	134	0.0006
fix_b5000_frag	AAAAAAATBT	157	0.0006
stock_b5000_frag	AAAAAAATBT	75	0.9997
bug2only_b5000_frag	AAAAAAATBT	81	0.0006
bug1only_b5000_frag	AAAAAAATBT	75	0.9997
stock_b2000_frag	AAAAAAATCB	9	0.0175
fix_b2000_frag	AAAAAAATCB	12	0.0175
fix_b5000_frag	AAAAAAATCB	3	0.0175
stock_b5000_frag	AAAAAAATCB	18	0.3386
bug2only_b5000_frag	AAAAAAATCB	11	0.0175
bug1only_b5000_frag	AAAAAAATCB	18	0.3386
stock_b2000_frag	AAAAAAATDS	12	0.0145
fix_b2000_frag	AAAAAAATDS	8	0.0145
fix_b5000_frag	AAAAAAATDS	4	0.0145
stock_b5000_frag	AAAAAAATDS	3	0.0145
bug2only_b5000_frag	AAAAAAATDS	4	0.0145
bug1only_b5000_frag	AAAAAAATDS	3	0.0145
stock_b2000_frag	AAAAAAATES	1	0.2004
fix_b2000_frag	AAAAAAATES	1	0.2004
fix_b5000_frag	AAAAAAATES	1	0.2004
stock_b5000_frag	AAAAAAATES	1	0.2500
bug2only_b5000_frag	AAAAAAATES	1	0.2004
bug1only_b5000_frag	AAAAAAATES	1	0.2500
stock_b2000_frag	AAAAAAATGQ	7	0.0057
fix_b2000_frag	AAAAAAATGQ	8	0.0057
fix_b5000_frag	AAAAAAATGQ	25	0.0057
stock_b5000_frag	AAAAAAATGQ	25	0.0074
bug2only_b5000_frag	AAAAAAATGQ	10	0.0057
bug1only_b5000_frag	AAAAAAATGQ	10	0.0074
stock_b2000_frag	AAAAAAATGT	4	0.0796
fix_b2000_frag	AAAAAAATGT	4	0.0796
fix_b5000_frag	AAAAAAATGT	4	0.0797
stock_b5000_frag	AAAAAAATGT	4	0.1066
bug2only_b5000_frag	AAAAAAATGT	4	0.0797
bug1only_b5000_frag	AAAAAAATGT	4	0.1066
stock_b2000_frag	AAAAAAATHJ	8	0.0049
fix_b2000_frag	AAAAAAATHJ	3	0.0049
fix_b5000_frag	AAAAAAATHJ	18	0.0049
stock_b5000_frag	AAAAAAATHJ	20	1.0000
bug2only_b5000_frag	AAAAAAATHJ	10	0.0049
bug1only_b5000_frag	AAAAAAATHJ	20	1.0000
stock_b2000_frag	AAAAAAATIH	34	0.0051
fix_b2000_frag	AAAAAAATIH	17	0.0051
fix_b5000_frag	AAAAAAATIH	15	0.0052
stock_b5000_frag	AAAAAAATIH	76	1.0000
bug2only_b5000_frag	AAAAAAATIH	10	0.0052
bug1only_b5000_frag	AAAAAAATIH	76	1.0000
stock_b2000_frag	AAAAAAATJJ	50	0.0022
fix_b2000_frag	AAAAAAATJJ	21	0.0022
fix_b5000_frag	AAAAAAATJJ	15	0.0022
stock_b5000_frag	AAAAAAATJJ	7	0.1000
bug2only_b5000_frag	AAAAAAATJJ	22	0.0022
bug1only_b5000_frag	AAAAAAATJJ	7	0.1000
stock_b2000_frag	AAAAAAATJT	1	0.2640
fix_b2000_frag	AAAAAAATJT	1	0.2640
fix_b5000_frag	AAAAAAATJT	1	0.4538
stock_b5000_frag	AAAAAAATJT	5	1.0000
bug2only_b5000_frag	AAAAAAATJT	1	0.4538
bug1only_b5000_frag	AAAAAAATJT	5	1.0000
stock_b2000_frag	AAAAAAATLM	21	0.0015
fix_b2000_frag	AAAAAAATLM	7	0.0015
fix_b5000_frag	AAAAAAATLM	94	0.0015
stock_b5000_frag	AAAAAAATLM	25	0.3334
bug2only_b5000_frag	AAAAAAATLM	16	0.0015
bug1only_b5000_frag	AAAAAAATLM	25	0.3334
stock_b2000_frag	AAAAAAATMJ	45	0.0008
fix_b2000_frag	AAAAAAATMJ	86	0.0008
fix_b5000_frag	AAAAAAATMJ	59	0.0008
stock_b5000_frag	AAAAAAATMJ	12	1.0000
bug2only_b5000_frag	AAAAAAATMJ	51	0.0008
bug1only_b5000_frag	AAAAAAATMJ	12	1.0000
stock_b2000_frag	AAAAAAATMO	0	0.3359
fix_b2000_frag	AAAAAAATMO	0	0.3359
fix_b5000_frag	AAAAAAATMO	0	0.4741
stock_b5000_frag	AAAAAAATMO	5	1.0000
bug2only_b5000_frag	AAAAAAATMO	0	0.4741
bug1only_b5000_frag	AAAAAAATMO	5	1.0000
stock_b2000_frag	AAAAAAATNB	14	0.0043
fix_b2000_frag	AAAAAAATNB	6	0.0043
fix_b5000_frag	AAAAAAATNB	8	0.0043
stock_b5000_frag	AAAAAAATNB	8	0.0496
bug2only_b5000_frag	AAAAAAATNB	7	0.0043
bug1only_b5000_frag	AAAAAAATNB	9	0.0496
stock_b2000_frag	AAAAAAATNK	4	0.0652
fix_b2000_frag	AAAAAAATNK	4	0.0652
fix_b5000_frag	AAAAAAATNK	4	0.0629
stock_b5000_frag	AAAAAAATNK	4	0.0749
bug2only_b5000_frag	AAAAAAATNK	4	0.0629
bug1only_b5000_frag	AAAAAAATNK	4	0.0749
stock_b2000_frag	AAAAAAATPN	86	0.0009
fix_b2000_frag	AAAAAAATPN	13	0.0009
fix_b5000_frag	AAAAAAATPN	70	0.0009
stock_b5000_frag	AAAAAAATPN	4	1.0000
bug2only_b5000_frag	AAAAAAATPN	10	0.0009
bug1only_b5000_frag	AAAAAAATPN	4	1.0000
stock_b2000_frag	AAAAAAATPT	2	0.9997
fix_b2000_frag	AAAAAAATPT	2	0.9997
fix_b5000_frag	AAAAAAATPT	2	0.9996
stock_b5000_frag	AAAAAAATPT	0	0.6559
bug2only_b5000_frag	AAAAAAATPT	2	0.9996
bug1only_b5000_frag	AAAAAAATPT	0	0.6559
stock_b2000_frag	AAAAAAATQT	30	0.0010
fix_b2000_frag	AAAAAAATQT	11	0.0010
fix_b5000_frag	AAAAAAATQT	34	0.0010
stock_b5000_frag	AAAAAAATQT	28	0.0128
bug2only_b5000_frag	AAAAAAATQT	54	0.0010
bug1only_b5000_frag	AAAAAAATQT	21	0.0128
stock_b2000_frag	AAAAAAATSL	137	0.0006
fix_b2000_frag	AAAAAAATSL	41	0.0006
fix_b5000_frag	AAAAAAATSL	69	0.0006
stock_b5000_frag	AAAAAAATSL	47	1.0000
bug2only_b5000_frag	AAAAAAATSL	40	0.0006
bug1only_b5000_frag	AAAAAAATSL	47	1.0000
stock_b2000_frag	AAAAAAATSY	2	0.0570
fix_b2000_frag	AAAAAAATSY	2	0.0570
fix_b5000_frag	AAAAAAATSY	5	0.0572
stock_b5000_frag	AAAAAAATSY	16	1.0000
bug2only_b5000_frag	AAAAAAATSY	2	0.0572
bug1only_b5000_frag	AAAAAAATSY	16	1.0000
stock_b2000_frag	AAAAAAATUM	30	0.0036
fix_b2000_frag	AAAAAAATUM	39	0.0036
fix_b5000_frag	AAAAAAATUM	23	0.0040
stock_b5000_frag	AAAAAAATUM	45	0.4949
bug2only_b5000_frag	AAAAAAATUM	4	0.0040
bug1only_b5000_frag	AAAAAAATUM	45	0.4949
stock_b2000_frag	AAAAAAATVK	7	0.0423
fix_b2000_frag	AAAAAAATVK	7	0.0423
fix_b5000_frag	AAAAAAATVK	6	0.0422
stock_b5000_frag	AAAAAAATVK	6	0.7975
bug2only_b5000_frag	AAAAAAATVK	7	0.0422
bug1only_b5000_frag	AAAAAAATVK	6	0.7975
stock_b2000_frag	AAAAAAATYE	0	0.9987
fix_b2000_frag	AAAAAAATYE	0	0.9987
fix_b5000_frag	AAAAAAATYE	0	0.9967
stock_b5000_frag	AAAAAAATYE	5	1.0000
bug2only_b5000_frag	AAAAAAATYE	0	0.9967
bug1only_b5000_frag	AAAAAAATYE	5	1.0000
stock_b2000_frag	AAAAAAATZO	6	0.0269
fix_b2000_frag	AAAAAAATZO	5	0.0269
fix_b5000_frag	AAAAAAATZO	8	0.0269
stock_b5000_frag	AAAAAAATZO	2	1.0000
bug2only_b5000_frag	AAAAAAATZO	6	0.0269
bug1only_b5000_frag	AAAAAAATZO	2	1.0000
stock_b2000_frag	AAAAAAAUBA	3	0.0150
fix_b2000_frag	AAAAAAAUBA	4	0.0150
fix_b5000_frag	AAAAAAAUBA	6	0.0150
stock_b5000_frag	AAAAAAAUBA	7	1.0000
bug2only_b5000_frag	AAAAAAAUBA	6	0.0150
bug1only_b5000_frag	AAAAAAAUBA	7	1.0000
stock_b2000_frag	AAAAAAAUBE	13	0.0016
fix_b2000_frag	AAAAAAAUBE	70	0.0016
fix_b5000_frag	AAAAAAAUBE	20	0.0016
stock_b5000_frag	AAAAAAAUBE	18	1.0000
bug2only_b5000_frag	AAAAAAAUBE	148	0.0016
bug1only_b5000_frag	AAAAAAAUBE	18	1.0000
stock_b2000_frag	AAAAAAAUCE	12	0.0163
fix_b2000_frag	AAAAAAAUCE	12	0.0163
fix_b5000_frag	AAAAAAAUCE	3	0.0163
stock_b5000_frag	AAAAAAAUCE	20	0.9953
bug2only_b5000_frag	AAAAAAAUCE	12	0.0163
bug1only_b5000_frag	AAAAAAAUCE	20	0.9953
stock_b2000_frag	AAAAAAAUCH	15	0.0023
fix_b2000_frag	AAAAAAAUCH	33	0.0023
fix_b5000_frag	AAAAAAAUCH	24	0.0023
stock_b5000_frag	AAAAAAAUCH	14	0.0769
bug2only_b5000_frag	AAAAAAAUCH	51	0.0023
bug1only_b5000_frag	AAAAAAAUCH	16	0.0769
stock_b2000_frag	AAAAAAAUEN	29	0.0018
fix_b2000_frag	AAAAAAAUEN	54	0.0018
fix_b5000_frag	AAAAAAAUEN	45	0.0016
stock_b5000_frag	AAAAAAAUEN	28	0.5000
bug2only_b5000_frag	AAAAAAAUEN	40	0.0016
bug1only_b5000_frag	AAAAAAAUEN	28	0.5000
stock_b2000_frag	AAAAAAAUFD	14	0.0035
fix_b2000_frag	AAAAAAAUFD	14	0.0035
fix_b5000_frag	AAAAAAAUFD	16	0.0035
stock_b5000_frag	AAAAAAAUFD	17	0.0043
bug2only_b5000_frag	AAAAAAAUFD	14	0.0035
bug1only_b5000_frag	AAAAAAAUFD	16	0.0043
stock_b2000_frag	AAAAAAAUJH	51	0.0016
fix_b2000_frag	AAAAAAAUJH	48	0.0016
fix_b5000_frag	AAAAAAAUJH	74	0.0016
stock_b5000_frag	AAAAAAAUJH	50	1.0000
bug2only_b5000_frag	AAAAAAAUJH	94	0.0016
bug1only_b5000_frag	AAAAAAAUJH	50	1.0000
stock_b2000_frag	AAAAAAAUKM	115	0.0018
fix_b2000_frag	AAAAAAAUKM	138	0.0018
fix_b5000_frag	AAAAAAAUKM	108	0.0018
stock_b5000_frag	AAAAAAAUKM	27	0.9968
bug2only_b5000_frag	AAAAAAAUKM	26	0.0018
bug1only_b5000_frag	AAAAAAAUKM	27	0.9968
stock_b2000_frag	AAAAAAAUKP	15	0.9481
fix_b2000_frag	AAAAAAAUKP	15	0.9481
fix_b5000_frag	AAAAAAAUKP	15	0.9506
stock_b5000_frag	AAAAAAAUKP	8	1.0000
bug2only_b5000_frag	AAAAAAAUKP	15	0.9506
bug1only_b5000_frag	AAAAAAAUKP	8	1.0000
stock_b2000_frag	AAAAAAAULZ	55	0.0010
fix_b2000_frag	AAAAAAAULZ	49	0.0010
fix_b5000_frag	AAAAAAAULZ	33	0.0010
stock_b5000_frag	AAAAAAAULZ	45	0.1429
bug2only_b5000_frag	AAAAAAAULZ	83	0.0010
bug1only_b5000_frag	AAAAAAAULZ	45	0.1429
stock_b2000_frag	AAAAAAAUMP	24	0.0007
fix_b2000_frag	AAAAAAAUMP	98	0.0007
fix_b5000_frag	AAAAAAAUMP	28	0.0007
stock_b5000_frag	AAAAAAAUMP	14	1.0000
bug2only_b5000_frag	AAAAAAAUMP	14	0.0007
bug1only_b5000_frag	AAAAAAAUMP	14	1.0000
stock_b2000_frag	AAAAAAAUQS	33	0.0007
fix_b2000_frag	AAAAAAAUQS	33	0.0007
fix_b5000_frag	AAAAAAAUQS	26	0.0006
stock_b5000_frag	AAAAAAAUQS	14	1.0000
bug2only_b5000_frag	AAAAAAAUQS	26	0.0006
bug1only_b5000_frag	AAAAAAAUQS	14	1.0000
stock_b2000_frag	AAAAAAAURA	4	0.0179
fix_b2000_frag	AAAAAAAURA	6	0.0179
fix_b5000_frag	AAAAAAAURA	8	0.0139
stock_b5000_frag	AAAAAAAURA	12	1.0000
bug2only_b5000_frag	AAAAAAAURA	8	0.0139
bug1only_b5000_frag	AAAAAAAURA	12	1.0000
stock_b2000_frag	AAAAAAAURG	49	0.0023
fix_b2000_frag	AAAAAAAURG	60	0.0023
fix_b5000_frag	AAAAAAAURG	27	0.0023
stock_b5000_frag	AAAAAAAURG	42	0.9999
bug2only_b5000_frag	AAAAAAAURG	54	0.0023
bug1only_b5000_frag	AAAAAAAURG	42	0.9999
stock_b2000_frag	AAAAAAAURS	108	0.0037
fix_b2000_frag	AAAAAAAURS	98	0.0037
fix_b5000_frag	AAAAAAAURS	137	0.0038
stock_b5000_frag	AAAAAAAURS	68	0.3334
bug2only_b5000_frag	AAAAAAAURS	103	0.0038
bug1only_b5000_frag	AAAAAAAURS	68	0.3334
stock_b2000_frag	AAAAAAAURV	34	0.0038
fix_b2000_frag	AAAAAAAURV	39	0.0038
fix_b5000_frag	AAAAAAAURV	27	0.0038
stock_b5000_frag	AAAAAAAURV	13	0.5001
bug2only_b5000_frag	AAAAAAAURV	15	0.0038
bug1only_b5000_frag	AAAAAAAURV	13	0.5001
stock_b2000_frag	AAAAAAAUUZ	37	0.0066
fix_b2000_frag	AAAAAAAUUZ	37	0.0066
fix_b5000_frag	AAAAAAAUUZ	4	0.0067
stock_b5000_frag	AAAAAAAUUZ	11	1.0000
bug2only_b5000_frag	AAAAAAAUUZ	34	0.0067
bug1only_b5000_frag	AAAAAAAUUZ	11	1.0000
stock_b2000_frag	AAAAAAAUWD	31	0.0783
fix_b2000_frag	AAAAAAAUWD	31	0.0783
fix_b5000_frag	AAAAAAAUWD	35	0.0783
stock_b5000_frag	AAAAAAAUWD	52	0.5000
bug2only_b5000_frag	AAAAAAAUWD	35	0.0783
bug1only_b5000_frag	AAAAAAAUWD	52	0.5000
stock_b2000_frag	AAAAAAAUXN	234	0.0006
fix_b2000_frag	AAAAAAAUXN	168	0.0006
fix_b5000_frag	AAAAAAAUXN	33	0.0006
stock_b5000_frag	AAAAAAAUXN	97	0.4987
bug2only_b5000_frag	AAAAAAAUXN	106	0.0006
bug1only_b5000_frag	AAAAAAAUXN	97	0.4987
stock_b2000_frag	AAAAAAAUYA	14	0.0057
fix_b2000_frag	AAAAAAAUYA	12	0.0057
fix_b5000_frag	AAAAAAAUYA	19	0.0057
stock_b5000_frag	AAAAAAAUYA	9	0.0072
bug2only_b5000_frag	AAAAAAAUYA	18	0.0057
bug1only_b5000_frag	AAAAAAAUYA	18	0.0072
stock_b2000_frag	AAAAAAAUYE	4	0.0156
fix_b2000_frag	AAAAAAAUYE	6	0.0156
fix_b5000_frag	AAAAAAAUYE	4	0.0155
stock_b5000_frag	AAAAAAAUYE	13	0.1667
bug2only_b5000_frag	AAAAAAAUYE	4	0.0155
bug1only_b5000_frag	AAAAAAAUYE	13	0.1667
stock_b2000_frag	AAAAAAAUZG	2	0.0170
fix_b2000_frag	AAAAAAAUZG	2	0.0170
fix_b5000_frag	AAAAAAAUZG	2	0.0170
stock_b5000_frag	AAAAAAAUZG	14	0.5121
bug2only_b5000_frag	AAAAAAAUZG	2	0.0170
bug1only_b5000_frag	AAAAAAAUZG	14	0.5121
stock_b2000_frag	AAAAAAAUZK	7	0.0145
fix_b2000_frag	AAAAAAAUZK	15	0.0145
fix_b5000_frag	AAAAAAAUZK	6	0.0145
stock_b5000_frag	AAAAAAAUZK	14	0.0148
bug2only_b5000_frag	AAAAAAAUZK	7	0.0145
bug1only_b5000_frag	AAAAAAAUZK	16	0.0148
stock_b2000_frag	AAAAAAAUZP	1	0.1496
fix_b2000_frag	AAAAAAAUZP	1	0.1496
fix_b5000_frag	AAAAAAAUZP	1	0.1505
stock_b5000_frag	AAAAAAAUZP	1	0.2880
bug2only_b5000_frag	AAAAAAAUZP	1	0.1505
bug1only_b5000_frag	AAAAAAAUZP	1	0.2880
stock_b2000_frag	AAAAAAAUZQ	1	0.2237
fix_b2000_frag	AAAAAAAUZQ	1	0.2237
fix_b5000_frag	AAAAAAAUZQ	1	0.2229
stock_b5000_frag	AAAAAAAUZQ	6	1.0000
bug2only_b5000_frag	AAAAAAAUZQ	1	0.2229
bug1only_b5000_frag	AAAAAAAUZQ	6	1.0000
stock_b2000_frag	AAAAAAAVCJ	30	0.0070
fix_b2000_frag	AAAAAAAVCJ	30	0.0070
fix_b5000_frag	AAAAAAAVCJ	30	0.0069
stock_b5000_frag	AAAAAAAVCJ	14	0.9999
bug2only_b5000_frag	AAAAAAAVCJ	30	0.0069
bug1only_b5000_frag	AAAAAAAVCJ	14	0.9999
stock_b2000_frag	AAAAAAAVEZ	129	0.0006
fix_b2000_frag	AAAAAAAVEZ	124	0.0006
fix_b5000_frag	AAAAAAAVEZ	122	0.0006
stock_b5000_frag	AAAAAAAVEZ	103	1.0000
bug2only_b5000_frag	AAAAAAAVEZ	92	0.0006
bug1only_b5000_frag	AAAAAAAVEZ	103	1.0000
stock_b2000_frag	AAAAAAAVFW	2	0.1257
fix_b2000_frag	AAAAAAAVFW	2	0.1257
fix_b5000_frag	AAAAAAAVFW	2	0.1227
stock_b5000_frag	AAAAAAAVFW	3	0.5016
bug2only_b5000_frag	AAAAAAAVFW	2	0.1227
bug1only_b5000_frag	AAAAAAAVFW	3	0.5016
stock_b2000_frag	AAAAAAAVGE	83	0.0010
fix_b2000_frag	AAAAAAAVGE	94	0.0010
fix_b5000_frag	AAAAAAAVGE	75	0.0010
stock_b5000_frag	AAAAAAAVGE	14	1.0000
bug2only_b5000_frag	AAAAAAAVGE	66	0.0010
bug1only_b5000_frag	AAAAAAAVGE	14	1.0000
stock_b2000_frag	AAAAAAAVGK	19	0.0015
fix_b2000_frag	AAAAAAAVGK	27	0.0015
fix_b5000_frag	AAAAAAAVGK	64	0.0013
stock_b5000_frag	AAAAAAAVGK	20	1.0000
bug2only_b5000_frag	AAAAAAAVGK	25	0.0013
bug1only_b5000_frag	AAAAAAAVGK	20	1.0000
stock_b2000_frag	AAAAAAAVGZ	115	0.2302
fix_b2000_frag	AAAAAAAVGZ	115	0.2302
fix_b5000_frag	AAAAAAAVGZ	115	0.1671
stock_b5000_frag	AAAAAAAVGZ	109	1.0000
bug2only_b5000_frag	AAAAAAAVGZ	115	0.1671
bug1only_b5000_frag	AAAAAAAVGZ	109	1.0000
stock_b2000_frag	AAAAAAAVHF	114	0.0007
fix_b2000_frag	AAAAAAAVHF	98	0.0007
fix_b5000_frag	AAAAAAAVHF	147	0.0007
stock_b5000_frag	AAAAAAAVHF	110	0.0010
bug2only_b5000_frag	AAAAAAAVHF	76	0.0007
bug1only_b5000_frag	AAAAAAAVHF	50	0.0010
stock_b2000_frag	AAAAAAAVHU	15	0.0138
fix_b2000_frag	AAAAAAAVHU	9	0.0138
fix_b5000_frag	AAAAAAAVHU	19	0.0139
stock_b5000_frag	AAAAAAAVHU	27	0.9974
bug2only_b5000_frag	AAAAAAAVHU	20	0.0139
bug1only_b5000_frag	AAAAAAAVHU	27	0.9974
stock_b2000_frag	AAAAAAAVLL	2	0.0909
fix_b2000_frag	AAAAAAAVLL	2	0.0909
fix_b5000_frag	AAAAAAAVLL	2	0.0909
stock_b5000_frag	AAAAAAAVLL	1	1.0000
bug2only_b5000_frag	AAAAAAAVLL	2	0.0909
bug1only_b5000_frag	AAAAAAAVLL	1	1.0000
stock_b2000_frag	AAAAAAAVLR	11	0.0047
fix_b2000_frag	AAAAAAAVLR	6	0.0047
fix_b5000_frag	AAAAAAAVLR	15	0.0044
stock_b5000_frag	AAAAAAAVLR	16	0.9712
bug2only_b5000_frag	AAAAAAAVLR	4	0.0044
bug1only_b5000_frag	AAAAAAAVLR	16	0.9712
stock_b2000_frag	AAAAAAAVOX	9	0.0150
fix_b2000_frag	AAAAAAAVOX	2	0.0150
fix_b5000_frag	AAAAAAAVOX	8	0.0150
stock_b5000_frag	AAAAAAAVOX	17	1.0000
bug2only_b5000_frag	AAAAAAAVOX	7	0.0150
bug1only_b5000_frag	AAAAAAAVOX	17	1.0000
stock_b2000_frag	AAAAAAAVPI	62	0.2238
fix_b2000_frag	AAAAAAAVPI	62	0.2238
fix_b5000_frag	AAAAAAAVPI	62	0.2519
stock_b5000_frag	AAAAAAAVPI	18	1.0000
bug2only_b5000_frag	AAAAAAAVPI	62	0.2519
bug1only_b5000_frag	AAAAAAAVPI	18	1.0000
stock_b2000_frag	AAAAAAAVPR	3	0.0451
fix_b2000_frag	AAAAAAAVPR	4	0.0451
fix_b5000_frag	AAAAAAAVPR	3	0.0453
stock_b5000_frag	AAAAAAAVPR	3	0.1029
bug2only_b5000_frag	AAAAAAAVPR	4	0.0453
bug1only_b5000_frag	AAAAAAAVPR	6	0.1029
stock_b2000_frag	AAAAAAAVQP	22	0.0039
fix_b2000_frag	AAAAAAAVQP	5	0.0039
fix_b5000_frag	AAAAAAAVQP	31	0.0039
stock_b5000_frag	AAAAAAAVQP	19	0.3333
bug2only_b5000_frag	AAAAAAAVQP	14	0.0039
bug1only_b5000_frag	AAAAAAAVQP	19	0.3333
stock_b2000_frag	AAAAAAAVQZ	0	0.2051
fix_b2000_frag	AAAAAAAVQZ	0	0.2051
fix_b5000_frag	AAAAAAAVQZ	0	0.2626
stock_b5000_frag	AAAAAAAVQZ	3	0.2501
bug2only_b5000_frag	AAAAAAAVQZ	0	0.2626
bug1only_b5000_frag	AAAAAAAVQZ	3	0.2501
stock_b2000_frag	AAAAAAAVSM	14	0.0008
fix_b2000_frag	AAAAAAAVSM	8	0.0008
fix_b5000_frag	AAAAAAAVSM	60	0.0008
stock_b5000_frag	AAAAAAAVSM	23	1.0000
bug2only_b5000_frag	AAAAAAAVSM	25	0.0008
bug1only_b5000_frag	AAAAAAAVSM	23	1.0000
stock_b2000_frag	AAAAAAAVUJ	8	0.0285
fix_b2000_frag	AAAAAAAVUJ	7	0.0285
fix_b5000_frag	AAAAAAAVUJ	7	0.0285
stock_b5000_frag	AAAAAAAVUJ	3	0.2001
bug2only_b5000_frag	AAAAAAAVUJ	9	0.0285
bug1only_b5000_frag	AAAAAAAVUJ	3	0.2001
stock_b2000_frag	AAAAAAAVUM	33	0.0022
fix_b2000_frag	AAAAAAAVUM	37	0.0022
fix_b5000_frag	AAAAAAAVUM	26	0.0022
stock_b5000_frag	AAAAAAAVUM	9	1.0000
bug2only_b5000_frag	AAAAAAAVUM	27	0.0022
bug1only_b5000_frag	AAAAAAAVUM	9	1.0000
stock_b2000_frag	AAAAAAAVUO	12	0.0006
fix_b2000_frag	AAAAAAAVUO	25	0.0006
fix_b5000_frag	AAAAAAAVUO	52	0.0006
stock_b5000_frag	AAAAAAAVUO	81	1.0000
bug2only_b5000_frag	AAAAAAAVUO	84	0.0006
bug1only_b5000_frag	AAAAAAAVUO	81	1.0000
stock_b2000_frag	AAAAAAAVUY	13	0.0244
fix_b2000_frag	AAAAAAAVUY	13	0.0244
fix_b5000_frag	AAAAAAAVUY	1	0.0244
stock_b5000_frag	AAAAAAAVUY	25	0.1429
bug2only_b5000_frag	AAAAAAAVUY	13	0.0244
bug1only_b5000_frag	AAAAAAAVUY	25	0.1429
stock_b2000_frag	AAAAAAAVWF	28	0.0012
fix_b2000_frag	AAAAAAAVWF	7	0.0012
fix_b5000_frag	AAAAAAAVWF	20	0.0012
stock_b5000_frag	AAAAAAAVWF	154	0.0119
bug2only_b5000_frag	AAAAAAAVWF	26	0.0012
bug1only_b5000_frag	AAAAAAAVWF	154	0.0119
stock_b2000_frag	AAAAAAAVWH	1	0.3357
fix_b2000_frag	AAAAAAAVWH	1	0.3357
fix_b5000_frag	AAAAAAAVWH	1	0.3359
stock_b5000_frag	AAAAAAAVWH	1	0.3363
bug2only_b5000_frag	AAAAAAAVWH	1	0.3359
bug1only_b5000_frag	AAAAAAAVWH	1	0.3363
stock_b2000_frag	AAAAAAAVYX	19	0.1145
fix_b2000_frag	AAAAAAAVYX	19	0.1145
fix_b5000_frag	AAAAAAAVYX	19	0.1132
stock_b5000_frag	AAAAAAAVYX	11	0.2000
bug2only_b5000_frag	AAAAAAAVYX	19	0.1132
bug1only_b5000_frag	AAAAAAAVYX	11	0.2000
stock_b2000_frag	AAAAAAAVZI	39	0.0061
fix_b2000_frag	AAAAAAAVZI	31	0.0061
fix_b5000_frag	AAAAAAAVZI	38	0.0061
stock_b5000_frag	AAAAAAAVZI	20	1.0000
bug2only_b5000_frag	AAAAAAAVZI	28	0.0061
bug1only_b5000_frag	AAAAAAAVZI	20	1.0000
stock_b2000_frag	AAAAAAAWBB	102	0.0004
fix_b2000_frag	AAAAAAAWBB	16	0.0004
fix_b5000_frag	AAAAAAAWBB	121	0.0003
stock_b5000_frag	AAAAAAAWBB	93	0.9952
bug2only_b5000_frag	AAAAAAAWBB	156	0.0003
bug1only_b5000_frag	AAAAAAAWBB	93	0.9952
stock_b2000_frag	AAAAAAAWCN	2	0.0016
fix_b2000_frag	AAAAAAAWCN	59	0.0016
fix_b5000_frag	AAAAAAAWCN	116	0.0016
stock_b5000_frag	AAAAAAAWCN	92	1.0000
bug2only_b5000_frag	AAAAAAAWCN	13	0.0016
bug1only_b5000_frag	AAAAAAAWCN	92	1.0000
stock_b2000_frag	AAAAAAAWEY	7	0.0243
fix_b2000_frag	AAAAAAAWEY	15	0.0243
fix_b5000_frag	AAAAAAAWEY	2	0.0242
stock_b5000_frag	AAAAAAAWEY	42	0.9658
bug2only_b5000_frag	AAAAAAAWEY	1	0.0242
bug1only_b5000_frag	AAAAAAAWEY	42	0.9658
stock_b2000_frag	AAAAAAAWFK	20	0.0033
fix_b2000_frag	AAAAAAAWFK	18	0.0033
fix_b5000_frag	AAAAAAAWFK	1	0.0033
stock_b5000_frag	AAAAAAAWFK	1	0.0042
bug2only_b5000_frag	AAAAAAAWFK	1	0.0033
bug1only_b5000_frag	AAAAAAAWFK	1	0.0042
stock_b2000_frag	AAAAAAAWGQ	14	0.0021
fix_b2000_frag	AAAAAAAWGQ	25	0.0021
fix_b5000_frag	AAAAAAAWGQ	10	0.0017
stock_b5000_frag	AAAAAAAWGQ	32	0.3114
bug2only_b5000_frag	AAAAAAAWGQ	27	0.0017
bug1only_b5000_frag	AAAAAAAWGQ	32	0.3114
stock_b2000_frag	AAAAAAAWHG	48	0.0046
fix_b2000_frag	AAAAAAAWHG	33	0.0046
fix_b5000_frag	AAAAAAAWHG	26	0.0046
stock_b5000_frag	AAAAAAAWHG	38	1.0000
bug2only_b5000_frag	AAAAAAAWHG	1	0.0046
bug1only_b5000_frag	AAAAAAAWHG	38	1.0000
stock_b2000_frag	AAAAAAAWIV	108	0.0007
fix_b2000_frag	AAAAAAAWIV	64	0.0007
fix_b5000_frag	AAAAAAAWIV	99	0.0007
stock_b5000_frag	AAAAAAAWIV	42	1.0000
bug2only_b5000_frag	AAAAAAAWIV	10	0.0007
bug1only_b5000_frag	AAAAAAAWIV	42	1.0000
stock_b2000_frag	AAAAAAAWJT	6	0.0287
fix_b2000_frag	AAAAAAAWJT	7	0.0287
fix_b5000_frag	AAAAAAAWJT	8	0.0287
stock_b5000_frag	AAAAAAAWJT	9	0.5212
bug2only_b5000_frag	AAAAAAAWJT	4	0.0287
bug1only_b5000_frag	AAAAAAAWJT	9	0.5212
stock_b2000_frag	AAAAAAAWKJ	0	0.3051
fix_b2000_frag	AAAAAAAWKJ	0	0.3051
fix_b5000_frag	AAAAAAAWKJ	0	0.3034
stock_b5000_frag	AAAAAAAWKJ	7	1.0000
bug2only_b5000_frag	AAAAAAAWKJ	0	0.3034
bug1only_b5000_frag	AAAAAAAWKJ	7	1.0000
stock_b2000_frag	AAAAAAAWNT	38	0.0073
fix_b2000_frag	AAAAAAAWNT	1	0.0073
fix_b5000_frag	AAAAAAAWNT	1	0.0074
stock_b5000_frag	AAAAAAAWNT	43	0.3847
bug2only_b5000_frag	AAAAAAAWNT	11	0.0074
bug1only_b5000_frag	AAAAAAAWNT	43	0.3844
stock_b2000_frag	AAAAAAAWQS	9	0.0025
fix_b2000_frag	AAAAAAAWQS	10	0.0025
fix_b5000_frag	AAAAAAAWQS	5	0.0024
stock_b5000_frag	AAAAAAAWQS	29	0.9939
bug2only_b5000_frag	AAAAAAAWQS	9	0.0024
bug1only_b5000_frag	AAAAAAAWQS	29	0.9939
stock_b2000_frag	AAAAAAAWRT	0	0.9454
fix_b2000_frag	AAAAAAAWRT	0	0.9454
fix_b5000_frag	AAAAAAAWRT	0	0.9803
stock_b5000_frag	AAAAAAAWRT	5	0.5963
bug2only_b5000_frag	AAAAAAAWRT	0	0.9803
bug1only_b5000_frag	AAAAAAAWRT	5	0.5963
stock_b2000_frag	AAAAAAAWSW	4	0.0773
fix_b2000_frag	AAAAAAAWSW	4	0.0773
fix_b5000_frag	AAAAAAAWSW	4	0.0772
stock_b5000_frag	AAAAAAAWSW	4	0.1111
bug2only_b5000_frag	AAAAAAAWSW	4	0.0772
bug1only_b5000_frag	AAAAAAAWSW	4	0.1111
stock_b2000_frag	AAAAAAAWSZ	8	0.0106
fix_b2000_frag	AAAAAAAWSZ	8	0.0106
fix_b5000_frag	AAAAAAAWSZ	4	0.0108
stock_b5000_frag	AAAAAAAWSZ	79	0.3333
bug2only_b5000_frag	AAAAAAAWSZ	3	0.0108
bug1only_b5000_frag	AAAAAAAWSZ	79	0.3333
stock_b2000_frag	AAAAAAAWTM	22	0.0016
fix_b2000_frag	AAAAAAAWTM	9	0.0016
fix_b5000_frag	AAAAAAAWTM	6	0.0016
stock_b5000_frag	AAAAAAAWTM	27	0.8678
bug2only_b5000_frag	AAAAAAAWTM	10	0.0016
bug1only_b5000_frag	AAAAAAAWTM	27	0.8678
stock_b2000_frag	AAAAAAAWXE	7	0.0229
fix_b2000_frag	AAAAAAAWXE	7	0.0229
fix_b5000_frag	AAAAAAAWXE	7	0.0229
stock_b5000_frag	AAAAAAAWXE	2	0.0443
bug2only_b5000_frag	AAAAAAAWXE	2	0.0229
bug1only_b5000_frag	AAAAAAAWXE	2	0.0443
stock_b2000_frag	AAAAAAAWZC	16	0.0111
fix_b2000_frag	AAAAAAAWZC	13	0.0111
fix_b5000_frag	AAAAAAAWZC	13	0.0103
stock_b5000_frag	AAAAAAAWZC	13	0.0131
bug2only_b5000_frag	AAAAAAAWZC	13	0.0103
bug1only_b5000_frag	AAAAAAAWZC	13	0.0131
stock_b2000_frag	AAAAAAAXDE	14	0.0245
fix_b2000_frag	AAAAAAAXDE	14	0.0245
fix_b5000_frag	AAAAAAAXDE	4	0.0245
stock_b5000_frag	AAAAAAAXDE	14	0.0281
bug2only_b5000_frag	AAAAAAAXDE	4	0.0245
bug1only_b5000_frag	AAAAAAAXDE	4	0.0281
stock_b2000_frag	AAAAAAAXFM	15	0.0037
fix_b2000_frag	AAAAAAAXFM	27	0.0037
fix_b5000_frag	AAAAAAAXFM	23	0.0037
stock_b5000_frag	AAAAAAAXFM	36	0.9876
bug2only_b5000_frag	AAAAAAAXFM	28	0.0037
bug1only_b5000_frag	AAAAAAAXFM	36	0.9876
stock_b2000_frag	AAAAAAAXHG	22	0.0015
fix_b2000_frag	AAAAAAAXHG	27	0.0015
fix_b5000_frag	AAAAAAAXHG	25	0.0015
stock_b5000_frag	AAAAAAAXHG	85	1.0000
bug2only_b5000_frag	AAAAAAAXHG	19	0.0015
bug1only_b5000_frag	AAAAAAAXHG	85	1.0000
stock_b2000_frag	AAAAAAAXII	121	0.0006
fix_b2000_frag	AAAAAAAXII	121	0.0006
fix_b5000_frag	AAAAAAAXII	169	0.0006
stock_b5000_frag	AAAAAAAXII	78	0.6541
bug2only_b5000_frag	AAAAAAAXII	108	0.0006
bug1only_b5000_frag	AAAAAAAXII	78	0.6541
stock_b2000_frag	AAAAAAAXLN	11	0.0106
fix_b2000_frag	AAAAAAAXLN	11	0.0106
fix_b5000_frag	AAAAAAAXLN	11	0.0106
stock_b5000_frag	AAAAAAAXLN	31	0.5001
bug2only_b5000_frag	AAAAAAAXLN	11	0.0106
bug1only_b5000_frag	AAAAAAAXLN	31	0.5001
stock_b2000_frag	AAAAAAAXMQ	7	0.0249
fix_b2000_frag	AAAAAAAXMQ	7	0.0249
fix_b5000_frag	AAAAAAAXMQ	7	0.0249
stock_b5000_frag	AAAAAAAXMQ	21	1.0000
bug2only_b5000_frag	AAAAAAAXMQ	7	0.0249
bug1only_b5000_frag	AAAAAAAXMQ	21	1.0000
stock_b2000_frag	AAAAAAAXMR	7	0.0121
fix_b2000_frag	AAAAAAAXMR	2	0.0121
fix_b5000_frag	AAAAAAAXMR	1	0.0121
stock_b5000_frag	AAAAAAAXMR	8	0.0144
bug2only_b5000_frag	AAAAAAAXMR	5	0.0121
bug1only_b5000_frag	AAAAAAAXMR	7	0.0144
stock_b2000_frag	AAAAAAAXNE	8	0.0071
fix_b2000_frag	AAAAAAAXNE	7	0.0071
fix_b5000_frag	AAAAAAAXNE	6	0.0071
stock_b5000_frag	AAAAAAAXNE	8	0.9646
bug2only_b5000_frag	AAAAAAAXNE	8	0.0071
bug1only_b5000_frag	AAAAAAAXNE	8	0.9646
stock_b2000_frag	AAAAAAAXOG	41	0.0078
fix_b2000_frag	AAAAAAAXOG	42	0.0078
fix_b5000_frag	AAAAAAAXOG	38	0.0079
stock_b5000_frag	AAAAAAAXOG	59	0.9615
bug2only_b5000_frag	AAAAAAAXOG	38	0.0079
bug1only_b5000_frag	AAAAAAAXOG	59	0.9615
stock_b2000_frag	AAAAAAAXON	79	0.0015
fix_b2000_frag	AAAAAAAXON	7	0.0015
fix_b5000_frag	AAAAAAAXON	22	0.0015
stock_b5000_frag	AAAAAAAXON	10	0.2000
bug2only_b5000_frag	AAAAAAAXON	107	0.0015
bug1only_b5000_frag	AAAAAAAXON	10	0.2000
stock_b2000_frag	AAAAAAAXQW	161	0.0007
fix_b2000_frag	AAAAAAAXQW	94	0.0007
fix_b5000_frag	AAAAAAAXQW	136	0.0007
stock_b5000_frag	AAAAAAAXQW	1	1.0000
bug2only_b5000_frag	AAAAAAAXQW	230	0.0007
bug1only_b5000_frag	AAAAAAAXQW	1	1.0000
stock_b2000_frag	AAAAAAAXQZ	25	0.0340
fix_b2000_frag	AAAAAAAXQZ	21	0.0340
fix_b5000_frag	AAAAAAAXQZ	20	0.0340
stock_b5000_frag	AAAAAAAXQZ	21	0.0344
bug2only_b5000_frag	AAAAAAAXQZ	23	0.0340
bug1only_b5000_frag	AAAAAAAXQZ	19	0.0344
stock_b2000_frag	AAAAAAAXSA	3	0.0597
fix_b2000_frag	AAAAAAAXSA	3	0.0597
fix_b5000_frag	AAAAAAAXSA	3	0.0596
stock_b5000_frag	AAAAAAAXSA	3	0.0596
bug2only_b5000_frag	AAAAAAAXSA	3	0.0596
bug1only_b5000_frag	AAAAAAAXSA	3	0.0596
stock_b2000_frag	AAAAAAAXTE	12	0.0033
fix_b2000_frag	AAAAAAAXTE	12	0.0033
fix_b5000_frag	AAAAAAAXTE	12	0.0041
stock_b5000_frag	AAAAAAAXTE	9	0.8759
bug2only_b5000_frag	AAAAAAAXTE	12	0.0041
bug1only_b5000_frag	AAAAAAAXTE	9	0.8759
stock_b2000_frag	AAAAAAAXUO	134	0.0010
fix_b2000_frag	AAAAAAAXUO	78	0.0010
fix_b5000_frag	AAAAAAAXUO	24	0.0010
stock_b5000_frag	AAAAAAAXUO	26	0.9996
bug2only_b5000_frag	AAAAAAAXUO	30	0.0010
bug1only_b5000_frag	AAAAAAAXUO	26	0.9996
stock_b2000_frag	AAAAAAAXWL	17	0.0100
fix_b2000_frag	AAAAAAAXWL	17	0.0100
fix_b5000_frag	AAAAAAAXWL	13	0.0101
stock_b5000_frag	AAAAAAAXWL	54	0.9966
bug2only_b5000_frag	AAAAAAAXWL	2	0.0101
bug1only_b5000_frag	AAAAAAAXWL	54	0.9966
stock_b2000_frag	AAAAAAAXWN	24	0.0081
fix_b2000_frag	AAAAAAAXWN	24	0.0081
fix_b5000_frag	AAAAAAAXWN	24	0.0080
stock_b5000_frag	AAAAAAAXWN	33	1.0000
bug2only_b5000_frag	AAAAAAAXWN	24	0.0080
bug1only_b5000_frag	AAAAAAAXWN	33	1.0000
stock_b2000_frag	AAAAAAAXWY	1	0.2487
fix_b2000_frag	AAAAAAAXWY	1	0.2487
fix_b5000_frag	AAAAAAAXWY	1	0.2488
stock_b5000_frag	AAAAAAAXWY	11	1.0000
bug2only_b5000_frag	AAAAAAAXWY	1	0.2488
bug1only_b5000_frag	AAAAAAAXWY	11	1.0000
stock_b2000_frag	AAAAAAAXXR	0	0.9849
fix_b2000_frag	AAAAAAAXXR	0	0.9849
fix_b5000_frag	AAAAAAAXXR	0	0.9844
stock_b5000_frag	AAAAAAAXXR	10	0.2500
bug2only_b5000_frag	AAAAAAAXXR	0	0.9844
bug1only_b5000_frag	AAAAAAAXXR	10	0.2500
stock_b2000_frag	AAAAAAAXZX	38	0.0007
fix_b2000_frag	AAAAAAAXZX	134	0.0007
fix_b5000_frag	AAAAAAAXZX	59	0.0007
stock_b5000_frag	AAAAAAAXZX	91	1.0000
bug2only_b5000_frag	AAAAAAAXZX	36	0.0007
bug1only_b5000_frag	AAAAAAAXZX	91	1.0000
stock_b2000_frag	AAAAAAAXZY	37	0.0029
fix_b2000_frag	AAAAAAAXZY	23	0.0029
fix_b5000_frag	AAAAAAAXZY	46	0.0029
stock_b5000_frag	AAAAAAAXZY	10	0.0169
bug2only_b5000_frag	AAAAAAAXZY	12	0.0029
bug1only_b5000_frag	AAAAAAAXZY	38	0.0169
stock_b2000_frag	AAAAAAAYAK	6	0.0203
fix_b2000_frag	AAAAAAAYAK	6	0.0203
fix_b5000_frag	AAAAAAAYAK	6	0.0203
stock_b5000_frag	AAAAAAAYAK	24	1.0000
bug2only_b5000_frag	AAAAAAAYAK	6	0.0203
bug1only_b5000_frag	AAAAAAAYAK	24	1.0000
stock_b2000_frag	AAAAAAAYAW	1	0.1828
fix_b2000_frag	AAAAAAAYAW	1	0.1828
fix_b5000_frag	AAAAAAAYAW	1	0.1828
stock_b5000_frag	AAAAAAAYAW	6	0.7573
bug2only_b5000_frag	AAAAAAAYAW	1	0.1828
bug1only_b5000_frag	AAAAAAAYAW	6	0.7573
stock_b2000_frag	AAAAAAAYBT	22	0.0076
fix_b2000_frag	AAAAAAAYBT	27	0.0076
fix_b5000_frag	AAAAAAAYBT	27	0.0076
stock_b5000_frag	AAAAAAAYBT	31	0.5160
bug2only_b5000_frag	AAAAAAAYBT	27	0.0076
bug1only_b5000_frag	AAAAAAAYBT	31	0.5160
stock_b2000_frag	AAAAAAAYFJ	7	0.0342
fix_b2000_frag	AAAAAAAYFJ	6	0.0342
fix_b5000_frag	AAAAAAAYFJ	8	0.0343
stock_b5000_frag	AAAAAAAYFJ	13	1.0000
bug2only_b5000_frag	AAAAAAAYFJ	7	0.0343
bug1only_b5000_frag	AAAAAAAYFJ	13	1.0000
stock_b2000_frag	AAAAAAAYFX	29	0.0039
fix_b2000_frag	AAAAAAAYFX	24	0.0039
fix_b5000_frag	AAAAAAAYFX	25	0.0039
stock_b5000_frag	AAAAAAAYFX	13	0.2500
bug2only_b5000_frag	AAAAAAAYFX	27	0.0039
bug1only_b5000_frag	AAAAAAAYFX	13	0.2500
stock_b2000_frag	AAAAAAAYGQ	8	0.0064
fix_b2000_frag	AAAAAAAYGQ	9	0.0064
fix_b5000_frag	AAAAAAAYGQ	24	0.0064
stock_b5000_frag	AAAAAAAYGQ	9	0.0067
bug2only_b5000_frag	AAAAAAAYGQ	20	0.0064
bug1only_b5000_frag	AAAAAAAYGQ	9	0.0067
stock_b2000_frag	AAAAAAAYHE	0	0.9822
fix_b2000_frag	AAAAAAAYHE	0	0.9822
fix_b5000_frag	AAAAAAAYHE	0	0.9809
stock_b5000_frag	AAAAAAAYHE	0	0.9809
bug2only_b5000_frag	AAAAAAAYHE	0	0.9809
bug1only_b5000_frag	AAAAAAAYHE	0	0.9809
stock_b2000_frag	AAAAAAAYHH	5	0.0754
fix_b2000_frag	AAAAAAAYHH	5	0.0754
fix_b5000_frag	AAAAAAAYHH	5	0.0752
stock_b5000_frag	AAAAAAAYHH	24	0.8851
bug2only_b5000_frag	AAAAAAAYHH	5	0.0752
bug1only_b5000_frag	AAAAAAAYHH	24	0.8851
stock_b2000_frag	AAAAAAAYHY	83	0.0011
fix_b2000_frag	AAAAAAAYHY	10	0.0011
fix_b5000_frag	AAAAAAAYHY	43	0.0011
stock_b5000_frag	AAAAAAAYHY	27	1.0000
bug2only_b5000_frag	AAAAAAAYHY	23	0.0011
bug1only_b5000_frag	AAAAAAAYHY	27	1.0000
stock_b2000_frag	AAAAAAAYIZ	3	0.0155
fix_b2000_frag	AAAAAAAYIZ	6	0.0155
fix_b5000_frag	AAAAAAAYIZ	6	0.0151
stock_b5000_frag	AAAAAAAYIZ	4	1.0000
bug2only_b5000_frag	AAAAAAAYIZ	2	0.0151
bug1only_b5000_frag	AAAAAAAYIZ	4	1.0000
stock_b2000_frag	AAAAAAAYJZ	2	0.0823
fix_b2000_frag	AAAAAAAYJZ	2	0.0823
fix_b5000_frag	AAAAAAAYJZ	2	0.0818
stock_b5000_frag	AAAAAAAYJZ	2	0.0833
bug2only_b5000_frag	AAAAAAAYJZ	2	0.0818
bug1only_b5000_frag	AAAAAAAYJZ	2	0.0833
stock_b2000_frag	AAAAAAAYLI	21	0.0036
fix_b2000_frag	AAAAAAAYLI	27	0.0036
fix_b5000_frag	AAAAAAAYLI	19	0.0036
stock_b5000_frag	AAAAAAAYLI	5	0.0132
bug2only_b5000_frag	AAAAAAAYLI	23	0.0036
bug1only_b5000_frag	AAAAAAAYLI	5	0.0132
stock_b2000_frag	AAAAAAAYMC	50	0.0003
fix_b2000_frag	AAAAAAAYMC	56	0.0003
fix_b5000_frag	AAAAAAAYMC	189	0.0003
stock_b5000_frag	AAAAAAAYMC	49	0.9999
bug2only_b5000_frag	AAAAAAAYMC	84	0.0003
bug1only_b5000_frag	AAAAAAAYMC	49	0.9999
stock_b2000_frag	AAAAAAAYMV	1	0.0900
fix_b2000_frag	AAAAAAAYMV	1	0.0900
fix_b5000_frag	AAAAAAAYMV	1	0.0905
stock_b5000_frag	AAAAAAAYMV	1	0.0905
bug2only_b5000_frag	AAAAAAAYMV	1	0.0905
bug1only_b5000_frag	AAAAAAAYMV	1	0.0905
stock_b2000_frag	AAAAAAAYNO	41	0.0037
fix_b2000_frag	AAAAAAAYNO	12	0.0037
fix_b5000_frag	AAAAAAAYNO	11	0.0037
stock_b5000_frag	AAAAAAAYNO	16	0.2500
bug2only_b5000_frag	AAAAAAAYNO	25	0.0037
bug1only_b5000_frag	AAAAAAAYNO	16	0.2500
stock_b2000_frag	AAAAAAAYOC	98	0.0016
fix_b2000_frag	AAAAAAAYOC	22	0.0016
fix_b5000_frag	AAAAAAAYOC	105	0.0016
stock_b5000_frag	AAAAAAAYOC	90	1.0000
bug2only_b5000_frag	AAAAAAAYOC	52	0.0016
bug1only_b5000_frag	AAAAAAAYOC	90	1.0000
stock_b2000_frag	AAAAAAAYPE	3	0.0046
fix_b2000_frag	AAAAAAAYPE	17	0.0046
fix_b5000_frag	AAAAAAAYPE	16	0.0046
stock_b5000_frag	AAAAAAAYPE	32	0.0047
bug2only_b5000_frag	AAAAAAAYPE	4	0.0046
bug1only_b5000_frag	AAAAAAAYPE	21	0.0047
stock_b2000_frag	AAAAAAAYPW	2	0.0261
fix_b2000_frag	AAAAAAAYPW	2	0.0261
fix_b5000_frag	AAAAAAAYPW	2	0.0261
stock_b5000_frag	AAAAAAAYPW	11	1.0000
bug2only_b5000_frag	AAAAAAAYPW	2	0.0261
bug1only_b5000_frag	AAAAAAAYPW	11	1.0000
stock_b2000_frag	AAAAAAAYQU	6	0.0154
fix_b2000_frag	AAAAAAAYQU	5	0.0154
fix_b5000_frag	AAAAAAAYQU	9	0.0154
stock_b5000_frag	AAAAAAAYQU	25	0.9618
bug2only_b5000_frag	AAAAAAAYQU	7	0.0154
bug1only_b5000_frag	AAAAAAAYQU	25	0.9618
stock_b2000_frag	AAAAAAAYRI	10	0.0030
fix_b2000_frag	AAAAAAAYRI	19	0.0030
fix_b5000_frag	AAAAAAAYRI	20	0.0030
stock_b5000_frag	AAAAAAAYRI	23	1.0000
bug2only_b5000_frag	AAAAAAAYRI	21	0.0030
bug1only_b5000_frag	AAAAAAAYRI	23	1.0000
stock_b2000_frag	AAAAAAAYRV	10	0.1028
fix_b2000_frag	AAAAAAAYRV	10	0.1028
fix_b5000_frag	AAAAAAAYRV	10	0.2775
stock_b5000_frag	AAAAAAAYRV	120	1.0000
bug2only_b5000_frag	AAAAAAAYRV	10	0.2775
bug1only_b5000_frag	AAAAAAAYRV	120	1.0000
stock_b2000_frag	AAAAAAAYSX	3	0.1370
fix_b2000_frag	AAAAAAAYSX	3	0.1370
fix_b5000_frag	AAAAAAAYSX	3	0.1364
stock_b5000_frag	AAAAAAAYSX	6	1.0000
bug2only_b5000_frag	AAAAAAAYSX	3	0.1364
bug1only_b5000_frag	AAAAAAAYSX	6	1.0000
stock_b2000_frag	AAAAAAAYTC	230	0.0003
fix_b2000_frag	AAAAAAAYTC	134	0.0003
fix_b5000_frag	AAAAAAAYTC	216	0.0003
stock_b5000_frag	AAAAAAAYTC	107	1.0000
bug2only_b5000_frag	AAAAAAAYTC	59	0.0003
bug1only_b5000_frag	AAAAAAAYTC	107	1.0000
stock_b2000_frag	AAAAAAAYTE	17	0.0102
fix_b2000_frag	AAAAAAAYTE	11	0.0102
fix_b5000_frag	AAAAAAAYTE	15	0.0100
stock_b5000_frag	AAAAAAAYTE	13	0.2919
bug2only_b5000_frag	AAAAAAAYTE	12	0.0100
bug1only_b5000_frag	AAAAAAAYTE	13	0.2919
stock_b2000_frag	AAAAAAAYTZ	11	0.0053
fix_b2000_frag	AAAAAAAYTZ	13	0.0053
fix_b5000_frag	AAAAAAAYTZ	19	0.0053
stock_b5000_frag	AAAAAAAYTZ	43	0.1586
bug2only_b5000_frag	AAAAAAAYTZ	23	0.0053
bug1only_b5000_frag	AAAAAAAYTZ	43	0.1586
stock_b2000_frag	AAAAAAAYUR	7	0.0152
fix_b2000_frag	AAAAAAAYUR	3	0.0152
fix_b5000_frag	AAAAAAAYUR	2	0.0152
stock_b5000_frag	AAAAAAAYUR	3	0.0155
bug2only_b5000_frag	AAAAAAAYUR	4	0.0152
bug1only_b5000_frag	AAAAAAAYUR	6	0.0155
stock_b2000_frag	AAAAAAAYUV	33	0.0007
fix_b2000_frag	AAAAAAAYUV	18	0.0007
fix_b5000_frag	AAAAAAAYUV	101	0.0007
stock_b5000_frag	AAAAAAAYUV	75	0.9328
bug2only_b5000_frag	AAAAAAAYUV	19	0.0007
bug1only_b5000_frag	AAAAAAAYUV	75	0.9328
stock_b2000_frag	AAAAAAAYUX	4	0.0047
fix_b2000_frag	AAAAAAAYUX	1	0.0047
fix_b5000_frag	AAAAAAAYUX	30	0.0045
stock_b5000_frag	AAAAAAAYUX	41	1.0000
bug2only_b5000_frag	AAAAAAAYUX	19	0.0045
bug1only_b5000_frag	AAAAAAAYUX	41	1.0000
stock_b2000_frag	AAAAAAAYVX	11	0.0112
fix_b2000_frag	AAAAAAAYVX	10	0.0112
fix_b5000_frag	AAAAAAAYVX	11	0.0115
stock_b5000_frag	AAAAAAAYVX	15	1.0000
bug2only_b5000_frag	AAAAAAAYVX	12	0.0115
bug1only_b5000_frag	AAAAAAAYVX	15	1.0000
stock_b2000_frag	AAAAAAAYXN	0	0.0383
fix_b2000_frag	AAAAAAAYXN	0	0.0383
fix_b5000_frag	AAAAAAAYXN	0	0.0554
stock_b5000_frag	AAAAAAAYXN	4	1.0000
bug2only_b5000_frag	AAAAAAAYXN	0	0.0554
bug1only_b5000_frag	AAAAAAAYXN	4	1.0000
stock_b2000_frag	AAAAAAAYXT	95	0.0007
fix_b2000_frag	AAAAAAAYXT	78	0.0007
fix_b5000_frag	AAAAAAAYXT	136	0.0007
stock_b5000_frag	AAAAAAAYXT	34	1.0000
bug2only_b5000_frag	AAAAAAAYXT	98	0.0007
bug1only_b5000_frag	AAAAAAAYXT	34	1.0000
stock_b2000_frag	AAAAAAAYYG	3	0.1430
fix_b2000_frag	AAAAAAAYYG	3	0.1430
fix_b5000_frag	AAAAAAAYYG	3	0.1430
stock_b5000_frag	AAAAAAAYYG	2	1.0000
bug2only_b5000_frag	AAAAAAAYYG	3	0.1430
bug1only_b5000_frag	AAAAAAAYYG	2	1.0000
stock_b2000_frag	AAAAAAAYZD	0	0.3340
fix_b2000_frag	AAAAAAAYZD	0	0.3340
fix_b5000_frag	AAAAAAAYZD	0	0.3341
stock_b5000_frag	AAAAAAAYZD	4	1.0000
bug2only_b5000_frag	AAAAAAAYZD	0	0.3341
bug1only_b5000_frag	AAAAAAAYZD	4	1.0000
stock_b2000_frag	AAAAAAAZBB	33	0.0060
fix_b2000_frag	AAAAAAAZBB	20	0.0060
fix_b5000_frag	AAAAAAAZBB	26	0.0060
stock_b5000_frag	AAAAAAAZBB	26	0.8457
bug2only_b5000_frag	AAAAAAAZBB	30	0.0060
bug1only_b5000_frag	AAAAAAAZBB	26	0.8457
stock_b2000_frag	AAAAAAAZBM	32	0.0050
fix_b2000_frag	AAAAAAAZBM	4	0.0050
fix_b5000_frag	AAAAAAAZBM	35	0.0050
stock_b5000_frag	AAAAAAAZBM	48	0.0050
bug2only_b5000_frag	AAAAAAAZBM	41	0.0050
bug1only_b5000_frag	AAAAAAAZBM	24	0.0050
stock_b2000_frag	AAAAAAAZDS	9	0.5866
fix_b2000_frag	AAAAAAAZDS	9	0.5866
fix_b5000_frag	AAAAAAAZDS	15	0.5800
stock_b5000_frag	AAAAAAAZDS	10	1.0000
bug2only_b5000_frag	AAAAAAAZDS	15	0.5800
bug1only_b5000_frag	AAAAAAAZDS	10	1.0000
stock_b2000_frag	AAAAAAAZGO	26	0.0008
fix_b2000_frag	AAAAAAAZGO	27	0.0008
fix_b5000_frag	AAAAAAAZGO	12	0.0008
stock_b5000_frag	AAAAAAAZGO	61	0.0666
bug2only_b5000_frag	AAAAAAAZGO	45	0.0008
bug1only_b5000_frag	AAAAAAAZGO	61	0.0666
stock_b2000_frag	AAAAAAAZJK	16	0.0011
fix_b2000_frag	AAAAAAAZJK	23	0.0011
fix_b5000_frag	AAAAAAAZJK	38	0.0011
stock_b5000_frag	AAAAAAAZJK	16	1.0000
bug2only_b5000_frag	AAAAAAAZJK	33	0.0011
bug1only_b5000_frag	AAAAAAAZJK	16	1.0000
stock_b2000_frag	AAAAAAAZKH	0	0.1011
fix_b2000_frag	AAAAAAAZKH	0	0.1011
fix_b5000_frag	AAAAAAAZKH	0	0.1011
stock_b5000_frag	AAAAAAAZKH	0	0.4018
bug2only_b5000_frag	AAAAAAAZKH	0	0.1011
bug1only_b5000_frag	AAAAAAAZKH	0	0.4018
stock_b2000_frag	AAAAAAAZKQ	0	0.1450
fix_b2000_frag	AAAAAAAZKQ	0	0.1450
fix_b5000_frag	AAAAAAAZKQ	0	0.1455
stock_b5000_frag	AAAAAAAZKQ	0	0.2048
bug2only_b5000_frag	AAAAAAAZKQ	0	0.1455
bug1only_b5000_frag	AAAAAAAZKQ	0	0.2048
stock_b2000_frag	AAAAAAAZNE	14	0.0013
fix_b2000_frag	AAAAAAAZNE	22	0.0013
fix_b5000_frag	AAAAAAAZNE	22	0.0013
stock_b5000_frag	AAAAAAAZNE	14	0.3114
bug2only_b5000_frag	AAAAAAAZNE	50	0.0013
bug1only_b5000_frag	AAAAAAAZNE	14	0.3114
stock_b2000_frag	AAAAAAAZOR	19	0.0012
fix_b2000_frag	AAAAAAAZOR	53	0.0012
fix_b5000_frag	AAAAAAAZOR	29	0.0012
stock_b5000_frag	AAAAAAAZOR	86	0.5000
bug2only_b5000_frag	AAAAAAAZOR	70	0.0012
bug1only_b5000_frag	AAAAAAAZOR	86	0.5000
stock_b2000_frag	AAAAAAAZOZ	8	0.0233
fix_b2000_frag	AAAAAAAZOZ	8	0.0233
fix_b5000_frag	AAAAAAAZOZ	8	0.0231
stock_b5000_frag	AAAAAAAZOZ	6	0.0339
bug2only_b5000_frag	AAAAAAAZOZ	8	0.0231
bug1only_b5000_frag	AAAAAAAZOZ	6	0.0339
stock_b2000_frag	AAAAAAAZPO	67	0.0006
fix_b2000_frag	AAAAAAAZPO	58	0.0006
fix_b5000_frag	AAAAAAAZPO	90	0.0006
stock_b5000_frag	AAAAAAAZPO	38	1.0000
bug2only_b5000_frag	AAAAAAAZPO	65	0.0006
bug1only_b5000_frag	AAAAAAAZPO	38	1.0000
stock_b2000_frag	AAAAAAAZPX	9	0.0160
fix_b2000_frag	AAAAAAAZPX	11	0.0160
fix_b5000_frag	AAAAAAAZPX	6	0.0160
stock_b5000_frag	AAAAAAAZPX	11	0.0163
bug2only_b5000_frag	AAAAAAAZPX	12	0.0160
bug1only_b5000_frag	AAAAAAAZPX	5	0.0163
stock_b2000_frag	AAAAAAAZPY	29	0.0862
fix_b2000_frag	AAAAAAAZPY	29	0.0862
fix_b5000_frag	AAAAAAAZPY	29	0.0862
stock_b5000_frag	AAAAAAAZPY	24	0.4314
bug2only_b5000_frag	AAAAAAAZPY	29	0.0862
bug1only_b5000_frag	AAAAAAAZPY	24	0.4314
stock_b2000_frag	AAAAAAAZQI	0	0.3018
fix_b2000_frag	AAAAAAAZQI	0	0.3018
fix_b5000_frag	AAAAAAAZQI	0	0.3021
stock_b5000_frag	AAAAAAAZQI	17	0.2002
bug2only_b5000_frag	AAAAAAAZQI	0	0.3021
bug1only_b5000_frag	AAAAAAAZQI	17	0.2002
stock_b2000_frag	AAAAAAAZTE	19	0.0135
fix_b2000_frag	AAAAAAAZTE	19	0.0135
fix_b5000_frag	AAAAAAAZTE	8	0.0133
stock_b5000_frag	AAAAAAAZTE	18	1.0000
bug2only_b5000_frag	AAAAAAAZTE	8	0.0133
bug1only_b5000_frag	AAAAAAAZTE	18	1.0000
stock_b2000_frag	AAAAAAAZVD	0	0.0224
fix_b2000_frag	AAAAAAAZVD	0	0.0224
fix_b5000_frag	AAAAAAAZVD	0	0.0476
stock_b5000_frag	AAAAAAAZVD	13	0.6176
bug2only_b5000_frag	AAAAAAAZVD	0	0.0476
bug1only_b5000_frag	AAAAAAAZVD	13	0.6176
stock_b2000_frag	AAAAAAAZXB	2	0.0064
fix_b2000_frag	AAAAAAAZXB	1	0.0064
fix_b5000_frag	AAAAAAAZXB	13	0.0064
stock_b5000_frag	AAAAAAAZXB	19	1.0000
bug2only_b5000_frag	AAAAAAAZXB	12	0.0064
bug1only_b5000_frag	AAAAAAAZXB	19	1.0000
stock_b2000_frag	AAAAAAAZXJ	8	0.0097
fix_b2000_frag	AAAAAAAZXJ	15	0.0097
fix_b5000_frag	AAAAAAAZXJ	9	0.0097
stock_b5000_frag	AAAAAAAZXJ	11	1.0000
bug2only_b5000_frag	AAAAAAAZXJ	8	0.0097
bug1only_b5000_frag	AAAAAAAZXJ	11	1.0000
stock_b2000_frag	AAAAAAAZXK	0	0.4529
fix_b2000_frag	AAAAAAAZXK	0	0.4529
fix_b5000_frag	AAAAAAAZXK	0	0.3665
stock_b5000_frag	AAAAAAAZXK	1	1.0000
bug2only_b5000_frag	AAAAAAAZXK	0	0.3665
bug1only_b5000_frag	AAAAAAAZXK	1	1.0000
stock_b2000_frag	AAAAAABABK	9	0.0062
fix_b2000_frag	AAAAAABABK	7	0.0062
fix_b5000_frag	AAAAAABABK	13	0.0062
stock_b5000_frag	AAAAAABABK	22	1.0000
bug2only_b5000_frag	AAAAAABABK	10	0.0062
bug1only_b5000_frag	AAAAAABABK	22	1.0000
stock_b2000_frag	AAAAAABACD	19	0.0014
fix_b2000_frag	AAAAAABACD	30	0.0014
fix_b5000_frag	AAAAAABACD	52	0.0013
stock_b5000_frag	AAAAAABACD	38	0.3334
bug2only_b5000_frag	AAAAAABACD	21	0.0013
bug1only_b5000_frag	AAAAAABACD	38	0.3334
stock_b2000_frag	AAAAAABACI	103	0.0004
fix_b2000_frag	AAAAAABACI	108	0.0004
fix_b5000_frag	AAAAAABACI	155	0.0003
stock_b5000_frag	AAAAAABACI	42	0.5003
bug2only_b5000_frag	AAAAAABACI	40	0.0003
bug1only_b5000_frag	AAAAAABACI	42	0.5003
stock_b2000_frag	AAAAAABACQ	282	0.0006
fix_b2000_frag	AAAAAABACQ	159	0.0006
fix_b5000_frag	AAAAAABACQ	212	0.0006
stock_b5000_frag	AAAAAABACQ	138	0.2005
bug2only_b5000_frag	AAAAAABACQ	19	0.0006
bug1only_b5000_frag	AAAAAABACQ	138	0.2005
stock_b2000_frag	AAAAAABADR	1	0.1383
fix_b2000_frag	AAAAAABADR	1	0.1383
fix_b5000_frag	AAAAAABADR	1	0.1367
stock_b5000_frag	AAAAAABADR	1	0.3032
bug2only_b5000_frag	AAAAAABADR	1	0.1367
bug1only_b5000_frag	AAAAAABADR	1	0.3032
stock_b2000_frag	AAAAAABAEC	3	0.0526
fix_b2000_frag	AAAAAABAEC	2	0.0526
fix_b5000_frag	AAAAAABAEC	1	0.0526
stock_b5000_frag	AAAAAABAEC	3	0.0556
bug2only_b5000_frag	AAAAAABAEC	1	0.0526
bug1only_b5000_frag	AAAAAABAEC	2	0.0556
stock_b2000_frag	AAAAAABAES	11	0.0184
fix_b2000_frag	AAAAAABAES	12	0.0184
fix_b5000_frag	AAAAAABAES	8	0.0184
stock_b5000_frag	AAAAAABAES	5	0.9975
bug2only_b5000_frag	AAAAAABAES	8	0.0184
bug1only_b5000_frag	AAAAAABAES	5	0.9975
stock_b2000_frag	AAAAAABAGH	6	0.1668
fix_b2000_frag	AAAAAABAGH	6	0.1668
fix_b5000_frag	AAAAAABAGH	6	0.1656
stock_b5000_frag	AAAAAABAGH	4	0.4845
bug2only_b5000_frag	AAAAAABAGH	6	0.1656
bug1only_b5000_frag	AAAAAABAGH	4	0.4845
stock_b2000_frag	AAAAAABAGJ	84	0.0030
fix_b2000_frag	AAAAAABAGJ	45	0.0030
fix_b5000_frag	AAAAAABAGJ	43	0.0030
stock_b5000_frag	AAAAAABAGJ	117	1.0000
bug2only_b5000_frag	AAAAAABAGJ	45	0.0030
bug1only_b5000_frag	AAAAAABAGJ	117	1.0000
stock_b2000_frag	AAAAAABAGP	5	0.0910
fix_b2000_frag	AAAAAABAGP	4	0.0910
fix_b5000_frag	AAAAAABAGP	5	0.0910
stock_b5000_frag	AAAAAABAGP	1	1.0000
bug2only_b5000_frag	AAAAAABAGP	5	0.0910
bug1only_b5000_frag	AAAAAABAGP	1	1.0000
stock_b2000_frag	AAAAAABAHN	124	0.0010
fix_b2000_frag	AAAAAABAHN	132	0.0010
fix_b5000_frag	AAAAAABAHN	63	0.0010
stock_b5000_frag	AAAAAABAHN	105	0.9928
bug2only_b5000_frag	AAAAAABAHN	115	0.0010
bug1only_b5000_frag	AAAAAABAHN	105	0.9928
stock_b2000_frag	AAAAAABAIG	43	0.0032
fix_b2000_frag	AAAAAABAIG	51	0.0032
fix_b5000_frag	AAAAAABAIG	29	0.0032
stock_b5000_frag	AAAAAABAIG	43	0.1250
bug2only_b5000_frag	AAAAAABAIG	29	0.0032
bug1only_b5000_frag	AAAAAABAIG	40	0.1250
stock_b2000_frag	AAAAAABAJX	83	0.0008
fix_b2000_frag	AAAAAABAJX	83	0.0008
fix_b5000_frag	AAAAAABAJX	83	0.0008
stock_b5000_frag	AAAAAABAJX	71	0.8471
bug2only_b5000_frag	AAAAAABAJX	83	0.0008
bug1only_b5000_frag	AAAAAABAJX	71	0.8471
stock_b2000_frag	AAAAAABAKM	2	0.1909
fix_b2000_frag	AAAAAABAKM	2	0.1909
fix_b5000_frag	AAAAAABAKM	2	0.1358
stock_b5000_frag	AAAAAABAKM	14	0.2517
bug2only_b5000_frag	AAAAAABAKM	2	0.1358
bug1only_b5000_frag	AAAAAABAKM	14	0.2517
stock_b2000_frag	AAAAAABALF	8	0.0033
fix_b2000_frag	AAAAAABALF	27	0.0033
fix_b5000_frag	AAAAAABALF	4	0.0033
stock_b5000_frag	AAAAAABALF	25	1.0000
bug2only_b5000_frag	AAAAAABALF	15	0.0033
bug1only_b5000_frag	AAAAAABALF	25	1.0000
stock_b2000_frag	AAAAAABALI	127	0.0015
fix_b2000_frag	AAAAAABALI	17	0.0015
fix_b5000_frag	AAAAAABALI	111	0.0015
stock_b5000_frag	AAAAAABALI	90	0.3334
bug2only_b5000_frag	AAAAAABALI	104	0.0015
bug1only_b5000_frag	AAAAAABALI	90	0.3334
stock_b2000_frag	AAAAAABALM	51	0.0007
fix_b2000_frag	AAAAAABALM	70	0.0007
fix_b5000_frag	AAAAAABALM	82	0.0007
stock_b5000_frag	AAAAAABALM	69	0.2500
bug2only_b5000_frag	AAAAAABALM	26	0.0007
bug1only_b5000_frag	AAAAAABALM	69	0.2500
stock_b2000_frag	AAAAAABAOE	51	0.0010
fix_b2000_frag	AAAAAABAOE	51	0.0010
fix_b5000_frag	AAAAAABAOE	47	0.0010
stock_b5000_frag	AAAAAABAOE	84	1.0000
bug2only_b5000_frag	AAAAAABAOE	35	0.0010
bug1only_b5000_frag	AAAAAABAOE	84	1.0000
stock_b2000_frag	AAAAAABAOQ	60	0.0011
fix_b2000_frag	AAAAAABAOQ	30	0.0011
fix_b5000_frag	AAAAAABAOQ	42	0.0011
stock_b5000_frag	AAAAAABAOQ	22	0.7557
bug2only_b5000_frag	AAAAAABAOQ	42	0.0011
bug1only_b5000_frag	AAAAAABAOQ	22	0.7557
stock_b2000_frag	AAAAAABAPB	2	0.0279
fix_b2000_frag	AAAAAABAPB	2	0.0279
fix_b5000_frag	AAAAAABAPB	2	0.0296
stock_b5000_frag	AAAAAABAPB	26	1.0000
bug2only_b5000_frag	AAAAAABAPB	2	0.0296
bug1only_b5000_frag	AAAAAABAPB	26	1.0000
stock_b2000_frag	AAAAAABAPR	0	0.1959
fix_b2000_frag	AAAAAABAPR	0	0.1959
fix_b5000_frag	AAAAAABAPR	0	0.2521
stock_b5000_frag	AAAAAABAPR	0	0.0680
bug2only_b5000_frag	AAAAAABAPR	0	0.2521
bug1only_b5000_frag	AAAAAABAPR	0	0.0680
stock_b2000_frag	AAAAAABAQG	2	0.0067
fix_b2000_frag	AAAAAABAQG	20	0.0067
fix_b5000_frag	AAAAAABAQG	7	0.0067
stock_b5000_frag	AAAAAABAQG	32	0.9998
bug2only_b5000_frag	AAAAAABAQG	46	0.0067
bug1only_b5000_frag	AAAAAABAQG	32	0.9998
stock_b2000_frag	AAAAAABARL	21	0.0079
fix_b2000_frag	AAAAAABARL	20	0.0079
fix_b5000_frag	AAAAAABARL	20	0.0079
stock_b5000_frag	AAAAAABARL	17	0.2000
bug2only_b5000_frag	AAAAAABARL	18	0.0079
bug1only_b5000_frag	AAAAAABARL	17	0.1667
stock_b2000_frag	AAAAAABARN	2	0.2999
fix_b2000_frag	AAAAAABARN	2	0.2999
fix_b5000_frag	AAAAAABARN	2	0.2999
stock_b5000_frag	AAAAAABARN	2	0.8612
bug2only_b5000_frag	AAAAAABARN	2	0.2999
bug1only_b5000_frag	AAAAAABARN	2	0.8612
stock_b2000_frag	AAAAAABASD	1	0.3832
fix_b2000_frag	AAAAAABASD	1	0.3832
fix_b5000_frag	AAAAAABASD	1	0.3365
stock_b5000_frag	AAAAAABASD	121	1.0000
bug2only_b5000_frag	AAAAAABASD	1	0.3365
bug1only_b5000_frag	AAAAAABASD	121	1.0000
stock_b2000_frag	AAAAAABASM	29	0.0115
fix_b2000_frag	AAAAAABASM	29	0.0115
fix_b5000_frag	AAAAAABASM	29	0.0115
stock_b5000_frag	AAAAAABASM	25	0.2500
bug2only_b5000_frag	AAAAAABASM	29	0.0115
bug1only_b5000_frag	AAAAAABASM	25	0.2500
stock_b2000_frag	AAAAAABASQ	25	0.0041
fix_b2000_frag	AAAAAABASQ	12	0.0041
fix_b5000_frag	AAAAAABASQ	35	0.0041
stock_b5000_frag	AAAAAABASQ	12	0.0167
bug2only_b5000_frag	AAAAAABASQ	3	0.0041
bug1only_b5000_frag	AAAAAABASQ	26	0.0167
stock_b2000_frag	AAAAAABASR	17	0.0012
fix_b2000_frag	AAAAAABASR	33	0.0012
fix_b5000_frag	AAAAAABASR	51	0.0012
stock_b5000_frag	AAAAAABASR	13	0.2006
bug2only_b5000_frag	AAAAAABASR	29	0.0012
bug1only_b5000_frag	AAAAAABASR	13	0.2006
stock_b2000_frag	AAAAAABAUC	61	0.0012
fix_b2000_frag	AAAAAABAUC	53	0.0012
fix_b5000_frag	AAAAAABAUC	2	0.0012
stock_b5000_frag	AAAAAABAUC	75	0.3332
bug2only_b5000_frag	AAAAAABAUC	72	0.0012
bug1only_b5000_frag	AAAAAABAUC	75	0.3332
stock_b2000_frag	AAAAAABAUU	12	0.0264
fix_b2000_frag	AAAAAABAUU	12	0.0264
fix_b5000_frag	AAAAAABAUU	12	0.0262
stock_b5000_frag	AAAAAABAUU	8	1.0000
bug2only_b5000_frag	AAAAAABAUU	12	0.0262
bug1only_b5000_frag	AAAAAABAUU	8	1.0000
stock_b2000_frag	AAAAAABAUX	13	0.0054
fix_b2000_frag	AAAAAABAUX	8	0.0054
fix_b5000_frag	AAAAAABAUX	15	0.0054
stock_b5000_frag	AAAAAABAUX	28	0.0055
bug2only_b5000_frag	AAAAAABAUX	15	0.0054
bug1only_b5000_frag	AAAAAABAUX	22	0.0055
stock_b2000_frag	AAAAAABAWS	3	0.0382
fix_b2000_frag	AAAAAABAWS	3	0.0382
fix_b5000_frag	AAAAAABAWS	3	0.0380
stock_b5000_frag	AAAAAABAWS	4	0.0465
bug2only_b5000_frag	AAAAAABAWS	4	0.0380
bug1only_b5000_frag	AAAAAABAWS	4	0.0465
stock_b2000_frag	AAAAAABAZA	63	0.0010
fix_b2000_frag	AAAAAABAZA	19	0.0010
fix_b5000_frag	AAAAAABAZA	4	0.0010
stock_b5000_frag	AAAAAABAZA	68	1.0000
bug2only_b5000_frag	AAAAAABAZA	8	0.0010
bug1only_b5000_frag	AAAAAABAZA	68	1.0000
stock_b2000_frag	AAAAAABAZH	57	0.0007
fix_b2000_frag	AAAAAABAZH	53	0.0007
fix_b5000_frag	AAAAAABAZH	168	0.0007
stock_b5000_frag	AAAAAABAZH	131	0.0090
bug2only_b5000_frag	AAAAAABAZH	155	0.0007
bug1only_b5000_frag	AAAAAABAZH	137	0.0090
stock_b2000_frag	AAAAAABAZW	14	0.0006
fix_b2000_frag	AAAAAABAZW	14	0.0006
fix_b5000_frag	AAAAAABAZW	59	0.0006
stock_b5000_frag	AAAAAABAZW	155	0.0667
bug2only_b5000_frag	AAAAAABAZW	130	0.0006
bug1only_b5000_frag	AAAAAABAZW	155	0.0667
stock_b2000_frag	AAAAAABBAV	57	0.0005
fix_b2000_frag	AAAAAABBAV	57	0.0005
fix_b5000_frag	AAAAAABBAV	28	0.0005
stock_b5000_frag	AAAAAABBAV	38	0.3944
bug2only_b5000_frag	AAAAAABBAV	20	0.0005
bug1only_b5000_frag	AAAAAABBAV	38	0.3944
stock_b2000_frag	AAAAAABBCZ	21	0.0542
fix_b2000_frag	AAAAAABBCZ	21	0.0542
fix_b5000_frag	AAAAAABBCZ	21	0.0512
stock_b5000_frag	AAAAAABBCZ	6	1.0000
bug2only_b5000_frag	AAAAAABBCZ	21	0.0512
bug1only_b5000_frag	AAAAAABBCZ	6	1.0000
stock_b2000_frag	AAAAAABBEH	19	0.0183
fix_b2000_frag	AAAAAABBEH	19	0.0183
fix_b5000_frag	AAAAAABBEH	19	0.0162
stock_b5000_frag	AAAAAABBEH	141	0.0833
bug2only_b5000_frag	AAAAAABBEH	19	0.0162
bug1only_b5000_frag	AAAAAABBEH	141	0.0833
stock_b2000_frag	AAAAAABBER	28	0.0073
fix_b2000_frag	AAAAAABBER	29	0.0073
fix_b5000_frag	AAAAAABBER	23	0.0073
stock_b5000_frag	AAAAAABBER	57	1.0000
bug2only_b5000_frag	AAAAAABBER	24	0.0073
bug1only_b5000_frag	AAAAAABBER	57	1.0000
stock_b2000_frag	AAAAAABBFC	0	0.9270
fix_b2000_frag	AAAAAABBFC	0	0.9270
fix_b5000_frag	AAAAAABBFC	0	0.9279
stock_b5000_frag	AAAAAABBFC	7	1.0000
bug2only_b5000_frag	AAAAAABBFC	0	0.9279
bug1only_b5000_frag	AAAAAABBFC	7	1.0000
stock_b2000_frag	AAAAAABBFM	4	0.0213
fix_b2000_frag	AAAAAABBFM	7	0.0213
fix_b5000_frag	AAAAAABBFM	2	0.0213
stock_b5000_frag	AAAAAABBFM	16	0.6597
bug2only_b5000_frag	AAAAAABBFM	4	0.0213
bug1only_b5000_frag	AAAAAABBFM	16	0.6597
stock_b2000_frag	AAAAAABBHZ	0	0.3235
fix_b2000_frag	AAAAAABBHZ	0	0.3235
fix_b5000_frag	AAAAAABBHZ	0	0.3526
stock_b5000_frag	AAAAAABBHZ	4	1.0000
bug2only_b5000_frag	AAAAAABBHZ	0	0.3526
bug1only_b5000_frag	AAAAAABBHZ	4	1.0000
stock_b2000_frag	AAAAAABBIX	20	0.0016
fix_b2000_frag	AAAAAABBIX	14	0.0016
fix_b5000_frag	AAAAAABBIX	11	0.0017
stock_b5000_frag	AAAAAABBIX	61	0.2648
bug2only_b5000_frag	AAAAAABBIX	23	0.0017
bug1only_b5000_frag	AAAAAABBIX	61	0.2648
stock_b2000_frag	AAAAAABBJJ	13	0.0146
fix_b2000_frag	AAAAAABBJJ	12	0.0146
fix_b5000_frag	AAAAAABBJJ	13	0.0146
stock_b5000_frag	AAAAAABBJJ	10	0.9957
bug2only_b5000_frag	AAAAAABBJJ	2	0.0146
bug1only_b5000_frag	AAAAAABBJJ	10	0.9957
stock_b2000_frag	AAAAAABBJZ	41	0.0009
fix_b2000_frag	AAAAAABBJZ	73	0.0009
fix_b5000_frag	AAAAAABBJZ	84	0.0009
stock_b5000_frag	AAAAAABBJZ	38	0.3405
bug2only_b5000_frag	AAAAAABBJZ	69	0.0009
bug1only_b5000_frag	AAAAAABBJZ	38	0.3405
stock_b2000_frag	AAAAAABBLH	10	0.1153
fix_b2000_frag	AAAAAABBLH	10	0.1153
fix_b5000_frag	AAAAAABBLH	10	0.1207
stock_b5000_frag	AAAAAABBLH	25	0.9977
bug2only_b5000_frag	AAAAAABBLH	10	0.1207
bug1only_b5000_frag	AAAAAABBLH	25	0.9977
stock_b2000_frag	AAAAAABBPJ	0	0.8200
fix_b2000_frag	AAAAAABBPJ	0	0.8200
fix_b5000_frag	AAAAAABBPJ	0	0.9002
stock_b5000_frag	AAAAAABBPJ	0	0.9937
bug2only_b5000_frag	AAAAAABBPJ	0	0.9002
bug1only_b5000_frag	AAAAAABBPJ	0	0.9937
stock_b2000_frag	AAAAAABBPN	36	0.0014
fix_b2000_frag	AAAAAABBPN	44	0.0014
fix_b5000_frag	AAAAAABBPN	41	0.0014
stock_b5000_frag	AAAAAABBPN	35	0.0016
bug2only_b5000_frag	AAAAAABBPN	25	0.0014
bug1only_b5000_frag	AAAAAABBPN	62	0.0016
stock_b2000_frag	AAAAAABBPT	1	0.1042
fix_b2000_frag	AAAAAABBPT	1	0.1042
fix_b5000_frag	AAAAAABBPT	1	0.1094
stock_b5000_frag	AAAAAABBPT	5	1.0000
bug2only_b5000_frag	AAAAAABBPT	1	0.1094
bug1only_b5000_frag	AAAAAABBPT	5	1.0000
stock_b2000_frag	AAAAAABBQJ	2	0.3103
fix_b2000_frag	AAAAAABBQJ	2	0.3103
fix_b5000_frag	AAAAAABBQJ	2	0.3038
stock_b5000_frag	AAAAAABBQJ	2	0.3038
bug2only_b5000_frag	AAAAAABBQJ	2	0.3038
bug1only_b5000_frag	AAAAAABBQJ	2	0.3038
stock_b2000_frag	AAAAAABBQS	99	0.0007
fix_b2000_frag	AAAAAABBQS	96	0.0007
fix_b5000_frag	AAAAAABBQS	33	0.0007
stock_b5000_frag	AAAAAABBQS	22	0.3811
bug2only_b5000_frag	AAAAAABBQS	112	0.0007
bug1only_b5000_frag	AAAAAABBQS	22	0.3811
stock_b2000_frag	AAAAAABBRB	38	0.0114
fix_b2000_frag	AAAAAABBRB	35	0.0114
fix_b5000_frag	AAAAAABBRB	35	0.0114
stock_b5000_frag	AAAAAABBRB	7	1.0000
bug2only_b5000_frag	AAAAAABBRB	41	0.0114
bug1only_b5000_frag	AAAAAABBRB	7	1.0000
stock_b2000_frag	AAAAAABBRD	0	0.7981
fix_b2000_frag	AAAAAABBRD	0	0.7981
fix_b5000_frag	AAAAAABBRD	0	0.8104
stock_b5000_frag	AAAAAABBRD	0	0.9501
bug2only_b5000_frag	AAAAAABBRD	0	0.8104
bug1only_b5000_frag	AAAAAABBRD	0	0.9501
stock_b2000_frag	AAAAAABBRJ	4	0.0213
fix_b2000_frag	AAAAAABBRJ	10	0.0213
fix_b5000_frag	AAAAAABBRJ	6	0.0213
stock_b5000_frag	AAAAAABBRJ	6	0.5255
bug2only_b5000_frag	AAAAAABBRJ	8	0.0213
bug1only_b5000_frag	AAAAAABBRJ	6	0.5255
stock_b2000_frag	AAAAAABBRY	8	0.0057
fix_b2000_frag	AAAAAABBRY	8	0.0057
fix_b5000_frag	AAAAAABBRY	7	0.0057
stock_b5000_frag	AAAAAABBRY	11	0.1667
bug2only_b5000_frag	AAAAAABBRY	16	0.0057
bug1only_b5000_frag	AAAAAABBRY	11	0.1667
stock_b2000_frag	AAAAAABBSE	47	0.0018
fix_b2000_frag	AAAAAABBSE	45	0.0018
fix_b5000_frag	AAAAAABBSE	58	0.0018
stock_b5000_frag	AAAAAABBSE	31	1.0000
bug2only_b5000_frag	AAAAAABBSE	46	0.0018
bug1only_b5000_frag	AAAAAABBSE	31	1.0000
stock_b2000_frag	AAAAAABBTQ	1	0.0029
fix_b2000_frag	AAAAAABBTQ	6	0.0029
fix_b5000_frag	AAAAAABBTQ	7	0.0029
stock_b5000_frag	AAAAAABBTQ	1	0.0768
bug2only_b5000_frag	AAAAAABBTQ	8	0.0029
bug1only_b5000_frag	AAAAAABBTQ	1	0.0768
stock_b2000_frag	AAAAAABBUQ	10	0.0020
fix_b2000_frag	AAAAAABBUQ	93	0.0020
fix_b5000_frag	AAAAAABBUQ	67	0.0020
stock_b5000_frag	AAAAAABBUQ	24	0.3333
bug2only_b5000_frag	AAAAAABBUQ	49	0.0020
bug1only_b5000_frag	AAAAAABBUQ	24	0.3333
stock_b2000_frag	AAAAAABBVW	6	0.0107
fix_b2000_frag	AAAAAABBVW	6	0.0107
fix_b5000_frag	AAAAAABBVW	6	0.0107
stock_b5000_frag	AAAAAABBVW	5	0.3333
bug2only_b5000_frag	AAAAAABBVW	3	0.0107
bug1only_b5000_frag	AAAAAABBVW	5	0.3333
stock_b2000_frag	AAAAAABBXT	7	0.0118
fix_b2000_frag	AAAAAABBXT	7	0.0118
fix_b5000_frag	AAAAAABBXT	7	0.0118
stock_b5000_frag	AAAAAABBXT	15	0.3333
bug2only_b5000_frag	AAAAAABBXT	7	0.0118
bug1only_b5000_frag	AAAAAABBXT	15	0.3333
stock_b2000_frag	AAAAAABCAF	21	0.0012
fix_b2000_frag	AAAAAABCAF	13	0.0012
fix_b5000_frag	AAAAAABCAF	20	0.0012
stock_b5000_frag	AAAAAABCAF	17	0.0014
bug2only_b5000_frag	AAAAAABCAF	20	0.0012
bug1only_b5000_frag	AAAAAABCAF	17	0.0014
stock_b2000_frag	AAAAAABCAR	0	0.6322
fix_b2000_frag	AAAAAABCAR	0	0.6322
fix_b5000_frag	AAAAAABCAR	0	0.6146
stock_b5000_frag	AAAAAABCAR	0	0.7707
bug2only_b5000_frag	AAAAAABCAR	0	0.6146
bug1only_b5000_frag	AAAAAABCAR	0	0.7707
stock_b2000_frag	AAAAAABCBS	35	0.0142
fix_b2000_frag	AAAAAABCBS	4	0.0142
fix_b5000_frag	AAAAAABCBS	3	0.0142
stock_b5000_frag	AAAAAABCBS	16	1.0000
bug2only_b5000_frag	AAAAAABCBS	14	0.0142
bug1only_b5000_frag	AAAAAABCBS	16	1.0000
stock_b2000_frag	AAAAAABCBV	3	0.0321
fix_b2000_frag	AAAAAABCBV	5	0.0321
fix_b5000_frag	AAAAAABCBV	6	0.0321
stock_b5000_frag	AAAAAABCBV	5	0.0520
bug2only_b5000_frag	AAAAAABCBV	2	0.0321
bug1only_b5000_frag	AAAAAABCBV	1	0.0520
stock_b2000_frag	AAAAAABCBX	26	0.0134
fix_b2000_frag	AAAAAABCBX	26	0.0134
fix_b5000_frag	AAAAAABCBX	6	0.0132
stock_b5000_frag	AAAAAABCBX	14	1.0000
bug2only_b5000_frag	AAAAAABCBX	6	0.0132
bug1only_b5000_frag	AAAAAABCBX	14	1.0000
stock_b2000_frag	AAAAAABCCE	2	0.2002
fix_b2000_frag	AAAAAABCCE	2	0.2002
fix_b5000_frag	AAAAAABCCE	2	0.2002
stock_b5000_frag	AAAAAABCCE	2	0.2002
bug2only_b5000_frag	AAAAAABCCE	2	0.2002
bug1only_b5000_frag	AAAAAABCCE	2	0.2002
stock_b2000_frag	AAAAAABCCY	21	0.0032
fix_b2000_frag	AAAAAABCCY	10	0.0032
fix_b5000_frag	AAAAAABCCY	21	0.0032
stock_b5000_frag	AAAAAABCCY	13	0.2001
bug2only_b5000_frag	AAAAAABCCY	4	0.0032
bug1only_b5000_frag	AAAAAABCCY	13	0.2001
stock_b2000_frag	AAAAAABCDB	51	0.0016
fix_b2000_frag	AAAAAABCDB	12	0.0016
fix_b5000_frag	AAAAAABCDB	56	0.0014
stock_b5000_frag	AAAAAABCDB	43	0.5000
bug2only_b5000_frag	AAAAAABCDB	8	0.0014
bug1only_b5000_frag	AAAAAABCDB	43	0.5000
stock_b2000_frag	AAAAAABCIO	29	0.0071
fix_b2000_frag	AAAAAABCIO	49	0.0071
fix_b5000_frag	AAAAAABCIO	15	0.0071
stock_b5000_frag	AAAAAABCIO	2	0.0102
bug2only_b5000_frag	AAAAAABCIO	2	0.0071
bug1only_b5000_frag	AAAAAABCIO	24	0.0102
stock_b2000_frag	AAAAAABCIP	10	0.0146
fix_b2000_frag	AAAAAABCIP	8	0.0146
fix_b5000_frag	AAAAAABCIP	6	0.0146
stock_b5000_frag	AAAAAABCIP	9	0.9393
bug2only_b5000_frag	AAAAAABCIP	6	0.0146
bug1only_b5000_frag	AAAAAABCIP	9	0.9393
stock_b2000_frag	AAAAAABCKF	127	0.0006
fix_b2000_frag	AAAAAABCKF	140	0.0006
fix_b5000_frag	AAAAAABCKF	112	0.0006
stock_b5000_frag	AAAAAABCKF	2	0.9975
bug2only_b5000_frag	AAAAAABCKF	63	0.0006
bug1only_b5000_frag	AAAAAABCKF	2	0.9975
stock_b2000_frag	AAAAAABCLO	30	0.0069
fix_b2000_frag	AAAAAABCLO	28	0.0069
fix_b5000_frag	AAAAAABCLO	29	0.0069
stock_b5000_frag	AAAAAABCLO	17	1.0000
bug2only_b5000_frag	AAAAAABCLO	29	0.0069
bug1only_b5000_frag	AAAAAABCLO	17	1.0000
stock_b2000_frag	AAAAAABCMI	0	0.0175
fix_b2000_frag	AAAAAABCMI	0	0.0175
fix_b5000_frag	AAAAAABCMI	0	0.0348
stock_b5000_frag	AAAAAABCMI	115	1.0000
bug2only_b5000_frag	AAAAAABCMI	0	0.0348
bug1only_b5000_frag	AAAAAABCMI	115	1.0000
stock_b2000_frag	AAAAAABCMN	48	0.0029
fix_b2000_frag	AAAAAABCMN	67	0.0029
fix_b5000_frag	AAAAAABCMN	42	0.0029
stock_b5000_frag	AAAAAABCMN	58	1.0000
bug2only_b5000_frag	AAAAAABCMN	26	0.0029
bug1only_b5000_frag	AAAAAABCMN	58	1.0000
stock_b2000_frag	AAAAAABCOI	121	0.0005
fix_b2000_frag	AAAAAABCOI	53	0.0005
fix_b5000_frag	AAAAAABCOI	27	0.0005
stock_b5000_frag	AAAAAABCOI	88	1.0000
bug2only_b5000_frag	AAAAAABCOI	128	0.0005
bug1only_b5000_frag	AAAAAABCOI	88	1.0000
stock_b2000_frag	AAAAAABCQI	17	0.0033
fix_b2000_frag	AAAAAABCQI	23	0.0033
fix_b5000_frag	AAAAAABCQI	11	0.0033
stock_b5000_frag	AAAAAABCQI	16	0.0059
bug2only_b5000_frag	AAAAAABCQI	19	0.0033
bug1only_b5000_frag	AAAAAABCQI	7	0.0059
stock_b2000_frag	AAAAAABCQJ	5	0.0115
fix_b2000_frag	AAAAAABCQJ	4	0.0115
fix_b5000_frag	AAAAAABCQJ	12	0.0103
stock_b5000_frag	AAAAAABCQJ	11	0.5010
bug2only_b5000_frag	AAAAAABCQJ	12	0.0103
bug1only_b5000_frag	AAAAAABCQJ	11	0.5010
stock_b2000_frag	AAAAAABCRA	25	0.0037
fix_b2000_frag	AAAAAABCRA	16	0.0037
fix_b5000_frag	AAAAAABCRA	22	0.0038
stock_b5000_frag	AAAAAABCRA	75	0.0192
bug2only_b5000_frag	AAAAAABCRA	21	0.0038
bug1only_b5000_frag	AAAAAABCRA	75	0.0192
stock_b2000_frag	AAAAAABCRJ	1	0.0130
fix_b2000_frag	AAAAAABCRJ	13	0.0130
fix_b5000_frag	AAAAAABCRJ	12	0.0130
stock_b5000_frag	AAAAAABCRJ	14	1.0000
bug2only_b5000_frag	AAAAAABCRJ	4	0.0130
bug1only_b5000_frag	AAAAAABCRJ	14	1.0000
stock_b2000_frag	AAAAAABCTP	35	0.0020
fix_b2000_frag	AAAAAABCTP	36	0.0020
fix_b5000_frag	AAAAAABCTP	10	0.0020
stock_b5000_frag	AAAAAABCTP	62	1.0000
bug2only_b5000_frag	AAAAAABCTP	60	0.0020
bug1only_b5000_frag	AAAAAABCTP	62	1.0000
stock_b2000_frag	AAAAAABCUB	2	0.0445
fix_b2000_frag	AAAAAABCUB	6	0.0445
fix_b5000_frag	AAAAAABCUB	2	0.0441
stock_b5000_frag	AAAAAABCUB	10	0.9918
bug2only_b5000_frag	AAAAAABCUB	6	0.0441
bug1only_b5000_frag	AAAAAABCUB	10	0.9918
stock_b2000_frag	AAAAAABCVJ	40	0.0031
fix_b2000_frag	AAAAAABCVJ	14	0.0031
fix_b5000_frag	AAAAAABCVJ	43	0.0031
stock_b5000_frag	AAAAAABCVJ	3	1.0000
bug2only_b5000_frag	AAAAAABCVJ	53	0.0031
bug1only_b5000_frag	AAAAAABCVJ	3	1.0000
stock_b2000_frag	AAAAAABCXC	0	0.3366
fix_b2000_frag	AAAAAABCXC	0	0.3366
fix_b5000_frag	AAAAAABCXC	0	0.3367
stock_b5000_frag	AAAAAABCXC	3	0.9252
bug2only_b5000_frag	AAAAAABCXC	0	0.3367
bug1only_b5000_frag	AAAAAABCXC	3	0.9252
stock_b2000_frag	AAAAAABCXW	31	0.0044
fix_b2000_frag	AAAAAABCXW	9	0.0044
fix_b5000_frag	AAAAAABCXW	7	0.0043
stock_b5000_frag	AAAAAABCXW	21	0.0054
bug2only_b5000_frag	AAAAAABCXW	32	0.0043
bug1only_b5000_frag	AAAAAABCXW	30	0.0054
stock_b2000_frag	AAAAAABCZW	19	0.0038
fix_b2000_frag	AAAAAABCZW	19	0.0038
fix_b5000_frag	AAAAAABCZW	19	0.0038
stock_b5000_frag	AAAAAABCZW	6	0.2538
bug2only_b5000_frag	AAAAAABCZW	20	0.0038
bug1only_b5000_frag	AAAAAABCZW	6	0.2538
stock_b2000_frag	AAAAAABDCA	20	0.0030
fix_b2000_frag	AAAAAABDCA	8	0.0030
fix_b5000_frag	AAAAAABDCA	17	0.0030
stock_b5000_frag	AAAAAABDCA	27	0.0032
bug2only_b5000_frag	AAAAAABDCA	39	0.0030
bug1only_b5000_frag	AAAAAABDCA	12	0.0032
stock_b2000_frag	AAAAAABDCL	6	0.2219
fix_b2000_frag	AAAAAABDCL	6	0.2219
fix_b5000_frag	AAAAAABDCL	6	0.1795
stock_b5000_frag	AAAAAABDCL	0	1.0000
bug2only_b5000_frag	AAAAAABDCL	6	0.1795
bug1only_b5000_frag	AAAAAABDCL	0	1.0000
stock_b2000_frag	AAAAAABDDB	7	0.0250
fix_b2000_frag	AAAAAABDDB	7	0.0250
fix_b5000_frag	AAAAAABDDB	7	0.0255
stock_b5000_frag	AAAAAABDDB	7	0.7762
bug2only_b5000_frag	AAAAAABDDB	7	0.0255
bug1only_b5000_frag	AAAAAABDDB	7	0.7762
stock_b2000_frag	AAAAAABDDG	2	0.0049
fix_b2000_frag	AAAAAABDDG	3	0.0049
fix_b5000_frag	AAAAAABDDG	3	0.0048
stock_b5000_frag	AAAAAABDDG	32	0.9998
bug2only_b5000_frag	AAAAAABDDG	3	0.0048
bug1only_b5000_frag	AAAAAABDDG	32	0.9998
stock_b2000_frag	AAAAAABDEA	2	0.1050
fix_b2000_frag	AAAAAABDEA	2	0.1050
fix_b5000_frag	AAAAAABDEA	2	0.1050
stock_b5000_frag	AAAAAABDEA	9	0.5001
bug2only_b5000_frag	AAAAAABDEA	2	0.1050
bug1only_b5000_frag	AAAAAABDEA	9	0.5001
stock_b2000_frag	AAAAAABDEO	42	0.0005
fix_b2000_frag	AAAAAABDEO	39	0.0005
fix_b5000_frag	AAAAAABDEO	8	0.0005
stock_b5000_frag	AAAAAABDEO	44	0.0501
bug2only_b5000_frag	AAAAAABDEO	60	0.0005
bug1only_b5000_frag	AAAAAABDEO	44	0.0501
stock_b2000_frag	AAAAAABDHF	109	0.0012
fix_b2000_frag	AAAAAABDHF	66	0.0012
fix_b5000_frag	AAAAAABDHF	113	0.0012
stock_b5000_frag	AAAAAABDHF	24	0.5005
bug2only_b5000_frag	AAAAAABDHF	69	0.0012
bug1only_b5000_frag	AAAAAABDHF	24	0.5005
stock_b2000_frag	AAAAAABDIM	2	0.0121
fix_b2000_frag	AAAAAABDIM	2	0.0121
fix_b5000_frag	AAAAAABDIM	31	0.0125
stock_b5000_frag	AAAAAABDIM	31	0.0125
bug2only_b5000_frag	AAAAAABDIM	31	0.0125
bug1only_b5000_frag	AAAAAABDIM	31	0.0125
stock_b2000_frag	AAAAAABDJB	1	0.2007
fix_b2000_frag	AAAAAABDJB	1	0.2007
fix_b5000_frag	AAAAAABDJB	1	0.2007
stock_b5000_frag	AAAAAABDJB	3	1.0000
bug2only_b5000_frag	AAAAAABDJB	1	0.2007
bug1only_b5000_frag	AAAAAABDJB	3	1.0000
stock_b2000_frag	AAAAAABDJH	12	0.2569
fix_b2000_frag	AAAAAABDJH	12	0.2569
fix_b5000_frag	AAAAAABDJH	12	0.2698
stock_b5000_frag	AAAAAABDJH	2	0.5000
bug2only_b5000_frag	AAAAAABDJH	12	0.2698
bug1only_b5000_frag	AAAAAABDJH	2	0.5000
stock_b2000_frag	AAAAAABDJW	1	0.1080
fix_b2000_frag	AAAAAABDJW	1	0.1080
fix_b5000_frag	AAAAAABDJW	1	0.1081
stock_b5000_frag	AAAAAABDJW	13	0.2897
bug2only_b5000_frag	AAAAAABDJW	1	0.1081
bug1only_b5000_frag	AAAAAABDJW	13	0.2897
stock_b2000_frag	AAAAAABDLO	1	0.0274
fix_b2000_frag	AAAAAABDLO	13	0.0274
fix_b5000_frag	AAAAAABDLO	13	0.0274
stock_b5000_frag	AAAAAABDLO	9	0.8259
bug2only_b5000_frag	AAAAAABDLO	13	0.0274
bug1only_b5000_frag	AAAAAABDLO	9	0.8259
stock_b2000_frag	AAAAAABDNL	3	0.0309
fix_b2000_frag	AAAAAABDNL	1	0.0309
fix_b5000_frag	AAAAAABDNL	3	0.0309
stock_b5000_frag	AAAAAABDNL	6	0.5014
bug2only_b5000_frag	AAAAAABDNL	1	0.0309
bug1only_b5000_frag	AAAAAABDNL	6	0.5014
stock_b2000_frag	AAAAAABDOJ	26	0.0029
fix_b2000_frag	AAAAAABDOJ	15	0.0029
fix_b5000_frag	AAAAAABDOJ	112	0.0019
stock_b5000_frag	AAAAAABDOJ	101	0.0035
bug2only_b5000_frag	AAAAAABDOJ	42	0.0019
bug1only_b5000_frag	AAAAAABDOJ	102	0.0035
stock_b2000_frag	AAAAAABDOS	56	0.0049
fix_b2000_frag	AAAAAABDOS	56	0.0049
fix_b5000_frag	AAAAAABDOS	51	0.0053
stock_b5000_frag	AAAAAABDOS	32	0.2906
bug2only_b5000_frag	AAAAAABDOS	52	0.0053
bug1only_b5000_frag	AAAAAABDOS	32	0.2906
stock_b2000_frag	AAAAAABDPH	8	0.0071
fix_b2000_frag	AAAAAABDPH	10	0.0071
fix_b5000_frag	AAAAAABDPH	22	0.0071
stock_b5000_frag	AAAAAABDPH	17	1.0000
bug2only_b5000_frag	AAAAAABDPH	21	0.0071
bug1only_b5000_frag	AAAAAABDPH	17	1.0000
stock_b2000_frag	AAAAAABDQK	13	0.0140
fix_b2000_frag	AAAAAABDQK	13	0.0140
fix_b5000_frag	AAAAAABDQK	13	0.0140
stock_b5000_frag	AAAAAABDQK	3	0.5005
bug2only_b5000_frag	AAAAAABDQK	13	0.0140
bug1only_b5000_frag	AAAAAABDQK	3	0.5005
stock_b2000_frag	AAAAAABDQO	37	0.0015
fix_b2000_frag	AAAAAABDQO	36	0.0015
fix_b5000_frag	AAAAAABDQO	12	0.0015
stock_b5000_frag	AAAAAABDQO	28	1.0000
bug2only_b5000_frag	AAAAAABDQO	34	0.0015
bug1only_b5000_frag	AAAAAABDQO	28	1.0000
stock_b2000_frag	AAAAAABDRM	0	0.9999
fix_b2000_frag	AAAAAABDRM	0	0.9999
fix_b5000_frag	AAAAAABDRM	0	1.0000
stock_b5000_frag	AAAAAABDRM	0	1.0000
bug2only_b5000_frag	AAAAAABDRM	0	1.0000
bug1only_b5000_frag	AAAAAABDRM	0	1.0000
stock_b2000_frag	AAAAAABDRW	0	0.0007
fix_b2000_frag	AAAAAABDRW	0	0.0007
fix_b5000_frag	AAAAAABDRW	0	0.0007
stock_b5000_frag	AAAAAABDRW	78	1.0000
bug2only_b5000_frag	AAAAAABDRW	0	0.0007
bug1only_b5000_frag	AAAAAABDRW	78	1.0000
stock_b2000_frag	AAAAAABDTK	64	0.0003
fix_b2000_frag	AAAAAABDTK	68	0.0003
fix_b5000_frag	AAAAAABDTK	63	0.0003
stock_b5000_frag	AAAAAABDTK	13	0.5108
bug2only_b5000_frag	AAAAAABDTK	47	0.0003
bug1only_b5000_frag	AAAAAABDTK	13	0.5108
stock_b2000_frag	AAAAAABDUW	3	0.0674
fix_b2000_frag	AAAAAABDUW	3	0.0674
fix_b5000_frag	AAAAAABDUW	3	0.0670
stock_b5000_frag	AAAAAABDUW	0	0.9989
bug2only_b5000_frag	AAAAAABDUW	3	0.0670
bug1only_b5000_frag	AAAAAABDUW	0	0.9989
stock_b2000_frag	AAAAAABDVI	6	0.0104
fix_b2000_frag	AAAAAABDVI	14	0.0104
fix_b5000_frag	AAAAAABDVI	132	0.0104
stock_b5000_frag	AAAAAABDVI	142	1.0000
bug2only_b5000_frag	AAAAAABDVI	6	0.0104
bug1only_b5000_frag	AAAAAABDVI	142	1.0000
stock_b2000_frag	AAAAAABDXM	9	0.0236
fix_b2000_frag	AAAAAABDXM	16	0.0236
fix_b5000_frag	AAAAAABDXM	15	0.0236
stock_b5000_frag	AAAAAABDXM	17	1.0000
bug2only_b5000_frag	AAAAAABDXM	8	0.0236
bug1only_b5000_frag	AAAAAABDXM	17	1.0000
stock_b2000_frag	AAAAAABDYQ	46	0.0012
fix_b2000_frag	AAAAAABDYQ	51	0.0012
fix_b5000_frag	AAAAAABDYQ	50	0.0012
stock_b5000_frag	AAAAAABDYQ	7	0.3335
bug2only_b5000_frag	AAAAAABDYQ	21	0.0012
bug1only_b5000_frag	AAAAAABDYQ	7	0.3335
stock_b2000_frag	AAAAAABEBL	13	0.0067
fix_b2000_frag	AAAAAABEBL	17	0.0067
fix_b5000_frag	AAAAAABEBL	19	0.0067
stock_b5000_frag	AAAAAABEBL	15	0.0068
bug2only_b5000_frag	AAAAAABEBL	8	0.0067
bug1only_b5000_frag	AAAAAABEBL	19	0.0068
stock_b2000_frag	AAAAAABEDL	3	0.0588
fix_b2000_frag	AAAAAABEDL	2	0.0588
fix_b5000_frag	AAAAAABEDL	2	0.0588
stock_b5000_frag	AAAAAABEDL	3	0.0625
bug2only_b5000_frag	AAAAAABEDL	3	0.0588
bug1only_b5000_frag	AAAAAABEDL	3	0.0625
stock_b2000_frag	AAAAAABEEK	36	0.1001
fix_b2000_frag	AAAAAABEEK	36	0.1001
fix_b5000_frag	AAAAAABEEK	36	0.1003
stock_b5000_frag	AAAAAABEEK	30	0.9713
bug2only_b5000_frag	AAAAAABEEK	36	0.1003
bug1only_b5000_frag	AAAAAABEEK	30	0.9713
stock_b2000_frag	AAAAAABEEM	13	0.0010
fix_b2000_frag	AAAAAABEEM	85	0.0010
fix_b5000_frag	AAAAAABEEM	85	0.0010
stock_b5000_frag	AAAAAABEEM	26	0.0611
bug2only_b5000_frag	AAAAAABEEM	88	0.0010
bug1only_b5000_frag	AAAAAABEEM	26	0.0611
stock_b2000_frag	AAAAAABEFD	26	0.0037
fix_b2000_frag	AAAAAABEFD	22	0.0037
fix_b5000_frag	AAAAAABEFD	3	0.0037
stock_b5000_frag	AAAAAABEFD	29	0.0038
bug2only_b5000_frag	AAAAAABEFD	22	0.0037
bug1only_b5000_frag	AAAAAABEFD	18	0.0038
stock_b2000_frag	AAAAAABEFU	1	0.0134
fix_b2000_frag	AAAAAABEFU	12	0.0134
fix_b5000_frag	AAAAAABEFU	12	0.0133
stock_b5000_frag	AAAAAABEFU	5	1.0000
bug2only_b5000_frag	AAAAAABEFU	14	0.0133
bug1only_b5000_frag	AAAAAABEFU	5	1.0000
stock_b2000_frag	AAAAAABEFV	5	0.0181
fix_b2000_frag	AAAAAABEFV	5	0.0181
fix_b5000_frag	AAAAAABEFV	5	0.0179
stock_b5000_frag	AAAAAABEFV	4	0.0198
bug2only_b5000_frag	AAAAAABEFV	5	0.0179
bug1only_b5000_frag	AAAAAABEFV	4	0.0198
stock_b2000_frag	AAAAAABEHL	2	0.0233
fix_b2000_frag	AAAAAABEHL	2	0.0233
fix_b5000_frag	AAAAAABEHL	1	0.0146
stock_b5000_frag	AAAAAABEHL	12	0.5001
bug2only_b5000_frag	AAAAAABEHL	3	0.0146
bug1only_b5000_frag	AAAAAABEHL	12	0.5001
stock_b2000_frag	AAAAAABEIV	1	0.0502
fix_b2000_frag	AAAAAABEIV	1	0.0502
fix_b5000_frag	AAAAAABEIV	1	0.0501
stock_b5000_frag	AAAAAABEIV	13	0.5145
bug2only_b5000_frag	AAAAAABEIV	1	0.0501
bug1only_b5000_frag	AAAAAABEIV	13	0.5145
stock_b2000_frag	AAAAAABEKW	14	0.0126
fix_b2000_frag	AAAAAABEKW	3	0.0126
fix_b5000_frag	AAAAAABEKW	6	0.0126
stock_b5000_frag	AAAAAABEKW	10	0.0172
bug2only_b5000_frag	AAAAAABEKW	16	0.0126
bug1only_b5000_frag	AAAAAABEKW	6	0.0172
stock_b2000_frag	AAAAAABEMB	197	0.0006
fix_b2000_frag	AAAAAABEMB	234	0.0006
fix_b5000_frag	AAAAAABEMB	162	0.0006
stock_b5000_frag	AAAAAABEMB	93	1.0000
bug2only_b5000_frag	AAAAAABEMB	243	0.0006
bug1only_b5000_frag	AAAAAABEMB	93	1.0000
stock_b2000_frag	AAAAAABENB	1	0.1173
fix_b2000_frag	AAAAAABENB	1	0.1173
fix_b5000_frag	AAAAAABENB	1	0.1154
stock_b5000_frag	AAAAAABENB	5	1.0000
bug2only_b5000_frag	AAAAAABENB	1	0.1154
bug1only_b5000_frag	AAAAAABENB	5	1.0000
stock_b2000_frag	AAAAAABENE	23	0.0037
fix_b2000_frag	AAAAAABENE	24	0.0037
fix_b5000_frag	AAAAAABENE	24	0.0037
stock_b5000_frag	AAAAAABENE	2	0.0771
bug2only_b5000_frag	AAAAAABENE	24	0.0037
bug1only_b5000_frag	AAAAAABENE	2	0.0771
stock_b2000_frag	AAAAAABENP	1	0.1655
fix_b2000_frag	AAAAAABENP	1	0.1655
fix_b5000_frag	AAAAAABENP	1	0.1616
stock_b5000_frag	AAAAAABENP	11	1.0000
bug2only_b5000_frag	AAAAAABENP	1	0.1616
bug1only_b5000_frag	AAAAAABENP	11	1.0000
stock_b2000_frag	AAAAAABEOZ	26	0.0035
fix_b2000_frag	AAAAAABEOZ	5	0.0035
fix_b5000_frag	AAAAAABEOZ	41	0.0035
stock_b5000_frag	AAAAAABEOZ	17	0.9983
bug2only_b5000_frag	AAAAAABEOZ	61	0.0035
bug1only_b5000_frag	AAAAAABEOZ	17	0.9983
stock_b2000_frag	AAAAAABEPE	127	0.0003
fix_b2000_frag	AAAAAABEPE	155	0.0003
fix_b5000_frag	AAAAAABEPE	39	0.0003
stock_b5000_frag	AAAAAABEPE	21	1.0000
bug2only_b5000_frag	AAAAAABEPE	119	0.0003
bug1only_b5000_frag	AAAAAABEPE	21	1.0000
stock_b2000_frag	AAAAAABESS	13	0.0040
fix_b2000_frag	AAAAAABESS	26	0.0040
fix_b5000_frag	AAAAAABESS	29	0.0041
stock_b5000_frag	AAAAAABESS	19	0.1667
bug2only_b5000_frag	AAAAAABESS	17	0.0041
bug1only_b5000_frag	AAAAAABESS	22	0.1667
stock_b2000_frag	AAAAAABEUT	0	0.7607
fix_b2000_frag	AAAAAABEUT	0	0.7607
fix_b5000_frag	AAAAAABEUT	0	0.7675
stock_b5000_frag	AAAAAABEUT	10	1.0000
bug2only_b5000_frag	AAAAAABEUT	0	0.7675
bug1only_b5000_frag	AAAAAABEUT	10	1.0000
stock_b2000_frag	AAAAAABEUU	18	0.0118
fix_b2000_frag	AAAAAABEUU	17	0.0118
fix_b5000_frag	AAAAAABEUU	18	0.0118
stock_b5000_frag	AAAAAABEUU	32	1.0000
bug2only_b5000_frag	AAAAAABEUU	16	0.0118
bug1only_b5000_frag	AAAAAABEUU	32	1.0000
stock_b2000_frag	AAAAAABEUZ	33	0.0078
fix_b2000_frag	AAAAAABEUZ	33	0.0078
fix_b5000_frag	AAAAAABEUZ	33	0.0078
stock_b5000_frag	AAAAAABEUZ	29	1.0000
bug2only_b5000_frag	AAAAAABEUZ	4	0.0078
bug1only_b5000_frag	AAAAAABEUZ	29	1.0000
stock_b2000_frag	AAAAAABEVN	3	0.0018
fix_b2000_frag	AAAAAABEVN	28	0.0018
fix_b5000_frag	AAAAAABEVN	74	0.0018
stock_b5000_frag	AAAAAABEVN	33	0.0022
bug2only_b5000_frag	AAAAAABEVN	64	0.0018
bug1only_b5000_frag	AAAAAABEVN	14	0.0022
stock_b2000_frag	AAAAAABEWU	0	0.1459
fix_b2000_frag	AAAAAABEWU	0	0.1459
fix_b5000_frag	AAAAAABEWU	0	0.1447
stock_b5000_frag	AAAAAABEWU	0	0.1446
bug2only_b5000_frag	AAAAAABEWU	0	0.1447
bug1only_b5000_frag	AAAAAABEWU	0	0.1446
stock_b2000_frag	AAAAAABEZM	9	0.0264
fix_b2000_frag	AAAAAABEZM	9	0.0264
fix_b5000_frag	AAAAAABEZM	9	0.0263
stock_b5000_frag	AAAAAABEZM	9	0.0368
bug2only_b5000_frag	AAAAAABEZM	9	0.0263
bug1only_b5000_frag	AAAAAABEZM	9	0.0368
stock_b2000_frag	AAAAAABFBB	3	0.0624
fix_b2000_frag	AAAAAABFBB	3	0.0624
fix_b5000_frag	AAAAAABFBB	3	0.0622
stock_b5000_frag	AAAAAABFBB	3	0.0969
bug2only_b5000_frag	AAAAAABFBB	3	0.0622
bug1only_b5000_frag	AAAAAABFBB	3	0.0969
stock_b2000_frag	AAAAAABFDM	20	0.0095
fix_b2000_frag	AAAAAABFDM	22	0.0095
fix_b5000_frag	AAAAAABFDM	23	0.0094
stock_b5000_frag	AAAAAABFDM	20	1.0000
bug2only_b5000_frag	AAAAAABFDM	6	0.0094
bug1only_b5000_frag	AAAAAABFDM	20	1.0000
stock_b2000_frag	AAAAAABFEZ	88	0.0017
fix_b2000_frag	AAAAAABFEZ	88	0.0017
fix_b5000_frag	AAAAAABFEZ	88	0.0017
stock_b5000_frag	AAAAAABFEZ	94	0.2330
bug2only_b5000_frag	AAAAAABFEZ	88	0.0017
bug1only_b5000_frag	AAAAAABFEZ	94	0.2330
stock_b2000_frag	AAAAAABFHG	12	0.0103
fix_b2000_frag	AAAAAABFHG	11	0.0103
fix_b5000_frag	AAAAAABFHG	2	0.0103
stock_b5000_frag	AAAAAABFHG	16	1.0000
bug2only_b5000_frag	AAAAAABFHG	4	0.0103
bug1only_b5000_frag	AAAAAABFHG	16	1.0000
stock_b2000_frag	AAAAAABFIR	34	0.0008
fix_b2000_frag	AAAAAABFIR	17	0.0008
fix_b5000_frag	AAAAAABFIR	69	0.0008
stock_b5000_frag	AAAAAABFIR	20	0.0555
bug2only_b5000_frag	AAAAAABFIR	52	0.0008
bug1only_b5000_frag	AAAAAABFIR	20	0.0555
stock_b2000_frag	AAAAAABFIS	0	0.3366
fix_b2000_frag	AAAAAABFIS	0	0.3366
fix_b5000_frag	AAAAAABFIS	0	0.3366
stock_b5000_frag	AAAAAABFIS	0	0.4041
bug2only_b5000_frag	AAAAAABFIS	0	0.3366
bug1only_b5000_frag	AAAAAABFIS	0	0.4041
stock_b2000_frag	AAAAAABFJQ	0	1.0000
fix_b2000_frag	AAAAAABFJQ	0	1.0000
fix_b5000_frag	AAAAAABFJQ	0	1.0000
stock_b5000_frag	AAAAAABFJQ	0	1.0000
bug2only_b5000_frag	AAAAAABFJQ	0	1.0000
bug1only_b5000_frag	AAAAAABFJQ	0	1.0000
stock_b2000_frag	AAAAAABFKG	26	0.0006
fix_b2000_frag	AAAAAABFKG	85	0.0006
fix_b5000_frag	AAAAAABFKG	38	0.0006
stock_b5000_frag	AAAAAABFKG	10	0.1429
bug2only_b5000_frag	AAAAAABFKG	84	0.0006
bug1only_b5000_frag	AAAAAABFKG	10	0.1429
stock_b2000_frag	AAAAAABFKY	24	0.0027
fix_b2000_frag	AAAAAABFKY	24	0.0027
fix_b5000_frag	AAAAAABFKY	23	0.0027
stock_b5000_frag	AAAAAABFKY	52	1.0000
bug2only_b5000_frag	AAAAAABFKY	17	0.0027
bug1only_b5000_frag	AAAAAABFKY	52	1.0000
stock_b2000_frag	AAAAAABFLI	9	0.0083
fix_b2000_frag	AAAAAABFLI	3	0.0083
fix_b5000_frag	AAAAAABFLI	12	0.0085
stock_b5000_frag	AAAAAABFLI	9	0.0087
bug2only_b5000_frag	AAAAAABFLI	10	0.0085
bug1only_b5000_frag	AAAAAABFLI	11	0.0087
stock_b2000_frag	AAAAAABFLQ	0	1.0000
fix_b2000_frag	AAAAAABFLQ	0	1.0000
fix_b5000_frag	AAAAAABFLQ	0	1.0000
stock_b5000_frag	AAAAAABFLQ	3	1.0000
bug2only_b5000_frag	AAAAAABFLQ	0	1.0000
bug1only_b5000_frag	AAAAAABFLQ	3	1.0000
stock_b2000_frag	AAAAAABFLT	7	0.2454
fix_b2000_frag	AAAAAABFLT	7	0.2454
fix_b5000_frag	AAAAAABFLT	7	0.2338
stock_b5000_frag	AAAAAABFLT	13	0.7291
bug2only_b5000_frag	AAAAAABFLT	7	0.2338
bug1only_b5000_frag	AAAAAABFLT	13	0.7291
stock_b2000_frag	AAAAAABFML	57	0.0093
fix_b2000_frag	AAAAAABFML	57	0.0093
fix_b5000_frag	AAAAAABFML	23	0.0094
stock_b5000_frag	AAAAAABFML	33	1.0000
bug2only_b5000_frag	AAAAAABFML	23	0.0094
bug1only_b5000_frag	AAAAAABFML	33	1.0000
stock_b2000_frag	AAAAAABFMQ	59	0.0006
fix_b2000_frag	AAAAAABFMQ	226	0.0006
fix_b5000_frag	AAAAAABFMQ	35	0.0006
stock_b5000_frag	AAAAAABFMQ	13	1.0000
bug2only_b5000_frag	AAAAAABFMQ	193	0.0006
bug1only_b5000_frag	AAAAAABFMQ	13	1.0000
stock_b2000_frag	AAAAAABFPF	1	0.2002
fix_b2000_frag	AAAAAABFPF	1	0.2002
fix_b5000_frag	AAAAAABFPF	1	0.2002
stock_b5000_frag	AAAAAABFPF	2	0.2752
bug2only_b5000_frag	AAAAAABFPF	1	0.2002
bug1only_b5000_frag	AAAAAABFPF	2	0.2752
stock_b2000_frag	AAAAAABFPT	0	1.0000
fix_b2000_frag	AAAAAABFPT	0	1.0000
fix_b5000_frag	AAAAAABFPT	0	1.0000
stock_b5000_frag	AAAAAABFPT	0	1.0000
bug2only_b5000_frag	AAAAAABFPT	0	1.0000
bug1only_b5000_frag	AAAAAABFPT	0	1.0000
stock_b2000_frag	AAAAAABFPU	21	0.0051
fix_b2000_frag	AAAAAABFPU	21	0.0051
fix_b5000_frag	AAAAAABFPU	21	0.0050
stock_b5000_frag	AAAAAABFPU	12	0.0909
bug2only_b5000_frag	AAAAAABFPU	21	0.0050
bug1only_b5000_frag	AAAAAABFPU	12	0.0909
stock_b2000_frag	AAAAAABFRB	22	0.0053
fix_b2000_frag	AAAAAABFRB	22	0.0053
fix_b5000_frag	AAAAAABFRB	21	0.0054
stock_b5000_frag	AAAAAABFRB	16	0.5000
bug2only_b5000_frag	AAAAAABFRB	22	0.0054
bug1only_b5000_frag	AAAAAABFRB	16	0.5000
stock_b2000_frag	AAAAAABFRM	120	0.0018
fix_b2000_frag	AAAAAABFRM	120	0.0018
fix_b5000_frag	AAAAAABFRM	17	0.0018
stock_b5000_frag	AAAAAABFRM	29	0.0032
bug2only_b5000_frag	AAAAAABFRM	112	0.0018
bug1only_b5000_frag	AAAAAABFRM	29	0.0032
stock_b2000_frag	AAAAAABFVP	12	0.0050
fix_b2000_frag	AAAAAABFVP	11	0.0050
fix_b5000_frag	AAAAAABFVP	11	0.0050
stock_b5000_frag	AAAAAABFVP	5	0.0849
bug2only_b5000_frag	AAAAAABFVP	11	0.0050
bug1only_b5000_frag	AAAAAABFVP	5	0.0849
stock_b2000_frag	AAAAAABFVV	1	0.0920
fix_b2000_frag	AAAAAABFVV	1	0.0920
fix_b5000_frag	AAAAAABFVV	1	0.0915
stock_b5000_frag	AAAAAABFVV	8	1.0000
bug2only_b5000_frag	AAAAAABFVV	1	0.0915
bug1only_b5000_frag	AAAAAABFVV	8	1.0000
stock_b2000_frag	AAAAAABFYH	6	0.0070
fix_b2000_frag	AAAAAABFYH	6	0.0070
fix_b5000_frag	AAAAAABFYH	6	0.0070
stock_b5000_frag	AAAAAABFYH	11	0.5045
bug2only_b5000_frag	AAAAAABFYH	6	0.0070
bug1only_b5000_frag	AAAAAABFYH	11	0.5045
stock_b2000_frag	AAAAAABFYV	21	0.0027
fix_b2000_frag	AAAAAABFYV	27	0.0027
fix_b5000_frag	AAAAAABFYV	35	0.0027
stock_b5000_frag	AAAAAABFYV	50	0.3750
bug2only_b5000_frag	AAAAAABFYV	26	0.0027
bug1only_b5000_frag	AAAAAABFYV	50	0.3750
stock_b2000_frag	AAAAAABFZL	12	0.0020
fix_b2000_frag	AAAAAABFZL	57	0.0020
fix_b5000_frag	AAAAAABFZL	12	0.0020
stock_b5000_frag	AAAAAABFZL	36	0.5002
bug2only_b5000_frag	AAAAAABFZL	55	0.0020
bug1only_b5000_frag	AAAAAABFZL	36	0.5002
stock_b2000_frag	AAAAAABFZP	17	0.0175
fix_b2000_frag	AAAAAABFZP	17	0.0175
fix_b5000_frag	AAAAAABFZP	15	0.0175
stock_b5000_frag	AAAAAABFZP	18	0.5000
bug2only_b5000_frag	AAAAAABFZP	22	0.0175
bug1only_b5000_frag	AAAAAABFZP	18	0.5000
stock_b2000_frag	AAAAAABGAL	15	0.0088
fix_b2000_frag	AAAAAABGAL	15	0.0088
fix_b5000_frag	AAAAAABGAL	15	0.0088
stock_b5000_frag	AAAAAABGAL	15	0.0088
bug2only_b5000_frag	AAAAAABGAL	15	0.0088
bug1only_b5000_frag	AAAAAABGAL	15	0.0088
stock_b2000_frag	AAAAAABGAW	20	0.0014
fix_b2000_frag	AAAAAABGAW	17	0.0014
fix_b5000_frag	AAAAAABGAW	2	0.0014
stock_b5000_frag	AAAAAABGAW	13	1.0000
bug2only_b5000_frag	AAAAAABGAW	60	0.0014
bug1only_b5000_frag	AAAAAABGAW	13	1.0000
stock_b2000_frag	AAAAAABGCC	36	0.0011
fix_b2000_frag	AAAAAABGCC	207	0.0011
fix_b5000_frag	AAAAAABGCC	206	0.0011
stock_b5000_frag	AAAAAABGCC	85	0.8613
bug2only_b5000_frag	AAAAAABGCC	63	0.0011
bug1only_b5000_frag	AAAAAABGCC	85	0.8613
stock_b2000_frag	AAAAAABGEO	46	0.0008
fix_b2000_frag	AAAAAABGEO	35	0.0008
fix_b5000_frag	AAAAAABGEO	24	0.0008
stock_b5000_frag	AAAAAABGEO	18	0.5000
bug2only_b5000_frag	AAAAAABGEO	37	0.0008
bug1only_b5000_frag	AAAAAABGEO	18	0.5000
stock_b2000_frag	AAAAAABGFU	236	0.0007
fix_b2000_frag	AAAAAABGFU	126	0.0007
fix_b5000_frag	AAAAAABGFU	179	0.0007
stock_b5000_frag	AAAAAABGFU	115	1.0000
bug2only_b5000_frag	AAAAAABGFU	122	0.0007
bug1only_b5000_frag	AAAAAABGFU	115	1.0000
stock_b2000_frag	AAAAAABGGK	6	0.0284
fix_b2000_frag	AAAAAABGGK	11	0.0284
fix_b5000_frag	AAAAAABGGK	7	0.0283
stock_b5000_frag	AAAAAABGGK	10	0.2672
bug2only_b5000_frag	AAAAAABGGK	6	0.0283
bug1only_b5000_frag	AAAAAABGGK	10	0.2672
stock_b2000_frag	AAAAAABGHI	11	0.0066
fix_b2000_frag	AAAAAABGHI	9	0.0066
fix_b5000_frag	AAAAAABGHI	11	0.0066
stock_b5000_frag	AAAAAABGHI	21	0.0074
bug2only_b5000_frag	AAAAAABGHI	8	0.0066
bug1only_b5000_frag	AAAAAABGHI	4	0.0074
stock_b2000_frag	AAAAAABGJP	13	0.0087
fix_b2000_frag	AAAAAABGJP	11	0.0087
fix_b5000_frag	AAAAAABGJP	13	0.0087
stock_b5000_frag	AAAAAABGJP	5	1.0000
bug2only_b5000_frag	AAAAAABGJP	11	0.0087
bug1only_b5000_frag	AAAAAABGJP	5	1.0000
stock_b2000_frag	AAAAAABGKY	22	0.0038
fix_b2000_frag	AAAAAABGKY	37	0.0038
fix_b5000_frag	AAAAAABGKY	26	0.0040
stock_b5000_frag	AAAAAABGKY	28	1.0000
bug2only_b5000_frag	AAAAAABGKY	2	0.0040
bug1only_b5000_frag	AAAAAABGKY	28	1.0000
stock_b2000_frag	AAAAAABGMU	94	0.0009
fix_b2000_frag	AAAAAABGMU	21	0.0009
fix_b5000_frag	AAAAAABGMU	46	0.0009
stock_b5000_frag	AAAAAABGMU	161	1.0000
bug2only_b5000_frag	AAAAAABGMU	36	0.0009
bug1only_b5000_frag	AAAAAABGMU	161	1.0000
stock_b2000_frag	AAAAAABGMY	17	0.0065
fix_b2000_frag	AAAAAABGMY	40	0.0065
fix_b5000_frag	AAAAAABGMY	44	0.0066
stock_b5000_frag	AAAAAABGMY	0	0.5962
bug2only_b5000_frag	AAAAAABGMY	39	0.0066
bug1only_b5000_frag	AAAAAABGMY	0	0.5962
stock_b2000_frag	AAAAAABGPE	0	0.5686
fix_b2000_frag	AAAAAABGPE	0	0.5686
fix_b5000_frag	AAAAAABGPE	0	0.6592
stock_b5000_frag	AAAAAABGPE	17	1.0000
bug2only_b5000_frag	AAAAAABGPE	0	0.6592
bug1only_b5000_frag	AAAAAABGPE	17	1.0000
stock_b2000_frag	AAAAAABGQI	6	0.0274
fix_b2000_frag	AAAAAABGQI	3	0.0274
fix_b5000_frag	AAAAAABGQI	4	0.0274
stock_b5000_frag	AAAAAABGQI	6	0.0280
bug2only_b5000_frag	AAAAAABGQI	3	0.0274
bug1only_b5000_frag	AAAAAABGQI	6	0.0280
stock_b2000_frag	AAAAAABGRI	8	0.0107
fix_b2000_frag	AAAAAABGRI	5	0.0107
fix_b5000_frag	AAAAAABGRI	10	0.0107
stock_b5000_frag	AAAAAABGRI	6	0.3333
bug2only_b5000_frag	AAAAAABGRI	5	0.0107
bug1only_b5000_frag	AAAAAABGRI	6	0.3333
stock_b2000_frag	AAAAAABGRQ	18	0.0047
fix_b2000_frag	AAAAAABGRQ	7	0.0047
fix_b5000_frag	AAAAAABGRQ	12	0.0047
stock_b5000_frag	AAAAAABGRQ	28	0.2565
bug2only_b5000_frag	AAAAAABGRQ	3	0.0047
bug1only_b5000_frag	AAAAAABGRQ	28	0.2565
stock_b2000_frag	AAAAAABGSA	13	0.0014
fix_b2000_frag	AAAAAABGSA	13	0.0014
fix_b5000_frag	AAAAAABGSA	14	0.0014
stock_b5000_frag	AAAAAABGSA	41	0.9109
bug2only_b5000_frag	AAAAAABGSA	41	0.0014
bug1only_b5000_frag	AAAAAABGSA	41	0.9109
stock_b2000_frag	AAAAAABGSB	15	0.0300
fix_b2000_frag	AAAAAABGSB	15	0.0300
fix_b5000_frag	AAAAAABGSB	14	0.0300
stock_b5000_frag	AAAAAABGSB	4	0.3270
bug2only_b5000_frag	AAAAAABGSB	15	0.0300
bug1only_b5000_frag	AAAAAABGSB	4	0.3270
stock_b2000_frag	AAAAAABGSP	17	0.0345
fix_b2000_frag	AAAAAABGSP	19	0.0345
fix_b5000_frag	AAAAAABGSP	18	0.0347
stock_b5000_frag	AAAAAABGSP	5	1.0000
bug2only_b5000_frag	AAAAAABGSP	18	0.0347
bug1only_b5000_frag	AAAAAABGSP	5	1.0000
stock_b2000_frag	AAAAAABGVA	2	0.1411
fix_b2000_frag	AAAAAABGVA	2	0.1411
fix_b5000_frag	AAAAAABGVA	2	0.1301
stock_b5000_frag	AAAAAABGVA	2	1.0000
bug2only_b5000_frag	AAAAAABGVA	2	0.1301
bug1only_b5000_frag	AAAAAABGVA	2	1.0000
stock_b2000_frag	AAAAAABGVO	56	0.6480
fix_b2000_frag	AAAAAABGVO	56	0.6480
fix_b5000_frag	AAAAAABGVO	56	0.6887
stock_b5000_frag	AAAAAABGVO	23	0.5041
bug2only_b5000_frag	AAAAAABGVO	56	0.6887
bug1only_b5000_frag	AAAAAABGVO	23	0.5041
stock_b2000_frag	AAAAAABGWS	65	0.0014
fix_b2000_frag	AAAAAABGWS	50	0.0014
fix_b5000_frag	AAAAAABGWS	13	0.0010
stock_b5000_frag	AAAAAABGWS	36	0.1667
bug2only_b5000_frag	AAAAAABGWS	44	0.0010
bug1only_b5000_frag	AAAAAABGWS	36	0.1667
stock_b2000_frag	AAAAAABGXE	0	0.3347
fix_b2000_frag	AAAAAABGXE	0	0.3347
fix_b5000_frag	AAAAAABGXE	1	0.3318
stock_b5000_frag	AAAAAABGXE	9	0.3333
bug2only_b5000_frag	AAAAAABGXE	1	0.3318
bug1only_b5000_frag	AAAAAABGXE	9	0.3333
stock_b2000_frag	AAAAAABHAD	12	0.0099
fix_b2000_frag	AAAAAABHAD	35	0.0099
fix_b5000_frag	AAAAAABHAD	12	0.0099
stock_b5000_frag	AAAAAABHAD	24	0.4824
bug2only_b5000_frag	AAAAAABHAD	31	0.0099
bug1only_b5000_frag	AAAAAABHAD	24	0.4824
stock_b2000_frag	AAAAAABHBB	2	0.1267
fix_b2000_frag	AAAAAABHBB	2	0.1267
fix_b5000_frag	AAAAAABHBB	2	0.1266
stock_b5000_frag	AAAAAABHBB	3	1.0000
bug2only_b5000_frag	AAAAAABHBB	2	0.1266
bug1only_b5000_frag	AAAAAABHBB	3	1.0000
stock_b2000_frag	AAAAAABHBQ	0	0.4229
fix_b2000_frag	AAAAAABHBQ	0	0.4229
fix_b5000_frag	AAAAAABHBQ	0	0.4106
stock_b5000_frag	AAAAAABHBQ	1	1.0000
bug2only_b5000_frag	AAAAAABHBQ	0	0.4106
bug1only_b5000_frag	AAAAAABHBQ	1	1.0000
stock_b2000_frag	AAAAAABHDI	3	0.0435
fix_b2000_frag	AAAAAABHDI	1	0.0435
fix_b5000_frag	AAAAAABHDI	8	0.0435
stock_b5000_frag	AAAAAABHDI	12	1.0000
bug2only_b5000_frag	AAAAAABHDI	8	0.0435
bug1only_b5000_frag	AAAAAABHDI	12	1.0000
stock_b2000_frag	AAAAAABHDL	2	0.2067
fix_b2000_frag	AAAAAABHDL	2	0.2067
fix_b5000_frag	AAAAAABHDL	2	0.2042
stock_b5000_frag	AAAAAABHDL	2	0.2332
bug2only_b5000_frag	AAAAAABHDL	2	0.2042
bug1only_b5000_frag	AAAAAABHDL	2	0.2332
stock_b2000_frag	AAAAAABHFJ	30	0.0024
fix_b2000_frag	AAAAAABHFJ	20	0.0024
fix_b5000_frag	AAAAAABHFJ	30	0.0024
stock_b5000_frag	AAAAAABHFJ	20	0.0028
bug2only_b5000_frag	AAAAAABHFJ	26	0.0024
bug1only_b5000_frag	AAAAAABHFJ	26	0.0028
stock_b2000_frag	AAAAAABHHE	1	0.0521
fix_b2000_frag	AAAAAABHHE	1	0.0521
fix_b5000_frag	AAAAAABHHE	1	0.0517
stock_b5000_frag	AAAAAABHHE	3	0.2692
bug2only_b5000_frag	AAAAAABHHE	1	0.0517
bug1only_b5000_frag	AAAAAABHHE	3	0.2692
stock_b2000_frag	AAAAAABHHF	4	0.0099
fix_b2000_frag	AAAAAABHHF	5	0.0099
fix_b5000_frag	AAAAAABHHF	17	0.0099
stock_b5000_frag	AAAAAABHHF	40	0.5014
bug2only_b5000_frag	AAAAAABHHF	17	0.0099
bug1only_b5000_frag	AAAAAABHHF	40	0.5014
stock_b2000_frag	AAAAAABHHJ	40	0.0007
fix_b2000_frag	AAAAAABHHJ	153	0.0007
fix_b5000_frag	AAAAAABHHJ	49	0.0007
stock_b5000_frag	AAAAAABHHJ	35	1.0000
bug2only_b5000_frag	AAAAAABHHJ	45	0.0007
bug1only_b5000_frag	AAAAAABHHJ	35	1.0000
stock_b2000_frag	AAAAAABHHT	1	0.2511
fix_b2000_frag	AAAAAABHHT	1	0.2511
fix_b5000_frag	AAAAAABHHT	1	0.2534
stock_b5000_frag	AAAAAABHHT	5	1.0000
bug2only_b5000_frag	AAAAAABHHT	1	0.2534
bug1only_b5000_frag	AAAAAABHHT	5	1.0000
stock_b2000_frag	AAAAAABHHZ	2	0.2001
fix_b2000_frag	AAAAAABHHZ	2	0.2001
fix_b5000_frag	AAAAAABHHZ	2	0.1995
stock_b5000_frag	AAAAAABHHZ	2	0.2015
bug2only_b5000_frag	AAAAAABHHZ	2	0.1995
bug1only_b5000_frag	AAAAAABHHZ	2	0.2015
stock_b2000_frag	AAAAAABHJI	0	0.1587
fix_b2000_frag	AAAAAABHJI	0	0.1587
fix_b5000_frag	AAAAAABHJI	0	0.2724
stock_b5000_frag	AAAAAABHJI	0	0.3765
bug2only_b5000_frag	AAAAAABHJI	0	0.2724
bug1only_b5000_frag	AAAAAABHJI	0	0.3765
stock_b2000_frag	AAAAAABHKG	28	0.0071
fix_b2000_frag	AAAAAABHKG	20	0.0071
fix_b5000_frag	AAAAAABHKG	28	0.0071
stock_b5000_frag	AAAAAABHKG	14	0.3354
bug2only_b5000_frag	AAAAAABHKG	26	0.0071
bug1only_b5000_frag	AAAAAABHKG	14	0.3354
stock_b2000_frag	AAAAAABHLC	42	0.0006
fix_b2000_frag	AAAAAABHLC	47	0.0006
fix_b5000_frag	AAAAAABHLC	72	0.0006
stock_b5000_frag	AAAAAABHLC	50	0.0078
bug2only_b5000_frag	AAAAAABHLC	135	0.0006
bug1only_b5000_frag	AAAAAABHLC	105	0.0078
stock_b2000_frag	AAAAAABHME	19	0.0004
fix_b2000_frag	AAAAAABHME	49	0.0004
fix_b5000_frag	AAAAAABHME	41	0.0004
stock_b5000_frag	AAAAAABHME	53	1.0000
bug2only_b5000_frag	AAAAAABHME	62	0.0004
bug1only_b5000_frag	AAAAAABHME	53	1.0000
stock_b2000_frag	AAAAAABHNT	5	0.0006
fix_b2000_frag	AAAAAABHNT	198	0.0006
fix_b5000_frag	AAAAAABHNT	122	0.0006
stock_b5000_frag	AAAAAABHNT	190	0.0006
bug2only_b5000_frag	AAAAAABHNT	167	0.0006
bug1only_b5000_frag	AAAAAABHNT	190	0.0006
stock_b2000_frag	AAAAAABHOV	133	0.0006
fix_b2000_frag	AAAAAABHOV	133	0.0006
fix_b5000_frag	AAAAAABHOV	147	0.0006
stock_b5000_frag	AAAAAABHOV	160	1.0000
bug2only_b5000_frag	AAAAAABHOV	131	0.0006
bug1only_b5000_frag	AAAAAABHOV	160	1.0000
stock_b2000_frag	AAAAAABHRZ	1	0.1437
fix_b2000_frag	AAAAAABHRZ	1	0.1437
fix_b5000_frag	AAAAAABHRZ	1	0.1436
stock_b5000_frag	AAAAAABHRZ	1	0.2772
bug2only_b5000_frag	AAAAAABHRZ	1	0.1436
bug1only_b5000_frag	AAAAAABHRZ	1	0.2772
stock_b2000_frag	AAAAAABHSZ	0	0.3371
fix_b2000_frag	AAAAAABHSZ	0	0.3371
fix_b5000_frag	AAAAAABHSZ	0	0.3371
stock_b5000_frag	AAAAAABHSZ	0	0.5000
bug2only_b5000_frag	AAAAAABHSZ	0	0.3371
bug1only_b5000_frag	AAAAAABHSZ	0	0.5000
stock_b2000_frag	AAAAAABHXF	26	0.0057
fix_b2000_frag	AAAAAABHXF	15	0.0057
fix_b5000_frag	AAAAAABHXF	6	0.0057
stock_b5000_frag	AAAAAABHXF	24	0.0065
bug2only_b5000_frag	AAAAAABHXF	10	0.0057
bug1only_b5000_frag	AAAAAABHXF	22	0.0065
stock_b2000_frag	AAAAAABHXP	22	0.0033
fix_b2000_frag	AAAAAABHXP	22	0.0033
fix_b5000_frag	AAAAAABHXP	16	0.0033
stock_b5000_frag	AAAAAABHXP	35	0.0059
bug2only_b5000_frag	AAAAAABHXP	48	0.0033
bug1only_b5000_frag	AAAAAABHXP	48	0.0059
stock_b2000_frag	AAAAAABHYS	6	0.0968
fix_b2000_frag	AAAAAABHYS	6	0.0968
fix_b5000_frag	AAAAAABHYS	6	0.0965
stock_b5000_frag	AAAAAABHYS	6	1.0000
bug2only_b5000_frag	AAAAAABHYS	6	0.0965
bug1only_b5000_frag	AAAAAABHYS	6	1.0000
stock_b2000_frag	AAAAAABHZV	64	0.0012
fix_b2000_frag	AAAAAABHZV	63	0.0012
fix_b5000_frag	AAAAAABHZV	40	0.0012
stock_b5000_frag	AAAAAABHZV	64	0.2577
bug2only_b5000_frag	AAAAAABHZV	65	0.0012
bug1only_b5000_frag	AAAAAABHZV	64	0.2577
stock_b2000_frag	AAAAAABIBN	1	0.0642
fix_b2000_frag	AAAAAABIBN	1	0.0642
fix_b5000_frag	AAAAAABIBN	1	0.0662
stock_b5000_frag	AAAAAABIBN	33	0.3458
bug2only_b5000_frag	AAAAAABIBN	1	0.0662
bug1only_b5000_frag	AAAAAABIBN	33	0.3458
stock_b2000_frag	AAAAAABIBW	29	0.0023
fix_b2000_frag	AAAAAABIBW	35	0.0023
fix_b5000_frag	AAAAAABIBW	37	0.0023
stock_b5000_frag	AAAAAABIBW	22	0.9998
bug2only_b5000_frag	AAAAAABIBW	28	0.0023
bug1only_b5000_frag	AAAAAABIBW	22	0.9998
stock_b2000_frag	AAAAAABICB	24	0.0057
fix_b2000_frag	AAAAAABICB	3	0.0057
fix_b5000_frag	AAAAAABICB	19	0.0057
stock_b5000_frag	AAAAAABICB	30	0.9955
bug2only_b5000_frag	AAAAAABICB	4	0.0057
bug1only_b5000_frag	AAAAAABICB	30	0.9955
stock_b2000_frag	AAAAAABICM	37	0.0028
fix_b2000_frag	AAAAAABICM	39	0.0028
fix_b5000_frag	AAAAAABICM	35	0.0028
stock_b5000_frag	AAAAAABICM	22	1.0000
bug2only_b5000_frag	AAAAAABICM	38	0.0028
bug1only_b5000_frag	AAAAAABICM	22	1.0000
stock_b2000_frag	AAAAAABIDH	48	0.0045
fix_b2000_frag	AAAAAABIDH	37	0.0045
fix_b5000_frag	AAAAAABIDH	31	0.0045
stock_b5000_frag	AAAAAABIDH	17	1.0000
bug2only_b5000_frag	AAAAAABIDH	2	0.0045
bug1only_b5000_frag	AAAAAABIDH	17	1.0000
stock_b2000_frag	AAAAAABIEA	28	0.0023
fix_b2000_frag	AAAAAABIEA	6	0.0023
fix_b5000_frag	AAAAAABIEA	23	0.0023
stock_b5000_frag	AAAAAABIEA	39	1.0000
bug2only_b5000_frag	AAAAAABIEA	15	0.0023
bug1only_b5000_frag	AAAAAABIEA	39	1.0000
stock_b2000_frag	AAAAAABIGQ	18	0.0005
fix_b2000_frag	AAAAAABIGQ	25	0.0005
fix_b5000_frag	AAAAAABIGQ	23	0.0005
stock_b5000_frag	AAAAAABIGQ	11	0.2000
bug2only_b5000_frag	AAAAAABIGQ	42	0.0005
bug1only_b5000_frag	AAAAAABIGQ	11	0.2000
stock_b2000_frag	AAAAAABIII	2	0.2774
fix_b2000_frag	AAAAAABIII	2	0.2774
fix_b5000_frag	AAAAAABIII	2	0.3035
stock_b5000_frag	AAAAAABIII	12	1.0000
bug2only_b5000_frag	AAAAAABIII	2	0.3035
bug1only_b5000_frag	AAAAAABIII	12	1.0000
stock_b2000_frag	AAAAAABIJZ	5	0.0205
fix_b2000_frag	AAAAAABIJZ	6	0.0205
fix_b5000_frag	AAAAAABIJZ	6	0.0203
stock_b5000_frag	AAAAAABIJZ	43	0.0484
bug2only_b5000_frag	AAAAAABIJZ	5	0.0203
bug1only_b5000_frag	AAAAAABIJZ	43	0.0483
stock_b2000_frag	AAAAAABILD	5	0.0097
fix_b2000_frag	AAAAAABILD	7	0.0097
fix_b5000_frag	AAAAAABILD	3	0.0097
stock_b5000_frag	AAAAAABILD	10	0.1253
bug2only_b5000_frag	AAAAAABILD	4	0.0097
bug1only_b5000_frag	AAAAAABILD	10	0.1253
stock_b2000_frag	AAAAAABIMI	3	0.1768
fix_b2000_frag	AAAAAABIMI	3	0.1768
fix_b5000_frag	AAAAAABIMI	3	0.1755
stock_b5000_frag	AAAAAABIMI	2	0.2368
bug2only_b5000_frag	AAAAAABIMI	3	0.1755
bug1only_b5000_frag	AAAAAABIMI	2	0.2368
stock_b2000_frag	AAAAAABIMV	16	0.0102
fix_b2000_frag	AAAAAABIMV	12	0.0102
fix_b5000_frag	AAAAAABIMV	10	0.0102
stock_b5000_frag	AAAAAABIMV	9	1.0000
bug2only_b5000_frag	AAAAAABIMV	10	0.0102
bug1only_b5000_frag	AAAAAABIMV	9	1.0000
stock_b2000_frag	AAAAAABIMW	82	0.0016
fix_b2000_frag	AAAAAABIMW	12	0.0016
fix_b5000_frag	AAAAAABIMW	55	0.0016
stock_b5000_frag	AAAAAABIMW	89	1.0000
bug2only_b5000_frag	AAAAAABIMW	89	0.0016
bug1only_b5000_frag	AAAAAABIMW	89	1.0000
stock_b2000_frag	AAAAAABINN	0	1.0000
fix_b2000_frag	AAAAAABINN	0	1.0000
fix_b5000_frag	AAAAAABINN	0	1.0000
stock_b5000_frag	AAAAAABINN	0	0.9999
bug2only_b5000_frag	AAAAAABINN	0	1.0000
bug1only_b5000_frag	AAAAAABINN	0	0.9999
stock_b2000_frag	AAAAAABIOK	34	0.0010
fix_b2000_frag	AAAAAABIOK	37	0.0010
fix_b5000_frag	AAAAAABIOK	24	0.0010
stock_b5000_frag	AAAAAABIOK	23	1.0000
bug2only_b5000_frag	AAAAAABIOK	98	0.0010
bug1only_b5000_frag	AAAAAABIOK	23	1.0000
stock_b2000_frag	AAAAAABIPD	26	0.0063
fix_b2000_frag	AAAAAABIPD	9	0.0063
fix_b5000_frag	AAAAAABIPD	3	0.0063
stock_b5000_frag	AAAAAABIPD	21	0.2500
bug2only_b5000_frag	AAAAAABIPD	26	0.0063
bug1only_b5000_frag	AAAAAABIPD	21	0.2500
stock_b2000_frag	AAAAAABIQX	22	0.0019
fix_b2000_frag	AAAAAABIQX	19	0.0019
fix_b5000_frag	AAAAAABIQX	29	0.0019
stock_b5000_frag	AAAAAABIQX	28	0.0021
bug2only_b5000_frag	AAAAAABIQX	20	0.0019
bug1only_b5000_frag	AAAAAABIQX	20	0.0021
stock_b2000_frag	AAAAAABIRG	3	0.0281
fix_b2000_frag	AAAAAABIRG	3	0.0281
fix_b5000_frag	AAAAAABIRG	3	0.0467
stock_b5000_frag	AAAAAABIRG	3	0.0732
bug2only_b5000_frag	AAAAAABIRG	3	0.0467
bug1only_b5000_frag	AAAAAABIRG	3	0.0732
stock_b2000_frag	AAAAAABISL	14	0.0238
fix_b2000_frag	AAAAAABISL	14	0.0238
fix_b5000_frag	AAAAAABISL	14	0.0239
stock_b5000_frag	AAAAAABISL	48	1.0000
bug2only_b5000_frag	AAAAAABISL	14	0.0239
bug1only_b5000_frag	AAAAAABISL	48	1.0000
stock_b2000_frag	AAAAAABITV	2	0.0889
fix_b2000_frag	AAAAAABITV	2	0.0889
fix_b5000_frag	AAAAAABITV	2	0.0741
stock_b5000_frag	AAAAAABITV	14	1.0000
bug2only_b5000_frag	AAAAAABITV	2	0.0741
bug1only_b5000_frag	AAAAAABITV	14	1.0000
stock_b2000_frag	AAAAAABIUW	13	0.0025
fix_b2000_frag	AAAAAABIUW	16	0.0025
fix_b5000_frag	AAAAAABIUW	17	0.0025
stock_b5000_frag	AAAAAABIUW	38	1.0000
bug2only_b5000_frag	AAAAAABIUW	19	0.0025
bug1only_b5000_frag	AAAAAABIUW	38	1.0000
stock_b2000_frag	AAAAAABIVY	49	0.0008
fix_b2000_frag	AAAAAABIVY	24	0.0008
fix_b5000_frag	AAAAAABIVY	1	0.0008
stock_b5000_frag	AAAAAABIVY	22	0.1429
bug2only_b5000_frag	AAAAAABIVY	3	0.0008
bug1only_b5000_frag	AAAAAABIVY	22	0.1429
stock_b2000_frag	AAAAAABIWX	14	0.0023
fix_b2000_frag	AAAAAABIWX	31	0.0023
fix_b5000_frag	AAAAAABIWX	18	0.0023
stock_b5000_frag	AAAAAABIWX	48	0.0026
bug2only_b5000_frag	AAAAAABIWX	53	0.0023
bug1only_b5000_frag	AAAAAABIWX	20	0.0026
stock_b2000_frag	AAAAAABIZB	4	0.0189
fix_b2000_frag	AAAAAABIZB	4	0.0189
fix_b5000_frag	AAAAAABIZB	4	0.0190
stock_b5000_frag	AAAAAABIZB	4	0.0264
bug2only_b5000_frag	AAAAAABIZB	4	0.0190
bug1only_b5000_frag	AAAAAABIZB	4	0.0264
stock_b2000_frag	AAAAAABIZH	5	0.0775
fix_b2000_frag	AAAAAABIZH	5	0.0775
fix_b5000_frag	AAAAAABIZH	5	0.0773
stock_b5000_frag	AAAAAABIZH	5	0.0872
bug2only_b5000_frag	AAAAAABIZH	5	0.0773
bug1only_b5000_frag	AAAAAABIZH	5	0.0872
stock_b2000_frag	AAAAAABIZJ	33	0.0024
fix_b2000_frag	AAAAAABIZJ	14	0.0024
fix_b5000_frag	AAAAAABIZJ	44	0.0024
stock_b5000_frag	AAAAAABIZJ	22	1.0000
bug2only_b5000_frag	AAAAAABIZJ	46	0.0024
bug1only_b5000_frag	AAAAAABIZJ	22	1.0000
stock_b2000_frag	AAAAAABJAH	33	0.0015
fix_b2000_frag	AAAAAABJAH	52	0.0015
fix_b5000_frag	AAAAAABJAH	52	0.0015
stock_b5000_frag	AAAAAABJAH	39	0.0016
bug2only_b5000_frag	AAAAAABJAH	14	0.0015
bug1only_b5000_frag	AAAAAABJAH	39	0.0016
stock_b2000_frag	AAAAAABJAT	38	0.0024
fix_b2000_frag	AAAAAABJAT	51	0.0024
fix_b5000_frag	AAAAAABJAT	22	0.0024
stock_b5000_frag	AAAAAABJAT	18	0.4271
bug2only_b5000_frag	AAAAAABJAT	21	0.0024
bug1only_b5000_frag	AAAAAABJAT	18	0.4271
stock_b2000_frag	AAAAAABJCA	1	1.0000
fix_b2000_frag	AAAAAABJCA	1	1.0000
fix_b5000_frag	AAAAAABJCA	0	0.9999
stock_b5000_frag	AAAAAABJCA	0	1.0000
bug2only_b5000_frag	AAAAAABJCA	0	0.9999
bug1only_b5000_frag	AAAAAABJCA	0	1.0000
stock_b2000_frag	AAAAAABJCW	2	0.0478
fix_b2000_frag	AAAAAABJCW	2	0.0478
fix_b5000_frag	AAAAAABJCW	2	0.0478
stock_b5000_frag	AAAAAABJCW	2	0.0513
bug2only_b5000_frag	AAAAAABJCW	1	0.0478
bug1only_b5000_frag	AAAAAABJCW	2	0.0513
stock_b2000_frag	AAAAAABJEI	28	0.0218
fix_b2000_frag	AAAAAABJEI	28	0.0218
fix_b5000_frag	AAAAAABJEI	28	0.0218
stock_b5000_frag	AAAAAABJEI	24	0.2926
bug2only_b5000_frag	AAAAAABJEI	28	0.0218
bug1only_b5000_frag	AAAAAABJEI	24	0.2926
stock_b2000_frag	AAAAAABJEU	57	0.0006
fix_b2000_frag	AAAAAABJEU	57	0.0006
fix_b5000_frag	AAAAAABJEU	57	0.0006
stock_b5000_frag	AAAAAABJEU	52	0.5351
bug2only_b5000_frag	AAAAAABJEU	57	0.0006
bug1only_b5000_frag	AAAAAABJEU	52	0.5351
stock_b2000_frag	AAAAAABJFP	23	0.0081
fix_b2000_frag	AAAAAABJFP	20	0.0081
fix_b5000_frag	AAAAAABJFP	18	0.0081
stock_b5000_frag	AAAAAABJFP	20	0.3334
bug2only_b5000_frag	AAAAAABJFP	15	0.0081
bug1only_b5000_frag	AAAAAABJFP	20	0.3334
stock_b2000_frag	AAAAAABJHU	20	0.0124
fix_b2000_frag	AAAAAABJHU	19	0.0124
fix_b5000_frag	AAAAAABJHU	22	0.0047
stock_b5000_frag	AAAAAABJHU	14	0.2123
bug2only_b5000_frag	AAAAAABJHU	32	0.0047
bug1only_b5000_frag	AAAAAABJHU	14	0.2123
stock_b2000_frag	AAAAAABJHZ	33	0.0027
fix_b2000_frag	AAAAAABJHZ	27	0.0027
fix_b5000_frag	AAAAAABJHZ	26	0.0027
stock_b5000_frag	AAAAAABJHZ	26	0.0048
bug2only_b5000_frag	AAAAAABJHZ	44	0.0027
bug1only_b5000_frag	AAAAAABJHZ	26	0.0048
stock_b2000_frag	AAAAAABJIZ	7	0.0763
fix_b2000_frag	AAAAAABJIZ	7	0.0763
fix_b5000_frag	AAAAAABJIZ	6	0.0227
stock_b5000_frag	AAAAAABJIZ	8	1.0000
bug2only_b5000_frag	AAAAAABJIZ	3	0.0227
bug1only_b5000_frag	AAAAAABJIZ	8	1.0000
stock_b2000_frag	AAAAAABJJG	73	0.0009
fix_b2000_frag	AAAAAABJJG	78	0.0009
fix_b5000_frag	AAAAAABJJG	5	0.0009
stock_b5000_frag	AAAAAABJJG	18	1.0000
bug2only_b5000_frag	AAAAAABJJG	85	0.0009
bug1only_b5000_frag	AAAAAABJJG	18	1.0000
stock_b2000_frag	AAAAAABJJX	32	0.0053
fix_b2000_frag	AAAAAABJJX	42	0.0053
fix_b5000_frag	AAAAAABJJX	32	0.0053
stock_b5000_frag	AAAAAABJJX	15	0.5000
bug2only_b5000_frag	AAAAAABJJX	41	0.0053
bug1only_b5000_frag	AAAAAABJJX	15	0.5000
stock_b2000_frag	AAAAAABJKF	2	0.0008
fix_b2000_frag	AAAAAABJKF	49	0.0008
fix_b5000_frag	AAAAAABJKF	42	0.0008
stock_b5000_frag	AAAAAABJKF	45	0.0536
bug2only_b5000_frag	AAAAAABJKF	52	0.0008
bug1only_b5000_frag	AAAAAABJKF	34	0.0536
stock_b2000_frag	AAAAAABJLL	14	0.0101
fix_b2000_frag	AAAAAABJLL	4	0.0101
fix_b5000_frag	AAAAAABJLL	11	0.0100
stock_b5000_frag	AAAAAABJLL	4	0.0909
bug2only_b5000_frag	AAAAAABJLL	15	0.0100
bug1only_b5000_frag	AAAAAABJLL	4	0.0909
stock_b2000_frag	AAAAAABJLV	13	0.0127
fix_b2000_frag	AAAAAABJLV	7	0.0127
fix_b5000_frag	AAAAAABJLV	13	0.0127
stock_b5000_frag	AAAAAABJLV	18	0.0149
bug2only_b5000_frag	AAAAAABJLV	7	0.0127
bug1only_b5000_frag	AAAAAABJLV	5	0.0149
stock_b2000_frag	AAAAAABJMY	84	0.0344
fix_b2000_frag	AAAAAABJMY	84	0.0344
fix_b5000_frag	AAAAAABJMY	84	0.0374
stock_b5000_frag	AAAAAABJMY	79	0.3343
bug2only_b5000_frag	AAAAAABJMY	84	0.0374
bug1only_b5000_frag	AAAAAABJMY	79	0.3343
stock_b2000_frag	AAAAAABJNN	14	0.0008
fix_b2000_frag	AAAAAABJNN	14	0.0008
fix_b5000_frag	AAAAAABJNN	14	0.0008
stock_b5000_frag	AAAAAABJNN	45	0.0012
bug2only_b5000_frag	AAAAAABJNN	14	0.0008
bug1only_b5000_frag	AAAAAABJNN	45	0.0012
stock_b2000_frag	AAAAAABJOW	7	0.0398
fix_b2000_frag	AAAAAABJOW	4	0.0398
fix_b5000_frag	AAAAAABJOW	7	0.0397
stock_b5000_frag	AAAAAABJOW	17	1.0000
bug2only_b5000_frag	AAAAAABJOW	7	0.0397
bug1only_b5000_frag	AAAAAABJOW	17	1.0000
stock_b2000_frag	AAAAAABJQL	20	0.0066
fix_b2000_frag	AAAAAABJQL	17	0.0066
fix_b5000_frag	AAAAAABJQL	12	0.0066
stock_b5000_frag	AAAAAABJQL	10	1.0000
bug2only_b5000_frag	AAAAAABJQL	17	0.0066
bug1only_b5000_frag	AAAAAABJQL	10	1.0000
stock_b2000_frag	AAAAAABJSC	23	0.0007
fix_b2000_frag	AAAAAABJSC	17	0.0007
fix_b5000_frag	AAAAAABJSC	18	0.0007
stock_b5000_frag	AAAAAABJSC	32	0.5000
bug2only_b5000_frag	AAAAAABJSC	41	0.0007
bug1only_b5000_frag	AAAAAABJSC	32	0.5000
stock_b2000_frag	AAAAAABJSN	2	0.0652
fix_b2000_frag	AAAAAABJSN	2	0.0652
fix_b5000_frag	AAAAAABJSN	2	0.0654
stock_b5000_frag	AAAAAABJSN	2	0.0654
bug2only_b5000_frag	AAAAAABJSN	3	0.0654
bug1only_b5000_frag	AAAAAABJSN	3	0.0654
stock_b2000_frag	AAAAAABJSS	5	0.0171
fix_b2000_frag	AAAAAABJSS	3	0.0171
fix_b5000_frag	AAAAAABJSS	19	0.0171
stock_b5000_frag	AAAAAABJSS	16	1.0000
bug2only_b5000_frag	AAAAAABJSS	2	0.0171
bug1only_b5000_frag	AAAAAABJSS	16	1.0000
stock_b2000_frag	AAAAAABJTK	28	0.0033
fix_b2000_frag	AAAAAABJTK	33	0.0033
fix_b5000_frag	AAAAAABJTK	28	0.0033
stock_b5000_frag	AAAAAABJTK	25	0.2501
bug2only_b5000_frag	AAAAAABJTK	14	0.0033
bug1only_b5000_frag	AAAAAABJTK	25	0.2501
stock_b2000_frag	AAAAAABJUJ	0	0.9896
fix_b2000_frag	AAAAAABJUJ	0	0.9896
fix_b5000_frag	AAAAAABJUJ	0	0.9921
stock_b5000_frag	AAAAAABJUJ	6	1.0000
bug2only_b5000_frag	AAAAAABJUJ	0	0.9921
bug1only_b5000_frag	AAAAAABJUJ	6	1.0000
stock_b2000_frag	AAAAAABJUV	11	0.0031
fix_b2000_frag	AAAAAABJUV	6	0.0031
fix_b5000_frag	AAAAAABJUV	6	0.0031
stock_b5000_frag	AAAAAABJUV	98	1.0000
bug2only_b5000_frag	AAAAAABJUV	16	0.0031
bug1only_b5000_frag	AAAAAABJUV	98	1.0000
stock_b2000_frag	AAAAAABJWL	28	0.0055
fix_b2000_frag	AAAAAABJWL	30	0.0055
fix_b5000_frag	AAAAAABJWL	3	0.0055
stock_b5000_frag	AAAAAABJWL	15	0.0065
bug2only_b5000_frag	AAAAAABJWL	27	0.0055
bug1only_b5000_frag	AAAAAABJWL	14	0.0065
stock_b2000_frag	AAAAAABJXG	20	0.0158
fix_b2000_frag	AAAAAABJXG	21	0.0158
fix_b5000_frag	AAAAAABJXG	20	0.0162
stock_b5000_frag	AAAAAABJXG	31	1.0000
bug2only_b5000_frag	AAAAAABJXG	4	0.0162
bug1only_b5000_frag	AAAAAABJXG	31	1.0000
stock_b2000_frag	AAAAAABKAP	19	0.0019
fix_b2000_frag	AAAAAABKAP	49	0.0019
fix_b5000_frag	AAAAAABKAP	13	0.0019
stock_b5000_frag	AAAAAABKAP	21	0.9109
bug2only_b5000_frag	AAAAAABKAP	17	0.0019
bug1only_b5000_frag	AAAAAABKAP	21	0.9109
stock_b2000_frag	AAAAAABKBI	0	0.6739
fix_b2000_frag	AAAAAABKBI	0	0.6739
fix_b5000_frag	AAAAAABKBI	0	0.6501
stock_b5000_frag	AAAAAABKBI	5	1.0000
bug2only_b5000_frag	AAAAAABKBI	0	0.6501
bug1only_b5000_frag	AAAAAABKBI	5	1.0000
stock_b2000_frag	AAAAAABKBM	7	0.0229
fix_b2000_frag	AAAAAABKBM	7	0.0229
fix_b5000_frag	AAAAAABKBM	7	0.0217
stock_b5000_frag	AAAAAABKBM	26	0.9992
bug2only_b5000_frag	AAAAAABKBM	12	0.0217
bug1only_b5000_frag	AAAAAABKBM	26	0.9992
stock_b2000_frag	AAAAAABKBR	31	0.0015
fix_b2000_frag	AAAAAABKBR	26	0.0015
fix_b5000_frag	AAAAAABKBR	54	0.0012
stock_b5000_frag	AAAAAABKBR	23	1.0000
bug2only_b5000_frag	AAAAAABKBR	54	0.0012
bug1only_b5000_frag	AAAAAABKBR	23	1.0000
stock_b2000_frag	AAAAAABKCM	2	0.0092
fix_b2000_frag	AAAAAABKCM	3	0.0092
fix_b5000_frag	AAAAAABKCM	19	0.0092
stock_b5000_frag	AAAAAABKCM	3	0.0134
bug2only_b5000_frag	AAAAAABKCM	19	0.0092
bug1only_b5000_frag	AAAAAABKCM	2	0.0134
stock_b2000_frag	AAAAAABKCP	33	0.0011
fix_b2000_frag	AAAAAABKCP	57	0.0011
fix_b5000_frag	AAAAAABKCP	41	0.0011
stock_b5000_frag	AAAAAABKCP	74	0.0024
bug2only_b5000_frag	AAAAAABKCP	81	0.0011
bug1only_b5000_frag	AAAAAABKCP	80	0.0024
stock_b2000_frag	AAAAAABKDX	0	0.9026
fix_b2000_frag	AAAAAABKDX	0	0.9026
fix_b5000_frag	AAAAAABKDX	0	0.9056
stock_b5000_frag	AAAAAABKDX	7	0.5032
bug2only_b5000_frag	AAAAAABKDX	0	0.9056
bug1only_b5000_frag	AAAAAABKDX	7	0.5032
stock_b2000_frag	AAAAAABKEK	30	0.0051
fix_b2000_frag	AAAAAABKEK	31	0.0051
fix_b5000_frag	AAAAAABKEK	34	0.0051
stock_b5000_frag	AAAAAABKEK	12	1.0000
bug2only_b5000_frag	AAAAAABKEK	8	0.0051
bug1only_b5000_frag	AAAAAABKEK	12	1.0000
stock_b2000_frag	AAAAAABKFU	3	0.0235
fix_b2000_frag	AAAAAABKFU	3	0.0235
fix_b5000_frag	AAAAAABKFU	5	0.0236
stock_b5000_frag	AAAAAABKFU	16	0.9997
bug2only_b5000_frag	AAAAAABKFU	1	0.0236
bug1only_b5000_frag	AAAAAABKFU	16	0.9997
stock_b2000_frag	AAAAAABKHR	5	0.0061
fix_b2000_frag	AAAAAABKHR	11	0.0061
fix_b5000_frag	AAAAAABKHR	5	0.0062
stock_b5000_frag	AAAAAABKHR	11	0.5253
bug2only_b5000_frag	AAAAAABKHR	12	0.0062
bug1only_b5000_frag	AAAAAABKHR	11	0.5253
stock_b2000_frag	AAAAAABKIS	0	0.9930
fix_b2000_frag	AAAAAABKIS	0	0.9930
fix_b5000_frag	AAAAAABKIS	0	0.9937
stock_b5000_frag	AAAAAABKIS	0	0.9867
bug2only_b5000_frag	AAAAAABKIS	0	0.9937
bug1only_b5000_frag	AAAAAABKIS	0	0.9867
stock_b2000_frag	AAAAAABKKD	57	0.0007
fix_b2000_frag	AAAAAABKKD	63	0.0007
fix_b5000_frag	AAAAAABKKD	100	0.0006
stock_b5000_frag	AAAAAABKKD	54	0.0200
bug2only_b5000_frag	AAAAAABKKD	61	0.0006
bug1only_b5000_frag	AAAAAABKKD	54	0.0200
stock_b2000_frag	AAAAAABKNJ	11	0.0237
fix_b2000_frag	AAAAAABKNJ	9	0.0237
fix_b5000_frag	AAAAAABKNJ	11	0.0238
stock_b5000_frag	AAAAAABKNJ	10	0.0238
bug2only_b5000_frag	AAAAAABKNJ	10	0.0238
bug1only_b5000_frag	AAAAAABKNJ	9	0.0238
stock_b2000_frag	AAAAAABKOL	2	0.0112
fix_b2000_frag	AAAAAABKOL	13	0.0112
fix_b5000_frag	AAAAAABKOL	15	0.0112
stock_b5000_frag	AAAAAABKOL	31	1.0000
bug2only_b5000_frag	AAAAAABKOL	5	0.0112
bug1only_b5000_frag	AAAAAABKOL	31	1.0000
stock_b2000_frag	AAAAAABKQH	10	0.0137
fix_b2000_frag	AAAAAABKQH	11	0.0137
fix_b5000_frag	AAAAAABKQH	9	0.0137
stock_b5000_frag	AAAAAABKQH	19	0.3334
bug2only_b5000_frag	AAAAAABKQH	8	0.0137
bug1only_b5000_frag	AAAAAABKQH	19	0.3334
stock_b2000_frag	AAAAAABKSP	9	0.0149
fix_b2000_frag	AAAAAABKSP	9	0.0149
fix_b5000_frag	AAAAAABKSP	9	0.0149
stock_b5000_frag	AAAAAABKSP	23	0.3335
bug2only_b5000_frag	AAAAAABKSP	9	0.0149
bug1only_b5000_frag	AAAAAABKSP	23	0.3335
stock_b2000_frag	AAAAAABKSZ	36	0.0103
fix_b2000_frag	AAAAAABKSZ	36	0.0103
fix_b5000_frag	AAAAAABKSZ	27	0.0103
stock_b5000_frag	AAAAAABKSZ	7	0.5023
bug2only_b5000_frag	AAAAAABKSZ	27	0.0103
bug1only_b5000_frag	AAAAAABKSZ	7	0.5023
stock_b2000_frag	AAAAAABKUC	38	0.0012
fix_b2000_frag	AAAAAABKUC	102	0.0012
fix_b5000_frag	AAAAAABKUC	68	0.0012
stock_b5000_frag	AAAAAABKUC	75	0.0556
bug2only_b5000_frag	AAAAAABKUC	107	0.0012
bug1only_b5000_frag	AAAAAABKUC	74	0.0556
stock_b2000_frag	AAAAAABKUS	86	0.0007
fix_b2000_frag	AAAAAABKUS	162	0.0007
fix_b5000_frag	AAAAAABKUS	116	0.0007
stock_b5000_frag	AAAAAABKUS	208	1.0000
bug2only_b5000_frag	AAAAAABKUS	149	0.0007
bug1only_b5000_frag	AAAAAABKUS	208	1.0000
stock_b2000_frag	AAAAAABKXA	50	0.0014
fix_b2000_frag	AAAAAABKXA	48	0.0014
fix_b5000_frag	AAAAAABKXA	47	0.0014
stock_b5000_frag	AAAAAABKXA	17	0.0998
bug2only_b5000_frag	AAAAAABKXA	35	0.0014
bug1only_b5000_frag	AAAAAABKXA	17	0.0998
stock_b2000_frag	AAAAAABKXB	2	0.0303
fix_b2000_frag	AAAAAABKXB	3	0.0303
fix_b5000_frag	AAAAAABKXB	2	0.0303
stock_b5000_frag	AAAAAABKXB	2	0.0316
bug2only_b5000_frag	AAAAAABKXB	2	0.0303
bug1only_b5000_frag	AAAAAABKXB	3	0.0316
stock_b2000_frag	AAAAAABKXE	11	0.0067
fix_b2000_frag	AAAAAABKXE	11	0.0067
fix_b5000_frag	AAAAAABKXE	8	0.0067
stock_b5000_frag	AAAAAABKXE	13	1.0000
bug2only_b5000_frag	AAAAAABKXE	14	0.0067
bug1only_b5000_frag	AAAAAABKXE	13	1.0000
stock_b2000_frag	AAAAAABKXV	59	0.0015
fix_b2000_frag	AAAAAABKXV	47	0.0015
fix_b5000_frag	AAAAAABKXV	47	0.0015
stock_b5000_frag	AAAAAABKXV	38	0.3334
bug2only_b5000_frag	AAAAAABKXV	44	0.0015
bug1only_b5000_frag	AAAAAABKXV	38	0.3334
stock_b2000_frag	AAAAAABKYS	19	0.0118
fix_b2000_frag	AAAAAABKYS	23	0.0118
fix_b5000_frag	AAAAAABKYS	22	0.0118
stock_b5000_frag	AAAAAABKYS	32	1.0000
bug2only_b5000_frag	AAAAAABKYS	7	0.0118
bug1only_b5000_frag	AAAAAABKYS	32	1.0000
stock_b2000_frag	AAAAAABKZW	2	0.0023
fix_b2000_frag	AAAAAABKZW	1	0.0023
fix_b5000_frag	AAAAAABKZW	26	0.0023
stock_b5000_frag	AAAAAABKZW	10	0.0023
bug2only_b5000_frag	AAAAAABKZW	9	0.0023
bug1only_b5000_frag	AAAAAABKZW	24	0.0023
stock_b2000_frag	AAAAAABLAM	16	0.1190
fix_b2000_frag	AAAAAABLAM	16	0.1190
fix_b5000_frag	AAAAAABLAM	16	0.1379
stock_b5000_frag	AAAAAABLAM	15	0.1253
bug2only_b5000_frag	AAAAAABLAM	16	0.1379
bug1only_b5000_frag	AAAAAABLAM	15	0.1253
stock_b2000_frag	AAAAAABLAP	1	0.0452
fix_b2000_frag	AAAAAABLAP	2	0.0452
fix_b5000_frag	AAAAAABLAP	2	0.0452
stock_b5000_frag	AAAAAABLAP	2	0.2001
bug2only_b5000_frag	AAAAAABLAP	2	0.0452
bug1only_b5000_frag	AAAAAABLAP	2	0.2001
stock_b2000_frag	AAAAAABLDL	44	0.0009
fix_b2000_frag	AAAAAABLDL	49	0.0009
fix_b5000_frag	AAAAAABLDL	21	0.0009
stock_b5000_frag	AAAAAABLDL	80	0.2000
bug2only_b5000_frag	AAAAAABLDL	69	0.0009
bug1only_b5000_frag	AAAAAABLDL	80	0.2000
stock_b2000_frag	AAAAAABLEW	0	1.0000
fix_b2000_frag	AAAAAABLEW	0	1.0000
fix_b5000_frag	AAAAAABLEW	0	1.0000
stock_b5000_frag	AAAAAABLEW	0	1.0000
bug2only_b5000_frag	AAAAAABLEW	0	1.0000
bug1only_b5000_frag	AAAAAABLEW	0	1.0000
stock_b2000_frag	AAAAAABLFH	12	0.0270
fix_b2000_frag	AAAAAABLFH	12	0.0270
fix_b5000_frag	AAAAAABLFH	9	0.0270
stock_b5000_frag	AAAAAABLFH	10	0.0303
bug2only_b5000_frag	AAAAAABLFH	9	0.0270
bug1only_b5000_frag	AAAAAABLFH	10	0.0303
stock_b2000_frag	AAAAAABLFW	92	0.0008
fix_b2000_frag	AAAAAABLFW	89	0.0008
fix_b5000_frag	AAAAAABLFW	97	0.0007
stock_b5000_frag	AAAAAABLFW	95	1.0000
bug2only_b5000_frag	AAAAAABLFW	70	0.0007
bug1only_b5000_frag	AAAAAABLFW	95	1.0000
stock_b2000_frag	AAAAAABLHG	3	0.0892
fix_b2000_frag	AAAAAABLHG	3	0.0892
fix_b5000_frag	AAAAAABLHG	3	0.0892
stock_b5000_frag	AAAAAABLHG	32	0.8715
bug2only_b5000_frag	AAAAAABLHG	3	0.0892
bug1only_b5000_frag	AAAAAABLHG	32	0.8766
stock_b2000_frag	AAAAAABLIT	10	0.0138
fix_b2000_frag	AAAAAABLIT	10	0.0138
fix_b5000_frag	AAAAAABLIT	14	0.0144
stock_b5000_frag	AAAAAABLIT	119	1.0000
bug2only_b5000_frag	AAAAAABLIT	18	0.0144
bug1only_b5000_frag	AAAAAABLIT	119	1.0000
stock_b2000_frag	AAAAAABLJC	14	0.0088
fix_b2000_frag	AAAAAABLJC	21	0.0088
fix_b5000_frag	AAAAAABLJC	21	0.0089
stock_b5000_frag	AAAAAABLJC	16	0.3501
bug2only_b5000_frag	AAAAAABLJC	2	0.0089
bug1only_b5000_frag	AAAAAABLJC	16	0.3501
stock_b2000_frag	AAAAAABLPS	48	0.0017
fix_b2000_frag	AAAAAABLPS	60	0.0017
fix_b5000_frag	AAAAAABLPS	49	0.0017
stock_b5000_frag	AAAAAABLPS	17	0.0667
bug2only_b5000_frag	AAAAAABLPS	48	0.0017
bug1only_b5000_frag	AAAAAABLPS	9	0.0667
stock_b2000_frag	AAAAAABLPU	16	0.0014
fix_b2000_frag	AAAAAABLPU	18	0.0014
fix_b5000_frag	AAAAAABLPU	19	0.0013
stock_b5000_frag	AAAAAABLPU	18	0.1667
bug2only_b5000_frag	AAAAAABLPU	93	0.0013
bug1only_b5000_frag	AAAAAABLPU	18	0.1667
stock_b2000_frag	AAAAAABLQC	0	0.6864
fix_b2000_frag	AAAAAABLQC	0	0.6864
fix_b5000_frag	AAAAAABLQC	0	0.6759
stock_b5000_frag	AAAAAABLQC	1	0.0122
bug2only_b5000_frag	AAAAAABLQC	0	0.6759
bug1only_b5000_frag	AAAAAABLQC	1	0.0122
stock_b2000_frag	AAAAAABLQG	16	0.0063
fix_b2000_frag	AAAAAABLQG	11	0.0063
fix_b5000_frag	AAAAAABLQG	8	0.0063
stock_b5000_frag	AAAAAABLQG	23	0.2882
bug2only_b5000_frag	AAAAAABLQG	11	0.0063
bug1only_b5000_frag	AAAAAABLQG	23	0.2882
stock_b2000_frag	AAAAAABLRT	23	0.0133
fix_b2000_frag	AAAAAABLRT	22	0.0133
fix_b5000_frag	AAAAAABLRT	23	0.0133
stock_b5000_frag	AAAAAABLRT	8	1.0000
bug2only_b5000_frag	AAAAAABLRT	21	0.0133
bug1only_b5000_frag	AAAAAABLRT	8	1.0000
stock_b2000_frag	AAAAAABLSF	11	0.0031
fix_b2000_frag	AAAAAABLSF	11	0.0031
fix_b5000_frag	AAAAAABLSF	14	0.0031
stock_b5000_frag	AAAAAABLSF	25	0.5001
bug2only_b5000_frag	AAAAAABLSF	15	0.0031
bug1only_b5000_frag	AAAAAABLSF	25	0.5001
stock_b2000_frag	AAAAAABLSG	21	0.0101
fix_b2000_frag	AAAAAABLSG	19	0.0101
fix_b5000_frag	AAAAAABLSG	19	0.0101
stock_b5000_frag	AAAAAABLSG	4	0.0167
bug2only_b5000_frag	AAAAAABLSG	6	0.0101
bug1only_b5000_frag	AAAAAABLSG	4	0.0167
stock_b2000_frag	AAAAAABLSK	60	0.0011
fix_b2000_frag	AAAAAABLSK	10	0.0011
fix_b5000_frag	AAAAAABLSK	68	0.0011
stock_b5000_frag	AAAAAABLSK	50	0.4995
bug2only_b5000_frag	AAAAAABLSK	14	0.0011
bug1only_b5000_frag	AAAAAABLSK	50	0.4995
stock_b2000_frag	AAAAAABLTC	14	0.0200
fix_b2000_frag	AAAAAABLTC	11	0.0200
fix_b5000_frag	AAAAAABLTC	10	0.0200
stock_b5000_frag	AAAAAABLTC	14	0.0200
bug2only_b5000_frag	AAAAAABLTC	14	0.0200
bug1only_b5000_frag	AAAAAABLTC	10	0.0200
stock_b2000_frag	AAAAAABLTP	25	0.0104
fix_b2000_frag	AAAAAABLTP	25	0.0104
fix_b5000_frag	AAAAAABLTP	25	0.0104
stock_b5000_frag	AAAAAABLTP	13	0.9950
bug2only_b5000_frag	AAAAAABLTP	22	0.0104
bug1only_b5000_frag	AAAAAABLTP	13	0.9950
stock_b2000_frag	AAAAAABLUL	18	0.0049
fix_b2000_frag	AAAAAABLUL	12	0.0049
fix_b5000_frag	AAAAAABLUL	3	0.0049
stock_b5000_frag	AAAAAABLUL	38	1.0000
bug2only_b5000_frag	AAAAAABLUL	23	0.0049
bug1only_b5000_frag	AAAAAABLUL	38	1.0000
stock_b2000_frag	AAAAAABLUS	26	0.0062
fix_b2000_frag	AAAAAABLUS	24	0.0062
fix_b5000_frag	AAAAAABLUS	7	0.0062
stock_b5000_frag	AAAAAABLUS	15	0.0084
bug2only_b5000_frag	AAAAAABLUS	4	0.0062
bug1only_b5000_frag	AAAAAABLUS	15	0.0084
stock_b2000_frag	AAAAAABLVB	22	0.0045
fix_b2000_frag	AAAAAABLVB	18	0.0045
fix_b5000_frag	AAAAAABLVB	5	0.0045
stock_b5000_frag	AAAAAABLVB	16	1.0000
bug2only_b5000_frag	AAAAAABLVB	20	0.0045
bug1only_b5000_frag	AAAAAABLVB	16	1.0000
stock_b2000_frag	AAAAAABLXL	1	0.3329
fix_b2000_frag	AAAAAABLXL	1	0.3329
fix_b5000_frag	AAAAAABLXL	1	0.3329
stock_b5000_frag	AAAAAABLXL	1	0.3339
bug2only_b5000_frag	AAAAAABLXL	1	0.3329
bug1only_b5000_frag	AAAAAABLXL	1	0.3339
stock_b2000_frag	AAAAAABLXX	1	0.0275
fix_b2000_frag	AAAAAABLXX	7	0.0275
fix_b5000_frag	AAAAAABLXX	2	0.0270
stock_b5000_frag	AAAAAABLXX	7	0.0284
bug2only_b5000_frag	AAAAAABLXX	2	0.0270
bug1only_b5000_frag	AAAAAABLXX	2	0.0284
stock_b2000_frag	AAAAAABLYE	16	0.0029
fix_b2000_frag	AAAAAABLYE	22	0.0029
fix_b5000_frag	AAAAAABLYE	18	0.0029
stock_b5000_frag	AAAAAABLYE	9	0.0714
bug2only_b5000_frag	AAAAAABLYE	18	0.0029
bug1only_b5000_frag	AAAAAABLYE	11	0.0714
stock_b2000_frag	AAAAAABLYL	2	0.1853
fix_b2000_frag	AAAAAABLYL	2	0.1853
fix_b5000_frag	AAAAAABLYL	2	0.1848
stock_b5000_frag	AAAAAABLYL	2	0.2462
bug2only_b5000_frag	AAAAAABLYL	2	0.1848
bug1only_b5000_frag	AAAAAABLYL	2	0.2462
stock_b2000_frag	AAAAAABLYY	27	0.0076
fix_b2000_frag	AAAAAABLYY	23	0.0076
fix_b5000_frag	AAAAAABLYY	27	0.0076
stock_b5000_frag	AAAAAABLYY	21	0.1112
bug2only_b5000_frag	AAAAAABLYY	23	0.0076
bug1only_b5000_frag	AAAAAABLYY	21	0.1112
stock_b2000_frag	AAAAAABLZQ	9	0.0052
fix_b2000_frag	AAAAAABLZQ	9	0.0052
fix_b5000_frag	AAAAAABLZQ	9	0.0052
stock_b5000_frag	AAAAAABLZQ	12	1.0000
bug2only_b5000_frag	AAAAAABLZQ	10	0.0052
bug1only_b5000_frag	AAAAAABLZQ	12	1.0000
stock_b2000_frag	AAAAAABMBN	20	0.0026
fix_b2000_frag	AAAAAABMBN	14	0.0026
fix_b5000_frag	AAAAAABMBN	13	0.0026
stock_b5000_frag	AAAAAABMBN	24	1.0000
bug2only_b5000_frag	AAAAAABMBN	14	0.0026
bug1only_b5000_frag	AAAAAABMBN	24	1.0000
stock_b2000_frag	AAAAAABMBW	0	0.8663
fix_b2000_frag	AAAAAABMBW	0	0.8663
fix_b5000_frag	AAAAAABMBW	0	0.8624
stock_b5000_frag	AAAAAABMBW	0	0.9757
bug2only_b5000_frag	AAAAAABMBW	0	0.8624
bug1only_b5000_frag	AAAAAABMBW	0	0.9757
stock_b2000_frag	AAAAAABMBZ	14	0.0088
fix_b2000_frag	AAAAAABMBZ	7	0.0088
fix_b5000_frag	AAAAAABMBZ	8	0.0088
stock_b5000_frag	AAAAAABMBZ	6	0.5945
bug2only_b5000_frag	AAAAAABMBZ	13	0.0088
bug1only_b5000_frag	AAAAAABMBZ	6	0.5945
stock_b2000_frag	AAAAAABMDE	27	0.0006
fix_b2000_frag	AAAAAABMDE	21	0.0006
fix_b5000_frag	AAAAAABMDE	154	0.0006
stock_b5000_frag	AAAAAABMDE	113	0.5707
bug2only_b5000_frag	AAAAAABMDE	200	0.0006
bug1only_b5000_frag	AAAAAABMDE	113	0.5707
stock_b2000_frag	AAAAAABMDR	35	0.0011
fix_b2000_frag	AAAAAABMDR	56	0.0011
fix_b5000_frag	AAAAAABMDR	55	0.0011
stock_b5000_frag	AAAAAABMDR	27	0.5080
bug2only_b5000_frag	AAAAAABMDR	55	0.0011
bug1only_b5000_frag	AAAAAABMDR	27	0.5080
stock_b2000_frag	AAAAAABMDW	9	0.0006
fix_b2000_frag	AAAAAABMDW	23	0.0006
fix_b5000_frag	AAAAAABMDW	131	0.0006
stock_b5000_frag	AAAAAABMDW	25	0.0833
bug2only_b5000_frag	AAAAAABMDW	57	0.0006
bug1only_b5000_frag	AAAAAABMDW	25	0.0833
stock_b2000_frag	AAAAAABMFG	81	0.0007
fix_b2000_frag	AAAAAABMFG	28	0.0007
fix_b5000_frag	AAAAAABMFG	79	0.0007
stock_b5000_frag	AAAAAABMFG	98	0.1250
bug2only_b5000_frag	AAAAAABMFG	38	0.0007
bug1only_b5000_frag	AAAAAABMFG	98	0.1250
stock_b2000_frag	AAAAAABMGA	134	0.0015
fix_b2000_frag	AAAAAABMGA	93	0.0015
fix_b5000_frag	AAAAAABMGA	145	0.0015
stock_b5000_frag	AAAAAABMGA	164	0.3438
bug2only_b5000_frag	AAAAAABMGA	19	0.0015
bug1only_b5000_frag	AAAAAABMGA	164	0.3438
stock_b2000_frag	AAAAAABMHJ	0	0.3632
fix_b2000_frag	AAAAAABMHJ	0	0.3632
fix_b5000_frag	AAAAAABMHJ	0	0.3823
stock_b5000_frag	AAAAAABMHJ	97	0.1429
bug2only_b5000_frag	AAAAAABMHJ	0	0.3823
bug1only_b5000_frag	AAAAAABMHJ	97	0.1429
stock_b2000_frag	AAAAAABMHM	22	0.0046
fix_b2000_frag	AAAAAABMHM	22	0.0046
fix_b5000_frag	AAAAAABMHM	20	0.0046
stock_b5000_frag	AAAAAABMHM	64	1.0000
bug2only_b5000_frag	AAAAAABMHM	17	0.0046
bug1only_b5000_frag	AAAAAABMHM	64	1.0000
stock_b2000_frag	AAAAAABMJA	43	0.0028
fix_b2000_frag	AAAAAABMJA	42	0.0028
fix_b5000_frag	AAAAAABMJA	12	0.0027
stock_b5000_frag	AAAAAABMJA	19	1.0000
bug2only_b5000_frag	AAAAAABMJA	41	0.0027
bug1only_b5000_frag	AAAAAABMJA	19	1.0000
stock_b2000_frag	AAAAAABMKK	8	0.0112
fix_b2000_frag	AAAAAABMKK	9	0.0112
fix_b5000_frag	AAAAAABMKK	5	0.0112
stock_b5000_frag	AAAAAABMKK	8	0.0115
bug2only_b5000_frag	AAAAAABMKK	4	0.0112
bug1only_b5000_frag	AAAAAABMKK	6	0.0115
stock_b2000_frag	AAAAAABMKT	0	0.2753
fix_b2000_frag	AAAAAABMKT	0	0.2753
fix_b5000_frag	AAAAAABMKT	0	0.2759
stock_b5000_frag	AAAAAABMKT	19	0.2505
bug2only_b5000_frag	AAAAAABMKT	0	0.2759
bug1only_b5000_frag	AAAAAABMKT	19	0.2505
stock_b2000_frag	AAAAAABMLC	81	0.0015
fix_b2000_frag	AAAAAABMLC	26	0.0015
fix_b5000_frag	AAAAAABMLC	41	0.0015
stock_b5000_frag	AAAAAABMLC	148	0.5045
bug2only_b5000_frag	AAAAAABMLC	34	0.0015
bug1only_b5000_frag	AAAAAABMLC	148	0.5045
stock_b2000_frag	AAAAAABMLN	4	0.2675
fix_b2000_frag	AAAAAABMLN	4	0.2675
fix_b5000_frag	AAAAAABMLN	4	0.4108
stock_b5000_frag	AAAAAABMLN	3	0.9478
bug2only_b5000_frag	AAAAAABMLN	4	0.4108
bug1only_b5000_frag	AAAAAABMLN	3	0.9478
stock_b2000_frag	AAAAAABMNY	7	0.0025
fix_b2000_frag	AAAAAABMNY	17	0.0025
fix_b5000_frag	AAAAAABMNY	35	0.0025
stock_b5000_frag	AAAAAABMNY	34	0.0526
bug2only_b5000_frag	AAAAAABMNY	38	0.0025
bug1only_b5000_frag	AAAAAABMNY	34	0.0526
stock_b2000_frag	AAAAAABMPL	1	0.0595
fix_b2000_frag	AAAAAABMPL	1	0.0595
fix_b5000_frag	AAAAAABMPL	1	0.0591
stock_b5000_frag	AAAAAABMPL	2	1.0000
bug2only_b5000_frag	AAAAAABMPL	1	0.0591
bug1only_b5000_frag	AAAAAABMPL	2	1.0000
stock_b2000_frag	AAAAAABMQP	2	0.1317
fix_b2000_frag	AAAAAABMQP	2	0.1317
fix_b5000_frag	AAAAAABMQP	2	0.1317
stock_b5000_frag	AAAAAABMQP	2	0.1395
bug2only_b5000_frag	AAAAAABMQP	2	0.1317
bug1only_b5000_frag	AAAAAABMQP	2	0.1395
stock_b2000_frag	AAAAAABMQV	36	0.0011
fix_b2000_frag	AAAAAABMQV	40	0.0011
fix_b5000_frag	AAAAAABMQV	47	0.0011
stock_b5000_frag	AAAAAABMQV	6	0.0266
bug2only_b5000_frag	AAAAAABMQV	5	0.0011
bug1only_b5000_frag	AAAAAABMQV	5	0.0265
stock_b2000_frag	AAAAAABMQZ	13	0.0039
fix_b2000_frag	AAAAAABMQZ	18	0.0039
fix_b5000_frag	AAAAAABMQZ	21	0.0039
stock_b5000_frag	AAAAAABMQZ	20	0.0043
bug2only_b5000_frag	AAAAAABMQZ	37	0.0039
bug1only_b5000_frag	AAAAAABMQZ	26	0.0043
stock_b2000_frag	AAAAAABMRM	65	0.0009
fix_b2000_frag	AAAAAABMRM	187	0.0009
fix_b5000_frag	AAAAAABMRM	183	0.0009
stock_b5000_frag	AAAAAABMRM	75	0.3333
bug2only_b5000_frag	AAAAAABMRM	22	0.0009
bug1only_b5000_frag	AAAAAABMRM	75	0.3333
stock_b2000_frag	AAAAAABMSC	12	0.0040
fix_b2000_frag	AAAAAABMSC	12	0.0040
fix_b5000_frag	AAAAAABMSC	11	0.0040
stock_b5000_frag	AAAAAABMSC	20	0.2000
bug2only_b5000_frag	AAAAAABMSC	12	0.0040
bug1only_b5000_frag	AAAAAABMSC	20	0.2000
stock_b2000_frag	AAAAAABMSH	12	0.0024
fix_b2000_frag	AAAAAABMSH	14	0.0024
fix_b5000_frag	AAAAAABMSH	2	0.0024
stock_b5000_frag	AAAAAABMSH	5	1.0000
bug2only_b5000_frag	AAAAAABMSH	2	0.0024
bug1only_b5000_frag	AAAAAABMSH	5	1.0000
stock_b2000_frag	AAAAAABMWO	129	0.0015
fix_b2000_frag	AAAAAABMWO	22	0.0015
fix_b5000_frag	AAAAAABMWO	108	0.0015
stock_b5000_frag	AAAAAABMWO	111	1.0000
bug2only_b5000_frag	AAAAAABMWO	102	0.0015
bug1only_b5000_frag	AAAAAABMWO	111	1.0000
stock_b2000_frag	AAAAAABMXC	1	0.0105
fix_b2000_frag	AAAAAABMXC	2	0.0105
fix_b5000_frag	AAAAAABMXC	28	0.0106
stock_b5000_frag	AAAAAABMXC	4	0.0106
bug2only_b5000_frag	AAAAAABMXC	11	0.0106
bug1only_b5000_frag	AAAAAABMXC	14	0.0106
stock_b2000_frag	AAAAAABMXR	51	0.0038
fix_b2000_frag	AAAAAABMXR	15	0.0038
fix_b5000_frag	AAAAAABMXR	51	0.0038
stock_b5000_frag	AAAAAABMXR	10	0.8533
bug2only_b5000_frag	AAAAAABMXR	13	0.0038
bug1only_b5000_frag	AAAAAABMXR	10	0.8533
stock_b2000_frag	AAAAAABMYN	1	0.3511
fix_b2000_frag	AAAAAABMYN	1	0.3511
fix_b5000_frag	AAAAAABMYN	1	0.9515
stock_b5000_frag	AAAAAABMYN	1	1.0000
bug2only_b5000_frag	AAAAAABMYN	1	0.9515
bug1only_b5000_frag	AAAAAABMYN	1	1.0000
stock_b2000_frag	AAAAAABMZC	39	0.0014
fix_b2000_frag	AAAAAABMZC	39	0.0014
fix_b5000_frag	AAAAAABMZC	37	0.0014
stock_b5000_frag	AAAAAABMZC	24	1.0000
bug2only_b5000_frag	AAAAAABMZC	36	0.0014
bug1only_b5000_frag	AAAAAABMZC	24	1.0000
stock_b2000_frag	AAAAAABNAA	3	0.8367
fix_b2000_frag	AAAAAABNAA	3	0.8367
fix_b5000_frag	AAAAAABNAA	7	0.3954
stock_b5000_frag	AAAAAABNAA	1	0.9991
bug2only_b5000_frag	AAAAAABNAA	7	0.3954
bug1only_b5000_frag	AAAAAABNAA	1	0.9991
stock_b2000_frag	AAAAAABNBD	49	0.0014
fix_b2000_frag	AAAAAABNBD	13	0.0014
fix_b5000_frag	AAAAAABNBD	44	0.0013
stock_b5000_frag	AAAAAABNBD	20	0.2508
bug2only_b5000_frag	AAAAAABNBD	49	0.0013
bug1only_b5000_frag	AAAAAABNBD	20	0.2508
stock_b2000_frag	AAAAAABNCK	1	0.3201
fix_b2000_frag	AAAAAABNCK	1	0.3201
fix_b5000_frag	AAAAAABNCK	1	0.3301
stock_b5000_frag	AAAAAABNCK	8	0.9989
bug2only_b5000_frag	AAAAAABNCK	1	0.3301
bug1only_b5000_frag	AAAAAABNCK	8	0.9989
stock_b2000_frag	AAAAAABNDT	98	0.0007
fix_b2000_frag	AAAAAABNDT	25	0.0007
fix_b5000_frag	AAAAAABNDT	68	0.0007
stock_b5000_frag	AAAAAABNDT	165	0.1429
bug2only_b5000_frag	AAAAAABNDT	95	0.0007
bug1only_b5000_frag	AAAAAABNDT	165	0.1429
stock_b2000_frag	AAAAAABNDU	1	0.0370
fix_b2000_frag	AAAAAABNDU	5	0.0370
fix_b5000_frag	AAAAAABNDU	6	0.0370
stock_b5000_frag	AAAAAABNDU	20	0.3334
bug2only_b5000_frag	AAAAAABNDU	6	0.0370
bug1only_b5000_frag	AAAAAABNDU	20	0.3334
stock_b2000_frag	AAAAAABNEG	23	0.0020
fix_b2000_frag	AAAAAABNEG	14	0.0020
fix_b5000_frag	AAAAAABNEG	26	0.0020
stock_b5000_frag	AAAAAABNEG	51	1.0000
bug2only_b5000_frag	AAAAAABNEG	5	0.0020
bug1only_b5000_frag	AAAAAABNEG	51	1.0000
stock_b2000_frag	AAAAAABNEQ	0	0.9995
fix_b2000_frag	AAAAAABNEQ	0	0.9995
fix_b5000_frag	AAAAAABNEQ	0	0.9995
stock_b5000_frag	AAAAAABNEQ	1	0.2501
bug2only_b5000_frag	AAAAAABNEQ	0	0.9995
bug1only_b5000_frag	AAAAAABNEQ	1	0.2501
stock_b2000_frag	AAAAAABNER	94	0.0043
fix_b2000_frag	AAAAAABNER	7	0.0043
fix_b5000_frag	AAAAAABNER	93	0.0044
stock_b5000_frag	AAAAAABNER	28	0.5001
bug2only_b5000_frag	AAAAAABNER	60	0.0044
bug1only_b5000_frag	AAAAAABNER	28	0.5001
stock_b2000_frag	AAAAAABNFD	4	0.0045
fix_b2000_frag	AAAAAABNFD	14	0.0045
fix_b5000_frag	AAAAAABNFD	14	0.0046
stock_b5000_frag	AAAAAABNFD	38	0.5003
bug2only_b5000_frag	AAAAAABNFD	24	0.0046
bug1only_b5000_frag	AAAAAABNFD	38	0.5003
stock_b2000_frag	AAAAAABNFT	22	0.0241
fix_b2000_frag	AAAAAABNFT	20	0.0241
fix_b5000_frag	AAAAAABNFT	17	0.0243
stock_b5000_frag	AAAAAABNFT	54	0.5000
bug2only_b5000_frag	AAAAAABNFT	4	0.0243
bug1only_b5000_frag	AAAAAABNFT	54	0.5000
stock_b2000_frag	AAAAAABNHO	1	0.0476
fix_b2000_frag	AAAAAABNHO	1	0.0476
fix_b5000_frag	AAAAAABNHO	2	0.0476
stock_b5000_frag	AAAAAABNHO	1	0.3333
bug2only_b5000_frag	AAAAAABNHO	1	0.0476
bug1only_b5000_frag	AAAAAABNHO	1	0.3333
stock_b2000_frag	AAAAAABNIH	13	0.0076
fix_b2000_frag	AAAAAABNIH	29	0.0076
fix_b5000_frag	AAAAAABNIH	22	0.0076
stock_b5000_frag	AAAAAABNIH	9	0.0098
bug2only_b5000_frag	AAAAAABNIH	9	0.0076
bug1only_b5000_frag	AAAAAABNIH	22	0.0098
stock_b2000_frag	AAAAAABNLB	3	0.1109
fix_b2000_frag	AAAAAABNLB	3	0.1109
fix_b5000_frag	AAAAAABNLB	3	0.1098
stock_b5000_frag	AAAAAABNLB	2	0.1110
bug2only_b5000_frag	AAAAAABNLB	3	0.1098
bug1only_b5000_frag	AAAAAABNLB	4	0.1110
stock_b2000_frag	AAAAAABNNE	0	1.0000
fix_b2000_frag	AAAAAABNNE	0	1.0000
fix_b5000_frag	AAAAAABNNE	0	1.0000
stock_b5000_frag	AAAAAABNNE	0	1.0000
bug2only_b5000_frag	AAAAAABNNE	0	1.0000
bug1only_b5000_frag	AAAAAABNNE	0	1.0000
stock_b2000_frag	AAAAAABNNO	25	0.0015
fix_b2000_frag	AAAAAABNNO	8	0.0015
fix_b5000_frag	AAAAAABNNO	55	0.0015
stock_b5000_frag	AAAAAABNNO	19	1.0000
bug2only_b5000_frag	AAAAAABNNO	27	0.0015
bug1only_b5000_frag	AAAAAABNNO	19	1.0000
stock_b2000_frag	AAAAAABNOZ	4	0.0199
fix_b2000_frag	AAAAAABNOZ	4	0.0199
fix_b5000_frag	AAAAAABNOZ	4	0.0241
stock_b5000_frag	AAAAAABNOZ	4	0.0241
bug2only_b5000_frag	AAAAAABNOZ	4	0.0241
bug1only_b5000_frag	AAAAAABNOZ	4	0.0241
stock_b2000_frag	AAAAAABNPS	6	0.0077
fix_b2000_frag	AAAAAABNPS	19	0.0077
fix_b5000_frag	AAAAAABNPS	19	0.0077
stock_b5000_frag	AAAAAABNPS	19	0.0094
bug2only_b5000_frag	AAAAAABNPS	26	0.0077
bug1only_b5000_frag	AAAAAABNPS	17	0.0094
stock_b2000_frag	AAAAAABNRJ	0	0.0288
fix_b2000_frag	AAAAAABNRJ	0	0.0288
fix_b5000_frag	AAAAAABNRJ	0	0.0288
stock_b5000_frag	AAAAAABNRJ	0	0.0353
bug2only_b5000_frag	AAAAAABNRJ	0	0.0288
bug1only_b5000_frag	AAAAAABNRJ	0	0.0353
stock_b2000_frag	AAAAAABNSS	2	0.2633
fix_b2000_frag	AAAAAABNSS	2	0.2633
fix_b5000_frag	AAAAAABNSS	2	0.2620
stock_b5000_frag	AAAAAABNSS	2	0.3155
bug2only_b5000_frag	AAAAAABNSS	2	0.2620
bug1only_b5000_frag	AAAAAABNSS	2	0.3155
stock_b2000_frag	AAAAAABNTL	6	0.0306
fix_b2000_frag	AAAAAABNTL	6	0.0306
fix_b5000_frag	AAAAAABNTL	6	0.0307
stock_b5000_frag	AAAAAABNTL	1	0.0352
bug2only_b5000_frag	AAAAAABNTL	6	0.0307
bug1only_b5000_frag	AAAAAABNTL	1	0.0352
stock_b2000_frag	AAAAAABNUB	14	0.0071
fix_b2000_frag	AAAAAABNUB	11	0.0071
fix_b5000_frag	AAAAAABNUB	15	0.0071
stock_b5000_frag	AAAAAABNUB	51	1.0000
bug2only_b5000_frag	AAAAAABNUB	5	0.0071
bug1only_b5000_frag	AAAAAABNUB	51	1.0000
stock_b2000_frag	AAAAAABNUT	17	0.1323
fix_b2000_frag	AAAAAABNUT	17	0.1323
fix_b5000_frag	AAAAAABNUT	17	0.0645
stock_b5000_frag	AAAAAABNUT	22	0.5001
bug2only_b5000_frag	AAAAAABNUT	17	0.0645
bug1only_b5000_frag	AAAAAABNUT	22	0.5001
stock_b2000_frag	AAAAAABNVK	12	0.0012
fix_b2000_frag	AAAAAABNVK	67	0.0012
fix_b5000_frag	AAAAAABNVK	108	0.0012
stock_b5000_frag	AAAAAABNVK	120	0.8461
bug2only_b5000_frag	AAAAAABNVK	69	0.0012
bug1only_b5000_frag	AAAAAABNVK	120	0.8461
stock_b2000_frag	AAAAAABOBE	17	0.0128
fix_b2000_frag	AAAAAABOBE	17	0.0128
fix_b5000_frag	AAAAAABOBE	10	0.0127
stock_b5000_frag	AAAAAABOBE	37	0.1240
bug2only_b5000_frag	AAAAAABOBE	10	0.0127
bug1only_b5000_frag	AAAAAABOBE	37	0.1240
stock_b2000_frag	AAAAAABODG	8	0.0028
fix_b2000_frag	AAAAAABODG	8	0.0028
fix_b5000_frag	AAAAAABODG	28	0.0028
stock_b5000_frag	AAAAAABODG	46	0.9993
bug2only_b5000_frag	AAAAAABODG	54	0.0028
bug1only_b5000_frag	AAAAAABODG	46	0.9993
stock_b2000_frag	AAAAAABODL	8	0.0194
fix_b2000_frag	AAAAAABODL	6	0.0194
fix_b5000_frag	AAAAAABODL	7	0.0209
stock_b5000_frag	AAAAAABODL	48	0.5004
bug2only_b5000_frag	AAAAAABODL	10	0.0209
bug1only_b5000_frag	AAAAAABODL	48	0.5004
stock_b2000_frag	AAAAAABOEE	79	0.0014
fix_b2000_frag	AAAAAABOEE	44	0.0014
fix_b5000_frag	AAAAAABOEE	57	0.0014
stock_b5000_frag	AAAAAABOEE	56	0.0022
bug2only_b5000_frag	AAAAAABOEE	44	0.0014
bug1only_b5000_frag	AAAAAABOEE	60	0.0022
stock_b2000_frag	AAAAAABOES	18	0.0067
fix_b2000_frag	AAAAAABOES	12	0.0067
fix_b5000_frag	AAAAAABOES	13	0.0067
stock_b5000_frag	AAAAAABOES	7	0.5001
bug2only_b5000_frag	AAAAAABOES	19	0.0067
bug1only_b5000_frag	AAAAAABOES	7	0.5001
stock_b2000_frag	AAAAAABOFI	0	1.0000
fix_b2000_frag	AAAAAABOFI	0	1.0000
fix_b5000_frag	AAAAAABOFI	0	1.0000
stock_b5000_frag	AAAAAABOFI	0	1.0000
bug2only_b5000_frag	AAAAAABOFI	0	1.0000
bug1only_b5000_frag	AAAAAABOFI	0	1.0000
stock_b2000_frag	AAAAAABOGC	0	0.8761
fix_b2000_frag	AAAAAABOGC	0	0.8761
fix_b5000_frag	AAAAAABOGC	0	0.8484
stock_b5000_frag	AAAAAABOGC	0	0.9282
bug2only_b5000_frag	AAAAAABOGC	0	0.8484
bug1only_b5000_frag	AAAAAABOGC	0	0.9282
stock_b2000_frag	AAAAAABOGX	16	0.0035
fix_b2000_frag	AAAAAABOGX	16	0.0035
fix_b5000_frag	AAAAAABOGX	16	0.0035
stock_b5000_frag	AAAAAABOGX	10	0.0437
bug2only_b5000_frag	AAAAAABOGX	16	0.0035
bug1only_b5000_frag	AAAAAABOGX	14	0.0437
stock_b2000_frag	AAAAAABOIX	14	0.0031
fix_b2000_frag	AAAAAABOIX	16	0.0031
fix_b5000_frag	AAAAAABOIX	22	0.0031
stock_b5000_frag	AAAAAABOIX	9	0.0706
bug2only_b5000_frag	AAAAAABOIX	14	0.0031
bug1only_b5000_frag	AAAAAABOIX	9	0.0706
stock_b2000_frag	AAAAAABOJA	57	0.0006
fix_b2000_frag	AAAAAABOJA	21	0.0006
fix_b5000_frag	AAAAAABOJA	49	0.0006
stock_b5000_frag	AAAAAABOJA	70	1.0000
bug2only_b5000_frag	AAAAAABOJA	81	0.0006
bug1only_b5000_frag	AAAAAABOJA	70	1.0000
stock_b2000_frag	AAAAAABOJU	4	0.0589
fix_b2000_frag	AAAAAABOJU	1	0.0589
fix_b5000_frag	AAAAAABOJU	1	0.0589
stock_b5000_frag	AAAAAABOJU	3	0.0589
bug2only_b5000_frag	AAAAAABOJU	2	0.0589
bug1only_b5000_frag	AAAAAABOJU	6	0.0589
stock_b2000_frag	AAAAAABOLV	16	0.0072
fix_b2000_frag	AAAAAABOLV	34	0.0072
fix_b5000_frag	AAAAAABOLV	34	0.0072
stock_b5000_frag	AAAAAABOLV	25	1.0000
bug2only_b5000_frag	AAAAAABOLV	33	0.0072
bug1only_b5000_frag	AAAAAABOLV	25	1.0000
stock_b2000_frag	AAAAAABOLZ	50	0.0034
fix_b2000_frag	AAAAAABOLZ	40	0.0034
fix_b5000_frag	AAAAAABOLZ	6	0.0034
stock_b5000_frag	AAAAAABOLZ	30	0.0060
bug2only_b5000_frag	AAAAAABOLZ	82	0.0034
bug1only_b5000_frag	AAAAAABOLZ	86	0.0060
stock_b2000_frag	AAAAAABOMU	22	0.0038
fix_b2000_frag	AAAAAABOMU	19	0.0038
fix_b5000_frag	AAAAAABOMU	22	0.0038
stock_b5000_frag	AAAAAABOMU	22	0.0044
bug2only_b5000_frag	AAAAAABOMU	22	0.0038
bug1only_b5000_frag	AAAAAABOMU	13	0.0044
stock_b2000_frag	AAAAAABONI	13	0.0156
fix_b2000_frag	AAAAAABONI	20	0.0156
fix_b5000_frag	AAAAAABONI	14	0.0155
stock_b5000_frag	AAAAAABONI	29	1.0000
bug2only_b5000_frag	AAAAAABONI	11	0.0155
bug1only_b5000_frag	AAAAAABONI	29	1.0000
stock_b2000_frag	AAAAAABONZ	8	0.0013
fix_b2000_frag	AAAAAABONZ	56	0.0013
fix_b5000_frag	AAAAAABONZ	13	0.0013
stock_b5000_frag	AAAAAABONZ	3	0.4741
bug2only_b5000_frag	AAAAAABONZ	38	0.0013
bug1only_b5000_frag	AAAAAABONZ	3	0.4741
stock_b2000_frag	AAAAAABOPP	3	0.0573
fix_b2000_frag	AAAAAABOPP	3	0.0573
fix_b5000_frag	AAAAAABOPP	3	0.0553
stock_b5000_frag	AAAAAABOPP	3	0.0582
bug2only_b5000_frag	AAAAAABOPP	3	0.0553
bug1only_b5000_frag	AAAAAABOPP	3	0.0582
stock_b2000_frag	AAAAAABOPT	15	0.0025
fix_b2000_frag	AAAAAABOPT	20	0.0025
fix_b5000_frag	AAAAAABOPT	21	0.0025
stock_b5000_frag	AAAAAABOPT	22	1.0000
bug2only_b5000_frag	AAAAAABOPT	21	0.0025
bug1only_b5000_frag	AAAAAABOPT	22	1.0000
stock_b2000_frag	AAAAAABOSP	1	0.1219
fix_b2000_frag	AAAAAABOSP	1	0.1219
fix_b5000_frag	AAAAAABOSP	1	0.1375
stock_b5000_frag	AAAAAABOSP	66	0.0667
bug2only_b5000_frag	AAAAAABOSP	1	0.1375
bug1only_b5000_frag	AAAAAABOSP	66	0.0667
stock_b2000_frag	AAAAAABOTO	23	0.0007
fix_b2000_frag	AAAAAABOTO	87	0.0007
fix_b5000_frag	AAAAAABOTO	16	0.0007
stock_b5000_frag	AAAAAABOTO	74	0.0009
bug2only_b5000_frag	AAAAAABOTO	57	0.0007
bug1only_b5000_frag	AAAAAABOTO	74	0.0009
stock_b2000_frag	AAAAAABOUC	110	0.0008
fix_b2000_frag	AAAAAABOUC	134	0.0008
fix_b5000_frag	AAAAAABOUC	81	0.0008
stock_b5000_frag	AAAAAABOUC	115	1.0000
bug2only_b5000_frag	AAAAAABOUC	25	0.0008
bug1only_b5000_frag	AAAAAABOUC	115	1.0000
stock_b2000_frag	AAAAAABOUW	5	0.0326
fix_b2000_frag	AAAAAABOUW	5	0.0326
fix_b5000_frag	AAAAAABOUW	5	0.0326
stock_b5000_frag	AAAAAABOUW	1	0.2500
bug2only_b5000_frag	AAAAAABOUW	5	0.0326
bug1only_b5000_frag	AAAAAABOUW	1	0.2500
stock_b2000_frag	AAAAAABOVC	71	0.0015
fix_b2000_frag	AAAAAABOVC	71	0.0015
fix_b5000_frag	AAAAAABOVC	71	0.0015
stock_b5000_frag	AAAAAABOVC	8	0.3335
bug2only_b5000_frag	AAAAAABOVC	71	0.0015
bug1only_b5000_frag	AAAAAABOVC	8	0.3335
